timestamp,bitcoin_open,bitcoin_close,bitcoin_high,bitcoin_low,bitcoin_total_volume,bitcoin_market_cap,signal,label,barrier_touched,return_at_barrier,bitcoin_close_topo_num_holes_0,bitcoin_close_topo_betti_0,bitcoin_close_topo_max_hole_lifetime_0,bitcoin_close_topo_avg_hole_lifetime_0,bitcoin_close_topo_l1_norm_0,bitcoin_close_topo_l2_norm_0,bitcoin_close_topo_sum_hole_lifetimes_0,bitcoin_close_topo_persistence_entropy_0,bitcoin_close_topo_std_persistence_0,bitcoin_close_topo_wasserstein_0,bitcoin_close_topo_num_holes_1,bitcoin_close_topo_betti_1,bitcoin_close_topo_max_hole_lifetime_1,bitcoin_close_topo_avg_hole_lifetime_1,bitcoin_close_topo_l1_norm_1,bitcoin_close_topo_l2_norm_1,bitcoin_close_topo_sum_hole_lifetimes_1,bitcoin_close_topo_persistence_entropy_1,bitcoin_close_topo_std_persistence_1,bitcoin_close_topo_wasserstein_1,bitcoin_log_return_1,strategy_returns,position_change,transaction_cost,strategy_returns_gross,meta_prediction
2020-01-01,7193.96,7193.75,7239.84,7174.58,18123516838.8979,130422953817.668,0.0,0.0,upper,0.0725,41.0,41.0,1.0711945295333862,0.42939485282432743,17.605188965797424,3.212882922148654,17.605188965797424,3.539218224906072,0.2595981484826968,0.8521996326744556,5.0,5.0,0.20313283801078796,0.08088414669036866,0.40442073345184326,0.23345699194765723,0.40442073345184326,1.3024717169907145,0.06601657543390617,0.21937708984711365,-0.00019459444494260061,-0.0,0,0.0,-0.0,0.0
2020-01-02,7194.41,6963.85,7203.05,6953.31,20313194628.09452,126280790200.20206,0.0,0.0,upper,0.0472,41.0,41.0,1.1570398807525635,0.45141903965211494,18.508180625736713,3.3448230696122745,18.508180625736713,3.550749008099231,0.26285933562029834,1.137938030064106,5.0,5.0,0.2194119095802307,0.08736620545387268,0.4368310272693634,0.25216624669952603,0.4368310272693634,1.3024716896418231,0.0713071478850259,0.23056653059291185,-0.032480111159292016,0.0,0,0.0,0.0,0.0
2020-01-03,6963.31,7300.35,7371.04,6891.25,31015776262.21867,132766262579.09486,0.0,0.0,upper,0.0578,41.0,41.0,1.2667146921157837,0.4850172051569311,19.885705411434174,3.6330329278164473,19.885705411434174,3.535322337263805,0.29442043081656516,1.56712257117033,4.0,4.0,0.24020975828170776,0.11340315639972687,0.45361262559890747,0.27496837053862044,0.45361262559890747,1.15928113454255,0.07772789279110237,0.27724825285231197,0.047189809881726635,-0.0,0,0.0,-0.0,0.0
2020-01-04,7319.41,7351.38,7376.23,7269.76,20611640058.34164,133474716218.18333,0.0,0.0,upper,0.1028,41.0,41.0,1.3784136772155762,0.5063839438484936,20.76174169778824,3.8141080422768994,20.76174169778824,3.5317107890854196,0.3136724840040299,1.1592407822608948,4.0,4.0,0.20055484771728516,0.10819388926029205,0.4327755570411682,0.24784352699562193,0.4327755570411682,1.224120591004558,0.06042090528235283,0.22277739661587084,0.006965758492512528,-0.0,0,0.0,-0.0,0.0
2020-01-05,7348.62,7349.97,7473.64,7330.32,21929224570.56102,133388991086.87987,0.0,0.0,upper,0.051,41.0,41.0,1.4162040948867798,0.5321781478095345,21.819304060190916,3.973534898732175,21.819304060190916,3.5403984935014545,0.3191919206369864,1.1379679255187511,4.0,4.0,0.12260085344314575,0.09545689821243286,0.38182759284973145,0.20360199127226955,0.38182759284973145,1.3028888781928694,0.03537546178030136,0.32806175184715675,-0.0001918191192405128,0.0,0,0.0,0.0,0.0
2020-01-06,7350.06,7734.68,7752.96,7349.44,28148518761.51164,140557168287.4443,1.0,1.0,upper,0.056,41.0,41.0,1.4742876291275024,0.5914725270576593,24.250373609364033,4.346905789241859,24.250373609364033,3.555637102730343,0.3332090891112927,2.427175699205165,5.0,5.0,0.3073629140853882,0.14852088689804077,0.7426044344902039,0.3851427086040923,0.7426044344902039,1.4418711020238617,0.0872268728844427,0.5281459739870099,0.05101788119117712,-0.001,1,0.001,-0.0,1.0
2020-01-07,7734.45,8147.42,8147.42,7734.45,34823187724.289955,147798610895.50055,1.0,1.0,time,0.0029,41.0,41.0,1.974310040473938,0.6176821208763413,25.324966955929995,4.672934234519823,25.324966955929995,3.531137255098672,0.38866673477933616,1.0745933465659618,5.0,5.0,0.31098103523254395,0.15026923418045043,0.7513461709022522,0.38967645966038966,0.7513461709022522,1.441871258050261,0.08825364525905999,0.07222528411075742,0.051987199943561734,0.051987199943561734,0,0.0,0.051987199943561734,1.0
2020-01-08,8138.67,8045.79,8388.78,7899.66,39971512000.06816,146089575425.2795,1.0,1.0,time,0.008,41.0,41.0,1.9419704675674438,0.6133094313668042,25.14568668603897,4.677804642342088,25.14568668603897,3.527893167885302,0.39693242864082373,1.2028534524142742,5.0,5.0,0.31672203540802,0.15304332971572876,0.7652166485786438,0.39687022355498547,0.7652166485786438,1.441871243082123,0.0898828910218155,0.11460009815504996,-0.012552339456942431,-0.012552339456942431,0,0.0,-0.012552339456942431,1.0
2020-01-09,8027.56,7832.8,8038.98,7778.17,29276053440.88472,141913856953.47913,1.0,1.0,upper,0.1166,41.0,41.0,1.333661675453186,0.5971010405479408,24.481142662465572,4.295278163552892,24.481142662465572,3.5786395160414943,0.3057058503606368,2.2312897071242332,5.0,5.0,0.3316737413406372,0.16026811599731444,0.8013405799865723,0.41560549483361225,0.8013405799865723,1.441871125745772,0.09412606685636928,0.29846547781387356,-0.026828928203834104,-0.026828928203834104,0,0.0,-0.026828928203834104,1.0
2020-01-10,7826.99,8180.51,8180.51,7688.29,35777298156.26295,146879934259.3087,1.0,1.0,upper,0.0732,41.0,41.0,1.6336461305618286,0.568258903375486,23.298615038394928,4.1893632938481895,23.298615038394928,3.5569063887957793,0.324267255627381,1.920354925096035,4.0,4.0,0.13870257139205933,0.10799366235733032,0.4319746494293213,0.23034192758002053,0.4319746494293213,1.3028887952489316,0.04002149161351674,0.5980789740983623,0.043434450801690144,0.043434450801690144,0,0.0,0.043434450801690144,1.0
2020-01-11,8151.94,8012.09,8217.85,8002.02,31504583511.03613,145561586658.57422,1.0,1.0,upper,0.094,41.0,41.0,1.8536912202835083,0.5767329240717539,23.64604988694191,4.424879224726711,23.64604988694191,3.517966044047,0.38069578980468366,1.7932409346103668,3.0,3.0,0.126950204372406,0.09284927447636922,0.27854782342910767,0.1746663983499227,0.27854782342910767,0.99453612166274,0.039350507833103565,0.2640813463825805,-0.020802844968659494,-0.020802844968659494,0,0.0,-0.020802844968659494,1.0
2020-01-12,7983.41,8171.4,8171.4,7972.94,27533390875.51989,148204228775.38776,1.0,1.0,upper,0.0743,41.0,41.0,1.541837215423584,0.537291506441628,22.02895176410675,4.075526820018921,22.02895176410675,3.526870151963255,0.3412298482221677,1.6231928169727325,2.0,2.0,0.10644274950027466,0.0708456039428711,0.1416912078857422,0.11212721676618151,0.1416912078857422,0.5609793181612057,0.035597145557403564,0.21083299648929466,0.019688601930074504,0.019688601930074504,0,0.0,0.019688601930074504,1.0
2020-01-13,8160.01,8110.65,8164.32,8054.45,27962176780.628242,147446058196.45944,1.0,1.0,upper,0.0818,41.0,41.0,1.405365228652954,0.5119427489798244,20.989652708172798,3.8381979911903383,20.989652708172798,3.537637138608413,0.31181073496530504,1.0392990559339523,1.0,1.0,0.03415793180465698,0.03415793180465698,0.03415793180465698,0.03415793180465698,0.03415793180465698,-0.0,0.0,0.10160791130348107,-0.007462239939709934,-0.007462239939709934,0,0.0,-0.007462239939709934,1.0
2020-01-14,8099.45,8801.87,8832.87,8099.13,55384169405.51928,159481192213.82108,1.0,0.0,time,-0.0127,41.0,41.0,1.9508196115493774,0.4787687780108394,19.629519898444414,3.8212289884123614,19.629519898444414,3.4833097255794296,0.35626072006687404,2.4512807093560696,1.0,1.0,0.029554784297943115,0.029554784297943115,0.029554784297943115,0.029554784297943115,0.029554784297943115,-0.0,0.0,0.04505169360396198,0.08178618602811422,0.08178618602811422,0,0.0,0.08178618602811422,1.0
2020-01-15,8795.71,8820.85,8859.04,8570.39,48160401007.254,159960761751.8495,1.0,0.0,time,-0.0217,41.0,41.0,1.7473928928375244,0.45012675634608035,18.455197010189295,3.5732298598408714,18.455197010189295,3.484229177985733,0.3298482157707865,1.2827424854040146,1.0,1.0,0.026472896337509155,0.026472896337509155,0.026472896337509155,0.026472896337509155,0.026472896337509155,-0.0,0.0,0.039617552911482626,0.0021540383480806754,0.0021540383480806754,0,0.0,0.0021540383480806754,1.0
2020-01-16,8821.03,8720.92,8845.85,8585.49,36462155571.2176,158412991117.64667,1.0,1.0,time,0.0004,41.0,41.0,1.6157222986221313,0.41665309703931575,17.082776978611946,3.265271389397017,17.082776978611946,3.499555075933624,0.2940219550556301,1.4149584658443928,1.0,1.0,0.024478107690811157,0.024478107690811157,0.024478107690811157,0.024478107690811157,0.024478107690811157,-0.0,0.0,0.036027800456688464,-0.011393500314487973,-0.011393500314487973,0,0.0,-0.011393500314487973,1.0
2020-01-17,8737.33,8902.57,8952.26,8660.3,41671910798.34088,161848747742.1508,1.0,0.0,time,-0.027,41.0,41.0,1.4856185913085938,0.38520117594701486,15.79324821382761,3.0124660397647767,15.79324821382761,3.5008751108844085,0.2701117138693342,1.3387907519936562,2.0,2.0,0.08217287063598633,0.052339956164360046,0.10467991232872009,0.08519945771140214,0.10467991232872009,0.5205170304562028,0.029832914471626282,0.09132851180043858,0.020615262155898848,0.020615262155898848,0,0.0,0.020615262155898848,1.0
2020-01-18,8883.98,8906.9,8950.64,8805.15,36801813631.51236,161823609428.34625,1.0,0.0,time,-0.0567,41.0,41.0,1.387182593345642,0.3817438324231927,15.6514971293509,3.0560019190999723,15.6514971293509,3.47307026834418,0.28645372640499867,1.1447015143930912,2.0,2.0,0.07672810554504395,0.04887193441390991,0.09774386882781982,0.07955416071387514,0.09774386882781982,0.5205174009193712,0.027856171131134033,0.11747139301638285,0.0004862581632488282,0.0004862581632488282,0,0.0,0.0004862581632488282,1.0
2020-01-19,8905.12,8690.38,9167.74,8544.89,39242297095.94223,157906057309.30655,1.0,0.0,time,-0.0302,41.0,41.0,1.3290765285491943,0.3681037005763955,15.092251723632216,2.9463577953575277,15.092251723632216,3.4714075128208157,0.2761013665377516,0.7018714528530836,2.0,2.0,0.05495959520339966,0.0375475138425827,0.0750950276851654,0.058531980541831126,0.0750950276851654,0.5813927225685188,0.017412081360816956,0.062267995257325584,-0.024609590517258157,-0.024609590517258157,0,0.0,-0.024609590517258157,1.0
2020-01-20,8690.27,8631.25,8728.03,8524.91,29527689342.88548,156848009983.54858,1.0,0.0,time,-0.0333,41.0,41.0,1.2855485677719116,0.35641621880051566,14.613064970821142,2.8130936117697365,14.613064970821142,3.4851799954569347,0.2568648836518855,0.6048144195228815,2.0,2.0,0.05315965414047241,0.03631782531738281,0.07263565063476562,0.05661504453570947,0.07263565063476562,0.5813927698438678,0.0168418288230896,0.05467822510563361,-0.006827328569251031,-0.006827328569251031,0,0.0,-0.006827328569251031,1.0
2020-01-21,8631.41,8724.82,8760.28,8515.56,27057681779.746685,158564958350.98007,1.0,0.0,time,-0.0149,41.0,41.0,1.2429183721542358,0.34540759435877566,14.161711368709803,2.7131826188643338,14.161711368709803,3.494015371790689,0.24543626003994157,0.5854672715067863,2.0,2.0,0.051396846771240234,0.03511349856853485,0.0702269971370697,0.05473765085227987,0.0702269971370697,0.5813926661693036,0.016283348202705383,0.05355047777514307,0.010782499327723639,0.010782499327723639,0,0.0,0.010782499327723639,1.0
2020-01-22,8718.03,8665.44,8776.03,8613.93,25628542094.50134,157502652064.02246,1.0,1.0,time,0.0244,41.0,41.0,1.2111927270889282,0.36185801020119246,14.836178418248892,2.84945851752103,14.836178418248892,3.4947585535965433,0.2590236754249068,0.8603588566184044,2.0,2.0,0.05008494853973389,0.0342172235250473,0.0684344470500946,0.05334047399310885,0.0684344470500946,0.581392509720305,0.015867725014686584,0.03985261111229081,-0.0068291366288682955,-0.0068291366288682955,0,0.0,-0.0068291366288682955,1.0
2020-01-23,8665.85,8415.96,8670.01,8310.85,30696020541.207973,152984928858.5764,1.0,1.0,upper,0.1021,41.0,41.0,1.1990636587142944,0.3684729098728517,15.10738930478692,2.868012151545118,15.10738930478692,3.506785458401681,0.25465567397018724,0.41815049201250076,1.0,1.0,0.049583375453948975,0.049583375453948975,0.049583375453948975,0.049583375453948975,0.049583375453948975,-0.0,0.0,0.023772623927490397,-0.029212797741972586,-0.029212797741972586,0,0.0,-0.029212797741972586,1.0
2020-01-24,8415.12,8432.1,8504.82,8238.24,30691734305.128674,153294353936.51035,0.0,1.0,upper,0.1002,41.0,41.0,1.1844819784164429,0.3615254442684534,14.82254321500659,2.7966436211640153,14.82254321500659,3.5125108273610213,0.24507286237619758,0.2917104586958885,1.0,1.0,0.04898041486740112,0.04898041486740112,0.04898041486740112,0.04898041486740112,0.04898041486740112,-0.0,0.0,0.012980815285206837,0.001915948178876803,0.0009159481788768029,1,0.001,0.001915948178876803,0.0
2020-01-25,8431.4,8348.67,8431.4,8285.25,26582198966.298725,151794495723.25214,0.0,1.0,upper,0.0616,41.0,41.0,1.1727229356765747,0.3608171621837267,14.793503649532795,2.77680035438134,14.793503649532795,3.5201150765589446,0.24057199127938703,0.2277306355535984,1.0,1.0,0.04849410057067871,0.04849410057067871,0.04849410057067871,0.04849410057067871,0.04849410057067871,-0.0,0.0,0.010468141179814122,-0.009943606572221824,-0.0,0,0.0,-0.0,0.0
2020-01-26,8346.73,8595.73,8598.31,8310.78,30241155463.270596,156302144661.30927,0.0,1.0,upper,0.081,41.0,41.0,1.1522455215454102,0.35983468201465724,14.753221962600946,2.754087491154015,14.753221962600946,3.52484703895797,0.23562459680119988,0.34314218536019325,1.0,1.0,0.04764735698699951,0.04764735698699951,0.04764735698699951,0.04764735698699951,0.04764735698699951,-0.0,0.0,0.0182293279175018,0.029163323589837756,0.0,0,0.0,0.0,0.0
2020-01-27,8597.06,8879.34,8955.0,8564.29,39661537339.92209,161473602737.4275,1.0,1.0,upper,0.0686,41.0,41.0,1.1195982694625854,0.3557602652325863,14.586170874536037,2.7280034303314853,14.586170874536037,3.5202116274606086,0.23440754050384782,0.5439754240214825,3.0,3.0,0.04629737138748169,0.03493694464365641,0.10481083393096924,0.06467554989344454,0.10481083393096924,1.018046430572633,0.013180243433736926,0.0704385129144216,0.032461661588723975,-0.001,1,0.001,0.0,1.0
2020-01-28,8878.39,9320.81,9332.08,8878.39,49812761504.1306,169518428144.8912,1.0,1.0,time,0.0019,41.0,41.0,1.0678904056549072,0.3411231099105463,13.986047506332397,2.618851435184295,13.986047506332397,3.5182680758777947,0.22563832590740207,0.6323706731200218,3.0,3.0,0.0441591739654541,0.03332340717315674,0.09997022151947021,0.06168855511348052,0.09997022151947021,1.0180464710142274,0.012571521190173471,0.1240502524121789,0.048522304874735384,0.048522304874735384,0,0.0,0.048522304874735384,1.0
2020-01-29,9336.81,9276.89,9388.92,9228.95,47273353143.75747,168738228801.50467,1.0,1.0,time,0.0034,41.0,41.0,1.030569314956665,0.33014432876938726,13.535917479544878,2.5230724427155256,13.535917479544878,3.523682906483361,0.21510565530026016,0.5463654212653637,3.0,3.0,0.04261583089828491,0.03215877215067545,0.09647631645202637,0.059532571915896434,0.09647631645202637,1.0180465085815928,0.012132150677768046,0.10383492705569075,-0.0047231734729128545,-0.0047231734729128545,0,0.0,-0.0047231734729128545,1.0
2020-01-30,9276.19,9509.81,9570.22,9184.93,51037775414.9802,172993102966.37723,1.0,0.0,time,-0.0353,41.0,41.0,0.98834228515625,0.32146033989947015,13.179873935878277,2.4462187523855596,13.179873935878277,3.5263667851738023,0.2064319074684261,0.5253214500844479,3.0,3.0,0.04086965322494507,0.030841092268625896,0.09252327680587769,0.05709325422626583,0.09252327680587769,1.0180469600669897,0.011635015559069,0.11220099095380603,0.024797536068823237,0.024797536068823237,0,0.0,0.024797536068823237,1.0
2020-01-31,9505.25,9308.06,9511.61,9204.19,50102814005.68021,169340144566.23718,1.0,1.0,time,0.0301,41.0,41.0,0.9635332226753235,0.3227028366996021,13.230816304683685,2.4582767008117075,13.230816304683685,3.52082882559251,0.20798114269473525,0.5522065088152885,4.0,4.0,0.12463551759719849,0.05370907485485077,0.21483629941940308,0.13649931654146674,0.21483629941940308,1.1076812671373808,0.04211117585995339,0.1523355041010316,-0.021443205901042796,-0.021443205901042796,0,0.0,-0.021443205901042796,1.0
2020-02-01,9311.96,9363.22,9439.53,9285.88,48307978233.84802,170361167834.16483,1.0,1.0,time,0.0399,41.0,41.0,0.9398716688156128,0.31075291535476357,12.740869529545307,2.353420928584536,12.740869529545307,3.52757888297485,0.19626560628572431,0.48994677513837814,4.0,4.0,0.12157481908798218,0.052390143275260925,0.2095605731010437,0.1331472826914289,0.2095605731010437,1.1076816356298822,0.04107703262926197,0.10041549495515772,0.005908556936036987,0.005908556936036987,0,0.0,0.005908556936036987,1.0
2020-02-02,9357.81,9338.42,9456.88,9204.42,55025402183.682236,169926610304.08496,1.0,1.0,upper,0.0482,41.0,41.0,0.9251641035079956,0.3062189509410684,12.554976988583803,2.3259986739246656,12.554976988583803,3.522996847951837,0.1954168745095243,0.2642856426537037,4.0,4.0,0.11967241764068604,0.04881913959980011,0.19527655839920044,0.12828405564648201,0.19527655839920044,1.0676642333765913,0.041603982285505464,0.06470343777618429,-0.0026521753746731633,-0.0026521753746731633,0,0.0,-0.0026521753746731633,1.0
2020-02-03,9321.98,9308.91,9575.81,9240.22,56824765307.81458,169406963182.6937,1.0,1.0,upper,0.0514,41.0,41.0,0.9142007827758789,0.30921054849537405,12.677632488310337,2.3253646154057774,12.677632488310337,3.5342789592491135,0.19045919473658507,0.3177567534148693,4.0,4.0,0.11825424432754517,0.048240646719932556,0.19296258687973022,0.12676385879032126,0.19296258687973022,1.067665051599863,0.04111093501607313,0.050793661377966814,-0.0031650670240796425,-0.0031650670240796425,0,0.0,-0.0031650670240796425,1.0
2020-02-04,9303.21,9179.96,9332.49,9085.8,55377658455.62325,167075369075.11478,1.0,1.0,upper,0.0597,41.0,41.0,0.916240930557251,0.3208026447128959,13.152908433228731,2.420714436576263,13.152908433228731,3.52684346353652,0.20002259460190533,0.4752759449183941,5.0,5.0,0.11851811408996582,0.061421644687652585,0.30710822343826294,0.17050514379575607,0.30710822343826294,1.3314356325874144,0.04518608608881775,0.08986089215069211,-0.013949158700021096,-0.013949158700021096,0,0.0,-0.013949158700021096,1.0
2020-02-05,9182.73,9592.18,9694.36,9160.11,65675565620.91084,174596806174.2994,1.0,1.0,upper,0.0564,41.0,41.0,0.9175504446029663,0.3228916404995976,13.238557260483503,2.4436353649916702,13.238557260483503,3.5238069515575114,0.20342999786902166,0.08564882725477219,5.0,5.0,0.11868751049041748,0.06150943040847778,0.3075471520423889,0.17074884630500098,0.3075471520423889,1.3314355376668245,0.045250675947685004,0.0078079967944796195,0.04392533586274144,0.04392533586274144,0,0.0,0.04392533586274144,1.0
2020-02-06,9585.98,9744.64,9842.37,9513.03,71141695218.03949,177388314197.5645,1.0,1.0,upper,0.0483,41.0,41.0,0.895980715751648,0.3147035826270173,12.90284688770771,2.3840942939770606,12.90284688770771,3.522621331444131,0.1989811524917349,0.3357103727757931,5.0,5.0,0.11589741706848145,0.06006348133087158,0.3003174066543579,0.1667349035328163,0.3003174066543579,1.3314358017360148,0.044186919123599844,0.12120534145976838,0.015769207068428836,0.015769207068428836,0,0.0,0.015769207068428836,1.0
2020-02-07,9757.21,9799.45,9845.58,9726.36,69495711755.62915,178414902529.15167,1.0,1.0,upper,0.0526,41.0,41.0,0.8798636198043823,0.3134454283409002,12.85126256197691,2.356249980167549,12.85126256197691,3.532263261819817,0.19278096192939567,0.304143451154232,5.0,5.0,0.11381268501281738,0.05898305177688599,0.29491525888442993,0.1637356580562299,0.29491525888442993,1.331435789755416,0.04339208161527301,0.09493971017457006,0.005608871397021804,0.005608871397021804,0,0.0,0.005608871397021804,1.0
2020-02-08,9806.27,9890.7,9913.44,9641.16,71561797135.19986,180081607384.42255,1.0,1.0,upper,0.0434,41.0,41.0,0.8637281656265259,0.31281089619165514,12.82524674385786,2.326228985658343,12.82524674385786,3.549259751219114,0.1847519342709899,0.34537383913993835,5.0,5.0,0.11172550916671753,0.05790138244628906,0.2895069122314453,0.16073296251936908,0.2895069122314453,1.3314357945319795,0.04259632564974531,0.09469150968096117,0.009268660041519546,0.009268660041519546,0,0.0,0.009268660041519546,1.0
2020-02-09,9889.45,10148.38,10148.38,9889.05,78110955304.52135,184792100015.16357,1.0,1.0,time,0.0168,41.0,41.0,0.8435831665992737,0.31533745221975373,12.928835541009903,2.3297919663509465,12.928835541009903,3.5546327497178685,0.18152366954464855,0.3832564875483513,4.0,4.0,0.10911965370178223,0.06447632610797882,0.2579053044319153,0.155004926284064,0.2579053044319153,1.1334328998230356,0.043005059756958806,0.11323336017141575,0.025719165143944563,0.025719165143944563,0,0.0,0.025719165143944563,1.0
2020-02-10,10156.02,9890.12,10175.39,9771.54,81406687324.35088,180145850760.05313,1.0,1.0,time,0.0004,41.0,41.0,0.8289465308189392,0.31255531147485827,12.814767770469189,2.2973719457791524,12.814767770469189,3.5599473715669694,0.1761785489334486,0.31518951803445816,5.0,5.0,0.10722637176513672,0.05161095857620239,0.25805479288101196,0.1523856802000306,0.25805479288101196,1.2029511393227892,0.044503798274425084,0.07696078139280033,-0.025777807808926714,-0.025777807808926714,0,0.0,-0.025777807808926714,1.0
2020-02-11,9880.45,10226.93,10276.86,9717.91,38930644711.90421,186262984851.99295,1.0,0.0,time,-0.0281,41.0,41.0,0.8101575970649719,0.3090772014565584,12.672165259718895,2.256635382636798,12.672165259718895,3.568849573036142,0.16934060606056875,0.3307555094361305,5.0,5.0,0.10479599237442017,0.05044115781784057,0.2522057890892029,0.1489317054444769,0.2522057890892029,1.2029520497311967,0.04349505920579699,0.09578260927268523,0.03348815814432289,0.03348815814432289,0,0.0,0.03348815814432289,1.0
2020-02-12,10228.71,10328.9,10383.85,10210.85,45456624047.83392,188132988212.86746,0.0,0.0,lower,-0.0604,41.0,41.0,0.7939146161079407,0.3071590658368134,12.593521699309349,2.23375693297997,12.593521699309349,3.5725127963612295,0.16538614644555868,0.3561038374900818,5.0,5.0,0.10269492864608765,0.04942988157272339,0.24714940786361694,0.14594579755489728,0.24714940786361694,1.2029522331846219,0.04262302162556701,0.08548652691422258,0.009921354324817083,0.008921354324817082,1,0.001,0.009921354324817083,0.0
2020-02-13,10328.39,10221.26,10454.25,10113.01,54151236617.55855,186190344916.03287,0.0,0.0,lower,-0.0499,41.0,41.0,0.7863269448280334,0.306257546856636,12.556559421122074,2.2285403694911468,12.556559421122074,3.5711915234388094,0.16534156023504418,0.15881026536226273,5.0,5.0,0.10171341896057129,0.04895743727684021,0.24478718638420105,0.14455089756260878,0.24478718638420105,1.20295173931865,0.042215657433177796,0.044658316187787525,-0.010475926650809575,-0.0,0,0.0,-0.0,0.0
2020-02-14,10223.05,10320.16,10364.73,10118.42,50206573483.049774,187680301470.73926,0.0,0.0,lower,-0.0422,41.0,41.0,0.7792311906814575,0.3095029768783872,12.689622052013874,2.231171151707454,12.689622052013874,3.5830987634179254,0.16007992726589662,0.27432531118392944,5.0,5.0,0.10079556703567505,0.04851566553115845,0.24257832765579224,0.14324651995320528,0.24257832765579224,1.2029520521048294,0.04183471398025295,0.04210918736302817,0.009629398961710871,0.0,0,0.0,0.0,0.0
2020-02-15,10317.51,9894.14,10353.26,9840.68,51460340288.898056,180265718400.57037,0.0,0.0,time,-0.0293,41.0,41.0,0.7845059037208557,0.32014015807611185,13.125746481120586,2.2831090560950233,13.125746481120586,3.597054797907542,0.15699218628141787,0.4220210266116683,5.0,5.0,0.10147792100906372,0.04884408116340637,0.24422040581703186,0.1442162054797408,0.24422040581703186,1.2029518775765844,0.04211791210278039,0.03143405451688212,-0.04215660111390234,-0.0,0,0.0,-0.0,0.0
2020-02-16,9896.24,9943.67,10040.51,9666.52,42364906261.0548,181221481668.7407,0.0,0.0,time,-0.0276,41.0,41.0,0.7897711992263794,0.31430557406530146,12.88652853667736,2.2528530167006964,12.88652853667736,3.5927504189524386,0.15811688833358886,0.3066818043589592,5.0,5.0,0.10215890407562256,0.049171894788742065,0.24585947394371033,0.14518405020899702,0.24585947394371033,1.20295254595671,0.042400547754747164,0.03137828591738671,0.004993505121740295,0.0,0,0.0,0.0,0.0
2020-02-17,9934.92,9723.61,9946.32,9493.63,48517591137.467995,176547652266.39673,0.0,0.0,time,-0.0067,41.0,41.0,0.7994027733802795,0.3157897858721454,12.947381220757961,2.2622182717893127,12.947381220757961,3.594054121460388,0.15842061687622824,0.18806491047143936,5.0,5.0,0.10340481996536255,0.04977158308029175,0.24885791540145874,0.14695469622067267,0.24885791540145874,1.2029522919294557,0.042917666128805904,0.05504421781619739,-0.022379219119339776,-0.0,0,0.0,-0.0,0.0
2020-02-18,9722.14,10133.82,10204.28,9604.33,54648014949.72496,184918071499.10074,0.0,0.0,lower,-0.0522,41.0,41.0,0.8077153563499451,0.3197999938232143,13.111799746751785,2.2834664637857496,13.111799746751785,3.5987170119296192,0.1578101370211309,0.2327212169766426,5.0,5.0,0.1044800877571106,0.05028911828994751,0.25144559144973755,0.14848277715358144,0.25144559144973755,1.2029521243766768,0.04336394359220217,0.04843544067071705,0.041321396208929065,0.0,0,0.0,0.0,0.0
2020-02-19,10155.32,9618.41,10228.18,9580.01,50502739123.75383,175312937106.92148,1.0,1.0,time,0.0054,41.0,41.0,0.8308873176574707,0.3354377394042364,13.752947315573692,2.3960624010488734,13.752947315573692,3.597338669638533,0.1658575256966265,0.641147568821907,5.0,5.0,0.10747742652893066,0.05173181295394898,0.2586590647697449,0.15274245909552953,0.2586590647697449,1.2029521484062649,0.04460797339722506,0.11263627514516883,-0.05219937455464907,-0.001,1,0.001,-0.0,1.0
2020-02-20,9625.62,9608.17,9665.92,9483.53,53579139400.80847,174871048291.16623,1.0,0.0,time,-0.0277,41.0,41.0,0.8590124845504761,0.3340759451796369,13.697113752365112,2.3936663325853886,13.697113752365112,3.5948153289075035,0.1677514340528581,0.4566514641046524,5.0,5.0,0.1111154556274414,0.05348291397094727,0.26741456985473633,0.15791274723471152,0.26741456985473633,1.2029515753717182,0.04611794727672766,0.1324261794734557,-0.001065192142151273,-0.001065192142151273,0,0.0,-0.001065192142151273,1.0
2020-02-21,9601.62,9673.01,9739.71,9578.06,37678167400.71924,176701844101.55685,1.0,0.0,lower,-0.0944,41.0,41.0,0.9036045074462891,0.34479722798597523,14.136686347424984,2.479733035796993,14.136686347424984,3.5922243792922917,0.17633018247536772,0.5293507799506187,5.0,5.0,0.11688363552093506,0.05625927448272705,0.28129637241363525,0.16611018678469325,0.28129637241363525,1.2029516738427766,0.04851198682188056,0.17980175041452734,0.006725754795484582,0.006725754795484582,0,0.0,0.006725754795484582,1.0
2020-02-22,9668.09,9658.61,9691.25,9562.29,32555342237.084362,176097270350.4831,1.0,0.0,lower,-0.0929,41.0,41.0,0.9408507347106934,0.3545406751516389,14.536167681217194,2.557106853074952,14.536167681217194,3.5902461140631283,0.18380349755335598,0.5020500794053078,5.0,5.0,0.12170147895812988,0.05857822895050049,0.29289114475250244,0.17295709283856867,0.29289114475250244,1.2029516666932007,0.050511605455148614,0.1697299341889201,-0.001489787473927134,-0.001489787473927134,0,0.0,-0.001489787473927134,1.0
2020-02-23,9656.0,9946.72,9949.8,9653.46,38743680759.32858,181368043820.09412,1.0,0.0,lower,-0.0624,41.0,41.0,1.1258057355880737,0.37878017345579656,15.52998711168766,2.7587116441414095,15.52998711168766,3.5815310111196266,0.20529804173742378,0.9938194304704666,7.0,7.0,0.17283862829208374,0.07811927795410156,0.5468349456787109,0.2588701235874918,0.5468349456787109,1.6222310622356144,0.05891324101678431,0.33885626918712325,0.02939310305198382,0.02939310305198382,0,0.0,0.02939310305198382,1.0
2020-02-24,9946.6,9670.96,9969.09,9517.12,41928789500.12296,175872097740.40662,1.0,0.0,lower,-0.0942,41.0,41.0,0.8329436182975769,0.3750714350764344,15.377928838133812,2.646235006386033,15.377928838133812,3.610757777335426,0.17353834686940148,0.9358407557010651,7.0,7.0,0.18218785524368286,0.08234492370060512,0.5764144659042358,0.27287301115976675,0.5764144659042358,1.6222307315012545,0.06210000575637061,0.317237043350787,-0.02811526793402875,-0.02811526793402875,0,0.0,-0.02811526793402875,1.0
2020-02-25,9665.38,9345.34,9665.91,9311.3,39441760776.318504,170478976467.6238,1.0,0.0,lower,-0.0599,41.0,41.0,0.8675991296768188,0.39909623381568166,16.362945586442947,2.8056361412565924,16.362945586442947,3.6135096365578585,0.1808654128003359,0.9850167483091354,8.0,8.0,0.1897679567337036,0.08490995317697525,0.679279625415802,0.2949695139970912,0.679279625415802,1.792982672495773,0.06054896056039191,0.3393525827852383,-0.034249757311101095,-0.034249757311101095,0,0.0,-0.034249757311101095,1.0
2020-02-26,9332.97,8801.66,9374.85,8687.11,45140119229.636024,160731785487.8149,1.0,1.0,time,0.0118,41.0,41.0,0.9941564202308655,0.4237999476310683,17.375797852873802,3.01396210393802,17.375797852873802,3.6016343774887765,0.2048262406897286,1.0128522664308548,7.0,7.0,0.19360268115997314,0.09312732730593,0.65189129114151,0.29810818451285037,0.65189129114151,1.6667530991228836,0.06342554243872658,0.18377078492613544,-0.05993748328004498,-0.05993748328004498,0,0.0,-0.05993748328004498,1.0
2020-02-27,8806.42,8781.18,8954.05,8575.79,43045469000.97675,160149975301.41962,1.0,0.0,time,-0.0028,41.0,41.0,1.1214977502822876,0.4509059267073143,18.487142994999886,3.2495697393403136,18.487142994999886,3.5878029685502266,0.23288964970378487,1.1113451421260834,7.0,7.0,0.19869309663772583,0.09557592868804932,0.6690315008163452,0.3059463210145116,0.6690315008163452,1.6667534706940201,0.06509316875529034,0.19666401979605505,-0.00232954508619813,-0.00232954508619813,0,0.0,-0.00232954508619813,1.0
2020-02-28,8816.64,8717.33,8894.61,8468.46,41297721067.30182,159030381910.26715,1.0,1.0,time,0.0047,41.0,41.0,0.9908626079559326,0.4492609893403402,18.41970056295395,3.1790965731685725,18.41970056295395,3.6060546856555535,0.21134886910016396,0.842530831694603,7.0,7.0,0.20674258470535278,0.09944791453225273,0.696135401725769,0.31834085963303604,0.696135401725769,1.666753458415761,0.06773023061929548,0.2935643858480875,-0.007297796598203316,-0.007297796598203316,0,0.0,-0.007297796598203316,1.0
2020-02-29,8724.31,8552.99,8792.87,8552.99,33291626663.006737,156047250857.11172,1.0,1.0,upper,0.0553,41.0,41.0,1.007080316543579,0.4670737422094112,19.15002343058586,3.31406633463196,19.15002343058586,3.6025310094575578,0.22298214755289095,0.7303228676319122,7.0,7.0,0.21012639999389648,0.1011904307774135,0.7083330154418945,0.31369587063470095,0.7083330154418945,1.7308119089154308,0.06179294491263709,0.29608064599995876,-0.019032068956237366,-0.019032068956237366,0,0.0,-0.019032068956237366,1.0
2020-03-01,8547.97,8567.8,8759.62,8456.63,34310775733.322155,155934421965.2728,-1.0,0.0,upper,0.0535,41.0,41.0,1.0354455709457397,0.4972107319570169,20.385640010237694,3.516580451760342,20.385640010237694,3.6051696388714367,0.23323698211133,1.2356165796518326,7.0,7.0,0.40332233905792236,0.15458298580987112,1.082080900669098,0.5140453100929682,1.082080900669098,1.6580867917187272,0.11769894059197453,0.5180613857454301,0.0017300607850451804,0.0007300607850451804,1,0.001,0.0017300607850451804,1.0
2020-03-02,8517.42,8905.88,8952.72,8504.61,59776629742.57125,162521881368.8758,-1.0,1.0,time,-0.0004,41.0,41.0,1.1047821044921875,0.5242786425642851,21.49542434513569,3.7122692659869547,21.49542434513569,3.6032512464666797,0.24749236037385447,1.109784334897995,7.0,7.0,0.41536152362823486,0.15396841083254134,1.0777788758277893,0.521535378160567,1.0777788758277893,1.6370118812638867,0.12308838284106383,0.34393424189669736,0.038700742543703134,-0.038700742543703134,0,0.0,-0.038700742543703134,1.0
2020-03-03,8912.01,8756.72,8912.37,8649.94,68336042797.3885,159816567727.14258,-1.0,1.0,lower,-0.0852,41.0,41.0,1.100990653038025,0.5169732890477995,21.195904850959778,3.6376500996698504,21.195904850959778,3.6113259759725453,0.2355471887103433,0.6733885258436203,6.0,6.0,0.42885327339172363,0.1692108710606893,1.0152652263641357,0.5295712518996173,1.0152652263641357,1.468686251044043,0.13456832064532906,0.3305929327090204,-0.016890327137873737,0.016890327137873737,0,0.0,0.016890327137873737,1.0
2020-03-04,8752.8,8758.65,8843.49,8692.54,38832067216.87788,159869936941.09732,-1.0,1.0,lower,-0.0854,41.0,41.0,1.0488693714141846,0.513657609863979,21.05996200442314,3.585609018832088,21.05996200442314,3.618266544320616,0.22300510159929599,0.44303104281425476,6.0,6.0,0.6507610082626343,0.18564624587694803,1.1138774752616882,0.7037967953568576,1.1138774752616882,1.2056351321678835,0.21929537064020793,0.3724320878300051,0.00022037787472499207,-0.00022037787472499207,0,0.0,-0.00022037787472499207,1.0
2020-03-05,8766.14,9038.87,9136.05,8766.14,38122635173.15044,165070261612.788,-1.0,1.0,lower,-0.1169,41.0,41.0,1.0538777112960815,0.5252635130068151,21.53580403327942,3.6246494260846904,21.53580403327942,3.633079044283966,0.2110433651004266,0.689301997423172,5.0,5.0,0.6538684368133545,0.2161104917526245,1.0805524587631226,0.7061007707509155,1.0805524587631226,1.0932364631325036,0.23024316503524309,0.06236084864362821,0.03149238310777801,-0.03149238310777801,0,0.0,-0.03149238310777801,1.0
2020-03-06,9047.88,9135.85,9152.04,9008.53,41388087588.44269,166791067805.42844,-1.0,1.0,lower,-0.1276,41.0,41.0,1.063822865486145,0.5350158690679364,21.935650631785393,3.6830863382837506,21.935650631785393,3.635161866562422,0.21122198408062096,0.4684886187314987,7.0,7.0,0.6600388288497925,0.21667443002973283,1.5167210102081299,0.7837586119421094,1.5167210102081299,1.5498691545238639,0.20200526916481829,0.3616519736125544,0.010672067624011319,-0.010672067624011319,0,0.0,-0.010672067624011319,1.0
2020-03-07,9128.44,8902.2,9160.97,8864.91,36764763103.12236,162543409238.00458,-1.0,1.0,lower,-0.1017,41.0,41.0,1.0638132095336914,0.5291216606047096,21.69398808479309,3.6420328702684963,21.69398808479309,3.635912873441935,0.2086918855897771,0.24166254699230194,7.0,7.0,0.6600327491760254,0.2166724375316075,1.5167070627212524,0.7837513845907409,1.5167070627212524,1.5498692197708834,0.20200340044757556,9.033180659529969e-05,-0.025907797012279483,0.025907797012279483,0,0.0,0.025907797012279483,1.0
2020-03-08,8910.02,8041.37,8910.02,8041.37,39132209137.697235,147076617271.6885,-1.0,1.0,lower,-0.447,41.0,41.0,1.474035620689392,0.5334656467524971,21.87209151685238,3.7925963242819503,21.87209151685238,3.6078963577908985,0.25736836237852256,1.4039898067712784,7.0,7.0,0.6329358816146851,0.207777202129364,1.454440414905548,0.7515754108428259,1.454440414905548,1.54986911984147,0.1937104017085506,0.36771187534755845,-0.10169897051793265,0.10169897051793265,0,0.0,0.10169897051793265,1.0
2020-03-09,8050.87,7921.33,8223.75,7697.08,45678665163.11017,144664117909.4077,-1.0,1.0,lower,-0.4319,41.0,41.0,1.4153283834457397,0.5145214519849638,21.095379531383514,3.653082227348173,21.095379531383514,3.609010127523649,0.24648675089836616,0.8358511179685593,7.0,7.0,0.6077277660369873,0.19950199127197266,1.3965139389038086,0.7216421737064801,1.3965139389038086,1.5498691740188075,0.1859954358969357,0.34238065467492096,-0.015040345664014953,0.015040345664014953,0,0.0,0.015040345664014953,1.0
2020-03-10,7954.51,7906.73,8138.89,7785.01,40882213633.94649,144410718987.88852,-1.0,1.0,lower,-0.4301,41.0,41.0,1.3649331331253052,0.5080363543295279,20.829490527510643,3.578148986526351,20.829490527510643,3.61727329617629,0.23274668212466376,0.6525987237691879,8.0,8.0,0.5860885381698608,0.1794598326086998,1.4356786608695984,0.7016006133195546,1.4356786608695984,1.686113561739782,0.1712442584624499,0.3577730458810308,-0.0018448254733404463,0.0018448254733404463,0,0.0,0.0018448254733404463,1.0
2020-03-11,7905.67,7935.52,7982.66,7620.77,38689036552.81125,144948460093.29614,-1.0,1.0,lower,-0.4337,41.0,41.0,1.3193119764328003,0.486533819538791,19.94788660109043,3.4396550950749885,19.94788660109043,3.6137429210613354,0.22770893452270718,0.9535482823848724,8.0,8.0,0.5664992928504944,0.16164156049489975,1.293132483959198,0.6697436284729699,1.293132483959198,1.5724761854129095,0.17303633117293926,0.3860702173624738,0.0036345887350029324,-0.0036345887350029324,0,0.0,-0.0036345887350029324,1.0
2020-03-12,7939.24,5142.99,7963.67,4795.52,50009548492.07486,93092131086.97026,0.0,0.0,time,0.0468,41.0,41.0,3.3398659229278564,0.4389052996184768,17.995117284357548,4.2112612691895785,17.995117284357548,3.401000156629587,0.48981253591741086,6.077839346662611,7.0,7.0,0.43009328842163086,0.13888115968023027,0.9721681177616119,0.5083871559821966,0.9721681177616119,1.5324994755092458,0.13279504335026268,1.1970652849720778,-0.4337142618819257,0.4327142618819257,1,0.001,0.4337142618819257,0.0
2020-03-13,5154.34,5542.82,5874.4,4249.6,74329688818.10397,101262945297.35811,0.0,1.0,time,-0.0305,41.0,41.0,2.5832221508026123,0.37624488807306056,15.426040410995483,3.4260773128048756,15.426040410995483,3.4365034129193934,0.380437389658938,2.5690768733620644,6.0,6.0,0.37369394302368164,0.11237102746963501,0.6742261648178101,0.4075060167752478,0.6742261648178101,1.2899169753305455,0.12267685656535475,0.5404470869865136,0.07486877412007929,-0.0,0,0.0,-0.0,0.0
2020-03-14,5553.14,5214.19,5621.92,5138.66,36054625746.82817,95216478864.65564,0.0,0.0,time,0.1683,41.0,41.0,2.2774221897125244,0.3367118899051736,13.805187486112118,3.02956023790581,13.805187486112118,3.4524827788789647,0.33239208651009244,1.6552770361304283,6.0,6.0,0.32945626974105835,0.09906861186027527,0.5944116711616516,0.3592656834500862,0.5944116711616516,1.2899171274288026,0.10815443600805771,0.40754592558351854,-0.0611196413202621,0.0,0,0.0,0.0,0.0
2020-03-15,5205.29,5397.93,5842.93,5160.25,32985693209.74783,98632587514.00247,0.0,0.0,time,0.1378,41.0,41.0,2.0840935707092285,0.30263543946713933,12.408053018152714,2.75223711471467,12.408053018152714,3.4436194214292333,0.30522652753414814,1.397134467959404,6.0,6.0,0.301488995552063,0.09065875907739003,0.5439525544643402,0.3287679212442943,0.5439525544643402,1.289917005603302,0.098973298128486,0.28635898474984206,0.0346317915456191,-0.0,0,0.0,-0.0,0.0
2020-03-16,5354.9,5032.5,5359.95,4550.8,44034438467.966835,91962797384.28253,0.0,0.0,time,0.1998,41.0,41.0,2.1576595306396484,0.32274809516057734,13.232671901583672,3.303966855788363,13.232671901583672,3.3006096452584712,0.40259455287007906,2.110842041671276,6.0,6.0,0.27570655941963196,0.08290589352448781,0.4974353611469269,0.3006526630753005,0.4974353611469269,1.2899171250838433,0.0905093924478816,0.26295314810498427,-0.07009866821408209,0.0,0,0.0,0.0,0.0
2020-03-17,5054.12,5389.42,5458.3,4995.44,36007089253.822556,98079756006.79294,0.0,0.0,time,0.0837,41.0,41.0,1.792042851448059,0.30016585984608024,12.306800253689289,2.964297949081867,12.306800253689289,3.331801695920792,0.3524472301213387,1.0009517446160316,6.0,6.0,0.186534583568573,0.0658368170261383,0.39502090215682983,0.21796089457607448,0.39502090215682983,1.4051955873323108,0.059860995519624975,0.28299194259920474,0.06852089392004691,-0.0,0,0.0,-0.0,0.0
2020-03-18,5314.73,5376.28,5422.75,5036.93,37618067230.41405,98259998309.05324,0.0,0.0,time,0.1831,41.0,41.0,1.701413869857788,0.2849121380869935,11.681397661566734,2.8084737910360853,11.681397661566734,3.337860682967163,0.33347223716434854,0.6510630324482918,5.0,5.0,0.19503343105316162,0.07138150930404663,0.35690754652023315,0.219535126482428,0.35690754652023315,1.1753871996934715,0.06740782210847222,0.15302366123941147,-0.0024410872539644877,0.0,0,0.0,0.0,0.0
2020-03-19,5372.69,6170.2,6305.01,5264.7,48056214948.15649,112778383593.49141,0.0,0.0,time,0.0869,41.0,41.0,1.6572849750518799,0.2872890771889105,11.77885216474533,2.7815715591324675,11.77885216474533,3.3488119716874527,0.325846169370117,0.4332704693078995,4.0,4.0,0.14911842346191406,0.07603206485509872,0.3041282594203949,0.17851259843604006,0.3041282594203949,1.204697799638882,0.04675266905714352,0.08624774805892027,0.13773456710491155,-0.0,0,0.0,-0.0,0.0
2020-03-20,6136.49,6195.6,6849.59,5784.79,50936770688.25396,113030383272.51407,0.0,0.0,time,0.0777,41.0,41.0,1.755962610244751,0.3203238668601687,13.133278541266918,3.236291257525146,13.133278541266918,3.2712641077311044,0.39095500759922763,1.5197574868798256,3.0,3.0,0.16997289657592773,0.09608888626098633,0.288266658782959,0.19234856412544574,0.288266658782959,0.9279451253171901,0.05567389553609008,0.07038597419323969,0.004108110388663244,-0.0,0,0.0,-0.0,0.0
2020-03-21,6213.61,6145.77,6426.79,5951.22,40189198131.46317,112349835902.32983,0.0,0.0,time,0.0961,41.0,41.0,1.5877279043197632,0.30801430181032274,12.628586374223232,3.0388448515355417,12.628586374223232,3.2966311050239834,0.3610551210129375,0.5446814000606537,2.0,2.0,0.08097183704376221,0.05790361762046814,0.11580723524093628,0.0881472822144691,0.11580723524093628,0.6115448551003095,0.023068219423294067,0.14719884219498014,-0.008075322397381268,0.0,0,0.0,0.0,0.0
2020-03-22,6171.23,5859.65,6395.68,5820.76,37255748385.30394,107128564670.89128,0.0,0.0,time,0.0879,41.0,41.0,1.5504714250564575,0.303649819842199,12.449642613530159,2.9741797664749083,12.449642613530159,3.3058695904102353,0.3514920651573088,0.3303397670388222,3.0,3.0,0.07907181978225708,0.04495058457056681,0.13485175371170044,0.08878715159416532,0.13485175371170044,0.9548016679419591,0.024640705675083367,0.04798515545382297,-0.04767416545134771,0.0,0,0.0,0.0,0.0
2020-03-23,5848.04,6456.35,6549.61,5766.32,45578824447.64577,118046727572.5451,0.0,1.0,time,-0.0317,41.0,41.0,1.5323243141174316,0.3074256270760443,12.604450710117817,2.97514243386746,12.604450710117817,3.312841373538552,0.3483949727414357,0.35198012739419937,2.0,2.0,0.0781463086605072,0.05588306486606598,0.11176612973213196,0.08507136960312398,0.11176612973213196,0.6115449133213413,0.022263243794441223,0.03126567076162644,0.09697426779049927,-0.0,0,0.0,-0.0,0.0
2020-03-24,6469.06,6730.17,6778.43,6365.2,45846522059.373184,123064256188.85924,0.0,1.0,time,-0.1291,41.0,41.0,1.5213377475738525,0.3097539511395664,12.699911996722221,2.966503429102557,12.699911996722221,3.3253737633751737,0.3445143161302958,0.20787381380796432,2.0,2.0,0.07758602499961853,0.0554824024438858,0.1109648048877716,0.08446143630120911,0.1109648048877716,0.6115449240468519,0.022103622555732727,0.009612632247101195,0.04153626073408802,-0.0,0,0.0,-0.0,0.0
2020-03-25,6740.4,6695.9,6894.0,6507.91,42082295491.03078,122445336599.19923,0.0,1.0,time,-0.0447,41.0,41.0,1.5101908445358276,0.3024958844591932,12.40233126282692,2.929392387668112,12.40233126282692,3.3133650992592067,0.34321598107311274,0.2975807338953018,2.0,2.0,0.07701757550239563,0.05507589876651764,0.11015179753303528,0.08384261211247498,0.11015179753303528,0.6115449156693316,0.02194167673587799,0.009752854589011959,-0.005105004580796228,0.0,0,0.0,0.0,0.0
2020-03-26,6701.07,6765.56,6767.29,6584.36,34840544710.10888,123732739823.4625,0.0,1.0,time,-0.0522,41.0,41.0,1.506123423576355,0.3024221440640891,12.399307906627655,2.9216633146228124,12.399307906627655,3.3163823086737856,0.34167061737877097,0.1450907588005066,2.0,2.0,0.07373327016830444,0.053389132022857666,0.10677826404571533,0.0807995467194606,0.10677826404571533,0.6186783834798316,0.020344138145446777,0.004841112437340993,0.010349638419837765,-0.0,0,0.0,-0.0,0.0
2020-03-27,6784.95,6397.83,6865.07,6373.23,32910551599.472366,117019679177.81361,0.0,0.0,time,0.0373,41.0,41.0,1.499815583229065,0.30141212718515864,12.357897214591503,2.8522390165613842,12.357897214591503,3.3351008378069413,0.3279815328162912,0.41410429030656815,1.0,1.0,0.03290659189224243,0.03290659189224243,0.03290659189224243,0.03290659189224243,0.03290659189224243,-0.0,0.0,0.055750521548597394,-0.055886166835426375,0.0,0,0.0,0.0,0.0
2020-03-28,6403.78,6255.0,6403.78,6099.81,35231848358.55144,114171796491.49913,0.0,0.0,time,0.0847,41.0,41.0,1.49409019947052,0.3025638902696168,12.405119501054287,2.845692624184275,12.405119501054287,3.3445063491315263,0.3255249155290617,0.12248311936855316,1.0,1.0,0.03278094530105591,0.03278094530105591,0.03278094530105591,0.03278094530105591,0.03278094530105591,-0.0,0.0,0.003279554131508396,-0.02257772645206573,0.0,0,0.0,0.0,0.0
2020-03-29,6264.74,5915.34,6264.74,5911.38,25923471292.176422,108551603303.50957,0.0,0.0,time,0.1294,41.0,41.0,1.485853672027588,0.3049894647627342,12.504568055272102,2.841575504288014,12.504568055272102,3.3558257188024814,0.32236889293066556,0.18375519663095474,2.0,2.0,0.032600224018096924,0.0266282856464386,0.0532565712928772,0.03859351355819299,0.0532565712928772,0.6677833795581198,0.005971938371658325,0.019324290790513676,-0.05583216715993467,0.0,0,0.0,0.0,0.0
2020-03-30,5905.52,6403.14,6545.5,5905.52,34907149977.57921,117151628726.53436,0.0,0.0,time,0.0688,41.0,41.0,1.4945727586746216,0.31053203071762875,12.731813259422779,2.8688658261636877,12.731813259422779,3.3656011198930766,0.32297229747410117,0.2956622764468193,3.0,3.0,0.03279155492782593,0.01820826530456543,0.05462479591369629,0.038834371998421595,0.05462479591369629,0.7502808750419493,0.013082885414508371,0.01616765105494451,0.07923951828959323,-0.0,0,0.0,-0.0,0.0
2020-03-31,6403.14,6421.71,6508.22,6334.39,32287674952.1782,117750205634.39989,0.0,0.0,time,0.0555,41.0,41.0,1.5011287927627563,0.30285538714833377,12.417070873081684,2.7995592222904757,12.417070873081684,3.369010146645205,0.31533779923170896,0.37247413396835327,1.0,1.0,0.03293544054031372,0.03293544054031372,0.03293544054031372,0.03293544054031372,0.03293544054031372,-0.0,0.0,0.01919383102687894,0.0028959423272909525,-0.0,0,0.0,-0.0,0.0
2020-04-01,6419.49,6640.8,6640.8,6179.92,35886963977.71526,120921617010.34784,0.0,0.0,time,0.0943,41.0,41.0,1.5208278894424438,0.3080860165561118,12.631526678800583,2.7950503605087715,12.631526678800583,3.3969024428572734,0.3092362653568639,0.4806259498000145,1.0,1.0,0.03336763381958008,0.03336763381958008,0.03336763381958008,0.03336763381958008,0.03336763381958008,-0.0,0.0,0.011283942398727705,0.03354800078286481,-0.0,0,0.0,-0.0,0.0
2020-04-02,6638.92,6807.9,7108.29,6569.15,47638672293.73783,124719708453.63535,0.0,0.0,time,0.0556,41.0,41.0,1.5488331317901611,0.3179250065146423,13.034925267100334,2.8478807248833453,13.034925267100334,3.4129831566289583,0.31102881690276724,0.4475138932466507,1.0,1.0,0.033982038497924805,0.033982038497924805,0.033982038497924805,0.033982038497924805,0.033982038497924805,-0.0,0.0,0.016041748392673125,0.024851264402860458,-0.0,0,0.0,-0.0,0.0
2020-04-03,6767.37,6732.85,6997.91,6628.92,39867535857.25387,123234164427.70816,0.0,0.0,time,0.0867,41.0,41.0,1.5773022174835205,0.32527428665539115,13.336245752871037,2.9116921560081592,13.336245752871037,3.409912838027589,0.3177671101276241,0.3907257691025734,1.0,1.0,0.0346066951751709,0.0346066951751709,0.0346066951751709,0.0346066951751709,0.0346066951751709,-0.0,0.0,0.016307540997814726,-0.011085171577181484,0.0,0,0.0,0.0,0.0
2020-04-04,6733.29,6859.42,6949.17,6684.1,35009177102.13241,125564427826.17566,0.0,0.0,time,0.0615,41.0,41.0,1.6149495840072632,0.3291412979000952,13.494793213903904,2.963904126962521,13.494793213903904,3.4058494768503196,0.3254652924625752,0.3608730435371399,1.0,1.0,0.03543269634246826,0.03543269634246826,0.03543269634246826,0.03543269634246826,0.03543269634246826,-0.0,0.0,0.021564928224340727,0.018624359074077328,-0.0,0,0.0,-0.0,0.0
2020-04-05,6859.59,6788.05,6885.19,6701.19,31885662165.01491,124272363451.93964,0.0,0.0,time,0.0112,41.0,41.0,1.6436272859573364,0.33484336152309324,13.728577822446823,3.0161982252509882,13.728577822446823,3.4054397161824435,0.33131403520982594,0.2372368797659874,2.0,2.0,0.036061882972717285,0.03181809186935425,0.0636361837387085,0.04539605121892542,0.0636361837387085,0.6842259514922813,0.004243791103363037,0.03592500316222767,-0.01045917677369968,0.0,0,0.0,0.0,0.0
2020-04-06,6778.67,7297.64,7297.64,6778.47,45370138560.82485,133484854333.44951,0.0,1.0,time,-0.0591,41.0,41.0,1.6817007064819336,0.3463285917915949,14.199472263455391,3.1025657911421742,14.199472263455391,3.4091865564216866,0.3388729978368164,0.4708944410085678,2.0,2.0,0.03689718246459961,0.03255510330200195,0.0651102066040039,0.04644757049530757,0.0651102066040039,0.6842260012411672,0.004342079162597656,0.031376174363072586,0.0723872949296424,-0.0,0,0.0,-0.0,0.0
2020-04-07,7280.01,7196.78,7415.91,7106.18,43386074290.71468,131782164465.85344,0.0,1.0,time,-0.0402,41.0,41.0,1.7165223360061646,0.3483094276814926,14.280686534941196,3.14223797672705,14.280686534941196,3.4051407484681495,0.34568989869681344,0.41458984464406967,3.0,3.0,0.10637235641479492,0.057610283295313515,0.17283084988594055,0.11645913133131437,0.17283084988594055,0.9293426751522602,0.03466936710481598,0.10391299789627262,-0.013917304448284502,0.0,0,0.0,0.0,0.0
2020-04-08,7197.92,7342.29,7396.29,7166.14,38922547592.862114,134518720640.0234,0.0,1.0,time,-0.0683,41.0,41.0,1.7726463079452515,0.3540673250468766,14.51676032692194,3.2273253714750783,14.51676032692194,3.3937941479463705,0.35871445795102075,0.3979349136352539,3.0,3.0,0.20064139366149902,0.08975760142008464,0.2692728042602539,0.2065284496890761,0.2692728042602539,0.7420231510613025,0.07849568882622981,0.12019426043154766,0.02001707930265908,-0.0,0,0.0,-0.0,0.0
2020-04-09,7339.04,7294.49,7357.38,7155.32,34921486435.060486,133598651281.71776,0.0,1.0,time,-0.0614,41.0,41.0,1.8142914772033691,0.36157043859726046,14.824387982487679,3.3013155320099896,14.824387982487679,3.3915057083824425,0.36754371822677134,0.33441469818353653,3.0,3.0,0.2238907814025879,0.09804484248161316,0.2941345274448395,0.22942986239271165,0.2941345274448395,0.7131136300601627,0.0890686782690855,0.053154603674222034,-0.006531514435769509,0.0,0,0.0,0.0,0.0
2020-04-10,7294.22,6864.69,7297.84,6798.85,37828011010.9016,125740858699.27551,0.0,1.0,time,-0.0349,41.0,41.0,1.847615361213684,0.3752329164161915,15.38454957306385,3.391896475189278,15.38454957306385,3.3985953198509273,0.37391052452429036,0.5601615905761719,3.0,3.0,0.055905699729919434,0.04262126485506693,0.1278637945652008,0.0758978726217523,0.1278637945652008,1.0703086969883806,0.010177924067484556,0.23433610315151604,-0.060728387024053865,0.0,0,0.0,0.0,0.0
2020-04-11,6864.73,6878.78,6955.29,6779.92,30280054180.28837,125980543742.36499,0.0,0.0,time,0.026,41.0,41.0,1.9013582468032837,0.3769187932697738,15.453670524060726,3.4591326583200503,15.453670524060726,3.381692792610944,0.38700916678935726,0.4517185315489769,3.0,3.0,0.05753183364868164,0.036172846953074135,0.10851854085922241,0.0685324259905222,0.10851854085922241,1.0011011720283127,0.016034014282921866,0.13339591302292042,0.002050429030878125,-0.0,0,0.0,-0.0,0.0
2020-04-12,6880.9,6913.16,7156.16,6803.61,34544392366.04943,126655463658.31227,1.0,1.0,time,0.0175,41.0,41.0,1.9630582332611084,0.3853286395712597,15.798474222421646,3.5346216599242664,15.798474222421646,3.3771147055724473,0.39527531928216847,0.4932154342532158,2.0,2.0,0.044948577880859375,0.03903853893280029,0.07807707786560059,0.05583790974553649,0.07807707786560059,0.6816435564390049,0.005910038948059082,0.10142447635532312,0.004985530855126788,-0.001,1,0.001,-0.0,1.0
2020-04-13,6907.73,6857.54,6907.73,6674.2,38062368291.08157,125651103790.21225,1.0,1.0,time,0.0546,41.0,41.0,2.0540595054626465,0.39716791538748797,16.283884530887008,3.6895198431362908,16.283884530887008,3.3527916685295103,0.41745805103564027,0.7877657571662904,2.0,2.0,0.04703235626220703,0.040848299860954285,0.08169659972190857,0.05842646926016175,0.08169659972190857,0.6816434145160486,0.006184056401252747,0.08804282891064352,-0.008078064652805144,-0.008078064652805144,0,0.0,-0.008078064652805144,1.0
2020-04-14,6865.12,6860.18,6947.99,6779.08,33837365577.44977,125713883015.64563,1.0,1.0,time,0.0382,41.0,41.0,2.0541138648986816,0.4166892893248942,17.08426086232066,3.800021673039553,17.08426086232066,3.367805676215963,0.4225744615639578,0.8003763314336538,3.0,3.0,0.062448203563690186,0.049220144748687744,0.14766043424606323,0.08725565772082484,0.14766043424606323,1.0745806568849643,0.010734397313440856,0.13444518348806467,0.000384903618472011,0.000384903618472011,0,0.0,0.000384903618472011,1.0
2020-04-15,6857.63,6629.43,6924.19,6617.73,29692916171.011845,121499498109.80829,1.0,1.0,upper,0.0884,41.0,41.0,2.128103256225586,0.4220424382152354,17.30373996682465,3.8734298909269946,17.30373996682465,3.3624372077955123,0.4333799806874157,0.493455758318305,3.0,3.0,0.12091386318206787,0.06973177194595337,0.2091953158378601,0.13640484218609342,0.2091953158378601,0.9685877838025672,0.03660018631849526,0.13223133572314413,-0.03421485280939591,-0.03421485280939591,0,0.0,-0.03421485280939591,1.0
2020-04-16,6628.93,7059.93,7127.03,6554.15,45752002264.274315,129402884477.95892,1.0,0.0,time,-0.0313,41.0,41.0,2.1232070922851562,0.4300177227705717,17.63072663359344,3.9343578559930865,17.63072663359344,3.3643451634166546,0.4388912533025887,0.37012025341391563,2.0,2.0,0.12382155656814575,0.0810903012752533,0.1621806025505066,0.12962713558370173,0.1621806025505066,0.5470359446641353,0.042731255292892456,0.07056886911357071,0.06291630879061735,0.06291630879061735,0,0.0,0.06291630879061735,1.0
2020-04-17,7059.93,7035.26,7150.72,7008.56,31701906839.621475,128961704237.38853,1.0,1.0,time,0.0106,41.0,41.0,2.1777400970458984,0.43573731356641143,17.865229856222868,4.026490631104202,17.865229856222868,3.3474669615325556,0.4533904670093418,0.5559629183262587,2.0,2.0,0.09896564483642578,0.06915496289730072,0.13830992579460144,0.1064996305252062,0.13830992579460144,0.5971207052057893,0.02981068193912506,0.03261911911253078,-0.003500488491603624,-0.003500488491603624,0,0.0,-0.003500488491603624,1.0
2020-04-18,7034.29,7242.51,7267.65,7034.29,30035235468.3311,132775323305.43571,1.0,1.0,time,0.0192,41.0,41.0,2.2330591678619385,0.42761882280976304,17.532371735200286,4.029652928683159,17.532371735200286,3.33626111829252,0.4617287389475861,0.8150033298879862,3.0,3.0,0.04363530874252319,0.03880733251571655,0.11642199754714966,0.06770673415834148,0.11642199754714966,1.0911256825981768,0.004696618621666429,0.08100319138108383,0.029033183448881783,0.029033183448881783,0,0.0,0.029033183448881783,1.0
2020-04-19,7238.07,7127.51,7238.74,7085.14,29714765522.325314,130680700686.31035,1.0,1.0,time,0.0503,41.0,41.0,2.452064275741577,0.44122812747046714,18.090353226289153,4.216658188259721,18.090353226289153,3.3235192444200767,0.4888571440117137,0.5702686607837677,3.0,3.0,0.11318615078926086,0.05972586075464884,0.17917758226394653,0.12298549058549542,0.17917758226394653,0.901631348394863,0.03840093560450436,0.1388353640031339,-0.01600588657891917,-0.01600588657891917,0,0.0,-0.01600588657891917,1.0
2020-04-20,7127.11,6856.46,7207.07,6807.73,35276609104.457115,125724610427.89977,1.0,1.0,upper,0.0891,41.0,41.0,2.5154638290405273,0.44902062452420954,18.409845605492592,4.310708020658567,18.409845605492592,3.3200389927389238,0.501602390106861,0.4774960074573755,2.0,2.0,0.11611267924308777,0.07922431826591492,0.15844863653182983,0.12358999781763239,0.15844863653182983,0.580444296784518,0.03688836097717285,0.051860393312497116,-0.03877067125969634,-0.03877067125969634,0,0.0,-0.03877067125969634,1.0
2020-04-21,6851.6,6842.04,6927.65,6812.24,30093303601.39072,125473149029.1152,1.0,1.0,upper,0.0912,41.0,41.0,2.6206655502319336,0.46196909462351626,18.940732879564166,4.48157380075162,18.940732879564166,3.301939026475299,0.5257856029652129,0.8199577312916517,2.0,2.0,0.120968759059906,0.08253763616085052,0.16507527232170105,0.12875878680931446,0.16507527232170105,0.580444189167195,0.03843112289905548,0.05704634148580689,-0.00210534077838291,-0.00210534077838291,0,0.0,-0.00210534077838291,1.0
2020-04-22,6843.03,7110.0,7131.85,6830.2,30819547915.3444,130398643209.39326,1.0,1.0,upper,0.0893,41.0,41.0,2.4733035564422607,0.41861318719641466,17.163140675053,3.7823379033917073,17.163140675053,3.3911767206155212,0.4167634585343263,2.1515083089470863,2.0,2.0,0.12575197219848633,0.08580127358436584,0.1716025471687317,0.13385004197575348,0.1716025471687317,0.5804444073854594,0.03995069861412048,0.05619099221226785,0.03841631103303733,0.03841631103303733,0,0.0,0.03841631103303733,1.0
2020-04-23,7105.68,7382.79,7611.94,7039.01,41032858925.23595,135414822709.73111,1.0,1.0,time,0.0496,41.0,41.0,2.5751867294311523,0.4358865369293021,17.871348014101386,3.937686276834882,17.871348014101386,3.3915319426647446,0.43380037048215747,0.7082073390483856,2.0,2.0,0.13093209266662598,0.08933568000793457,0.17867136001586914,0.1393637346554133,0.17867136001586914,0.5804442523851809,0.041596412658691406,0.060853256275342466,0.03764937213528438,0.03764937213528438,0,0.0,0.03764937213528438,1.0
2020-04-24,7392.49,7495.39,7577.71,7392.49,33233126912.999897,137493716065.4006,1.0,1.0,upper,0.1541,41.0,41.0,2.731219530105591,0.4656878268664203,19.093200901523232,4.186287129141024,19.093200901523232,3.3970888035865197,0.4588832863954723,1.2218528874218464,2.0,2.0,0.13886535167694092,0.0947485864162445,0.189497172832489,0.14780787262486356,0.189497172832489,0.5804442568599736,0.04411676526069641,0.09319581514099687,0.015136548940162715,0.015136548940162715,0,0.0,0.015136548940162715,1.0
2020-04-25,7498.29,7538.56,7649.06,7463.65,31610167152.118294,138298135122.85803,1.0,1.0,upper,0.1484,41.0,41.0,2.941617250442505,0.4940380738457529,20.255561027675867,4.493772026617048,20.255561027675867,3.378248168205085,0.49846027980875235,1.3865434769541025,2.0,2.0,0.1495627760887146,0.10204750299453735,0.2040950059890747,0.15919418359120005,0.2040950059890747,0.5804442973571193,0.047515273094177246,0.12566734599641488,0.005743017457631244,0.005743017457631244,0,0.0,0.005743017457631244,1.0
2020-04-26,7538.73,7683.87,7683.87,7530.75,33760863612.125053,140977260141.33173,1.0,1.0,upper,0.1293,41.0,41.0,1.9816285371780396,0.46223524249181513,18.95164494216442,3.6555956960892786,18.95164494216442,3.4978168775692935,0.33507413441841694,2.7939473502337933,2.0,2.0,0.15950912237167358,0.10883393883705139,0.21766787767410278,0.1697810382171972,0.21766787767410278,0.5804442238768348,0.05067518353462219,0.11684409279210732,0.019092144143233118,0.019092144143233118,0,0.0,0.019092144143233118,1.0
2020-04-27,7702.3,7774.28,7774.28,7650.75,35205525351.89531,142649802462.8293,1.0,1.0,upper,0.1176,41.0,41.0,2.0049211978912354,0.4654825263906543,19.084783582016826,3.687348135055451,19.084783582016826,3.4967517765276246,0.3390410793054521,0.2277835439890623,2.0,2.0,0.16138404607772827,0.1101132333278656,0.2202264666557312,0.1717767178283975,0.2202264666557312,0.5804443842371028,0.05127081274986267,0.022025593463737066,0.011697522784167311,0.011697522784167311,0,0.0,0.011697522784167311,1.0
2020-04-28,7775.9,7758.23,7775.9,7675.7,32855687796.969097,142370212777.1421,1.0,1.0,upper,0.1197,41.0,41.0,2.0187814235687256,0.46823373182517725,19.197583004832268,3.715843145389067,19.197583004832268,3.495011500216275,0.3428195268920732,0.18754764087498188,3.0,3.0,0.16249966621398926,0.12390190362930298,0.37170571088790894,0.22891848168370965,0.37170571088790894,1.0206537606588018,0.046002268376967595,0.1191416031986208,-0.0020666338811215373,-0.0020666338811215373,0,0.0,-0.0020666338811215373,1.0
2020-04-29,7750.21,8744.43,8854.8,7740.15,60399592065.54053,160483573440.17792,1.0,1.0,time,0.0159,41.0,41.0,1.9240928888320923,0.45169505445150343,18.51949723251164,3.614039918752915,18.51949723251164,3.48619227946502,0.33843683791181833,1.018943278118968,3.0,3.0,0.15487784147262573,0.11809045076370239,0.3542713522911072,0.2181813688186254,0.3542713522911072,1.0206537482997902,0.043844596834903875,0.14629247671490364,0.11966271084882728,0.11966271084882728,0,0.0,0.11966271084882728,1.0
2020-04-30,8736.57,8610.64,9438.3,8487.37,65838312160.09067,158042623264.3916,1.0,1.0,time,0.0446,41.0,41.0,1.1117792129516602,0.3983200165647559,16.331120679154992,2.936973316498131,16.331120679154992,3.55398607979166,0.22743532998710017,2.13818873976605,3.0,3.0,0.14967221021652222,0.11412125825881958,0.34236377477645874,0.21084797887632642,0.34236377477645874,1.0206537230848363,0.04237092334963999,0.09991676745941987,-0.01541827839430072,-0.01541827839430072,0,0.0,-0.01541827839430072,1.0
2020-05-01,8640.02,8824.82,9054.98,8640.02,44773967197.55202,161989355178.82224,1.0,1.0,time,0.0356,41.0,41.0,1.083170771598816,0.3842816834406155,15.755549021065235,2.833339593309047,15.755549021065235,3.5552003986437755,0.2193807442951129,0.575571658089757,3.0,3.0,0.14582079648971558,0.11118469635645549,0.33355408906936646,0.20542243909431793,0.33355408906936646,1.0206537940050204,0.04128061842167233,0.0739225263023029,0.024569558161746767,0.024569558161746767,0,0.0,0.024569558161746767,1.0
2020-05-02,8824.78,8966.31,8987.42,8775.1,39177855720.33245,164603123455.99927,1.0,1.0,upper,0.105,41.0,41.0,1.1797990798950195,0.36730625185116034,15.059556325897574,2.773751392773159,15.059556325897574,3.5362526927656357,0.22964594171028618,1.027719484642148,3.0,3.0,0.13981163501739502,0.10660282770792644,0.3198084831237793,0.19695707382652572,0.3198084831237793,1.0206538292544298,0.03957945723196128,0.11533981014345493,0.015906014186106522,0.015906014186106522,0,0.0,0.015906014186106522,1.0
2020-05-03,8962.04,8888.67,9167.21,8794.51,45617019157.37323,163036842346.68604,1.0,1.0,upper,0.1137,41.0,41.0,1.1323848962783813,0.3609139710301306,14.797472812235355,2.7185736987250926,14.797472812235355,3.5381802248775927,0.22360834016938336,0.26208351366221905,3.0,3.0,0.13764917850494385,0.10495402415593465,0.31486207246780396,0.1939108033394533,0.31486207246780396,1.0206536535014472,0.03896732858938194,0.04150428468717513,-0.008696788162424923,-0.008696788162424923,0,0.0,-0.008696788162424923,1.0
2020-05-04,8891.76,8884.41,8940.92,8585.04,44698213713.39127,162341412439.88123,1.0,1.0,upper,0.1142,41.0,41.0,1.0062665939331055,0.3531168375345992,14.477790338918567,2.6516276977896394,14.477790338918567,3.539599044605749,0.2163318311951029,0.4640670958906412,3.0,3.0,0.13546764850616455,0.10329065720240276,0.30987197160720825,0.19083758386042798,0.30987197160720825,1.0206537936155289,0.038349723240083726,0.04187259440550219,-0.00047937668446661327,-0.00047937668446661327,0,0.0,-0.00047937668446661327,1.0
2020-05-05,8880.29,9003.24,9059.02,8799.72,43436234291.97107,165335617639.04947,1.0,1.0,upper,0.1009,41.0,41.0,1.0085105895996094,0.3511122247067893,14.395601212978363,2.6422741171864534,14.395601212978363,3.5382006858878645,0.21680276202412505,0.12821556814014912,3.0,3.0,0.135769784450531,0.10352101922035217,0.3105630576610565,0.19126321152928105,0.3105630576610565,1.0206536763099465,0.03843527816660511,0.005798418214211313,0.013286457201771929,0.013286457201771929,0,0.0,0.013286457201771929,1.0
2020-05-06,9003.57,9144.69,9357.76,8925.62,48538811466.802704,167950864937.1468,1.0,1.0,upper,0.0853,41.0,41.0,1.1842659711837769,0.3497759069247944,14.340812183916569,2.6953664042970047,14.340812183916569,3.5186209558071715,0.2342049064151141,0.48149021714925766,3.0,3.0,0.13384246826171875,0.10205150643984477,0.3061545193195343,0.1885481570409015,0.3061545193195343,1.0206537818150512,0.03788965392467721,0.03699202594202734,0.015588870411416681,0.015588870411416681,0,0.0,0.015588870411416681,1.0
2020-05-07,9099.5,9959.17,9989.92,9099.5,61712313964.69186,182927847431.44946,1.0,0.0,lower,-0.1291,41.0,41.0,1.361818790435791,0.3381858498039769,13.865619841963053,2.6739059548944146,13.865619841963053,3.499629633585583,0.24497967194446144,0.8302979804575443,3.0,3.0,0.12720203399658203,0.0969883402188619,0.2909650206565857,0.179193558297941,0.2909650206565857,1.0206538008480768,0.03600979922302849,0.12745522852799435,0.08532035182757466,0.08532035182757466,0,0.0,0.08532035182757466,1.0
2020-05-08,9922.86,9821.81,10008.09,9724.25,50955646313.40579,180421762956.3486,1.0,0.0,lower,-0.1153,41.0,41.0,1.0974318981170654,0.316290840915427,12.967924477532506,2.450271980346803,12.967924477532506,3.5124301263683537,0.21539510149932806,0.9282779116183519,2.0,2.0,0.12031957507133484,0.11567603051662445,0.2313520610332489,0.16372236586437794,0.2313520610332489,0.6923412471070658,0.004643544554710388,0.1273091574733642,-0.013888311689866737,-0.013888311689866737,0,0.0,-0.013888311689866737,1.0
2020-05-09,9816.48,9566.78,9906.01,9565.08,46706541180.09866,175752574354.63544,1.0,0.0,lower,-0.0889,41.0,41.0,1.059944987297058,0.3130908462150795,12.836724694818258,2.427219751943847,12.836724694818258,3.5075298487896895,0.213697685191002,0.5473440941423178,3.0,3.0,0.11620962619781494,0.08630875746409099,0.25892627239227295,0.1620606555392198,0.25892627239227295,0.9969880877667917,0.03612963339981837,0.08152651588464094,-0.02630874238370184,-0.02630874238370184,0,0.0,-0.02630874238370184,1.0
2020-05-10,9555.96,8752.62,9555.96,8429.73,61704475184.53314,160814678353.7077,1.0,1.0,upper,0.1091,41.0,41.0,1.0580495595932007,0.3188799657836193,13.074078597128391,2.4951167044916756,13.074078597128391,3.4964073118054704,0.22396350058298367,0.2812854237854481,2.0,2.0,0.11600184440612793,0.11152493953704834,0.22304987907409668,0.15784710840524813,0.22304987907409668,0.6923412484814296,0.00447690486907959,0.027939646311956688,-0.08894359659602614,-0.08894359659602614,0,0.0,-0.08894359659602614,1.0
2020-05-11,8752.68,8604.75,9113.89,8303.46,57996080837.490005,158113540964.46692,1.0,1.0,upper,0.1262,41.0,41.0,1.0710551738739014,0.3291581210839312,13.49548296444118,2.595561781779284,13.49548296444118,3.4863648759610912,0.23658098945014483,0.42140436731278896,2.0,2.0,0.11742773652076721,0.11289580166339874,0.22579160332679749,0.15978736162020385,0.22579160332679749,0.6923412484916749,0.004531934857368469,0.01958127259328161,-0.01703870775593865,-0.01703870775593865,0,0.0,-0.01703870775593865,1.0
2020-05-12,8601.94,8786.02,8962.47,8578.21,39515455755.72524,161474125336.405,1.0,1.0,upper,0.1053,41.0,41.0,1.0660845041275024,0.3204914817541111,13.140150751918554,2.524410047454432,13.140150751918554,3.4892552931924836,0.22959878594128078,0.3553322125226259,2.0,2.0,0.11688274145126343,0.11237183213233948,0.22474366426467896,0.15904576045693414,0.22474366426467896,0.6923412456398989,0.00451090931892395,0.0074838837767306305,0.020847445534508686,0.020847445534508686,0,0.0,0.020847445534508686,1.0
2020-05-13,8788.47,9283.09,9369.06,8788.47,44239951916.52319,170593350055.82486,1.0,1.0,time,0.0448,41.0,41.0,1.0439133644104004,0.32140321448081877,13.17753179371357,2.494033697601646,13.17753179371357,3.5010947331471693,0.22002788112406696,0.6154016964137554,2.0,2.0,0.11445194482803345,0.11003485321998596,0.22006970643997192,0.1557381110802217,0.22006970643997192,0.692341247485253,0.004417091608047485,0.0333811089230947,0.05503264361272101,0.05503264361272101,0,0.0,0.05503264361272101,1.0
2020-05-14,9289.84,9761.82,9875.97,9254.72,52076585310.72393,179398095871.3398,1.0,0.0,time,-0.0017,41.0,41.0,1.0101091861724854,0.3099192531733978,12.70668938010931,2.4052290247141945,12.70668938010931,3.5015594657674827,0.21225151775364567,0.4708424136042595,2.0,2.0,0.11074578762054443,0.1064717173576355,0.212943434715271,0.15069501832307863,0.212943434715271,0.6923412428063559,0.0042740702629089355,0.050895781394334566,0.05028439293800429,0.05028439293800429,0,0.0,0.05028439293800429,1.0
2020-05-15,9796.49,9303.58,9796.49,9212.17,44866846516.37974,170983863891.47488,1.0,1.0,time,0.0243,41.0,41.0,0.9948132634162903,0.3176018767422292,13.021676946431398,2.495746543336786,13.021676946431398,3.4849094451424594,0.22594202645487116,0.5385740734636784,1.0,1.0,0.10065007209777832,0.10065007209777832,0.10065007209777832,0.10065007209777832,0.10065007209777832,-0.0,0.0,0.09079677917207703,-0.0480795861274834,-0.0480795861274834,0,0.0,-0.0480795861274834,1.0
2020-05-16,9309.3,9375.3,9556.66,9265.86,34146492788.290554,172309401206.74423,1.0,0.0,time,-0.035,41.0,41.0,0.9873530864715576,0.3108436293082266,12.744588801637292,2.4265118877120218,12.744588801637292,3.4917134334827824,0.21676027581717455,0.2770881447941065,1.0,1.0,0.09989529848098755,0.09989529848098755,0.09989529848098755,0.09989529848098755,0.09989529848098755,-0.0,0.0,0.006090510105518294,0.0076792990215098075,0.0076792990215098075,0,0.0,0.0076792990215098075,1.0
2020-05-17,9338.52,9642.39,9822.41,9336.61,35650032953.969925,177224284369.1316,1.0,0.0,time,-0.0526,41.0,41.0,0.9791475534439087,0.3100718990331743,12.712947860360146,2.414821380867694,12.712947860360146,3.492623650262669,0.21467129814423414,0.3156775776296854,2.0,2.0,0.09906512498855591,0.08115968108177185,0.1623193621635437,0.11753721755081584,0.1623193621635437,0.6686092317043348,0.017905443906784058,0.051426464375502384,0.028090431860770922,0.028090431860770922,0,0.0,0.028090431860770922,1.0
2020-05-18,9666.33,9708.44,9919.98,9538.61,38922896809.95441,178446153576.46417,1.0,0.0,time,-0.0569,41.0,41.0,0.9825564622879028,0.31174593850425103,12.781583478674293,2.427907253551957,12.781583478674293,3.492278541032081,0.2158436027470828,0.068635618314147,2.0,2.0,0.0994100570678711,0.08144223690032959,0.16288447380065918,0.11794643286596265,0.16288447380065918,0.668609124805037,0.017967820167541504,0.006148574628356518,0.006826607076604178,0.006826607076604178,0,0.0,0.006826607076604178,1.0
2020-05-19,9714.58,9745.15,9855.93,9526.61,37077538114.72087,179127815802.66245,1.0,0.0,lower,-0.1044,41.0,41.0,0.9751270413398743,0.3105071814412751,12.730794439092278,2.3997250880578282,12.730794439092278,3.5013990208912817,0.20985926756289058,0.3623115234076977,3.0,3.0,0.09869575500488281,0.05653921763102213,0.1696176528930664,0.11736535892035642,0.1696176528930664,0.8258232866583717,0.03734781601611101,0.01832263529690077,0.0037741150681791505,0.0037741150681791505,0,0.0,0.0037741150681791505,1.0
2020-05-20,9760.2,9532.57,9788.23,9429.11,34829170074.82492,175227227252.9058,1.0,0.0,lower,-0.0823,41.0,41.0,0.9764562249183655,0.3069960414091261,12.586837697774172,2.3724035475931977,12.586837697774172,3.5040902552671,0.20743434139311204,0.28492859937250614,2.0,2.0,0.09883028268814087,0.07973280549049377,0.15946561098098755,0.11594855675427414,0.15946561098098755,0.6641818769290679,0.019097477197647095,0.00841434653498467,-0.022055369328180304,-0.022055369328180304,0,0.0,-0.022055369328180304,1.0
2020-05-21,9526.51,9052.43,9571.75,8854.54,35965016693.72406,166569335290.8396,1.0,0.0,time,-0.0237,41.0,41.0,0.984593391418457,0.3114251094620402,12.76842948794365,2.39479726338094,12.76842948794365,3.509062577207549,0.20710810077994113,0.30071477219462395,2.0,2.0,0.09965384006500244,0.08039724826812744,0.16079449653625488,0.11691478825810184,0.16079449653625488,0.6641819732352328,0.019256591796875,0.014667291166321476,-0.05168112606463028,-0.05168112606463028,0,0.0,-0.05168112606463028,1.0
2020-05-22,9060.05,9148.32,9242.47,8981.0,27700943119.83718,168309812992.5134,1.0,1.0,time,0.0024,41.0,41.0,0.9894749522209167,0.32363250406413546,13.268932666629553,2.4464803560617816,13.268932666629553,3.534571423299164,0.20308644245297663,0.410605181439469,3.0,3.0,0.10014790296554565,0.07151405016581218,0.21454215049743652,0.13973965268116964,0.21454215049743652,0.928887527880772,0.03734698746485013,0.04839740880351458,0.01053702591507644,0.01053702591507644,0,0.0,0.01053702591507644,1.0
2020-05-23,9153.34,9171.71,9299.06,9108.76,26159735072.083897,168614573110.75775,1.0,1.0,time,0.04,41.0,41.0,0.9976204633712769,0.3277875664757519,13.439290225505829,2.4676660136124524,13.439290225505829,3.5406138414345762,0.20267379272494404,0.22365448251366615,2.0,2.0,0.10097235441207886,0.0986960232257843,0.1973920464515686,0.13961437378904976,0.1973920464515686,0.692881181498902,0.0022763311862945557,0.027761690174138685,0.0025534906557662536,0.0025534906557662536,0,0.0,0.0025534906557662536,1.0
2020-05-24,9170.36,8779.34,9304.56,8728.01,29437505507.203728,161407638875.36517,1.0,1.0,upper,0.0837,41.0,41.0,1.0099884271621704,0.33536415111000945,13.749930195510387,2.49621868119599,13.749930195510387,3.5555746270066613,0.1987690188177505,0.4620182439684868,2.0,2.0,0.10222417116165161,0.09991961717605591,0.19983923435211182,0.14134525719444635,0.19983923435211182,0.6928811810942554,0.002304553985595703,0.022009154022829512,-0.0437225125493403,-0.0437225125493403,0,0.0,-0.0437225125493403,1.0
2020-05-25,8731.85,8893.06,8975.35,8688.24,29130957734.103832,163333743988.58344,1.0,1.0,upper,0.0709,41.0,41.0,1.0248169898986816,0.3458628424602311,14.180376540869474,2.5580844888587064,14.180376540869474,3.5605049472309283,0.19995919794517683,0.5849653072655201,3.0,3.0,0.10372501611709595,0.1011398434638977,0.3034195303916931,0.17521160146239373,0.3034195303916931,1.098428565439345,0.0019409172497815302,0.08753116391195381,0.012869963295579677,0.012869963295579677,0,0.0,0.012869963295579677,1.0
2020-05-26,8883.74,8840.58,8988.95,8732.82,26860828302.61543,162547226896.53772,1.0,1.0,upper,0.0768,41.0,41.0,1.0306185483932495,0.3494185484582331,14.326160486787558,2.5802260948302846,14.326160486787558,3.5607750863445706,0.20071460737551175,0.3183109313249588,3.0,3.0,0.10431218147277832,0.10171238581339519,0.30513715744018555,0.17620345629805742,0.30513715744018555,1.098428566501536,0.0019518988893356061,0.01585784152822188,-0.005918711917328789,-0.005918711917328789,0,0.0,-0.005918711917328789,1.0
2020-05-27,8839.13,9170.2,9189.38,8821.87,28916177009.890633,168615778509.82266,1.0,1.0,upper,0.1029,41.0,41.0,1.0352591276168823,0.34460216715205005,14.128688853234053,2.5436788088031284,14.128688853234053,3.5632484762810566,0.19764004510001873,0.32709644734859467,3.0,3.0,0.1047818660736084,0.10112967093785603,0.3033890128135681,0.1752220750492811,0.3033890128135681,1.0982692781356689,0.0026548416511956974,0.14951368345618554,0.036606610924369155,0.036606610924369155,0,0.0,0.036606610924369155,1.0
2020-05-28,9174.12,9546.05,9582.42,9102.77,31771100326.33337,175534414971.32306,1.0,0.0,time,-0.0006,41.0,41.0,1.0315076112747192,0.34769031705289355,14.255302999168634,2.541368875165735,14.255302999168634,3.5774508888055943,0.19140844720987701,0.33132385462522507,4.0,4.0,0.2661641836166382,0.13291484117507935,0.5316593647003174,0.30877408151954916,0.5316593647003174,1.2305046655063079,0.07854300318910483,0.21927558669870828,0.040168360084571614,0.040168360084571614,0,0.0,0.040168360084571614,1.0
2020-05-29,9546.03,9427.12,9577.74,9350.51,28880265574.932682,173355014878.4796,1.0,1.0,upper,0.0753,41.0,41.0,1.0328810214996338,0.3422753102168804,14.033287718892097,2.5096952352180226,14.033287718892097,3.576059186370241,0.19097453963427893,0.23936740681529045,4.0,4.0,0.20237940549850464,0.11705701053142548,0.4682280421257019,0.25597022597311675,0.4682280421257019,1.2948987176971254,0.05174790267854202,0.06629930874308207,-0.012536814638634734,-0.012536814638634734,0,0.0,-0.012536814638634734,1.0
2020-05-30,9427.02,9678.04,9700.38,9345.16,30231487421.644287,177978616382.68933,1.0,1.0,time,0.0118,41.0,41.0,1.042048692703247,0.34512303051788634,14.15004425123334,2.5448326642988395,14.15004425123334,3.567157278614662,0.19709271900861003,0.40711285546422005,5.0,5.0,0.2041756510734558,0.11217417120933533,0.5608708560466766,0.2729815839468438,0.5608708560466766,1.5265548988143283,0.048174104540969605,0.09109914869913416,0.026268759720645737,0.026268759720645737,0,0.0,0.026268759720645737,1.0
2020-05-31,9677.95,9466.96,9677.95,9416.26,27396663221.152317,174105710752.04755,1.0,1.0,upper,0.071,41.0,41.0,1.0584765672683716,0.34563832675538414,14.171171396970749,2.5542207655880027,14.171171396970749,3.5666000242869353,0.1991410671436901,0.2583693079650402,5.0,5.0,0.15303239226341248,0.08971019387245179,0.4485509693622589,0.2230415029834281,0.4485509693622589,1.4759810826278663,0.043607149941132684,0.12570331261091724,-0.02205155951344398,-0.02205155951344398,0,0.0,-0.02205155951344398,1.0
2020-06-01,9453.18,10163.96,10211.95,9418.61,33702539853.509113,186932702065.96875,1.0,0.0,time,-0.0498,41.0,41.0,1.0597076416015625,0.35703187363176814,14.638306818902493,2.605628365266445,14.638306818902493,3.582189427079778,0.1952457530553164,0.42711420981407605,5.0,5.0,0.15321043133735657,0.0898145616054535,0.44907280802726746,0.2233009756761835,0.44907280802726746,1.4759811843304238,0.043657870667352765,0.00461916708971226,0.07104028805720285,0.07104028805720285,0,0.0,0.07104028805720285,1.0
2020-06-02,10167.93,9539.91,10167.93,9382.08,36841150778.6441,175463166971.51956,1.0,1.0,time,0.0206,41.0,41.0,1.082861065864563,0.3572042927872844,14.64537600427866,2.630872480552808,14.64537600427866,3.5718716047774652,0.20303182681647639,0.336855486035347,6.0,6.0,0.15655791759490967,0.08379131058851878,0.5027478635311127,0.23235755948085782,0.5027478635311127,1.643328083248679,0.04446746576065595,0.1178945812217733,-0.0633640785382618,-0.0633640785382618,0,0.0,-0.0633640785382618,1.0
2020-06-03,9515.24,9645.67,9645.67,9431.5,25222025158.95508,177416480472.83005,1.0,1.0,time,0.0131,41.0,41.0,1.1086174249649048,0.3567436626408158,14.626490168273449,2.6537993311391075,14.626490168273449,3.5617675761171004,0.21096429103365402,0.3730113357305527,6.0,6.0,0.16028165817260742,0.08578429122765859,0.5147057473659515,0.23788420902500731,0.5147057473659515,1.6433279627580935,0.04552513806470536,0.11028610292530527,0.011025058536190223,0.011025058536190223,0,0.0,0.011025058536190223,1.0
2020-06-04,9645.23,9792.57,9844.16,9512.73,24903069188.397156,179830985954.85498,1.0,0.0,time,-0.0026,41.0,41.0,1.1482901573181152,0.3658420786079837,14.999525222927332,2.7228204672907803,14.999525222927332,3.5627077380706518,0.21675510579458937,0.5074267201125622,5.0,5.0,0.16601747274398804,0.08338057398796081,0.4169028699398041,0.21726471978039608,0.4169028699398041,1.4308993767774347,0.049884582524954514,0.16247265154375493,0.01511482487048095,0.01511482487048095,0,0.0,0.01511482487048095,1.0
2020-06-05,9776.55,9642.27,9838.02,9637.84,23447982002.19483,177373937377.29663,1.0,1.0,time,0.0238,41.0,41.0,1.1781352758407593,0.39185897933273783,16.06621815264225,2.887078899335876,16.06621815264225,3.575125253888074,0.22303520032578888,0.9462511876565874,5.0,5.0,0.1703324317932129,0.0855476975440979,0.4277384877204895,0.22291160223346704,0.4277384877204895,1.4308993464812594,0.05118112862141505,0.103418916229499,-0.015467376779623645,-0.015467376779623645,0,0.0,-0.015467376779623645,1.0
2020-06-06,9636.97,9670.32,9730.54,9567.29,19374357195.06036,177901732349.93213,0.0,0.0,time,-0.0363,41.0,41.0,1.215111255645752,0.39690443037486656,16.27308164536953,2.932757425996408,16.27308164536953,3.5739914297938946,0.22858034392789506,0.4432041347026825,7.0,7.0,0.17567837238311768,0.06891326819147382,0.4823928773403168,0.23179927951664314,0.4823928773403168,1.658590993018751,0.0540999554457499,0.15728255482080383,0.002904842874423691,0.001904842874423691,1,0.001,0.002904842874423691,0.0
2020-06-07,9662.86,9738.6,9803.14,9450.4,23856639264.762486,179167717944.46164,0.0,0.0,time,-0.028,41.0,41.0,1.246475338935852,0.40377070809282906,16.554599031805992,2.981000196661902,16.554599031805992,3.5756868662708183,0.23175365386301217,0.43101513385772705,8.0,8.0,0.18021291494369507,0.06800774857401848,0.5440619885921478,0.24282267807202706,0.5440619885921478,1.812157953112518,0.05239563681407068,0.18488620393816288,0.00703596920204082,0.0,0,0.0,0.0,0.0
2020-06-08,9742.76,9773.03,9787.31,9662.63,21154971285.09144,179810911053.20026,0.0,0.0,time,-0.0316,41.0,41.0,1.2912025451660156,0.41360083040667744,16.957634046673775,3.060643933253614,16.957634046673775,3.575052874394556,0.23960586349788934,0.5497064292430878,8.0,8.0,0.18667948246002197,0.07044805958867073,0.5635844767093658,0.2515358570280697,0.5635844767093658,1.8121579157265812,0.054275748005410164,0.2490954935078518,0.0035291808768206892,0.0,0,0.0,0.0,0.0
2020-06-09,9773.3,9767.01,9848.11,9623.74,22844271951.206215,179709840753.7975,1.0,0.0,time,-0.0441,41.0,41.0,1.3702175617218018,0.42597812341480723,17.465103060007095,3.101578227174548,17.465103060007095,3.5918145166266178,0.23058968270317473,1.215024545788765,8.0,8.0,0.19810330867767334,0.07475912198424339,0.5980729758739471,0.26692857381374197,0.5980729758739471,1.8121578582573243,0.05759714940797679,0.3479360842948339,-0.0006161707131066507,-0.001,1,0.001,-0.0,1.0
2020-06-10,9767.14,9874.9,9956.58,9717.88,24398738299.650776,181705166673.57462,1.0,0.0,lower,-0.0572,41.0,41.0,1.47230064868927,0.4501532883178897,18.456284821033478,3.3014763002761573,18.456284821033478,3.584365731465018,0.2514149450786715,1.136541873216629,8.0,8.0,0.21286225318908691,0.08032876998186111,0.6426301598548889,0.2868150794254626,0.6426301598548889,1.812157893182791,0.061888205147916105,0.40092360693150986,0.010985803832975856,0.010985803832975856,0,0.0,0.010985803832975856,1.0
2020-06-11,9885.96,9326.0,9928.07,9252.22,31225155444.61979,171615707160.27472,1.0,1.0,time,0.0211,41.0,41.0,1.5913822650909424,0.4784180892676842,19.615141659975052,3.5224716562109535,19.615141659975052,3.5819698069616575,0.2715613381337776,1.1678315103054047,7.0,7.0,0.21958905458450317,0.1017644831112453,0.712351381778717,0.32603488959542204,0.712351381778717,1.7147394022503983,0.06949478816347775,0.3411118520685862,-0.0571899857675038,-0.0571899857675038,0,0.0,-0.0571899857675038,1.0
2020-06-12,9317.7,9469.53,9536.45,9247.18,23601462338.138706,174266571295.67957,1.0,0.0,time,-0.0007,41.0,41.0,1.7053333520889282,0.5114759552042659,20.9705141633749,3.7649546802845646,20.9705141633749,3.582953181492576,0.2900365822914659,1.355372503399849,7.0,7.0,0.30881792306900024,0.11955204180308751,0.8368642926216125,0.4025707446234996,0.8368642926216125,1.6591118136139202,0.09412330023637587,0.4344728190369402,0.015273077168401471,0.015273077168401471,0,0.0,0.015273077168401471,1.0
2020-06-13,9469.6,9469.47,9485.42,9379.75,19693461096.502857,174275005803.05463,0.0,0.0,time,-0.0074,41.0,41.0,1.8360379934310913,0.5174412996303744,21.215093284845352,3.770797876361536,21.215093284845352,3.5935901233505776,0.2811713817829324,1.305576577782631,7.0,7.0,0.3324871063232422,0.12871507235935756,0.9010055065155029,0.43342560940268543,0.9010055065155029,1.6591119883560552,0.10133732207601549,0.49714846166298415,-6.336131791648622e-06,-0.0010063361317916486,1,0.001,-6.336131791648622e-06,0.0
2020-06-14,9470.83,9345.96,9471.21,9279.0,18836155988.901707,172116372679.33923,0.0,0.0,time,-0.0036,41.0,41.0,2.0052926540374756,0.5625588014358427,23.064910858869553,4.110427122166944,23.064910858869553,3.590271824123399,0.3092178377563582,1.8574050664901733,8.0,8.0,0.3631373643875122,0.12560193240642548,1.0048154592514038,0.4738354212234785,1.0048154592514038,1.7254130595360948,0.11085646294432111,0.6281389279864146,-0.013128775059505356,-0.0,0,0.0,-0.0,0.0
2020-06-15,9334.2,9431.72,9493.27,8959.1,29160908896.896835,173598215783.88248,0.0,0.0,time,-0.0076,41.0,41.0,2.197960615158081,0.6104359528640422,25.027874067425728,4.461526776020391,25.027874067425728,3.5914006121772797,0.3359481311095736,1.9629632085561752,8.0,8.0,0.3980274796485901,0.14418001472949982,1.1534401178359985,0.5636372715514238,1.1534401178359985,1.6295159020585723,0.13756087775178993,0.6371136097020412,0.009134312256468803,0.0,0,0.0,0.0,0.0
2020-06-16,9426.91,9524.93,9568.47,9387.4,26391020757.045525,175075304218.30185,0.0,0.0,time,-0.0241,41.0,41.0,2.4355289936065674,0.6749424280189886,27.672639548778534,4.938538424957518,27.672639548778534,3.5901212956082533,0.37324298134433187,2.644765481352806,9.0,9.0,0.44104862213134766,0.16349345445632935,1.4714410901069641,0.6546571204783923,1.4714410901069641,1.79971614864158,0.14453179524953658,0.8202460186171707,0.00983409528469309,0.0,0,0.0,0.0,0.0
2020-06-17,9523.07,9463.36,9531.78,9287.02,23643218251.137486,174231189757.1904,0.0,1.0,time,0.0225,41.0,41.0,1.4512042999267578,0.7115943893426802,29.17536996304989,4.947614607819606,29.17536996304989,3.6227007509886877,0.3011304204447575,3.7500015050172806,9.0,9.0,0.5082144737243652,0.18965897957483926,1.7069308161735535,0.7548210919619446,1.7069308161735535,1.8144991552857914,0.16533471910383582,1.0869192429977366,-0.00648507219797079,-0.0,0,0.0,-0.0,0.0
2020-06-18,9460.75,9399.77,9468.36,9298.65,20601074385.503212,173034439845.62103,0.0,1.0,time,0.0236,41.0,41.0,1.4889745712280273,0.7268722944143342,29.8017640709877,5.064859266819741,29.8017640709877,3.6200249092864882,0.3119850983314513,0.7805745154619217,9.0,9.0,0.5214416980743408,0.19459519783655801,1.7513567805290222,0.7744666541275415,1.7513567805290222,1.814499283574685,0.16963784272714183,0.36991313169741713,-0.006742278814921107,-0.0,0,0.0,-0.0,0.0
2020-06-19,9394.75,9312.78,9424.08,9268.97,23738525501.71876,171101646024.0128,0.0,0.0,time,-0.0027,41.0,41.0,1.5529851913452148,0.7536529829589332,30.89977230131626,5.248584918604104,30.89977230131626,3.620993870524014,0.32233666993437327,1.2140931636095047,10.0,10.0,0.38511109352111816,0.18849263787269593,1.8849263787269592,0.7064065563034825,1.8849263787269592,2.080103462261476,0.1198813903266359,0.9212157154731722,-0.009297570523738105,-0.0,0,0.0,-0.0,0.0
2020-06-20,9321.94,9360.25,9392.16,9261.39,19774464252.766605,172323213442.3655,0.0,0.0,time,-0.0109,41.0,41.0,1.5914549827575684,0.7577951161599741,31.069599762558937,5.291122667491071,31.069599762558937,3.6192720640432663,0.3295076934342068,0.7092955112457275,11.0,11.0,0.39465081691741943,0.1646714969114824,1.8113864660263062,0.7052179568551357,1.8113864660263062,2.0263018713284895,0.13451888878017368,0.696819715548734,0.0050843491667551515,0.0,0,0.0,0.0,0.0
2020-06-21,9360.74,9298.36,9404.09,9294.87,18986237382.053703,171192409474.1401,0.0,0.0,time,-0.0143,41.0,41.0,1.4643712043762207,0.7331915036207293,30.060851648449898,5.116093392046273,30.060851648449898,3.6182057323193355,0.31753818959464664,1.1150671541690826,12.0,12.0,0.4002569913864136,0.1462307721376419,1.7547692656517029,0.6653969474863671,1.7547692656517029,2.0945451222598415,0.12454980030912795,0.30991778751631155,-0.006633959011778016,-0.0,0,0.0,-0.0,0.0
2020-06-22,9298.53,9678.68,9738.18,9294.22,24768621256.838917,178128652479.62244,-1.0,1.0,lower,-0.0544,41.0,41.0,1.4882638454437256,0.7324297115570162,30.02961817383766,5.12973770698534,30.02961817383766,3.615158742362939,0.32458695573763197,0.7131005674600601,13.0,13.0,0.406787633895874,0.13483251975132868,1.752822756767273,0.6600289515461361,1.752822756767273,2.13995803921513,0.1238177034398958,0.34650210356765804,0.04008748783101387,-0.001,1,0.001,0.0,1.0
2020-06-23,9678.71,9624.68,9705.72,9580.54,17756804210.055347,177187041226.59833,-1.0,1.0,lower,-0.0488,41.0,41.0,1.4990462064743042,0.7123598968837319,29.20675577223301,4.989337820255712,29.20675577223301,3.615562891703793,0.31575578531740156,1.1050299853086472,13.0,13.0,0.4155970811843872,0.1332678244664119,1.7324817180633545,0.6566559063051449,1.7324817180633545,2.1370925208888853,0.12413172587441645,0.4208948030101776,-0.005594895485840424,0.005594895485840424,0,0.0,0.005594895485840424,1.0
2020-06-24,9624.24,9288.06,9666.5,9237.38,23183760291.75444,171028279701.5032,-1.0,1.0,time,-0.0111,41.0,41.0,1.521124005317688,0.7076717244415749,29.01454070210457,4.985250363115926,29.01454070210457,3.61018429974211,0.32459923246565103,0.7263971120119095,11.0,11.0,0.42171788215637207,0.12584980509497903,1.3843478560447693,0.5636286487931279,1.3843478560447693,2.0416105859960325,0.11419972371940822,0.5564436195058178,-0.03560092854487034,0.03560092854487034,0,0.0,0.03560092854487034,1.0
2020-06-25,9290.68,9258.67,9330.32,9061.2,23499175984.21671,170495281892.45944,-1.0,1.0,time,-0.0118,41.0,41.0,1.5285707712173462,0.708963501744154,29.067503571510315,5.003900320732928,29.067503571510315,3.6074485369628153,0.32875297646106694,0.22055116295814514,11.0,11.0,0.4237825870513916,0.12182514234022661,1.3400765657424927,0.5562233261678518,1.3400765657424927,2.0237025047330524,0.11525835414598219,0.12440681035980741,-0.003169294490238729,0.003169294490238729,0,0.0,0.003169294490238729,1.0
2020-06-26,9258.25,9166.49,9296.76,9078.64,22429204010.635517,168807143703.19455,-1.0,0.0,time,0.007,41.0,41.0,1.559063196182251,0.7081534404580186,29.034291058778763,5.02012212156829,29.034291058778763,3.6034957827223826,0.3364409494422476,0.5999513566493988,10.0,10.0,0.43223631381988525,0.1345812737941742,1.345812737941742,0.5669304039630183,1.345812737941742,1.97464520708488,0.11844361121523034,0.3617716246444485,-0.01000596674138487,0.01000596674138487,0,0.0,0.01000596674138487,1.0
2020-06-27,9150.77,9013.91,9204.79,8923.1,21515626881.09779,166004979429.79742,-1.0,0.0,time,0.0089,41.0,41.0,1.5600826740264893,0.6835135857506496,28.024057015776634,4.8905162675136555,28.024057015776634,3.5925671388415683,0.3408141495073649,1.0046138203936286,9.0,9.0,0.244198739528656,0.10157485802968343,0.9141737222671509,0.3670938051620282,0.9141737222671509,1.984147082233224,0.06823227953475788,0.3157652639821255,-0.016785503341414817,0.016785503341414817,0,0.0,0.016785503341414817,1.0
2020-06-28,9029.79,9139.9,9186.4,8964.34,19665935216.70147,168334049772.4726,-1.0,1.0,time,-0.0075,41.0,41.0,1.5540188550949097,0.6835405906526054,28.02516421675682,4.886434312311904,28.02516421675682,3.5933660077079956,0.33932871273280085,0.16776670515537262,6.0,6.0,0.17993688583374023,0.08902974923451741,0.5341784954071045,0.265901864211239,0.5341784954071045,1.554620893167955,0.06211014932956589,0.3112007803603885,0.013880504737162078,-0.013880504737162078,0,0.0,-0.013880504737162078,1.0
2020-06-29,9133.24,9185.17,9228.03,9036.84,19754459582.74716,169175896894.16483,-1.0,1.0,time,-0.0057,41.0,41.0,1.6432875394821167,0.7045222513559388,28.88541230559349,5.057841651728302,28.88541230559349,3.587997284002641,0.3572027662566125,1.0619192719459534,6.0,6.0,0.18667852878570557,0.0948521892229716,0.5691131353378296,0.27791991112982145,0.5691131353378296,1.5845415285474749,0.062260006157063355,0.3224065017852553,0.0049407824463109755,-0.0049407824463109755,0,0.0,-0.0049407824463109755,1.0
2020-06-30,9185.76,9149.72,9198.32,9080.43,19741435780.48584,168558715595.07886,-1.0,1.0,time,-0.0068,41.0,41.0,1.8316831588745117,0.7289839528682756,29.888342067599297,5.288897221672217,29.888342067599297,3.5775537706798928,0.3883772391755463,1.4485450834035873,7.0,7.0,0.19885718822479248,0.09109430653708321,0.6376601457595825,0.2977135725670098,0.6376601457595825,1.7028339925980494,0.06605859142383443,0.5052767400776444,-0.003866949207169365,0.003866949207169365,0,0.0,0.003866949207169365,1.0
2020-07-01,9139.51,9230.67,9287.11,9107.18,20005031554.019035,170031996602.76715,-1.0,0.0,time,0.012,41.0,41.0,1.9148430824279785,0.7668207436800003,31.439650490880013,5.543535259234074,31.439650490880013,3.581476190477614,0.4018920799174548,1.551308423280716,8.0,8.0,0.4515279531478882,0.13976731896400452,1.1181385517120361,0.5483991538860971,1.1181385517120361,1.6897244360931092,0.1343793159213412,0.7883076032333074,0.00880835753641694,-0.00880835753641694,0,0.0,-0.00880835753641694,1.0
2020-07-02,9230.78,9094.32,9256.43,8989.76,19379463385.296654,167604994105.34857,-1.0,0.0,time,0.0174,41.0,41.0,1.8937159776687622,0.7689229962302417,31.52584284543991,5.514267758143619,31.52584284543991,3.592818307031343,0.3878082053341062,0.6145973056554794,8.0,8.0,0.4465460777282715,0.1382252275943756,1.1058018207550049,0.5423484954558342,1.1058018207550049,1.6897244794398518,0.1328966620042954,0.16362255991286973,-0.01488159244292554,0.01488159244292554,0,0.0,0.01488159244292554,1.0
2020-07-03,9086.49,9071.39,9125.17,9062.16,17420495829.39433,167116284671.21997,-1.0,0.0,upper,0.039,41.0,41.0,1.8943101167678833,0.7550456527529693,30.956871762871742,5.465171385806673,30.956871762871742,3.5809233161979344,0.39799028143706644,0.5817263573408127,8.0,8.0,0.44668614864349365,0.13826856017112732,1.1061484813690186,0.54251860088072,1.1061484813690186,1.6897241735123414,0.13293836656849703,0.004601667547051566,-0.0025245379540130486,0.0025245379540130486,0,0.0,0.0025245379540130486,1.0
2020-07-04,9061.53,9132.91,9173.32,9058.61,16643732672.692139,168258822207.29507,-1.0,0.0,time,0.0112,41.0,41.0,1.8794416189193726,0.7490610694739877,30.711503848433495,5.422095651398125,30.711503848433495,3.5808657136918636,0.39491676600816866,0.24536791443824768,8.0,8.0,0.4431800842285156,0.137183278799057,1.097466230392456,0.5382603279103956,1.097466230392456,1.6897241922428443,0.1318949225452444,0.11515238615242669,0.006758868420950951,-0.006758868420950951,0,0.0,-0.006758868420950951,1.0
2020-07-05,9137.07,9087.41,9144.53,8953.22,17324463886.377956,167429736492.90482,-1.0,0.0,upper,0.0372,41.0,41.0,1.8573839664459229,0.733450982992242,30.071490302681923,5.318866862984096,30.071490302681923,3.579817661417869,0.38994623092779573,0.6400135457515717,8.0,8.0,0.4379788637161255,0.13557328283786774,1.084586262702942,0.5319432433719302,1.084586262702942,1.6897242118640248,0.13034698597088692,0.17082948043777751,-0.004994434190037039,0.004994434190037039,0,0.0,0.004994434190037039,1.0
2020-07-06,9086.76,9342.38,9346.13,9063.12,21987059041.689262,172136257752.3712,-1.0,1.0,time,-0.0116,41.0,41.0,1.8703465461730957,0.7281738228914214,29.85512673854828,5.2761232427160465,29.85512673854828,3.582682175301344,0.385649743218108,0.6266075223684311,8.0,8.0,0.44103550910949707,0.1365194320678711,1.0921554565429688,0.5356556255269511,1.0921554565429688,1.6897242027907957,0.13125666959320423,0.10039134921112507,0.027671098670611207,-0.027671098670611207,0,0.0,-0.027671098670611207,1.0
2020-07-07,9336.68,9253.63,9364.97,9215.17,18945747769.31741,170510411872.0138,-1.0,0.0,time,0.0047,41.0,41.0,1.8897199630737305,0.7115676145001155,29.174272194504738,5.19861448794306,29.174272194504738,3.575970514890804,0.3909377507690431,0.9078868180513382,8.0,8.0,0.4456038475036621,0.13793355226516724,1.103468418121338,0.5412041095984084,1.103468418121338,1.6897242882784274,0.1326162553772656,0.15004093697446702,-0.00954513079201568,0.00954513079201568,0,0.0,0.00954513079201568,1.0
2020-07-08,9256.85,9432.17,9459.45,9232.02,20708592426.03485,173809293389.63837,-1.0,1.0,time,-0.0205,41.0,41.0,1.9208177328109741,0.7175957342473472,29.421425104141235,5.266761135988251,29.421425104141235,3.5697839050797935,0.4020096987468146,0.568713441491127,7.0,7.0,0.43730807304382324,0.15329301357269287,1.07305109500885,0.5363043985540974,1.07305109500885,1.614731838172494,0.13262792845135682,0.22778882407470288,0.01911027984628535,-0.01911027984628535,0,0.0,-0.01911027984628535,1.0
2020-07-09,9431.6,9235.72,9431.6,9178.19,19480413474.236183,170198606143.6283,0.0,0.0,time,0.0012,41.0,41.0,1.9222385883331299,0.6866796049402981,28.153863802552223,5.0699048229067705,28.153863802552223,3.563714117143336,0.39420345248063715,1.1977199832574783,6.0,6.0,0.20868849754333496,0.10603553056716919,0.6362131834030151,0.31068741684427675,0.6362131834030151,1.584541730801619,0.06960060886874835,0.3172901455671601,-0.021047611943058073,0.020047611943058073,1,0.001,0.021047611943058073,0.0
2020-07-10,9232.79,9282.91,9292.82,9135.24,18224423467.7428,171104767641.88345,0.0,1.0,time,-0.0086,41.0,41.0,1.945947527885437,0.7015192305169454,28.762288451194763,5.188564965569912,28.762288451194763,3.5609189629250384,0.40556819341033157,0.60842464864254,7.0,7.0,0.22925841808319092,0.1034812501498631,0.7243687510490417,0.3389532830115134,0.7243687510490417,1.7039106376005357,0.07552742561124336,0.16749849506480452,0.0050965003506147875,-0.0,0,0.0,-0.0,0.0
2020-07-11,9285.55,9234.31,9291.49,9187.07,16167064476.282873,170191069703.26535,0.0,1.0,time,-0.0107,41.0,41.0,1.9541130065917969,0.6723267977557531,27.565398707985878,4.99248876213361,27.565398707985878,3.56084964878691,0.3948444521713327,1.2634893208742142,7.0,7.0,0.23022055625915527,0.10287680796214513,0.7201376557350159,0.3394146544032317,0.7201376557350159,1.6930405487897828,0.07664094794029087,0.10966457568351715,-0.005249180124577143,0.0,0,0.0,0.0,0.0
2020-07-12,9234.65,9297.48,9304.68,9179.38,17173962879.687658,171364106456.32056,0.0,1.0,time,-0.0153,41.0,41.0,1.96353280544281,0.6794175022258991,27.856117591261864,5.02540410653363,27.856117591261864,3.566767678925563,0.39288652238674016,0.2907188832759857,7.0,7.0,0.3550330400466919,0.14299447195870535,1.0009613037109375,0.47797755875560405,1.0009613037109375,1.6589666270631385,0.11040872998527149,0.3536383729872516,0.00681750059431972,-0.0,0,0.0,-0.0,0.0
2020-07-13,9305.58,9240.76,9322.91,9213.88,18245667827.005356,170370727819.23874,-1.0,1.0,time,-0.0079,41.0,41.0,1.8632603883743286,0.6637244775164418,27.212703578174114,4.848345142424246,27.212703578174114,3.573444219156082,0.3644144369391023,1.4983220621943474,7.0,7.0,0.3725924491882324,0.14919182232448033,1.0443427562713623,0.5011230864809851,1.0443427562713623,1.6496115095387696,0.11669064650037828,0.5241669336627932,-0.006119262345473923,-0.001,1,0.001,0.0,1.0
2020-07-14,9241.6,9247.06,9269.29,9149.1,19147263017.229504,170451532161.73575,0.0,1.0,time,-0.0048,41.0,41.0,1.929009199142456,0.6724662204704633,27.571115039288998,4.989095918584046,27.571115039288998,3.559729194406544,0.3935589508699774,1.1661531031131744,7.0,7.0,0.23160898685455322,0.11942006860460554,0.8359404802322388,0.37430040339381293,0.8359404802322388,1.743687622718815,0.07585015536481896,0.6337300356019919,0.0006815298119359188,-0.0016815298119359189,1,0.001,-0.0006815298119359188,0.0
2020-07-15,9250.33,9203.37,9265.92,9176.8,16565948994.90621,169758848797.9732,0.0,1.0,time,-0.0044,41.0,41.0,2.0179364681243896,0.6665879244484553,27.330104902386665,4.92764820799882,27.330104902386665,3.5640232666799583,0.3845744864244404,1.2154533192515373,7.0,7.0,0.24228620529174805,0.1249253409249442,0.8744773864746094,0.3915556698083972,0.8744773864746094,1.7436876510421049,0.07934684881906402,0.4674293061582985,-0.004735941835582958,0.0,0,0.0,0.0,0.0
2020-07-16,9199.28,9136.48,9217.81,9054.65,18760484380.276333,168496782960.8989,0.0,0.0,upper,0.0268,41.0,41.0,2.0121114253997803,0.6498094711725305,26.64218831807375,4.837892781534431,26.64218831807375,3.5576496940696023,0.3854949388733754,0.6879165843129158,8.0,8.0,0.2415868043899536,0.11781734228134155,0.9425387382507324,0.39675474123085624,0.9425387382507324,1.8792099893339282,0.07613057496109348,0.08369884878071415,-0.007294530391700479,0.0,0,0.0,0.0,0.0
2020-07-17,9134.07,9156.28,9185.01,9094.57,16500659021.756384,168760444137.05035,0.0,0.0,upper,0.0384,41.0,41.0,1.999349594116211,0.6068997294074152,24.88288890570402,4.503525540784922,24.88288890570402,3.5618533337732794,0.35545655124544673,1.629217787044495,7.0,7.0,0.24005448818206787,0.12716798271451676,0.8901758790016174,0.391500023778476,0.8901758790016174,1.7697402451065831,0.07565938505168109,0.09579943494363678,0.002164791724423648,-0.0,0,0.0,-0.0,0.0
2020-07-18,9155.17,9168.4,9196.82,9127.46,15638459042.903372,169031588403.36658,0.0,0.0,upper,0.037,41.0,41.0,1.9829729795455933,0.5948344968804499,24.388214372098446,4.500485221846059,24.388214372098446,3.5369619684613154,0.37440736931899027,1.0011419854006025,7.0,7.0,0.22977560758590698,0.11718612909317017,0.8203029036521912,0.3533953118294338,0.8203029036521912,1.7964994013814368,0.06409827773498038,0.35806513785259264,0.0013228063755889323,-0.0,0,0.0,-0.0,0.0
2020-07-19,9171.16,9202.62,9218.76,9106.67,16085385661.984406,169692625141.8043,0.0,0.0,upper,0.0333,41.0,41.0,2.018584728240967,0.5879581770518931,24.106285259127617,4.537790665526353,24.106285259127617,3.515446343100015,0.3956487906633586,0.9730664119124413,7.0,7.0,0.3269944190979004,0.12718829938343593,0.8903180956840515,0.44032322755285236,0.8903180956840515,1.572274500332785,0.10733558870743884,0.2872020314114199,0.0037254370827461214,-0.0,0,0.0,-0.0,0.0
2020-07-20,9203.95,9163.16,9209.69,9143.17,17080393205.34609,168936986921.46805,0.0,0.0,upper,0.0239,41.0,41.0,2.0057499408721924,0.5757581816940773,23.60608544945717,4.502933633171874,23.60608544945717,3.5028378999776963,0.40379342912108557,0.7671682983636856,8.0,8.0,0.23031938076019287,0.09567280113697052,0.7653824090957642,0.33392000422832785,0.7653824090957642,1.7957971145394578,0.06917034245676758,0.24484721549492725,-0.004297128760128359,0.0,0,0.0,0.0,0.0
2020-07-21,9160.04,9384.38,9408.09,9160.04,20048075731.25112,173036757675.6725,0.0,0.0,upper,0.0322,41.0,41.0,1.777334213256836,0.6052536157573142,24.81539824604988,4.566921288657162,24.81539824604988,3.538020388825016,0.3773191875784908,2.3231860399246216,9.0,9.0,0.2594295144081116,0.09866234991285536,0.8879611492156982,0.3770108569678407,0.8879611492156982,1.8751436454238437,0.07783804600913735,0.8648736397105938,0.023855507629256752,-0.0,0,0.0,-0.0,0.0
2020-07-22,9386.3,9514.3,9521.91,9301.37,19702428931.328556,175370017196.6754,-1.0,0.0,upper,0.0423,41.0,41.0,1.28572416305542,0.5683954221809783,23.30421230942011,4.132756345139358,23.30421230942011,3.573670317728,0.305784373816393,1.5433086827397346,8.0,8.0,0.259904146194458,0.09196975827217102,0.7357580661773682,0.33906946503004437,0.7357580661773682,1.7441179606656554,0.07689327882089883,0.1479532115219016,0.013749325001455502,-0.001,1,0.001,-0.0,1.0
2020-07-23,9517.84,9589.82,9619.81,9463.45,26966148756.408127,176821599773.56787,0.0,0.0,upper,0.0344,41.0,41.0,1.412765622138977,0.5715192629069816,23.43228977918625,4.181227478032339,23.43228977918625,3.5681621208748435,0.31586730156937093,0.47699596732854843,9.0,9.0,0.2615206837654114,0.0856241484483083,0.7706173360347748,0.34301900217878745,0.7706173360347748,1.8370004911896871,0.07577641283425686,0.17719637596521615,0.00790618917617608,-0.008906189176176079,1,0.001,-0.00790618917617608,0.0
2020-07-24,9593.93,9535.94,9621.48,9470.46,35810926084.94321,175865705417.72916,0.0,0.0,upper,0.0401,41.0,41.0,1.5218315124511719,0.5844184054834086,23.961154624819756,4.301373082973552,23.961154624819756,3.563789350409878,0.3312382761680794,0.8231851905584335,9.0,9.0,0.2709358334541321,0.08641248279147679,0.777712345123291,0.3543270241947602,0.777712345123291,1.7836286272991662,0.08051472290141776,0.3771831335925088,-0.005634300810689392,0.0,0,0.0,0.0,0.0
2020-07-25,9541.32,9691.83,9715.95,9531.83,36726067828.3661,178740874539.49573,1.0,1.0,upper,0.1232,41.0,41.0,1.8092849254608154,0.5854596015883655,24.003843665122986,4.35623840637162,24.003843665122986,3.5557646119517883,0.34653449145105303,0.7284714430570602,9.0,9.0,0.2690088152885437,0.07756418983141582,0.6980777084827423,0.3407019738821561,0.6980777084827423,1.6807171343938814,0.08295380448670225,0.13997295643615332,0.016215444204183877,-0.001,1,0.001,-0.0,1.0
2020-07-26,9696.22,9925.75,10081.11,9653.21,19713211084.56171,183064851468.00018,1.0,1.0,upper,0.0993,41.0,41.0,1.2489430904388428,0.5451567669103785,22.35142744332552,3.9647857560097077,22.35142744332552,3.5742908084907157,0.29361058373885107,1.6524162217974663,9.0,9.0,0.25616562366485596,0.07386104928122626,0.6647494435310364,0.32443592962740436,0.6647494435310364,1.680716860940201,0.07899337597045328,0.3628631017102389,0.023849127907785973,0.023849127907785973,0,0.0,0.023849127907785973,1.0
2020-07-27,9927.22,10962.26,11326.57,9920.32,34694788843.590096,202191797991.40768,1.0,1.0,upper,0.0747,41.0,41.0,3.3483211994171143,0.46373550030516414,19.01315551251173,4.398301360940775,19.01315551251173,3.3789358257071647,0.5067346368056077,7.194174234524921,10.0,10.0,0.18162357807159424,0.047977614402771,0.47977614402770996,0.23018348196085875,0.47977614402770996,1.7397744580023486,0.054741136752733954,0.6208616623453406,0.0993260741733698,0.0993260741733698,0,0.0,0.0993260741733698,1.0
2020-07-28,11043.5,10904.92,11229.86,10626.71,27637575180.450962,201144184191.06567,1.0,1.0,upper,0.0799,41.0,41.0,2.6249399185180664,0.3837294053377175,15.732905618846416,3.5430154947506165,15.732905618846416,3.3999694541234007,0.3986495581484028,3.145014762793331,10.0,10.0,0.15116548538208008,0.0399318128824234,0.399318128824234,0.191581942380109,0.399318128824234,1.739774254989732,0.04556110605040954,0.3731035714968104,-0.005244401099912464,-0.005244401099912464,0,0.0,-0.005244401099912464,1.0
2020-07-29,10907.62,11093.61,11300.41,10849.45,23642111784.048485,204969785090.6761,1.0,1.0,upper,0.0628,41.0,41.0,2.229997396469116,0.332506685358722,13.632774099707603,3.062640485595599,13.632774099707603,3.39499913195763,0.3438227782246657,2.098618005888253,9.0,9.0,0.12842148542404175,0.037028181884023875,0.3332536369562149,0.16264690884614935,0.3332536369562149,1.6807170058687975,0.03960112326476559,0.33533246596376565,0.017155203335431933,0.017155203335431933,0,0.0,0.017155203335431933,1.0
2020-07-30,11100.32,11116.31,11162.14,10920.21,22265381996.186665,205200775318.21756,1.0,1.0,upper,0.0607,41.0,41.0,1.9783309698104858,0.2902286208075721,11.899373453110456,2.6707189105893465,11.899373453110456,3.4025319408571333,0.299560684580875,1.6757987991780405,9.0,9.0,0.11392849683761597,0.03284937474462721,0.2956443727016449,0.1442914212483676,0.2956443727016449,1.6807170412075025,0.03513194408362931,0.2935658395773312,0.0020441323430506943,0.0020441323430506943,0,0.0,0.0020441323430506943,1.0
2020-07-31,11095.67,11325.55,11436.35,10977.94,22329797905.441616,208933774575.1489,1.0,1.0,time,0.0342,41.0,41.0,1.894862174987793,0.29660554384676424,12.160827297717333,3.0176537730026443,12.160827297717333,3.2774418269251573,0.36623548000689354,2.149338148534298,8.0,8.0,0.03878229856491089,0.015023892745375633,0.12019114196300507,0.058033002798713686,0.12019114196300507,1.58250525834646,0.01397359379346946,0.26662215472066064,0.018647836090462385,0.018647836090462385,0,0.0,0.018647836090462385,1.0
2020-08-01,11344.97,11812.09,11845.98,11238.91,26198946496.277836,217741425308.62857,1.0,0.0,lower,-0.0652,41.0,41.0,1.639686942100525,0.2721485017639835,11.158088572323322,2.7180469890203334,11.158088572323322,3.2777092992938277,0.3257682232708493,1.5468882732093334,8.0,8.0,0.02641133964061737,0.010800251737236977,0.08640201389789581,0.040622528426531614,0.08640201389789581,1.6263392031636543,0.009467221840796581,0.12475897150480017,0.04206234791151803,0.04206234791151803,0,0.0,0.04206234791151803,1.0
2020-08-02,11803.59,11066.31,12071.86,10956.98,27584591853.069736,204126077224.646,1.0,1.0,time,0.0446,41.0,41.0,1.5575648546218872,0.26894911633032126,11.026913769543171,2.6413789409026482,11.026913769543171,3.2838381186482892,0.3127846604090233,0.640876978635788,8.0,8.0,0.030338764190673828,0.014039576053619385,0.11231660842895508,0.049086304364428,0.11231660842895508,1.765137701920193,0.01020164024822945,0.08103065899445916,-0.06521822540347325,-0.06521822540347325,0,0.0,-0.06521822540347325,1.0
2020-08-03,11069.45,11230.91,11463.57,11019.46,20583344056.841503,207218525401.74573,1.0,1.0,time,0.0443,41.0,41.0,1.476409912109375,0.2623588896197517,10.756714474409819,2.539747345308344,10.756714474409819,3.2924657805837034,0.29747707075147123,0.6336030028760433,7.0,7.0,0.028757989406585693,0.0145902761391231,0.1021319329738617,0.04632656949761023,0.1021319329738617,1.6626528820242759,0.009680746257434735,0.0975074369343859,0.01476444059551413,0.01476444059551413,0,0.0,0.01476444059551413,1.0
2020-08-04,11252.17,11181.92,11381.93,11060.59,20527193170.963608,206583502227.55646,1.0,1.0,time,0.0438,41.0,41.0,1.4129796028137207,0.27717994198929974,11.364377621561289,2.7896721682693784,11.364377621561289,3.2258616592800053,0.3361290865755958,1.1596987918019295,6.0,6.0,0.02752244472503662,0.013998982807000479,0.08399389684200287,0.04215015337291216,0.08399389684200287,1.4621548746513362,0.01000671700722277,0.0700415949450711,-0.004371610191174663,-0.004371610191174663,0,0.0,-0.004371610191174663,1.0
2020-08-05,11194.9,11719.26,11770.67,11131.96,22359870185.20913,216249264843.70206,1.0,1.0,time,0.0122,41.0,41.0,1.3185133934020996,0.27791272217362395,11.39442160911858,2.753409650791665,11.39442160911858,3.223960561942132,0.32813627367257225,0.9943006057292223,5.0,5.0,0.021238014101982117,0.01053919792175293,0.05269598960876465,0.029789813449501424,0.05269598960876465,1.2339767615641253,0.008149349927284869,0.07182901919653463,0.0469354540000692,0.0469354540000692,0,0.0,0.0469354540000692,1.0
2020-08-06,11747.24,11768.13,11897.88,11581.44,21793317050.968628,217128467890.10898,1.0,0.0,time,-0.0319,41.0,41.0,1.241218090057373,0.2769343138377114,11.354306867346168,2.6996540094664763,11.354306867346168,3.2272791072310327,0.3179098886522029,0.8778028897941113,4.0,4.0,0.01587817072868347,0.0074034519493579865,0.029613807797431946,0.019665080855275817,0.029613807797431946,0.9376607645367063,0.006470529382877515,0.04649546836679677,0.004161387921269218,0.004161387921269218,0,0.0,0.004161387921269218,1.0
2020-08-07,11766.21,11571.49,11885.07,11394.55,21624736673.079872,213579066889.25037,1.0,1.0,time,0.0007,41.0,41.0,1.1908318996429443,0.2590503418681825,10.621064016595483,2.506986269986859,10.621064016595483,3.2454638390141843,0.2935730221788312,0.8376002721488476,4.0,4.0,0.015233613550662994,0.007102919742465019,0.028411678969860077,0.01886680402805019,0.028411678969860077,0.9376610810566459,0.006207866355706556,0.023192995150103354,-0.016850715899975794,-0.016850715899975794,0,0.0,-0.016850715899975794,1.0
2020-08-08,11597.34,11739.13,11798.35,11550.33,17286825185.217506,216526346494.08014,1.0,1.0,time,0.0022,41.0,41.0,1.1415667533874512,0.24566034777317106,10.072074258700013,2.3879181669332046,10.072074258700013,3.24365743332017,0.2805849250501003,0.5489897578954697,4.0,4.0,0.014603391289710999,0.006809070706367493,0.02723628282546997,0.018086278576854863,0.02723628282546997,0.9376609012170842,0.005951043967707507,0.022617538418053085,0.014383391787177225,0.014383391787177225,0,0.0,0.014383391787177225,1.0
2020-08-09,11761.84,11682.85,11793.69,11534.05,17051550190.814676,215621627427.59085,1.0,1.0,time,0.0057,41.0,41.0,1.102577805519104,0.25542080584095744,10.472253039479256,2.429054249419691,10.472253039479256,3.2571018994187475,0.2804818691722902,0.7049407307058573,4.0,4.0,0.014104627072811127,0.006576506420969963,0.026306025683879852,0.01746855121079779,0.026306025683879852,0.9376596080740576,0.005747793806845119,0.01841940855961915,-0.004805751547620621,-0.004805751547620621,0,0.0,-0.004805751547620621,1.0
2020-08-10,11689.72,11862.94,12046.96,11658.77,24145919191.344177,218920276229.41245,1.0,1.0,time,0.0002,41.0,41.0,1.0632861852645874,0.251150328938554,10.297163486480713,2.347721042395246,10.297163486480713,3.2861989930057485,0.26712827356916374,0.46090152487158775,4.0,4.0,0.013601988554000854,0.006342146545648575,0.0253685861825943,0.01684603958934317,0.0253685861825943,0.9376600963546716,0.005542963075372882,0.018437482943534728,0.01529730043904831,0.01529730043904831,0,0.0,0.01529730043904831,1.0
2020-08-11,11884.58,11398.67,11926.26,11168.78,24448699831.26472,210825577055.42203,1.0,1.0,time,0.0432,41.0,41.0,1.0420979261398315,0.24921648744948027,10.217875985428691,2.2951147832339798,10.217875985428691,3.3013451843359656,0.2576199084270404,0.5583653170615435,4.0,4.0,0.013330943882465363,0.006215771660208702,0.02486308664083481,0.01651035604739237,0.02486308664083481,0.9376609459311436,0.005432508340634446,0.011165595814432248,-0.03992257299591679,-0.03992257299591679,0,0.0,-0.03992257299591679,1.0
2020-08-12,11397.76,11579.87,11616.07,11225.68,22803776234.97776,213770877597.90494,1.0,1.0,upper,0.0581,41.0,41.0,1.0184969902038574,0.2356506412076514,9.661676289513707,2.187331250989011,9.661676289513707,3.302053185179649,0.2473093150035478,0.5561996959149837,4.0,4.0,0.013029031455516815,0.006074994802474976,0.024299979209899902,0.01613643387177183,0.024299979209899902,0.9376595540291616,0.005309478568976273,0.01206579858742042,0.01577156390197726,0.01577156390197726,0,0.0,0.01577156390197726,1.0
2020-08-13,11565.94,11765.19,11765.19,11326.24,24755770184.138535,217185020504.78033,1.0,1.0,time,0.0156,41.0,41.0,0.9959622025489807,0.23129569053104737,9.483123311772943,2.125979980566515,9.483123311772943,3.3200959348366528,0.23820391566593832,0.3270620182156563,4.0,4.0,0.009183883666992188,0.004328323528170586,0.017313294112682343,0.011236031938591564,0.017313294112682343,0.9945390539137451,0.0035815804984318522,0.013164376664144979,0.015876925815507197,0.015876925815507197,0,0.0,0.015876925815507197,1.0
2020-08-14,11817.16,11750.0,11838.59,11648.4,21650925951.996807,216916952670.3025,0.0,0.0,time,-0.0014,41.0,41.0,0.9777116179466248,0.22841915615448138,9.365185402333736,2.090333631064205,9.365185402333736,3.326124007544966,0.23323321011522308,0.19532792456448078,2.0,2.0,0.009015589952468872,0.005234390497207642,0.010468780994415283,0.00913195632903766,0.010468780994415283,0.4028008040316671,0.0037811994552612305,0.011324344733645674,-0.0012919310550146123,-0.0022919310550146123,1,0.001,-0.0012919310550146123,0.0
2020-08-15,11777.39,11864.91,11968.39,11746.72,21285690552.515503,219049736823.3334,1.0,0.0,time,-0.0003,41.0,41.0,0.9607547521591187,0.22455347806397008,9.206692600622773,2.0334323429761305,9.206692600622773,3.342846763279782,0.22455659553481977,0.46298649720847607,3.0,3.0,0.017690956592559814,0.00932606061299642,0.027978181838989258,0.01983671098022742,0.027978181838989258,0.8058184611090612,0.006647527932528142,0.01877270454112674,0.009732063933771134,-0.001,1,0.001,0.0,1.0
2020-08-16,11851.63,11901.78,11923.77,11715.17,19209711614.40851,219750735622.69547,0.0,0.0,time,-0.033,41.0,41.0,0.9484981894493103,0.22009419618038142,9.023862043395638,1.9982995227962779,9.023862043395638,3.342080163018938,0.22125480950671783,0.19824962317943573,3.0,3.0,0.01746523380279541,0.00920707235733668,0.02762121707201004,0.019583615454937704,0.02762121707201004,0.8058188729950473,0.006562709047011386,0.014561219910220295,0.0031026642395298315,0.0021026642395298315,1,0.001,0.0031026642395298315,0.0
2020-08-17,11910.9,12272.47,12425.07,11783.84,25481896190.555748,226536103501.8635,0.0,0.0,lower,-0.0637,41.0,41.0,0.927243173122406,0.22330986036033165,9.155704274773598,1.988792821973475,9.155704274773598,3.3607509966328144,0.21587811859614353,0.3535627070814371,2.0,2.0,0.017073839902877808,0.009226012974977493,0.018452025949954987,0.017129372604081584,0.018452025949954987,0.26560553183442853,0.007847826927900314,0.02463053014773196,0.030670573693901054,0.0,0,0.0,0.0,0.0
2020-08-18,12263.64,11949.61,12353.33,11887.58,24825715158.705486,220980135332.21396,0.0,0.0,time,-0.0256,41.0,41.0,0.9170392155647278,0.223301736274507,9.155371187254786,1.9680274896071337,9.155371187254786,3.3778257806071452,0.21119416089822785,0.24667509086430073,2.0,2.0,0.016885966062545776,0.009124495089054108,0.018248990178108215,0.016940887952083636,0.018248990178108215,0.26560592582739545,0.007761470973491669,0.009698068272332508,-0.02665990059567909,-0.0,0,0.0,-0.0,0.0
2020-08-19,11952.93,11733.28,12008.66,11651.76,23384200655.888924,216660276172.5052,0.0,1.0,time,0.0022,41.0,41.0,0.9140345454216003,0.22638119589083078,9.281629031524062,1.9725794654413973,9.281629031524062,3.3914379864042146,0.2089394513477586,0.21397950500249863,1.0,1.0,0.16550716757774353,0.16550716757774353,0.16550716757774353,0.16550716757774353,0.16550716757774353,-0.0,0.0,0.12993522523394788,-0.01826939339062516,-0.0,0,0.0,-0.0,0.0
2020-08-20,11773.17,11861.84,11882.47,11674.37,20353349054.591465,219044968220.88754,0.0,0.0,time,-0.044,41.0,41.0,0.9091479182243347,0.22498934725072325,9.224563237279654,1.9544487933216124,9.224563237279654,3.3985798528580164,0.20627010614712168,0.27347453869879246,1.0,1.0,0.16462236642837524,0.16462236642837524,0.16462236642837524,0.16462236642837524,0.16462236642837524,-0.0,0.0,0.0032850993272332896,0.010897276403984876,0.0,0,0.0,0.0,0.0
2020-08-21,11858.19,11515.12,11876.64,11505.86,23406354443.011192,212896669545.7498,0.0,0.0,time,-0.0044,41.0,41.0,0.9141843914985657,0.23609338591738446,9.679828822612762,2.0105428603322544,9.679828822612762,3.417391271886401,0.20700766048047992,0.4552655853331089,1.0,1.0,0.16553431749343872,0.16553431749343872,0.16553431749343872,0.16553431749343872,0.16553431749343872,-0.0,0.0,0.0033858430127463434,-0.02966557046694982,-0.0,0,0.0,-0.0,0.0
2020-08-22,11518.83,11676.39,11688.0,11397.82,19572783953.57896,215641597239.98148,0.0,0.0,time,-0.0327,41.0,41.0,0.9190173745155334,0.2371241115942234,9.72208857536316,2.0070776408414477,9.72208857536316,3.433135071704134,0.20499964545432356,0.22299325466156006,1.0,1.0,0.166409432888031,0.166409432888031,0.166409432888031,0.166409432888031,0.166409432888031,-0.0,0.0,0.0032490602875196056,0.013907899875886623,0.0,0,0.0,0.0,0.0
2020-08-23,11675.64,11647.93,11717.05,11527.85,18467219109.184135,215347356765.4613,0.0,0.0,time,-0.0111,41.0,41.0,0.9249825477600098,0.23558548592576167,9.659004922956228,2.01261536236342,9.659004922956228,3.419875015224249,0.2080747537156681,0.16803469136357307,1.0,1.0,0.16748958826065063,0.16748958826065063,0.16748958826065063,0.16748958826065063,0.16748958826065063,-0.0,0.0,0.004010259092099363,-0.0024403724630997392,-0.0,0,0.0,-0.0,0.0
2020-08-24,11645.82,11758.83,11816.32,11596.38,20061559392.103256,217410678530.35837,0.0,0.0,time,-0.0239,41.0,41.0,0.9321847558021545,0.2369644342035782,9.715541802346706,2.027115769415179,9.715541802346706,3.4181101009390114,0.20993381514747797,0.08982595428824425,3.0,3.0,0.1687937080860138,0.06643154720465343,0.19929464161396027,0.17034608395352951,0.19929464161396027,0.5237143361766314,0.0725220355622819,0.026409299750563102,0.009475965904236733,0.0,0,0.0,0.0,0.0
2020-08-25,11756.17,11350.75,11758.88,11172.98,23423332918.936924,209658632328.37,1.0,1.0,time,0.0304,41.0,41.0,0.941368043422699,0.24930917180892898,10.221676044166088,2.103386074878766,10.221676044166088,3.4276841539987024,0.2138996454303088,0.5061342418193817,3.0,3.0,0.17045655846595764,0.06708598633607228,0.20125795900821686,0.17202422688305855,0.20125795900821686,0.523714220487064,0.07323647985956855,0.011269869415816997,-0.03532062668569907,-0.001,1,0.001,-0.0,1.0
2020-08-26,11319.69,11465.0,11525.1,11263.48,20869928785.800804,211778947737.22385,0.0,1.0,time,0.0179,41.0,41.0,0.9528011679649353,0.25264769474544174,10.358555484563112,2.1070269387564937,10.358555484563112,3.4510389715294525,0.21083442564838958,0.4126504622399807,3.0,3.0,0.17252680659294128,0.06790076692899068,0.20370230078697205,0.17411351490254315,0.20370230078697205,0.5237142323795121,0.07412595951730355,0.014030961659600022,0.010015095270442247,0.009015095270442246,1,0.001,0.010015095270442247,0.0
2020-08-27,11457.81,11300.4,11568.99,11140.14,21595917446.043972,208747591910.15524,0.0,1.0,upper,0.0513,41.0,41.0,0.9637970924377441,0.2580595581633289,10.580441884696484,2.140796948093259,10.580441884696484,3.4562382726544687,0.2125700696543956,0.22188640013337135,4.0,4.0,0.17451786994934082,0.06765412911772728,0.2706165164709091,0.1875838492800923,0.2706165164709091,0.9482033380748329,0.06496032589978272,0.05914764643608039,-0.014460792987986996,-0.0,0,0.0,-0.0,0.0
2020-08-28,11327.95,11519.12,11534.74,11283.58,19271253870.82992,212799723684.94672,1.0,0.0,time,-0.0088,41.0,41.0,0.9789242744445801,0.26253770355407785,10.764045845717192,2.1724929287061028,10.764045845717192,3.463337007202553,0.21491675348061912,0.30211682990193367,4.0,4.0,0.1772570013999939,0.06871597841382027,0.27486391365528107,0.1905280426224645,0.27486391365528107,0.9482032497105645,0.06597990653993305,0.029748401191893235,0.019170140139195855,-0.001,1,0.001,0.0,1.0
2020-08-29,11538.38,11481.48,11574.58,11436.93,18415439613.538937,212114842611.5429,1.0,0.0,lower,-0.1186,41.0,41.0,0.9957269430160522,0.27364011054358833,11.21924453228712,2.234670703877679,11.21924453228712,3.4781475784719738,0.21661012749889363,0.4551986865699291,5.0,5.0,0.18964773416519165,0.06298797130584717,0.31493985652923584,0.2042614075695386,0.31493985652923584,1.138440262770654,0.06615935304423409,0.14442245798897424,-0.0032729610184801996,-0.0032729610184801996,0,0.0,-0.0032729610184801996,1.0
2020-08-30,11463.66,11701.0,11704.42,11463.66,19909556666.601448,216179629567.18042,1.0,0.0,lower,-0.1375,41.0,41.0,1.013869047164917,0.28007353705967347,11.483015019446611,2.274792772253844,11.483015019446611,3.486740888309547,0.21856480448222945,0.37388455495238304,6.0,6.0,0.1717132031917572,0.04840231438477834,0.29041388630867004,0.18045618464744168,0.29041388630867004,1.312492994004586,0.055539370946344674,0.08179542558097698,0.018939005794224376,0.018939005794224376,0,0.0,0.018939005794224376,1.0
2020-08-31,11710.44,11672.32,11762.59,11574.4,21077276617.8664,215921598551.33038,1.0,0.0,lower,-0.1351,41.0,41.0,1.0337592363357544,0.2827506695942181,11.592777453362942,2.308048761575634,11.592777453362942,3.482134223263189,0.22356444470659478,0.20759618654847145,5.0,5.0,0.17508187890052795,0.05360407531261444,0.2680203765630722,0.18183941164210782,0.2680203765630722,1.1035265626756272,0.06115322914735694,0.06522723594564889,-0.00245408135376669,-0.00245408135376669,0,0.0,-0.00245408135376669,1.0
2020-09-01,11648.52,11895.23,12029.17,11563.0,25232603061.53493,221315690777.34525,1.0,0.0,lower,-0.0409,41.0,41.0,1.0556119680404663,0.2867914790787348,11.758450642228127,2.352857595601104,11.758450642228127,3.4740564656857598,0.22972493699750987,0.2771208807826042,5.0,5.0,0.17878291010856628,0.054737207293510434,0.2736860364675522,0.1856832914490041,0.2736860364675522,1.103526633583179,0.06244593727677109,0.05025988467517111,0.018917252540332954,0.018917252540332954,0,0.0,0.018917252540332954,1.0
2020-09-02,11899.3,11418.25,11939.59,11230.03,26038738388.798878,210746091569.71368,1.0,0.0,lower,-0.1131,41.0,41.0,1.0884144306182861,0.2952759927365838,12.106315702199936,2.420715240445746,12.106315702199936,3.4771703483414518,0.23608379496131204,0.3715226799249649,5.0,5.0,0.21019288897514343,0.0663185954093933,0.33159297704696655,0.22074730858012453,0.33159297704696655,1.1195827572578159,0.0731280982386315,0.12877540563082202,-0.04092452686790813,-0.04092452686790813,0,0.0,-0.04092452686790813,1.0
2020-09-03,11389.88,10197.46,11438.34,10024.74,49411126240.51858,188438095255.46017,1.0,0.0,time,-0.0071,41.0,41.0,1.2012439966201782,0.33237312461544827,13.62729810923338,2.7706513712096545,13.62729810923338,3.4535051219844064,0.277056011249722,1.331412409929161,5.0,5.0,0.21642062067985535,0.06828353703022003,0.34141768515110016,0.22728776400446568,0.34141768515110016,1.1195829114050535,0.07529478138538226,0.07118212253308091,-0.1130742828836277,-0.1130742828836277,0,0.0,-0.1130742828836277,1.0
2020-09-04,10193.13,10484.47,10616.99,10022.15,27623487077.06882,194040447575.93134,0.0,1.0,time,-0.0246,41.0,41.0,1.1660442352294922,0.33975728364979346,13.930048629641533,2.768622553501672,13.930048629641533,3.4752130624190722,0.267437494873903,0.6593618914484978,5.0,5.0,0.2251846194267273,0.07104868590831756,0.35524342954158783,0.23649182267228852,0.35524342954158783,1.1195828324039854,0.07834386171790021,0.10017063181647665,0.02775644500193866,0.026756445001938658,1,0.001,0.02775644500193866,0.0
2020-09-05,10481.28,10177.79,10565.15,9917.52,56430042198.69171,188092098308.3525,0.0,0.0,time,0.016,41.0,41.0,1.2097036838531494,0.3506621382221943,14.377147667109966,2.8653183819234993,14.377147667109966,3.4725635454951926,0.2779949151712411,0.4619123414158821,5.0,5.0,0.23361608386039734,0.07370892465114594,0.3685446232557297,0.24534665649343593,0.3685446232557297,1.1195828808870365,0.08127724649170455,0.09636981578878115,-0.029687219457283257,0.0,0,0.0,0.0,0.0
2020-09-06,10182.2,10260.02,10352.08,10013.65,28801019507.333485,189621410257.03525,0.0,0.0,time,0.0115,41.0,41.0,1.2612318992614746,0.34559518952922125,14.16940277069807,2.772306390504053,14.16940277069807,3.4990744916685177,0.26080575365746345,0.999308705329895,5.0,5.0,0.2435671091079712,0.07684860527515411,0.38424302637577057,0.25579735613804744,0.38424302637577057,1.1195828935401526,0.0847393022670506,0.11373849013510214,0.008046893841955649,-0.0,0,0.0,-0.0,0.0
2020-09-07,10257.28,10359.45,10393.22,9901.08,26560146962.23275,191501904758.68698,0.0,0.0,time,0.0077,41.0,41.0,1.5513057708740234,0.39984351596454293,16.39358415454626,3.302824066392192,16.39358415454626,3.46639453675612,0.32586764056730744,1.9479436508024333,5.0,5.0,0.25522947311401367,0.08052821755409241,0.40264108777046204,0.26804530951349087,0.40264108777046204,1.1195826717803363,0.08879675539115936,0.13329821800577865,0.009644357560525594,-0.0,0,0.0,-0.0,0.0
2020-09-08,10360.49,10125.01,10412.15,9917.05,47780699209.09236,186825391248.7263,0.0,0.0,time,0.0199,41.0,41.0,1.386185884475708,0.4117236809759605,16.88067092001438,3.314735808139283,16.88067092001438,3.4885899617299114,0.31380052345044124,0.9393291398882866,5.0,5.0,0.2676980495452881,0.08446223437786102,0.4223111718893051,0.28113998639261323,0.4223111718893051,1.1195829368468286,0.09313468394570855,0.1425133618837285,-0.0228905459725518,0.0,0,0.0,0.0,0.0
2020-09-09,10134.46,10230.15,10333.43,9998.05,21357083446.312523,188757938083.84296,0.0,0.0,time,0.0413,41.0,41.0,1.444899320602417,0.4280198154652991,17.548812434077263,3.4504859300236017,17.548812434077263,3.4873890459275123,0.32739227212082705,0.6778111159801483,5.0,5.0,0.2790367007255554,0.08803972005844116,0.4401986002922058,0.29304798042835123,0.4401986002922058,1.1195828039929192,0.09707951101369627,0.1295983402295722,0.010330641966199997,-0.0,0,0.0,-0.0,0.0
2020-09-10,10219.52,10342.16,10466.47,10219.52,77545788530.61436,191180566587.0585,0.0,0.0,time,0.0422,41.0,41.0,1.5027779340744019,0.4191586865884502,17.185506150126457,3.2895852499891154,17.185506150126457,3.5197779631584174,0.29705534224882435,1.1933050155639648,5.0,5.0,0.29064157605171204,0.09170119762420655,0.4585059881210327,0.30523555935088553,0.4585059881210327,1.119582708511966,0.10111696046032934,0.13264138371835338,0.010889502137098628,-0.0,0,0.0,-0.0,0.0
2020-09-11,10344.88,10378.22,10390.4,10217.17,20796810115.947914,192111562749.9339,0.0,0.0,time,0.0538,41.0,41.0,1.6652427911758423,0.4747069992306756,19.4629869684577,3.865774475831382,19.4629869684577,3.4742716325287555,0.3730231196041306,2.255374564796212,6.0,6.0,0.36341893672943115,0.14016905426979065,0.8410143256187439,0.48286798042655205,0.8410143256187439,1.3196922097888784,0.13861054786216184,0.3952826261949262,0.0034806346606596154,-0.0,0,0.0,-0.0,0.0
2020-09-12,10384.85,10439.38,10483.75,10284.82,19955498078.251053,192997988416.4807,0.0,0.0,time,0.0467,41.0,41.0,1.6486018896102905,0.4797073886161897,19.66800293326378,3.837754993093322,19.66800293326378,3.496340125973115,0.35931768200302805,1.2869226410984993,6.0,6.0,0.5373287200927734,0.17338774601618448,1.040326476097107,0.6331269082738988,1.040326476097107,1.23392076403657,0.19168977505726473,0.3135665572729438,0.005875814307442153,-0.0,0,0.0,-0.0,0.0
2020-09-13,10439.17,10328.87,10561.83,10237.63,21057424433.480133,190922719938.2308,0.0,0.0,upper,0.0586,41.0,41.0,1.7155755758285522,0.4920713138289568,20.17492386698723,3.965100030315885,20.17492386698723,3.4891224182902443,0.37593840170002196,0.6525216698646545,6.0,6.0,0.4846717119216919,0.16801725327968597,1.0081035196781158,0.5969334024701611,1.0081035196781158,1.2737224530229647,0.17651756408674207,0.32096940799656726,-0.010642306695672324,0.0,0,0.0,0.0,0.0
2020-09-14,10322.35,10661.1,10735.01,10281.99,23526143436.490395,197010021430.2403,0.0,0.0,time,0.0389,41.0,41.0,1.621971845626831,0.48002289199247594,19.680938571691513,3.748646017532275,19.680938571691513,3.524955816343835,0.33513906521829007,1.3870237469673157,6.0,6.0,0.3449644446372986,0.12311006089051564,0.7386603653430939,0.411174583348932,0.7386603653430939,1.4012812927749592,0.11411106828975077,0.4693293063606434,0.03165871588529836,-0.0,0,0.0,-0.0,0.0
2020-09-15,10670.98,10787.58,10930.65,10640.14,23802088944.396893,199044338127.62628,0.0,0.0,time,0.0125,41.0,41.0,1.61568021774292,0.47055740072959806,19.29285342991352,3.7255230692076986,19.29285342991352,3.514775890274526,0.3421997411497622,0.622823491692543,6.0,6.0,0.355313777923584,0.14956780274709067,0.897406816482544,0.506441398542068,0.897406816482544,1.347630629195013,0.14274670133123338,0.301359788522169,0.011793869465315649,-0.0,0,0.0,-0.0,0.0
2020-09-16,10790.81,10952.25,11082.34,10687.19,24459086808.776905,202524001250.4926,0.0,1.0,time,-0.0479,41.0,41.0,1.617140293121338,0.4739509626496129,19.43198946863413,3.742939732965126,19.43198946863413,3.5166128306842883,0.34215200336780727,0.13913603872060776,6.0,6.0,0.3556349277496338,0.14970297118028006,0.8982178270816803,0.5068991055339843,0.8982178270816803,1.3476305505282775,0.14287571855166695,0.006752378102782898,0.015149442233775482,-0.0,0,0.0,-0.0,0.0
2020-09-17,10941.42,10938.0,11040.04,10752.1,23547167125.342415,202358479464.18542,0.0,1.0,time,-0.0382,41.0,41.0,1.613599181175232,0.465512492489524,19.086012192070484,3.7043125521766114,19.086012192070484,3.509632801321369,0.34348125865716156,0.3459772765636444,6.0,6.0,0.3548562526702881,0.1493751754363378,0.8962510526180267,0.5057891807385217,0.8962510526180267,1.3476305507524564,0.14256287334151016,0.016376181753435734,-0.0013019496819725357,0.0,0,0.0,0.0,0.0
2020-09-18,10946.94,10927.15,11023.92,10834.55,20681771888.399273,202091264904.96927,0.0,1.0,lower,-0.0665,41.0,41.0,1.609485387802124,0.4659082298962081,19.102237425744534,3.7034309433700017,19.102237425744534,3.510163805425967,0.3427119648969509,0.10319142043590546,5.0,5.0,0.34230881929397583,0.1262901484966278,0.631450742483139,0.39110074947052537,0.631450742483139,1.178725837140788,0.12100726275716275,0.3027669366431599,-0.0009924469661136337,0.0,0,0.0,0.0,0.0
2020-09-19,10931.06,11084.0,11148.52,10897.13,18334274060.30012,204994315602.9869,0.0,1.0,lower,-0.0599,41.0,41.0,1.6083260774612427,0.4596552196435812,18.84586400538683,3.6702638487367962,18.84586400538683,3.5074145286312044,0.34245302190103194,0.25637342035770416,5.0,5.0,0.37439823150634766,0.16601717472076416,0.8300858736038208,0.5120357118837466,0.8300858736038208,1.1351920574708476,0.15771623805618212,0.2731331966410454,0.014252109042264588,-0.0,0,0.0,-0.0,0.0
2020-09-20,11084.1,10923.33,11084.1,10785.6,20161733906.963223,202032519471.26855,0.0,1.0,lower,-0.0453,41.0,41.0,1.6180583238601685,0.4722874021021331,19.363783486187458,3.7206382774390843,19.363783486187458,3.525018828159106,0.33850021414357945,0.5179194808006287,4.0,4.0,0.37084174156188965,0.20267965644598007,0.8107186257839203,0.5105549659773805,0.8107186257839203,1.0539378887223094,0.15520164362525454,0.22423032036084953,-0.014601758115320914,0.0,0,0.0,0.0,0.0
2020-09-21,10919.54,10439.52,10984.72,10353.83,23757059692.357033,193677795064.08533,0.0,0.0,time,0.0287,41.0,41.0,1.5912965536117554,0.47211007646671155,19.356513135135174,3.715484994060052,19.356513135135174,3.522567504564024,0.33736510745047354,0.4970846325159073,5.0,5.0,0.3384403884410858,0.15861961245536804,0.7930980622768402,0.4559936033062833,0.7930980622768402,1.2809733108579113,0.12816337930843763,0.20892898935347853,-0.045302264499387755,0.0,0,0.0,0.0,0.0
2020-09-22,10431.87,10527.59,10575.15,10365.48,19866578108.977962,194731087415.28983,0.0,0.0,time,0.0223,41.0,41.0,1.5709470510482788,0.47380793694315887,19.426125414669514,3.6973631444399704,19.426125414669514,3.530378150327294,0.330049582983815,0.4923519343137741,6.0,6.0,0.2938992977142334,0.12827015419801077,0.7696209251880646,0.4008391454473169,0.7696209251880646,1.499698701313265,0.10161416057407759,0.49586487273800145,0.008400825669612895,-0.0,0,0.0,-0.0,0.0
2020-09-23,10533.15,10223.78,10534.99,10154.93,19981974722.351273,189120580778.46335,0.0,0.0,upper,0.0496,41.0,41.0,1.5099440813064575,0.45749366065350977,18.7572400867939,3.504919805879294,18.7572400867939,3.545557665438145,0.30053385080150574,0.7765345349907875,5.0,5.0,0.1762220859527588,0.08007497191429139,0.4003748595714569,0.2102323905441792,0.4003748595714569,1.448431070608136,0.049269975438490966,0.49330526272433955,-0.029283050648842644,0.0,0,0.0,0.0,0.0
2020-09-24,10232.24,10726.53,10786.87,10219.31,21348447554.09249,198514026300.17914,0.0,0.0,time,0.0103,41.0,41.0,1.4739328622817993,0.46490605248183736,19.061148151755333,3.5176490094738253,19.061148151755333,3.5557328950068747,0.2926836055325198,0.4554729014635086,4.0,4.0,0.11680841445922852,0.06773480772972107,0.2709392309188843,0.14906663515147348,0.2709392309188843,1.2840232684405501,0.031100020107121262,0.1567227392990524,0.0480037325753534,-0.0,0,0.0,-0.0,0.0
2020-09-25,10732.26,10681.99,10750.61,10562.95,19119761059.475536,197616950282.06653,-1.0,0.0,time,0.0083,41.0,41.0,1.4791394472122192,0.4736718370056734,19.42054531723261,3.468642151760023,19.42054531723261,3.584934395097011,0.262841554836374,1.2436419650912285,5.0,5.0,0.1390742063522339,0.07804752588272094,0.39023762941360474,0.20199163484782917,0.39023762941360474,1.4127603898930141,0.04548304973598137,0.14591128643847656,-0.004160966219284908,-0.001,1,0.001,0.0,1.0
2020-09-26,10684.79,10743.19,10756.99,10653.01,16886146730.050009,198687083452.04324,-1.0,1.0,time,-0.0108,41.0,41.0,1.4800816774368286,0.4666681271500704,19.133393213152885,3.4301767594956214,19.133393213152885,3.580674691269947,0.26305743713789953,0.3057430163025856,5.0,5.0,0.11729574203491211,0.06272735595703124,0.31363677978515625,0.1592774437488591,0.31363677978515625,1.4465941450514759,0.033751142678050045,0.0838291002459126,0.005712919700176496,-0.005712919700176496,0,0.0,-0.005712919700176496,1.0
2020-09-27,10728.6,10765.3,10791.81,10623.48,17639951627.948776,199236216251.43555,0.0,1.0,time,-0.0181,41.0,41.0,1.4896329641342163,0.47667538392834546,19.543690741062164,3.4541787800545345,19.543690741062164,3.5983619576189367,0.25256512114634444,0.6382817178964615,6.0,6.0,0.11805272102355957,0.05576761563618978,0.33460569381713867,0.16142091967633165,0.33460569381713867,1.582250030771233,0.03511066216663613,0.0567232199785408,0.0020559330560155466,-0.0030559330560155466,1,0.001,-0.0020559330560155466,0.0
2020-09-28,10834.89,10672.03,10935.9,10672.03,19869963340.485493,197720212770.89465,-1.0,1.0,time,-0.0118,41.0,41.0,1.4953768253326416,0.4647242397796817,19.05369383096695,3.3883256224593112,19.05369383096695,3.5950154897824365,0.2530803951713403,0.5510733127593994,6.0,6.0,0.06955891847610474,0.040837496519088745,0.24502497911453247,0.11391972827344307,0.24502497911453247,1.6314413147131115,0.02225420468965955,0.10512051255347903,-0.00870169825528439,-0.001,1,0.001,0.0,1.0
2020-09-29,10701.57,10837.52,10849.43,10647.31,18308943800.639038,200532996047.58585,-1.0,1.0,time,-0.0155,41.0,41.0,1.51722252368927,0.4707645632144881,19.301347091794014,3.4415962433221265,19.301347091794014,3.5909988819701084,0.25937046059168867,0.4405839592218399,3.0,3.0,0.05471217632293701,0.03566803534825643,0.10700410604476929,0.0660895487497104,0.10700410604476929,1.0303411708228223,0.013554854199719222,0.1470877175836624,0.015387887285247788,-0.015387887285247788,0,0.0,-0.015387887285247788,1.0
2020-09-30,10839.06,10770.88,10839.06,10674.49,18558607662.6852,199310441688.83572,0.0,0.0,time,0.0013,41.0,41.0,1.5181061029434204,0.4622605366677773,18.952682003378868,3.3925892268771847,18.952682003378868,3.587778359860015,0.25891823307413403,0.35957178473472595,4.0,4.0,0.054744064807891846,0.03095274418592453,0.12381097674369812,0.0682150905205835,0.12381097674369812,1.2872278374420412,0.014326628041642094,0.014548821209200265,-0.006167991269277367,0.005167991269277367,1,0.001,0.006167991269277367,0.0
2020-10-01,10811.77,10627.98,10898.75,10482.02,20889752499.95891,196617081790.5188,-1.0,1.0,time,-0.0021,41.0,41.0,1.5221900939941406,0.4630383609271631,18.984572798013687,3.397685573343688,18.984572798013687,3.5881714162677065,0.2591581955906169,0.12486295402050018,4.0,4.0,0.14635270833969116,0.06154166907072067,0.2461666762828827,0.15970452393934018,0.2461666762828827,1.0748055441478257,0.05088228286606962,0.13112991632760848,-0.013356050205546983,-0.001,1,0.001,0.0,1.0
2020-10-02,10614.05,10572.67,10662.46,10420.55,21258724984.475838,195660035179.73257,0.0,0.0,time,0.009,41.0,41.0,1.536031723022461,0.4565928534763615,18.720306992530823,3.363974204688657,18.720306992530823,3.5870575484445126,0.2598669482328268,0.4708344042301178,5.0,5.0,0.14768356084823608,0.05225301384925842,0.2612650692462921,0.16166903464445648,0.2612650692462921,1.2181196513946457,0.0499699699443906,0.052910535347258085,-0.005217776387552536,0.004217776387552536,1,0.001,0.005217776387552536,0.0
2020-10-03,10570.13,10546.66,10592.27,10510.64,16039831144.937496,195188285650.34625,-1.0,0.0,time,0.0319,41.0,41.0,1.5507419109344482,0.4529746131199162,18.571959137916565,3.3666289763001376,18.571959137916565,3.5770330964760495,0.26694133176060153,0.38303422927856445,4.0,4.0,0.14909785985946655,0.06269597262144089,0.25078389048576355,0.16270008264064356,0.25078389048576355,1.0748049278916383,0.05183670745591001,0.0556595956083148,-0.0024631475667485406,-0.001,1,0.001,0.0,0.0
2020-10-04,10528.65,10670.7,10696.19,10525.4,16029160487.55924,197494664453.7935,-1.0,0.0,time,0.0361,41.0,41.0,1.581403136253357,0.46397327177408265,19.02290414273739,3.4485216030612595,19.02290414273739,3.576355258020197,0.2734683364660377,0.5200503319501877,5.0,5.0,0.1520458459854126,0.07242233753204345,0.3621116876602173,0.1970859301601611,0.3621116876602173,1.3645571516229,0.05023522469158419,0.15276801966907091,0.011692445540483305,-0.011692445540483305,0,0.0,-0.011692445540483305,0.0
2020-10-05,10667.67,10784.95,10784.95,10633.08,17853484006.269306,199530129891.0881,-1.0,0.0,upper,0.0455,41.0,41.0,1.6227070093154907,0.4719796438769596,19.351165398955345,3.5200897439236467,19.351165398955345,3.573355435147666,0.2818785264956346,0.5044573545455933,5.0,5.0,0.15601706504821777,0.05476078391075134,0.2738039195537567,0.1706305586550102,0.2738039195537567,1.2030261873169732,0.053143334999453805,0.17696857391680737,0.010649976101384158,-0.010649976101384158,0,0.0,-0.010649976101384158,0.0
2020-10-06,10786.36,10605.96,10794.76,10541.05,19419734685.095844,196314284797.01337,0.0,0.0,upper,0.0422,41.0,41.0,1.7146748304367065,0.4869413681146575,19.96459609270096,3.6592226253524283,19.96459609270096,3.567121711355491,0.29911750226677036,0.7777401953935623,6.0,6.0,0.16485941410064697,0.05161228279272715,0.3096736967563629,0.1814461211510683,0.3096736967563629,1.3663879223627313,0.053134622219273564,0.21580920825860128,-0.016735536504055685,0.015735536504055684,1,0.001,0.016735536504055685,0.0
2020-10-07,10594.11,10668.01,10679.87,10562.72,17222472599.6063,197575523784.584,0.0,0.0,upper,0.0364,41.0,41.0,1.779780387878418,0.5030414349422222,20.62469883263111,3.790348979790473,20.62469883263111,3.5639988190895715,0.3120220166004844,0.7160381227731705,6.0,6.0,0.17111903429031372,0.06544196605682373,0.3926517963409424,0.20231108360882372,0.3926517963409424,1.539112992637699,0.05038827413641929,0.2084059108702744,0.0058334364444519535,-0.0,0,0.0,-0.0,0.0
2020-10-08,10672.16,10888.67,10929.16,10552.77,19767968267.462948,201518932273.67853,0.0,0.0,upper,0.0359,41.0,41.0,1.8900905847549438,0.5107024155738877,20.938799038529396,3.8934306122326894,20.938799038529396,3.553426455926959,0.33001502863330373,0.6408676505088806,5.0,5.0,0.1759290099143982,0.06754088401794434,0.3377044200897217,0.19725405662646328,0.3377044200897217,1.3074710544989319,0.05674558623535215,0.1753403301071465,0.020473255389331767,-0.0,0,0.0,-0.0,0.0
2020-10-09,10918.68,11063.25,11095.4,10840.1,19254933802.105747,204809205392.17957,0.0,0.0,upper,0.0425,41.0,41.0,1.965167760848999,0.5238795807448829,21.4790628105402,4.000151495454948,21.4790628105402,3.554221471868602,0.3403287351460905,0.7263486385345459,6.0,6.0,0.18291717767715454,0.07878289620081584,0.472697377204895,0.23841777979179224,0.472697377204895,1.5412965424968574,0.05715850668406876,0.23624456528901203,0.015906005554643513,-0.0,0,0.0,-0.0,0.0
2020-10-10,11056.69,11286.54,11449.37,11051.39,19496631246.27072,209268690952.5854,1.0,1.0,time,0.0184,41.0,41.0,1.9863320589065552,0.5429797416053167,22.262169405817986,4.131146122580519,22.262169405817986,3.553806870929655,0.3484621718828988,0.7831065952777863,6.0,6.0,0.18488705158233643,0.07963134845097859,0.4777880907058716,0.24098540378637026,0.4777880907058716,1.541296622929779,0.05777406410803047,0.07326711621177541,0.019982060646143596,-0.001,1,0.001,-0.0,1.0
2020-10-11,11296.8,11377.81,11421.5,11280.24,16270141989.732687,210799352797.1382,1.0,0.0,time,-0.0052,41.0,41.0,2.0221290588378906,0.555734998205813,22.78513492643833,4.230343672913434,22.78513492643833,3.5509815811487138,0.35726981924560625,0.6682972013950348,6.0,6.0,0.1882190704345703,0.0810664693514506,0.4863988161087036,0.2453284278412774,0.4863988161087036,1.5412968054791314,0.05881525140700437,0.12312384639267804,0.008054102004153093,0.008054102004153093,0,0.0,0.008054102004153093,1.0
2020-10-12,11366.48,11543.18,11696.64,11251.51,20957733313.86495,213726225963.20517,1.0,0.0,time,-0.0155,41.0,41.0,1.9434348344802856,0.566222138157705,23.215107664465904,4.318911790522281,23.215107664465904,3.5458245033921436,0.3665292439993844,0.6887774169445038,7.0,7.0,0.1895623803138733,0.0759739066873278,0.5318173468112946,0.2506147340185821,0.5318173468112946,1.6957403180710462,0.056572966065151026,0.05903592783833825,0.01442981908117689,0.01442981908117689,0,0.0,0.01442981908117689,1.0
2020-10-13,11533.68,11426.11,11560.17,11325.74,19556025069.397404,211576163357.66504,1.0,1.0,time,0.0061,41.0,41.0,1.684146761894226,0.5477940658243691,22.459556698799133,4.0416491557029515,22.459556698799133,3.577353240593685,0.3135833812617744,1.2620684057474136,7.0,7.0,0.19403576850891113,0.0777667590550014,0.5443673133850098,0.25652887736434554,0.5443673133850098,1.6957398653377436,0.05790803450839831,0.20133022713426701,-0.010193698955562347,-0.010193698955562347,0,0.0,-0.010193698955562347,1.0
2020-10-14,11429.39,11435.57,11538.11,11298.59,20441486195.023685,211756280001.1405,1.0,1.0,time,0.0273,41.0,41.0,1.676628828048706,0.5232166811460401,21.451883926987648,3.7730735288155235,21.451883926987648,3.599894279030959,0.27104586693299737,1.0076727718114853,6.0,6.0,0.19316965341567993,0.08319867153962453,0.4991920292377472,0.2517810831006587,0.4991920292377472,1.5412965038580317,0.06036224003407933,0.05410755081998035,0.0008275857714679477,0.0008275857714679477,0,0.0,0.0008275857714679477,1.0
2020-10-15,11430.41,11495.58,11575.75,11288.11,20511481706.663586,212878404236.874,1.0,1.0,upper,0.0353,41.0,41.0,1.6735283136367798,0.5287563161152166,21.679008960723877,3.8401773423104313,21.679008960723877,3.590261478174726,0.28301724093363956,0.6163182407617569,6.0,6.0,0.19281238317489624,0.0830448071161906,0.49826884269714355,0.251315422673632,0.49826884269714355,1.5412966742783125,0.06025059023201143,0.013285886176428476,0.005233940469050238,0.005233940469050238,0,0.0,0.005233940469050238,1.0
2020-10-16,11499.16,11319.1,11537.36,11235.44,20436703034.239178,209993205751.02322,1.0,1.0,upper,0.0375,41.0,41.0,1.672143578529358,0.5278334937444548,21.641173243522644,3.8391885076400403,21.641173243522644,3.589247555613305,0.28440920002176306,0.243493914604187,6.0,6.0,0.1926528811454773,0.08297612766424815,0.4978567659854889,0.2511075332814991,0.4978567659854889,1.5412969633703355,0.060200729089989066,0.005933607630360366,-0.015471049348590964,-0.015471049348590964,0,0.0,-0.015471049348590964,1.0
2020-10-17,11317.89,11365.81,11401.78,11282.06,15650920221.099894,210421523306.69058,1.0,1.0,upper,0.0334,41.0,41.0,1.6869081258773804,0.51807872369522,21.24122767150402,3.754282331270287,21.24122767150402,3.5955852983019083,0.27452876259261244,0.6006002277135849,6.0,6.0,0.19435393810272217,0.0837087631225586,0.5022525787353516,0.25332471369053206,0.5022525787353516,1.541296762466436,0.06073229292742903,0.06326625170698714,0.004118161898274135,0.004118161898274135,0,0.0,0.004118161898274135,1.0
2020-10-18,11364.04,11495.9,11495.9,11350.55,15569792414.423223,212752326976.49207,1.0,1.0,upper,0.0353,41.0,41.0,1.1813172101974487,0.4902923466955743,20.101986214518547,3.3982736075350752,20.101986214518547,3.6312870208730246,0.20317081107039403,1.1392414569854736,5.0,5.0,0.19417929649353027,0.09289496541023254,0.4644748270511627,0.25032952945514153,0.4644748270511627,1.379040038798541,0.06247799664584498,0.030213145029166784,0.011380723848845233,0.011380723848845233,0,0.0,0.011380723848845233,1.0
2020-10-19,11509.09,11752.15,11808.12,11425.36,18121468516.27194,217391050812.65872,1.0,1.0,upper,0.0859,41.0,41.0,1.1762166023254395,0.49765777333480554,20.403968706727028,3.464747362633347,20.403968706727028,3.6260146454147226,0.21243539351265311,0.38898590207099915,5.0,5.0,0.19334089756011963,0.09249388575553893,0.4624694287776947,0.24924870282945943,0.4624694287776947,1.3790401468603515,0.0622082331389901,0.018220046689728066,0.022045752513918264,0.022045752513918264,0,0.0,0.022045752513918264,1.0
2020-10-20,11750.92,11908.71,12004.41,11690.75,21431994055.82887,220404884318.97812,1.0,1.0,upper,0.0727,41.0,41.0,1.151959776878357,0.486816282679395,19.959467589855194,3.401947685122033,19.959467589855194,3.6235680788840714,0.2128009625387405,0.8099852353334427,5.0,5.0,0.18935364484786987,0.09058639407157898,0.4529319703578949,0.24410846598046276,0.4529319703578949,1.37904020528714,0.06092531363707165,0.08664912354569587,0.013233862583426702,0.013233862583426702,0,0.0,0.013233862583426702,1.0
2020-10-21,11913.87,12806.44,13243.91,11897.06,29314287990.069,236717318526.15692,1.0,1.0,time,0.0197,41.0,41.0,1.7294983863830566,0.4547949502380883,18.64659295976162,3.3711278720423854,18.64659295976162,3.581804540084011,0.26522548218525066,2.467951849102974,5.0,5.0,0.1694827675819397,0.08108022212982177,0.4054011106491089,0.21849160696882886,0.4054011106491089,1.3790403411611383,0.054531770946329945,0.3595462138912833,0.07267810424219151,0.07267810424219151,0,0.0,0.07267810424219151,1.0
2020-10-22,12807.2,12951.04,13161.84,12694.2,25070864646.764915,240257678153.83536,1.0,1.0,upper,0.0529,41.0,41.0,1.5215678215026855,0.3859641671907611,15.824530854821205,2.842557895762713,15.824530854821205,3.5920576545607297,0.2193356664798952,2.7925992380337856,5.0,5.0,0.14910656213760376,0.0713322639465332,0.356661319732666,0.1922232403604859,0.356661319732666,1.3790401376178303,0.04797564952347334,0.357427023345823,0.011227924400644705,0.011227924400644705,0,0.0,0.011227924400644705,1.0
2020-10-23,12961.59,12928.07,13010.09,12755.89,21379873277.585674,239590543523.72256,1.0,1.0,upper,0.0547,41.0,41.0,1.390076756477356,0.3598759824909815,14.754915282130241,2.639879629389046,14.754915282130241,3.5941021047753767,0.20115670532196045,1.0768637955188751,5.0,5.0,0.1362210512161255,0.06516786217689514,0.3258393108844757,0.1756116686049732,0.3258393108844757,1.379040104311239,0.04382968593701974,0.24515952375966601,-0.0017751774332292413,-0.0017751774332292413,0,0.0,-0.0017751774332292413,1.0
2020-10-24,12929.76,13106.05,13150.16,12884.48,19302801174.758503,242785151288.07916,1.0,1.0,time,0.0253,41.0,41.0,1.2674334049224854,0.3265223106959971,13.387414738535881,2.3947620520833555,13.387414738535881,3.595029996658507,0.18236894334890896,1.3675005435943604,5.0,5.0,0.12420254945755005,0.05941824316978454,0.29709121584892273,0.16011782979309203,0.29709121584892273,1.3790400952061304,0.039962685872527,0.2273618438057944,0.013673039288530397,0.013673039288530397,0,0.0,0.013673039288530397,1.0
2020-10-25,13104.7,13021.41,13324.07,12905.79,18998745579.318,241326618198.73062,1.0,1.0,upper,0.0475,41.0,41.0,1.1937260627746582,0.32496671487645407,13.323635309934616,2.5052004684484857,13.323635309934616,3.55126929534907,0.21787730885294884,1.422339752316475,5.0,5.0,0.11697956919670105,0.05596278309822082,0.2798139154911041,0.15080619878140203,0.2798139154911041,1.379040087592814,0.037638661321580474,0.1445079238251918,-0.00647902980874536,-0.00647902980874536,0,0.0,-0.00647902980874536,1.0
2020-10-26,13022.85,13060.79,13203.1,12810.79,21507619985.694366,242141178089.60794,1.0,1.0,upper,0.0445,41.0,41.0,1.131978154182434,0.30917975088445154,12.676369786262512,2.3796139244553114,12.676369786262512,3.5528296032828135,0.20620174686550252,0.6591904759407043,5.0,5.0,0.11092859506607056,0.05306800305843353,0.26534001529216766,0.14300547025306287,0.26534001529216766,1.3790400836111902,0.03569173511963267,0.12315858741004597,0.003019686216951684,0.003019686216951684,0,0.0,0.003019686216951684,1.0
2020-10-27,13062.81,13655.19,13760.58,13052.96,23918511528.069115,253004886697.36078,1.0,1.0,time,0.0048,41.0,41.0,1.043235421180725,0.29738353029256914,12.192724741995335,2.3042886717749216,12.192724741995335,3.539812611375451,0.20265498466606388,1.0955382212996483,5.0,5.0,0.10223221778869629,0.04890767931938171,0.24453839659690857,0.13179439693310144,0.24453839659690857,1.3790400921727888,0.03289363944875212,0.1677219789915846,0.04450505708118732,0.04450505708118732,0,0.0,0.04450505708118732,1.0
2020-10-28,13631.65,13283.0,13843.6,12901.78,26825856788.112816,245661872194.44214,1.0,1.0,time,0.0205,41.0,41.0,1.002549171447754,0.29046723555500914,11.909156657755375,2.220393255046677,11.909156657755375,3.550508012488907,0.18941027832150578,0.6057142019271851,5.0,5.0,0.09824511408805847,0.047000262141227725,0.2350013107061386,0.12665436305405064,0.2350013107061386,1.3790401344251366,0.03161077181565376,0.0852310183974399,-0.027634646995598842,-0.027634646995598842,0,0.0,-0.027634646995598842,1.0
2020-10-29,13275.88,13441.88,13620.43,12996.52,22860841953.831577,249545455596.3296,1.0,1.0,time,0.04,41.0,41.0,0.9705330729484558,0.2930098295938678,12.01340301334858,2.3093140166879724,12.01340301334858,3.51782687357696,0.2102777523163469,0.9177357777953148,5.0,5.0,0.09416598081588745,0.04504880905151367,0.22524404525756836,0.1213956731949881,0.22524404525756836,1.379040085503111,0.030298295284275165,0.08616978747557771,0.011890184114589992,0.011890184114589992,0,0.0,0.011890184114589992,1.0
2020-10-30,13448.38,13537.17,13649.73,13145.09,23482756915.113663,250845436637.92026,1.0,1.0,time,0.0409,41.0,41.0,0.9310652017593384,0.28337144888028865,11.618229404091835,2.2237059551754945,11.618229404091835,3.522440056849612,0.20076643846810624,0.4646267294883728,5.0,5.0,0.09033659100532532,0.03870678246021271,0.19353391230106354,0.10706470091251866,0.19353391230106354,1.359061281735871,0.02818430463707033,0.0793877489878746,0.007064029033733471,0.007064029033733471,0,0.0,0.007064029033733471,1.0
2020-10-31,13549.54,13778.64,13989.58,13441.43,22691200479.405403,255329261020.6163,1.0,1.0,upper,0.1212,41.0,41.0,0.8897432088851929,0.2809074432021234,11.51720517128706,2.2051338325644068,11.51720517128706,3.5158155718670203,0.19922695490684808,0.5772656127810478,4.0,4.0,0.08632734417915344,0.040535930544137955,0.16214372217655182,0.09757562982020836,0.16214372217655182,1.186588147756485,0.02714938707638549,0.07158690895268938,0.017680331657202186,0.017680331657202186,0,0.0,0.017680331657202186,1.0
2020-11-01,13740.61,13720.36,13858.35,13621.6,19771957707.937115,254260250527.50497,1.0,1.0,upper,0.1254,41.0,41.0,0.8578881621360779,0.26692766387288164,10.944034218788147,2.0831557578328637,10.944034218788147,3.5243710852249577,0.18598927480395966,0.5795229598879814,4.0,4.0,0.08323660492897034,0.033643417060375214,0.13457366824150085,0.09144768551146308,0.13457366824150085,0.9229367563825284,0.030964338921613,0.05547556784504786,-0.0042387059353355015,-0.0042387059353355015,0,0.0,-0.0042387059353355015,1.0
2020-11-02,13750.98,13558.36,13799.5,13245.09,22630851230.49477,251266177558.48047,1.0,1.0,upper,0.1373,41.0,41.0,0.8386585116386414,0.25803285491902656,10.579347051680088,2.0181286462406507,10.579347051680088,3.52413852301821,0.18098808139258465,0.36468716710805893,3.0,3.0,0.03293149173259735,0.016728773713111877,0.05018632113933563,0.03702385761225349,0.05018632113933563,0.6767139967482663,0.0133067704904798,0.07157316989549621,-0.01187752977541872,-0.01187752977541872,0,0.0,-0.01187752977541872,1.0
2020-11-03,13538.65,13989.98,14032.08,13321.8,22602862338.46403,259277183164.55063,1.0,1.0,upper,0.1059,41.0,41.0,0.806614100933075,0.2532708461328251,10.384104691445827,1.9630100134569464,10.384104691445827,3.5337807244090733,0.1727409827089863,0.3733101934194565,4.0,4.0,0.03819996118545532,0.02161717414855957,0.08646869659423828,0.05222310454876684,0.08646869659423828,1.0641084648284804,0.014646192133408112,0.047864340641317366,0.03133802783866421,0.03133802783866421,0,0.0,0.03133802783866421,1.0
2020-11-04,14013.13,14101.72,14212.89,13568.27,25857225138.46526,261103557610.74826,1.0,1.0,upper,0.098,41.0,41.0,0.7761481404304504,0.2484916815670525,10.188158944249153,1.9354563456895377,10.188158944249153,3.5256032084922495,0.17209742830103467,0.49831707030534744,4.0,4.0,0.03675717115402222,0.020800698548555374,0.0832027941942215,0.05025064646808556,0.0832027941942215,1.0641090071697752,0.014093005623615436,0.03844510634542176,0.007955416676259063,0.007955416676259063,0,0.0,0.007955416676259063,1.0
2020-11-05,14131.53,15553.33,15701.77,14095.43,36313255719.023285,288118007577.42645,1.0,0.0,time,-0.0178,41.0,41.0,1.1608539819717407,0.2513265311717987,10.304387778043747,2.108452242905156,10.304387778043747,3.4567364867520096,0.21275227920059536,1.2676670998334885,4.0,4.0,0.03356426954269409,0.018993865698575974,0.0759754627943039,0.045885662509357786,0.0759754627943039,1.0641093755196258,0.012868821694511496,0.08393966197300168,0.09797798784875962,0.09797798784875962,0,0.0,0.09797798784875962,1.0
2020-11-06,15570.11,15548.31,15926.75,15250.46,34523587704.57108,288563189165.38806,1.0,1.0,time,0.0089,41.0,41.0,1.064929723739624,0.23676693512172234,9.707444339990616,1.9642970647241464,9.707444339990616,3.468704167578839,0.19506478687609116,0.6189725995063782,4.0,4.0,0.03122735023498535,0.01767141744494438,0.07068566977977753,0.04269086730936515,0.07068566977977753,1.0641101377448634,0.01197282520514565,0.061928513295321154,-0.00032281256188377216,-0.00032281256188377216,0,0.0,-0.00032281256188377216,1.0
2020-11-07,15557.1,14818.46,15736.86,14535.78,30369855794.73288,274687727889.983,1.0,1.0,upper,0.0932,41.0,41.0,0.6354689002037048,0.2291502049419938,9.395158402621746,1.7756779025353298,9.395158402621746,3.5205973420523597,0.15618387694567099,0.9702720865607262,4.0,4.0,0.030094802379608154,0.0170305073261261,0.0681220293045044,0.04114255357672678,0.0681220293045044,1.0641095650655807,0.011538598221544231,0.030192892055170346,-0.048078250208620506,-0.048078250208620506,0,0.0,-0.048078250208620506,1.0
2020-11-08,14815.75,15496.32,15638.15,14738.72,24082570971.891495,287116472704.3936,1.0,1.0,time,0.0522,41.0,41.0,0.6033835411071777,0.2194363582061558,8.996890686452389,1.695376417603701,8.996890686452389,3.521216571968086,0.14816407104985826,0.5806013643741608,4.0,4.0,0.02857530117034912,0.016170622780919075,0.0646824911236763,0.03906523498900066,0.0646824911236763,1.0641092005196524,0.010956007715572378,0.04036656521668683,0.04472887554360951,0.04472887554360951,0,0.0,0.04472887554360951,1.0
2020-11-09,15478.62,15335.34,15827.03,14866.0,29501754042.78257,284292217075.7686,1.0,1.0,time,0.0484,41.0,41.0,0.9271677136421204,0.2309612132063726,9.469409741461277,1.873183817776391,9.469409741461277,3.4749159809285644,0.179548977823988,0.7342581748962402,3.0,3.0,0.027505040168762207,0.016848305861155193,0.050544917583465576,0.03573061573213068,0.050544917583465576,0.715120425352348,0.011903510258520038,0.02983942534747156,-0.010442607558397226,-0.010442607558397226,0,0.0,-0.010442607558397226,1.0
2020-11-10,15308.36,15278.71,15434.18,15114.32,21918753732.66584,283242342238.5137,0.0,1.0,upper,0.0663,41.0,41.0,0.9038034081459045,0.22619394703609189,9.273951828479767,1.8290506662455388,9.273951828479767,3.4789448300835693,0.1744478796288331,0.234330452978611,2.0,2.0,0.02681189775466919,0.024521399289369583,0.049042798578739166,0.034829453235106486,0.049042798578739166,0.688778273447116,0.0022904984652996063,0.013698070105666997,-0.0036996127328369844,-0.004699612732836984,1,0.001,-0.0036996127328369844,0.0
2020-11-11,15305.1,15686.91,15922.53,15286.57,23990613793.268227,291215273242.1888,1.0,1.0,time,0.0634,41.0,41.0,0.5486655831336975,0.22012557162017357,9.025148436427116,1.6944570505330994,9.025148436427116,3.5152589538254877,0.14687963693362524,0.8044840544462204,2.0,2.0,0.02598392963409424,0.023764152079820633,0.047528304159641266,0.03375388381988954,0.047528304159641266,0.6887782255599886,0.0022197775542736053,0.01616558347921564,0.026366250532301166,-0.001,1,0.001,0.0,1.0
2020-11-12,15680.22,16265.15,16310.57,15526.82,28001128791.211353,301529322417.4614,0.0,1.0,upper,0.0818,41.0,41.0,0.5295762419700623,0.21849096766332302,8.958129674196243,1.694232990702893,8.958129674196243,3.504416334886851,0.1492383104722765,0.3521660715341568,2.0,2.0,0.025079891085624695,0.022937338799238205,0.04587467759847641,0.03257950403216532,0.04587467759847641,0.6887782000290439,0.00214255228638649,0.017650508838758364,0.03619817551617646,0.03519817551617646,1,0.001,0.03619817551617646,0.0
2020-11-13,16275.64,16326.81,16461.04,16009.19,24826304419.55837,302672502422.09,1.0,1.0,upper,0.078,41.0,41.0,0.8151656985282898,0.2295275586770802,9.410629905760288,1.8255866835351704,9.410629905760288,3.4816812562818447,0.16912744734178384,0.6500328853726387,1.0,1.0,0.024180129170417786,0.024180129170417786,0.024180129170417786,0.024180129170417786,0.024180129170417786,-0.0,0.0,0.026312156276513593,0.0037837597717147483,-0.001,1,0.001,0.0,1.0
2020-11-14,16324.19,16095.56,16324.19,15739.43,22096608221.167004,298290647831.24426,0.0,1.0,upper,0.0923,41.0,41.0,0.794985294342041,0.22496754040078418,9.223669156432152,1.7831423275261835,9.223669156432152,3.486595103889021,0.16413634996865756,0.2326984480023384,1.0,1.0,0.023581519722938538,0.023581519722938538,0.023581519722938538,0.023581519722938538,0.023581519722938538,-0.0,0.0,0.007722753900345686,-0.01426508435128511,-0.01526508435128511,1,0.001,-0.01426508435128511,0.0
2020-11-15,16069.74,15984.67,16132.26,15810.51,19184714602.510406,296277008765.18964,1.0,1.0,upper,0.0992,41.0,41.0,0.48845621943473816,0.22055882924213643,9.042911998927593,1.6802658567594289,9.042911998927593,3.5200755720883024,0.14217811450125062,0.6467361822724342,1.0,1.0,0.023132503032684326,0.023132503032684326,0.023132503032684326,0.023132503032684326,0.023132503032684326,-0.0,0.0,0.00579276211296974,-0.00691331961497318,-0.001,1,0.001,-0.0,1.0
2020-11-16,15966.88,16714.4,16854.95,15892.42,24606359052.384533,309857769717.0289,0.0,1.0,upper,0.0646,41.0,41.0,0.5226408839225769,0.22677364763690205,9.297719553112984,1.715534377874255,9.297719553112984,3.527986853429481,0.14267312324057474,0.38770483434200287,1.0,1.0,0.022460952401161194,0.022460952401161194,0.022460952401161194,0.022460952401161194,0.022460952401161194,-0.0,0.0,0.008663863896285384,0.04464048538127893,0.04364048538127893,1,0.001,0.04464048538127893,0.0
2020-11-17,16707.98,17651.82,17814.21,16571.43,31572384445.72333,327448838765.29767,0.0,1.0,time,0.041,41.0,41.0,0.5008139610290527,0.2266792720410882,9.293850153684616,1.7083127762650572,9.293850153684616,3.5297503021233076,0.14069594913771333,0.33968809247016907,1.0,1.0,0.021522924304008484,0.021522924304008484,0.021522924304008484,0.021522924304008484,0.021522924304008484,-0.0,0.0,0.012101734365339626,0.05456827088460599,0.0,0,0.0,0.0,0.0
2020-11-18,17654.61,17829.93,18376.51,17350.14,40089857655.31074,330792375072.03064,0.0,1.0,time,0.0293,41.0,41.0,0.4809875190258026,0.21811900869375322,8.942879356443882,1.642060151136142,8.942879356443882,3.5310327154416563,0.13486665138192125,0.3519096001982689,1.0,1.0,0.02067086100578308,0.02067086100578308,0.02067086100578308,0.02067086100578308,0.02067086100578308,-0.0,0.0,0.01099258523191493,0.010039611689361745,0.0,0,0.0,0.0,0.0
2020-11-19,17807.15,17819.76,18120.35,17400.5,30586797551.711708,330526082018.5286,0.0,1.0,upper,0.0689,41.0,41.0,0.4656897187232971,0.21309806079399296,8.737020492553711,1.5975255392876786,8.737020492553711,3.535535131101896,0.1297507671480508,0.2948438599705696,1.0,1.0,0.020013436675071716,0.020013436675071716,0.020013436675071716,0.020013436675071716,0.020013436675071716,-0.0,0.0,0.008481726135721008,-0.0005705519613711784,-0.0,0,0.0,-0.0,0.0
2020-11-20,17823.0,18628.81,18768.22,17775.27,28731271104.013725,345552251091.15924,0.0,1.0,time,0.0067,41.0,41.0,0.5469270348548889,0.21490975651072292,8.81130001693964,1.6241421851618985,8.81130001693964,3.524796951337879,0.13472677830036647,0.37874387949705124,1.0,1.0,0.0192268043756485,0.0192268043756485,0.0192268043756485,0.0192268043756485,0.0192268043756485,-0.0,0.0,0.010148390005623804,0.04440135316519931,0.0,0,0.0,0.0,0.0
2020-11-21,18657.73,18689.53,18946.22,18488.25,31201880851.778336,346623937352.1668,0.0,0.0,lower,-0.0867,41.0,41.0,0.5292127132415771,0.21661390382342222,8.881170056760311,1.6218834706120782,8.881170056760311,3.5350210370114348,0.13129013446581697,0.3077249825000763,1.0,1.0,0.01860406994819641,0.01860406994819641,0.01860406994819641,0.01860406994819641,0.01860406994819641,-0.0,0.0,0.008034023102318136,0.003254166910070364,0.0,0,0.0,0.0,0.0
2020-11-22,18649.91,18390.61,18698.71,17710.85,33010231293.95878,342078349285.0962,0.0,0.0,lower,-0.0705,41.0,41.0,0.5181928277015686,0.21328611799129626,8.744730837643147,1.5927234092919522,8.744730837643147,3.537924849150554,0.12798991626314266,0.21640868484973907,1.0,1.0,0.018216684460639954,0.018216684460639954,0.018216684460639954,0.018216684460639954,0.018216684460639954,-0.0,0.0,0.004997857153058784,-0.01612326574646305,-0.0,0,0.0,-0.0,0.0
2020-11-23,18420.95,18360.69,18710.21,18029.3,33389683851.4282,340635146714.39825,0.0,0.0,lower,-0.0689,41.0,41.0,0.509472668170929,0.20844835697150813,8.546382635831833,1.5635254470664461,8.546382635831833,3.5304615514133033,0.1271768890202241,0.19834820181131363,1.0,1.0,0.017910122871398926,0.017910122871398926,0.017910122871398926,0.017910122871398926,0.017910122871398926,-0.0,0.0,0.00395488365993203,-0.0016282420817907383,-0.0,0,0.0,-0.0,0.0
2020-11-24,18311.66,19091.52,19334.85,18144.47,49429532567.3455,354209935573.8031,0.0,0.0,lower,-0.1079,41.0,41.0,0.4969736635684967,0.2115791890679336,8.674746751785278,1.5869457868997021,8.674746751785278,3.527893201166918,0.1290680523322346,0.2936927229166031,1.0,1.0,0.01747073233127594,0.01747073233127594,0.01747073233127594,0.01747073233127594,0.01747073233127594,-0.0,0.0,0.005668684607843564,0.03903229122159278,0.0,0,0.0,0.0,0.0
2020-11-25,19114.89,18753.29,19298.51,18676.0,32146102840.277466,348158099247.1633,0.0,0.0,lower,-0.0901,41.0,41.0,0.4908398985862732,0.2174389830268011,8.914998304098845,1.6161589879188791,8.914998304098845,3.5382091290115425,0.1281673552765563,0.293047022074461,1.0,1.0,0.01725509762763977,0.01725509762763977,0.01725509762763977,0.01725509762763977,0.01725509762763977,-0.0,0.0,0.002781859366808518,-0.01787505371649752,-0.0,0,0.0,-0.0,0.0
2020-11-26,18732.22,17138.03,18864.99,16368.68,48738957776.520256,317999016791.45123,1.0,1.0,upper,0.1347,41.0,41.0,0.6636285185813904,0.23243923776033448,9.530008748173714,1.7560950240368203,9.530008748173714,3.521335667519342,0.14556213694334708,0.6150104440748692,1.0,1.0,0.01741550862789154,0.01741550862789154,0.01741550862789154,0.01741550862789154,0.01741550862789154,-0.0,0.0,0.002069370760264697,-0.09006923294924281,-0.001,1,0.001,-0.0,1.0
2020-11-27,17183.05,17140.28,17461.93,16540.01,30680336583.342796,318057301370.37897,0.0,1.0,upper,0.1346,41.0,41.0,0.6699162125587463,0.2328254989598219,9.545845457352698,1.7706290948297758,9.545845457352698,3.506933567951078,0.14919386306742302,0.15658412035554647,1.0,1.0,0.017580509185791016,0.017580509185791016,0.017580509185791016,0.017580509185791016,0.017580509185791016,-0.0,0.0,0.0021287811526026976,0.0001312783508423897,-0.0008687216491576103,1,0.001,0.0001312783508423897,0.0
2020-11-28,17149.12,17718.97,17854.65,16917.83,24501260966.046284,328812520405.74207,1.0,1.0,upper,0.1014,41.0,41.0,0.602287769317627,0.2416694300112928,9.908446630463004,1.8185225712824418,9.908446630463004,3.5147566377918222,0.14918115463131254,0.49785805959254503,1.0,1.0,0.017664045095443726,0.017664045095443726,0.017664045095443726,0.017664045095443726,0.017664045095443726,-0.0,0.0,0.001077692274618936,0.033204567984483395,-0.001,1,0.001,0.0,1.0
2020-11-29,17725.46,18169.95,18307.43,17544.75,23940328528.71234,336495192223.0139,0.0,1.0,upper,0.0762,41.0,41.0,0.5026319622993469,0.2417666319893991,9.912431911565363,1.7951686851912356,9.912431911565363,3.5285568050836984,0.14194943536411475,0.23634480964392424,1.0,1.0,0.017669647932052612,0.017669647932052612,0.017669647932052612,0.017669647932052612,0.017669647932052612,-0.0,0.0,7.222200384834806e-05,0.025133313538936563,0.024133313538936562,1,0.001,0.025133313538936563,0.0
2020-11-30,18192.65,19609.52,19799.03,18192.65,36160827241.441734,363927715778.6875,1.0,0.0,time,-0.0243,41.0,41.0,0.7698274254798889,0.2538521092884788,10.40793648082763,1.9234059510659085,10.40793648082763,3.510238522737007,0.16059446149648235,0.555953610688448,1.0,1.0,0.01738657057285309,0.01738657057285309,0.01738657057285309,0.01738657057285309,0.01738657057285309,-0.0,0.0,0.003652045469016393,0.07624603198555349,-0.001,1,0.001,0.0,1.0
2020-12-01,19615.04,18857.42,19832.27,18338.09,38614628143.57325,349587593227.14185,0.0,1.0,time,0.0245,41.0,41.0,0.6819870471954346,0.2493769188706831,10.224453673698008,1.8732911203489748,10.224453673698008,3.5177970121805977,0.15297671330004664,0.1834828071296215,1.0,1.0,0.017324909567832947,0.017324909567832947,0.017324909567832947,0.017324909567832947,0.017324909567832947,-0.0,0.0,0.0007954111168883777,-0.0391086922084295,-0.040108692208429504,1,0.001,-0.0391086922084295,0.0
2020-12-02,18838.82,19208.4,19319.79,18409.53,28923102074.82652,356517705143.29443,0.0,0.0,time,-0.0005,41.0,41.0,0.6054648756980896,0.25460774873996656,10.438917698338628,1.8825701171833111,10.438917698338628,3.533611242702207,0.14702255606404327,0.38439519610255957,2.0,2.0,0.030702948570251465,0.02398873120546341,0.04797746241092682,0.03522896364270727,0.04797746241092682,0.6534496967481234,0.006714217364788055,0.022360344182360988,0.018441212965760227,0.0,0,0.0,0.0,0.0
2020-12-03,19225.05,19435.2,19571.13,18962.71,24342606870.708958,360661550057.2975,0.0,0.0,time,-0.0582,41.0,41.0,0.5545342564582825,0.25622327927863453,10.505154450424016,1.876115130940964,10.505154450424016,3.544360733740551,0.14212180124288856,0.20039735455065966,1.0,1.0,0.017240464687347412,0.017240464687347412,0.017240464687347412,0.017240464687347412,0.017240464687347412,-0.0,0.0,0.022149682451085163,0.011738171605354092,0.0,0,0.0,0.0,0.0
2020-12-04,19417.98,18711.23,19500.11,18643.98,26369871383.262005,347850442856.6359,0.0,0.0,time,-0.0078,41.0,41.0,0.5597463250160217,0.26606166592185815,10.908528302796185,1.9368399791385686,10.908528302796185,3.5498237244157513,0.14390104084369063,0.4033738523721695,1.0,1.0,0.01740249991416931,0.01740249991416931,0.01740249991416931,0.01740249991416931,0.01740249991416931,-0.0,0.0,0.0020905491024852604,-0.03796197659280856,-0.0,0,0.0,-0.0,0.0
2020-12-05,18697.27,19139.11,19161.6,18591.11,23333284386.26552,355244908734.6481,0.0,0.0,time,-0.0469,41.0,41.0,0.565923273563385,0.25966944225223326,10.646447132341564,1.8940664265257072,10.646447132341564,3.5505154032968087,0.14167384729214166,0.3512067850679159,1.0,1.0,0.01759454607963562,0.01759454607963562,0.01759454607963562,0.01759454607963562,0.01759454607963562,-0.0,0.0,0.0024775547318760037,0.02261000709507936,0.0,0,0.0,0.0,0.0
2020-12-06,19157.02,19325.55,19383.78,18892.36,21832193872.698597,358762118305.1145,0.0,0.0,time,-0.0678,41.0,41.0,0.5730592608451843,0.26799020243854055,10.987598299980164,1.9378035500140216,10.987598299980164,3.561477229313324,0.14060096673520966,0.3411511676385999,1.0,1.0,0.017816409468650818,0.017816409468650818,0.017816409468650818,0.017816409468650818,0.017816409468650818,-0.0,0.0,0.002862227740539451,0.009694169145689694,0.0,0,0.0,0.0,0.0
2020-12-07,19356.89,19198.81,19392.1,18947.15,22034483383.94943,356587934226.10187,0.0,0.0,time,-0.0206,41.0,41.0,0.5826406478881836,0.2727428425285148,11.182456543669105,1.9714015234541946,11.182456543669105,3.5618803572914834,0.14283616595601784,0.194858243688941,1.0,1.0,0.018114298582077026,0.018114298582077026,0.018114298582077026,0.018114298582077026,0.018114298582077026,-0.0,0.0,0.0038430894124982773,-0.006579756665548364,-0.0,0,0.0,-0.0,0.0
2020-12-08,19182.84,18336.51,19260.17,18290.35,26799991795.55794,340435142947.90857,1.0,1.0,time,0.0435,41.0,41.0,0.5975620746612549,0.2848966500790017,11.680762653239071,2.052578689186227,11.680762653239071,3.564239530916482,0.14694192689180396,0.4983061095699668,2.0,2.0,0.03237563371658325,0.025476917624473572,0.050953835248947144,0.03732735231338395,0.050953835248947144,0.6560237565691351,0.00689871609210968,0.028877985865446574,-0.045954143664632637,-0.001,1,0.001,-0.0,1.0
2020-12-09,18321.29,18564.99,18647.42,17732.0,29806757748.847992,344693077429.9694,1.0,1.0,time,0.0368,41.0,41.0,0.5742353796958923,0.28494630851669284,11.682798649184406,2.045933653084945,11.682798649184406,3.568835977942364,0.14456614357521577,0.26269867084920406,3.0,3.0,0.047579169273376465,0.03328101336956024,0.09984304010868073,0.06107106665294922,0.09984304010868073,1.0354484516346683,0.011644707373086191,0.06250582493169893,0.012383394699256065,0.012383394699256065,0,0.0,0.012383394699256065,1.0
2020-12-10,18561.1,18262.06,18561.1,17961.17,24092658533.60422,339714540194.3479,1.0,1.0,time,0.0621,41.0,41.0,0.5846346020698547,0.29190296943231325,11.968021746724844,2.0811128565520685,11.968021746724844,3.579402122213319,0.14292498762627692,0.3387583801522851,3.0,3.0,0.04844081401824951,0.03388373057047526,0.10165119171142578,0.062177058488010535,0.10165119171142578,1.0354484668323352,0.011855589541137738,0.034892140460598006,-0.01645186528125682,-0.01645186528125682,0,0.0,-0.01645186528125682,1.0
2020-12-11,18279.58,18058.03,18279.58,17654.39,26080197328.252396,335310805699.2893,1.0,1.0,upper,0.0644,41.0,41.0,0.5966113805770874,0.29625458424774614,12.14643795415759,2.1141049348842698,12.14643795415759,3.5788405793585305,0.14575302778949528,0.23554129898548126,3.0,3.0,0.04943317174911499,0.03457786639531454,0.1037335991859436,0.06345080824763223,0.1037335991859436,1.0354484353176665,0.012098464557140122,0.040185500968992725,-0.011235222502195441,-0.011235222502195441,0,0.0,-0.011235222502195441,1.0
2020-12-12,18053.18,18807.1,18881.7,18053.18,21918803313.730873,349235537025.78625,1.0,1.0,upper,0.1253,41.0,41.0,0.5733790993690491,0.3002881954719381,12.31181601434946,2.1147487867397956,12.31181601434946,3.5940206345044055,0.13749229841720967,0.45170309767127037,1.0,1.0,0.0780608057975769,0.0780608057975769,0.0780608057975769,0.0780608057975769,0.0780608057975769,-0.0,0.0,0.06334349677806819,0.040643996917491515,0.040643996917491515,0,0.0,0.040643996917491515,1.0
2020-12-13,18798.42,19151.13,19365.36,18733.12,23550581096.074562,355642790361.31714,1.0,1.0,upper,0.1072,41.0,41.0,0.5822225213050842,0.3094415854117492,12.687105001881719,2.163602077174481,12.687105001881719,3.603168420690876,0.13572354094980751,0.3878538850694895,1.0,1.0,0.07926470041275024,0.07926470041275024,0.07926470041275024,0.07926470041275024,0.07926470041275024,-0.0,0.0,0.012216541464473518,0.018127263603715416,0.018127263603715416,0,0.0,0.018127263603715416,1.0
2020-12-14,19147.46,19259.97,19310.69,19010.36,21638023119.81534,357681110300.36426,1.0,1.0,upper,0.1015,41.0,41.0,0.5936832427978516,0.31434425820664663,12.888114586472511,2.201232936240566,12.888114586472511,3.6013982461524416,0.13917190810449626,0.25348050706088543,1.0,1.0,0.08082503080368042,0.08082503080368042,0.08082503080368042,0.08082503080368042,0.08082503080368042,-0.0,0.0,0.01583217967436971,0.005667127017708146,0.005667127017708146,0,0.0,0.005667127017708146,1.0
2020-12-15,19262.12,19432.36,19524.38,19058.21,24173322660.107285,360542942204.959,1.0,1.0,upper,0.0926,41.0,41.0,0.6064935922622681,0.31303102134658795,12.834271875210106,2.212524603450068,12.834271875210106,3.591232512771983,0.14631572007094734,0.4487941386178136,1.0,1.0,0.08256900310516357,0.08256900310516357,0.08256900310516357,0.08256900310516357,0.08256900310516357,-0.0,0.0,0.017696521442231123,0.008910868934342371,0.008910868934342371,0,0.0,0.008910868934342371,1.0
2020-12-16,19431.79,21318.0,21387.0,19286.09,39062639738.04841,396179736655.63983,1.0,1.0,upper,0.0812,41.0,41.0,0.9844125509262085,0.32365021239057545,13.269658708013594,2.3646915789643916,13.269658708013594,3.563306258268671,0.17786253971756366,0.6046389974653721,1.0,1.0,0.08139598369598389,0.08139598369598389,0.08139598369598389,0.08139598369598389,0.08139598369598389,-0.0,0.0,0.011902798445947665,0.09261206859623496,0.09261206859623496,0,0.0,0.09261206859623496,1.0
2020-12-17,21345.0,22806.0,23625.0,21225.0,60693764158.56218,423587689809.2768,1.0,1.0,time,0.0425,41.0,41.0,0.9518409967422485,0.32815272072557267,13.45426154974848,2.39668400841642,13.45426154974848,3.5636577663039692,0.1800434705838901,0.4708152413368225,1.0,1.0,0.07870286703109741,0.07870286703109741,0.07870286703109741,0.07870286703109741,0.07870286703109741,-0.0,0.0,0.027327645665184423,0.06747187296822166,0.06747187296822166,0,0.0,0.06747187296822166,1.0
2020-12-18,22800.0,23121.0,23233.0,22425.0,37000188847.409645,429459534590.4159,1.0,1.0,time,0.0081,41.0,41.0,0.9201936721801758,0.3151314723328119,12.92039036564529,2.3077418436591803,12.92039036564529,3.5609742114304965,0.17489026370806895,0.5338711841031909,1.0,1.0,0.07608610391616821,0.07608610391616821,0.07608610391616821,0.07608610391616821,0.07608610391616821,-0.0,0.0,0.026552158559230068,0.013717636228799126,0.013717636228799126,0,0.0,0.013717636228799126,1.0
2020-12-19,23114.0,23864.0,24073.0,22850.0,35252972899.69343,443289431125.4617,1.0,0.0,time,-0.0044,41.0,41.0,0.8820550441741943,0.30272026848411415,12.41153100784868,2.2160606201119895,12.41153100784868,3.5611174942249377,0.16774710008152988,0.5088593577966094,1.0,1.0,0.07293257117271423,0.07293257117271423,0.07293257117271423,0.07293257117271423,0.07293257117271423,-0.0,0.0,0.0319984030868283,0.0316297517484814,0.0316297517484814,0,0.0,0.0316297517484814,1.0
2020-12-20,23789.0,23518.0,24225.0,23155.0,32907758817.840942,436893169132.7113,1.0,1.0,time,0.0479,41.0,41.0,0.8690994381904602,0.307565243619426,12.610174988396466,2.300247064489463,12.610174988396466,3.539724565656013,0.18562255272609568,0.5727667827159166,1.0,1.0,0.07090631127357483,0.07090631127357483,0.07090631127357483,0.07090631127357483,0.07090631127357483,-0.0,0.0,0.020560704473922435,-0.014604961811223324,-0.014604961811223324,0,0.0,-0.014604961811223324,1.0
2020-12-21,23473.0,22841.0,24084.0,22143.0,38423396405.393135,424329939581.7774,1.0,1.0,upper,0.0771,41.0,41.0,0.8625975251197815,0.3214335791176049,13.1787767438218,2.3923786172747894,13.1787767438218,3.5449003954620864,0.19046631295740657,0.5988320577889681,1.0,1.0,0.07037582993507385,0.07037582993507385,0.07037582993507385,0.07037582993507385,0.07037582993507385,-0.0,0.0,0.005382594798042381,-0.029208918734727134,-0.029208918734727134,0,0.0,-0.029208918734727134,1.0
2020-12-22,22753.0,23795.0,23814.0,22441.0,38733771616.273865,441752551013.19135,1.0,1.0,upper,0.1068,41.0,41.0,0.8494115471839905,0.31721930987224345,13.005991704761982,2.3607036418652756,13.005991704761982,3.544744302840771,0.18787450221781454,0.18342196475714445,1.0,1.0,0.06930005550384521,0.06930005550384521,0.06930005550384521,0.06930005550384521,0.06930005550384521,-0.0,0.0,0.010915996896547655,0.040918307906576926,0.040918307906576926,0,0.0,0.040918307906576926,1.0
2020-12-23,23842.0,23308.0,24056.0,22934.0,42917744239.8244,433051601800.69293,1.0,1.0,upper,0.1274,41.0,41.0,0.8437579274177551,0.31517776020052957,12.922288168221712,2.3454421629156696,12.922288168221712,3.5447464253920704,0.18664437934972533,0.08449794724583626,1.0,1.0,0.06883880496025085,0.06883880496025085,0.06883880496025085,0.06883880496025085,0.06883880496025085,-0.0,0.0,0.004680384660848046,-0.020678825292245986,-0.020678825292245986,0,0.0,-0.020678825292245986,1.0
2020-12-24,23263.0,23760.0,23790.0,22853.0,36826373658.97133,441614502954.16315,1.0,1.0,upper,0.1082,41.0,41.0,0.8355546593666077,0.32376501198131136,13.274365491233766,2.435240332332701,13.274365491233766,3.5315541515811946,0.19954951545835772,0.4819323243573308,1.0,1.0,0.06816953420639038,0.06816953420639038,0.06816953420639038,0.06816953420639038,0.06816953420639038,-0.0,0.0,0.00679108850960717,0.019206845213616406,0.019206845213616406,0,0.0,0.019206845213616406,1.0
2020-12-25,23765.0,24671.0,24728.0,23475.0,36622874229.82892,458416319552.32434,1.0,1.0,upper,0.0706,41.0,41.0,0.8047653436660767,0.32877159920498367,13.47963556740433,2.464809352199708,13.47963556740433,3.533778956293238,0.2002171869827829,0.5648240651935339,1.0,1.0,0.06565755605697632,0.06565755605697632,0.06565755605697632,0.06565755605697632,0.06565755605697632,-0.0,0.0,0.0254889902413853,0.03762497028812693,0.03762497028812693,0,0.0,0.03762497028812693,1.0
2020-12-26,24699.0,26476.0,26718.0,24542.0,41995154622.74047,491978602969.93176,1.0,1.0,upper,0.0854,41.0,41.0,0.7586601376533508,0.3197595388060663,13.110141091048717,2.4165265733933237,13.110141091048717,3.522834360020902,0.2004572827774878,0.6632656836882234,1.0,1.0,0.06167146563529968,0.06167146563529968,0.06167146563529968,0.06167146563529968,0.06167146563529968,-0.0,0.0,0.040446707748713624,0.07061019747410524,0.07061019747410524,0,0.0,0.07061019747410524,1.0
2020-12-27,26484.0,26423.0,28336.0,25914.0,56654980595.93094,493427450341.26013,1.0,1.0,upper,0.0874,41.0,41.0,0.7278628349304199,0.30452994702429304,12.485727827996016,2.304078502954367,12.485727827996016,3.522607433112432,0.19168697258157502,0.624413263052702,1.0,1.0,0.059167951345443726,0.059167951345443726,0.059167951345443726,0.059167951345443726,0.059167951345443726,-0.0,0.0,0.025403138983520635,-0.0020038192681980423,-0.0020038192681980423,0,0.0,-0.0020038192681980423,1.0
2020-12-28,26271.0,27125.0,27389.0,26271.0,42186521237.4668,503712223153.6673,1.0,1.0,upper,0.0676,41.0,41.0,0.6920639276504517,0.287986995039008,11.807466796599329,2.182326280335181,11.807466796599329,3.521529291120138,0.1822723178523562,0.678261031396687,1.0,1.0,0.05625787377357483,0.05625787377357483,0.05625787377357483,0.05625787377357483,0.05625787377357483,-0.0,0.0,0.029528638928943304,0.02622096887214531,0.02622096887214531,0,0.0,0.02622096887214531,1.0
2020-12-29,27093.0,27425.0,27425.0,26098.0,38081840205.60215,509680257177.0481,1.0,1.0,upper,0.0679,41.0,41.0,0.6626791954040527,0.28261830121642206,11.587350349873304,2.1211875032219103,11.587350349873304,3.5318907189656596,0.17282721897359996,0.40994670521467924,1.0,1.0,0.053869158029556274,0.053869158029556274,0.053869158029556274,0.053869158029556274,0.053869158029556274,-0.0,0.0,0.024237982088246634,0.010999194300670317,0.010999194300670317,0,0.0,0.010999194300670317,1.0
2020-12-30,27438.0,28837.0,28985.0,27438.0,43341140482.282166,535967306917.84125,1.0,1.0,upper,0.1092,41.0,41.0,0.7535427212715149,0.28268733591113876,11.590180772356689,2.140205585627489,11.590180772356689,3.521655377826215,0.17834487168330293,0.5075101787224412,1.0,1.0,0.05097627639770508,0.05097627639770508,0.05097627639770508,0.05097627639770508,0.05097627639770508,-0.0,0.0,0.029354295422231377,0.0502042786533701,0.0502042786533701,0,0.0,0.0502042786533701,1.0
2020-12-31,28920.0,29022.0,29286.0,28239.0,43503516563.294876,539438036435.6701,1.0,1.0,upper,0.1028,41.0,41.0,0.6980188488960266,0.26355619667234215,10.805804063566029,2.004310674807971,10.805804063566029,3.5179471965197346,0.1688789911820384,0.7843767087906599,1.0,1.0,0.04851230978965759,0.04851230978965759,0.04851230978965759,0.04851230978965759,0.04851230978965759,-0.0,0.0,0.025001705496640516,0.0063948782542369775,0.0063948782542369775,0,0.0,0.0063948782542369775,1.0
2021-01-01,29026.0,29352.0,29601.0,28829.0,34089717988.090446,545593282215.2498,1.0,1.0,upper,0.0915,41.0,41.0,0.6652704477310181,0.25043791657449993,10.267954579554498,1.9063311520334005,10.267954579554498,3.5172710708846555,0.160988812581145,0.5378494840115309,1.0,1.0,0.046236276626586914,0.046236276626586914,0.046236276626586914,0.046236276626586914,0.046236276626586914,-0.0,0.0,0.023094729473492295,0.011306523984079678,0.011306523984079678,0,0.0,0.011306523984079678,1.0
2021-01-02,29335.0,32164.0,33278.0,29050.0,57273436641.22308,597887713053.5825,1.0,1.0,upper,0.1383,41.0,41.0,0.7575817704200745,0.24845570332665995,10.186683836393058,1.9223162916397147,10.186683836393058,3.4997156227235564,0.16852011734624714,0.5722669549286366,1.0,1.0,0.042818695306777954,0.042818695306777954,0.042818695306777954,0.042818695306777954,0.042818695306777954,-0.0,0.0,0.034678415893173414,0.09148712763292169,0.09148712763292169,0,0.0,0.09148712763292169,1.0
2021-01-03,32247.0,33008.0,34685.0,32071.0,178894068361.35312,613616917625.6967,1.0,1.0,upper,0.1124,41.0,41.0,0.706109344959259,0.24553873425167871,10.067088104318827,1.8862999865540844,10.067088104318827,3.5091926500171104,0.16277079265023084,0.5392918917350471,1.0,1.0,0.03990945219993591,0.03990945219993591,0.03990945219993591,0.03990945219993591,0.03990945219993591,-0.0,0.0,0.02951993666628433,0.025902141642993367,0.025902141642993367,0,0.0,0.025902141642993367,1.0
2021-01-04,33177.0,31516.0,33575.0,28273.0,74657165356.22716,585726270248.7891,0.0,1.0,upper,0.0783,41.0,41.0,0.6791262626647949,0.23722856854111318,9.726371310185641,1.8220042859208496,9.726371310185641,3.5087303009201003,0.15713334983920227,0.404854491353035,1.0,1.0,0.03838437795639038,0.03838437795639038,0.03838437795639038,0.03838437795639038,0.03838437795639038,-0.0,0.0,0.01547506221823451,-0.04625460294545433,-0.04725460294545433,1,0.001,-0.04625460294545433,0.0
2021-01-05,31538.0,34082.0,34483.0,30321.0,67420500715.520256,633651671519.3958,1.0,1.0,upper,0.1487,41.0,41.0,0.6383876204490662,0.2275612067385781,9.330009476281703,1.734192150100301,9.330009476281703,3.5162382656386266,0.14685933191277004,0.4954461664892733,1.0,1.0,0.03608180582523346,0.03608180582523346,0.03608180582523346,0.03608180582523346,0.03608180582523346,-0.0,0.0,0.02336401761411163,0.07827403230175925,-0.001,1,0.001,0.0,1.0
2021-01-06,34042.0,36934.0,37017.0,33629.0,71027195897.95125,682743683563.0741,1.0,1.0,upper,0.0999,41.0,41.0,0.7932294011116028,0.22532272786356328,9.238231842406094,1.7756586667644592,9.238231842406094,3.4836910510617276,0.16165154495868825,0.6695976667106152,0.0,0.0,0.0,0.0,0.0,0.0,0.0,0.0,0.0,0.02551368957647888,0.08036315033848003,0.08036315033848003,0,0.0,0.08036315033848003,1.0
2021-01-07,36894.0,39547.0,40180.0,36530.0,78642959829.4919,735339707368.3339,1.0,0.0,lower,-0.1032,41.0,41.0,0.7216783761978149,0.21849261405991344,8.958197176456451,1.7086301573924434,8.958197176456451,3.4972045351430503,0.15318704463488816,0.6001802838027994,0.0,0.0,0.0,0.0,0.0,0.0,0.0,0.0,0.0,0.0,0.06835730196278147,0.06835730196278147,0,0.0,0.06835730196278147,1.0
2021-01-08,39539.0,40816.0,41940.0,37029.0,82846468856.35208,758971014787.3597,1.0,0.0,lower,-0.1348,41.0,41.0,0.6621659398078918,0.20342264451631686,8.340328425168991,1.5879462245526066,8.340328425168991,3.4965897212624686,0.1418485578293043,0.646864652633667,0.0,0.0,0.0,0.0,0.0,0.0,0.0,0.0,0.0,0.0,0.03158432341299322,0.03158432341299322,0,0.0,0.03158432341299322,1.0
2021-01-09,40852.0,40297.0,41391.0,39000.0,55921808671.54423,749347201462.6359,1.0,0.0,lower,-0.122,41.0,41.0,0.619661808013916,0.19352811902034572,7.934652879834175,1.4992508393680184,7.934652879834175,3.504438467027257,0.13179572446079987,0.4917430430650711,0.0,0.0,0.0,0.0,0.0,0.0,0.0,0.0,0.0,0.0,-0.012797136905083105,-0.012797136905083105,0,0.0,-0.012797136905083105,1.0
2021-01-10,40292.0,38398.0,41568.0,36051.0,73381123612.69325,714078952009.0243,0.0,0.0,lower,-0.1235,41.0,41.0,0.6556283831596375,0.1997669032070695,8.190443031489849,1.5784948115820354,8.190443031489849,3.4832008777836325,0.14444734291613198,0.4593910947442055,0.0,0.0,0.0,0.0,0.0,0.0,0.0,0.0,0.0,0.0,-0.04827164959040856,-0.04927164959040856,1,0.001,-0.04827164959040856,0.0
2021-01-11,38452.0,35670.0,38452.0,30469.0,111691569520.10521,663380898829.0051,0.0,1.0,time,0.0163,41.0,41.0,0.6421435475349426,0.20667970107822883,8.473867744207382,1.6409757534008265,8.473867744207382,3.4730753537117938,0.15153080431417904,0.41027212888002396,0.0,0.0,0.0,0.0,0.0,0.0,0.0,0.0,0.0,0.0,-0.07369537553316378,-0.0,0,0.0,-0.0,0.0
2021-01-12,35608.0,33938.0,36633.0,32740.0,68954134557.3671,629751630408.4126,0.0,1.0,upper,0.145,41.0,41.0,0.6355411410331726,0.2102148249381926,8.618807822465897,1.6606789169354246,8.618807822465897,3.474543084901329,0.1519028321945878,0.24650031328201294,0.0,0.0,0.0,0.0,0.0,0.0,0.0,0.0,0.0,0.0,-0.049774668820165825,-0.0,0,0.0,-0.0,0.0
2021-01-13,34064.0,37456.0,37694.0,32623.0,65278944793.97605,696668634091.3435,0.0,0.0,time,-0.0233,41.0,41.0,0.6199074983596802,0.21116534529662714,8.657779157161713,1.648132371680931,8.657779157161713,3.487646395785769,0.14717812249262477,0.2704884335398674,0.0,0.0,0.0,0.0,0.0,0.0,0.0,0.0,0.0,0.0,0.09863158019792059,0.0,0,0.0,0.0,0.0
2021-01-14,37414.0,39233.0,40039.0,36929.0,57519444621.68669,729751433670.0881,0.0,0.0,time,-0.0831,41.0,41.0,0.6022516489028931,0.21672886073952768,8.885883290320635,1.6858528010961724,8.885883290320635,3.4889837839801454,0.14949282589754764,0.385818924754858,0.0,0.0,0.0,0.0,0.0,0.0,0.0,0.0,0.0,0.0,0.04635131863675313,0.0,0,0.0,0.0,0.0
2021-01-15,39093.0,36788.0,39523.0,34771.0,63450740093.03335,684304915288.2261,0.0,0.0,time,-0.0332,41.0,41.0,0.6057767271995544,0.22667518657882038,9.293682649731636,1.7730222241987714,9.293682649731636,3.479626797964024,0.15903371009965414,0.442086610943079,0.0,0.0,0.0,0.0,0.0,0.0,0.0,0.0,0.0,0.0,-0.06434652434485696,-0.0,0,0.0,-0.0,0.0
2021-01-16,36887.0,36255.0,37835.0,35572.0,55054325262.44017,674660879866.02,0.0,0.0,lower,-0.1594,41.0,41.0,0.6031555533409119,0.23063196605298578,9.455910608172417,1.7876084612382266,9.455910608172417,3.4890095116981135,0.15731813009394033,0.21159622073173523,0.0,0.0,0.0,0.0,0.0,0.0,0.0,0.0,0.0,0.0,-0.014594402216895194,-0.0,0,0.0,-0.0,0.0
2021-01-17,36117.0,35804.0,36752.0,34192.0,50749258739.19448,672291934493.4396,0.0,0.0,lower,-0.1469,41.0,41.0,0.6019034385681152,0.23580591898502373,9.668042678385973,1.807798286884259,9.668042678385973,3.501665906595019,0.15526161694083823,0.23520180210471153,0.0,0.0,0.0,0.0,0.0,0.0,0.0,0.0,0.0,0.0,-0.012517683814863506,-0.0,0,0.0,-0.0,0.0
2021-01-18,35750.0,36595.0,37240.0,34901.0,46769030146.76761,682647247200.097,0.0,0.0,lower,-0.1687,41.0,41.0,0.5906730890274048,0.23611178321809304,9.680583111941814,1.7810355154775386,9.680583111941814,3.5169989472198937,0.1470347367486721,0.4164757989346981,0.0,0.0,0.0,0.0,0.0,0.0,0.0,0.0,0.0,0.0,0.021852000044497912,0.0,0,0.0,0.0,0.0
2021-01-19,36747.0,36105.0,37690.0,36105.0,51736994549.005974,671734819189.1033,0.0,0.0,lower,-0.1552,41.0,41.0,0.5882591009140015,0.2452029206040429,10.053319744765759,1.8386238523122072,10.053319744765759,3.522534239640083,0.14942444922781958,0.3972738981246948,1.0,1.0,0.02944892644882202,0.02944892644882202,0.02944892644882202,0.02944892644882202,0.02944892644882202,-0.0,0.0,0.020823535590625983,-0.013480259150045422,-0.0,0,0.0,-0.0,0.0
2021-01-20,35978.0,35587.0,36318.0,33636.0,58406615612.06859,662434464441.264,0.0,0.0,lower,-0.1408,41.0,41.0,0.5891813635826111,0.24815322595035158,10.174282263964415,1.8285143606209944,10.174282263964415,3.5442568615439805,0.1413078115204783,0.35936059430241585,1.0,1.0,0.029495060443878174,0.029495060443878174,0.029495060443878174,0.029495060443878174,0.029495060443878174,-0.0,0.0,0.0011688502451237756,-0.014450957274753012,-0.0,0,0.0,-0.0,0.0
2021-01-21,35606.0,30914.0,35606.0,30358.0,69415314297.66626,575205510268.1292,1.0,1.0,time,0.0526,41.0,41.0,0.7497780919075012,0.26859974879317167,11.012589700520039,1.996489590896174,11.012589700520039,3.540802765293743,0.15834447316321806,0.6936621942592636,1.0,1.0,0.029831528663635254,0.029831528663635254,0.029831528663635254,0.029831528663635254,0.029831528663635254,-0.0,0.0,0.008516018138677379,-0.14077124689826512,-0.001,1,0.001,-0.0,1.0
2021-01-22,30802.0,32958.0,33771.0,29043.0,69549742252.37038,613271077002.4795,1.0,0.0,time,-0.0793,41.0,41.0,0.6012968420982361,0.26806965897359497,10.990856017917395,1.9455415337469717,10.990856017917395,3.5617904171375674,0.14303477617250976,0.5752571411430836,1.0,1.0,0.030101656913757324,0.030101656913757324,0.030101656913757324,0.030101656913757324,0.030101656913757324,-0.0,0.0,0.0068387182669145535,0.06402486785841142,0.06402486785841142,0,0.0,0.06402486785841142,1.0
2021-01-23,32867.0,32068.0,33328.0,31481.0,43575409684.64115,596744391345.3533,1.0,1.0,time,0.0325,41.0,41.0,0.6100673675537109,0.27398839002338854,11.233523990958929,1.9766225618560218,11.233523990958929,3.570506794943167,0.14221090482237267,0.2686142325401306,2.0,2.0,0.07066768407821655,0.0506041944026947,0.1012083888053894,0.07698477913335193,0.1012083888053894,0.6123486875606261,0.02006348967552185,0.06108502433110348,-0.027375375407833177,-0.027375375407833177,0,0.0,-0.027375375407833177,1.0
2021-01-24,32066.0,32274.0,32927.0,31089.0,42810544126.17814,600595408892.1986,1.0,1.0,time,0.0565,41.0,41.0,0.6189125776290894,0.279320664703846,11.452147252857685,2.0074989463509234,11.452147252857685,3.577392302317907,0.14238650907640182,0.21862326189875603,2.0,2.0,0.09780657291412354,0.06439504027366638,0.12879008054733276,0.10259680039096199,0.12879008054733276,0.551740331375257,0.03341153264045715,0.031246950815214967,0.006403304338455428,0.006403304338455428,0,0.0,0.006403304338455428,1.0
2021-01-25,32263.0,32375.0,34741.0,32071.0,50410553261.414444,602517850752.0305,1.0,1.0,time,0.0548,41.0,41.0,0.6658081412315369,0.29885610102153404,12.253100141882896,2.144103060970881,12.253100141882896,3.583677396885245,0.15103417495962942,0.6764141771302961,3.0,3.0,0.09931880235671997,0.07376611232757568,0.22129833698272705,0.13801249247956232,0.22129833698272705,1.0025657871754863,0.030128226502997197,0.0896314987067516,0.0031245675005414078,0.0031245675005414078,0,0.0,0.0031245675005414078,1.0
2021-01-26,32223.0,32582.0,32802.0,30973.0,48489676580.41073,606573549809.8268,1.0,1.0,time,0.0147,41.0,41.0,0.6395692825317383,0.296983618380093,12.176328353583813,2.109436874637603,12.176328353583813,3.5939295761344656,0.14258535099468822,0.3343322351574898,3.0,3.0,0.10107094049453735,0.07506748040517171,0.22520244121551514,0.14044728890453687,0.22520244121551514,1.002565718144762,0.030659751670509484,0.06261545602342991,0.006373468624275836,0.006373468624275836,0,0.0,0.006373468624275836,1.0
2021-01-27,32531.0,30446.0,32531.0,29429.0,51514291052.43235,566661443732.4073,1.0,1.0,upper,0.1148,41.0,41.0,0.656148374080658,0.307294834677766,12.599088221788406,2.1780399223592872,12.599088221788406,3.595687862060313,0.14585518805507172,0.42275986820459366,3.0,3.0,0.10369092226028442,0.07701343297958374,0.23104029893875122,0.144088054293537,0.23104029893875122,1.0025658005412759,0.03145452173214928,0.09362823180682572,-0.06780536600691521,-0.06780536600691521,0,0.0,-0.06780536600691521,1.0
2021-01-28,30537.0,33128.0,33716.0,29975.0,51075972572.459564,616625386428.2396,1.0,1.0,time,0.0688,41.0,41.0,0.6724815964698792,0.3158792735236447,12.951050214469433,2.228110144327942,12.951050214469433,3.6044989465908577,0.14596244773848724,0.45617177337408066,3.0,3.0,0.10627204179763794,0.047875006993611656,0.14362502098083496,0.11153786200678635,0.14362502098083496,0.6569485411320937,0.04306834017825554,0.11027352485200255,0.08442422360620372,0.08442422360620372,0,0.0,0.08442422360620372,1.0
2021-01-29,33308.0,34151.0,38429.0,32078.0,97468515525.42249,635688668063.594,1.0,1.0,time,0.0934,41.0,41.0,0.6970010995864868,0.33879684238899044,13.890670537948608,2.391549263584678,13.890670537948608,3.6042805589729547,0.157216067200808,0.9327225641969814,3.0,3.0,0.24493622779846191,0.1296086311340332,0.3888258934020996,0.2704306735732841,0.3888258934020996,0.8631666861727021,0.08705851942991466,0.22666863884140587,0.030413021921673337,0.030413021921673337,0,0.0,0.030413021921673337,1.0
2021-01-30,34279.0,34200.0,34740.0,32904.0,52001249491.10806,636624676861.2642,1.0,1.0,time,0.0737,41.0,41.0,0.714896023273468,0.34391769130782385,14.100625343620777,2.4095734610561754,14.100625343620777,3.6119102531615117,0.15274638234122412,0.45821554213762283,4.0,4.0,0.3043213486671448,0.14602650701999664,0.5841060280799866,0.35188378706872664,0.5841060280799866,1.163836141163048,0.09814178084789427,0.1977168883073026,0.001433775903619871,0.001433775903619871,0,0.0,0.001433775903619871,1.0
2021-01-31,34077.0,33065.0,34156.0,32262.0,42488649643.23183,615013848827.3505,1.0,1.0,upper,0.1257,41.0,41.0,0.7406045198440552,0.3596509024500847,14.745687000453472,2.515394311365819,14.745687000453472,3.613184621538997,0.158029705812913,0.645061656832695,4.0,4.0,0.31526511907577515,0.15127778053283691,0.6051111221313477,0.3645379398659531,0.6051111221313477,1.1638360485490649,0.1016710898804923,0.15057862501076685,-0.03375032294193378,-0.03375032294193378,0,0.0,-0.03375032294193378,1.0
2021-02-01,33040.0,33406.0,34542.0,32342.0,49268860242.66622,621908231690.1377,1.0,1.0,upper,0.1155,41.0,41.0,0.7689169645309448,0.3727228163582523,15.281635470688343,2.6065011478788613,15.281635470688343,3.6138221659587266,0.163649985110899,0.5701632648706436,4.0,4.0,0.3273172378540039,0.15511856973171234,0.6204742789268494,0.37565003829771665,0.6204742789268494,1.1594188660907991,0.10590782380285649,0.16021726342256737,0.010260203441130253,0.010260203441130253,0,0.0,0.010260203441130253,1.0
2021-02-02,33423.0,35486.0,35858.0,33421.0,50730704376.60918,660664104637.4851,1.0,1.0,upper,0.1016,41.0,41.0,0.798736035823822,0.387761136925802,15.898206613957882,2.688666430602658,15.898206613957882,3.6238270335881246,0.16111051375512284,0.7176854163408279,4.0,4.0,0.2015039324760437,0.1396358460187912,0.5585433840751648,0.30749181569372613,0.5585433840751648,1.2596048258736678,0.06433999289922669,0.2388466660725047,0.06040272793363179,0.06040272793363179,0,0.0,0.06040272793363179,1.0
2021-02-03,35478.0,37495.0,37576.0,35377.0,49762137494.206696,695794870715.5251,1.0,1.0,upper,0.2111,41.0,41.0,0.7995041012763977,0.39951286119658774,16.380027309060097,2.762337529623868,16.380027309060097,3.626634920346389,0.1627864867382328,0.5261934921145439,4.0,4.0,0.20900273323059082,0.1448322832584381,0.5793291330337524,0.3189348518243599,0.5793291330337524,1.2596049794060644,0.06673432140363866,0.1679607809282593,0.055069338251965,0.055069338251965,0,0.0,0.055069338251965,1.0
2021-02-04,37725.0,36817.0,38615.0,36244.0,54494811707.23047,686453802173.3838,1.0,1.0,upper,0.2294,41.0,41.0,0.773952066898346,0.4096333622568991,16.794967852532864,2.8116533429802963,16.794967852532864,3.633087340543461,0.15816133864049656,0.7106363251805305,3.0,3.0,0.21548324823379517,0.13107452789942423,0.3932235836982727,0.25783951036603997,0.3932235836982727,0.9379247462896724,0.07056821171421879,0.24392458000488926,-0.018247895725792645,-0.018247895725792645,0,0.0,-0.018247895725792645,1.0
2021-02-05,36900.0,38008.0,38237.0,36673.0,47446256481.71452,706320162928.6615,1.0,1.0,upper,0.1975,41.0,41.0,0.7892765998840332,0.41307533296143134,16.936088651418686,2.846537778877583,16.936088651418686,3.6286935236321467,0.16430911289753938,0.3812832608819008,3.0,3.0,0.21974986791610718,0.13366985321044922,0.40100955963134766,0.26294481097860145,0.40100955963134766,0.937924861153943,0.07196546544156515,0.06844922180124706,0.03183696885706019,0.03183696885706019,0,0.0,0.03183696885706019,1.0
2021-02-06,38192.0,39279.0,40817.0,38192.0,57076868562.48764,732453192636.7231,1.0,1.0,upper,0.1646,41.0,41.0,0.8016129732131958,0.42731089126773,17.51974654197693,2.9238380781119595,17.51974654197693,3.6371910260663167,0.16097648649539953,0.6276315748691559,4.0,4.0,0.2231845259666443,0.10308347642421722,0.4123339056968689,0.2671024946583455,0.4123339056968689,0.9925831103801299,0.0849101439845424,0.05867778523327473,0.03289336102910582,0.03289336102910582,0,0.0,0.03289336102910582,1.0
2021-02-07,39282.0,38833.0,39610.0,37524.0,53802559038.8092,723434796637.7434,0.0,1.0,upper,0.176,41.0,41.0,0.8152050375938416,0.43530162478365547,17.847366616129875,2.9579813255065117,17.847366616129875,3.6454881999994044,0.1546566484999211,0.5243321508169174,5.0,5.0,0.3361530900001526,0.13142180442810059,0.6571090221405029,0.38577917755482466,0.6571090221405029,1.2506168175254377,0.11177398663301523,0.24495604004145885,-0.011419624303907527,-0.012419624303907528,1,0.001,-0.011419624303907527,0.0
2021-02-08,38779.0,46308.0,46471.0,37965.0,86994225365.2278,862413737410.9171,1.0,1.0,time,0.0136,41.0,41.0,1.4213980436325073,0.450334749570707,18.463724732398987,3.1878965318234704,18.463724732398987,3.61540243147268,0.21229451724275697,1.1139502674341202,5.0,5.0,0.3253338932991028,0.12719192504882812,0.6359596252441406,0.3733627313555025,0.6359596252441406,1.2506164789305314,0.1081765225703873,0.15536375139222655,0.1760443317336636,-0.001,1,0.001,0.0,1.0
2021-02-09,46503.0,46570.0,48025.0,45120.0,78828431117.05534,867164581003.3563,1.0,1.0,time,0.0428,41.0,41.0,1.3929208517074585,0.43591328946555535,17.87244486808777,3.098811091634732,17.87244486808777,3.611339958429476,0.21021440555395526,0.5912798643112183,5.0,5.0,0.3188159465789795,0.12464367151260376,0.6232183575630188,0.36588252594560083,0.6232183575630188,1.2506165306716335,0.10600924351359549,0.09802841624435281,0.005641824650803763,0.005641824650803763,0,0.0,0.005641824650803763,1.0
2021-02-10,46511.0,44849.0,47262.0,43872.0,70000356395.81508,839561451461.0575,1.0,1.0,time,0.0658,41.0,41.0,1.1240689754486084,0.43932795052121326,18.012445971369743,3.0293379586075697,18.012445971369743,3.6380896336118282,0.17554913807158445,0.7146850675344467,5.0,5.0,0.3173512816429138,0.12407106161117554,0.6203553080558777,0.3642016497353814,0.6203553080558777,1.2506165788158876,0.10552222516925318,0.024066460432997514,-0.037655265282087985,-0.037655265282087985,0,0.0,-0.037655265282087985,1.0
2021-02-11,44810.0,47816.0,48463.0,44032.0,66187179918.887886,890629045243.5952,1.0,1.0,time,0.0293,41.0,41.0,1.1028212308883667,0.44346359008696024,18.18200719356537,3.0439359320636568,18.18200719356537,3.6429995745652786,0.1712570292994093,0.4092339128255844,5.0,5.0,0.3113524913787842,0.1217258095741272,0.608629047870636,0.3573172926403677,0.608629047870636,1.2506167542297142,0.1035275654475259,0.0908666423752286,0.06405901980975534,0.06405901980975534,0,0.0,0.06405901980975534,1.0
2021-02-12,47927.0,47414.0,48687.0,46379.0,61942185128.99905,880620921496.0787,1.0,1.0,time,0.0951,41.0,41.0,1.3985387086868286,0.45953400542096395,18.84089422225952,3.27511940204369,18.84089422225952,3.6128401700481083,0.22460673001967627,0.9287124872207642,5.0,5.0,0.308152973651886,0.1204749345779419,0.6023746728897095,0.3536454257775771,0.6023746728897095,1.2506168736991554,0.10246368904700524,0.052572299551411,-0.008442767780912451,-0.008442767780912451,0,0.0,-0.008442767780912451,1.0
2021-02-13,47399.0,46941.0,48010.0,46297.0,55312381649.33813,874425017687.0778,1.0,1.0,time,0.0972,41.0,41.0,1.3903310298919678,0.45172035367023655,18.520534500479698,3.2334736296350783,18.520534500479698,3.608464821897475,0.22573723764411066,0.3203597217798233,5.0,5.0,0.30634450912475586,0.11976786851882934,0.5988393425941467,0.3515699398643792,0.5988393425941467,1.2506166697939356,0.10186236887931206,0.029715677837796734,-0.0100260497530107,-0.0100260497530107,0,0.0,-0.0100260497530107,1.0
2021-02-14,47007.0,48608.0,49532.0,47007.0,57738376570.131905,905515462576.995,1.0,1.0,upper,0.1423,41.0,41.0,1.1412875652313232,0.44657299576736076,18.309492826461792,3.122989050260545,18.309492826461792,3.626805369125001,0.19609203573043887,0.765053316950798,5.0,5.0,0.29885292053222656,0.11683897972106934,0.5841948986053467,0.3429723865275158,0.5841948986053467,1.2506165784769259,0.09937134597969122,0.11023344169369723,0.03489663242533248,0.03489663242533248,0,0.0,0.03489663242533248,1.0
2021-02-15,48565.0,47898.0,48824.0,46160.0,61061855793.76279,892345220938.2782,1.0,1.0,upper,0.157,41.0,41.0,1.1278284788131714,0.43736555082042045,17.931987583637238,3.0652915475928544,17.931987583637238,3.625052772194937,0.19463403087256198,0.37750524282455444,5.0,5.0,0.29532861709594727,0.11546112298965454,0.5773056149482727,0.3389278008521811,0.5773056149482727,1.250616538629838,0.09819949040635095,0.057440165761932546,-0.014714376521645542,-0.014714376521645542,0,0.0,-0.014714376521645542,1.0
2021-02-16,47902.0,49238.0,50350.0,47380.0,64141133353.975624,917339726314.6964,1.0,1.0,upper,0.1294,41.0,41.0,1.3126025199890137,0.44363900946407786,18.18919938802719,3.203031225263554,18.18919938802719,3.600457618719011,0.23111451234970656,0.8499293327331543,5.0,5.0,0.28950995206832886,0.11318626403808593,0.5659313201904297,0.3322501210511214,0.5659313201904297,1.250616558953105,0.09626472989001557,0.08768767417812137,0.027591933215387103,0.027591933215387103,0,0.0,0.027591933215387103,1.0
2021-02-17,49211.0,52144.0,52548.0,49030.0,68478739131.4286,971516568847.578,1.0,1.0,upper,0.1007,41.0,41.0,1.2642834186553955,0.4268270716434572,17.499909937381744,3.081888302447172,17.499909937381744,3.6005209136461085,0.2224366281999692,0.6892894506454468,5.0,5.0,0.278852641582489,0.10901970863342285,0.5450985431671143,0.32001948364826915,0.5450985431671143,1.2506166291812364,0.0927210715662009,0.1515380057110724,0.057343438988101784,0.057343438988101784,0,0.0,0.057343438988101784,1.0
2021-02-18,52273.0,51733.0,52492.0,51054.0,58486508605.55778,963911356673.4604,1.0,1.0,upper,0.1086,41.0,41.0,1.1697378158569336,0.4209748659192062,17.259969502687454,3.0113836247056587,17.259969502687454,3.6077330716095695,0.209669774505109,0.6072122752666473,5.0,5.0,0.26988357305526733,0.10551317930221557,0.5275658965110779,0.3097263113417989,0.5275658965110779,1.2506167624211306,0.08973876855082141,0.12880233045268646,-0.007913246333924262,-0.007913246333924262,0,0.0,-0.007913246333924262,1.0
2021-02-19,51706.0,56039.0,56259.0,50907.0,71397235196.83829,1044189900351.5892,1.0,0.0,lower,-0.1405,41.0,41.0,1.1029363870620728,0.40278472478796795,16.514173716306686,2.883454296610475,16.514173716306686,3.605432874592118,0.2013764685321769,0.8915616869926453,5.0,5.0,0.2544710338115692,0.0994875431060791,0.4974377155303955,0.2920384567739247,0.4974377155303955,1.2506169307562343,0.0846139516492118,0.21378451312597466,0.0799520011514522,0.0799520011514522,0,0.0,0.0799520011514522,1.0
2021-02-20,56084.0,56378.0,57851.0,54456.0,77351787996.10461,1050555931433.1447,1.0,0.0,lower,-0.1466,41.0,41.0,1.048877477645874,0.3746764149244239,15.361733011901379,2.6939357611980683,15.361733011901379,3.6023928401277128,0.19137568935603716,1.1524407044053078,5.0,5.0,0.24199846386909485,0.09461127519607544,0.4730563759803772,0.27772454627795135,0.4730563759803772,1.250616832410369,0.08046670943210782,0.17430608310491927,0.006031134571842039,0.006031134571842039,0,0.0,0.006031134571842039,1.0
2021-02-21,56312.0,57669.0,58641.0,55760.0,61223272210.96276,1075380337357.9143,1.0,0.0,lower,-0.1692,41.0,41.0,0.9895567893981934,0.3570455650730831,14.638868167996407,2.562746357809183,14.638868167996407,3.603155579848878,0.18084664959044036,0.7303440943360329,5.0,5.0,0.2283119559288025,0.09732775092124939,0.48663875460624695,0.2714501401864297,0.48663875460624695,1.3151951595587743,0.07255580350363233,0.17964104943457454,0.022640755954257328,0.022640755954257328,0,0.0,0.022640755954257328,1.0
2021-02-22,57641.0,54411.0,57641.0,50868.0,101532021847.06647,1012091985973.4642,1.0,0.0,lower,-0.1111,41.0,41.0,0.9588985443115234,0.35559445256140176,14.579372555017471,2.5507268103102216,14.579372555017471,3.601024781611006,0.179556585173452,0.43216077983379364,4.0,4.0,0.2212384045124054,0.10011011362075806,0.4004404544830322,0.2532426849558963,0.4004404544830322,1.0493246056854304,0.07753018458482314,0.12726424485753463,-0.05815342813543706,-0.05815342813543706,0,0.0,-0.05815342813543706,1.0
2021-02-23,54304.0,48692.0,54304.0,45201.0,116689607925.81473,904133801444.5278,1.0,0.0,time,-0.0795,41.0,41.0,0.9609880447387695,0.3647417119000016,14.954410187900066,2.6620316091980065,14.954410187900066,3.5849245687670934,0.19950641018981122,0.3752892389893532,4.0,4.0,0.2212359607219696,0.10010901093482971,0.40043604373931885,0.2532398831360472,0.40043604373931885,1.0493248306803384,0.07752932046870946,3.268832902458329e-05,-0.11105159375604602,-0.11105159375604602,0,0.0,-0.11105159375604602,1.0
2021-02-24,48960.0,49849.0,51741.0,47196.0,73140585468.96529,929081504353.552,1.0,0.0,time,-0.0012,41.0,41.0,0.9507172107696533,0.35525479385765585,14.56544654816389,2.5873954114543967,14.56544654816389,3.5868633391433082,0.19255473116801183,0.38896363973617554,4.0,4.0,0.21935081481933594,0.09925597161054611,0.39702388644218445,0.25108201935056834,0.39702388644218445,1.049324675160281,0.07686870110738346,0.025273830375693113,0.023483690478747602,0.023483690478747602,0,0.0,0.023483690478747602,1.0
2021-02-25,49926.0,46993.0,51983.0,46993.0,60355381275.54549,875883932252.4404,1.0,1.0,time,0.0322,41.0,41.0,0.946472704410553,0.35988833500844675,14.755421735346317,2.6312941063656243,14.755421735346317,3.581691532015843,0.19837169555630627,0.27439649403095245,3.0,3.0,0.14744332432746887,0.10625095168749492,0.31875285506248474,0.1910574019013764,0.31875285506248474,1.0612159619722807,0.02963745725602954,0.07969231829926979,-0.058999781578344554,-0.058999781578344554,0,0.0,-0.058999781578344554,1.0
2021-02-26,46952.0,46551.0,48386.0,44538.0,74357197463.7094,869070614247.8623,1.0,1.0,time,0.0829,41.0,41.0,0.9414682984352112,0.36602440621794724,15.007000654935837,2.6636775933739476,15.007000654935837,3.584249571561384,0.1976847587551398,0.33975590020418167,3.0,3.0,0.14666369557380676,0.10568912823994954,0.31706738471984863,0.19004714792458718,0.31706738471984863,1.0612159608479772,0.0294807448453417,0.012032258371291508,-0.009450168678296424,-0.009450168678296424,0,0.0,-0.009450168678296424,1.0
2021-02-27,46531.0,46654.0,48484.0,45370.0,50989764248.82767,869649724200.5775,1.0,1.0,time,0.0435,41.0,41.0,0.9363182187080383,0.3753957672090065,15.391226455569267,2.7697088819641,15.391226455569267,3.569372920832298,0.21490134022524357,0.4982733577489853,3.0,3.0,0.14586141705513,0.10511097311973572,0.31533291935920715,0.18900753239717616,0.31533291935920715,1.0612159276447313,0.02931948892424161,0.012382415174157281,0.0022101827569076943,0.0022101827569076943,0,0.0,0.0022101827569076943,1.0
2021-02-28,46108.0,44970.0,46778.0,43345.0,59679588927.08056,838307614585.1935,1.0,1.0,upper,0.1018,41.0,41.0,0.934034526348114,0.3726740161456713,15.279634661972523,2.7451710584467532,15.279634661972523,3.570300252877164,0.21193886172137072,0.2409636154770851,3.0,3.0,0.09849560260772705,0.06694840391476949,0.20084521174430847,0.12794087263921103,0.20084521174430847,0.9730630184015026,0.031212179948846102,0.11286568095059378,-0.03676306774374822,-0.03676306774374822,0,0.0,-0.03676306774374822,1.0
2021-03-01,45089.0,49787.0,50028.0,45089.0,63218569171.598305,928146793676.4287,1.0,0.0,time,-0.0155,41.0,41.0,0.9239768385887146,0.3693615445276586,15.143823325634003,2.720789357022788,15.143823325634003,3.570034034602397,0.2100608942883641,0.18289447575807571,2.0,2.0,0.09743505716323853,0.08725407719612122,0.17450815439224243,0.1242330579229017,0.17450815439224243,0.6863243049723844,0.01018097996711731,0.033018258008655064,0.1017583049933225,0.1017583049933225,0,0.0,0.1017583049933225,1.0
2021-03-02,49834.0,48532.0,50249.0,47462.0,53499537416.816475,905413239164.9064,1.0,1.0,time,0.0557,41.0,41.0,0.921608030796051,0.3715330115178736,15.232853472232819,2.7266446789349224,15.232853472232819,3.5735323548424724,0.20807381901945457,0.2402319312095642,3.0,3.0,0.13777995109558105,0.08911483486493428,0.26734450459480286,0.16987689179410742,0.26734450459480286,0.9844758980072057,0.040962572293144886,0.1398688641390654,-0.025530531586311998,-0.025530531586311998,0,0.0,-0.025530531586311998,1.0
2021-03-03,48550.0,50577.0,52639.0,48451.0,59212268141.16633,942969910364.1804,1.0,1.0,time,0.0341,41.0,41.0,0.9192646145820618,0.36836199753168153,15.102841898798943,2.6939302789814095,15.102841898798943,3.5769248266924976,0.20326285623793267,0.13357003033161163,1.0,1.0,0.32690465450286865,0.32690465450286865,0.32690465450286865,0.32690465450286865,0.32690465450286865,-0.0,0.0,0.2837850637103804,0.04127355331214716,0.04127355331214716,0,0.0,0.04127355331214716,1.0
2021-03-04,50411.0,48727.0,51777.0,47658.0,60749587836.169136,908517236707.5374,1.0,1.0,upper,0.1156,41.0,41.0,0.9158170223236084,0.3674377302934484,15.064946942031384,2.660001865367668,15.064946942031384,3.58795262370588,0.19381786851529104,0.3556060120463371,1.0,1.0,0.32567864656448364,0.32567864656448364,0.32567864656448364,0.32567864656448364,0.32567864656448364,-0.0,0.0,0.005486604574579284,-0.03726363625993114,-0.03726363625993114,0,0.0,-0.03726363625993114,1.0
2021-03-05,48557.0,49092.0,49699.0,46520.0,56568112294.26829,911379300053.3455,1.0,1.0,upper,0.1082,41.0,41.0,0.9103407263755798,0.36405071107352655,14.926079154014587,2.6331035318396534,14.926079154014587,3.5888167179890003,0.19123376575942175,0.1388677880167961,2.0,2.0,0.23295748233795166,0.14582961797714233,0.29165923595428467,0.24023963964106698,0.29165923595428467,0.5021556182387189,0.08712786436080933,0.13947427828111125,0.007462797493419115,0.007462797493419115,0,0.0,0.007462797493419115,1.0
2021-03-06,49051.0,49019.0,49257.0,47331.0,41478786533.38212,916504852500.393,1.0,1.0,upper,0.1097,41.0,41.0,0.9089114665985107,0.3611689816887786,14.807928249239922,2.618018459330171,14.807928249239922,3.587559434322514,0.19164603339102337,0.21708764135837555,2.0,2.0,0.23259174823760986,0.14560067653656006,0.2912013530731201,0.2398624754462489,0.2912013530731201,0.5021556585697948,0.0869910717010498,0.0040689797092072055,-0.0014881106801761424,-0.0014881106801761424,0,0.0,-0.0014881106801761424,1.0
2021-03-07,48973.0,51313.0,51313.0,48973.0,46146324828.48082,955040794770.1399,1.0,1.0,upper,0.1189,41.0,41.0,0.9045214056968689,0.3565805717939284,14.619803443551064,2.5842740227505243,14.619803443551064,3.5882933169988642,0.18904989361095803,0.18812480568885803,3.0,3.0,0.2314683198928833,0.13849703470865884,0.41549110412597656,0.2733329167235617,0.41549110412597656,0.9361324799741446,0.07564521904992884,0.17820379039436443,0.045736153324459516,0.045736153324459516,0,0.0,0.045736153324459516,1.0
2021-03-08,51174.0,52329.0,52357.0,49442.0,53568946625.62234,974195000547.444,1.0,1.0,upper,0.0992,41.0,41.0,0.8999318480491638,0.35207328345717454,14.435004621744156,2.5657311782024075,14.435004621744156,3.579384074857701,0.19132382234743578,0.2063242644071579,3.0,3.0,0.230293869972229,0.13212094704310098,0.396362841129303,0.26377250705245653,0.396362841129303,0.9270664945379249,0.07573660835210527,0.030255922117186005,0.019606579324562223,0.019606579324562223,0,0.0,0.019606579324562223,1.0
2021-03-09,52407.0,54700.0,55072.0,51982.0,57418251743.06042,1018978819157.4177,1.0,1.0,upper,0.1142,41.0,41.0,0.8888267874717712,0.3514036932369558,14.407551422715187,2.5466217139380904,14.407551422715187,3.5857282000240422,0.18626072556824055,0.3413091152906418,3.0,3.0,0.2274520993232727,0.11764783660570781,0.3529435098171234,0.24538084326093573,0.3529435098171234,0.8834722230663214,0.07892764168409347,0.07037023306860704,0.044312998723828156,0.044312998723828156,0,0.0,0.044312998723828156,1.0
2021-03-10,54872.0,56020.0,57369.0,53337.0,63560545036.79726,1044805904677.5541,1.0,1.0,upper,0.0903,41.0,41.0,0.8768925666809082,0.33924635336166475,13.909100487828255,2.4820682601770585,13.909100487828255,3.5753494138509674,0.1875419451711473,0.4984509348869324,3.0,3.0,0.22439801692962646,0.11606815457344055,0.34820446372032166,0.2420860385556844,0.34820446372032166,0.8834723709561219,0.07786783791641674,0.03582123179864849,0.023845060404026897,0.023845060404026897,0,0.0,0.023845060404026897,1.0
2021-03-11,55822.0,57789.0,58102.0,54564.0,64605228617.76096,1077836070933.286,1.0,0.0,time,-0.0167,41.0,41.0,0.8630043268203735,0.3358970880508423,13.771780610084534,2.455793828769928,13.771780610084534,3.575356374138704,0.1851184410061217,0.2297927886247635,4.0,4.0,0.2208440899848938,0.08998189121484756,0.35992756485939026,0.23887474983880783,0.35992756485939026,1.033423121438045,0.07854009027902625,0.05387520129569246,0.03108967631616823,0.03108967631616823,0,0.0,0.03108967631616823,1.0
2021-03-12,57924.0,57354.0,57924.0,55353.0,59984971691.807,1069776383193.8628,1.0,1.0,time,0.0285,41.0,41.0,0.8669379949569702,0.3332433738723034,13.662978328764439,2.4418130528849398,13.662978328764439,3.5744870273477476,0.18540358021496747,0.21117142587900162,5.0,5.0,0.2218506932258606,0.07634994387626648,0.3817497193813324,0.24177981850678576,0.3817497193813324,1.1476708583710475,0.07656488880371871,0.0505112193025983,-0.007555857838450131,-0.007555857838450131,0,0.0,-0.007555857838450131,1.0
2021-03-13,57228.0,61315.0,61712.0,56220.0,67332756651.27568,1145191373521.5942,1.0,0.0,lower,-0.0942,41.0,41.0,0.8538835644721985,0.3392287932518052,13.908380523324013,2.4680114504947928,13.908380523324013,3.5804004866381764,0.1829938942576843,0.40670257061719894,5.0,5.0,0.2185099720954895,0.07520024180412292,0.3760012090206146,0.23813900520344974,0.3760012090206146,1.1476709293226641,0.0754119406490721,0.05258095134454156,0.06678192290430877,0.06678192290430877,0,0.0,0.06678192290430877,1.0
2021-03-14,61200.0,59429.0,61679.0,59429.0,48104078384.27405,1111684638819.0723,1.0,0.0,time,-0.0202,41.0,41.0,0.8544325232505798,0.3371397040602637,13.822727866470814,2.4538363053845216,13.822727866470814,3.5805265956582955,0.18220346650176347,0.09906541556119919,5.0,5.0,0.21865051984786987,0.07524859309196472,0.3762429654598236,0.23829216281258062,0.3762429654598236,1.147670515354778,0.07546045460543822,0.0023961433090504526,-0.03124218849558087,-0.03124218849558087,0,0.0,-0.03124218849558087,1.0
2021-03-15,59195.0,55805.0,60615.0,55348.0,70594488699.70683,1049197142851.5631,1.0,1.0,time,0.045,41.0,41.0,0.8678509593009949,0.34927364565977237,14.320219472050667,2.539265381039829,14.320219472050667,3.5796699315957823,0.18781110214827562,0.49749160557985306,6.0,6.0,0.22208434343338013,0.07003030677636464,0.42018184065818787,0.24500400635316455,0.42018184065818787,1.3475096626017198,0.07141603452767807,0.08080968426290433,-0.06291885161073024,-0.06291885161073024,0,0.0,-0.06291885161073024,1.0
2021-03-16,55857.0,56830.0,56919.0,53567.0,63219904254.35453,1060221966894.7418,1.0,1.0,time,0.013,41.0,41.0,0.8819468021392822,0.3527362553811655,14.462186470627785,2.569240790858113,14.462186470627785,3.5775424336680848,0.19125138234066497,0.27818989753723145,6.0,6.0,0.22569137811660767,0.07116774717966716,0.42700648307800293,0.24898332491057884,0.42700648307800293,1.3475102120577125,0.07257594488046382,0.07486632949240213,0.018200884201351894,0.018200884201351894,0,0.0,0.018200884201351894,1.0
2021-03-17,57141.0,59015.0,59097.0,54471.0,63368268626.27834,1101028543248.462,1.0,0.0,time,-0.082,41.0,41.0,0.8929212093353271,0.3706509201991849,15.19668772816658,2.6812129000394855,15.19668772816658,3.583518505324899,0.19482552074735146,0.7345012575387955,6.0,6.0,0.2284998893737793,0.07205333312352498,0.4323199987411499,0.25208165780740516,0.4323199987411499,1.347509650537809,0.07347909602700138,0.0594287775938572,0.037727293572002205,0.037727293572002205,0,0.0,0.037727293572002205,1.0
2021-03-18,59269.0,57922.0,60186.0,57511.0,58387006275.72827,1081065767945.8683,1.0,0.0,time,-0.0593,41.0,41.0,0.9222809672355652,0.37926401634041856,15.549824669957161,2.7418223534237094,15.549824669957161,3.5848781864719825,0.19878293468594674,0.4675012081861496,6.0,6.0,0.23601305484771729,0.07442249357700348,0.4465349614620209,0.2603702135680434,0.4465349614620209,1.3475100388934662,0.07589510613576453,0.15087790913557206,-0.018694371012991193,-0.018694371012991193,0,0.0,-0.018694371012991193,1.0
2021-03-19,57894.0,58243.0,59572.0,56488.0,51948388930.75819,1086741150606.8165,1.0,0.0,lower,-0.0993,41.0,41.0,0.9437201023101807,0.3925756664901245,16.095602326095104,2.834297027830077,16.095602326095104,3.5850728126829896,0.20449210320728084,0.5457776561379433,6.0,6.0,0.24149930477142334,0.07615247865517934,0.45691487193107605,0.2664226604940014,0.45691487193107605,1.3475097675366101,0.0776593351254231,0.1116692240212241,0.0055266356827549075,0.0055266356827549075,0,0.0,0.0055266356827549075,1.0
2021-03-20,58240.0,58376.0,60301.0,58208.0,54549112635.671715,1090022321077.5006,1.0,0.0,lower,-0.1016,41.0,41.0,0.9651671648025513,0.3948527645410561,16.1889633461833,2.86544703952397,16.1889633461833,3.579431638575489,0.21060480873892828,0.4258947968482971,6.0,6.0,0.24698764085769653,0.07788312435150146,0.4672987461090088,0.272477400231629,0.4672987461090088,1.3475098708668796,0.07942422729083644,0.11182708353526401,0.002280932912522971,0.002280932912522971,0,0.0,0.002280932912522971,1.0
2021-03-21,58254.0,57574.0,58835.0,56069.0,55664123837.602554,1074356788297.177,1.0,0.0,lower,-0.0878,41.0,41.0,0.9948398470878601,0.4008697871027923,16.435661271214485,2.888036541124273,16.435661271214485,3.5870113943074373,0.20672799544822498,0.5964709743857384,6.0,6.0,0.25458091497421265,0.08027754227320354,0.4816652536392212,0.2808543394015449,0.4816652536392212,1.3475099652989062,0.08186600556205885,0.15283303378252422,-0.013833769556994314,-0.013833769556994314,0,0.0,-0.013833769556994314,1.0
2021-03-22,57355.0,54370.0,58609.0,54109.0,62001716794.84347,1020641820438.662,1.0,1.0,time,0.0265,41.0,41.0,1.0484967231750488,0.431785441389898,17.703203096985817,3.0904578187994187,17.703203096985817,3.593514533080422,0.21566370424815323,1.2675418257713318,6.0,6.0,0.26831185817718506,0.08460732797781627,0.5076439678668976,0.29600232562948503,0.5076439678668976,1.3475096930850952,0.08628149385662902,0.2655279217029341,-0.057258545748495385,-0.057258545748495385,0,0.0,-0.057258545748495385,1.0
2021-03-23,54241.0,54585.0,55836.0,53286.0,60383378707.04851,1017637245492.0177,1.0,1.0,time,0.0207,41.0,41.0,1.1131430864334106,0.4564181057418265,18.713142335414886,3.261345615891825,18.713142335414886,3.5955713468415937,0.2260670227129171,1.047972485423088,7.0,7.0,0.2848550081253052,0.07804532136235919,0.5463172495365143,0.31433927560130304,0.5463172495365143,1.4008368659638264,0.08957971300920006,0.31499304733213707,0.003946588574403455,0.003946588574403455,0,0.0,0.003946588574403455,1.0
2021-03-24,54487.0,52735.0,57239.0,52192.0,73029051195.05199,982797427007.2565,1.0,1.0,upper,0.0889,41.0,41.0,1.1786022186279297,0.4751192687488184,19.479890018701553,3.4051915221769735,19.479890018701553,3.5938290082054873,0.23890288881820582,0.839522510766983,8.0,8.0,0.3016059398651123,0.09116922691464424,0.7293538153171539,0.3654391164924521,0.7293538153171539,1.6208236906982147,0.0915499347167113,0.43459136344932303,-0.03447974800365528,-0.03447974800365528,0,0.0,-0.03447974800365528,1.0
2021-03-25,52527.0,51417.0,53397.0,50624.0,63401640502.561295,959155260366.7408,1.0,1.0,upper,0.0824,41.0,41.0,1.2404346466064453,0.484232675375008,19.853539690375328,3.441575201035548,19.853539690375328,3.6035962538814914,0.23325413882551413,0.9321347624063492,8.0,8.0,0.3174290657043457,0.09595222026109695,0.7676177620887756,0.3846111239664717,0.7676177620887756,1.6208234592625352,0.0963529242514726,0.41594489972453197,-0.02531051465003272,-0.02531051465003272,0,0.0,-0.02531051465003272,1.0
2021-03-26,51440.0,55033.0,55033.0,51376.0,55442557956.15464,1027209990794.8939,0.0,1.0,time,0.0665,41.0,41.0,1.3192516565322876,0.5249102380944461,21.52131976187229,3.7091581971011487,21.52131976187229,3.609379484969132,0.24500340718444927,1.6677800714969635,10.0,10.0,0.33759844303131104,0.10311916470527649,1.031191647052765,0.43664386821216833,1.031191647052765,1.9380766150816062,0.09182714541580067,0.6309167276306847,0.06796414822589365,0.06696414822589365,1,0.001,0.06796414822589365,0.0
2021-03-27,55257.0,55832.0,56597.0,54090.0,47285749218.66506,1042184275332.6417,0.0,1.0,time,0.0518,41.0,41.0,1.4007772207260132,0.5511855143235951,22.5986060872674,3.913711536932949,22.5986060872674,3.6028343470811595,0.2641652141533112,1.2665885910391808,10.0,10.0,0.3584609031677246,0.11112326979637147,1.1112326979637146,0.46747960304017583,1.1112326979637146,1.9434936642740117,0.09749531699329397,0.7388288495345956,0.014414176410411943,0.0,0,0.0,0.0,0.0
2021-03-28,55754.0,55728.0,56498.0,54719.0,49315845081.42435,1039333584621.1438,0.0,1.0,time,0.0581,41.0,41.0,1.4861161708831787,0.5784556436829451,23.716681391000748,4.12031244741886,23.716681391000748,3.6000516665988913,0.2818893773814316,1.1737404391169548,10.0,10.0,0.3802992105484009,0.1299477696418762,1.2994776964187622,0.541123388996915,1.2994776964187622,1.9365901152666773,0.11133296626360288,0.7191517836549114,-0.001864468091205174,-0.0,0,0.0,-0.0,0.0
2021-03-29,55857.0,57635.0,58389.0,54964.0,57387039705.47129,1075942162536.995,0.0,0.0,time,-0.01,41.0,41.0,1.3738170862197876,0.5950444057220365,24.3968206346035,4.159103894093638,24.3968206346035,3.617620455337359,0.26043835307457625,1.4265413880348206,11.0,11.0,0.40803635120391846,0.1462035124952143,1.6082386374473572,0.61876814666552,1.6082386374473572,2.07107004948795,0.11589332148087407,0.9587626307915341,0.03364730842933046,0.0,0,0.0,0.0,0.0
2021-03-30,57609.0,58669.0,59659.0,57113.0,52387542500.621956,1095293012032.8433,0.0,0.0,time,-0.0075,41.0,41.0,1.3760223388671875,0.6051966893236812,24.813064262270927,4.2005939829726495,24.813064262270927,3.6252104932474665,0.2531848580551138,0.6906783133745193,12.0,12.0,0.40869128704071045,0.12611030042171478,1.5133236050605774,0.590729779369054,1.5133236050605774,2.092059149221602,0.11478820270537,0.37503692768051994,0.017781456253424907,0.0,0,0.0,0.0,0.0
2021-03-31,58757.0,58817.0,59905.0,57142.0,57495844477.9185,1098127310946.8978,0.0,0.0,time,-0.0019,41.0,41.0,1.3789068460464478,0.5971234771536618,24.482062563300133,4.170712646605459,24.482062563300133,3.616892906210449,0.26020768697815816,0.535266637802124,11.0,11.0,0.40954792499542236,0.12002909183502197,1.3203200101852417,0.5674506598592921,1.3203200101852417,1.9237726809108349,0.12192525266833269,0.3018499357087995,0.002519450458564185,0.0,0,0.0,0.0,0.0
2021-04-01,58772.0,58801.0,59416.0,58247.0,54320681400.56781,1098583823874.2307,0.0,0.0,time,-0.0126,41.0,41.0,1.4045219421386719,0.6068010591879124,24.878843426704407,4.205036728029237,24.878843426704407,3.628821649114765,0.25113524397299314,0.7010800987482071,11.0,11.0,0.4171558618545532,0.1219182935628024,1.3411012291908264,0.5778436007826182,1.3411012291908264,1.9177675767021984,0.12446191590110078,0.3366899589787906,-0.0002720672022767912,-0.0,0,0.0,-0.0,0.0
2021-04-02,58754.0,59060.0,60323.0,58530.0,52224918752.08043,1103133931136.5508,1.0,0.0,time,-0.0508,41.0,41.0,1.403574824333191,0.6062551566013475,24.85646142065525,4.1841934007700745,24.85646142065525,3.6340396110180757,0.24385704048274529,0.4710972160100937,12.0,12.0,0.41687464714050293,0.11413545409838359,1.369625449180603,0.578005967206062,1.369625449180603,1.9818302601201163,0.12171280251028258,0.03566338753990504,0.004395014753088274,-0.001,1,0.001,0.0,1.0
2021-04-03,58997.0,57060.0,59786.0,57060.0,52067853987.600494,1067101827372.9529,0.0,1.0,time,0.0175,41.0,41.0,1.422813892364502,0.611198869056818,25.059153631329536,4.2113901854241504,25.059153631329536,3.636815557195591,0.24293334099753422,0.4246693253517151,10.0,10.0,0.4225888252258301,0.12532444000244142,1.253244400024414,0.5789482006175802,1.253244400024414,1.7477384316301663,0.13346118026567824,0.3546131544526639,-0.03445053053042263,-0.03545053053042263,1,0.001,-0.03445053053042263,0.0
2021-04-04,57097.0,58229.0,58402.0,56856.0,46156767978.177345,1087344280109.6896,0.0,0.0,time,-0.0013,41.0,41.0,1.4438952207565308,0.61084043761579,25.04445794224739,4.238307039062918,25.04445794224739,3.627317080687697,0.254954750077851,0.5420172661542892,10.0,10.0,0.4288501739501953,0.12718132734298707,1.2718132734298706,0.5875263293895655,1.2718132734298706,1.747738104283186,0.1354386530790734,0.24103479624808113,0.02028016663783334,0.0,0,0.0,0.0,0.0
2021-04-05,58244.0,58707.0,59360.0,56929.0,54670173277.08731,1096202611389.9541,0.0,1.0,time,0.0214,41.0,41.0,1.4495619535446167,0.6082630330106107,24.93878435343504,4.281164646804449,24.93878435343504,3.6086033635033594,0.2775779443437551,0.9270360842347145,9.0,9.0,0.48747336864471436,0.1908533838060167,1.7176804542541504,0.7625684612954434,1.7176804542541504,1.7893782902879418,0.16789068241323638,0.4856461065426765,0.008175457726991114,0.0,0,0.0,0.0,0.0
2021-04-06,58833.0,58062.0,59735.0,57517.0,61497704158.13829,1084341670320.8142,0.0,1.0,time,0.0326,41.0,41.0,1.53611421585083,0.6153058433314649,25.22753957659006,4.345752504500619,25.22753957659006,3.6058735843398915,0.2863952716269711,0.40793393552303314,9.0,9.0,0.48149120807647705,0.20100887616475424,1.809079885482788,0.7705089942760324,1.809079885482788,1.876225299030449,0.159875992078272,0.313445179713882,-0.011047565023317859,-0.0,0,0.0,-0.0,0.0
2021-04-07,58013.0,56134.0,58662.0,55565.0,67617613532.43307,1050759681844.6099,0.0,1.0,upper,0.0663,41.0,41.0,1.6139049530029297,0.6079960519947657,24.927838131785393,4.304985125693128,24.927838131785393,3.6059929311268712,0.28698898438743486,0.6729773357510567,8.0,8.0,0.5817804336547852,0.20528502762317657,1.6422802209854126,0.7806854904657887,1.6422802209854126,1.6758636191299852,0.18450416475442433,1.1085143351722029,-0.03376971557270816,-0.0,0,0.0,-0.0,0.0
2021-04-08,55990.0,58066.0,58183.0,55865.0,48714359354.07226,1083362883828.1199,0.0,1.0,upper,0.0907,41.0,41.0,1.607381820678711,0.5858713759154808,24.020726412534714,4.169699397687608,24.020726412534714,3.6028046354870735,0.2842764470943198,0.907111719250679,9.0,9.0,0.3464548587799072,0.14191730817159018,1.2772557735443115,0.5634216250111324,1.2772557735443115,1.7772550604896094,0.12300823201999042,0.403543990903672,0.03383860507397537,0.0,0,0.0,0.0,0.0
2021-04-09,58091.0,58153.0,58848.0,57760.0,45880879041.76103,1085794662404.731,1.0,1.0,upper,0.0892,41.0,41.0,1.1602250337600708,0.546580805284221,22.40981301665306,3.833459495790983,22.40981301665306,3.610260418045466,0.24428282593702882,1.3387667422698466,8.0,8.0,0.2943148612976074,0.09178953617811203,0.7343162894248962,0.38570854284433376,0.7343162894248962,1.5289766701343839,0.10085170326322937,0.4423326049216943,0.001497173719462169,-0.001,1,0.001,0.0,1.0
2021-04-10,58136.0,59979.0,61206.0,57935.0,61788197398.73793,1116221525334.3267,1.0,1.0,upper,0.0583,41.0,41.0,1.23566734790802,0.5491710585065004,22.516013398766518,3.8950999781349442,22.516013398766518,3.599629745050906,0.2616393406739229,0.6876861602067947,8.0,8.0,0.29006505012512207,0.09876250475645065,0.7901000380516052,0.39021488461894765,0.7901000380516052,1.6206900675647455,0.09632977045806965,0.19164814907014516,0.030917032610215438,0.030917032610215438,0,0.0,0.030917032610215438,1.0
2021-04-11,59787.0,59988.0,60574.0,59334.0,46792500386.96501,1120606689450.4702,1.0,1.0,upper,0.0581,41.0,41.0,1.1283067464828491,0.520999357286023,21.36097364872694,3.659009469673491,21.36097364872694,3.6101586601163813,0.23474411378214102,1.1550397500395775,7.0,7.0,0.2862182855606079,0.09845482451575142,0.68918377161026,0.3742682126529466,0.68918377161026,1.4273868968240109,0.10157560710373008,0.1959217448522286,0.00015004126162843504,0.00015004126162843504,0,0.0,0.00015004126162843504,1.0
2021-04-12,60025.0,59911.0,61262.0,59651.0,55994558888.5224,1118532902101.5269,1.0,1.0,upper,0.0594,41.0,41.0,1.1177222728729248,0.5010076623137404,20.541314154863358,3.537894356425062,20.541314154863358,3.604463410217158,0.23297339383547877,0.8196594938635826,6.0,6.0,0.21631038188934326,0.06653089324633281,0.3991853594779968,0.23889286041892036,0.3991853594779968,1.2804134127153435,0.07131110271456585,0.2665356140775909,-0.0012844145586820175,-0.0012844145586820175,0,0.0,-0.0012844145586820175,1.0
2021-04-13,59896.0,63577.0,63579.0,59871.0,71993120011.18321,1187737045885.1743,1.0,0.0,lower,-0.1218,41.0,41.0,1.0764771699905396,0.4759345786964021,19.513317726552486,3.3321701506947883,19.513317726552486,3.612200993348802,0.2104753772764101,1.0279964283108711,6.0,6.0,0.20832830667495728,0.06407581766446431,0.3844549059867859,0.23007745018577275,0.3844549059867859,1.2804128896171156,0.06867965568221869,0.18136563838856948,0.05939164205941369,0.05939164205941369,0,0.0,0.05939164205941369,1.0
2021-04-14,63644.0,62807.0,64805.0,61664.0,80157135507.58896,1173412921929.8884,1.0,0.0,lower,-0.1096,41.0,41.0,1.0722153186798096,0.47679016121276996,19.548396609723568,3.3723535944931493,19.548396609723568,3.6033555901580643,0.22373141537695498,0.5724111795425415,6.0,6.0,0.2068125605583191,0.06360963980356853,0.38165783882141113,0.22840349468124696,0.38165783882141113,1.2804126888450955,0.06817995639845095,0.04762026744967526,-0.01218523748961746,-0.01218523748961746,0,0.0,-0.01218523748961746,1.0
2021-04-15,63207.0,63180.0,63705.0,62153.0,60495376851.28074,1179561609816.9358,1.0,0.0,lower,-0.1155,41.0,41.0,1.0548080205917358,0.4552270800965588,18.664310283958912,3.1847657892638894,18.664310283958912,3.614542669630206,0.20037974070486186,0.8840863257646561,7.0,7.0,0.20413470268249512,0.05521876471383231,0.38653135299682617,0.22565962009170965,0.38653135299682617,1.3662440825265552,0.06500382439769406,0.09054308849861199,0.00592126314339135,0.00592126314339135,0,0.0,0.00592126314339135,1.0
2021-04-16,63208.0,61497.0,63513.0,60427.0,86260673269.76614,1149602869702.2644,1.0,0.0,lower,-0.0885,41.0,41.0,1.0776896476745605,0.4631291678765925,18.988295882940292,3.235567766282433,18.988295882940292,3.616019925345651,0.20211474032638171,0.4690072759985924,6.0,6.0,0.208562970161438,0.06414799888928731,0.3848879933357239,0.2303366202323676,0.3848879933357239,1.2804128589121768,0.06875701667353655,0.13399305708541587,-0.026999402239078568,-0.026999402239078568,0,0.0,-0.026999402239078568,1.0
2021-04-17,61441.0,60274.0,62460.0,60127.0,63808212132.53643,1125592412523.221,1.0,0.0,lower,-0.0684,41.0,41.0,1.1185624599456787,0.48514457374084285,19.890927523374557,3.401517826383003,19.890927523374557,3.612294366666505,0.21642032097477454,0.9026316404342651,7.0,7.0,0.21647298336029053,0.06022959096091134,0.4216071367263794,0.2400937472231666,0.4216071367263794,1.418953986745458,0.06787781255886087,0.19549989827812478,-0.020087559831547974,-0.020087559831547974,0,0.0,-0.020087559831547974,1.0
2021-04-18,60096.0,56289.0,60424.0,52810.0,102065957642.22952,1053618163309.5769,1.0,0.0,lower,-0.0799,41.0,41.0,1.2490555047988892,0.5218172436807214,21.394506990909576,3.6924153071909354,21.394506990909576,3.6032644194109564,0.2454417686079616,1.503579467535019,7.0,7.0,0.22804343700408936,0.07878077030181885,0.5514653921127319,0.2899229976275698,0.5514653921127319,1.4796623461527023,0.07616755605516812,0.3398856821943787,-0.06840169912996541,-0.06840169912996541,0,0.0,-0.06840169912996541,1.0
2021-04-19,56270.0,55721.0,57662.0,54691.0,66156275209.79711,1043148020633.034,1.0,0.0,lower,-0.0698,41.0,41.0,1.123351812362671,0.5393103513775802,22.11172440648079,3.7871335906026578,22.11172440648079,3.608421794308722,0.2428137384030375,1.2744062840938568,7.0,7.0,0.2482653260231018,0.0857666986329215,0.6003668904304504,0.31563206368114105,0.6003668904304504,1.4796626801743924,0.08292174750319316,0.45944873044544715,-0.01014203854554223,-0.01014203854554223,0,0.0,-0.01014203854554223,1.0
2021-04-20,55483.0,56295.0,57270.0,53700.0,68166802215.759544,1055145534127.332,1.0,0.0,lower,-0.08,41.0,41.0,1.162433385848999,0.547340914970491,22.44097751379013,3.8254207931725577,22.44097751379013,3.6127132777671114,0.23945971093514423,0.8543727099895477,7.0,7.0,0.2569025158882141,0.0887505326952253,0.6212537288665771,0.32661295118560835,0.6212537288665771,1.4796626148468577,0.08580661022352928,0.2681176411921298,0.010248625627288885,0.010248625627288885,0,0.0,0.010248625627288885,1.0
2021-04-21,56527.0,54190.0,56902.0,53752.0,56115370322.140594,1012699264345.6595,1.0,0.0,lower,-0.0778,41.0,41.0,1.2246813774108887,0.5794524252414703,23.757549434900284,4.071836583258184,23.757549434900284,3.607846467353719,0.2619571517239632,1.3165719211101532,7.0,7.0,0.2696227431297302,0.0931449021611895,0.6520143151283264,0.34278483342979066,0.6520143151283264,1.4796620747821996,0.0900552468838406,0.36363779121839984,-0.038109331677070965,-0.038109331677070965,0,0.0,-0.038109331677070965,1.0
2021-04-22,54088.0,51966.0,55474.0,50983.0,77897442831.71704,971174701492.849,1.0,1.0,time,0.0566,41.0,41.0,1.2406946420669556,0.6004261610711493,24.617472603917122,4.243507776001833,24.617472603917122,3.6012244364889994,0.28052145147067875,0.8599231690168381,7.0,7.0,0.2731481194496155,0.0964950578553336,0.6754654049873352,0.3487416883520602,0.6754654049873352,1.5126951288704715,0.08979475952026554,0.15229891470804666,-0.04190673100106005,-0.04190673100106005,0,0.0,-0.04190673100106005,1.0
2021-04-23,51878.0,51191.0,52143.0,47882.0,91138220375.4599,956744203682.2198,1.0,1.0,upper,0.0716,41.0,41.0,1.2783092260360718,0.5951131585894561,24.3996395021677,4.194023416645367,24.3996395021677,3.604496287990937,0.27360670932039727,0.7294495105743408,7.0,7.0,0.2814292907714844,0.0994205219405038,0.6959436535835266,0.35931459954848705,0.6959436535835266,1.5126950058269908,0.09251710279590333,0.2871838746877731,-0.015025923232835282,-0.015025923232835282,0,0.0,-0.015025923232835282,1.0
2021-04-24,51262.0,50133.0,51262.0,48975.0,49296256745.65119,937014999515.3855,-1.0,0.0,upper,0.0739,41.0,41.0,1.2962141036987305,0.5945289498422204,24.375686943531036,4.165798833004093,24.375686943531036,3.610273618874334,0.2641982051986653,0.5459361523389816,7.0,7.0,0.2853711247444153,0.10081308228628975,0.7056915760040283,0.3643473587371595,0.7056915760040283,1.5126954360954386,0.09381292547124133,0.1440598711932126,-0.020884261454772193,-0.021884261454772194,1,0.001,-0.020884261454772193,1.0
2021-04-25,50068.0,48981.0,50770.0,47198.0,46233432154.225266,915533819859.1393,-1.0,0.0,upper,0.0972,41.0,41.0,1.2954906225204468,0.5925560342829402,24.294797405600548,4.149672918873519,24.294797405600548,3.610990519444757,0.26243496426697505,0.08088953793048859,7.0,7.0,0.28521186113357544,0.10075681550162179,0.7052977085113525,0.3641440446011342,0.7052977085113525,1.5126952822259125,0.09376058730943998,0.006410263713237132,-0.02324700607721822,0.02324700607721822,0,0.0,0.02324700607721822,1.0
2021-04-26,49069.0,53979.0,54412.0,49063.0,60226926859.91649,1008389773189.793,-1.0,0.0,time,0.0686,41.0,41.0,1.324008822441101,0.6156210525006782,25.24046315252781,4.305805639396572,25.24046315252781,3.6113157441064225,0.2705640771089963,0.9456657469272614,7.0,7.0,0.29149043560028076,0.10297482354300362,0.7208237648010254,0.3721601880519032,0.7208237648010254,1.5126946516331023,0.09582462074379038,0.22891607251744,0.09716261422635435,-0.09716261422635435,0,0.0,-0.09716261422635435,1.0
2021-04-27,54018.0,54992.0,55487.0,53400.0,48468560013.13787,1027617870421.6592,-1.0,0.0,time,0.0288,41.0,41.0,1.347508192062378,0.6186068486876604,25.362880796194077,4.337095998002474,25.362880796194077,3.609463341238376,0.2758910147545753,0.5145601779222488,6.0,6.0,0.29666393995285034,0.10360897580782573,0.6216538548469543,0.3618389608784396,0.6216538548469543,1.2809704497655305,0.10529206554619806,0.24166417092024953,0.01859263806898674,-0.01859263806898674,0,0.0,-0.01859263806898674,1.0
2021-04-28,55093.0,54811.0,56156.0,53988.0,48072930663.01449,1024625833392.2412,-1.0,0.0,time,0.0427,41.0,41.0,1.3481950759887695,0.6086488097179227,24.95460119843483,4.281086479298272,24.95460119843483,3.606837738652224,0.2767015265596323,0.420815646648407,5.0,5.0,0.2968152165412903,0.1183277726173401,0.5916388630867004,0.3607505465283863,0.5916388630867004,1.141782199271554,0.10966644697228474,0.025798762064470366,-0.0032968163700571574,0.0032968163700571574,0,0.0,0.0032968163700571574,1.0
2021-04-29,54953.0,53597.0,55132.0,52489.0,46958036373.360306,1001973605935.3958,-1.0,0.0,upper,0.076,41.0,41.0,1.3339170217514038,0.6185717575433778,25.361442059278488,4.319402896702762,25.361442059278488,3.614789816181032,0.2691164221544536,0.6121041774749756,5.0,5.0,0.2936718463897705,0.11707463264465331,0.5853731632232666,0.3569300530578892,0.5853731632232666,1.1417824707472912,0.10850503650200298,0.07927127842675849,-0.02239780737630556,0.02239780737630556,0,0.0,0.02239780737630556,1.0
2021-04-30,53554.0,57829.0,57913.0,53297.0,53879045974.4321,1082721727348.0433,-1.0,1.0,time,-0.0069,41.0,41.0,1.3338327407836914,0.6263379367386422,25.679855406284332,4.35683205114519,25.679855406284332,3.6186871903667366,0.2658496673560954,0.3204582631587982,5.0,5.0,0.2936531901359558,0.11798747777938842,0.5899373888969421,0.3569458967819291,0.5899373888969421,1.175054665853557,0.10752222901869846,0.004682330683522797,0.075997283596559,-0.075997283596559,0,0.0,-0.075997283596559,1.0
2021-05-01,57770.0,57813.0,58722.0,57175.0,43967070045.82312,1080897634123.2937,-1.0,1.0,time,-0.0228,41.0,41.0,1.3331419229507446,0.6224919408559799,25.522169575095177,4.339663461384085,25.522169575095177,3.6163388917939168,0.26802502997493527,0.22947056591510773,6.0,6.0,0.29350119829177856,0.10147303342819214,0.6088382005691528,0.3572777055991247,0.6088382005691528,1.2780615865993346,0.10477491735418741,0.018625033123264734,-0.0002767160737810365,0.0002767160737810365,0,0.0,0.0002767160737810365,1.0
2021-05-02,57807.0,56601.0,57807.0,56091.0,39072664393.929405,1057850321948.5465,-1.0,0.0,time,0.0134,41.0,41.0,1.4030201435089111,0.6309004724025726,25.866919368505478,4.41930032312499,25.866919368505478,3.6125121105754197,0.2798415796082506,0.6619922965764999,6.0,6.0,0.2990543842315674,0.10339297850926717,0.620357871055603,0.36403767035238727,0.620357871055603,1.2780612715334327,0.10675733964267334,0.17277884619237716,-0.021187010986307618,0.021187010986307618,0,0.0,0.021187010986307618,1.0
2021-05-03,56611.0,57200.0,59066.0,56611.0,54132470274.07509,1069571255195.5189,-1.0,0.0,time,0.0271,41.0,41.0,1.412129521369934,0.6324315354591463,25.929692953824997,4.4332387244967855,25.929692953824997,3.6120280859693636,0.28175625426893697,0.209273099899292,5.0,5.0,0.49811339378356934,0.17404789924621583,0.8702394962310791,0.556426198740764,0.8702394962310791,1.0768528456262279,0.17784642728207492,0.603811497990355,0.010527245488166602,-0.010527245488166602,0,0.0,-0.010527245488166602,1.0
2021-05-04,57153.0,53464.0,57153.0,53464.0,71296763919.13268,999775008412.3738,-1.0,0.0,upper,0.0947,41.0,41.0,1.39728581905365,0.6419449593962693,26.31974333524704,4.525913555529537,26.31974333524704,3.6050583520019517,0.2958273617129829,0.6968013346195221,5.0,5.0,0.4928774833679199,0.1807448148727417,0.9037240743637085,0.5637683625948423,0.9037240743637085,1.103197799728872,0.17577902386005062,0.31665958658204385,-0.0675453681769832,0.0675453681769832,0,0.0,0.0675453681769832,1.0
2021-05-05,53329.0,57432.0,57973.0,53329.0,72158368257.54709,1070969079353.5304,-1.0,1.0,time,-0.027,41.0,41.0,1.4689502716064453,0.6385456076482448,26.180369913578033,4.575188678473397,26.180369913578033,3.58976957006926,0.32063166424242817,1.1722501516342163,5.0,5.0,0.4516206979751587,0.16152852773666382,0.8076426386833191,0.5149152725951488,0.8076426386833191,1.037450054886834,0.1641221566930349,0.30501780367495057,0.07159310906541291,-0.07159310906541291,0,0.0,-0.07159310906541291,1.0
2021-05-06,57410.0,56508.0,58420.0,55437.0,87510802710.77629,1056801053574.5111,-1.0,0.0,time,0.0074,41.0,41.0,1.476036548614502,0.6260715454089932,25.668933361768723,4.480671505204794,25.668933361768723,3.592539131262174,0.31257500012196826,0.6144030392169952,5.0,5.0,0.19314038753509521,0.08969800472259522,0.4484900236129761,0.2619229380358316,0.4484900236129761,1.1893874630894772,0.07533254968902688,0.40486300788235996,-0.016219418224764012,0.016219418224764012,0,0.0,0.016219418224764012,1.0
2021-05-07,56439.0,57362.0,58691.0,55484.0,68154805947.0942,1072831991777.4056,-1.0,1.0,lower,-0.1373,41.0,41.0,1.4774836301803589,0.6301567892475826,25.836428359150887,4.492084301813439,25.836428359150887,3.5976336095770782,0.3083322817276693,0.29808197915554047,6.0,6.0,0.1933298110961914,0.09549655516942342,0.5729793310165405,0.29004574140233186,0.5729793310165405,1.4543270753917215,0.07001068943414758,0.0979869009281549,0.014999842137576484,-0.014999842137576484,0,0.0,-0.014999842137576484,1.0
2021-05-08,57342.0,58772.0,59504.0,57282.0,66812167538.22713,1099271802311.4957,-1.0,1.0,lower,-0.1615,41.0,41.0,1.4747430086135864,0.6367692594848028,26.107539638876915,4.538867743082618,26.107539638876915,3.596646170772022,0.3114420318132316,0.33041974902153015,7.0,7.0,0.1929711103439331,0.09017278466905866,0.6312094926834106,0.29563593564378854,0.6312094926834106,1.6286287351788127,0.06598992215176426,0.06644966649966022,0.024283487826705433,-0.024283487826705433,0,0.0,-0.024283487826705433,1.0
2021-05-09,58850.0,58214.0,59256.0,56637.0,67906284080.6139,1088903483393.3053,-1.0,1.0,lower,-0.152,41.0,41.0,1.475475549697876,0.6306072193674925,25.854895994067192,4.516668014848793,25.854895994067192,3.5921860945896404,0.3160736980478624,0.5247913002967834,6.0,6.0,0.32521700859069824,0.12736730774243674,0.7642038464546204,0.4173544399894206,0.7642038464546204,1.3282925664287937,0.11317401210049903,0.2578610798177995,-0.009539675375600017,0.009539675375600017,0,0.0,0.009539675375600017,1.0
2021-05-10,58420.0,55902.0,59578.0,54739.0,76672978747.69038,1045714370754.1615,-1.0,1.0,lower,-0.1115,41.0,41.0,1.5583741664886475,0.6389366235674881,26.196401566267014,4.638036613771528,26.196401566267014,3.5800708905857253,0.3412153051894447,0.7107965499162674,8.0,8.0,0.32518434524536133,0.13533858209848404,1.0827086567878723,0.48185777684765796,1.0827086567878723,1.725640899367051,0.10347382680727919,0.2265692293266208,-0.040525717941756884,0.040525717941756884,0,0.0,0.040525717941756884,1.0
2021-05-11,55935.0,56929.0,56987.0,54758.0,67726708140.565094,1064993057463.8884,-1.0,1.0,lower,-0.1297,41.0,41.0,1.5675898790359497,0.6409367889892764,26.278408348560333,4.647734791770345,26.278408348560333,3.582762093547721,0.3406822433379635,0.5122715532779694,9.0,9.0,0.32710742950439453,0.12702958451377022,1.1432662606239319,0.48214550968946585,1.1432662606239319,1.8715168027893287,0.09845227520538118,0.29832905535853227,0.01820471968114233,-0.01820471968114233,0,0.0,-0.01820471968114233,1.0
2021-05-12,56713.0,50005.0,57958.0,50005.0,75523928654.34041,935512493150.826,-1.0,1.0,lower,-0.1329,41.0,41.0,1.505600929260254,0.6289070270410398,25.785188108682632,4.56585290987838,25.785188108682632,3.5794887507028483,0.3360649907935311,0.9402419626712799,8.0,8.0,0.31417226791381836,0.11839115619659424,0.9471292495727539,0.43779393744449313,0.9471292495727539,1.7056510073014053,0.09970694856592353,0.6707921527926471,-0.1296818769490058,0.1296818769490058,0,0.0,0.1296818769490058,1.0
2021-05-13,49289.0,49973.0,51512.0,47301.0,104203551167.93765,934964766185.9642,-1.0,1.0,lower,-0.1323,41.0,41.0,1.4652447700500488,0.634463146692369,26.01298901438713,4.6117634897773,26.01298901438713,3.574521246445769,0.34087690435043,1.0861772894859314,9.0,9.0,0.5277986526489258,0.15177906221813625,1.3660115599632263,0.64497798929393,1.3660115599632263,1.7441650057495093,0.15226608768252772,0.782383061413726,-0.0006401408528425482,0.0006401408528425482,0,0.0,0.0006401408528425482,1.0
2021-05-14,49989.0,49913.0,51775.0,48995.0,56820196964.51265,935962705739.4398,-1.0,1.0,lower,-0.1311,41.0,41.0,1.4421439170837402,0.6230299832617364,25.544229313731194,4.5237277078241185,25.544229313731194,3.575518388109678,0.33310408586315116,0.628014013171196,10.0,10.0,0.5194774866104126,0.13819042444229127,1.3819042444229126,0.6236871096471946,1.3819042444229126,1.8698299151089706,0.14071946441934238,0.5528517970125048,-0.001201369705793483,0.001201369705793483,0,0.0,0.001201369705793483,1.0
2021-05-15,49917.0,46781.0,50720.0,46781.0,62896879696.14898,875321252276.1078,-1.0,1.0,lower,-0.2268,41.0,41.0,1.3379093408584595,0.5952178425178295,24.40393154323101,4.29417234090818,24.40393154323101,3.5812998564905247,0.30898182957492026,1.3087329268455505,10.0,10.0,0.48193085193634033,0.1282023787498474,1.2820237874984741,0.5786084971308623,1.2820237874984741,1.8698304031830593,0.1305485709538185,0.815689519017319,-0.06480435228559683,0.06480435228559683,0,0.0,0.06480435228559683,1.0
2021-05-16,46682.0,46585.0,49826.0,44247.0,70636455913.96016,871695620615.745,-1.0,1.0,lower,-0.2226,41.0,41.0,1.292988657951355,0.5871454095695077,24.072961792349815,4.225868063141932,24.072961792349815,3.585833183064145,0.3013640483827234,0.8888610899448395,10.0,10.0,0.4507906436920166,0.1250252902507782,1.250252902507782,0.5474031816678212,1.250252902507782,1.923421876550628,0.1197234360002837,0.6582330529155637,-0.004198536681858109,0.004198536681858109,0,0.0,0.004198536681858109,1.0
2021-05-17,46569.0,43781.0,46569.0,42024.0,84054878923.85199,819256623328.7307,-1.0,1.0,lower,-0.1606,41.0,41.0,1.1801013946533203,0.5420731229753029,22.22499804198742,3.8923624386628464,22.22499804198742,3.5873524969203086,0.2751013674449469,1.8479637503623962,9.0,9.0,0.4114333391189575,0.10886660880512661,0.9797994792461395,0.47285752812987425,0.9797994792461395,1.7655800251080445,0.11398186760988618,0.8367627220545321,-0.062078667588406126,0.062078667588406126,0,0.0,0.062078667588406126,1.0
2021-05-18,43587.0,43091.0,45784.0,42496.0,65037066859.11668,800545278567.6873,-1.0,1.0,lower,-0.1447,41.0,41.0,1.088423728942871,0.5062257881935049,20.755257315933704,3.61789238404024,20.755257315933704,3.592241392205755,0.2509639371906153,1.4697407260537148,9.0,9.0,0.3794706463813782,0.10747421118948194,0.9672679007053375,0.45917562803979844,0.9672679007053375,1.7650768610470076,0.10897803180688963,0.6157861775902169,-0.01588577471486029,0.01588577471486029,0,0.0,0.01588577471486029,1.0
2021-05-19,43195.0,37287.0,43588.0,30415.0,141151477374.61298,697785056487.6051,-1.0,0.0,time,0.0357,41.0,41.0,1.2615015506744385,0.46693206523976677,19.144214674830437,3.399557903405274,19.144214674830437,3.574332170134378,0.252690220215421,1.9571982845664024,8.0,8.0,0.517364501953125,0.12304629758000374,0.9843703806400299,0.562787523108101,0.9843703806400299,1.4724016533195132,0.1563676218806888,0.6779700256482131,-0.14466941816763773,0.14466941816763773,0,0.0,0.14466941816763773,1.0
2021-05-20,37083.0,40438.0,42480.0,35390.0,95001812130.50996,759679496751.2783,-1.0,1.0,lower,-0.1451,41.0,41.0,1.284738302230835,0.46707711659553575,19.150161780416965,3.4306654026226044,19.150161780416965,3.5701891174262625,0.2624863647105117,0.7983402833342552,8.0,8.0,0.48358094692230225,0.11490514129400253,0.9192411303520203,0.5260363475707007,0.9192411303520203,1.4673521606841222,0.1462398316974404,0.44397798014385514,0.0811251965136249,-0.0811251965136249,0,0.0,-0.0811251965136249,1.0
2021-05-21,40722.0,37340.0,42252.0,34387.0,88706010988.29123,698762712553.7339,-1.0,0.0,time,0.0539,41.0,41.0,1.183419942855835,0.44406970899279524,18.206858068704605,3.2517722308651544,18.206858068704605,3.570490946050255,0.2463840189812249,0.9859995916485786,8.0,8.0,0.4454442262649536,0.09960902109742165,0.7968721687793732,0.47087963758246393,0.7968721687793732,1.4622435482341842,0.13339414174632064,0.42781141421009483,-0.07970479883153253,0.07970479883153253,0,0.0,0.07970479883153253,1.0
2021-05-22,37422.0,37520.0,39071.0,35499.0,61178935273.653305,702143968883.5249,-1.0,0.0,time,0.0295,41.0,41.0,1.1097157001495361,0.4159729004633136,17.054888918995857,3.0485502846913164,17.054888918995857,3.569007819977136,0.23160559555443858,1.1519691497087479,8.0,8.0,0.4177016615867615,0.09340530633926392,0.7472424507141113,0.44155292890835146,0.7472424507141113,1.462243821207586,0.1250862597414729,0.37736033336327474,0.004808986024447478,-0.004808986024447478,0,0.0,-0.004808986024447478,1.0
2021-05-23,37264.0,34978.0,38361.0,31390.0,84358034875.51308,654558962027.5841,0.0,0.0,upper,0.1192,41.0,41.0,1.0296999216079712,0.40594928402726244,16.64392064511776,3.0063935253570664,16.64392064511776,3.555291667811287,0.23591101877804826,0.9663098156452179,8.0,8.0,0.3875833749771118,0.08667032048106194,0.6933625638484955,0.40971483257846386,0.6933625638484955,1.462243656133478,0.11606694642343206,0.36855756890581365,-0.07015483171102445,0.06915483171102445,1,0.001,0.07015483171102445,0.0
2021-05-24,34893.0,38642.0,40418.0,34760.0,71163197727.3351,723143072419.7241,0.0,1.0,time,-0.1054,41.0,41.0,0.9913784861564636,0.3974724524631733,16.296370550990105,2.8957720616843914,16.296370550990105,3.5686110575623164,0.21573117101689776,0.9524568915367126,8.0,8.0,0.37315911054611206,0.08718296885490417,0.6974637508392334,0.40135648030163174,0.6974637508392334,1.4858144359127086,0.11195984984207094,0.24345684485850078,0.09962047541219222,-0.0,0,0.0,-0.0,0.0
2021-05-25,38810.0,38211.0,39787.0,36755.0,48724794157.985054,715248689989.8947,-1.0,1.0,time,-0.0676,41.0,41.0,0.9584140777587891,0.38969116730660924,15.97733785957098,2.8283869012542593,15.97733785957098,3.571384035659404,0.2079836427807499,0.5854159817099571,8.0,8.0,0.36075109243392944,0.08428402990102768,0.6742722392082214,0.38801088671006934,0.6742722392082214,1.4858141297465233,0.10823704693557772,0.22512334922583427,-0.011216335563459625,-0.001,1,0.001,0.0,1.0
2021-05-26,38382.0,39407.0,40802.0,38032.0,47026386118.47242,737668726732.3829,-1.0,1.0,time,-0.0539,41.0,41.0,0.9349254965782166,0.3822738668177186,15.673228539526463,2.767839444764708,15.673228539526463,3.57403976384214,0.20178892090938905,0.41282303631305695,8.0,8.0,0.351909875869751,0.08221840485930443,0.6577472388744354,0.37850158735829514,0.6577472388744354,1.485814033628409,0.10558439920975611,0.16706975084509454,0.030820033222222872,-0.030820033222222872,0,0.0,-0.030820033222222872,1.0
2021-05-27,39467.0,38643.0,40433.0,37359.0,40836817155.71973,723137484747.1467,0.0,1.0,time,-0.0521,41.0,41.0,0.9094631671905518,0.3835105109142094,15.723930947482586,2.7899054379724473,15.723930947482586,3.5673271283235937,0.2067919634223821,0.5424325913190842,8.0,8.0,0.34232574701309204,0.07997922599315643,0.6398338079452515,0.3681932543957835,0.6398338079452515,1.4858140388922092,0.102708848121062,0.17997254958294356,-0.01957781941589435,0.01857781941589435,1,0.001,0.01957781941589435,0.0
2021-05-28,38549.0,35710.0,39086.0,34826.0,49991590067.73797,668521654364.6696,-1.0,0.0,time,0.0539,41.0,41.0,0.879170835018158,0.37157703100181205,15.234658271074295,2.6965433532084178,15.234658271074295,3.5689451900417426,0.19819287028102697,0.5153422579169273,7.0,7.0,0.2907171845436096,0.06910865647452218,0.4837605953216553,0.3045507509193576,0.4837605953216553,1.3127384430451539,0.09205519701907887,0.21954413775213952,-0.07893488447570347,-0.001,1,0.001,0.0,0.0
2021-05-29,35744.0,34775.0,37389.0,33749.0,43184025044.772804,654239808356.6592,-1.0,0.0,upper,0.1185,41.0,41.0,0.8507038354873657,0.35441733460600783,14.531110718846321,2.567761854308249,14.531110718846321,3.571810083376755,0.18762465193755495,0.7035475522279739,7.0,7.0,0.28130394220352173,0.06687096612794059,0.4680967628955841,0.2946895986930037,0.4680967628955841,1.312738363019554,0.08907450878069466,0.16624305252584226,-0.026532023796850417,0.026532023796850417,0,0.0,0.026532023796850417,0.0
2021-05-30,34684.0,35715.0,36512.0,33159.0,30650274657.695255,668664301773.5417,-1.0,0.0,time,0.0337,41.0,41.0,0.8336105942726135,0.3502939319828661,14.362051211297512,2.520795396764091,14.362051211297512,3.5826918871422473,0.17966568155016785,0.3982508257031441,7.0,7.0,0.2756516933441162,0.06552731139319283,0.45869117975234985,0.28876837232114755,0.45869117975234985,1.3127382062385646,0.0872847336382172,0.10519179163064388,0.026672030797429254,-0.026672030797429254,0,0.0,-0.026672030797429254,1.0
2021-05-31,35738.0,37341.0,37568.0,34291.0,37950798680.48171,699138611681.2975,-1.0,1.0,time,-0.0492,41.0,41.0,0.8246631026268005,0.3487870117149702,14.300267480313778,2.4977672061903076,14.300267480313778,3.5878824954041173,0.17468392746764114,0.3158723711967468,7.0,7.0,0.2726929783821106,0.0648239723273686,0.4537678062915802,0.2856688738362536,0.4537678062915802,1.3127381678228238,0.08634786270890987,0.05764989053487908,0.04452115008001453,-0.04452115008001453,0,0.0,-0.04452115008001453,1.0
2021-06-01,37289.0,36680.0,37836.0,35663.0,33536905027.710236,688726381047.1788,-1.0,1.0,time,-0.0233,41.0,41.0,0.8162063360214233,0.3369269401925366,13.814004547894001,2.415401363914085,13.814004547894001,3.588931967379327,0.1696375953980917,0.4862629324197769,8.0,8.0,0.05737847089767456,0.025972362607717514,0.2077789008617401,0.08778377441309713,0.2077789008617401,1.8418565771760282,0.01699074047384127,0.2574253152503455,-0.017860271298686118,0.017860271298686118,0,0.0,0.017860271298686118,1.0
2021-06-02,36688.0,37686.0,38244.0,36075.0,31240691604.199257,704531333543.3906,0.0,1.0,lower,-0.1192,41.0,41.0,0.822039008140564,0.3273750100193954,13.422375410795212,2.369440096959105,13.422375410795212,3.57948486914816,0.17250635113683913,0.4623698815703392,7.0,7.0,0.05778849124908447,0.02928152254649571,0.20497065782546997,0.08830680254222785,0.20497065782546997,1.7783013326375372,0.016018910417492118,0.04058355962769901,0.027057025312034678,-0.02805702531203468,1,0.001,-0.027057025312034678,0.0
2021-06-03,37602.0,39151.0,39810.0,37242.0,33396718844.557133,733150718114.4554,-1.0,1.0,lower,-0.1573,41.0,41.0,0.8317849636077881,0.3335390785118429,13.675102218985558,2.4007146008602067,13.675102218985558,3.5869796445983164,0.1712400684040292,0.27578242123126984,8.0,8.0,0.05847358703613281,0.030405480414628983,0.24324384331703186,0.09627468852037357,0.24324384331703186,1.934353719730843,0.015300611653377852,0.07897599801279619,0.03813729219446555,-0.001,1,0.001,-0.0,1.0
2021-06-04,39348.0,36939.0,39348.0,35750.0,39345490149.31464,691747462828.3618,-1.0,0.0,time,0.0165,41.0,41.0,0.8405233025550842,0.3323878833070034,13.62790321558714,2.40163948372123,13.62790321558714,3.5837180517303775,0.1737760197065472,0.26628971844911575,7.0,7.0,0.059087932109832764,0.03153957639421735,0.22077703475952148,0.09401317769069434,0.22077703475952148,1.7872788477630581,0.01636749141096181,0.07101956762609903,-0.0581580614159201,0.0581580614159201,0,0.0,0.0581580614159201,1.0
2021-06-05,36841.0,35547.0,38009.0,34937.0,34068172835.766655,662913486273.3402,0.0,0.0,time,0.0374,41.0,41.0,0.8433980345726013,0.3315953132582874,13.595407843589783,2.399397959914559,13.595407843589783,3.5826789960771426,0.174533318314229,0.10994601994752884,8.0,8.0,0.04140746593475342,0.02300790697336197,0.18406325578689575,0.07586444729113918,0.18406325578689575,1.8607650642959608,0.013786334250041814,0.07456581157574638,-0.038412138976131494,0.03741213897613149,1,0.001,0.038412138976131494,0.0
2021-06-06,35600.0,35834.0,36449.0,35311.0,27689283070.836933,671131079523.7289,0.0,0.0,time,0.0398,41.0,41.0,0.8463337421417236,0.3276943019250544,13.43546637892723,2.419152496995846,13.43546637892723,3.564323249145113,0.18803042226874978,0.665718287229538,8.0,8.0,0.04155158996582031,0.022575169801712036,0.1806013584136963,0.07520137178341961,0.1806013584136963,1.8491762231023734,0.014045194843339881,0.022657421220788364,0.008041398874993657,-0.0,0,0.0,-0.0,0.0
2021-06-07,35841.0,33451.0,36915.0,33451.0,33345528753.340153,626527049947.8439,0.0,0.0,upper,0.1157,41.0,41.0,0.8351237177848816,0.32587740206863824,13.360973484814167,2.3962838352405957,13.360973484814167,3.5688541262120967,0.18400271012692482,0.22410177439451218,6.0,6.0,0.035986900329589844,0.016929149627685547,0.10157489776611328,0.05055300984885139,0.10157489776611328,1.5243464907160318,0.01180416707550538,0.09856902897817402,-0.0688154818841081,0.0,0,0.0,0.0,0.0
2021-06-08,33619.0,33557.0,34123.0,31109.0,46727462986.366455,629018966290.4011,0.0,0.0,upper,0.1125,41.0,41.0,0.8256911039352417,0.3251133648360648,13.329647958278656,2.387806260471922,13.329647958278656,3.570628012269633,0.18266135785246457,0.21648965030908585,5.0,5.0,0.03558048605918884,0.016664600372314452,0.08332300186157227,0.046964206584364634,0.08332300186157227,1.287186926471159,0.012783521989296718,0.04017545190132548,0.0031638039762000394,-0.0,0,0.0,-0.0,0.0
2021-06-09,33483.0,37554.0,37653.0,32553.0,54511387836.11497,705292677171.4633,0.0,0.0,time,0.0786,41.0,41.0,0.8286151885986328,0.32640129691217,13.382453173398972,2.430070760042588,13.382453173398972,3.556620512226762,0.1936298850113688,0.3545808792114258,6.0,6.0,0.07544952630996704,0.026154398918151855,0.15692639350891113,0.08892119377326087,0.15692639350891113,1.323481584942462,0.025174931994091758,0.06571648161502229,0.11253441170082115,-0.0,0,0.0,-0.0,0.0
2021-06-10,37456.0,36903.0,38849.0,35855.0,42952476854.83458,691681868464.4717,0.0,0.0,time,0.09,41.0,41.0,0.8275437355041504,0.3089543888118209,12.667129941284657,2.2969725756996033,12.667129941284657,3.5589841864543104,0.18229683810501665,0.6767189316291505,6.0,6.0,0.06350839138031006,0.029780730605125427,0.17868438363075256,0.0861493714422547,0.17868438363075256,1.5786586370924802,0.018709902492375717,0.040710917105941005,-0.017487048615861814,0.0,0,0.0,0.0,0.0
2021-06-11,36692.0,37289.0,37722.0,36043.0,36358044262.709755,698528023663.5321,0.0,0.0,time,0.0273,41.0,41.0,0.824764609336853,0.3090122745531361,12.669503256678581,2.2925350658705415,12.669503256678581,3.5617156668444876,0.18083040224647054,0.07454773038625717,6.0,6.0,0.06329512596130371,0.029680714011192322,0.17808428406715393,0.0858600627256464,0.17808428406715393,1.5786582277429406,0.018647080495199978,0.01202526575138605,0.01040552843541768,-0.0,0,0.0,-0.0,0.0
2021-06-12,37297.0,35666.0,37297.0,35110.0,35710196743.32056,668148892256.3638,0.0,0.0,upper,0.1302,41.0,41.0,0.818947434425354,0.3124372370359374,12.809926718473434,2.3094903022852473,12.809926718473434,3.5641015821440556,0.1802063414734404,0.2292354255914688,6.0,6.0,0.06284868717193604,0.029471375048160553,0.17682825028896332,0.08525448030126262,0.17682825028896332,1.57865828912761,0.01851555529846158,0.02205741368767846,-0.04450052295985394,0.0,0,0.0,0.0,0.0
2021-06-13,35679.0,39148.0,39271.0,34883.0,38185633278.287155,733402631079.1185,0.0,1.0,time,-0.0871,41.0,41.0,0.8182458877563477,0.3176287961442296,13.022780641913414,2.3554149333077503,13.022780641913414,3.5598371677483756,0.1855492420545554,0.23081444203853607,7.0,7.0,0.06785053014755249,0.03493247500487736,0.24452732503414154,0.10890167703196749,0.24452732503414154,1.7311721319284814,0.021770329056540246,0.05101323404154734,0.09315148153325163,-0.0,0,0.0,-0.0,0.0
2021-06-14,39169.0,40625.0,41117.0,38933.0,45836408439.45157,761104314502.2867,0.0,1.0,lower,-0.1242,41.0,41.0,0.8183290362358093,0.30608338226632376,12.549418672919273,2.269062801410207,12.549418672919273,3.563226009951277,0.17857685944236626,0.4742768108844757,8.0,8.0,0.06785741448402405,0.03095759078860283,0.24766072630882263,0.10895709614319733,0.24766072630882263,1.7768654111593878,0.02292561171616052,0.002608198272636917,0.037034305086328455,-0.0,0,0.0,-0.0,0.0
2021-06-15,40661.0,40378.0,41690.0,39664.0,36706248352.237144,756522207420.3483,0.0,1.0,lower,-0.1181,41.0,41.0,0.8258819580078125,0.31289354584565976,12.82863537967205,2.3388942991276336,12.82863537967205,3.553818791409755,0.18847457809975296,0.4658968448638916,8.0,8.0,0.06848374009132385,0.03124331124126911,0.2499464899301529,0.10996271388423404,0.2499464899301529,1.7768653930683347,0.023137206146797994,0.03600352207299187,-0.0060985584618694685,0.0,0,0.0,0.0,0.0
2021-06-16,40188.0,38321.0,40583.0,38137.0,36563438889.78541,718016373177.285,0.0,1.0,lower,-0.1893,41.0,41.0,0.8346264958381653,0.3194614169074268,13.097918093204498,2.3768738612378595,13.097918093204498,3.5586693535064535,0.18904444435771722,0.2692827135324478,7.0,7.0,0.06920886039733887,0.03225917262690408,0.22581420838832855,0.10785226832849963,0.22581420838832855,1.6093824671074493,0.02492139715641934,0.05482842162464393,-0.05228703339246494,0.0,0,0.0,0.0,0.0
2021-06-17,38341.0,38194.0,39601.0,37604.0,36330237284.41833,715652442155.1261,0.0,1.0,lower,-0.186,41.0,41.0,0.8443008065223694,0.32986188752622136,13.524337388575077,2.4363877375803287,13.524337388575077,3.565211177845249,0.18966091367998342,0.42641929537057877,7.0,7.0,0.08226051926612854,0.041397309729031155,0.2897811681032181,0.13309796558774228,0.2897811681032181,1.6492012074694786,0.02858298113510022,0.08201576913119478,-0.003319613582344859,0.0,0,0.0,0.0,0.0
2021-06-18,38186.0,35881.0,38199.0,35336.0,35162612172.75275,673761687974.4922,0.0,1.0,lower,-0.1235,41.0,41.0,0.8491095304489136,0.32594401734631234,13.363704711198807,2.4230106448936377,13.363704711198807,3.559108623352185,0.1922372127797183,0.24865957349538803,7.0,7.0,0.0827290415763855,0.041633084416389465,0.29143159091472626,0.1338560185126906,0.29143159091472626,1.6492011568175378,0.028745776499499623,0.022696097853141806,-0.0624705277309625,0.0,0,0.0,0.0,0.0
2021-06-19,35774.0,35582.0,36573.0,35044.0,28858979691.78587,666901325910.3705,0.0,1.0,lower,-0.1151,41.0,41.0,0.8679981231689453,0.3220499690349509,13.204048730432987,2.4286032542398592,13.204048730432987,3.541375068594773,0.20035032012443513,0.4876139983534813,7.0,7.0,0.08456936478614807,0.042559223515646796,0.2979145646095276,0.136833670695105,0.2979145646095276,1.6492013616255907,0.02938522683281746,0.06580703906269682,-0.008368015469676006,0.0,0,0.0,0.0,0.0
2021-06-20,35681.0,35787.0,36106.0,33414.0,35609127163.62243,670634370556.6146,0.0,1.0,lower,-0.1209,41.0,41.0,0.8911483287811279,0.32823686610634734,13.457711510360241,2.484848975421816,13.457711510360241,3.536758767436987,0.20702052328628906,0.3412427753210068,7.0,7.0,0.08682489395141602,0.041430845856666565,0.29001592099666595,0.1342263325107498,0.29001592099666595,1.6460481387870791,0.029279694135049376,0.07538445069105967,0.005744806955334707,-0.0,0,0.0,-0.0,0.0
2021-06-21,35779.0,31712.0,35779.0,31446.0,51873870276.52254,598335733135.868,0.0,0.0,time,0.0098,41.0,41.0,0.9041601419448853,0.34030403305844564,13.95246535539627,2.5787870146210565,13.95246535539627,3.535807506732493,0.21538746907571876,0.4947538450360298,7.0,7.0,0.08809265494346619,0.04203578616891589,0.2942505031824112,0.13618620487440872,0.2942505031824112,1.6460480474245507,0.029707216935145785,0.04884248229272845,-0.12088954082034094,0.0,0,0.0,0.0,0.0
2021-06-22,31505.0,32508.0,33241.0,29155.0,57443014757.92467,606580031922.7239,0.0,0.0,time,0.0626,41.0,41.0,0.9263822436332703,0.33576077749816385,13.766191877424717,2.513118228421862,13.766191877424717,3.5511487729846136,0.20324297258263216,0.6622518077492714,7.0,7.0,0.09025773406028748,0.043068919863019674,0.3014824390411377,0.13953332664813864,0.3014824390411377,1.6460477876853936,0.03043735073492454,0.07598035476879533,0.024791054743380857,-0.0,0,0.0,-0.0,0.0
2021-06-23,32495.0,33703.0,35014.0,31890.0,39798236962.44067,631634847766.2311,0.0,0.0,time,0.025,41.0,41.0,0.940224826335907,0.3321037588686478,13.61625411361456,2.502780119972476,13.61625411361456,3.5458996793151436,0.20611973527642463,0.3745424598455429,9.0,9.0,0.09160643815994263,0.038715879122416176,0.3484429121017456,0.1447856574317877,0.3484429121017456,1.9001259416190446,0.028814758818589067,0.08172070972802484,0.036100641276757287,-0.0,0,0.0,-0.0,0.0
2021-06-24,33713.0,34675.0,35198.0,32318.0,31862051544.349895,650340461975.8141,0.0,0.0,time,0.0366,41.0,41.0,0.9795730710029602,0.340557101477937,13.962841160595417,2.580325722367955,13.962841160595417,3.541811529785104,0.21543694224644946,0.48784415423870087,9.0,9.0,0.08563712239265442,0.04429323308997684,0.39863909780979156,0.1553914577899474,0.39863909780979156,1.9709123214191648,0.026852458352216786,0.22043830414352666,0.028432112033179715,-0.0,0,0.0,-0.0,0.0
2021-06-25,34699.0,31943.0,35567.0,31450.0,38635245431.3565,598703019611.4526,0.0,0.0,upper,0.1187,41.0,41.0,1.014727234840393,0.35596264335440425,14.594468377530575,2.69918732589168,14.594468377530575,3.5395960808615388,0.22580623456126578,0.6316272169351578,9.0,9.0,0.08871039748191833,0.04588278796937731,0.41294509172439575,0.16096802340353647,0.41294509172439575,1.9709119872462033,0.02781612736017234,0.1534990217177586,-0.08206590171335097,0.0,0,0.0,0.0,0.0
2021-06-26,31666.0,32024.0,32851.0,30141.0,36873109419.90242,600235334320.8247,0.0,0.0,upper,0.1162,41.0,41.0,1.0663235187530518,0.35608526591847584,14.599495902657509,2.6509867466462635,14.599495902657509,3.560973441795653,0.21121399102081875,0.921773187816143,9.0,9.0,0.09322112798690796,0.048215818074014455,0.43394236266613007,0.16915286389971926,0.43394236266613007,1.970912038804185,0.029230511746306805,0.2202022692833438,0.0025325572027280444,-0.0,0,0.0,-0.0,0.0
2021-06-27,32287.0,34607.0,34693.0,32287.0,34335452117.32629,649262127990.3759,0.0,1.0,time,-0.0191,41.0,41.0,1.157427191734314,0.37794918675975103,15.495916657149792,2.821993388435677,15.495916657149792,3.5606418404888345,0.2266929580123541,1.1394572630524635,10.0,10.0,0.10118564963340759,0.05082161128520966,0.5082161128520966,0.18733522529680904,0.5082161128520966,2.088477260971494,0.03044031028218456,0.3362141254929263,0.07757035204979343,-0.0,0,0.0,-0.0,0.0
2021-06-28,34625.0,34557.0,35273.0,34056.0,32453802891.01519,647741224116.9337,0.0,0.0,time,0.005,41.0,41.0,1.2770780324935913,0.409047993036305,16.770967714488506,3.0788056644459916,16.770967714488506,3.5526192416916293,0.25273690333184246,1.2826304137706757,11.0,11.0,0.11164581775665283,0.05121737176721746,0.5633910894393921,0.2061336113461606,0.5633910894393921,2.1221166606446302,0.03520802445783035,0.41280410778789417,-0.0014458391275869382,0.0,0,0.0,0.0,0.0
2021-06-29,34578.0,35969.0,36590.0,34379.0,35121257875.54662,674231340724.4149,0.0,1.0,time,-0.0161,41.0,41.0,1.4716439247131348,0.4434720675756292,18.182354770600796,3.292569282847898,18.182354770600796,3.566220096208599,0.260283429887853,2.0211033523082733,10.0,10.0,0.12350815534591675,0.06165958344936371,0.6165958344936371,0.2279380713788261,0.6165958344936371,2.085288221370217,0.03733191941543904,0.48811287154028427,0.04004732176336786,-0.0,0,0.0,-0.0,0.0
2021-06-30,35859.0,35171.0,36116.0,34192.0,31024153846.878517,660200427590.4775,-1.0,1.0,time,-0.036,41.0,41.0,0.9972373843193054,0.4755326338657519,19.496837988495827,3.3824178645906433,19.496837988495827,3.6028875353932857,0.23002480725065075,2.5855677649378777,10.0,10.0,0.14374345541000366,0.07176173627376556,0.7176173627376556,0.26528289839552177,0.7176173627376556,2.0852880690670323,0.04344830060068395,0.660671127247729,-0.022435576970319632,-0.001,1,0.001,0.0,1.0
2021-07-01,35063.0,33678.0,35103.0,32841.0,29129630236.14075,629863895571.7473,-1.0,0.0,time,0.0139,41.0,41.0,1.0742547512054443,0.49889439671504787,20.454670265316963,3.522812648639933,20.454670265316963,3.611534870566829,0.23193189577540801,1.4760258793830872,10.0,10.0,0.15484488010406494,0.07730396687984467,0.7730396687984467,0.2857709331576628,0.7730396687984467,2.085288324734692,0.04680383882140455,0.5209253121393786,-0.0433770742174101,0.0433770742174101,0,0.0,0.0433770742174101,1.0
2021-07-02,33656.0,33951.0,34104.0,32711.0,25084046353.169456,633684390025.5607,-1.0,1.0,time,-0.0006,41.0,41.0,1.1822195053100586,0.5444863809318077,22.323941618204117,3.8490327798702473,22.323941618204117,3.611882315720617,0.2547103166002584,1.8692713528871536,10.0,10.0,0.17040711641311646,0.0850731760263443,0.850731760263443,0.3144915086018916,0.850731760263443,2.0852882886013955,0.051507723877686575,0.6490968709778393,0.008073503463796965,-0.008073503463796965,0,0.0,-0.008073503463796965,1.0
2021-07-03,33988.0,34730.0,34924.0,33466.0,22986053604.70427,650382046624.6503,-1.0,1.0,time,-0.0531,41.0,41.0,1.3466954231262207,0.6057919329259454,24.83746924996376,4.240638047773514,24.83746924996376,3.62191337599459,0.26763064037186707,2.7544342279434204,11.0,11.0,0.19411492347717285,0.09260264039039612,1.0186290442943573,0.3616540597798919,1.0186290442943573,2.1783452875529252,0.05757676289116072,0.8705744445750099,0.02268555810406849,-0.02268555810406849,0,0.0,-0.02268555810406849,1.0
2021-07-04,34789.0,35394.0,36006.0,34381.0,22727930417.748825,663571591568.1959,-1.0,1.0,time,-0.041,41.0,41.0,1.4181400537490845,0.6419109978326937,26.318350911140442,4.458312028541236,26.318350911140442,3.629570028546141,0.26971110330808884,1.8660626113414764,12.0,12.0,0.21463710069656372,0.10545699795087178,1.2654839754104614,0.42341179219140496,1.2654839754104614,2.2852453779511173,0.06179495985718643,0.9424538469879301,0.018938447493010584,-0.018938447493010584,0,0.0,-0.018938447493010584,1.0
2021-07-05,35261.0,33928.0,35261.0,33329.0,25894820184.74507,636061920914.8282,-1.0,1.0,time,-0.0066,41.0,41.0,1.564584732055664,0.6872115756680326,28.175674602389336,4.727487693368978,28.175674602389336,3.6382525011979614,0.269891132158849,2.388924166560173,14.0,14.0,0.24200308322906494,0.10621562174388341,1.4870187044143677,0.48027031222747624,1.4870187044143677,2.3785605164394936,0.07206889391057968,1.0784694025367632,-0.04230168207670359,0.04230168207670359,0,0.0,0.04230168207670359,1.0
2021-07-06,33907.0,34150.0,35010.0,33733.0,26106856611.92326,640405812761.686,-1.0,0.0,time,0.0044,41.0,41.0,1.6938289403915405,0.7308192125907759,29.96358771622181,5.080360024267468,29.96358771622181,3.6227650148479547,0.30889624096644036,2.3506382405757904,12.0,12.0,0.26199400424957275,0.12263514598210652,1.4716217517852783,0.5035688595827972,1.4716217517852783,2.2588163881345564,0.07805395995767284,1.0001490597974556,0.006521953844509474,-0.006521953844509474,0,0.0,-0.006521953844509474,1.0
2021-07-07,34198.0,33932.0,34985.0,33916.0,23692220470.135063,636246944189.2604,-1.0,1.0,time,-0.0199,41.0,41.0,1.3150655031204224,0.7536896845189537,30.9012770652771,5.194327216245491,30.9012770652771,3.6288297285644306,0.30004314595701786,1.9529879540205002,11.0,11.0,0.2836805582046509,0.13981916145844894,1.5380107760429382,0.539466168504232,1.5380107760429382,2.204657349638813,0.08311020610132645,0.9469738889354362,-0.0064040640713107725,0.0064040640713107725,0,0.0,0.0064040640713107725,1.0
2021-07-08,33904.0,32934.0,33904.0,32317.0,29065577052.29722,617861633771.9894,-1.0,1.0,time,-0.0079,41.0,41.0,1.294970989227295,0.7433426129381832,30.477047130465508,5.120654722740515,30.477047130465508,3.6292776922841075,0.2949252464577336,0.47014088928699493,9.0,9.0,0.2793457508087158,0.15219216876559788,1.3697295188903809,0.5142534613514186,1.3697295188903809,2.0586203623244272,0.0788772016137383,0.35273328261688175,-0.02985296314968116,0.02985296314968116,0,0.0,0.02985296314968116,1.0
2021-07-09,32809.0,33971.0,34204.0,32389.0,24282108111.21572,637000370375.4657,-1.0,1.0,time,-0.0327,41.0,41.0,1.2983523607254028,0.7430128753185272,30.463527888059616,5.1301421340793905,30.463527888059616,3.626570324958285,0.29973829509494215,0.7472536414861679,10.0,10.0,0.28888022899627686,0.14914161264896392,1.4914161264896393,0.5370591561394591,1.4914161264896393,2.154420987628713,0.0812405877366061,0.6001656575032287,0.031001660682585242,-0.031001660682585242,0,0.0,-0.031001660682585242,1.0
2021-07-10,33925.0,33705.0,34346.0,33185.0,20558304483.59407,632185737683.1548,-1.0,1.0,time,-0.0605,41.0,41.0,1.2929110527038574,0.7363123733822893,30.18880730867386,5.151301955065961,30.18880730867386,3.6081082339385517,0.3241318413342556,1.1656194031238556,10.0,10.0,0.3676929473876953,0.17817140817642213,1.7817140817642212,0.6446170453211946,1.7817140817642212,2.145435947606713,0.09903566438558126,0.4742136082654148,-0.007861025172990293,0.007861025172990293,0,0.0,0.007861025172990293,1.0
2021-07-11,33667.0,34300.0,34824.0,33411.0,17798828844.27227,643335853171.1349,-1.0,1.0,lower,-0.078,41.0,41.0,1.295905590057373,0.7322915903315311,30.023955203592777,5.180234170732277,30.023955203592777,3.590881904899365,0.34388512544306576,0.7114694938063622,10.0,10.0,0.28833580017089844,0.16169578433036805,1.6169578433036804,0.585714683256823,1.6169578433036804,2.126778525535306,0.09033627371134559,0.2239078467241642,0.017499159866492087,-0.017499159866492087,0,0.0,-0.017499159866492087,1.0
2021-07-12,34295.0,33263.0,34725.0,32789.0,21683885320.611263,623350567666.981,-1.0,1.0,time,-0.0516,41.0,41.0,1.281829833984375,0.7124790452965876,29.21164085716009,5.058033516377835,29.21164085716009,3.588350372334459,0.34112514917353454,0.9018264561891556,9.0,9.0,0.29033398628234863,0.16046267747879028,1.4441640973091125,0.5556358178895392,1.4441640973091125,2.008138491479209,0.09249427871124231,0.2813581560062903,-0.030699686038186513,0.030699686038186513,0,0.0,0.030699686038186513,1.0
2021-07-13,33261.0,32676.0,33413.0,32386.0,19932531699.624603,613002045101.37,-1.0,1.0,time,-0.0234,41.0,41.0,1.2833783626556396,0.7185383017470197,29.460070371627808,5.1001390234770705,29.460070371627808,3.588134431999092,0.3436968717122587,0.24842951446771622,9.0,9.0,0.29068470001220703,0.16065649853812325,1.4459084868431091,0.5563069602097458,1.4459084868431091,2.0081385385678336,0.09260599889078326,0.020141858029388497,-0.017804804654084794,0.017804804654084794,0,0.0,0.017804804654084794,1.0
2021-07-14,32729.0,32879.0,33124.0,31514.0,21779069066.445965,616691143979.958,-1.0,1.0,time,-0.0612,41.0,41.0,1.2847387790679932,0.7269091093685569,29.803273484110832,5.228641549622941,29.803273484110832,3.569593237115246,0.37202220855031615,1.31570465862751,9.0,9.0,0.2909928560256958,0.15998133685853747,1.4398320317268372,0.556183221866691,1.4398320317268372,2.0012002982324635,0.09368595471550999,0.02483405229573247,0.006193292620548547,-0.006193292620548547,0,0.0,-0.006193292620548547,1.0
2021-07-15,32897.0,31726.0,33260.0,31285.0,21557729227.284348,595342431373.8641,-1.0,1.0,time,-0.0569,41.0,41.0,1.2928268909454346,0.7113102131137033,29.16371873766184,5.123207686630065,29.16371873766184,3.569618377122087,0.3663533550120181,0.7357758805155754,9.0,9.0,0.29282474517822266,0.16098848316404554,1.44889634847641,0.559684631867534,1.44889634847641,2.0012002708613954,0.09427575495178168,0.1052390803242493,-0.03569762211390789,0.03569762211390789,0,0.0,0.03569762211390789,1.0
2021-07-16,31867.0,31400.0,32205.0,31164.0,22671859962.66356,588495008675.5178,0.0,0.0,time,0.0309,41.0,41.0,1.285418152809143,0.7076459530650115,29.013484075665474,5.110028086924168,29.013484075665474,3.5671058769754773,0.3689508017533835,0.3624059781432152,8.0,8.0,0.28600239753723145,0.14988268166780472,1.1990614533424377,0.5005135407985489,1.1990614533424377,1.8623724458656326,0.09407128840089891,0.24846598244951262,-0.010328641072055863,0.009328641072055863,1,0.001,0.010328641072055863,0.0
2021-07-17,31404.0,31589.0,31973.0,31217.0,17715455994.789402,592581931071.2119,0.0,0.0,time,0.0256,41.0,41.0,1.255350112915039,0.6958091915017222,28.528176851570606,5.04203568410748,28.528176851570606,3.562999079190354,0.3686480299591647,0.6478161886334419,9.0,9.0,0.3033444881439209,0.11994516849517822,1.079506516456604,0.4743014742710951,1.079506516456604,1.842358746959495,0.10299962108220703,0.5505192224771277,0.006001065811526307,-0.0,0,0.0,-0.0,0.0
2021-07-18,31606.0,31919.0,32504.0,31262.0,17742105807.895496,597872278369.1111,0.0,1.0,lower,-0.0629,41.0,41.0,1.23264741897583,0.6731314455590597,27.598389267921448,4.916933951816883,27.598389267921448,3.5523133588247107,0.3695381370302725,0.9297875836491585,7.0,7.0,0.49384403228759766,0.18205208437783377,1.2743645906448364,0.655580232997828,1.2743645906448364,1.5086253830592582,0.16809211416588107,0.5135432488656668,0.010392485044329897,-0.0,0,0.0,-0.0,0.0
2021-07-19,31900.0,30928.0,31931.0,30654.0,20095540828.295692,580252472382.7122,0.0,0.0,upper,0.0786,41.0,41.0,1.198236107826233,0.6420336934487995,26.323381431400776,4.700032337646609,26.323381431400776,3.551672860754079,0.3557817284570751,1.2750078365206718,7.0,7.0,0.48005759716033936,0.15947071143559047,1.1162949800491333,0.5891980099500307,1.1162949800491333,1.498799691856526,0.1554431178868348,0.3364056794248478,-0.03153952130408883,0.0,0,0.0,0.0,0.0
2021-07-20,30892.0,29972.0,31044.0,29527.0,23000299061.896305,561743228116.5483,0.0,0.0,upper,0.0774,41.0,41.0,1.163234829902649,0.6195364069284462,25.400992684066296,4.541930795978944,25.400992684066296,3.5507760557837615,0.3454334716068134,0.9223887473344803,5.0,5.0,0.46603477001190186,0.13013067245483398,0.6506533622741699,0.47940750149088657,0.6506533622741699,0.9271237505172855,0.17038872786543008,0.49078397422139414,-0.031398309963910805,0.0,0,0.0,0.0,0.0
2021-07-21,29917.0,32384.0,32503.0,29642.0,29070652059.995018,605357009416.7555,0.0,0.0,upper,0.0906,41.0,41.0,1.3564894199371338,0.628009689653792,25.748397275805473,4.615200141699366,25.748397275805473,3.5478538212169988,0.35371993074584657,0.4397778585553169,5.0,5.0,0.4437854290008545,0.1350435733795166,0.675217866897583,0.4625321922757337,0.675217866897583,1.068388581304517,0.15668579727330226,0.0934476838968475,0.07740086116293601,-0.0,0,0.0,-0.0,0.0
2021-07-22,32314.0,32409.0,32596.0,31716.0,19741588059.45234,607621607805.3499,0.0,0.0,upper,0.0899,41.0,41.0,1.3666284084320068,0.6099026582953406,25.006008990108967,4.534671830345992,25.006008990108967,3.534832540995664,0.35994637989935985,0.94803037494421,3.0,3.0,0.2662454843521118,0.12818479537963867,0.384554386138916,0.2849155555572149,0.384554386138916,0.7509805421693089,0.1030903301299672,0.28678120715088606,0.0007716883379571337,-0.0,0,0.0,-0.0,0.0
2021-07-23,32386.0,33456.0,33469.0,32122.0,22937379734.633812,627747173675.4332,0.0,0.0,upper,0.1083,41.0,41.0,1.4157942533493042,0.6160903349518776,25.25970373302698,4.567376935119572,25.25970373302698,3.540350908219063,0.35949397816444634,0.9453082978725433,4.0,4.0,0.2758239507675171,0.12631824612617493,0.5052729845046997,0.3139218881636245,0.5052729845046997,1.108106111698395,0.09316887174727878,0.23271000264075167,0.03179498068332021,-0.0,0,0.0,-0.0,0.0
2021-07-24,33519.0,34214.0,34518.0,33487.0,22120323672.367214,642012590040.6406,0.0,0.0,upper,0.0859,41.0,41.0,1.4319708347320557,0.6182723063521269,25.349164560437202,4.591853125330292,25.349164560437202,3.539208976967807,0.3633324315253976,0.37101147323846817,4.0,4.0,0.2789754867553711,0.12776154279708862,0.5110461711883545,0.317508720930928,0.5110461711883545,1.1081061334286457,0.09423340781753661,0.07001492782020385,0.022403774343822423,-0.0,0,0.0,-0.0,0.0
2021-07-25,34297.0,35456.0,35456.0,33934.0,20929083220.53677,664681184168.7764,0.0,0.0,upper,0.0972,41.0,41.0,1.5990045070648193,0.6178730188346491,25.33279377222061,4.672755322810612,25.33279377222061,3.521076654771233,0.3883106797177517,0.8807642906904221,6.0,6.0,0.5185374021530151,0.15538626909255981,0.9323176145553589,0.5558739293593196,0.9323176145553589,1.3523382336205059,0.1653916914511011,0.3699466694241052,0.03565757409471851,-0.0,0,0.0,-0.0,0.0
2021-07-26,35527.0,37282.0,40347.0,35496.0,53550491997.72306,701921012034.6644,0.0,0.0,upper,0.0711,41.0,41.0,1.6258156299591064,0.6015032666122041,24.66163393110037,4.559502089028771,24.66163393110037,3.521217779268601,0.38110897008683225,0.7247820869088173,6.0,6.0,0.10719859600067139,0.08195289969444275,0.4917173981666565,0.2145671540651522,0.4917173981666565,1.7002987593728656,0.030933792184961714,0.4972409134778327,0.050218145322235244,-0.0,0,0.0,-0.0,0.0
2021-07-27,37227.0,39077.0,39266.0,36277.0,36401287454.43055,732311951673.3547,0.0,0.0,upper,0.0706,41.0,41.0,1.5702977180480957,0.5777665189490085,23.68842727690935,4.3736950101657985,23.68842727690935,3.5232149952161453,0.3643513405837613,0.9732066541910172,6.0,6.0,0.11225485801696777,0.08457008997599284,0.507420539855957,0.22178341176257374,0.507420539855957,1.6962451437746087,0.032340070659998534,0.41050212877535075,0.04702342217189096,-0.0,0,0.0,-0.0,0.0
2021-07-28,39209.0,40031.0,40840.0,38457.0,41369107422.717026,751371299910.5153,0.0,1.0,time,-0.019,41.0,41.0,1.500630259513855,0.5350279261062785,21.936144970357418,4.015916050441466,21.936144970357418,3.5344572578429765,0.32726254001338034,1.7522823065519333,4.0,4.0,0.09869778156280518,0.06967233866453171,0.27868935465812683,0.15369558592972515,0.27868935465812683,1.252557844176709,0.032424504754663276,0.37524663503925487,0.024120095337562934,-0.0,0,0.0,-0.0,0.0
2021-07-29,40050.0,39978.0,40665.0,39431.0,28717414113.01727,750407963580.4731,1.0,0.0,time,-0.0411,41.0,41.0,1.4572371244430542,0.5178171465309654,21.230503007769585,3.880793916332955,21.230503007769585,3.536179334838506,0.314954233382448,0.7056419625878334,4.0,4.0,0.09584379196166992,0.06765764951705933,0.2706305980682373,0.14925123079307365,0.2706305980682373,1.2525578136016005,0.03148690100880994,0.14338051011246752,-0.0013248511480525957,-0.001,1,0.001,0.0,1.0
2021-07-30,39985.0,41936.0,41936.0,38416.0,35530501782.520935,786531956383.648,1.0,0.0,lower,-0.0655,41.0,41.0,1.3677260875701904,0.5046402206871567,20.690249048173428,3.761459964417881,20.690249048173428,3.5402414182625654,0.3007084812359335,1.1262832507491112,4.0,4.0,0.08995652198791504,0.0635017678141594,0.2540070712566376,0.1400834378841224,0.2540070712566376,1.2525579034166165,0.029552798121925523,0.24523524453106926,0.047815343772595456,0.047815343772595456,0,0.0,0.047815343772595456,1.0
2021-07-31,41981.0,41754.0,42211.0,41176.0,28437941447.49927,784039345926.1898,1.0,0.0,lower,-0.0846,41.0,41.0,1.300652265548706,0.47540725931161787,19.491697631776333,3.535658998718142,19.491697631776333,3.543444207958883,0.280869295388053,1.1985514163970947,4.0,4.0,0.08554500341415405,0.06038759648799896,0.24155038595199585,0.13321365179151895,0.24155038595199585,1.2525578923265603,0.028103513059947342,0.2119543255011178,-0.004349391490282543,-0.004349391490282543,0,0.0,-0.004349391490282543,1.0
2021-08-01,41700.0,39915.0,42628.0,39604.0,28555173661.663795,747403845431.8284,1.0,1.0,upper,0.0698,41.0,41.0,0.9433106780052185,0.4496236647047648,18.434570252895355,3.281945032116943,18.434570252895355,3.5609316113389076,0.24606880653207114,1.0571273788809776,4.0,4.0,0.08326548337936401,0.05877847969532013,0.23511391878128052,0.12966396542952707,0.23511391878128052,1.2525579991730953,0.027354639596131346,0.11451862530387481,-0.04504306199300576,-0.04504306199300576,0,0.0,-0.04504306199300576,1.0
2021-08-02,39985.0,39279.0,40570.0,38760.0,28057528866.262108,737440183775.5553,1.0,1.0,upper,0.0859,41.0,41.0,0.8848174214363098,0.43733294435390613,17.93065071851015,3.1732584863148947,17.93065071851015,3.568612636270261,0.23310759308253132,0.5039195343852043,5.0,5.0,0.08316540718078613,0.05713379383087158,0.2856689691543579,0.1391287783336087,0.2856689691543579,1.4979387350079425,0.024639257184662575,0.0409767874791642,-0.01606216818403626,-0.01606216818403626,0,0.0,-0.01606216818403626,1.0
2021-08-03,39117.0,38368.0,39887.0,37913.0,28422901237.16951,720835141114.3336,1.0,1.0,upper,0.1094,41.0,41.0,0.9538937211036682,0.46030463732597304,18.872490130364895,3.3567297596259835,18.872490130364895,3.5616894745117746,0.2508784544046494,0.941839411854744,5.0,5.0,0.0850750207901001,0.058445674180984494,0.2922283709049225,0.14232338775917616,0.2922283709049225,1.497938789736786,0.025205009624675125,0.16865470448765957,-0.02346624606862216,-0.02346624606862216,0,0.0,-0.02346624606862216,1.0
2021-08-04,38176.0,39752.0,39979.0,37703.0,27751046040.329308,747085951935.0547,1.0,1.0,upper,0.0739,41.0,41.0,0.9609269499778748,0.4636122762430005,19.00810332596302,3.3806694026996578,19.00810332596302,3.561756662436123,0.25262212986206073,0.13561319559812546,5.0,5.0,0.08570224046707153,0.058876591920852664,0.2943829596042633,0.1433727243998104,0.2943829596042633,1.4979388858752136,0.02539083583008216,0.0558897863776678,0.035436375454915736,0.035436375454915736,0,0.0,0.035436375454915736,1.0
2021-08-05,39752.0,40825.0,41381.0,37596.0,38527930905.31518,768416417393.5968,1.0,1.0,upper,0.0895,41.0,41.0,0.9363000392913818,0.4489011973506067,18.404949091374874,3.264651342549801,18.404949091374874,3.564652165511221,0.24173885850266735,0.6031542345881462,4.0,4.0,0.08350580930709839,0.05894814431667328,0.23579257726669312,0.130038249394605,0.23579257726669312,1.2525578669740598,0.027433608184561357,0.1473876120602944,0.026634484556509335,0.026634484556509335,0,0.0,0.026634484556509335,1.0
2021-08-06,40809.0,42802.0,43175.0,39872.0,40840608016.843094,803853127161.2805,1.0,1.0,upper,0.0788,41.0,41.0,0.8885495662689209,0.42317210392254156,17.350056260824203,3.071367170860212,17.350056260824203,3.567099863868435,0.22584456597351732,1.0548928305506706,4.0,4.0,0.0792471170425415,0.05594182759523392,0.22376731038093567,0.1234063732704908,0.22376731038093567,1.252558027509166,0.026034499539054925,0.2037642920118622,0.04729019161142042,0.04729019161142042,0,0.0,0.04729019161142042,1.0
2021-08-07,42813.0,44648.0,44672.0,42727.0,42725276705.46515,838457486987.6113,0.0,0.0,time,-0.0034,41.0,41.0,0.8229807019233704,0.4003547257403048,16.414543755352497,2.92098588472443,16.414543755352497,3.5601239502783955,0.21867217781881604,1.1478113755583763,3.0,3.0,0.07306456565856934,0.0452291468779246,0.1356874406337738,0.08920798955209515,0.1356874406337738,0.9274929476185736,0.024637628525029803,0.18559083611717364,0.04222468301818311,0.041224683018183106,1,0.001,0.04222468301818311,0.0
2021-08-08,44645.0,43753.0,45242.0,43471.0,39633218478.615295,821704814136.0109,1.0,1.0,upper,0.0867,41.0,41.0,0.7745357155799866,0.3800478392257923,15.581961408257484,2.744145604691324,15.581961408257484,3.5704544608817192,0.1980665283426914,0.9945386573672295,2.0,2.0,0.06907856464385986,0.0579206645488739,0.1158413290977478,0.0834182487986036,0.1158413290977478,0.6744753806896463,0.011157900094985962,0.13280290263756606,-0.020249331604850505,-0.001,1,0.001,-0.0,1.0
2021-08-09,43780.0,46311.0,46433.0,42981.0,42726733997.85781,861862844505.6104,1.0,1.0,time,0.0167,41.0,41.0,0.8410946130752563,0.3673894178213143,15.062966130673885,2.6641582402155604,15.062966130673885,3.565838872300045,0.19529619602767104,0.9028165563941002,2.0,2.0,0.06374305486679077,0.05344700813293457,0.10689401626586914,0.07697520713460569,0.10689401626586914,0.6744755387386547,0.010296046733856201,0.09798430074815609,0.05681933198653207,0.05681933198653207,0,0.0,0.05681933198653207,1.0
2021-08-10,46288.0,45640.0,46456.0,44685.0,35669862361.54627,854344953098.7552,1.0,1.0,time,0.0299,41.0,41.0,0.8007121086120605,0.36114665048151484,14.807012669742107,2.6010363482151884,14.807012669742107,3.5717068648534123,0.1859640048715099,0.7326298654079437,2.0,2.0,0.060682594776153564,0.050880879163742065,0.10176175832748413,0.07327943085780501,0.10176175832748413,0.6744755054304816,0.009801715612411499,0.09564209985291593,-0.014594988873939006,-0.014594988873939006,0,0.0,-0.014594988873939006,1.0
2021-08-11,45628.0,45652.0,46704.0,45297.0,35679832771.371475,857660568377.3856,1.0,1.0,time,0.0083,41.0,41.0,0.7660653591156006,0.3529784407739232,14.472116071730852,2.5366424298063883,14.472116071730852,3.5727224570133513,0.17985155470996594,0.532598827034235,1.0,1.0,0.11967200040817261,0.11967200040817261,0.11967200040817261,0.11967200040817261,0.11967200040817261,-0.0,0.0,0.10022766009208235,0.00026289269747863136,0.00026289269747863136,0,0.0,0.00026289269747863136,1.0
2021-08-12,45578.0,44495.0,46168.0,43955.0,35838614930.04035,836054770491.896,1.0,1.0,upper,0.0699,41.0,41.0,0.742501974105835,0.34781188236140625,14.260287176817656,2.481105201475316,14.260287176817656,3.582029400027393,0.1707933921441767,0.4803334251046181,1.0,1.0,0.11599099636077881,0.11599099636077881,0.11599099636077881,0.11599099636077881,0.11599099636077881,-0.0,0.0,0.030962314852303184,-0.02567059438252798,-0.02567059438252798,0,0.0,-0.02567059438252798,1.0
2021-08-13,44540.0,47717.0,48121.0,44426.0,34320865037.164627,895084141168.7996,1.0,0.0,time,-0.0583,41.0,41.0,0.7615248560905457,0.34494173744829687,14.142611235380173,2.466024422820744,14.142611235380173,3.5802942628358716,0.17128635005776388,0.5187015347182751,2.0,2.0,0.10952979326248169,0.06309263408184052,0.12618526816368103,0.11078890042015248,0.12618526816368103,0.39015638212303116,0.046437159180641174,0.06612528359178078,0.06991090522214638,0.06991090522214638,0,0.0,0.06991090522214638,1.0
2021-08-14,47760.0,47089.0,47962.0,46200.0,33294851810.64847,886593539912.8141,1.0,0.0,time,-0.0073,41.0,41.0,0.7351548075675964,0.3386464311582286,13.884503677487373,2.412292278433754,13.884503677487373,3.5832932720879445,0.1650732592581699,0.4449395388364792,2.0,2.0,0.10573703050613403,0.06090788543224335,0.1218157708644867,0.10695253859430565,0.1218157708644867,0.3901564617247707,0.044829145073890686,0.051971938451963545,-0.013248300432189877,-0.013248300432189877,0,0.0,-0.013248300432189877,1.0
2021-08-15,47133.0,47025.0,47362.0,45666.0,32863850458.005253,882888202377.7089,1.0,1.0,time,0.0451,41.0,41.0,0.7140002846717834,0.3257029281883705,13.35382005572319,2.3186576519071913,13.35382005572319,3.584665501314932,0.15825226943990858,0.530683621764183,2.0,2.0,0.06896829605102539,0.042292192578315735,0.08458438515663147,0.0707141294165184,0.08458438515663147,0.47832928949695674,0.026676103472709656,0.042151810510852206,-0.001360052911687978,-0.001360052911687978,0,0.0,-0.001360052911687978,1.0
2021-08-16,47088.0,46032.0,47883.0,45765.0,34221605780.00136,866391335029.3693,1.0,1.0,time,0.0611,41.0,41.0,0.6959105730056763,0.325119742442195,13.329909440129995,2.289197829552431,13.329909440129995,3.599363465407175,0.14870251682180546,0.4507039226591587,2.0,2.0,0.06722092628479004,0.04122067987918854,0.08244135975837708,0.06892252553199908,0.08244135975837708,0.47832915896820216,0.0260002464056015,0.03621324411165437,-0.021342568377901945,-0.021342568377901945,0,0.0,-0.021342568377901945,1.0
2021-08-17,45999.0,44534.0,46970.0,44534.0,34488116651.18446,836777066605.9799,1.0,1.0,upper,0.0996,41.0,41.0,0.6904112100601196,0.33731797337532043,13.830036908388138,2.3625551060985726,13.830036908388138,3.6105106364375525,0.1495152009328058,0.5682433880865574,2.0,2.0,0.06626451015472412,0.046750620007514954,0.09350124001502991,0.07164373496355986,0.09350124001502991,0.603309857060877,0.019513890147209167,0.02085550275833839,-0.03308386442692643,-0.03308386442692643,0,0.0,-0.03308386442692643,1.0
2021-08-18,44655.0,45015.0,45923.0,44510.0,34668999387.83819,847143004614.999,1.0,1.0,upper,0.0888,41.0,41.0,0.6741563081741333,0.3269782480670185,13.406108170747757,2.2777193110316776,13.406108170747757,3.6150588840634374,0.14007833146428797,0.49109840393066406,1.0,1.0,0.06511962413787842,0.06511962413787842,0.06511962413787842,0.06511962413787842,0.06511962413787842,-0.0,0.0,0.03396646354755148,0.010742825178174433,0.010742825178174433,0,0.0,0.010742825178174433,1.0
2021-08-19,44791.0,46745.0,46954.0,44098.0,38434805722.952705,867650725472.864,1.0,1.0,time,0.0253,41.0,41.0,0.6585320830345154,0.31445539851741094,12.892671339213848,2.189210869857781,12.892671339213848,3.6165879288504645,0.13420716864799542,0.5134368315339088,1.0,1.0,0.06361043453216553,0.06361043453216553,0.06361043453216553,0.06361043453216553,0.06361043453216553,-0.0,0.0,0.019386766691040336,0.03771153058283888,0.03771153058283888,0,0.0,0.03771153058283888,1.0
2021-08-20,46808.0,49196.0,49263.0,46682.0,36497089236.87114,923013359587.4719,1.0,0.0,time,-0.0039,41.0,41.0,0.637906014919281,0.3122169629829686,12.800895482301712,2.154778412647439,12.800895482301712,3.6278164266663557,0.12556344200217479,0.40446481853723526,0.0,0.0,0.0,0.0,0.0,0.0,0.0,0.0,0.0,0.04497936961191723,0.05110502123688503,0.05110502123688503,0,0.0,0.05110502123688503,1.0
2021-08-21,49261.0,48934.0,49673.0,47989.0,42147725293.165855,920750216465.3846,1.0,0.0,time,-0.0355,41.0,41.0,0.6213662028312683,0.31733277767169765,13.010643884539604,2.1896690177282547,13.010643884539604,3.6283768777190413,0.1274464635589297,0.41763685643672943,0.0,0.0,0.0,0.0,0.0,0.0,0.0,0.0,0.0,0.0,-0.005339867982462514,-0.005339867982462514,0,0.0,-0.005339867982462514,1.0
2021-08-22,48868.0,49251.0,49480.0,48291.0,27110183703.24463,925630106451.4792,1.0,0.0,time,-0.0034,41.0,41.0,0.605254590511322,0.30307927854904315,12.426250420510769,2.0890069055527967,12.426250420510769,3.6283410961651854,0.12075078537634042,0.5843934640288353,0.0,0.0,0.0,0.0,0.0,0.0,0.0,0.0,0.0,0.0,0.006457220582789352,0.006457220582789352,0,0.0,0.006457220582789352,1.0
2021-08-23,49315.0,49519.0,50321.0,49130.0,35800255386.41374,930729196214.2946,1.0,0.0,time,-0.0118,41.0,41.0,0.5899284482002258,0.2958038223952782,12.127956718206406,2.0362849291996885,12.127956718206406,3.62954859607664,0.11676120699288316,0.3186030313372612,0.0,0.0,0.0,0.0,0.0,0.0,0.0,0.0,0.0,0.0,0.005426762330884734,0.005426762330884734,0,0.0,0.005426762330884734,1.0
2021-08-24,49428.0,47941.0,49799.0,47941.0,38387146174.87064,902489541307.5308,1.0,1.0,time,0.0199,41.0,41.0,0.583349347114563,0.3020157655928193,12.382646389305592,2.0573778713935433,12.382646389305592,3.6434681136550755,0.10966126073755371,0.35195400565862656,1.0,1.0,0.004566192626953125,0.004566192626953125,0.004566192626953125,0.004566192626953125,0.004566192626953125,-0.0,0.0,0.0032287857707226364,-0.03238534611509893,-0.03238534611509893,0,0.0,-0.03238534611509893,1.0
2021-08-25,47805.0,49003.0,49139.0,47250.0,33517327123.555378,921328247353.5629,1.0,0.0,time,-0.0391,41.0,41.0,0.5750767588615417,0.30025015044503095,12.31025616824627,2.040739705194366,12.31025616824627,3.6456958826691586,0.10689204467694925,0.1929457113146782,2.0,2.0,0.04016426205635071,0.02233286201953888,0.04466572403907776,0.04041572845456519,0.04466572403907776,0.3267959016881384,0.01783140003681183,0.034812222125361614,0.021910432530003153,0.021910432530003153,0,0.0,0.021910432530003153,1.0
2021-08-26,48990.0,47229.0,49320.0,46648.0,33774857002.92822,887832142450.1957,1.0,1.0,time,0.0022,41.0,41.0,0.572786271572113,0.2976961045912126,12.205540288239717,2.02483474902478,12.205540288239717,3.6449496530131813,0.10665810005695922,0.10471588000655174,2.0,2.0,0.04000428318977356,0.02224390208721161,0.04448780417442322,0.04025474672566445,0.04448780417442322,0.32679540808056046,0.01776038110256195,0.005494199358338351,-0.03687341002567832,-0.03687341002567832,0,0.0,-0.03687341002567832,1.0
2021-08-27,47137.0,49083.0,49136.0,46451.0,34607868773.39842,922969799298.9401,1.0,0.0,time,-0.0053,41.0,41.0,0.5694305896759033,0.29740779719701627,12.193719685077667,2.0185463374645836,12.193719685077667,3.647532639515956,0.10453404222208568,0.11799382045865059,2.0,2.0,0.045029401779174805,0.04239964485168457,0.08479928970336914,0.060077375193106845,0.08479928970336914,0.6912225137046994,0.0026297569274902344,0.03899878474912169,0.0385046319684475,0.0385046319684475,0,0.0,0.0385046319684475,1.0
2021-08-28,49088.0,48937.0,49333.0,48545.0,28491785397.365837,920017911098.7555,1.0,1.0,time,0.0082,41.0,41.0,0.5658144354820251,0.3050846771859541,12.508471764624119,2.0509012094512786,12.508471764624119,3.659938384977878,0.09753707244274419,0.36568301171064377,2.0,2.0,0.04474344849586487,0.04213041067123413,0.08426082134246826,0.059695887128005554,0.08426082134246826,0.691222543727439,0.0026130378246307373,0.008496746379028593,-0.0029789860838877603,-0.0029789860838877603,0,0.0,-0.0029789860838877603,1.0
2021-08-29,48946.0,48907.0,49640.0,48027.0,26244843557.507874,919515378468.8468,1.0,1.0,time,0.0208,41.0,41.0,0.5640795826911926,0.30328431652813426,12.434656977653503,2.038727508697509,12.434656977653503,3.6596761705320833,0.09692509202050464,0.19206682592630386,3.0,3.0,0.07170560956001282,0.04206483562787374,0.12619450688362122,0.08319581939157013,0.12619450688362122,0.9386013077970699,0.023189028835742184,0.041226623149401176,-0.0006132210649625648,-0.0006132210649625648,0,0.0,-0.0006132210649625648,1.0
2021-08-30,48814.0,47124.0,48873.0,46977.0,32326073271.91957,885729258052.6316,1.0,1.0,time,0.0595,41.0,41.0,0.5657098889350891,0.3077070196954215,12.615987807512283,2.0663626537342243,12.615987807512283,3.6603962003320176,0.09725834442652928,0.1813308298587799,3.0,3.0,0.07191285490989685,0.04218641916910807,0.12655925750732422,0.08343628083440316,0.12655925750732422,0.9386014141038935,0.02325604632880322,0.005609996313927017,-0.0371381101363259,-0.0371381101363259,0,0.0,-0.0371381101363259,1.0
2021-08-31,47081.0,47335.0,48257.0,46811.0,34868965959.24512,890014982634.8986,1.0,1.0,upper,0.0881,41.0,41.0,0.5702192187309265,0.3067978014488046,12.578709859400988,2.061086940012152,12.578709859400988,3.660381438997112,0.09740021089299933,0.14180492237210274,4.0,4.0,0.07248607277870178,0.03367222845554352,0.13468891382217407,0.08440227080571175,0.13468891382217407,1.0958560544469964,0.025438491703083755,0.02055211516736284,0.004467554196981567,0.004467554196981567,0,0.0,0.004467554196981567,1.0
2021-09-01,47270.0,48823.0,48949.0,46659.0,39060601275.21267,918058330851.4829,1.0,1.0,upper,0.0772,41.0,41.0,0.5748312473297119,0.30892178016464883,12.665792986750603,2.066527191025901,12.665792986750603,3.66818802125073,0.0934168881406876,0.2419913075864315,3.0,3.0,0.07307237386703491,0.040132651726404824,0.12039795517921448,0.08368329433581459,0.12039795517921448,0.8374039272227526,0.026901081434989847,0.02503566635785847,0.030951533721289174,0.030951533721289174,0,0.0,0.030951533721289174,1.0
2021-09-02,48871.0,49339.0,50212.0,48705.0,39362789535.46043,927323146557.2119,1.0,1.0,upper,0.0667,41.0,41.0,0.5794858336448669,0.3058381578544291,12.539364472031593,2.0629769637975386,12.539364472031593,3.656619439775524,0.10131547234160365,0.2622459828853607,3.0,3.0,0.07366403937339783,0.04045760631561279,0.12137281894683838,0.08436088182303335,0.12137281894683838,0.8374038042290646,0.027118902728493405,0.014378819837011727,0.010513330062263031,0.010513330062263031,0,0.0,0.010513330062263031,1.0
2021-09-03,49341.0,49935.0,50913.0,48480.0,42934455726.28852,937295558515.289,1.0,1.0,upper,0.0547,41.0,41.0,0.5882849097251892,0.30788209761788204,12.623166002333164,2.08748026053754,12.623166002333164,3.6495112749952527,0.10719562818224233,0.2923704758286476,3.0,3.0,0.07478255033493042,0.041071911652882896,0.12321573495864868,0.08564181127051694,0.12321573495864868,0.8374038190950452,0.027530674148594017,0.027181753691005832,0.012007316330691147,0.012007316330691147,0,0.0,0.012007316330691147,1.0
2021-09-04,50028.0,50013.0,50476.0,49517.0,36985805206.72937,940538655659.8085,1.0,1.0,upper,0.0531,41.0,41.0,0.6007236838340759,0.3068741138388471,12.58183866739273,2.083123902421618,12.58183866739273,3.649054341089415,0.10801587522446386,0.2584716007113457,4.0,4.0,0.07636380195617676,0.03379879891872406,0.13519519567489624,0.08795365252079047,0.13519519567489624,1.0312622914555962,0.028135430325279293,0.04505414445312494,0.0015608119389056909,0.0015608119389056909,0,0.0,0.0015608119389056909,1.0
2021-09-05,49965.0,51696.0,51834.0,49501.0,31765191430.17128,971284117138.44,1.0,0.0,lower,-0.0953,41.0,41.0,0.6111963391304016,0.3138548313844495,12.868048086762428,2.1303655630570586,12.868048086762428,3.6488593359372348,0.11040483925210494,0.28620941936969757,4.0,4.0,0.07769507169723511,0.03438801318407059,0.13755205273628235,0.08948696289133581,0.13755205273628235,1.031261991838374,0.028625926729645205,0.04165744924331999,0.03309743744813887,0.03309743744813887,0,0.0,0.03309743744813887,1.0
2021-09-06,51677.0,52740.0,52788.0,51134.0,37532574716.902405,992868819862.2306,1.0,0.0,lower,-0.1153,41.0,41.0,0.6205140948295593,0.3138779192799475,12.868994690477848,2.1358125878206593,12.868994690477848,3.6466733536328464,0.11287832145358168,0.2071542665362358,4.0,4.0,0.07887956500053406,0.03491227328777313,0.13964909315109253,0.09085122245480706,0.13964909315109253,1.0312622229861863,0.029062335234166098,0.037063885497065345,0.019993771842998106,0.019993771842998106,0,0.0,0.019993771842998106,1.0
2021-09-07,52725.0,46995.0,52853.0,45300.0,64010507329.271904,881943904968.6511,1.0,0.0,time,-0.0172,41.0,41.0,0.6520815491676331,0.33052669847156946,13.551594637334347,2.2492926005666662,13.551594637334347,3.646545906755534,0.11895411786727157,0.6825999468564987,4.0,4.0,0.08289238810539246,0.03668835759162903,0.1467534303665161,0.09547306864017224,0.1467534303665161,1.031262456760013,0.030540810829470733,0.09845106905057256,-0.11533296785287586,-0.11533296785287586,0,0.0,-0.11533296785287586,1.0
2021-09-08,47035.0,46085.0,47515.0,44319.0,48151104381.084854,866885887154.3109,0.0,0.0,time,-0.0207,41.0,41.0,0.6994870901107788,0.3461728784732702,14.19308801740408,2.361960868524712,14.19308801740408,3.6440893490412254,0.12741300341732575,0.7316327393054962,5.0,5.0,0.08891856670379639,0.04723503589630127,0.23617517948150635,0.12919221442179057,0.23617517948150635,1.3239822004128414,0.0332712644381952,0.1924185600633076,-0.01955369562663723,-0.020553695626637232,1,0.001,-0.01955369562663723,0.0
2021-09-09,46187.0,46519.0,47333.0,45850.0,38581092903.84418,876179332243.7437,0.0,1.0,time,0.0132,41.0,41.0,0.7408150434494019,0.36467932600800584,14.95185236632824,2.485226859240363,14.95185236632824,3.6454765422767443,0.1328598287914224,0.8254409059882164,5.0,5.0,0.09417217969894409,0.05002586841583252,0.2501293420791626,0.13682538106793724,0.2501293420791626,1.3239824197968748,0.03523704684162759,0.1755646451194406,0.009373313843094503,0.0,0,0.0,0.0,0.0
2021-09-10,46515.0,44803.0,47158.0,44482.0,38051987740.157684,842222636395.4677,0.0,1.0,time,0.0728,41.0,41.0,0.794146716594696,0.39086772792223023,16.02557684481144,2.6636821275201714,16.02557684481144,3.6454911934017518,0.1423943053889991,1.0737244784832,5.0,5.0,0.1009516716003418,0.053627246618270875,0.26813623309135437,0.14667550070963678,0.26813623309135437,1.3239821877081113,0.03777378617279035,0.22012776511900214,-0.037585729824076035,-0.0,0,0.0,-0.0,0.0
2021-09-11,44930.0,45196.0,46077.0,44930.0,34160277726.441067,849828231595.6722,1.0,1.0,time,0.0577,41.0,41.0,0.8516318798065186,0.4183166063413387,17.15098085999489,2.8503990758288658,17.15098085999489,3.6457211633610704,0.15223816247847588,1.1254040151834488,6.0,6.0,0.10825914144515991,0.05555547773838043,0.3333328664302826,0.16382150021962805,0.3333328664302826,1.5422633024391783,0.037235774227149465,0.2694743153324101,0.008733485882353712,-0.001,1,0.001,0.0,1.0
2021-09-12,45268.0,46195.0,46494.0,44815.0,27585855039.22065,869122611514.091,1.0,1.0,time,0.0221,41.0,41.0,0.9162272214889526,0.44730784071654806,18.33962146937847,3.0497393318984622,18.33962146937847,3.645416679521537,0.16360672011228997,1.188640609383583,6.0,6.0,0.11647045612335205,0.059769282738367714,0.3586156964302063,0.17624715070331096,0.3586156964302063,1.5422631509272657,0.04006006984658988,0.3320141415196092,0.021862979775708575,0.021862979775708575,0,0.0,0.021862979775708575,1.0
2021-09-13,46190.0,45140.0,47445.0,43668.0,40683028027.85497,848992511473.5618,1.0,1.0,time,0.067,41.0,41.0,0.9824845194816589,0.47300593754867226,19.393243439495564,3.2171370056729067,19.393243439495564,3.6483311715389504,0.1694216286234133,1.2014517411589622,6.0,6.0,0.12489306926727295,0.06409152348836263,0.3845491409301758,0.18899253301062874,0.3845491409301758,1.542263025277274,0.04295702743327252,0.3454976463609,-0.02310279573331885,-0.02310279573331885,0,0.0,-0.02310279573331885,1.0
2021-09-14,44997.0,47135.0,47286.0,44997.0,38645575965.52751,886524004596.6061,1.0,1.0,time,0.005,41.0,41.0,1.0370938777923584,0.5031954751508992,20.631014481186867,3.430249360729758,20.631014481186867,3.645914948391868,0.18380646914495904,1.2377710416913033,6.0,6.0,0.13183504343032837,0.06765395402908325,0.4059237241744995,0.19949736627224676,0.4059237241744995,1.5422633983824958,0.045344706002919316,0.31107603069721335,0.043247053458724094,0.043247053458724094,0,0.0,0.043247053458724094,1.0
2021-09-15,47158.0,48187.0,48570.0,46924.0,30037816650.128475,906727769791.0696,0.0,0.0,lower,-0.1154,41.0,41.0,1.0746246576309204,0.512343671627161,21.0060905367136,3.500899969588942,21.0060905367136,3.6439951386070693,0.19088772366942275,0.5821520686149597,8.0,8.0,0.13660597801208496,0.061944380402565,0.49555504322052,0.2140055698171943,0.49555504322052,1.8316172898149048,0.04344757445059589,0.2849580880512181,0.022073450286712277,0.021073450286712276,1,0.001,0.022073450286712277,0.0
2021-09-16,48207.0,47879.0,48576.0,47131.0,31578783374.768665,900990520811.9348,1.0,0.0,lower,-0.109,41.0,41.0,1.107932448387146,0.5153307936540464,21.128562539815903,3.524879111234408,21.128562539815903,3.6442459676361825,0.19359083368772118,0.49920423328876495,8.0,8.0,0.21888375282287598,0.07017964124679565,0.5614371299743652,0.2733890349461573,0.5614371299743652,1.686891666127735,0.06646437773777739,0.32796789260363657,-0.006412280210361029,-0.001,1,0.001,-0.0,1.0
2021-09-17,47846.0,47229.0,48300.0,46989.0,27731209179.052345,892585184977.8329,-1.0,1.0,lower,-0.0954,41.0,41.0,1.1500188112258911,0.5265943019128427,21.590366378426552,3.612395898170658,21.590366378426552,3.6417776966731497,0.20242675363227394,0.6227316707372665,8.0,8.0,0.22719836235046387,0.07284548133611679,0.5827638506889343,0.28377401965046445,0.5827638506889343,1.6868915612944524,0.068989112383638,0.31937507556399586,-0.013668884223863328,-0.014668884223863327,1,0.001,-0.013668884223863328,1.0
2021-09-18,47466.0,48267.0,48887.0,47289.0,27630476157.8273,907957032341.1344,-1.0,1.0,lower,-0.1171,41.0,41.0,1.1692824363708496,0.5305375038850598,21.752037659287453,3.6416271954010075,21.752037659287453,3.641724724437053,0.20489002797527225,0.3335062861442566,8.0,8.0,0.36140817403793335,0.08019869774580002,0.6415895819664001,0.39221433899298264,0.6415895819664001,1.3283286335565876,0.11312462085611867,0.30051577120214373,0.02173998663640582,-0.02173998663640582,0,0.0,-0.02173998663640582,1.0
2021-09-19,48349.0,47371.0,48443.0,46943.0,26163167368.59442,891560241243.0585,-1.0,1.0,lower,-0.0984,41.0,41.0,1.196797490119934,0.5195195238764693,21.30030047893524,3.545812280189155,21.30030047893524,3.6479333000697047,0.19171006838313057,0.7389957159757614,8.0,8.0,0.401253342628479,0.07940000295639038,0.635200023651123,0.4130342547467103,0.635200023651123,1.334884516891719,0.12255733955906718,0.2589018063303171,-0.018737870216737788,0.018737870216737788,0,0.0,0.018737870216737788,1.0
2021-09-20,47248.0,42933.0,47405.0,42479.0,41220025453.5186,805826302811.3501,-1.0,1.0,time,-0.0018,41.0,41.0,1.239861011505127,0.5334517196184252,21.87152050435543,3.638639458601551,21.87152050435543,3.6490512411238476,0.1958282526500061,0.6324649900197983,8.0,8.0,0.4156914949417114,0.0822569876909256,0.6580559015274048,0.4278962823697161,0.6580559015274048,1.3348838985496065,0.12696728529130208,0.30276908579790524,-0.09836946612342132,0.09836946612342132,0,0.0,0.09836946612342132,1.0
2021-09-21,43017.0,40387.0,43645.0,40203.0,45940419565.082825,760802031650.6051,-1.0,0.0,upper,0.1077,41.0,41.0,1.2624112367630005,0.5539697583128766,22.712760090827942,3.795531510194447,22.712760090827942,3.644041424115086,0.21091422523956457,0.8412395864725113,8.0,8.0,0.42325180768966675,0.0837530568242073,0.6700244545936584,0.4356786020920704,0.6700244545936584,1.3348843960713679,0.12927647122625863,0.18196852856514525,-0.06113280999095581,0.06113280999095581,0,0.0,0.06113280999095581,1.0
2021-09-22,40554.0,43587.0,44173.0,40554.0,36624234960.05299,820460824050.9529,-1.0,1.0,time,-0.0312,41.0,41.0,1.6061270236968994,0.5954494810685879,24.413428723812103,4.134950387029585,24.413428723812103,3.634511974886408,0.2499195596683276,1.7358731627464294,8.0,8.0,0.45783501863479614,0.10396911203861237,0.8317528963088989,0.4992556187426535,0.8317528963088989,1.4003857185154032,0.14264447184404377,0.4360157150554468,0.07625098975141888,-0.07625098975141888,0,0.0,-0.07625098975141888,1.0
2021-09-23,43602.0,44981.0,45168.0,43179.0,33594750549.99859,846615719473.8734,-1.0,1.0,time,-0.0924,41.0,41.0,1.1481841802597046,0.6149139433372312,25.211471676826477,4.154604020322932,25.211471676826477,3.6567292926720114,0.2070612669760721,2.0353739857673645,8.0,8.0,0.5035069584846497,0.15033312886953354,1.2026650309562683,0.7093725197452545,1.2026650309562683,1.3312232267627402,0.2007513931097681,0.7747221745387702,0.031481237629885646,-0.031481237629885646,0,0.0,-0.031481237629885646,1.0
2021-09-24,44992.0,42752.0,45132.0,41018.0,42973070342.650276,809772498812.6799,-1.0,1.0,time,-0.0276,41.0,41.0,2.0858864784240723,0.664279447459593,27.235457345843315,4.686444856269671,27.235457345843315,3.624338139036114,0.30726213619288223,2.023985669016838,8.0,8.0,0.520523190498352,0.1554136946797371,1.2433095574378967,0.7333460365148287,1.2433095574378967,1.3312232369775707,0.2075358635633719,0.3312339909184696,-0.05082420047301652,0.05082420047301652,0,0.0,0.05082420047301652,1.0
2021-09-25,42865.0,42857.0,43081.0,41877.0,30898116660.05655,808279417023.3408,-1.0,0.0,time,0.0231,41.0,41.0,2.0875227451324463,0.6730294358439561,27.594206869602203,4.75687471306936,27.594206869602203,3.6214071597300936,0.3145319229922345,0.35874952375888824,8.0,8.0,0.5209314227104187,0.15553561598062515,1.2442849278450012,0.7339212754849279,1.2442849278450012,1.331223483726385,0.20769864464580753,0.00903420315623888,0.002453014347818255,-0.002453014347818255,0,0.0,-0.002453014347818255,1.0
2021-09-26,42824.0,43337.0,44229.0,40890.0,30462815705.283737,825341135635.7169,-1.0,0.0,upper,0.106,41.0,41.0,1.7086398601531982,0.6612402131644691,27.110848739743233,4.632280695296639,27.110848739743233,3.624212582489723,0.29347543381131885,1.3395203202962875,8.0,8.0,0.5141485929489136,0.1535104364156723,1.2280834913253784,0.7243651180594036,1.2280834913253784,1.3312235135085637,0.2049942656371674,0.15008156896585628,0.011137781330409512,-0.011137781330409512,0,0.0,-0.011137781330409512,1.0
2021-09-27,43282.0,42247.0,44388.0,42226.0,30483144439.45263,794889951096.439,-1.0,0.0,upper,0.1315,41.0,41.0,1.3002451658248901,0.6284593376444607,25.76683284342289,4.313222135411415,25.76683284342289,3.6417730954886696,0.24247094306328348,1.344015896320343,8.0,8.0,0.5042415857315063,0.15055248141288757,1.2044198513031006,0.7104075667938985,1.2044198513031006,1.3312232843894738,0.2010443090718451,0.21757440906057487,-0.025473428227424814,0.025473428227424814,0,0.0,0.025473428227424814,1.0
2021-09-28,42083.0,41010.0,42837.0,41010.0,29691944223.292786,775534111089.4891,-1.0,0.0,upper,0.1612,41.0,41.0,1.9398316144943237,0.6399403185379214,26.23755306005478,4.5468658934715185,26.23755306005478,3.613829367723018,0.30776620007716654,1.4123820215463638,8.0,8.0,0.4673716425895691,0.14141380041837692,1.1313104033470154,0.6489454478121757,1.1313104033470154,1.384886158876311,0.18067487742004865,0.41455427007728524,-0.0297174059610157,0.0297174059610157,0,0.0,0.0297174059610157,1.0
2021-09-29,41003.0,41588.0,42649.0,40985.0,30068690311.96594,782626384092.2843,-1.0,0.0,upper,0.1472,41.0,41.0,1.8718881607055664,0.6255285467316465,25.646670415997505,4.447642364336666,25.646670415997505,3.6118328918500993,0.30197714851429536,0.8674645274877548,8.0,8.0,0.45100170373916626,0.0986560806632042,0.7892486453056335,0.47778321240217303,0.7892486453056335,1.418220803953878,0.13711884445561393,0.5150388455836881,0.013995724711755949,-0.013995724711755949,0,0.0,-0.013995724711755949,1.0
2021-09-30,41647.0,43859.0,44160.0,41577.0,30859918334.565014,827840965059.6127,-1.0,0.0,upper,0.094,41.0,41.0,1.6332722902297974,0.630150696853312,25.836178570985794,4.434195672917501,25.836178570985794,3.6172345437778195,0.28718165132581014,0.8444802016019821,7.0,7.0,0.44687896966934204,0.09361712421689715,0.65531986951828,0.4576726939697923,0.65531986951828,1.1487251006192445,0.14546238255943575,0.196867311000962,0.053168278796497055,-0.053168278796497055,0,0.0,-0.053168278796497055,1.0
2021-10-01,43887.0,48182.0,48578.0,43371.0,42089383189.81192,906929641888.8245,-1.0,0.0,upper,0.1399,41.0,41.0,1.638244867324829,0.6495477629870903,26.631458282470703,4.590993795206718,26.631458282470703,3.6113165718659372,0.3035890946964785,0.7952797114849091,8.0,8.0,0.4482395052909851,0.08891123533248901,0.7112898826599121,0.4622282609815284,0.7112898826599121,1.3301537697372399,0.1371191558021772,0.0702798850424184,0.09400556441336173,-0.09400556441336173,0,0.0,-0.09400556441336173,1.0
2021-10-02,48267.0,47778.0,48315.0,47588.0,29742127387.956066,900582483713.1118,-1.0,0.0,upper,0.1483,41.0,41.0,1.6379526853561401,0.6650248286200733,27.266017973423004,4.677751122869707,27.266017973423004,3.6156053048686045,0.3023798546966612,0.6379873752593994,8.0,8.0,0.44815951585769653,0.09062886238098145,0.7250308990478516,0.4639696011170788,0.7250308990478516,1.3519475038891682,0.13672923297020934,0.01606693406822377,-0.00842022482221985,0.00842022482221985,0,0.0,0.00842022482221985,1.0
2021-10-03,47863.0,48283.0,49404.0,47260.0,26034594561.963406,910331395887.4816,-1.0,0.0,upper,0.1378,41.0,41.0,1.6326556205749512,0.6579497016784621,26.975937768816948,4.635439716051062,26.975937768816948,3.613486954363351,0.30196475136135326,0.3581423908472061,7.0,7.0,0.40945208072662354,0.0939961586679731,0.6579731106758118,0.42570523310492436,0.6579731106758118,1.281594743191285,0.13059096478403448,0.08919648998091195,0.010514249326580327,-0.010514249326580327,0,0.0,-0.010514249326580327,1.0
2021-10-04,48259.0,49260.0,49524.0,47188.0,32691763060.319107,927812140868.0522,-1.0,0.0,upper,0.1177,41.0,41.0,1.6187810897827148,0.6694708844510521,27.448306262493134,4.68218785380118,27.448306262493134,3.6216898166531006,0.294131264377172,0.6484036594629288,8.0,8.0,0.21386724710464478,0.07581384479999542,0.6065107583999634,0.272111798074711,0.6065107583999634,1.8063078269419588,0.05922722995441998,0.3838172832131316,0.020032860862448657,-0.020032860862448657,0,0.0,-0.020032860862448657,1.0
2021-10-05,49262.0,51669.0,51971.0,49173.0,35480330025.02791,973040988102.9114,-1.0,0.0,time,0.0572,41.0,41.0,1.5710872411727905,0.6821396154601399,27.967724233865738,4.767092155364669,27.967724233865738,3.620263539237361,0.2982581531833868,1.0361454784870148,9.0,9.0,0.23115062713623047,0.07832805315653484,0.7049524784088135,0.2978105415310666,0.7049524784088135,1.9312806435583092,0.060985939586642654,0.40411785898105324,0.047745595829327345,-0.047745595829327345,0,0.0,-0.047745595829327345,1.0
2021-10-06,51618.0,55415.0,55555.0,50569.0,48462388015.80152,1044675252844.3663,-1.0,0.0,time,0.0382,41.0,41.0,1.455853819847107,0.6552779736315332,26.86639691889286,4.638680364095457,26.86639691889286,3.6070617775263063,0.30890828177246105,1.6523628383874893,8.0,8.0,0.2141965627670288,0.07091517001390457,0.5673213601112366,0.2622493563844224,0.5673213601112366,1.7755307345593079,0.05973172756085734,0.5504926730417127,0.06999232670589725,-0.06999232670589725,0,0.0,-0.06999232670589725,1.0
2021-10-07,55410.0,53895.0,55410.0,53675.0,36549815857.28183,1015246512238.866,1.0,1.0,time,0.0443,41.0,41.0,1.395858645439148,0.6226822508544456,25.529972285032272,4.366586697253786,25.529972285032272,3.6172588395497707,0.27806030131830184,1.4689424484968185,8.0,8.0,0.17390263080596924,0.06405940651893616,0.5124752521514893,0.2264698786474897,0.5124752521514893,1.821590991322576,0.04803611327186837,0.40995091431252095,-0.02781260599402465,0.02681260599402465,1,0.001,0.02781260599402465,1.0
2021-10-08,53807.0,54011.0,56056.0,53807.0,33935485256.826164,1016650501581.1074,1.0,1.0,time,0.0624,41.0,41.0,1.3382000923156738,0.605762267621552,24.836252972483635,4.236254211712918,24.836252972483635,3.6192923150538108,0.26599948773200427,0.8777284473180771,9.0,9.0,0.24503207206726074,0.07999587059020996,0.7199628353118896,0.3193548988353108,0.7199628353118896,1.858969911817502,0.07023254833190556,0.4938619022128423,0.0021500202896040993,0.0021500202896040993,0,0.0,0.0021500202896040993,1.0
2021-10-09,54054.0,55125.0,55427.0,53910.0,31927344846.446766,1038524699061.4408,1.0,1.0,time,0.0413,41.0,41.0,1.2749109268188477,0.5969127641945351,24.473423331975937,4.156292273429257,24.473423331975937,3.6230585544621396,0.25501155840734013,0.8602985292673111,8.0,8.0,0.2334434986114502,0.0889151394367218,0.7113211154937744,0.32384458626284535,0.7113211154937744,1.7803985020988549,0.07213537610228081,0.5445638098100889,0.020415604243814306,0.020415604243814306,0,0.0,0.020415604243814306,1.0
2021-10-10,54965.0,54712.0,56716.0,54302.0,38579271671.06987,1030788036761.6326,1.0,1.0,upper,0.122,41.0,41.0,1.226048231124878,0.6005156799787428,24.621142879128456,4.148032636219497,24.621142879128456,3.6339877517277133,0.24298912919719529,0.8428408950567245,8.0,8.0,0.22449642419815063,0.085507333278656,0.684058666229248,0.31143273230685775,0.684058666229248,1.780398611689897,0.06937066598777335,0.42328473319479953,-0.00752026997121509,-0.00752026997121509,0,0.0,-0.00752026997121509,1.0
2021-10-11,54755.0,57573.0,57860.0,54682.0,41913482915.37917,1084736227837.6608,1.0,1.0,time,0.0605,41.0,41.0,1.1456812620162964,0.5752967203535685,23.587165534496307,3.9611616888978793,23.587165534496307,3.6355762891695784,0.22745586284042912,1.1082217246294022,9.0,9.0,0.209780752658844,0.0744613077905443,0.6701517701148987,0.2968182628110806,0.6701517701148987,1.8418735686922727,0.06515000120856497,0.5598138180613206,0.05097064400842498,0.05097064400842498,0,0.0,0.05097064400842498,1.0
2021-10-12,57553.0,56335.0,58066.0,54705.0,40021384610.698265,1061829863954.1321,1.0,1.0,upper,0.0927,41.0,41.0,1.0962337255477905,0.540636205818595,22.166084438562393,3.719990198297355,22.166084438562393,3.6369783660957955,0.21267972524314135,1.4210810959339142,8.0,8.0,0.2007266879081726,0.07449078559875488,0.5959262847900391,0.2803713481327906,0.5959262847900391,1.7071692045109461,0.0653998047979131,0.4189455117834833,-0.021737696188090756,-0.021737696188090756,0,0.0,-0.021737696188090756,1.0
2021-10-13,56278.0,57488.0,57873.0,54409.0,41216945749.34656,1083366079898.5513,1.0,1.0,upper,0.0758,41.0,41.0,1.0407339334487915,0.5253274764229612,21.538426533341408,3.6004496989289465,21.538426533341408,3.6404319937433343,0.20051827832479585,0.7953469902276993,7.0,7.0,0.20999878644943237,0.08170525516782488,0.5719367861747742,0.2801055528498834,0.5719367861747742,1.6139161064071927,0.06732530800212103,0.4780605702287596,0.02026021875503377,0.02026021875503377,0,0.0,0.02026021875503377,1.0
2021-10-14,57543.0,57452.0,58740.0,57090.0,35994603913.188385,1082900149762.5826,1.0,1.0,upper,0.0731,41.0,41.0,0.9952204823493958,0.5136241789271192,21.058591336011887,3.524667062920479,21.058591336011887,3.6383529267850734,0.1979822744046292,0.7251273840665817,6.0,6.0,0.14178717136383057,0.05768494804700216,0.34610968828201294,0.17725714589015829,0.34610968828201294,1.511440974783321,0.04369358530725234,0.34401720885673204,-0.000626413801586662,-0.000626413801586662,0,0.0,-0.000626413801586662,1.0
2021-10-15,57446.0,61809.0,62729.0,57098.0,53653355008.40819,1164782155730.3254,1.0,1.0,time,0.0692,41.0,41.0,1.1235545873641968,0.4959441772321375,20.33371126651764,3.450021060849903,20.33371126651764,3.6248301266258913,0.21058916286474016,1.1978196799755096,6.0,6.0,0.23260986804962158,0.0701322853565216,0.42079371213912964,0.25240196924875996,0.42079371213912964,1.3198944109871111,0.07549340962923023,0.3212960013638683,0.07309916835885542,0.07309916835885542,0,0.0,0.07309916835885542,1.0
2021-10-16,61764.0,61166.0,62481.0,60506.0,35385452268.77726,1153847028824.7434,1.0,1.0,upper,0.0797,41.0,41.0,0.986300528049469,0.4639774310152705,19.02307467162609,3.2373174516071495,19.02307467162609,3.6209744973201667,0.20084862436777168,1.4346851855516434,6.0,6.0,0.2016369104385376,0.0630749265352885,0.37844955921173096,0.22165691216196073,0.37844955921173096,1.3515914681645738,0.06488593654070057,0.28243389430794097,-0.01045750534387427,-0.01045750534387427,0,0.0,-0.01045750534387427,1.0
2021-10-17,61127.0,61584.0,61728.0,59228.0,29625957541.677635,1160650121141.9934,0.0,1.0,upper,0.0729,41.0,41.0,0.9317402839660645,0.43870692136811046,17.98698377609253,3.059413658088628,17.98698377609253,3.621672036558018,0.18928605621609426,1.0360908955335617,6.0,6.0,0.07593333721160889,0.040494173765182495,0.24296504259109497,0.1154494690710649,0.24296504259109497,1.593153483896458,0.024117459979725638,0.2895802635652953,0.00681061695683284,0.00581061695683284,1,0.001,0.00681061695683284,0.0
2021-10-18,61545.0,62018.0,62911.0,60391.0,39610183787.235275,1173944883529.633,0.0,0.0,time,-0.0072,41.0,41.0,0.8841539621353149,0.40264090459521223,16.508277088403702,2.8390013190807317,16.508277088403702,3.6075321065210733,0.18564461653324854,1.4737181552598564,5.0,5.0,0.05839860439300537,0.03170018196105957,0.15850090980529785,0.08252233052177606,0.15850090980529785,1.413941213237154,0.018896705283852094,0.22556187564821742,0.007022568948901016,0.0,0,0.0,0.0,0.0
2021-10-19,62013.0,64518.0,64608.0,61705.0,42550624869.2941,1217582580302.557,0.0,0.0,time,-0.0532,41.0,41.0,0.9444440603256226,0.39938126976897076,16.3746320605278,2.837620811835701,16.3746320605278,3.6006841061588206,0.19206011047292837,0.6136391162872314,6.0,6.0,0.05485957860946655,0.031875669956207275,0.19125401973724365,0.08833913934518814,0.19125401973724365,1.6295565638860354,0.016869368340803572,0.19172419400840718,0.03951958914615296,0.0,0,0.0,0.0,0.0
2021-10-20,64482.0,66238.0,67277.0,63548.0,40790757381.601654,1250376460615.7495,0.0,0.0,lower,-0.0819,41.0,41.0,0.8845764994621277,0.3817713493254127,15.652625322341919,2.7253307868798204,15.652625322341919,3.5945510804379017,0.18816858088474844,0.9289843440055847,5.0,5.0,0.04024994373321533,0.025549709796905518,0.1277485489845276,0.0648513036029284,0.1277485489845276,1.4446401600224432,0.013724089955029764,0.17404099638201792,0.02631006174802007,0.0,0,0.0,0.0,0.0
2021-10-21,66282.0,62541.0,66838.0,62378.0,48709960685.53348,1178926819140.8179,0.0,0.0,time,-0.0315,41.0,41.0,0.7607070803642273,0.367058074510679,15.04938105493784,2.611035260778735,15.04938105493784,3.597479875705244,0.17762033368182115,0.6120125874876976,5.0,5.0,0.03889971971511841,0.01880168914794922,0.0940084457397461,0.05036963694699906,0.0940084457397461,1.3965361882511698,0.012406310910918969,0.1241708571434193,-0.05743197471605464,-0.0,0,0.0,-0.0,0.0
2021-10-22,62179.0,61029.0,63918.0,60373.0,40766460604.96904,1151508584004.7793,1.0,0.0,time,-0.0399,41.0,41.0,0.7342373728752136,0.3459050619020695,14.182107537984848,2.449933274532216,14.182107537984848,3.6030400224183454,0.16353639587682844,0.8672735169529915,4.0,4.0,0.03798961639404297,0.020782247185707092,0.08312898874282837,0.04841929653457114,0.08312898874282837,1.1967556113248998,0.012417941501627908,0.07498178750920936,-0.02447318063048521,-0.001,1,0.001,-0.0,1.0
2021-10-23,61001.0,61572.0,62073.0,60317.0,28505039147.788773,1161166467847.4336,1.0,0.0,time,-0.0131,41.0,41.0,0.7167758345603943,0.3536982679875886,14.50162898749113,2.504693039811357,14.50162898749113,3.601952778848924,0.16706112272745247,0.5005152300000191,4.0,4.0,0.0370861291885376,0.02028803527355194,0.08115214109420776,0.04726781896876096,0.08115214109420776,1.1967569356249752,0.012122594699774546,0.06776086721666918,0.008858060709903555,0.008858060709903555,0,0.0,0.008858060709903555,1.0
2021-10-24,61641.0,61173.0,61787.0,59672.0,29982535557.40278,1153315262663.0586,1.0,1.0,time,0.018,41.0,41.0,0.7023133039474487,0.349662708618292,14.336171053349972,2.477474281234054,14.336171053349972,3.6005260725902395,0.16565129496351663,0.32864877581596375,3.0,3.0,0.036337852478027344,0.02463434139887492,0.07390302419662476,0.045972841377283157,0.07390302419662476,1.0131374272891454,0.009881798349016408,0.056044719886141126,-0.006501306047107516,-0.006501306047107516,0,0.0,-0.006501306047107516,1.0
2021-10-25,61120.0,63228.0,64031.0,60956.0,30852852368.02752,1192131994832.5864,1.0,0.0,lower,-0.0753,41.0,41.0,0.7617810964584351,0.3436051469023635,14.087811022996902,2.4493072252973307,14.087811022996902,3.594762599576288,0.16809270872625573,0.48705362528562546,3.0,3.0,0.035364627838134766,0.02397457758585612,0.07192373275756836,0.04474158551846203,0.07192373275756836,1.0131373204819698,0.009617143779819232,0.0619912516339504,0.0330413253144284,0.0330413253144284,0,0.0,0.0330413253144284,1.0
2021-10-26,63346.0,60604.0,63570.0,60290.0,33233702858.09473,1143497865064.6724,1.0,1.0,time,0.0142,41.0,41.0,0.6733384132385254,0.3300962299108505,13.533945426344872,2.3288912961377672,13.533945426344872,3.6052977274512226,0.1527176821562768,0.553865596652031,4.0,4.0,0.034838706254959106,0.018332846462726593,0.07333138585090637,0.044145766876512685,0.07333138585090637,1.1265640026679882,0.012293043718011591,0.04045554937973709,-0.04238634351756007,-0.04238634351756007,0,0.0,-0.04238634351756007,1.0
2021-10-27,60687.0,58641.0,61797.0,58179.0,43976252157.068634,1105754837660.925,1.0,1.0,time,0.0414,41.0,41.0,0.6698355674743652,0.335314414304931,13.74789098650217,2.351329175224608,13.74789098650217,3.611725295759436,0.149705636060173,0.273859865963459,4.0,4.0,0.03465747833251953,0.01823750138282776,0.07295000553131104,0.04391614421653396,0.07295000553131104,1.1265650590142553,0.01222908312275323,0.016831860316739576,-0.03292678685859455,-0.03292678685859455,0,0.0,-0.03292678685859455,1.0
2021-10-28,58594.0,60768.0,62393.0,58369.0,52318597556.794624,1145912030969.1882,0.0,1.0,time,0.04,41.0,41.0,0.6643381118774414,0.3410074351037421,13.981304839253426,2.373012807058689,13.981304839253426,3.6194177268494125,0.1451207134050831,0.37230124324560165,4.0,4.0,0.03437298536300659,0.018087774515151978,0.07235109806060791,0.04355563304647569,0.07235109806060791,1.1265635570152464,0.01212871409543608,0.024403216589815667,0.035629223990880816,0.034629223990880816,1,0.001,0.035629223990880816,0.0
2021-10-29,60848.0,62283.0,62939.0,60571.0,38648967244.95182,1178047465292.3657,1.0,1.0,time,0.0135,41.0,41.0,0.6562514901161194,0.33098952345004895,13.570570461452007,2.3211183747223614,13.570570461452007,3.611654787888316,0.14781942341532997,0.5437646135687828,3.0,3.0,0.16954827308654785,0.061111052831014,0.183333158493042,0.16994626820443273,0.183333158493042,0.3017475262313296,0.07676381904314912,0.16793965598168045,0.024625180732646443,-0.001,1,0.001,0.0,1.0
2021-10-30,62376.0,61837.0,62416.0,61068.0,31810216329.529858,1166423768409.5984,1.0,0.0,time,-0.0038,41.0,41.0,0.6529691219329834,0.3321813406740747,13.619434967637062,2.340125138770493,13.619434967637062,3.6076564941274736,0.15238458234001445,0.23817340284585953,3.0,3.0,0.14486688375473022,0.0625162124633789,0.18754863739013672,0.14865521960528444,0.18754863739013672,0.6679377362674622,0.058803468870456795,0.08972623274053555,-0.007186624549894553,-0.007186624549894553,0,0.0,-0.007186624549894553,1.0
2021-10-31,62013.0,61472.0,62597.0,60307.0,32494948460.791386,1159841954948.4832,1.0,0.0,time,-0.0037,41.0,41.0,0.6509891152381897,0.3253978458119602,13.341311678290367,2.2937233180347487,13.341311678290367,3.608267157989727,0.14979112117315194,0.27812328934669495,2.0,2.0,0.031273096799850464,0.021276190876960754,0.04255238175392151,0.033244982366184984,0.04255238175392151,0.5782916609740214,0.00999690592288971,0.10686021793330307,-0.005920104226481071,-0.005920104226481071,0,0.0,-0.005920104226481071,1.0
2021-11-01,61368.0,61122.0,62508.0,59824.0,35834742028.38199,1152831210803.7048,1.0,1.0,time,0.0088,41.0,41.0,0.6491494178771973,0.3248613076965983,13.319313615560532,2.306272626319653,13.319313615560532,3.597318781370138,0.15554497335209388,0.31507672369480133,3.0,3.0,0.029320359230041504,0.013686557610829672,0.041059672832489014,0.031407473237722146,0.041059672832489014,0.6481804246170867,0.011894870007340054,0.0060946096975555055,-0.00570991975016188,-0.00570991975016188,0,0.0,-0.00570991975016188,1.0
2021-11-02,61042.0,63247.0,64249.0,60644.0,37335066460.155334,1186951581189.4705,1.0,0.0,time,-0.0015,41.0,41.0,0.6461601853370667,0.3166601009121755,12.983064137399197,2.255738781920535,12.983064137399197,3.5948882842632552,0.15437830098078464,0.336249478161335,3.0,3.0,0.029185354709625244,0.01716516415278117,0.051495492458343506,0.03644394082790372,0.051495492458343506,0.7299215039417217,0.012168706338966039,0.026520451556537275,0.03417582881672836,0.03417582881672836,0,0.0,0.03417582881672836,1.0
2021-11-03,63283.0,63131.0,63546.0,61587.0,36561444796.93016,1187048124213.9268,1.0,1.0,upper,0.0686,41.0,41.0,0.6415794491767883,0.30899322796158674,12.668722346425056,2.2121655036307595,12.668722346425056,3.5898003635242732,0.1545352437095338,0.31434179097414017,2.0,2.0,0.02410939335823059,0.022887632250785828,0.045775264501571655,0.0324140836751828,0.045775264501571655,0.6917217459350082,0.0012217611074447632,0.013665892548811398,-0.001835763069156331,-0.001835763069156331,0,0.0,-0.001835763069156331,1.0
2021-11-04,63025.0,61602.0,63159.0,60988.0,33152275947.43255,1157101738112.7314,1.0,1.0,upper,0.0932,41.0,41.0,0.6392578482627869,0.2985237776869681,12.239474885165691,2.1462590516611417,12.239474885165691,3.5874567212540582,0.15243180300111112,0.4292474612593651,2.0,2.0,0.02402213215827942,0.022804781794548035,0.04560956358909607,0.03229674951461916,0.04560956358909607,0.691721718091824,0.0012173503637313843,0.004565329103172725,-0.024517595038673682,-0.024517595038673682,0,0.0,-0.024517595038673682,1.0
2021-11-05,61586.0,61247.0,62724.0,60932.0,31182137447.967434,1154530569293.3604,1.0,1.0,upper,0.0989,41.0,41.0,0.6385846138000488,0.2983047934930499,12.230496533215046,2.1530891526791742,12.230496533215046,3.5807438085908663,0.15518495312451283,0.19784967601299286,2.0,2.0,0.021564722061157227,0.01869666576385498,0.03739333152770996,0.026750366637106192,0.03739333152770996,0.6813349172841805,0.002868056297302246,0.009352503187884423,-0.005779468911422484,-0.005779468911422484,0,0.0,-0.005779468911422484,1.0
2021-11-06,61277.0,61661.0,61669.0,60334.0,31423601393.173405,1162489871875.4807,0.0,1.0,upper,0.0922,41.0,41.0,0.6390161514282227,0.2892583982973564,11.859594330191612,2.1100727164181228,11.859594330191612,3.5686838548784325,0.15787611754732755,0.37655704468488693,2.0,2.0,0.021579325199127197,0.02157023549079895,0.0431404709815979,0.030504922283176535,0.0431404709815979,0.6931470917707458,9.08970832824707e-06,0.02693670582427904,0.006736771662544442,0.005736771662544442,1,0.001,0.006736771662544442,0.0
2021-11-07,61683.0,63153.0,63192.0,61583.0,24877902989.784378,1191631271447.797,0.0,1.0,upper,0.0683,41.0,41.0,0.6365422010421753,0.2828620219739472,11.597342900931835,2.08484667712195,11.597342900931835,3.5550651872994434,0.16125557692179762,0.26225142925977707,2.0,2.0,0.021495699882507324,0.02148669958114624,0.04297339916229248,0.030386784624104428,0.04297339916229248,0.6931470928306388,9.000301361083984e-06,0.00462034582767675,0.02390871331036627,0.0,0,0.0,0.0,0.0
2021-11-08,63433.0,67617.0,67713.0,63433.0,105426313891.40913,1278797895528.3608,0.0,0.0,time,-0.0447,41.0,41.0,0.6275755763053894,0.27905937538641257,11.441434390842915,2.0574792135185667,11.441434390842915,3.5547240136147105,0.1592957962965428,0.1559085100889206,2.0,2.0,0.021192967891693115,0.021184056997299194,0.04236811399459839,0.02995878336210801,0.04236811399459839,0.6931470920902894,8.910894393920898e-06,0.016746394908573575,0.06829907711687196,0.0,0,0.0,0.0,0.0
2021-11-09,67539.0,67145.0,68642.0,66566.0,41207912437.79217,1268116896159.246,0.0,0.0,time,-0.0225,41.0,41.0,0.6305863261222839,0.27629324266823324,11.328022949397564,2.055942711572474,11.328022949397564,3.5427779014569514,0.16357621029539707,0.40512414276599884,2.0,2.0,0.02129465341567993,0.021285682916641235,0.04257136583328247,0.030102504138282103,0.04257136583328247,0.6931470917568613,8.970499038696289e-06,0.005622943922358748,-0.007004970690104296,-0.0,0,0.0,-0.0,0.0
2021-11-10,67087.0,65061.0,69045.0,64566.0,48648563669.37678,1221681091090.6301,0.0,0.0,time,-0.0175,41.0,41.0,0.6478426456451416,0.27413413637295003,11.23949959129095,2.034929902569658,11.23949959129095,3.549005108539995,0.16077625679044938,0.4417622983455658,2.0,2.0,0.02187734842300415,0.021868154406547546,0.04373630881309509,0.030926243279083977,0.04373630881309509,0.6931470921794751,9.194016456604004e-06,0.032228390441523515,-0.0315291686787591,-0.0,0,0.0,-0.0,0.0
2021-11-11,65063.0,65006.0,65913.0,64459.0,35457583783.213585,1228606858156.6921,0.0,0.0,lower,-0.0727,41.0,41.0,0.6586774587631226,0.26878675527688933,11.020256966352463,1.9890745911555858,11.020256966352463,3.555003084992636,0.1557294884804234,0.3560924306511879,2.0,2.0,0.022243201732635498,0.02223387360572815,0.0444677472114563,0.03144344836462586,0.0444677472114563,0.6931470925506296,9.328126907348633e-06,0.020235443868703625,-0.000845718026527553,-0.0,0,0.0,-0.0,0.0
2021-11-12,64947.0,64432.0,65780.0,62353.0,36872626217.741356,1215930166022.9006,0.0,0.0,lower,-0.0638,41.0,41.0,0.6689968705177307,0.27730590995492005,11.369542308151722,2.053356326203501,11.369542308151722,3.5525137703805005,0.16105073634946973,0.3492853417992592,2.0,2.0,0.022591710090637207,0.022582218050956726,0.04516443610191345,0.031936081857352916,0.04516443610191345,0.6931470922202465,9.492039680480957e-06,0.019272856666092762,-0.008869169218753609,-0.0,0,0.0,-0.0,0.0
2021-11-13,64425.0,64660.0,65080.0,63636.0,29677693457.31651,1220299721850.586,0.0,0.0,lower,-0.0673,41.0,41.0,0.6889633536338806,0.2851131514805119,11.689639210700989,2.11376998090926,11.689639210700989,3.550446915980849,0.16639313256525434,0.33418256789445877,2.0,2.0,0.023265957832336426,0.023256197571754456,0.04651239514350891,0.03288923291167383,0.04651239514350891,0.6931470924924944,9.760260581970215e-06,0.0372900613621185,0.003532368188188629,0.0,0,0.0,0.0,0.0
2021-11-14,64654.0,65649.0,65739.0,63705.0,26088449436.717113,1239021452560.904,1.0,0.0,lower,-0.0825,41.0,41.0,0.7111201882362366,0.29001746890021535,11.890716224908829,2.148401015263822,11.890716224908829,3.5530276247657473,0.1687190983036192,0.3482222855091095,3.0,3.0,0.07712399959564209,0.041710744301478066,0.1251322329044342,0.08426450469259071,0.1251322329044342,0.9317603003514527,0.025040954325117003,0.08369208965188356,0.015179596043045711,-0.001,1,0.001,0.0,1.0
2021-11-15,65858.0,63934.0,66359.0,63754.0,32107212452.298412,1206711952537.9358,0.0,0.0,lower,-0.0561,41.0,41.0,0.7398204803466797,0.2905324128706281,11.911828927695751,2.1271513658948544,11.911828927695751,3.5668000888276263,0.16109386245615548,0.4437226876616478,3.0,3.0,0.02498340606689453,0.0191952387491862,0.057585716247558594,0.036133932725252255,0.057585716247558594,0.9926179521236593,0.00817087352079074,0.10687961901362067,-0.026471067084795023,-0.027471067084795023,1,0.001,-0.026471067084795023,0.0
2021-11-16,63858.0,60449.0,63858.0,59150.0,48978396010.968155,1141910823555.9597,1.0,0.0,time,-0.0219,41.0,41.0,0.7860676050186157,0.3133404823701556,12.84695977717638,2.2981820817714405,12.84695977717638,3.563433558306577,0.17503785704846528,0.935130849480629,3.0,3.0,0.02654510736465454,0.0203951100508372,0.0611853301525116,0.03839265366113628,0.0611853301525116,0.9926166511795911,0.008681672519099834,0.08056199419421468,-0.05605126692875387,-0.001,1,0.001,-0.0,1.0
2021-11-17,60399.0,60604.0,61054.0,58994.0,39200729529.48786,1138136620641.4888,1.0,0.0,lower,-0.0615,41.0,41.0,0.855678379535675,0.3363318336082668,13.789605177938938,2.4868652955947437,13.789605177938938,3.55243345328992,0.1942223897697813,1.0000759065151215,3.0,3.0,0.028895854949951172,0.022201240062713623,0.06660372018814087,0.04179257275278455,0.06660372018814087,0.9926173783210699,0.009450466590422377,0.09036050405726481,0.0025608631708054406,0.0025608631708054406,0,0.0,0.0025608631708054406,1.0
2021-11-18,60613.0,56987.0,61237.0,56664.0,41828523861.71753,1075758915731.0365,1.0,1.0,time,0.0133,41.0,41.0,0.9438571929931641,0.37922812398613953,15.54835308343172,2.819556575682963,15.54835308343172,3.5449596529768255,0.22379904490811248,1.7483728747534788,4.0,4.0,0.03187358379364014,0.021686024963855743,0.08674409985542297,0.04797314011971282,0.08674409985542297,1.2686657981746656,0.01025045679486653,0.1084332834329789,-0.06153772585043508,-0.06153772585043508,0,0.0,-0.06153772585043508,1.0
2021-11-19,57298.0,58459.0,58656.0,55821.0,37851259606.14217,1103594176399.3167,0.0,0.0,time,-0.0218,41.0,41.0,0.9875489473342896,0.39162133888500494,16.056474894285202,2.8475907772260807,16.056474894285202,3.5704383101994903,0.21073130728486958,1.1613911613821983,4.0,4.0,0.05141186714172363,0.03305831551551819,0.13223326206207275,0.07221550514325427,0.13223326206207275,1.2748977590496806,0.014523001447713737,0.11717637282637361,0.025502482176333195,0.024502482176333194,1,0.001,0.025502482176333195,0.0
2021-11-20,58500.0,60083.0,60259.0,57568.0,29676550711.713173,1134300362589.2896,1.0,0.0,time,-0.0199,41.0,41.0,1.051141619682312,0.40404512624188166,16.56585017591715,2.934577514813296,16.56585017591715,3.574771051383355,0.2163101975886931,0.7423122599720955,3.0,3.0,0.054722487926483154,0.03447544574737549,0.10342633724212646,0.06719682091718833,0.10342633724212646,0.9478422625798975,0.017792729441506783,0.15674645167684625,0.027401285807864034,-0.001,1,0.001,0.0,1.0
2021-11-21,60004.0,59140.0,60324.0,58844.0,25743426946.961926,1120610791475.7502,1.0,0.0,lower,-0.0941,41.0,41.0,1.137758493423462,0.42378260013533803,17.37508660554886,3.105768032819928,17.37508660554886,3.5668571910772036,0.23594830430135041,1.0639641508460045,3.0,3.0,0.05923181772232056,0.03731630245844523,0.1119489073753357,0.07273402017447159,0.1119489073753357,0.9478418254930352,0.019258923500808166,0.15229329596871946,-0.01581942520702017,-0.01581942520702017,0,0.0,-0.01581942520702017,1.0
2021-11-22,59148.0,56387.0,59300.0,55866.0,34001467918.52828,1064619437494.1869,0.0,1.0,time,-0.0334,41.0,41.0,1.2312966585159302,0.4777359340975924,19.58717329800129,3.541694220627952,19.58717329800129,3.5532724952307646,0.2787647587945605,2.1469291416401393,3.0,3.0,0.06410139799118042,0.040384153525034584,0.12115246057510376,0.07871366167391242,0.12115246057510376,0.9478411969199392,0.020842272479382366,0.1648275579816167,-0.04766887894260898,-0.04866887894260898,1,0.001,-0.04766887894260898,0.0
2021-11-23,56300.0,57749.0,57955.0,55915.0,36421192856.53637,1090380950871.23,0.0,1.0,lower,-0.0703,41.0,41.0,1.3411587476730347,0.5051119701891411,20.709590777754784,3.694107488866222,20.709590777754784,3.567784994474854,0.27875016962632576,1.4745905697345734,3.0,3.0,0.0698208212852478,0.04398741324742635,0.13196223974227905,0.08573684826709747,0.13196223974227905,0.9478413886022312,0.022701905780321018,0.17897912101242267,0.02386739775294066,-0.0,0,0.0,-0.0,0.0
2021-11-24,57707.0,57198.0,57765.0,55938.0,31695369987.85105,1080039673037.4923,0.0,0.0,time,0.0113,41.0,41.0,1.4199755191802979,0.5355042055612658,21.955672428011894,3.919532776790536,21.955672428011894,3.5669969375853046,0.2965403056226367,1.2460816502571106,5.0,5.0,0.12024998664855957,0.0522438645362854,0.261219322681427,0.15067117982685094,0.261219322681427,1.2243778448140354,0.04255513487697238,0.25125597569093666,-0.009587100495166794,0.0,0,0.0,0.0,0.0
2021-11-25,57196.0,58898.0,59391.0,57110.0,33721097081.419792,1112182356756.767,-1.0,1.0,lower,-0.09,41.0,41.0,1.452621340751648,0.5227608313647713,21.43319408595562,3.755833853631399,21.43319408595562,3.5870467885042703,0.26603931384276175,1.027229905128479,4.0,4.0,0.18899881839752197,0.08298209309577942,0.3319283723831177,0.21058007127833647,0.3319283723831177,1.0916286701118902,0.06480712792849806,0.14581977857094983,0.02928820148414631,-0.001,1,0.001,-0.0,1.0
2021-11-26,58905.0,53828.0,59445.0,53587.0,41325811946.27098,1016487054819.7161,0.0,0.0,time,0.0602,41.0,41.0,1.8299446105957031,0.5619466911728789,23.039814338088036,4.17265542704459,23.039814338088036,3.5597296235588183,0.3299632603465171,1.540802548472164,4.0,4.0,0.18883800506591797,0.08291150629520416,0.33164602518081665,0.21040093392474066,0.33164602518081665,1.0916285705687172,0.064751991266378,0.004978506424292245,-0.09001335634434747,0.08901335634434747,1,0.001,0.09001335634434747,0.0
2021-11-27,53816.0,54533.0,55426.0,53739.0,28256851067.70268,1030781591912.8181,-1.0,0.0,time,0.0356,41.0,41.0,1.4605296850204468,0.5546773715717036,22.74177223443985,3.9926598047009407,22.74177223443985,3.583708696204612,0.284861364149647,0.8834723979234695,4.0,4.0,0.19002771377563477,0.0834338515996933,0.3337354063987732,0.21172647571609507,0.3337354063987732,1.0916285814884896,0.06515993812942049,0.03684152561926066,0.01301224513312315,-0.001,1,0.001,-0.0,1.0
2021-11-28,54706.0,57238.0,57748.0,53672.0,27659464986.73885,1080980050980.763,-1.0,1.0,time,-0.0622,41.0,41.0,1.54373037815094,0.5750951058254009,23.57889933884144,4.090633608379859,23.57889933884144,3.596922408094684,0.27819863527787386,1.3216008096933365,4.0,4.0,0.1936016082763672,0.08500303328037262,0.3400121331214905,0.21570848541894722,0.3400121331214905,1.0916288124574778,0.06638540504937741,0.10439018759356379,0.048411990464416785,-0.048411990464416785,0,0.0,-0.048411990464416785,1.0
2021-11-29,57235.0,57849.0,58930.0,56640.0,30985196646.76598,1092574224475.6908,-1.0,1.0,lower,-0.1627,41.0,41.0,1.0165832042694092,0.5622296464152452,23.051415503025055,3.903615890315141,23.051415503025055,3.6186458699445714,0.2357151976993503,0.9342881292104721,4.0,4.0,0.19924163818359375,0.08747927844524384,0.34991711378097534,0.22199247628147703,0.34991711378097534,1.091627751002466,0.06831940225217893,0.15219544791371747,0.010618153928742805,-0.010618153928742805,0,0.0,-0.010618153928742805,1.0
2021-11-30,57760.0,57011.0,59184.0,56158.0,35723038603.83064,1076804436724.3245,-1.0,1.0,lower,-0.1481,41.0,41.0,1.3047840595245361,0.589320652732035,24.162146762013435,4.176591534444022,24.162146762013435,3.5982913643340755,0.27957566907955367,1.1821212619543076,5.0,5.0,0.19841420650482178,0.0981132984161377,0.4905664920806885,0.2628027222991765,0.4905664920806885,1.3772726640550215,0.06470575587594606,0.12610398956047073,-0.01459193573360602,0.01459193573360602,0,0.0,0.01459193573360602,1.0
2021-12-01,56917.0,57169.0,59129.0,56671.0,49383073891.00049,1079838995016.5873,-1.0,1.0,lower,-0.1509,41.0,41.0,1.1279507875442505,0.5707102508806601,23.399120286107063,3.99278943814966,23.399120286107063,3.6112041519241402,0.25125294263674547,0.8545592427253723,5.0,5.0,0.1998288631439209,0.09070725440979004,0.4535362720489502,0.24514447945165804,0.4535362720489502,1.37934531939072,0.061573997422308915,0.2168299659021169,0.002767561759480252,-0.002767561759480252,0,0.0,-0.002767561759480252,1.0
2021-12-02,57159.0,56508.0,57436.0,55822.0,36296342256.75686,1067406204922.5636,-1.0,1.0,lower,-0.1393,41.0,41.0,0.9838775992393494,0.5653592068247679,23.179727479815483,3.9248475869266333,23.179727479815483,3.617957557256281,0.23682638686831123,0.6400130689144135,4.0,4.0,0.1982654333114624,0.08705073595046997,0.3482029438018799,0.22090485188730233,0.3482029438018799,1.0916288560891538,0.06798461419556119,0.12095370347822121,-0.011629572382034117,0.011629572382034117,0,0.0,0.011629572382034117,1.0
2021-12-03,56565.0,53786.0,57565.0,52962.0,39527112725.92275,1016040747069.7008,-1.0,1.0,lower,-0.0899,41.0,41.0,0.9477031826972961,0.54044574099343,22.15827538073063,3.7648472267833015,22.15827538073063,3.6138041174218705,0.23157620479631594,1.0214520990848541,4.0,4.0,0.19097590446472168,0.08385016024112701,0.33540064096450806,0.21278291955492135,0.33540064096450806,1.09162871164913,0.0654850619692488,0.18971876533092916,-0.04936901079389857,0.04936901079389857,0,0.0,0.04936901079389857,1.0
2021-12-04,53784.0,49162.0,54011.0,43531.0,55941408415.03649,930097457941.656,-1.0,1.0,time,-0.0263,41.0,41.0,1.54415762424469,0.5214532359344203,21.379582673311234,3.7576716406902464,21.379582673311234,3.5841433064267014,0.2692194494895686,2.0234100073575974,4.0,4.0,0.17097622156143188,0.07506906986236572,0.3002762794494629,0.1904995433316233,0.3002762794494629,1.09162843294595,0.05862724411388029,0.3699233502513547,-0.0898922429027295,0.0898922429027295,0,0.0,0.0898922429027295,1.0
2021-12-05,49349.0,49268.0,49877.0,47745.0,32826574574.44167,932015145132.0604,-1.0,1.0,time,-0.0407,41.0,41.0,1.3089842796325684,0.46063795540390945,18.886156171560287,3.313215761517786,18.886156171560287,3.584429266218685,0.2356991839583247,2.484631646911094,3.0,3.0,0.15689599514007568,0.08748493591944377,0.2624548077583313,0.1743205170058235,0.2624548077583313,0.945413936531893,0.049755403762439206,0.2902397588804699,0.00215381572644818,-0.00215381572644818,0,0.0,-0.00215381572644818,1.0
2021-12-06,49370.0,50462.0,50979.0,47243.0,36126018721.826546,953396710269.5476,-1.0,1.0,time,-0.0245,41.0,41.0,0.7981044054031372,0.44183531185475794,18.115247786045074,3.0826750729636907,18.115247786045074,3.6110005932366804,0.19120474599925713,1.2832909524440765,3.0,3.0,0.14833074808120728,0.08270895481109619,0.24812686443328857,0.16480401995396604,0.24812686443328857,0.945413817751231,0.04703917294892058,0.19592983182984175,0.02394579470295028,-0.02394579470295028,0,0.0,-0.02394579470295028,1.0
2021-12-07,50555.0,50648.0,51943.0,50239.0,30083305919.5604,956961313925.818,-1.0,1.0,time,-0.0119,41.0,41.0,0.7757868766784668,0.43694042250877474,17.914557322859764,3.0491440879113814,17.914557322859764,3.6101487551303757,0.18933036188147115,0.5756915658712387,2.0,2.0,0.14175111055374146,0.09923481941223145,0.1984696388244629,0.1526773355557912,0.1984696388244629,0.5983292139816039,0.04251629114151001,0.14118487958145043,0.003679165459637194,-0.003679165459637194,0,0.0,-0.003679165459637194,1.0
2021-12-08,50619.0,50530.0,51320.0,48934.0,26590164539.05959,954800139986.473,-1.0,1.0,lower,-0.0789,41.0,41.0,1.0283764600753784,0.4478422223431308,18.361531116068363,3.1629364636219055,18.361531116068363,3.598348737782882,0.2084260512406424,0.7741580083966255,2.0,2.0,0.13732469081878662,0.09613603353500366,0.19227206707000732,0.14790971863055027,0.19227206707000732,0.5983291479040036,0.04118865728378296,0.07574181378187858,-0.002332523938008218,0.002332523938008218,0,0.0,0.002332523938008218,1.0
2021-12-09,50480.0,47886.0,50826.0,47441.0,27269362515.246876,904878061656.8508,-1.0,0.0,time,0.0109,41.0,41.0,0.9870330095291138,0.4328494104670315,17.746825829148293,3.055839676132655,17.746825829148293,3.5982127566042226,0.2010007297898779,0.6734964475035667,1.0,1.0,0.13180387020111084,0.13180387020111084,0.13180387020111084,0.13180387020111084,0.13180387020111084,-0.0,0.0,0.08754007533749567,-0.05374403318189038,0.05374403318189038,0,0.0,0.05374403318189038,1.0
2021-12-10,47747.0,47304.0,50088.0,47304.0,29611257204.740986,893919955029.865,-1.0,0.0,time,0.0339,41.0,41.0,0.9352172613143921,0.416751491405615,17.086811147630215,2.9178363960180955,17.086811147630215,3.609094805736177,0.18431251329135998,1.0237492248415947,1.0,1.0,0.12488460540771484,0.12488460540771484,0.12488460540771484,0.12488460540771484,0.12488460540771484,-0.0,0.0,0.0610188397223589,-0.012228327603398072,0.012228327603398072,0,0.0,0.012228327603398072,1.0
2021-12-11,47300.0,49242.0,49490.0,47033.0,24619129766.774235,930603779263.9766,-1.0,1.0,time,-0.0319,41.0,41.0,0.9040789008140564,0.4165102465123665,17.076920107007027,2.8975165821583544,17.076920107007027,3.616148990402438,0.17688980588319334,0.5015136078000069,1.0,1.0,0.12072652578353882,0.12072652578353882,0.12072652578353882,0.12072652578353882,0.12072652578353882,-0.0,0.0,0.036668867515664914,0.04015205935710084,-0.04015205935710084,0,0.0,-0.04015205935710084,1.0
2021-12-12,49252.0,50051.0,50863.0,48760.0,19871029748.355583,945932497231.4797,-1.0,1.0,lower,-0.0773,41.0,41.0,0.8829180598258972,0.4183189456419247,17.151076771318913,2.935872741882035,17.151076771318913,3.607085525639516,0.18771595075773564,0.5595000758767128,1.0,1.0,0.11790084838867188,0.11790084838867188,0.11790084838867188,0.11790084838867188,0.11790084838867188,-0.0,0.0,0.024919182782035573,0.016295567705982096,-0.016295567705982096,0,0.0,-0.016295567705982096,1.0
2021-12-13,50057.0,46696.0,50222.0,46002.0,29628245402.124134,882570058436.5184,-1.0,0.0,time,0.0059,41.0,41.0,0.8452296257019043,0.4186037071957821,17.162751995027065,2.9265043700246047,17.162751995027065,3.6129138483440197,0.18346503734000696,0.6499135941267014,1.0,1.0,0.06570041179656982,0.06570041179656982,0.06570041179656982,0.06570041179656982,0.06570041179656982,-0.0,0.0,0.038483330004210385,-0.06938397768012176,0.06938397768012176,0,0.0,0.06938397768012176,1.0
2021-12-14,46679.0,48411.0,48691.0,46526.0,30152105689.95273,915015634616.989,-1.0,1.0,time,-0.0337,41.0,41.0,0.8273135423660278,0.4116720560847259,16.878554299473763,2.864483703146342,16.878554299473763,3.6174230685753064,0.17508449064136014,0.4498794749379158,1.0,1.0,0.061729490756988525,0.061729490756988525,0.061729490756988525,0.061729490756988525,0.061729490756988525,-0.0,0.0,0.020111069664843682,0.03606855272583496,-0.03606855272583496,0,0.0,-0.03606855272583496,1.0
2021-12-15,48306.0,48937.0,49422.0,46666.0,33782603071.208714,925006387197.2257,-1.0,1.0,time,-0.0379,41.0,41.0,0.8095517158508301,0.3945210172635753,16.175361707806587,2.716774833014718,16.175361707806587,3.6277564552662507,0.15612263298461587,0.7683411240577698,1.0,1.0,0.060404300689697266,0.060404300689697266,0.060404300689697266,0.060404300689697266,0.060404300689697266,-0.0,0.0,0.021609501427145204,0.010806695957836614,-0.010806695957836614,0,0.0,-0.010806695957836614,1.0
2021-12-16,48933.0,47695.0,49378.0,47550.0,24699414443.565502,901558072618.6224,-1.0,0.0,time,0.0299,41.0,41.0,0.7871511578559875,0.38075492367511843,15.610951870679855,2.6279698033236856,15.610951870679855,3.625439207546318,0.1531998932659371,0.5644098371267319,2.0,2.0,0.05873286724090576,0.041242048144340515,0.08248409628868103,0.06335353640972022,0.08248409628868103,0.6003051961270692,0.017490819096565247,0.04404783286217514,-0.025707185987990013,0.025707185987990013,0,0.0,0.025707185987990013,1.0
2021-12-17,47719.0,46329.0,48036.0,45741.0,30617760444.44956,875783175210.4042,-1.0,0.0,time,0.0511,41.0,41.0,0.763930082321167,0.36954214732821394,15.151228040456772,2.5604820066862315,15.151228040456772,3.6217646780054764,0.15278318463806467,0.5688183307647705,1.0,1.0,0.023050546646118164,0.023050546646118164,0.023050546646118164,0.023050546646118164,0.023050546646118164,-0.0,0.0,0.06087855336263658,-0.02905845568819773,0.02905845568819773,0,0.0,0.02905845568819773,1.0
2021-12-18,46258.0,46970.0,47466.0,45653.0,23305069269.64378,887944269264.0427,-1.0,0.0,upper,0.0804,41.0,41.0,0.7702881693840027,0.3676305958410589,15.072854429483414,2.5599217562610233,15.072854429483414,3.6175615800821115,0.15710466786330318,0.4085967540740967,2.0,2.0,0.10657310485839844,0.06459128856658936,0.1291825771331787,0.1089450086773288,0.1291825771331787,0.46375670175140205,0.04198181629180908,0.08753844634807169,0.013740985129930147,-0.013740985129930147,0,0.0,-0.013740985129930147,1.0
2021-12-19,46904.0,46807.0,48126.0,46550.0,23002876885.701263,884905649263.6449,-1.0,0.0,upper,0.0838,41.0,41.0,0.8154506087303162,0.3568740156365604,14.631834641098976,2.5076418997226466,14.631834641098976,3.608524322394445,0.16128646781769795,0.5313446670770645,3.0,3.0,0.13196581602096558,0.068050483862559,0.204151451587677,0.14786456294626885,0.204151451587677,0.7476950122400559,0.05154714319114718,0.0864703971722471,-0.0034763356506034757,0.0034763356506034757,0,0.0,0.0034763356506034757,1.0
2021-12-20,46770.0,47117.0,47517.0,45676.0,29356191956.181854,890808857615.3627,-1.0,0.0,upper,0.0772,41.0,41.0,0.8032820820808411,0.3501156486752557,14.354741595685482,2.46195433066312,14.354741595685482,3.608741122328486,0.15891395592766658,0.3350946679711342,3.0,3.0,0.12999659776687622,0.06864925225575765,0.20594775676727295,0.14789780009389566,0.20594775676727295,0.7559366641840207,0.050779260093040554,0.06332628055503778,0.0066011056955890286,-0.0066011056955890286,0,0.0,-0.0066011056955890286,1.0
2021-12-21,47123.0,49145.0,49366.0,46791.0,25764127608.31085,929203956014.2224,-1.0,0.0,time,0.0342,41.0,41.0,0.7984416484832764,0.3482549942848159,14.278454765677452,2.4490614094591616,14.278454765677452,3.608608121658465,0.15814153929583433,0.08549801260232925,3.0,3.0,0.12921327352523804,0.06823559602101643,0.20470678806304932,0.14700660761739584,0.20470678806304932,0.7559369252663604,0.05047327012107471,0.013119454296634194,0.04214124193470329,-0.04214124193470329,0,0.0,-0.04214124193470329,1.0
2021-12-22,49058.0,48756.0,49876.0,48730.0,21887790445.928295,921888029984.8673,-1.0,0.0,time,0.0406,41.0,41.0,0.7987939715385437,0.34619883175303295,14.194152101874352,2.4321502069827283,14.194152101874352,3.610475436354403,0.1562795926265526,0.206576406955719,3.0,3.0,0.06991198658943176,0.042367637157440186,0.12710291147232056,0.08705919934486764,0.12710291147232056,0.832593431683149,0.027044741667934167,0.0784611618195327,-0.007946845225002719,0.007946845225002719,0,0.0,0.007946845225002719,1.0
2021-12-23,48778.0,50901.0,51420.0,48260.0,26419703744.656948,960809259355.0854,-1.0,1.0,time,-0.0644,41.0,41.0,0.8050509691238403,0.3491883604991727,14.31672278046608,2.452764053834623,14.31672278046608,3.61058661096246,0.157481593841339,0.12257067859172821,2.0,2.0,0.07045957446098328,0.03805920481681824,0.07611840963363647,0.0706864488338048,0.07611840963363647,0.2647295745431729,0.03240036964416504,0.043754736782816356,0.04305430293532222,-0.04305430293532222,0,0.0,-0.04305430293532222,1.0
2021-12-24,50928.0,50889.0,51951.0,50699.0,22535489970.197155,962312381228.0947,-1.0,1.0,lower,-0.0642,41.0,41.0,0.8083886504173279,0.35287390485769365,14.46783009916544,2.4677874330213263,14.46783009916544,3.6173428622092336,0.15497089519568288,0.1655682995915413,4.0,4.0,0.07075169682502747,0.021333403885364532,0.08533361554145813,0.07130278990919613,0.08533361554145813,0.6351592278663281,0.028564100561240396,0.010179118367852302,-0.00023577954721661925,0.00023577954721661925,0,0.0,0.00023577954721661925,1.0
2021-12-25,50924.0,50663.0,51384.0,50398.0,17235296605.82555,958099737762.7762,-1.0,1.0,lower,-0.0856,41.0,41.0,0.8114041090011597,0.35461541719552947,14.539232105016708,2.4796216973621275,14.539232105016708,3.6173947562788795,0.15560173547576764,0.07140200585126877,4.0,4.0,0.09549164772033691,0.04461801052093506,0.17847204208374023,0.1193046990784256,0.17847204208374023,0.928871752441188,0.03959338256201597,0.07474491618150077,-0.0044509290433018996,0.0044509290433018996,0,0.0,0.0044509290433018996,1.0
2021-12-26,50478.0,50853.0,51377.0,49687.0,19632044502.131416,961723851972.3851,-1.0,1.0,lower,-0.0635,41.0,41.0,0.8167477250099182,0.3486791979975817,14.295847117900848,2.4593089473123055,14.295847117900848,3.607525945078598,0.16105869181417687,0.3503507077693939,4.0,4.0,0.14009574055671692,0.055905647575855255,0.22362259030342102,0.1575098781397411,0.22362259030342102,0.8521461172057662,0.05546980256881479,0.050332375277507384,0.003743256666065431,-0.003743256666065431,0,0.0,-0.003743256666065431,1.0
2021-12-27,50869.0,50774.0,52050.0,50546.0,22793878136.833546,960280703699.8921,-1.0,1.0,lower,-0.0619,41.0,41.0,0.7468985319137573,0.3402780937712367,13.951401844620705,2.3689312414857855,13.951401844620705,3.6202226864753757,0.14520622859745386,0.4712163358926773,4.0,4.0,0.21198099851608276,0.07415985316038132,0.29663941264152527,0.22418710454215748,0.29663941264152527,0.7441740781597675,0.08405522375188673,0.08387122715906478,-0.0015547052636135713,0.0015547052636135713,0,0.0,0.0015547052636135713,1.0
2021-12-28,50732.0,47725.0,50732.0,47388.0,29538983233.48695,902655839568.4547,-1.0,1.0,time,-0.0071,41.0,41.0,0.7722291350364685,0.36003456391939304,14.761417120695114,2.4845337412930664,14.761417120695114,3.6315561879358564,0.14468532176821047,0.8100152760744095,5.0,5.0,0.2191702127456665,0.07611684799194336,0.3805842399597168,0.24328100984187193,0.3805842399597168,1.0918669165101833,0.07773902110078044,0.11159323907254,-0.061929042929034006,0.061929042929034006,0,0.0,0.061929042929034006,1.0
2021-12-29,47654.0,46507.0,48199.0,46224.0,26348739119.378136,874314106559.5542,-1.0,0.0,time,0.0005,41.0,41.0,0.7972445487976074,0.3651565511415644,14.971418596804142,2.5213435207072576,14.971418596804142,3.6319769015905954,0.14735568127019946,0.3948073461651802,6.0,6.0,0.22626996040344238,0.07532651722431183,0.45195910334587097,0.25800914267432185,0.45195910334587097,1.3368309917594303,0.07362541739629425,0.12597758292028036,-0.025852530713744798,0.025852530713744798,0,0.0,0.025852530713744798,1.0
2021-12-30,46575.0,47192.0,47976.0,46225.0,23753871435.216618,892648631305.5416,-1.0,1.0,time,-0.0269,41.0,41.0,0.818187952041626,0.3658215370846958,14.998683020472527,2.5454981793524607,14.998683020472527,3.6235135570845727,0.1556042278166698,0.40929094702005386,6.0,6.0,0.23221400380134583,0.06302568316459656,0.37815409898757935,0.24965859599548912,0.37815409898757935,1.1106751365137866,0.08009993146507076,0.12041244736857977,0.014621547802707524,-0.014621547802707524,0,0.0,-0.014621547802707524,1.0
2021-12-31,47205.0,46320.0,48779.0,45702.0,25895349604.886154,876192941903.0961,-1.0,1.0,lower,-0.0594,41.0,41.0,0.840969443321228,0.36740964941862153,15.063795626163483,2.556489704064303,15.063795626163483,3.6247548856565537,0.15625617935599895,0.34647269546985626,7.0,7.0,0.23867973685264587,0.05563007082257952,0.38941049575805664,0.2566110790669613,0.38941049575805664,1.1221996068979558,0.07945017525992876,0.08922359579447818,-0.018650553436034317,0.018650553436034317,0,0.0,0.018650553436034317,1.0
2022-01-01,46381.0,47816.0,48146.0,46379.0,18904585811.03402,904551946917.3206,-1.0,1.0,lower,-0.0912,41.0,41.0,0.870885968208313,0.3784060612684343,15.514648512005806,2.640578906211656,15.514648512005806,3.621041325822249,0.16393186601768542,0.5523743778467178,7.0,7.0,0.24717053771018982,0.057584562471934726,0.4030919373035431,0.2656853179313872,0.4030919373035431,1.1220114568809296,0.08226856309734533,0.09836939529624124,0.031786478257213306,-0.031786478257213306,0,0.0,-0.031786478257213306,1.0
2022-01-02,47807.0,47387.0,48012.0,46757.0,33756128241.98571,897536090320.9355,-1.0,1.0,lower,-0.0822,41.0,41.0,0.9084205627441406,0.388367804812222,15.923079997301102,2.7179144442911536,15.923079997301102,3.618863322880332,0.17129686840112027,0.5544194728136063,7.0,7.0,0.2578234076499939,0.06006641047341483,0.4204648733139038,0.2771361532604494,0.4204648733139038,1.1220114310074192,0.0858142776780797,0.1272895054563605,-0.009012382040889307,0.009012382040889307,0,0.0,0.009012382040889307,1.0
2022-01-03,47371.0,46531.0,47568.0,45811.0,21890019531.577713,880330191985.1965,-1.0,1.0,lower,-0.064,41.0,41.0,0.9627905488014221,0.4030015326854659,16.523062840104103,2.8350515264741656,16.523062840104103,3.6139689599276688,0.1833760303339985,0.7898667007684708,8.0,8.0,0.27325439453125,0.05704541876912117,0.45636335015296936,0.2939190829263331,0.45636335015296936,1.2070580270317572,0.08685835372022477,0.17673450839159063,-0.018229172344592565,0.018229172344592565,0,0.0,0.018229172344592565,1.0
2022-01-04,46538.0,45938.0,47575.0,45725.0,24895990583.663242,876242689666.1957,-1.0,1.0,lower,-0.0611,41.0,41.0,1.0106176137924194,0.4097524030906398,16.799848526716232,2.8831560146429474,16.799848526716232,3.6148601179457884,0.18667895353377528,0.5471648424863815,8.0,8.0,0.2868284583091736,0.05987917631864548,0.4790334105491638,0.308519665982016,0.4790334105491638,1.2070580500723689,0.09117308967347443,0.17182662231635037,-0.012826095868908363,0.012826095868908363,0,0.0,0.012826095868908363,1.0
2022-01-05,45873.0,43647.0,47081.0,42467.0,31837641246.01787,827723202715.1049,-1.0,1.0,time,-0.0416,41.0,41.0,1.018884301185608,0.4185440809261508,17.160307317972183,2.9463255997614217,17.160307317972183,3.6133531927505245,0.19117668274231164,0.3604587912559509,8.0,8.0,0.2891746759414673,0.06036897376179695,0.4829517900943756,0.3110433042792876,0.4829517900943756,1.2070579462086357,0.09191887264903578,0.04300336297261045,-0.05115810986620147,0.05115810986620147,0,0.0,0.05115810986620147,1.0
2022-01-06,43526.0,43216.0,43929.0,42604.0,26366602396.811768,819522879407.0583,-1.0,1.0,time,-0.0102,41.0,41.0,1.0311568975448608,0.42114665668185164,17.267012923955917,2.9701007082842112,17.267012923955917,3.611641685816506,0.19440675572573404,0.23759621381759644,8.0,8.0,0.2926577925682068,0.06109612062573433,0.48876896500587463,0.3147898364978321,0.48876896500587463,1.2070577189817313,0.09302604038535232,0.0632533943612642,-0.009923754351101606,0.009923754351101606,0,0.0,0.009923754351101606,1.0
2022-01-07,43201.0,41527.0,43201.0,40685.0,79685254648.07628,787735561341.1113,-1.0,0.0,upper,0.0574,41.0,41.0,1.0074483156204224,0.41387014454457816,16.968675926327705,2.9311911176009726,16.968675926327705,3.6076921133894255,0.1956261373094649,0.4769545942544937,8.0,8.0,0.28592896461486816,0.05969138815999031,0.4775311052799225,0.3075521397080277,0.4775311052799225,1.2070578142989035,0.090887171863837,0.10838289891901715,-0.03986697895396469,0.03986697895396469,0,0.0,0.03986697895396469,1.0
2022-01-08,41532.0,41757.0,42702.0,40617.0,23337017232.770664,792892599975.9554,-1.0,0.0,time,0.0202,41.0,41.0,1.000901222229004,0.4167668975707961,17.08744280040264,2.9532998631209098,17.08744280040264,3.6068651649256442,0.19757675619732454,0.2769279479980469,8.0,8.0,0.28407078981399536,0.05930347368121147,0.4744277894496918,0.3055534483254694,0.4744277894496918,1.207057887095961,0.0902965211527555,0.03430353036160121,0.005523283817078168,-0.005523283817078168,0,0.0,-0.005523283817078168,1.0
2022-01-09,41670.0,41862.0,42894.0,41421.0,18016718173.608612,791648558214.5575,-1.0,0.0,time,0.0296,41.0,41.0,1.0141571760177612,0.42597211279520175,17.46485662460327,3.0183166917890087,17.46485662460327,3.606136809081829,0.20186289574885358,0.3774138242006302,8.0,8.0,0.287833034992218,0.0600888766348362,0.4807110130786896,0.30960019672714956,0.4807110130786896,1.2070573180968487,0.0914924157045252,0.06819973106769124,0.0025113922717813755,-0.0025113922717813755,0,0.0,-0.0025113922717813755,1.0
2022-01-10,41888.0,41870.0,42415.0,39692.0,27984634062.049942,792407724467.5966,-1.0,0.0,time,0.0319,41.0,41.0,1.0253177881240845,0.41854551543549795,17.160366132855415,2.9888761834393764,17.160366132855415,3.597509491195435,0.20665669374140608,0.4428936094045639,8.0,8.0,0.2910006046295166,0.06075014919042587,0.486001193523407,0.3130073142622368,0.486001193523407,1.2070572890112024,0.09249927957042874,0.05762960748593189,0.00019108584589743027,-0.00019108584589743027,0,0.0,-0.00019108584589743027,1.0
2022-01-11,41891.0,42777.0,43223.0,41383.0,22813557397.82151,809621515508.4065,-1.0,0.0,time,0.008,41.0,41.0,1.0261048078536987,0.42183639254511857,17.29529209434986,3.0073035251463454,17.29529209434986,3.5987492100143137,0.20648574434127473,0.1349259614944458,8.0,8.0,0.29122394323349,0.060796793550252914,0.4863743484020233,0.3132475616656252,0.4863743484020233,1.2070578897564377,0.09257026658269048,0.004430668787838561,0.021430994937039823,-0.021430994937039823,0,0.0,-0.021430994937039823,1.0
2022-01-12,42811.0,43982.0,44288.0,42544.0,28250302540.221024,832460077955.3481,-1.0,1.0,time,-0.039,41.0,41.0,1.0485827922821045,0.4230467898816597,17.34491838514805,3.022565369956212,17.34491838514805,3.597924438350933,0.20942367909902757,0.395366907119751,8.0,8.0,0.2976035475730896,0.06212860718369484,0.4970288574695587,0.32010960985335013,0.4970288574695587,1.2070576295469608,0.0945981313741035,0.10561842369688096,0.027779884340564314,-0.027779884340564314,0,0.0,-0.027779884340564314,1.0
2022-01-13,43946.0,42608.0,44391.0,42388.0,43905745871.292786,806510860231.8285,-1.0,1.0,time,-0.005,41.0,41.0,1.0631548166275024,0.42565250505761404,17.451752707362175,3.0350091273577835,17.451752707362175,3.6005015181511837,0.2085313420679075,0.28385022282600403,8.0,8.0,0.30173927545547485,0.06299199908971786,0.5039359927177429,0.3245581116696952,0.5039359927177429,1.2070574855262084,0.09591274176044483,0.07490755036365562,-0.031738430237079666,0.031738430237079666,0,0.0,0.031738430237079666,1.0
2022-01-14,42563.0,43121.0,43495.0,41794.0,20238314434.86153,816129314317.4397,-1.0,1.0,time,-0.0323,41.0,41.0,1.1058845520019531,0.4239398818917391,17.381535157561302,3.0212421286946247,17.381535157561302,3.601047115773077,0.20713952163825788,0.5726304352283478,8.0,8.0,0.31386667490005493,0.06552373990416527,0.5241899192333221,0.33760261015265325,0.5241899192333221,1.2070574601996837,0.09976762905224743,0.16489798694874533,0.011968088354875632,-0.011968088354875632,0,0.0,-0.011968088354875632,1.0
2022-01-15,43192.0,43227.0,43803.0,42586.0,14651008624.734596,816800318526.6782,-1.0,1.0,lower,-0.06,41.0,41.0,1.1075687408447266,0.4314230560529523,17.688345298171043,3.0546329062857382,17.688345298171043,3.608397575216315,0.2036030455895428,0.3068101406097412,8.0,8.0,0.3143446445465088,0.06562352553009987,0.524988204240799,0.3381167411458454,0.524988204240799,1.2070574959958027,0.09991956378700899,0.009482496692725703,0.002455182592454678,-0.002455182592454678,0,0.0,-0.002455182592454678,1.0
2022-01-16,43173.0,43120.0,43570.0,42739.0,14452346388.550371,816325578941.135,-1.0,1.0,lower,-0.0576,41.0,41.0,1.1167857646942139,0.42459267268820505,17.408299580216408,3.009020877790951,17.408299580216408,3.6090597352791525,0.20138364050959331,0.3917246162891388,8.0,8.0,0.31696057319641113,0.06616964191198349,0.5293571352958679,0.3409304960348911,0.5293571352958679,1.2070577888767093,0.10075107384075116,0.04792347819732275,-0.0024783734181649942,0.0024783734181649942,0,0.0,0.0024783734181649942,1.0
2022-01-17,43138.0,42298.0,43184.0,41641.0,17694929625.845875,800822650383.9624,-1.0,1.0,lower,-0.1472,41.0,41.0,1.1534252166748047,0.42675623770167187,17.497005745768547,3.0347722164090842,17.497005745768547,3.6071323107606474,0.20617811754792154,0.4540412127971649,8.0,8.0,0.3273593783378601,0.06834053993225098,0.5467243194580078,0.3521157169911692,0.5467243194580078,1.207058155621623,0.1040565008579188,0.14974889907061784,-0.01924712299018358,0.01924712299018358,0,0.0,0.01924712299018358,1.0
2022-01-18,42311.0,42395.0,42621.0,41339.0,18897950050.285973,803962100417.9756,-1.0,1.0,lower,-0.1495,41.0,41.0,0.8896287679672241,0.42108166799312685,17.2643483877182,2.9477584247099893,17.2643483877182,3.618128682586935,0.18607493340665188,0.8748375922441483,8.0,8.0,0.3438225984573364,0.07177744805812836,0.5742195844650269,0.3698239463928486,0.5742195844650269,1.2070581547474424,0.10928960090493631,0.20759766495319687,0.002290627145408093,-0.002290627145408093,0,0.0,-0.002290627145408093,1.0
2022-01-19,42401.0,41750.0,42653.0,41244.0,19626113309.554142,790507925308.7825,-1.0,1.0,lower,-0.1341,41.0,41.0,0.9296337366104126,0.4299489306967433,17.627906158566475,3.01154124427899,17.627906158566475,3.618822856447345,0.1906523629026721,0.6620655804872513,10.0,10.0,0.3592836856842041,0.06534631550312042,0.6534631550312042,0.388443436260016,0.6534631550312042,1.4447488145835516,0.10401292884788677,0.2348898809485645,-0.015330979459101893,0.015330979459101893,0,0.0,0.015330979459101893,1.0
2022-01-20,41752.0,40708.0,43508.0,40708.0,20930163211.171124,774235809673.4731,-1.0,1.0,lower,-0.1089,41.0,41.0,0.9762557148933411,0.45229040849499585,18.54390674829483,3.166969250100949,18.54390674829483,3.6190499258932265,0.20015013101788817,0.9160005897283554,10.0,10.0,0.37730205059051514,0.06802650988101959,0.6802650988101959,0.4076735497338357,0.6802650988101959,1.4250309320781374,0.10950874973565428,0.2871672432551745,-0.025274817967179373,0.025274817967179373,0,0.0,0.025274817967179373,1.0
2022-01-21,40667.0,36509.0,41179.0,35762.0,38296960033.31628,692855029162.9379,-1.0,0.0,time,0.0098,41.0,41.0,1.2663164138793945,0.4585505015239483,18.80057056248188,3.266804833391685,18.80057056248188,3.6054691778533705,0.22366147978415887,0.37610648572444916,10.0,10.0,0.3759464621543884,0.0677820861339569,0.6778208613395691,0.40620881383752633,0.6778208613395691,1.425030772580563,0.10911530068353319,0.0336872179688018,-0.10886582779347702,0.10886582779347702,0,0.0,0.10886582779347702,1.0
2022-01-22,36385.0,35180.0,36801.0,34020.0,35517336417.257744,666220701468.4846,-1.0,0.0,time,0.0579,41.0,41.0,1.2054380178451538,0.4232623856968996,17.353757813572884,2.99329491294707,17.353757813572884,3.614292393950361,0.1984464972372898,1.4468127489089966,10.0,10.0,0.35787272453308105,0.06452345252037048,0.6452345252037048,0.38668023120776257,0.6452345252037048,1.4250308020503424,0.1038695537467085,0.2833865221041708,-0.03708106622679605,0.03708106622679605,0,0.0,0.03708106622679605,1.0
2022-01-23,35219.0,36306.0,36706.0,34805.0,22865032968.608204,687575973800.0704,-1.0,0.0,time,0.0417,41.0,41.0,1.1400952339172363,0.3908221100161715,16.023706510663033,2.776783173205178,16.023706510663033,3.6107498918895047,0.18793525105921052,1.330051302909851,9.0,9.0,0.20922064781188965,0.05194713340865241,0.4675242006778717,0.25055524289112235,0.4675242006778717,1.5360404619350208,0.06539740711462357,0.33059855553418693,0.03150527755882725,-0.03150527755882725,0,0.0,-0.03150527755882725,1.0
2022-01-24,36265.0,36774.0,37476.0,33065.0,36385158448.60688,696465421899.37,-1.0,0.0,time,0.0389,41.0,41.0,1.0944660902023315,0.3802269937061682,15.589306741952896,2.690713682158072,15.589306741952896,3.61449110249506,0.17891712776376154,0.5595458596944809,9.0,9.0,0.20084720849990845,0.053324997425079346,0.4799249768257141,0.24367277576608995,0.4799249768257141,1.632267090783973,0.06126846524027464,0.23385217306193593,0.012808056863410392,-0.012808056863410392,0,0.0,-0.012808056863410392,1.0
2022-01-25,36675.0,36989.0,37542.0,35707.0,46168918584.85349,700571452648.8236,-1.0,0.0,time,0.0265,41.0,41.0,1.0661778450012207,0.39216968580716993,16.078957118093967,2.8188388359522585,16.078957118093967,3.599100106445036,0.20001053764695678,0.7900378629565239,9.0,9.0,0.1956559419631958,0.05194671948750814,0.46752047538757324,0.23737462681301016,0.46752047538757324,1.6322669980861824,0.059684874749704395,0.15832227290526832,0.00582949741367499,-0.00582949741367499,0,0.0,-0.00582949741367499,1.0
2022-01-26,36955.0,36870.0,39216.0,36355.0,26756873749.744743,700165819656.2855,-1.0,0.0,time,0.0447,41.0,41.0,1.0441250801086426,0.38321318113949243,15.711740426719189,2.7564132130307346,15.711740426719189,3.598502310704926,0.1961126959988476,0.36721669137477875,8.0,8.0,0.19160908460617065,0.044014815241098404,0.35211852192878723,0.20702823351033495,0.35211852192878723,1.4197266227569272,0.05848317897560967,0.18079771968279695,-0.0032223588992716396,0.0032223588992716396,0,0.0,0.0032223588992716396,1.0
2022-01-27,36886.0,37277.0,37277.0,35580.0,22057410457.280827,702311456032.8538,-1.0,0.0,time,0.041,41.0,41.0,1.0300532579421997,0.3727617158395488,15.283230349421501,2.698643407585022,15.283230349421501,3.5910930065323052,0.19665948487731674,0.42851007729768753,7.0,7.0,0.18902671337127686,0.04949161410331726,0.3464412987232208,0.20423591861612658,0.3464412987232208,1.4049361192945014,0.05924087800438306,0.07994682187134192,0.01097830223027956,-0.01097830223027956,0,0.0,-0.01097830223027956,1.0
2022-01-28,37367.0,37853.0,38022.0,36244.0,19214103304.052933,717026944842.8334,0.0,1.0,time,-0.0228,41.0,41.0,1.0114325284957886,0.3651953742998402,14.97301034629345,2.659836736831645,14.97301034629345,3.5857088431847863,0.19795647148960435,0.5071496963500977,7.0,7.0,0.1856095790863037,0.05278727412223816,0.3695109188556671,0.2079626735255673,0.3695109188556671,1.4474482867956002,0.058239651950377155,0.11391138801253924,0.015333722503979153,-0.016333722503979152,1,0.001,-0.015333722503979153,0.0
2022-01-29,37782.0,38232.0,38782.0,37422.0,14178650231.62196,722829009646.1814,0.0,1.0,time,-0.03,41.0,41.0,0.9962313175201416,0.37314290280749157,15.298859015107155,2.763480559832488,15.298859015107155,3.5676390398823847,0.21686030920412386,0.6574184596538544,5.0,5.0,0.26362621784210205,0.06469069719314575,0.32345348596572876,0.2657670182396742,0.32345348596572876,0.713498847404694,0.0997072479485127,0.19748096327761067,0.009962624295545223,-0.0,0,0.0,-0.0,0.0
2022-01-30,38254.0,37983.0,38386.0,37504.0,11807185113.633108,719570142321.8397,0.0,0.0,upper,0.0927,41.0,41.0,0.9894110560417175,0.37901799326262825,15.539737723767757,2.823804929026066,15.539737723767757,3.5594163064320723,0.22545531542029687,0.43810664862394333,5.0,5.0,0.24027901887893677,0.059939336776733396,0.299696683883667,0.24259403916517716,0.299696683883667,0.7495082902687913,0.09043035704043437,0.03759942897852731,-0.006534170069631306,0.0,0,0.0,0.0,0.0
2022-01-31,37995.0,38556.0,38715.0,36832.0,17731563487.283978,727905398095.9747,0.0,0.0,upper,0.0778,41.0,41.0,0.9926630854606628,0.37919220001232334,15.546880200505257,2.8390592131765313,15.546880200505257,3.5514187492145504,0.22979320020957794,0.2741675451397896,5.0,5.0,0.1894533634185791,0.04847566485404968,0.2423783242702484,0.19211374605188414,0.2423783242702484,0.7830312279198928,0.0709341116908883,0.0735434606442959,0.014973038715495796,-0.0,0,0.0,-0.0,0.0
2022-02-01,38430.0,38836.0,39138.0,38196.0,17109120250.158987,736102274236.6057,0.0,0.0,upper,0.0705,41.0,41.0,0.9847602844238281,0.3705706865322299,15.193398147821426,2.792098555682612,15.193398147821426,3.544827531240424,0.2298242362481695,0.3703198879957199,4.0,4.0,0.18794506788253784,0.05790968984365463,0.23163875937461853,0.19038054075779332,0.23163875937461853,0.6497235199904681,0.07554902644653452,0.036467104372104195,0.00723592158617684,-0.0,0,0.0,-0.0,0.0
2022-02-02,38801.0,37001.0,38900.0,36849.0,16709908527.231106,700645616423.8325,0.0,0.0,upper,0.1189,41.0,41.0,0.975003719329834,0.3680015822372785,15.08806487172842,2.7800301040238997,15.08806487172842,3.5417344935645736,0.23038333027350652,0.381129689514637,4.0,4.0,0.2587857246398926,0.07551160454750061,0.30204641819000244,0.2605250150589999,0.30204641819000244,0.5364354036098312,0.10614291519708188,0.1843882665544253,-0.048402712201870486,0.0,0,0.0,0.0,0.0
2022-02-03,37052.0,37101.0,37180.0,36415.0,16136299994.837618,703003347951.7092,0.0,0.0,upper,0.1162,41.0,41.0,0.9709839224815369,0.35988486321961005,14.755279392004013,2.7478686745751535,14.755279392004013,3.526528555699507,0.23376977140606067,0.3327854797244072,4.0,4.0,0.10443413257598877,0.03687914460897446,0.14751657843589783,0.1086383477390308,0.14751657843589783,0.8602128458420515,0.03988109003998004,0.1623929102382868,0.0026989841220017353,-0.0,0,0.0,-0.0,0.0
2022-02-04,37282.0,41674.0,41674.0,37128.0,25347215343.882504,777355085535.6107,0.0,0.0,time,0.063,41.0,41.0,0.9791189432144165,0.3691396795031501,15.134726859629154,2.8183524783076095,15.134726859629154,3.523979107439886,0.23972964801592547,0.37944746762514114,4.0,4.0,0.2775770425796509,0.08025509864091873,0.3210203945636749,0.2792129801082031,0.3210203945636749,0.5151249712359967,0.11423261884139031,0.291046035253006,0.11623350971997881,-0.0,0,0.0,-0.0,0.0
2022-02-05,41617.0,41494.0,41957.0,41191.0,16752051696.248552,786295053042.2418,0.0,0.0,time,0.0502,41.0,41.0,0.9827678203582764,0.37169478343027396,15.239486120641232,2.8385917349029817,15.239486120641232,3.522503648920932,0.24159861614544256,0.1497550755739212,4.0,4.0,0.3833749294281006,0.10674502700567245,0.4269801080226898,0.3845699038809391,0.4269801080226898,0.4193262494566446,0.1599343676396882,0.13605495115448418,-0.004328594677060671,0.0,0,0.0,0.0,0.0
2022-02-06,41518.0,42476.0,42526.0,41387.0,13206494654.908047,804942041477.0581,0.0,1.0,time,-0.0007,41.0,41.0,0.9900813698768616,0.37360468125197943,15.317791931331158,2.8541042843128195,15.317791931331158,3.5225228796204076,0.24310554235857185,0.12811842560768127,4.0,4.0,0.38622796535491943,0.10753942281007767,0.43015769124031067,0.38743183339220294,0.43015769124031067,0.41932658119518795,0.161124575788693,0.03453276020216276,0.02339037207065127,-0.0,0,0.0,-0.0,0.0
2022-02-07,42413.0,43911.0,44476.0,41788.0,24171856714.475758,833392518214.8341,0.0,1.0,time,-0.0384,41.0,41.0,0.9968927502632141,0.3674917195628329,15.067160502076149,2.8108801462875443,15.067160502076149,3.5245790962935017,0.2401214365008412,0.382770799100399,4.0,4.0,0.3888850212097168,0.10827924311161041,0.43311697244644165,0.3900971711849681,0.43311697244644165,0.4193267030572181,0.16223303070831585,0.03268244240813208,0.033225647628320386,-0.0,0,0.0,-0.0,0.0
2022-02-08,43978.0,44184.0,45302.0,42901.0,29024977264.932137,837406846076.2306,0.0,1.0,time,-0.0448,41.0,41.0,0.9580481052398682,0.37628054382597526,15.427502296864986,2.8650346368584922,15.427502296864986,3.525469991174692,0.24211237646093553,0.5416216924786568,4.0,4.0,0.6311055421829224,0.16892392188310623,0.6756956875324249,0.6318653373616197,0.6756956875324249,0.3010426882741005,0.2669796991447263,0.25045038359767147,0.006197874428966801,-0.0,0,0.0,-0.0,0.0
2022-02-09,44166.0,44384.0,44758.0,43309.0,19780565063.098923,841339973338.8694,0.0,1.0,time,-0.0402,41.0,41.0,0.9766552448272705,0.3836595743167691,15.730042546987534,2.9295439790403606,15.730042546987534,3.518620337650031,0.2492548161126665,0.47601573914289474,3.0,3.0,0.6433628797531128,0.22792492310206094,0.6837747693061829,0.6441176802644605,0.6837747693061829,0.2596422328745718,0.29384705450059595,0.0684034796003483,0.004516311533534641,-0.0,0,0.0,-0.0,0.0
2022-02-10,44390.0,43628.0,45694.0,43341.0,27877618433.98099,826942197610.3904,0.0,0.0,time,0.0215,41.0,41.0,0.9953417181968689,0.38827472307333133,15.919263646006584,2.967485176225642,15.919263646006584,3.518735241729214,0.2530265862553931,0.3473508507013321,3.0,3.0,0.6556724309921265,0.23228583733240762,0.6968575119972229,0.6564416727372222,0.6968575119972229,0.2596421613563416,0.29946927445643406,0.06542129907703263,-0.017179898065924654,0.0,0,0.0,0.0,0.0
2022-02-11,43477.0,42445.0,43926.0,42158.0,23279080009.72499,803706779791.898,0.0,0.0,time,0.0374,41.0,41.0,1.0348882675170898,0.3946645805021612,16.181247800588608,3.0081471321074207,16.181247800588608,3.524576112585315,0.25484494535942975,0.660503551363945,3.0,3.0,0.6817233562469482,0.24151494105656943,0.7245448231697083,0.6825231624200242,0.7245448231697083,0.25964232542663024,0.31136766422733325,0.12076940236330914,-0.02749002587656531,0.0,0,0.0,0.0,0.0
2022-02-12,42437.0,42255.0,43039.0,41914.0,15479727288.782782,799547462142.6093,0.0,0.0,time,-0.0409,41.0,41.0,1.0813912153244019,0.40956613584989454,16.792211569845676,3.1330204987525825,16.792211569845676,3.520533081136282,0.26770461700366766,0.6894324496388435,3.0,3.0,0.712356686592102,0.25236745675404865,0.757102370262146,0.7131924326976452,0.757102370262146,0.25964246777375155,0.3253590049835542,0.13977654650735222,-0.004486430193485452,0.0,0,0.0,0.0,0.0
2022-02-13,42268.0,42248.0,42751.0,41992.0,12146423251.39967,802059713029.3901,0.0,0.0,time,-0.0529,41.0,41.0,1.1340527534484863,0.42406507926743203,17.386668249964714,3.2731389492152516,17.386668249964714,3.506264473205701,0.2854333347160492,0.8178989216685295,4.0,4.0,0.7470470666885376,0.19971026480197906,0.7988410592079163,0.7479393619924143,0.7988410592079163,0.29522473021022533,0.316178956347712,0.16023662870100824,-0.00016567459181362007,-0.0,0,0.0,-0.0,0.0
2022-02-14,42172.0,42635.0,42857.0,41715.0,18090873762.822777,808280617642.0496,0.0,0.0,lower,-0.062,41.0,41.0,1.2006834745407104,0.44566038777915445,18.27207589894533,3.454529196898989,18.27207589894533,3.5011431798874786,0.3040631971206892,0.9684574827551842,4.0,4.0,0.790939450263977,0.2114441841840744,0.8457767367362976,0.7918841724892217,0.8457767367362976,0.2952256515493582,0.3347558702016532,0.20160929846225564,0.009118496789380818,0.0,0,0.0,0.0,0.0
2022-02-15,42626.0,44574.0,44707.0,42527.0,19801081788.555756,848321283143.9929,0.0,0.0,lower,-0.0943,41.0,41.0,1.2742857933044434,0.45238280696112937,18.547695085406303,3.466935378666161,18.547695085406303,3.517502111366809,0.2975092765289452,1.1344011202454567,4.0,4.0,0.8394242525100708,0.22440573573112488,0.8976229429244995,0.8404268864549647,0.8976229429244995,0.2952248896414347,0.35527651715258224,0.22152938302556718,0.04447521720371131,0.0,0,0.0,0.0,0.0
2022-02-16,44527.0,44063.0,44527.0,43515.0,16847003857.433496,836256083783.791,0.0,0.0,lower,-0.0828,41.0,41.0,1.3093502521514893,0.4539983737759474,18.613933324813843,3.5090305286200856,18.613933324813843,3.5093907893089344,0.30693606992051736,0.4801710397005081,4.0,4.0,0.8625226020812988,0.23058068752288818,0.9223227500915527,0.863552826233428,0.9223227500915527,0.2952249103848571,0.3650526228715628,0.12139052254685402,-0.011530301371888846,-0.0,0,0.0,-0.0,0.0
2022-02-17,43954.0,40563.0,44194.0,40329.0,22270664615.4777,770096677778.6456,0.0,0.0,lower,-0.0903,41.0,41.0,1.33555006980896,0.45547494891940093,18.67447290569544,3.5390386810371783,18.67447290569544,3.5057444605299937,0.3130900358721349,0.4186231270432472,4.0,4.0,0.9459007978439331,0.2491685152053833,0.9966740608215332,0.9467662751448241,0.9966740608215332,0.23567682532278028,0.4025004918857192,0.09898123201497758,-0.08276410698110466,-0.0,0,0.0,-0.0,0.0
2022-02-18,40558.0,40073.0,40994.0,39791.0,20130002755.177864,759881874201.3011,0.0,0.0,lower,-0.0782,41.0,41.0,1.3119474649429321,0.46295873348305866,18.981308072805405,3.5740596839914844,18.981308072805405,3.5112587921646283,0.311813745198979,0.48395150154829025,4.0,4.0,0.8906965255737305,0.23574277758598328,0.9429711103439331,0.8916707160335672,0.9429711103439331,0.25164935795361854,0.3784105036517872,0.08314412608182511,-0.012153530219933288,-0.0,0,0.0,-0.0,0.0
2022-02-19,40056.0,40193.0,40442.0,39763.0,11735183838.17719,761447243939.9269,0.0,0.0,lower,-0.0812,41.0,41.0,1.3428480625152588,0.46862820990201903,19.21375660598278,3.611420882589632,19.21375660598278,3.5147771776077716,0.313837476482835,0.6109560281038284,4.0,4.0,0.911675214767456,0.24129527807235718,0.9651811122894287,0.9126723533775455,0.9651811122894287,0.2516496478181956,0.3873232434736013,0.09905137127160007,0.0029900602846683042,0.0,0,0.0,0.0,0.0
2022-02-20,40188.0,38514.0,40188.0,38195.0,15998424231.017673,730381814665.4404,0.0,1.0,time,0.0206,41.0,41.0,1.3961396217346191,0.48830282960723087,20.020416013896465,3.6943569728860934,20.020416013896465,3.5338478778044187,0.30731915775339663,1.2514141276478767,4.0,4.0,0.9478554725646973,0.2508711665868759,1.0034846663475037,0.9488921794011687,1.0034846663475037,0.25164926337775984,0.40269436277096665,0.15953108946639188,-0.04267103955176942,-0.0,0,0.0,-0.0,0.0
2022-02-21,38512.0,37060.0,39468.0,36957.0,25174914104.16337,703004241590.1829,0.0,1.0,time,0.0533,41.0,41.0,1.424987554550171,0.49173400133121303,20.161094054579735,3.736088423750197,20.161094054579735,3.5315002152054533,0.3140786471107162,0.49868177622556686,4.0,4.0,0.8409969806671143,0.22454717755317688,0.8981887102127075,0.8422317480847514,0.8981887102127075,0.2799516795312236,0.35625432548023345,0.18209653281983895,-0.038483590700482385,-0.0,0,0.0,-0.0,0.0
2022-02-22,37162.0,38337.0,38344.0,36546.0,22212181617.200245,727094284067.6588,0.0,0.0,time,-0.014,41.0,41.0,1.440992832183838,0.5060038390319522,20.74615740031004,3.827808408595396,20.74615740031004,3.5351224991985752,0.31832189273597644,0.602592833340168,5.0,5.0,0.6447594165802002,0.1750109910964966,0.8750549554824829,0.6687761108588816,0.8750549554824829,0.7716904575000159,0.24253546191542424,0.32634509417210156,0.033877266437462174,0.0,0,0.0,0.0,0.0
2022-02-23,38302.0,37372.0,39232.0,37256.0,18507851467.85067,708829287814.1068,0.0,1.0,upper,0.1455,41.0,41.0,1.471177577972412,0.5150610048596452,21.117501199245453,3.8975530416965434,21.117501199245453,3.5352524712734814,0.3243800212273558,0.4306565001606941,5.0,5.0,0.658265233039856,0.17867696285247803,0.8933848142623901,0.6827850136861522,0.8933848142623901,0.7716905202083015,0.2476158676835836,0.13058750943864844,-0.025493726363966726,-0.0,0,0.0,-0.0,0.0
2022-02-24,37318.0,38363.0,38905.0,34557.0,40839699480.89129,727657714638.0917,0.0,1.0,upper,0.1193,41.0,41.0,1.479552984237671,0.5227527576612263,21.43286306411028,3.884263831530443,21.43286306411028,3.55158656145087,0.30776207319530924,0.8975578621029854,4.0,4.0,0.6620125770568848,0.21628639101982117,0.8651455640792847,0.685309236375727,0.8651455640792847,0.6554018583065842,0.2657675383207881,0.08738267133520845,0.02617169249162984,0.0,0,0.0,0.0,0.0
2022-02-25,38361.0,39316.0,39610.0,38107.0,22579249141.515377,745763194704.1796,0.0,0.0,upper,0.0948,41.0,41.0,1.4644593000411987,0.5351397033508231,21.940727837383747,3.9781183654525507,21.940727837383747,3.5489397090826427,0.3156128820268161,0.5380521416664124,6.0,6.0,0.7092392444610596,0.16181236505508423,0.9708741903305054,0.7327347240281362,0.9708741903305054,0.8567123772196478,0.25159515326819193,0.10846550755542263,0.02453810728204375,0.0,0,0.0,0.0,0.0
2022-02-26,39256.0,39090.0,39877.0,38826.0,14568201294.74542,741083625917.93,0.0,0.0,upper,0.1006,41.0,41.0,1.4403245449066162,0.538926168731073,22.095972917973995,3.996167818541115,22.095972917973995,3.5511756386521105,0.3147302059826984,0.23633794486522675,5.0,5.0,0.6226599216461182,0.21346856355667115,1.0673428177833557,0.6907916944032982,1.0673428177833557,1.0567458625988482,0.22331548397808737,0.30236376851443586,-0.00576488089951952,0.0,0,0.0,0.0,0.0
2022-02-27,39179.0,37804.0,39851.0,37421.0,19424397945.619602,717619764688.0872,0.0,0.0,upper,0.134,41.0,41.0,1.430560827255249,0.535355331875929,21.94956860691309,3.9699270198070935,21.94956860691309,3.550974295771431,0.31271829279163094,0.2138557881116867,6.0,6.0,0.6184389591217041,0.18850447734196982,1.1310268640518188,0.6897644275072407,1.1310268640518188,1.2248267561989046,0.20919342627760246,0.11031542419705734,-0.03345176267205373,0.0,0,0.0,0.0,0.0
2022-02-28,37788.0,43225.0,44199.0,37588.0,30634280854.538326,819019441071.749,0.0,1.0,time,-0.0911,41.0,41.0,1.2392590045928955,0.5349911891105699,21.934638753533363,3.9073700446091384,21.934638753533363,3.566597604212681,0.29353614461634003,0.6265675947070122,6.0,6.0,0.7264536619186401,0.20581326882044473,1.2348796129226685,0.7871048679614572,1.2348796129226685,1.1644747878741828,0.24677231862362622,0.161543415121226,0.13400411443654453,-0.0,0,0.0,-0.0,0.0
2022-03-01,43286.0,44460.0,44755.0,42992.0,27880763034.093914,841254375272.0455,-1.0,1.0,lower,-0.1259,41.0,41.0,1.199835181236267,0.5315718045685349,21.794443987309933,3.841789902777985,21.794443987309933,3.575689763030994,0.27823650832606434,0.6051139160990715,5.0,5.0,0.6716822385787964,0.23276315927505492,1.1638157963752747,0.7344855884222546,1.1638157963752747,1.1577374963187939,0.23176524244220173,0.2859570566801416,0.028170876966696224,-0.001,1,0.001,-0.0,0.0
2022-03-02,44417.0,43981.0,44969.0,43471.0,25615956856.40275,834437956671.6672,-1.0,1.0,lower,-0.1151,41.0,41.0,1.1888607740402222,0.5241664426355828,21.49082414805889,3.7831736709787056,21.49082414805889,3.5772252947079477,0.27263994758528515,0.4356982484459877,6.0,6.0,0.7567622661590576,0.21464999516805014,1.2878999710083008,0.8131948006493901,1.2878999710083008,1.2212892639282782,0.2532581230185709,0.16207632784451342,-0.010832186059927232,0.010832186059927232,0,0.0,0.010832186059927232,1.0
2022-03-03,43975.0,42492.0,44090.0,41979.0,22366184128.900482,807454920681.7217,-1.0,1.0,lower,-0.1001,41.0,41.0,1.2018295526504517,0.5258842672153217,21.56125495582819,3.7979221548598643,21.56125495582819,3.5777713114965954,0.27432791183522903,0.46983664482831955,6.0,6.0,0.7708958387374878,0.21356597542762756,1.2813958525657654,0.82655562379497,1.2813958525657654,1.1655000740863395,0.26125710327343826,0.14926872337316505,-0.034441899558356276,0.034441899558356276,0,0.0,0.034441899558356276,1.0
2022-03-04,42488.0,39200.0,42488.0,38760.0,25121267305.979286,743810477766.2219,1.0,1.0,time,0.0687,41.0,41.0,1.2943894863128662,0.5572422977264334,22.84693420678377,4.071321118095787,22.84693420678377,3.5649275147827937,0.3062112109137506,1.2856792509555817,7.0,7.0,0.41573619842529297,0.14102567093712942,0.987179696559906,0.5217762807698558,0.987179696559906,1.4833795888790793,0.13785748755827046,0.6294287777109508,-0.08063907612135016,0.07963907612135016,1,0.001,0.08063907612135016,1.0
2022-03-05,39206.0,39463.0,39624.0,38828.0,14818212144.749968,748197160856.1006,0.0,1.0,time,0.0001,41.0,41.0,1.218874216079712,0.5611690320983166,23.00793031603098,4.075555747766026,23.00793031603098,3.570248826654229,0.30035818727207614,0.4108866751194,6.0,6.0,0.600566029548645,0.19023416439692178,1.1414049863815308,0.6787486424727278,1.1414049863815308,1.2744948762780222,0.20148014618310847,0.26365070695766646,0.00668677726399887,0.00568677726399887,1,0.001,0.00668677726399887,0.0
2022-03-06,39466.0,38443.0,39668.0,38254.0,16995562040.606796,729501899968.2964,0.0,1.0,time,0.0086,41.0,41.0,1.2283772230148315,0.5629516365688022,23.08101709932089,4.093480103448721,23.08101709932089,3.5693306470747728,0.3029562879036751,0.2122185081243515,6.0,6.0,0.6052484512329102,0.1640175978342692,0.9841055870056152,0.6553987379043682,0.9841055870056152,1.0965859400762468,0.2113988612594268,0.21701056735326132,-0.026186899299100952,-0.0,0,0.0,-0.0,0.0
2022-03-07,38470.0,38076.0,39455.0,37275.0,24596395439.058964,723198804467.6718,0.0,1.0,upper,0.0978,41.0,41.0,1.236221432685852,0.5755146392961827,23.596100211143494,4.169819027582921,23.596100211143494,3.572214513187015,0.3047385773276847,0.5150831118226051,6.0,6.0,0.5439412593841553,0.18270903825759888,1.0962542295455933,0.6266733288257155,1.0962542295455933,1.3509389403984506,0.17908280444876276,0.2466238639573424,-0.009592462372255991,-0.0,0,0.0,-0.0,0.0
2022-03-08,38032.0,38733.0,39335.0,37991.0,22556397749.428085,735453953725.9198,0.0,0.0,time,-0.023,41.0,41.0,1.2419018745422363,0.5754832857992591,23.594814717769623,4.16983412809959,23.594814717769623,3.5744749728714895,0.3048028212794854,0.6136241555213928,6.0,6.0,0.5464404821395874,0.15492807825406393,0.9295684695243835,0.5859415525072909,0.9295684695243835,1.2421352154426404,0.18225954312722564,0.16476180776465427,0.017107787471632517,0.0,0,0.0,0.0,0.0
2022-03-09,38736.0,41986.0,42501.0,38736.0,29211702119.448605,796849504897.2562,1.0,0.0,lower,-0.1036,41.0,41.0,1.2450218200683594,0.5931524414478279,24.319250099360943,4.312531199949387,24.319250099360943,3.5689948780861886,0.3190268273726049,0.72443538159132,8.0,8.0,0.5478134155273438,0.12893830239772797,1.0315064191818237,0.5949099295102783,1.0315064191818237,1.4606285890321313,0.1661765392693343,0.09900707477826048,0.08064427952143943,-0.001,1,0.001,0.0,1.0
2022-03-10,41913.0,39468.0,42004.0,38909.0,27653455219.04128,749384110700.1091,0.0,0.0,time,-0.0035,41.0,41.0,1.250028133392334,0.5894539323521824,24.167611226439476,4.274226087981425,24.167611226439476,3.571762571741468,0.31325650590629717,0.2787499353289604,7.0,7.0,0.5500161647796631,0.15101328917912074,1.0570930242538452,0.6141974507508583,1.0570930242538452,1.362214157921534,0.17631279588438262,0.1780109828754549,-0.06184601238721048,-0.06284601238721048,1,0.001,-0.06184601238721048,0.0
2022-03-11,39437.0,38775.0,40183.0,38347.0,23624165274.522385,738267961692.6816,1.0,1.0,time,0.0598,41.0,41.0,1.2486085891723633,0.586051555486714,24.028113774955273,4.208206979671905,24.028113774955273,3.5826131633906826,0.29743999315029135,0.6088735982775688,7.0,7.0,0.5493916273117065,0.15084180661610194,1.0558926463127136,0.613500004824286,1.0558926463127136,1.3622144197889636,0.1761125863746308,0.01514496641109271,-0.017714507932317755,-0.001,1,0.001,-0.0,1.0
2022-03-12,38751.0,38904.0,39345.0,38751.0,12440826653.84724,738456528057.6692,-1.0,0.0,time,0.0525,41.0,41.0,1.198569655418396,0.5941884955618439,24.361728318035603,4.217097275046339,24.361728318035603,3.5961168231656258,0.28406675308864426,0.745865061879158,7.0,7.0,0.5478070974349976,0.16539624759129115,1.157773733139038,0.6676233871589687,1.157773733139038,1.3086773413506045,0.19057415356932644,0.29776160816188274,0.003321364038882238,0.002321364038882238,1,0.001,0.003321364038882238,1.0
2022-03-13,38814.0,37853.0,39238.0,37768.0,14461647575.513742,718551088031.3688,-1.0,0.0,upper,0.1001,41.0,41.0,1.232772707939148,0.6151945256605381,25.22297555208206,4.36057899780323,25.22297555208206,3.596987351701401,0.2920746945715716,0.8612472340464592,7.0,7.0,0.5634396076202393,0.17096225704465592,1.1967357993125916,0.6652374092665123,1.1967357993125916,1.390826604925087,0.1843692557849988,0.692330011206956,-0.027386836121172885,0.027386836121172885,0,0.0,0.027386836121172885,1.0
2022-03-14,37867.0,39669.0,39715.0,37709.0,21250969229.221596,751354026218.9767,-1.0,0.0,time,0.0619,41.0,41.0,1.2604037523269653,0.6243042771409197,25.59647536277771,4.387490370022641,25.59647536277771,3.60667008414691,0.2824147917396399,0.8852487206459045,6.0,6.0,0.5760682821273804,0.2103175421555837,1.2619052529335022,0.6943588295462452,1.2619052529335022,1.3537883159455881,0.19005848790071492,0.23644367427482693,0.046859789262483666,-0.046859789262483666,0,0.0,-0.046859789262483666,1.0
2022-03-15,39699.0,39332.0,39781.0,38321.0,20768829817.938637,747642430663.595,-1.0,0.0,time,0.0484,41.0,41.0,1.282641887664795,0.6270450762495762,25.708848126232624,4.432107496423904,25.708848126232624,3.6009295686398395,0.293131545691319,0.6346668675541878,6.0,6.0,0.5862323045730591,0.21402833859125772,1.2841700315475464,0.7066099346026943,1.2841700315475464,1.3537884601486887,0.19341183235022083,0.17422521941798197,-0.008531589324885729,0.008531589324885729,0,0.0,0.008531589324885729,1.0
2022-03-16,39309.0,41166.0,41551.0,39029.0,34974203468.766266,779761001844.4108,-1.0,1.0,time,-0.0025,41.0,41.0,1.3031634092330933,0.6399488676248527,26.23790357261896,4.493656425512814,26.23790357261896,3.612131652936521,0.2880562017657877,0.7442993819713593,6.0,6.0,0.5052552223205566,0.20239325364430746,1.2143595218658447,0.6449278544262779,1.2143595218658447,1.3928578715242164,0.16840118897566625,0.18369752742415477,0.045574236018899025,-0.045574236018899025,0,0.0,-0.045574236018899025,1.0
2022-03-17,41129.0,41002.0,41374.0,40681.0,18861644942.593346,778474325709.8895,-1.0,0.0,time,0.0336,41.0,41.0,1.3288930654525757,0.6488307198373283,26.60205951333046,4.546925336889982,26.60205951333046,3.614316705703085,0.2885749932569173,0.5529301688075066,6.0,6.0,0.5152311325073242,0.20638935764630637,1.2383361458778381,0.6576614587295367,1.2383361458778381,1.3928580913766548,0.17172613497481604,0.19908884905462101,-0.0039918269344253535,0.0039918269344253535,0,0.0,0.0039918269344253535,1.0
2022-03-18,40943.0,41837.0,42337.0,40311.0,30316128166.48974,794378970588.3145,-1.0,0.0,time,0.0228,41.0,41.0,1.3468106985092163,0.6679624150075564,27.38645901530981,4.6519013309718105,27.38645901530981,3.6214016977847816,0.285719489365113,0.784399501979351,6.0,6.0,0.4925861358642578,0.20424013336499533,1.225440800189972,0.6436084021555195,1.225440800189972,1.4049066589199861,0.1653015340035065,0.1279365122756158,0.020160269462751415,-0.020160269462751415,0,0.0,-0.020160269462751415,1.0
2022-03-19,41828.0,42202.0,42323.0,41612.0,16580741571.959858,800887993391.0255,-1.0,0.0,time,0.0403,41.0,41.0,1.3560597896575928,0.6693408640056122,27.4429754242301,4.669468824894834,27.4429754242301,3.6195716089583256,0.2894584609537305,0.24778538942337036,6.0,6.0,0.49596893787384033,0.20564274986584982,1.2338564991950989,0.6480283462851688,1.2338564991950989,1.404906740366664,0.16643672178676988,0.07734565134276511,0.008686497818730085,-0.008686497818730085,0,0.0,-0.008686497818730085,1.0
2022-03-20,42223.0,41283.0,42271.0,41021.0,16856192301.960054,784054464871.6631,-1.0,0.0,time,0.0713,41.0,41.0,1.3617476224899292,0.6799645572900772,27.878546848893166,4.726802028269104,27.878546848893166,3.6225192550270595,0.28738661172079,0.5299827978014946,6.0,6.0,0.34111762046813965,0.16082688172658285,0.9649612903594971,0.48127977346966044,0.9649612903594971,1.4961490828223463,0.11287050473561142,0.5602147728469079,-0.02201682033261068,0.02201682033261068,0,0.0,0.02201682033261068,1.0
2022-03-21,41249.0,41062.0,41481.0,40615.0,21335882483.315796,779205413378.8728,-1.0,0.0,upper,0.0766,41.0,41.0,1.3791050910949707,0.6834562022874995,28.02170429378748,4.758961134708239,28.02170429378748,3.620960875412389,0.29201167214427076,0.3609192594885826,8.0,8.0,0.3454657793045044,0.1343366950750351,1.0746935606002808,0.4881220158961124,1.0746935606002808,1.749522587888655,0.10833531352531185,0.24255470786544747,-0.005367673340681736,0.005367673340681736,0,0.0,0.005367673340681736,1.0
2022-03-22,41009.0,42402.0,43080.0,40937.0,28688623151.357098,803937099701.4115,-1.0,0.0,upper,0.0969,41.0,41.0,1.3723126649856567,0.6979166298377805,28.614581823349,4.814198773035792,28.614581823349,3.63306557920039,0.27963030105228187,0.8225895389914513,8.0,8.0,0.3735623359680176,0.19711877405643463,1.576950192451477,0.6609253743513046,1.576950192451477,1.8289662633618504,0.12548698228168845,0.5491627255508655,0.03211241132619967,-0.03211241132619967,0,0.0,-0.03211241132619967,1.0
2022-03-23,42370.0,42802.0,42802.0,41868.0,21851891598.642384,810894331277.664,0.0,1.0,upper,0.0875,41.0,41.0,1.3704451322555542,0.6832794387166093,28.01445698738098,4.744954520185729,28.01445698738098,3.6258762989894007,0.2868198615576831,0.8294066190719604,8.0,8.0,0.3730539083480835,0.18602312356233597,1.4881849884986877,0.6310743557670226,1.4881849884986877,1.8209638144084532,0.12319599349596244,0.3249056285836649,0.009389299531177066,-0.010389299531177065,1,0.001,-0.009389299531177066,0.0
2022-03-24,42845.0,43936.0,44133.0,42726.0,26212783703.864426,834251096724.507,0.0,1.0,upper,0.0673,41.0,41.0,1.3372066020965576,0.6967784575209385,28.56791675835848,4.848531123079438,28.56791675835848,3.623372182905805,0.2964318322491602,0.6199368312954903,8.0,8.0,0.37690138816833496,0.18002495169639587,1.440199613571167,0.6232598171041405,1.440199613571167,1.7980195339209621,0.12707327303094135,0.26009784138022524,0.026149199117611228,0.0,0,0.0,0.0,0.0
2022-03-25,43939.0,44332.0,44999.0,43721.0,26147756108.07925,842031938721.7855,1.0,1.0,upper,0.0682,41.0,41.0,1.3476536273956299,0.6763335595407137,27.729675941169262,4.721030317208159,27.729675941169262,3.6192162192600805,0.2935741407913715,0.9104205816984177,8.0,8.0,0.3798459768295288,0.18143142014741898,1.4514513611793518,0.6281291658190425,1.4514513611793518,1.7980193442877268,0.12806608021781765,0.12287806014287872,0.008972734327846114,-0.001,1,0.001,0.0,1.0
2022-03-26,44298.0,44511.0,44737.0,44157.0,13676534294.229202,845235093872.7649,0.0,1.0,upper,0.0641,41.0,41.0,1.2995966672897339,0.6638308872536915,27.217066377401352,4.544854412112158,27.217066377401352,3.6427388932583837,0.2512491866528464,1.394125021994114,7.0,7.0,0.3713127374649048,0.18708361046654837,1.3095852732658386,0.6042191794594386,1.3095852732658386,1.6539914696665914,0.13097375728979496,0.36234596109717354,0.004029585723359656,0.0030295857233596556,1,0.001,0.004029585723359656,0.0
2022-03-27,44483.0,46715.0,46715.0,44413.0,22545392529.67392,887283025181.1342,0.0,0.0,time,-0.0096,41.0,41.0,1.2281932830810547,0.6407668674137534,26.27144156396389,4.398447385403793,26.27144156396389,3.6393332112413153,0.2475474868847338,1.2113352864980698,7.0,7.0,0.5701977014541626,0.20813126223427908,1.4569188356399536,0.7266719073793035,1.4569188356399536,1.567886146024337,0.17921324279019252,0.7053882136019131,0.04832896260815268,0.0,0,0.0,0.0,0.0
2022-03-28,46723.0,46995.0,48079.0,46660.0,30051327357.066643,892747620147.7012,0.0,0.0,time,-0.0248,41.0,41.0,1.2332731485366821,0.6050112240198182,24.805460184812546,4.168933229518434,24.805460184812546,3.63682896982717,0.24054929231659963,1.5070792585611343,6.0,6.0,0.4344019889831543,0.2117312252521515,1.270387351512909,0.6095943735052375,1.270387351512909,1.5929349019972536,0.13078266305119798,0.58368797582814,0.005975900827345874,0.0,0,0.0,0.0,0.0
2022-03-29,47061.0,47459.0,47967.0,47061.0,26128040680.825665,901430001888.9999,0.0,0.0,time,-0.0218,41.0,41.0,1.1776530742645264,0.5810240190930482,23.82198478281498,4.007285027493698,23.82198478281498,3.635912185207275,0.23254624246617273,1.0140461474657059,6.0,6.0,0.41481077671051025,0.2021822432676951,1.2130934596061707,0.5821019944105715,1.2130934596061707,1.5929348066793227,0.12488446323183441,0.5102925711888967,0.00982496733831658,0.0,0,0.0,0.0,0.0
2022-03-30,47451.0,47063.0,47651.0,46751.0,24497248306.346912,895356010540.8462,1.0,0.0,time,-0.0094,41.0,41.0,1.1387627124786377,0.5517217229779173,22.620590642094612,3.8027739454471225,22.620590642094612,3.6375276108720414,0.2198013757661776,1.2013941407203674,6.0,6.0,0.2852599620819092,0.14992568890253702,0.8995541334152222,0.41500837941151064,0.8995541334152222,1.647992098129437,0.07891523070608367,0.5217199675632198,-0.008379050736918347,-0.001,1,0.001,-0.0,1.0
2022-03-31,47031.0,45528.0,47468.0,45363.0,27736469645.537262,865010142444.9791,1.0,1.0,time,0.0023,41.0,41.0,1.1267260313034058,0.5612020510725859,23.00928409397602,3.8725438433915276,23.00928409397602,3.6355217631676373,0.22543932133365072,0.5445168018341064,5.0,5.0,0.23818624019622803,0.13379815816879273,0.6689907908439636,0.3381612882453155,0.6689907908439636,1.4645033873699789,0.07048875260766778,0.235636849806069,-0.033159608372840155,-0.033159608372840155,0,0.0,-0.033159608372840155,1.0
2022-04-01,45528.0,46270.0,46658.0,44347.0,32948605532.135277,879144224206.3806,1.0,0.0,lower,-0.0687,41.0,41.0,1.1006509065628052,0.540535107254982,22.161939397454262,3.7287216963393215,22.161939397454262,3.636714177340915,0.2166293451041424,0.847344696521759,4.0,4.0,0.1800020933151245,0.10520869493484497,0.4208347797393799,0.2344873152830829,0.4208347797393799,1.263116474172222,0.05174172172699421,0.3282717311544496,0.016166281618085507,0.016166281618085507,0,0.0,0.016166281618085507,1.0
2022-04-02,46229.0,45842.0,47026.0,45804.0,24803837259.76474,871050305858.7916,1.0,0.0,lower,-0.0594,41.0,41.0,1.0771442651748657,0.52038405036054,21.335746064782143,3.6068526389016133,21.335746064782143,3.6318332454288016,0.21564446824640407,0.8261933326721191,4.0,4.0,0.17615771293640137,0.10296173393726349,0.41184693574905396,0.22947930340033554,0.41184693574905396,1.263116628966709,0.05063663710109487,0.14410326752609426,-0.009293101446733646,-0.009293101446733646,0,0.0,-0.009293101446733646,1.0
2022-04-03,45847.0,46435.0,47322.0,45667.0,21510196790.30345,882346640419.069,1.0,0.0,lower,-0.0722,41.0,41.0,0.9918233156204224,0.4860355512398045,19.927457600831985,3.35798305179638,19.927457600831985,3.6342664618384526,0.19696460845416022,1.4082884639501572,4.0,4.0,0.17154419422149658,0.10026511549949646,0.40106046199798584,0.2234692011930502,0.40106046199798584,1.2631162101320907,0.049310522044870124,0.17294425373990485,0.01285278375579706,0.01285278375579706,0,0.0,0.01285278375579706,1.0
2022-04-04,46361.0,46623.0,46819.0,45277.0,28019309650.72574,885584977681.2438,1.0,0.0,lower,-0.0763,41.0,41.0,0.9659878015518188,0.4835454040184254,19.82536156475544,3.355453273803523,19.82536156475544,3.6290447635782592,0.2019782773298057,0.6071408540010452,3.0,3.0,0.11450302600860596,0.0745126207669576,0.2235378623008728,0.13948637270416064,0.2235378623008728,1.0142924313243122,0.030550811279368047,0.24548615887526326,0.004040496373612807,0.004040496373612807,0,0.0,0.004040496373612807,1.0
2022-04-05,46610.0,45635.0,47077.0,45635.0,25474063861.60569,867247321783.443,1.0,0.0,lower,-0.0549,41.0,41.0,0.9516201019287109,0.47746723236107247,19.57615652680397,3.3108832685895457,19.57615652680397,3.6297327818909424,0.19846820357894282,0.2989167422056198,3.0,3.0,0.11279988288879395,0.07340431213378906,0.2202129364013672,0.1374116191503128,0.2202129364013672,1.014292630007799,0.030096367211600025,0.06906238915880573,-0.021419015632743926,-0.021419015632743926,0,0.0,-0.021419015632743926,1.0
2022-04-06,45561.0,43199.0,45561.0,43199.0,34113818641.77575,820983263462.4961,1.0,0.0,lower,-0.0869,41.0,41.0,0.9573873281478882,0.48433396474617285,19.857692554593086,3.366789205372096,19.857692554593086,3.6269617485449364,0.20467193188323526,0.2815360277891159,3.0,3.0,0.11348366737365723,0.07384924093882243,0.22154772281646729,0.13824454782919937,0.22154772281646729,1.01429238402962,0.03027883662879103,0.02772182004162045,-0.054857619134846665,-0.054857619134846665,0,0.0,-0.054857619134846665,1.0
2022-04-07,43237.0,43515.0,43869.0,42867.0,22960138784.304127,827032889944.6309,1.0,0.0,lower,-0.0942,41.0,41.0,0.9596278071403503,0.4809698949499828,19.719765692949295,3.3421560077045704,19.719765692949295,3.627036022003286,0.20274898249780207,0.30509985983371735,3.0,3.0,0.11374914646148682,0.07402201493581136,0.22206604480743408,0.13856796880430505,0.22206604480743408,1.014292456934693,0.03034966168443189,0.010769414119013691,0.007288359407483065,0.007288359407483065,0,0.0,0.007288359407483065,1.0
2022-04-08,43488.0,42316.0,43916.0,42212.0,24202906401.166885,804272478980.6077,1.0,0.0,lower,-0.0662,41.0,41.0,0.960878312587738,0.487982179333524,20.007269352674484,3.393274732824068,20.007269352674484,3.625538024107317,0.20666471675399273,0.2875036597251892,3.0,3.0,0.11389732360839844,0.07411847511927287,0.2223554253578186,0.1387485166548847,0.2223554253578186,1.0142926569290744,0.03038917467296536,0.006011128482578699,-0.027940441116948905,-0.027940441116948905,0,0.0,-0.027940441116948905,1.0
2022-04-09,42307.0,42796.0,42807.0,42259.0,13949535311.5313,812734148492.5116,1.0,0.0,lower,-0.0775,41.0,41.0,0.9631096720695496,0.4907438148085664,20.120496407151222,3.4128891470338893,20.120496407151222,3.625688303764962,0.2079987785643232,0.2800510376691818,4.0,4.0,0.1249701976776123,0.08696049451828003,0.3478419780731201,0.18697117743713013,0.3478419780731201,1.3028833626469203,0.03431366624528614,0.0990928757667335,0.01127937515183209,0.01127937515183209,0,0.0,0.01127937515183209,1.0
2022-04-10,42807.0,42275.0,43420.0,42041.0,14936318818.778025,803574629064.9272,0.0,0.0,lower,-0.0653,41.0,41.0,1.0546655654907227,0.5012663519237099,20.55192042887211,3.515105695555794,20.55192042887211,3.617524340538111,0.22382385673111907,0.43142402172088623,6.0,6.0,0.550931453704834,0.14334152142206827,0.8600491285324097,0.5736800795686513,0.8600491285324097,1.1587985139512835,0.18521522755627418,0.4589876611926302,-0.012248745491716142,-0.013248745491716143,1,0.001,-0.012248745491716142,0.0
2022-04-11,42249.0,39604.0,42418.0,39444.0,30168665078.21043,752680814425.1921,1.0,1.0,time,0.0211,41.0,41.0,1.0617998838424683,0.5266690330534447,21.59343035519123,3.6905166800444995,21.59343035519123,3.6157268718990982,0.2341212048101085,1.0415099263191223,6.0,6.0,0.5546582937240601,0.1443111797173818,0.8658670783042908,0.577560809281358,0.8658670783042908,1.158798630634056,0.18646813350150138,0.06862450484531848,-0.06526577152437575,-0.001,1,0.001,-0.0,1.0
2022-04-12,39553.0,40206.0,40660.0,39445.0,27804694935.48352,764314681923.3135,0.0,0.0,time,-0.0117,41.0,41.0,1.086875081062317,0.5358026921749115,21.96791037917137,3.7474266104355882,21.96791037917137,3.617806500743857,0.2354414990247336,0.5034485012292862,6.0,6.0,0.5677570104598999,0.14771919449170431,0.8863151669502258,0.5912003885120234,0.8863151669502258,1.1587982672587218,0.19087174439445787,0.2139542573924382,0.015086114958820547,0.014086114958820548,1,0.001,0.015086114958820547,0.0
2022-04-13,40101.0,41205.0,41444.0,39731.0,25453869985.971855,783560801481.9719,0.0,0.0,time,-0.009,41.0,41.0,1.1032321453094482,0.5306204161266002,21.755437061190605,3.717221873995548,21.755437061190605,3.6177471466409346,0.23549943783713942,0.5159875303506851,6.0,6.0,0.7048401832580566,0.17136542002360025,1.0281925201416016,0.7244263245502138,1.0281925201416016,1.0651371286107243,0.2410383291173633,0.22032849544638464,0.0245433699962583,0.0,0,0.0,0.0,0.0
2022-04-14,41232.0,39959.0,41523.0,39708.0,22744792147.00975,759703443634.6515,0.0,1.0,time,0.0378,41.0,41.0,1.1268569231033325,0.5478884479621562,22.463426366448402,3.8509735334313135,22.463426366448402,3.6139582690124903,0.24804333548221574,0.7079893052577972,9.0,9.0,0.8281811475753784,0.14874018563164604,1.3386616706848145,0.853559079100192,1.3386616706848145,1.3898917794095673,0.242544455517091,0.37075501116999365,-0.030705679773150273,-0.0,0,0.0,-0.0,0.0
2022-04-15,39994.0,40587.0,40709.0,39877.0,22053774554.17729,771666602547.5923,0.0,1.0,time,0.0198,41.0,41.0,1.1623257398605347,0.5537128633842235,22.702227398753166,3.8687826510755885,22.702227398753166,3.6199102310290305,0.241790267062889,0.6748386919498444,10.0,10.0,0.8744223117828369,0.13870535492897035,1.3870535492897034,0.8946864154994961,1.3870535492897034,1.4211658468579702,0.2465911651336318,0.2969820460846344,0.015593889847136319,0.0,0,0.0,0.0,0.0
2022-04-16,40592.0,40450.0,40676.0,40086.0,15777789210.238447,770439827829.2395,-1.0,0.0,time,0.002,41.0,41.0,1.169967770576477,0.5550816182683154,22.75834634900093,3.863998168644299,22.75834634900093,3.6237359214768867,0.23673295270596414,0.3350878804922104,7.0,7.0,0.8808490037918091,0.16742680753980363,1.1719876527786255,0.8913305335082707,1.1719876527786255,0.9614266614423236,0.2923422575346881,0.23508634461659106,-0.0033811747848321604,-0.001,1,0.001,-0.0,1.0
2022-04-17,40443.0,39739.0,40593.0,39659.0,16627779441.567648,755627152747.4514,-1.0,0.0,time,0.0005,41.0,41.0,1.1753685474395752,0.5416533042018007,22.207785472273827,3.776808363437201,22.207785472273827,3.623897618131915,0.23349732510440116,0.6286397725343704,7.0,7.0,0.8849151134490967,0.17896369525364467,1.2527458667755127,0.9006983004559456,1.2527458667755127,1.0860697519694813,0.2895961224366379,0.13721569277729262,-0.017733570260598193,0.017733570260598193,0,0.0,0.017733570260598193,1.0
2022-04-18,39717.0,40834.0,40950.0,38780.0,30617039399.980103,776463403746.4385,-1.0,1.0,time,-0.0316,41.0,41.0,1.2029160261154175,0.5409890453263027,22.18055085837841,3.8006250081329283,22.18055085837841,3.6149200658453893,0.24421678787901938,0.512910008430481,6.0,6.0,0.9859368801116943,0.22259034713109335,1.33554208278656,1.0017657092066508,1.33554208278656,0.9476734323764773,0.3430878799779682,0.2575679811266174,0.027181994470105407,-0.027181994470105407,0,0.0,-0.027181994470105407,1.0
2022-04-19,40833.0,41498.0,41653.0,40646.0,22717772925.289574,789141783336.2104,-1.0,1.0,time,-0.0457,41.0,41.0,1.2037155628204346,0.5347983066628619,21.926730573177338,3.7731784940877,21.926730573177338,3.61069003806343,0.24745029395218218,0.274582639336586,5.0,5.0,1.0498958826065063,0.2594054102897644,1.297027051448822,1.0598290431098691,1.297027051448822,0.707826829737228,0.3966816774647339,0.13959381881811994,0.016130165590251436,-0.016130165590251436,0,0.0,-0.016130165590251436,1.0
2022-04-20,41468.0,41397.0,42142.0,40959.0,24937668255.073463,787437397453.9304,-1.0,1.0,time,-0.0316,41.0,41.0,1.2113595008850098,0.5232388384458495,21.45279237627983,3.6981762777338996,21.45279237627983,3.6087506102259446,0.24452909532151612,0.5400535464286804,5.0,5.0,1.070540428161621,0.269337797164917,1.346688985824585,1.080976348036474,1.346688985824585,0.7729654262564407,0.40144629033185053,0.07375108482636508,-0.0024368188667323347,0.0024368188667323347,0,0.0,0.0024368188667323347,1.0
2022-04-21,41384.0,40529.0,42859.0,39975.0,32131220615.550182,770787243369.5001,-1.0,1.0,lower,-0.0597,41.0,41.0,1.2130688428878784,0.5179386694983739,21.235485449433327,3.6690800570168545,21.235485449433327,3.607369829641114,0.2451216415283281,0.31823740899562836,3.0,3.0,1.072050929069519,0.384629229704539,1.153887689113617,1.0736325102045552,1.153887689113617,0.30470181576059074,0.48609595552689433,0.14590654516473087,-0.021190647183363318,0.021190647183363318,0,0.0,0.021190647183363318,1.0
2022-04-22,40432.0,39757.0,40776.0,39265.0,46022063018.95215,756144456297.8489,-1.0,1.0,time,-0.0297,41.0,41.0,1.0011147260665894,0.5001750748331953,20.50717806816101,3.494473040092064,20.50717806816101,3.62064441288606,0.21831742961770675,0.728307381272316,4.0,4.0,1.0646913051605225,0.31829677522182465,1.2731871008872986,1.073824884290993,1.2731871008872986,0.5991689736350391,0.432391181008619,0.1234139437678971,-0.01923184102878764,0.01923184102878764,0,0.0,0.01923184102878764,1.0
2022-04-23,39757.0,39562.0,39966.0,39347.0,15010797471.968071,752414150959.3553,-1.0,1.0,time,-0.0059,41.0,41.0,1.0037256479263306,0.4974583296514139,20.39579151570797,3.4771418662766593,20.39579151570797,3.62028901495563,0.21777473138887507,0.18661563098430634,5.0,5.0,1.0674680471420288,0.2603131651878357,1.3015658259391785,1.0769170217398587,1.3015658259391785,0.6827485458156916,0.405200086836738,0.0362280738063256,-0.004916864631491924,0.004916864631491924,0,0.0,0.004916864631491924,1.0
2022-04-24,39499.0,39643.0,39872.0,39299.0,16778683767.597218,752446283899.8965,-1.0,1.0,time,-0.0347,41.0,41.0,1.0049489736557007,0.47917027426202125,19.64598124474287,3.3878914605799513,19.64598124474287,3.6043915159109443,0.22437111719478037,0.6843015885328338,5.0,5.0,1.068769097328186,0.2606304407119751,1.3031522035598755,1.0782295826787371,1.3031522035598755,0.68274862408679,0.40569394864478114,0.010118300997414256,0.00204532613440231,-0.00204532613440231,0,0.0,-0.00204532613440231,1.0
2022-04-25,39469.0,40111.0,40332.0,37715.0,32883645913.964718,770112436973.4149,-1.0,1.0,lower,-0.0494,41.0,41.0,1.017904281616211,0.482217215728469,19.77090584486723,3.4251507998328297,19.77090584486723,3.59864017130591,0.23152657923875,0.44053196907043457,3.0,3.0,1.0825470685958862,0.3814971049626668,1.1444913148880005,1.0834613634084207,1.1444913148880005,0.24712201550942725,0.49573796933263903,0.19631647366309946,0.011736223181435839,-0.011736223181435839,0,0.0,-0.011736223181435839,1.0
2022-04-26,40458.0,38179.0,40607.0,37472.0,31053018153.386673,725434540422.046,-1.0,1.0,time,-0.0008,41.0,41.0,1.0190657377243042,0.4841307637895026,19.849361315369606,3.441435753194199,19.849361315369606,3.5976881720214537,0.2334154460696494,0.07845547050237656,3.0,3.0,1.083782434463501,0.38193241755167645,1.1457972526550293,1.0846977690262185,1.1457972526550293,0.24712167963172815,0.49630371595084505,0.006921703474739079,-0.04936498467854532,0.04936498467854532,0,0.0,0.04936498467854532,1.0
2022-04-27,38134.0,38595.0,39390.0,36902.0,28170490245.865635,746473028158.29,-1.0,1.0,time,-0.0146,41.0,41.0,1.017722249031067,0.47936491177576346,19.6539613828063,3.4130223892319544,19.6539613828063,3.596147927269475,0.23307605610382223,0.1953999325633049,4.0,4.0,1.0823534727096558,0.3056352883577347,1.2225411534309387,1.086090455388427,1.2225411534309387,0.4691644900583317,0.44887101692128056,0.06334079845421586,0.010837108170640302,-0.010837108170640302,0,0.0,-0.010837108170640302,1.0
2022-04-28,39224.0,39328.0,40184.0,37265.0,31484572271.03238,756090806420.8264,-1.0,1.0,lower,-0.0546,41.0,41.0,1.00741446018219,0.45555242968768606,18.67764961719513,3.2495917705056825,18.67764961719513,3.5969158911106405,0.22367212562085076,0.9763117656111717,2.0,2.0,1.071391224861145,0.5537734031677246,1.1075468063354492,1.0720011113712569,1.1075468063354492,0.14381865351864448,0.5176178216934204,0.12254634485191473,0.01881399898180703,-0.01881399898180703,0,0.0,-0.01881399898180703,1.0
2022-04-29,39742.0,38292.0,39847.0,37743.0,27758348826.409065,735829877665.6912,-1.0,0.0,time,0.0293,41.0,41.0,0.9974042177200317,0.45372017055023006,18.602526992559433,3.2441487906660296,18.602526992559433,3.5921854844582395,0.22546210845189502,0.41776034235954285,3.0,3.0,1.060745120048523,0.38823076089223224,1.1646922826766968,1.0635347318583623,1.1646922826766968,0.358262344891904,0.4757228726755925,0.09601490652705391,-0.0266957362995176,0.0266957362995176,0,0.0,0.0266957362995176,1.0
2022-04-30,38651.0,38279.0,38756.0,37628.0,20955789685.355682,719611115951.2947,-1.0,1.0,lower,-0.0632,41.0,41.0,0.9928277134895325,0.45388935433655253,18.609463527798653,3.247881625133237,18.609463527798653,3.590972994660799,0.2264302867839732,0.1720506101846695,3.0,3.0,1.0558780431747437,0.3864494164784749,1.1593482494354248,1.058654855366815,1.1593482494354248,0.3582623106169036,0.47354008922232776,0.02621537765221908,-0.00033955414255800907,0.00033955414255800907,0,0.0,0.00033955414255800907,1.0
2022-05-01,37821.0,38148.0,38582.0,37070.0,24857664487.014507,733294957352.5364,-1.0,1.0,lower,-0.0598,41.0,41.0,0.9859945178031921,0.452101741258691,18.53617139160633,3.2461090310001577,18.53617139160633,3.585075865361215,0.22936755457317565,0.4509979486465454,3.0,3.0,1.0486109256744385,0.38378967841466266,1.151369035243988,1.051368628199529,1.151369035243988,0.358262412132749,0.47028092334591837,0.039142252076791596,-0.0034281112248827892,0.0034281112248827892,0,0.0,0.0034281112248827892,1.0
2022-05-02,38538.0,38034.0,39037.0,37693.0,29825308569.42226,733787526677.6703,-1.0,1.0,lower,-0.0568,41.0,41.0,0.9878905415534973,0.4386120505812692,17.983094073832035,3.1620597936866126,17.983094073832035,3.5832703987294234,0.22691033854753767,0.5826041325926781,3.0,3.0,1.0506272315979004,0.38452764352162677,1.1535829305648804,1.0533902361137495,1.1535829305648804,0.35826243174090416,0.47118519488728106,0.010860804433651032,-0.0029928351865816287,0.0029928351865816287,0,0.0,0.0029928351865816287,1.0
2022-05-03,38562.0,37240.0,38600.0,36933.0,23070122642.32804,718542028695.8999,-1.0,0.0,upper,0.0571,41.0,41.0,0.9664782285690308,0.43904671999739436,18.00091551989317,3.162418856791929,18.00091551989317,3.583528216388782,0.22619062270754384,0.6327271312475204,3.0,3.0,1.0278551578521729,0.3761931260426839,1.1285793781280518,1.0305582771870943,1.1285793781280518,0.3582625921491685,0.4609723630304143,0.11978921430507984,-0.02109704412121798,0.02109704412121798,0,0.0,0.02109704412121798,1.0
2022-05-04,37758.0,39429.0,39875.0,37024.0,31748901527.20592,755764276888.7715,-1.0,1.0,lower,-0.0928,41.0,41.0,0.9919556379318237,0.44157303379076285,18.104494385421276,3.195002099596723,18.104494385421276,3.5795943728210102,0.23235705836267417,0.23232418298721313,3.0,3.0,1.0092504024505615,0.37001244227091473,1.1100373268127441,1.0120066454264902,1.1100373268127441,0.3628382835837128,0.4521908992455571,0.021952697197573572,0.057118133759114564,-0.057118133759114564,0,0.0,-0.057118133759114564,1.0
2022-05-05,39699.0,35933.0,39798.0,35654.0,37402043365.58407,696020943881.887,-1.0,1.0,lower,-0.1415,41.0,41.0,0.9509984254837036,0.43739527245847193,17.933206170797348,3.1435932633927015,17.933206170797348,3.585780149832602,0.2229666390072695,0.7408212646842003,3.0,3.0,0.8779094219207764,0.32484497626622516,0.9745349287986755,0.8808209080858652,0.9745349287986755,0.3870542157203073,0.3912683206807468,0.18223695496683068,-0.09284549284206794,0.09284549284206794,0,0.0,0.09284549284206794,1.0
2022-05-06,36612.0,35915.0,36612.0,35362.0,32223287014.454002,687093350325.4445,-1.0,1.0,lower,-0.141,41.0,41.0,0.9158077836036682,0.4108391055246679,16.844403326511383,2.9629068793674143,16.844403326511383,3.58378592414382,0.21290542845226104,1.088802844285965,3.0,3.0,0.5432978868484497,0.2121159831682841,0.6363479495048523,0.5476505903510153,0.6363479495048523,0.5102581063505296,0.23447927994137152,0.3513316072949699,-0.0005010577991478987,0.0005010577991478987,0,0.0,0.0005010577991478987,1.0
2022-05-07,36076.0,35371.0,36128.0,34693.0,19130720394.98043,678702448510.6605,-1.0,1.0,lower,-0.1257,41.0,41.0,0.8791911005973816,0.3854854936461623,15.804905239492655,2.774959766991907,15.804905239492655,3.5875629452536373,0.19802931602060497,1.0394980870187283,2.0,2.0,0.058567166328430176,0.058311522006988525,0.11662304401397705,0.08246573776776138,0.11662304401397705,0.6931375703042755,0.0002556443214416504,0.4818169380077096,-0.015262760161680098,0.015262760161680098,0,0.0,0.015262760161680098,1.0
2022-05-08,35558.0,33889.0,35558.0,33616.0,30810576501.52256,648514321641.9902,-1.0,1.0,lower,-0.0829,41.0,41.0,0.8328572511672974,0.37207385361558054,15.255027998238802,2.6910695959467,15.255027998238802,3.581485501583353,0.19542689456614473,0.8852535039186478,2.0,2.0,0.05548065900802612,0.03220149874687195,0.0644029974937439,0.05619351962654227,0.0644029974937439,0.4023027857872362,0.023279160261154175,0.09030416302541693,-0.04280179741074289,0.04280179741074289,0,0.0,0.04280179741074289,1.0
2022-05-09,34070.0,31193.0,34181.0,30404.0,58369928594.32748,576197842487.6378,0.0,1.0,lower,-0.0996,41.0,41.0,1.2040715217590332,0.36808112000183363,15.091325920075178,2.7511509316830267,15.091325920075178,3.5531187790497447,0.2216346863496937,1.2556566968560219,1.0,1.0,0.05100613832473755,0.05100613832473755,0.05100613832473755,0.05100613832473755,0.05100613832473755,-0.0,0.0,0.06856385536372665,-0.08289676728550403,0.08189676728550403,1,0.001,0.08289676728550403,0.0
2022-05-10,31169.0,30704.0,32375.0,29897.0,54071363210.08785,590644412746.6844,0.0,1.0,lower,-0.0838,41.0,41.0,1.1162121295928955,0.33558970871495036,13.759178057312965,2.528255010453606,13.759178057312965,3.5442255695433484,0.20804753452346403,1.3321478627622128,1.0,1.0,0.04728430509567261,0.04728430509567261,0.04728430509567261,0.04728430509567261,0.04728430509567261,-0.0,0.0,0.051782787945295415,-0.015800771403493726,0.0,0,0.0,0.0,0.0
2022-05-11,31027.0,28237.0,31949.0,27805.0,65985702701.50493,549294001873.1765,0.0,0.0,upper,0.0972,41.0,41.0,1.0172613859176636,0.30545845118964593,12.523796498775482,2.299894615448206,12.523796498775482,3.5449033899763287,0.18896481545240248,1.2353815585374832,1.0,1.0,0.04309260845184326,0.04309260845184326,0.04309260845184326,0.04309260845184326,0.04309260845184326,-0.0,0.0,0.05831990967770508,-0.0837597645779702,0.0,0,0.0,0.0,0.0
2022-05-12,29132.0,28972.0,29955.0,26379.0,61338080283.57989,555266177876.6213,0.0,0.0,time,0.0334,41.0,41.0,0.9526923894882202,0.29328468160294907,12.024671945720911,2.2147021740840143,12.024671945720911,3.5387373830372058,0.18334650900331356,0.7166254781186581,1.0,1.0,0.040357381105422974,0.040357381105422974,0.040357381105422974,0.040357381105422974,0.040357381105422974,-0.0,0.0,0.03805588005393191,0.025696671645705625,-0.0,0,0.0,-0.0,0.0
2022-05-13,29126.0,29585.0,30879.0,28677.0,71541696924.39926,558053182541.2809,0.0,1.0,time,-0.0288,41.0,41.0,0.9259625673294067,0.2996575277207828,12.285958636552095,2.3057181464178154,12.285958636552095,3.5192250867075137,0.19967999887694737,0.7620926350355148,1.0,1.0,0.038546353578567505,0.038546353578567505,0.038546353578567505,0.038546353578567505,0.038546353578567505,-0.0,0.0,0.02519697096249332,0.020937629795577818,-0.0,0,0.0,-0.0,0.0
2022-05-14,29363.0,29921.0,30077.0,28253.0,25759546763.688618,573777699744.01,0.0,0.0,time,0.0073,41.0,41.0,0.8943928480148315,0.2887479410302348,11.838665582239628,2.225405350542822,11.838665582239628,3.5168962362229705,0.1934310656064441,0.4472930543124676,1.0,1.0,0.037232160568237305,0.037232160568237305,0.037232160568237305,0.037232160568237305,0.037232160568237305,-0.0,0.0,0.018284741832078764,0.011293098878994238,-0.0,0,0.0,-0.0,0.0
2022-05-15,30186.0,31121.0,31172.0,28619.0,22948123704.172672,596346266888.6597,0.0,1.0,time,-0.0653,41.0,41.0,0.8764300346374512,0.28344927528282493,11.621420286595821,2.1857832074981367,11.621420286595821,3.5161050111250365,0.1902222751304595,0.21724529564380646,1.0,1.0,0.03648442029953003,0.03648442029953003,0.03648442029953003,0.03648442029953003,0.03648442029953003,-0.0,0.0,0.0104037802024276,0.039322257462356215,-0.0,0,0.0,-0.0,0.0
2022-05-16,31319.0,29686.0,31319.0,28817.0,28418179221.125336,569801943005.2971,0.0,1.0,time,-0.013,41.0,41.0,0.8625540733337402,0.2827469540260187,11.592625115066767,2.1730742285742375,11.592625115066767,3.5175239121823463,0.18769930301486207,0.2973651774227619,1.0,1.0,0.03590679168701172,0.03590679168701172,0.03590679168701172,0.03590679168701172,0.03590679168701172,-0.0,0.0,0.008036747285133473,-0.047207278267434725,0.0,0,0.0,0.0,0.0
2022-05-17,29924.0,29956.0,30684.0,29245.0,24964703223.57502,581272773175.8237,0.0,0.0,time,0.0074,41.0,41.0,0.8558543920516968,0.2835971605850429,11.62748358398676,2.183306651436114,11.62748358398676,3.5141548911961267,0.18930595992816823,0.16279911622405052,1.0,1.0,0.03562787175178528,0.03562787175178528,0.03562787175178528,0.03562787175178528,0.03562787175178528,-0.0,0.0,0.0038803549332180106,0.009054084184547404,-0.0,0,0.0,-0.0,0.0
2022-05-18,30502.0,28744.0,30535.0,28392.0,26219431165.241817,547927169401.20306,0.0,0.0,time,0.0312,41.0,41.0,0.848483145236969,0.28409566048805307,11.647922080010176,2.1760195065085446,11.647922080010176,3.519562702606657,0.18649114123155908,0.17573707923293114,1.0,1.0,0.03532102704048157,0.03532102704048157,0.03532102704048157,0.03532102704048157,0.03532102704048157,-0.0,0.0,0.004269302904681471,-0.04130058857590306,0.0,0,0.0,0.0,0.0
2022-05-19,28772.0,30139.0,30472.0,28018.0,29190056577.430664,578678245847.8763,0.0,1.0,time,-0.0186,41.0,41.0,0.8508205413818359,0.2929856441915035,12.012411411851645,2.2452756247026002,12.012411411851645,3.515248314791382,0.1926578247598404,0.3644893318414688,1.0,1.0,0.03541833162307739,0.03541833162307739,0.03541833162307739,0.03541833162307739,0.03541833162307739,-0.0,0.0,0.0013537573111747211,0.04739096433638129,-0.0,0,0.0,-0.0,0.0
2022-05-20,30289.0,29153.0,30498.0,28307.0,25980877919.56809,557201657280.7389,0.0,0.0,time,0.0066,41.0,41.0,0.8437628746032715,0.28723887081553295,11.776793703436852,2.190668818039903,11.776793703436852,3.521934442695386,0.18585838728750925,0.3841405026614666,1.0,1.0,0.035124510526657104,0.035124510526657104,0.035124510526657104,0.035124510526657104,0.035124510526657104,-0.0,0.0,0.004087690309070748,-0.03326219069460829,0.0,0,0.0,0.0,0.0
2022-05-21,29257.0,29302.0,29587.0,28606.0,13561006428.368963,561696351558.8424,0.0,1.0,time,-0.0226,41.0,41.0,0.8445343375205994,0.2764767325687699,11.335546035319567,2.1297501897870186,11.335546035319567,3.5149352599110744,0.18490743506070054,0.4503561295568943,1.0,1.0,0.03515663743019104,0.03515663743019104,0.03515663743019104,0.03515663743019104,0.03515663743019104,-0.0,0.0,0.00044682868535468156,0.00509794962613069,-0.0,0,0.0,-0.0,0.0
2022-05-22,29492.0,30178.0,30342.0,28762.0,17199930154.801018,578090387085.146,0.0,1.0,time,-0.0368,41.0,41.0,0.8505383133888245,0.2801678531417033,11.486881978809834,2.153354999604813,11.486881978809834,3.5166882758200715,0.18601617363642314,0.1513359434902668,2.0,2.0,0.04468262195587158,0.04004459083080292,0.08008918166160583,0.0570101848361068,0.08008918166160583,0.6864247745525318,0.0046380311250686646,0.03507282081323099,0.029457409012338332,-0.0,0,0.0,-0.0,0.0
2022-05-24,29396.0,29655.0,29785.0,28716.0,23486436836.56051,564885248021.9939,0.0,1.0,time,-0.0055,41.0,41.0,0.8609635233879089,0.27868211360239403,11.425966657698154,2.1608176918179187,11.425966657698154,3.5071687381000944,0.19030915535924475,0.26361507177352905,2.0,2.0,0.04523029923439026,0.040535420179367065,0.08107084035873413,0.05770896253545257,0.08107084035873413,0.6864247766813449,0.004694879055023193,0.011536209583579034,-0.017482436800769722,0.0,0,0.0,0.0,0.0
2022-05-25,29647.0,29585.0,30173.0,29399.0,23108764916.206596,563577022957.9133,0.0,0.0,upper,0.0703,41.0,41.0,0.876503050327301,0.2769857409705476,11.356415379792452,2.171112708494047,11.356415379792452,3.4966830410547987,0.1955707883970019,0.3526860289275646,2.0,2.0,0.036487460136413574,0.025130510330200195,0.05026102066040039,0.03900058610731764,0.05026102066040039,0.5872364296035599,0.011356949806213379,0.03563209198604993,-0.002363269162032516,0.0,0,0.0,0.0,0.0
2022-05-26,29573.0,29347.0,29864.0,28412.0,31972044691.709656,559066076343.6685,0.0,0.0,upper,0.0784,41.0,41.0,0.8889338374137878,0.26822822550084535,10.997357245534658,2.1281160880671917,10.997357245534658,3.486206111983564,0.19624999394884451,0.4503462240099907,1.0,1.0,0.03700491786003113,0.03700491786003113,0.03700491786003113,0.03700491786003113,0.03700491786003113,-0.0,0.0,0.016939081620473723,-0.00807714972959198,0.0,0,0.0,0.0,0.0
2022-05-27,29349.0,28647.0,29353.0,28327.0,31756305901.005535,545752899521.8662,0.0,0.0,upper,0.1026,41.0,41.0,0.8873192667961121,0.26542907035568863,10.882591884583235,2.114855903121188,10.882591884583235,3.481854575884992,0.19655938369005882,0.11476536095142365,1.0,1.0,0.03693768382072449,0.03693768382072449,0.03693768382072449,0.03693768382072449,0.03693768382072449,-0.0,0.0,0.0009350991904659708,-0.02414160076289022,0.0,0,0.0,0.0,0.0
2022-05-28,28646.0,29088.0,29132.0,28606.0,15406515372.711676,554938694217.2793,0.0,0.0,upper,0.0873,41.0,41.0,0.8925499320030212,0.2603702415235159,10.675179902464151,2.1043761675800807,10.675179902464151,3.4653356513029543,0.20054194167290273,0.28918346017599106,1.0,1.0,0.03715544939041138,0.03715544939041138,0.03715544939041138,0.03715544939041138,0.03715544939041138,-0.0,0.0,0.00302949062266125,0.015276992358893262,-0.0,0,0.0,-0.0,0.0
2022-05-29,29082.0,29493.0,29520.0,28907.0,14496111397.934435,561771345708.952,0.0,0.0,upper,0.0735,41.0,41.0,0.8961186408996582,0.26276516768990493,10.773371875286102,2.123547080204603,10.773371875286102,3.4630100413392997,0.20233908598760258,0.15190018340945244,2.0,2.0,0.03730401396751404,0.03525416553020477,0.07050833106040955,0.04994112665623429,0.07050833106040955,0.6914558145344769,0.002049848437309265,0.025545958478660168,0.013827229057828582,-0.0,0,0.0,-0.0,0.0
2022-05-30,29497.0,31741.0,31879.0,29354.0,34891305294.623,604926607440.7722,0.0,1.0,time,-0.0607,41.0,41.0,0.9124881625175476,0.2678013627485531,10.979855872690678,2.163953627672539,10.979855872690678,3.462967776672942,0.20614196725580775,0.20648399740457535,2.0,2.0,0.03798544406890869,0.035898156464099884,0.07179631292819977,0.05085340513802758,0.07179631292819977,0.6914558236049034,0.0020872876048088074,0.01352800897996583,0.07345627353520033,-0.0,0,0.0,-0.0,0.0
2022-05-31,31737.0,31866.0,32227.0,31319.0,29770567353.488136,607393396318.7885,0.0,1.0,time,-0.0631,41.0,41.0,0.9288902878761292,0.2722000283438985,11.160201162099838,2.2001062726793577,11.160201162099838,3.462980967737004,0.2096838816069393,0.19878583401441574,2.0,2.0,0.03866824507713318,0.03654343634843826,0.07308687269687653,0.051767510125287984,0.07308687269687653,0.6914558211878274,0.0021248087286949158,0.013555000319462307,0.003930390080219918,-0.0,0,0.0,-0.0,0.0
2022-06-01,31814.0,29833.0,31982.0,29441.0,35553330791.53566,569001624438.0176,0.0,0.0,time,0.0503,41.0,41.0,0.9277546405792236,0.26897344183994504,11.027911115437746,2.191585114832264,11.027911115437746,3.449970534817273,0.21166183951201847,0.1322900466620922,2.0,2.0,0.038620948791503906,0.036498747766017914,0.07299749553203583,0.0517042034206112,0.07299749553203583,0.6914558360152936,0.0021222010254859924,0.0009385345571595282,-0.06592444730239518,0.0,0,0.0,0.0,0.0
2022-06-02,29822.0,30481.0,30624.0,29667.0,24232399986.261147,580863150152.0535,0.0,0.0,time,0.0254,41.0,41.0,0.9330825209617615,0.26643827048743646,10.923969089984894,2.1858615895753877,10.923969089984894,3.443974235480665,0.2134174574880524,0.20838628336787224,3.0,3.0,0.03884276747703552,0.025706042846043903,0.07711812853813171,0.0521327192847043,0.07711812853813171,0.8508412849703565,0.015656931410825102,0.007020312354690516,0.021488375313289954,-0.0,0,0.0,-0.0,0.0
2022-06-03,30447.0,29714.0,30636.0,29400.0,21997859590.66833,566275595800.1772,0.0,0.0,time,0.0172,41.0,41.0,0.9426618218421936,0.26986401555378264,11.064424637705088,2.2118897711576397,11.064424637705088,3.4445772796568206,0.21564233583777798,0.14045554772019386,3.0,3.0,0.03492891788482666,0.02143027385075887,0.06429082155227661,0.043480190815348735,0.06429082155227661,0.8635466153952691,0.01307360038886991,0.03989589135026702,-0.025485223464050726,0.0,0,0.0,0.0,0.0
2022-06-04,29704.0,29872.0,29941.0,29518.0,12911383481.843807,568340135127.331,0.0,0.0,time,0.0076,41.0,41.0,0.9484617114067078,0.27338933217816236,11.208962619304657,2.232197597957917,11.208962619304657,3.4495874018699895,0.21630462436716358,0.19080251082777977,3.0,3.0,0.03514380753040314,0.021562134226163227,0.06468640267848969,0.04374770370226964,0.06468640267848969,0.8635476099618353,0.013154019437169982,0.008110245828779481,0.005303271584205521,-0.0,0,0.0,-0.0,0.0
2022-06-05,29858.0,29918.0,30134.0,29610.0,13395229055.412352,570209935092.4275,0.0,1.0,time,-0.0277,41.0,41.0,0.959845244884491,0.2768330126092201,11.350153516978025,2.251487543484379,11.350153516978025,3.4591348702866,0.21680040088519104,0.25062383338809013,4.0,4.0,0.03556561470031738,0.02086152881383896,0.08344611525535583,0.04761540955027025,0.08344611525535583,1.2030667775221784,0.01147185347750566,0.03087552482580779,0.0015387191529024728,-0.0,0,0.0,-0.0,0.0
2022-06-06,29919.0,31373.0,31680.0,29919.0,27644798123.298183,597966736176.5532,0.0,1.0,lower,-0.0752,41.0,41.0,0.977079451084137,0.28261385658165306,11.587168119847775,2.2982185432676934,11.587168119847775,3.4586049573255497,0.22125551961748408,0.23701460286974907,4.0,4.0,0.036204203963279724,0.02123609557747841,0.08494438230991364,0.04847034252214655,0.08494438230991364,1.203066749770895,0.011677832447751337,0.02487613279318996,0.047487344447958414,-0.0,0,0.0,-0.0,0.0
2022-06-07,31343.0,31265.0,31523.0,29315.0,36111325508.04181,597205650752.5386,0.0,1.0,lower,-0.0717,41.0,41.0,0.9920812249183655,0.2836278911407401,11.628743536770344,2.310712950811003,11.628743536770344,3.459141835504773,0.22312406781085628,0.2719923108816147,5.0,5.0,0.07103219628334045,0.03145616352558136,0.1572808176279068,0.0864155379403584,0.1572808176279068,1.3481897919797798,0.02245080879959983,0.07267533355712788,-0.0034483893809662985,0.0,0,0.0,0.0,0.0
2022-06-08,31233.0,30229.0,31263.0,29975.0,27080284928.564884,576238781341.3682,0.0,1.0,lower,-0.1216,41.0,41.0,1.0143121480941772,0.2888174753000097,11.841516487300396,2.33694830125532,11.841516487300396,3.4701808392095046,0.22313128953516145,0.41603057086467743,5.0,5.0,0.07262390851974487,0.03216105103492737,0.16080525517463684,0.08835197624153295,0.16080525517463684,1.3481899058002105,0.02295389155428067,0.045881294102450045,-0.033697532497171,0.0,0,0.0,0.0,0.0
2022-06-09,30234.0,30101.0,30610.0,29981.0,18871591862.340336,573819802894.6453,0.0,1.0,lower,-0.1174,41.0,41.0,1.0463083982467651,0.29880683905467753,12.25108040124178,2.4168999828791784,12.25108040124178,3.4693565477312935,0.23062475685976241,0.4265657514333725,5.0,5.0,0.06073123216629028,0.0325380951166153,0.16269047558307648,0.0842654238206382,0.16269047558307648,1.406823278229085,0.019010646925248283,0.05574227402836699,-0.004243334727756188,0.0,0,0.0,0.0,0.0
2022-06-10,30097.0,29101.0,30266.0,28943.0,25663085729.428833,554622874799.0432,0.0,1.0,lower,-0.0836,41.0,41.0,1.0795527696609497,0.307398267998928,12.603328987956047,2.4884957231028455,12.603328987956047,3.4690108621529805,0.23779318037682753,0.38165799528360367,5.0,5.0,0.09126171469688416,0.047515442967414855,0.23757721483707428,0.12419175934029861,0.23757721483707428,1.3892696542001448,0.028757630243434095,0.1033453501050133,-0.03378585594615656,0.0,0,0.0,0.0,0.0
2022-06-11,29100.0,28374.0,29406.0,28314.0,22518366769.839092,540789214973.6274,0.0,1.0,lower,-0.2308,41.0,41.0,1.106458306312561,0.3140779482882197,12.877195879817009,2.545940296535811,12.877195879817009,3.4679777532794054,0.24381964205307183,0.30569374561309814,6.0,6.0,0.09353622794151306,0.048531077802181244,0.29118646681308746,0.13592695132865334,0.29118646681308746,1.6076181339846438,0.02690892981166252,0.08691709992293435,-0.025299304958383804,0.0,0,0.0,0.0,0.0
2022-06-12,28432.0,26767.0,28552.0,26767.0,29834061115.62461,514202090511.0678,0.0,1.0,lower,-0.1725,41.0,41.0,1.1199208498001099,0.3267291811544721,13.395896427333355,2.6188686820230638,13.395896427333355,3.4783024975390098,0.24602413639020893,0.518700547516346,6.0,6.0,0.09467428922653198,0.04912155866622925,0.2947293519973755,0.13758078043929617,0.2947293519973755,1.607618177202873,0.02723632987845159,0.036608828358342824,-0.05830344738260464,0.0,0,0.0,0.0,0.0
2022-06-13,26628.0,22526.0,26795.0,22113.0,64852526179.382835,429492202561.014,0.0,1.0,lower,-0.1677,41.0,41.0,1.0927245616912842,0.34359085905115777,14.08722522109747,2.7771949772774103,14.08722522109747,3.4615188473795686,0.26469357002200977,0.9426950514316559,6.0,6.0,0.09237521886825562,0.047928678492705025,0.28757207095623016,0.13423974282446127,0.28757207095623016,1.6076181153883562,0.026574923083096558,0.06754624534903875,-0.17249958788168432,0.0,0,0.0,0.0,0.0
2022-06-14,22501.0,22245.0,23014.0,21047.0,47639470967.891426,423044474596.5387,0.0,1.0,lower,-0.1552,41.0,41.0,1.0721347332000732,0.3432339842363102,14.072593353688717,2.7733580024987403,14.072593353688717,3.4585926245164864,0.2641748462343114,0.3675992488861084,6.0,6.0,0.09063461422920227,0.04702557623386383,0.282153457403183,0.13171031202749647,0.282153457403183,1.6076180530705484,0.026074180631481814,0.052511604625731005,-0.012552933367499661,0.0,0,0.0,0.0,0.0
2022-06-15,22223.0,22529.0,22665.0,20193.0,52027211446.51121,429887916884.8431,0.0,1.0,lower,-0.1679,41.0,41.0,1.0677708387374878,0.3408484318997802,13.974785707890987,2.7835258689966396,13.974785707890987,3.4466209250435607,0.2698116989591163,0.3812066316604614,6.0,6.0,0.09026569128036499,0.046834165851275124,0.28100499510765076,0.1311742048482047,0.28100499510765076,1.6076180301857692,0.025968049187576305,0.012222810902904484,0.012686103937000644,-0.0,0,0.0,-0.0,0.0
2022-06-16,22584.0,20409.0,22836.0,20283.0,27449277945.59262,389181727345.57733,0.0,0.0,time,0.0142,41.0,41.0,1.029162049293518,0.3247605098820314,13.315180905163288,2.6401896710011306,13.315180905163288,3.4529254677643033,0.2540576350458517,0.6596048027276993,6.0,6.0,0.08700186014175415,0.04514072835445404,0.27084437012672424,0.12643119245125362,0.27084437012672424,1.6076179760918459,0.025029097354952897,0.09296180734525894,-0.09882738816397241,0.0,0,0.0,0.0,0.0
2022-06-17,20378.0,20473.0,21238.0,20300.0,24232922585.240158,391441740414.39136,0.0,1.0,time,-0.0242,41.0,41.0,1.0047091245651245,0.33912465757713084,13.904110960662365,2.7610877719703923,13.904110960662365,3.443747674438647,0.2663382598966305,0.8569949418306351,6.0,6.0,0.08493468165397644,0.04406817754109701,0.26440906524658203,0.123427169892287,0.26440906524658203,1.6076179163490414,0.024434404149537455,0.06085740898111444,0.003130964839408074,-0.0,0,0.0,-0.0,0.0
2022-06-18,20470.0,19047.42,20748.0,17677.43,38920632524.1614,362303884192.0101,0.0,0.0,time,0.1023,41.0,41.0,0.9800322651863098,0.3326711599238035,13.639517556875944,2.7032306290724883,13.639517556875944,3.4449882343927047,0.2599240840157568,0.3863384537398815,6.0,6.0,0.08284860849380493,0.04298581928014755,0.2579149156808853,0.12039567015605857,0.2579149156808853,1.6076180821544273,0.02383426607923076,0.061224472180668905,-0.07217528554048436,0.0,0,0.0,0.0,0.0
2022-06-19,19032.4,20516.0,20710.0,18043.27,32488136325.883087,390555374756.5322,0.0,0.0,time,0.0358,41.0,41.0,0.9694221615791321,0.3238705921827293,13.278694279491901,2.6381099611142522,13.278694279491901,3.4457743985240445,0.25466599776952137,0.36082327738404274,6.0,6.0,0.08195164799690247,0.042520431180795036,0.2551225870847702,0.1190922078593315,0.2551225870847702,1.6076178812783979,0.02357622943420576,0.02939875795039827,0.07427341019706481,-0.0,0,0.0,-0.0,0.0
2022-06-20,20553.0,20637.0,20903.0,19723.65,28346447996.779846,392793374515.9921,0.0,0.0,time,0.0422,41.0,41.0,0.9656887650489807,0.3133557712341227,12.847586620599031,2.5146149461130536,12.847586620599031,3.463585085739146,0.23671650808613126,0.43110765889286995,6.0,6.0,0.08163604140281677,0.04235668977101644,0.25414013862609863,0.1186335855583812,0.25414013862609863,1.607618146433732,0.023485430278823872,0.010456851861002632,0.005880511684964813,-0.0,0,0.0,-0.0,0.0
2022-06-21,20620.0,20701.0,21660.0,20416.0,25340643362.789,395059669321.2376,0.0,0.0,time,0.0169,41.0,41.0,0.9670411944389343,0.33358348406306126,13.676922846585512,2.678839230899775,13.676922846585512,3.4587342641303733,0.2524892680927261,0.7455108374591506,6.0,6.0,0.08175036311149597,0.04241600384314855,0.2544960230588913,0.11879971148665497,0.2544960230588913,1.6076181717890774,0.0235183161145397,0.0037880415589027537,0.003096427071229776,-0.0,0,0.0,-0.0,0.0
2022-06-22,20698.0,19983.57,20844.0,19821.82,24955466738.110855,381616262301.266,0.0,0.0,time,0.0377,41.0,41.0,0.9674453735351562,0.3282826379304979,13.459588155150414,2.6411208546345084,13.459588155150414,3.4599191218969785,0.2497301110884609,0.22619014605879784,6.0,6.0,0.08178451657295227,0.04243373374144236,0.2546024024486542,0.11884936399717311,0.2546024024486542,1.6076182545694306,0.023528141898213454,0.0011321719637556497,-0.03527157234526434,0.0,0,0.0,0.0,0.0
2022-06-23,19976.54,21100.0,21124.0,19976.54,23655104386.978516,402495826231.42053,0.0,1.0,time,-0.0395,41.0,41.0,0.975304126739502,0.3184476451175969,13.056353449821472,2.5954874758330777,13.056353449821472,3.447765858247896,0.25079338630987313,0.48216482996940613,6.0,6.0,0.08244889974594116,0.04277843485275904,0.25667060911655426,0.1198148299880004,0.25667060911655426,1.6076178870952278,0.023719283836655437,0.022011435691245022,0.0543626045440685,-0.0,0,0.0,-0.0,0.0
2022-06-24,21099.0,21263.0,21452.0,20772.0,21955656695.748722,407086114490.3726,0.0,1.0,time,-0.0558,41.0,41.0,0.9634732604026794,0.31754109009010034,13.019184693694115,2.542189975018593,13.019184693694115,3.4700509825809402,0.2383174645026096,0.7142670601606369,6.0,6.0,0.08555126190185547,0.04438809057076772,0.2663285434246063,0.1243231855907791,0.2663285434246063,1.607617985318191,0.024611782301461604,0.08834622431575684,0.007695432542543651,-0.0,0,0.0,-0.0,0.0
2022-06-25,21275.0,21526.0,21526.0,20972.0,16152442749.306295,410110791491.05475,0.0,1.0,time,-0.0933,41.0,41.0,0.974478542804718,0.3192787321238983,13.09042801707983,2.5674539428286476,13.09042801707983,3.462209296131863,0.2425637702570526,0.19960948079824448,6.0,6.0,0.086528480052948,0.04489511748154958,0.2693707048892975,0.12574327629258794,0.2693707048892975,1.6076180662033959,0.024892910941006454,0.03178172951638408,0.012293033817542145,-0.0,0,0.0,-0.0,0.0
2022-06-26,21506.0,21053.0,21782.0,21035.0,15392697878.417652,401645800330.4072,0.0,1.0,time,-0.0814,41.0,41.0,0.986984133720398,0.3168465860369729,12.990710027515888,2.5496150609000274,12.990710027515888,3.4654763262557844,0.24115953814413388,0.3239084929227829,6.0,6.0,0.08763891458511353,0.04547125846147537,0.27282755076885223,0.12735695368294722,0.27282755076885223,1.60761792804733,0.02521236989713114,0.03540538621253295,-0.02221843905368818,0.0,0,0.0,0.0,0.0
2022-06-27,21055.0,20751.0,21481.0,20698.0,17719011287.9831,395914576106.05786,0.0,1.0,time,-0.0741,41.0,41.0,0.9976945519447327,0.31172283011965635,12.78063603490591,2.530584639483831,12.78063603490591,3.459318216113115,0.24294145546197912,0.3456333726644516,7.0,7.0,0.08858990669250488,0.039971155779702325,0.27979809045791626,0.1288013907907723,0.27979809045791626,1.659648442493398,0.027789888215167743,0.03405634695434407,-0.01444862950186096,0.0,0,0.0,0.0,0.0
2022-06-28,20759.0,20283.0,21195.0,20250.0,18161209601.432373,386606940573.39575,0.0,1.0,time,-0.0491,41.0,41.0,0.9974284172058105,0.3014005888707754,12.357424143701792,2.4746466632868946,12.357424143701792,3.450499977016994,0.24191014227113666,0.42321189120411873,7.0,7.0,0.08856630325317383,0.039960503578186035,0.27972352504730225,0.12876706256439985,0.27972352504730225,1.6596486475485563,0.02778248029117973,0.0009706462808997773,-0.022811341509906793,0.0,0,0.0,0.0,0.0
2022-06-29,20271.0,20109.0,20392.0,19954.04,20744333507.35517,384067866465.5609,0.0,0.0,time,0.0073,41.0,41.0,0.9830159544944763,0.29638960757633537,12.15197391062975,2.439403860801322,12.15197391062975,3.445351119778871,0.239357494517168,0.28193655237555504,7.0,7.0,0.0872865617275238,0.03938308996813638,0.27568162977695465,0.1269064419075258,0.27568162977695465,1.659648311573271,0.02738104289352646,0.04560716748601285,-0.008615620732720222,0.0,0,0.0,0.0,0.0
2022-06-30,20122.0,19608.4,20146.0,18782.75,22816515394.911003,365984224323.45276,0.0,0.0,time,0.0292,41.0,41.0,0.9661480188369751,0.29384140488578053,12.047497600317001,2.407110737169676,12.047497600317001,3.4502147084502117,0.23447546445892245,0.23745281249284744,7.0,7.0,0.0857887864112854,0.03870729889188494,0.2709510922431946,0.12472880414601754,0.2709510922431946,1.659648309999877,0.026911202317345156,0.05124337154200204,-0.025209430189391313,0.0,0,0.0,0.0,0.0
2022-07-01,19627.97,19407.45,20537.0,19100.51,28756781114.699898,370916529918.7163,0.0,0.0,time,0.058,41.0,41.0,0.9438303709030151,0.2874830716812029,11.78680593892932,2.350092930420584,11.78680593892932,3.452899050712571,0.2281649812263669,0.3194848485291004,6.0,6.0,0.05754241347312927,0.030147522687911987,0.18088513612747192,0.08844892264020356,0.18088513612747192,1.5150481784773318,0.019874494420838756,0.11001661642474284,-0.01030103288374559,0.0,0,0.0,0.0,0.0
2022-07-02,19314.61,19268.23,19381.38,19059.83,15601715000.679424,367706689137.568,0.0,0.0,upper,0.1171,41.0,41.0,0.9250981211662292,0.2831136040026095,11.607657764106989,2.303043779185051,11.607657764106989,3.460119665049256,0.22183958306638454,0.31789278239011765,6.0,6.0,0.0564003586769104,0.02954918146133423,0.17729508876800537,0.0866934634587347,0.17729508876800537,1.515048276755797,0.019480040452823408,0.04422046179517271,-0.007199387383882534,0.0,0,0.0,0.0,0.0
2022-07-03,19261.55,19310.23,19548.78,19006.55,13976969844.332441,368549364135.05225,0.0,0.0,upper,0.1149,41.0,41.0,0.9109457731246948,0.27606815444986993,11.318794332444668,2.2568111629341967,11.318794332444668,3.4535033387913927,0.2191133999302507,0.2980714254081249,5.0,5.0,0.06769776344299316,0.03336142897605896,0.1668071448802948,0.09486575047377747,0.1668071448802948,1.2333383963427984,0.02620910489249825,0.07069503725838863,0.0021773817095586193,-0.0,0,0.0,-0.0,0.0
2022-07-04,19317.45,20257.0,20281.0,19103.53,18634860046.37241,386425176262.77844,0.0,0.0,upper,0.0761,41.0,41.0,0.9048228859901428,0.27688036722744386,11.352095056325197,2.2494941585905055,11.352095056325197,3.4610840644321192,0.21623450016560536,0.19556837156414986,4.0,4.0,0.06724274158477783,0.04405738785862923,0.1762295514345169,0.0957794969953752,0.1762295514345169,1.2878811223178457,0.018771643141879776,0.0274351443614997,0.0478654055351999,-0.0,0,0.0,-0.0,0.0
2022-07-05,20250.0,20189.0,20630.0,19359.81,23623270105.54542,385301783065.72974,0.0,0.0,upper,0.0795,41.0,41.0,0.9049099087715149,0.2776566086018958,11.383920952677727,2.2658542493263742,11.383920952677727,3.4509737807824057,0.21938242558499702,0.2910158894956112,4.0,4.0,0.04409506916999817,0.02768024429678917,0.11072097718715668,0.06097138384123002,0.11072097718715668,1.2761999593127402,0.012774250958421083,0.06566898803696147,-0.003362511203582525,0.0,0,0.0,0.0,0.0
2022-07-06,20188.0,20567.0,20612.0,19798.69,21755499642.28282,392479833070.6018,0.0,1.0,time,-0.028,41.0,41.0,0.902530312538147,0.28026257419004674,11.490765541791916,2.2659090815560092,11.490765541791916,3.4664567640333823,0.21605737921938462,0.16568966209888458,4.0,4.0,0.043979108333587646,0.029702704399824142,0.11881081759929657,0.06350322570538534,0.11881081759929657,1.3075782794061528,0.011221152796568901,0.01720597751009876,0.01854994793923578,-0.0,0,0.0,-0.0,0.0
2022-07-07,20568.0,21661.0,21791.0,20297.0,21927087503.433758,414055638573.8548,0.0,1.0,lower,-0.0799,41.0,41.0,0.906195342540741,0.2864311760882052,11.743678219616413,2.2892716802462014,11.743678219616413,3.4811548735083755,0.21396428137807608,0.2954724207520485,4.0,4.0,0.051938414573669434,0.03556210920214653,0.14224843680858612,0.07696134072882599,0.14224843680858612,1.2878898389088063,0.014700285058093857,0.02753768082928021,0.05182555899151853,-0.0,0,0.0,-0.0,0.0
2022-07-08,21641.0,21859.0,22289.0,21251.0,46645398900.96298,417690286504.50726,0.0,1.0,lower,-0.089,41.0,41.0,0.9072363972663879,0.2853370277074779,11.698818136006594,2.2878808099811887,11.698818136006594,3.4777395470507644,0.21506054768887092,0.17953987047076225,3.0,3.0,0.1047045886516571,0.06076243023077647,0.1822872906923294,0.11845369710620643,0.1822872906923294,0.9728818681004399,0.03138502602345563,0.062466883065151614,0.009099327489024237,-0.0,0,0.0,-0.0,0.0
2022-07-09,21767.0,21590.0,21889.0,21382.0,26211587451.783283,412459838738.2113,0.0,1.0,lower,-0.0766,41.0,41.0,0.9136857390403748,0.2825159332374247,11.583153262734413,2.293010584694327,11.583153262734413,3.460999144907798,0.2200594258801464,0.3030829541385174,4.0,4.0,0.1054489016532898,0.050250668078660965,0.20100267231464386,0.1205608430610217,0.20100267231464386,1.1833178694738096,0.0332956390169091,0.021872807233993173,-0.012382491521149298,0.0,0,0.0,0.0,0.0
2022-07-10,21600.0,20860.0,21600.0,20710.0,25037950754.003357,398249545888.6735,0.0,1.0,lower,-0.0751,41.0,41.0,0.9151674509048462,0.2837980993818946,11.635722074657679,2.2985515315250176,11.635722074657679,3.464142837568116,0.21981940111407633,0.05256881192326546,2.0,2.0,0.10561993718147278,0.07510742545127869,0.15021485090255737,0.11464849523656748,0.15021485090255737,0.6081925086990178,0.030512511730194092,0.03785233220026056,-0.03439679495408958,0.0,0,0.0,0.0,0.0
2022-07-11,20867.0,19998.47,20867.0,19988.71,21319467248.801025,382000290322.39886,0.0,0.0,time,0.058,41.0,41.0,0.915405809879303,0.2860522460101581,11.728142086416483,2.312482681749742,11.728142086416483,3.4645115459009403,0.22046042552043946,0.15229341387748718,3.0,3.0,0.10564744472503662,0.05930184324582418,0.17790552973747253,0.11796496430846382,0.17790552973747253,0.9456728509613743,0.033494312787099814,0.019837037906275456,-0.04217767894490961,0.0,0,0.0,0.0,0.0
2022-07-12,19961.63,19350.74,20051.0,19350.74,22074971578.2899,370191767290.5106,0.0,0.0,upper,0.072,41.0,41.0,0.9186100363731384,0.28277995637277276,11.593978211283684,2.2999979258738326,11.593978211283684,3.4598317640968097,0.22149413945064506,0.21226496621966362,3.0,3.0,0.10601720213890076,0.04690718650817871,0.14072155952453613,0.10980894300175965,0.14072155952453613,0.6821449984278057,0.042650328348968626,0.03955198042602538,-0.032925108989109914,0.0,0,0.0,0.0,0.0
2022-07-13,19367.81,20225.0,20356.0,19044.67,28560004360.902916,385462566548.9708,0.0,0.0,upper,0.1019,41.0,41.0,0.9245429635047913,0.2824150998054481,11.579019092023373,2.3084050490312205,11.579019092023373,3.453561581224325,0.22407773247680773,0.14352216571569443,2.0,2.0,0.10670194029808044,0.06671077013015747,0.13342154026031494,0.1099965503346217,0.13342154026031494,0.5007688996938123,0.039991170167922974,0.009913114850018745,0.044188801305948405,-0.0,0,0.0,-0.0,0.0
2022-07-14,20271.0,20575.0,20752.0,19707.7,28732413536.669937,393104346702.71136,0.0,0.0,upper,0.0848,41.0,41.0,0.9329454898834229,0.28375047854170565,11.633769620209932,2.32904488904579,11.633769620209932,3.4458273422340073,0.22757268462109737,0.18128026649355888,3.0,3.0,0.08916345238685608,0.0419923464457194,0.1259770393371582,0.09367037494234828,0.1259770393371582,0.7738709910287024,0.03407867202903766,0.026438148428095,0.01715728361857813,-0.0,0,0.0,-0.0,0.0
2022-07-15,20595.0,20795.0,21148.0,20392.0,46542248374.33238,397285233065.65533,0.0,0.0,upper,0.0741,41.0,41.0,0.9424586892127991,0.28738694274570886,11.782864652574062,2.358902964620133,11.782864652574062,3.4454392413816795,0.2304916138998212,0.27323443070054054,4.0,4.0,0.09002533555030823,0.038251399993896484,0.15300559997558594,0.09803397780545735,0.15300559997558594,1.0971587144269783,0.030651192466153124,0.03166299992433682,0.010635826631741594,-0.0,0,0.0,-0.0,0.0
2022-07-16,20844.0,21193.0,21475.0,20523.0,42051101694.797554,404705642580.89075,0.0,0.0,upper,0.0977,41.0,41.0,0.9510567784309387,0.28350650028484625,11.623766511678696,2.3460621265548007,11.623766511678696,3.439976249612624,0.23209513071681173,0.27639637142419815,3.0,3.0,0.09084665775299072,0.04279163479804993,0.12837490439414978,0.09544336968724298,0.12837490439414978,0.7740301591190322,0.034718221878367664,0.03040539963074907,0.018958365279561965,-0.0,0,0.0,-0.0,0.0
2022-07-17,21176.0,20824.0,21576.0,20815.0,29615794461.49923,397660610560.5498,0.0,0.0,upper,0.0727,41.0,41.0,0.9624467492103577,0.2838720668379853,11.638754740357399,2.3679966784782414,11.638754740357399,3.4269911372879736,0.2370289117755896,0.2190011441707611,3.0,3.0,0.09193462133407593,0.05466394623120626,0.16399183869361877,0.10574980925607415,0.16399183869361877,0.9788294957647196,0.027194246358322675,0.04141168823469723,-0.01756477078217274,0.0,0,0.0,0.0,0.0
2022-07-18,20803.0,22395.0,22459.0,20803.0,58636734705.48306,425756736660.6174,0.0,0.0,time,0.0049,41.0,41.0,0.9809502959251404,0.28666619293209983,11.753313910216093,2.400982825344936,11.753313910216093,3.4238864187361155,0.2417134351808402,0.2586769424378872,3.0,3.0,0.09370213747024536,0.05571491519610087,0.1671447455883026,0.10778294626669382,0.1671447455883026,0.9788295819703692,0.027717071634661503,0.02574426228776905,0.07273155196699921,-0.0,0,0.0,-0.0,0.0
2022-07-19,22441.0,23367.0,23655.0,21746.0,57338223361.51413,445889013251.1064,0.0,1.0,time,-0.0328,41.0,41.0,1.021262764930725,0.2999844443870754,12.29936221987009,2.506842682210552,12.29936221987009,3.425621736155787,0.25156305961656183,0.5460483096539974,3.0,3.0,0.0975528359413147,0.058004518349965416,0.17401355504989624,0.11221228927540366,0.17401355504989624,0.9788295306156094,0.028856110949516685,0.05608734507520011,0.042487050946657695,-0.0,0,0.0,-0.0,0.0
2022-07-20,23359.0,23313.0,24189.0,22993.0,40775718993.79776,446130012149.91077,0.0,1.0,lower,-0.0889,41.0,41.0,1.0704156160354614,0.3065756517576008,12.569601722061634,2.5838968551059764,12.569601722061634,3.420597627022626,0.26239930089660213,0.5038197040557861,3.0,3.0,0.10224801301956177,0.060796250899632774,0.18238875269889832,0.11761302022418671,0.18238875269889832,0.9788295065811843,0.03024494534023636,0.06838707319302009,-0.002313625710706295,0.0,0,0.0,0.0,0.0
2022-07-21,23217.0,23155.0,23366.0,22465.0,63224249257.511284,442379611364.02734,0.0,1.0,lower,-0.0821,41.0,41.0,1.1045982837677002,0.3045235149017194,12.485464110970497,2.6133755245206705,12.485464110970497,3.402934331377538,0.2717429836602549,0.4729257598519325,3.0,3.0,0.10551318526268005,0.06273771325747173,0.18821313977241516,0.12136886116945608,0.18821313977241516,0.9788295360589482,0.031210780547969184,0.0475588270278851,-0.00680040496249961,0.0,0,0.0,0.0,0.0
2022-07-22,23142.0,22697.0,23668.0,22620.0,40304373301.41499,433485926857.3929,1.0,0.0,lower,-0.0665,41.0,41.0,1.152055263519287,0.32165344168500204,13.187791109085083,2.748166480605856,13.187791109085083,3.40506123186052,0.2841556000514889,0.7023269981145859,3.0,3.0,0.11004638671875,0.0654331346352895,0.19629940390586853,0.12658327297380112,0.19629940390586853,0.9788295339271345,0.032551700785878435,0.06602768269320652,-0.019977982769382643,-0.001,1,0.001,0.0,1.0
2022-07-23,22700.0,22506.0,22976.0,22048.0,42519262113.1533,429803379587.55133,1.0,1.0,time,0.0568,41.0,41.0,1.1973865032196045,0.32808971368685,13.45167826116085,2.8191090609013463,13.45167826116085,3.403126983049197,0.29359083141563114,0.5541980117559433,3.0,3.0,0.1143764853477478,0.06800779700279236,0.20402339100837708,0.131564068196346,0.20402339100837708,0.9788295495579422,0.033832541932552355,0.06307002762878366,-0.008450816835527288,-0.008450816835527288,0,0.0,-0.008450816835527288,1.0
2022-07-24,22484.0,22614.0,22967.0,22334.0,33108916659.05373,433819662321.5266,1.0,0.0,lower,-0.0629,41.0,41.0,1.253288984298706,0.31583700965090494,12.949317395687103,2.674192801406181,12.949317395687103,3.427374249110644,0.2732564888131608,1.0568856745958328,3.0,3.0,0.11971640586853027,0.07118289669354756,0.2135486900806427,0.1377064333914253,0.2135486900806427,0.9788295909644696,0.03541208575394496,0.07777795155150016,0.004787243185248051,0.004787243185248051,0,0.0,0.004787243185248051,1.0
2022-07-25,22606.0,21330.0,22628.0,21330.0,42667548128.932236,407480099599.8142,1.0,1.0,upper,0.0714,41.0,41.0,1.3205422163009644,0.3282886505490396,13.459834672510624,2.787158496846078,13.459834672510624,3.428013410041568,0.28582535710318113,0.7075807228684425,4.0,4.0,0.1261405348777771,0.0811452567577362,0.3245810270309448,0.17597620306306458,0.3245810270309448,1.2950451528132076,0.03401989589702327,0.1639792346934953,-0.05845465102979416,-0.05845465102979416,0,0.0,-0.05845465102979416,1.0
2022-07-26,21319.0,21236.0,21321.0,20772.0,53995620035.18145,405692421501.52716,1.0,1.0,upper,0.0758,41.0,41.0,1.4444060325622559,0.36614779237566925,15.01205948740244,3.087593896014184,15.01205948740244,3.431421222645745,0.31377340069684684,1.5522248148918152,5.0,5.0,0.13797226548194885,0.08177590966224671,0.4088795483112335,0.19987413610215835,0.4088795483112335,1.5140992625545373,0.03609203035891565,0.27799831962606925,-0.004416677761834127,-0.004416677761834127,0,0.0,-0.004416677761834127,1.0
2022-07-27,21223.0,22909.0,23001.0,21071.0,54498281944.45157,437193517021.8447,1.0,1.0,time,0.0184,41.0,41.0,1.6142427921295166,0.40075174373824424,16.430821493268013,3.357757223399251,16.430821493268013,3.4424789121253823,0.3382109749560959,1.7524105682969093,5.0,5.0,0.1541953682899475,0.09139132499694824,0.4569566249847412,0.22337582792741276,0.4569566249847412,1.514099298928433,0.04033581306672279,0.38956113724852137,0.07583199172978582,0.07583199172978582,0,0.0,0.07583199172978582,1.0
2022-07-28,22946.0,23822.0,24161.0,22749.0,55609627980.6571,454806622614.75885,1.0,0.0,time,-0.0328,41.0,41.0,1.7975560426712036,0.4120740899589004,16.895037688314915,3.302882306902602,16.895037688314915,3.491240276192993,0.3102722743332316,1.9689336642622948,5.0,5.0,0.17176437377929688,0.10180444717407226,0.5090222358703613,0.24882724842244922,0.5090222358703613,1.514099336272341,0.044931664192181656,0.4266677043291066,0.03907967700749818,0.03907967700749818,0,0.0,0.03907967700749818,1.0
2022-07-29,23849.0,23848.0,24163.0,23466.0,41089335195.63975,459609388579.5554,1.0,0.0,time,-0.0423,41.0,41.0,2.059863805770874,0.4670705179252276,19.14989123493433,3.7438219422023797,19.14989123493433,3.4936616151668964,0.3517154170287305,2.376353442668915,6.0,6.0,0.19682902097702026,0.1064697007338206,0.6388182044029236,0.2904916675706835,0.6388182044029236,1.67783535628979,0.052234448853064705,0.6038632569923321,0.0010908329170612376,0.0010908329170612376,0,0.0,0.0010908329170612376,1.0
2022-07-30,23858.0,23653.0,24605.0,23619.0,62102072346.807785,451726702392.36206,1.0,0.0,time,-0.0421,41.0,41.0,2.3755812644958496,0.5228619768125254,21.437341049313545,4.225525045904313,21.437341049313545,3.4895277113834116,0.4026222400323776,2.4247135296463966,6.0,6.0,0.2488393783569336,0.1535906195640564,0.9215437173843384,0.4123798848505018,0.9215437173843384,1.6885386188317772,0.0689404319211991,0.8138973343639555,-0.008210399588304083,-0.008210399588304083,0,0.0,-0.008210399588304083,1.0
2022-07-31,23644.0,23380.0,24082.0,23289.0,31786729326.443203,447051019373.1847,1.0,0.0,time,-0.0067,41.0,41.0,2.7952823638916016,0.5819982221213783,23.86192710697651,4.634681913224636,23.86192710697651,3.514083068569247,0.43033388297022057,3.328546273730426,7.0,7.0,0.2671014666557312,0.1592579483985901,1.1148056387901306,0.4504101942468811,1.1148056387901306,1.8756609507554112,0.06015181292199321,0.9040036508566923,-0.01160900074354386,-0.01160900074354386,0,0.0,-0.01160900074354386,1.0
2022-08-01,23345.0,23334.0,23467.0,22898.0,44489771146.510735,445958949620.3002,1.0,0.0,time,-0.0151,41.0,41.0,1.2486512660980225,0.5985765453518891,24.541638359427452,4.242093387091567,24.541638359427452,3.598961690224591,0.2839317677543503,3.8979924023151398,7.0,7.0,0.3024519681930542,0.18033544506345475,1.2623481154441833,0.5100212017311336,1.2623481154441833,1.875660851182053,0.0681128443851289,0.9723650424633045,-0.0019694316422571388,-0.0019694316422571388,0,0.0,-0.0019694316422571388,1.0
2022-08-02,23304.0,23054.0,23422.0,22729.0,35151096516.75639,440954684720.7478,1.0,1.0,time,0.0062,41.0,41.0,1.2380707263946533,0.595152611776096,24.40125708281994,4.185350855743867,24.40125708281994,3.6071233264515348,0.2702613866744775,0.5668634176254272,7.0,7.0,0.29988908767700195,0.17880738633019583,1.2516517043113708,0.5056995694869785,1.2516517043113708,1.8756608585070134,0.06753568869828755,0.11755993283475694,-0.012072234222844458,-0.012072234222844458,0,0.0,-0.012072234222844458,1.0
2022-08-03,23053.0,22860.0,23631.0,22774.0,41334593234.075066,437035641450.2815,1.0,1.0,time,0.0413,41.0,41.0,1.2280998229980469,0.5671106307971768,23.25153586268425,4.0238477489853075,23.25153586268425,3.597551756313612,0.270733310271993,1.1497212201356888,7.0,7.0,0.2974739074707031,0.1773673381124224,1.2415713667869568,0.501626815442427,1.2415713667869568,1.8756609618305613,0.0669917410339366,0.11078713486795767,-0.008450631812156268,-0.008450631812156268,0,0.0,-0.008450631812156268,1.0
2022-08-04,22853.0,22678.0,23212.0,22515.0,23624874220.429745,432420621055.8012,1.0,1.0,time,0.0229,41.0,41.0,1.2256351709365845,0.5628135273369347,23.075354620814323,3.993680393585818,23.075354620814323,3.5979634683815793,0.26879865333488845,0.17618124186992645,7.0,7.0,0.2968769073486328,0.16963382278169906,1.1874367594718933,0.498452558144713,1.1874367594718933,1.812498505145402,0.0819629845899776,0.36679183861184844,-0.007993366817016529,-0.007993366817016529,0,0.0,-0.007993366817016529,1.0
2022-08-05,22671.0,23225.0,23433.0,22658.0,27040190909.828075,443821669890.4801,0.0,1.0,time,0.0307,41.0,41.0,1.209731101989746,0.5712431567471202,23.420969426631927,4.019890916440797,23.420969426631927,3.6068827274138457,0.2604149817135785,0.6427580863237381,8.0,8.0,0.3638206124305725,0.1573314517736435,1.258651614189148,0.537402444443965,1.258651614189148,1.8286135875443168,0.106522240375385,0.20628301023041898,0.023833993150254088,0.022833993150254087,1,0.001,0.023833993150254088,0.0
2022-08-06,23271.0,22985.0,23322.0,22985.0,14439694271.14074,439414782173.18774,1.0,1.0,time,0.0411,41.0,41.0,1.200415015220642,0.5636212567730647,23.108471527695656,4.006262605343826,23.108471527695656,3.595953649880107,0.27165770689941965,0.9724634140729904,7.0,7.0,0.22952687740325928,0.15666291543415614,1.096640408039093,0.4518263340832451,1.096640408039093,1.832553292753726,0.06797494566256145,0.22255936825969141,-0.010387455441710868,-0.001,1,0.001,-0.0,1.0
2022-08-07,22981.0,23198.0,23341.0,22927.0,14324042469.270954,442979379284.1196,1.0,1.0,time,0.051,41.0,41.0,1.2201827764511108,0.563785236419701,23.11519469320774,4.032886323177017,23.11519469320774,3.5888914569240082,0.28077273991570667,0.5830872058868408,7.0,7.0,0.2333066463470459,0.15924274069922312,1.1146991848945618,0.45926671829353,1.1146991848945618,1.8325532815137904,0.06909430953859738,0.19723214827887628,0.009224238801493269,0.009224238801493269,0,0.0,0.009224238801493269,1.0
2022-08-08,23205.0,23824.0,24214.0,23202.0,27756736787.028625,455450642522.25543,0.0,1.0,time,0.0253,41.0,41.0,1.1953585147857666,0.5478812339829235,22.463130593299866,3.9412341004469336,22.463130593299866,3.578399421167593,0.2805134023992201,0.6520640999078751,8.0,8.0,0.4291069507598877,0.17029019445180893,1.3623215556144714,0.5823321301683401,1.3623215556144714,1.8630039650175587,0.1157155495249652,0.4197464716121247,0.02662740788196876,0.02562740788196876,1,0.001,0.02662740788196876,0.0
2022-08-09,23849.0,23204.0,23935.0,22961.0,29738069337.77638,443382534834.6949,1.0,1.0,time,0.0467,41.0,41.0,1.1864326000213623,0.5472280334045247,22.436349369585514,3.917147926801321,22.436349369585514,3.5848789813959225,0.27347129595433844,0.4702485725283623,9.0,9.0,0.42590272426605225,0.1480300227801005,1.3322702050209045,0.577117791888618,1.3322702050209045,1.835012718399326,0.12285897828897636,0.12986982028565466,-0.026368798337835255,-0.001,1,0.001,-0.0,1.0
2022-08-10,23119.0,23949.0,24206.0,22782.0,32215976525.650154,457270455537.3291,0.0,1.0,time,0.0096,41.0,41.0,1.1625856161117554,0.5353941014263688,21.95115815848112,3.8381312760466404,21.95115815848112,3.5831919987359373,0.2695403085218088,0.5253351777791977,10.0,10.0,0.4173421859741211,0.1329804241657257,1.329804241657257,0.5660402438773119,1.329804241657257,1.89274183596257,0.11981803936625045,0.29327546167606305,0.03160189172795371,0.03060189172795371,1,0.001,0.03160189172795371,0.0
2022-08-11,23956.0,23949.0,24931.0,23896.0,33892871243.716595,458070674127.7904,0.0,0.0,time,-0.0015,41.0,41.0,1.153622031211853,0.522267634548792,21.412973016500473,3.7746511538780427,21.412973016500473,3.57382635044928,0.2734017220978124,0.5934822782874107,11.0,11.0,0.4141244888305664,0.12262693047523499,1.3488962352275848,0.5571067794332418,1.3488962352275848,1.9902381673450695,0.11479505803225612,0.20186645151794513,0.0,0.0,0,0.0,0.0,0.0
2022-08-12,23951.0,24411.0,24434.0,23674.0,25195193357.103275,466765701334.6809,0.0,0.0,time,-0.0441,41.0,41.0,1.121597409248352,0.5124165699249361,21.00907936692238,3.6926543150213784,21.00907936692238,3.5765002508400796,0.26458875147849464,0.6014041304588318,9.0,9.0,0.4026283025741577,0.1288024518224928,1.1592220664024353,0.5303914935776087,1.1592220664024353,1.757091339016469,0.1211080748294754,0.4814790412980908,0.019107281050858294,0.0,0,0.0,0.0,0.0
2022-08-13,24402.0,24434.0,24883.0,24383.0,22240559959.522095,467078368768.6749,0.0,0.0,lower,-0.0498,41.0,41.0,1.0924673080444336,0.50294259635777,20.620646450668573,3.609241116689242,20.620646450668573,3.581910006428014,0.2545019034825227,0.5671298764646053,9.0,9.0,0.3921712636947632,0.12545719080501133,1.129114717245102,0.5166161647749415,1.129114717245102,1.7570913214158,0.11796265943302395,0.3396029284330539,0.0009417545992382664,0.0,0,0.0,0.0,0.0
2022-08-14,24439.0,24313.0,24988.0,24239.0,21287616855.704494,464896345363.0234,0.0,0.0,lower,-0.0448,41.0,41.0,1.06837797164917,0.47889462304187985,19.634679544717073,3.4559953702194575,19.634679544717073,3.5768252352398218,0.24894712632198424,0.9859669059514999,10.0,10.0,0.3835238218307495,0.11221570670604705,1.1221570670604706,0.5055430236374763,1.1221570670604706,1.8109807284805535,0.11386399801216632,0.29888573672434027,-0.004964418261971876,-0.0,0,0.0,-0.0,0.0
2022-08-15,24366.0,24179.0,25093.0,23848.0,33404812507.80541,462437221425.1544,0.0,0.0,lower,-0.1435,41.0,41.0,1.052480697631836,0.4751529083927957,19.481269244104624,3.442354946410476,19.481269244104624,3.570568778597166,0.25149435510113843,0.4368235915899277,10.0,10.0,0.3778170347213745,0.11054595410823823,1.1054595410823822,0.4980206358553621,1.1054595410823822,1.8109806717069543,0.1121697258803694,0.21109525682379274,-0.005526698881422332,-0.0,0,0.0,-0.0,0.0
2022-08-16,24146.0,23913.0,24239.0,23724.0,24971300201.368164,456791042838.03827,0.0,0.0,lower,-0.1325,41.0,41.0,1.0459516048431396,0.47713683872688106,19.562610387802124,3.4553177906053483,19.562610387802124,3.570374479730911,0.25207330313999765,0.25658178701996803,11.0,11.0,0.37547314167022705,0.08866378935900601,0.9753016829490662,0.4589942825776346,0.9753016829490662,1.807387679190858,0.1062594630910915,0.21808804881452837,-0.011062243724578058,-0.0,0,0.0,-0.0,0.0
2022-08-17,23898.0,23359.0,24439.0,23277.0,29567403252.00121,447015816173.3428,0.0,0.0,lower,-0.109,41.0,41.0,1.0541691780090332,0.4766328779117363,19.54194799438119,3.451730320050454,19.54194799438119,3.5712447814654023,0.2518278200885318,0.2510639764368534,11.0,11.0,0.3784230947494507,0.09870985150337219,1.0858083665370941,0.47653927263189927,1.0858083665370941,1.914977536481665,0.10440728629160285,0.2747162557563176,-0.023439895289345602,-0.0,0,0.0,-0.0,0.0
2022-08-18,23373.0,23248.0,23591.0,23134.0,20228208349.156567,444845955425.38696,0.0,0.0,lower,-0.1043,41.0,41.0,1.0683082342147827,0.4756404618482764,19.501258935779333,3.4494198163521714,19.501258935779333,3.571255369622225,0.25292962785907513,0.35085951536893845,11.0,11.0,0.3834986686706543,0.10985196991400285,1.2083716690540314,0.5077764966087459,1.2083716690540314,1.9543389053789668,0.10664084254014622,0.3417928475985117,-0.004763241996623151,-0.0,0,0.0,-0.0,0.0
2022-08-19,23246.0,20946.0,23246.0,20925.0,35142410593.122185,400810425580.64777,1.0,1.0,time,0.0212,41.0,41.0,1.414101481437683,0.5201394224493969,21.325716320425272,3.8456190304838334,21.325716320425272,3.552777900255365,0.30026167276486465,1.7686417123347797,11.0,11.0,0.39202797412872314,0.11229519139636647,1.2352471053600311,0.519069905763161,1.2352471053600311,1.9543391148287115,0.10901261684726081,0.3100942702946385,-0.10427140947697312,-0.001,1,0.001,-0.0,1.0
2022-08-20,20849.0,21175.0,21354.0,20849.0,23809679190.922188,404924875533.8922,1.0,1.0,time,0.0207,41.0,41.0,1.400754690170288,0.5319201413814615,21.80872579663992,3.93731094571405,21.80872579663992,3.551555765663039,0.30849425713678436,0.6469794102013111,11.0,11.0,0.4043341875076294,0.11128017577258023,1.2240819334983826,0.5315258906304353,1.2240819334983826,1.8918155865980224,0.11532709201962661,0.4348128832228271,0.01087354318716417,0.01087354318716417,0,0.0,0.01087354318716417,1.0
2022-08-21,21157.0,21616.0,21665.0,21127.0,20476237108.351532,413578924865.8514,1.0,0.0,time,-0.0642,41.0,41.0,1.2402257919311523,0.5337935987769103,21.885537549853325,3.897475528397836,21.885537549853325,3.5660194163146586,0.29250622859979014,0.7928152903914452,10.0,10.0,0.42155492305755615,0.11774053573608398,1.1774053573608398,0.547199745210249,1.1774053573608398,1.730782025442821,0.12680663373970646,0.51506937334206,0.020612540679724945,0.020612540679724945,0,0.0,0.020612540679724945,1.0
2022-08-22,21546.0,21388.0,21553.0,20961.0,28856912427.175735,408409110509.79584,1.0,0.0,time,-0.0636,41.0,41.0,1.2948609590530396,0.5460032822518814,22.386134572327137,4.019102937761462,22.386134572327137,3.557079420311841,0.3096136644940929,0.7674859687685966,9.0,9.0,0.4401254653930664,0.13612654474046496,1.2251389026641846,0.5712903112729195,1.2251389026641846,1.7140367279460622,0.1331660175651719,0.4768890324703284,-0.010603764131357885,-0.010603764131357885,0,0.0,-0.010603764131357885,1.0
2022-08-23,21404.0,21562.0,21618.0,20955.0,29331102121.793316,412338357271.39594,1.0,0.0,lower,-0.0717,41.0,41.0,1.6580677032470703,0.5814818156565108,23.840754441916943,4.374440733036367,23.840754441916943,3.535274219807044,0.3586140852368529,1.4546198695898056,9.0,9.0,0.44962310791015625,0.13906407025125292,1.2515766322612762,0.5836184009803187,1.2515766322612762,1.7140367566518906,0.13603965812676155,0.2733100329480169,0.008102489030441003,0.008102489030441003,0,0.0,0.008102489030441003,1.0
2022-08-24,21553.0,21395.0,21800.0,21211.0,26855905243.361156,409503007623.01685,0.0,1.0,lower,-0.0639,41.0,41.0,1.5989121198654175,0.5829732859643494,23.901904724538326,4.39556164930269,23.901904724538326,3.532459925487743,0.3624708659360514,0.5930594503879547,9.0,9.0,0.2124541997909546,0.11283440722359551,1.0155096650123596,0.41362409116773696,1.0155096650123596,1.8876921474147228,0.0792327497614428,0.5951618901281428,-0.007775256248145978,-0.008775256248145978,1,0.001,-0.007775256248145978,0.0
2022-08-25,21393.0,21618.0,21768.0,21375.0,26767966536.315014,413843488595.5175,0.0,1.0,lower,-0.0643,41.0,41.0,1.3762155771255493,0.5711486775700639,23.41709578037262,4.240763167773221,23.41709578037262,3.548760136025661,0.33529851852947995,0.892226554453373,10.0,10.0,0.33491945266723633,0.14064863622188567,1.4064863622188568,0.5643378491022362,1.4064863622188568,1.9333670948415018,0.10984389797279363,0.5587578153605827,0.01036905112523105,-0.0,0,0.0,-0.0,0.0
2022-08-26,21599.0,20271.0,21817.0,20245.0,34910727805.04114,387215087166.7839,0.0,1.0,time,-0.0123,41.0,41.0,1.3431240320205688,0.5812305828056684,23.830453895032406,4.27940384004924,23.830453895032406,3.5563056671300535,0.3299042218840925,0.9002533629536629,10.0,10.0,0.5449681282043457,0.15907691717147826,1.5907691717147827,0.7024915966807473,1.5907691717147827,1.8373754759315186,0.15506120973320575,0.5709736004539063,-0.064335007755864,0.0,0,0.0,0.0,0.0
2022-08-27,20267.0,20070.0,20354.0,19882.2,24463219414.743473,383790676113.79205,0.0,0.0,time,0.0042,41.0,41.0,1.304619550704956,0.5767794714831724,23.64795833081007,4.272949111033576,23.64795833081007,3.5484559821349904,0.3356259967612725,0.7676489055156708,11.0,11.0,0.5507137775421143,0.15703725814819336,1.727409839630127,0.7173323568885498,1.727409839630127,1.9663429125390774,0.14872121733008198,0.5862076831878815,-0.009965130429900448,0.0,0,0.0,0.0,0.0
2022-08-28,20054.0,19659.25,20150.0,19659.25,19781826309.451183,376180531070.6233,0.0,0.0,time,0.0143,41.0,41.0,1.4495289325714111,0.5410191153244275,22.181783728301525,4.029954222221375,22.181783728301525,3.546657864787966,0.32157243329994745,1.755993366241455,11.0,11.0,0.21740424633026123,0.11563330888748169,1.2719663977622986,0.4664886560242686,1.2719663977622986,2.0912860066009245,0.08007381982349622,0.7204614805315156,-0.020678197341823495,0.0,0,0.0,0.0,0.0
2022-08-29,19652.46,20309.0,20385.0,19617.3,28706315246.140064,389119405471.2333,0.0,1.0,time,-0.0246,41.0,41.0,1.1805158853530884,0.5233525046851577,21.457452692091465,3.861190575658918,21.457452692091465,3.5561673887707177,0.2995517403488858,0.7243310362100601,10.0,10.0,0.21528685092926025,0.09391936361789703,0.9391936361789703,0.3867239298623911,0.9391936361789703,1.9078754388852168,0.07832428059312385,0.5440948617991226,0.03251617208454928,-0.0,0,0.0,-0.0,0.0
2022-08-30,20322.0,19805.35,20526.0,19590.92,30308993725.456158,379555151404.602,0.0,0.0,time,0.0088,41.0,41.0,1.1750123500823975,0.538750072804893,22.08875298500061,3.9430836804669975,22.08875298500061,3.5629877448018332,0.29827110079413677,0.727103091776371,10.0,10.0,0.21428310871124268,0.09348150491714477,0.9348150491714478,0.3849209897183807,0.9348150491714478,1.9078754305157837,0.0779591243601646,0.06587082106187339,-0.025112034328272578,0.0,0,0.0,0.0,0.0
2022-08-31,19810.93,20024.0,20426.0,19810.93,27825786159.855602,383348414528.78253,0.0,1.0,time,-0.012,41.0,41.0,1.196342945098877,0.5377579691206537,22.0480767339468,3.9629647550085565,22.0480767339468,3.556139202864269,0.3063777630748404,0.5052137225866318,10.0,10.0,0.21817314624786377,0.09517854154109955,0.9517854154109955,0.3919087648507225,0.9517854154109955,1.9078752958221445,0.07937438646560413,0.2481887763300634,0.010979450906773127,-0.0,0,0.0,-0.0,0.0
2022-09-01,20021.0,20154.0,20188.0,19614.8,25616737335.88055,385027707310.6654,0.0,1.0,lower,-0.0664,41.0,41.0,1.1576660871505737,0.5158257433554021,21.148855477571487,3.7865424421398526,21.148855477571487,3.562393432996644,0.28918639310718847,0.8992212563753128,9.0,9.0,0.21783101558685303,0.10202544927597046,0.9182290434837341,0.38997825556152255,0.9182290434837341,1.8218308789923647,0.08055385300884509,0.04107413573402744,0.006471225728737506,-0.0,0,0.0,-0.0,0.0
2022-09-02,20141.0,19941.45,20428.0,19771.18,24078042298.340073,381788074511.76855,0.0,1.0,lower,-0.0558,41.0,41.0,1.1423561573028564,0.4947448639971454,20.28453942388296,3.668922624276731,20.28453942388296,3.551176304261083,0.28904052903490746,0.8643160536885262,9.0,9.0,0.2149503231048584,0.10067617893218994,0.9060856103897095,0.3848208745899895,0.9060856103897095,1.8218308047137217,0.07948855157311614,0.15144708464547124,-0.010602299813891786,0.0,0,0.0,0.0,0.0
2022-09-03,19963.43,19814.56,20038.0,19673.17,20048153187.39969,379422449024.2574,0.0,1.0,time,-0.0251,41.0,41.0,1.1204732656478882,0.5007234815417266,20.529662743210793,3.703739293056852,20.529662743210793,3.551411465213581,0.2895749849085088,0.5846754387021065,9.0,9.0,0.21083271503448486,0.09874765078226726,0.8887288570404053,0.377449307371325,0.8887288570404053,1.8218309298568964,0.07796587061011837,0.21225090839083668,-0.0063834590484135,0.0,0,0.0,0.0,0.0
2022-09-04,19826.54,19980.01,20021.0,19649.22,21537524477.36904,382421043401.0045,0.0,1.0,lower,-0.0577,41.0,41.0,1.1104425191879272,0.49452225591351345,20.275412492454052,3.683070317149389,20.275412492454052,3.54374607804896,0.293771283016081,0.4802950248122215,9.0,9.0,0.37359511852264404,0.11648132072554694,1.0483318865299225,0.4871874224995535,1.0483318865299225,1.7230746383485822,0.1131569715729481,0.3251512045422704,0.00831525272487725,-0.0,0,0.0,-0.0,0.0
2022-09-05,19991.92,19785.73,19991.92,19657.12,23522961655.00036,378685143698.17633,0.0,1.0,lower,-0.0479,41.0,41.0,1.0785690546035767,0.4665140992075932,19.12707806751132,3.46144937211966,19.12707806751132,3.5503450268741554,0.27312911985436555,1.1483344249427319,8.0,8.0,0.1781940460205078,0.08279220014810562,0.662337601184845,0.3069489672584011,0.662337601184845,1.6652034445943624,0.07016167156832065,0.40221391005272833,-0.009771302925191457,0.0,0,0.0,0.0,0.0
2022-09-06,19774.58,18859.5,20089.0,18821.25,39940310406.47586,361210437263.86273,0.0,0.0,upper,0.1245,41.0,41.0,1.0448477268218994,0.4367879511924779,17.908305998891592,3.2234945678934617,17.908305998891592,3.557240811003224,0.2503063948129658,1.218772068619728,6.0,6.0,0.16674494743347168,0.05706137418746948,0.3423682451248169,0.2063131851863715,0.3423682451248169,1.2271178469905268,0.06195311108245705,0.3617834692591676,-0.047944205076382605,0.0,0,0.0,0.0,0.0
2022-09-07,18845.69,19280.63,19479.03,18644.13,30517907004.082462,369340091982.8708,0.0,0.0,upper,0.1024,41.0,41.0,1.1749132871627808,0.42709543265220595,17.510912738740444,3.1851247778097047,17.510912738740444,3.5492568420590596,0.25500784291764605,0.7546868063509464,5.0,5.0,0.16231977939605713,0.062402749061584474,0.31201374530792236,0.1997085650449322,0.31201374530792236,1.0572476932997903,0.0638952196961408,0.1091712733212789,0.022084199277878604,-0.0,0,0.0,-0.0,0.0
2022-09-08,19356.29,19322.78,19386.38,19058.51,28936941008.358917,369723445425.44885,0.0,0.0,upper,0.1002,41.0,41.0,1.1484624147415161,0.4187422365677066,17.16843169927597,3.1165866351311853,17.16843169927597,3.556121123955084,0.24811311180163875,0.5568953827023506,6.0,6.0,0.15866541862487793,0.055433313051859535,0.3325998783111572,0.19715541277546533,0.3325998783111572,1.2555514032785597,0.058356867078392965,0.09738061890118561,0.0021837457753196067,-0.0,0,0.0,-0.0,0.0
2022-09-09,19315.37,21360.0,21566.0,19315.23,42487059054.97593,408976281844.7646,0.0,1.0,time,-0.0531,41.0,41.0,1.1519355773925781,0.4367422730457492,17.906433194875717,3.264484113748536,17.906433194875717,3.548353604843923,0.2630199933624951,0.7380014955997467,6.0,6.0,0.15914523601531982,0.055600956082344055,0.33360573649406433,0.19775167419946074,0.33360573649406433,1.255551101587616,0.058533361918745606,0.012768825650962889,0.1002353033195873,-0.0,0,0.0,-0.0,0.0
2022-09-10,21373.0,21707.0,21753.0,21182.0,35941349745.24438,415974687298.0947,0.0,1.0,lower,-0.0969,41.0,41.0,1.1536327600479126,0.42862336083156305,17.573557794094086,3.181015305781008,17.573557794094086,3.5571552859422457,0.2511641661242616,0.36870405077934265,6.0,6.0,0.1593797206878662,0.055682867765426636,0.3340972065925598,0.19804302224344345,0.3340972065925598,1.2555509234863906,0.05861960434846733,0.006239733727091823,0.01611477508163107,-0.0,0,0.0,-0.0,0.0
2022-09-11,21715.0,21740.0,21785.0,21414.0,31266252145.35619,416073628622.09485,0.0,1.0,lower,-0.0742,41.0,41.0,1.1545515060424805,0.4203445297188875,17.234125718474388,3.1342812190766343,17.234125718474388,3.5541502224128902,0.25082538333874743,0.35405944287776947,6.0,6.0,0.15950661897659302,0.05651456614335378,0.3390873968601227,0.19863951709108013,0.3390873968601227,1.2785733817217722,0.05815823334081549,0.007942064437416652,0.00151909251943822,-0.0,0,0.0,-0.0,0.0
2022-09-12,21742.0,22340.0,22448.0,21578.0,44006486689.44507,427473787888.3761,0.0,1.0,lower,-0.1014,41.0,41.0,1.1557297706604004,0.423059426793238,17.34543649852276,3.18422682185081,17.34543649852276,3.54533365602072,0.261382349155435,0.36872273683547974,4.0,4.0,0.15966945886611938,0.051655761897563934,0.20662304759025574,0.16297745434857158,0.20662304759025574,0.7217973390845228,0.06302455806483188,0.09651047472460449,0.02722491194799125,-0.0,0,0.0,-0.0,0.0
2022-09-13,22339.0,20185.0,22654.0,20071.0,46489890914.82466,386529657258.8565,0.0,1.0,time,-0.0378,41.0,41.0,1.144212007522583,0.4321534052127745,17.718289613723755,3.2299138537569108,17.718289613723755,3.5509427113381653,0.26017462764008653,0.520840510725975,5.0,5.0,0.2977861166000366,0.10046998858451843,0.5023499429225922,0.3386907642968195,0.5023499429225922,0.9697540692724601,0.11334931917669148,0.23559126707576103,-0.10143903933615048,0.0,0,0.0,0.0,0.0
2022-09-14,20178.0,20256.0,20418.0,19801.17,35789015870.392235,387486232249.80023,0.0,1.0,time,-0.0344,41.0,41.0,1.1346997022628784,0.4181953501410601,17.146009355783463,3.094636999592292,17.146009355783463,3.5624936366839126,0.24226556549362732,0.5722802579402924,5.0,5.0,0.2953105568885803,0.09963475465774536,0.4981737732887268,0.3358751438287224,0.4981737732887268,0.9697540466900426,0.11240701985500676,0.032068556797283404,0.0035112916568615453,-0.0,0,0.0,-0.0,0.0
2022-09-15,20239.0,19702.17,20338.0,19620.13,33715957206.68328,377719382182.44714,0.0,1.0,time,-0.0432,41.0,41.0,1.1197993755340576,0.40992880376373847,16.807080954313278,3.0343000387288224,16.807080954313278,3.5631386890008203,0.237736795158816,0.3389284014701843,5.0,5.0,0.29143261909484863,0.09832638502120972,0.4916319251060486,0.33146455721600343,0.4916319251060486,0.9697537501185581,0.11093093593196203,0.048531512780911244,-0.027722263999876335,0.0,0,0.0,0.0,0.0
2022-09-16,19706.12,19764.41,19879.28,19414.75,30187737709.58007,377988702161.6817,0.0,1.0,time,-0.064,41.0,41.0,1.1189215183258057,0.4129751524547251,16.93198125064373,3.0449300156758805,16.93198125064373,3.5674011352598187,0.23577124413599207,0.1458614319562912,3.0,3.0,0.29120421409606934,0.11153831084569295,0.33461493253707886,0.2929097383255934,0.33461493253707886,0.47205170898384163,0.1271137685265137,0.11279477075506611,0.0031540635949485196,-0.0,0,0.0,-0.0,0.0
2022-09-17,19763.99,20132.0,20189.0,19763.99,23394494073.784782,385486747327.04944,0.0,1.0,lower,-0.0824,41.0,41.0,1.126068115234375,0.41881236470327143,17.17130695283413,3.1206722211301168,17.17130695283413,3.556502839607151,0.24924468542764672,0.3295602798461914,4.0,4.0,0.2930641174316406,0.08491743728518486,0.33966974914073944,0.29479497291587453,0.33966974914073944,0.5174124107041731,0.12047841241913217,0.01796093694377806,0.01842774335727571,-0.0,0,0.0,-0.0,0.0
2022-09-18,20130.0,19437.16,20130.0,19361.11,28689764413.699097,372598380208.27094,0.0,1.0,time,-0.0075,41.0,41.0,1.1410478353500366,0.42061033590537744,17.245023772120476,3.14181053235033,17.245023772120476,3.5540136284320294,0.2526705258371478,0.1512051820755005,4.0,4.0,0.29204100370407104,0.08462097868323326,0.33848391473293304,0.29376581629668297,0.33848391473293304,0.5174122459838342,0.12005781387650659,0.009742116278863382,-0.03512389108906156,0.0,0,0.0,0.0,0.0
2022-09-19,19440.93,19570.39,19612.26,18421.2,39507938864.87854,374524246937.4287,0.0,1.0,time,-0.0327,41.0,41.0,1.1377813816070557,0.4209663646250236,17.25962094962597,3.13913140872266,17.25962094962597,3.5557567858391153,0.2512615057556845,0.10031843185424805,5.0,5.0,0.2912050485610962,0.0700799584388733,0.35039979219436646,0.29320816633438784,0.35039979219436646,0.655930980816013,0.11082872004241771,0.01707104573215663,0.006831011846295266,-0.0,0,0.0,-0.0,0.0
2022-09-20,19546.41,18869.93,19601.4,18830.92,33890591849.676514,361980678159.1343,0.0,1.0,time,-0.0032,41.0,41.0,1.1328541040420532,0.4174141360492241,17.11397957801819,3.1132744282130815,17.11397957801819,3.555188811414208,0.24933377890588143,0.241949662566185,6.0,6.0,0.28768694400787354,0.05922658244768778,0.3553594946861267,0.28981170012783686,0.3553594946861267,0.7590392046198469,0.10242403129506172,0.04623884219362147,-0.03644805988971381,0.0,0,0.0,0.0,0.0
2022-09-21,18874.85,18539.64,19721.93,18262.09,41059997264.96848,355194467885.9514,0.0,0.0,time,0.036,41.0,41.0,1.1122512817382812,0.4119411274427321,16.889586225152016,3.0633971805177826,16.889586225152016,3.5590052160670416,0.24329481734247013,0.33630795776844025,5.0,5.0,0.28245478868484497,0.06797416806221009,0.3398708403110504,0.28439771626854404,0.3398708403110504,0.6559311441005912,0.10749848687308614,0.06451592492266967,-0.017658507308174146,0.0,0,0.0,0.0,0.0
2022-09-22,18527.8,19464.32,19464.32,18422.41,37660914389.8923,372075639498.16974,0.0,1.0,time,-0.018,41.0,41.0,1.108101725578308,0.4090381871636321,16.770565673708916,3.0461514485527754,16.770565673708916,3.5576241819548025,0.2429110479888973,0.11902055144309998,4.0,4.0,0.2814010977745056,0.0806620866060257,0.3226483464241028,0.2828872210694633,0.3226483464241028,0.48903059483605665,0.11618916793515158,0.020781606283851423,0.04867190348091941,-0.0,0,0.0,-0.0,0.0
2022-09-23,19447.84,19291.9,19475.03,18641.21,35506139423.901344,370913140447.51636,0.0,0.0,time,0.0079,41.0,41.0,1.101401686668396,0.40545911396422035,16.623823672533035,3.02515039571106,16.623823672533035,3.5548547365312624,0.2425099494920503,0.14674200117588043,5.0,5.0,0.27969956398010254,0.06548552215099335,0.32742761075496674,0.28125723670933495,0.32742761075496674,0.5791691147616099,0.10739074927053044,0.020029696486387822,-0.008897727256836987,0.0,0,0.0,0.0,0.0
2022-09-24,19309.22,18939.97,19316.53,18874.73,24644354421.61794,363168779956.3335,0.0,0.0,time,0.0324,41.0,41.0,1.0982517004013062,0.40427854439107386,16.575420320034027,3.0163723263039635,16.575420320034027,3.5548512394921365,0.24181303053709013,0.04840335249900818,5.0,5.0,0.2788997292518616,0.06529826521873475,0.3264913260936737,0.2804529492515743,0.3264913260936737,0.5791693855742023,0.1070836491169637,0.00855152073902959,-0.0184108148901775,0.0,0,0.0,0.0,0.0
2022-09-25,18936.7,18809.41,19142.43,18747.85,21516374222.675316,360256894978.40894,0.0,0.0,time,0.0349,41.0,41.0,1.0923197269439697,0.405637305684206,16.631129533052444,3.010396397116913,16.631129533052444,3.561980124513888,0.23768599358992742,0.1992036998271942,5.0,5.0,0.27739328145980835,0.06494556069374084,0.3247278034687042,0.27893811066150154,0.3247278034687042,0.5791693030165966,0.10650524898828806,0.016104311520917413,-0.006917227280881889,0.0,0,0.0,0.0,0.0
2022-09-26,18787.31,19219.73,19274.62,18708.63,42560193944.41844,367613056759.2221,0.0,0.0,time,0.0049,41.0,41.0,1.0974551439285278,0.3995860706015331,16.383028894662857,2.989367083917947,16.383028894662857,3.5537911840082894,0.24143298933165508,0.3232725262641907,5.0,5.0,0.2786973714828491,0.06525089144706726,0.3262544572353363,0.28024946547816765,0.3262544572353363,0.5791695769810095,0.10700595191634331,0.013941664189099034,0.021580079050186395,-0.0,0,0.0,-0.0,0.0
2022-09-27,19200.81,19116.33,20339.0,18902.66,52482615483.86207,366383164263.7157,0.0,1.0,time,-0.0027,41.0,41.0,1.115380883216858,0.39663876011604215,16.26218916475773,3.000268961672469,16.26218916475773,3.541684543893955,0.24945791449603505,0.4170169085264206,5.0,5.0,0.2832496166229248,0.06631669402122498,0.3315834701061249,0.2848270607949145,0.3315834701061249,0.5791693640095351,0.10875379076753697,0.04818630223513494,-0.0053944119840236854,0.0,0,0.0,0.0,0.0
2022-09-28,19114.9,19444.79,19704.08,18482.46,47494258189.70422,372892084645.0075,0.0,0.0,time,0.009,41.0,41.0,1.128605604171753,0.4019297048812959,16.479117900133133,3.039439996742755,16.479117900133133,3.5417593903005002,0.25253584625993125,0.21692873537540436,5.0,5.0,0.2866079807281494,0.06710298359394073,0.3355149179697037,0.288204128987899,0.3355149179697037,0.5791694048204697,0.11004323507570114,0.03590272751499625,0.017036224265311,-0.0,0,0.0,-0.0,0.0
2022-09-29,19443.69,19563.77,19625.8,18963.35,37537716230.48356,374830625219.6003,0.0,0.0,time,0.0392,41.0,41.0,1.134624719619751,0.39118864768888895,16.038734555244446,2.916185124770459,16.038734555244446,3.5582151299483957,0.2332153197821844,0.7385124862194061,5.0,5.0,0.2952909469604492,0.06913591623306274,0.3456795811653137,0.29693545276042016,0.3456795811653137,0.5791696539185759,0.1133770598834794,0.07660464291163178,0.0061002184629911195,-0.0,0,0.0,-0.0,0.0
2022-09-30,19563.78,19476.93,20184.0,19251.33,37848666330.67224,373222100680.7475,0.0,0.0,time,0.0346,41.0,41.0,1.173774242401123,0.39910752853242365,16.36340866982937,2.989946464690132,16.36340866982937,3.553786048855009,0.24239759060278168,0.46182139217853546,5.0,5.0,0.30547988414764404,0.07152141630649567,0.35760708153247833,0.30718112866440417,0.35760708153247833,0.5791690330000008,0.1172891136082986,0.08631138469766446,-0.004448698062289074,0.0,0,0.0,0.0,0.0
2022-10-01,19467.93,19314.46,19488.42,19238.33,15943514602.722155,370204708063.3375,0.0,0.0,upper,0.052,41.0,41.0,1.2365882396697998,0.4105065446801302,16.830768331885338,3.1070350912907014,16.830768331885338,3.5434759728816734,0.2587270200130335,0.6908005475997925,5.0,5.0,0.32182741165161133,0.07534884810447692,0.37674424052238464,0.323619702598386,0.37674424052238464,0.5791695925732187,0.12356574554180468,0.1317991100569,-0.008376650077181814,0.0,0,0.0,0.0,0.0
2022-10-02,19316.66,19065.15,19377.21,18928.73,17859684587.64641,366195863790.6755,0.0,0.0,upper,0.065,41.0,41.0,1.3144745826721191,0.44040375075689175,18.056553781032562,3.316589267506566,18.056553781032562,3.5493974204539156,0.2726379873693617,1.2257854491472244,5.0,5.0,0.3420976996421814,0.0800946831703186,0.400473415851593,0.3440028757768646,0.400473415851593,0.5791692440467089,0.13134853419965095,0.15786989526185533,-0.012991977082286672,0.0,0,0.0,0.0,0.0
2022-10-03,19077.04,19620.57,19646.91,19056.01,26634227151.925247,375767908259.0832,-1.0,1.0,time,-0.0104,41.0,41.0,1.2284901142120361,0.45143119663726994,18.508679062128067,3.315859974505076,18.508679062128067,3.574787260655762,0.25372984641020274,1.2092643082141876,5.0,5.0,0.36932069063186646,0.08646835684776306,0.4323417842388153,0.37137747280813205,0.4323417842388153,0.5791696271922233,0.14180080650658825,0.19680287813027686,0.028716444603794133,-0.001,1,0.001,-0.0,1.0
2022-10-04,19619.67,20345.0,20383.0,19521.07,30974520027.944332,390177741507.47705,-1.0,1.0,time,-0.0451,41.0,41.0,1.3465092182159424,0.5037318835171257,20.653007224202156,3.684507411343763,20.653007224202156,3.5776133554697087,0.27814790919216825,2.144328162074089,6.0,6.0,0.40480077266693115,0.08184789617856343,0.4910873770713806,0.4074188484891205,0.4910873770713806,0.7107418336493634,0.14479620704692714,0.25935713664191534,0.03625667575066952,-0.03625667575066952,0,0.0,-0.03625667575066952,1.0
2022-10-05,20344.0,20162.0,20346.0,19785.21,29366342083.101757,386368899196.38165,-1.0,1.0,lower,-0.0519,41.0,41.0,1.4889036417007446,0.5438748012955595,22.298866853117943,4.0132276476673905,22.298866853117943,3.569788068287849,0.3114953851259874,1.6954667270183563,6.0,6.0,0.4476088285446167,0.09050339957078297,0.5430203974246979,0.4505037716834841,0.5430203974246979,0.7107422529413256,0.160108534176993,0.31714042790501673,-0.009035536821903459,0.009035536821903459,0,0.0,0.009035536821903459,1.0
2022-10-06,20157.0,19949.05,20421.0,19886.08,31354758329.142307,382505641462.15643,-1.0,1.0,time,-0.0457,41.0,41.0,1.6320639848709106,0.570095139669209,23.37390072643757,4.186124581948784,23.37390072643757,3.5784426582316824,0.3199958771206672,1.6086290776729584,7.0,7.0,0.4906470775604248,0.09970701166561671,0.697949081659317,0.5043899607976312,0.697949081659317,1.0239099120295023,0.1624890393342728,0.40064319216797006,-0.01061812147731923,0.01061812147731923,0,0.0,0.01061812147731923,1.0
2022-10-07,19952.43,19457.31,20044.0,19373.8,25445042398.337975,373170861484.13965,-1.0,1.0,time,-0.0158,41.0,41.0,1.543172001838684,0.595138397158646,24.400674283504486,4.290019284707526,24.400674283504486,3.595105764185529,0.30772522112950934,1.7516423910856247,6.0,6.0,0.5451523065567017,0.12538406252861023,0.7523043751716614,0.5599423264435367,0.7523043751716614,0.9169595133149117,0.1911406245525048,0.46699305129109625,-0.024958688222858277,0.024958688222858277,0,0.0,0.024958688222858277,1.0
2022-10-08,19494.51,19418.04,19533.5,19280.34,12996183216.30484,372391945609.07526,-1.0,1.0,time,-0.0018,41.0,41.0,1.5524334907531738,0.602751472374288,24.71281036734581,4.364110854055393,24.71281036734581,3.5906341058955213,0.3181417352130748,0.3736558258533478,6.0,6.0,0.33640897274017334,0.09080070753892262,0.5448042452335358,0.3601557060893414,0.5448042452335358,1.1215439386889197,0.11564566693950556,0.2692337026959839,-0.002020304041359245,0.002020304041359245,0,0.0,0.002020304041359245,1.0
2022-10-09,19419.4,19448.15,19559.84,19357.56,14404623229.04686,372264710552.3351,-1.0,1.0,time,-0.0129,41.0,41.0,1.5740818977355957,0.6012110535691424,24.64965319633484,4.412559785788559,24.64965319633484,3.578890624896572,0.3368085471540146,0.7914305031299591,7.0,7.0,0.12635588645935059,0.0529987599168505,0.3709913194179535,0.1888835682399762,0.3709913194179535,1.5268178125258598,0.04783143389923474,0.40124695433948426,0.0015494189692250887,-0.0015494189692250887,0,0.0,-0.0015494189692250887,1.0
2022-10-10,19448.94,19142.69,19517.27,19094.26,23743487600.53748,367207056773.2261,-1.0,1.0,time,-0.0037,41.0,41.0,1.6182951927185059,0.5909887057978932,24.230536937713623,4.27912965552601,24.230536937713623,3.594492567134989,0.3119950337001053,0.984954833984375,7.0,7.0,0.11968284845352173,0.052002400159835815,0.3640168011188507,0.18300969153241767,0.3640168011188507,1.5460632604128686,0.04561140182971926,0.2595900627630766,-0.01583103034524213,0.01583103034524213,0,0.0,0.01583103034524213,1.0
2022-10-11,19137.01,19058.63,19228.69,18969.08,25102717820.99086,365118514776.26794,0.0,0.0,time,0.0112,41.0,41.0,1.651889681816101,0.6008752344585047,24.63588461279869,4.3639914220239255,24.63588461279869,3.589958956943054,0.32163182210789865,0.5617355406284332,7.0,7.0,0.12216740846633911,0.05336963278906686,0.373587429523468,0.18688235186860722,0.373587429523468,1.559316871549197,0.04627061627250686,0.1276395860728621,-0.004400902150625745,0.0034009021506257453,1,0.001,0.004400902150625745,0.0
2022-10-12,19060.7,19153.04,19211.19,19033.02,22339104401.384174,367301644901.367,-1.0,0.0,time,0.0209,41.0,41.0,1.7107619047164917,0.6287800364378022,25.77998149394989,4.544994742135288,25.77998149394989,3.59533610924753,0.32933930545814316,1.1440968811511993,8.0,8.0,0.1265212893486023,0.06182582676410675,0.494606614112854,0.215096025826163,0.494606614112854,1.7892709569833065,0.04428153888146654,0.26120247955842185,0.00494143240044752,-0.001,1,0.001,-0.0,1.0
2022-10-13,19152.89,19383.94,19478.17,18317.03,37194496437.923996,371647189087.47595,-1.0,1.0,time,-0.0019,41.0,41.0,1.7736669778823853,0.6377443173309651,26.147517010569572,4.662603524826617,26.147517010569572,3.5813221416399403,0.3514583292067252,0.8983926326036453,7.0,7.0,0.1891247034072876,0.07450979096548897,0.5215685367584229,0.25948554748614844,0.5215685367584229,1.5511930259746791,0.06377503621115639,0.25862916148888493,0.01198343840905636,-0.01198343840905636,0,0.0,-0.01198343840905636,1.0
2022-10-14,19381.6,19198.11,19880.56,19115.85,34806651159.13548,367584653730.75476,-1.0,1.0,time,-0.0033,41.0,41.0,1.8694514036178589,0.6783459012101336,27.81218194961548,4.961856568042071,27.81218194961548,3.5797181166175323,0.3746133282104759,1.6886198073625565,8.0,8.0,0.19933807849884033,0.07172266393899918,0.5737813115119934,0.2745537027655502,0.5737813115119934,1.6601476888170565,0.06540891713121115,0.3173101645311932,-0.009633051484626832,0.009633051484626832,0,0.0,0.009633051484626832,1.0
2022-10-15,19194.64,19072.78,19207.45,19030.3,13103099352.405506,365870425566.52997,-1.0,1.0,time,-0.0022,41.0,41.0,1.8651219606399536,0.6755004096321944,27.695516794919968,4.9838374517764406,27.695516794919968,3.571021147207128,0.38667761847425325,0.43655648827552795,9.0,9.0,0.13793718814849854,0.07159646683269077,0.6443682014942169,0.24773256111013273,0.6443682014942169,2.015264441648068,0.041145993821276,0.35717348389194703,-0.006549648990787397,0.006549648990787397,0,0.0,0.006549648990787397,1.0
2022-10-16,19077.79,19272.92,19342.2,19077.79,15683330320.159586,369552982160.53754,0.0,1.0,time,-0.0052,41.0,41.0,1.970367670059204,0.6662147702967248,27.314805582165718,5.02378014043718,27.314805582165718,3.5469944788835885,0.41440053597375576,0.8661452680826187,8.0,8.0,0.13780111074447632,0.07449345290660858,0.5959476232528687,0.24329737302835583,0.5959476232528687,1.8860087003529278,0.043010777014176986,0.04466243786553215,0.010438814125982326,-0.011438814125982327,1,0.001,-0.010438814125982326,0.0
2022-10-17,19274.21,19557.9,19614.89,19161.27,23713928577.519844,375052275829.7958,0.0,1.0,time,-0.0183,41.0,41.0,1.9697409868240356,0.658347215594315,26.992235839366913,5.006859479706015,26.992235839366913,3.5371777753530482,0.42191140388942333,0.40771330893039703,10.0,10.0,0.216796875,0.08459775447845459,0.8459775447845459,0.3176418985762616,0.8459775447845459,2.108605619885292,0.05415586312040761,0.3426806832363697,0.014678295056130813,-0.0,0,0.0,-0.0,0.0
2022-10-18,19563.59,19348.03,19669.88,19092.9,25848175158.687187,371196833238.99286,0.0,0.0,time,0.0117,41.0,41.0,1.9792574644088745,0.6566269063368076,26.921703159809113,5.0408013066977455,26.921703159809113,3.524708395629362,0.4342687477021457,0.8960338830947876,7.0,7.0,0.21784448623657227,0.08665667261396136,0.6065967082977295,0.28521185574193997,0.6065967082977295,1.6829431034074194,0.06412058984678592,0.22007488140418807,-0.010788691372378223,0.0,0,0.0,0.0,0.0
2022-10-19,19330.46,19134.24,19335.22,19099.34,23047051893.294765,367085331987.69183,0.0,0.0,time,0.0095,41.0,41.0,1.9698292016983032,0.6602948907671905,27.07209052145481,5.046224532304894,27.07209052145481,3.5290092986811303,0.43022452948891393,0.3592073768377304,8.0,8.0,0.21680665016174316,0.08644396439194679,0.6915517151355743,0.29713514620472914,0.6915517151355743,1.8498594473406107,0.059695920371220124,0.11553905950953605,-0.0111112052131189,0.0,0,0.0,0.0,0.0
2022-10-20,19130.74,19031.16,19324.57,18951.94,25712511231.935688,365098952754.63934,0.0,0.0,upper,0.0544,41.0,41.0,1.9611701965332031,0.6490908733955244,26.6127258092165,5.016278597667878,26.6127258092165,3.5164096830791136,0.4386501892719456,0.8117015957832336,8.0,8.0,0.21585345268249512,0.0806683748960495,0.645346999168396,0.2860553913853532,0.645346999168396,1.8175289766217686,0.06100060785933907,0.14250084007262823,-0.005401764459326958,0.0,0,0.0,0.0,0.0
2022-10-21,19068.87,19173.28,19238.22,18730.04,30297335038.197,367999082249.1525,0.0,0.0,upper,0.047,41.0,41.0,2.0235188007354736,0.6334636051480363,25.97200781106949,4.989600369869972,25.97200781106949,3.4970956203470065,0.4538128482329534,0.9668674618005753,7.0,7.0,0.10363107919692993,0.06025052922112601,0.4217537045478821,0.18298206708586365,0.4217537045478821,1.7829861185346148,0.033957016895387014,0.17357247862958897,0.007440007264695348,-0.0,0,0.0,-0.0,0.0
2022-10-22,19171.05,19203.87,19237.19,19120.99,13362526957.65784,368484939423.55475,0.0,0.0,upper,0.0454,41.0,41.0,2.0212018489837646,0.6232648924356554,25.55386058986187,4.952381307756499,25.55386058986187,3.486641265257955,0.457971573448428,0.4181472212076187,9.0,9.0,0.10351240634918213,0.06218539675076803,0.5596685707569122,0.20736709867796868,0.5596685707569122,2.072581237883627,0.03018075452385828,0.11087350950836297,0.001594178123099981,-0.0,0,0.0,-0.0,0.0
2022-10-23,19207.76,19574.82,19634.72,19125.34,19928822961.41621,375197423662.3941,0.0,0.0,upper,0.0595,41.0,41.0,2.831319570541382,0.6268499591728536,25.700848326086998,5.263770889686251,25.700848326086998,3.4421212291547216,0.5318331907746888,1.491503655910492,9.0,9.0,0.1035882830619812,0.059091528256734215,0.5318237543106079,0.20542000261629303,0.5318237543106079,1.9817426004504188,0.03459463521259085,0.02986032496732594,0.01913222520954566,-0.0,0,0.0,-0.0,0.0
2022-10-24,19560.98,19316.94,19564.11,19201.35,28657172008.9177,370622833880.7626,0.0,0.0,upper,0.0395,41.0,41.0,1.9646286964416504,0.5612639263272285,23.01182097941637,4.444127140899869,23.01182097941637,3.4925948828788966,0.40828496294468103,2.110478604510074,9.0,9.0,0.1037091612815857,0.05916051401032342,0.5324446260929108,0.20565979015076608,0.5324446260929108,1.981742518703648,0.034635004007131404,0.013887063474237227,-0.01326161528532925,0.0,0,0.0,0.0,0.0
2022-10-25,19321.01,20095.0,20353.0,19255.73,39846253138.59686,385476931983.84595,0.0,0.0,time,0.026,41.0,41.0,1.9573038816452026,0.5445805540898951,22.3278027176857,4.381044332862322,22.3278027176857,3.4820123111759287,0.41420691986122704,1.0088023021817207,8.0,8.0,0.10332256555557251,0.060548294335603714,0.4843863546848297,0.19964575455080955,0.4843863546848297,1.846959466962728,0.03627957368574444,0.06227758005756939,0.039488596754203686,-0.0,0,0.0,-0.0,0.0
2022-10-26,20096.0,20774.0,20955.0,20085.0,50667020407.51415,398674628646.93066,1.0,0.0,time,-0.0135,41.0,41.0,1.9317502975463867,0.5320059084674207,21.81224224716425,4.282456023260298,21.81224224716425,3.4836723409099477,0.4053059019009168,0.51556047052145,8.0,8.0,0.10197365283966064,0.05975780263543129,0.4780624210834503,0.19703926735676167,0.4780624210834503,1.846959652694348,0.03580592317265422,0.09891073256348787,0.033231176904455276,-0.001,1,0.001,-0.0,1.0
2022-10-27,20781.0,20278.0,20876.0,20261.0,41829789298.17936,389238872375.6226,1.0,1.0,time,0.0104,41.0,41.0,2.6323628425598145,0.5338968229366512,21.8897697404027,4.588689843195021,21.8897697404027,3.430693080672894,0.47803449099526796,1.427355319261551,8.0,8.0,0.1015172004699707,0.059490326792001724,0.4759226143360138,0.19615732575140324,0.4759226143360138,1.8469597713271586,0.035645659959153614,0.03457505342237634,-0.024165650275231577,-0.024165650275231577,0,0.0,-0.024165650275231577,1.0
2022-10-28,20282.0,20591.0,20716.0,20095.0,36165609164.5681,395201306734.5831,1.0,0.0,time,-0.021,41.0,41.0,1.8999121189117432,0.47050478854557365,19.29069633036852,3.7117462319727763,19.29069633036852,3.5113822265464716,0.33860168313684175,2.5325588127463843,8.0,8.0,0.10029292106628418,0.058772891759872437,0.4701831340789795,0.19379172043404827,0.4701831340789795,1.8469597043433832,0.0352157785343567,0.08989762862389769,0.015317532595621583,0.015317532595621583,0,0.0,0.015317532595621583,1.0
2022-10-29,20585.0,20801.0,20946.0,20575.0,32806216910.570454,399135164712.3964,1.0,0.0,time,-0.0288,41.0,41.0,1.9508215188980103,0.48178990385154397,19.753386057913303,3.7969748619199803,19.753386057913303,3.5128231868576525,0.3457066334360003,0.5175975263118744,7.0,7.0,0.10298031568527222,0.06522368107523237,0.4565657675266266,0.1972499327617109,0.4565657675266266,1.7299042108155698,0.03611219810430918,0.14055265366883118,0.010146975348681435,0.010146975348681435,0,0.0,0.010146975348681435,1.0
2022-10-30,20818.0,20624.0,20908.0,20542.0,24707906148.749344,395548335410.141,1.0,1.0,time,0.0252,41.0,41.0,2.0711448192596436,0.5159928037262544,21.155704952776432,4.071513483850888,21.155704952776432,3.5098203416194327,0.3715829860301725,1.4023188948631287,7.0,7.0,0.10933196544647217,0.06924656885010856,0.4847259819507599,0.20941596721768427,0.4847259819507599,1.7299043614507168,0.03833952873085508,0.2652697729093124,-0.008545616277859401,-0.008545616277859401,0,0.0,-0.008545616277859401,1.0
2022-10-31,20624.0,20495.0,20800.0,20262.0,37290619694.72375,393311097043.5727,1.0,1.0,upper,0.0377,41.0,41.0,3.084683895111084,0.5614597430316414,23.019849464297295,4.72924287340592,23.019849464297295,3.47362175088936,0.47986327805896356,2.710414357483387,8.0,8.0,0.118155837059021,0.06576122716069221,0.5260898172855377,0.22632845252407963,0.5260898172855377,1.7500520178225796,0.045590920752523814,0.35855591468511644,-0.006274492240530732,-0.006274492240530732,0,0.0,-0.006274492240530732,1.0
2022-11-01,20493.0,20490.0,20645.0,20285.0,32262771910.727066,393218202887.5868,0.0,1.0,upper,0.038,41.0,41.0,1.7277452945709229,0.5843385101818457,23.957878917455673,4.233719778337303,23.957878917455673,3.588334653925181,0.3094003597732848,4.204190298914909,8.0,8.0,0.14171582460403442,0.07887386903166771,0.6309909522533417,0.27145779639041595,0.6309909522533417,1.7500527336849596,0.05468162110451641,0.7113633609089215,-0.0002439917054925371,-0.001243991705492537,1,0.001,-0.0002439917054925371,0.0
2022-11-02,20489.0,20163.0,20705.0,20065.0,44539856162.44828,387015867490.0914,1.0,1.0,upper,0.0478,41.0,41.0,1.4650338888168335,0.5783904943524337,23.714010268449783,4.136537230938042,23.714010268449783,3.5981800263263732,0.28775761059585236,0.2815541625022888,8.0,8.0,0.1418359875679016,0.08198967576026917,0.6559174060821533,0.27302129079451115,0.6559174060821533,1.8305017361015636,0.05094380455083385,0.027294433452562612,-0.01608772059486986,-0.001,1,0.001,-0.0,1.0
2022-11-03,20161.0,20211.0,20388.0,20091.0,36562782563.979164,387756249891.6283,1.0,1.0,upper,0.0454,41.0,41.0,1.4678432941436768,0.6051323348429145,24.810425728559494,4.330668297894435,24.810425728559494,3.597157972690306,0.30206997480465814,1.0964154601097107,8.0,8.0,0.14210796356201172,0.08214690163731575,0.657175213098526,0.2735448708236925,0.657175213098526,1.8305014810769924,0.0510415134535899,0.019422646123989036,0.002377768990693913,0.002377768990693913,0,0.0,0.002377768990693913,1.0
2022-11-04,20206.0,21150.0,21241.0,20206.0,33773463079.332672,405987599945.2726,0.0,0.0,lower,-0.1305,41.0,41.0,1.6615766286849976,0.5942772263433875,24.365366280078888,4.340416753989673,24.365366280078888,3.5777332757685687,0.32607927012249055,1.3585318624973297,8.0,8.0,0.13208270072937012,0.06737647578120232,0.5390118062496185,0.23209628164711543,0.5390118062496185,1.7699092889243848,0.04684011107594856,0.4188838383141601,0.04541289484565445,0.04441289484565445,1,0.001,0.04541289484565445,0.0
2022-11-05,21147.0,21283.0,21454.0,21124.0,31061573100.604958,408892506459.0742,0.0,0.0,lower,-0.1368,41.0,41.0,1.5463985204696655,0.5601761133932486,22.967220649123192,4.116605307994408,22.967220649123192,3.570702841442389,0.3154845619947095,1.7947798520326614,7.0,7.0,0.11172688007354736,0.0541030296257564,0.3787212073802948,0.17761835607767285,0.3787212073802948,1.6068293680625934,0.03974618708206336,0.39727568153175663,0.006268726488379846,0.0,0,0.0,0.0,0.0
2022-11-06,21280.0,20907.0,21337.0,20907.0,50602704770.812515,401869336200.07385,0.0,0.0,lower,-0.1189,41.0,41.0,1.2697129249572754,0.5295383130631796,21.711070835590363,3.8304096072488933,21.711070835590363,3.5854381341015693,0.27828717989414586,1.2561498135328293,8.0,8.0,0.1285696029663086,0.061917565762996674,0.4953405261039734,0.21475303657089737,0.4953405261039734,1.7623580046985485,0.04394398012854127,0.24467360257409976,-0.017824600856175276,-0.0,0,0.0,-0.0,0.0
2022-11-07,20922.0,20598.0,21017.0,20433.0,91750982446.38734,395168506455.3059,1.0,0.0,lower,-0.1041,41.0,41.0,1.2074588537216187,0.5211690231794264,21.367929950356483,3.696017859857733,21.367929950356483,3.606100492731114,0.24812687749703824,0.8974547237157822,8.0,8.0,0.15605932474136353,0.07469663769006729,0.5975731015205383,0.261060117832065,0.5975731015205383,1.742128113797237,0.05421679129301435,0.3460269703372634,-0.014890047420881423,-0.001,1,0.001,-0.0,1.0
2022-11-08,20600.0,18562.35,20671.0,17579.02,92144963385.0274,356871594631.61395,1.0,0.0,lower,-0.1648,41.0,41.0,2.259709119796753,0.5591385404511195,22.924680158495903,4.258030359025174,22.924680158495903,3.5522994375824273,0.35997121613417904,1.7754623591899872,7.0,7.0,0.12358778715133667,0.061421019690377374,0.4299471378326416,0.20379677534753673,0.4299471378326416,1.5806655754020675,0.04648399728234329,0.28217905645414515,-0.10405864798142236,-0.10405864798142236,0,0.0,-0.10405864798142236,1.0
2022-11-09,18579.39,15742.44,18749.92,15663.49,74978675390.59279,301963847693.52637,1.0,1.0,time,0.0558,41.0,41.0,3.229283332824707,0.5171114304443685,21.20156864821911,4.6752214581320235,21.20156864821911,3.4137177199878113,0.5154709471416871,4.821612615816678,6.0,6.0,0.09725722670555115,0.05621650815010071,0.33729904890060425,0.1603741831793883,0.33729904890060425,1.564533253954791,0.0335611479216518,0.448167372455062,-0.16477508568742277,-0.16477508568742277,0,0.0,-0.16477508568742277,1.0
2022-11-10,15920.79,17594.92,18106.79,15835.92,65200666543.364624,336597208099.6668,1.0,0.0,time,-0.0409,41.0,41.0,2.1160945892333984,0.48580830762299093,19.91814061254263,3.9970971489886216,19.91814061254263,3.474522422990479,0.3920050844766346,1.9905454739928246,6.0,6.0,0.09378772974014282,0.054211060206095375,0.32526636123657227,0.15465309858799467,0.32526636123657227,1.5645326205685903,0.032363937262676105,0.16574579177846488,0.11124997398221241,0.11124997398221241,0,0.0,0.11124997398221241,1.0
2022-11-11,17602.79,17080.22,17624.47,16569.89,45030331310.74984,325921112619.09045,0.0,1.0,time,-0.0231,41.0,41.0,1.599658489227295,0.45715882120335977,18.74351166933775,3.592951478295602,18.74351166933775,3.5126196172028825,0.3253717808015441,1.3714489936828613,6.0,6.0,0.07324326038360596,0.04610218604405721,0.27661311626434326,0.12977158867563005,0.27661311626434326,1.5833969430607926,0.02610298794886558,0.23766063414888888,-0.029689155177446132,-0.030689155177446133,1,0.001,-0.029689155177446132,0.0
2022-11-12,17088.94,16797.99,17101.87,16640.26,21893997140.860477,322330608513.1628,0.0,1.0,time,-0.0048,41.0,41.0,2.1637022495269775,0.47844975823309366,19.61644008755684,3.985789033324272,19.61644008755684,3.4656092599561408,0.39819817351085135,1.885559357702732,7.0,7.0,0.0681617259979248,0.03728557484490531,0.26099902391433716,0.12082115546555948,0.26099902391433716,1.6341011446484404,0.02636624727462758,0.23943707729301988,-0.01666183244523814,0.0,0,0.0,0.0,0.0
2022-11-13,16794.65,16344.34,16915.46,16312.86,20411619109.007805,313605586517.2854,0.0,0.0,time,0.0219,41.0,41.0,2.5281951427459717,0.4974919841056917,20.39717134833336,4.458340104461142,20.39717134833336,3.388825956230516,0.48713616173385405,2.1067181825637817,7.0,7.0,0.06293725967407227,0.03442768965448652,0.24099382758140564,0.11156043721934698,0.24099382758140564,1.6341002405598704,0.024345344078055525,0.24430957177730855,-0.02737757635427889,0.0,0,0.0,0.0,0.0
2022-11-14,16335.29,16645.83,17176.32,15906.19,37539226046.106285,320598982524.9025,0.0,0.0,time,0.004,41.0,41.0,1.8929797410964966,0.46234348979665013,18.956083081662655,3.9003926407851632,18.956083081662655,3.436565761618584,0.3965965310919199,1.8938009813427925,7.0,7.0,0.05963331460952759,0.03262038103171757,0.228342667222023,0.10570396462784772,0.228342667222023,1.6341005934092523,0.0230673031659973,0.17622027188041756,0.01827807456803692,-0.0,0,0.0,-0.0,0.0
2022-11-15,16632.61,16890.53,17171.27,16573.54,28676275678.9418,324608360619.00433,0.0,1.0,time,-0.0353,41.0,41.0,1.8167269229888916,0.4491439668870554,18.41490264236927,3.6872950889988307,18.41490264236927,3.466490063606759,0.360392829397354,0.9700293764472008,7.0,7.0,0.05723118782043457,0.031306368964059014,0.21914458274841309,0.1014460087468982,0.21914458274841309,1.6341004541789694,0.022138110406779026,0.1389470403116785,0.01459337523383673,-0.0,0,0.0,-0.0,0.0
2022-11-16,16901.94,16689.4,16997.06,16437.01,26922027947.408913,320099234744.2721,0.0,1.0,time,-0.0539,41.0,41.0,1.741047739982605,0.46664951669006816,19.132630184292793,3.8813152538027045,19.132630184292793,3.4443011939670383,0.38686909208670067,1.234561413526535,7.0,7.0,0.05484709143638611,0.030002257653645108,0.21001580357551575,0.09722010172295732,0.21001580357551575,1.6341011674956913,0.021215896765034548,0.13698930346227034,-0.011979322484809997,0.0,0,0.0,0.0,0.0
2022-11-17,16677.87,16718.36,16732.97,16417.31,22011291267.356167,321287480849.7667,0.0,1.0,time,-0.0332,41.0,41.0,2.121062755584717,0.4990685007921079,20.461808532476425,4.302838157312442,20.461808532476425,3.4035154761015938,0.4500019539314153,1.569553092122078,7.0,7.0,0.05285656452178955,0.028913397874150957,0.2023937851190567,0.09369173837789382,0.2023937851190567,1.6341011160609624,0.020445921017821635,0.11767600168823307,0.0017337293643175822,-0.0,0,0.0,-0.0,0.0
2022-11-18,16711.92,16707.02,16994.52,16581.98,20942172141.414623,320876918352.4405,0.0,1.0,time,-0.0059,41.0,41.0,1.6237457990646362,0.47848851688024474,19.618029192090034,3.9254626759836757,19.618029192090034,3.449234771358214,0.38325485147373733,1.4436609894037247,4.0,4.0,0.04617053270339966,0.024717852473258972,0.09887140989303589,0.06161604100944039,0.09887140989303589,1.0614611556725237,0.018389178788881935,0.13448862735287567,-0.00067852634345979,0.0,0,0.0,0.0,0.0
2022-11-19,16705.26,16712.73,16794.94,16558.64,10844466289.901127,321151208473.7581,0.0,1.0,time,-0.007,41.0,41.0,1.5767383575439453,0.4650326959970521,19.066340535879135,3.764030378458667,19.066340535879135,3.46569045091882,0.35958827905427926,0.7780677229166031,3.0,3.0,0.04483389854431152,0.028524473309516907,0.08557341992855072,0.058915165394425595,0.08557341992855072,0.8052049619836827,0.018529795651836854,0.04982749155956226,0.00034171410950487155,-0.0,0,0.0,-0.0,0.0
2022-11-20,16711.87,16304.08,16746.26,16254.32,15680401749.958439,313370674122.3842,0.0,0.0,time,0.0134,41.0,41.0,1.5203862190246582,0.44558940791502233,18.269165724515915,3.5920839894826377,18.269165724515915,3.4716119749946714,0.3408211264352764,0.8439030051231384,3.0,3.0,0.0432315468788147,0.02750501036643982,0.08251503109931946,0.05680954468352917,0.08251503109931946,0.8052047994860436,0.017867545824539078,0.049758549067707394,-0.024755321247764955,0.0,0,0.0,0.0,0.0
2022-11-21,16298.41,15814.34,16299.24,15649.4,31057277097.34788,303834128504.1595,0.0,0.0,time,0.0398,41.0,41.0,1.4536815881729126,0.42801781852797766,17.548730559647083,3.440836469347817,17.548730559647083,3.4742407927302574,0.3249084762956256,0.7461149916052818,3.0,3.0,0.04133486747741699,0.02629828949769338,0.07889486849308014,0.05431714461741538,0.07889486849308014,0.8052052993981025,0.017083638448095566,0.058090707973629134,-0.030498259885295455,0.0,0,0.0,0.0,0.0
2022-11-22,15794.33,16171.63,16269.92,15686.55,25091849198.571053,311463297390.4882,0.0,0.0,time,0.0176,41.0,41.0,1.4111636877059937,0.4113383989145116,16.864874355494976,3.322594874322293,16.864874355494976,3.4687409903692172,0.3163228623705056,0.6838562041521072,3.0,3.0,0.04012584686279297,0.025529091556866963,0.07658727467060089,0.052728421788174565,0.07658727467060089,0.8052053436605335,0.01658395727919961,0.03816025616593853,0.022341349112204898,-0.0,0,0.0,-0.0,0.0
2022-11-23,16225.09,16608.01,16632.65,16191.07,26858079944.170044,319494112507.07404,0.0,1.0,time,-0.0235,41.0,41.0,1.394239902496338,0.4028966597667554,16.518763050436974,3.2714326296455707,16.518763050436974,3.4625539778614858,0.3141739844925985,0.34611130505800247,3.0,3.0,0.039644598960876465,0.025222917397816975,0.07566875219345093,0.052096044423445474,0.07566875219345093,0.8052051463935637,0.016385065948380247,0.01713558359216004,0.026626636636172478,-0.0,0,0.0,-0.0,0.0
2022-11-24,16633.46,16596.04,16769.37,16484.24,20949512927.386944,318949911014.53784,0.0,1.0,time,-0.0093,41.0,41.0,1.377751350402832,0.39632708306719616,16.249410405755043,3.215512377435991,16.249410405755043,3.4648005878988064,0.3083962616334673,0.3085833489894867,3.0,3.0,0.03917580842971802,0.02492464582125346,0.07477393746376038,0.05147998854419897,0.07477393746376038,0.8052051536143174,0.01619130746796023,0.016740271794115198,-0.0007209964157103201,0.0,0,0.0,0.0,0.0
2022-11-25,16605.8,16524.45,16613.15,16400.96,18933018587.76629,317919884011.3825,0.0,0.0,time,0.0393,41.0,41.0,1.3600059747695923,0.3909495878146916,16.028933100402355,3.1730252025100407,16.028933100402355,3.4644511893306307,0.3045021585510547,0.22047730535268784,3.0,3.0,0.038671255111694336,0.0246036301056544,0.0738108903169632,0.05081695045975405,0.0738108903169632,0.8052054497068792,0.015982767917369696,0.01772921744992667,-0.0043230104078748775,0.0,0,0.0,0.0,0.0
2022-11-26,16521.13,16456.16,16670.75,16423.19,18243019109.753235,316206865319.883,0.0,0.0,time,0.0309,41.0,41.0,1.3388757705688477,0.38251735215506905,15.68321143835783,3.1166113700340077,15.68321143835783,3.45951660037217,0.3009807513145425,0.34572166204452515,2.0,2.0,0.03807038068771362,0.03522535413503647,0.07045070827007294,0.04997839033070531,0.07045070827007294,0.6898820160957051,0.0028450265526771545,0.01889002857491699,-0.00414122707835962,0.0,0,0.0,0.0,0.0
2022-11-27,16465.29,16459.15,16600.08,16431.98,16551822516.185429,316487666895.4407,0.0,0.0,time,0.0373,41.0,41.0,1.3200829029083252,0.375170396050302,15.381986238062382,3.067521160910233,15.381986238062382,3.454818495908558,0.2979122560156583,0.3012252002954483,3.0,3.0,0.037536025047302246,0.024697025616963703,0.07409107685089111,0.04949385156484891,0.07409107685089111,0.880516052908707,0.014373727419014784,0.018660006863404733,0.00018167837448451586,-0.0,0,0.0,-0.0,0.0
2022-11-28,16456.69,16222.21,16482.04,16065.43,24566056814.212288,311810991501.448,0.0,0.0,time,0.0423,41.0,41.0,1.299315333366394,0.3674209888388471,15.06426054239273,3.0081936161226515,15.06426054239273,3.4538653950899167,0.2927707555479621,0.4063318148255348,2.0,2.0,0.036945462226867676,0.03418451547622681,0.06836903095245361,0.04850162729856112,0.06836903095245361,0.6898820515322779,0.002760946750640869,0.02027677864722927,-0.014500262628121183,0.0,0,0.0,0.0,0.0
2022-11-29,16222.5,16441.98,16541.11,16157.9,24663035431.352062,316170903326.0224,0.0,0.0,time,0.0422,41.0,41.0,1.2830296754837036,0.36337801814079285,14.898498743772507,2.9611384512927286,14.898498743772507,3.4639697091631807,0.28603914029203026,0.45866477489471436,1.0,1.0,0.036482393741607666,0.036482393741607666,0.036482393741607666,0.036482393741607666,0.036482393741607666,-0.0,0.0,0.0325945868574158,0.013456529384994123,-0.0,0,0.0,-0.0,0.0
2022-11-30,16446.88,17186.5,17227.39,16442.29,30676053555.32337,330763402606.7043,0.0,1.0,time,-0.0125,41.0,41.0,1.2778074741363525,0.36825434954428093,15.098428331315517,2.970375178138937,15.098428331315517,3.476039522736156,0.28211167113502195,0.2786407843232155,2.0,2.0,0.06533458828926086,0.050834253430366516,0.10166850686073303,0.07475802342013593,0.10166850686073303,0.6518936788214783,0.014500334858894348,0.04952527879600714,0.04428637158381067,-0.0,0,0.0,-0.0,0.0
2022-12-01,17224.41,16972.73,17249.92,16901.02,23319572025.36399,326141917292.63745,0.0,0.0,time,0.0066,41.0,41.0,1.271468997001648,0.3672898333610558,15.058883167803288,2.953247098932989,15.058883167803288,3.4822301466986167,0.2789655865676362,0.26087599992752075,2.0,2.0,0.14888304471969604,0.0925183892250061,0.1850367784500122,0.15320983476151134,0.1850367784500122,0.4939401982524006,0.05636465549468994,0.09372189361319458,-0.012516253481095285,0.0,0,0.0,0.0,0.0
2022-12-02,16978.82,17084.87,17128.66,16867.76,20945433171.615204,328178365692.1309,0.0,1.0,time,-0.0138,41.0,41.0,1.2688475847244263,0.3662645331606632,15.016845859587193,2.946588370222708,15.016845859587193,3.481420823847116,0.2785960002349924,0.04203730821609497,2.0,2.0,0.14857608079910278,0.09232759475708008,0.18465518951416016,0.15289393013227978,0.18465518951416016,0.4939396801337119,0.056248486042022705,0.0029633864794045305,0.006585338089666317,-0.0,0,0.0,-0.0,0.0
2022-12-03,17146.57,16923.38,17149.34,16880.81,16931408153.950111,326498242602.6305,0.0,0.0,time,0.0182,41.0,41.0,1.263961672782898,0.3605500167099441,14.782550685107708,2.92614000261285,14.782550685107708,3.4671125883912044,0.28078489372714593,0.23429517447948456,2.0,2.0,0.09478497505187988,0.0653626024723053,0.1307252049446106,0.10137007260689826,0.1307252049446106,0.5881005309007445,0.029422372579574585,0.05831580946596513,-0.009497178703183513,0.0,0,0.0,0.0,0.0
2022-12-04,16914.49,17149.93,17190.71,16914.49,18214353301.13762,329544949093.6664,0.0,1.0,time,-0.0,41.0,41.0,1.2612723112106323,0.3672697218816455,15.058058597147465,2.9552183874035887,15.058058597147465,3.4742529014826085,0.27950071879991334,0.31144486367702484,2.0,2.0,0.09458330273628235,0.06522352993488312,0.13044705986976624,0.10115438810171684,0.13044705986976624,0.5881005127489523,0.02935977280139923,0.0029495855381098373,0.01329799414959786,-0.0,0,0.0,-0.0,0.0
2022-12-05,17133.31,16973.37,17414.42,16906.82,23204017213.929634,326635737516.3175,0.0,0.0,time,0.0089,41.0,41.0,1.259048581123352,0.3558501810198877,14.589857421815395,2.900786085694862,14.589857421815395,3.46279854403539,0.280363723269785,0.4682011753320694,2.0,2.0,0.0944165289402008,0.065108522772789,0.130217045545578,0.10097602649306252,0.130217045545578,0.5881004920198223,0.029308006167411804,0.0024389399130727114,-0.010348446700828613,0.0,0,0.0,0.0,0.0
2022-12-06,16973.12,17085.64,17085.64,16928.86,21026126511.19885,328108161816.87274,0.0,0.0,time,0.0009,41.0,41.0,1.2614326477050781,0.35177615412124774,14.422822318971157,2.889877080030904,14.422822318971157,3.4540202207597637,0.2827471753000383,0.20218530297279358,2.0,2.0,0.09459531307220459,0.0652318000793457,0.1304636001586914,0.10116722430583454,0.1304636001586914,0.5881003829521771,0.029363512992858887,0.0026147907736197573,0.006592699355541853,-0.0,0,0.0,-0.0,0.0
2022-12-07,17076.34,16851.3,17114.69,16750.0,21192130005.603653,324178677956.7833,0.0,0.0,time,0.0193,41.0,41.0,1.2604634761810303,0.3475434336720443,14.249280780553818,2.8784150646895417,14.249280780553818,3.4416329163420154,0.28511997110334897,0.17354153841733932,2.0,2.0,0.094522625207901,0.0651816874742508,0.1303633749485016,0.10108949509301984,0.1303633749485016,0.5881005132584822,0.029340937733650208,0.0010630007471115126,-0.013810539468008221,0.0,0,0.0,0.0,0.0
2022-12-08,16849.19,17235.01,17291.85,16799.07,22674029585.253864,331389860355.59094,0.0,0.0,time,0.0314,41.0,41.0,1.2616496086120605,0.35132934525609016,14.404503155499697,2.8973269346631754,14.404503155499697,3.445116816756538,0.2851520220977438,0.15522237494587898,4.0,4.0,0.09461155533790588,0.041894182562828064,0.16757673025131226,0.10618050562843225,0.16757673025131226,1.0778705906337,0.03261061807555656,0.027527908873201355,0.022514975025668574,-0.0,0,0.0,-0.0,0.0
2022-12-09,17226.04,17149.82,17309.57,17085.83,23179829829.170135,329756788298.6587,0.0,0.0,time,0.0377,41.0,41.0,1.2619925737380981,0.34238791420328907,14.037904482334852,2.8586948594650226,14.037904482334852,3.433863091936528,0.2865151195959402,0.37102874368429184,3.0,3.0,0.09463727474212646,0.05615674455960592,0.16847023367881775,0.10809254198454683,0.16847023367881775,0.9891068752046446,0.027222893270692432,0.05343706452690275,-0.004955102253292429,0.0,0,0.0,0.0,0.0
2022-12-10,17138.35,17125.36,17227.56,17107.75,14234368489.844261,329283186564.5152,0.0,0.0,time,0.0124,41.0,41.0,1.2639528512954712,0.3360301609628084,13.777236599475145,2.8455208296178327,13.777236599475145,3.413664938642613,0.2908113863492227,0.2908773347735405,3.0,3.0,0.09478428959846497,0.056243966023127236,0.1687318980693817,0.1082604428755977,0.1687318980693817,0.9891067316035642,0.027265193621101618,0.0028591811690171455,-0.0014272721049050062,0.0,0,0.0,0.0,0.0
2022-12-11,17121.26,17101.04,17256.59,17098.26,15681124918.738192,328868814164.99066,0.0,1.0,time,-0.0283,41.0,41.0,1.2667220830917358,0.3347309253564695,13.72396793961525,2.8475670501808166,13.72396793961525,3.406184474225782,0.29279151065951625,0.10753018781542778,4.0,4.0,0.09499195218086243,0.03910013288259506,0.15640053153038025,0.10389796154616263,0.15640053153038025,1.0067309138098286,0.03420345321638416,0.04786602492600228,-0.0014211254524606812,0.0,0,0.0,0.0,0.0
2022-12-12,17030.47,17179.6,17208.04,16869.54,21633829199.489113,330715694645.24335,0.0,1.0,time,-0.022,41.0,41.0,1.275113821029663,0.3336882123314753,13.681216705590487,2.8636089712030404,13.681216705590487,3.391242100608035,0.297755653422462,0.25568127259612083,3.0,3.0,0.09562128782272339,0.04039314389228821,0.12117943167686462,0.09810047365526003,0.12117943167686462,0.6068521715015311,0.03970258056632704,0.034783605777170205,0.004583353025299094,-0.0,0,0.0,-0.0,0.0
2022-12-13,17213.99,17784.16,17942.24,17123.75,28941242217.591747,342102502914.68976,0.0,1.0,lower,-0.0675,41.0,41.0,1.2832618951797485,0.3319327328808424,13.609242048114538,2.858903460486701,13.609242048114538,3.3899202384188647,0.29861371127078173,0.2264573946595192,3.0,3.0,0.09623229503631592,0.04065123200416565,0.12195369601249695,0.09872731862203378,0.12195369601249695,0.6068510106335173,0.03995629050152626,0.009044011646051432,0.03458554007454561,-0.0,0,0.0,-0.0,0.0
2022-12-14,17777.46,17808.72,18323.21,17659.08,27267536668.811485,342692750075.4062,0.0,1.0,lower,-0.0689,41.0,41.0,1.304359793663025,0.3299927160870738,13.529701359570026,2.89100206555673,13.529701359570026,3.3684550496837957,0.308149078728169,0.4233707897365093,3.0,3.0,0.09781444072723389,0.041319578886032104,0.12395873665809631,0.10035048391161436,0.12395873665809631,0.6068513808909266,0.040613203203466085,0.02227235995635004,0.0013800515101876683,-0.0,0,0.0,-0.0,0.0
2022-12-15,17819.98,17338.36,17849.89,17302.46,22754686787.817104,333854506370.7365,0.0,1.0,lower,-0.0543,41.0,41.0,1.343356966972351,0.3398475091813541,13.933747876435518,3.0666080693757642,13.933747876435518,3.33671456229107,0.3374486606586491,0.7708709947764874,4.0,4.0,0.10073885321617126,0.04041391611099243,0.16165566444396973,0.10879682680215971,0.16165566444396973,0.9935608844929256,0.03641294776763412,0.05570824129427088,-0.026766837111268177,0.0,0,0.0,0.0,0.0
2022-12-16,17339.04,16623.76,17516.95,16562.31,22250411214.773224,318992400741.96515,0.0,0.0,time,0.0115,41.0,41.0,1.3688771724700928,0.34629836496783467,14.198232963681221,3.1248510426611618,14.198232963681221,3.336700722662078,0.34386147161339553,0.26448508724570274,4.0,4.0,0.10265260934829712,0.04118166118860245,0.1647266447544098,0.11086365839711493,0.1647266447544098,0.9935606227328911,0.03710469606458464,0.034366012505491074,-0.04208839057740204,0.0,0,0.0,0.0,0.0
2022-12-17,16650.25,16806.49,16806.49,16600.36,15086383815.776106,323096167353.6004,1.0,1.0,time,0.0011,41.0,41.0,1.4101110696792603,0.3581993043786142,14.686171479523182,3.2258525354393552,14.686171479523182,3.3381368334445938,0.35426144997418424,0.4879385158419609,4.0,4.0,0.10574474930763245,0.042422160506248474,0.1696886420249939,0.11420313980548669,0.1696886420249939,0.9935610884557838,0.038222370195213906,0.05195784822364744,0.01093212404066655,-0.001,1,0.001,-0.0,1.0
2022-12-18,16783.53,16742.82,16824.07,16685.01,11134054723.147482,322740705484.67255,1.0,1.0,time,0.0029,41.0,41.0,1.4662892818450928,0.3679298438676974,15.085123598575592,3.346584953749129,15.085123598575592,3.320453775361371,0.3711998896890351,0.6260427162051201,4.0,4.0,0.10995757579803467,0.04411224275827408,0.1764489710330963,0.11875294956121406,0.1764489710330963,0.9935609409067412,0.03974513550369602,0.06876393993079316,-0.0037956116796061252,-0.0037956116796061252,0,0.0,-0.0037956116796061252,1.0
2022-12-19,16752.11,16422.56,16801.16,16382.07,17719672544.8918,316270478163.65466,1.0,1.0,time,0.0256,41.0,41.0,1.5224237442016602,0.3487525476006473,14.29885445162654,3.1281395435716175,14.29885445162654,3.3500631228646776,0.34210592733690653,1.1406226269900799,4.0,4.0,0.11416712403297424,0.04580100625753403,0.1832040250301361,0.12329920997684857,0.1832040250301361,0.9935609548798695,0.04126671323265371,0.06896546704167902,-0.019313510353158668,-0.019313510353158668,0,0.0,-0.019313510353158668,1.0
2022-12-20,16454.22,16899.33,17026.84,16423.49,24938219697.886032,325120443529.51874,1.0,0.0,time,-0.0034,41.0,41.0,1.5900276899337769,0.34972522480458745,14.338734216988087,3.1807953060192253,14.338734216988087,3.344172312523755,0.35278825720683754,0.7453345917165279,4.0,4.0,0.1192367672920227,0.04783482104539871,0.19133928418159485,0.12877437117833174,0.19133928418159485,0.9935608420870516,0.04309918286520487,0.08197258832038769,0.028617976870785593,0.028617976870785593,0,0.0,0.028617976870785593,1.0
2022-12-21,16916.07,16816.85,16937.02,16751.23,16062767787.358068,323127932459.19025,1.0,1.0,time,0.0049,41.0,41.0,1.6712570190429688,0.3414676687339457,14.000174418091774,3.123274444896346,14.000174418091774,3.357482078941606,0.3483142797899116,1.1711219623684883,4.0,4.0,0.1253281831741333,0.050278544425964355,0.20111417770385742,0.13535302587147585,0.20111417770385742,0.9935610175754102,0.045300975414966846,0.09742906207823938,-0.004892616217595443,-0.004892616217595443,0,0.0,-0.004892616217595443,1.0
2022-12-22,16822.64,16824.79,16882.23,16599.91,17847826941.681046,323519254392.6745,1.0,0.0,time,-0.0073,41.0,41.0,1.750699758529663,0.3470545811805783,14.229237828403711,3.2352723875815457,14.229237828403711,3.3341461447359104,0.36721314495017415,0.5920878313481808,4.0,4.0,0.1312856376171112,0.05266852676868439,0.21067410707473755,0.14178700825972387,0.21067410707473755,0.9935610788376079,0.04745434875569495,0.09580351578146849,0.00047203407131364355,0.00047203407131364355,0,0.0,0.00047203407131364355,1.0
2022-12-23,16830.39,16791.46,16914.54,16782.06,16765392449.950893,323013370317.24255,1.0,0.0,time,-0.0152,41.0,41.0,1.6920223236083984,0.3252692621473859,13.336039748042822,2.8760578540878172,13.336039748042822,3.403405279011866,0.3097561972547285,1.3415359482169151,4.0,4.0,0.13883930444717407,0.05569887161254883,0.2227954864501953,0.1499448845759815,0.2227954864501953,0.9935611243131955,0.05018468694447447,0.11983347124944908,-0.0019829701957598585,-0.0019829701957598585,0,0.0,-0.0019829701957598585,1.0
2022-12-24,16793.8,16848.57,16865.73,16793.8,10169853734.117493,324072643385.91296,1.0,0.0,time,-0.0122,41.0,41.0,1.9101773500442505,0.34742125214599984,14.244271337985992,3.108508596921242,14.244271337985992,3.404202683478984,0.3390828056642528,1.2913931347429752,4.0,4.0,0.15674006938934326,0.09588899463415146,0.38355597853660583,0.20592402506928467,0.38355597853660583,1.31459592551591,0.03750302298796082,0.250138610570284,0.0033953628974761267,0.0033953628974761267,0,0.0,0.0033953628974761267,1.0
2022-12-25,16844.14,16842.18,16868.7,16715.0,12574453968.75801,323868581953.1157,1.0,0.0,time,-0.0142,41.0,41.0,2.2934300899505615,0.37283350236532165,15.286173596978188,3.260046589715688,15.286173596978188,3.4478825825105277,0.34671651902619094,2.3161240071058273,4.0,4.0,0.18818795680999756,0.10948561877012253,0.4379424750804901,0.24747022638651414,0.4379424750804901,1.2259134754337393,0.05764787523813462,0.44777672981910394,-0.00037933261067935644,-0.00037933261067935644,0,0.0,-0.00037933261067935644,1.0
2022-12-26,16842.72,16900.08,16919.55,16813.52,12574997282.039291,325036912914.6697,0.0,1.0,time,-0.0215,41.0,41.0,2.921259641647339,0.45324611264031106,18.583090618252754,4.045357543972925,18.583090618252754,3.4321859717933436,0.44012758890179926,3.2193142092043727,4.0,4.0,0.23970472812652588,0.14349861443042755,0.5739944577217102,0.3259355995112275,0.5739944577217102,1.2170283001080826,0.07724410277641469,0.5993532474144387,0.0034319015281483374,0.0024319015281483373,1,0.001,0.0034319015281483374,0.0
2022-12-27,16895.75,16701.84,16961.42,16642.16,17436062121.5136,321351469136.8621,-1.0,1.0,time,-0.0052,41.0,41.0,1.6203696727752686,0.5802525485434183,23.79035449028015,4.1966170472930715,23.79035449028015,3.5822618750177635,0.30472621930042687,7.447073439949594,6.0,6.0,0.3571826219558716,0.15707900126775107,0.9424740076065063,0.4900542940838671,0.9424740076065063,1.47268650621786,0.12390206839435225,0.7946361276947571,-0.011799462651537253,-0.001,1,0.001,0.0,1.0
2022-12-28,16699.69,16538.91,16795.7,16492.51,19113614755.874695,318288869204.81464,-1.0,0.0,time,0.0082,41.0,41.0,1.3991297483444214,0.6369068509921795,26.11318089067936,4.511669484119781,26.11318089067936,3.600777350029621,0.301358619663533,2.8471599370241165,7.0,7.0,0.415696382522583,0.16142467941556657,1.129972755908966,0.5712950513378316,1.129972755908966,1.5618263637988408,0.14341375995557476,1.0105758597573122,-0.009803106416541058,0.009803106416541058,0,0.0,0.009803106416541058,1.0
2022-12-29,16541.38,16644.38,16671.55,16511.43,15683731676.998154,320297298175.87695,-1.0,0.0,time,0.002,41.0,41.0,1.5043805837631226,0.6671924631043178,27.35489098727703,4.757478103533921,27.35489098727703,3.5949316149225496,0.32694524080375525,1.7688484489917755,5.0,5.0,0.3434431552886963,0.13996846675872804,0.6998423337936401,0.415815559744976,0.6998423337936401,1.2405821627624378,0.12243097752781522,0.7098281876803958,0.006356835332742565,-0.006356835332742565,0,0.0,-0.006356835332742565,1.0
2022-12-30,16646.17,16604.02,16646.66,16421.76,17497327983.349342,319722045805.09534,-1.0,0.0,time,0.015,41.0,41.0,1.5690690279006958,0.6956933478756648,28.52342726290226,5.058429890698458,28.52342726290226,3.572112066300137,0.37430111634869767,1.8229739964008331,5.0,5.0,0.35792481899261475,0.14587030410766602,0.7293515205383301,0.4333487916650393,0.7293515205383301,1.240581475963494,0.1275934536998155,0.30350978809509027,-0.0024277871912027175,0.0024277871912027175,0,0.0,0.0024277871912027175,1.0
2022-12-31,16609.13,16540.69,16634.52,16507.59,12013247678.029587,318278329991.7019,0.0,0.0,time,0.0175,41.0,41.0,1.5707401037216187,0.6934186772602361,28.430165767669678,5.110801238938472,28.430165767669678,3.556266028132885,0.3952856751159965,1.2218707650899887,5.0,5.0,0.3583059310913086,0.16678521633148194,0.8339260816574097,0.4692780719880416,0.8339260816574097,1.2646653278269298,0.12738553050885912,0.22118949582550795,-0.003821428944105957,0.002821428944105957,1,0.001,0.003821428944105957,0.0
2023-01-01,16542.46,16615.97,16621.71,16512.1,9799252684.089952,319832024054.6308,0.0,0.0,time,0.0205,41.0,41.0,1.5671374797821045,0.6947324072442403,28.484028697013855,5.113333234363126,28.484028697013855,3.557324686875482,0.3937746954223024,0.3735017776489258,5.0,5.0,0.22896075248718262,0.1175614356994629,0.5878071784973145,0.3228774701535842,0.5878071784973145,1.313142304043364,0.08384080738421346,0.2646473038803536,0.004540875308505646,-0.0,0,0.0,-0.0,0.0
2023-01-02,16619.07,16674.34,16759.71,16554.8,13023861027.769472,321486454934.26776,0.0,0.0,time,0.0164,41.0,41.0,1.5896912813186646,0.6789386148859815,27.83648321032524,5.043231961042335,27.83648321032524,3.548621233057305,0.3992347942570373,0.9939975440502167,5.0,5.0,0.23225581645965576,0.11833703517913818,0.5916851758956909,0.3187043061036252,0.5916851758956909,1.3860804195685539,0.07944075182681784,0.14143052860669972,0.003506729724979496,-0.0,0,0.0,-0.0,0.0
2023-01-03,16671.68,16677.65,16759.22,16625.15,15367167883.495031,321080820418.18396,0.0,0.0,time,0.0235,41.0,41.0,1.5907434225082397,0.6665465802681155,27.328409790992737,5.0197506005317925,27.328409790992737,3.5322155622156193,0.4126723734802695,0.941911518573761,5.0,5.0,0.23240959644317627,0.12312932014465332,0.6156466007232666,0.3234472027301457,0.6156466007232666,1.420542449266323,0.07591303650564021,0.027795435727802742,0.00019848890641122708,-0.0,0,0.0,-0.0,0.0
2023-01-04,16676.36,16855.17,16972.97,16658.53,20836560771.723633,324397588037.39484,0.0,0.0,time,0.02,41.0,41.0,1.5914233922958374,0.6655649302936182,27.288162142038345,4.978788010319242,27.288162142038345,3.5424755853105308,0.40201584478517743,0.735538512468338,4.0,4.0,0.23250889778137207,0.128981351852417,0.515925407409668,0.3129878928086525,0.515925407409668,1.1033942237049719,0.08862373347768161,0.09318645155570714,0.010587934948158873,-0.0,0,0.0,-0.0,0.0
2023-01-05,16859.82,16832.1,16872.54,16781.94,14919039445.106901,324138957221.0557,0.0,0.0,upper,0.0353,41.0,41.0,1.5926859378814697,0.6745602150515813,27.65696881711483,5.055127472258951,27.65696881711483,3.538874728121092,0.41017613491598626,0.45645685493946075,6.0,6.0,0.23269343376159668,0.11657380064328511,0.6994428038597107,0.3445160388408082,0.6994428038597107,1.5399242970013123,0.07869201043735742,0.1349952604116769,-0.001369657060755164,0.0,0,0.0,0.0,0.0
2023-01-06,16831.56,16960.23,17021.29,16710.14,19046576249.728558,326571439011.6566,0.0,0.0,upper,0.0277,41.0,41.0,1.5903406143188477,0.6567230137383065,26.92564356327057,4.948474166673021,26.92564356327057,3.5358221771113945,0.407392265887882,0.7313252538442612,6.0,6.0,0.23235070705413818,0.13477559884389242,0.8086535930633545,0.3655611638607966,0.8086535930633545,1.6736126243075835,0.06409393140914524,0.1228727091262542,0.007583413990267725,-0.0,0,0.0,-0.0,0.0
2023-01-07,16957.16,16950.86,16987.41,16914.33,9594456673.448975,326371741274.41095,0.0,0.0,upper,0.0283,41.0,41.0,1.5889017581939697,0.6282300645621811,25.757432647049427,4.794360089117819,25.757432647049427,3.521262782549553,0.4073799415932685,1.0188511641602944,6.0,6.0,0.23214054107666016,0.13465366760889688,0.8079220056533813,0.36523045163036066,0.8079220056533813,1.6736126001987137,0.06403595551843447,0.007931060203752817,-0.0005526215900731804,0.0,0,0.0,0.0,0.0
2023-01-08,16952.25,17074.62,17074.62,16923.76,11841041542.993702,328470896861.37854,0.0,0.0,upper,0.021,41.0,41.0,1.581576943397522,0.6312146379453379,25.879800155758858,4.826844461762469,25.879800155758858,3.5190714238959115,0.41209514567461863,0.3072791025042534,7.0,7.0,0.19446110725402832,0.10143116542271205,0.7100181579589844,0.29759024935545014,0.7100181579589844,1.8358756837959977,0.048612149096367074,0.22474084693133517,0.007274580448309574,-0.0,0,0.0,-0.0,0.0
2023-01-09,17144.93,17194.91,17390.34,17119.13,25532751567.198166,331158152699.25574,0.0,0.0,upper,0.0456,41.0,41.0,1.9995017051696777,0.6229804685203041,25.542199209332466,4.8394064531812715,25.542199209332466,3.5098478661555172,0.4279150698907452,1.506228506565094,6.0,6.0,0.19646990299224854,0.10559996962547302,0.6335998177528381,0.28876378422426835,0.6335998177528381,1.6705072622389732,0.05240292862381337,0.1383748734689344,0.007020259340063204,-0.0,0,0.0,-0.0,0.0
2023-01-10,17191.95,17436.9,17489.9,17180.42,21858206845.29233,335743942932.3494,0.0,0.0,upper,0.0316,41.0,41.0,1.69743812084198,0.6278927462493501,25.743602596223354,4.738788953685146,25.743602596223354,3.539522605436988,0.3917409365170598,1.767611749470234,7.0,7.0,0.31300514936447144,0.14086681604385376,0.9860677123069763,0.43825467531927687,0.9860677123069763,1.7651573175605595,0.08714760991958598,0.7071694224418482,0.01397524059658704,-0.0,0,0.0,-0.0,0.0
2023-01-11,17440.38,17996.83,17996.83,17339.76,25439279072.98185,345688973386.69006,1.0,1.0,upper,0.0472,41.0,41.0,1.5967406034469604,0.5889148123380614,24.14550730586052,4.438571439919012,24.14550730586052,3.541092258538292,0.3656357484866329,1.598095290362835,7.0,7.0,0.2944366931915283,0.1325101511819022,0.9275710582733154,0.4122560100401935,0.9275710582733154,1.7651573615920741,0.08197772924965317,0.5756813562106513,0.03160698088822655,-0.001,1,0.001,-0.0,1.0
2023-01-12,17987.02,18866.81,18989.18,17912.99,48025109150.17737,363381125082.7658,1.0,1.0,upper,0.0554,41.0,41.0,2.0000076293945312,0.5149103953707509,21.111326210200787,4.067904833300524,21.111326210200787,3.4995617352072017,0.37212010935018003,3.8407151475548744,6.0,6.0,0.2344924807548523,0.11674604813257854,0.7004762887954712,0.3260892269029058,0.7004762887954712,1.6467005021470877,0.06397440292112766,0.7997935426298659,0.04720866240964302,0.04720866240964302,0,0.0,0.04720866240964302,1.0
2023-01-13,18865.26,19941.78,19980.93,18769.89,39514419053.17687,382675302196.4898,1.0,1.0,upper,0.0526,41.0,41.0,1.7705680131912231,0.409642327122572,16.79533541202545,3.4389388627578454,16.79533541202545,3.440029173000037,0.3473319990034128,4.55833466674502,6.0,6.0,0.1720118224620819,0.08563899497191112,0.5138339698314667,0.23920255383583444,0.5138339698314667,1.6467005609280139,0.04692837983351363,0.65034698822384,0.055412734667655054,0.055412734667655054,0,0.0,0.055412734667655054,1.0
2023-01-14,19935.7,21019.0,21095.0,19935.7,49498711311.53301,405209898132.0056,1.0,1.0,time,0.003,41.0,41.0,1.3464851379394531,0.33026302042530803,13.54078383743763,2.869973411250501,13.54078383743763,3.3953066743624642,0.30302246605138977,3.463431956560536,6.0,6.0,0.12733396887779236,0.06339537103970845,0.38037222623825073,0.1770727937378588,0.38037222623825073,1.646700408100514,0.034739352964988805,0.47467588087069285,0.052609762224873756,0.052609762224873756,0,0.0,0.052609762224873756,1.0
2023-01-15,20923.0,20853.0,21094.0,20586.0,23072133987.553684,401697403586.5178,1.0,1.0,upper,0.0851,41.0,41.0,1.142485499382019,0.28847318924054866,11.827400758862495,2.4944018250356863,11.827400758862495,3.3932047142024593,0.2618020313047122,1.757520616054535,6.0,6.0,0.10804221034049988,0.05379065126180649,0.32274390757083893,0.1502453509221717,0.32274390757083893,1.6467005679888786,0.02947614994847761,0.35227849500966885,-0.007928967791384372,-0.007928967791384372,0,0.0,-0.007928967791384372,1.0
2023-01-16,20906.0,21175.0,21446.0,20512.0,34809391745.54498,407760358639.0028,1.0,1.0,upper,0.0698,41.0,41.0,0.9964461922645569,0.2718840543089843,11.147246226668358,2.3404146141448203,11.147246226668358,3.3865367567503433,0.24429001495201724,1.26802596449852,6.0,6.0,0.09423160552978516,0.0440210352341334,0.2641262114048004,0.12987357172111652,0.2641262114048004,1.5101603841138993,0.029552313426338017,0.29153130920293835,0.01532341775165955,0.01532341775165955,0,0.0,0.01532341775165955,1.0
2023-01-17,21167.0,21157.0,21396.0,20973.0,33278841336.508595,407405144842.9396,1.0,1.0,upper,0.0707,41.0,41.0,0.9040355086326599,0.2609976816286401,10.700904946774244,2.2797809491703513,10.700904946774244,3.361029755707305,0.24216955326964237,1.049159411340952,6.0,6.0,0.08549255132675171,0.039938509464263916,0.2396310567855835,0.11782906690322772,0.2396310567855835,1.5101600582461248,0.026811632357127895,0.20271055548622346,-0.0008504205369376332,-0.0008504205369376332,0,0.0,-0.0008504205369376332,1.0
2023-01-18,21133.0,20727.0,21576.0,20533.0,40612056908.80891,399349603616.14526,1.0,1.0,upper,0.0912,41.0,41.0,0.9060971736907959,0.2649555632435694,10.863178092986345,2.325566379912621,10.863178092986345,3.3454493952388757,0.24840955153946156,0.7356505319476128,6.0,6.0,0.080381378531456,0.03451884537935257,0.20711307227611542,0.10606764103545739,0.20711307227611542,1.462068142695242,0.02614396156184937,0.12233655064185997,-0.020533621826412923,-0.020533621826412923,0,0.0,-0.020533621826412923,1.0
2023-01-19,20721.0,21082.0,21189.0,20689.0,29144534677.57505,406258441952.3726,1.0,1.0,upper,0.0742,41.0,41.0,0.8456407785415649,0.25745211028289505,10.555536521598697,2.2235490788284937,10.555536521598697,3.3602511366031003,0.2330406304627381,0.6597121860831976,6.0,6.0,0.07501819729804993,0.032215689619382225,0.19329413771629333,0.09899063289877547,0.19329413771629333,1.4620679937011836,0.024399595132521826,0.133227370427124,0.016982397658229845,0.016982397658229845,0,0.0,0.016982397658229845,1.0
2023-01-20,21090.0,22706.0,22706.0,20918.0,41321936668.62795,436724993652.4275,1.0,1.0,time,0.0207,41.0,41.0,1.1887128353118896,0.25836351922735934,10.592904288321733,2.3137231272688763,10.592904288321733,3.3221567803912353,0.25262015633663976,1.0308806840330362,6.0,6.0,0.04454505443572998,0.0248212864001592,0.1489277184009552,0.07217361222420254,0.1489277184009552,1.5225275981475759,0.015876884403314098,0.17215731668157583,0.07420961090934454,0.07420961090934454,0,0.0,0.07420961090934454,1.0
2023-01-21,22654.0,22771.0,23329.0,22537.0,44077026803.66082,438578588179.0604,1.0,1.0,time,0.0111,41.0,41.0,1.083831548690796,0.2494690408248727,10.22823067381978,2.201605247421398,10.22823067381978,3.3300333834379954,0.2366142672409105,0.8449604213237762,6.0,6.0,0.04210832715034485,0.019452189405759174,0.11671313643455505,0.056935966667061924,0.11671313643455505,1.5256763775147226,0.012723850729028598,0.10450801308854067,0.0028585898041857912,0.0028585898041857912,0,0.0,0.0028585898041857912,1.0
2023-01-22,22768.0,22737.0,23084.0,22399.0,34124364415.43915,438060367560.3554,1.0,1.0,time,0.0151,41.0,41.0,1.0081193447113037,0.24372853343261452,9.992869870737195,2.136193230138465,9.992869870737195,3.3287438433626813,0.22780896993580288,0.7006210405379534,4.0,4.0,0.039166808128356934,0.019127842038869858,0.07651136815547943,0.04779575509009121,0.07651136815547943,1.0161987571410098,0.01432599769977777,0.09089887102567441,-0.001494243048525914,-0.001494243048525914,0,0.0,-0.001494243048525914,1.0
2023-01-23,22690.0,22985.0,23165.0,22665.0,36750647385.65293,442926343072.59235,1.0,1.0,time,0.0016,41.0,41.0,0.9427355527877808,0.22642894757048385,9.283586850389838,1.9732054135661992,9.283586850389838,3.336824648523721,0.2090318451590221,0.7556382678449154,3.0,3.0,0.022339820861816406,0.011640829344590506,0.034922488033771515,0.025616683525679324,0.034922488033771515,0.6624476170287115,0.009123006656528177,0.0553727745104895,0.010848275760189631,0.010848275760189631,0,0.0,0.010848275760189631,1.0
2023-01-24,22912.0,22610.0,23164.0,22595.0,35621897292.95152,435679436196.35767,1.0,1.0,time,0.0512,41.0,41.0,0.8993253111839294,0.2360372044509504,9.677525382488966,2.0577295300593756,9.677525382488966,3.330878297396141,0.21808449814584732,0.7558912727981806,4.0,4.0,0.02131114900112152,0.010552799329161644,0.042211197316646576,0.026006259102467677,0.042211197316646576,1.0377973309671564,0.007597355095335238,0.02468623843912877,-0.016449542968312834,-0.016449542968312834,0,0.0,-0.016449542968312834,1.0
2023-01-25,22630.0,23180.0,23501.0,22317.0,42772537174.72366,446715261348.7517,1.0,0.0,time,-0.0148,41.0,41.0,0.8536416888237,0.2254493245627822,9.24342230707407,1.960336477992787,9.24342230707407,3.332783703678281,0.20712879174566384,0.49581024423241615,3.0,3.0,0.020228587090969086,0.010540708899497986,0.03162212669849396,0.023195768683658562,0.03162212669849396,0.6624480264412609,0.008260832333244376,0.025643069924173992,0.024897551621727087,0.024897551621727087,0,0.0,0.024897551621727087,1.0
2023-01-26,23074.0,23025.0,23262.0,22914.0,37099702812.22777,444005849172.13904,0.0,1.0,time,0.0049,41.0,41.0,0.8199085593223572,0.21840487456903224,8.954599857330322,1.884097142134748,8.954599857330322,3.341959881516333,0.19718097310525962,0.43159884959459305,3.0,3.0,0.019429221749305725,0.010124176740646362,0.030372530221939087,0.02227915037309414,0.030372530221939087,0.6624486144544817,0.00793439090960792,0.014303082689779274,-0.006709255770235083,-0.007709255770235083,1,0.001,-0.006709255770235083,0.0
2023-01-27,23038.0,23083.0,23420.0,22638.0,36109035905.258965,444898315874.05536,0.0,1.0,time,0.0274,41.0,41.0,0.7897223234176636,0.2101817693016151,8.61745254136622,1.8148997844971348,8.61745254136622,3.3402606473431615,0.19016230588443453,0.3751459922641516,3.0,3.0,0.018713906407356262,0.009751439094543457,0.02925431728363037,0.021458909977820705,0.02925431728363037,0.6624481675618777,0.007642275494302324,0.012803134574033377,0.0025158337204905573,0.0,0,0.0,0.0,0.0
2023-01-28,23085.0,23022.0,23165.0,22920.0,19567219823.87809,443702765526.11646,1.0,1.0,time,0.0223,41.0,41.0,0.7653845548629761,0.21860501456369713,8.962805597111583,1.8717501890873605,8.962805597111583,3.348038176145899,0.19406652884026,0.5772694163024426,3.0,3.0,0.018137171864509583,0.009450914959112803,0.02835274487733841,0.020797580767090464,0.02835274487733841,0.6624476461314737,0.007406753338913182,0.010331622736508318,-0.002646135368990794,-0.001,1,0.001,-0.0,1.0
2023-01-29,23008.0,23797.0,23955.0,22997.0,38438621263.58117,458368002025.743,0.0,0.0,time,-0.0146,41.0,41.0,0.7364526391029358,0.2141321460920863,8.779417989775538,1.826869497971154,8.779417989775538,3.3484652974815967,0.1885436190088591,0.3934766948223114,3.0,3.0,0.01745157688856125,0.009093664586544037,0.02728099375963211,0.02001142244631181,0.02728099375963211,0.6624465707466931,0.00712677630459141,0.012269669396533983,0.03310924181936877,0.03210924181936877,1,0.001,0.03310924181936877,0.0
2023-01-30,23755.0,22840.0,23800.0,22672.0,38594596831.97205,439295730927.16473,0.0,1.0,time,0.0217,41.0,41.0,0.7214850783348083,0.2089511117920643,8.566995583474636,1.7860862012687202,8.566995583474636,3.3466723898376802,0.18478865096062774,0.21242240630090237,3.0,3.0,0.017096899449825287,0.00890884796778361,0.02672654390335083,0.01960471797071428,0.02672654390335083,0.6624465024749344,0.006981935031971224,0.006371516029340632,-0.04104613752442956,-0.0,0,0.0,-0.0,0.0
2023-01-31,22846.0,23137.0,23225.0,22732.0,32683643418.329483,445991168199.3282,0.0,0.0,time,-0.0083,41.0,41.0,0.7060239315032959,0.20428962828364314,8.375874759629369,1.7374713609981978,8.375874759629369,3.3553637133228653,0.17859221769663527,0.34103511832654476,3.0,3.0,0.01673050969839096,0.008717931807041168,0.026153795421123505,0.019184587240913896,0.026153795421123505,0.6624470575929104,0.006832310068773126,0.006578873092891403,0.012919682937735549,0.0,0,0.0,0.0,0.0
2023-02-01,23146.0,23725.0,23778.0,22697.0,37452064508.17389,457383099382.75,0.0,0.0,time,-0.0404,41.0,41.0,0.6862545609474182,0.2000690142328783,8.20282958354801,1.690837466907705,8.20282958354801,3.3680137492460682,0.17234390681015782,0.2576969740912318,3.0,3.0,0.016262046992778778,0.008473823467890421,0.025421470403671265,0.018647406120859723,0.025421470403671265,0.6624471067364237,0.00664100149428697,0.008396837659886327,0.02509627677044657,0.0,0,0.0,0.0,0.0
2023-02-02,23757.0,23540.0,24196.0,23520.0,44735297656.69828,453565018922.54517,0.0,0.0,time,-0.0105,41.0,41.0,0.6706133484840393,0.1973768627361917,8.09245137218386,1.6635093974030022,8.09245137218386,3.369323232464177,0.1689278133867851,0.22109771333634853,3.0,3.0,0.01589139550924301,0.008280687034130096,0.02484206110239029,0.018222388435129848,0.02484206110239029,0.6624480616659749,0.006489635506177605,0.0066524305555785606,-0.007828242663860898,-0.0,0,0.0,-0.0,0.0
2023-02-03,23520.0,23452.0,23770.0,23299.0,41267040610.76361,452312595756.25696,0.0,0.0,time,-0.0217,41.0,41.0,0.6589956283569336,0.19173160302112016,7.860995723865926,1.6237056202448037,7.860995723865926,3.3653573344550023,0.16595757830972563,0.23145564831793308,3.0,3.0,0.015616089105606079,0.008137228588263193,0.02441168576478958,0.017906698032281596,0.02441168576478958,0.6624473500984894,0.006377208561912079,0.004952501329364473,-0.003745322730162053,-0.0,0,0.0,-0.0,0.0
2023-02-04,23438.0,23340.0,23539.0,23294.0,21063097082.257824,450197147854.798,0.0,0.0,lower,-0.0673,41.0,41.0,0.6526087522506714,0.189174142779737,7.756139853969216,1.6021497060696888,7.756139853969216,3.3677571213795234,0.1637683203309472,0.1535043464973569,1.0,1.0,0.015464745461940765,0.015464745461940765,0.015464745461940765,0.015464745461940765,0.015464745461940765,-0.0,0.0,0.007544368526918463,-0.004787152243558729,-0.0,0,0.0,-0.0,0.0
2023-02-05,23340.0,22946.0,23411.0,22838.0,26678691424.549904,442933975658.56586,0.0,0.0,lower,-0.0503,41.0,41.0,0.6491672992706299,0.19290421396584773,7.909072772599757,1.6073927161740966,7.909072772599757,3.3915970603798726,0.1606403252241157,0.2257835352793336,2.0,2.0,0.013471193611621857,0.009164806455373764,0.018329612910747528,0.014320520081614295,0.018329612910747528,0.5782817051087353,0.004306387156248093,0.009146635043689118,-0.017024997481458685,-0.0,0,0.0,-0.0,0.0
2023-02-06,22948.0,22786.0,23138.0,22692.0,33963650031.470352,438726385719.1618,0.0,0.0,lower,-0.0433,41.0,41.0,0.6480184197425842,0.19782845092165033,8.110966487787664,1.6277427791681258,8.110966487787664,3.40524289432775,0.15964645538352837,0.21983717568218708,1.0,1.0,0.0048498064279556274,0.0048498064279556274,0.0048498064279556274,0.0048498064279556274,0.0048498064279556274,-0.0,0.0,0.010136689857447867,-0.006997317101027189,-0.0,0,0.0,-0.0,0.0
2023-02-07,22803.0,23295.0,23610.0,22786.0,38850594358.69947,449391195299.20337,0.0,0.0,lower,-0.0654,41.0,41.0,0.6470893025398254,0.19657371858725461,8.059522462077439,1.617661350942282,8.059522462077439,3.407582148000012,0.15869421016413315,0.15568159706890583,0.0,0.0,0.0,0.0,0.0,0.0,0.0,0.0,0.0,0.0034293310126495714,0.022092432992836024,0.0,0,0.0,0.0,0.0
2023-02-08,23259.0,22948.0,23372.0,22808.0,34247782005.793324,442518382691.65485,0.0,0.0,lower,-0.0504,41.0,41.0,0.6468762159347534,0.19701791454742595,8.077734496444464,1.6128997856935727,8.077734496444464,3.4185907434889917,0.15695170252404766,0.14843522105365992,0.0,0.0,0.0,0.0,0.0,0.0,0.0,0.0,0.0,0.0,-0.015007958529135477,-0.0,0,0.0,-0.0,0.0
2023-02-09,22959.0,21821.0,23009.0,21696.0,51161546272.35185,420790678627.7739,0.0,1.0,time,0.0181,41.0,41.0,0.6523072719573975,0.20801975714360796,8.528810042887926,1.6742609214699606,8.528810042887926,3.4398610263834506,0.15842122296508887,0.3768029370199942,0.0,0.0,0.0,0.0,0.0,0.0,0.0,0.0,0.0,0.0,-0.05035797787063278,-0.0,0,0.0,-0.0,0.0
2023-02-10,21810.0,21630.0,21959.0,21479.0,42389972640.44812,417351358181.0193,0.0,1.0,upper,0.1167,41.0,41.0,0.6591402292251587,0.21105466022088035,8.653241069056094,1.6937024320276246,8.653241069056094,3.4443626878964677,0.15944423863711107,0.12443102616816759,0.0,0.0,0.0,0.0,0.0,0.0,0.0,0.0,0.0,0.0,-0.008791568904024459,-0.0,0,0.0,-0.0,0.0
2023-02-11,21644.0,21889.0,21906.0,21633.0,23574706405.838543,422107650473.77954,0.0,1.0,upper,0.1048,41.0,41.0,0.6665096879005432,0.21472298969491954,8.8036425774917,1.7078725472914187,8.8036425774917,3.4580558023845906,0.15822831476645857,0.22314307652413845,0.0,0.0,0.0,0.0,0.0,0.0,0.0,0.0,0.0,0.0,0.011902987566050162,0.0,0,0.0,0.0,0.0
2023-02-12,21890.0,21780.0,22101.0,21691.0,25877166000.550278,420218240428.1313,0.0,1.0,upper,0.1098,41.0,41.0,0.674971342086792,0.21856481922654117,8.961157588288188,1.7303802125768744,8.961157588288188,3.467292110388095,0.15893102444163976,0.19017412420362234,0.0,0.0,0.0,0.0,0.0,0.0,0.0,0.0,0.0,0.0,-0.004992110026203132,-0.0,0,0.0,-0.0,0.0
2023-02-13,21825.0,21808.0,21937.0,21471.0,36761909546.14395,420838871938.82733,0.0,1.0,upper,0.1085,41.0,41.0,0.6846280694007874,0.2315008239139144,9.49153378047049,1.8049120460486847,9.49153378047049,3.4867728256571437,0.1608217922669398,0.45092354725637784,0.0,0.0,0.0,0.0,0.0,0.0,0.0,0.0,0.0,0.0,0.0012847574493624963,0.0,0,0.0,0.0,0.0
2023-02-14,21792.0,22220.0,22291.0,21609.0,45363697019.73754,428649056117.7321,1.0,1.0,upper,0.0898,41.0,41.0,0.6941002011299133,0.23658598732294106,9.700025480240583,1.835782820959218,9.700025480240583,3.4928168504045054,0.1619401018766477,0.20849169977009296,1.0,1.0,0.07376554608345032,0.07376554608345032,0.07376554608345032,0.07376554608345032,0.07376554608345032,-0.0,0.0,0.052160117853536525,0.01871590925730719,-0.001,1,0.001,0.0,1.0
2023-02-15,22168.0,24308.0,24315.0,22088.0,44336284482.19016,468820317786.9533,1.0,1.0,time,0.0195,41.0,41.0,0.6960721611976624,0.24749967730717687,10.147486769594252,1.9030714841696246,10.147486769594252,3.50140982346399,0.16455271028192062,0.41860171749072106,1.0,1.0,0.07397514581680298,0.07397514581680298,0.07397514581680298,0.07397514581680298,0.07397514581680298,-0.0,0.0,0.002045599725459915,0.08981273006162485,0.08981273006162485,0,0.0,0.08981273006162485,1.0
2023-02-16,24323.0,23757.0,25230.0,23757.0,48144978044.45546,459293697174.9459,1.0,1.0,time,0.0274,41.0,41.0,0.7051582932472229,0.25357569981275535,10.39660369232297,1.9251925913349615,10.39660369232297,3.5188492789835912,0.16155044947694724,0.3617074145004153,1.0,1.0,0.0749407410621643,0.0749407410621643,0.0749407410621643,0.0749407410621643,0.0749407410621643,-0.0,0.0,0.009425280590267664,-0.02292829037672363,-0.02292829037672363,0,0.0,-0.02292829037672363,1.0
2023-02-17,23608.0,24629.0,24949.0,23340.0,54200707340.94142,475194230168.09973,1.0,0.0,time,-0.0198,41.0,41.0,0.7100678086280823,0.26815395638710116,10.994312211871147,2.012635407174632,10.994312211871147,3.536155940056177,0.1639849015093834,0.4659757238113215,1.0,1.0,0.07546254992485046,0.07546254992485046,0.07546254992485046,0.07546254992485046,0.07546254992485046,-0.0,0.0,0.00509281650669547,0.03604738651860328,0.03604738651860328,0,0.0,0.03604738651860328,1.0
2023-02-18,24624.0,24643.0,24780.0,24466.0,24900444765.27695,475529620771.9494,1.0,0.0,time,-0.0285,41.0,41.0,0.7180488109588623,0.273310968697798,11.205749716609716,2.040882927118577,11.205749716609716,3.543466066356104,0.1639860800288538,0.21143750473856926,2.0,2.0,0.07631069421768188,0.05425530672073364,0.10851061344146729,0.08282606383260557,0.10851061344146729,0.6080805696930633,0.022055387496948242,0.031047626764633914,0.0005682740857590142,0.0005682740857590142,0,0.0,0.0005682740857590142,1.0
2023-02-19,24636.0,24284.0,25113.0,24284.0,33664683478.33256,470798520570.0436,1.0,0.0,time,-0.0469,41.0,41.0,0.7323294281959534,0.2918178666292167,11.964532531797886,2.163348491239836,11.964532531797886,3.5520857343818424,0.17026609990881886,0.6795525856469099,2.0,2.0,0.07782837748527527,0.05533434450626373,0.11066868901252747,0.0844733236187465,0.11066868901252747,0.6080805339557804,0.022494032979011536,0.0321618076374895,-0.014675187232559714,-0.014675187232559714,0,0.0,-0.014675187232559714,1.0
2023-02-20,24302.0,24787.0,25038.0,23881.0,38997046274.497246,478236525469.6496,1.0,0.0,lower,-0.0674,41.0,41.0,0.7458304762840271,0.30180817987860703,12.374135375022888,2.220848731224509,12.374135375022888,3.5608302508885994,0.17090532337499453,0.4096028432250023,2.0,2.0,0.07926321029663086,0.05896112322807312,0.11792224645614624,0.0881883075203887,0.11792224645614624,0.6326347821005243,0.02030208706855774,0.027363627666581538,0.02050162491689245,0.02050162491689245,0,0.0,0.02050162491689245,1.0
2023-02-21,24791.0,24417.0,25193.0,24216.0,41991954878.4476,470623925511.17865,1.0,0.0,time,-0.0365,41.0,41.0,0.7655172348022461,0.30774566749247106,12.617572367191315,2.2726121002400297,12.617572367191315,3.556484360668347,0.17681204902392195,0.3116941452026367,2.0,2.0,0.08135539293289185,0.06051743030548096,0.12103486061096191,0.0905160765526226,0.12103486061096191,0.6326348280726274,0.02083796262741089,0.044242618545367235,-0.01503971117206589,-0.01503971117206589,0,0.0,-0.01503971117206589,1.0
2023-02-22,24416.0,24146.0,24452.0,23634.0,40336608135.49699,465998918250.2451,1.0,0.0,time,-0.0264,41.0,41.0,0.7920623421669006,0.3132279905967596,12.842347614467144,2.3189368506875887,12.842347614467144,3.5548656890256427,0.18178554637145058,0.4390098974108696,3.0,3.0,0.08417654037475586,0.05060722430547079,0.15182167291641235,0.09735630002310322,0.15182167291641235,0.9857766866631141,0.02446068749698715,0.06590211192380288,-0.01116087610281837,-0.01116087610281837,0,0.0,-0.01116087610281837,1.0
2023-02-23,24167.0,23951.0,24632.0,23658.0,42356618035.349625,461042830140.0772,1.0,0.0,time,-0.0338,41.0,41.0,0.8235000967979431,0.32795460849273494,13.446138948202133,2.431313336501617,13.446138948202133,3.552690375247341,0.19137253324813058,0.6037913337349892,3.0,3.0,0.08751755952835083,0.052615861097971596,0.1578475832939148,0.1012204384661435,0.1578475832939148,0.9857767043202617,0.025431546328888575,0.0916613887003901,-0.008108658271486309,-0.008108658271486309,0,0.0,-0.008108658271486309,1.0
2023-02-24,23964.0,23172.0,24043.0,22978.0,35081974267.07997,447316067422.04736,1.0,1.0,time,0.0197,41.0,41.0,0.8673977851867676,0.34402395912059924,14.104982323944569,2.5482054116415838,14.104982323944569,3.5540194233364804,0.20005480697280473,0.6834016814827919,3.0,3.0,0.09218281507492065,0.055420637130737305,0.16626191139221191,0.10661615686060594,0.16626191139221191,0.9857767541359985,0.02678720990693603,0.11604734870088337,-0.0330654234043317,-0.0330654234043317,0,0.0,-0.0330654234043317,1.0
2023-02-25,23176.0,23157.0,23235.0,22876.0,22999909593.10942,447030240435.99854,1.0,1.0,time,0.0132,41.0,41.0,0.9197763204574585,0.3666134254961479,15.031150445342064,2.7085203295105567,15.031150445342064,3.5564227236931094,0.2110057692805747,0.949725903570652,4.0,4.0,0.09774929285049438,0.04917459189891815,0.1966983675956726,0.11487939670242216,0.1966983675956726,1.2166837134678175,0.029684650212744187,0.14964557631569508,-0.0006475425985511822,-0.0006475425985511822,0,0.0,-0.0006475425985511822,1.0
2023-02-26,23167.0,23541.0,23691.0,23075.0,24469102669.371048,454284528651.50226,1.0,0.0,lower,-0.0512,41.0,41.0,0.9852694869041443,0.3826290886940026,15.687792636454105,2.8479675404128653,15.687792636454105,3.550745871915498,0.22676480300395846,1.0730637237429619,4.0,4.0,0.10470962524414062,0.05267612636089325,0.210704505443573,0.12305950699132738,0.210704505443573,1.2166838338469361,0.03179836909101386,0.19489975362341375,0.016446471177619396,0.016446471177619396,0,0.0,0.016446471177619396,1.0
2023-02-27,23547.0,23518.0,23868.0,23174.0,28832423816.478718,454364917718.867,1.0,0.0,lower,-0.0502,41.0,41.0,1.06862211227417,0.4023728995788388,16.49728888273239,3.0080548091306043,16.49728888273239,3.549116944869432,0.24246356386058326,1.0285997614264488,3.0,3.0,0.11356794834136963,0.06827743848164876,0.2048323154449463,0.13134960032071805,0.2048323154449463,0.9857767191737155,0.033001473136646385,0.22134425294611465,-0.0009774964122217858,-0.0009774964122217858,0,0.0,-0.0009774964122217858,1.0
2023-02-28,23483.0,23156.0,23552.0,23063.0,25534054046.06684,446010055987.85736,1.0,0.0,time,-0.0322,41.0,41.0,1.1816949844360352,0.4420298308860965,18.123223066329956,3.3014686870207157,18.123223066329956,3.550929850620096,0.2654352276994152,1.6259341835975647,3.0,3.0,0.12558472156524658,0.07550197839736938,0.22650593519210815,0.14524789323027795,0.22650593519210815,0.985776768230676,0.03649339785990392,0.2531891506934327,-0.015512159184465786,-0.015512159184465786,0,0.0,-0.015512159184465786,1.0
2023-03-01,23147.0,23634.0,23884.0,23079.0,32507897259.084335,456417315966.7193,1.0,0.0,lower,-0.0551,41.0,41.0,1.3278720378875732,0.49219231343850856,20.17988485097885,3.6804797229642627,20.17988485097885,3.5508818183807818,0.29687587869652154,2.0882782340049744,3.0,3.0,0.14111971855163574,0.08484164873758952,0.25452494621276855,0.16321522200328295,0.25452494621276855,0.9857766442042024,0.04100769282319016,0.27614004853569635,0.020432427000065534,0.020432427000065534,0,0.0,0.020432427000065534,1.0
2023-03-02,23622.0,23464.0,23693.0,23227.0,27432755758.440197,453067155320.8529,1.0,0.0,lower,-0.0479,41.0,41.0,1.3373812437057495,0.5199922112430014,21.31968066096306,3.8456583129294835,21.31968066096306,3.566017761272952,0.30052880101884505,1.6303763687610626,4.0,4.0,0.16010797023773193,0.07327383756637573,0.29309535026550293,0.18522701780252082,0.29309535026550293,1.0480678269789152,0.05664103423579256,0.30537681645588455,-0.0072190215416739565,-0.0072190215416739565,0,0.0,-0.0072190215416739565,1.0
2023-03-03,23469.0,22367.0,23488.0,22215.0,34239649135.070206,431727585101.1504,1.0,0.0,time,-0.0297,41.0,41.0,1.497426986694336,0.5625135695062032,23.063056349754333,4.169896603678645,23.063056349754333,3.567720670330098,0.32814168319855747,2.0731582939624786,4.0,4.0,0.1792682409286499,0.08204255998134613,0.3281702399253845,0.20739326783260825,0.3281702399253845,1.0480676251831782,0.06341932069392747,0.36234582750008804,-0.04788067334701684,-0.04788067334701684,0,0.0,-0.04788067334701684,1.0
2023-03-04,22362.0,22348.0,22465.0,22158.0,13392431931.930376,431837491811.49384,1.0,0.0,lower,-0.0924,41.0,41.0,1.6125322580337524,0.5943538681036089,24.368508592247963,4.4157090116648785,24.368508592247963,3.5680133704063115,0.34973748810339667,1.627364531159401,5.0,5.0,0.193048357963562,0.09653720855712891,0.48268604278564453,0.2580590964775167,0.48268604278564453,1.3484515473398953,0.06324133789663097,0.4222002636320876,-0.000849826731230754,-0.000849826731230754,0,0.0,-0.000849826731230754,1.0
2023-03-05,22381.0,22422.0,22671.0,22267.0,16080097920.160833,433081135066.3954,1.0,0.0,lower,-0.0957,41.0,41.0,1.6673109531402588,0.6130823685628611,25.13637711107731,4.557433773077793,25.13637711107731,3.5677487030880024,0.36155264703307405,0.8302621841430664,5.0,5.0,0.1996062994003296,0.08878991603851319,0.4439495801925659,0.24391564429738702,0.4439495801925659,1.32934036577742,0.06336654571992753,0.241828828357479,0.0033057881344994103,0.0033057881344994103,0,0.0,0.0033057881344994103,1.0
2023-03-06,22433.0,22415.0,22576.0,22356.0,21124920006.057713,432758824798.3097,-1.0,1.0,lower,-0.0954,41.0,41.0,1.642691969871521,0.6014406154068505,24.65906523168087,4.413361169507161,24.65906523168087,3.5837061432685937,0.3366547570859938,1.2728707492351532,4.0,4.0,0.2085857391357422,0.09545981884002686,0.3818392753601074,0.24131035625562824,0.3818392753601074,1.0480681224495345,0.07379088694468858,0.29716198351571504,-0.0003122421239990614,-0.0013122421239990614,1,0.001,-0.0003122421239990614,1.0
2023-03-07,22414.0,22217.0,22559.0,22011.0,27780357943.162678,427994888566.54205,-1.0,1.0,lower,-0.0865,41.0,41.0,1.6940535306930542,0.6178112945905546,25.330263078212738,4.510929879558924,25.330263078212738,3.5887348123170524,0.3385465977808146,1.0170032531023026,3.0,3.0,0.10491430759429932,0.05955684185028076,0.17867052555084229,0.12513081340470739,0.17867052555084229,0.791670543715671,0.04089282019208114,0.3014887894254943,-0.008872616012412269,0.008872616012412269,0,0.0,0.008872616012412269,1.0
2023-03-08,22202.0,21713.0,22292.0,21683.0,28493032424.783108,419694984165.3824,-1.0,1.0,lower,-0.0636,41.0,41.0,1.832172155380249,0.631410333441525,25.887823671102524,4.604802899244343,25.887823671102524,3.5936755315853546,0.34423369701704254,1.2618618309497833,3.0,3.0,0.1071392297744751,0.06081986427307129,0.18245959281921387,0.12778447679834581,0.18245959281921387,0.7916702049906338,0.04176004805250484,0.11036224879656675,-0.022946602083355635,0.022946602083355635,0,0.0,0.022946602083355635,1.0
2023-03-09,21731.0,20376.0,21824.0,20207.0,40173833477.660774,392841773384.4403,-1.0,0.0,upper,0.081,41.0,41.0,1.7946550846099854,0.6415110092337538,26.301951378583908,4.704198110245661,26.301951378583908,3.5850383973020863,0.3580601014663689,0.9742372632026672,3.0,3.0,0.10494542121887207,0.059574524561564125,0.17872357368469238,0.1251679230659402,0.17872357368469238,0.7916715084030489,0.0409049183449941,0.10893543735263622,-0.06355342183447898,0.06355342183447898,0,0.0,0.06355342183447898,1.0
2023-03-10,20368.0,20195.0,20368.0,19647.57,51593890225.48742,390202255053.33545,-1.0,0.0,upper,0.09,41.0,41.0,1.4722230434417725,0.5766210399749803,23.64146263897419,4.1571817603202,23.64146263897419,3.6013173569747075,0.29836936574115813,2.5441291555912224,3.0,3.0,0.10013890266418457,0.05684598286946615,0.17053794860839844,0.11943517669015212,0.17053794860839844,0.7916715755367183,0.03903145793596467,0.1633783891265161,-0.008922688661779721,0.008922688661779721,0,0.0,0.008922688661779721,1.0
2023-03-11,20161.0,20522.0,20681.0,19950.03,37746654239.61721,394742728281.98926,-1.0,0.0,upper,0.0739,41.0,41.0,1.3870500326156616,0.5600549778560313,22.962254092097282,4.052546717869704,22.962254092097282,3.595073536669297,0.29479261802992396,1.2488018572330475,4.0,4.0,0.0943455696105957,0.04206870496273041,0.16827481985092163,0.11278210185012107,0.16827481985092163,0.9399779840085718,0.037552292702197454,0.1847963773035173,0.016062432424641282,-0.016062432424641282,0,0.0,-0.016062432424641282,1.0
2023-03-12,20482.0,22096.0,22096.0,20335.0,36639901908.82403,425816781283.92786,-1.0,0.0,upper,0.0901,41.0,41.0,1.3780949115753174,0.561767330620347,23.032460555434227,4.044689446219931,23.032460555434227,3.60113613477657,0.2888424683540035,0.28999894857406616,4.0,4.0,0.09373641014099121,0.03665177524089813,0.14660710096359253,0.10237551522978355,0.14660710096359253,0.9116783275257339,0.03573281267031183,0.04741361484619741,0.0738991152269188,-0.0738991152269188,0,0.0,-0.0738991152269188,1.0
2023-03-13,22192.0,24179.0,24469.0,21993.0,66799159801.958115,466509005562.78174,-1.0,0.0,upper,0.1275,41.0,41.0,1.4858629703521729,0.5813792831287151,23.83655060827732,4.24177325649874,23.83655060827732,3.5865228945927874,0.3175578938823336,0.9285250008106232,4.0,4.0,0.16873562335968018,0.07648159563541412,0.3059263825416565,0.19651466115802854,0.3059263825416565,1.0228988617645594,0.06168523763085214,0.1478911776586453,0.09008789117153757,-0.09008789117153757,0,0.0,-0.09008789117153757,1.0
2023-03-14,24202.0,24759.0,26402.0,24102.0,70714394276.37074,478406045309.6089,-1.0,0.0,upper,0.1038,41.0,41.0,1.4449729919433594,0.5759513777930562,23.614006489515305,4.165363512628417,23.614006489515305,3.596585984645378,0.3024184477647324,0.5737710148096085,4.0,4.0,0.17673957347869873,0.07753871381282806,0.31015485525131226,0.20207033282163045,0.31015485525131226,1.0047722658557618,0.06477540205906461,0.17406725964809977,0.023704571440183037,-0.023704571440183037,0,0.0,-0.023704571440183037,1.0
2023-03-15,24782.0,24471.0,25239.0,24178.0,63107437928.81401,472833547484.0809,-1.0,0.0,upper,0.1155,41.0,41.0,1.3006905317306519,0.5559950220148738,22.795795902609825,4.009002996285202,22.795795902609825,3.5989674277754653,0.28787514144349513,0.8182105869054794,4.0,4.0,0.4488464593887329,0.17043855786323547,0.6817542314529419,0.48440389582877325,0.6817542314529419,0.8602920263999732,0.17208277533508048,0.3342493287629936,-0.011700316292103788,0.011700316292103788,0,0.0,0.011700316292103788,1.0
2023-03-16,24417.0,25161.0,25230.0,24322.0,60688056874.81415,486375597562.7987,-1.0,0.0,upper,0.0877,41.0,41.0,1.366199254989624,0.5394666176743623,22.118131324648857,3.9090649389935734,22.118131324648857,3.594774342608842,0.28579351245786444,0.8086820244789124,3.0,3.0,0.39915382862091064,0.20640921592712402,0.6192276477813721,0.4361371154713436,0.6192276477813721,0.8455418153172791,0.14422354203655957,0.21557755867024297,0.0278064336838312,-0.0278064336838312,0,0.0,-0.0278064336838312,1.0
2023-03-17,25166.0,27467.0,27811.0,25052.0,64617615617.80156,530038219067.3334,0.0,1.0,time,-0.0007,41.0,41.0,2.3665642738342285,0.5321381052092808,21.817662313580513,4.224321657894346,21.817662313580513,3.5211158228098984,0.3899619739345003,2.6949197947978973,3.0,3.0,0.43901491165161133,0.21100656191507974,0.6330196857452393,0.46557758447056535,0.6330196857452393,0.7840514707228454,0.16652445230633975,0.5051139561557452,0.08769010742562257,-0.08869010742562257,1,0.001,-0.08769010742562257,0.0
2023-03-18,27454.0,27108.0,27805.0,26685.0,46473651090.578415,523262280970.14777,0.0,1.0,time,0.0487,41.0,41.0,2.1257550716400146,0.49607512972703793,20.339080318808556,3.9049142170053024,20.339080318808556,3.526880723918285,0.35471194546535634,1.4790087640285492,4.0,4.0,0.42815864086151123,0.13556525111198425,0.542261004447937,0.43554819808649264,0.542261004447937,0.6825685959720412,0.17043362609837975,0.30747323558046963,-0.013156396822140225,0.0,0,0.0,0.0,0.0
2023-03-19,27125.0,28187.0,28509.0,27010.0,46394763656.038155,546680822196.2155,0.0,0.0,time,-0.0212,41.0,41.0,1.9076176881790161,0.452076709851986,18.535145103931427,3.5347463589963435,18.535145103931427,3.5325343201907833,0.3168104922206011,1.8039352148771286,4.0,4.0,0.38422250747680664,0.12165401875972748,0.4866160750389099,0.39085378900363105,0.4866160750389099,0.6825678924166285,0.15294433894143192,0.3509612117236571,0.03903199147250227,0.0,0,0.0,0.0,0.0
2023-03-20,28133.0,27929.0,28504.0,27252.0,55315948514.426994,538935400013.3555,0.0,0.0,time,-0.0093,41.0,41.0,1.7659006118774414,0.44220506999550796,18.130407869815826,3.4534254483967044,18.130407869815826,3.5249858948744874,0.308765798312705,1.1722376346588135,4.0,4.0,0.3556784987449646,0.11261633038520813,0.4504653215408325,0.36181714417964755,0.4504653215408325,0.6825686976923951,0.1415820383599156,0.2637772496858965,-0.009195303225456872,-0.0,0,0.0,-0.0,0.0
2023-03-21,27961.0,28264.0,28618.0,27542.0,34430928756.27183,545917428270.10583,0.0,0.0,time,-0.0077,41.0,41.0,1.7197420597076416,0.44676071478099355,18.317189306020737,3.6330809276427303,18.317189306020737,3.482253258511901,0.3497691377865136,1.4132382571697235,3.0,3.0,0.3450199365615845,0.15755059321721396,0.47265177965164185,0.3593420920287728,0.47265177965164185,0.7368347078019251,0.13498169114652425,0.21737780501998902,0.01192333453593218,0.0,0,0.0,0.0,0.0
2023-03-22,28294.0,27449.0,28907.0,26980.0,35394833933.50181,530515158753.954,0.0,0.0,time,-0.0098,41.0,41.0,1.647813320159912,0.4339881706528547,17.793514996767044,3.511574242772783,17.793514996767044,3.4853297485725747,0.33528213963816483,0.7835506200790405,4.0,4.0,0.46868473291397095,0.16611507534980774,0.664460301399231,0.4847814347385818,0.664460301399231,0.8995191819970183,0.17651923863513339,0.23480469297417483,-0.02925917263738383,-0.0,0,0.0,-0.0,0.0
2023-03-23,27436.0,28460.0,28854.0,27365.0,20360807194.56342,549578396178.6341,0.0,0.0,time,-0.0419,41.0,41.0,1.5520135164260864,0.4147034312893705,17.00284068286419,3.3277021971018046,17.00284068286419,3.4948336620063776,0.3132234276096832,0.8383457213640213,4.0,4.0,0.4414365291595459,0.1564575731754303,0.6258302927017212,0.45659742848833157,0.6258302927017212,0.899519377045251,0.1662568215791284,0.31132981292016304,0.03616985524224612,0.0,0,0.0,0.0,0.0
2023-03-24,28454.0,27595.0,28507.0,27210.0,21551272690.413612,533634255119.3758,1.0,1.0,time,0.0286,41.0,41.0,1.49886953830719,0.4096645889122312,16.796248145401478,3.253866958279509,16.796248145401478,3.5052188403320454,0.3006830472250181,0.5023678913712502,5.0,5.0,0.42632079124450684,0.13418419361114503,0.6709209680557251,0.445951724221948,0.6709209680557251,1.1335407096400858,0.14754385874116355,0.26789908302680104,-0.030864995770241703,-0.001,1,0.001,-0.0,1.0
2023-03-25,27651.0,27670.0,27921.0,27403.0,15053754845.31385,534960802333.31067,1.0,1.0,time,0.0133,41.0,41.0,1.451350212097168,0.41959214464920325,17.203277930617332,3.329603127264856,17.203277930617332,3.5000348220703197,0.30714645363440574,0.8182470127940178,5.0,5.0,0.4128049612045288,0.12993005514144898,0.6496502757072449,0.4318135019320867,0.6496502757072449,1.1335402777149408,0.14286623415317729,0.22933852838945318,0.002714196907369908,0.002714196907369908,0,0.0,0.002714196907369908,1.0
2023-03-26,27668.0,28048.0,28246.0,27540.0,14450374261.063795,542675619058.77966,1.0,1.0,time,0.0166,41.0,41.0,1.4021384716033936,0.40869530890046096,16.7565076649189,3.2071135071815426,16.7565076649189,3.5107665983632685,0.2895442580323355,0.7731512933969498,5.0,5.0,0.3988077640533447,0.12552447319030763,0.6276223659515381,0.4171717868821322,0.6276223659515381,1.133540575802571,0.13802197862797783,0.23215880268449618,0.01356853438004408,0.01356853438004408,0,0.0,0.01356853438004408,1.0
2023-03-27,28020.0,27182.0,28078.0,26720.0,18519053231.63728,525230880103.13837,1.0,1.0,time,0.0473,41.0,41.0,1.3779282569885254,0.4101180744970717,16.81484105437994,3.186748216260335,16.81484105437994,3.520226929634964,0.28194853178661816,0.47942448407411575,5.0,5.0,0.3919217586517334,0.12335711717605591,0.6167855858802795,0.4099687054977665,0.6167855858802795,1.1335406714420282,0.13563882017886947,0.12715325322572726,-0.031362338645723076,-0.031362338645723076,0,0.0,-0.031362338645723076,1.0
2023-03-28,27175.0,27291.0,27482.0,26705.0,17658503318.910484,528042785008.98267,1.0,1.0,time,0.0341,41.0,41.0,1.3560982942581177,0.4117527340606945,16.881862096488476,3.1813700432338923,16.881862096488476,3.5247778900814746,0.2780578321018884,0.3967273235321045,5.0,5.0,0.3857126832008362,0.12140278220176696,0.6070139110088348,0.4034736973869982,0.6070139110088348,1.1335403072112609,0.1334899598108312,0.1146528062222361,0.00400198797487886,0.00400198797487886,0,0.0,0.00400198797487886,1.0
2023-03-29,27280.0,28395.0,28629.0,27280.0,21097595427.489532,548808373530.0567,0.0,0.0,time,-0.0206,41.0,41.0,1.3153795003890991,0.40447980074620826,16.58367183059454,3.1115884857466773,16.58367183059454,3.5279470583021872,0.26933624949402957,0.4535571038722992,4.0,4.0,0.37626349925994873,0.12722660601139069,0.5089064240455627,0.38475402510046997,0.5089064240455627,0.8456963628627988,0.14429936133114254,0.22293833400578486,0.03965609582136128,0.03865609582136128,1,0.001,0.03965609582136128,0.0
2023-03-30,28387.0,28041.0,29007.0,27801.0,22702531379.35043,542369769760.28796,1.0,1.0,time,0.0048,41.0,41.0,1.2881368398666382,0.3822025573108254,15.670304849743843,2.9789015371384986,15.670304849743843,3.5175662107696635,0.2652483318976436,0.9501046612858772,3.0,3.0,0.182486891746521,0.09597647190093994,0.2879294157028198,0.19723102106207827,0.2879294157028198,0.9094405366426505,0.06127975792362493,0.3480506445267154,-0.012545348460839793,-0.001,1,0.001,-0.0,1.0
2023-03-31,28054.0,28517.0,28654.0,27626.0,19112345639.962193,551707238559.8757,1.0,0.0,time,-0.0113,41.0,41.0,1.2669509649276733,0.3810740892843502,15.62403766065836,2.970484116484812,15.62403766065836,3.5157558590944804,0.26456867630757236,0.35052476078271866,3.0,3.0,0.17948555946350098,0.09439794222513835,0.28319382667541504,0.19398718094745432,0.28319382667541504,0.9094403314188919,0.06027191685165574,0.08139936090270986,0.016832675803938917,0.016832675803938917,0,0.0,0.016832675803938917,1.0
2023-04-01,28513.0,28499.0,28741.0,28352.0,10085380788.870918,550949831049.3949,0.0,0.0,time,-0.0161,41.0,41.0,1.25285804271698,0.37787560428061134,15.492899775505066,2.9467868153602224,15.492899775505066,3.5153561875732016,0.26268610919168583,0.333080030977726,3.0,3.0,0.32282543182373047,0.14179338018099466,0.425380140542984,0.33092658491983545,0.425380140542984,0.7185845455763322,0.1280576909277596,0.16953249196538517,-0.0006314017327768083,-0.0016314017327768082,1,0.001,-0.0006314017327768083,0.0
2023-04-02,28506.0,28237.0,28554.0,27954.0,11682876586.814528,545181408318.2205,1.0,0.0,time,-0.0108,41.0,41.0,1.243571162223816,0.37793929493281897,15.495511092245579,2.9360853920848276,15.495511092245579,3.519595969374045,0.2596543148855917,0.1741696521639824,4.0,4.0,0.3204324245452881,0.10706217586994171,0.42824870347976685,0.3285287127809009,0.42824870347976685,0.7824048962900754,0.12458117545746064,0.04078132404797155,-0.009235824252344224,-0.001,1,0.001,-0.0,1.0
2023-04-03,28243.0,27815.0,28457.0,27372.0,19711493345.476036,539350908801.9282,1.0,1.0,time,0.0055,41.0,41.0,1.2498981952667236,0.38049621280373597,15.600344724953175,3.0197143021380097,15.600344724953175,3.497638146544186,0.2786203982980981,0.6441813409328461,5.0,5.0,0.2547142505645752,0.08772311210632325,0.4386155605316162,0.2754043081189701,0.4386155605316162,1.1804055773394495,0.08645323700405423,0.12991549753344814,-0.015057731160117414,-0.015057731160117414,0,0.0,-0.015057731160117414,1.0
2023-04-04,27824.0,28175.0,28418.0,27732.0,14871614372.831093,544313567953.4008,1.0,1.0,time,0.0062,41.0,41.0,1.345248818397522,0.38261356023026677,15.687155969440937,3.0583691394326427,15.687155969440937,3.4917308727879957,0.28590904223404234,0.11385193467140198,5.0,5.0,0.19618535041809082,0.07796885967254638,0.38984429836273193,0.2228548967953637,0.38984429836273193,1.3276514290681298,0.062078320905910554,0.07718784252886984,0.012859616398583374,0.012859616398583374,0,0.0,0.012859616398583374,1.0
2023-04-05,28209.0,28197.0,28731.0,27884.0,16507617903.813946,545409754928.52686,1.0,1.0,upper,0.0505,41.0,41.0,1.3416610956192017,0.36394489992682527,14.921740896999836,2.9607222215098474,14.921740896999836,3.4718195812776584,0.2852121407914956,0.6290821566758203,3.0,3.0,0.07524418830871582,0.058903773625691734,0.1767113208770752,0.10414460807517013,0.1767113208770752,1.0780542185893016,0.012071119101538484,0.16036339025859186,0.0007805293804340541,0.0007805293804340541,0,0.0,0.0007805293804340541,1.0
2023-04-06,28186.0,28043.0,28186.0,27850.0,13079528995.139923,542601176317.4441,1.0,1.0,upper,0.056,41.0,41.0,1.3259940147399902,0.35846069427888566,14.696888465434313,2.9223058467595857,14.696888465434313,3.469286422637007,0.282480934774165,0.22485243156552315,3.0,3.0,0.0743655264377594,0.06218037009239197,0.1865411102771759,0.108755744646329,0.1865411102771759,1.089001184888362,0.008729580346863167,0.087368305696604,-0.005476542848642742,-0.005476542848642742,0,0.0,-0.005476542848642742,1.0
2023-04-07,28044.0,27934.0,28122.0,27824.0,10141276803.893911,540432353743.3232,1.0,1.0,upper,0.0599,41.0,41.0,1.3158589601516724,0.34766346243460006,14.254201959818602,2.873112783732384,14.254201959818602,3.4530713980487664,0.2836655476752488,0.4426865056157112,3.0,3.0,0.06429994106292725,0.05508527159690857,0.1652558147907257,0.09620136532103966,0.1652558147907257,1.0903387781319505,0.007107302557149391,0.051724780086867136,-0.003894461574051678,-0.003894461574051678,0,0.0,-0.003894461574051678,1.0
2023-04-08,27934.0,27968.0,28196.0,27904.0,8844199146.1801,541094458101.44714,1.0,1.0,upper,0.0587,41.0,41.0,1.3030167818069458,0.3413191472248333,13.994085036218166,2.839938410816493,13.994085036218166,3.441392948556946,0.2832219248126175,0.26011692360043526,3.0,3.0,0.06367230415344238,0.054547637701034546,0.16364291310310364,0.09526242659586351,0.16364291310310364,1.0903388885941228,0.007037887577067145,0.03776470483944638,0.0012164145895452675,0.0012164145895452675,0,0.0,0.0012164145895452675,1.0
2023-04-09,27974.0,28351.0,28499.0,27879.0,11429030269.731691,548568597244.1978,1.0,1.0,upper,0.0451,41.0,41.0,1.2874130010604858,0.33647389764465935,13.795429803431034,2.8043768193103054,13.795429803431034,3.4388005429399415,0.2803624530827319,0.19865523278713226,4.0,4.0,0.05278831720352173,0.034936726093292236,0.13974690437316895,0.07997808901000124,0.13974690437316895,1.1581854098659656,0.01945633188206846,0.08517851377671884,0.013601303447152237,0.013601303447152237,0,0.0,0.013601303447152237,1.0
2023-04-10,28331.0,29658.0,29708.0,28224.0,17475381731.251884,574059578670.3654,1.0,1.0,time,0.0218,41.0,41.0,1.258526086807251,0.3369203458835439,13.8137341812253,2.7801777728484605,13.8137341812253,3.446897808683178,0.2738728719839788,0.38727590441703796,3.0,3.0,0.051603883504867554,0.04476218422253927,0.1342865526676178,0.07814899281617518,0.1342865526676178,1.0905517529900912,0.005665852953291626,0.03401467439022153,0.04506960063260001,0.04506960063260001,0,0.0,0.04506960063260001,1.0
2023-04-11,29679.0,30261.0,30532.0,29639.0,18320296514.777645,585359301945.2595,1.0,1.0,time,0.0015,41.0,41.0,1.2231568098068237,0.3286806822913449,13.47590797394514,2.70658763356884,13.47590797394514,3.44901146348107,0.26578672867894726,0.36888207495212555,3.0,3.0,0.05015361309051514,0.04350419839223226,0.13051259517669678,0.07595271134197137,0.13051259517669678,1.0905517615659448,0.005506618046941824,0.039588993595942555,0.02012785118793082,0.02012785118793082,0,0.0,0.02012785118793082,1.0
2023-04-12,30246.0,29904.0,30426.0,29844.0,18407698928.06657,578850627447.6105,1.0,0.0,time,-0.0147,41.0,41.0,1.1982671022415161,0.3179221393131628,13.034807711839676,2.64024553619042,13.034807711839676,3.43763355070298,0.26257832922348423,0.44110026210546494,3.0,3.0,0.0491330623626709,0.04261895020802816,0.12785685062408447,0.07440718248032532,0.12785685062408447,1.0905517603073593,0.005394566839493279,0.02785911443800075,-0.011867504027600981,-0.011867504027600981,0,0.0,-0.011867504027600981,1.0
2023-04-13,29908.0,30405.0,30540.0,29908.0,16404033694.47376,587939018759.4221,1.0,0.0,time,-0.0013,41.0,41.0,1.1716933250427246,0.30638702350055297,12.561867963522673,2.56066486243595,12.561867963522673,3.432640961261677,0.25700959471334617,0.47293974831700325,3.0,3.0,0.04804342985153198,0.0416737844546636,0.12502135336399078,0.07275704443092523,0.12502135336399078,1.0905517707563266,0.005274927550919365,0.029743988619505328,0.01661481785886609,0.01661481785886609,0,0.0,0.01661481785886609,1.0
2023-04-14,30429.0,30468.0,31015.0,30122.0,20984067684.216217,589051372432.549,1.0,0.0,lower,-0.0552,41.0,41.0,1.1491550207138062,0.3079603614240158,12.626374818384647,2.5470545922027705,12.626374818384647,3.4414342807008484,0.2517772991528277,0.35170629993081093,3.0,3.0,0.04711925983428955,0.04087216158707937,0.1226164847612381,0.0713575127032047,0.1226164847612381,1.0905517934838855,0.005173452773117828,0.02522721778174747,0.002069883938468572,0.002069883938468572,0,0.0,0.002069883938468572,1.0
2023-04-15,30479.0,30312.0,30567.0,30266.0,11028264273.146706,586969785778.0928,1.0,0.0,lower,-0.05,41.0,41.0,1.1368104219436646,0.3078643964921556,12.622440256178379,2.5342032998405704,12.622440256178379,3.445681434284805,0.2487130981671594,0.21460852026939392,3.0,3.0,0.046613097190856934,0.040433093905448914,0.12129928171634674,0.0705909586212227,0.12129928171634674,1.0905517750598106,0.00511788337637816,0.013817408873297509,-0.005133278794241989,-0.005133278794241989,0,0.0,-0.005133278794241989,1.0
2023-04-16,30330.0,30305.0,30535.0,30225.0,11188035367.077023,586268225587.8677,1.0,0.0,lower,-0.0498,41.0,41.0,1.127587914466858,0.3022030718261149,12.39032594487071,2.505789579410579,12.39032594487071,3.435414592878879,0.24863465482686808,0.23211431130766869,3.0,3.0,0.046234965324401855,0.04010507961114248,0.12031523883342743,0.07001828934405672,0.12031523883342743,1.0905517579381678,0.005076370449439206,0.010322764764913861,-0.00023095831305128346,-0.00023095831305128346,0,0.0,-0.00023095831305128346,1.0
2023-04-17,30314.0,29467.0,30314.0,29327.0,16771824487.579357,569958059900.5195,1.0,0.0,lower,-0.042,41.0,41.0,1.1253530979156494,0.3002919099498086,12.311968307942152,2.493411727449504,12.311968307942152,3.434778911951165,0.24791410610056142,0.07835763692855835,3.0,3.0,0.04614332318305969,0.040025596817334495,0.12007679045200348,0.06987952180469581,0.12007679045200348,1.090551769215455,0.005066305883037642,0.002501360458275691,-0.028041722274548358,-0.028041722274548358,0,0.0,-0.028041722274548358,1.0
2023-04-18,29457.0,30366.0,30443.0,29277.0,18078539248.52104,587730212230.9563,1.0,0.0,lower,-0.0518,41.0,41.0,1.1175681352615356,0.30600417750637704,12.54617127776146,2.5227733948781994,12.54617127776146,3.437941116974823,0.24817405276999963,0.3411869816482067,3.0,3.0,0.04582411050796509,0.03974871337413788,0.11924614012241364,0.0693961184142658,0.11924614012241364,1.0905517780404708,0.005031255849477294,0.008713846898186287,0.03005256833129586,0.03005256833129586,0,0.0,0.03005256833129586,1.0
2023-04-19,30404.0,28833.0,30404.0,28713.0,24136616861.636356,558796473890.5958,1.0,0.0,lower,-0.0546,41.0,41.0,1.1261340379714966,0.3147558639870911,12.904990423470736,2.5905921910145815,12.904990423470736,3.4351541442649545,0.2541963179129739,0.3588191457092762,3.0,3.0,0.046175360679626465,0.040053377548853554,0.12016013264656067,0.06992802485374973,0.12016013264656067,1.0905517479253484,0.005069829081064514,0.009587925543063886,-0.05180299695073899,-0.05180299695073899,0,0.0,-0.05180299695073899,1.0
2023-04-20,28856.0,28256.0,29027.0,28110.0,21695904964.799046,546141074655.3764,1.0,1.0,time,0.0034,41.0,41.0,1.1350525617599487,0.3207685878364051,13.15151210129261,2.6196896240713854,13.15151210129261,3.446516278065378,0.2539532202852047,0.24652167782187462,4.0,4.0,0.0465410053730011,0.033862847834825516,0.13545139133930206,0.07192572630409672,0.13545139133930206,1.312883309775287,0.01210929653648017,0.020122117339271176,-0.020214740087707454,-0.020214740087707454,0,0.0,-0.020214740087707454,1.0
2023-04-21,28236.0,27300.0,28355.0,27238.0,20420333533.71415,528357279464.0127,1.0,1.0,time,0.0378,41.0,41.0,1.1491492986679077,0.3264487593820909,13.384399134665728,2.663461493235762,13.384399134665728,3.4464718092701254,0.2577911157319522,0.23288703337311745,5.0,5.0,0.05157029628753662,0.037740769982337954,0.18870384991168976,0.08923060036955692,0.18870384991168976,1.5405899599959092,0.012963575494537484,0.0639913953757682,-0.03441912223063544,-0.03441912223063544,0,0.0,-0.03441912223063544,1.0
2023-04-22,27285.0,27862.0,27915.0,27201.0,11700230849.968126,539454716829.9368,1.0,1.0,upper,0.0566,41.0,41.0,1.175883173942566,0.323305918040072,13.255542639642954,2.6582326615580136,13.255542639642954,3.444241207716562,0.2604220542880868,0.5480484813451767,5.0,5.0,0.052770018577575684,0.03861878514289856,0.1930939257144928,0.09130648068818752,0.1930939257144928,1.540590172619978,0.013265146709294606,0.07819037562708606,0.020377051093119224,0.020377051093119224,0,0.0,0.020377051093119224,1.0
2023-04-23,27831.0,27607.0,27831.0,27432.0,11435645306.771605,533753154140.2553,1.0,1.0,upper,0.0658,41.0,41.0,1.2072335481643677,0.316556663956584,12.978823222219944,2.5944936139351285,12.978823222219944,3.4556880687586995,0.2529274518292324,0.65895751491189,5.0,5.0,0.21037358045578003,0.07088774144649505,0.3544387072324753,0.2238509463833688,0.3544387072324753,1.2091785499845367,0.07068788688283756,0.19253187173530428,-0.009194389529446897,-0.009194389529446897,0,0.0,-0.009194389529446897,1.0
2023-04-24,27591.0,27512.0,27893.0,27197.0,16443099944.64734,532290845181.53394,1.0,1.0,upper,0.0692,41.0,41.0,1.2420337200164795,0.3274666874147043,13.426134184002876,2.6741622139015657,13.426134184002876,3.460436470670439,0.25919819426116425,0.4473109617829323,5.0,5.0,0.25263094902038574,0.08016979098320007,0.40084895491600037,0.26460698793534365,0.40084895491600037,1.144279961031129,0.0870412329103456,0.09152125194737297,-0.0034470906246211806,-0.0034470906246211806,0,0.0,-0.0034470906246211806,1.0
2023-04-25,27512.0,28351.0,28380.0,27224.0,17061823985.865345,548359667398.65234,1.0,1.0,time,0.035,41.0,41.0,1.2799835205078125,0.3413229536537717,13.99424109980464,2.7664607450764214,13.99424109980464,3.468262912138027,0.2648860476451797,0.5948826335370541,5.0,5.0,0.33311307430267334,0.09717195332050324,0.4858597666025162,0.34284559396612,0.4858597666025162,1.0353136363429245,0.11860114564486411,0.12431364267994324,0.030040029790312107,0.030040029790312107,0,0.0,0.030040029790312107,1.0
2023-04-26,28292.0,28352.0,30026.0,27697.0,30540034741.28477,548638734338.36755,1.0,0.0,time,-0.008,41.0,41.0,1.3285846710205078,0.34159927179173727,14.005570143461227,2.774826709186996,14.005570143461227,3.473922038988048,0.2666582129546598,0.717469085007906,5.0,5.0,0.34576141834259033,0.10086159408092499,0.5043079704046249,0.35586348464430073,0.5043079704046249,1.0353138751639346,0.12310443850686949,0.12119484275819395,3.527150239334594e-05,3.527150239334594e-05,0,0.0,3.527150239334594e-05,1.0
2023-04-27,28454.0,29484.0,29869.0,28440.0,26238597379.49954,570258039118.5771,1.0,0.0,time,-0.0286,41.0,41.0,1.286497712135315,0.3296970689623821,13.517579827457666,2.5563585785996388,13.517579827457666,3.522003636743897,0.22514292120958218,1.1254895366728306,5.0,5.0,0.362382709980011,0.10571016371250153,0.5285508185625076,0.37297039977721064,0.5285508185625076,1.0353137076954002,0.12902226594611718,0.15294861577961347,0.039150168904371827,0.039150168904371827,0,0.0,0.039150168904371827,1.0
2023-04-28,29488.0,29340.0,29545.0,28969.0,18730801539.181553,568153896404.9741,0.0,0.0,time,-0.0121,41.0,41.0,1.411027193069458,0.36072820488636087,14.789856400340796,2.802885325913184,14.789856400340796,3.5195608168194488,0.24796969722407936,1.2722765728831291,5.0,5.0,0.3974604606628418,0.11594265699386597,0.5797132849693298,0.4090730187016635,0.5797132849693298,1.0353138680511318,0.14151129712903157,0.2975662281112846,-0.004895970612206698,-0.005895970612206698,1,0.001,-0.004895970612206698,0.0
2023-04-29,29336.0,29218.0,29429.0,29136.0,9711415138.827158,565714356650.6621,0.0,0.0,time,-0.0128,41.0,41.0,1.6066337823867798,0.4090805192727868,16.77230129018426,3.179426035103943,16.77230129018426,3.520066181713163,0.28143916690990395,1.982444889843464,6.0,6.0,0.452559232711792,0.13009138405323029,0.7805483043193817,0.4811089365053842,0.7805483043193817,1.305688324452006,0.14715252832578826,0.5077957583275251,-0.004166815004513384,-0.0,0,0.0,-0.0,0.0
2023-04-30,29269.0,29362.0,29945.0,29134.0,14707008604.647,568513467268.4124,0.0,0.0,time,0.0054,41.0,41.0,1.9002376794815063,0.45980870669207924,18.852156974375248,3.5882088365996467,18.852156974375248,3.523496695797984,0.3203221221051666,2.172185067087412,6.0,6.0,0.5352619886398315,0.14994153380393982,0.8996492028236389,0.5635954450792692,0.8996492028236389,1.2890048035448936,0.1745207935830911,0.6848261767726158,0.004916363606946335,0.0,0,0.0,0.0,0.0
2023-05-01,29272.0,28126.0,29333.0,27722.0,19980169281.008976,544421676291.20087,-1.0,0.0,time,0.0267,41.0,41.0,1.4631763696670532,0.5020122946035571,20.582504078745842,3.6387298245827333,20.582504078745842,3.5820743428275588,0.2663064727719446,2.988679237663746,7.0,7.0,0.6265971660614014,0.18341192603111267,1.2838834822177887,0.6989439592785975,1.2838834822177887,1.5283102589314892,0.1901289471982278,0.9551798658640022,-0.043006905869212624,-0.001,1,0.001,0.0,1.0
2023-05-02,28107.0,28654.0,28882.0,27943.0,17699097406.188805,554886795897.9369,-1.0,1.0,time,-0.0015,41.0,41.0,1.6022145748138428,0.5454011975628573,22.361449100077152,3.962924595334735,22.361449100077152,3.580230500688267,0.2925418556622164,1.7789450213313103,6.0,6.0,0.6861395835876465,0.20513694981733957,1.2308216989040375,0.7380657656728151,1.2308216989040375,1.3404639708302235,0.22070118009653866,0.633724534886807,0.018598634023124585,-0.018598634023124585,0,0.0,-0.018598634023124585,1.0
2023-05-03,28701.0,28988.0,29222.0,28190.0,19944381490.560024,561312171794.5802,-1.0,1.0,time,-0.0456,41.0,41.0,1.7379722595214844,0.5905410211260725,24.212181866168976,4.288377711387291,24.212181866168976,3.5809379745637644,0.315915116439168,1.8507327660918236,7.0,7.0,0.6547349691390991,0.21596474306924002,1.5117532014846802,0.7696255265216161,1.5117532014846802,1.6046363991447006,0.19487653942613248,0.6658274191349591,0.011588901775854367,-0.011588901775854367,0,0.0,-0.011588901775854367,1.0
2023-05-04,29005.0,28846.0,29434.0,28702.0,12676760580.080193,558634329303.2208,0.0,0.0,time,-0.0439,41.0,41.0,1.9683597087860107,0.6443185342884645,26.417059905827045,4.712937712728351,26.417059905827045,3.5736802204886917,0.35581512619940037,2.318423457443714,7.0,7.0,0.6928642988204956,0.24617929118020193,1.7232550382614136,0.8357219840293505,1.7232550382614136,1.681313646209919,0.19791828427338656,1.22320834177301,-0.004910616085716497,0.003910616085716497,1,0.001,0.004910616085716497,0.0
2023-05-05,28856.0,29520.0,29693.0,28851.0,4971523630.54862,571520224182.8824,0.0,0.0,lower,-0.0637,41.0,41.0,1.6854093074798584,0.682762387140495,27.993257872760296,4.829807481807328,27.993257872760296,3.6021883516602626,0.3206052485867699,2.6742390245199203,7.0,7.0,0.7682434320449829,0.27296202523367746,1.9107341766357422,0.9266431616432377,1.9107341766357422,1.6813136793041605,0.21945050808211214,1.22900449404889,0.023096664570953367,0.0,0,0.0,0.0,0.0
2023-05-06,29524.0,28888.0,29741.0,28485.0,6463808309.438925,559078681902.6073,0.0,0.0,lower,-0.0667,41.0,41.0,1.7067701816558838,0.7021038712161344,28.786258719861507,4.9516048778357495,28.786258719861507,3.6045150029004285,0.3241291214090993,0.7930008471012115,9.0,9.0,0.38694334030151367,0.2010306848420037,1.8092761635780334,0.692358800648718,1.8092761635780334,2.0376589156952623,0.11335327403168774,0.8066201521702522,-0.021641715757115116,-0.0,0,0.0,-0.0,0.0
2023-05-07,28895.0,28611.0,29093.0,28611.0,10199066943.170338,554373015261.6681,0.0,0.0,lower,-0.057,41.0,41.0,1.7521321773529053,0.7165879067487833,29.380104176700115,5.064555306285022,29.380104176700115,3.6023806738728816,0.3348204141275042,0.7601968944072723,10.0,10.0,0.39722728729248047,0.21858142614364623,2.1858142614364624,0.7853779136082867,2.1858142614364624,2.1583660457176506,0.1179152528868944,0.721504438010866,-0.009635024710271573,-0.0,0,0.0,-0.0,0.0
2023-05-08,28616.0,27697.0,28646.0,27351.0,21535578788.860283,536032086472.038,0.0,0.0,time,-0.033,41.0,41.0,1.7384248971939087,0.7125444492188896,29.214322417974472,5.032975045875894,29.214322417974472,3.6026892686973806,0.33182182023661566,0.4385491833090782,11.0,11.0,0.5373140573501587,0.24671448360789905,2.7138593196868896,0.9477291510179758,2.7138593196868896,2.2302099112456166,0.14417229056937333,0.7315112331567082,-0.03246715518591003,-0.0,0,0.0,-0.0,0.0
2023-05-09,27691.0,27607.0,27820.0,27418.0,8876813250.933558,535037100026.6903,0.0,0.0,time,-0.0255,41.0,41.0,1.727401614189148,0.7092495800518408,29.079232782125473,5.008822821413824,29.079232782125473,3.602727536548488,0.32996202358585364,0.21174895763397217,11.0,11.0,0.5339069366455078,0.24515008384531195,2.6966509222984314,0.9417195773158946,2.6966509222984314,2.230210057432457,0.14325805152591817,0.1388109230637573,-0.0032547403243886578,-0.0,0,0.0,-0.0,0.0
2023-05-10,27652.0,27640.0,28281.0,27058.0,17159331951.189877,534937464538.75824,-1.0,1.0,time,-0.015,41.0,41.0,1.7114050388336182,0.7115831069829988,29.174907386302948,5.006194684888614,29.174907386302948,3.605836391584285,0.32390957708114426,0.7610346376895905,11.0,11.0,0.5289627313613892,0.2701943679289384,2.9721380472183228,1.0278085581941767,2.9721380472183228,2.215926172841519,0.15175802247222628,0.6004964050717234,0.0011946351448829462,-0.001,1,0.001,0.0,1.0
2023-05-11,27621.0,27025.0,27623.0,26791.0,7754296234.077171,523414877659.3074,-1.0,1.0,time,-0.0001,41.0,41.0,1.6892426013946533,0.7107962602522315,29.14264667034149,4.986434085916381,29.14264667034149,3.608264780187985,0.3181516982110605,0.49869805574417114,11.0,11.0,0.5221127271652222,0.26669539646668866,2.9336493611335754,1.0144986055191871,2.9336493611335754,2.215926169372537,0.14979277842121172,0.28645601290659095,-0.02250163537419713,0.02250163537419713,0,0.0,0.02250163537419713,1.0
2023-05-12,26992.0,26788.0,27052.0,25889.0,9157286238.193073,518816444750.7709,-1.0,0.0,time,0.0222,41.0,41.0,1.6326091289520264,0.6905249440815391,28.3115227073431,4.8486037938162285,28.3115227073431,3.607040408352673,0.3107483538036105,0.8487786203622818,11.0,11.0,0.3701300621032715,0.224601919000799,2.470621109008789,0.8339172051356871,2.470621109008789,2.247592527675578,0.113021181769396,0.8528198901652075,-0.008808337477468254,0.008808337477468254,0,0.0,0.008808337477468254,1.0
2023-05-13,26795.0,26798.0,26981.0,26732.0,8365379054.202115,520426027097.3362,-1.0,0.0,time,0.0017,41.0,41.0,1.5970655679702759,0.6703318148487951,27.483604408800602,4.7076824993696516,27.483604408800602,3.6074310140199497,0.3019909582289509,0.8279182985424995,11.0,11.0,0.3620721101760864,0.22047449783845383,2.425219476222992,0.8178307732699669,2.425219476222992,2.2484178241686514,0.11043226123616146,0.6122749019883896,0.00037323181861251395,-0.00037323181861251395,0,0.0,-0.00037323181861251395,1.0
2023-05-14,26783.0,26912.0,27148.0,26704.0,6019488454.419681,521319019334.69617,-1.0,1.0,time,-0.001,41.0,41.0,1.5678738355636597,0.6582335538980437,26.987575709819794,4.652952724521601,26.987575709819794,3.5965756209499467,0.3078581074038614,0.7449794188141823,12.0,12.0,0.35545408725738525,0.20928756395975748,2.51145076751709,0.8413263717018068,2.51145076751709,2.2643963187861003,0.12322562320881554,0.382664890599878,0.0042450259241211775,-0.0042450259241211775,0,0.0,-0.0042450259241211775,1.0
2023-05-15,26933.0,27228.0,27642.0,26771.0,14570026781.747086,527655229433.8867,-1.0,1.0,time,-0.0049,41.0,41.0,1.5466902256011963,0.6638426257342827,27.21754765510559,4.654790511902403,27.21754765510559,3.6058898172909255,0.2962738683719546,0.673958957195282,13.0,13.0,0.3506513833999634,0.1957869529724121,2.5452303886413574,0.8184253334470145,2.5452303886413574,2.3536496854733278,0.11485680851959078,0.40899948849616075,0.01167357179516745,-0.01167357179516745,0,0.0,-0.01167357179516745,1.0
2023-05-16,27170.0,27023.0,27300.0,26932.0,12927093920.902998,523965691858.8659,-1.0,1.0,time,-0.0093,41.0,41.0,1.5402517318725586,0.6812775458504514,27.932379379868507,4.727988037279716,27.932379379868507,3.6204151194652394,0.28474070390956646,0.7827626615762711,13.0,13.0,0.3491917848587036,0.1949719236447261,2.534635007381439,0.8150184053789744,2.534635007381439,2.3536495368907264,0.11437870228730475,0.10012298282111706,-0.007557500349395138,0.007557500349395138,0,0.0,0.007557500349395138,1.0
2023-05-17,27037.0,27390.0,27448.0,26590.0,12580626234.913448,530762551513.4872,-1.0,1.0,time,-0.0192,41.0,41.0,1.543561339378357,0.6684105505303639,27.40483257174492,4.655417822866131,27.40483257174492,3.6172091310527077,0.2860682111642452,0.5612599402666092,12.0,12.0,0.34994208812713623,0.18060120940208435,2.167214512825012,0.7488460233923093,2.167214512825012,2.235949384684296,0.11880263910527157,0.32685615410490104,0.013489628038676883,-0.013489628038676883,0,0.0,-0.013489628038676883,1.0
2023-05-18,27394.0,26843.0,27425.0,26517.0,12599487111.93878,520544913836.41003,-1.0,0.0,time,0.0141,41.0,41.0,1.5061851739883423,0.6559885507676659,26.895530581474304,4.5534702260356,26.895530581474304,3.6224813269886678,0.2745697730474265,0.6883901357650757,12.0,12.0,0.3414684534072876,0.17622807125250498,2.11473685503006,0.7307131851645658,2.11473685503006,2.2359494475347192,0.11592589651900095,0.5137186226250219,-0.020172903945265698,0.020172903945265698,0,0.0,0.020172903945265698,1.0
2023-05-19,26847.0,26884.0,27049.0,26763.0,11559136131.368769,521153640362.9618,-1.0,1.0,time,-0.0205,41.0,41.0,1.4761863946914673,0.6450748807046471,26.448070108890533,4.474622248476497,26.448070108890533,3.6230245694657617,0.268748617521125,0.518908679485321,11.0,11.0,0.334667444229126,0.17694438045675104,1.9463881850242615,0.7049473025607758,1.9463881850242615,2.1366314247423657,0.11776256847042076,0.4711714639895639,0.0015262347779983767,-0.0015262347779983767,0,0.0,-0.0015262347779983767,1.0
2023-05-20,26876.0,27094.0,27139.0,26845.0,3882362454.219783,525040003344.1629,-1.0,1.0,time,-0.0231,41.0,41.0,1.4542793035507202,0.6399697268881449,26.23875880241394,4.443019481343078,26.23875880241394,3.6216738758875717,0.2681649841153653,0.40984684228897095,12.0,12.0,0.3297008275985718,0.17088877658049265,2.050665318965912,0.7071367695621754,2.050665318965912,2.238225813609321,0.11165673712047812,0.3742576211550741,0.0077809870508251345,-0.0077809870508251345,0,0.0,-0.0077809870508251345,1.0
2023-05-21,27101.0,26774.0,27261.0,26667.0,8125825605.684245,519171380714.0945,-1.0,1.0,time,-0.0021,41.0,41.0,1.4235252141952515,0.6110459075468343,25.052882209420204,4.26344263494259,25.052882209420204,3.616568861425941,0.2645051502623252,1.1858765929937363,10.0,10.0,0.37204158306121826,0.21016955375671387,2.1016955375671387,0.7470791080362466,2.1016955375671387,2.162976294342522,0.10789568128580096,0.4920176368400116,-0.011881033794838656,0.011881033794838656,0,0.0,0.011881033794838656,1.0
2023-05-22,26749.0,26870.0,27027.0,26543.0,8025716966.179398,520821915713.9187,-1.0,1.0,time,-0.0008,41.0,41.0,1.3989434242248535,0.6074644436196583,24.90604218840599,4.226041321733411,24.90604218840599,3.619543571842817,0.25803621376827257,0.4829417020082474,10.0,10.0,0.45709526538848877,0.21568812131881715,2.1568812131881714,0.7837589504464834,2.1568812131881714,2.140690384375936,0.12209194716465345,0.3564890943461076,0.0035791552636938837,-0.0035791552636938837,0,0.0,-0.0035791552636938837,1.0
2023-05-23,26863.0,27223.0,27420.0,26794.0,11685763863.312372,527528695688.7587,-1.0,1.0,lower,-0.033,41.0,41.0,1.3884985446929932,0.5974936458032306,24.497239477932453,4.169313147541878,24.497239477932453,3.616417520303787,0.2588071696937688,0.40880271047353745,10.0,10.0,0.45368248224258423,0.21407772302627565,2.1407772302627563,0.7779071902206899,2.1407772302627563,2.1406902928561466,0.12118039512887416,0.1340327522782622,0.013051781601523788,-0.013051781601523788,0,0.0,-0.013051781601523788,1.0
2023-05-24,27222.0,26339.0,27223.0,26114.0,17477200137.10873,510987979871.2201,-1.0,0.0,upper,0.0651,41.0,41.0,1.348951816558838,0.5906245294140606,24.215605705976486,4.1305550002994185,24.215605705976486,3.6129539969551074,0.25941556669210974,0.7886277809739113,10.0,10.0,0.44076085090637207,0.2079804480075836,2.079804480075836,0.7557511195412538,2.079804480075836,2.14069036895953,0.11772896294179555,0.5074735349765258,-0.03301147370661379,0.03301147370661379,0,0.0,0.03301147370661379,1.0
2023-05-25,26325.0,26476.0,26558.0,25887.0,11953749225.494001,513295724355.69904,-1.0,0.0,upper,0.0599,41.0,41.0,1.3183798789978027,0.5633467573945116,23.097217053174973,3.946853484108583,23.097217053174973,3.6122135409921974,0.2501662907082994,1.1183886528015137,10.0,10.0,0.4307716488838196,0.18659115135669707,1.8659115135669708,0.6900882832559591,1.8659115135669708,2.129491596812118,0.11316327188667638,0.6112161722936129,0.005187931734366705,-0.005187931734366705,0,0.0,-0.005187931734366705,1.0
2023-05-26,26476.0,26718.0,26857.0,26355.0,10994037071.45216,517973731437.9403,-1.0,0.0,upper,0.0508,41.0,41.0,1.2979170083999634,0.5513011233472243,22.603346057236195,3.877521424481483,22.603346057236195,3.606048053225376,0.2505565670298213,0.4938709959387779,10.0,10.0,0.4240856170654297,0.18822512030601501,1.8822512030601501,0.6889946885746425,1.8822512030601501,2.1397011382414153,0.10973910959267455,0.2885126401011053,0.009098833310943988,-0.009098833310943988,0,0.0,-0.009098833310943988,1.0
2023-05-27,26719.0,26848.0,26852.0,26630.0,6029471707.897409,520461980942.25433,-1.0,0.0,upper,0.0459,41.0,41.0,1.282466173171997,0.5395882758425503,22.123119309544563,3.831545836987065,22.123119309544563,3.5911520907883157,0.25867239363752,0.5947935506701469,11.0,11.0,0.4190371036529541,0.16931619156490674,1.862478107213974,0.6807977622325123,1.862478107213974,2.1473667277872392,0.11604775391438502,0.18793650611431587,0.004853834717175385,-0.004853834717175385,0,0.0,-0.004853834717175385,1.0
2023-05-28,26851.0,28110.0,28155.0,26806.0,13144599279.47902,544879177078.8053,-1.0,1.0,lower,-0.0468,41.0,41.0,1.2828881740570068,0.5387279364030536,22.087845392525196,3.8236226125098307,22.087845392525196,3.5917380508399153,0.2576038987638472,0.04927503317594528,12.0,12.0,0.41917502880096436,0.16312010089556375,1.9574412107467651,0.6875265007800795,1.9574412107467651,2.23704501779314,0.11306144401782665,0.07194038672689992,0.04593405463364474,-0.04593405463364474,0,0.0,-0.04593405463364474,1.0
2023-05-29,28096.0,27760.0,28355.0,27567.0,13483205892.539595,538430950369.49817,-1.0,1.0,time,-0.0247,41.0,41.0,1.335512638092041,0.5216164101914662,21.386272817850113,3.702658785261126,21.386272817850113,3.594096868686702,0.24959729641325662,0.8068215027451515,11.0,11.0,0.41866976022720337,0.15132614970207214,1.6645876467227936,0.6222274503404136,1.6645876467227936,2.1338570284138756,0.1108936265636982,0.22518460210135105,-0.012529249279836735,0.012529249279836735,0,0.0,0.012529249279836735,1.0
2023-05-30,27737.0,27714.0,28044.0,27650.0,12766436369.815956,537414074116.4985,-1.0,1.0,time,-0.0203,41.0,41.0,0.868259072303772,0.49696941946337864,20.375746197998524,3.4793349918666854,20.375746197998524,3.60537006812846,0.2197364955463967,1.1281893029808998,12.0,12.0,0.4240676164627075,0.1417299136519432,1.7007589638233185,0.6304214056168714,1.7007589638233185,2.1650983857343555,0.11415732111670304,0.21714038318555212,-0.0016584349620803625,0.0016584349620803625,0,0.0,0.0016584349620803625,1.0
2023-05-31,27708.0,27245.0,27806.0,26890.0,10001106221.647074,528464394082.93866,-1.0,1.0,lower,-0.0548,41.0,41.0,0.8906575441360474,0.4959987361074948,20.335948180407286,3.5192976182581255,20.335948180407286,3.5841177257764585,0.23679007533419855,0.7417820207774639,12.0,12.0,0.4350072741508484,0.1453861196835836,1.744633436203003,0.6466843751188794,1.744633436203003,2.165098320685881,0.11710223292174524,0.43628888219457734,-0.01706768264146165,0.01706768264146165,0,0.0,0.01706768264146165,1.0
2023-06-01,27236.0,26824.0,27308.0,26704.0,12156086970.872988,520271910707.11273,-1.0,1.0,lower,-0.0392,41.0,41.0,0.9019795060157776,0.5057139934563055,20.734273731708527,3.5896959953620233,20.734273731708527,3.583221183571109,0.24195872298852023,0.3983255513012409,12.0,12.0,0.4405369758605957,0.15683981776237488,1.8820778131484985,0.683406316668065,1.8820778131484985,2.180780019796731,0.11967297537908324,0.4423626028941358,-0.015573008871134261,0.015573008871134261,0,0.0,0.015573008871134261,1.0
2023-06-02,26812.0,27248.0,27304.0,26716.0,15428145241.775957,528508990069.2122,-1.0,1.0,lower,-0.0549,41.0,41.0,1.3784363269805908,0.5294722171454895,21.70836090296507,3.8192912905443226,21.70836090296507,3.5704701542203754,0.27466218648796537,1.1510367915034294,11.0,11.0,0.45780831575393677,0.16039362820712003,1.7643299102783203,0.6734527676345994,1.7643299102783203,2.1039600942314487,0.12451774410640125,0.737180534891657,0.015683114756404958,-0.015683114756404958,0,0.0,-0.015683114756404958,1.0
2023-06-03,27252.0,27084.0,27310.0,26996.0,6673279605.629511,525209390395.50604,-1.0,1.0,lower,-0.0488,41.0,41.0,0.9794024229049683,0.5205774962356905,21.34367734566331,3.70872851571316,21.34367734566331,3.5815794943895294,0.25392667897931887,1.1331617943942547,12.0,12.0,0.4791948199272156,0.1541233609120051,1.8494803309440613,0.7049183562116085,1.8494803309440613,2.111950862273366,0.13287267225252716,0.7545305788236787,-0.0060369762969334625,0.0060369762969334625,0,0.0,0.0060369762969334625,1.0
2023-06-04,27079.0,27156.0,27368.0,26975.0,6098045626.047618,529630092281.38684,-1.0,1.0,lower,-0.0515,41.0,41.0,1.0930074453353882,0.5416415003014774,22.207301512360573,3.8989513334716164,22.207301512360573,3.570134510908625,0.2782096679062984,1.1618539206683636,12.0,12.0,0.5027999877929688,0.1617154429356257,1.9405853152275085,0.7396425994636238,1.9405853152275085,2.1119502414236395,0.13941800491535017,0.8159224115384077,0.0026548688160017747,-0.0026548688160017747,0,0.0,-0.0026548688160017747,1.0
2023-06-05,27126.0,25793.0,27126.0,25444.0,21208433571.87331,500593893699.2183,0.0,0.0,upper,0.0537,41.0,41.0,1.320622205734253,0.5596747930820395,22.94666651636362,4.05869379547734,22.94666651636362,3.5633570262112,0.297564278400396,0.7393650040030479,10.0,10.0,0.5134811401367188,0.1661822736263275,1.6618227362632751,0.7217147075146271,1.6618227362632751,1.8559741246575696,0.15643101941966875,0.6865247052758034,-0.05149487915462742,0.05049487915462742,1,0.001,0.05149487915462742,0.0
2023-06-06,25743.0,27217.0,27291.0,25460.0,22188018260.83246,527295592028.08093,0.0,1.0,time,-0.0489,41.0,41.0,1.4268680810928345,0.5609211816293437,22.997768446803093,4.065263920693589,22.997768446803093,3.566490156761271,0.29740484409238227,0.6565709188580513,8.0,8.0,0.5277140140533447,0.18098995462059975,1.447919636964798,0.7063678689699515,1.447919636964798,1.6035963733666059,0.17208161469365946,0.5982962463108379,0.053738640786020565,-0.0,0,0.0,-0.0,0.0
2023-06-07,27228.0,26346.0,27300.0,26227.0,14723854336.09437,510979921090.6337,-1.0,1.0,time,-0.0167,41.0,41.0,1.0315055847167969,0.5639914236962795,23.12364837154746,4.007577483399458,23.12364837154746,3.5863244429404557,0.2713623227854957,1.1918461732566357,8.0,8.0,0.5603786706924438,0.1921929493546486,1.5375435948371887,0.7500909483952626,1.5375435948371887,1.603596149709742,0.1827332046356779,0.6504898009129838,-0.032525317263158354,-0.001,1,0.001,0.0,1.0
2023-06-08,26349.0,26508.0,26754.0,26252.0,10197924963.780262,514279355771.4992,-1.0,1.0,time,-0.0243,41.0,41.0,1.1514617204666138,0.5608336688360063,22.99418042227626,4.029612814906221,22.99418042227626,3.5753598363619146,0.28549780529480523,0.717064157128334,9.0,9.0,0.38839149475097656,0.14814107947879368,1.333269715309143,0.5794452174641909,1.333269715309143,1.8034117097132754,0.12393759414400773,0.48035667487677947,0.006130113418345137,-0.006130113418345137,0,0.0,-0.006130113418345137,1.0
2023-06-09,26500.0,26470.0,26756.0,26388.0,10464066236.48124,513226142603.1213,-1.0,1.0,lower,-0.0528,41.0,41.0,1.1875393390655518,0.5606411069449855,22.986285384744406,4.0465940844107795,22.986285384744406,3.5709548301643683,0.2916675020289401,0.31632666289806366,7.0,7.0,0.38504111766815186,0.13262382575443812,0.9283667802810669,0.48513567107141736,0.9283667802810669,1.4656844614084725,0.12662264818953176,0.41517966733279466,-0.0014345579869704966,0.0014345579869704966,0,0.0,0.0014345579869704966,1.0
2023-06-10,26479.0,25858.0,26519.0,25510.0,9755626714.244692,501653860264.2029,-1.0,1.0,time,-0.0114,41.0,41.0,1.1513152122497559,0.5426485567558103,22.24859082698822,3.9176980238390513,22.24859082698822,3.570845283823931,0.2826353379195442,0.7376945577561855,5.0,5.0,0.37329602241516113,0.15262600183486938,0.7631300091743469,0.45158377402297917,0.7631300091743469,1.20287675768212,0.13225310792593825,0.2835471744168286,-0.023391985406648393,0.023391985406648393,0,0.0,0.023391985406648393,1.0
2023-06-11,25854.0,25917.0,26164.0,25696.0,10439993428.365507,502683000962.43024,-1.0,0.0,time,0.0157,41.0,41.0,0.9696775078773499,0.5148071254171976,21.107092142105103,3.670702295034945,21.107092142105103,3.5834842548408306,0.2522084845665587,1.1414986848831177,5.0,5.0,0.36395901441574097,0.14880846738815307,0.7440423369407654,0.4402886120823419,0.7440423369407654,1.2028767452150777,0.1289451527567747,0.17242998678617683,0.0022790932124953007,-0.0022790932124953007,0,0.0,-0.0022790932124953007,1.0
2023-06-12,25924.0,25910.0,26049.0,25681.0,9761691909.31603,502562686069.16986,-1.0,0.0,time,0.0226,41.0,41.0,0.9635770320892334,0.4966481100858712,20.362572513520718,3.5805936163613756,20.362572513520718,3.5708722206775847,0.2569814214695659,0.8985823765397072,6.0,6.0,0.21518805623054504,0.07375803093115489,0.4425481855869293,0.25003001801401903,0.4425481855869293,1.3603199360919944,0.07056147101055865,0.3507591676884026,-0.0002701294708382078,0.0002701294708382078,0,0.0,0.0002701294708382078,1.0
2023-06-13,25912.0,25872.0,26354.0,25739.0,9921875985.888603,501752262681.7188,0.0,0.0,time,0.0177,41.0,41.0,1.2565419673919678,0.49545337623212393,20.313588425517082,3.6217184186624167,20.313588425517082,3.558248587384972,0.27285341080328185,0.7036142721772194,5.0,5.0,0.21021127700805664,0.07041997313499451,0.35209986567497253,0.22712252061725288,0.35209986567497253,1.1158807364546823,0.07319805501496296,0.12530691765717486,-0.001467691739267535,0.0004676917392675349,1,0.001,0.001467691739267535,0.0
2023-06-14,25940.0,25108.0,26047.0,24880.0,11982737579.702812,487262840554.6715,0.0,0.0,upper,0.0474,41.0,41.0,1.209159016609192,0.49385696104386956,20.248135402798653,3.5918024743776606,20.248135402798653,3.562839763122933,0.26601679747598533,0.5984255969524384,5.0,5.0,0.20228445529937744,0.06776453852653504,0.33882269263267517,0.21855802190679663,0.33882269263267517,1.1158808514364145,0.07043783859722066,0.1572465839653948,-0.029974782379465725,0.0,0,0.0,0.0,0.0
2023-06-15,25113.0,25565.0,25694.0,24852.0,15184095954.029512,495788386559.10156,-1.0,0.0,upper,0.0464,41.0,41.0,0.8742594122886658,0.4739885156656184,19.433529142290354,3.400009736860027,19.433529142290354,3.5758152411044812,0.23934853545712273,0.8146062605082989,4.0,4.0,0.1987779140472412,0.06922467797994614,0.27689871191978455,0.20732634825125845,0.27689871191978455,0.7967586618362833,0.0771621515276323,0.0863596927984391,0.018037708076677376,-0.001,1,0.001,-0.0,0.0
2023-06-16,25578.0,26327.0,26454.0,25292.0,13604025863.641972,510906153487.60516,-1.0,0.0,upper,0.0734,41.0,41.0,0.905404269695282,0.47666752592819495,19.543368563055992,3.416071449332938,19.543368563055992,3.578413226963935,0.23960613034692219,0.4915868453681469,4.0,4.0,0.2058592140674591,0.07169075310230255,0.2867630124092102,0.21471218573335918,0.2867630124092102,0.7967585869492628,0.07991099170466995,0.08340736466525764,0.029370800011550104,-0.029370800011550104,0,0.0,-0.029370800011550104,1.0
2023-06-17,26328.0,26501.0,26723.0,26183.0,9533422254.890303,514331114457.8236,-1.0,0.0,upper,0.0668,41.0,41.0,0.9403109550476074,0.48854395937992307,20.030302334576845,3.524258325550969,20.030302334576845,3.570137001235519,0.25349813753605693,0.7424391843378544,4.0,4.0,0.21379587054252625,0.07445470988750458,0.2978188395500183,0.2229901646711969,0.2978188395500183,0.7967585924977582,0.08299186442410728,0.09075206085911552,0.006587439585741206,-0.006587439585741206,0,0.0,-0.006587439585741206,0.0
2023-06-18,26508.0,26333.0,26647.0,26333.0,8589379740.11672,511384956032.88007,0.0,0.0,upper,0.0731,41.0,41.0,1.0142579078674316,0.5080311663630532,20.82927782088518,3.6702598891984946,20.82927782088518,3.5686811838667336,0.2654441904695292,0.7989754863083363,4.0,4.0,0.22170144319534302,0.07720781117677689,0.30883124470710754,0.23123569672144687,0.30883124470710754,0.7967581081591562,0.08606068064368538,0.09180636507564868,-0.006359562638306207,0.005359562638306207,1,0.001,0.006359562638306207,0.0
2023-06-19,26340.0,26779.0,26936.0,26340.0,6651894946.454161,519667661979.1768,-1.0,0.0,upper,0.0563,41.0,41.0,1.0307579040527344,0.5272305111696081,21.61645095795393,3.7880146158121892,21.61645095795393,3.5750958981451175,0.2683373487168514,0.8491327613592148,4.0,4.0,0.23436051607131958,0.0816163644194603,0.3264654576778412,0.24443917817022853,0.3264654576778412,0.7967585947785292,0.09097470535859974,0.12755436982653737,0.016795092775397806,-0.001,1,0.001,-0.0,0.0
2023-06-20,26787.0,28331.0,28331.0,26667.0,19958565664.552258,549330089183.52325,-1.0,0.0,upper,0.0606,41.0,41.0,1.1232866048812866,0.5301548265284155,21.736347887665033,3.8302649473750114,21.736347887665033,3.5695746319560295,0.27706210553853744,0.3139727897942066,4.0,4.0,0.23307526111602783,0.0811687558889389,0.3246750235557556,0.24309864499607536,0.3246750235557556,0.7967580284969102,0.09047580266111938,0.01849144414482027,0.05633861322349515,-0.05633861322349515,0,0.0,-0.05633861322349515,0.0
2023-06-21,28334.0,30102.0,30664.0,28291.0,23757254196.777027,584070487996.789,0.0,0.0,time,0.0061,41.0,41.0,1.779688835144043,0.5188024410205644,21.270900081843138,3.9148721166023233,21.270900081843138,3.533655905136197,0.32350326285479386,1.8392157778143883,4.0,4.0,0.21707066893577576,0.07559515535831451,0.30238062143325806,0.2264057938978983,0.30238062143325806,0.7967583664453349,0.08426309016400178,0.15106917180035168,0.0606350032403302,-0.0616350032403302,1,0.001,-0.0606350032403302,0.0
2023-06-22,30070.0,29936.0,30442.0,29755.0,19613389213.798763,581473706978.9268,0.0,0.0,time,0.025,41.0,41.0,1.7053359746932983,0.4935015358212518,20.233562968671322,3.717855354572304,20.233562968671322,3.5362097639466157,0.30592339378039307,1.0373371131718159,4.0,4.0,0.20800179243087769,0.07243688404560089,0.28974753618240356,0.21694689261838498,0.28974753618240356,0.7967579347991368,0.08074271721930987,0.09930873679970664,-0.005529845198437141,0.0,0,0.0,0.0,0.0
2023-06-23,29939.0,30629.0,31257.0,29888.0,22630955878.97284,594588611688.3142,0.0,0.0,time,-0.018,41.0,41.0,1.5765029191970825,0.4676139331082018,19.172171257436275,3.4855832786321708,19.172171257436275,3.548584453253208,0.27867790588499963,1.163989394903183,4.0,4.0,0.19228783249855042,0.06696449965238571,0.26785799860954285,0.2005571661492081,0.26785799860954285,0.7967584902419388,0.07464281619657648,0.14496498831250612,0.022885503049018693,-0.0,0,0.0,-0.0,0.0
2023-06-24,30674.0,30538.0,30817.0,30352.0,11736119929.84371,592912110031.5245,1.0,0.0,time,-0.0023,41.0,41.0,1.509029746055603,0.47010475815069386,19.274295084178448,3.6040206612333674,19.274295084178448,3.520668048521068,0.30952469847171243,1.1392848789691925,4.0,4.0,0.18405809998512268,0.06409846991300583,0.2563938796520233,0.19197350517628575,0.2563938796520233,0.7967583105394602,0.0714481828126429,0.08936243392960247,-0.0029754628194324736,-0.001,1,0.001,-0.0,1.0
2023-06-25,30547.0,30455.0,30984.0,30357.0,12076819255.30491,591387700082.1104,1.0,1.0,time,0.0009,41.0,41.0,1.4324603080749512,0.4661981882300319,19.114125717431307,3.657513478323655,19.114125717431307,3.4954478943781067,0.3300566863748898,1.277862075716257,4.0,4.0,0.17456883192062378,0.06079383194446564,0.24317532777786255,0.1820761592708151,0.24317532777786255,0.7967585280196952,0.06776460684760797,0.09696584413199644,-0.002721625472871986,-0.002721625472871986,0,0.0,-0.002721625472871986,1.0
2023-06-26,30469.0,30286.0,30635.0,30011.0,16032184116.631308,587134340343.6245,1.0,1.0,time,0.0098,41.0,41.0,1.366918683052063,0.4312732061598359,17.682201452553272,3.3882837335755043,17.682201452553272,3.495285987719779,0.306618335362751,1.4319242648780346,4.0,4.0,0.16672462224960327,0.058062076568603516,0.23224830627441406,0.173894609792125,0.23224830627441406,0.796758510899229,0.06471961907513422,0.08377140867450973,-0.005564624753984153,-0.005564624753984153,0,0.0,-0.005564624753984153,1.0
2023-06-27,30272.0,30694.0,30834.0,30254.0,14411853963.110468,595427193050.2291,1.0,0.0,time,-0.004,41.0,41.0,1.2824904918670654,0.4137077933949668,16.96201952919364,3.215297494826737,16.96201952919364,3.5067627958583656,0.28459720399077565,0.873221468180418,4.0,4.0,0.1266411542892456,0.047029443085193634,0.18811777234077454,0.13486231502725293,0.18811777234077454,0.8656486217306331,0.04832382938803625,0.09369217154421002,0.013381636218439496,0.013381636218439496,0,0.0,0.013381636218439496,1.0
2023-06-28,30677.0,30083.0,30677.0,30017.0,8489428028.028098,584187696961.3756,1.0,1.0,time,0.0344,41.0,41.0,1.2351820468902588,0.419908710778123,17.216257141903043,3.2948951593964937,17.216257141903043,3.4920267266464697,0.29743118780050887,0.8252138886600733,4.0,4.0,0.09122931957244873,0.0376095324754715,0.150438129901886,0.10157247200220171,0.150438129901886,0.9518467468064359,0.03412865122057957,0.0688684694654749,-0.020106967601819882,-0.020106967601819882,0,0.0,-0.020106967601819882,1.0
2023-06-29,30086.0,30467.0,30734.0,30062.0,12545425127.446297,591688337868.8445,1.0,1.0,time,0.0101,41.0,41.0,1.2051347494125366,0.42591702352028066,17.462597964331508,3.3722213389646463,17.462597964331508,3.477215913703442,0.3097701355123577,0.8619261868298054,3.0,3.0,0.040236979722976685,0.018893977006276447,0.056681931018829346,0.042750407704599404,0.056681931018829346,0.7153030823642358,0.015881333461733857,0.10951078601194887,0.012683902500097141,0.012683902500097141,0,0.0,0.012683902500097141,1.0
2023-06-30,30466.0,30481.0,31240.0,29771.0,21422361050.823097,591722375245.7673,1.0,1.0,time,0.0001,41.0,41.0,1.1378556489944458,0.4096051123356674,16.793809605762362,3.2180265304349347,16.793809605762362,3.487144332966629,0.2912070958860972,0.7449990510940552,3.0,3.0,0.02287331223487854,0.012899279594421387,0.03869783878326416,0.026764335839002538,0.03869783878326416,0.835788306323056,0.008507945908340581,0.03681837483868914,0.0004594080280314491,0.0004594080280314491,0,0.0,0.0004594080280314491,1.0
2023-07-01,30463.0,30584.0,30625.0,30334.0,4210431244.4326854,593625140902.5646,1.0,0.0,time,-0.0196,41.0,41.0,1.0986424684524536,0.40177635966641145,16.47283074632287,3.1277212531251943,16.47283074632287,3.4985040226886412,0.2778070161273345,0.6107329819351435,2.0,2.0,0.022085040807724,0.017675936222076416,0.03535187244415283,0.025763498387217976,0.03535187244415283,0.661705827407693,0.004409104585647583,0.036728541429696726,0.003373457714899704,0.003373457714899704,0,0.0,0.003373457714899704,1.0
2023-07-02,30588.0,30572.0,30743.0,30459.0,7236318143.905301,593627203721.8534,1.0,0.0,time,-0.0084,41.0,41.0,1.0656225681304932,0.3957937988566189,16.227545753121376,3.0533434879644914,16.227545753121376,3.5100722934648383,0.26596095787877716,0.5209846831858158,2.0,2.0,0.02142128348350525,0.01714468002319336,0.03428936004638672,0.02498917326581402,0.03428936004638672,0.6617055896986943,0.00427660346031189,0.03208606408625531,-0.00039243901347403836,-0.00039243901347403836,0,0.0,-0.00039243901347403836,1.0
2023-07-03,30623.0,31135.0,31384.0,30596.0,14755008156.77765,604507839820.0979,1.0,0.0,time,-0.0284,41.0,41.0,1.0244930982589722,0.3876009001964476,15.891636908054352,2.958533128730352,15.891636908054352,3.52391246331998,0.25149821813062456,0.5968275815248489,2.0,2.0,0.020594507455825806,0.01648297905921936,0.03296595811843872,0.024024706633911895,0.03296595811843872,0.661705884118053,0.004111528396606445,0.03479447064775047,0.01824803094377766,0.01824803094377766,0,0.0,0.01824803094377766,1.0
2023-07-04,31159.0,30776.0,31319.0,30660.0,12403890725.264545,598449423994.1252,1.0,0.0,time,-0.0199,41.0,41.0,0.9955742955207825,0.37573442462740875,15.405111409723759,2.8606400585279994,15.405111409723759,3.534897129709997,0.24169275358731637,0.7873629704117775,2.0,2.0,0.020013153553009033,0.016017690300941467,0.032035380601882935,0.023346525616266618,0.032035380601882935,0.6617059337309072,0.003995463252067566,0.028635414257780246,-0.011597422874421262,-0.011597422874421262,0,0.0,-0.011597422874421262,1.0
2023-07-05,30764.0,30485.0,30874.0,30236.0,10260132141.46154,592386606697.3153,0.0,0.0,time,-0.003,41.0,41.0,0.975993275642395,0.3684566802367931,15.106723889708519,2.809611841986371,15.106723889708519,3.5306781832437863,0.23827353460267783,0.36446910351514816,1.0,1.0,0.031084805727005005,0.031084805727005005,0.031084805727005005,0.031084805727005005,0.031084805727005005,-0.0,0.0,0.027830103807764833,-0.009500406090214563,-0.010500406090214562,1,0.001,-0.009500406090214563,0.0
2023-07-06,30506.0,29990.0,31480.0,29968.0,21776707863.503353,583429029204.2451,0.0,1.0,time,0.0208,41.0,41.0,0.9638507962226868,0.3660554506066369,15.008273474872112,2.783888871146281,15.008273474872112,3.5333236552833993,0.23458198094878852,0.2284817025065422,0.0,0.0,0.0,0.0,0.0,0.0,0.0,0.0,0.0,0.021980276921431688,-0.016370766598861736,-0.0,0,0.0,-0.0,0.0
2023-07-07,29945.0,30315.0,30422.0,29904.0,13018507892.814608,588811434763.8912,0.0,1.0,time,0.003,41.0,41.0,0.9515470862388611,0.3635076467947262,14.903813518583775,2.7561347260347167,14.903813518583775,3.536677078527252,0.23051524724168207,0.2376386672258377,3.0,3.0,0.016799628734588623,0.009424209594726562,0.028272628784179688,0.018655895234849895,0.028272628784179688,0.9565711630143269,0.005215210048748003,0.01999176753526371,0.01077864676277632,0.0,0,0.0,0.0,0.0
2023-07-08,30351.0,30264.0,30351.0,30090.0,5608541981.756295,587678367157.9867,0.0,1.0,upper,0.0383,41.0,41.0,0.9413167238235474,0.3613708397237266,14.81620442867279,2.7371501054049214,14.81620442867279,3.5369490748853933,0.22834753485295545,0.29930511862039566,3.0,3.0,0.034838467836380005,0.015396048625310263,0.046188145875930786,0.03575089471335891,0.046188145875930786,0.7279169452279336,0.013747866901049533,0.05265171869456806,-0.0016837521929659242,-0.0,0,0.0,-0.0,0.0
2023-07-09,30298.0,30170.0,30445.0,30096.0,7559670230.189486,585883986681.1711,1.0,1.0,upper,0.0414,41.0,41.0,0.9323909282684326,0.3555819975530229,14.578861899673939,2.7036223930785175,14.578861899673939,3.532258946250381,0.22769219745299354,0.23734252899885178,4.0,4.0,0.03047388792037964,0.010437298566102982,0.041749194264411926,0.03149366014450928,0.041749194264411926,0.7754171396328675,0.01179090564657727,0.023471191007780057,-0.00311083415975839,-0.001,1,0.001,-0.0,1.0
2023-07-10,30154.0,30394.0,30994.0,29988.0,12835219756.96589,590311894648.7518,1.0,1.0,upper,0.034,41.0,41.0,0.9242722392082214,0.35374368145698454,14.503490939736366,2.696731866918377,14.503490939736366,3.5276940262513437,0.22856095323293754,0.23200099915266037,5.0,5.0,0.030208557844161987,0.013597726821899414,0.06798863410949707,0.03834371577922768,0.06798863410949707,1.247081177413027,0.010447484540722522,0.038263231828797976,0.007397167340443769,0.007397167340443769,0,0.0,0.007397167340443769,1.0
2023-07-11,30405.0,30621.0,30718.0,30372.0,11753418050.421658,594749192359.1351,1.0,0.0,time,-0.0126,41.0,41.0,0.9144855737686157,0.35570760998057155,14.584012009203434,2.739353470340706,14.584012009203434,3.516341404254459,0.23769284236357885,0.404692567884922,5.0,5.0,0.0655372142791748,0.022959181666374208,0.11479590833187103,0.07355293653535189,0.11479590833187103,1.0733788114066831,0.02355595194011753,0.07157709109836324,0.007440827578057656,0.007440827578057656,0,0.0,0.007440827578057656,1.0
2023-07-12,30620.0,30407.0,30904.0,30250.0,13072555444.262321,590629381260.7114,1.0,1.0,upper,0.0336,41.0,41.0,0.9064155220985413,0.3489924792836352,14.308691650629044,2.709505894451458,14.308691650629044,3.5056319143448715,0.23929757052414655,0.4282749369740486,4.0,4.0,0.09969925880432129,0.034699875861406326,0.1387995034456253,0.10443538512070046,0.1387995034456253,0.752105571110638,0.03902058471538127,0.05131773427210538,-0.007013203025892321,-0.007013203025892321,0,0.0,-0.007013203025892321,1.0
2023-07-13,30408.0,31446.0,31686.0,30262.0,21254274345.702217,610725509598.8464,1.0,0.0,lower,-0.0367,41.0,41.0,0.8940308094024658,0.34256370983472684,14.0451121032238,2.6660947814406932,14.0451121032238,3.5030815049032142,0.2366800699771705,0.2635795474052429,4.0,4.0,0.09833699464797974,0.03422575071454048,0.13690300285816193,0.10300841230212344,0.13690300285816193,0.7521055294703134,0.03848741663553422,0.028966440243087192,0.033598943984505525,0.033598943984505525,0,0.0,0.033598943984505525,1.0
2023-07-14,31460.0,30312.0,31520.0,30024.0,21977151420.853252,588107447250.1327,1.0,0.0,time,-0.013,41.0,41.0,0.8950937986373901,0.3400663351867257,13.942719742655754,2.6617687244109542,13.942719742655754,3.4948093741231743,0.2390817360404009,0.131951242685318,4.0,4.0,0.09845393896102905,0.034266453236341476,0.1370658129453659,0.10313090451477515,0.1370658129453659,0.7521067052924865,0.038533181144444074,0.002527485478087979,-0.03672811533178451,-0.03672811533178451,0,0.0,-0.03672811533178451,1.0
2023-07-15,30316.0,30298.0,30388.0,30275.0,6233916918.782722,588642134563.5204,1.0,0.0,time,-0.017,41.0,41.0,0.8954421281814575,0.3354029097571606,13.751519300043583,2.649096944912888,13.751519300043583,3.4828363538218117,0.2422161419733405,0.1999792531132698,5.0,5.0,0.09849226474761963,0.02758879363536835,0.13794396817684174,0.10239156319789453,0.13794396817684174,0.8424136076642046,0.03654674963066819,0.04266917233664765,-0.00046196998016784756,-0.00046196998016784756,0,0.0,-0.00046196998016784756,1.0
2023-07-16,30306.0,30237.0,30442.0,30149.0,8356410453.563714,586391434733.7153,1.0,0.0,time,-0.0107,41.0,41.0,0.8963139057159424,0.3283271709593331,13.461414009332657,2.6239439832767437,13.461414009332657,3.4691625727525843,0.2452143934311311,0.30618876963853836,3.0,3.0,0.02610597014427185,0.011825228730837503,0.03547568619251251,0.027725724089775024,0.03547568619251251,0.5833412068086996,0.010789001694510584,0.07321577740170623,-0.002015363695281359,-0.002015363695281359,0,0.0,-0.002015363695281359,1.0
2023-07-17,30245.0,30148.0,30331.0,29793.0,10974383371.546566,585500720965.1113,0.0,0.0,time,-0.0146,41.0,41.0,0.8919404149055481,0.3234637430528315,13.262013465166092,2.5958336179777795,13.262013465166092,3.465736074774291,0.24437933609721468,0.19940054416656494,3.0,3.0,0.025978580117225647,0.011767526467641195,0.035302579402923584,0.02759042937049477,0.035302579402923584,0.5833424534408532,0.010736351884266093,0.0035075261957161646,-0.0029477540596271486,-0.003947754059627148,1,0.001,-0.0029477540596271486,0.0
2023-07-18,30152.0,29848.0,30236.0,29720.0,13152758553.030825,579708613537.5165,0.0,1.0,time,0.007,41.0,41.0,0.8909198641777039,0.317366093578862,13.012009836733341,2.563386760255699,13.012009836733341,3.4610408042311764,0.24402023862288813,0.2500036284327507,3.0,3.0,0.025948867201805115,0.011754060784975687,0.03526218235492706,0.02755886900602516,0.03526218235492706,0.583340697455869,0.010724076123075346,0.0008529459234677342,-0.010000750062366778,-0.0,0,0.0,-0.0,0.0
2023-07-19,29855.0,29920.0,30176.0,29816.0,8545620844.326587,581327322356.8716,0.0,0.0,time,-0.0249,41.0,41.0,0.8901394009590149,0.31269198474360677,12.820371374487877,2.548152103698811,12.820371374487877,3.4497084696433755,0.24615342099384707,0.19163846224546432,3.0,3.0,0.025926128029823303,0.01174376904964447,0.03523130714893341,0.027534728145201748,0.03523130714893341,0.5833409248169901,0.01071467715419684,0.0006628709256457709,0.0024093171874198724,0.0,0,0.0,0.0,0.0
2023-07-20,29926.0,29787.0,30391.0,29688.0,11117456853.464512,579308712612.258,0.0,0.0,time,-0.0191,41.0,41.0,0.8932009935379028,0.3069707058915278,12.585798941552639,2.5363131653141777,12.585798941552639,3.430316381918342,0.2503369868918044,0.2938925251364708,3.0,3.0,0.02601531147956848,0.011784166097640991,0.035352498292922974,0.02762944127619952,0.035352498292922974,0.5833424919844347,0.010751531881311671,0.0024688766587149277,-0.004455096386709704,-0.0,0,0.0,-0.0,0.0
2023-07-21,29794.0,29915.0,30012.0,29758.0,8492627980.9282,581397880391.4172,1.0,0.0,time,-0.0186,41.0,41.0,0.8998366594314575,0.31457548225071374,12.897594772279263,2.580103858699155,12.897594772279263,3.43655604356255,0.25180658597279404,0.31179583072662354,4.0,4.0,0.02620856463909149,0.008999437093734741,0.035997748374938965,0.027837310985909167,0.035997748374938965,0.6360163689821929,0.010617867145875672,0.005569160114971273,0.004287970122428343,-0.001,1,0.001,0.0,1.0
2023-07-22,29904.0,29710.0,29981.0,29682.0,6745541064.873876,577068525402.119,0.0,0.0,time,-0.0173,41.0,41.0,0.9046075940132141,0.3124122685957246,12.808903012424707,2.576419375581225,12.808903012424707,3.4318333065578233,0.2535734054752115,0.2031351737678051,4.0,4.0,0.026347532868385315,0.009047165513038635,0.03618866205215454,0.02798492664151029,0.03618866205215454,0.6360182615104127,0.010674166288865958,0.0043651806537741865,-0.006876337367478857,-0.007876337367478857,1,0.001,-0.006876337367478857,0.0
2023-07-23,29810.0,30058.0,30312.0,29776.0,7427606999.412798,584296796267.4817,1.0,0.0,lower,-0.0295,41.0,41.0,0.909940242767334,0.31867105868167994,13.065513405948877,2.6125531208800035,13.065513405948877,3.4390676422621405,0.2547994342819483,0.2566103935241699,6.0,6.0,0.05239716172218323,0.01703645537296931,0.10221873223781586,0.06097510854548281,0.10221873223781586,1.2032948992232237,0.018149926501606746,0.05135266262509951,0.011645159037386395,-0.001,1,0.001,0.0,1.0
2023-07-24,30085.0,29185.0,30089.0,28983.0,15195244950.838041,567051778655.836,1.0,1.0,time,0.0059,41.0,41.0,0.9180659651756287,0.31596177425689814,12.954432744532824,2.602035110363073,12.954432744532824,3.437496348923055,0.2555472922251531,0.28723518550395966,5.0,5.0,0.05286507308483124,0.017918425798416137,0.08959212899208069,0.06001123999194286,0.08959212899208069,0.9375617015889951,0.019979985034548134,0.019701381235584018,-0.02947396985614826,-0.02947396985614826,0,0.0,-0.02947396985614826,1.0
2023-07-25,29177.0,29223.0,29304.0,29062.0,7929844775.363448,568019115128.7598,1.0,1.0,time,0.0019,41.0,41.0,0.9451552033424377,0.3162797299645296,12.967468928545713,2.6419005165358804,12.967468928545713,3.421774367395175,0.2649570037935141,0.4366960749030113,5.0,5.0,0.05442492663860321,0.018447130918502808,0.09223565459251404,0.06178194306127109,0.09223565459251404,0.9375623269088025,0.02056951770365184,0.03266616802133635,0.0013011918011740045,0.0013011918011740045,0,0.0,0.0013011918011740045,1.0
2023-07-26,29228.0,29364.0,29655.0,29129.0,13088677750.42505,570531781624.6747,1.0,0.0,time,-0.0045,41.0,41.0,0.9546955823898315,0.3116802003507207,12.778888214379549,2.624046264464749,12.778888214379549,3.41754533127224,0.266077760463041,0.36394787579774857,5.0,5.0,0.05497431755065918,0.018633344769477846,0.09316672384738922,0.06240559913621439,0.09316672384738922,0.9375614886555926,0.020777156287898238,0.011909898321475189,0.004813363791606695,0.004813363791606695,0,0.0,0.004813363791606695,1.0
2023-07-27,29352.0,29200.0,29554.0,29095.0,9047649539.81237,567708714251.7643,0.0,0.0,time,0.0115,41.0,41.0,0.9772415161132812,0.3122254592798105,12.801243830472231,2.6558837268022546,12.801243830472231,3.4081609485355897,0.2730515959449298,0.37105658650398254,5.0,5.0,0.05627256631851196,0.019073379039764405,0.09536689519882202,0.06387934099095692,0.09536689519882202,0.937561495866065,0.021267822011039723,0.027311800932743085,-0.005600724974298824,-0.006600724974298824,1,0.001,-0.005600724974298824,0.0
2023-07-28,29201.0,29314.0,29507.0,29119.0,7682754827.0541115,569952119667.3986,0.0,1.0,time,-0.0057,41.0,41.0,0.9995984435081482,0.3241458341661023,13.289979200810194,2.7310411239755745,13.289979200810194,3.420290170172974,0.27721147280084674,0.4887353703379631,5.0,5.0,0.05755995213985443,0.01950974464416504,0.0975487232208252,0.06534076304687286,0.0975487232208252,0.9375632938094755,0.02175437719239489,0.027102814944140605,0.0038965083308728256,-0.0,0,0.0,-0.0,0.0
2023-07-29,29313.0,29357.0,29395.0,29268.0,4882536540.911603,570804910032.5747,0.0,1.0,time,-0.0062,41.0,41.0,1.0253489017486572,0.3242081180214882,13.292532838881016,2.77175371279824,13.292532838881016,3.403028358192348,0.2868275418358047,0.4113309942185879,5.0,5.0,0.05904272198677063,0.020012319087982178,0.10006159543991089,0.06702397223781076,0.10006159543991089,0.9375618445359353,0.022314785583279748,0.031134536956229003,0.0014658010839785315,-0.0,0,0.0,-0.0,0.0
2023-07-30,29357.0,29278.0,29437.0,29153.0,7872881636.625643,569135711632.8535,0.0,1.0,time,-0.0065,41.0,41.0,1.0692135095596313,0.329983507169456,13.529323793947697,2.8609963514932515,13.529323793947697,3.3876919578624105,0.30125130940307127,0.5573874115943909,5.0,5.0,0.061568617820739746,0.020868447422981263,0.10434223711490631,0.06989129027041036,0.10434223711490631,0.9375605107471653,0.023269430446120034,0.04980726020645994,-0.0026946379398674228,0.0,0,0.0,0.0,0.0
2023-07-31,29280.0,29233.0,29494.0,29159.0,6641808341.386258,568333703606.0996,0.0,1.0,time,-0.0064,41.0,41.0,1.119378685951233,0.32186974366990534,13.196659490466118,2.7934678353408238,13.196659490466118,3.397144493780872,0.2944965584124713,0.9491851404309273,5.0,5.0,0.06445726752281189,0.021847563982009887,0.10923781991004944,0.07317042891875575,0.10923781991004944,0.9375640942387277,0.024361163389356462,0.055370429636859675,-0.0015381726127533279,0.0,0,0.0,0.0,0.0
2023-08-01,29226.0,29537.0,29537.0,28773.0,15289922840.873833,572408929757.971,0.0,1.0,time,-0.0168,41.0,41.0,1.1480571031570435,0.3187413651768754,13.068395972251892,2.7045203684065244,13.068395972251892,3.431527639394417,0.27713658032212096,0.9868713766336441,5.0,5.0,0.06796309351921082,0.023035845160484313,0.11517922580242157,0.07715016305675858,0.11517922580242157,0.937562449323565,0.02568617078661354,0.06445735144020709,0.010345506598922317,-0.0,0,0.0,-0.0,0.0
2023-08-02,29694.0,29147.0,29975.0,29025.0,19266318894.086517,567074709353.651,0.0,0.0,time,0.0011,41.0,41.0,1.2218873500823975,0.3355112372011673,13.75596072524786,2.8666409369805645,13.75596072524786,3.425931985293191,0.29641561377830056,0.9142477735877037,5.0,5.0,0.0723336935043335,0.024517261981964113,0.12258630990982056,0.08211158383283367,0.12258630990982056,0.9375647070950082,0.02733800111228016,0.07704621008863975,-0.013291723187070262,0.0,0,0.0,0.0,0.0
2023-08-03,29153.0,29176.0,29362.0,28993.0,12539132810.40034,567940644790.4882,0.0,0.0,time,0.0205,41.0,41.0,1.3666523694992065,0.3577096195119183,14.666094399988651,3.1098007970981754,14.666094399988651,3.4145763529248905,0.328509492385652,1.2318127900362015,5.0,5.0,0.08090353012084961,0.02742196321487427,0.13710981607437134,0.09183987210781731,0.13710981607437134,0.9375610600480566,0.030576925208368005,0.11609508579605735,0.0009944619580603135,-0.0,0,0.0,-0.0,0.0
2023-08-04,29173.0,29088.0,29296.0,28939.0,12112869085.655884,565073127339.627,0.0,0.0,upper,0.0235,41.0,41.0,1.481445550918579,0.36746367594090906,15.06601071357727,3.140948057703725,15.06601071357727,3.443250377776356,0.324951892222435,1.728013090789318,5.0,5.0,0.09089881181716919,0.030809825658798216,0.1540491282939911,0.10318627734738135,0.1540491282939911,0.937562017209227,0.03435456606386698,0.1337922213665566,-0.003020735511310775,0.0,0,0.0,0.0,0.0
2023-08-05,29080.0,29047.0,29096.0,28967.0,5335308729.48437,564970113457.8998,0.0,0.0,upper,0.0249,41.0,41.0,1.6330466270446777,0.37169579670923514,15.23952766507864,3.0844258791508015,15.23952766507864,3.4842221221690792,0.3064037917293628,1.7491813525557518,5.0,5.0,0.10020077228546143,0.03396268486976624,0.16981342434883118,0.11374565375292793,0.16981342434883118,0.9375616077304264,0.037870183336936,0.1339551974928003,-0.0014105102536368958,0.0,0,0.0,0.0,0.0
2023-08-06,29050.0,29044.0,29139.0,28973.0,5360283576.269965,564947914083.0184,0.0,0.0,upper,0.025,41.0,41.0,1.8234587907791138,0.41960220002546544,17.203690201044083,3.509723381959366,17.203690201044083,3.4709689581334136,0.3526710607585035,1.9714815095067024,6.0,6.0,0.11188414692878723,0.03258089969555537,0.19548539817333221,0.1271440230140921,0.19548539817333221,1.0442700055417926,0.04040732697250369,0.1632476218099544,-0.00010328622343110811,0.0,0,0.0,0.0,0.0
2023-08-07,29043.0,29178.0,29188.0,28755.0,13252185122.112452,567529179865.8152,0.0,0.0,upper,0.0204,41.0,41.0,2.157546043395996,0.4698783162890411,19.265010967850685,3.979141719818866,19.265010967850685,3.4658374774385834,0.40669272602715834,2.4459278434515,6.0,6.0,0.13238310813903809,0.04326421022415161,0.25958526134490967,0.15435292418187627,0.25958526134490967,1.2074343320528789,0.0458149791472515,0.2885285119120011,0.004603079131703505,-0.0,0,0.0,-0.0,0.0
2023-08-08,29176.0,29780.0,30126.0,29113.0,14603570418.91888,579214283623.8071,0.0,1.0,time,-0.0168,41.0,41.0,2.5053036212921143,0.5221587935598885,21.40851053595543,4.114807209202422,21.40851053595543,3.5372082297747274,0.3745890865916289,4.165290907025337,6.0,6.0,0.16157561540603638,0.052804638942082725,0.31682783365249634,0.1883900990560466,0.31682783365249634,1.2074352120634235,0.05591787141204609,0.39834103699999684,0.020422026606159077,-0.0,0,0.0,-0.0,0.0
2023-08-09,29764.0,29585.0,30062.0,29401.0,14633310097.491423,575535414817.4033,-1.0,1.0,time,-0.0062,41.0,41.0,1.3305044174194336,0.5079038088641515,20.824056163430214,3.543463199853561,20.824056163430214,3.624112513971799,0.21972899091054499,2.5866843909025192,7.0,7.0,0.17727768421173096,0.07372078725269862,0.5160455107688904,0.2683352710167624,0.5160455107688904,1.4359936919925669,0.0696527472122916,0.2517481424202486,-0.0065695511272055,-0.001,1,0.001,0.0,1.0
2023-08-10,29562.0,29424.0,29665.0,29366.0,8106253519.025447,572414205818.4142,-1.0,1.0,time,-0.0087,41.0,41.0,1.3200585842132568,0.5078172756404411,20.820508301258087,3.5381679461972024,20.820508301258087,3.6253626649811457,0.21783964859519825,0.38996483385562897,8.0,8.0,0.17675191164016724,0.06202252581715584,0.4961802065372467,0.2612112798732027,0.4961802065372467,1.4426974096245724,0.06842603950898238,0.1329926495618359,-0.005456808266692103,0.005456808266692103,0,0.0,0.005456808266692103,1.0
2023-08-11,29429.0,29397.0,29509.0,29303.0,4651950357.636653,571976559045.8302,0.0,1.0,lower,-0.0221,41.0,41.0,1.3086453676223755,0.49394357640568803,20.25168663263321,3.4644930688336597,20.25168663263321,3.6183515554987435,0.22083664089461794,0.5688216686248779,6.0,6.0,0.175223708152771,0.07041266560554504,0.42247599363327026,0.2501401441344054,0.42247599363327026,1.1805678363316556,0.07396218723274668,0.0745724531805015,-0.0009180395401742106,-8.196045982578938e-05,1,0.001,0.0009180395401742106,0.0
2023-08-12,29401.0,29412.0,29459.0,29353.0,3994297895.288944,572257798803.9086,-1.0,1.0,lower,-0.0226,41.0,41.0,1.3157979249954224,0.5121882274383451,20.999717324972153,3.5876115059770495,20.999717324972153,3.6185938453604343,0.22713208386929346,0.7480306923389435,6.0,6.0,0.1761813759803772,0.07738715906937917,0.464322954416275,0.2546125163223568,0.464322954416275,1.3696365579884335,0.06939608434561953,0.05095147598418083,0.0005101260121847067,-0.001,1,0.001,-0.0,1.0
2023-08-13,29414.0,29285.0,29445.0,29274.0,4755220448.634491,569687130446.7833,-1.0,1.0,lower,-0.0183,41.0,41.0,1.3154984712600708,0.5063888074421301,20.761941105127335,3.5378260463144984,20.761941105127335,3.6222141100490557,0.22100648580992205,0.34578460454940796,4.0,4.0,0.17614126205444336,0.0991656556725502,0.3966626226902008,0.2515958093155507,0.3966626226902008,0.9885976104017746,0.07740339495991082,0.05346060754052727,-0.004327314792230269,0.004327314792230269,0,0.0,0.004327314792230269,1.0
2023-08-14,29279.0,29401.0,29653.0,29144.0,12408355477.111338,572242735188.2397,-1.0,1.0,lower,-0.0223,41.0,41.0,1.3183033466339111,0.5091236306399833,20.87406885623932,3.634573707435694,20.87406885623932,3.6032769767415136,0.25098072574258584,1.042691856622696,4.0,4.0,0.17651689052581787,0.0993771031498909,0.3975084125995636,0.25213225061739103,0.3975084125995636,0.9885982035269549,0.07756841702576933,0.007424832466426514,0.003953247829882986,-0.003953247829882986,0,0.0,-0.003953247829882986,1.0
2023-08-15,29404.0,29170.0,29419.0,29119.0,11523395157.99864,567498309102.7323,0.0,1.0,lower,-0.0959,41.0,41.0,1.755340814590454,0.499060052197154,20.461462140083313,3.713067776319244,20.461462140083313,3.568843836364281,0.29530364479841087,1.2830558050342529,5.0,5.0,0.174976646900177,0.09835970997810364,0.4917985498905182,0.26837080845676353,0.4917985498905182,1.2907897703870186,0.06877460010331365,0.0940304319915482,-0.007887903491998496,0.006887903491998496,1,0.001,0.007887903491998496,0.0
2023-08-16,29164.0,28754.0,29222.0,28710.0,14809979642.373245,559982624303.4923,0.0,1.0,lower,-0.0816,41.0,41.0,1.7341796159744263,0.5018216836743239,20.574689030647278,3.7359863034594567,20.574689030647278,3.5656512620685277,0.29766442757565337,0.3962101936340332,5.0,5.0,0.1728672981262207,0.09717397093772888,0.4858698546886444,0.2651355202785683,0.4858698546886444,1.2907905949041372,0.06794547957642837,0.04154556103111552,-0.014363895879229314,0.0,0,0.0,0.0,0.0
2023-08-17,28704.0,26502.0,28704.0,25649.0,29965585683.421356,516026928368.83746,0.0,1.0,time,-0.0178,41.0,41.0,2.953799247741699,0.46126393156080714,18.91182119399309,4.171320245463165,18.91182119399309,3.4178342115036866,0.46002575731955486,4.574237330486648,5.0,5.0,0.13789135217666626,0.07751292884349822,0.38756464421749115,0.21149114740511332,0.38756464421749115,1.2907896882174057,0.05419821905052835,0.527529225342902,-0.08155668615795632,0.0,0,0.0,0.0,0.0
2023-08-18,26646.0,26043.0,26753.0,25677.0,18062351745.50358,506815826635.9217,0.0,0.0,time,0.0155,41.0,41.0,2.4644742012023926,0.3960971019980384,16.239981181919575,3.5585205255460055,16.239981181919575,3.4147341953672257,0.3898235638446781,2.914561092853546,5.0,5.0,0.115048348903656,0.06467217206954956,0.3233608603477478,0.17645563278703488,0.3233608603477478,1.2907893845456289,0.04521977695943615,0.38255383026345197,-0.017471183764663747,0.0,0,0.0,0.0,0.0
2023-08-19,26048.0,26105.0,26248.0,25804.0,3355038748.9824667,508087686822.70435,0.0,0.0,time,0.0011,41.0,41.0,2.1830503940582275,0.3525852090338381,14.455993570387363,3.171207179136586,14.455993570387363,3.411975375970524,0.3478009473542328,1.7839876115322113,5.0,5.0,0.10191068053245544,0.057287105917930604,0.286435529589653,0.15630573475098128,0.286435529589653,1.2907898762640195,0.04005601126868006,0.24887931908695693,0.0023778487847350436,-0.0,0,0.0,-0.0,0.0
2023-08-20,26089.0,26161.0,26225.0,26024.0,8304370131.833873,509078930366.0949,0.0,1.0,time,-0.0045,41.0,41.0,2.0011098384857178,0.32884115017041926,13.48248715698719,2.933475078030683,13.48248715698719,3.416722512272471,0.318980060909293,0.9787349924445152,5.0,5.0,0.093417227268219,0.04219416081905365,0.21097080409526825,0.11695927735850939,0.21097080409526825,1.2894892517316499,0.030911928196422543,0.14744782696563943,0.0021428852955701467,-0.0,0,0.0,-0.0,0.0
2023-08-21,26193.0,26119.0,26206.0,25874.0,9377753161.447634,508491920831.3545,0.0,1.0,time,-0.0045,41.0,41.0,1.8642394542694092,0.3462585803212189,14.196601793169975,3.299553668240514,14.196601793169975,3.330609712185909,0.38163190116025214,1.8576374351978302,4.0,4.0,0.08702772855758667,0.03968340903520584,0.15873363614082336,0.10218997375167771,0.15873363614082336,0.9903689924888146,0.03218578461350116,0.10787662485757778,-0.0016067333219422835,0.0,0,0.0,0.0,0.0
2023-08-22,26128.0,26034.0,26133.0,25575.0,13702941053.015312,506356213378.17975,0.0,0.0,time,0.0019,41.0,41.0,1.773409128189087,0.3319093935736796,13.608285136520863,3.1566345681051753,13.608285136520863,3.3302102675449885,0.36451183959212335,0.6257831230759621,3.0,3.0,0.08278754353523254,0.05013561248779297,0.1504068374633789,0.09720923276922332,0.1504068374633789,0.9684995909115903,0.025224961294999144,0.05238006157552106,-0.0032596427918748614,0.0,0,0.0,0.0,0.0
2023-08-23,26029.0,26450.0,26668.0,25816.0,14600566342.214415,514955818082.43463,0.0,1.0,time,-0.013,41.0,41.0,1.7163517475128174,0.32362801290866805,13.26874852925539,3.08736130720396,13.26874852925539,3.324022010801431,0.3574182874691443,0.5305778384208679,3.0,3.0,0.08012396097183228,0.048522566755612694,0.14556770026683807,0.09408165566188013,0.14556770026683807,0.9684995951354165,0.024413380746508076,0.03262699605421945,0.015852782260039673,-0.0,0,0.0,-0.0,0.0
2023-08-24,26426.0,26135.0,26536.0,25966.0,11961319630.81013,508906955118.32086,0.0,0.0,upper,0.0593,41.0,41.0,1.6475313901901245,0.2978674393238091,12.212565012276173,2.8473942087148467,12.212565012276173,3.3382372952334927,0.3301857685562597,1.0561835169792175,3.0,3.0,0.07691124081611633,0.046576964358488716,0.13973089307546616,0.09030927522684207,0.13973089307546616,0.9684996290201671,0.02343447862617334,0.03935334990184768,-0.011980746139423272,0.0,0,0.0,0.0,0.0
2023-08-25,26138.0,26044.0,26200.0,25820.0,2582213805.5461373,507007928705.4434,0.0,0.0,upper,0.0628,41.0,41.0,1.5788865089416504,0.31896296107187505,13.077481403946877,3.1429621970034813,13.077481403946877,3.2780364182771793,0.37308794424657893,1.5528053864836693,3.0,3.0,0.073706716299057,0.044636319080988564,0.1339089572429657,0.08654651301683972,0.1339089572429657,0.9684995556033296,0.022458079259474628,0.039253086214196674,-0.003487996790269538,0.0,0,0.0,0.0,0.0
2023-08-26,26043.0,26002.0,26087.0,25991.0,3420999388.355067,506086069151.6848,0.0,0.0,upper,0.0644,41.0,41.0,1.5260955095291138,0.3154739861081286,12.934433430433273,3.0779707445313997,12.934433430433273,3.284429612763431,0.36269407359445566,0.513130322098732,3.0,3.0,0.07124227285385132,0.04314387341340383,0.1294316202402115,0.08365276554200046,0.1294316202402115,0.9684996555571447,0.021707170424304954,0.030187342273479276,-0.0016139572346387336,0.0,0,0.0,0.0,0.0
2023-08-27,26002.0,26083.0,26152.0,25966.0,4743752357.401259,507835678906.77924,0.0,0.0,upper,0.0613,41.0,41.0,1.4849767684936523,0.3094454644838484,12.687264043837786,3.019079243680555,12.687264043837786,3.2812879928092533,0.35574803239084063,0.4022038094699383,3.0,3.0,0.06932273507118225,0.04198141396045685,0.12594424188137054,0.08139884215679247,0.12594424188137054,0.968499671958515,0.02112229588301338,0.023512833000290695,0.003110302977801014,-0.0,0,0.0,-0.0,0.0
2023-08-28,26086.0,26109.0,26203.0,25886.0,9995933796.2508,508350651765.9018,0.0,0.0,upper,0.0603,41.0,41.0,1.4503967761993408,0.28295624565060545,11.601206071674824,2.837422805893933,11.601206071674824,3.2669325068404236,0.34102909053895447,1.0542778435386555,3.0,3.0,0.06770843267440796,0.041003803412119545,0.12301141023635864,0.07950332936005648,0.12301141023635864,0.9684996308786334,0.020630428146747856,0.019773842579389116,0.0009963213577082952,-0.0,0,0.0,-0.0,0.0
2023-08-29,26110.0,27731.0,27999.0,25904.0,29462388818.839893,539045091002.16876,0.0,1.0,lower,-0.0673,41.0,41.0,1.4599957466125488,0.30918060324904395,12.676404733210802,3.042447012093112,12.676404733210802,3.2685048712348337,0.36079807740250663,0.8749294527878942,3.0,3.0,0.06815657019615173,0.041275190810362496,0.1238255724310875,0.08002953102563912,0.1238255724310875,0.9684996043575523,0.020766974638338914,0.005488968231924041,0.060270838528666965,-0.0,0,0.0,-0.0,0.0
2023-08-30,27717.0,27297.0,27740.0,27082.0,16029914124.395369,531729400483.3156,0.0,1.0,lower,-0.0515,41.0,41.0,1.4704465866088867,0.31098410932392606,12.75034848228097,3.0181074302464705,12.75034848228097,3.2868605495755867,0.3542018404249446,0.6083396822214127,3.0,3.0,0.0686444342136383,0.04157063364982605,0.12471190094947815,0.08060237599366571,0.12471190094947815,0.968499559333401,0.02091562629295864,0.005976079744759187,-0.015774114961489907,0.0,0,0.0,0.0,0.0
2023-08-31,27303.0,25927.0,27403.0,25833.0,20360682650.055054,505403246528.0237,0.0,1.0,time,-0.0055,41.0,41.0,1.4456446170806885,0.30342892657329396,12.440585989505053,2.976565722788587,12.440585989505053,3.269316598604163,0.3521747712374329,0.4508402496576309,3.0,3.0,0.06748661398887634,0.04086946944395701,0.12260840833187103,0.07924286727135964,0.12260840833187103,0.9684996085717072,0.02056284201737618,0.014182403578856969,-0.05149190929029884,0.0,0,0.0,0.0,0.0
2023-09-01,25938.0,25812.0,26101.0,25438.0,15924588668.893366,502687549096.97003,0.0,1.0,time,-0.0023,41.0,41.0,1.4526922702789307,0.2898180391185167,11.882539603859186,2.8969324131301453,11.882539603859186,3.262719424781844,0.347410036731935,0.6244945973157883,3.0,3.0,0.06781560182571411,0.041068702936172485,0.12320610880851746,0.07962916604816045,0.12320610880851746,0.9684996089580482,0.020663083046395903,0.004030020175946778,-0.004445396678771353,0.0,0,0.0,0.0,0.0
2023-09-02,25796.0,25854.0,25938.0,25756.0,8203515572.755595,503679892454.50775,0.0,0.0,time,0.013,41.0,41.0,1.4349071979522705,0.3060141134007675,12.546578649431467,3.0000250535932884,12.546578649431467,3.26108568213958,0.3547833478565593,0.852399617433548,3.0,3.0,0.06698533892631531,0.04056591043869654,0.12169773131608963,0.07865428179938225,0.12169773131608963,0.9684997094413069,0.020410101879670475,0.010170008461149273,0.001625827788162602,-0.0,0,0.0,-0.0,0.0
2023-09-03,25868.0,25960.0,26055.0,25808.0,8301138495.084562,505513039060.68445,0.0,1.0,time,-0.002,41.0,41.0,1.424725890159607,0.29094479605555534,11.928736638277769,2.879201488716561,11.928736638277769,3.2664635046228563,0.3428431115348751,0.617842011153698,3.0,3.0,0.06651005148887634,0.04027807464202245,0.12083422392606735,0.07809619229511441,0.12083422392606735,0.9684996773225181,0.020265285263149652,0.005821952247847326,0.004091563974133189,-0.0,0,0.0,-0.0,0.0
2023-09-04,25969.0,25829.0,26061.0,25660.0,6700578092.438599,502409490053.88367,0.0,0.0,time,0.0023,41.0,41.0,1.4141836166381836,0.28898789115795276,11.848503537476063,2.858112179036868,11.848503537476063,3.267609194735479,0.3401839953106483,0.11393565312027931,3.0,3.0,0.06601792573928833,0.03998004148403803,0.1199401244521141,0.07751833234275768,0.1199401244521141,0.968499608971181,0.020115339901064098,0.006028410652503801,-0.005059000150433445,0.0,0,0.0,0.0,0.0
2023-09-05,25805.0,25784.0,25824.0,25603.0,7633735596.705433,501979376928.41833,0.0,0.0,time,0.002,41.0,41.0,1.4049510955810547,0.28494771706258376,11.682856399565935,2.8356693819780303,11.682856399565935,3.2576250264141517,0.3390092301808874,0.16564713791012764,3.0,3.0,0.06558692455291748,0.039719030261039734,0.1191570907831192,0.07701224930185702,0.1191570907831192,0.9684996479326786,0.01998401401036344,0.005279388789889556,-0.0017437471723190615,0.0,0,0.0,0.0,0.0
2023-09-06,25770.0,25753.0,25918.0,25476.0,12225427270.62692,501615002105.18665,0.0,1.0,time,-0.0244,41.0,41.0,1.3929427862167358,0.2844053173392284,11.660618010908365,2.680680241006551,11.660618010908365,3.307307298400969,0.3072182345308768,1.3058909624814987,3.0,3.0,0.06502632796764374,0.039379539589087166,0.1181386187672615,0.076354000671387,0.1181386187672615,0.9684996606430096,0.019813202700730614,0.006866649937847865,-0.001203019335186138,0.0,0,0.0,0.0,0.0
2023-09-07,25749.0,26192.0,26401.0,25644.0,4521997781.160889,509837705629.17126,0.0,1.0,time,-0.0125,41.0,41.0,1.3952769041061401,0.2763251814900375,11.329332441091537,2.6043452399338887,11.329332441091537,3.3181140074272797,0.29845268799465846,0.3596043847501278,3.0,3.0,0.06513530015945435,0.03944552689790726,0.11833658069372177,0.07648194947483954,0.11833658069372177,0.9684995935192426,0.019846408732323448,0.001334683863854006,0.016902895450828386,-0.0,0,0.0,-0.0,0.0
2023-09-08,26215.0,25907.0,26383.0,25696.0,8058794338.820984,504533063388.2184,0.0,0.0,time,0.0121,41.0,41.0,1.3922559022903442,0.27756694231818363,11.380244635045528,2.6022858669335625,11.380244635045528,3.3261895838638385,0.2968580192395365,0.09244627505540848,3.0,3.0,0.036311984062194824,0.022897919019063313,0.06869375705718994,0.0429363495831829,0.06869375705718994,1.0179485857038084,0.009497122885705022,0.04974485344121138,-0.010940818169446847,0.0,0,0.0,0.0,0.0
2023-09-09,25900.0,25889.0,25921.0,25808.0,404806432.52168876,504373920218.6837,0.0,0.0,time,0.0245,41.0,41.0,1.3948220014572144,0.27898626311159713,11.438436787575483,2.6115259403165973,11.438436787575483,3.325993414294128,0.2975059336052087,0.13588664308190346,3.0,3.0,0.036378905177116394,0.02294011910756429,0.06882035732269287,0.04301547966793732,0.06882035732269287,1.017948587512838,0.009514625532218282,0.0015269472512978166,-0.0006950343935673922,0.0,0,0.0,0.0,0.0
2023-09-10,25890.0,25835.0,25919.0,25669.0,6603006234.083502,503489661583.33154,0.0,0.0,time,0.0305,41.0,41.0,1.395227074623108,0.27821962689844576,11.407004702836275,2.620023366991518,11.407004702836275,3.3109850738253157,0.30003535771840434,0.3312124237418175,3.0,3.0,0.03638947010040283,0.02873963365952174,0.08621890097856522,0.05193317926438835,0.08621890097856522,1.0504033156180133,0.008547036130662515,0.0345228159500799,-0.00208800632661692,0.0,0,0.0,0.0,0.0
2023-09-11,25835.0,25133.0,25882.0,25006.0,14859931201.000029,489502952545.6269,0.0,0.0,upper,0.0425,41.0,41.0,1.3911151885986328,0.2790941908592131,11.442861825227737,2.622895061145671,11.442861825227737,3.3112467694344434,0.29983500501624016,0.09866275265812874,2.0,2.0,0.03628222644329071,0.02652130275964737,0.05304260551929474,0.039966364138530004,0.05304260551929474,0.6238017376548012,0.009760923683643341,0.0245446956477319,-0.027548438080765816,0.0,0,0.0,0.0,0.0
2023-09-12,25163.0,25867.0,26380.0,25125.0,16825266473.048721,503997883573.3815,0.0,0.0,time,0.025,41.0,41.0,1.3888136148452759,0.2785724517775745,11.421470522880554,2.61974921555196,11.421470522880554,3.308809264260144,0.29964934408856436,0.09699803590774536,2.0,2.0,0.022219061851501465,0.019475851207971573,0.038951702415943146,0.027814887557199415,0.038951702415943146,0.6831944889481828,0.002743210643529892,0.01400267682209074,0.028786301377587937,-0.0,0,0.0,-0.0,0.0
2023-09-13,25850.0,26223.0,26363.0,25820.0,12975855576.243193,510909474484.6564,0.0,0.0,time,0.0196,41.0,41.0,1.3949365615844727,0.28346950333656334,11.622249636799097,2.625525683007319,11.622249636799097,3.33477922899734,0.2962707965298645,0.3035581447184086,1.0,1.0,0.022317007184028625,0.022317007184028625,0.022317007184028625,0.022317007184028625,0.022317007184028625,-0.0,0.0,0.012971003263869893,0.013668863230490548,-0.0,0,0.0,-0.0,0.0
2023-09-14,26222.0,26531.0,26752.0,26178.0,11739428177.432598,516823786025.9003,0.0,0.0,time,0.0256,41.0,41.0,1.4094669818878174,0.2849819259490909,11.684258963912725,2.6194856484908793,11.684258963912725,3.3510098975766627,0.293502916419877,0.3799409791827202,1.0,1.0,0.022549480199813843,0.022549480199813843,0.022549480199813843,0.022549480199813843,0.022549480199813843,-0.0,0.0,0.002703612014908298,0.011676972350352543,-0.0,0,0.0,-0.0,0.0
2023-09-15,26531.0,26635.0,26834.0,26227.0,9768889419.723415,518872387637.1001,0.0,0.0,time,0.0179,41.0,41.0,1.4237143993377686,0.2995265456052815,12.280588369816542,2.6980385085313743,12.280588369816542,3.3700859040379236,0.2963620717770196,0.5809960879897125,1.0,1.0,0.022777438163757324,0.022777438163757324,0.022777438163757324,0.022777438163757324,0.022777438163757324,-0.0,0.0,0.0026509264639869184,0.003912279752149323,-0.0,0,0.0,-0.0,0.0
2023-09-16,26610.0,26558.0,26732.0,26471.0,1224363671.9175522,517396850180.9239,0.0,0.0,time,0.0001,41.0,41.0,1.4418206214904785,0.3006552294260118,12.326864406466484,2.717713725273295,12.326864406466484,3.366727373965175,0.2995863671354195,0.22567540779709816,1.0,1.0,0.023067086935043335,0.023067086935043335,0.023067086935043335,0.023067086935043335,0.023067086935043335,-0.0,0.0,0.0033689178402470554,-0.002895119800826687,0.0,0,0.0,0.0,0.0
2023-09-17,26554.0,26521.0,26612.0,26418.0,5791146184.464804,516614128895.5437,0.0,0.0,time,0.0019,41.0,41.0,1.4632312059402466,0.3101807505619235,12.717410773038864,2.777510287970845,12.717410773038864,3.3770827273987245,0.30322926128986954,0.39054636657238007,1.0,1.0,0.023409634828567505,0.023409634828567505,0.023409634828567505,0.023409634828567505,0.023409634828567505,-0.0,0.0,0.003983756980620709,-0.001394148570731232,0.0,0,0.0,0.0,0.0
2023-09-18,26538.0,26741.0,27405.0,26417.0,16477839825.058361,521346975856.46625,0.0,1.0,time,-0.0063,41.0,41.0,1.4872444868087769,0.3186510614142185,13.06469351798296,2.8349194307366528,13.06469351798296,3.384261746291944,0.3073763769828606,0.3472827449440956,0.0,0.0,0.0,0.0,0.0,0.0,0.0,0.0,0.0,0.0165531115323809,0.008261096134952385,-0.0,0,0.0,-0.0,0.0
2023-09-19,26769.0,27219.0,27454.0,26681.0,12615959842.229395,530357673731.022,0.0,1.0,lower,-0.0362,41.0,41.0,1.514271855354309,0.3333360381969592,13.666777566075325,2.9357629647397094,13.666777566075325,3.389130660685831,0.3148005445319717,0.6020840480923653,0.0,0.0,0.0,0.0,0.0,0.0,0.0,0.0,0.0,0.0,0.017717290723244614,-0.0,0,0.0,-0.0,0.0
2023-09-20,27213.0,27116.0,27373.0,26889.0,13497179076.831764,529168513966.1614,0.0,1.0,lower,-0.0325,41.0,41.0,1.553906798362732,0.33689067576353143,13.812517706304789,2.979336319414233,13.812517706304789,3.388787942180323,0.32094131672802984,0.36001889780163765,1.0,1.0,0.021235942840576172,0.021235942840576172,0.021235942840576172,0.021235942840576172,0.021235942840576172,-0.0,0.0,0.015016079187461371,-0.0037912992868823388,0.0,0,0.0,0.0,0.0
2023-09-21,27125.0,26561.0,27133.0,26406.0,8169328790.751264,517743774814.63885,0.0,1.0,time,-0.0135,41.0,41.0,1.5827078819274902,0.3480471298098564,14.269932322204113,3.047695873192105,14.269932322204113,3.4018651820470183,0.3246702322525587,0.4574146158993244,2.0,2.0,0.02873280644416809,0.025181129574775696,0.05036225914955139,0.035963973508115595,0.05036225914955139,0.6831670642789925,0.003551676869392395,0.034305181666776006,-0.020679985066842533,0.0,0,0.0,0.0,0.0
2023-09-22,26565.0,26572.0,26725.0,26498.0,9968041758.936823,518383856096.9625,0.0,1.0,time,-0.0084,41.0,41.0,1.6164672374725342,0.3572029806673527,14.64532220736146,3.1180567535671826,14.64532220736146,3.4054165973958685,0.33096036064918677,0.3753898851573467,2.0,2.0,0.029345661401748657,0.02571825683116913,0.05143651366233826,0.03673109849576075,0.05143651366233826,0.6831672382331837,0.003627404570579529,0.027328138740304653,0.0004140553011180351,-0.0,0,0.0,-0.0,0.0
2023-09-23,26588.0,26574.0,26635.0,26521.0,6583511185.708387,517968304453.25476,0.0,0.0,time,0.0162,41.0,41.0,1.6515593528747559,0.369457153285422,15.147743284702301,3.201034166248237,15.147743284702301,3.413416106309562,0.3367773245952919,0.5024210773408413,3.0,3.0,0.07023805379867554,0.04093041022618612,0.12279123067855835,0.07963525352507525,0.12279123067855835,0.9751269688352968,0.020943401189486597,0.07807292747279197,7.52643661214209e-05,-0.0,0,0.0,-0.0,0.0
2023-09-24,26571.0,26250.0,26712.0,26250.0,7226298594.4955225,511787693512.02826,0.0,1.0,time,0.0251,41.0,41.0,1.6866058111190796,0.37643929870753756,15.434011247009039,3.2494887847338165,15.434011247009039,3.421708540952038,0.3403444808713281,0.4572266601026058,2.0,2.0,0.03061896562576294,0.026834189891815186,0.05366837978363037,0.0383248815916312,0.05366837978363037,0.6831673675820804,0.003784775733947754,0.07803584275768861,-0.012267305131483433,0.0,0,0.0,0.0,0.0
2023-09-25,26258.0,26299.0,26403.0,26023.0,11974957450.276283,512103393581.80255,0.0,1.0,time,0.0252,41.0,41.0,1.7275793552398682,0.38667751785095145,15.85377823188901,3.3314885961341005,15.85377823188901,3.4240373229860057,0.3481139654608949,0.41976698487997055,3.0,3.0,0.0433768630027771,0.0242916742960612,0.0728750228881836,0.04973561486103597,0.0728750228881836,0.8772469608939637,0.015312033016417086,0.03426500010317835,0.0018649266095124137,0.0,0,0.0,0.0,0.0
2023-09-26,26297.0,26205.0,26387.0,26102.0,9786025048.05344,511054250889.6227,1.0,1.0,upper,0.0302,41.0,41.0,1.7805421352386475,0.38908655605301623,15.952548798173666,3.390266979059634,15.952548798173666,3.4151376612938336,0.35909737510682416,0.47985220700502396,3.0,3.0,0.04470670223236084,0.02503638466199239,0.07510915398597717,0.051260381574550304,0.07510915398597717,0.8772462986054494,0.015781476994024282,0.05108132286200628,-0.003580683393015545,-0.001,1,0.001,-0.0,1.0
2023-09-27,26214.0,26350.0,26819.0,26145.0,12889674588.31686,513713645983.85016,1.0,1.0,upper,0.0596,41.0,41.0,1.8795781135559082,0.37256611538369483,15.275210730731487,3.0539024418585443,15.275210730731487,3.4839117618598774,0.2977678831136607,1.782094594091177,4.0,4.0,0.047361165285110474,0.020477429032325745,0.08190971612930298,0.054354419340446714,0.08190971612930298,0.9819435211741363,0.017868285471341245,0.07966712008052543,0.0055180427332417615,0.0055180427332417615,0,0.0,0.0055180427332417615,1.0
2023-09-28,26354.0,27009.0,27225.0,26323.0,16683207554.844349,526917684460.40546,1.0,1.0,upper,0.0349,41.0,41.0,1.9954015016555786,0.40172584336705325,16.470759578049183,3.283295370908357,16.470759578049183,3.483247335579665,0.31865949065024696,1.1955488473176956,4.0,4.0,0.0502796471118927,0.021739281713962555,0.08695712685585022,0.05770382992307516,0.08695712685585022,0.9819434546411605,0.01896936022929528,0.08415285192586466,0.024701868807078017,0.024701868807078017,0,0.0,0.024701868807078017,1.0
2023-09-29,27021.0,26917.0,27215.0,26744.0,9059145545.41355,524946724658.764,1.0,1.0,upper,0.0383,41.0,41.0,2.124333381652832,0.4304676837310558,17.64917503297329,3.495615502842574,17.64917503297329,3.4909961999855246,0.3357528216653258,1.2104976549744606,6.0,6.0,0.1303238868713379,0.045411258935928345,0.27246755361557007,0.15236542779586665,0.27246755361557007,1.3631890012312888,0.042509075420318315,0.18534013439458155,-0.0034120865355442773,-0.0034120865355442773,0,0.0,-0.0034120865355442773,1.0
2023-09-30,26907.0,26970.0,27087.0,26882.0,6295435107.555985,525936342995.4552,1.0,1.0,upper,0.0363,41.0,41.0,2.2834548950195312,0.4545893083985259,18.63816164433956,3.7322745756436944,18.63816164433956,3.476985414260059,0.36483088284834664,1.2232557088136673,6.0,6.0,0.1400856375694275,0.057733396689097084,0.3464003801345825,0.1881267910094843,0.3464003801345825,1.3693023195431637,0.05065046715145265,0.24360798743535336,0.0019670798927333643,0.0019670798927333643,0,0.0,0.0019670798927333643,1.0
2023-10-01,26966.0,27968.0,28042.0,26958.0,9358226524.285364,545302108027.2094,1.0,0.0,time,-0.0004,41.0,41.0,1.2272361516952515,0.4421349823838327,18.12753427773714,3.2210948867055875,18.12753427773714,3.5663245802167194,0.23995097164920232,2.2033097967505455,6.0,6.0,0.14973503351211548,0.061710208654403687,0.3702612519264221,0.20108541302272087,0.3702612519264221,1.3693020287197295,0.0541393944946715,0.2599226440109999,0.036335862321486306,0.036335862321486306,0,0.0,0.036335862321486306,1.0
2023-10-02,27988.0,27615.0,28494.0,27383.0,18127133423.881855,538323470357.8827,1.0,1.0,time,0.0131,41.0,41.0,1.3299378156661987,0.48751413876690514,19.98807968944311,3.562323762221189,19.98807968944311,3.5617926583427653,0.2680407291349308,1.8605454117059708,7.0,7.0,0.19457387924194336,0.08511722939355033,0.5958206057548523,0.2921390421991912,0.5958206057548523,1.553855421810448,0.0703365590770759,0.4649935034261449,-0.012701896119974116,-0.012701896119974116,0,0.0,-0.012701896119974116,1.0
2023-10-03,27501.0,27439.0,27666.0,27266.0,12676657038.293432,535605771922.47974,1.0,1.0,time,0.0184,41.0,41.0,1.492095708847046,0.5340791686279017,21.897245913743973,3.9162765310086427,21.897245913743973,3.5587799540741973,0.2980570813916473,2.032134659588337,7.0,7.0,0.18205058574676514,0.08745976856776647,0.6122183799743652,0.29331153021970535,0.6122183799743652,1.584766755750557,0.06812506978694642,0.419267814109741,-0.006393744308222127,-0.006393744308222127,0,0.0,-0.006393744308222127,1.0
2023-10-04,27426.0,27792.0,27818.0,27265.0,10876597601.123325,541954661181.1118,1.0,0.0,time,-0.0071,41.0,41.0,1.658618450164795,0.581627970788537,23.846746802330017,4.293871325647005,23.846746802330017,3.5522058422192058,0.33376623953060064,2.1070497930049896,7.0,7.0,0.2768357992172241,0.11103521074567523,0.7772464752197266,0.3879382793346691,0.7772464752197266,1.5327763960039125,0.09576338578256918,0.5725348998431183,0.012782850453820467,0.012782850453820467,0,0.0,0.012782850453820467,1.0
2023-10-05,27782.0,27436.0,28081.0,27389.0,13376186563.311193,534851643044.50543,1.0,0.0,time,-0.0016,41.0,41.0,1.5883089303970337,0.6381707133316412,26.16499924659729,4.665629824050232,26.16499924659729,3.5600074564333,0.35166382996543016,2.4588714838027954,7.0,7.0,0.3066372871398926,0.12298823254449028,0.8609176278114319,0.4297000561768417,0.8609176278114319,1.5327766814165504,0.10607234786251023,0.7054756470434227,-0.012892189861674157,-0.012892189861674157,0,0.0,-0.012892189861674157,1.0
2023-10-06,27408.0,27958.0,28179.0,27243.0,13817979024.520027,545154869332.6545,1.0,0.0,lower,-0.0407,41.0,41.0,1.5019594430923462,0.6325681322231526,25.935293421149254,4.623223944634399,25.935293421149254,3.56044610268185,0.34810846095633974,1.0864025801420212,5.0,5.0,0.2899668216705322,0.15959813594818115,0.7979906797409058,0.4061444427547431,0.7979906797409058,1.4527830623552267,0.0867127250060684,0.44005285085569235,0.018847364411861797,0.018847364411861797,0,0.0,0.018847364411861797,1.0
2023-10-07,27955.0,27978.0,28025.0,27872.0,7226218924.820883,545619681437.3984,1.0,0.0,lower,-0.0415,41.0,41.0,1.3347827196121216,0.6044434895966111,24.782183073461056,4.382629631185989,24.782183073461056,3.568729804992488,0.3211265713309092,1.3641429170966148,5.0,5.0,0.2771577835083008,0.15254807472229004,0.7627403736114502,0.3882034435611666,0.7627403736114502,1.4527832046880165,0.08288225152028744,0.341417503272452,0.0007151030053019355,0.0007151030053019355,0,0.0,0.0007151030053019355,1.0
2023-10-08,27970.0,27948.0,28103.0,27770.0,7141598446.869208,544989660641.62256,1.0,0.0,lower,-0.0404,41.0,41.0,1.2298935651779175,0.5740936740142543,23.537840634584427,4.166392989146218,23.537840634584427,3.5665251220490406,0.30627204278008696,1.2443424388766289,5.0,5.0,0.2668377161026001,0.1332118034362793,0.6660590171813965,0.36525228253714787,0.6660590171813965,1.31098824624616,0.09453285886385425,0.3100446375468999,-0.0010728463640345557,-0.0010728463640345557,0,0.0,-0.0010728463640345557,1.0
2023-10-09,27939.0,27594.0,27992.0,27354.0,7640029989.224315,538282690587.88,1.0,0.0,lower,-0.0318,41.0,41.0,1.441727638244629,0.5890527749206962,24.151163771748543,4.31976687826986,24.151163771748543,3.5549331392153167,0.3288589231698092,0.790240004658699,5.0,5.0,0.2621438503265381,0.17245577573776244,0.8622788786888123,0.4205123797506352,0.8622788786888123,1.494498056970757,0.07500091812368079,0.27406938974233575,-0.012747282904362535,-0.012747282904362535,0,0.0,-0.012747282904362535,1.0
2023-10-10,27585.0,27392.0,27726.0,27297.0,10151720983.669058,535200388379.76337,1.0,0.0,time,-0.0089,41.0,41.0,1.1984562873840332,0.5906091326983963,24.21497444063425,4.3074955261165835,24.21497444063425,3.557756661550515,0.32207152117448645,0.7654486075043678,5.0,5.0,0.21778374910354614,0.1284411668777466,0.6422058343887329,0.3294956574097413,0.6422058343887329,1.4339010417776703,0.07222426393850184,0.26623370575478295,-0.0073473578265102245,-0.0073473578265102245,0,0.0,-0.0073473578265102245,1.0
2023-10-11,27390.0,26842.0,27470.0,26570.0,14608441295.942532,523656381533.04626,1.0,1.0,upper,0.0604,41.0,41.0,1.2047163248062134,0.5926745673868714,24.29965726286173,4.322085232264451,24.29965726286173,3.558042538568068,0.3230431481805572,0.15956449508666992,3.0,3.0,0.2189212441444397,0.1839802861213684,0.5519408583641052,0.3233938317508675,0.5519408583641052,1.083257962606781,0.03181893236532108,0.2813782049758692,-0.02028317498371743,-0.02028317498371743,0,0.0,-0.02028317498371743,1.0
2023-10-12,26878.0,26729.0,26919.0,26571.0,10867640258.925844,521607675083.3507,1.0,1.0,upper,0.0646,41.0,41.0,1.205093264579773,0.5940562650197889,24.356306865811348,4.328981466571734,24.356306865811348,3.5587464150108,0.3227573222438118,0.05664960294961929,2.0,2.0,0.1911259889602661,0.16656196117401123,0.33312392234802246,0.2381019881110476,0.33312392234802246,0.6822327081208786,0.024564027786254883,0.15602501770583663,-0.004218706673123226,-0.004218706673123226,0,0.0,-0.004218706673123226,1.0
2023-10-13,26759.0,26841.0,27101.0,26695.0,14344414895.617512,523655619453.7407,0.0,1.0,upper,0.0604,41.0,41.0,1.2096872329711914,0.6045272244912822,24.78561620414257,4.385664803818206,24.78561620414257,3.5641012922296107,0.3219784873988356,0.42930933833122253,2.0,2.0,0.4389495849609375,0.31540215015411377,0.6308043003082275,0.4790458954404776,0.6308043003082275,0.6143338998695362,0.12354743480682373,0.29655234852415907,0.004181450931077731,0.003181450931077731,1,0.001,0.004181450931077731,0.0
2023-10-14,26861.0,26863.0,26977.0,26816.0,5543160607.188677,523979202939.078,0.0,1.0,upper,0.0596,41.0,41.0,1.2170071601867676,0.6119754845049323,25.090994864702225,4.4369112773559225,25.090994864702225,3.5641571878711535,0.32501812122430473,0.30537866055965424,3.0,3.0,0.44160568714141846,0.2649391094843547,0.794817328453064,0.5078714156130391,0.794817328453064,0.993059152210829,0.12563860817665834,0.13590260013676914,0.0008193058703503588,0.0,0,0.0,0.0,0.0
2023-10-15,26860.0,27150.0,27277.0,26816.0,6604845643.42894,529643463244.3381,1.0,1.0,upper,0.049,41.0,41.0,1.2218005657196045,0.6132936186906768,25.14503836631775,4.44541575547845,25.14503836631775,3.56455538076519,0.32536769696127027,0.11541923880577087,4.0,4.0,0.44334495067596436,0.2336021065711975,0.93440842628479,0.5278168666921639,0.93440842628479,1.2638106583264048,0.12279135554542207,0.11746077375569833,0.010627171276025487,-0.001,1,0.001,0.0,1.0
2023-10-16,27154.0,28513.0,29483.0,27131.0,22792799561.834,555338775502.1107,1.0,1.0,upper,0.04,41.0,41.0,1.5383087396621704,0.6155843801978158,25.238959588110447,4.4864593770249055,25.238959588110447,3.5616601498910936,0.3346497421516942,1.2451384589076042,4.0,4.0,0.42003917694091797,0.22132210433483124,0.885288417339325,0.500070572551547,0.885288417339325,1.2638106639828188,0.11633645394204721,0.39598108019756917,0.04898307724515241,0.04898307724515241,0,0.0,0.04898307724515241,1.0
2023-10-17,28518.0,28418.0,28613.0,28112.0,10403248077.491972,555003134086.2079,0.0,1.0,upper,0.0433,41.0,41.0,1.2801631689071655,0.5924382284283638,24.289967365562916,4.273216726423364,24.289967365562916,3.5718013919954013,0.3072329677887474,1.160418063402176,4.0,4.0,0.40344274044036865,0.2125772386789322,0.8503089547157288,0.48031188375533723,0.8503089547157288,1.263810503771376,0.1117398497170568,0.28198472544856035,-0.003337376409213261,-0.004337376409213261,1,0.001,-0.003337376409213261,0.0
2023-10-18,28414.0,28328.0,28817.0,28202.0,13461030457.558897,553311088369.7102,0.0,1.0,upper,0.0465,41.0,41.0,1.0857659578323364,0.5608153777515016,22.993430487811565,4.04634807156884,22.993430487811565,3.5714969333177065,0.2912489217592908,1.2965368777513504,5.0,5.0,0.39398324489593506,0.19377143383026124,0.9688571691513062,0.4890665905813787,0.9688571691513062,1.4934245192662665,0.10143893451699636,0.2586454205070767,-0.003172032406280943,-0.0,0,0.0,-0.0,0.0
2023-10-19,28327.0,28716.0,28854.0,28188.0,11193923144.463654,559364043794.7655,0.0,1.0,upper,0.0411,41.0,41.0,1.0322567224502563,0.5350374628494425,21.936535976827145,3.861684019937304,21.936535976827145,3.570801365033857,0.27831088587650754,1.1413041055202484,5.0,5.0,0.3745666742324829,0.1830043911933899,0.9150219559669495,0.4632771608311251,0.9150219559669495,1.490283785829174,0.09713155179181657,0.42881223311115585,0.013603743904634065,0.0,0,0.0,0.0,0.0
2023-10-20,28723.0,29677.0,30074.0,28593.0,23561406297.715862,579536788709.3126,1.0,1.0,upper,0.1047,41.0,41.0,1.8047939538955688,0.5290945695667733,21.6928773522377,3.957691019230135,21.6928773522377,3.5451540635523315,0.31951696005780633,2.035504035651684,5.0,5.0,0.34189021587371826,0.16703940629959108,0.8351970314979553,0.4228617123195358,0.8351970314979553,1.490283676952494,0.08865800749081892,0.6843864719435298,0.032917876309084944,-0.001,1,0.001,0.0,1.0
2023-10-21,29677.0,29920.0,30253.0,29484.0,7452489477.484937,583719549318.5221,1.0,1.0,upper,0.0966,41.0,41.0,1.661445140838623,0.49313195576755015,20.218410186469555,3.655548331430961,20.218410186469555,3.560401365937149,0.28766043013414405,1.718778870999813,5.0,5.0,0.31473493576049805,0.15377200841903688,0.7688600420951843,0.3892751544941624,0.7688600420951843,1.490283737650945,0.08161616634017096,0.5799724796348262,0.00815481808295492,0.00815481808295492,0,0.0,0.00815481808295492,1.0
2023-10-22,29920.0,30019.0,30187.0,29741.0,11330304246.065748,583399133857.2509,1.0,1.0,upper,0.0933,41.0,41.0,1.5475245714187622,0.45878476376940563,18.81017531454563,3.404019167206627,18.81017531454563,3.5588084461927885,0.2685791273043029,1.4082348719239235,5.0,5.0,0.2931544780731201,0.14322829246520996,0.7161414623260498,0.3625836615668081,0.7161414623260498,1.4902837068204091,0.07601998792777467,0.47122754884933654,0.003303361418295568,0.003303361418295568,0,0.0,0.003303361418295568,1.0
2023-10-23,29990.0,32953.0,34333.0,29916.0,35558857925.14893,641535355789.0791,1.0,1.0,time,0.034,41.0,41.0,2.203997850418091,0.40664407738098285,16.672407172620296,3.4547371885355145,16.672407172620296,3.4555347543442916,0.35460295245287077,4.215086105395118,5.0,5.0,0.23470944166183472,0.11467344760894775,0.5733672380447388,0.290296817497697,0.5733672380447388,1.4902837310476797,0.060864183748212335,0.7328987648265909,0.09325178932038507,0.09325178932038507,0,0.0,0.09325178932038507,1.0
2023-10-24,33071.0,33847.0,35066.0,32884.0,46464714676.18555,660676033939.1393,1.0,1.0,time,0.0207,41.0,41.0,1.828822374343872,0.36041932589397196,14.777192361652851,3.0859950226528463,14.777192361652851,3.4340866828124335,0.3199611093076884,2.621734299489165,5.0,5.0,0.19475609064102173,0.0951531708240509,0.4757658541202545,0.240881091313546,0.4757658541202545,1.4902836367773387,0.05050360494667647,0.610950917413595,0.026768065293318204,0.026768065293318204,0,0.0,0.026768065293318204,1.0
2023-10-25,33908.0,34472.0,35012.0,33779.0,23840463172.498646,673948847498.8158,1.0,1.0,time,0.0008,41.0,41.0,1.571868658065796,0.31446051497648403,12.892881114035845,2.671301002597902,12.892881114035845,3.441195212801951,0.27415266406761796,1.8843112476170063,5.0,5.0,0.16739240288734436,0.08178393244743347,0.40891966223716736,0.20703674290231708,0.40891966223716736,1.4902836466683114,0.04340772944711191,0.4823786425970576,0.01829703117526162,0.01829703117526162,0,0.0,0.01829703117526162,1.0
2023-10-26,34498.0,34174.0,34819.0,33766.0,17712548549.578587,667401630872.5822,1.0,1.0,time,0.0145,41.0,41.0,1.422144889831543,0.28448237942122834,11.663777556270361,2.4111993627286816,11.663777556270361,3.4473913847559663,0.2467220799720682,1.2646757140755653,5.0,5.0,0.15144792199134827,0.0739938497543335,0.3699692487716675,0.18731606735399592,0.3699692487716675,1.4902837227604093,0.03927304439849892,0.3283094029872321,-0.008682279287455266,-0.008682279287455266,0,0.0,-0.008682279287455266,1.0
2023-10-27,34150.0,33899.0,34215.0,33450.0,14148818689.499771,662119938018.2968,1.0,1.0,time,0.0449,41.0,41.0,1.3201682567596436,0.28770287125939276,11.795817721635103,2.5745145117848094,11.795817721635103,3.383409410268426,0.28087122055697356,1.4281020537018776,5.0,5.0,0.14058813452720642,0.06868801712989807,0.34344008564949036,0.17388430560380597,0.34344008564949036,1.4902837261112913,0.03645691497955341,0.2371317575497784,-0.008079605599840904,-0.008079605599840904,0,0.0,-0.008079605599840904,1.0
2023-10-28,33908.0,34093.0,34373.0,33874.0,8431785274.868206,665892923223.9833,1.0,1.0,time,0.0241,41.0,41.0,1.2398985624313354,0.2800592408492798,11.48242887482047,2.475961502336116,11.48242887482047,3.38858444558565,0.2666241095379203,0.7183562442660332,5.0,5.0,0.13203999400138855,0.0645116150379181,0.32255807518959045,0.1633116905348444,0.32255807518959045,1.4902838351393881,0.03424022748565227,0.18665554690726127,0.0057065691983208345,0.0057065691983208345,0,0.0,0.0057065691983208345,1.0
2023-10-29,34082.0,34556.0,34763.0,33950.0,10359013389.425524,674293769229.6088,1.0,1.0,time,0.0051,41.0,41.0,1.1673855781555176,0.2678225517454671,10.98072462156415,2.3482182392131308,10.98072462156415,3.395861615630287,0.2505235109365804,0.5764975324273109,5.0,5.0,0.12431791424751282,0.060738778114318846,0.30369389057159424,0.15376073406622093,0.30369389057159424,1.490283761126653,0.032237765141153396,0.16861845447472937,0.013489111872076095,0.013489111872076095,0,0.0,0.013489111872076095,1.0
2023-10-30,34525.0,34499.0,34839.0,34172.0,17075173423.648043,673508057017.6387,1.0,1.0,time,0.0158,41.0,41.0,1.1124094724655151,0.2550545400235711,10.457236140966415,2.23566945235432,10.457236140966415,3.3965532269114123,0.23844272955269932,0.5684804208576679,5.0,5.0,0.11846339702606201,0.0578783929347992,0.28939196467399597,0.14651965238033218,0.28939196467399597,1.4902837065440502,0.03071959208739047,0.12783881289117754,-0.001650858386657933,-0.001650858386657933,0,0.0,-0.001650858386657933,1.0
2023-10-31,34494.0,34672.0,34703.0,34108.0,16419150928.652367,676319525450.0793,1.0,1.0,time,0.0112,41.0,41.0,1.071702241897583,0.2651204494986592,10.869938429445028,2.387250989636042,10.869938429445028,3.3544862783305733,0.26212659039521463,0.954193864017725,5.0,5.0,0.11412835121154785,0.055760395526885984,0.27880197763442993,0.14115792054125406,0.27880197763442993,1.490283730101234,0.029595438786938644,0.0946588913497785,0.005002106684023471,0.005002106684023471,0,0.0,0.005002106684023471,1.0
2023-11-01,34669.0,35457.0,35521.0,34186.0,18642295524.912045,692543794894.7606,1.0,0.0,time,-0.0121,41.0,41.0,1.021573543548584,0.2589826688352155,10.618289422243834,2.3095742221350526,10.618289422243834,3.3594339762321286,0.25105534102349153,0.5739715248346329,5.0,5.0,0.10879004001617432,0.05315221548080444,0.2657610774040222,0.13455529964240182,0.2657610774040222,1.4902836583567827,0.028211127624634937,0.11656689721802536,0.022388249904210032,0.022388249904210032,0,0.0,0.022388249904210032,1.0
2023-11-02,35423.0,34924.0,35878.0,34465.0,20690186421.955303,681560028736.5514,1.0,1.0,time,0.0146,41.0,41.0,0.986789345741272,0.25491575905826036,10.451546121388674,2.249878273205261,10.451546121388674,3.3693747847785924,0.24182680919056446,0.34433256834745407,5.0,5.0,0.10508576035499573,0.051342397928237915,0.2567119896411896,0.12997372596164886,0.2567119896411896,1.4902836909284574,0.027250542435871435,0.08088554733566286,-0.015146422749651984,-0.015146422749651984,0,0.0,-0.015146422749651984,1.0
2023-11-03,34937.0,34731.0,34937.0,34123.0,17254049537.002068,677974451476.0634,1.0,1.0,time,0.0302,41.0,41.0,0.9588810801506042,0.248991686578204,10.208659149706364,2.189607922704525,10.208659149706364,3.3738785150059125,0.23439135481971188,0.29664356634020805,6.0,6.0,0.1021137535572052,0.04372144490480423,0.2623286694288254,0.13021902632388188,0.2623286694288254,1.539360948602774,0.030242371901458762,0.06328281544495891,-0.005541612056860159,-0.005541612056860159,0,0.0,-0.005541612056860159,1.0
2023-11-04,34725.0,35048.0,35261.0,34608.0,10001404422.938835,685385094861.7168,1.0,1.0,upper,0.0479,41.0,41.0,0.9318905472755432,0.24138948203223506,9.896968763321638,2.123143991359733,9.896968763321638,3.3754485639525518,0.22732357107294027,0.3506595604121685,4.0,4.0,0.12441116571426392,0.061705268919467926,0.2468210756778717,0.1438919353103448,0.2468210756778717,1.2268720077178026,0.036995703120974194,0.12305898252997473,0.009085890619896248,0.009085890619896248,0,0.0,0.009085890619896248,1.0
2023-11-05,35078.0,35062.0,35366.0,34572.0,12796779677.519655,684647430279.3319,1.0,1.0,upper,0.0475,41.0,41.0,0.9096924066543579,0.2375075616305921,9.737810026854277,2.0802836073396147,9.737810026854277,3.3791223181827066,0.22167743935429868,0.2305554449558258,4.0,4.0,0.1214475929737091,0.060235396027565,0.24094158411026,0.14046431303250484,0.24094158411026,1.2268719247531794,0.03611444135419769,0.04198524118572487,0.0003993724200850263,0.0003993724200850263,0,0.0,0.0003993724200850263,1.0
2023-11-06,35039.0,35031.0,35276.0,34779.0,12717348149.539808,683644463783.0627,1.0,1.0,upper,0.0484,41.0,41.0,0.8917683362960815,0.23370490032361774,9.581900913268328,2.040168787988247,9.581900913268328,3.3848565775651784,0.21656697750858017,0.23203442245721817,4.0,4.0,0.11905467510223389,0.055901654064655304,0.22360661625862122,0.1335612725781309,0.22360661625862122,1.2033865493672409,0.036532977650446906,0.03662085163935753,-0.000884539169994861,-0.000884539169994861,0,0.0,-0.000884539169994861,1.0
2023-11-07,35058.0,35437.0,35871.0,34546.0,18582602380.374496,691660755958.351,0.0,1.0,upper,0.0369,41.0,41.0,0.8726565837860107,0.2283643338738418,9.362937688827515,1.9954920031080594,9.362937688827515,3.3836637183661544,0.21206460739289623,0.21896322444081306,3.0,3.0,0.11650317907333374,0.06045664846897125,0.18136994540691376,0.1252202355416185,0.18136994540691376,0.8996789647704819,0.03964462282494364,0.05565427668949317,0.011523088279302747,0.010523088279302747,1,0.001,0.011523088279302747,0.0
2023-11-08,35440.0,35795.0,35896.0,35187.0,14717120833.223528,699187515031.6934,0.0,1.0,upper,0.0424,41.0,41.0,0.8520048260688782,0.2213314823442843,9.074590776115656,1.942120505800352,9.074590776115656,3.379608159201501,0.20738437453809125,0.28834691271185875,3.0,3.0,0.11374610662460327,0.0590259184439977,0.1770777553319931,0.12225686388125591,0.1770777553319931,0.8996788163274512,0.03870643194443499,0.030901450225035883,0.010051746807158004,0.0,0,0.0,0.0,0.0
2023-11-09,35648.0,36768.0,37936.0,35606.0,38190964507.15763,717022051490.4104,0.0,0.0,time,-0.0338,41.0,41.0,0.8272866606712341,0.2196809112026197,9.006917359307408,1.9115367016173535,9.006917359307408,3.384391556282294,0.2021424726379046,0.3036034721881151,3.0,3.0,0.031958967447280884,0.02323246995608012,0.06969740986824036,0.04428320324365027,0.06969740986824036,0.9731904889616008,0.010673317334017912,0.10829514086666531,0.02681968281819692,0.0,0,0.0,0.0,0.0
2023-11-10,36698.0,37344.0,37472.0,36366.0,23152060053.421646,730760729870.4996,1.0,0.0,lower,-0.0494,41.0,41.0,0.8045153617858887,0.21839755600908908,8.954299796372652,1.8723302319796844,8.954299796372652,3.405751024028614,0.1944362273208031,0.2803529892116785,3.0,3.0,0.031079277396202087,0.026811833182970684,0.08043549954891205,0.047081328417251274,0.08043549954891205,1.0841514557435392,0.00447319012334332,0.029140576590395387,0.015544354437800379,-0.001,1,0.001,0.0,1.0
2023-11-11,37319.0,37123.0,37404.0,36822.0,12033297219.971031,720323851790.6948,0.0,0.0,lower,-0.0434,41.0,41.0,0.7876476645469666,0.21127102378664947,8.662111975252628,1.8225072889652134,8.662111975252628,3.400196019337039,0.19072899642476457,0.2921878211200237,2.0,2.0,0.030427664518356323,0.02927391231060028,0.05854782462120056,0.04143170491605714,0.05854782462120056,0.6923703146785407,0.0011537522077560425,0.029646893675994036,-0.005935532486305057,-0.006935532486305057,1,0.001,-0.005935532486305057,0.0
2023-11-12,37152.0,37068.0,37231.0,36862.0,8831221164.408867,725016899532.0363,0.0,0.0,lower,-0.042,41.0,41.0,0.7744812369346619,0.20607921726456502,8.449247907847166,1.7859770775311452,8.449247907847166,3.3955081408211902,0.1879607980756913,0.21286406740546227,1.0,1.0,0.029919028282165527,0.029919028282165527,0.029919028282165527,0.029919028282165527,0.029919028282165527,-0.0,0.0,0.02484303234736284,-0.0014826598933954614,-0.0,0,0.0,-0.0,0.0
2023-11-13,37068.0,36549.0,37292.0,36437.0,18041088204.36723,714263437353.6985,0.0,1.0,upper,0.0364,41.0,41.0,0.7687579989433289,0.21137102166327035,8.666211888194084,1.7966712086859948,8.666211888194084,3.41970394787255,0.18453906793474695,0.28714440390467644,1.0,1.0,0.029697924852371216,0.029697924852371216,0.029697924852371216,0.029697924852371216,0.029697924852371216,-0.0,0.0,0.0021556510395027446,-0.01410023768406489,-0.0,0,0.0,-0.0,0.0
2023-11-14,36499.0,35545.0,36748.0,35110.0,22330924588.059715,694845286838.959,0.0,1.0,upper,0.0643,41.0,41.0,0.7700747847557068,0.21671560343082358,8.885339740663767,1.822055302455564,8.885339740663767,3.4294173001328825,0.18441031673302852,0.2191278524696827,2.0,2.0,0.029748812317848206,0.020653195679187775,0.04130639135837555,0.03191503513393952,0.04130639135837555,0.5927654872436896,0.009095616638660431,0.008668416537131293,-0.02785432665893369,-0.0,0,0.0,-0.0,0.0
2023-11-15,35541.0,37904.0,37904.0,35389.0,28479730068.295124,739215831747.2646,0.0,0.0,time,-0.011,41.0,41.0,0.7607614994049072,0.21769792768286494,8.925615034997463,1.8242434187700414,8.925615034997463,3.4290076458938836,0.18377983610512158,0.2118707410991192,2.0,2.0,0.029389023780822754,0.020403414964675903,0.04080682992935181,0.03152905035098826,0.04080682992935181,0.5927656033075032,0.00898560881614685,0.013183509309371644,0.0642571480349833,0.0,0,0.0,0.0,0.0
2023-11-16,37904.0,36202.0,37904.0,35579.0,12023334732.149555,707488742969.5619,0.0,0.0,time,-0.0066,41.0,41.0,0.7628224492073059,0.21783985197544098,8.93143393099308,1.825961299927954,8.93143393099308,3.4292718459608467,0.18402759757104703,0.06074141710996628,2.0,2.0,0.029468640685081482,0.02045869082212448,0.04091738164424896,0.03161446588788997,0.04091738164424896,0.5927656562541528,0.009009949862957,0.0029173796823000813,-0.04594228149206851,-0.0,0,0.0,-0.0,0.0
2023-11-17,36163.0,36528.0,36673.0,35946.0,22683923623.963726,714651953916.8749,0.0,1.0,time,0.0253,41.0,41.0,0.7619673609733582,0.22463988730820214,9.210235379636288,1.848553108080722,9.210235379636288,3.453113014989748,0.18133396999441728,0.2891143560409546,3.0,3.0,0.02943560481071472,0.016542603572209675,0.04962781071662903,0.03277052566251723,0.04962781071662903,0.9541298344744716,0.009182123090655515,0.00740206066729367,0.008964723863078493,0.0,0,0.0,0.0,0.0
2023-11-18,36619.0,36582.0,36826.0,36264.0,8877846889.346693,715117663450.342,1.0,1.0,time,0.0192,41.0,41.0,0.7631426453590393,0.23133119986188122,9.48457919433713,1.8796341808503212,9.48457919433713,3.4647231253266866,0.1807130570558843,0.2743438147008419,4.0,4.0,0.029481008648872375,0.01500389352440834,0.06001557409763336,0.034402677896444495,0.06001557409763336,1.248944560002651,0.008412445584955967,0.009569786843956048,0.0014772263662943138,-0.001,1,0.001,0.0,1.0
2023-11-19,36588.0,37414.0,37516.0,36412.0,12599067947.734495,732521837352.2426,1.0,1.0,time,0.0086,41.0,41.0,0.7618838548660278,0.2363472116611353,9.690235678106546,1.913755197657702,9.690235678106546,3.4636939832038713,0.1829433321365468,0.22715343534946442,4.0,4.0,0.02943238615989685,0.01670762151479721,0.06683048605918884,0.036722111495374625,0.06683048605918884,1.2914482753261747,0.007614706264063417,0.020246564288358193,0.022488649772978816,0.022488649772978816,0,0.0,0.022488649772978816,1.0
2023-11-20,37388.0,37489.0,37726.0,36942.0,16005284775.311718,732673492672.5168,1.0,1.0,time,0.0085,41.0,41.0,0.7575675845146179,0.23892756987635683,9.79603036493063,1.9239878446526724,9.79603036493063,3.467170019056811,0.18220783475185687,0.18097184225916862,3.0,3.0,0.016378700733184814,0.012661486864089966,0.0379844605922699,0.022412256792106677,0.0379844605922699,1.0771306529177016,0.0026689264812381993,0.03395385386752309,0.002002590685681773,0.002002590685681773,0,0.0,0.002002590685681773,1.0
2023-11-21,37479.0,35965.0,37647.0,35945.0,18891503534.641026,702705880301.6978,1.0,1.0,time,0.0416,41.0,41.0,0.7630481123924255,0.23961658276072362,9.824279893189669,1.9315314874872413,9.824279893189669,3.4670107497152034,0.18324670236700702,0.1110776923596859,3.0,3.0,0.01649719476699829,0.012730340162913004,0.038191020488739014,0.022543315381000247,0.038191020488739014,1.076707926300836,0.0027090211255983527,0.015883628509317817,-0.04150131329307494,-0.04150131329307494,0,0.0,-0.04150131329307494,1.0
2023-11-22,35788.0,37465.0,37795.0,35788.0,25245202377.321384,732259726682.3702,0.0,0.0,time,-0.0058,41.0,41.0,0.7648880481719971,0.2400354236909529,9.84145237132907,1.9239814325600668,9.84145237132907,3.4775846153840377,0.1807442178105319,0.255185030400753,2.0,2.0,0.011479735374450684,0.010873079299926758,0.021746158599853516,0.015400771737497607,0.021746158599853516,0.691589868868699,0.0006066560745239258,0.015306616866466569,0.04086092049695443,0.03986092049695443,1,0.001,0.04086092049695443,0.0
2023-11-23,37427.0,37293.0,37643.0,36972.0,11956046626.60703,728816537112.472,0.0,1.0,time,0.0136,41.0,41.0,0.7676605582237244,0.24243835496102892,9.939972553402185,1.9319788961675595,9.939972553402185,3.4843426528157107,0.1796142113064131,0.18427946418523788,2.0,2.0,0.011521399021148682,0.010912507772445679,0.021825015544891357,0.015456621521951971,0.021825015544891357,0.6915896882458136,0.0006088912487030029,0.0054870865206972895,-0.004601522338586015,-0.0,0,0.0,-0.0,0.0
2023-11-24,37302.0,37739.0,38349.0,37264.0,22996708651.54232,737614054534.8141,1.0,1.0,time,0.0019,41.0,41.0,0.7723395228385925,0.24315340589822793,9.969289641827345,1.9324837464576057,9.969289641827345,3.489193135246418,0.17877814972115988,0.22340667992830276,3.0,3.0,0.04469585418701172,0.022217969099680584,0.06665390729904175,0.04732386242438258,0.06665390729904175,0.8616100483503621,0.01590213300177899,0.04086488205949885,0.01188840102634161,-0.001,1,0.001,0.0,1.0
2023-11-25,37731.0,37810.0,37883.0,37617.0,7505379785.011788,739536714717.2401,1.0,0.0,time,-0.0026,41.0,41.0,0.7759042978286743,0.2445985224188828,10.028539419174194,1.9425522717324135,10.028539419174194,3.4899799417763377,0.17946692095931055,0.05924977734684944,3.0,3.0,0.08617699146270752,0.04757473866144816,0.14272421598434448,0.09786871010493371,0.14272421598434448,0.8729162584817837,0.030486156101244187,0.0746381598006994,0.001879575398811952,0.001879575398811952,0,0.0,0.001879575398811952,1.0
2023-11-26,37800.0,37492.0,37825.0,37184.0,10229112671.374176,733376783676.3198,1.0,1.0,time,0.0314,41.0,41.0,0.7829091548919678,0.2389582416451559,9.797287907451391,1.9215081134170608,9.797287907451391,3.4801721536844545,0.18152811639184765,0.314703743904829,3.0,3.0,0.08695504069328308,0.04971351226170858,0.14914053678512573,0.10120752812700141,0.14914053678512573,0.8813928664630234,0.03070648056134424,0.056308287412037014,-0.008446041018602102,-0.008446041018602102,0,0.0,-0.008446041018602102,1.0
2023-11-27,37472.0,37250.0,37568.0,36770.0,17979133247.880783,728040168286.0479,1.0,1.0,upper,0.0582,41.0,41.0,0.7933286428451538,0.24142097445522867,9.898259952664375,1.9421371611596205,9.898259952664375,3.4811493581873663,0.18361207712907246,0.19428377225995064,3.0,3.0,0.09919750690460205,0.06580545504887898,0.19741636514663696,0.13202925336691607,0.19741636514663696,0.8768985334292985,0.03847358402010058,0.050512352186138296,-0.006475632058670811,-0.006475632058670811,0,0.0,-0.006475632058670811,1.0
2023-11-28,37247.0,37802.0,38351.0,36911.0,19715537240.688644,738816928726.5587,1.0,1.0,upper,0.0555,41.0,41.0,0.8064171671867371,0.2476271679852067,10.152713887393475,1.9790600336868258,10.152713887393475,3.4911205835800376,0.18495819103293318,0.2544539347290993,3.0,3.0,0.10083410143852234,0.06689114371935527,0.2006734311580658,0.13420752205468278,0.2006734311580658,0.8768987086189981,0.039108326699940514,0.030716109163172578,0.014710066453196084,0.014710066453196084,0,0.0,0.014710066453196084,1.0
2023-11-29,37843.0,37810.0,38329.0,37638.0,20964545194.804527,740494537382.5989,1.0,1.0,upper,0.0433,41.0,41.0,0.8244421482086182,0.25095448879207055,10.289134040474892,2.0162319462625353,10.289134040474892,3.484910308136163,0.19019161633501483,0.24028029292821884,3.0,3.0,0.10308793187141418,0.06838629643122356,0.20515888929367065,0.1372073203732126,0.20515888929367065,0.8768988974318412,0.03998246342777402,0.040882106697905346,0.00021160662407695275,0.00021160662407695275,0,0.0,0.00021160662407695275,1.0
2023-11-30,37864.0,37712.0,38144.0,37547.0,16566770727.560837,737659515838.6104,1.0,1.0,upper,0.0459,41.0,41.0,0.852668285369873,0.24836750619295167,10.183067753911018,2.026185644055332,10.183067753911018,3.471778644387019,0.19607646099088918,0.4359835833311081,3.0,3.0,0.10661733150482178,0.07072761654853821,0.21218284964561462,0.14190485636621525,0.21218284964561462,0.8768987066285092,0.04135134432480204,0.054714890342044964,-0.0025952717090662156,-0.0025952717090662156,0,0.0,-0.0025952717090662156,1.0
2023-12-01,37720.0,38688.0,38899.0,37632.0,24470176251.56647,756249390093.0282,1.0,1.0,upper,0.0815,41.0,41.0,0.8835248947143555,0.2626911690685807,10.77033793181181,2.119601749438982,10.77033793181181,3.4838667586677223,0.20142413167447518,0.5872701779007912,3.0,3.0,0.11047562956809998,0.07328713933626811,0.21986141800880432,0.14704016116636853,0.21986141800880432,0.8768988810165437,0.042847771702275265,0.05878223632022987,0.02555112823860685,0.02555112823860685,0,0.0,0.02555112823860685,1.0
2023-12-02,38696.0,39482.0,39680.0,38659.0,14892418344.328642,771834682369.2777,1.0,1.0,upper,0.0612,41.0,41.0,0.9155069589614868,0.2791790816842056,11.44634234905243,2.220274925678199,11.44634234905243,3.502754961099941,0.20565430382454217,0.6487478205701573,3.0,3.0,0.11447462439537048,0.07593999306360881,0.22781997919082642,0.15236273238861403,0.22781997919082642,0.8768988756977539,0.04439877844198552,0.06092107154937462,0.02031539741109396,0.02031539741109396,0,0.0,0.02031539741109396,1.0
2023-12-03,39472.0,39960.0,40118.0,39309.0,14107800648.629307,782845232813.069,1.0,1.0,upper,0.0492,41.0,41.0,0.952427864074707,0.2710872537842611,11.114577405154705,2.110803522835445,11.114577405154705,3.5288651637998254,0.18756925526052698,0.7843203172087669,3.0,3.0,0.11913666129112244,0.07903266946474712,0.23709800839424133,0.1585677529118031,0.23709800839424133,0.8768987843438192,0.04620693936097597,0.06859098702002853,0.01203408193687661,0.01203408193687661,0,0.0,0.01203408193687661,1.0
2023-12-04,39999.0,41974.0,42403.0,39999.0,40273974905.38232,820527379429.3416,1.0,1.0,upper,0.0495,41.0,41.0,0.9725845456123352,0.2780141783196752,11.398581311106682,2.169990983849256,11.398581311106682,3.526055506822962,0.19379984978031212,0.2840039059519768,3.0,3.0,0.12165799736976624,0.08070528507232666,0.24211585521697998,0.16192359452517932,0.24211585521697998,0.8768990903946106,0.04718481870311729,0.04680975269820999,0.04917142519487672,0.04917142519487672,0,0.0,0.04917142519487672,1.0
2023-12-05,41985.0,44106.0,44368.0,41453.0,37740677039.99004,863171503830.3232,1.0,0.0,time,-0.0079,41.0,41.0,0.9485154747962952,0.2855269314675796,11.706604190170765,2.240146700322236,11.706604190170765,3.5145382440393305,0.20216550009889164,0.599365122616291,3.0,3.0,0.11864727735519409,0.0787080427010854,0.23612412810325623,0.15791641805361362,0.23612412810325623,0.8768990214111048,0.046017124107503055,0.051887098052189426,0.049545448644776106,0.049545448644776106,0,0.0,0.049545448644776106,1.0
2023-12-06,44082.0,43788.0,44282.0,43496.0,30306637687.601166,857037901744.5414,1.0,0.0,lower,-0.0609,41.0,41.0,0.9410778880119324,0.28862660378217697,11.833690755069256,2.2434463169743517,11.833690755069256,3.524568319078834,0.19862536155098245,0.2505538761615753,3.0,3.0,0.11771690845489502,0.0780908465385437,0.2342725396156311,0.15667811825460784,0.2342725396156311,0.8768987948966548,0.04565629493102323,0.017461197630374507,-0.007236020377694704,-0.007236020377694704,0,0.0,-0.007236020377694704,1.0
2023-12-07,43757.0,43270.0,44030.0,42908.0,27712048105.023373,848245522795.3333,1.0,0.0,lower,-0.049,41.0,41.0,0.9446941614151001,0.27403581051564796,11.235468231141567,2.0707719355428833,11.235468231141567,3.5550017124583655,0.1717326173110273,0.7029129564762115,3.0,3.0,0.11898428201675415,0.0789315899213155,0.23679476976394653,0.15836495589596492,0.23679476976394653,0.8768987082917842,0.04614784788557593,0.02378642018373141,-0.01190025300551746,-0.01190025300551746,0,0.0,-0.01190025300551746,1.0
2023-12-08,43286.0,44202.0,44676.0,43134.0,24726661392.984177,863242780337.311,1.0,0.0,lower,-0.0703,41.0,41.0,0.9446324110031128,0.280999927259073,11.520997017621994,2.1476886030861357,11.520997017621994,3.541424873333728,0.18314108994808662,0.286856047809124,3.0,3.0,0.11897650361061096,0.07892642418543498,0.23677927255630493,0.15835460313630614,0.23677927255630493,0.8768985442270455,0.0461448409191442,0.00014589816070118464,0.02131048269193817,0.02131048269193817,0,0.0,0.02131048269193817,1.0
2023-12-09,44158.0,43745.0,44346.0,43699.0,17074228506.041449,855611272269.695,1.0,0.0,lower,-0.0599,41.0,41.0,0.9457634091377258,0.29513194593714503,12.100409783422947,2.2736565571109284,12.100409783422947,3.5283864316538764,0.19744073848014826,0.5794127658009529,3.0,3.0,0.11911895871162415,0.07902094721794128,0.23706284165382385,0.15854421115106063,0.23706284165382385,0.8768990940734214,0.04620005985512034,0.0026735122657767845,-0.010392716370503631,-0.010392716370503631,0,0.0,-0.010392716370503631,1.0
2023-12-10,43715.0,43758.0,44036.0,43591.0,11865167562.179707,856192504674.1926,1.0,0.0,lower,-0.0602,41.0,41.0,0.9509794116020203,0.30097331506450004,12.3399059176445,2.300448517159282,12.3399059176445,3.537900366704472,0.19618812453076348,0.2394961342215538,3.0,3.0,0.1197759211063385,0.07945673664410909,0.23837020993232727,0.15941859375180095,0.23837020993232727,0.876898632025426,0.0464548850657202,0.012330117081594375,0.0002971326719231363,0.0002971326719231363,0,0.0,0.0002971326719231363,1.0
2023-12-11,43786.0,41201.0,43819.0,40322.0,39734542163.66172,806178244439.1412,1.0,1.0,time,0.0251,41.0,41.0,0.8896914124488831,0.3109275327949989,12.748028844594955,2.3555035417056764,12.748028844594955,3.545200732937143,0.19659812781895195,0.5306989252567291,3.0,3.0,0.12471267580986023,0.08273168404897054,0.24819505214691162,0.16598928727539058,0.24819505214691162,0.8768989105099809,0.048369580156182486,0.07238758532982481,-0.0602119253245666,-0.0602119253245666,0,0.0,-0.0602119253245666,1.0
2023-12-12,41262.0,41451.0,42042.0,40720.0,24919333990.627098,812055172695.532,1.0,0.0,time,-0.001,41.0,41.0,0.8944340348243713,0.3210384082503435,13.162574738264084,2.451451002574563,13.162574738264084,3.5341224673217764,0.2085910911489649,0.4145458936691284,3.0,3.0,0.12537747621536255,0.0831726888815562,0.24951806664466858,0.16687412586710845,0.24951806664466858,0.8768985629102498,0.04862744546223229,0.012477140322772369,0.00604947883705766,0.00604947883705766,0,0.0,0.00604947883705766,1.0
2023-12-13,41459.0,42932.0,43304.0,40712.0,26301358636.124893,840112594142.6609,1.0,0.0,time,-0.0058,41.0,41.0,0.8811498284339905,0.33186845027092027,13.60660646110773,2.5580156727932826,13.60660646110773,3.5200891869485544,0.2223949893365382,0.6361025795340538,3.0,3.0,0.12351533770561218,0.08193738261858623,0.24581214785575867,0.1643956643271417,0.24581214785575867,0.8768985092031907,0.047905220447631326,0.034949064677858896,0.035105461876635866,0.035105461876635866,0,0.0,0.035105461876635866,1.0
2023-12-14,42885.0,43010.0,43329.0,42068.0,22978695605.48269,841400560142.884,1.0,0.0,time,-0.0178,41.0,41.0,0.8664098978042603,0.3264608893816064,13.384896464645863,2.498438938913815,13.384896464645863,3.528064540926377,0.2137100798467219,0.3424246311187744,3.0,3.0,0.12144914269447327,0.08056673407554626,0.2417002022266388,0.1616456258567063,0.2417002022266388,0.876898887590164,0.04710383013374783,0.0387787262444246,0.0018151781763669297,0.0018151781763669297,0,0.0,0.0018151781763669297,1.0
2023-12-15,43032.0,41992.0,43100.0,41761.0,17134765249.072596,821883086852.3783,1.0,1.0,time,0.0384,41.0,41.0,0.9134506583213806,0.3451113908029184,14.149567022919655,2.6541687601224293,14.149567022919655,3.5197910541373942,0.2296038503900249,0.768438957631588,3.0,3.0,0.12126955389976501,0.08044757445653279,0.2413427233695984,0.16140656204582662,0.2413427233695984,0.8768987304019252,0.047034177515345575,0.0033711595394571585,-0.023953522845646284,-0.023953522845646284,0,0.0,-0.023953522845646284,1.0
2023-12-16,41890.0,42247.0,42666.0,41760.0,13524832238.374014,825747211475.3832,1.0,1.0,time,0.0372,41.0,41.0,0.8664040565490723,0.3447413657133172,14.134395994246006,2.6257448670715697,14.134395994246006,3.5292044651108823,0.22206487342410905,0.2415098175406456,3.0,3.0,0.1214483380317688,0.08056618769963582,0.24169856309890747,0.16164454295069927,0.24169856309890747,0.8768987098910965,0.04710352592740665,0.0033557288321387777,0.006054221414984989,0.006054221414984989,0,0.0,0.006054221414984989,1.0
2023-12-17,42248.0,41411.0,42319.0,41305.0,16536428696.461372,810534011290.7083,1.0,1.0,upper,0.0523,41.0,41.0,0.874088704586029,0.3491433246470079,14.314876310527325,2.6242846796626953,14.314876310527325,3.541302407941987,0.214642446472979,0.6720190793275833,2.0,2.0,0.12252554297447205,0.1145678460597992,0.2291356921195984,0.16241376968082258,0.2291356921195984,0.6907330039521098,0.007957696914672852,0.02157493646567902,-0.019986799342745214,-0.019986799342745214,0,0.0,-0.019986799342745214,1.0
2023-12-18,41355.0,42684.0,42684.0,40571.0,26473040426.60815,834757901244.3383,1.0,1.0,time,0.0247,41.0,41.0,0.8717362284660339,0.3465576660705776,14.20886430889368,2.5902740740224077,14.20886430889368,3.5498428281435634,0.20867344813092933,0.3313411921262741,2.0,2.0,0.12219575047492981,0.1142595112323761,0.2285190224647522,0.16197666375361933,0.2285190224647522,0.6907330290590574,0.007936239242553711,0.0034491448843991445,0.03027759673208007,0.03027759673208007,0,0.0,0.03027759673208007,1.0
2023-12-19,42609.0,42250.0,43327.0,41837.0,23402523667.558952,827483345952.5029,1.0,1.0,time,0.0184,41.0,41.0,0.8754268884658813,0.3605475649237633,14.782450161874294,2.6837084103485958,14.782450161874294,3.551649746578444,0.21370793965329543,0.5735858529806137,3.0,3.0,0.18251121044158936,0.13733256856600443,0.4119977056980133,0.24447782186143968,0.4119977056980133,1.0713775469492002,0.03260215849349503,0.1344660864620902,-0.010219788951135613,-0.010219788951135613,0,0.0,-0.010219788951135613,1.0
2023-12-20,42276.0,43634.0,44201.0,42246.0,28334648885.87903,854173854159.8182,1.0,1.0,time,0.0001,41.0,41.0,0.8205099701881409,0.3582792676440099,14.689449973404408,2.659218281134951,14.689449973404408,3.553799409356513,0.21002418491151942,0.19878090918064117,5.0,5.0,0.1812412142753601,0.10219393968582154,0.5109696984291077,0.2574352570552784,0.5109696984291077,1.450714844072424,0.05301868544686982,0.08914390223109218,0.032232309166649646,0.032232309166649646,0,0.0,0.032232309166649646,1.0
2023-12-21,43660.0,43850.0,44215.0,43366.0,21948638202.58336,858312140014.9476,1.0,0.0,time,-0.0309,41.0,41.0,0.8105290532112122,0.3586516920022848,14.704719372093678,2.6459481681769765,14.704719372093678,3.558358532756307,0.20524638527810873,0.46582186222076416,5.0,5.0,0.17903649806976318,0.11016669869422913,0.5508334934711456,0.2616230149330079,0.5508334934711456,1.5480318664830564,0.039403285235400175,0.10353631306846162,0.004938055848359437,0.004938055848359437,0,0.0,0.004938055848359437,1.0
2023-12-22,43875.0,44004.0,44243.0,43467.0,20833936534.62855,861822676200.4246,1.0,0.0,time,-0.0134,41.0,41.0,0.8055928349494934,0.3594651104110043,14.738069526851177,2.6301591271158133,14.738069526851177,3.567815275020452,0.1987715470287313,0.40430884063243866,6.0,6.0,0.17794615030288696,0.10434954365094502,0.6260972619056702,0.27165474368673337,0.6260972619056702,1.7315229546349413,0.0375573699082304,0.08456094288483307,0.0035058200589971468,0.0035058200589971468,0,0.0,0.0035058200589971468,1.0
2023-12-23,43989.0,43752.0,44018.0,43375.0,9872050975.657969,856850313226.057,1.0,0.0,time,-0.0267,41.0,41.0,0.8068094253540039,0.3562794958309429,14.60745932906866,2.605417793623666,14.60745932906866,3.5701681537286176,0.19654724710949928,0.21367016434669495,6.0,6.0,0.1782149076461792,0.10381235182285309,0.6228741109371185,0.2711189444539257,0.6228741109371185,1.7276070706454572,0.038391526182782985,0.010109618079272941,-0.005743212832717632,-0.005743212832717632,0,0.0,-0.005743212832717632,1.0
2023-12-24,43730.0,43035.0,43943.0,42895.0,18313974069.822754,845029028630.4425,0.0,0.0,time,-0.0226,41.0,41.0,0.8129116892814636,0.3594442796779842,14.737215466797352,2.61550516738879,14.737215466797352,3.574597317207193,0.19403667510483064,0.4075247496366501,8.0,8.0,0.12073072791099548,0.07547589391469955,0.6038071513175964,0.227101914398281,0.6038071513175964,2.010720212821628,0.027391593202979972,0.18375858638986342,-0.016523587943033803,-0.017523587943033804,1,0.001,-0.016523587943033803,0.0
2023-12-25,42999.0,43638.0,43744.0,42770.0,18744716867.39297,854524607072.9797,0.0,0.0,time,-0.033,41.0,41.0,0.7800865173339844,0.3593592309370274,14.733728468418121,2.5912647274192606,14.733728468418121,3.583143223944737,0.18609934118187815,0.3190469667315483,9.0,9.0,0.10563835501670837,0.0632162590821584,0.5689463317394257,0.20188894608207425,0.5689463317394257,2.12974677888472,0.02307593224082305,0.12803396966356947,0.013914592299020836,0.0,0,0.0,0.0,0.0
2023-12-26,43587.0,42516.0,43587.0,41820.0,20477744539.87234,832471600531.6842,0.0,0.0,time,-0.0073,41.0,41.0,0.7934338450431824,0.3574601013849421,14.655864156782627,2.580824216349808,14.655864156782627,3.5837364536041685,0.18621826613465892,0.4029146805405617,8.0,8.0,0.10744583606719971,0.06658244132995605,0.5326595306396484,0.20011967992932073,0.5326595306396484,2.012154119491755,0.02393249450892407,0.15517590227090228,-0.02604785472912336,-0.0,0,0.0,-0.0,0.0
2023-12-27,42503.0,43418.0,43662.0,42123.0,23244754807.443966,849194163327.4839,0.0,1.0,time,0.0171,41.0,41.0,0.8011683821678162,0.35839672731917077,14.694265820086002,2.596312612079955,14.694265820086002,3.57897951231375,0.1896378062137853,0.2755075693130493,8.0,8.0,0.10849323868751526,0.06743984296917915,0.5395187437534332,0.20235529093313767,0.5395187437534332,2.014423462769806,0.023881489722624213,0.07035784210374252,0.02099362599522838,0.0,0,0.0,0.0,0.0
2023-12-28,43456.0,42601.0,43789.0,42324.0,20336573643.81929,836073458797.803,1.0,1.0,upper,0.0547,41.0,41.0,0.8127354979515076,0.35625419802055125,14.606422118842602,2.609933539961102,14.606422118842602,3.5623443017253864,0.19804864425346003,0.38109247386455536,7.0,7.0,0.11005961894989014,0.06617793866566249,0.46324557065963745,0.19433735859693899,0.46324557065963745,1.798708635822078,0.03187110644944268,0.14615197354223816,-0.018996374488349392,-0.001,1,0.001,-0.0,1.0
2023-12-29,42591.0,42075.0,43097.0,41614.0,24832397519.050613,822933961870.5416,1.0,1.0,upper,0.0486,41.0,41.0,0.8210551738739014,0.3627640788511532,14.873327232897282,2.6517941694400298,14.873327232897282,3.5644590090205326,0.19978668282374748,0.3058060258626938,7.0,7.0,0.11118626594543457,0.06685537951333183,0.46798765659332275,0.19632673516257576,0.46798765659332275,1.798708502087136,0.032197370235326365,0.06936786051244818,-0.012423987101344607,-0.012423987101344607,0,0.0,-0.012423987101344607,1.0
2023-12-30,42092.0,42221.0,42610.0,41574.0,14727224645.41767,826609156660.5117,1.0,1.0,upper,0.0451,41.0,41.0,0.826418936252594,0.3582090819935973,14.68657236173749,2.6286608396593545,14.68657236173749,3.5620141828538463,0.20054767735720155,0.2911416105926037,8.0,8.0,0.11191260814666748,0.06610337272286415,0.5288269817829132,0.2058839411858068,0.5288269817829132,1.9471483939068992,0.030477348464674446,0.0855801229255018,0.003463987519938259,0.003463987519938259,0,0.0,0.003463987519938259,1.0
2023-12-31,42197.0,42208.0,42838.0,42008.0,14183728910.169804,827596236151.1959,1.0,1.0,upper,0.0454,41.0,41.0,0.8343582153320312,0.35839986137864066,14.694394316524267,2.646000561891993,14.694394316524267,3.5529851063151474,0.20570225270280534,0.2723935768008232,7.0,7.0,0.11298772692680359,0.06793859601020813,0.4755701720714569,0.1995076778274546,0.4755701720714569,1.7987087112096538,0.032719028358860765,0.10705383149473605,-0.0003079510619037299,-0.0003079510619037299,0,0.0,-0.0003079510619037299,1.0
2024-01-01,42261.0,44169.0,44169.0,42242.0,16958999497.58364,863804922701.8125,1.0,0.0,time,-0.0048,41.0,41.0,0.833592414855957,0.3547861243530018,14.546231098473072,2.6412824018323398,14.546231098473072,3.5396713836506577,0.21043345340898242,0.23467494919896126,6.0,6.0,0.08525002002716064,0.060374935468037925,0.36224961280822754,0.16427865577438241,0.36224961280822754,1.6400880695994076,0.029202396438247923,0.085652659233564,0.04541340901647714,0.04541340901647714,0,0.0,0.04541340901647714,1.0
2024-01-02,44148.0,44995.0,45870.0,44148.0,39089952715.542786,878395004792.8407,1.0,0.0,lower,-0.0495,41.0,41.0,0.832718014717102,0.3495033189836072,14.329636078327894,2.5999590416529657,14.329636078327894,3.5421088934018483,0.20668885824751815,0.21659502014517784,6.0,6.0,0.08516055345535278,0.060311595598856606,0.36186957359313965,0.1641063077420446,0.36186957359313965,1.6400880723556093,0.02917175819934563,0.0065752654609865235,0.01852818693453057,0.01852818693453057,0,0.0,0.01852818693453057,1.0
2024-01-03,44952.0,42822.0,45469.0,41805.0,43146162597.56747,838208392904.1771,1.0,1.0,upper,0.0917,41.0,41.0,0.8588540554046631,0.3622532606851764,14.852383688092232,2.695953312849601,14.852383688092232,3.5410294348098525,0.2145806940777249,0.5348861552774906,6.0,6.0,0.08721476793289185,0.05634863177935282,0.33809179067611694,0.14812731441424387,0.33809179067611694,1.7194779947268755,0.021949530956058106,0.2829915825007513,-0.04949938326892658,-0.04949938326892658,0,0.0,-0.04949938326892658,1.0
2024-01-04,42863.0,44196.0,44814.0,42675.0,26123887042.79777,866352960236.8643,1.0,1.0,upper,0.0602,41.0,41.0,0.8583493828773499,0.3575834653726438,14.660922080278397,2.6676400428852056,14.660922080278397,3.540096856417169,0.2137812921257019,0.2220596820116043,6.0,6.0,0.08716356754302979,0.05631552139918009,0.33789312839508057,0.14804028906720668,0.33789312839508057,1.7194778886675635,0.021936649259223125,0.0033985472406761266,0.03158229803394314,0.03158229803394314,0,0.0,0.03158229803394314,1.0
2024-01-05,44174.0,44114.0,44281.0,43116.0,29364675804.010384,863690851062.0247,1.0,1.0,upper,0.062,41.0,41.0,0.876401424407959,0.37226242381261615,15.262759376317263,2.748635424632641,15.262759376317263,3.5527063360772275,0.21374961977138401,0.601837296038866,6.0,6.0,0.08899664878845215,0.05749991536140442,0.3449994921684265,0.15115374561329653,0.3449994921684265,1.719478159837183,0.02239796573172486,0.12156137956762011,-0.0018570948605323967,-0.0018570948605323967,0,0.0,-0.0018570948605323967,1.0
2024-01-06,44165.0,43956.0,44221.0,43479.0,11841102132.239353,861211168830.4689,1.0,1.0,upper,0.0656,41.0,41.0,0.895724356174469,0.3755100954596589,15.395913913846016,2.774741609792696,15.395913913846016,3.553457335952096,0.21628063846894732,0.3591098450124264,6.0,6.0,0.09095883369445801,0.05876767635345459,0.35260605812072754,0.15448640893579202,0.35260605812072754,1.7194780295534238,0.022891817468149493,0.13012015857706705,-0.003588058805718564,-0.003588058805718564,0,0.0,-0.003588058805718564,1.0
2024-01-07,44002.0,43884.0,44489.0,43687.0,15144653805.362787,856926317087.4954,1.0,1.0,upper,0.0672,41.0,41.0,0.9191120266914368,0.3835537807970512,15.7257050126791,2.8428421619681203,15.7257050126791,3.5501965506471604,0.22361213940995409,0.4172302782535553,4.0,4.0,0.09333384037017822,0.07410916686058044,0.2964366674423218,0.15368503108599288,0.2964366674423218,1.34655334994337,0.020312645869169643,0.1626906999904212,-0.0016393446294331684,-0.0016393446294331684,0,0.0,-0.0016393446294331684,1.0
2024-01-08,43953.0,46936.0,47193.0,43248.0,40821502383.50064,919666641903.4098,1.0,0.0,lower,-0.0901,41.0,41.0,1.0796535015106201,0.39940015072139295,16.375406179577112,2.9945868508424813,16.375406179577112,3.5376316526663567,0.24331103806382606,0.7312044911086559,4.0,4.0,0.09191906452178955,0.07298579812049866,0.29194319248199463,0.15135541718198683,0.29194319248199463,1.3465534372071084,0.020004720700303066,0.06760067925454714,0.06723518266831421,0.06723518266831421,0,0.0,0.06723518266831421,1.0
2024-01-09,46967.0,46106.0,47680.0,45416.0,39887918405.77868,902166917320.3264,1.0,0.0,lower,-0.0722,41.0,41.0,0.9053753018379211,0.4125237963730242,16.913475651293993,3.0442119911975283,16.913475651293993,3.553149340004474,0.23633458412609964,0.8256887356151064,4.0,4.0,0.09193897247314453,0.07300156354904175,0.292006254196167,0.15138811623066253,0.292006254196167,1.3465534012268658,0.020009051785688542,0.0009468488045447193,-0.01784187824615453,-0.01784187824615453,0,0.0,-0.01784187824615453,1.0
2024-01-10,46141.0,46632.0,47599.0,44591.0,52030057180.57072,915259343942.0361,1.0,0.0,lower,-0.0836,41.0,41.0,0.9254601001739502,0.4165299807379885,17.07772921025753,3.078364090520882,17.07772921025753,3.5529951906072803,0.24006804192040065,0.4236796759068966,4.0,4.0,0.09397852420806885,0.07462102174758911,0.29848408699035645,0.15474650078087973,0.29848408699035645,1.3465533409134907,0.020452945737167917,0.09745649987626591,0.011343907365844378,0.011343907365844378,0,0.0,0.011343907365844378,1.0
2024-01-11,46566.0,46314.0,48888.0,45662.0,49198128806.306175,909846384596.2129,1.0,0.0,lower,-0.0767,41.0,41.0,0.9330424070358276,0.410478245648669,16.82960807159543,3.0159933463005375,16.82960807159543,3.5604405731380515,0.23101197671126777,0.4133523739874363,5.0,5.0,0.09474837779998779,0.06919230222702026,0.3459615111351013,0.1623833080385752,0.3459615111351013,1.5579794914211278,0.022047518192187678,0.06863340584291924,-0.006842709547476863,-0.006842709547476863,0,0.0,-0.006842709547476863,1.0
2024-01-12,46369.0,42894.0,46504.0,41730.0,45913301456.05085,838383512176.7352,1.0,0.0,time,-0.0042,41.0,41.0,1.2458457946777344,0.4470242866110511,18.327995751053095,3.3491750434292755,18.327995751053095,3.540160049414641,0.27157688781940426,1.4983876794576645,5.0,5.0,0.09860718250274658,0.07201027870178223,0.36005139350891113,0.16899665696659147,0.36005139350891113,1.5579794468636345,0.022945452152189245,0.23927872614895496,-0.07671233518300202,-0.07671233518300202,0,0.0,-0.07671233518300202,1.0
2024-01-13,42871.0,42848.0,43213.0,42434.0,19424747840.478386,839198740717.084,1.0,0.0,time,-0.0377,41.0,41.0,1.0083744525909424,0.46060246792508336,18.884701184928417,3.3910834073428853,18.884701184928417,3.5570910778143996,0.26138032768598085,1.0316481180489063,5.0,5.0,0.10239827632904053,0.0747787594795227,0.3738937973976135,0.17549385376557325,0.3738937973976135,1.5579793581967043,0.023827624149339244,0.2350782357931496,-0.001072986504007795,-0.001072986504007795,0,0.0,-0.001072986504007795,1.0
2024-01-14,42823.0,41801.0,43088.0,41754.0,16968959097.076523,822907066751.3778,1.0,0.0,time,-0.0048,41.0,41.0,1.0499851703643799,0.4701572491264925,19.27644721418619,3.452950445309218,19.27644721418619,3.56158442052787,0.2641094277372363,0.8506685346364975,5.0,5.0,0.10662364959716797,0.0778645396232605,0.3893226981163025,0.18273563239621837,0.3893226981163025,1.5579797128931852,0.024810798832501667,0.2620176747073431,-0.024738706819236383,-0.024738706819236383,0,0.0,-0.024738706819236383,1.0
2024-01-15,41747.0,42587.0,43313.0,41747.0,22634527323.56315,835225973285.8562,1.0,0.0,time,-0.0228,41.0,41.0,1.1079505681991577,0.4696958691972058,19.257530637085438,3.4578321457245442,19.257530637085438,3.560861338868623,0.2664774990193696,0.7581788897514343,5.0,5.0,0.112510085105896,0.08216314315795899,0.4108157157897949,0.19282381728503134,0.4108157157897949,1.5579794171653127,0.02618058075900854,0.3549071429578982,0.01862877969444427,0.01862877969444427,0,0.0,0.01862877969444427,1.0
2024-01-16,42506.0,43148.0,43539.0,42170.0,22023116042.275295,845770850849.578,1.0,0.0,time,-0.0379,41.0,41.0,1.472349762916565,0.5268010520716992,21.59884313493967,3.9543205680972617,21.59884313493967,3.540413257393182,0.3222768794541629,2.341312497854233,5.0,5.0,0.12054204940795898,0.08802871704101563,0.4401435852050781,0.2065893680369139,0.4401435852050781,1.5579795099268063,0.028049569930590726,0.4409425085843434,0.013087024129212593,0.013087024129212593,0,0.0,0.013087024129212593,1.0
2024-01-17,43136.0,42714.0,43198.0,42221.0,21299064875.187115,836987995502.6503,1.0,0.0,lower,-0.0781,41.0,41.0,1.2693963050842285,0.5562732873893366,22.8072047829628,4.105816148730407,22.8072047829628,3.5557150900271264,0.31894213353869766,1.6142685636878014,5.0,5.0,0.12890446186065674,0.09413557052612305,0.47067785263061523,0.22092119524863074,0.47067785263061523,1.5579794370194406,0.02999548738957309,0.4639280101128571,-0.010109331163391423,-0.010109331163391423,0,0.0,-0.010109331163391423,1.0
2024-01-18,42753.0,41261.0,42883.0,40655.0,25160430945.289833,808845819110.2808,1.0,0.0,time,-0.0352,41.0,41.0,1.3627222776412964,0.5922343038567682,24.2816064581275,4.35381035986348,24.2816064581275,3.560000212521751,0.33405360868160844,1.4744016751646996,5.0,5.0,0.1383814811706543,0.10105639696121216,0.5052819848060608,0.23716326008280897,0.5052819848060608,1.5579794974753647,0.03220073011344817,0.5149243265165714,-0.034608991451670346,-0.034608991451670346,0,0.0,-0.034608991451670346,1.0
2024-01-19,41260.0,41601.0,42094.0,40300.0,24407872954.726807,815241536115.3193,1.0,0.0,time,-0.0361,41.0,41.0,1.4787070751190186,0.6165407074660789,25.278169006109238,4.480674834475655,25.278169006109238,3.575197325328383,0.3309788428073483,1.9287670329213142,5.0,5.0,0.15183699131011963,0.11088266372680664,0.5544133186340332,0.2602239343581234,0.5544133186340332,1.557979525677727,0.03533177164270289,0.6001857361655729,0.00820646154171603,0.00820646154171603,0,0.0,0.00820646154171603,1.0
2024-01-20,41624.0,41626.0,41844.0,41423.0,9533488489.00503,817217622403.9753,0.0,0.0,time,-0.0414,41.0,41.0,1.58914315700531,0.663382511858533,27.198682986199856,4.819318946533749,27.198682986199856,3.575499962461964,0.3555382202976749,1.9205139800906181,6.0,6.0,0.1631770133972168,0.09974770744641621,0.5984862446784973,0.27967135290907474,0.5984862446784973,1.5796059147238561,0.05555542996728161,0.6147440376925009,0.0006007665962228821,-0.0003992334037771179,1,0.001,0.0006007665962228821,0.0
2024-01-21,41661.0,41542.0,41843.0,41513.0,8032696833.695371,814709364023.4832,-1.0,0.0,time,0.0077,41.0,41.0,1.672568917274475,0.6724922853272136,27.572183698415756,4.8942068722118615,27.572183698415756,3.575220730027578,0.3632905200805566,1.2704340890049934,5.0,5.0,0.17036330699920654,0.09163235425949097,0.45816177129745483,0.23905667155635296,0.45816177129745483,1.3662322616759326,0.05507386036935809,0.502489063172518,-0.0020200083821430453,-0.001,1,0.001,-0.0,1.0
2024-01-22,41546.0,39505.0,41645.0,39505.0,31202848830.101707,775020895102.2928,0.0,0.0,upper,0.058,41.0,41.0,1.8910967111587524,0.6732557966578298,27.60348766297102,4.972974059799602,27.60348766297102,3.5626269587979875,0.38718064487414827,0.67812529951334,4.0,4.0,0.11952579021453857,0.07085777819156647,0.28343111276626587,0.16515852948529136,0.28343111276626587,1.1244029087217895,0.042408846190278876,0.1885761718028334,-0.050277717479220066,0.049277717479220065,1,0.001,0.050277717479220066,0.0
2024-01-23,39519.0,39833.0,40125.0,38520.0,29683327703.0343,779133357029.7626,-1.0,0.0,upper,0.0558,41.0,41.0,1.576343059539795,0.6274664005855235,25.726122424006462,4.569836006732988,25.726122424006462,3.5755445916359045,0.34005464733069873,1.8773652389645576,4.0,4.0,0.11438500881195068,0.06781022250652313,0.27124089002609253,0.15805512047432987,0.27124089002609253,1.1244034489904633,0.0405848370780832,0.23722750567050008,0.008268468292908586,-0.001,1,0.001,-0.0,0.0
2024-01-24,39852.0,40124.0,40499.0,39544.0,22217129215.385582,786928905377.1826,-1.0,0.0,upper,0.0754,41.0,41.0,1.5353087186813354,0.6088235614503302,24.96176601946354,4.397761721221385,24.96176601946354,3.5854771756305412,0.3178815881923933,1.0606893599033356,4.0,4.0,0.11077243089675903,0.06566856801509857,0.2626742720603943,0.15306327478815962,0.2626742720603943,1.1244031816449076,0.03930306218432972,0.16770968612223297,0.007278944553633549,-0.007278944553633549,0,0.0,-0.007278944553633549,1.0
2024-01-25,40062.0,39938.0,40262.0,39538.0,13376924612.77818,783180536824.566,0.0,0.0,upper,0.0532,41.0,41.0,1.6006202697753906,0.579264957730363,23.749863266944885,4.256614848691048,23.749863266944885,3.564400837928445,0.32614924118951605,1.3425258547067642,3.0,3.0,0.10702395439147949,0.08377005656560262,0.25131016969680786,0.14786289775157715,0.25131016969680786,1.0800735190820927,0.01644353368835883,0.17200446113195855,-0.004646407400038829,0.0036464074000388293,1,0.001,0.004646407400038829,0.0
2024-01-26,39917.0,41863.0,42195.0,39827.0,22681602408.52447,820989861818.084,0.0,0.0,time,0.0171,41.0,41.0,1.5944687128067017,0.6000878645516023,24.603602446615696,4.477270886379319,24.603602446615696,3.5476150959944848,0.3589154169518205,0.9612288102507591,2.0,2.0,0.10661256313323975,0.0891575813293457,0.1783151626586914,0.12848152161515808,0.1783151626586914,0.6738585725306204,0.017454981803894043,0.06446009440570671,0.047074130291635645,-0.0,0,0.0,-0.0,0.0
2024-01-27,41863.0,42120.0,42174.0,41439.0,10694258830.371908,826254540126.2368,0.0,0.0,time,0.0223,41.0,41.0,1.6016279458999634,0.5896209322097825,24.174458220601082,4.392672856914743,24.174458220601082,3.548763326591437,0.3506721155006683,0.516312874853611,2.0,2.0,0.10709130764007568,0.089557945728302,0.179115891456604,0.12905847064801848,0.179115891456604,0.6738585768143256,0.01753336191177368,0.015515151804508458,0.0061203053529392745,-0.0,0,0.0,-0.0,0.0
2024-01-28,42137.0,42027.0,42743.0,41735.0,13669905344.783924,824240091063.3245,0.0,0.0,time,0.0269,41.0,41.0,1.6024863719940186,0.5788010883985496,23.730844624340534,4.324906619755074,23.730844624340534,3.5434536930174216,0.34814415896979056,0.6308668777346611,3.0,3.0,0.10714870691299438,0.07019895315170288,0.21059685945510864,0.13288704246046779,0.21059685945510864,0.9944547362255107,0.03095850439488984,0.024052886409266182,-0.0022104183836881438,0.0,0,0.0,0.0,0.0
2024-01-29,42037.0,43268.0,43287.0,41806.0,20680322267.003654,849198976216.4734,0.0,1.0,time,-0.0067,41.0,41.0,1.6067302227020264,0.5959964203761845,24.435853235423565,4.396676632985072,24.435853235423565,3.560578496682334,0.3409843840887123,0.6545653087146363,4.0,4.0,0.14559948444366455,0.08918847143650055,0.3567538857460022,0.19736211686221594,0.3567538857460022,1.2647628960673434,0.04222994027824657,0.1186465486040639,0.029101062885956645,-0.0,0,0.0,-0.0,0.0
2024-01-30,43286.0,42892.0,43762.0,42792.0,24526664209.358597,839294111912.5715,0.0,1.0,time,-0.0069,41.0,41.0,1.6238480806350708,0.6157395877852673,25.245323099195957,4.584052731651526,25.245323099195957,3.5501238000281155,0.3652261113189957,0.8094698637723923,4.0,4.0,0.10857701301574707,0.08059898018836975,0.322395920753479,0.16442808962529043,0.322395920753479,1.3673202467279597,0.016215842779529407,0.25031085866759295,-0.008728003410143955,0.0,0,0.0,0.0,0.0
2024-01-31,42950.0,42583.0,43655.0,42289.0,22197944957.07849,835421372330.6442,0.0,0.0,time,0.0015,41.0,41.0,1.6364883184432983,0.6252944151439318,25.637071020901203,4.686379711189939,25.637071020901203,3.543623864483072,0.3803540541690081,0.420203298330307,4.0,4.0,0.10942220687866211,0.08122643828392029,0.32490575313568115,0.16570813562671002,0.32490575313568115,1.367320341763118,0.01634204017032513,0.06416821824057305,-0.007230215761482049,0.0,0,0.0,0.0,0.0
2024-02-01,42572.0,43069.0,43250.0,41883.0,22443682768.722225,844585195327.6586,0.0,0.0,time,0.0004,41.0,41.0,1.6362626552581787,0.6161587963380465,25.262510649859905,4.626286312748845,25.262510649859905,3.541962541299819,0.37730775731821503,0.3745603710412979,4.0,4.0,0.10940712690353394,0.08121524751186371,0.32486099004745483,0.16568530281216506,0.32486099004745483,1.367320360071841,0.016339781625726305,0.0011459623766154653,0.011348368182878361,-0.0,0,0.0,-0.0,0.0
2024-02-02,43084.0,43171.0,43382.0,42586.0,18624791426.130833,846561992602.431,0.0,0.0,time,0.0246,41.0,41.0,1.6358108520507812,0.6284818580237831,25.767756178975105,4.642926556213349,25.767756178975105,3.5620343959385883,0.3616425848388212,0.9322683936843901,5.0,5.0,0.19237184524536133,0.10342859029769898,0.5171429514884949,0.25385698034272425,0.5171429514884949,1.518697329956129,0.04681025531628712,0.13832079827687205,0.002365492754225867,-0.0,0,0.0,-0.0,0.0
2024-02-03,43173.0,42977.0,43361.0,42884.0,7779819312.310763,842668526994.8004,0.0,0.0,upper,0.0535,41.0,41.0,1.6411741971969604,0.6310688951393453,25.873824700713158,4.657135088370899,25.873824700713158,3.5636125433832766,0.36159340001893064,0.32173648476600647,5.0,5.0,0.10973548889160156,0.05465917587280274,0.27329587936401367,0.15176225069432203,0.27329587936401367,1.251852329773273,0.04023345175432092,0.21736294041760845,-0.004503884662217411,0.0,0,0.0,0.0,0.0
2024-02-04,42991.0,42599.0,43110.0,42429.0,11250814654.362,835416357159.2295,0.0,0.0,upper,0.0623,41.0,41.0,1.643459439277649,0.6357856641818838,26.067212231457233,4.682543964206319,26.067212231457233,3.565707198802717,0.3613341853896023,0.4351971969008446,5.0,5.0,0.15446406602859497,0.06497379541397094,0.32486897706985474,0.18688854716189676,0.32486897706985474,1.261448877934128,0.05257253771276739,0.08795829192546947,-0.00883431004990589,0.0,0,0.0,0.0,0.0
2024-02-05,42575.0,42648.0,43520.0,42284.0,18682275991.626797,836630860392.2917,0.0,0.0,upper,0.0612,41.0,41.0,1.6585519313812256,0.6380557928506921,26.160287506878376,4.743295532030484,26.160287506878376,3.5544409774216916,0.3763473200537432,0.6606811881065369,4.0,4.0,0.0745844841003418,0.05092160403728485,0.2036864161491394,0.11561350300741985,0.2036864161491394,1.193673778047513,0.027360752213373907,0.16380815796354153,0.0011496006990618628,-0.0,0,0.0,-0.0,0.0
2024-02-06,42651.0,43088.0,43327.0,42524.0,17131113853.23615,845393687725.6221,0.0,0.0,upper,0.0509,41.0,41.0,1.664629340171814,0.6313180790805235,25.884041242301464,4.712418288231976,25.884041242301464,3.5508679681642734,0.3782444340451761,0.29397277534008026,7.0,7.0,0.10681724548339844,0.06791116510118757,0.475378155708313,0.19261045150163272,0.475378155708313,1.8542797238089064,0.026227852180070812,0.21157708586759688,0.010264156548783208,-0.0,0,0.0,-0.0,0.0
2024-02-07,43078.0,44247.0,44322.0,42759.0,21200879624.73537,868672050077.7697,0.0,0.0,upper,0.0634,41.0,41.0,1.6566858291625977,0.6223939090240292,25.5181502699852,4.675747605763728,25.5181502699852,3.5428895873222688,0.381916680199745,0.601067416369915,6.0,6.0,0.10630762577056885,0.058359344800313316,0.3501560688018799,0.17007266793630757,0.3501560688018799,1.501767509117987,0.03761611717035309,0.13308846906757243,0.026543036476231876,-0.0,0,0.0,-0.0,0.0
2024-02-08,44318.0,45338.0,45559.0,44318.0,27709605138.49859,890468166608.419,1.0,1.0,upper,0.039,41.0,41.0,1.6229146718978882,0.6195597575932015,25.40195006132126,4.572221571201415,25.40195006132126,3.5601685855341403,0.3550054645327524,1.2838356494903564,6.0,6.0,0.1382310390472412,0.07015798489252727,0.4209479093551636,0.2032320222600587,0.4209479093551636,1.5655303792077766,0.04429145479441171,0.20560932319795727,0.024357960400858525,-0.001,1,0.001,-0.0,1.0
2024-02-09,45306.0,47143.0,48018.0,45258.0,41993952311.122856,925541926938.6151,1.0,1.0,upper,0.0598,41.0,41.0,1.527841567993164,0.6011306265505348,24.64635568857193,4.393577527654497,24.64635568857193,3.5708633438121935,0.33084681645342484,1.2041325569152832,5.0,5.0,0.13013321161270142,0.05964962244033813,0.2982481122016907,0.16429835638971874,0.2982481122016907,1.3367903899983773,0.0429035257898196,0.27956649769058306,0.03904000275731804,0.03904000275731804,0,0.0,0.03904000275731804,1.0
2024-02-10,47151.0,47769.0,48106.0,46890.0,16461159742.317774,938210772985.4427,1.0,1.0,upper,0.0466,41.0,41.0,1.4265835285186768,0.5629838096295915,23.08233619481325,4.142262316157574,23.08233619481325,3.5648203778001877,0.31866166512968375,1.6453283354640007,6.0,6.0,0.12150859832763672,0.04705615838368734,0.282336950302124,0.15345788652482734,0.282336950302124,1.3907273568682599,0.04135946220975875,0.28554536694008326,0.01319135783874706,0.01319135783874706,0,0.0,0.01319135783874706,1.0
2024-02-11,47770.0,48190.0,48487.0,47624.0,13196875460.84672,945579645769.01,1.0,1.0,upper,0.0379,41.0,41.0,1.488700270652771,0.5348254318644361,21.92784270644188,3.9654889228046812,21.92784270644188,3.557516123513112,0.3122512454449347,1.3377272263169289,5.0,5.0,0.09622722864151001,0.0485058069229126,0.242529034614563,0.1299150462579361,0.242529034614563,1.3691951328565382,0.03198078397409075,0.2691562772459308,0.008774637109842694,0.008774637109842694,0,0.0,0.008774637109842694,1.0
2024-02-12,48296.0,50050.0,50260.0,47729.0,37684440686.70893,981463410832.9637,1.0,1.0,upper,0.0414,41.0,41.0,1.3358945846557617,0.5043954758382425,20.680214509367943,3.7120779325941013,20.680214509367943,3.5638794829470664,0.28578159577203865,1.5412950366735458,5.0,5.0,0.08635014295578003,0.05611898899078369,0.28059494495391846,0.13820202159928188,0.28059494495391846,1.4751290133828814,0.02589630918640673,0.35719337759695236,0.03787097510898822,0.03787097510898822,0,0.0,0.03787097510898822,1.0
2024-02-13,49962.0,49732.0,50241.0,48385.0,37331081151.024765,974585308372.1277,1.0,1.0,upper,0.0405,41.0,41.0,1.235150694847107,0.476753649188251,19.546899616718292,3.5025781699976517,19.546899616718292,3.563419385189097,0.2681916912900278,1.278049573302269,4.0,4.0,0.07983815670013428,0.047469645738601685,0.18987858295440674,0.10718980098696332,0.18987858295440674,1.2211650194404242,0.024880636896145877,0.2750508395026402,-0.0063739166705384384,-0.0063739166705384384,0,0.0,-0.0063739166705384384,1.0
2024-02-14,49758.0,51790.0,51937.0,49320.0,41805076939.80903,1017596576729.7906,1.0,0.0,time,-0.0005,41.0,41.0,1.1081653833389282,0.4440126135581877,18.204517155885696,3.259806114740749,18.204517155885696,3.562169652913299,0.2490616861954575,1.4836986362934113,5.0,5.0,0.07163012027740479,0.0330008864402771,0.1650044322013855,0.08941737316555806,0.1650044322013855,1.3813647993056706,0.022583950471998196,0.2438567677789452,0.040548491345109024,0.040548491345109024,0,0.0,0.040548491345109024,1.0
2024-02-15,51821.0,51958.0,52801.0,51384.0,31991869491.056656,1020725811639.5323,1.0,1.0,time,0.0063,41.0,41.0,1.0126032829284668,0.4083932473710397,16.74412314221263,2.9927298368902213,16.74412314221263,3.563584875856754,0.22729829182795624,1.5087372548878193,5.0,5.0,0.06545311212539673,0.030155056715011598,0.15077528357505798,0.08170647439035918,0.15077528357505798,1.3813647792353965,0.020636427645668667,0.18032203840295374,0.003238619478759235,0.003238619478759235,0,0.0,0.003238619478759235,1.0
2024-02-16,51941.0,52166.0,52443.0,51678.0,24850432117.896576,1024019280535.48,1.0,0.0,time,-0.0062,41.0,41.0,0.9394150972366333,0.39573249684237854,16.22503237053752,2.9061951771296446,16.22503237053752,3.5571768311633343,0.22225001501991112,1.1106114983558655,5.0,5.0,0.06072235107421875,0.02797550559043884,0.1398775279521942,0.07580091377167716,0.1398775279521942,1.3813643268628617,0.019144889466475707,0.14109888095857764,0.003995241763163956,0.003995241763163956,0,0.0,0.003995241763163956,1.0
2024-02-17,52176.0,51685.0,52201.0,50675.0,19851884283.15723,1015778284418.9253,1.0,0.0,time,-0.0071,41.0,41.0,0.9476928114891052,0.3769086358569017,15.45325407013297,2.7842975769827243,15.45325407013297,3.5525049177054315,0.216842535094126,0.8923464566469193,5.0,5.0,0.05759453773498535,0.026534491777420045,0.13267245888710022,0.07189641366306829,0.13267245888710022,1.3813643766743975,0.01815873359120163,0.1345072447338572,-0.009263337657275253,-0.009263337657275253,0,0.0,-0.009263337657275253,1.0
2024-02-18,51657.0,52138.0,52377.0,51215.0,17025880430.565874,1023586119011.2284,1.0,0.0,time,-0.0252,41.0,41.0,0.9005129933357239,0.3707815802133665,15.202044788748026,2.7263231751689565,15.202044788748026,3.5546325936060685,0.20930779449069822,0.6326460167765617,4.0,4.0,0.05472719669342041,0.02856992930173874,0.11427971720695496,0.0672924331737212,0.11427971720695496,1.1812462158765664,0.017771523015869622,0.12009185245230287,0.008726445483004169,0.008726445483004169,0,0.0,0.008726445483004169,1.0
2024-02-19,52117.0,51764.0,52468.0,51723.0,22555121071.55909,1016146442771.5667,1.0,0.0,time,-0.0041,41.0,41.0,0.8662238717079163,0.3545694607423573,14.53734789043665,2.6163113264114926,14.53734789043665,3.5501625677670283,0.2030610478056397,0.6646968983113766,3.0,3.0,0.03201669454574585,0.01909497380256653,0.057284921407699585,0.03766520225530307,0.057284921407699585,0.9383605189638431,0.010405341374678382,0.11955718647723843,-0.007199122544028511,-0.007199122544028511,0,0.0,-0.007199122544028511,1.0
2024-02-20,51784.0,52287.0,52902.0,50953.0,34499627551.319275,1026424315285.75,1.0,0.0,time,-0.0103,41.0,41.0,0.8292692303657532,0.35110399045231866,14.395263608545065,2.5868502820689927,14.395263608545065,3.54835019054489,0.19985115713079402,0.6649450473487377,3.0,3.0,0.030650794506072998,0.0182803471883138,0.054841041564941406,0.03605833015909441,0.054841041564941406,0.9383607416165662,0.009961423825377251,0.07764371669739425,0.010052847248230645,0.010052847248230645,0,0.0,0.010052847248230645,1.0
2024-02-21,52230.0,51843.0,52376.0,50706.0,30624246621.0974,1018869881156.3213,1.0,1.0,upper,0.0496,41.0,41.0,0.8012096285820007,0.32745704654513336,13.425738908350468,2.4212676758734335,13.425738908350468,3.5473668129765765,0.1891047166103177,0.9695247001945972,3.0,3.0,0.029613733291625977,0.017661839723587036,0.05298551917076111,0.03483831539105586,0.05298551917076111,0.9383605050587164,0.009624386941889666,0.06997915338181993,-0.008527853467689944,-0.008527853467689944,0,0.0,-0.008527853467689944,1.0
2024-02-22,51863.0,51320.0,51992.0,50883.0,23733644208.80861,1007314397269.4122,0.0,1.0,upper,0.0597,41.0,41.0,0.7827742099761963,0.32441465701998734,13.301000937819481,2.400113996791214,13.301000937819481,3.545163463382285,0.18776656111089426,0.3463721200823784,3.0,3.0,0.02893233299255371,0.01725541551907857,0.05176624655723572,0.03403665113737958,0.05176624655723572,0.9383601863036564,0.009402934407930141,0.05450687018805476,-0.010139380992528705,-0.011139380992528706,1,0.001,-0.010139380992528705,0.0
2024-02-23,51295.0,50841.0,51493.0,50660.0,22637679779.740997,999139504635.63,0.0,1.0,upper,0.0691,41.0,41.0,0.7673125267028809,0.317212194022609,13.005699954926968,2.3502929703727022,13.005699954926968,3.5432335551347096,0.1846757494004421,0.2953009828925133,3.0,3.0,0.028360843658447266,0.016914586226145428,0.05074375867843628,0.03336435293634686,0.05074375867843628,0.9383603379592667,0.009217200682347321,0.046897172852884667,-0.009377424068091266,-0.0,0,0.0,-0.0,0.0
2024-02-24,50732.0,51553.0,51697.0,50598.0,15528276123.53668,1012485917140.1924,0.0,1.0,upper,0.0552,41.0,41.0,0.7934027910232544,0.3114331885263687,12.768760729581118,2.3121621614609977,12.768760729581118,3.542174145112063,0.18276187314860542,0.30818063393235207,3.0,3.0,0.027716398239135742,0.01653025547663371,0.04959076642990112,0.03260623476612675,0.04959076642990112,0.938361108630547,0.009007746800309102,0.051648825954864766,0.013907289016592541,0.0,0,0.0,0.0,0.0
2024-02-25,51558.0,51752.0,51918.0,51308.0,15455098216.48263,1016549456019.3263,0.0,1.0,upper,0.0513,41.0,41.0,0.7762736678123474,0.3014512152024886,12.35949982330203,2.2452080217420924,12.35949982330203,3.5383731614246434,0.17910160761529456,0.40926090627908707,3.0,3.0,0.02711808681488037,0.016173402468363445,0.04852020740509033,0.03190235445179918,0.04852020740509033,0.9383601802378911,0.008813311472941314,0.048360372549571325,0.00385267404574741,0.0,0,0.0,0.0,0.0
2024-02-26,51725.0,54478.0,54925.0,50927.0,35407941475.56789,1071049856128.8474,1.0,1.0,upper,0.0453,41.0,41.0,0.6619967222213745,0.2868870246882846,11.762368012219667,2.122565285770089,11.762368012219667,3.544290658397364,0.16607466951549446,0.5971318110823631,3.0,3.0,0.026024341583251953,0.015521089235941568,0.04656326770782471,0.030615643937970886,0.04656326770782471,0.93836078992967,0.00845783700730531,0.06723417003112489,0.051333871706187605,-0.001,1,0.001,0.0,1.0
2024-02-27,54528.0,57004.0,57469.0,54478.0,51983799587.1939,1118963733317.3013,1.0,1.0,upper,0.093,41.0,41.0,0.6227450966835022,0.2786309804494788,11.42387019842863,2.064270334228324,11.42387019842863,3.5404219023545025,0.16216281030294952,0.6412673853337765,3.0,3.0,0.02448129653930664,0.014600803454717001,0.043802410364151,0.02880036555078413,0.043802410364151,0.9383606620567595,0.007956353253615748,0.04862210291740613,0.04532449036309379,0.04532449036309379,0,0.0,0.04532449036309379,1.0
2024-02-28,57050.0,62559.0,63637.0,56741.0,87218855804.01622,1225273849241.6978,1.0,1.0,upper,0.0861,41.0,41.0,1.0864812135696411,0.2726193474741971,11.17739324644208,2.15959991782082,11.17739324644208,3.4826201342356837,0.1985740724205008,1.3494302071630955,3.0,3.0,0.021874427795410156,0.013046056032180786,0.03913816809654236,0.02573359575596778,0.03913816809654236,0.9383605572391662,0.007109130667603009,0.05864784546509147,0.09298867064360246,0.09298867064360246,0,0.0,0.09298867064360246,1.0
2024-02-29,62519.0,61298.0,63435.0,60562.0,67692687247.36391,1206725326872.1362,1.0,1.0,upper,0.1065,41.0,41.0,0.7857192754745483,0.24911407744739114,10.213677175343037,1.9077552877597708,10.213677175343037,3.50857050853493,0.1634356344621831,1.0226089768111706,3.0,3.0,0.020267367362976074,0.012087598443031311,0.03626279532909393,0.023843018736542758,0.03626279532909393,0.9383605355060151,0.006586841279176993,0.03545998336371079,-0.020362895472062142,-0.020362895472062142,0,0.0,-0.020362895472062142,1.0
2024-03-01,61201.0,62427.0,63136.0,60833.0,36699193361.155365,1227712629022.1812,1.0,1.0,upper,0.0883,41.0,41.0,0.7303030490875244,0.22974695746855037,9.419625256210566,1.7508157869521492,9.419625256210566,3.5135471619981455,0.1482602916044898,0.7940519191324711,3.0,3.0,0.018837928771972656,0.011235068241755167,0.0337052047252655,0.02216138742166761,0.0337052047252655,0.9383605542868609,0.0061222767350760585,0.032740660776527764,0.0182506581162462,0.0182506581162462,0,0.0,0.0182506581162462,1.0
2024-03-02,62418.0,62068.0,62437.0,61721.0,25198213831.25236,1219383305483.4985,1.0,1.0,upper,0.094,41.0,41.0,0.691819429397583,0.2259094958170885,9.262289328500628,1.7068218534724422,9.262289328500628,3.521715942861455,0.1414904743133017,0.45136640034615993,2.0,2.0,0.017845243215560913,0.014142841100692749,0.028285682201385498,0.02067499629115441,0.028285682201385498,0.6584786182044025,0.003702402114868164,0.03665213016273846,-0.005767315877514642,-0.005767315877514642,0,0.0,-0.005767315877514642,1.0
2024-03-03,62025.0,63053.0,63234.0,61483.0,27108369390.44353,1236312176673.4497,1.0,1.0,upper,0.0783,41.0,41.0,0.8506376147270203,0.23391619633610655,9.590564049780369,1.8458997221599192,9.590564049780369,3.478897987912527,0.16849097254732184,0.7110271509736776,2.0,2.0,0.009911179542541504,0.006208762526512146,0.012417525053024292,0.010223172097857417,0.012417525053024292,0.5029417917349746,0.003702417016029358,0.0287815138656349,0.015745084342432273,0.015745084342432273,0,0.0,0.015745084342432273,1.0
2024-03-04,63169.0,68187.0,68551.0,62883.0,74551714626.1156,1333913436699.1726,1.0,1.0,time,0.0047,41.0,41.0,0.7876595258712769,0.23137281866880452,9.486285565420985,1.85535579855977,9.486285565420985,3.458573438752656,0.17443123666339083,0.7296724114567041,2.0,2.0,0.009177416563034058,0.0057490915060043335,0.011498183012008667,0.009466305070202316,0.011498183012008667,0.5029394436764822,0.003428325057029724,0.016910959349662816,0.07827828828046196,0.07827828828046196,0,0.0,0.07827828828046196,1.0
2024-03-05,68340.0,64292.0,68913.0,60861.0,96403762012.66058,1264870242318.5977,0.0,1.0,time,0.0718,41.0,41.0,0.7567393183708191,0.23073036414457532,9.459944929927588,1.8119199157710681,9.459944929927588,3.482838058205294,0.1638230189235318,0.44933214597404003,2.0,2.0,0.008817136287689209,0.005523398518562317,0.011046797037124634,0.00909468412718434,0.011046797037124634,0.5029395672794634,0.003293737769126892,0.01594170827445774,-0.05881872413723732,-0.05981872413723732,1,0.001,-0.05881872413723732,0.0
2024-03-06,63789.0,66146.0,67510.0,62933.0,73151905042.04068,1297845751759.601,0.0,1.0,upper,0.0866,41.0,41.0,0.723516583442688,0.2288998722484926,9.384894762188196,1.7771944900263115,9.384894762188196,3.4941945025517915,0.15696970682186684,0.37971680611371994,1.0,1.0,0.008430063724517822,0.008430063724517822,0.008430063724517822,0.008430063724517822,0.008430063724517822,-0.0,0.0,0.013772220320783677,0.02842921339387151,0.0,0,0.0,0.0,0.0
2024-03-07,66090.0,66945.0,68006.0,65722.0,48853892626.0196,1317508010581.0813,1.0,1.0,upper,0.0746,41.0,41.0,0.6957091093063354,0.2284375630864283,9.36594008654356,1.811025205947973,9.36594008654356,3.4713898642226755,0.1667684071966633,0.5268516950309277,1.0,1.0,0.008089601993560791,0.008089601993560791,0.008089601993560791,0.008089601993560791,0.008089601993560791,-0.0,0.0,0.0116811676521884,0.01200696664857696,-0.001,1,0.001,0.0,1.0
2024-03-08,66949.0,68315.0,69428.0,66610.0,63346588227.32869,1340971395884.519,1.0,1.0,time,0.0677,41.0,41.0,0.6696292161941528,0.23398650192269466,9.59344657883048,1.856460585181584,9.59344657883048,3.4683245913126144,0.1712015570058246,0.5266793482005596,1.0,1.0,0.007786363363265991,0.007786363363265991,0.007786363363265991,0.007786363363265991,0.007786363363265991,-0.0,0.0,0.011226002761695004,0.020257975041108364,0.020257975041108364,0,0.0,0.020257975041108364,1.0
2024-03-09,68315.0,68508.0,68670.0,68053.0,21359706190.81524,1346027264110.4956,1.0,1.0,time,0.0416,41.0,41.0,0.6476247310638428,0.22739093741629182,9.323028434067965,1.762080241052573,9.323028434067965,3.4985215618093366,0.15499446101247372,0.5167789086699486,1.0,1.0,0.007530510425567627,0.007530510425567627,0.007530510425567627,0.007530510425567627,0.007530510425567627,-0.0,0.0,0.010830665322662806,0.002821164979671267,0.002821164979671267,0,0.0,0.002821164979671267,1.0
2024-03-10,68484.0,69076.0,70009.0,68351.0,36660543917.16198,1357390358031.5388,1.0,1.0,time,0.0061,41.0,41.0,0.6283055543899536,0.21782345306582568,8.930761575698853,1.677790354997952,8.930761575698853,3.5075838676243314,0.14563997963553788,0.4719192571938038,0.0,0.0,0.0,0.0,0.0,0.0,0.0,0.0,0.0,0.005324874987714896,0.008256820952301172,0.008256820952301172,0,0.0,0.008256820952301172,1.0
2024-03-11,69046.0,72131.0,72711.0,67785.0,66653067165.93465,1417772589113.9521,0.0,0.0,lower,-0.0996,41.0,41.0,0.6048790812492371,0.21170897754590687,8.680068079382181,1.630950945340071,8.680068079382181,3.5059040697249824,0.14162408572807217,0.30070262774825096,0.0,0.0,0.0,0.0,0.0,0.0,0.0,0.0,0.0,0.0,0.043276562553980276,0.042276562553980275,1,0.001,0.043276562553980276,0.0
2024-03-12,72109.0,71467.0,72734.0,69368.0,64599341551.27301,1403692914139.1924,0.0,0.0,lower,-0.0904,41.0,41.0,0.5908659100532532,0.2190361755286775,8.980483196675777,1.6863110093703817,8.980483196675777,3.505822791428813,0.1462201920029316,0.4379524178802967,0.0,0.0,0.0,0.0,0.0,0.0,0.0,0.0,0.0,0.0,-0.009248105579639428,-0.0,0,0.0,-0.0,0.0
2024-03-13,71444.0,73098.0,73604.0,71337.0,51906601043.53671,1436631290571.5388,0.0,0.0,lower,-0.1129,41.0,41.0,0.5759829878807068,0.21478790199247802,8.806303981691599,1.6243766732498794,8.806303981691599,3.526683861937368,0.13498979365780087,0.3868166171014309,0.0,0.0,0.0,0.0,0.0,0.0,0.0,0.0,0.0,0.0,0.02256520190356092,0.0,0,0.0,0.0,0.0
2024-03-14,73091.0,71420.0,73738.0,68862.0,63073551321.74747,1403843488135.24,0.0,0.0,lower,-0.0897,41.0,41.0,0.5676242113113403,0.2099299046506242,8.607126090675592,1.5757258221662416,8.607126090675592,3.5364070160986323,0.12840662424121915,0.33135339617729187,0.0,0.0,0.0,0.0,0.0,0.0,0.0,0.0,0.0,0.0,-0.023223064434023003,-0.0,0,0.0,-0.0,0.0
2024-03-15,71385.0,69498.0,72288.0,65848.0,81204427005.22603,1367669237527.8738,0.0,0.0,lower,-0.0624,41.0,41.0,0.5654495358467102,0.21330263947204844,8.745408218353987,1.6000767803258351,8.745408218353987,3.5345815961014253,0.13018064809749538,0.1745925173163414,0.0,0.0,0.0,0.0,0.0,0.0,0.0,0.0,0.0,0.0,-0.027279966988038345,-0.0,0,0.0,-0.0,0.0
2024-03-16,69441.0,65292.0,70034.0,65015.0,49265436012.59228,1282404282863.459,0.0,1.0,time,0.0037,41.0,41.0,0.5681130886077881,0.22419289399574444,9.191908653825521,1.6678340409408379,9.191908653825521,3.5446568399521583,0.13260152904200392,0.3849935916182378,0.0,0.0,0.0,0.0,0.0,0.0,0.0,0.0,0.0,0.0,-0.062428457886475414,-0.0,0,0.0,-0.0,0.0
2024-03-17,65323.0,68425.0,68804.0,64866.0,47190980586.56393,1344508983079.8567,0.0,0.0,lower,-0.0965,41.0,41.0,0.567566990852356,0.22566669007263532,9.252334292978048,1.6566370736356226,9.252334292978048,3.562483164081437,0.12653956658787202,0.2598540484905243,0.0,0.0,0.0,0.0,0.0,0.0,0.0,0.0,0.0,0.0,0.046868737634954104,0.0,0,0.0,0.0,0.0
2024-03-18,68425.0,67709.0,68834.0,66605.0,51101822566.75771,1331771923948.0378,0.0,0.0,lower,-0.0859,41.0,41.0,0.5697205662727356,0.22551609421285188,9.246159862726927,1.6503011299055002,9.246159862726927,3.567136463101689,0.12477647924242577,0.17571832239627838,0.0,0.0,0.0,0.0,0.0,0.0,0.0,0.0,0.0,0.0,-0.010519144405477394,-0.0,0,0.0,-0.0,0.0
2024-03-19,67600.0,62133.0,68182.0,61593.0,80179417876.47993,1223867418062.399,1.0,1.0,upper,0.0876,41.0,41.0,0.5770664215087891,0.23854418335164465,9.78031151741743,1.752154495328196,9.78031151741743,3.561511201578643,0.13407396499346091,0.5341516546905041,0.0,0.0,0.0,0.0,0.0,0.0,0.0,0.0,0.0,0.0,-0.08594186175914183,-0.001,1,0.001,-0.0,1.0
2024-03-20,61866.0,67819.0,68034.0,60914.0,70836803714.91411,1332594162507.5205,1.0,1.0,time,0.0308,41.0,41.0,0.5870103240013123,0.25128986014098653,10.302884265780449,1.8536164280628313,10.302884265780449,3.5555970689852083,0.14372089450310424,0.522572748363018,0.0,0.0,0.0,0.0,0.0,0.0,0.0,0.0,0.0,0.0,0.08756514291365673,0.08756514291365673,0,0.0,0.08756514291365673,1.0
2024-03-21,67855.0,65536.0,68120.0,64760.0,48393664548.05336,1287348061971.4202,1.0,1.0,time,0.0671,41.0,41.0,0.5886695384979248,0.2555299302245059,10.47672713920474,1.864628724672123,10.47672713920474,3.564914054191987,0.13966186745050094,0.421233382076025,2.0,2.0,0.08435404300689697,0.05294504761695862,0.10589009523391724,0.08705978472942813,0.10589009523391724,0.5050541539864938,0.031408995389938354,0.07487560440039234,-0.034242781698792385,-0.034242781698792385,0,0.0,-0.034242781698792385,1.0
2024-03-22,65492.0,63509.0,66596.0,62450.0,42436600223.53738,1247366367469.2778,1.0,1.0,upper,0.0964,41.0,41.0,0.5995337963104248,0.26148895492277496,10.721047151833773,1.8911500822279024,10.721047151833773,3.576974832688134,0.1373097991013872,0.39129070192575455,2.0,2.0,0.08591079711914062,0.05392211675643921,0.10784423351287842,0.08866645754559208,0.10784423351287842,0.5050535111560086,0.031988680362701416,0.03169571035774563,-0.031417981837948514,-0.031417981837948514,0,0.0,-0.031417981837948514,1.0
2024-03-23,63659.0,64286.0,65937.0,63169.0,25489933245.687557,1264722355270.5166,1.0,1.0,upper,0.0952,41.0,41.0,0.611342191696167,0.27680270019464376,11.348910707980394,2.0009937544363052,11.348910707980394,3.576088811951169,0.14504556702487115,0.6278635561466217,3.0,3.0,0.17525559663772583,0.0950746734937032,0.2852240204811096,0.19720298785937593,0.2852240204811096,0.8614402590240912,0.0626403432325163,0.15837466364757613,0.012160250004580741,0.012160250004580741,0,0.0,0.012160250004580741,1.0
2024-03-24,64018.0,67311.0,67590.0,63873.0,28098318940.431744,1323456466317.511,1.0,1.0,time,0.038,41.0,41.0,0.6223546266555786,0.28671495670952446,11.755313225090504,2.070484651045107,11.755313225090504,3.5756280992681626,0.14950997746089545,0.40640251711010933,4.0,4.0,0.1097734272480011,0.061016447842121124,0.2440657913684845,0.1449864025835704,0.2440657913684845,1.1674081511051395,0.039144058632964975,0.2489448113612388,0.04598179240212991,0.04598179240212991,0,0.0,0.04598179240212991,1.0
2024-03-25,67232.0,69939.0,71007.0,66475.0,44820310272.647514,1371797489739.3416,1.0,0.0,time,-0.0034,41.0,41.0,0.6328542232513428,0.29120550813471396,11.939425833523273,2.0866342339373354,11.939425833523273,3.5833836423881933,0.14627203686810997,0.41521817445755005,3.0,3.0,0.15418583154678345,0.09632121523221333,0.28896364569664,0.19175381318055387,0.28896364569664,0.9048364930660757,0.05457775907776492,0.09736239593793576,0.03829976301757465,0.03829976301757465,0,0.0,0.03829976301757465,1.0
2024-03-26,69946.0,70082.0,71419.0,69567.0,36257324508.56845,1375728580463.2524,1.0,1.0,time,0.0165,41.0,41.0,0.6459909677505493,0.29713656408030814,12.182599127292633,2.129408392219011,12.182599127292633,3.5832623069160103,0.1493469078779793,0.2431732937693596,4.0,4.0,0.15738636255264282,0.07653217762708664,0.30612871050834656,0.19605247729763756,0.30612871050834656,1.0284134801347955,0.06125332032870734,0.061385622564416736,0.002042551470372645,0.002042551470372645,0,0.0,0.002042551470372645,1.0
2024-03-27,69979.0,69436.0,71528.0,68490.0,41441040887.822266,1360261687784.1018,1.0,1.0,time,0.005,41.0,41.0,0.6624127626419067,0.30370508906681365,12.451908651739359,2.1807640476226067,12.451908651739359,3.5804455968132034,0.15413201542002605,0.32802504673600197,4.0,4.0,0.16138732433319092,0.07847772538661957,0.31391090154647827,0.2010363597994787,0.31391090154647827,1.028413806110991,0.06281043789449879,0.08285823960851708,-0.009260520027394484,-0.009260520027394484,0,0.0,-0.009260520027394484,1.0
2024-03-28,69402.0,70710.0,71552.0,68991.0,30455289338.47621,1390869723348.0437,1.0,0.0,lower,-0.0775,41.0,41.0,0.6767298579216003,0.3044507157330106,12.482479345053434,2.199290985830229,12.482479345053434,3.5745530564086074,0.15900460720660992,0.2991706505417824,4.0,4.0,0.16487550735473633,0.08359488844871521,0.33437955379486084,0.21362479636402806,0.33437955379486084,1.0253724757429588,0.06648896924031816,0.07101445986694409,0.01818154060984668,0.01818154060984668,0,0.0,0.01818154060984668,1.0
2024-03-29,70744.0,69919.0,70908.0,69197.0,25785951735.485695,1374646886107.8396,1.0,0.0,time,-0.0558,41.0,41.0,0.6927027702331543,0.3063444984940494,12.560124438256025,2.2118888407069184,12.560124438256025,3.5766092945454777,0.1596281671445756,0.3465021848678589,4.0,4.0,0.1687670350074768,0.07644065469503403,0.3057626187801361,0.197999716193029,0.3057626187801361,1.0267103586262896,0.0629110341110729,0.11382213743563593,-0.011249576430641365,-0.011249576430641365,0,0.0,-0.011249576430641365,1.0
2024-03-30,69906.0,69702.0,70343.0,69622.0,16408802301.837431,1370247487960.0945,1.0,0.0,time,-0.0168,41.0,41.0,0.7068145275115967,0.31186802303645667,12.786588944494724,2.252873719998689,12.786588944494724,3.5762453658396116,0.1628789602039073,0.24098080024123192,5.0,5.0,0.17220520973205566,0.06752249598503113,0.33761247992515564,0.209591784014705,0.33761247992515564,1.1454532879543633,0.06501119689134176,0.16932545479334446,-0.003108417426115292,-0.003108417426115292,0,0.0,-0.003108417426115292,1.0
2024-03-31,69622.0,71247.0,71315.0,69622.0,19723005998.21497,1401370211582.3662,1.0,0.0,lower,-0.085,41.0,41.0,0.7190720438957214,0.31916326111773163,13.085693705826998,2.2925590278853005,13.085693705826998,3.585716272978155,0.1622520035727978,0.3673376552760601,5.0,5.0,0.17519152164459229,0.06869345307350158,0.34346726536750793,0.21322646458641,0.34346726536750793,1.1454533115509653,0.06613860101969611,0.07605867951783303,0.021923701239757808,0.021923701239757808,0,0.0,0.021923701239757808,1.0
2024-04-01,71344.0,69786.0,71344.0,68257.0,36040088988.53872,1373784286061.3486,1.0,0.0,time,-0.0113,41.0,41.0,0.736024796962738,0.32425432525029996,13.294427335262299,2.3343922244492394,13.294427335262299,3.5837281812662716,0.1666463681253713,0.2634132020175457,6.0,6.0,0.17932182550430298,0.05978235105673472,0.3586941063404083,0.21836989523220848,0.3586941063404083,1.2202412936274798,0.06613349398061177,0.10438864958483086,-0.020719296414193802,-0.020719296414193802,0,0.0,-0.020719296414193802,1.0
2024-04-02,69674.0,65440.0,69674.0,64693.0,45161133992.09071,1288360536576.547,1.0,1.0,time,0.0588,41.0,41.0,0.7553701400756836,0.3354069722316614,13.751685861498117,2.389975251598876,13.751685861498117,3.5972765867723253,0.16376443413345518,0.6250962056219578,5.0,5.0,0.27107834815979004,0.08550610542297363,0.42753052711486816,0.29845591669678956,0.42753052711486816,0.9285135293226262,0.1024885007093943,0.198481133430273,-0.06429972429046517,-0.06429972429046517,0,0.0,-0.06429972429046517,1.0
2024-04-03,65450.0,66124.0,66945.0,64673.0,35559952961.797325,1301670235623.7266,1.0,1.0,upper,0.0799,41.0,41.0,0.7783925533294678,0.34153204738366894,14.002813942730427,2.450236916380686,14.002813942730427,3.5879403399694514,0.17258799320936175,0.4964705742895603,7.0,7.0,0.19666260480880737,0.05612020833151681,0.3928414583206177,0.2364427120851303,0.3928414583206177,1.2891428977699246,0.06954835072088017,0.15390948084099862,0.010398074896274158,0.010398074896274158,0,0.0,0.010398074896274158,1.0
2024-04-04,65978.0,68542.0,69199.0,65135.0,37516850709.63811,1348455954443.3696,1.0,1.0,time,0.009,41.0,41.0,0.7941966652870178,0.3514741844520336,14.410441562533379,2.504818882531869,14.410441562533379,3.600027891305052,0.17173571858137382,0.4076276198029518,7.0,7.0,0.2006555199623108,0.06194614086832319,0.43362298607826233,0.24449795900536583,0.43362298607826233,1.4142349680379163,0.06857527811353693,0.12673379025090814,0.03591492887081997,0.03591492887081997,0,0.0,0.03591492887081997,1.0
2024-04-05,68456.0,67979.0,68679.0,66174.0,35132808695.80448,1337452583876.3916,0.0,1.0,time,0.0368,41.0,41.0,0.8130199313163757,0.3616725008298711,14.828572534024715,2.5668442863928265,14.828572534024715,3.6060643748686876,0.17289519442528495,0.45447198301553726,7.0,7.0,0.13272124528884888,0.05197329180581229,0.36381304264068604,0.18928807951296883,0.36381304264068604,1.5362707152955093,0.04916650372209461,0.16046370513272762,-0.008247862110696915,-0.009247862110696916,1,0.001,-0.008247862110696915,0.0
2024-04-06,67862.0,69001.0,69577.0,67509.0,19119438138.850826,1358548956714.7139,0.0,1.0,time,0.0159,41.0,41.0,0.8325968980789185,0.3679575142337055,15.086258083581924,2.598673722193513,15.086258083581924,3.6149864020262976,0.1712225118331183,0.4701424911618233,8.0,8.0,0.13591712713241577,0.03746826574206352,0.2997461259365082,0.15549112264200532,0.2997461259365082,1.6148651098405562,0.04022828873866003,0.16132181788314362,0.014922163294974915,0.0,0,0.0,0.0,0.0
2024-04-07,68896.0,69402.0,70231.0,68863.0,17935478429.01022,1367272232852.0764,0.0,0.0,time,-0.0315,41.0,41.0,0.857448160648346,0.3706742088969161,15.19764256477356,2.641788202849859,15.19764256477356,3.6043939604514716,0.18116632796499674,0.47367361187934875,8.0,8.0,0.1399739384651184,0.04757925868034363,0.380634069442749,0.17648209699349454,0.380634069442749,1.7676636611861072,0.04036651413401456,0.1730851775834865,0.00579468829545578,0.0,0,0.0,0.0,0.0
2024-04-08,69375.0,71624.0,72632.0,69118.0,33111949671.02105,1410324678268.6392,0.0,0.0,lower,-0.063,41.0,41.0,0.8795356750488281,0.382008494945561,15.662348292768002,2.721639294434035,15.662348292768002,3.6042632131873855,0.18637559444369795,0.464705727994442,8.0,8.0,0.1435796022415161,0.0507514625787735,0.406011700630188,0.18810877125443679,0.406011700630188,1.759642508074859,0.04298142359173445,0.14689935426510004,0.03151452779053547,0.0,0,0.0,0.0,0.0
2024-04-09,71629.0,69159.0,71743.0,68208.0,36488482038.859055,1361830648708.6648,1.0,0.0,lower,-0.0712,41.0,41.0,0.9151069521903992,0.38700036177547964,15.867014832794666,2.754699330996077,15.867014832794666,3.60723762424263,0.1879172056662445,0.5978741496801376,8.0,8.0,0.2233913540840149,0.06880108267068863,0.550408661365509,0.2812555084220004,0.550408661365509,1.6158015007422408,0.07179480239234462,0.37154660908291104,-0.03502201184628626,-0.001,1,0.001,-0.0,1.0
2024-04-10,69112.0,70528.0,70938.0,67569.0,38378062633.13138,1387722485989.3584,1.0,0.0,lower,-0.0908,41.0,41.0,0.9517084956169128,0.3968202764304673,16.26963133364916,2.844462798126132,16.26963133364916,3.5989477406175916,0.19968566803018384,0.7313238382339478,8.0,8.0,0.23232632875442505,0.07155291363596916,0.5724233090877533,0.2925048715333595,0.5724233090877533,1.6158014282530788,0.07466637820362612,0.22583483477848704,0.01960159260482598,0.01960159260482598,0,0.0,0.01960159260482598,1.0
2024-04-11,70602.0,70107.0,71221.0,69581.0,30118549149.510498,1379324055321.196,1.0,0.0,lower,-0.0848,41.0,41.0,1.002049207687378,0.4066646040939703,16.673248767852783,2.944707471226879,16.673248767852783,3.58751846439737,0.21475351622438757,0.7123658880591393,8.0,8.0,0.24461528658866882,0.0753377303481102,0.6027018427848816,0.30797698992205913,0.6027018427848816,1.6158016220463596,0.07861586783962224,0.28644601544908954,-0.005987147688615482,-0.005987147688615482,0,0.0,-0.005987147688615482,1.0
2024-04-12,70000.0,67252.0,71212.0,65771.0,43471949726.09197,1321648247460.1611,1.0,0.0,lower,-0.0922,41.0,41.0,1.0772556066513062,0.4272260945744631,17.516269877552986,3.123417218885621,17.516269877552986,3.576736387222343,0.2354200994347161,1.0090048760175705,8.0,8.0,0.26297426223754883,0.08774958178400993,0.7019966542720795,0.33844939508260097,0.7019966542720795,1.7040263785356793,0.08135422561676603,0.35816850661791266,-0.041575888585097386,-0.041575888585097386,0,0.0,-0.041575888585097386,1.0
2024-04-13,67197.0,64405.0,67936.0,61514.0,49214481480.20075,1270009515097.3306,1.0,0.0,time,-0.0147,41.0,41.0,1.1828416585922241,0.4521727747306591,18.539083763957024,3.2565329377139647,18.539083763957024,3.592670153778843,0.23280567778170635,1.5605912506580353,9.0,9.0,0.28874942660331726,0.1046930816438463,0.9422377347946167,0.4092592887792556,0.9422377347946167,1.8683174670460312,0.08746262271859433,0.5976246537228598,-0.04325548796863056,-0.04325548796863056,0,0.0,-0.04325548796863056,1.0
2024-04-14,63957.0,65753.0,65753.0,62138.0,40292911692.95434,1293286386553.3967,1.0,0.0,lower,-0.0697,41.0,41.0,1.3198702335357666,0.48749832699938517,19.987431406974792,3.541947510688244,19.987431406974792,3.585397328422487,0.2614011400387306,1.6391358524560928,9.0,9.0,0.3222001791000366,0.11650868919160631,1.0485782027244568,0.4506566911007825,1.0485782027244568,1.8842058887072595,0.09482321640211981,0.7184356327382097,0.02071402754535155,0.02071402754535155,0,0.0,0.02071402754535155,1.0
2024-04-15,65680.0,63431.0,66798.0,62629.0,42796604938.03423,1247928896840.997,-1.0,0.0,time,0.0228,41.0,41.0,1.508736252784729,0.5365174154682857,21.997214034199715,3.856469897582402,21.997214034199715,3.598210200747282,0.27365955571626155,2.526173308491707,10.0,10.0,0.3683052062988281,0.1242840051651001,1.242840051651001,0.5170372323326548,1.242840051651001,1.9707945618123208,0.10623669809412625,0.9059071089098797,-0.03595259646118077,-0.03695259646118077,1,0.001,-0.03595259646118077,1.0
2024-04-16,63409.0,63721.0,64329.0,61714.0,42157169474.39519,1253670904297.4917,-1.0,0.0,time,0.0189,41.0,41.0,1.6964242458343506,0.5834977008947512,23.9234057366848,4.230201358033634,23.9234057366848,3.5890274244177913,0.30981313347359063,2.103892222046852,10.0,10.0,0.4141225814819336,0.13974502086639404,1.3974502086639404,0.5813570326628928,1.3974502086639404,1.9707944798354875,0.11945262276614724,1.0510719124500132,0.004561477646243047,-0.004561477646243047,0,0.0,-0.004561477646243047,1.0
2024-04-17,63814.0,61329.0,64414.0,60062.0,41123362075.93534,1207185042484.4346,-1.0,0.0,upper,0.0861,41.0,41.0,1.419722080230713,0.6033144244333593,24.73589140176773,4.233745689319596,24.73589140176773,3.615011387506888,0.2705496878727023,2.038617104291916,11.0,11.0,0.4426434636116028,0.148506760597229,1.633574366569519,0.6369450001491268,1.633574366569519,2.094343860825504,0.12176807158807405,0.8800402383674094,-0.038261364307484544,0.038261364307484544,0,0.0,0.038261364307484544,1.0
2024-04-18,61272.0,63462.0,63989.0,60862.0,35901618166.42319,1249565911947.3347,-1.0,0.0,time,0.0454,41.0,41.0,1.2011638879776,0.5947473492564225,24.38464131951332,4.1187741225416445,24.38464131951332,3.626705723029148,0.2450285939097778,0.5900275409221649,10.0,10.0,0.44620031118392944,0.15056955814361572,1.5056955814361572,0.6263885412710481,1.5056955814361572,1.9707943640944103,0.12870535584816775,0.2297458483439354,0.03418848730299043,-0.03418848730299043,0,0.0,-0.03418848730299043,1.0
2024-04-19,63517.0,63989.0,65416.0,60022.0,52227787323.81757,1263308149913.607,-1.0,0.0,time,0.0045,41.0,41.0,1.0938163995742798,0.5942164863028178,24.362875938415527,4.0901043045759025,24.362875938415527,3.6330906725567425,0.23437153566629065,0.6716893017292023,10.0,10.0,0.4584067463874817,0.12779171466827394,1.2779171466827393,0.5687583604445972,1.2779171466827393,1.8891328550503235,0.12656178301408802,0.6037995536301682,0.008269892013500485,-0.008269892013500485,0,0.0,-0.008269892013500485,1.0
2024-04-20,63841.0,64894.0,65377.0,63230.0,16601830590.687477,1277940837359.7852,-1.0,1.0,time,-0.0063,41.0,41.0,1.1166613101959229,0.6217555527280016,25.49197766184807,4.269200889394469,25.49197766184807,3.6351723103695086,0.2407456695015792,1.129101723432541,11.0,11.0,0.46798086166381836,0.13089543039148505,1.4398497343063354,0.5928535560580087,1.4398497343063354,2.041017263908036,0.1217320411468392,0.4080757708120588,0.014043975925856917,-0.014043975925856917,0,0.0,-0.014043975925856917,1.0
2024-04-21,64976.0,64936.0,65674.0,64365.0,19592118541.18973,1279763566407.3762,-1.0,1.0,time,-0.0176,41.0,41.0,1.3461729288101196,0.6588405276217112,27.012461632490158,4.577118540843598,27.012461632490158,3.6237371535412835,0.27731771260147936,1.5204839706420898,12.0,12.0,0.480598509311676,0.1416643112897873,1.6999717354774475,0.648431214543005,1.6999717354774475,2.1602260456012043,0.12235117315715976,0.6846401073545122,0.0006469999455460945,-0.0006469999455460945,0,0.0,-0.0006469999455460945,1.0
2024-04-22,64919.0,66842.0,67208.0,64565.0,27748586313.20611,1317058642854.2856,-1.0,1.0,time,-0.051,41.0,41.0,1.6031943559646606,0.6778419475729872,27.791519850492477,4.725166401612369,27.791519850492477,3.621249447212327,0.2917123366478806,1.0538990497589111,10.0,10.0,0.5595322847366333,0.19246741533279418,1.924674153327942,0.8304717163726865,1.924674153327942,1.905185513551646,0.1786746238406934,1.0324342705261196,0.028929456022932388,-0.028929456022932388,0,0.0,-0.028929456022932388,1.0
2024-04-23,66840.0,66407.0,67166.0,65889.0,23232230785.201836,1306843409278.049,-1.0,1.0,time,-0.0522,41.0,41.0,1.1733856201171875,0.6774985626703356,27.777441069483757,4.657143066977297,27.777441069483757,3.6326048384698613,0.26456614955291696,0.8820049613714218,10.0,10.0,0.5588295459747314,0.18754035830497742,1.8754035830497742,0.7948021283416041,1.8754035830497742,1.9318718563320605,0.16733097838856698,0.10357703699250538,-0.006529152869147214,0.006529152869147214,0,0.0,0.006529152869147214,1.0
2024-04-24,66429.0,64280.0,67058.0,63571.0,30939903322.025898,1265541377860.928,-1.0,1.0,time,-0.0075,41.0,41.0,1.173270344734192,0.6796654361050304,27.866282880306244,4.671954436015857,27.866282880306244,3.632424426142763,0.2653763524367847,0.09371255338191986,10.0,10.0,0.5587747097015381,0.18752193450927734,1.8752193450927734,0.7947241200196491,1.8752193450927734,1.9318715805300886,0.16731457429643976,0.0017869368650389962,-0.03255393174334784,0.03255393174334784,0,0.0,0.03255393174334784,1.0
2024-04-25,64247.0,64486.0,65069.0,62924.0,24705345525.57077,1269387456067.624,-1.0,1.0,lower,-0.0597,41.0,41.0,1.1625711917877197,0.6842421474980145,28.053928047418594,4.688161636621019,28.053928047418594,3.6354709918736816,0.2605425651365183,0.4640630781650543,10.0,10.0,0.5536791086196899,0.17793066501617433,1.7793066501617432,0.7481917206680225,1.7793066501617432,1.948333108418601,0.15594795136365075,0.20791622088943165,0.003199605109163108,-0.003199605109163108,0,0.0,-0.003199605109163108,1.0
2024-04-26,64496.0,63802.0,64728.0,63353.0,23302057197.884678,1255539337969.4697,-1.0,1.0,lower,-0.0902,41.0,41.0,1.1439913511276245,0.6810331515422682,27.922359213232994,4.660333804196073,27.922359213232994,3.636293605772892,0.2567460011349021,0.4625231474637985,9.0,9.0,0.544830322265625,0.19401285383436415,1.7461156845092773,0.7502211322051026,1.7461156845092773,1.8631908888028674,0.15778426204103885,0.39626132137504966,-0.010663608156685551,0.010663608156685551,0,0.0,0.010663608156685551,1.0
2024-04-27,63752.0,63517.0,63787.0,62528.0,19190483386.063873,1249495302303.4912,-1.0,1.0,lower,-0.0857,41.0,41.0,1.1249037981033325,0.6629128503363307,27.17942686378956,4.555375450389265,27.17942686378956,3.6309060552523613,0.2582234880602753,0.7429323494434357,9.0,9.0,0.5357400178909302,0.19077577193578085,1.7169819474220276,0.7377038224379826,1.7169819474220276,1.8631909534965545,0.15515167246578535,0.2426863175949482,-0.004476951217387518,0.004476951217387518,0,0.0,0.004476951217387518,1.0
2024-04-28,63395.0,63030.0,64258.0,62837.0,16180294651.046635,1240724751365.882,-1.0,1.0,lower,-0.078,41.0,41.0,1.1036453247070312,0.6498721082036089,26.64475643634796,4.466388003024493,26.64475643634796,3.630798179324705,0.253412695107138,0.534670427441597,11.0,11.0,0.5256155729293823,0.17742426828904587,1.9516669511795044,0.757912053243002,1.9516669511795044,2.0712461701066625,0.14401944303527106,0.4342532668581499,-0.007696783079383259,0.007696783079383259,0,0.0,0.007696783079383259,1.0
2024-04-29,63133.0,63798.0,64110.0,61890.0,27242983698.21234,1257159131219.0603,-1.0,1.0,lower,-0.049,41.0,41.0,1.0938621759414673,0.6465487334786392,26.508498072624207,4.431823727606078,26.508498072624207,3.634525070367159,0.24703242096377165,0.45138832926750183,10.0,10.0,0.5209561586380005,0.20018152594566346,2.0018152594566345,0.7847673444806625,2.0018152594566345,2.012579024246137,0.1466742484773273,0.46241090510592114,0.012111038371985319,-0.012111038371985319,0,0.0,-0.012111038371985319,1.0
2024-04-30,63827.0,60749.0,64555.0,59131.0,39533113322.04938,1197773959985.8767,-1.0,0.0,upper,0.0523,41.0,41.0,1.0779842138290405,0.6383480662252845,26.172270715236664,4.377081138471332,26.172270715236664,3.634123787618973,0.2445414271335737,0.3455485701560974,11.0,11.0,0.5133942365646362,0.21266410567543723,2.3393051624298096,0.8558430317716903,2.3393051624298096,2.1313680701408537,0.14615715538173582,0.4690253502813455,-0.04897122071717829,0.04897122071717829,0,0.0,0.04897122071717829,1.0
2024-05-01,60570.0,58298.0,60693.0,56637.0,51109380171.692604,1151677489315.1536,-1.0,0.0,upper,0.075,41.0,41.0,1.0249100923538208,0.6110788976273885,25.05423480272293,4.189695623813522,25.05423480272293,3.633847353880548,0.23391864523108002,1.1573072671890259,9.0,9.0,0.532124400138855,0.2394873102506002,2.1553857922554016,0.8336822442054608,2.1553857922554016,2.014686669601738,0.14096435261119838,0.7670729715291742,-0.041182833729144164,0.041182833729144164,0,0.0,0.041182833729144164,1.0
2024-05-02,58306.0,59135.0,59633.0,56990.0,28255509745.49032,1164721402399.166,-1.0,0.0,upper,0.0608,41.0,41.0,1.0139858722686768,0.6024879507902192,24.702005982398987,4.129461329443286,24.702005982398987,3.6343500327315916,0.23004718002969518,0.3522288203239441,8.0,8.0,0.5264525413513184,0.260127492249012,2.081019937992096,0.8231935460206609,2.081019937992096,1.9480408743662603,0.13053597033959233,0.16870396475346636,0.014255178252398557,-0.014255178252398557,0,0.0,-0.014255178252398557,1.0
2024-05-03,59102.0,62839.0,63160.0,58842.0,33591665812.212433,1239817041554.716,-1.0,1.0,time,-0.0262,41.0,41.0,1.1125088930130005,0.6150121725187069,25.215499073266983,4.222302088799474,25.215499073266983,3.6336338293911674,0.23787658528428804,0.5134930908679962,9.0,9.0,0.5336095094680786,0.23977786302566528,2.1580007672309875,0.8358040104608372,2.1580007672309875,2.0119393553354046,0.14186360097252532,0.2009580678042098,0.06075293412678444,-0.06075293412678444,0,0.0,-0.06075293412678444,1.0
2024-05-04,62889.0,63820.0,64349.0,62660.0,20510614461.479218,1257549583083.3145,-1.0,1.0,time,-0.0106,41.0,41.0,1.1186625957489014,0.6193446164450994,25.393129274249077,4.2561468155052795,25.393129274249077,3.632574052094233,0.24132195903616313,0.21094579994678497,9.0,9.0,0.536561131477356,0.24110418558120728,2.1699376702308655,0.8404271967168488,2.1699376702308655,2.0119394381135542,0.1426482925233113,0.07672100288994153,0.01549072102023268,-0.01549072102023268,0,0.0,-0.01549072102023268,1.0
2024-05-05,63917.0,64010.0,64509.0,63005.0,18115695040.201984,1259667234461.2874,-1.0,1.0,time,-0.05,41.0,41.0,1.1146942377090454,0.610759164865424,25.041125759482384,4.185169537018665,25.041125759482384,3.6356765981771733,0.23277472609420455,0.3520035147666931,9.0,9.0,0.5573174953460693,0.22205289204915366,1.9984760284423828,0.8249384861098795,1.9984760284423828,1.9168497942632983,0.16219197269447302,0.47543499547594936,0.002972700303814642,-0.002972700303814642,0,0.0,-0.002972700303814642,1.0
2024-05-06,64028.0,63172.0,65489.0,62861.0,17917770174.27797,1244417948315.7583,-1.0,1.0,time,-0.0386,41.0,41.0,1.1122024059295654,0.6149106937937621,25.211338445544243,4.227864433648911,25.211338445544243,3.6316853885706917,0.24053375881387948,0.4480662941932678,9.0,9.0,0.5560716390609741,0.22155649132198757,1.9940084218978882,0.8230943162033321,1.9940084218978882,1.9168498296151737,0.16182938331741079,0.03328552613716267,-0.013178156146103905,0.013178156146103905,0,0.0,0.013178156146103905,1.0
2024-05-07,63159.0,62363.0,64413.0,62303.0,19925137720.849453,1229336706399.346,-1.0,1.0,time,-0.0138,41.0,41.0,1.1023260354995728,0.5909703740986382,24.229785338044167,4.057102720822841,24.229785338044167,3.63407662860772,0.22851574006493602,0.9815531075000763,10.0,10.0,0.34627407789230347,0.1879806101322174,1.879806101322174,0.6646983081422109,1.879806101322174,2.1690641535376267,0.09405144495982526,0.7044668621960839,-0.012889014213988168,0.012889014213988168,0,0.0,0.012889014213988168,1.0
2024-05-08,62333.0,61216.0,62947.0,60842.0,20303831135.373127,1203918522476.5405,-1.0,0.0,time,0.0268,41.0,41.0,1.0944607257843018,0.5874473754225708,24.0853423923254,4.035365361280021,24.0853423923254,3.6335157476121145,0.2282116275277311,0.1868368685245514,11.0,11.0,0.34380340576171875,0.16584823890165848,1.8243306279182434,0.6370482050485345,1.8243306279182434,2.2279635340888198,0.09689187682480366,0.3735294212936581,-0.01856355753597771,0.01856355753597771,0,0.0,0.01856355753597771,1.0
2024-05-09,61188.0,63149.0,63337.0,60687.0,25837724247.550426,1240910691253.6274,-1.0,1.0,time,-0.0253,41.0,41.0,1.0915148258209229,0.5899087070691876,24.186256989836693,4.060063473901974,24.186256989836693,3.631410403679206,0.2325065864472421,0.2119055986404419,10.0,10.0,0.34287798404693604,0.15409982204437256,1.5409982204437256,0.5654129804878641,1.5409982204437256,2.136081545938321,0.09067760857185025,0.2714401497955447,0.031088420100530468,-0.031088420100530468,0,0.0,-0.031088420100530468,1.0
2024-05-10,63065.0,60888.0,63458.0,60321.0,23987518755.480534,1199393711200.297,-1.0,0.0,upper,0.084,41.0,41.0,1.0689098834991455,0.5804263215239455,23.797479182481766,3.9670421585115547,23.797479182481766,3.639636717969145,0.21666767764490263,0.8030918687582016,10.0,10.0,0.33577704429626465,0.1509084701538086,1.509084701538086,0.5537034163897854,1.509084701538086,2.1360817087105155,0.08879966761204154,0.3487562157447869,-0.03646090239328238,0.03646090239328238,0,0.0,0.03646090239328238,1.0
2024-05-11,60790.0,60777.0,61427.0,60532.0,12120618802.065384,1197102943502.2341,-1.0,0.0,upper,0.0858,41.0,41.0,1.0513309240341187,0.5603588328855794,22.974712148308754,3.807677612317108,22.974712148308754,3.6456645968065855,0.19904196848982464,0.8227670341730118,9.0,9.0,0.33857929706573486,0.16700913508733115,1.5030822157859802,0.5618768062848727,1.5030822157859802,2.0679537986273866,0.0847722993392185,0.33280172185375045,-0.0018246830361661258,0.0018246830361661258,0,0.0,0.0018246830361661258,1.0
2024-05-12,60795.0,61507.0,61759.0,60698.0,13045696108.912676,1211277523448.5786,-1.0,0.0,upper,0.0738,41.0,41.0,1.0381852388381958,0.5532289067419563,22.682385176420212,3.755134311760444,22.682385176420212,3.646891136252119,0.19459041073243158,0.4139852374792099,9.0,9.0,0.33434581756591797,0.1649208731121487,1.4842878580093384,0.554851192344257,1.4842878580093384,2.067953754804467,0.08371233557924064,0.1668499332562064,0.01193956154462499,-0.01193956154462499,0,0.0,-0.01193956154462499,1.0
2024-05-13,61484.0,62879.0,63340.0,60777.0,27740460083.601814,1238994152713.125,-1.0,0.0,upper,0.0518,41.0,41.0,1.1644008159637451,0.5508508943929905,22.58488667011261,3.811958140771881,22.58488667011261,3.6255497342372953,0.22578426164129836,0.9445900619029999,9.0,9.0,0.33334410190582275,0.15957696570290458,1.4361926913261414,0.5450006139919147,1.4361926913261414,2.0500342775289147,0.08682191057628645,0.08208920891651887,0.0220612552130548,-0.0220612552130548,0,0.0,-0.0220612552130548,1.0
2024-05-14,62905.0,61569.0,63088.0,61109.0,21581895152.31416,1212998352772.157,-1.0,0.0,upper,0.0728,41.0,41.0,1.1706055402755737,0.5562786339986615,22.80742399394512,3.8452943602592904,22.80742399394512,3.626807783121514,0.22626371688168975,0.2225373238325119,8.0,8.0,0.33512037992477417,0.1744348406791687,1.3954787254333496,0.5457657788131945,1.3954787254333496,1.9693019926990667,0.08249255737749697,0.09894329333396917,-0.021053747571523763,0.021053747571523763,0,0.0,0.021053747571523763,1.0
2024-05-15,61540.0,66221.0,66413.0,61377.0,38101793065.15294,1307048849176.4167,-1.0,0.0,upper,0.0757,41.0,41.0,1.1932395696640015,0.5751228804995374,23.580038100481033,3.9679322299360233,23.580038100481033,3.628120996886968,0.23074993046150535,0.7726141065359116,8.0,8.0,0.3416000008583069,0.15460964292287827,1.2368771433830261,0.5169942233442495,1.2368771433830261,1.8451328684942951,0.09749993172651739,0.4704234815570716,0.07283913606789016,-0.07283913606789016,0,0.0,-0.07283913606789016,1.0
2024-05-16,66229.0,65261.0,66568.0,64596.0,29114585833.349678,1286278919684.0837,-1.0,0.0,upper,0.0903,41.0,41.0,1.2126144170761108,0.5912997955229224,24.24329161643982,4.082464004134179,24.24329161643982,3.6267862461980194,0.23846352533115345,0.663253515958786,8.0,8.0,0.3471466898918152,0.15678849816322327,1.2543079853057861,0.525380291502062,1.2543079853057861,1.8347711858375286,0.09960132118134725,0.18900742636925916,-0.014603018813100575,0.014603018813100575,0,0.0,0.014603018813100575,1.0
2024-05-17,65216.0,67053.0,67422.0,65157.0,25397793918.993534,1319238394090.13,-1.0,0.0,upper,0.0632,41.0,41.0,1.3229037523269653,0.608733462851222,24.9580719769001,4.25410315726699,24.9580719769001,3.6159391401664647,0.2661642667226634,1.0131573975086212,8.0,8.0,0.35614532232284546,0.1872943937778473,1.4983551502227783,0.6049121262333992,1.4983551502227783,1.8752030235546226,0.10325040008355976,0.42532770805734554,0.02708873708619805,-0.02708873708619805,0,0.0,-0.02708873708619805,1.0
2024-05-18,67059.0,66913.0,67377.0,66693.0,13025487675.845129,1319928522881.6436,-1.0,0.0,upper,0.0653,41.0,41.0,1.3492153882980347,0.6274514605359334,25.725509881973267,4.363232531985951,25.725509881973267,3.6220415799315693,0.2657841311723568,0.7674379050731659,8.0,8.0,0.36322879791259766,0.18540670722723007,1.4832536578178406,0.6013634578737537,1.4832536578178406,1.8724753826655052,0.10406298080196881,0.34672467800328877,-0.0020900833191291155,0.0020900833191291155,0,0.0,0.0020900833191291155,1.0
2024-05-19,66940.0,66253.0,67698.0,66000.0,9072734600.009218,1304727108597.6987,-1.0,0.0,upper,0.0752,41.0,41.0,1.3777621984481812,0.6437043096961045,26.391876697540283,4.473633077394859,26.391876697540283,3.6223353883478264,0.27161792300441484,0.6663668155670166,7.0,7.0,0.3709140419960022,0.18881893157958984,1.321732521057129,0.5830018534369265,1.321732521057129,1.7087662926514775,0.11359265484986672,0.3383817825857144,-0.009912521276984262,0.009912521276984262,0,0.0,0.009912521276984262,1.0
2024-05-20,66273.0,71430.0,71619.0,66118.0,35923476641.4359,1406288649446.611,0.0,0.0,time,-0.0307,41.0,41.0,1.677964687347412,0.6603053219434691,27.072518199682236,4.675543580302792,27.072518199682236,3.6060997779475477,0.3117448896699711,0.7845130264759064,8.0,8.0,0.37063634395599365,0.2111492156982422,1.6891937255859375,0.6896603627152292,1.6891937255859375,1.8600032935797275,0.12194234579332924,0.2863056024585568,0.07523720230692657,-0.07623720230692657,1,0.001,-0.07523720230692657,0.0
2024-05-21,71464.0,70190.0,71650.0,69212.0,41105056578.01701,1382275470797.567,0.0,0.0,time,-0.0242,41.0,41.0,1.385864019393921,0.630967510182683,25.869667917490005,4.360290625334664,25.869667917490005,3.6278945736428017,0.25610660805323426,1.2028502821922302,8.0,8.0,0.6754481792449951,0.2485666424036026,1.9885331392288208,0.8897687186343887,1.9885331392288208,1.769164436414892,0.19280993456441706,0.3551348247141344,-0.017512098424550978,-0.0,0,0.0,-0.0,0.0
2024-05-22,70139.0,69181.0,70585.0,69030.0,31059440495.91766,1362228629448.754,0.0,1.0,time,0.0027,41.0,41.0,1.2540876865386963,0.6223135605091001,25.514855980873108,4.2653206661376215,25.514855980873108,3.6363147915422886,0.2376059205987435,0.7628476917743683,8.0,8.0,0.7627161741256714,0.25664229691028595,2.0531383752822876,0.9516903936346438,2.0531383752822876,1.7337231391920684,0.21759838488295483,0.2535751671091776,-0.01447959229296992,-0.0,0,0.0,-0.0,0.0
2024-05-23,69125.0,67906.0,70029.0,66725.0,39235702119.25446,1336347300306.381,0.0,1.0,time,0.006,41.0,41.0,1.128163456916809,0.6105916994373973,25.03425967693329,4.156484152291864,25.03425967693329,3.642363094858484,0.22034614387576062,0.48059630393981934,8.0,8.0,0.35964518785476685,0.1909797117114067,1.5278376936912537,0.6153328300505414,1.5278376936912537,1.8773777226209647,0.1041924238218837,0.6957522600184655,-0.01860186254568336,-0.0,0,0.0,-0.0,0.0
2024-05-24,67938.0,68540.0,69180.0,66666.0,28127411967.182774,1350764328536.3708,1.0,0.0,time,-0.0141,41.0,41.0,1.4767171144485474,0.6321151383766314,25.916720673441887,4.370809786355334,25.916720673441887,3.6284865575918244,0.2576453751951928,0.8824609965085983,9.0,9.0,0.3596500754356384,0.176507830619812,1.588570475578308,0.6183289753528755,1.588570475578308,1.9678666955775916,0.10642451332591808,0.04310647053440394,0.009293120542785931,-0.001,1,0.001,0.0,1.0
2024-05-25,68517.0,69268.0,69572.0,68514.0,15929396750.116022,1363997851294.8164,0.0,0.0,time,-0.013,41.0,41.0,1.2426306009292603,0.6252994032167807,25.637275531888008,4.289554375871405,25.637275531888008,3.6344581728034955,0.2403911270918339,0.5491419732570648,9.0,9.0,0.6041121482849121,0.21562978956434461,1.9406681060791016,0.836380873632927,1.9406681060791016,1.831674848603938,0.17671920930954163,0.4245855499654547,0.010565522643441657,0.009565522643441658,1,0.001,0.010565522643441657,0.0
2024-05-26,69305.0,68509.0,69441.0,68309.0,11243743771.147913,1349351520129.172,0.0,0.0,time,-0.0152,41.0,41.0,1.1221708059310913,0.6117191634527067,25.080485701560974,4.180867788551844,25.080485701560974,3.637721496753755,0.2283259187985851,0.6344485729932785,8.0,8.0,0.3577348589897156,0.19755567610263824,1.580445408821106,0.6340197853850988,1.580445408821106,1.8794662774609763,0.10592162608315797,0.5205346172858168,-0.011017915590908704,-0.0,0,0.0,-0.0,0.0
2024-05-27,68506.0,69367.0,70602.0,68256.0,18983806932.464344,1366931305389.0393,0.0,0.0,time,-0.0243,41.0,41.0,0.9622195959091187,0.5906312443861147,24.215881019830704,4.007785756299193,24.215881019830704,3.645460420608977,0.20716970348626063,0.8671661913394928,7.0,7.0,0.39970076084136963,0.21361723967960902,1.4953206777572632,0.6662457657141244,1.4953206777572632,1.691166073301571,0.1333401368753991,0.35304948422854554,0.012446126602965369,0.0,0,0.0,0.0,0.0
2024-05-28,69401.0,68317.0,69466.0,67201.0,31278122196.184998,1347542673428.3018,0.0,0.0,time,-0.0085,41.0,41.0,1.4585773944854736,0.6309684235148314,25.869705364108086,4.347631377279612,25.869705364108086,3.6319433400532373,0.2508002500446961,1.653824344277382,8.0,8.0,0.41280853748321533,0.21454760432243347,1.7163808345794678,0.7092714119877213,1.7163808345794678,1.8472460223826928,0.12981743897638137,0.4203848741223453,-0.015252612592788917,-0.0,0,0.0,-0.0,0.0
2024-05-29,68302.0,67577.0,68831.0,67123.0,24320692137.62038,1331734029835.3335,0.0,1.0,time,0.0181,41.0,41.0,1.1007107496261597,0.6232791786513677,25.554446324706078,4.2527047417769435,25.554446324706078,3.640094718797391,0.22941831558599024,0.7345618605613708,7.0,7.0,0.41739583015441895,0.2059745533125741,1.4418218731880188,0.6394729307709625,1.4418218731880188,1.7011139919690998,0.12646118145366816,0.3937060398901263,-0.010890949040277735,-0.0,0,0.0,-0.0,0.0
2024-05-30,67567.0,68372.0,69467.0,67121.0,25344376897.716885,1346147846430.124,0.0,1.0,time,0.0321,41.0,41.0,1.0258190631866455,0.6205068924805013,25.440782591700554,4.219408362711757,25.440782591700554,3.643941073889832,0.22181215866923656,0.5793223977088928,6.0,6.0,0.4261195659637451,0.20211103558540344,1.2126662135124207,0.5991378922141546,1.2126662135124207,1.4997982997714312,0.137763680297333,0.3439301906148932,0.011695695625127171,0.0,0,0.0,0.0,0.0
2024-05-31,68363.0,67475.0,69009.0,66722.0,19685305476.459476,1331606411822.8157,0.0,1.0,upper,0.0535,41.0,41.0,1.049472451210022,0.617097704512317,25.301005885004997,4.190812019148156,25.301005885004997,3.646153582439797,0.21806872525720714,0.6892464756965637,6.0,6.0,0.43594515323638916,0.2067713439464569,1.2406280636787415,0.6129529121875318,1.2406280636787415,1.4997986010855386,0.14094025950417913,0.185032627553663,-0.013206225189953243,-0.0,0,0.0,-0.0,0.0
2024-06-01,67481.0,67704.0,67817.0,67409.0,10724053324.55672,1333649555935.3525,0.0,1.0,upper,0.0501,41.0,41.0,1.0466740131378174,0.5985670623982825,24.541249558329582,4.086192952510643,24.541249558329582,3.6410521703162897,0.22127067572871675,0.759756326675415,5.0,5.0,0.4347827434539795,0.20440782308578492,1.0220391154289246,0.5721576928813074,1.0220391154289246,1.2562099945781955,0.153916623423146,0.17119924204741982,0.0033881034637365456,0.0,0,0.0,0.0,0.0
2024-06-02,67729.0,67740.0,68353.0,67374.0,16137350587.750422,1335930570689.7126,0.0,1.0,upper,0.0496,41.0,41.0,1.0376317501068115,0.5904992506271456,24.210469275712967,4.038976910895086,24.210469275712967,3.6388267147781788,0.22180361133788226,0.3307802826166153,5.0,5.0,0.4310266971588135,0.22265864610671998,1.1132932305335999,0.6271687209855729,1.1132932305335999,1.2414642245492296,0.17056156727251978,0.26909102198099366,0.000531585021820729,0.0,0,0.0,0.0,0.0
2024-06-03,67750.0,68808.0,70188.0,67566.0,29862293749.910686,1355484820107.0864,0.0,1.0,time,0.0073,41.0,41.0,1.1744686365127563,0.5730155284811811,23.493636667728424,3.9561170705853166,23.493636667728424,3.6299814534483947,0.2310444812560144,1.017316073179245,5.0,5.0,0.401544451713562,0.19842908382415772,0.9921454191207886,0.5512324283676423,0.9921454191207886,1.2632389748976411,0.14627828516059027,0.1647521429315681,0.01564316985955274,0.0,0,0.0,0.0,0.0
2024-06-04,68810.0,70600.0,71018.0,68544.0,31561053725.144592,1390853496950.4385,1.0,0.0,time,-0.0135,41.0,41.0,1.1408061981201172,0.5669767812984746,23.246048033237457,3.9139943808914204,23.246048033237457,3.6293146153018756,0.2284295548055378,0.6041383147239685,5.0,5.0,0.17443668842315674,0.11930845975875855,0.5965422987937927,0.2845892999717296,0.5965422987937927,1.542045666049431,0.044313715277242434,0.5223773693735327,0.025710127250018054,-0.001,1,0.001,0.0,1.0
2024-06-05,70542.0,71185.0,71741.0,70409.0,32560403314.989147,1400297735227.1965,1.0,0.0,time,-0.0241,41.0,41.0,1.1040598154067993,0.5550296517407022,22.75621572136879,3.840765308205048,22.75621572136879,3.6262339110362447,0.2274516118974033,0.7417419254779816,4.0,4.0,0.16671788692474365,0.11985975503921509,0.47943902015686035,0.2540254220817628,0.47943902015686035,1.3230472626285026,0.04202223087716537,0.26441405835151643,0.008251977566512705,0.008251977566512705,0,0.0,0.008251977566512705,1.0
2024-06-06,71054.0,70760.0,71595.0,70066.0,23612879689.560955,1394881646977.521,1.0,0.0,lower,-0.0497,41.0,41.0,1.1255557537078857,0.5419319682731861,22.21921069920063,3.791407792503302,22.21921069920063,3.6159326340215983,0.238566473906547,0.9246607571840286,6.0,6.0,0.27148473262786865,0.12380805611610413,0.7428483366966248,0.35369074430820957,0.7428483366966248,1.6326603781161324,0.07430403090659006,0.5695767385567088,-0.005988252774124593,-0.005988252774124593,0,0.0,-0.005988252774124593,1.0
2024-06-07,70774.0,69325.0,71931.0,68856.0,18597495569.911568,1366366925856.506,1.0,0.0,time,-0.016,41.0,41.0,1.2627016305923462,0.5402170721350646,22.14889995753765,3.8023552980760353,22.14889995753765,3.610622110047089,0.2465712150001891,0.3446024954319,7.0,7.0,0.2545408010482788,0.1141737529209682,0.7992162704467773,0.35186461737420993,0.7992162704467773,1.7789345001969927,0.06820053201247364,0.1822040642873224,-0.02048827778974284,-0.02048827778974284,0,0.0,-0.02048827778974284,1.0
2024-06-08,69339.0,69315.0,69544.0,69206.0,10688301508.476225,1366065699664.3162,1.0,0.0,lower,-0.0385,41.0,41.0,1.2506669759750366,0.5236000106102083,21.46760043501854,3.7143346833774817,21.46760043501854,3.6015451727713237,0.24967521950303698,0.6812995225191116,6.0,6.0,0.1617451310157776,0.08991406361262004,0.5394843816757202,0.24062025096371456,0.5394843816757202,1.6921345130236842,0.03956191805645778,0.23095885870809793,-0.00014425851150236686,-0.00014425851150236686,0,0.0,-0.00014425851150236686,1.0
2024-06-09,69305.0,69654.0,69829.0,69158.0,10461044041.080194,1372556186704.501,1.0,0.0,lower,-0.0433,41.0,41.0,1.2348048686981201,0.5207170175343026,21.349397718906403,3.6795560044508546,21.349397718906403,3.606559293190021,0.2430566371589519,0.36023572087287903,6.0,6.0,0.12658369541168213,0.08325534065564473,0.4995320439338684,0.21670283971469267,0.4995320439338684,1.7191514547501485,0.029920478645589534,0.12160189470825362,0.004878795593614256,0.004878795593614256,0,0.0,0.004878795593614256,1.0
2024-06-10,69649.0,69493.0,70127.0,69240.0,19335866773.67523,1369378888543.5317,1.0,0.0,lower,-0.041,41.0,41.0,1.2216236591339111,0.5068524056454984,20.780948631465435,3.6194115550638073,20.780948631465435,3.590263985421483,0.2502323895256131,0.5684490874409676,6.0,6.0,0.12523245811462402,0.08236661553382874,0.4941996932029724,0.2143895934579044,0.4941996932029724,1.719151524445967,0.02960107446265022,0.09490998728400632,-0.002314100510209583,-0.002314100510209583,0,0.0,-0.002314100510209583,1.0
2024-06-11,69520.0,67329.0,69543.0,66208.0,38513044382.60802,1327665028180.2761,0.0,0.0,time,-0.0106,41.0,41.0,1.2204220294952393,0.4934006653180936,20.22942727804184,3.544012702847531,20.22942727804184,3.5851762952185156,0.25079450143517446,0.5515213534235954,5.0,5.0,0.10108578205108643,0.07372082471847534,0.3686041235923767,0.17383948032554986,0.3686041235923767,1.544486836840884,0.024683455730494526,0.0958333765271271,-0.03163497784725697,-0.03263497784725697,1,0.001,-0.03163497784725697,0.0
2024-06-12,67289.0,68225.0,69945.0,66910.0,36027809551.45211,1345244310606.6865,1.0,0.0,time,-0.0262,41.0,41.0,1.2151901721954346,0.4767579494453058,19.547075927257538,3.4537524056141664,19.547075927257538,3.577205566347395,0.25226688551160037,0.6823513507843018,5.0,5.0,0.10065245628356934,0.0734048068523407,0.3670240342617035,0.17309428498774518,0.3670240342617035,1.5444868792871052,0.024577644924896815,0.03169902259431546,0.013220016367914825,-0.001,1,0.001,0.0,1.0
2024-06-13,68250.0,66700.0,68507.0,66426.0,29654777884.381138,1317161415434.6978,0.0,0.0,time,-0.0241,41.0,41.0,1.2175848484039307,0.4712763604957883,19.32233078032732,3.419659298632236,19.32233078032732,3.5768283312776634,0.2512365512611528,0.2752465680241585,5.0,5.0,0.10085076093673706,0.07354947924613953,0.36774739623069763,0.17343541194666168,0.36774739623069763,1.544486996473952,0.024626053805742773,0.014508833441817887,-0.02260611367282414,-0.02360611367282414,1,0.001,-0.02260611367282414,0.0
2024-06-14,66746.0,66011.0,67265.0,65019.0,27966992832.749634,1301949410096.3496,0.0,0.0,time,-0.0169,41.0,41.0,1.2199926376342773,0.472347612969759,19.36625213176012,3.4268188322189332,19.36625213176012,3.577070415763924,0.2516038476499648,0.04392135143280029,5.0,5.0,0.10105025768280029,0.07369493246078491,0.36847466230392456,0.17377841263820634,0.36847466230392456,1.5444869360237155,0.02467476989581246,0.01458823967677977,-0.010383558115831696,-0.0,0,0.0,-0.0,0.0
2024-06-15,66012.0,66190.0,66438.0,65931.0,13472726244.723091,1304370314917.9756,0.0,0.0,time,-0.0205,41.0,41.0,1.2252585887908936,0.4774143059806126,19.573986545205116,3.4858009162734147,19.573986545205116,3.5709148139281197,0.261604189295707,0.3708493188023567,6.0,6.0,0.10148638486862183,0.06566693385442098,0.3940016031265259,0.17616231636684504,0.3940016031265259,1.679687953188834,0.029326565024129583,0.04883156226778568,0.002707999325085059,0.0,0,0.0,0.0,0.0
2024-06-16,66188.0,66616.0,66993.0,65989.0,12650130203.722813,1313849391756.9756,1.0,0.0,lower,-0.0389,41.0,41.0,1.2320911884307861,0.47611295141097976,19.52063100785017,3.488238306273245,19.52063100785017,3.5675413948945818,0.2647493632411241,0.235578753054142,6.0,6.0,0.10205233097076416,0.06603307525316875,0.39619845151901245,0.17714457783826804,0.39619845151901245,1.6796877314785328,0.029490109339557462,0.050800762937289745,0.006415394802686814,-0.001,1,0.001,0.0,1.0
2024-06-17,66642.0,66460.0,67179.0,65086.0,29409728999.276093,1309329377372.7744,1.0,0.0,lower,-0.0366,41.0,41.0,1.2426989078521729,0.4720467901447924,19.35391839593649,3.5012746427999257,19.35391839593649,3.55679953906971,0.27598908907328984,0.6221825778484344,5.0,5.0,0.1029309630393982,0.07506649494171143,0.37533247470855713,0.1770126653397447,0.37533247470855713,1.5444869502200143,0.025134002373320957,0.0812909023248524,-0.0023445260070699514,-0.0023445260070699514,0,0.0,-0.0023445260070699514,1.0
2024-06-18,66469.0,65109.0,66529.0,64149.0,41386972050.31837,1282295865979.065,1.0,0.0,time,-0.0294,41.0,41.0,1.2478152513504028,0.48441211406777546,19.860896676778793,3.5687116946722623,19.860896676778793,3.5636143740884063,0.2756298425031383,0.5069782808423042,5.0,5.0,0.10335469245910645,0.07537558078765869,0.37687790393829346,0.17774151462120055,0.37687790393829346,1.5444869109770056,0.02523749244459179,0.031000178054195898,-0.02053747441948969,-0.02053747441948969,0,0.0,-0.02053747441948969,1.0
2024-06-19,65159.0,64907.0,65633.0,64705.0,21680698980.889107,1278699763341.0723,1.0,0.0,lower,-0.0726,41.0,41.0,1.2809909582138062,0.5094019637965574,20.885480515658855,3.781485988441444,20.885480515658855,3.5543874375048246,0.29879969190843503,1.024583838880062,7.0,7.0,0.24875545501708984,0.13213700907570974,0.9249590635299683,0.40211058272782035,0.9249590635299683,1.778983917246989,0.07509194037919484,0.5972805040141838,-0.0031073123697448386,-0.0031073123697448386,0,0.0,-0.0031073123697448386,1.0
2024-06-20,64962.0,64845.0,66437.0,64545.0,26001551474.84426,1279317116821.3782,0.0,1.0,lower,-0.0716,41.0,41.0,1.3643367290496826,0.5241392222119541,21.489708110690117,3.916801672684535,21.489708110690117,3.55101637884736,0.3153680176356619,1.1312019750475883,5.0,5.0,0.26494038105010986,0.12830305099487305,0.6415152549743652,0.3376627126834118,0.6415152549743652,1.417340735422961,0.07963384087654612,0.6328282398097519,-0.0009556693495088348,-0.001955669349508835,1,0.001,-0.0009556693495088348,0.0
2024-06-21,64809.0,64072.0,65000.0,63358.0,24694310198.90943,1263258746635.2896,0.0,1.0,lower,-0.0596,41.0,41.0,1.4405927658081055,0.5306033730143453,21.75473829358816,3.940882133616174,21.75473829358816,3.5604359524028077,0.3118557543915856,1.0147655382752419,5.0,5.0,0.4548553228378296,0.17049556970596313,0.8524778485298157,0.5057189704248252,0.8524778485298157,1.2784216269196067,0.1485987756347545,0.4323535128906281,-0.011992355766323664,0.0,0,0.0,0.0,0.0
2024-06-22,64121.0,64240.0,64484.0,63912.0,6340606686.24879,1266336092890.8738,-1.0,1.0,lower,-0.0622,41.0,41.0,1.401785135269165,0.5257182348428703,21.554447628557682,3.853683498275614,21.554447628557682,3.5724694821687337,0.29297924444022366,0.5380588918924332,4.0,4.0,0.2415090799331665,0.1410670429468155,0.564268171787262,0.3193101119315056,0.564268171787262,1.226708356526879,0.07476514087239437,0.38730901374637033,0.002618618617125161,-0.001,1,0.001,-0.0,0.0
2024-06-23,64260.0,63221.0,64496.0,63221.0,10748270931.518738,1248188877658.2324,-1.0,1.0,lower,-0.0463,41.0,41.0,1.3956186771392822,0.5267786376359986,21.597924143075943,3.8479710936484355,21.597924143075943,3.576243036916866,0.2892191540438204,0.38598937541246414,4.0,4.0,0.24044668674468994,0.1404464691877365,0.561785876750946,0.31790543750841105,0.561785876750946,1.2267082975383268,0.07443625522587588,0.02576404453422921,-0.015989545196950457,0.015989545196950457,0,0.0,0.015989545196950457,0.0
2024-06-24,63161.0,60363.0,63284.0,59086.0,42036553106.89028,1188964670369.4045,0.0,0.0,time,0.0083,41.0,41.0,1.4128234386444092,0.5216885548902721,21.389230750501156,3.885577332312912,21.389230750501156,3.558148428535855,0.30996436950785183,0.9404785707592964,5.0,5.0,0.18188083171844482,0.11689640283584594,0.5844820141792297,0.2861624171586961,0.5844820141792297,1.4960074578180749,0.05208662786993556,0.3644572655964632,-0.046260189987736115,0.045260189987736114,1,0.001,0.046260189987736115,0.0
2024-06-25,60256.0,61770.0,62245.0,60256.0,21105562261.648533,1217935012739.8113,-1.0,0.0,time,0.0155,41.0,41.0,1.3795076608657837,0.48460016072523304,19.868606589734554,3.530855451716263,19.868606589734554,3.583317948832027,0.2631242993915783,1.5206241607666016,4.0,4.0,0.15820443630218506,0.09941062331199646,0.39764249324798584,0.21820489310622235,0.39764249324798584,1.2716928217383636,0.04495410789454982,0.19898374755437356,0.023041475253988204,-0.001,1,0.001,-0.0,1.0
2024-06-26,61817.0,60750.0,62378.0,60694.0,22908540918.971207,1198205485427.564,-1.0,0.0,time,0.0335,41.0,41.0,1.356379747390747,0.4782855726960229,19.609708480536938,3.4888827426873124,19.609708480536938,3.5818276738104866,0.2610140703246772,0.3504358232021332,4.0,4.0,0.15555214881896973,0.09774395823478699,0.39097583293914795,0.21454661580532444,0.39097583293914795,1.2716926617651667,0.04420046625292078,0.09461621045396292,-0.016650727487149974,0.016650727487149974,0,0.0,0.016650727487149974,1.0
2024-06-27,60820.0,61563.0,62315.0,60606.0,18855138893.067604,1213931985719.8025,-1.0,0.0,time,0.0078,41.0,41.0,1.3614119291305542,0.4771475348530746,19.56304892897606,3.4850843253395327,19.56304892897606,3.5811495139637617,0.26185791083102256,0.15631834417581558,4.0,4.0,0.15612924098968506,0.09810659289360046,0.39242637157440186,0.21534259141133513,0.39242637157440186,1.2716926649285758,0.04436444916536944,0.020586792528684728,0.013293958506079078,-0.013293958506079078,0,0.0,-0.013293958506079078,1.0
2024-06-28,61554.0,60317.0,62066.0,60041.0,24399416695.150173,1189569860170.9426,0.0,0.0,upper,0.0393,41.0,41.0,1.4910162687301636,0.4722102315324109,19.360619492828846,3.5010074178326533,19.360619492828846,3.568474057312189,0.2756265733940888,0.7292359098792076,3.0,3.0,0.1519162654876709,0.09792929887771606,0.2937878966331482,0.19013391114323006,0.2937878966331482,0.9509928454399024,0.04959993760271135,0.15540238946294774,-0.020447053011860523,0.019447053011860522,1,0.001,0.020447053011860523,0.0
2024-06-29,60324.0,60864.0,61149.0,60316.0,11435110883.886795,1199792912680.844,-1.0,1.0,lower,-0.0623,41.0,41.0,1.1342111825942993,0.43875867491815146,17.98910567164421,3.1097916430561514,17.98910567164421,3.609947966460506,0.20824047401681509,1.3715138211846352,3.0,3.0,0.15187585353851318,0.09790329138437907,0.2937098741531372,0.1900833955460603,0.2937098741531372,0.9509929819563643,0.04958673838381965,0.0008751550364327414,0.009027879208048713,-0.001,1,0.001,-0.0,1.0
2024-06-30,60890.0,62734.0,62884.0,60645.0,17373592048.120487,1236676710888.4822,-1.0,1.0,lower,-0.0925,41.0,41.0,1.1555078029632568,0.4393175638666967,18.012020118534565,3.0827723921053902,18.012020118534565,3.6193759463930673,0.1969578896886372,0.5312652960419655,3.0,3.0,0.15472757816314697,0.0997415582338969,0.2992246747016907,0.19365248607748595,0.2992246747016907,0.9509928638081684,0.05051781879434013,0.06187708792191981,0.030261698496339483,-0.030261698496339483,0,0.0,-0.030261698496339483,1.0
2024-07-01,62671.0,62820.0,63791.0,62503.0,25573074910.689686,1238799172479.871,-1.0,1.0,lower,-0.0419,41.0,41.0,1.1692537069320679,0.43442625407038665,17.811476416885853,3.033890928106416,17.811476416885853,3.6253085095907345,0.18913933336110805,0.41907578706741333,3.0,3.0,0.15656828880310059,0.10092812776565552,0.30278438329696655,0.1959562542804014,0.30278438329696655,0.9509929380789711,0.05111879194178946,0.03993860550759931,0.0013699286912359347,-0.0013699286912359347,0,0.0,-0.0013699286912359347,1.0
2024-07-02,62869.0,62043.0,63183.0,61778.0,18100530101.689426,1222901857941.0586,-1.0,1.0,lower,-0.0815,41.0,41.0,1.5556938648223877,0.45330479741096497,18.585496693849564,3.308450261460331,18.585496693849564,3.5905248712651963,0.24796480469031248,0.9359195604920387,3.0,3.0,0.15546894073486328,0.10021946827570598,0.3006584048271179,0.19458035030468107,0.3006584048271179,0.9509930350484619,0.05075985047356718,0.023853659152848455,-0.01244580107185145,0.01244580107185145,0,0.0,0.01244580107185145,1.0
2024-07-03,62059.0,60245.0,62203.0,59427.0,30348692427.02443,1186937170314.9272,-1.0,1.0,lower,-0.0521,41.0,41.0,0.8155065178871155,0.4222650896848702,17.312868677079678,2.9059352764158715,17.312868677079678,3.6353586509871376,0.16629680973787217,1.272628016769886,3.0,3.0,0.15313470363616943,0.09871476888656616,0.2961443066596985,0.19165890913317066,0.2961443066596985,0.9509930473358408,0.04999773548582795,0.0506457414601532,-0.029408111663409283,0.029408111663409283,0,0.0,0.029408111663409283,1.0
2024-07-04,60156.0,57189.0,60407.0,56811.0,43112005394.93119,1130121668991.0515,-1.0,0.0,time,0.0139,41.0,41.0,1.1013171672821045,0.4013381324163297,16.45486342906952,2.8293066328937946,16.45486342906952,3.6160963833792423,0.18485405351568024,1.4359734877943993,2.0,2.0,0.10225135087966919,0.0661066472530365,0.132213294506073,0.10655072417674609,0.132213294506073,0.5351577189472916,0.03614470362663269,0.2253628195422133,-0.05205800917529046,0.05205800917529046,0,0.0,0.05205800917529046,1.0
2024-07-05,57084.0,56740.0,57488.0,53898.0,60081357583.2773,1118490666778.4585,-1.0,0.0,time,0.0168,41.0,41.0,1.0257229804992676,0.36462407886255077,14.949587233364582,2.5708930276927275,14.949587233364582,3.617533742528057,0.16809633456764392,1.505276195704937,2.0,2.0,0.09523278474807739,0.06156904995441437,0.12313809990882874,0.09923703897786602,0.12313809990882874,0.5351574809858115,0.033663734793663025,0.10226075739523575,-0.007882142819243924,0.007882142819243924,0,0.0,0.007882142819243924,1.0
2024-07-06,56629.0,58230.0,58430.0,56089.0,21293913670.919975,1147176330416.144,-1.0,1.0,time,-0.0146,41.0,41.0,0.7256667613983154,0.3508201127008694,14.383624620735645,2.413238828235709,14.383624620735645,3.6375603859884933,0.13772160250080492,0.7001191079616547,2.0,2.0,0.09127026796340942,0.05900725722312927,0.11801451444625854,0.09510792045906559,0.11801451444625854,0.535157774618119,0.03226301074028015,0.06321765787737073,0.025921256468323297,-0.025921256468323297,0,0.0,-0.025921256468323297,1.0
2024-07-07,58336.0,55880.0,58368.0,55810.0,20211914621.326435,1100452083927.7026,-1.0,0.0,time,0.0355,41.0,41.0,0.6946964263916016,0.3410417997255558,13.982713788747787,2.3699718123922704,13.982713788747787,3.6266516461388494,0.14382208826354906,0.6792701855301857,0.0,0.0,0.0,0.0,0.0,0.0,0.0,0.0,0.0,0.08344886344338734,-0.04119415146026747,0.04119415146026747,0,0.0,0.04119415146026747,1.0
2024-07-08,55843.0,56665.0,57880.0,54321.0,41614266908.30467,1117615464651.686,-1.0,0.0,time,0.043,41.0,41.0,0.8680191040039062,0.33574047993596007,13.765359677374363,2.3807479857547427,13.765359677374363,3.608986295461345,0.159753812665101,0.7155526205897331,0.0,0.0,0.0,0.0,0.0,0.0,0.0,0.0,0.0,0.0,0.013950201796150726,-0.013950201796150726,0,0.0,-0.013950201796150726,1.0
2024-07-09,56706.0,57988.0,58160.0,56306.0,28413854577.262756,1144794688186.9604,-1.0,0.0,time,0.0497,41.0,41.0,0.86011803150177,0.33417422724206275,13.701143316924572,2.3667733949602434,13.701143316924572,3.609965459735905,0.15796320371356753,0.15358583629131317,1.0,1.0,0.013540387153625488,0.013540387153625488,0.013540387153625488,0.013540387153625488,0.013540387153625488,-0.0,0.0,0.009574499576219968,0.02307935640373925,-0.02307935640373925,0,0.0,-0.02307935640373925,1.0
2024-07-10,58025.0,57704.0,59322.0,57146.0,25987656347.278587,1139350681822.5857,-1.0,0.0,upper,0.0546,41.0,41.0,0.6843616962432861,0.3329541090785003,13.651118472218513,2.31939560899253,13.651118472218513,3.6235371725644847,0.14265770068647732,0.5052642598748207,2.0,2.0,0.12666559219360352,0.09965038299560547,0.19930076599121094,0.14601383742085852,0.19930076599121094,0.6559356945867629,0.027015209197998047,0.15050142270427863,-0.004909597387279533,0.004909597387279533,0,0.0,0.004909597387279533,1.0
2024-07-11,57635.0,57388.0,59314.0,57127.0,29196653598.752666,1130276546536.143,-1.0,0.0,upper,0.0601,41.0,41.0,0.6715096235275269,0.3404830746897837,13.959806062281132,2.372305514519329,13.959806062281132,3.622265369506872,0.14606678760243216,0.43880409747362137,2.0,2.0,0.12428683042526245,0.09777899086475372,0.19555798172950745,0.143271746082019,0.19555798172950745,0.6559357952856748,0.026507839560508728,0.03761963761799327,-0.005491272965227916,0.005491272965227916,0,0.0,0.005491272965227916,1.0
2024-07-12,57338.0,57899.0,58536.0,56608.0,25504482306.198975,1141567375406.1943,-1.0,0.0,upper,0.0512,41.0,41.0,0.7121399641036987,0.3470842267681913,14.230453297495842,2.429696046016054,14.230453297495842,3.6170117612230164,0.15335730609997064,0.41499748080968857,2.0,2.0,0.12217062711715698,0.09611411392688751,0.19222822785377502,0.14083227453666577,0.19222822785377502,0.6559357345235676,0.02605651319026947,0.03346856668995798,0.00886489103649031,-0.00886489103649031,0,0.0,-0.00886489103649031,1.0
2024-07-13,57902.0,59153.0,59796.0,57795.0,16765547593.243273,1168371787725.7102,-1.0,0.0,upper,0.0917,41.0,41.0,0.7084434628486633,0.3537295124516254,14.502910010516644,2.460577237880757,14.502910010516644,3.622735502806693,0.15014895501914946,0.3592512533068657,4.0,4.0,0.12153643369674683,0.06913774460554123,0.2765509784221649,0.15737381754645674,0.2765509784221649,1.216533230596608,0.037571290677128985,0.07035990159547596,0.021427194377878555,-0.021427194377878555,0,0.0,-0.021427194377878555,1.0
2024-07-14,59244.0,60942.0,61533.0,59238.0,21295520563.65442,1204059167828.704,-1.0,0.0,upper,0.0619,41.0,41.0,0.7135652303695679,0.36336172226725555,14.897830612957478,2.5247087326275124,14.897830612957478,3.6226982021971628,0.15308636132999326,0.39492060244083405,3.0,3.0,0.3307938575744629,0.1744689146677653,0.5234067440032959,0.35963559999814054,0.5234067440032959,0.8992651620511855,0.11257524628735904,0.308133363482612,0.02979528453490654,-0.02979528453490654,0,0.0,-0.02979528453490654,1.0
2024-07-15,60668.0,64835.0,64835.0,60668.0,37810068492.862465,1277806993830.5176,-1.0,0.0,time,0.0359,41.0,41.0,1.0272948741912842,0.3898559639730105,15.984094522893429,2.7551730138495976,15.984094522893429,3.609083376031211,0.18209376824543702,1.0483529928376547,3.0,3.0,0.3339409828186035,0.1761288046836853,0.5283864140510559,0.3630571369322773,0.5283864140510559,0.8992652376870099,0.11364625988793922,0.03149241879253681,0.06192298881542849,-0.06192298881542849,0,0.0,-0.06192298881542849,1.0
2024-07-16,64834.0,65162.0,65306.0,62602.0,40914441633.09575,1284899538175.1812,-1.0,0.0,time,0.0439,41.0,41.0,1.029622197151184,0.3937663741228057,16.144421339035034,2.7847066644930742,16.144421339035034,3.607929407626525,0.1846196455398375,0.24390781670808792,3.0,3.0,0.33864980936050415,0.17861234148343405,0.5358370244503021,0.3681765103314137,0.5358370244503021,0.8992651698465266,0.11524877030324882,0.04712030611191788,0.005030895939057979,-0.005030895939057979,0,0.0,-0.005030895939057979,1.0
2024-07-17,65008.0,64136.0,66059.0,63952.0,33459451713.593426,1266016458007.3477,-1.0,0.0,upper,0.0598,41.0,41.0,0.778645932674408,0.39833822701035476,16.331867307424545,2.7624301289322886,16.331867307424545,3.624553195414871,0.1656777028601006,0.6893984973430634,3.0,3.0,0.3495832085609436,0.18292086323102316,0.5487625896930695,0.3788172384571751,0.5487625896930695,0.8931818190578055,0.11989213699095284,0.03165729005152369,-0.015870648199255148,0.015870648199255148,0,0.0,0.015870648199255148,1.0
2024-07-18,64101.0,63960.0,65099.0,63229.0,25976148878.632153,1261456293182.2588,-1.0,0.0,upper,0.0625,41.0,41.0,0.7760767936706543,0.40030244283559846,16.412400156259537,2.775476874877694,16.412400156259537,3.6248508108737902,0.16626074200651259,0.1365630030632019,3.0,3.0,0.35217028856277466,0.18427457412083945,0.5528237223625183,0.38162066895553853,0.5528237223625183,0.8931818917069045,0.12077938423950574,0.02529977377295814,-0.0027479407748970067,0.0027479407748970067,0,0.0,0.0027479407748970067,1.0
2024-07-19,63976.0,66690.0,67386.0,63285.0,36994610752.230415,1316147398343.7175,-1.0,1.0,time,-0.0195,41.0,41.0,1.1158097982406616,0.4222490211449018,17.312209866940975,2.9988233965225497,17.312209866940975,3.6030730565098743,0.2025976484442119,0.8998097106814384,3.0,3.0,0.35457438230514526,0.18553250034650168,0.556597501039505,0.38422578733226204,0.556597501039505,0.8931817608060804,0.12160390563440347,0.023510693920699027,0.041797128678461457,-0.041797128678461457,0,0.0,-0.041797128678461457,1.0
2024-07-20,66710.0,67206.0,67684.0,66299.0,17353396168.041622,1325658979467.9998,-1.0,1.0,time,-0.0219,41.0,41.0,1.1169776916503906,0.4257581099504378,17.45608250796795,3.011490138746622,17.45608250796795,3.6102149977267914,0.19981724333151363,0.14387264102697372,3.0,3.0,0.35494548082351685,0.1857267121473948,0.5571801364421844,0.3846279421963475,0.5571801364421844,0.8931819323647063,0.12173115063252171,0.003629492880764011,0.007707512613442513,-0.007707512613442513,0,0.0,-0.007707512613442513,1.0
2024-07-21,67138.0,68088.0,68300.0,65884.0,27078771827.95196,1343346742483.077,-1.0,1.0,time,-0.0025,41.0,41.0,1.1150516271591187,0.4329503589287037,17.75096471607685,3.035255041913216,17.75096471607685,3.621900712612971,0.1930175414942188,0.33151155710220337,3.0,3.0,0.35433346033096313,0.18540645639101663,0.5562193691730499,0.3839647349543611,0.5562193691730499,0.8931818401065489,0.12152126765049666,0.005985603943168512,0.013038456917002566,-0.013038456917002566,0,0.0,-0.013038456917002566,1.0
2024-07-22,68168.0,67608.0,68480.0,66674.0,43157593651.80313,1333201881091.7786,1.0,1.0,time,0.0066,41.0,41.0,1.1156762838363647,0.42778518723278514,17.53919267654419,2.9967938532713294,17.53919267654419,3.6236699360206894,0.18985017044626257,0.22471563518047333,3.0,3.0,0.3545319437980652,0.18551032741864523,0.5565309822559357,0.384179825974806,0.5565309822559357,0.8931819138640182,0.12158932786106046,0.0019413518547199862,-0.007074666932478787,0.006074666932478787,1,0.001,0.007074666932478787,1.0
2024-07-23,67550.0,65942.0,67770.0,65495.0,36100536095.18872,1300963591115.5374,1.0,1.0,time,0.0343,41.0,41.0,1.1285275220870972,0.43970236036835647,18.027796775102615,3.0758672158221776,18.027796775102615,3.623993993404735,0.19343457551024718,0.4886040985584259,3.0,3.0,0.3586156964302063,0.25401465098063153,0.7620439529418945,0.46937047041297963,0.7620439529418945,1.0240332300873212,0.0944074674964251,0.2771274657670304,-0.024950751454980602,-0.024950751454980602,0,0.0,-0.024950751454980602,1.0
2024-07-24,65908.0,65404.0,67073.0,65234.0,28680123269.715443,1290447066028.3152,1.0,1.0,time,0.0207,41.0,41.0,1.1580004692077637,0.4435352581303294,18.184945583343506,3.1166278668010956,18.184945583343506,3.6192185590202,0.20046924992145446,0.5196800827980042,3.0,3.0,0.3679814338684082,0.26064856847127277,0.7819457054138184,0.4816286848136609,0.7819457054138184,1.0240332233646812,0.09687304629765936,0.1219172336938836,-0.008192149114860558,-0.008192149114860558,0,0.0,-0.008192149114860558,1.0
2024-07-25,65365.0,65750.0,66041.0,63515.0,35836896135.542854,1297125144853.139,1.0,1.0,time,0.0071,41.0,41.0,1.1960985660552979,0.46162408735693955,18.92658758163452,3.2315589365676187,18.92658758163452,3.623807634195157,0.20398496126758212,0.7416419982910156,3.0,3.0,0.38008803129196167,0.2692238887151082,0.8076716661453247,0.49747426563078423,0.8076716661453247,1.0240331408191023,0.10006021220617303,0.15759563769913715,0.0052762523855340426,0.0052762523855340426,0,0.0,0.0052762523855340426,1.0
2024-07-26,65806.0,67920.0,68223.0,65806.0,30821370069.206276,1339927966898.6016,1.0,0.0,lower,-0.0489,41.0,41.0,1.2166519165039062,0.472792188932256,19.384479746222496,3.308367220963267,19.384479746222496,3.623893547014553,0.20838888705768083,0.45789216458797455,3.0,3.0,0.38828688859939575,0.2983592351277669,0.8950777053833008,0.5519322520369351,0.8950777053833008,1.0187070990739286,0.11191441861304041,0.11779785577694585,0.03247087094521791,0.03247087094521791,0,0.0,0.03247087094521791,1.0
2024-07-27,67935.0,68055.0,69371.0,66608.0,30976752616.761925,1342889431798.832,1.0,0.0,lower,-0.0509,41.0,41.0,1.2274186611175537,0.4941874237322226,20.261684373021126,3.430280408078404,20.261684373021126,3.632293755629067,0.2068199450958695,0.8772046267986298,3.0,3.0,0.391723096370697,0.30099964141845703,0.9029989242553711,0.5568167160365446,0.9029989242553711,1.0187071015501576,0.11290483139293733,0.04434527206066813,0.001985659780945051,0.001985659780945051,0,0.0,0.001985659780945051,1.0
2024-07-28,67777.0,68242.0,68294.0,67042.0,17175244020.36542,1346263382369.5552,1.0,0.0,lower,-0.0536,41.0,41.0,1.2369434833526611,0.4929264576696768,20.20998476445675,3.4384271395904182,20.20998476445675,3.6262214896456975,0.2130352653029222,0.3043191134929657,4.0,4.0,0.3947628140449524,0.23629803955554962,0.9451921582221985,0.5622396460008996,0.9451921582221985,1.1398112137575382,0.15228785698803476,0.06411008382333969,0.0027440092934702294,0.0027440092934702294,0,0.0,0.0027440092934702294,1.0
2024-07-29,68261.0,66770.0,69908.0,66648.0,42529043667.45024,1317581413497.2551,1.0,0.0,lower,-0.0837,41.0,41.0,1.260970115661621,0.4984512885169285,20.43650282919407,3.469916069468921,20.43650282919407,3.6289322934322716,0.21263253319942602,0.46427252888679504,4.0,4.0,0.4024307131767273,0.2526654303073883,1.0106617212295532,0.5780242989003377,1.0106617212295532,1.2189457328779407,0.14031465660218478,0.18251490179086932,-0.021806333207729556,-0.021806333207729556,0,0.0,-0.021806333207729556,1.0
2024-07-30,66812.0,66219.0,66970.0,65563.0,28892376510.689587,1306758338817.987,1.0,0.0,lower,-0.0754,41.0,41.0,1.2881852388381958,0.5129352851611811,21.03034669160843,3.564767878275454,21.03034669160843,3.630274399357908,0.21642117636151653,0.59384386241436,4.0,4.0,0.411116361618042,0.2462010532617569,0.9848042130470276,0.5855598318514719,0.9848042130470276,1.1408050900631217,0.15844595464158287,0.14571667730032,-0.008286447042593001,-0.008286447042593001,0,0.0,-0.008286447042593001,1.0
2024-07-31,66192.0,64680.0,66807.0,64543.0,31403681581.194077,1275401473742.0508,0.0,0.0,lower,-0.0519,41.0,41.0,1.3021304607391357,0.5235824505003487,21.466880470514297,3.620798517937142,21.466880470514297,3.6360704241577797,0.21359295835119613,0.5164733827114105,5.0,5.0,0.4155668020248413,0.22278391122817992,1.1139195561408997,0.6036352982389787,1.1139195561408997,1.3582862459994485,0.15245472624319184,0.15357667006176554,-0.023515396118278305,-0.024515396118278306,1,0.001,-0.023515396118278305,0.0
2024-08-01,64587.0,65358.0,65454.0,62304.0,38911302447.60912,1289157073527.528,1.0,0.0,lower,-0.0624,41.0,41.0,1.3226813077926636,0.5268557126202235,21.60108421742916,3.6664527554743653,21.60108421742916,3.628362416466653,0.22427232952331905,0.628390446305275,4.0,4.0,0.42212551832199097,0.25279398262500763,1.0111759305000305,0.6012403788122228,1.0111759305000305,1.1408049758304826,0.16268896897808913,0.18664775662616073,0.010427815619457383,-0.001,1,0.001,0.0,1.0
2024-08-02,65350.0,61407.0,65505.0,61252.0,39004321616.3716,1211854070245.47,1.0,0.0,lower,-0.057,41.0,41.0,1.3327349424362183,0.5411748733462357,22.188169807195663,3.7599637852488743,22.188169807195663,3.6286851609196256,0.2279092502959616,0.5870855897665024,6.0,6.0,0.425334095954895,0.18345493078231812,1.1007295846939087,0.6085726861131028,1.1007295846939087,1.37228666362495,0.16754424515773253,0.10822298840173276,-0.06235601515885747,-0.06235601515885747,0,0.0,-0.06235601515885747,1.0
2024-08-03,61463.0,60739.0,62161.0,59910.0,32885545023.712658,1197962170718.7737,1.0,0.0,lower,-0.1184,41.0,41.0,1.3365284204483032,0.5540318329159807,22.715305149555206,3.845324239009125,22.715305149555206,3.629514331039902,0.23172293989712456,0.528795450925827,5.0,5.0,0.42654478549957275,0.21357280015945435,1.0678640007972717,0.6130463205008675,1.0678640007972717,1.2560997118598711,0.17190642003130727,0.05758929582553292,-0.010937839302839961,-0.010937839302839961,0,0.0,-0.010937839302839961,1.0
2024-08-04,60658.0,58006.0,61048.0,57399.0,33664501541.451115,1147854905921.6433,1.0,0.0,lower,-0.0724,41.0,41.0,1.3228262662887573,0.5569153598895887,22.833529755473137,3.8673948020513262,22.833529755473137,3.6281275117266887,0.23376030633935646,0.3841610699892044,4.0,4.0,0.4221717119216919,0.25439219176769257,1.0175687670707703,0.6054840338742564,1.0175687670707703,1.1394878039267538,0.16412599302605896,0.09676271279316928,-0.046039542394788496,-0.046039542394788496,0,0.0,-0.046039542394788496,1.0
2024-08-05,58164.0,53956.0,58164.0,49221.0,120245972389.37173,1064889039013.8289,0.0,1.0,upper,0.1367,41.0,41.0,1.2643312215805054,0.5560918304978347,22.799765050411224,3.884808086647446,22.799765050411224,3.620325814764485,0.2425962614212194,0.8581387847661972,5.0,5.0,0.40350341796875,0.19556856155395508,0.9778428077697754,0.5787337685259735,0.9778428077697754,1.166874306504878,0.1695272624039328,0.2968033038799349,-0.07237755386444424,-0.07337755386444424,1,0.001,-0.07237755386444424,0.0
2024-08-06,54052.0,55960.0,57015.0,54052.0,52620100833.47091,1104019419316.6865,0.0,1.0,upper,0.1002,41.0,41.0,1.2414108514785767,0.5611155116703452,23.005735978484154,3.935009612354744,23.005735978484154,3.615287762738655,0.25062971104527826,0.5644483715295792,5.0,5.0,0.39618855714797974,0.23413434028625488,1.1706717014312744,0.6077928385567498,1.1706717014312744,1.4073245824424814,0.13807077032773624,0.2711084572785551,0.03646825018984722,0.0,0,0.0,0.0,0.0
2024-08-07,56131.0,55100.0,57607.0,54583.0,41605918903.41173,1088566703585.4303,0.0,1.0,upper,0.1157,41.0,41.0,1.2063771486282349,0.5506195553192278,22.57540176808834,3.8729760608875563,22.57540176808834,3.611519014815235,0.25034054296392494,0.5988439321517944,7.0,7.0,0.38500773906707764,0.17231982946395874,1.2062388062477112,0.5929960211036011,1.2062388062477112,1.579554768423952,0.14332052771886003,0.27943039350256865,-0.015487433638411664,-0.0,0,0.0,-0.0,0.0
2024-08-08,55083.0,61859.0,62491.0,54849.0,49201548320.290726,1218342891278.6091,-1.0,1.0,time,-0.0205,41.0,41.0,1.2176365852355957,0.5665933264464866,23.230326384305954,4.008417842202764,23.230326384305954,3.6054075350369073,0.26619567794259236,0.6549246162176132,8.0,8.0,0.3869321346282959,0.143398217856884,1.147185742855072,0.5532888670887323,1.147185742855072,1.6843541514952116,0.1330527054253736,0.24093466746388142,0.1157078854323119,-0.001,1,0.001,0.0,1.0
2024-08-09,61570.0,60913.0,61668.0,59604.0,33804208928.47938,1198300504959.2505,-1.0,1.0,time,-0.0363,41.0,41.0,1.2228260040283203,0.5853438024840704,23.999095901846886,4.1496173725665395,23.999095901846886,3.601702179672667,0.2781297419366264,0.7687695175409317,7.0,7.0,0.3885812759399414,0.14721050432750157,1.030473530292511,0.5064164620013171,1.030473530292511,1.6150543912027087,0.12233508134594324,0.18206082284226632,-0.015410984959452437,0.015410984959452437,0,0.0,0.015410984959452437,1.0
2024-08-10,60847.0,60888.0,61495.0,60261.0,13418919090.197285,1201818989571.278,-1.0,1.0,time,-0.0551,41.0,41.0,1.2253820896148682,0.5970366044742305,24.47850078344345,4.230579569821736,24.47850078344345,3.6006661927281134,0.2829824827046935,0.47940488159656525,8.0,8.0,0.5195575952529907,0.19641540199518204,1.5713232159614563,0.7187539580047627,1.5713232159614563,1.7386958469882077,0.16123553075395655,0.704781719236243,-0.0004105056666377574,0.0004105056666377574,0,0.0,0.0004105056666377574,1.0
2024-08-11,60951.0,58804.0,61562.0,58372.0,21715994493.456894,1159146815397.6223,-1.0,0.0,time,0.0013,41.0,41.0,1.222093105316162,0.5982979775928869,24.530217081308365,4.241272132090871,24.530217081308365,3.600708763128649,0.28421951447692073,0.4518594443798065,8.0,8.0,0.5630115270614624,0.19273196905851364,1.5418557524681091,0.7325950655793897,1.5418557524681091,1.7003100225265653,0.17303563033877425,0.139697029467249,-0.03482623116337066,0.03482623116337066,0,0.0,0.03482623116337066,1.0
2024-08-12,58698.0,59350.0,60499.0,57815.0,39403296385.84335,1171441797233.8909,-1.0,0.0,time,0.0014,41.0,41.0,1.2188806533813477,0.5939473629724689,24.351841881871223,4.211067457545037,24.351841881871223,3.600986747163274,0.2823843109861007,0.18185777962207794,10.0,10.0,0.7979165315628052,0.1775810182094574,1.775810182094574,0.9108424353457277,1.775810182094574,1.7063013577421893,0.22677825331002524,0.5201252860164811,0.009242241253957164,-0.009242241253957164,0,0.0,-0.009242241253957164,1.0
2024-08-13,59347.0,60601.0,61540.0,58452.0,31955576195.246292,1195798013190.8457,-1.0,1.0,time,-0.0363,41.0,41.0,1.2193689346313477,0.6074213232935929,24.904274255037308,4.321055974353525,24.904274255037308,3.5961329122862824,0.29401084722958437,0.5524323731660843,8.0,8.0,0.7982360124588013,0.19077206403017044,1.5261765122413635,0.8635610145423239,1.5261765122413635,1.5107494269909139,0.2383762211617164,0.23609797421287215,0.02085927353360594,-0.02085927353360594,0,0.0,-0.02085927353360594,1.0
2024-08-14,60611.0,58739.0,61538.0,58608.0,28079911397.67297,1159479277227.7532,-1.0,0.0,time,0.0141,41.0,41.0,1.2122443914413452,0.5906985689227174,24.218641325831413,4.1889909048624885,24.218641325831413,3.6007871115041916,0.2811877260531003,0.6856329292058945,5.0,5.0,0.9835801124572754,0.35424323081970216,1.7712161540985107,1.1553149381345058,1.7712161540985107,1.025781936340998,0.3761146828744747,0.680845195987108,-0.031207493138049436,0.031207493138049436,0,0.0,0.031207493138049436,1.0
2024-08-15,58732.0,57624.0,59834.0,56647.0,33490251842.381626,1137141836825.8655,-1.0,0.0,time,0.0246,41.0,41.0,1.2002087831497192,0.5953176424997609,24.408023342490196,4.182334325636211,24.408023342490196,3.611928384650445,0.2687547389061262,0.7639183104038239,5.0,5.0,0.9738146066665649,0.3507261276245117,1.7536306381225586,1.143844405135254,1.7536306381225586,1.025781837692074,0.37238043454692865,0.08644771384073989,-0.0191647538641718,0.0191647538641718,0,0.0,0.0191647538641718,1.0
2024-08-16,57506.0,58882.0,59823.0,57097.0,30368238897.207172,1162716063850.1133,-1.0,0.0,time,0.0377,41.0,41.0,1.1945444345474243,0.5909769338805501,24.230054289102554,4.158784662326386,24.230054289102554,3.6100962721388368,0.26942063748736844,0.26739509403705597,5.0,5.0,0.9692189693450928,0.3068492770195007,1.5342463850975037,1.0439950814519552,1.5342463850975037,1.0119344150471492,0.3518929769287597,0.2857114537604872,0.021596293647984655,-0.021596293647984655,0,0.0,-0.021596293647984655,1.0
2024-08-17,58873.0,59431.0,59650.0,58850.0,12467437134.05582,1173270497431.1711,-1.0,0.0,time,0.016,41.0,41.0,1.192276120185852,0.5852567473562752,23.995526641607285,4.129095637776627,23.995526641607285,3.607771137046723,0.2707661628415787,0.3084818720817566,5.0,5.0,0.9069743156433105,0.2929714798927307,1.4648573994636536,0.9756450174418917,1.4648573994636536,1.0721081197284947,0.32333319034905944,0.16639884605924732,0.00928053452055195,-0.00928053452055195,0,0.0,-0.00928053452055195,1.0
2024-08-18,59510.0,58438.0,60334.0,58438.0,17656027563.72502,1156217205294.1643,-1.0,0.0,upper,0.0917,41.0,41.0,1.185454249382019,0.5703299459887714,23.383527785539627,4.046193691066595,23.383527785539627,3.6024804107675106,0.27209024895684714,0.6119988560676575,4.0,4.0,0.9017847776412964,0.34116949141025543,1.3646779656410217,0.9573192821785302,1.3646779656410217,0.9297601874592755,0.33573565514936266,0.11079861400262558,-0.016849612593563584,0.016849612593563584,0,0.0,0.016849612593563584,1.0
2024-08-19,58432.0,59575.0,59575.0,57918.0,24031330179.258953,1176063402361.815,-1.0,0.0,upper,0.0724,41.0,41.0,1.1838780641555786,0.5660021395944967,23.206087723374367,4.0133619082894505,23.206087723374367,3.6037982489184404,0.26925273755255125,0.25386978685855865,3.0,3.0,0.8238295316696167,0.3808984160423279,1.1426952481269836,0.8723674220370529,1.1426952481269836,0.6866674558504788,0.3295320464946773,0.1895505985596114,0.01926965982277101,-0.01926965982277101,0,0.0,-0.01926965982277101,1.0
2024-08-20,59451.0,59060.0,61361.0,58710.0,31470716090.619144,1166088863323.0896,-1.0,0.0,upper,0.0811,41.0,41.0,1.1812162399291992,0.5587224487851306,22.907620400190353,3.9758832770957264,22.907620400190353,3.600504707126135,0.2708904047700115,0.3962046355009079,3.0,3.0,0.8219772577285767,0.3500250776608785,1.0500752329826355,0.8452912446047997,1.0500752329826355,0.6146225927041818,0.3400806880879003,0.10065387949174379,-0.008682146669029226,0.008682146669029226,0,0.0,0.008682146669029226,1.0
2024-08-21,59029.0,61145.0,61830.0,58905.0,32960965010.60808,1207099049402.5117,-1.0,0.0,time,0.0287,41.0,41.0,1.1814959049224854,0.563544866151926,23.105339512228966,4.0007651664182005,23.105339512228966,3.6026958518041923,0.269834025499659,0.19771911203861237,3.0,3.0,0.7198959589004517,0.3160159985224406,0.9480479955673218,0.7464176373607516,0.9480479955673218,0.6529328961625327,0.29299656163898413,0.10314598548593067,0.03469421632555648,-0.03469421632555648,0,0.0,-0.03469421632555648,1.0
2024-08-22,61176.0,60388.0,61386.0,59901.0,28170302505.847404,1192308382713.8381,-1.0,0.0,upper,0.0622,41.0,41.0,1.1817152500152588,0.558737164226974,22.90822373330593,3.9891164718870473,22.90822373330593,3.595639137280616,0.2755647973931813,0.2836933135986328,4.0,4.0,0.7200294733047485,0.25260503590106964,1.0104201436042786,0.7491424151817206,1.0104201436042786,0.8439662677075008,0.2765760029241414,0.04489639205451697,-0.012457682935843551,0.012457682935843551,0,0.0,0.012457682935843551,1.0
2024-08-23,60379.0,64050.0,64828.0,60379.0,45038665759.42134,1261916434075.0183,-1.0,1.0,lower,-0.0732,41.0,41.0,1.1900031566619873,0.5519293753839121,22.629104390740395,3.9809511621264995,22.629104390740395,3.582159576957744,0.2861990056125299,0.51259645819664,4.0,4.0,0.7250795364379883,0.25437672436237335,1.0175068974494934,0.7543966634537234,1.0175068974494934,0.8439662558341334,0.27851582281837545,0.04048707359824013,0.05887361863725357,-0.05887361863725357,0,0.0,-0.05887361863725357,1.0
2024-08-24,64099.0,64157.0,64438.0,63651.0,22029153446.354362,1264961887998.9824,-1.0,1.0,lower,-0.0749,41.0,41.0,1.202712059020996,0.5548431927837977,22.748570904135704,4.026545420755454,22.748570904135704,3.574095123285252,0.2959555962775276,0.624612957239151,5.0,5.0,0.7328230142593384,0.170850670337677,0.854253351688385,0.7365640036984715,0.854253351688385,0.5713478833911902,0.28162981865212855,0.19155904651242525,0.0016691760175834077,-0.0016691760175834077,0,0.0,-0.0016691760175834077,1.0
2024-08-25,64187.0,64266.0,64894.0,63834.0,17875230147.044323,1269291077270.1143,-1.0,1.0,lower,-0.0766,41.0,41.0,1.201910376548767,0.5604031242248488,22.976528093218803,4.046618325793141,22.976528093218803,3.5797762318146225,0.29213268566405604,0.2823337912559509,6.0,6.0,0.7354934215545654,0.14861905574798584,0.891714334487915,0.7398403881225936,0.891714334487915,0.7210814259265932,0.26294424551884643,0.05889435751822106,0.0016975156502209042,-0.0016975156502209042,0,0.0,-0.0016975156502209042,1.0
2024-08-26,64286.0,62923.0,64422.0,62883.0,17894692681.091812,1242487823611.2612,-1.0,1.0,lower,-0.0641,41.0,41.0,1.2294267416000366,0.5723804457158577,23.467598274350166,4.1191624523138035,23.467598274350166,3.5844894584400193,0.29363595132776493,0.6351849138736725,5.0,5.0,0.7523317337036133,0.1787893295288086,0.893946647644043,0.7565597598398498,0.893946647644043,0.6359763672656737,0.2872471230289789,0.1758351629874782,-0.021118963363972062,0.021118963363972062,0,0.0,0.021118963363972062,1.0
2024-08-27,62872.0,59527.0,63202.0,58060.0,38131727427.91789,1176762244308.0742,-1.0,1.0,time,-0.0371,41.0,41.0,1.2480456829071045,0.5849550755285635,23.983158096671104,4.205615808723873,23.983158096671104,3.5848487820507233,0.29870183660080385,0.5155598223209381,6.0,6.0,0.6307644844055176,0.1764279305934906,1.0585675835609436,0.6965047734158756,1.0585675835609436,1.1031906729682477,0.2229940250433073,0.38027747191032496,-0.05548176551008041,0.05548176551008041,0,0.0,0.05548176551008041,1.0
2024-08-28,59404.0,59015.0,60230.0,57968.0,42018989572.42786,1166032395735.947,-1.0,0.0,time,0.0016,41.0,41.0,1.2542755603790283,0.5909971071452629,24.23088139295578,4.230592636331608,24.23088139295578,3.5915672711978606,0.2953928037073802,0.3201347142457962,6.0,6.0,0.6339130401611328,0.17730857928593954,1.0638514757156372,0.699981445051384,1.0638514757156372,1.1031906020953892,0.2241071282838611,0.054485874748164895,-0.008638342255462835,0.008638342255462835,0,0.0,0.008638342255462835,1.0
2024-08-29,59042.0,59352.0,61150.0,58816.0,32563333956.986053,1171762256043.917,-1.0,1.0,time,-0.0316,41.0,41.0,1.264471173286438,0.5991471264420486,24.565032184123993,4.278091674462707,24.565032184123993,3.594392614539975,0.29565965647043313,0.3341507911682129,6.0,6.0,0.6134731769561768,0.1778360108534495,1.067016065120697,0.6995843090815993,1.067016065120697,1.0663679123960381,0.22348166404113534,0.519159153202855,0.005694170006192358,-0.005694170006192358,0,0.0,-0.005694170006192358,1.0
2024-08-30,59374.0,59156.0,59820.0,57905.0,44038496614.947586,1168247205700.9673,-1.0,1.0,time,-0.0199,41.0,41.0,1.2766376733779907,0.6037924740372634,24.7554914355278,4.294129340807932,24.7554914355278,3.6007550983991226,0.291855601438073,0.5325337052345276,5.0,5.0,0.6193760633468628,0.21397684812545775,1.0698842406272888,0.706277009762006,1.0698842406272888,1.032405653395158,0.23233456774653,0.08925930721712627,-0.003307796582702162,0.003307796582702162,0,0.0,0.003307796582702162,1.0
2024-08-31,59110.0,58960.0,59404.0,58797.0,11399086336.303324,1164278309271.2642,-1.0,1.0,time,-0.0492,41.0,41.0,1.2510051727294922,0.603431250264005,24.740681260824203,4.268321265952038,24.740681260824203,3.60612305214658,0.28324195481980935,0.4352821409702301,6.0,6.0,0.8624311685562134,0.24316314856211343,1.4589788913726807,0.9519891445704336,1.4589788913726807,1.1208224510697231,0.30318130727011716,0.3928234240700366,-0.0033187744234414816,0.0033187744234414816,0,0.0,0.0033187744234414816,1.0
2024-09-01,58957.0,57358.0,59038.0,57258.0,25465621877.97047,1133133027660.6194,-1.0,1.0,lower,-0.0618,41.0,41.0,1.2386488914489746,0.5900896253382287,24.19367463886738,4.155671149961183,24.19367463886738,3.610525149824274,0.27019262791731463,0.5470066219568253,6.0,6.0,0.8539129495620728,0.24076138933499655,1.4445683360099792,0.9425863340342635,1.4445683360099792,1.1208221027059213,0.30018680782168666,0.1012792018085967,-0.027546919701088562,0.027546919701088562,0,0.0,0.027546919701088562,1.0
2024-09-02,57298.0,59109.0,59337.0,57276.0,28012782290.96625,1168410293915.9832,-1.0,1.0,lower,-0.0918,41.0,41.0,1.1230140924453735,0.5574061914188105,22.853653848171234,3.9327398913833203,22.853653848171234,3.6043789988770087,0.257931495053634,1.1207223961587762,6.0,6.0,0.37892305850982666,0.09837692975997925,0.5902615785598755,0.3970430318767915,0.5902615785598755,1.1110600972888736,0.12882484705205718,0.6348993173185463,0.030070868901947684,-0.030070868901947684,0,0.0,-0.030070868901947684,1.0
2024-09-03,59120.0,57505.0,59813.0,57505.0,26829983370.35861,1137361604370.578,-1.0,1.0,lower,-0.0643,41.0,41.0,1.1140950918197632,0.5529026527230333,22.669008761644363,3.893701177240117,22.669008761644363,3.6076876374310647,0.25313419648942503,0.3886086344718933,5.0,5.0,0.37591373920440674,0.11514749526977539,0.575737476348877,0.3932889005106921,0.575737476348877,1.0645077354304995,0.13295219511568385,0.0998800788546142,-0.027511296537395757,0.027511296537395757,0,0.0,0.027511296537395757,1.0
2024-09-04,57519.0,57988.0,58514.0,55747.0,37550380696.7459,1144983177152.221,-1.0,1.0,lower,-0.0727,41.0,41.0,1.111623764038086,0.5504515174685455,22.568512216210365,3.8795386635724802,22.568512216210365,3.6069026719823127,0.25317247787718133,0.11213524639606476,5.0,5.0,0.3750797510147095,0.1391610622406006,0.6958053112030029,0.41920306395096874,0.6958053112030029,1.2359057629309336,0.1256202233768261,0.13375225565800014,0.008364192044106223,-0.008364192044106223,0,0.0,-0.008364192044106223,1.0
2024-09-05,57978.0,56132.0,58272.0,55791.0,30005773445.693718,1109212553022.4158,-1.0,0.0,time,0.0262,41.0,41.0,1.0933704376220703,0.553738171007575,22.703265011310577,3.8906899455650867,22.703265011310577,3.6088592664532926,0.25016110951466153,0.5046614557504654,6.0,6.0,0.36892080307006836,0.12414734562238057,0.7448840737342834,0.4167351630157296,0.7448840737342834,1.4172718871028902,0.11632770918347429,0.16532309137950651,-0.03253003269976173,0.03253003269976173,0,0.0,0.03253003269976173,1.0
2024-09-06,56164.0,53923.0,56894.0,52690.0,50260816556.81667,1065462041080.5197,-1.0,0.0,upper,0.0564,41.0,41.0,1.0578913688659668,0.5347313228540305,21.923984237015247,3.7561292824341335,21.923984237015247,3.609268826627237,0.24118943536853402,0.77928077429533,4.0,4.0,0.3569495677947998,0.12979520857334137,0.5191808342933655,0.3724334221260851,0.5191808342933655,0.9108787044458679,0.1335285262052251,0.3224533399705387,-0.04014895685037698,0.04014895685037698,0,0.0,0.04014895685037698,1.0
2024-09-07,53955.0,54151.0,54815.0,53745.0,17048448412.007126,1068954727890.2039,-1.0,0.0,upper,0.0622,41.0,41.0,1.044466257095337,0.5280417569163369,21.649712033569813,3.6916854292417915,21.649712033569813,3.6163484209280536,0.23146349496390778,0.6054506599903107,4.0,4.0,0.35241973400115967,0.12814804911613464,0.5125921964645386,0.36770707668670494,0.5125921964645386,0.9108788185030019,0.13183399056805994,0.0778663276436542,0.004219337458653467,-0.004219337458653467,0,0.0,-0.004219337458653467,1.0
2024-09-08,54150.0,54792.0,55231.0,53723.0,18644823662.23431,1085390277573.522,-1.0,0.0,upper,0.0587,41.0,41.0,1.0446186065673828,0.5184782290967499,21.257607392966747,3.65332254733142,21.257607392966747,3.6072193966639783,0.23814112432576698,0.39639420807361603,4.0,4.0,0.35247111320495605,0.12816672027111053,0.5126668810844421,0.36776067964671727,0.5126668810844421,0.9108786676523437,0.13185321834714825,0.0008834563239274678,0.01176775739843821,-0.01176775739843821,0,0.0,-0.01176775739843821,1.0
2024-09-09,54865.0,57049.0,57897.0,54599.0,35655419448.07046,1126840069631.8132,-1.0,0.0,upper,0.0607,41.0,41.0,1.0713119506835938,0.5315179052512821,21.792234115302563,3.745354177395856,21.792234115302563,3.6072103488097556,0.24418681804703907,0.5346267223358154,5.0,5.0,0.36147797107696533,0.15565699338912964,0.7782849669456482,0.43882647160471405,0.7782849669456482,1.3325137313224507,0.1195183452247605,0.27832061988705903,0.04036634977506867,-0.04036634977506867,0,0.0,-0.04036634977506867,1.0
2024-09-10,57023.0,57624.0,58043.0,56448.0,29676093302.30697,1137928777838.5286,-1.0,0.0,time,0.0272,41.0,41.0,1.101153016090393,0.5441786014452213,22.311322659254074,3.830469728756676,22.311322659254074,3.608516436756543,0.24846622098608187,0.5678003206849098,6.0,6.0,0.37154674530029297,0.1606582005818685,0.9639492034912109,0.4799345257364841,0.9639492034912109,1.561902468276787,0.11215376684763392,0.3189560205190556,0.01002859991638889,-0.01002859991638889,0,0.0,-0.01002859991638889,1.0
2024-09-11,57654.0,57382.0,57975.0,55573.0,37765652735.2964,1134292554478.847,-1.0,0.0,upper,0.0549,41.0,41.0,1.12270987033844,0.5565373490496379,22.818031311035156,3.9188195626147673,22.818031311035156,3.6102400079982795,0.2546188020166932,0.7895927727222443,6.0,6.0,0.3773379325866699,0.1631623407204946,0.9789740443229675,0.48741513059313274,0.9789740443229675,1.5619025095078607,0.1139018678181472,0.13749382776094057,-0.004208482290980426,0.004208482290980426,0,0.0,0.004208482290980426,1.0
2024-09-12,57355.0,58107.0,58436.0,57293.0,34177859933.02337,1148469900814.253,-1.0,0.0,time,0.0373,41.0,41.0,1.1366287469863892,0.5427369159169313,22.252213552594185,3.815905524721383,22.252213552594185,3.6125368006160494,0.2461427910855743,0.7331386357545853,6.0,6.0,0.38351690769195557,0.13852563500404358,0.8311538100242615,0.46561275551758285,0.8311538100242615,1.3631324977876553,0.13016600220553964,0.24007541252626882,0.012555473232130406,-0.012555473232130406,0,0.0,-0.012555473232130406,1.0
2024-09-13,58147.0,60621.0,60655.0,57669.0,31919740723.76027,1197832322916.0117,-1.0,0.0,time,0.0134,41.0,41.0,1.163957953453064,0.5597620168473663,22.950242690742016,3.9378569174508335,22.950242690742016,3.6113888966934833,0.25471375452959644,0.698029138147831,6.0,6.0,0.20266228914260864,0.08251884579658508,0.4951130747795105,0.25002198887988525,0.4951130747795105,1.52373243640129,0.06007611207716694,0.44518190015310705,0.04235522917125705,-0.04235522917125705,0,0.0,-0.04235522917125705,1.0
2024-09-14,60545.0,60003.0,60644.0,59621.0,15800120841.166773,1185255944124.8464,-1.0,0.0,time,0.0482,41.0,41.0,1.2248942852020264,0.5834207027787115,23.920248813927174,4.099007419538171,23.920248813927174,3.6133924116816902,0.26348015391388846,1.0249579101800919,7.0,7.0,0.39313220977783203,0.12331116199493408,0.8631781339645386,0.4491907248022323,0.8631781339645386,1.5657138290589958,0.11670035410680067,0.4708472737751194,-0.010246806727326507,0.010246806727326507,0,0.0,0.010246806727326507,1.0
2024-09-15,60014.0,59215.0,60367.0,58669.0,17289597542.866756,1169677517083.0613,-1.0,0.0,upper,0.0614,41.0,41.0,1.442635178565979,0.5959438725215632,24.433698773384094,4.202618908402032,24.433698773384094,3.6114495520448253,0.27501186769170183,1.2390115782618523,7.0,7.0,0.41794776916503906,0.13109489849635533,0.9176642894744873,0.47754484986130846,0.9176642894744873,1.5657138960577914,0.12406678889480206,0.4682856909930755,-0.01321967279868397,0.01321967279868397,0,0.0,0.01321967279868397,1.0
2024-09-16,59142.0,58211.0,59186.0,57559.0,32196570894.402115,1150499194409.9338,-1.0,0.0,upper,0.054,41.0,41.0,1.403685212135315,0.604624005170857,24.78958421200514,4.2210042161466275,24.78958421200514,3.621028370738372,0.26265524561187503,1.156308464705944,7.0,7.0,0.4505155086517334,0.1442135742732457,1.0094950199127197,0.5192969127555425,1.0094950199127197,1.5773982140892004,0.13314138487486735,0.5519715355219547,-0.01710054785853936,0.01710054785853936,0,0.0,0.01710054785853936,1.0
2024-09-17,58195.0,60317.0,61243.0,57634.0,34191170117.78261,1191818552363.6113,-1.0,0.0,upper,0.0527,41.0,41.0,1.4946047067642212,0.6455958543754206,26.469430029392242,4.496354386731744,26.469430029392242,3.623664573608608,0.276239930902507,1.71909249573946,9.0,9.0,0.3057229518890381,0.13035423888100517,1.1731881499290466,0.45897528505371515,1.1731881499290466,1.9956567071120181,0.08008902265043959,0.6715982418529427,0.035539647399957346,-0.035539647399957346,0,0.0,-0.035539647399957346,1.0
2024-09-18,60320.0,61440.0,61440.0,59212.0,40445339415.1129,1211837853548.9263,-1.0,0.0,time,0.0303,41.0,41.0,1.583054780960083,0.6499996170765017,26.649984300136566,4.490977834771985,26.649984300136566,3.6337650119169402,0.2634851929115782,1.1309174299240112,9.0,9.0,0.32381558418273926,0.14007169008255005,1.2606452107429504,0.5155002756860939,1.2606452107429504,1.9256472063767243,0.09953214386942837,0.7037623184780417,0.018447101124540285,-0.018447101124540285,0,0.0,-0.018447101124540285,1.0
2024-09-19,61827.0,62967.0,63858.0,61597.0,41959080716.28771,1243871590271.4927,-1.0,0.0,time,0.0215,41.0,41.0,1.7024141550064087,0.6485852473756162,26.591995142400265,4.489472776948098,26.591995142400265,3.6339140387736446,0.2663296173098661,0.7042110785841942,8.0,8.0,0.3312269449234009,0.1450597196817398,1.1604777574539185,0.5112707214447691,1.1604777574539185,1.778379066204243,0.10785358849703104,0.37114882582794506,0.024549690792172042,-0.024549690792172042,0,0.0,-0.024549690792172042,1.0
2024-09-20,62976.0,63128.0,64082.0,62340.0,35587830476.533394,1246475981189.1353,0.0,1.0,time,0.0004,41.0,41.0,1.0879172086715698,0.6403653454489824,26.25497916340828,4.327763080709445,26.25497916340828,3.653466649285384,0.21621773584322146,1.208269126713276,9.0,9.0,0.3427882194519043,0.1410852008395725,1.2697668075561523,0.5335684043833323,1.2697668075561523,1.8926593588561862,0.10829483269333291,0.47376925829004246,0.0025536315871451496,-0.0035536315871451496,1,0.001,-0.0025536315871451496,0.0
2024-09-21,63218.0,63403.0,63564.0,62814.0,12938083115.659332,1254104417392.48,0.0,1.0,time,0.0269,41.0,41.0,1.0665876865386963,0.6214941540142385,25.48126031458378,4.194586491030592,25.48126031458378,3.655161259499685,0.20707613235925107,0.773718848824501,9.0,9.0,0.3360675573348999,0.16142278247409397,1.4528050422668457,0.5752794479218948,1.4528050422668457,1.9649983287753345,0.10351092850849246,0.4373146884704573,0.0043467677169435545,0.0,0,0.0,0.0,0.0
2024-09-22,63406.0,63583.0,63938.0,62479.0,20349365412.816723,1255899286380.1958,1.0,1.0,time,0.0341,41.0,41.0,1.0407508611679077,0.5898711724979121,24.184718072414398,3.9904711374109954,24.184718072414398,3.653327773866069,0.20109407412668853,1.2965422421693802,8.0,8.0,0.3279266357421875,0.17624636739492416,1.4099709391593933,0.5612918781614518,1.4099709391593933,1.9419357272761375,0.09120465745423678,0.3218542820266156,0.0028349600830795663,-0.001,1,0.001,0.0,1.0
2024-09-23,63614.0,63327.0,64688.0,62921.0,23998847798.757656,1251095079247.0432,1.0,1.0,time,0.0403,41.0,41.0,1.0200543403625488,0.5772118570237625,23.665686137974262,3.9046161270177113,23.665686137974262,3.653461625136247,0.19667432879745797,0.519031934440136,8.0,8.0,0.3214055299758911,0.15799181163311005,1.2639344930648804,0.5024205025519678,1.2639344930648804,1.951442384404892,0.08119040971666146,0.5267822665247743,-0.004034360526713745,-0.004034360526713745,0,0.0,-0.004034360526713745,1.0
2024-09-24,63340.0,64334.0,64612.0,62742.0,31490984593.70592,1271183646356.5713,1.0,1.0,time,0.0205,41.0,41.0,0.9473930597305298,0.5711098049835461,23.41550200432539,3.845406509594209,23.41550200432539,3.658297103617106,0.1857304919176862,0.43586353957653046,7.0,7.0,0.3246814012527466,0.15891834667750768,1.1124284267425537,0.48018186842971294,1.1124284267425537,1.799069115965893,0.08765952021776606,0.22985126131196004,0.01577648438534086,0.01577648438534086,0,0.0,0.01577648438534086,1.0
2024-09-25,64269.0,63152.0,64755.0,62938.0,26087643765.748165,1245721254991.302,1.0,1.0,upper,0.0409,41.0,41.0,1.104882836341858,0.5694200354741841,23.346221454441547,3.8529073036053716,23.346221454441547,3.6544160364400544,0.19450302157031946,0.42609722912311554,6.0,6.0,0.2355186939239502,0.14489473899205527,0.8693684339523315,0.3961776673361879,0.8693684339523315,1.666173493315179,0.07186773936717396,0.3189156785547928,-0.018543743956892764,-0.018543743956892764,0,0.0,-0.018543743956892764,1.0
2024-09-26,63146.0,65131.0,65743.0,62812.0,37995568903.94455,1287151352432.846,1.0,0.0,lower,-0.0676,41.0,41.0,1.0963040590286255,0.5770654540236403,23.659683614969254,3.9008419884402605,23.659683614969254,3.654959710904879,0.19527230214907906,0.41779277473688126,6.0,6.0,0.23369014263153076,0.14376976092656454,0.8626185655593872,0.39310170276924217,0.8626185655593872,1.666173487636916,0.07130975129530379,0.0740917288906362,0.03085610742751834,0.03085610742751834,0,0.0,0.03085610742751834,1.0
2024-09-27,65178.0,65791.0,66439.0,64853.0,32664917503.931107,1299708226182.0723,1.0,0.0,lower,-0.0777,41.0,41.0,1.0525546073913574,0.5665623856390395,23.22905781120062,3.832774198745284,23.22905781120062,3.6533733077690567,0.19314140206813,0.777806468307972,6.0,6.0,0.22436439990997314,0.13803240656852722,0.8281944394111633,0.37741441736070924,0.8281944394111633,1.6661733230452547,0.06846406703900527,0.37784935816249576,0.010082424512780824,0.010082424512780824,0,0.0,0.010082424512780824,1.0
2024-09-28,65797.0,65934.0,66223.0,65440.0,15342911002.84781,1303217687717.8518,1.0,0.0,lower,-0.0417,41.0,41.0,1.2957415580749512,0.5469402763538245,22.4245513305068,3.7654570988626803,22.4245513305068,3.638856041872725,0.21604972674879802,1.5123359560966492,5.0,5.0,0.2138996720314026,0.12306528091430664,0.6153264045715332,0.3038003336092145,0.6153264045715332,1.4995176615539458,0.057566180815621225,0.3758559770143163,0.0021711908320515123,0.0021711908320515123,0,0.0,0.0021711908320515123,1.0
2024-09-29,65869.0,65664.0,66000.0,65444.0,12948707838.938381,1297825615076.3352,1.0,0.0,lower,-0.0376,41.0,41.0,1.2522584199905396,0.5301701259322282,21.73697516322136,3.710949999407899,21.73697516322136,3.620800720162274,0.23409686542294053,1.2231585904955864,6.0,6.0,0.2067214846611023,0.1125759482383728,0.6754556894302368,0.3045147341249358,0.6754556894302368,1.6862984938637098,0.05274017849888824,0.3129558023379766,-0.004103411584592342,-0.004103411584592342,0,0.0,-0.004103411584592342,1.0
2024-09-30,65603.0,63243.0,65603.0,62970.0,35124446789.27111,1249577803402.1707,1.0,0.0,time,-0.0184,41.0,41.0,1.2429307699203491,0.540670452321448,22.167488545179367,3.7882297154632494,22.167488545179367,3.6184048237415287,0.2401919110031995,0.525909960269928,6.0,6.0,0.20518171787261963,0.11037325859069824,0.6622395515441895,0.3200634559229742,0.6622395515441895,1.561501623129189,0.06993696989168506,0.1321762495819834,-0.037566380561969655,-0.037566380561969655,0,0.0,-0.037566380561969655,1.0
2024-10-01,63357.0,60873.0,64131.0,60315.0,54251488433.95029,1202927109017.5488,1.0,1.0,time,0.0314,41.0,41.0,1.137660026550293,0.5551431317154955,22.760868400335312,3.8559756776173586,22.760868400335312,3.6239895199988696,0.2333744328405845,1.047237515449524,7.0,7.0,0.28020262718200684,0.14095530339649745,0.9866871237754822,0.4469841554022444,0.9866871237754822,1.6972157371228138,0.09313281782445913,0.26138437202961917,-0.038194722892683136,-0.038194722892683136,0,0.0,-0.038194722892683136,1.0
2024-10-02,60800.0,60656.0,62311.0,60080.0,41870731291.86736,1198652098493.4897,1.0,1.0,time,0.0265,41.0,41.0,1.1376198530197144,0.5454170262304748,22.362098075449467,3.7993472163209723,22.362098075449467,3.6217548755770523,0.23365443723271728,0.3987703248858452,5.0,5.0,0.28019285202026367,0.12789132595062255,0.6394566297531128,0.3747879822918358,0.6394566297531128,1.2263143983825837,0.10833750542018539,0.26643842086624203,-0.0035711678796178713,-0.0035711678796178713,0,0.0,-0.0035711678796178713,1.0
2024-10-03,60627.0,60728.0,61432.0,59954.0,37711138441.76231,1200491237695.5154,1.0,1.0,time,0.0237,41.0,41.0,1.1422030925750732,0.5396496748051992,22.12563666701317,3.833958422939334,22.12563666701317,3.5984601814308754,0.2594151281208304,0.9759952500462532,5.0,5.0,0.30463361740112305,0.12597063779830933,0.6298531889915466,0.37388485241492897,0.6298531889915466,1.2181307013954112,0.10995169387396361,0.20737383665893946,0.0011863179404880439,0.0011863179404880439,0,0.0,0.0011863179404880439,1.0
2024-10-04,60749.0,62103.0,62451.0,60470.0,30349059838.684578,1226663492771.043,1.0,0.0,time,-0.0245,41.0,41.0,1.1485387086868286,0.556544031675269,22.818305298686028,3.9469446408095084,22.818305298686028,3.598714420976866,0.2649887420842456,0.6926686316728592,6.0,6.0,0.30632340908050537,0.131639430920283,0.789836585521698,0.4204345419079415,0.789836585521698,1.3954035710119637,0.11014502968907618,0.23509900620082397,0.022389420236859147,0.022389420236859147,0,0.0,0.022389420236859147,1.0
2024-10-05,62094.0,62092.0,62372.0,61721.0,11095453162.990673,1226761949791.163,0.0,0.0,time,-0.031,41.0,41.0,1.1486248970031738,0.564056508243084,23.126316837966442,3.998760723539571,23.126316837966442,3.5980200410304763,0.26803429885981256,0.3080115392804146,5.0,5.0,0.6320377588272095,0.24153690338134765,1.2076845169067383,0.7331460361770622,1.2076845169067383,1.1708403779093721,0.22172177695791895,0.449346489217254,-0.00017714078712930136,-0.0011771407871293013,1,0.001,-0.00017714078712930136,0.0
2024-10-06,62069.0,62812.0,62911.0,61829.0,14592422860.685436,1241834324867.657,1.0,0.0,lower,-0.0426,41.0,41.0,1.1438227891921997,0.5616263016694929,23.02667836844921,3.9866768987308223,23.02667836844921,3.5959936514693793,0.2687461619950096,0.20364142209291458,5.0,5.0,0.6293954849243164,0.2405271053314209,1.2026355266571045,0.7300810455412513,1.2026355266571045,1.1708400284738683,0.22079487813943713,0.04191771589547667,0.011528981858510463,-0.001,1,0.001,0.0,1.0
2024-10-07,62816.0,62287.0,64500.0,62100.0,33878876147.30253,1231091696620.0955,1.0,1.0,time,0.0147,41.0,41.0,1.146491289138794,0.5614574633357001,23.019755996763706,4.053794916074587,23.019755996763706,3.572016048921382,0.292534734774891,0.9378240779042244,5.0,5.0,0.6308637857437134,0.24108822345733644,1.2054411172866821,0.7317842608952113,1.2054411172866821,1.1708398860589688,0.2213099848831398,0.023293383688467586,-0.008393401740198805,-0.008393401740198805,0,0.0,-0.008393401740198805,1.0
2024-10-08,62211.0,62185.0,63130.0,61854.0,28626429276.55382,1229717180592.4397,0.0,1.0,time,0.0103,41.0,41.0,1.1452986001968384,0.5759190315516983,23.612680293619633,4.125088652728907,23.612680293619633,3.5800231403926466,0.2887046100247601,0.6193979978561401,6.0,6.0,0.43905627727508545,0.16318857669830322,0.9791314601898193,0.5528371020997476,0.9791314601898193,1.343284241249879,0.15590905044776304,0.3887885001982034,-0.0016389231768042423,-0.0026389231768042423,1,0.001,-0.0016389231768042423,0.0
2024-10-09,62126.0,60597.0,62500.0,60401.0,28530748117.898792,1197736450280.4102,0.0,1.0,upper,0.0422,41.0,41.0,1.148878812789917,0.5770221527029828,23.657908260822296,4.133885654184689,23.657908260822296,3.579893797889344,0.2895696322494611,0.09554549306631088,5.0,5.0,0.4284941554069519,0.26614598035812376,1.330729901790619,0.6725556241782229,1.330729901790619,1.403136018784986,0.14011613276837542,0.5873292083016807,-0.025868426206341093,-0.0,0,0.0,-0.0,0.0
2024-10-10,60583.0,60195.0,61247.0,58935.0,29481971885.649742,1189691671375.1472,0.0,1.0,upper,0.0488,41.0,41.0,1.148689866065979,0.566267947779923,23.21698585897684,4.088951933121219,23.21698585897684,3.5714006537252447,0.29518464561898533,0.4713285192847252,5.0,5.0,0.3415381908416748,0.1818428874015808,0.909214437007904,0.5183495762906954,0.909214437007904,1.1795831024404042,0.14377211464538142,0.30924753710094655,-0.006656094512373476,-0.0,0,0.0,-0.0,0.0
2024-10-11,60278.0,62392.0,63362.0,60042.0,32008659336.482643,1233357176570.333,1.0,1.0,upper,0.057,41.0,41.0,1.1454603672027588,0.5555178473998861,22.77623174339533,3.9941146117128117,22.77623174339533,3.5775217199990523,0.283718698779647,0.6448150277137756,6.0,6.0,0.34057796001434326,0.16491135954856873,0.9894681572914124,0.53385464815973,0.9894681572914124,1.3308440700677129,0.14249341874440216,0.09095860222649242,0.035847769641207124,-0.001,1,0.001,0.0,1.0
2024-10-12,62465.0,63208.0,63417.0,62465.0,17665963646.417107,1249002272717.2275,0.0,1.0,upper,0.044,41.0,41.0,1.1516242027282715,0.561705016871778,23.029905691742897,3.9984052487418436,23.029905691742897,3.592972530418824,0.2728007835636422,0.7134033814072609,6.0,6.0,0.35207808017730713,0.14745232462882996,0.8847139477729797,0.49463438602365073,0.8847139477729797,1.3027000730421774,0.13796741620537245,0.19270574185145625,0.012993813392235293,0.011993813392235292,1,0.001,0.012993813392235293,0.0
2024-10-13,63192.0,62830.0,63279.0,62060.0,16784552979.060463,1241241970951.0295,0.0,1.0,upper,0.05,41.0,41.0,1.1611438989639282,0.5718415790214771,23.445504739880562,4.0628388863501135,23.445504739880562,3.594351559029624,0.27495211844928785,0.4155990481376648,7.0,7.0,0.3549884557723999,0.1556130817958287,1.0892915725708008,0.5363189757074414,1.0892915725708008,1.5398372741596424,0.12990657363874575,0.2069394750923179,-0.005998209005576454,-0.0,0,0.0,-0.0,0.0
2024-10-14,62872.0,66050.0,66486.0,62465.0,46553796134.14602,1306085613997.8015,1.0,1.0,time,0.0348,41.0,41.0,1.1408946514129639,0.5694638005480533,23.348015822470188,4.057937987797283,23.348015822470188,3.5905461088738817,0.2781038096794995,0.5065487995743752,7.0,7.0,0.3042846918106079,0.11336288281849452,0.7935401797294617,0.4015264268936385,0.7935401797294617,1.5298476513673183,0.10089985777105534,0.391659057708094,0.0499793645534787,-0.001,1,0.001,0.0,1.0
2024-10-15,66053.0,66962.0,67803.0,64886.0,51797932876.82809,1323774576161.621,1.0,1.0,time,0.0294,41.0,41.0,1.1011900901794434,0.530953338233436,21.769086867570877,3.750961499620375,21.769086867570877,3.600692849904196,0.2474919475903144,1.578928954899311,7.0,7.0,0.29369521141052246,0.10941770247050694,0.7659239172935486,0.38755282872897195,0.7659239172935486,1.5298472240150711,0.0973884414954268,0.26185764738665185,0.013713263345084081,0.013713263345084081,0,0.0,0.013713263345084081,1.0
2024-10-16,67103.0,67648.0,68257.0,66782.0,40640495380.19594,1337304399194.887,0.0,0.0,time,-0.0037,41.0,41.0,1.0555404424667358,0.49821341346676756,20.42674995213747,3.527715210907732,20.42674995213747,3.599496451192036,0.23519031160479814,1.3423369154334068,6.0,6.0,0.17932355403900146,0.0754421055316925,0.45265263319015503,0.24238177723754112,0.45265263319015503,1.4015437326435622,0.06403105784760345,0.42406853706386477,0.010192495934353887,0.009192495934353888,1,0.001,0.010192495934353887,0.0
2024-10-17,67620.0,67328.0,67928.0,66739.0,34512072357.92087,1330387728623.8188,0.0,1.0,time,0.0003,41.0,41.0,1.0228488445281982,0.49190665290849966,20.168172769248486,3.502590098312116,20.168172769248486,3.5933594963609607,0.23927120211341307,0.6634901314973831,6.0,6.0,0.17376965284347534,0.0731055239836375,0.43863314390182495,0.23487484837846764,0.43863314390182495,1.401542871060311,0.06204794997859181,0.16077257631888134,-0.004741592572582441,-0.0,0,0.0,-0.0,0.0
2024-10-18,67344.0,68466.0,68970.0,67164.0,39984956633.228035,1353541799303.4875,1.0,0.0,time,-0.0264,41.0,41.0,0.9819614887237549,0.48593846981118366,19.92347726225853,3.4776313546444713,19.92347726225853,3.586821391029057,0.24256433819215487,0.7710283026099205,6.0,6.0,0.1668233573436737,0.07018320759137471,0.4210992455482483,0.2254859214609275,0.4210992455482483,1.4015435530266995,0.05956761565677498,0.19461417711415502,0.016761074005407692,-0.001,1,0.001,0.0,1.0
2024-10-19,68412.0,68389.0,68660.0,68047.0,14110889435.452631,1351942347611.1997,0.0,0.0,time,-0.0026,41.0,41.0,0.9494109749794006,0.4802892422530709,19.691858932375908,3.418310198105157,19.691858932375908,3.592051829296466,0.23306319698190772,0.6024896055459976,7.0,7.0,0.16129344701766968,0.06451753633362907,0.45162275433540344,0.22250320312589755,0.45162275433540344,1.5852606889749297,0.05394453227867677,0.19003169627083902,-0.001125278698258999,-0.0021252786982589988,1,0.001,-0.001125278698258999,0.0
2024-10-20,68362.0,68963.0,69317.0,68088.0,17253863432.786995,1362381684459.9053,1.0,0.0,time,-0.0351,41.0,41.0,0.9176017045974731,0.45039482832681843,18.466187961399555,3.1983140157986716,18.466187961399555,3.595756398548741,0.21595714270676727,1.2256709709763527,7.0,7.0,0.15588945150375366,0.06235594834600176,0.43649163842201233,0.21504842766872212,0.43649163842201233,1.5852613108695817,0.05213714905883867,0.20381097166930978,0.008358135907128455,-0.001,1,0.001,0.0,1.0
2024-10-21,68999.0,67395.0,69432.0,66839.0,40485496091.95008,1332326858574.4448,1.0,0.0,time,-0.0056,41.0,41.0,1.0204763412475586,0.44474905892843153,18.234711416065693,3.1786948896822054,18.234711416065693,3.590131172122867,0.2205442524902066,0.4372258186340332,6.0,6.0,0.15472450852394104,0.08105349540710449,0.48632097244262695,0.2334652985518739,0.48632097244262695,1.5618683958383808,0.05014650356980461,0.1121337000300264,-0.022999297699234176,-0.022999297699234176,0,0.0,-0.022999297699234176,1.0
2024-10-22,67333.0,67351.0,67740.0,66669.0,31398389967.38113,1331426858508.4004,1.0,1.0,time,0.0087,41.0,41.0,1.0066182613372803,0.4506186444948359,18.475364424288273,3.23296509990257,18.475364424288273,3.584639849162978,0.2277525220747151,0.4874110519886017,6.0,6.0,0.15262338519096375,0.07995281120141347,0.47971686720848083,0.23029492451448347,0.47971686720848083,1.561868146733383,0.04946554380421189,0.07872333074153129,-0.0006530806341395333,-0.0006530806341395333,0,0.0,-0.0006530806341395333,1.0
2024-10-23,67395.0,66684.0,67395.0,65162.0,32676918488.059,1318285437546.2786,1.0,1.0,upper,0.0463,41.0,41.0,1.0080052614212036,0.45156435014271157,18.514138355851173,3.238610203716828,18.514138355851173,3.585052239819762,0.22783558451947525,0.03877393156290054,6.0,6.0,0.15283364057540894,0.08006297548611958,0.48037785291671753,0.2306122116362611,0.48037785291671753,1.5618685377701318,0.049533678599551115,0.009037043722551312,-0.009952706470308891,-0.009952706470308891,0,0.0,-0.009952706470308891,1.0
2024-10-24,66634.0,68214.0,68821.0,66483.0,35892606570.03549,1347888109010.5889,1.0,1.0,upper,0.0648,41.0,41.0,0.8795655369758606,0.43403818094875757,17.79556541889906,3.0823030711592265,17.79556541889906,3.59567824932825,0.2081648841724692,0.7185729369521141,6.0,6.0,0.1513536274433136,0.07928764820098877,0.4757258892059326,0.22837899269412743,0.4757258892059326,1.5618681751638597,0.04905401336031158,0.057716099231822145,0.02268477828924007,0.02268477828924007,0,0.0,0.02268477828924007,1.0
2024-10-25,68164.0,66586.0,68655.0,65564.0,48426924850.053406,1313975091942.221,1.0,1.0,upper,0.0478,41.0,41.0,1.049479603767395,0.43722128722725845,17.926072776317596,3.135986338769042,17.926072776317596,3.5876687591421614,0.2206835115325028,0.5361545160412788,6.0,6.0,0.1540696918964386,0.08071047067642212,0.4842628240585327,0.23247727682989885,0.4842628240585327,1.561868101809612,0.049934296466102764,0.09938922918372349,-0.024155477136154287,-0.024155477136154287,0,0.0,-0.024155477136154287,1.0
2024-10-26,66649.0,67018.0,67276.0,66408.0,21169467789.89267,1325192118637.2595,1.0,1.0,upper,0.0413,41.0,41.0,1.0979080200195312,0.45983692022358497,18.853313729166985,3.289402870514333,18.853313729166985,3.5908720296902663,0.22903410776556757,0.9272409528493881,6.0,6.0,0.16117927432060242,0.08443489174048106,0.5066093504428864,0.24320500661182748,0.5066093504428864,1.5618686479006594,0.052238506840737234,0.24765631753397413,0.006466894786760407,0.006466894786760407,0,0.0,0.006466894786760407,1.0
2024-10-27,67016.0,67939.0,68210.0,66851.0,16533385730.434193,1343350549900.1233,1.0,1.0,upper,0.0688,41.0,41.0,1.1487730741500854,0.4793482244741626,19.653277203440666,3.4339817203205043,19.653277203440666,3.5893872015813253,0.2405008454387834,0.8220809102058411,6.0,6.0,0.16864651441574097,0.08834667007128398,0.5300800204277039,0.25447245243195327,0.5300800204277039,1.5618682807236353,0.0546586747775485,0.26008443424928573,0.013649003728892845,0.013649003728892845,0,0.0,0.013649003728892845,1.0
2024-10-28,67960.0,69845.0,70192.0,67558.0,41990540384.96554,1380874923096.4146,1.0,1.0,upper,0.0412,41.0,41.0,0.9993161559104919,0.48016111861641814,19.686605863273144,3.392266270280504,19.686605863273144,3.6026202532950147,0.22386449273530407,0.7390500381588936,6.0,6.0,0.17340373992919922,0.09083874026934306,0.5450324416160583,0.26165061653300176,0.5450324416160583,1.5618679369138018,0.05620051116281911,0.1690987421583689,0.02766825742499084,0.02766825742499084,0,0.0,0.02766825742499084,1.0
2024-10-29,69936.0,72781.0,73562.0,69721.0,65487782004.97014,1439310420089.3665,1.0,0.0,lower,-0.046,41.0,41.0,1.0642651319503784,0.48096053411320944,19.719381898641586,3.428538243836421,19.719381898641586,3.592818765948743,0.23533214923965268,0.7169099077582359,6.0,6.0,0.16787242889404297,0.08794115483760834,0.52764692902565,0.25330438741502703,0.52764692902565,1.5618684796642137,0.054407769663699215,0.1951571082305334,0.04117643094857816,0.04117643094857816,0,0.0,0.04117643094857816,1.0
2024-10-30,72708.0,72343.0,72860.0,71430.0,43498144313.67304,1431085552900.1965,1.0,0.0,lower,-0.043,41.0,41.0,0.9453530311584473,0.458895128129459,18.81470025330782,3.2778720344059993,18.81470025330782,3.5890200402873744,0.22688079982410592,0.9046816453337669,6.0,6.0,0.16403990983963013,0.08593345681826274,0.5156007409095764,0.24752146352758653,0.5156007409095764,1.5618684358247892,0.05316565448736774,0.13768652834771564,-0.006036235631850341,-0.006036235631850341,0,0.0,-0.006036235631850341,1.0
2024-10-31,72343.0,70265.0,72635.0,69706.0,45907074188.570145,1390195908292.9321,1.0,0.0,time,-0.0133,41.0,41.0,0.9543603658676147,0.4649889185661223,19.064545661211014,3.29973195833022,19.064545661211014,3.594846059138266,0.22215290970272233,0.6518341526389122,6.0,6.0,0.16560286283493042,0.08675223588943481,0.5205134153366089,0.24987984059821824,0.5205134153366089,1.5618685981700429,0.053672202840474297,0.061168072683022934,-0.02914488794353375,-0.02914488794353375,0,0.0,-0.02914488794353375,1.0
2024-11-01,70180.0,69508.0,71500.0,68840.0,54863092261.31101,1374687306836.925,1.0,1.0,upper,0.0843,41.0,41.0,0.9672234654426575,0.45707488714194877,18.7400703728199,3.2227260843745325,18.7400703728199,3.6027169884109282,0.2107100576517161,0.6212218999862671,6.0,6.0,0.16783493757247925,0.08792151014010112,0.5275290608406067,0.25324779068861686,0.5275290608406067,1.5618687353783065,0.05439560615952062,0.0838064368548029,-0.010831954692700341,-0.010831954692700341,0,0.0,-0.010831954692700341,1.0
2024-11-02,69473.0,69299.0,69863.0,69105.0,14709379754.965973,1370516856365.7996,1.0,1.0,upper,0.0873,41.0,41.0,0.9640540480613708,0.4702259870927508,19.279265470802784,3.3339718525716027,19.279265470802784,3.5960414695975373,0.22359352696400311,0.5746646150946617,5.0,5.0,0.12990647554397583,0.07170306444168091,0.35851532220840454,0.18902530208537113,0.35851532220840454,1.373326178782531,0.044774808937228516,0.13972182903955527,-0.003011377782694034,-0.003011377782694034,0,0.0,-0.003011377782694034,1.0
2024-11-03,69346.0,68804.0,69362.0,67570.0,37659435506.757034,1362302032218.0198,1.0,1.0,upper,0.0945,41.0,41.0,0.9710983037948608,0.46418386770457754,19.03153857588768,3.293523488025897,19.03153857588768,3.594571280138546,0.22158870830909713,0.42503123730421066,4.0,4.0,0.13085567951202393,0.0782572329044342,0.3130289316177368,0.18422924702339774,0.3130289316177368,1.131629855432775,0.048589189773479105,0.07247193447070699,-0.0071685932931694245,-0.0071685932931694245,0,0.0,-0.0071685932931694245,1.0
2024-11-04,68736.0,67793.0,69318.0,66854.0,46183110993.79166,1340192510479.9568,1.0,1.0,upper,0.1093,41.0,41.0,0.9936664700508118,0.48094794681159464,19.71886581927538,3.4009703953627697,19.71886581927538,3.597031271275784,0.22539134534968444,0.8312176242470741,4.0,4.0,0.13389670848846436,0.08007590472698212,0.32030361890792847,0.1885107278281266,0.32030361890792847,1.131629021522383,0.04971843831746721,0.10501625421721306,-0.01480293800566776,-0.01480293800566776,0,0.0,-0.01480293800566776,1.0
2024-11-05,67800.0,69335.0,70555.0,67448.0,40025021601.49395,1370963795352.6948,1.0,1.0,upper,0.0868,41.0,41.0,1.023902177810669,0.48864703316514085,20.034528359770775,3.454972646917615,20.034528359770775,3.598224951918823,0.22883709974906183,0.5946604385972023,4.0,4.0,0.13797104358673096,0.08251246809959412,0.33004987239837646,0.1942467979670234,0.33004987239837646,1.1316286203649526,0.05123131111170068,0.13794132472741308,0.02249088442735087,0.02249088442735087,0,0.0,0.02249088442735087,1.0
2024-11-06,69426.0,75621.0,76244.0,69426.0,128492534668.23851,1496392703840.9058,1.0,1.0,upper,0.1588,41.0,41.0,1.9000496864318848,0.4959995390438452,20.335981100797653,3.743614189725459,20.335981100797653,3.547249535646652,0.3095240228477416,1.916209414601326,4.0,4.0,0.1293681263923645,0.07736755907535553,0.3094702363014221,0.18213492075532478,0.3094702363014221,1.1316284815827922,0.04803689355441795,0.24681138034722608,0.0867841931843337,0.0867841931843337,0,0.0,0.0867841931843337,1.0
2024-11-07,75640.0,75987.0,76873.0,74444.0,66590396087.4524,1502620808927.6982,1.0,1.0,upper,0.154,41.0,41.0,1.6846777200698853,0.4593819339827793,18.834659293293953,3.460961676034545,18.834659293293953,3.544746687562652,0.2848171647557533,1.5244171768426895,4.0,4.0,0.10517698526382446,0.0659656822681427,0.2638627290725708,0.15320651583186795,0.2638627290725708,1.150552746093236,0.03894339335796952,0.2162866817662067,0.004828250633421185,0.004828250633421185,0,0.0,0.004828250633421185,1.0
2024-11-08,75895.0,76550.0,77240.0,75684.0,50687468387.720375,1514048743889.1255,0.0,1.0,upper,0.1466,41.0,41.0,1.223763346672058,0.4356145037383568,17.86019465327263,3.1504812070563557,17.86019465327263,3.5785322376527087,0.2287490906531019,1.345300480723381,5.0,5.0,0.09844636917114258,0.05297626256942749,0.26488131284713745,0.14451571851502254,0.26488131284713745,1.3201499082231523,0.03701991604201341,0.22803199233450305,0.007381849080110451,0.006381849080110451,1,0.001,0.007381849080110451,0.0
2024-11-09,76513.0,76630.0,76948.0,75868.0,31430906055.796104,1519470275068.1016,1.0,1.0,upper,0.1456,41.0,41.0,1.1573487520217896,0.4158392484958579,17.049409188330173,3.0040668588667105,17.049409188330173,3.57935443675028,0.2172221627941508,0.8766165301203728,3.0,3.0,0.05142873525619507,0.031843761603037514,0.09553128480911255,0.06477113425569642,0.09553128480911255,0.8545451664197212,0.019606328686389257,0.19355577924062706,0.001044522878620216,-0.001,1,0.001,0.0,1.0
2024-11-10,76753.0,80467.0,81359.0,76550.0,93473126207.67865,1590846468754.067,1.0,1.0,upper,0.0967,41.0,41.0,1.5919452905654907,0.41051080059714434,16.830942824482918,3.162265434785666,16.830942824482918,3.5261173000040373,0.2745567987954463,1.8621806725859642,2.0,2.0,0.04909539222717285,0.0268537700176239,0.0537075400352478,0.049311554886694406,0.0537075400352478,0.29288929834662136,0.02224162220954895,0.10552778506375918,0.048858517506499666,0.048858517506499666,0,0.0,0.048858517506499666,1.0
2024-11-11,80457.0,88637.0,89561.0,80431.0,133959805308.72511,1756619702929.0437,1.0,1.0,time,0.022,41.0,41.0,1.4852441549301147,0.3717365492953033,15.241198521107435,3.0219773107914785,15.241198521107435,3.473740608412973,0.29077844728302227,2.545002792030573,2.0,2.0,0.04042923450469971,0.022149324417114258,0.044298648834228516,0.040613979980907614,0.044298648834228516,0.29635958524861955,0.01827991008758545,0.0693008407478567,0.09670221517207112,0.09670221517207112,0,0.0,0.09670221517207112,1.0
2024-11-12,88822.0,88265.0,89864.0,85315.0,152356811694.44943,1741113172482.1243,1.0,1.0,time,0.0177,41.0,41.0,1.2872262001037598,0.3337719998345142,13.684651993215084,2.6768813870073926,13.684651993215084,3.4932377603773737,0.2517325476447249,1.7015878222882748,2.0,2.0,0.03590202331542969,0.019669055938720703,0.039338111877441406,0.036066078006177005,0.039338111877441406,0.29635773619547323,0.016232967376708984,0.05914012065569884,-0.0042057246196373355,-0.0042057246196373355,0,0.0,-0.0042057246196373355,
2024-11-13,87977.0,90488.0,93477.0,86353.0,136046309843.60645,1790737763695.3328,1.0,1.0,time,0.0005,41.0,41.0,1.150565505027771,0.30210520063595075,12.38631322607398,2.411407184377759,12.38631322607398,3.497109066662713,0.22485306674261207,1.3098261021077633,2.0,2.0,0.03209036588668823,0.01758083701133728,0.03516167402267456,0.03223700538833748,0.03516167402267456,0.2963591563115784,0.014509528875350952,0.05267930380691831,0.024873592187833485,0.024873592187833485,0,0.0,0.024873592187833485,
2024-11-14,90540.0,87408.0,91711.0,86995.0,99649391847.08359,1726797438787.217,1.0,1.0,time,0.0539,41.0,41.0,1.0806703567504883,0.2988060929971497,12.251049812883139,2.465890726985341,12.251049812883139,3.460437817755828,0.24294578074889125,1.0890759527683258,1.0,1.0,0.030140936374664307,0.030140936374664307,0.030140936374664307,0.030140936374664307,0.030140936374664307,-0.0,0.0,0.046175918641141664,-0.03463043357571808,-0.03463043357571808,0,0.0,-0.03463043357571808,
2024-11-15,87361.0,90948.0,91777.0,87162.0,84382485697.84985,1799276211921.9302,1.0,1.0,time,0.0353,41.0,41.0,1.1143898963928223,0.29792642820535636,12.214983556419611,2.5295203803244655,12.214983556419611,3.4222382765151473,0.2594227613293515,1.1137667521834373,0.0,0.0,0.0,0.0,0.0,0.0,0.0,0.0,0.0,0.02131286050183747,0.039701102964530534,0.039701102964530534,0,0.0,0.039701102964530534,
2024-11-16,91059.0,90606.0,91715.0,90160.0,49255174407.368774,1790415769635.4927,1.0,1.0,upper,0.0836,41.0,41.0,0.9962343573570251,0.2800558409312876,11.482289478182793,2.3561004370965355,11.482289478182793,3.435861858886609,0.2386714771425424,0.8271481953561306,0.0,0.0,0.0,0.0,0.0,0.0,0.0,0.0,0.0,0.0,-0.00376747859618528,-0.00376747859618528,0,0.0,-0.00376747859618528,
2024-11-17,90597.0,89841.0,91439.0,88774.0,48556083101.64749,1776887033229.9082,1.0,1.0,upper,0.0921,41.0,41.0,0.9488171339035034,0.27124532602909135,11.121058367192745,2.257064736070053,11.121058367192745,3.4502831881879326,0.2251181868574398,0.5285477861762047,0.0,0.0,0.0,0.0,0.0,0.0,0.0,0.0,0.0,0.0,-0.008478994754090712,-0.008478994754090712,0,0.0,-0.008478994754090712,
2024-11-18,89877.0,90535.0,92653.0,89443.0,77391724184.19348,1790917617392.4407,1.0,1.0,upper,0.0844,41.0,41.0,0.9074546098709106,0.26261615353386575,10.767262294888496,2.180630849288724,10.767262294888496,3.449517611513926,0.21682261452208057,0.5305116847157478,0.0,0.0,0.0,0.0,0.0,0.0,0.0,0.0,0.0,0.0,0.007695075004989426,0.007695075004989426,0,0.0,0.007695075004989426,
2024-11-19,90520.0,92252.0,94041.0,90457.0,80493234958.49161,1825195454018.501,1.0,1.0,upper,0.0656,41.0,41.0,0.9305344223976135,0.2706703858041182,11.097485817968845,2.2832243191509773,11.097485817968845,3.423862749553528,0.23213497565189212,0.7102998271584511,0.0,0.0,0.0,0.0,0.0,0.0,0.0,0.0,0.0,0.0,0.018787446629820254,0.018787446629820254,0,0.0,0.018787446629820254,
2024-11-20,92421.0,94217.0,94891.0,91663.0,80747272080.24826,1862618759426.145,0.0,0.0,time,-0.0129,41.0,41.0,0.894986093044281,0.26424167241628577,10.833908569067717,2.2075388428405023,10.833908569067717,3.436122207630881,0.221439724968218,0.45471515879034996,0.0,0.0,0.0,0.0,0.0,0.0,0.0,0.0,0.0,0.0,0.021076669488959685,0.020076669488959684,1,0.001,0.021076669488959685,
2024-11-21,94366.0,98509.0,98831.0,94159.0,118163852022.3175,1948284556982.0486,1.0,0.0,lower,-0.0691,41.0,41.0,0.8515455722808838,0.25744822003492496,10.555377021431923,2.139575608776555,10.555377021431923,3.436666971273713,0.21301097874524924,0.6127007566392422,0.0,0.0,0.0,0.0,0.0,0.0,0.0,0.0,0.0,0.0,0.0445472821709978,-0.001,1,0.001,0.0,
2024-11-22,98455.0,98927.0,99645.0,97394.0,85746174563.98602,1958091000957.8345,1.0,0.0,lower,-0.0617,41.0,41.0,0.8161424398422241,0.24998659086300107,10.249450225383043,2.0635213772152228,10.249450225383043,3.4430199243625035,0.20337969741592277,0.4681675396859646,0.0,0.0,0.0,0.0,0.0,0.0,0.0,0.0,0.0,0.0,0.004234289841102659,0.004234289841102659,0,0.0,0.004234289841102659,
2024-11-23,99021.0,97679.0,99021.0,97262.0,47414200206.70341,1931255637661.502,0.0,0.0,lower,-0.0606,41.0,41.0,0.7897114157676697,0.24369572466466485,9.991524711251259,2.0024178884955552,9.991524711251259,3.4479199730232666,0.1959831715743333,0.3237004615366459,0.0,0.0,0.0,0.0,0.0,0.0,0.0,0.0,0.0,0.0,-0.012695612163678227,-0.013695612163678227,1,0.001,-0.012695612163678227,
2024-11-24,97770.0,98016.0,98648.0,95803.0,50665680246.86775,1939446484727.4285,0.0,0.0,lower,-0.0641,41.0,41.0,0.7676407694816589,0.23419855135243114,9.602140605449677,1.9336062559235474,9.602140605449677,3.444298919900777,0.1906360172037731,0.38938410580158234,0.0,0.0,0.0,0.0,0.0,0.0,0.0,0.0,0.0,0.0,0.0034441384105566744,0.0,0,0.0,0.0,
2024-11-25,98026.0,93005.0,98882.0,92775.0,89476321216.0935,1838788677873.8657,0.0,1.0,time,0.037,41.0,41.0,0.7593221664428711,0.2402508058017347,9.850283037871122,1.9814053599738592,9.850283037871122,3.4382501053202517,0.1950252493540161,0.3992203660309315,0.0,0.0,0.0,0.0,0.0,0.0,0.0,0.0,0.0,0.0,-0.05247747550145058,-0.0,0,0.0,-0.0,
2024-11-26,92952.0,91932.0,94962.0,90752.0,97389239315.52954,1819990514406.0881,0.0,1.0,time,0.0569,41.0,41.0,0.7557236552238464,0.23966836447759374,9.826402943581343,1.9731787718618996,9.826402943581343,3.4409044099288018,0.19370310091959134,0.06373900175094604,0.0,0.0,0.0,0.0,0.0,0.0,0.0,0.0,0.0,0.0,-0.01160408182622995,-0.0,0,0.0,-0.0,
2024-11-27,91966.0,95981.0,97360.0,91796.0,81469353259.75,1899088665519.225,0.0,0.0,time,-0.0015,41.0,41.0,0.7470512390136719,0.23682466739924943,9.709811363369226,1.9283322668491427,9.709811363369226,3.454404425110333,0.1860332047946033,0.4274468198418617,0.0,0.0,0.0,0.0,0.0,0.0,0.0,0.0,0.0,0.0,0.04310108189039736,0.0,0,0.0,0.0,
2024-11-28,95951.0,95662.0,96614.0,94716.0,49067932024.40325,1892297852304.72,0.0,1.0,time,0.0039,41.0,41.0,0.7440643310546875,0.23303651210011506,9.554496996104717,1.9069926696043047,9.554496996104717,3.4505434160767194,0.18545095907407624,0.1553143672645092,0.0,0.0,0.0,0.0,0.0,0.0,0.0,0.0,0.0,0.0,-0.003329109799181653,-0.0,0,0.0,-0.0,
2024-11-29,95649.0,97453.0,98685.0,95318.0,74670031635.5065,1926826079390.2441,0.0,1.0,time,0.0145,41.0,41.0,0.7410355806350708,0.24097062229383281,9.879795514047146,1.9701209371854425,9.879795514047146,3.444643203169137,0.19131356166664643,0.37913617491722107,0.0,0.0,0.0,0.0,0.0,0.0,0.0,0.0,0.0,0.0,0.01854906508377892,0.0,0,0.0,0.0,
2024-11-30,97509.0,96513.0,97509.0,96157.0,43580019720.720634,1910022814269.8855,0.0,1.0,time,0.0071,41.0,41.0,0.7385789752006531,0.2417091184818163,9.910073857754469,1.9671910362320186,9.910073857754469,3.4512361914907683,0.18963928254066584,0.09170057997107506,0.0,0.0,0.0,0.0,0.0,0.0,0.0,0.0,0.0,0.0,-0.009692496200086116,-0.0,0,0.0,-0.0,
2024-12-01,96450.0,97312.0,97838.0,95833.0,49147687432.565895,1925808416477.5068,0.0,1.0,time,0.027,41.0,41.0,0.7357337474822998,0.23880043107925392,9.79081767424941,1.9245169402229094,9.79081767424941,3.4648590950333795,0.1825105390859904,0.3419886976480484,0.0,0.0,0.0,0.0,0.0,0.0,0.0,0.0,0.0,0.0,0.008244597197361479,0.0,0,0.0,0.0,
2024-12-02,97236.0,95833.0,98146.0,94498.0,101019861361.49252,1896576914275.523,0.0,1.0,time,0.0404,41.0,41.0,0.7381214499473572,0.2358720365275697,9.670753497630358,1.9148036539980453,9.670753497630358,3.458018751255218,0.18382207138917442,0.16358035057783127,0.0,0.0,0.0,0.0,0.0,0.0,0.0,0.0,0.0,0.0,-0.015315218192577479,-0.0,0,0.0,-0.0,
2024-12-03,95862.0,96032.0,96260.0,93697.0,87935752287.975,1900922167493.3643,0.0,1.0,upper,0.0528,41.0,41.0,0.737136960029602,0.23362023919457342,9.57842980697751,1.9073786337274985,9.57842980697751,3.4498026148217527,0.18481224419536796,0.09232369065284729,0.0,0.0,0.0,0.0,0.0,0.0,0.0,0.0,0.0,0.0,0.0020743759555798837,0.0,0,0.0,0.0,
2024-12-04,95955.0,98881.0,99330.0,94870.0,98230784298.0459,1957276192604.2603,0.0,0.0,time,-0.0156,41.0,41.0,0.7322179675102234,0.2338777065458821,9.588985968381166,1.893341573643651,9.588985968381166,3.462090440890456,0.18092528225369756,0.2908729612827301,0.0,0.0,0.0,0.0,0.0,0.0,0.0,0.0,0.0,0.0,0.02923563766889366,0.0,0,0.0,0.0,
2024-12-05,98762.0,97202.0,103679.0,92980.0,190460293531.53802,1920742551503.6094,0.0,0.0,time,-0.0057,41.0,41.0,0.7308485507965088,0.23212298578241977,9.51704241707921,1.8757675717501432,9.51704241707921,3.467356319420216,0.1787067144628974,0.25079621374607086,1.0,1.0,0.0012623369693756104,0.0012623369693756104,0.0012623369693756104,0.0012623369693756104,0.0012623369693756104,-0.0,0.0,0.0008926070311879904,-0.017125819540455396,-0.0,0,0.0,-0.0,
2024-12-06,97072.0,99974.0,102034.0,96589.0,115812632020.44765,1978389972043.7947,1.0,1.0,time,0.0114,41.0,41.0,0.7274911999702454,0.23485273349939323,9.628962073475122,1.8817259981786256,9.628962073475122,3.4764739957889144,0.17665625077849723,0.1640230268239975,2.0,2.0,0.04088833928108215,0.02107243984937668,0.04214487969875336,0.04090764210983233,0.04214487969875336,0.13409774291605164,0.019815899431705475,0.03051928634088231,0.028118864795836702,-0.001,1,0.001,0.0,
2024-12-07,99928.0,99782.0,100537.0,99183.0,61061136199.7846,1974739091620.7542,0.0,1.0,time,0.0022,41.0,41.0,0.7247964143753052,0.2339735672604747,9.592916257679462,1.8716290712843529,9.592916257679462,3.48012506518503,0.17520068933184238,0.13465767726302147,2.0,2.0,0.040736883878707886,0.023421823978424072,0.046843647956848145,0.04119206568810788,0.046843647956848145,0.387079640082494,0.017315059900283813,0.006975292969176412,-0.0019223458532070365,-0.0029223458532070365,1,0.001,-0.0019223458532070365,
2024-12-08,99893.0,101235.0,101235.0,98903.0,62677764785.05408,2003238967638.8286,0.0,0.0,lower,-0.0463,41.0,41.0,0.7218624949455261,0.23462398977177898,9.619583580642939,1.8722083839813333,9.619583580642939,3.481772718528385,0.17448035415417731,0.09312835708260536,2.0,2.0,0.04057198762893677,0.02332700788974762,0.04665401577949524,0.04102532445437554,0.04665401577949524,0.3870790477656886,0.017244979739189148,0.003388219560558932,0.014456740534455061,0.0,0,0.0,0.0,
2024-12-09,101200.0,97354.0,101200.0,94726.0,146846843211.51685,1926047690157.6282,0.0,1.0,time,0.0404,41.0,41.0,0.7252511978149414,0.2338480232510625,9.587768953293562,1.8761545754271234,9.587768953293562,3.4745101945483596,0.17654372593037276,0.14305240660905838,2.0,2.0,0.04076245427131653,0.023436516523361206,0.04687303304672241,0.041217919054600656,0.04687303304672241,0.3870789888565098,0.017325937747955322,0.003913385574083922,-0.03909072703474646,-0.0,0,0.0,-0.0,
2024-12-10,97371.0,96650.0,98328.0,94387.0,125835977742.51114,1913115778728.2837,0.0,1.0,upper,0.0802,41.0,41.0,0.7335563898086548,0.24124784549561942,9.891161665320396,1.9146747000879698,9.891161665320396,3.4890687510905285,0.17667372200627338,0.3033927120268345,2.0,2.0,0.041229248046875,0.023704901337623596,0.04740980267524719,0.041689928640200845,0.04740980267524719,0.38707899514964106,0.017524346709251404,0.009591225298479136,-0.007257614174393124,-0.0,0,0.0,-0.0,
2024-12-11,96643.0,101124.0,101960.0,95741.0,118484957960.76833,2001746436338.842,1.0,1.0,time,0.0478,41.0,41.0,0.7382151484489441,0.24362104486038044,9.988462839275599,1.9555656727022546,9.988462839275599,3.4732488925176996,0.1841816009188345,0.29195858910679817,4.0,4.0,0.04149109125137329,0.01916583627462387,0.07666334509849548,0.04677256561868784,0.07666334509849548,1.161796686741395,0.013401079939054417,0.02585258418483763,0.0452512809238768,-0.001,1,0.001,0.0,
2024-12-12,101205.0,100001.0,102528.0,99410.0,100092043319.81221,1979166149963.3093,1.0,1.0,upper,0.059,41.0,41.0,0.7481570243835449,0.24857403201664366,10.19153531268239,1.9903716933648785,10.19153531268239,3.4749517399798893,0.1866409395287207,0.2030724734067917,4.0,4.0,0.04204988479614258,0.01623430848121643,0.06493723392486572,0.04452591669313207,0.06493723392486572,0.9971986447218513,0.015234386842851227,0.03304926287124209,-0.01116730064012489,-0.01116730064012489,0,0.0,-0.01116730064012489,
2024-12-13,100006.0,101352.0,101845.0,99261.0,78802903278.85962,2005406021235.8357,0.0,0.0,time,-0.0099,41.0,41.0,0.7557408809661865,0.25011428336544733,10.254685617983341,2.00461540195215,10.254685617983341,3.474919855685295,0.1882939816962358,0.15634231641888618,3.0,3.0,0.042476117610931396,0.02052376667658488,0.06157130002975464,0.04479687314900396,0.06157130002975464,0.816635696589282,0.01573832740100066,0.016967944613696266,0.01341942036166043,0.012419420361660431,1,0.001,0.01341942036166043,
2024-12-14,101366.0,101367.0,102658.0,100682.0,57321924844.41535,2007646386698.8667,1.0,0.0,time,-0.0353,41.0,41.0,0.7696202993392944,0.25899360546978506,10.618737824261189,2.0547190460241516,10.618737824261189,3.4882296432034,0.18945912510132967,0.3640522062778473,3.0,3.0,0.04325622320175171,0.020900676647822063,0.06270202994346619,0.04561958452579156,0.06270202994346619,0.816634493267273,0.01602738946611287,0.02589808685350078,0.000147988102026799,-0.001,1,0.001,0.0,
2024-12-15,101393.0,104722.0,105004.0,101274.0,70645074624.52869,2075487816560.1924,0.0,0.0,lower,-0.0679,41.0,41.0,0.7804208993911743,0.2674977932034469,10.967409521341324,2.1134210854365816,10.967409521341324,3.4895684195653054,0.19335237894874246,0.34867169708013535,3.0,3.0,0.043863266706466675,0.02119400103886922,0.06358200311660767,0.04625980187789748,0.06358200311660767,0.8166350754484113,0.016252304756306186,0.020153140220502765,0.032561625566001055,0.031561625566001054,1,0.001,0.032561625566001055,
2024-12-16,104351.0,106074.0,107822.0,103433.0,115184737759.33566,2097460193710.789,0.0,0.0,lower,-0.0554,41.0,41.0,0.7900855541229248,0.27020384353108523,11.078357584774494,2.137137927116154,11.078357584774494,3.4885077838127585,0.19593078171120476,0.13965172320604324,3.0,3.0,0.04440644383430481,0.02145645022392273,0.06436935067176819,0.04683265292230825,0.06436935067176819,0.8166348344044358,0.016453567101658805,0.01803361128335844,0.012827743784161077,0.0,0,0.0,0.0,
2024-12-17,106090.0,106035.0,108135.0,105525.0,93417826250.1972,2100629850064.9119,1.0,0.0,lower,-0.055,41.0,41.0,0.7987427115440369,0.2642029229460693,10.832319840788841,2.0865567808464847,10.832319840788841,3.4955355576966807,0.19074875797782087,0.408998467028141,4.0,4.0,0.04489302635192871,0.01725449413061142,0.06901797652244568,0.047509755139158304,0.06901797652244568,0.9889851991729965,0.01632717491308251,0.018941982227883077,-0.00036773546091395853,-0.001,1,0.001,-0.0,
2024-12-18,106154.0,100356.0,106477.0,100237.0,113692025885.44745,1985284833093.572,1.0,0.0,lower,-0.0586,41.0,41.0,0.8126706480979919,0.2687757538586128,11.019805908203125,2.116394756785872,11.019805908203125,3.5026655676359777,0.19237096569869824,0.291694775223732,4.0,4.0,0.053116172552108765,0.027412787079811096,0.10965114831924438,0.07050240961128572,0.10965114831924438,1.010129031407748,0.02216272873015234,0.05502420534424298,-0.05504536410363802,-0.05504536410363802,0,0.0,-0.05504536410363802,
2024-12-19,100139.0,97851.0,102759.0,95718.0,100611554887.24123,1937022229972.2085,1.0,1.0,time,0.0086,41.0,41.0,0.8333224058151245,0.2807430410530509,11.510464683175087,2.201386562860165,11.510464683175087,3.5040737637221273,0.19844640119597412,0.490658774971962,4.0,4.0,0.05446594953536987,0.02810940146446228,0.11243760585784912,0.07229400780754786,0.11243760585784912,1.0101293360634092,0.022725920015021033,0.04311388852427925,-0.025277950673457325,-0.025277950673457325,0,0.0,-0.025277950673457325,
2024-12-20,97491.0,97691.0,98059.0,92245.0,112340864006.62827,1932373308116.0107,1.0,1.0,time,0.0168,41.0,41.0,0.8643993139266968,0.29131776039920204,11.944028176367283,2.283795534447919,11.944028176367283,3.5043518619895484,0.20578312670405438,0.4335634931921959,4.0,4.0,0.056497156620025635,0.02915768325328827,0.11663073301315308,0.07499006130892437,0.11663073301315308,1.0101294036609414,0.02357343485960355,0.05751596771816637,-0.0016364774391941256,-0.0016364774391941256,0,0.0,-0.0016364774391941256,
2024-12-21,97466.0,97203.0,99496.0,96562.0,53058382639.48845,1922768195068.165,1.0,0.0,time,-0.0158,41.0,41.0,0.9054088592529297,0.29000700265169144,11.890287108719349,2.278738277230194,11.890287108719349,3.5069893920576263,0.20626655800771124,0.7119878232479095,4.0,4.0,0.059177517890930176,0.03054099529981613,0.12216398119926453,0.07854779288246655,0.12216398119926453,1.010128738180655,0.024691831600213963,0.07145307999242985,-0.0050078608871029105,-0.0050078608871029105,0,0.0,-0.0050078608871029105,
2024-12-22,97244.0,95094.0,97377.0,94099.0,44619017105.36954,1884599149192.4587,1.0,0.0,time,-0.008,41.0,41.0,0.958599328994751,0.2997554297127375,12.289972618222237,2.3248152806003897,12.289972618222237,3.521962427372765,0.2048664089155499,0.9008417204022408,4.0,4.0,0.062654048204422,0.03233520686626434,0.12934082746505737,0.08316228415301524,0.12934082746505737,1.010128982059121,0.026142413302956632,0.08859966987299761,-0.02193569910929125,-0.02193569910929125,0,0.0,-0.02193569910929125,
2024-12-23,95110.0,94645.0,96386.0,92442.0,64937790292.61125,1874912975786.6604,1.0,1.0,upper,0.0485,41.0,41.0,1.0292526483535767,0.33201425886008795,13.612584613263607,2.545886842810936,13.612584613263607,3.5318485702516913,0.21875298603424725,1.3226119950413704,4.0,4.0,0.06727194786071777,0.03471846878528595,0.1388738751411438,0.08929173825021659,0.1388738751411438,1.0101292387196157,0.028069227904262403,0.11307567899491203,-0.00473282602016061,-0.00473282602016061,0,0.0,-0.00473282602016061,
2024-12-24,94784.0,98696.0,99304.0,93580.0,49169088282.15742,1951173788529.116,1.0,0.0,time,-0.0523,41.0,41.0,1.128130316734314,0.36866486127056725,15.115259312093258,2.8206349183415926,15.115259312093258,3.532108527377885,0.24111106464208218,1.5026746988296509,5.0,5.0,0.08433455228805542,0.04730992913246155,0.23654964566230774,0.12919289171316972,0.23654964566230774,1.301387824742934,0.03316521158267539,0.21197880905556502,0.04191136871098075,0.04191136871098075,0,0.0,0.04191136871098075,
2024-12-25,98637.0,99345.0,99345.0,97695.0,33963749856.44743,1966481159354.1177,1.0,0.0,lower,-0.0518,41.0,41.0,1.25078547000885,0.38462699368232633,15.76970674097538,2.92920508842652,15.76970674097538,3.5382920188106617,0.24766162768990516,1.3764766976237297,5.0,5.0,0.138574481010437,0.061467820405960084,0.3073391020298004,0.1760040818758486,0.3073391020298004,1.2429921838208653,0.04916497149325646,0.29162912229792837,0.006554221835888972,0.006554221835888972,0,0.0,0.006554221835888972,
2024-12-26,99365.0,95678.0,99887.0,95134.0,45049342388.18843,1894744251986.1084,1.0,0.0,time,-0.0229,41.0,41.0,1.3494510650634766,0.3929487401392402,16.110898345708847,2.919585307917075,16.110898345708847,3.5642785582132515,0.23128596821122638,1.2934844642877579,6.0,6.0,0.08820009231567383,0.052688012520472206,0.31612807512283325,0.15221448255880057,0.31612807512283325,1.5458728391472805,0.03294715142087094,0.2638117371566151,-0.037610253631235206,-0.037610253631235206,0,0.0,-0.037610253631235206,
2024-12-27,95688.0,94332.0,97134.0,93369.0,41498540807.666954,1867708753554.924,0.0,0.0,time,-0.0088,41.0,41.0,1.476061463356018,0.4344450231732392,17.812245950102806,3.2068021943217193,17.812245950102806,3.573322323402241,0.24915166842056244,1.701347604393959,6.0,6.0,0.09647536277770996,0.05763139327367147,0.3457883596420288,0.16649580790182084,0.3457883596420288,1.5458726746902527,0.03603838024683434,0.394139990478575,-0.014167912374197494,-0.015167912374197495,1,0.001,-0.014167912374197494,
2024-12-28,94188.0,95185.0,95276.0,94039.0,22429850903.940086,1885556552231.4314,0.0,0.0,time,-0.0178,41.0,41.0,1.6429877281188965,0.4840129712005941,19.844531819224358,3.567288487556255,19.844531819224358,3.5747150844683335,0.27588157345904973,2.0322858691215515,8.0,8.0,0.10738563537597656,0.05814656987786293,0.46517255902290344,0.19623552083258822,0.46517255902290344,1.8356724077085813,0.037848697018437086,0.500351448193383,0.009001891758132293,0.0,0,0.0,0.0,
2024-12-29,95069.0,93663.0,95113.0,92869.0,24065314499.502274,1854872605738.8086,-1.0,1.0,time,-0.0017,41.0,41.0,1.8877780437469482,0.5396553659584464,22.125870004296303,3.982325670665427,22.125870004296303,3.576525679457467,0.3091519980142104,2.3754484355449677,8.0,8.0,0.12338519096374512,0.06680984795093536,0.5344787836074829,0.22547278848990515,0.5344787836074829,1.8356717393242505,0.043487831751532355,0.6343163285013453,-0.016119132365810366,-0.001,1,0.001,-0.0,
2024-12-30,93467.0,92627.0,94838.0,91375.0,57595164139.4709,1833188187477.531,-1.0,0.0,time,0.0095,41.0,41.0,1.1226177215576172,0.5730583446054924,23.495392128825188,4.012599336741491,23.495392128825188,3.6176881666817455,0.25359478518609174,2.9426125586032867,9.0,9.0,0.13840025663375854,0.07764100366168553,0.6987690329551697,0.2716877117451699,0.6987690329551697,1.9835832537652538,0.046620314679072614,0.7703402025589179,-0.011122558166159108,0.011122558166159108,0,0.0,0.011122558166159108,
2024-12-31,92666.0,93508.0,95988.0,91942.0,45327464907.74362,1851839954625.13,-1.0,,,,41.0,41.0,1.1561435461044312,0.5876146427741865,24.092200353741646,4.119487732055805,24.092200353741646,3.6165050457707544,0.2619462554283472,0.660404235124588,9.0,9.0,0.14253348112106323,0.07995966407987806,0.7196369767189026,0.27980141556231003,0.7196369767189026,1.9835828502442698,0.04801261550973409,0.3547133248092953,0.009466318306008806,-0.009466318306008806,0,0.0,-0.009466318306008806,
