timestamp,bitcoin_open,bitcoin_close,bitcoin_high,bitcoin_low,bitcoin_total_volume,bitcoin_market_cap,bitcoin_log_return_1,atr,hilo_high_ma,hilo_low_ma,hilo_signal,long_atr,short_atr,long_trail_stop,short_trail_stop,long_stop,short_stop,signal,long_trailing_stop,short_trailing_stop,enter_long,enter_short,strategy_returns,position_change,transaction_cost,strategy_returns_gross
2020-01-01,7193.96,7193.75,7239.84,7174.58,18123516838.8979,130422953817.668,-0.00019459444494260061,188.52857142857152,7361.74125,7189.57125,-1,0.0,7382.278571428572,0.0,7382.278571428572,0,0,-1,0.0,7382.278571428572,False,False,0.00019459444494260061,0,0.0,0.00019459444494260061
2020-01-02,7194.41,6963.85,7203.05,6953.31,20313194628.09452,126280790200.20206,-0.032480111159292016,185.92285714285723,7339.555,7186.537499999999,-1,0.0,7149.772857142858,0.0,7149.772857142858,0,0,-1,0.0,7149.772857142858,False,False,0.032480111159292016,0,0.0,0.032480111159292016
2020-01-03,6963.31,7300.35,7371.04,6891.25,31015776262.21867,132766262579.09486,0.047189809881726635,212.15928571428574,7331.328750000001,7163.297500000001,-1,0.0,7512.509285714286,0.0,7149.772857142858,0,1,0,0.0,7149.772857142858,False,False,-0.048189809881726636,1,0.001,-0.047189809881726635
2020-01-04,7319.41,7351.38,7376.23,7269.76,20611640058.34164,133474716218.18333,0.006965758492512528,215.1242857142857,7327.52375,7127.876249999999,1,7136.255714285714,0.0,7136.255714285714,0.0,0,0,1,7136.255714285714,0.0,True,False,-0.001,1,0.001,0.0
2020-01-05,7348.62,7349.97,7473.64,7330.32,21929224570.56102,133388991086.87987,-0.0001918191192405128,199.7064285714286,7341.7225,7150.01,1,7150.263571428572,0.0,7150.263571428572,0.0,0,0,1,7150.263571428572,0.0,False,False,-0.0001918191192405128,0,0.0,-0.0001918191192405128
2020-01-06,7350.06,7734.68,7752.96,7349.44,28148518761.51164,140557168287.4443,0.05101788119117712,201.8185714285715,7357.4625,7160.77625,1,7532.861428571428,0.0,7532.861428571428,0.0,0,0,1,7532.861428571428,0.0,False,False,0.05101788119117712,0,0.0,0.05101788119117712
2020-01-07,7734.45,8147.42,8147.42,7734.45,34823187724.289955,147798610895.50055,0.051987199943561734,215.7107142857144,7389.37375,7168.8825,1,7931.709285714285,0.0,7931.709285714285,0.0,0,0,1,7931.709285714285,0.0,False,False,0.051987199943561734,0,0.0,0.051987199943561734
2020-01-08,8138.67,8045.79,8388.78,7899.66,39971512000.06816,146089575425.2795,-0.012552339456942431,241.3885714285716,7483.4975,7231.4475,1,7804.401428571428,0.0,7931.709285714285,0.0,0,0,1,7931.709285714285,0.0,False,False,-0.012552339456942431,0,0.0,-0.012552339456942431
2020-01-09,8027.56,7832.8,8038.98,7778.17,29276053440.88472,141913856953.47913,-0.026828928203834104,244.30000000000018,7619.12,7325.3462500000005,1,7588.5,0.0,7931.709285714285,0.0,1,0,0,7931.709285714285,0.0,False,False,-0.027828928203834105,1,0.001,-0.026828928203834104
2020-01-10,7826.99,8180.51,8180.51,7688.29,35777298156.26295,146879934259.3087,0.043434450801690144,267.31928571428585,7719.012500000001,7400.795,1,7913.190714285714,0.0,7931.709285714285,0.0,1,0,0,7931.709285714285,0.0,False,False,0.0,0,0.0,0.0
2020-01-11,8151.94,8012.09,8217.85,8002.02,31504583511.03613,145561586658.57422,-0.020802844968659494,275.3407142857144,7841.195,7492.6675000000005,1,7736.749285714286,0.0,7931.709285714285,0.0,0,0,1,7931.709285714285,0.0,False,False,-0.001,1,0.001,-0.0
2020-01-12,7983.41,8171.4,8171.4,7972.94,27533390875.51989,148204228775.38776,0.019688601930074504,274.2964285714287,7947.046249999999,7631.513749999999,1,7897.103571428571,0.0,7931.709285714285,0.0,0,0,1,7931.709285714285,0.0,False,False,0.019688601930074504,0,0.0,0.019688601930074504
2020-01-13,8160.01,8110.65,8164.32,8054.45,27962176780.628242,147446058196.45944,-0.007462239939709934,271.18571428571437,8046.4425,7719.41125,1,7839.464285714285,0.0,7931.709285714285,0.0,0,0,1,7931.709285714285,0.0,False,False,-0.007462239939709934,0,0.0,-0.007462239939709934
2020-01-14,8099.45,8801.87,8832.87,8099.13,55384169405.51928,159481192213.82108,0.08178618602811422,312.5007142857144,8132.7775,7809.9275,1,8489.369285714287,0.0,8489.369285714287,0.0,0,0,1,8489.369285714287,0.0,False,False,0.08178618602811422,0,0.0,0.08178618602811422
2020-01-15,8795.71,8820.85,8859.04,8570.39,48160401007.254,159960761751.8495,0.0021540383480806754,328.4571428571431,8267.76625,7903.63875,1,8492.392857142857,0.0,8492.392857142857,0.0,0,0,1,8492.392857142857,0.0,False,False,0.0021540383480806754,0,0.0,0.0021540383480806754
2020-01-16,8821.03,8720.92,8845.85,8585.49,36462155571.2176,158412991117.64667,-0.011393500314487973,329.21571428571457,8356.71875,8008.13125,1,8391.704285714286,0.0,8492.392857142857,0.0,0,0,1,8492.392857142857,0.0,False,False,-0.011393500314487973,0,0.0,-0.011393500314487973
2020-01-17,8737.33,8902.57,8952.26,8660.3,41671910798.34088,161848747742.1508,0.020615262155898848,315.7992857142861,8413.8525,8093.86,1,8586.770714285714,0.0,8586.770714285714,0.0,0,0,1,8586.770714285714,0.0,False,False,0.020615262155898848,0,0.0,0.020615262155898848
2020-01-18,8883.98,8906.9,8950.64,8805.15,36801813631.51236,161823609428.34625,0.0004862581632488282,318.58642857142894,8528.0125,8204.12625,1,8588.31357142857,0.0,8588.31357142857,0.0,0,0,1,8588.31357142857,0.0,False,False,0.0004862581632488282,0,0.0,0.0004862581632488282
2020-01-19,8905.12,8690.38,9167.74,8544.89,39242297095.94223,157906057309.30655,-0.024609590517258157,352.8385714285718,8624.278750000001,8343.73375,1,8337.541428571427,0.0,8588.31357142857,0.0,0,0,1,8588.31357142857,0.0,False,False,-0.024609590517258157,0,0.0,-0.024609590517258157
2020-01-20,8690.27,8631.25,8728.03,8524.91,29527689342.88548,156848009983.54858,-0.006827328569251031,338.5242857142861,8743.015,8411.5925,1,8292.725714285714,0.0,8588.31357142857,0.0,0,0,1,8588.31357142857,0.0,False,False,-0.006827328569251031,0,0.0,-0.006827328569251031
2020-01-21,8631.41,8724.82,8760.28,8515.56,27057681779.746685,158564958350.98007,0.010782499327723639,326.506428571429,8812.59375,8480.588749999999,1,8398.31357142857,0.0,8588.31357142857,0.0,0,0,1,8588.31357142857,0.0,False,False,0.010782499327723639,0,0.0,0.010782499327723639
2020-01-22,8718.03,8665.44,8776.03,8613.93,25628542094.50134,157502652064.02246,-0.0068291366288682955,303.14785714285756,8887.08875,8538.2275,1,8362.292142857143,0.0,8588.31357142857,0.0,0,0,1,8588.31357142857,0.0,False,False,-0.0068291366288682955,0,0.0,-0.0068291366288682955
2020-01-23,8665.85,8415.96,8670.01,8310.85,30696020541.207973,152984928858.5764,-0.029212797741972586,309.686428571429,8879.98375,8602.5775,-1,0.0,8725.646428571428,0.0,8725.646428571428,0,0,-1,0.0,8725.646428571428,False,True,-0.030212797741972587,1,0.001,-0.029212797741972586
2020-01-24,8415.12,8432.1,8504.82,8238.24,30691734305.128674,153294353936.51035,0.001915948178876803,293.56928571428614,8856.355,8570.135,-1,0.0,8725.669285714286,0.0,8725.646428571428,0,0,-1,0.0,8725.646428571428,False,False,-0.001915948178876803,0,0.0,-0.001915948178876803
2020-01-25,8431.4,8348.67,8431.4,8285.25,26582198966.298725,151794495723.25214,-0.009943606572221824,288.6421428571433,8813.72625,8526.72875,-1,0.0,8637.312142857143,0.0,8637.312142857143,0,0,-1,0.0,8637.312142857143,False,False,0.009943606572221824,0,0.0,0.009943606572221824
2020-01-26,8346.73,8595.73,8598.31,8310.78,30241155463.270596,156302144661.30927,0.029163323589837756,295.0042857142861,8748.61875,8479.8475,-1,0.0,8890.734285714285,0.0,8637.312142857143,0,0,-1,0.0,8637.312142857143,False,False,-0.029163323589837756,0,0.0,-0.029163323589837756
2020-01-27,8597.06,8879.34,8955.0,8564.29,39661537339.92209,161473602737.4275,0.032461661588723975,314.5585714285717,8704.5775,8418.05125,1,8564.781428571428,0.0,8564.781428571428,0.0,0,0,1,8564.781428571428,0.0,True,False,-0.033461661588723976,1,0.001,-0.032461661588723975
2020-01-28,8878.39,9320.81,9332.08,8878.39,49812761504.1306,169518428144.8912,0.048522304874735384,294.5550000000003,8677.985,8420.47625,1,9026.255,0.0,9026.255,0.0,0,0,1,9026.255,0.0,False,False,0.048522304874735384,0,0.0,0.048522304874735384
2020-01-29,9336.81,9276.89,9388.92,9228.95,47273353143.75747,168738228801.50467,-0.0047231734729128545,285.36357142857156,8753.491250000001,8464.66125,1,8991.526428571427,0.0,9026.255,0.0,0,0,1,9026.255,0.0,False,False,-0.0047231734729128545,0,0.0,-0.0047231734729128545
2020-01-30,9276.19,9509.81,9570.22,9184.93,51037775414.9802,172993102966.37723,0.024797536068823237,294.2871428571429,8832.071249999999,8553.835000000001,1,9215.522857142856,0.0,9215.522857142856,0.0,0,0,1,9215.522857142856,0.0,False,False,0.024797536068823237,0,0.0,0.024797536068823237
2020-01-31,9505.25,9308.06,9511.61,9204.19,50102814005.68021,169340144566.23718,-0.021443205901042796,295.39142857142855,8931.345,8625.210000000001,1,9012.66857142857,0.0,9215.522857142856,0.0,0,0,1,9215.522857142856,0.0,False,False,-0.021443205901042796,0,0.0,-0.021443205901042796
2020-02-01,9311.96,9363.22,9439.53,9285.88,48307978233.84802,170361167834.16483,0.005908556936036987,295.9742857142858,9036.545,8736.8775,1,9067.245714285713,0.0,9215.522857142856,0.0,0,0,1,9215.522857142856,0.0,False,False,0.005908556936036987,0,0.0,0.005908556936036987
2020-02-02,9357.81,9338.42,9456.88,9204.42,55025402183.682236,169926610304.08496,-0.0026521753746731633,269.51785714285717,9153.383749999999,8867.8325,1,9068.902142857143,0.0,9215.522857142856,0.0,0,0,1,9215.522857142856,0.0,False,False,-0.0026521753746731633,0,0.0,-0.0026521753746731633
2020-02-03,9321.98,9308.91,9575.81,9240.22,56824765307.81458,169406963182.6937,-0.0031650670240796425,278.97999999999996,9281.56875,8982.72875,1,9029.93,0.0,9215.522857142856,0.0,0,0,1,9215.522857142856,0.0,False,False,-0.0031650670240796425,0,0.0,-0.0031650670240796425
2020-02-04,9303.21,9179.96,9332.49,9085.8,55377658455.62325,167075369075.11478,-0.013949158700021096,279.1207142857142,9403.75625,9098.90875,1,8900.839285714284,0.0,9215.522857142856,0.0,1,0,0,9215.522857142856,0.0,False,False,-0.014949158700021097,1,0.001,-0.013949158700021096
2020-02-05,9182.73,9592.18,9694.36,9160.11,65675565620.91084,174596806174.2994,0.04392533586274144,305.702857142857,9450.942500000001,9164.0975,1,9286.477142857144,0.0,9286.477142857144,0.0,1,0,0,9286.477142857144,0.0,False,False,0.0,0,0.0,0.0
2020-02-06,9585.98,9744.64,9842.37,9513.03,71141695218.03949,177388314197.5645,0.015769207068428836,303.57285714285706,9496.2275,9199.3125,1,9441.067142857142,0.0,9441.067142857142,0.0,0,0,1,9441.067142857142,0.0,False,False,-0.001,1,0.001,0.0
2020-02-07,9757.21,9799.45,9845.58,9726.36,69495711755.62915,178414902529.15167,0.005608871397021804,293.0471428571427,9552.90875,9234.8225,1,9506.402857142857,0.0,9506.402857142857,0.0,0,0,1,9506.402857142857,0.0,False,False,0.005608871397021804,0,0.0,0.005608871397021804
2020-02-08,9806.27,9890.7,9913.44,9641.16,71561797135.19986,180081607384.42255,0.009268660041519546,302.00642857142844,9587.32875,9302.501250000001,1,9588.693571428572,0.0,9588.693571428572,0.0,0,0,1,9588.693571428572,0.0,False,False,0.009268660041519546,0,0.0,0.009268660041519546
2020-02-09,9889.45,10148.38,10148.38,9889.05,78110955304.52135,184792100015.16357,0.025719165143944563,299.9921428571428,9637.5575,9357.1225,1,9848.387857142856,0.0,9848.387857142856,0.0,0,0,1,9848.387857142856,0.0,False,False,0.025719165143944563,0,0.0,0.025719165143944563
2020-02-10,10156.02,9890.12,10175.39,9771.54,81406687324.35088,180145850760.05313,-0.025777807808926714,300.9307142857142,9726.16375,9432.51875,1,9589.189285714287,0.0,9848.387857142856,0.0,0,0,1,9848.387857142856,0.0,False,False,-0.025777807808926714,0,0.0,-0.025777807808926714
2020-02-11,9880.45,10226.93,10276.86,9717.91,38930644711.90421,186262984851.99295,0.03348815814432289,308.4492857142856,9815.9775,9503.408749999999,1,9918.480714285715,0.0,9918.480714285715,0.0,0,0,1,9918.480714285715,0.0,False,False,0.03348815814432289,0,0.0,0.03348815814432289
2020-02-12,10228.71,10328.9,10383.85,10210.85,45456624047.83392,188132988212.86746,0.009921354324817083,309.38,9903.60875,9563.119999999999,1,10019.52,0.0,10019.52,0.0,0,0,1,10019.52,0.0,False,False,0.009921354324817083,0,0.0,0.009921354324817083
2020-02-13,10328.39,10221.26,10454.25,10113.01,54151236617.55855,186190344916.03287,-0.010475926650809575,306.23357142857145,10035.02875,9703.751250000001,1,9915.02642857143,0.0,10019.52,0.0,0,0,1,10019.52,0.0,False,False,-0.010475926650809575,0,0.0,-0.010475926650809575
2020-02-14,10223.05,10320.16,10364.73,10118.42,50206573483.049774,187680301470.73926,0.009629398961710871,301.86857142857144,10130.015,9822.86375,1,10018.291428571429,0.0,10019.52,0.0,0,0,1,10019.52,0.0,False,False,0.009629398961710871,0,0.0,0.009629398961710871
2020-02-15,10317.51,9894.14,10353.26,9840.68,51460340288.898056,180265718400.57037,-0.04215660111390234,327.50642857142844,10195.31,9898.5375,-1,0.0,10221.646428571428,0.0,10221.646428571428,0,0,-1,0.0,10221.646428571428,False,True,-0.04315660111390234,1,0.001,-0.04215660111390234
2020-02-16,9896.24,9943.67,10040.51,9666.52,42364906261.0548,181221481668.7407,0.004993505121740295,336.18714285714276,10258.77,9912.827500000001,-1,0.0,10279.857142857143,0.0,10221.646428571428,0,0,-1,0.0,10221.646428571428,False,False,-0.004993505121740295,0,0.0,-0.004993505121740295
2020-02-17,9934.92,9723.61,9946.32,9493.63,48517591137.467995,176547652266.39673,-0.022379219119339776,344.5514285714285,10274.65375,9915.997500000001,-1,0.0,10068.16142857143,0.0,10068.16142857143,0,0,-1,0.0,10068.16142857143,False,False,0.022379219119339776,0,0.0,0.022379219119339776
2020-02-18,9722.14,10133.82,10204.28,9604.33,54648014949.72496,184918071499.10074,0.041321396208929065,369.78428571428566,10249.396250000002,9866.57,-1,0.0,10503.604285714286,0.0,10068.16142857143,0,1,0,0.0,10068.16142857143,False,False,-0.042321396208929066,1,0.001,-0.041321396208929065
2020-02-19,10155.32,9618.41,10228.18,9580.01,50502739123.75383,175312937106.92148,-0.05219937455464907,377.9214285714285,10253.0075,9845.668749999999,-1,0.0,9996.331428571428,0.0,9996.331428571428,0,1,0,0.0,9996.331428571428,False,False,-0.0,0,0.0,-0.0
2020-02-20,9625.62,9608.17,9665.92,9483.53,53579139400.80847,174871048291.16623,-0.001065192142151273,367.4249999999999,10246.9225,9828.431250000001,-1,0.0,9975.595,0.0,9975.595,0,0,-1,0.0,9975.595,False,False,-0.001,1,0.001,-0.0
2020-02-21,9601.62,9673.01,9739.71,9578.06,37678167400.71924,176701844101.55685,0.006725754795484582,370.45571428571424,10157.18125,9737.51625,-1,0.0,10043.465714285714,0.0,9975.595,0,0,-1,0.0,9975.595,False,False,-0.006725754795484582,0,0.0,-0.006725754795484582
2020-02-22,9668.09,9658.61,9691.25,9562.29,32555342237.084362,176097270350.4831,-0.001489787473927134,360.21857142857124,10067.86375,9670.647500000001,-1,0.0,10018.828571428572,0.0,9975.595,0,0,-1,0.0,9975.595,False,False,0.001489787473927134,0,0.0,0.001489787473927134
2020-02-23,9656.0,9946.72,9949.8,9653.46,38743680759.32858,181368043820.09412,0.02939310305198382,362.8621428571427,9983.678750000001,9601.13125,-1,0.0,10309.582142857142,0.0,9975.595,0,0,-1,0.0,9975.595,False,False,-0.02939310305198382,0,0.0,-0.02939310305198382
2020-02-24,9946.6,9670.96,9969.09,9517.12,41928789500.12296,175872097740.40662,-0.02811526793402875,366.29928571428565,9933.24625,9577.72875,-1,0.0,10037.259285714284,0.0,9975.595,0,0,-1,0.0,9975.595,False,False,0.02811526793402875,0,0.0,0.02811526793402875
2020-02-25,9665.38,9345.34,9665.91,9311.3,39441760776.318504,170478976467.6238,-0.034249757311101095,352.0642857142856,9924.31875,9559.05375,-1,0.0,9697.404285714285,0.0,9697.404285714285,0,0,-1,0.0,9697.404285714285,False,False,0.034249757311101095,0,0.0,0.034249757311101095
2020-02-26,9332.97,8801.66,9374.85,8687.11,45140119229.636024,160731785487.8149,-0.05993748328004498,388.8314285714284,9889.2675,9536.2625,-1,0.0,9190.491428571428,0.0,9190.491428571428,0,0,-1,0.0,9190.491428571428,False,False,0.05993748328004498,0,0.0,0.05993748328004498
2020-02-27,8806.42,8781.18,8954.05,8575.79,43045469000.97675,160149975301.41962,-0.00232954508619813,391.475714285714,9785.588749999999,9421.61,-1,0.0,9172.655714285715,0.0,9172.655714285715,0,0,-1,0.0,9172.655714285715,False,False,0.00232954508619813,0,0.0,0.00232954508619813
2020-02-28,8816.64,8717.33,8894.61,8468.46,41297721067.30182,159030381910.26715,-0.007297796598203316,404.32142857142844,9626.3225,9296.082499999999,-1,0.0,9121.65142857143,0.0,9121.65142857143,0,0,-1,0.0,9121.65142857143,False,False,0.007297796598203316,0,0.0,0.007297796598203316
2020-02-29,8724.31,8552.99,8792.87,8552.99,33291626663.006737,156047250857.11172,-0.019032068956237366,384.8428571428571,9529.90875,9169.19875,-1,0.0,8937.832857142857,0.0,8937.832857142857,0,0,-1,0.0,8937.832857142857,False,False,0.019032068956237366,0,0.0,0.019032068956237366
2020-03-01,8547.97,8567.8,8759.62,8456.63,34310775733.322155,155934421965.2728,0.0017300607850451804,379.77142857142866,9411.55375,9041.065,-1,0.0,8947.571428571428,0.0,8937.832857142857,0,0,-1,0.0,8937.832857142857,False,False,-0.0017300607850451804,0,0.0,-0.0017300607850451804
2020-03-02,8517.42,8905.88,8952.72,8504.61,59776629742.57125,162521881368.8758,0.038700742543703134,379.4442857142857,9295.1,8902.8575,-1,0.0,9285.324285714285,0.0,8937.832857142857,0,0,-1,0.0,8937.832857142857,False,False,-0.038700742543703134,0,0.0,-0.038700742543703134
2020-03-03,8912.01,8756.72,8912.37,8649.94,68336042797.3885,159816567727.14258,-0.016890327137873737,355.33571428571423,9170.465,8759.251250000001,-1,0.0,9112.055714285714,0.0,8937.832857142857,0,0,-1,0.0,8937.832857142857,False,False,0.016890327137873737,0,0.0,0.016890327137873737
2020-03-04,8752.8,8758.65,8843.49,8692.54,38832067216.87788,159869936941.09732,0.00022037787472499207,319.8199999999998,9038.375,8650.85375,-1,0.0,9078.47,0.0,8937.832857142857,0,0,-1,0.0,8937.832857142857,False,False,-0.00022037787472499207,0,0.0,-0.00022037787472499207
2020-03-05,8766.14,9038.87,9136.05,8766.14,38122635173.15044,165070261612.788,0.03149238310777801,333.7492857142856,8935.5725,8573.50875,1,8705.120714285715,0.0,8705.120714285715,0.0,0,0,1,8705.120714285715,0.0,True,False,-0.03249238310777801,1,0.001,-0.03149238310777801
2020-03-06,9047.88,9135.85,9152.04,9008.53,41388087588.44269,166791067805.42844,0.010672067624011319,332.4535714285713,8905.7225,8583.3875,1,8803.396428571428,0.0,8803.396428571428,0.0,0,0,1,8803.396428571428,0.0,False,False,0.010672067624011319,0,0.0,0.010672067624011319
2020-03-07,9128.44,8902.2,9160.97,8864.91,36764763103.12236,162543409238.00458,-0.025907797012279483,344.3892857142856,8930.47125,8637.48,1,8557.810714285715,0.0,8803.396428571428,0.0,0,0,1,8803.396428571428,0.0,False,False,-0.025907797012279483,0,0.0,-0.025907797012279483
2020-03-08,8910.02,8041.37,8910.02,8041.37,39132209137.697235,147076617271.6885,-0.10169897051793265,385.26857142857136,8963.76625,8687.03625,-1,0.0,8426.638571428572,0.0,8426.638571428572,0,0,-1,0.0,8426.638571428572,False,True,-0.10269897051793266,1,0.001,-0.10169897051793265
2020-03-09,8050.87,7921.33,8223.75,7697.08,45678665163.11017,144664117909.4077,-0.015040345664014953,390.6042857142857,8978.41,8623.08375,-1,0.0,8311.934285714286,0.0,8311.934285714286,0,0,-1,0.0,8311.934285714286,False,False,0.015040345664014953,0,0.0,0.015040345664014953
2020-03-10,7954.51,7906.73,8138.89,7785.01,40882213633.94649,144410718987.88852,-0.0018448254733404463,390.1914285714286,8911.42625,8528.140000000001,-1,0.0,8296.921428571428,0.0,8296.921428571428,0,0,-1,0.0,8296.921428571428,False,False,0.0018448254733404463,0,0.0,0.0018448254733404463
2020-03-11,7905.67,7935.52,7982.66,7620.77,38689036552.81125,144948460093.29614,0.0036345887350029324,366.9164285714286,8809.6975,8438.19,-1,0.0,8302.43642857143,0.0,8296.921428571428,0,0,-1,0.0,8296.921428571428,False,False,-0.0036345887350029324,0,0.0,-0.0036345887350029324
2020-03-12,7939.24,5142.99,7963.67,4795.52,50009548492.07486,93092131086.97026,-0.4337142618819257,566.1942857142858,8693.48375,8309.54375,-1,0.0,5709.184285714286,0.0,5709.184285714286,0,0,-1,0.0,5709.184285714286,False,False,0.4337142618819257,0,0.0,0.4337142618819257
2020-03-13,5154.34,5542.82,5874.4,4249.6,74329688818.10397,101262945297.35811,0.07486877412007929,651.8121428571428,8583.50625,7822.41625,-1,0.0,6194.632142857143,0.0,5709.184285714286,0,0,-1,0.0,5709.184285714286,False,False,-0.07486877412007929,0,0.0,-0.07486877412007929
2020-03-14,5553.14,5214.19,5621.92,5138.66,36054625746.82817,95216478864.65564,-0.0611196413202621,669.1964285714284,8175.8,7257.84875,-1,0.0,5883.386428571428,0.0,5709.184285714286,0,0,-1,0.0,5709.184285714286,False,False,0.0611196413202621,0,0.0,0.0611196413202621
2020-03-15,5205.29,5397.93,5842.93,5160.25,32985693209.74783,98632587514.00247,0.0346317915456191,696.3171428571426,7734.535,6774.115000000001,-1,0.0,6094.2471428571425,0.0,5709.184285714286,0,0,-1,0.0,5709.184285714286,False,False,-0.0346317915456191,0,0.0,-0.0346317915456191
2020-03-16,5354.9,5032.5,5359.95,4550.8,44034438467.966835,91962797384.28253,-0.07009866821408209,724.8185714285713,7319.78,6311.0325,-1,0.0,5757.318571428571,0.0,5709.184285714286,0,0,-1,0.0,5709.184285714286,False,False,0.07009866821408209,0,0.0,0.07009866821408209
2020-03-17,5054.12,5389.42,5458.3,4995.44,36007089253.822556,98079756006.79294,0.06852089392004691,739.135,6876.02125,5874.71125,-1,0.0,6128.555,0.0,5709.184285714286,0,0,-1,0.0,5709.184285714286,False,False,-0.06852089392004691,0,0.0,-0.06852089392004691
2020-03-18,5314.73,5376.28,5422.75,5036.93,37618067230.41405,98259998309.05324,-0.0024410872539644877,755.9114285714285,6530.34,5537.00625,-1,0.0,6132.191428571428,0.0,5709.184285714286,0,0,-1,0.0,5709.184285714286,False,False,0.0024410872539644877,0,0.0,0.0024410872539644877
2020-03-19,5372.69,6170.2,6305.01,5264.7,48056214948.15649,112778383593.49141,0.13773456710491155,803.2621428571429,6190.8225,5193.49625,-1,0.0,6973.462142857143,0.0,5709.184285714286,0,1,0,0.0,5709.184285714286,False,False,-0.13873456710491155,1,0.001,-0.13773456710491155
2020-03-20,6136.49,6195.6,6849.59,5784.79,50936770688.25396,113030383272.51407,0.004108110388663244,869.0685714285713,5981.11625,4898.9875,1,5326.531428571429,0.0,5326.531428571429,0.0,0,0,1,5326.531428571429,0.0,True,False,-0.001,1,0.001,0.0
2020-03-21,6213.61,6145.77,6426.79,5951.22,40189198131.46317,112349835902.32983,-0.008075322397381268,881.8907142857144,5841.85625,5022.64625,1,5263.879285714286,0.0,5326.531428571429,0.0,0,0,1,5326.531428571429,0.0,False,False,-0.008075322397381268,0,0.0,-0.008075322397381268
2020-03-22,6171.23,5859.65,6395.68,5820.76,37255748385.30394,107128564670.89128,-0.04767416545134771,860.9099999999999,5910.905,5235.34875,1,4998.74,0.0,5326.531428571429,0.0,0,0,1,5326.531428571429,0.0,False,False,-0.04767416545134771,0,0.0,-0.04767416545134771
2020-03-23,5848.04,6456.35,6549.61,5766.32,45578824447.64577,118046727572.5451,0.09697426779049927,879.24,6007.625,5320.61125,1,5577.110000000001,0.0,5577.110000000001,0.0,0,0,1,5577.110000000001,0.0,False,False,0.09697426779049927,0,0.0,0.09697426779049927
2020-03-24,6469.06,6730.17,6778.43,6365.2,45846522059.373184,123064256188.85924,0.04153626073408802,883.4792857142857,6095.96,5396.37,1,5846.690714285714,0.0,5846.690714285714,0.0,0,0,1,5846.690714285714,0.0,False,False,0.04153626073408802,0,0.0,0.04153626073408802
2020-03-25,6740.4,6695.9,6894.0,6507.91,42082295491.03078,122445336599.19923,-0.005105004580796228,885.2078571428572,6273.27,5623.17,1,5810.692142857142,0.0,5846.690714285714,0.0,0,0,1,5846.690714285714,0.0,False,False,-0.005105004580796228,0,0.0,-0.005105004580796228
2020-03-26,6701.07,6765.56,6767.29,6584.36,34840544710.10888,123732739823.4625,0.010349638419837765,671.9778571428573,6452.7325,5812.22875,1,6093.5821428571435,0.0,6093.5821428571435,0.0,0,0,1,6093.5821428571435,0.0,False,False,0.010349638419837765,0,0.0,0.010349638419837765
2020-03-27,6784.95,6397.83,6865.07,6373.23,32910551599.472366,117019679177.81361,-0.055886166835426375,591.052142857143,6620.8,6005.657499999999,1,5806.777857142857,0.0,6093.5821428571435,0.0,0,0,1,6093.5821428571435,0.0,False,False,-0.055886166835426375,0,0.0,-0.055886166835426375
2020-03-28,6403.78,6255.0,6403.78,6099.81,35231848358.55144,114171796491.49913,-0.02257772645206573,578.2457142857144,6690.8075,6144.22375,1,5676.754285714285,0.0,6093.5821428571435,0.0,0,0,1,6093.5821428571435,0.0,False,False,-0.02257772645206573,0,0.0,-0.02257772645206573
2020-03-29,6264.74,5915.34,6264.74,5911.38,25923471292.176422,108551603303.50957,-0.05583216715993467,554.7228571428572,6635.08125,6183.60125,-1,0.0,6470.062857142857,0.0,6470.062857142857,0,0,-1,0.0,6470.062857142857,False,True,-0.05683216715993467,1,0.001,-0.05583216715993467
2020-03-30,5905.52,6403.14,6545.5,5905.52,34907149977.57921,117151628726.53436,0.07923951828959323,539.9264285714286,6614.825,6178.62125,-1,0.0,6943.066428571429,0.0,6470.062857142857,0,0,-1,0.0,6470.062857142857,False,False,-0.07923951828959323,0,0.0,-0.07923951828959323
2020-03-31,6403.14,6421.71,6508.22,6334.39,32287674952.1782,117750205634.39989,0.0028959423272909525,519.2814285714286,6633.5525,6189.2162499999995,-1,0.0,6940.9914285714285,0.0,6470.062857142857,0,0,-1,0.0,6470.062857142857,False,False,-0.0028959423272909525,0,0.0,-0.0028959423272909525
2020-04-01,6419.49,6640.8,6640.8,6179.92,35886963977.71526,120921617010.34784,0.03354800078286481,524.6428571428571,6628.37875,6260.224999999999,1,6116.157142857143,0.0,6116.157142857143,0.0,0,0,1,6116.157142857143,0.0,True,False,-0.03454800078286481,1,0.001,-0.03354800078286481
2020-04-02,6638.92,6807.9,7108.29,6569.15,47638672293.73783,124719708453.63535,0.024851264402860458,488.84499999999997,6611.175,6237.0650000000005,1,6319.054999999999,0.0,6319.054999999999,0.0,0,0,1,6319.054999999999,0.0,False,False,0.024851264402860458,0,0.0,0.024851264402860458
2020-04-03,6767.37,6732.85,6997.91,6628.92,39867535857.25387,123234164427.70816,-0.011085171577181484,439.1442857142857,6637.96125,6244.719999999999,1,6293.705714285715,0.0,6319.054999999999,0.0,0,0,1,6319.054999999999,0.0,False,False,-0.011085171577181484,0,0.0,-0.011085171577181484
2020-04-04,6733.29,6859.42,6949.17,6684.1,35009177102.13241,125564427826.17566,0.018624359074077328,424.1085714285714,6666.78875,6250.29,1,6435.311428571429,0.0,6435.311428571429,0.0,0,0,1,6435.311428571429,0.0,False,False,0.018624359074077328,0,0.0,0.018624359074077328
2020-04-05,6859.59,6788.05,6885.19,6701.19,31885662165.01491,124272363451.93964,-0.01045917677369968,396.18571428571425,6677.3012499999995,6289.14875,1,6391.864285714286,0.0,6435.311428571429,0.0,0,0,1,6435.311428571429,0.0,False,False,-0.01045917677369968,0,0.0,-0.01045917677369968
2020-04-06,6778.67,7297.64,7297.64,6778.47,45370138560.82485,133484854333.44951,0.0723872949296424,377.32,6737.4775,6364.321250000001,1,6920.320000000001,0.0,6920.320000000001,0.0,0,0,1,6920.320000000001,0.0,False,False,0.0723872949296424,0,0.0,0.0723872949296424
2020-04-07,7280.01,7196.78,7415.91,7106.18,43386074290.71468,131782164465.85344,-0.013917304448284502,369.92714285714277,6866.59,6472.7074999999995,1,6826.852857142857,0.0,6920.320000000001,0.0,0,0,1,6920.320000000001,0.0,False,False,-0.013917304448284502,0,0.0,-0.013917304448284502
2020-04-08,7197.92,7342.29,7396.29,7166.14,38922547592.862114,134518720640.0234,0.02001707930265908,358.7885714285713,6975.391250000001,6622.79,1,6983.501428571429,0.0,6983.501428571429,0.0,0,0,1,6983.501428571429,0.0,False,False,0.02001707930265908,0,0.0,0.02001707930265908
2020-04-09,7339.04,7294.49,7357.38,7155.32,34921486435.060486,133598651281.71776,-0.006531514435769509,360.15499999999986,7086.4,6726.758750000001,1,6934.335,0.0,6983.501428571429,0.0,0,0,1,6983.501428571429,0.0,False,False,-0.006531514435769509,0,0.0,-0.006531514435769509
2020-04-10,7294.22,6864.69,7297.84,6798.85,37828011010.9016,125740858699.27551,-0.060728387024053865,360.66571428571416,7175.9725,6848.68375,1,6504.024285714286,0.0,6983.501428571429,0.0,1,0,0,6983.501428571429,0.0,False,False,-0.061728387024053866,1,0.001,-0.060728387024053865
2020-04-11,6864.73,6878.78,6955.29,6779.92,30280054180.28837,125980543742.36499,0.002050429030878125,351.4799999999999,7199.66625,6877.396250000001,1,6527.3,0.0,6983.501428571429,0.0,1,0,0,6983.501428571429,0.0,False,False,0.0,0,0.0,0.0
2020-04-12,6880.9,6913.16,7156.16,6803.61,34544392366.04943,126655463658.31227,0.004985530855126788,351.4221428571428,7194.33875,6896.27125,1,6561.737857142857,0.0,6983.501428571429,0.0,1,0,0,6983.501428571429,0.0,False,False,0.0,0,0.0,0.0
2020-04-13,6907.73,6857.54,6907.73,6674.2,38062368291.08157,125651103790.21225,-0.008078064652805144,322.7778571428571,7220.212500000001,6911.21,-1,0.0,7180.317857142857,0.0,7180.317857142857,0,0,-1,0.0,7180.317857142857,False,True,-0.001,1,0.001,-0.0
2020-04-14,6865.12,6860.18,6947.99,6779.08,33837365577.44977,125713883015.64563,0.000384903618472011,322.4264285714285,7223.03,6907.83625,-1,0.0,7182.606428571429,0.0,7180.317857142857,0,0,-1,0.0,7180.317857142857,False,False,-0.000384903618472011,0,0.0,-0.000384903618472011
2020-04-15,6857.63,6629.43,6924.19,6617.73,29692916171.011845,121499498109.80829,-0.03421485280939591,311.39642857142854,7179.32375,6907.9125,-1,0.0,6940.826428571429,0.0,6940.826428571429,0,0,-1,0.0,6940.826428571429,False,False,0.03421485280939591,0,0.0,0.03421485280939591
2020-04-16,6628.93,7059.93,7127.03,6554.15,45752002264.274315,129402884477.95892,0.06291630879061735,313.8064285714285,7117.858749999999,6846.856250000001,-1,0.0,7373.736428571428,0.0,6940.826428571429,0,1,0,0.0,6940.826428571429,False,False,-0.06391630879061735,1,0.001,-0.06291630879061735
2020-04-17,7059.93,7035.26,7150.72,7008.56,31701906839.621475,128961704237.38853,-0.003500488491603624,297.60428571428565,7084.20125,6770.3575,-1,0.0,7332.864285714286,0.0,6940.826428571429,0,1,0,0.0,6940.826428571429,False,False,-0.0,0,0.0,-0.0
2020-04-18,7034.29,7242.51,7267.65,7034.29,30035235468.3311,132775323305.43571,0.029033183448881783,295.33928571428567,7058.36875,6752.0125,1,6947.170714285715,0.0,6947.170714285715,0.0,0,0,1,6947.170714285715,0.0,True,False,-0.001,1,0.001,0.0
2020-04-19,7238.07,7127.51,7238.74,7085.14,29714765522.325314,130680700686.31035,-0.01600588657891917,293.43714285714276,7054.595,6781.442499999999,1,6834.072857142857,0.0,6947.170714285715,0.0,0,0,1,6947.170714285715,0.0,False,False,-0.01600588657891917,0,0.0,-0.01600588657891917
2020-04-20,7127.11,6856.46,7207.07,6807.73,35276609104.457115,125724610427.89977,-0.03877067125969634,284.87785714285707,7090.02625,6819.595,1,6571.582142857143,0.0,6947.170714285715,0.0,1,0,0,6947.170714285715,0.0,False,False,-0.03977067125969634,1,0.001,-0.03877067125969634
2020-04-21,6851.6,6842.04,6927.65,6812.24,30093303601.39072,125473149029.1152,-0.00210534077838291,270.9978571428571,7096.389999999999,6820.11,1,6571.042142857143,0.0,6947.170714285715,0.0,1,0,0,6947.170714285715,0.0,False,False,-0.0,0,0.0,-0.0
2020-04-22,6843.03,7110.0,7131.85,6830.2,30819547915.3444,130398643209.39326,0.03841631103303733,276.105,7098.88,6837.365,1,6833.895,0.0,6947.170714285715,0.0,1,0,0,6947.170714285715,0.0,False,False,0.0,0,0.0,0.0
2020-04-23,7105.68,7382.79,7611.94,7039.01,41032858925.23595,135414822709.73111,0.03764937213528438,302.5957142857142,7121.8625,6843.755,1,7080.194285714286,0.0,7080.194285714286,0.0,0,0,1,7080.194285714286,0.0,False,False,-0.001,1,0.001,0.0
2020-04-24,7392.49,7495.39,7577.71,7392.49,33233126912.999897,137493716065.4006,0.015136548940162715,280.87642857142856,7207.83125,6896.414999999999,1,7214.513571428572,0.0,7214.513571428572,0.0,0,0,1,7214.513571428572,0.0,False,False,0.015136548940162715,0,0.0,0.015136548940162715
2020-04-25,7498.29,7538.56,7649.06,7463.65,31610167152.118294,138298135122.85803,0.005743017457631244,281.59357142857147,7264.16625,7001.2075,1,7256.966428571429,0.0,7256.966428571429,0.0,0,0,1,7256.966428571429,0.0,False,False,0.005743017457631244,0,0.0,0.005743017457631244
2020-04-26,7538.73,7683.87,7683.87,7530.75,33760863612.125053,140977260141.33173,0.019092144143233118,267.34857142857146,7326.45875,7058.09375,1,7416.521428571428,0.0,7416.521428571428,0.0,0,0,1,7416.521428571428,0.0,False,False,0.019092144143233118,0,0.0,0.019092144143233118
2020-04-27,7702.3,7774.28,7774.28,7650.75,35205525351.89531,142649802462.8293,0.011697522784167311,259.1035714285714,7378.48625,7120.151250000001,1,7515.176428571428,0.0,7515.176428571428,0.0,0,0,1,7515.176428571428,0.0,False,False,0.011697522784167311,0,0.0,0.011697522784167311
2020-04-28,7775.9,7758.23,7775.9,7675.7,32855687796.969097,142370212777.1421,-0.0020666338811215373,254.19571428571427,7445.42875,7190.852499999999,1,7504.034285714285,0.0,7515.176428571428,0.0,0,0,1,7515.176428571428,0.0,False,False,-0.0020666338811215373,0,0.0,-0.0020666338811215373
2020-04-29,7750.21,8744.43,8854.8,7740.15,60399592065.54053,160483573440.17792,0.11966271084882728,311.9235714285714,7516.5325,7299.34875,1,8432.506428571429,0.0,8432.506428571429,0.0,0,0,1,8432.506428571429,0.0,False,False,0.11966271084882728,0,0.0,0.11966271084882728
2020-04-30,8736.57,8610.64,9438.3,8487.37,65838312160.09067,158042623264.3916,-0.01541827839430072,338.9271428571427,7757.4262499999995,7415.337500000001,1,8271.712857142857,0.0,8432.506428571429,0.0,0,0,1,8432.506428571429,0.0,False,False,-0.01541827839430072,0,0.0,-0.01541827839430072
2020-05-01,8640.02,8824.82,9054.98,8640.02,44773967197.55202,161989355178.82224,0.024569558161746767,360.51142857142844,8045.7325,7622.483749999999,1,8464.308571428572,0.0,8464.308571428572,0.0,0,0,1,8464.308571428572,0.0,False,False,0.024569558161746767,0,0.0,0.024569558161746767
2020-05-02,8824.78,8966.31,8987.42,8775.1,39177855720.33245,164603123455.99927,0.015906014186106522,359.0085714285713,8226.1125,7822.610000000001,1,8607.301428571429,0.0,8607.301428571429,0.0,0,0,1,8607.301428571429,0.0,False,False,0.015906014186106522,0,0.0,0.015906014186106522
2020-05-03,8962.04,8888.67,9167.21,8794.51,45617019157.37323,163036842346.68604,-0.008696788162424923,374.3892857142855,8402.32625,7995.43625,1,8514.280714285715,0.0,8607.301428571429,0.0,0,0,1,8607.301428571429,0.0,False,False,-0.008696788162424923,0,0.0,-0.008696788162424923
2020-05-04,8891.76,8884.41,8940.92,8585.04,44698213713.39127,162341412439.88123,-0.00047937668446661327,371.28499999999974,8592.095,8161.79375,1,8513.125,0.0,8607.301428571429,0.0,0,0,1,8607.301428571429,0.0,False,False,-0.00047937668446661327,0,0.0,-0.00047937668446661327
2020-05-05,8880.29,9003.24,9059.02,8799.72,43436234291.97107,165335617639.04947,0.013286457201771929,381.56285714285696,8749.22625,8293.580000000002,1,8621.677142857143,0.0,8621.677142857143,0.0,0,0,1,8621.677142857143,0.0,False,False,0.013286457201771929,0,0.0,0.013286457201771929
2020-05-06,9003.57,9144.69,9357.76,8925.62,48538811466.802704,167950864937.1468,0.015588870411416681,390.88357142857114,8909.818749999999,8437.20125,1,8753.80642857143,0.0,8753.80642857143,0.0,0,0,1,8753.80642857143,0.0,False,False,0.015588870411416681,0,0.0,0.015588870411416681
2020-05-07,9099.5,9959.17,9989.92,9099.5,61712313964.69186,182927847431.44946,0.08532035182757466,413.56142857142834,9107.551249999999,8593.44125,1,9545.608571428571,0.0,9545.608571428571,0.0,0,0,1,9545.608571428571,0.0,False,False,0.08532035182757466,0,0.0,0.08532035182757466
2020-05-08,9922.86,9821.81,10008.09,9724.25,50955646313.40579,180421762956.3486,-0.013888311689866737,419.9128571428569,9249.44125,8763.36,1,9401.897142857142,0.0,9545.608571428571,0.0,0,0,1,9545.608571428571,0.0,False,False,-0.013888311689866737,0,0.0,-0.013888311689866737
2020-05-09,9816.48,9566.78,9906.01,9565.08,46706541180.09866,175752574354.63544,-0.02630874238370184,431.0214285714283,9320.664999999999,8917.970000000001,1,9135.758571428572,0.0,9545.608571428571,0.0,0,0,1,9545.608571428571,0.0,False,False,-0.02630874238370184,0,0.0,-0.02630874238370184
2020-05-10,9555.96,8752.62,9555.96,8429.73,61704475184.53314,160814678353.7077,-0.08894359659602614,501.3021428571427,9427.04375,9033.6025,-1,0.0,9253.922142857144,0.0,9253.922142857144,0,0,-1,0.0,9253.922142857144,False,True,-0.08994359659602615,1,0.001,-0.08894359659602614
2020-05-11,8752.68,8604.75,9113.89,8303.46,57996080837.490005,158113540964.46692,-0.01703870775593865,550.3664285714284,9498.11125,8990.43125,-1,0.0,9155.116428571428,0.0,9155.116428571428,0,0,-1,0.0,9155.116428571428,False,False,0.01703870775593865,0,0.0,0.01703870775593865
2020-05-12,8601.94,8786.02,8962.47,8578.21,39515455755.72524,161474125336.405,0.020847445534508686,570.6564285714285,9491.446249999999,8929.05,-1,0.0,9356.676428571429,0.0,9155.116428571428,0,0,-1,0.0,9155.116428571428,False,False,-0.020847445534508686,0,0.0,-0.020847445534508686
2020-05-13,8788.47,9283.09,9369.06,8788.47,44239951916.52319,170593350055.82486,0.05503264361272101,532.6842857142856,9494.14,8928.196249999999,-1,0.0,9815.774285714286,0.0,9155.116428571428,0,1,0,0.0,9155.116428571428,False,False,-0.05603264361272101,1,0.001,-0.05503264361272101
2020-05-14,9289.84,9761.82,9875.97,9254.72,52076585310.72393,179398095871.3398,0.05028439293800429,509.13571428571424,9532.895,8926.789999999999,1,9252.684285714286,0.0,9252.684285714286,0.0,0,0,1,9252.684285714286,0.0,True,False,-0.001,1,0.001,0.0
2020-05-15,9796.49,9303.58,9796.49,9212.17,44866846516.37974,170983863891.47488,-0.0480795861274834,519.1342857142856,9597.67125,8967.9275,1,8784.445714285714,0.0,9252.684285714286,0.0,0,0,1,9252.684285714286,0.0,False,False,-0.0480795861274834,0,0.0,-0.0480795861274834
2020-05-16,9309.3,9375.3,9556.66,9265.86,34146492788.290554,172309401206.74423,0.0076792990215098075,524.7399999999999,9573.4925,8982.01125,1,8850.56,0.0,9252.684285714286,0.0,0,0,1,9252.684285714286,0.0,False,False,0.0076792990215098075,0,0.0,0.0076792990215098075
2020-05-17,9338.52,9642.39,9822.41,9336.61,35650032953.969925,177224284369.1316,0.028090431860770922,532.8185714285713,9517.06375,8924.7125,1,9109.571428571428,0.0,9252.684285714286,0.0,0,0,1,9252.684285714286,0.0,False,False,0.028090431860770922,0,0.0,0.028090431860770922
2020-05-18,9666.33,9708.44,9919.98,9538.61,38922896809.95441,178446153576.46417,0.006826607076604178,534.6392857142856,9506.613749999999,8896.15375,1,9173.800714285715,0.0,9252.684285714286,0.0,0,0,1,9252.684285714286,0.0,False,False,0.006826607076604178,0,0.0,0.006826607076604178
2020-05-19,9714.58,9745.15,9855.93,9526.61,37077538114.72087,179127815802.66245,0.0037741150681791505,539.6407142857141,9552.11625,9034.76375,1,9205.509285714286,0.0,9252.684285714286,0.0,0,0,1,9252.684285714286,0.0,False,False,0.0037741150681791505,0,0.0,0.0037741150681791505
2020-05-20,9760.2,9532.57,9788.23,9429.11,34829170074.82492,175227227252.9058,-0.022055369328180304,534.4249999999998,9644.87125,9187.6575,1,8998.145,0.0,9252.684285714286,0.0,0,0,1,9252.684285714286,0.0,False,False,-0.022055369328180304,0,0.0,-0.022055369328180304
2020-05-21,9526.51,9052.43,9571.75,8854.54,35965016693.72406,166569335290.8396,-0.05168112606463028,522.0528571428569,9748.09125,9294.02,-1,0.0,9574.482857142857,0.0,9574.482857142857,0,0,-1,0.0,9574.482857142857,False,True,-0.05268112606463028,1,0.001,-0.05168112606463028
2020-05-22,9060.05,9148.32,9242.47,8981.0,27700943119.83718,168309812992.5134,0.01053702591507644,520.4549999999997,9773.4275,9302.27875,-1,0.0,9668.775,0.0,9574.482857142857,0,0,-1,0.0,9574.482857142857,False,False,-0.01053702591507644,0,0.0,-0.01053702591507644
2020-05-23,9153.34,9171.71,9299.06,9108.76,26159735072.083897,168614573110.75775,0.0025534906557662536,509.6957142857139,9694.24,9268.063750000001,-1,0.0,9681.405714285713,0.0,9574.482857142857,0,0,-1,0.0,9574.482857142857,False,False,-0.0025534906557662536,0,0.0,-0.0025534906557662536
2020-05-24,9170.36,8779.34,9304.56,8728.01,29437505507.203728,161407638875.36517,-0.0437225125493403,469.65999999999946,9632.061249999999,9255.1375,-1,0.0,9249.0,0.0,9249.0,0,0,-1,0.0,9249.0,False,False,0.0437225125493403,0,0.0,0.0437225125493403
2020-05-25,8731.85,8893.06,8975.35,8688.24,29130957734.103832,163333743988.58344,0.012869963295579677,432.27999999999946,9600.54875,9187.90625,-1,0.0,9325.339999999998,0.0,9249.0,0,0,-1,0.0,9249.0,False,False,-0.012869963295579677,0,0.0,-0.012869963295579677
2020-05-26,8883.74,8840.58,8988.95,8732.82,26860828302.61543,162547226896.53772,-0.005918711917328789,423.12785714285667,9494.66625,9106.86,-1,0.0,9263.707857142857,0.0,9249.0,0,0,-1,0.0,9249.0,False,False,0.005918711917328789,0,0.0,0.005918711917328789
2020-05-27,8839.13,9170.2,9189.38,8821.87,28916177009.890633,168615778509.82266,0.036606610924369155,407.73285714285663,9378.2875,9006.136250000001,-1,0.0,9577.932857142858,0.0,9249.0,0,0,-1,0.0,9249.0,False,False,-0.036606610924369155,0,0.0,-0.036606610924369155
2020-05-28,9174.12,9546.05,9582.42,9102.77,31771100326.33337,175534414971.32306,0.040168360084571614,397.6185714285709,9294.96875,8918.04375,1,9148.431428571428,0.0,9148.431428571428,0.0,0,0,1,9148.431428571428,0.0,True,False,-0.041168360084571615,1,0.001,-0.040168360084571614
2020-05-29,9546.03,9427.12,9577.74,9350.51,28880265574.932682,173355014878.4796,-0.012536814638634734,372.1121428571423,9269.2425,8877.251250000001,1,9055.007857142858,0.0,9148.431428571428,0.0,0,0,1,9148.431428571428,0.0,False,False,-0.012536814638634734,0,0.0,-0.012536814638634734
2020-05-30,9427.02,9678.04,9700.38,9345.16,30231487421.644287,177978616382.68933,0.026268759720645737,376.7135714285709,9269.99125,8939.2475,1,9301.32642857143,0.0,9301.32642857143,0.0,0,0,1,9301.32642857143,0.0,False,False,0.026268759720645737,0,0.0,0.026268759720645737
2020-05-31,9677.95,9466.96,9677.95,9416.26,27396663221.152317,174105710752.04755,-0.02205155951344398,360.7121428571424,9327.23,8984.7675,1,9106.247857142856,0.0,9301.32642857143,0.0,0,0,1,9301.32642857143,0.0,False,False,-0.02205155951344398,0,0.0,-0.02205155951344398
2020-06-01,9453.18,10163.96,10211.95,9418.61,33702539853.509113,186932702065.96875,0.07104028805720285,390.1385714285711,9374.59125,9023.205,1,9773.821428571428,0.0,9773.821428571428,0.0,0,0,1,9773.821428571428,0.0,False,False,0.07104028805720285,0,0.0,0.07104028805720285
2020-06-02,10167.93,9539.91,10167.93,9382.08,36841150778.6441,175463166971.51956,-0.0633640785382618,422.74785714285684,9488.015000000001,9109.53,1,9117.162142857143,0.0,9773.821428571428,0.0,1,0,0,9773.821428571428,0.0,False,False,-0.0643640785382618,1,0.001,-0.0633640785382618
2020-06-03,9515.24,9645.67,9645.67,9431.5,25222025158.95508,177416480472.83005,0.011025058536190223,412.3942857142855,9637.0875,9196.26,1,9233.275714285715,0.0,9773.821428571428,0.0,1,0,0,9773.821428571428,0.0,False,False,0.0,0,0.0,0.0
2020-06-04,9645.23,9792.57,9844.16,9512.73,24903069188.397156,179830985954.85498,0.01511482487048095,384.8385714285713,9719.1775,9283.595000000001,1,9407.73142857143,0.0,9773.821428571428,0.0,1,0,0,9773.821428571428,0.0,False,False,0.0,0,0.0,0.0
2020-06-05,9776.55,9642.27,9838.02,9637.84,23447982002.19483,177373937377.29663,-0.015467376779623645,380.46071428571423,9801.025,9369.9525,1,9261.809285714286,0.0,9773.821428571428,0.0,1,0,0,9773.821428571428,0.0,False,False,-0.0,0,0.0,-0.0
2020-06-06,9636.97,9670.32,9730.54,9567.29,19374357195.06036,177901732349.93213,0.002904842874423691,378.5285714285714,9832.975,9436.83625,1,9291.791428571429,0.0,9773.821428571428,0.0,1,0,0,9773.821428571428,0.0,False,False,0.0,0,0.0,0.0
2020-06-07,9662.86,9738.6,9803.14,9450.4,23856639264.762486,179167717944.46164,0.00703596920204082,362.5421428571429,9852.074999999999,9463.93375,1,9376.057857142858,0.0,9773.821428571428,0.0,1,0,0,9773.821428571428,0.0,False,False,0.0,0,0.0,0.0
2020-06-08,9742.76,9773.03,9787.31,9662.63,21154971285.09144,179810911053.20026,0.0035291808768206892,350.94,9864.92,9477.088749999999,1,9422.09,0.0,9773.821428571428,0.0,1,0,0,9773.821428571428,0.0,False,False,0.0,0,0.0,0.0
2020-06-09,9773.3,9767.01,9848.11,9623.74,22844271951.206215,179709840753.7975,-0.0006161707131066507,348.6714285714285,9878.59,9507.885,1,9418.338571428572,0.0,9773.821428571428,0.0,1,0,0,9773.821428571428,0.0,False,False,-0.0,0,0.0,-0.0
2020-06-10,9767.14,9874.9,9956.58,9717.88,24398738299.650776,181705166673.57462,0.010985803832975856,339.47071428571445,9833.109999999999,9533.52625,1,9535.429285714285,0.0,9773.821428571428,0.0,1,0,0,9773.821428571428,0.0,False,False,0.0,0,0.0,0.0
2020-06-11,9885.96,9326.0,9928.07,9252.22,31225155444.61979,171615707160.27472,-0.0571899857675038,353.4850000000002,9806.69125,9575.50125,-1,0.0,9679.485,0.0,9679.485,0,0,-1,0.0,9679.485,False,True,-0.001,1,0.001,-0.0
2020-06-12,9317.7,9469.53,9536.45,9247.18,23601462338.138706,174266571295.67957,0.015273077168401471,357.9164285714288,9841.991250000001,9553.09125,-1,0.0,9827.44642857143,0.0,9679.485,0,0,-1,0.0,9679.485,False,False,-0.015273077168401471,0,0.0,-0.015273077168401471
2020-06-13,9469.6,9469.47,9485.42,9379.75,19693461096.502857,174275005803.05463,-6.336131791648622e-06,340.0914285714289,9803.5275,9519.897500000001,-1,0.0,9809.56142857143,0.0,9679.485,0,0,-1,0.0,9679.485,False,False,6.336131791648622e-06,0,0.0,6.336131791648622e-06
2020-06-14,9470.83,9345.96,9471.21,9279.0,18836155988.901707,172116372679.33923,-0.013128775059505356,335.12214285714305,9759.4525,9487.63625,-1,0.0,9681.082142857142,0.0,9679.485,0,0,-1,0.0,9679.485,False,False,0.013128775059505356,0,0.0,0.013128775059505356
2020-06-15,9334.2,9431.72,9493.27,8959.1,29160908896.896835,173598215783.88248,0.009134312256468803,316.6100000000002,9727.036250000001,9451.6,-1,0.0,9748.33,0.0,9679.485,0,0,-1,0.0,9679.485,False,False,-0.009134312256468803,0,0.0,-0.009134312256468803
2020-06-16,9426.91,9524.93,9568.47,9387.4,26391020757.045525,175075304218.30185,0.00983409528469309,273.4114285714287,9688.3025,9390.187499999998,-1,0.0,9798.34142857143,0.0,9679.485,0,0,-1,0.0,9679.485,False,False,-0.00983409528469309,0,0.0,-0.00983409528469309
2020-06-17,9523.07,9463.36,9531.78,9287.02,23643218251.137486,174231189757.1904,-0.00648507219797079,275.5964285714287,9660.9475,9355.78375,-1,0.0,9738.95642857143,0.0,9679.485,0,0,-1,0.0,9679.485,False,False,0.00648507219797079,0,0.0,0.00648507219797079
2020-06-18,9460.75,9399.77,9468.36,9298.65,20601074385.503212,173034439845.62103,-0.006742278814921107,264.0450000000002,9621.40625,9313.693749999999,-1,0.0,9663.815,0.0,9663.815,0,0,-1,0.0,9663.815,False,False,0.006742278814921107,0,0.0,0.006742278814921107
2020-06-19,9394.75,9312.78,9424.08,9268.97,23738525501.71876,171101646024.0128,-0.009297570523738105,260.8257142857145,9560.37875,9261.289999999999,-1,0.0,9573.605714285715,0.0,9573.605714285715,0,0,-1,0.0,9573.605714285715,False,False,0.009297570523738105,0,0.0,0.009297570523738105
2020-06-20,9321.94,9360.25,9392.16,9261.39,19774464252.766605,172323213442.3655,0.0050843491667551515,258.50571428571453,9497.38,9263.383749999999,-1,0.0,9618.755714285715,0.0,9573.605714285715,0,0,-1,0.0,9573.605714285715,False,False,-0.0050843491667551515,0,0.0,-0.0050843491667551515
2020-06-21,9360.74,9298.36,9404.09,9294.87,18986237382.053703,171192409474.1401,-0.006633959011778016,241.1114285714288,9479.34375,9265.16,-1,0.0,9539.471428571429,0.0,9539.471428571429,0,0,-1,0.0,9539.471428571429,False,False,0.006633959011778016,0,0.0,0.006633959011778016
2020-06-22,9298.53,9678.68,9738.18,9294.22,24768621256.838917,178128652479.62244,0.04008748783101387,263.9171428571431,9469.1775,9254.550000000001,1,9414.762857142858,0.0,9414.762857142858,0.0,0,0,1,9414.762857142858,0.0,True,False,-0.04108748783101387,1,0.001,-0.04008748783101387
2020-06-23,9678.71,9624.68,9705.72,9580.54,17756804210.055347,177187041226.59833,-0.005594895485840424,256.83214285714297,9502.54875,9256.4525,1,9367.847857142857,0.0,9414.762857142858,0.0,0,0,1,9414.762857142858,0.0,False,False,-0.005594895485840424,0,0.0,-0.005594895485840424
2020-06-24,9624.24,9288.06,9666.5,9237.38,23183760291.75444,171028279701.5032,-0.03560092854487034,270.43357142857155,9529.105000000001,9334.1325,-1,0.0,9558.493571428571,0.0,9558.493571428571,0,0,-1,0.0,9558.493571428571,False,True,-0.03660092854487034,1,0.001,-0.03560092854487034
2020-06-25,9290.68,9258.67,9330.32,9061.2,23499175984.21671,170495281892.45944,-0.003169294490238729,241.3814285714286,9541.358750000001,9315.380000000001,-1,0.0,9500.051428571429,0.0,9500.051428571429,0,0,-1,0.0,9500.051428571429,False,False,0.003169294490238729,0,0.0,0.003169294490238729
2020-06-26,9258.25,9166.49,9296.76,9078.64,22429204010.635517,168807143703.19455,-0.01000596674138487,236.29928571428576,9516.17625,9287.1525,-1,0.0,9402.789285714285,0.0,9402.789285714285,0,0,-1,0.0,9402.789285714285,False,False,0.01000596674138487,0,0.0,0.01000596674138487
2020-06-27,9150.77,9013.91,9204.79,8923.1,21515626881.09779,166004979429.79742,-0.016785503341414817,248.87214285714293,9494.72625,9259.651249999999,-1,0.0,9262.782142857142,0.0,9262.782142857142,0,0,-1,0.0,9262.782142857142,False,False,0.016785503341414817,0,0.0,0.016785503341414817
2020-06-28,9029.79,9139.9,9186.4,8964.34,19665935216.70147,168334049772.4726,0.013880504737162078,251.0042857142858,9467.315,9216.4175,-1,0.0,9390.904285714285,0.0,9262.782142857142,0,0,-1,0.0,9262.782142857142,False,False,-0.013880504737162078,0,0.0,-0.013880504737162078
2020-06-29,9133.24,9185.17,9228.03,9036.84,19754459582.74716,169175896894.16483,0.0049407824463109755,226.50571428571442,9441.595,9179.28625,-1,0.0,9411.675714285715,0.0,9262.782142857142,0,0,-1,0.0,9262.782142857142,False,False,-0.0049407824463109755,0,0.0,-0.0049407824463109755
2020-06-30,9185.76,9149.72,9198.32,9080.43,19741435780.48584,168558715595.07886,-0.003866949207169365,221.99285714285725,9419.587500000001,9147.032500000001,-1,0.0,9371.712857142857,0.0,9262.782142857142,0,0,-1,0.0,9262.782142857142,False,False,0.003866949207169365,0,0.0,0.003866949207169365
2020-07-01,9139.51,9230.67,9287.11,9107.18,20005031554.019035,170031996602.76715,0.00880835753641694,217.36214285714297,9352.105,9120.30875,-1,0.0,9448.032142857142,0.0,9262.782142857142,0,0,-1,0.0,9262.782142857142,False,False,-0.00880835753641694,0,0.0,-0.00880835753641694
2020-07-02,9230.78,9094.32,9256.43,8989.76,19379463385.296654,167604994105.34857,-0.01488159244292554,224.28785714285718,9299.778750000001,9061.13875,-1,0.0,9318.607857142857,0.0,9262.782142857142,0,0,-1,0.0,9262.782142857142,False,False,0.01488159244292554,0,0.0,0.01488159244292554
2020-07-03,9086.49,9071.39,9125.17,9062.16,17420495829.39433,167116284671.21997,-0.0025245379540130486,217.70928571428573,9248.52,9030.18625,-1,0.0,9289.099285714285,0.0,9262.782142857142,0,0,-1,0.0,9262.782142857142,False,False,0.0025245379540130486,0,0.0,0.0025245379540130486
2020-07-04,9061.53,9132.91,9173.32,9058.61,16643732672.692139,168258822207.29507,0.006758868420950951,216.5621428571428,9222.876250000001,9030.30625,-1,0.0,9349.472142857143,0.0,9262.782142857142,0,0,-1,0.0,9262.782142857142,False,False,-0.006758868420950951,0,0.0,-0.006758868420950951
2020-07-05,9137.07,9087.41,9144.53,8953.22,17324463886.377956,167429736492.90482,-0.004994434190037039,222.42571428571435,9207.44625,9027.8025,-1,0.0,9309.835714285715,0.0,9262.782142857142,0,0,-1,0.0,9262.782142857142,False,False,0.004994434190037039,0,0.0,0.004994434190037039
2020-07-06,9086.76,9342.38,9346.13,9063.12,21987059041.689262,172136257752.3712,0.027671098670611207,210.9292857142856,9199.91375,9031.567500000001,1,9131.450714285713,0.0,9131.450714285713,0.0,0,0,1,9131.450714285713,0.0,True,False,-0.028671098670611208,1,0.001,-0.027671098670611207
2020-07-07,9336.68,9253.63,9364.97,9215.17,18945747769.31741,170510411872.0138,-0.00954513079201568,212.6878571428571,9219.88,9043.915,1,9040.942142857142,0.0,9131.450714285713,0.0,0,0,1,9131.450714285713,0.0,False,False,-0.00954513079201568,0,0.0,-0.00954513079201568
2020-07-08,9256.85,9432.17,9459.45,9232.02,20708592426.03485,173809293389.63837,0.01911027984628535,198.28142857142848,9236.9975,9066.20625,1,9233.888571428572,0.0,9233.888571428572,0.0,0,0,1,9233.888571428572,0.0,False,False,0.01911027984628535,0,0.0,0.01911027984628535
2020-07-09,9431.6,9235.72,9431.6,9178.19,19480413474.236183,170198606143.6283,-0.021047611943058073,197.19999999999996,9269.63875,9085.155,1,9038.519999999999,0.0,9233.888571428572,0.0,0,0,1,9233.888571428572,0.0,False,False,-0.021047611943058073,0,0.0,-0.021047611943058073
2020-07-10,9232.79,9282.91,9292.82,9135.24,18224423467.7428,171104767641.88345,0.0050965003506147875,192.87571428571417,9287.7,9094.03125,1,9090.034285714286,0.0,9233.888571428572,0.0,0,0,1,9233.888571428572,0.0,False,False,0.0050965003506147875,0,0.0,0.0050965003506147875
2020-07-11,9285.55,9234.31,9291.49,9187.07,16167064476.282873,170191069703.26535,-0.005249180124577143,180.21357142857127,9292.24875,9112.21625,1,9054.096428571429,0.0,9233.888571428572,0.0,0,0,1,9233.888571428572,0.0,False,False,-0.005249180124577143,0,0.0,-0.005249180124577143
2020-07-12,9234.65,9297.48,9304.68,9179.38,17173962879.687658,171364106456.32056,0.00681750059431972,173.30214285714283,9313.03875,9127.83,1,9124.177857142857,0.0,9233.888571428572,0.0,0,0,1,9233.888571428572,0.0,False,False,0.00681750059431972,0,0.0,0.00681750059431972
2020-07-13,9305.58,9240.76,9322.91,9213.88,18245667827.005356,170370727819.23874,-0.006119262345473923,167.4335714285714,9329.45875,9142.92625,1,9073.326428571429,0.0,9233.888571428572,0.0,0,0,1,9233.888571428572,0.0,False,False,-0.006119262345473923,0,0.0,-0.006119262345473923
2020-07-14,9241.6,9247.06,9269.29,9149.1,19147263017.229504,170451532161.73575,0.0006815298119359188,167.5978571428572,9351.75625,9175.50875,1,9079.462142857143,0.0,9233.888571428572,0.0,0,0,1,9233.888571428572,0.0,False,False,0.0006815298119359188,0,0.0,0.0006815298119359188
2020-07-15,9250.33,9203.37,9265.92,9176.8,16565948994.90621,169758848797.9732,-0.004735941835582958,161.11142857142866,9342.151249999999,9186.25625,1,9042.258571428572,0.0,9233.888571428572,0.0,1,0,0,9233.888571428572,0.0,False,False,-0.005735941835582958,1,0.001,-0.004735941835582958
2020-07-16,9199.28,9136.48,9217.81,9054.65,18760484380.276333,168496782960.8989,-0.007294530391700479,153.7178571428572,9329.77,9181.46,-1,0.0,9290.197857142857,0.0,9290.197857142857,0,0,-1,0.0,9290.197857142857,False,True,-0.001,1,0.001,-0.0
2020-07-17,9134.07,9156.28,9185.01,9094.57,16500659021.756384,168760444137.05035,0.002164791724423648,155.67714285714297,9299.565,9159.28875,-1,0.0,9311.957142857143,0.0,9290.197857142857,0,0,-1,0.0,9290.197857142857,False,False,-0.002164791724423648,0,0.0,-0.002164791724423648
2020-07-18,9155.17,9168.4,9196.82,9127.46,15638459042.903372,169031588403.36658,0.0013228063755889323,152.43785714285735,9268.741250000001,9148.83625,-1,0.0,9320.837857142857,0.0,9290.197857142857,0,0,-1,0.0,9290.197857142857,False,False,-0.0013228063755889323,0,0.0,-0.0013228063755889323
2020-07-19,9171.16,9202.62,9218.76,9106.67,16085385661.984406,169692625141.8043,0.0037254370827461214,146.77928571428583,9256.741250000001,9147.863749999999,-1,0.0,9349.399285714288,0.0,9290.197857142857,0,0,-1,0.0,9290.197857142857,False,False,-0.0037254370827461214,0,0.0,-0.0037254370827461214
2020-07-20,9203.95,9163.16,9209.69,9143.17,17080393205.34609,168936986921.46805,-0.004297128760128359,131.31571428571456,9247.65,9137.81375,-1,0.0,9294.475714285714,0.0,9290.197857142857,0,0,-1,0.0,9290.197857142857,False,False,0.004297128760128359,0,0.0,0.004297128760128359
2020-07-21,9160.04,9384.38,9408.09,9160.04,20048075731.25112,173036757675.6725,0.023855507629256752,138.3335714285717,9235.77625,9133.287499999999,1,9246.046428571428,0.0,9246.046428571428,0.0,0,0,1,9246.046428571428,0.0,True,False,-0.024855507629256753,1,0.001,-0.023855507629256752
2020-07-22,9386.3,9514.3,9521.91,9301.37,19702428931.328556,175370017196.6754,0.013749325001455502,137.84142857142874,9246.42375,9126.557499999999,1,9376.458571428571,0.0,9376.458571428571,0.0,0,0,1,9376.458571428571,0.0,False,False,0.013749325001455502,0,0.0,0.013749325001455502
2020-07-23,9517.84,9589.82,9619.81,9463.45,26966148756.408127,176821599773.56787,0.00790618917617608,130.86857142857156,9278.00125,9145.59125,1,9458.951428571429,0.0,9458.951428571429,0.0,0,0,1,9458.951428571429,0.0,False,False,0.00790618917617608,0,0.0,0.00790618917617608
2020-07-24,9593.93,9535.94,9621.48,9470.46,35810926084.94321,175865705417.72916,-0.005634300810689392,130.40000000000015,9322.2375,9181.4225,1,9405.54,0.0,9458.951428571429,0.0,0,0,1,9458.951428571429,0.0,False,False,-0.005634300810689392,0,0.0,-0.005634300810689392
2020-07-25,9541.32,9691.83,9715.95,9531.83,36726067828.3661,178740874539.49573,0.016215444204183877,136.09285714285735,9372.69625,9233.39875,1,9555.737142857142,0.0,9555.737142857142,0.0,0,0,1,9555.737142857142,0.0,False,False,0.016215444204183877,0,0.0,0.016215444204183877
2020-07-26,9696.22,9925.75,10081.11,9653.21,19713211084.56171,183064851468.00018,0.023849127907785973,157.70714285714308,9439.06375,9288.05625,1,9768.042857142857,0.0,9768.042857142857,0.0,0,0,1,9768.042857142857,0.0,False,False,0.023849127907785973,0,0.0,0.023849127907785973
2020-07-27,9927.22,10962.26,11326.57,9920.32,34694788843.590096,202191797991.40768,0.0993260741733698,250.36571428571446,9549.6,9353.775000000001,1,10711.894285714287,0.0,10711.894285714287,0.0,0,0,1,10711.894285714287,0.0,False,False,0.0993260741733698,0,0.0,0.0993260741733698
2020-07-28,11043.5,10904.92,11229.86,10626.71,27637575180.450962,201144184191.06567,-0.005244401099912464,284.8628571428574,9813.076250000002,9455.48125,1,10620.057142857142,0.0,10711.894285714287,0.0,0,0,1,10711.894285714287,0.0,False,False,-0.005244401099912464,0,0.0,-0.005244401099912464
2020-07-29,10907.62,11093.61,11300.41,10849.45,23642111784.048485,204969785090.6761,0.017155203335431933,310.7085714285716,10065.5975,9640.923749999998,1,10782.90142857143,0.0,10782.90142857143,0.0,0,0,1,10782.90142857143,0.0,False,False,0.017155203335431933,0,0.0,0.017155203335431933
2020-07-30,11100.32,11116.31,11162.14,10920.21,22265381996.186665,205200775318.21756,0.0020441323430506943,316.33500000000015,10302.137499999999,9852.1,1,10799.974999999999,0.0,10799.974999999999,0.0,0,0,1,10799.974999999999,0.0,False,False,0.0020441323430506943,0,0.0,0.0020441323430506943
2020-07-31,11095.67,11325.55,11436.35,10977.94,22329797905.441616,208933774575.1489,0.018647836090462385,342.61857142857156,10507.16625,10054.455,1,10982.931428571428,0.0,10982.931428571428,0.0,0,0,1,10982.931428571428,0.0,False,False,0.018647836090462385,0,0.0,0.018647836090462385
2020-08-01,11344.97,11812.09,11845.98,11238.91,26198946496.277836,217741425308.62857,0.04206234791151803,381.02642857142865,10734.23375,10243.766249999999,1,11431.06357142857,0.0,11431.06357142857,0.0,0,0,1,11431.06357142857,0.0,False,False,0.04206234791151803,0,0.0,0.04206234791151803
2020-08-02,11803.59,11066.31,12071.86,10956.98,27584591853.069736,204126077224.646,-0.06521822540347325,452.65428571428583,11012.29625,10464.8225,1,10613.655714285713,0.0,11431.06357142857,0.0,1,0,0,11431.06357142857,0.0,False,False,-0.06621822540347325,1,0.001,-0.06521822540347325
2020-08-03,11069.45,11230.91,11463.57,11019.46,20583344056.841503,207218525401.74573,0.01476444059551413,479.6250000000001,11306.785,10642.96625,1,10751.285,0.0,11431.06357142857,0.0,1,0,0,11431.06357142857,0.0,False,False,0.0,0,0.0,0.0
2020-08-04,11252.17,11181.92,11381.93,11060.59,20527193170.963608,206583502227.55646,-0.004371610191174663,484.8600000000002,11479.5925,10813.7475,1,10697.06,0.0,11431.06357142857,0.0,1,0,0,11431.06357142857,0.0,False,False,-0.0,0,0.0,-0.0
2020-08-05,11194.9,11719.26,11770.67,11131.96,22359870185.20913,216249264843.70206,0.0469354540000692,514.729285714286,11486.5125,10956.28125,1,11204.530714285715,0.0,11431.06357142857,0.0,1,0,0,11431.06357142857,0.0,False,False,0.0,0,0.0,0.0
2020-08-06,11747.24,11768.13,11897.88,11581.44,21793317050.968628,217128467890.10898,0.004161387921269218,526.1635714285718,11554.113749999999,11019.4375,1,11241.966428571428,0.0,11431.06357142857,0.0,0,0,1,11431.06357142857,0.0,False,False,-0.001,1,0.001,0.0
2020-08-07,11766.21,11571.49,11885.07,11394.55,21624736673.079872,213579066889.25037,-0.016850715899975794,550.4135714285718,11628.7975,11110.936249999999,1,11021.076428571429,0.0,11431.06357142857,0.0,0,0,1,11431.06357142857,0.0,False,False,-0.016850715899975794,0,0.0,-0.016850715899975794
2020-08-08,11597.34,11739.13,11798.35,11550.33,17286825185.217506,216526346494.08014,0.014383391787177225,554.9778571428575,11719.16375,11170.22875,1,11184.152142857141,0.0,11431.06357142857,0.0,0,0,1,11431.06357142857,0.0,False,False,0.014383391787177225,0,0.0,0.014383391787177225
2020-08-09,11761.84,11682.85,11793.69,11534.05,17051550190.814676,215621627427.59085,-0.004805751547620621,542.959285714286,11764.41375,11241.7775,1,11139.890714285715,0.0,11431.06357142857,0.0,0,0,1,11431.06357142857,0.0,False,False,-0.004805751547620621,0,0.0,-0.004805751547620621
2020-08-10,11689.72,11862.94,12046.96,11658.77,24145919191.344177,218920276229.41245,0.01529730043904831,470.2407142857145,11757.8775,11278.67,1,11392.699285714287,0.0,11431.06357142857,0.0,0,0,1,11431.06357142857,0.0,False,False,0.01529730043904831,0,0.0,0.01529730043904831
2020-08-11,11884.58,11398.67,11926.26,11168.78,24448699831.26472,210825577055.42203,-0.03992257299591679,481.2642857142858,11754.765,11366.39375,1,10917.405714285715,0.0,11431.06357142857,0.0,1,0,0,11431.06357142857,0.0,False,False,-0.04092257299591679,1,0.001,-0.03992257299591679
2020-08-12,11397.76,11579.87,11616.07,11225.68,22803776234.97776,213770877597.90494,0.01577156390197726,476.93785714285724,11812.60125,11385.05875,1,11102.932142857144,0.0,11431.06357142857,0.0,1,0,0,11431.06357142857,0.0,False,False,0.0,0,0.0,0.0
2020-08-13,11565.94,11765.19,11765.19,11326.24,24755770184.138535,217185020504.78033,0.015876925815507197,491.0107142857144,11841.86875,11405.695,1,11274.179285714286,0.0,11431.06357142857,0.0,0,0,1,11431.06357142857,0.0,False,False,-0.001,1,0.001,0.0
2020-08-14,11817.16,11750.0,11838.59,11648.4,21650925951.996807,216916952670.3025,-0.0012919310550146123,471.852142857143,11841.18375,11429.980000000001,1,11278.147857142856,0.0,11431.06357142857,0.0,0,0,1,11431.06357142857,0.0,False,False,-0.0012919310550146123,0,0.0,-0.0012919310550146123
2020-08-15,11777.39,11864.91,11968.39,11746.72,21285690552.515503,219049736823.3334,0.009732063933771134,444.3235714285716,11833.7725,11438.35,1,11420.586428571429,0.0,11431.06357142857,0.0,0,0,1,11431.06357142857,0.0,False,False,0.009732063933771134,0,0.0,0.009732063933771134
2020-08-16,11851.63,11901.78,11923.77,11715.17,19209711614.40851,219750735622.69547,0.0031026642395298315,379.58928571428584,11844.1875,11482.37125,1,11522.190714285714,0.0,11522.190714285714,0.0,0,0,1,11522.190714285714,0.0,False,False,0.0031026642395298315,0,0.0,0.0031026642395298315
2020-08-17,11910.9,12272.47,12425.07,11783.84,25481896190.555748,226536103501.8635,0.030670573693901054,393.66928571428576,11859.865,11502.97625,1,11878.800714285713,0.0,11878.800714285713,0.0,0,0,1,11878.800714285713,0.0,False,False,0.030670573693901054,0,0.0,0.030670573693901054
2020-08-18,12263.64,11949.61,12353.33,11887.58,24825715158.705486,220980135332.21396,-0.02665990059567909,403.98428571428576,11938.7875,11534.199999999999,1,11545.625714285714,0.0,11878.800714285713,0.0,0,0,1,11878.800714285713,0.0,False,False,-0.02665990059567909,0,0.0,-0.02665990059567909
2020-08-19,11952.93,11733.28,12008.66,11651.76,23384200655.888924,216660276172.5052,-0.01826939339062516,383.85499999999996,11977.083750000002,11562.80125,1,11349.425000000001,0.0,11878.800714285713,0.0,1,0,0,11878.800714285713,0.0,False,False,-0.01926939339062516,1,0.001,-0.01826939339062516
2020-08-20,11773.17,11861.84,11882.47,11674.37,20353349054.591465,219044968220.88754,0.010897276403984876,376.1164285714285,11987.383749999999,11623.173750000002,1,11485.72357142857,0.0,11878.800714285713,0.0,1,0,0,11878.800714285713,0.0,False,False,0.0,0,0.0,0.0
2020-08-21,11858.19,11515.12,11876.64,11505.86,23406354443.011192,212896669545.7498,-0.02966557046694982,367.56357142857127,12020.68375,11679.26,-1,0.0,11882.683571428572,0.0,11882.683571428572,0,0,-1,0.0,11882.683571428572,False,True,-0.001,1,0.001,-0.0
2020-08-22,11518.83,11676.39,11688.0,11397.82,19572783953.57896,215641597239.98148,0.013907899875886623,370.5749999999998,12034.615,11701.7125,-1,0.0,12046.965,0.0,11882.683571428572,0,0,-1,0.0,11882.683571428572,False,False,-0.013907899875886623,0,0.0,-0.013907899875886623
2020-08-23,11675.64,11647.93,11717.05,11527.85,18467219109.184135,215347356765.4613,-0.0024403724630997392,365.54357142857106,12015.79125,11670.39,-1,0.0,12013.47357142857,0.0,11882.683571428572,0,0,-1,0.0,11882.683571428572,False,False,0.0024403724630997392,0,0.0,0.0024403724630997392
2020-08-24,11645.82,11758.83,11816.32,11596.38,20061559392.103256,217410678530.35837,0.009475965904236733,353.52571428571406,11984.37375,11643.03125,-1,0.0,12112.355714285713,0.0,11882.683571428572,0,0,-1,0.0,11882.683571428572,False,False,-0.009475965904236733,0,0.0,-0.009475965904236733
2020-08-25,11756.17,11350.75,11758.88,11172.98,23423332918.936924,209658632328.37,-0.03532062668569907,341.2699999999998,11970.9425,11628.1825,-1,0.0,11692.02,0.0,11692.02,0,0,-1,0.0,11692.02,False,False,0.03532062668569907,0,0.0,0.03532062668569907
2020-08-26,11319.69,11465.0,11525.1,11263.48,20869928785.800804,211778947737.22385,0.010015095270442247,332.07214285714275,11887.668749999999,11551.825,-1,0.0,11797.072142857143,0.0,11692.02,0,0,-1,0.0,11692.02,False,False,-0.010015095270442247,0,0.0,-0.010015095270442247
2020-08-27,11457.81,11300.4,11568.99,11140.14,21595917446.043972,208747591910.15524,-0.014460792987986996,331.35071428571416,11784.14,11473.8125,-1,0.0,11631.750714285714,0.0,11631.750714285714,0,0,-1,0.0,11631.750714285714,False,False,0.014460792987986996,0,0.0,0.014460792987986996
2020-08-28,11327.95,11519.12,11534.74,11283.58,19271253870.82992,212799723684.94672,0.019170140139195855,335.7057142857141,11729.18125,11409.859999999999,-1,0.0,11854.825714285715,0.0,11631.750714285714,0,0,-1,0.0,11631.750714285714,False,False,-0.019170140139195855,0,0.0,-0.019170140139195855
2020-08-29,11538.38,11481.48,11574.58,11436.93,18415439613.538937,212114842611.5429,-0.0032729610184801996,329.7042857142855,11685.715,11361.01125,-1,0.0,11811.184285714286,0.0,11631.750714285714,0,0,-1,0.0,11631.750714285714,False,False,0.0032729610184801996,0,0.0,0.0032729610184801996
2020-08-30,11463.66,11701.0,11704.42,11463.66,19909556666.601448,216179629567.18042,0.018939005794224376,332.00142857142833,11647.9575,11352.395,1,11368.998571428572,0.0,11368.998571428572,0.0,0,0,1,11368.998571428572,0.0,True,False,-0.019939005794224376,1,0.001,-0.018939005794224376
2020-08-31,11710.44,11672.32,11762.59,11574.4,21077276617.8664,215921598551.33038,-0.00245408135376669,299.64142857142843,11650.01,11360.625,1,11372.67857142857,0.0,11372.67857142857,0.0,0,0,1,11372.67857142857,0.0,False,False,-0.00245408135376669,0,0.0,-0.00245408135376669
2020-09-01,11648.52,11895.23,12029.17,11563.0,25232603061.53493,221315690777.34525,0.018917252540332954,299.6714285714284,11655.7025,11366.44375,1,11595.558571428572,0.0,11595.558571428572,0.0,0,0,1,11595.558571428572,0.0,False,False,0.018917252540332954,0,0.0,0.018917252540332954
2020-09-02,11899.3,11418.25,11939.59,11230.03,26038738388.798878,210746091569.71368,-0.04092452686790813,324.8614285714284,11682.30875,11362.27125,1,11093.388571428572,0.0,11595.558571428572,0.0,1,0,0,11595.558571428572,0.0,False,False,-0.04192452686790813,1,0.001,-0.04092452686790813
2020-09-03,11389.88,10197.46,11438.34,10024.74,49411126240.51858,188438095255.46017,-0.1130742828836277,410.9685714285714,11704.8975,11369.4025,-1,0.0,10608.42857142857,0.0,10608.42857142857,0,0,-1,0.0,10608.42857142857,False,True,-0.001,1,0.001,-0.0
2020-09-04,10193.13,10484.47,10616.99,10022.15,27623487077.06882,194040447575.93134,0.02775644500193866,426.9728571428572,11694.0525,11214.56,-1,0.0,10911.442857142856,0.0,10608.42857142857,0,0,-1,0.0,10608.42857142857,False,False,-0.02775644500193866,0,0.0,-0.02775644500193866
2020-09-05,10481.28,10177.79,10565.15,9917.52,56430042198.69171,188092098308.3525,-0.029687219457283257,452.505,11575.0525,11074.81125,-1,0.0,10630.295,0.0,10608.42857142857,0,0,-1,0.0,10608.42857142857,False,False,0.029687219457283257,0,0.0,0.029687219457283257
2020-09-06,10182.2,10260.02,10352.08,10013.65,28801019507.333485,189621410257.03525,0.008046893841955649,463.16428571428577,11453.85375,10904.05375,-1,0.0,10723.184285714286,0.0,10608.42857142857,0,0,-1,0.0,10608.42857142857,False,False,-0.008046893841955649,0,0.0,-0.008046893841955649
2020-09-07,10257.28,10359.45,10393.22,9901.08,26560146962.23275,191501904758.68698,0.009644357560525594,482.60714285714283,11301.04125,10726.143750000001,-1,0.0,10842.057142857144,0.0,10608.42857142857,0,0,-1,0.0,10608.42857142857,False,False,-0.009644357560525594,0,0.0,-0.009644357560525594
2020-09-08,10360.49,10125.01,10412.15,9917.05,47780699209.09236,186825391248.7263,-0.0228905459725518,476.1214285714286,11137.14125,10530.82125,-1,0.0,10601.131428571429,0.0,10601.131428571429,0,0,-1,0.0,10601.131428571429,False,False,0.0228905459725518,0,0.0,0.0228905459725518
2020-09-09,10134.46,10230.15,10333.43,9998.05,21357083446.312523,188757938083.84296,0.010330641966199997,481.39000000000004,10968.33625,10323.6525,-1,0.0,10711.539999999999,0.0,10601.131428571429,0,0,-1,0.0,10601.131428571429,False,False,-0.010330641966199997,0,0.0,-0.010330641966199997
2020-09-10,10219.52,10342.16,10466.47,10219.52,77545788530.61436,191180566587.0585,0.010889502137098628,468.3971428571428,10756.36875,10128.033749999999,-1,0.0,10810.557142857142,0.0,10601.131428571429,0,0,-1,0.0,10601.131428571429,False,False,-0.010889502137098628,0,0.0,-0.010889502137098628
2020-09-11,10344.88,10378.22,10390.4,10217.17,20796810115.947914,192111562749.9339,0.0034806346606596154,462.83071428571424,10572.228749999998,10001.72,-1,0.0,10841.050714285713,0.0,10601.131428571429,0,0,-1,0.0,10601.131428571429,False,False,-0.0034806346606596154,0,0.0,-0.0034806346606596154
2020-09-12,10384.85,10439.38,10483.75,10284.82,19955498078.251053,192997988416.4807,0.005875814307442153,467.2078571428571,10441.23625,10025.77375,-1,0.0,10906.587857142857,0.0,10601.131428571429,0,0,-1,0.0,10601.131428571429,False,False,-0.005875814307442153,0,0.0,-0.005875814307442153
2020-09-13,10439.17,10328.87,10561.83,10237.63,21057424433.480133,190922719938.2308,-0.010642306695672324,473.16785714285714,10424.581250000001,10058.6075,-1,0.0,10802.037857142857,0.0,10601.131428571429,0,0,-1,0.0,10601.131428571429,False,False,0.010642306695672324,0,0.0,0.010642306695672324
2020-09-14,10322.35,10661.1,10735.01,10281.99,23526143436.490395,197010021430.2403,0.03165871588529836,492.0842857142857,10424.166249999998,10098.621249999998,1,10169.015714285715,0.0,10169.015714285715,0.0,0,0,1,10169.015714285715,0.0,True,False,-0.03265871588529836,1,0.001,-0.03165871588529836
2020-09-15,10670.98,10787.58,10930.65,10640.14,23802088944.396893,199044338127.62628,0.011793869465315649,479.5371428571429,10472.0325,10132.16375,1,10308.042857142857,0.0,10308.042857142857,0.0,0,0,1,10308.042857142857,0.0,False,False,0.011793869465315649,0,0.0,0.011793869465315649
2020-09-16,10790.81,10952.25,11082.34,10687.19,24459086808.776905,202524001250.4926,0.015149442233775482,457.07928571428573,10539.21125,10224.54625,1,10495.170714285714,0.0,10495.170714285714,0.0,0,0,1,10495.170714285714,0.0,False,False,0.015149442233775482,0,0.0,0.015149442233775482
2020-09-17,10941.42,10938.0,11040.04,10752.1,23547167125.342415,202358479464.18542,-0.0013019496819725357,376.67500000000007,10622.985,10320.813750000001,1,10561.325,0.0,10561.325,0.0,0,0,1,10561.325,0.0,False,False,-0.0013019496819725357,0,0.0,-0.0013019496819725357
2020-09-18,10946.94,10927.15,11023.92,10834.55,20681771888.399273,202091264904.96927,-0.0009924469661136337,347.7128571428572,10711.31125,10415.07,1,10579.437142857143,0.0,10579.437142857143,0.0,0,0,1,10579.437142857143,0.0,False,False,-0.0009924469661136337,0,0.0,-0.0009924469661136337
2020-09-19,10931.06,11084.0,11148.52,10897.13,18334274060.30012,204994315602.9869,0.014252109042264588,319.41000000000025,10780.9925,10491.94875,1,10764.59,0.0,10764.59,0.0,0,0,1,10764.59,0.0,False,False,0.014252109042264588,0,0.0,0.014252109042264588
2020-09-20,11084.1,10923.33,11084.1,10785.6,20161733906.963223,202032519471.26855,-0.014601758115320914,316.55785714285736,10875.7575,10576.94375,1,10606.772142857142,0.0,10764.59,0.0,0,0,1,10764.59,0.0,False,False,-0.014601758115320914,0,0.0,-0.014601758115320914
2020-09-21,10919.54,10439.52,10984.72,10353.83,23757059692.357033,193677795064.08533,-0.045302264499387755,326.46857142857164,10950.80125,10639.541249999998,-1,0.0,10765.988571428572,0.0,10765.988571428572,0,0,-1,0.0,10765.988571428572,False,True,-0.046302264499387756,1,0.001,-0.045302264499387755
2020-09-22,10431.87,10527.59,10575.15,10365.48,19866578108.977962,194731087415.28983,0.008400825669612895,306.08071428571446,11003.6625,10654.06625,-1,0.0,10833.670714285714,0.0,10765.988571428572,0,0,-1,0.0,10765.988571428572,False,False,-0.008400825669612895,0,0.0,-0.008400825669612895
2020-09-23,10533.15,10223.78,10534.99,10154.93,19981974722.351273,189120580778.46335,-0.029283050648842644,309.27214285714297,10983.68,10664.502499999999,-1,0.0,10533.052142857143,0.0,10533.052142857143,0,0,-1,0.0,10533.052142857143,False,False,0.029283050648842644,0,0.0,0.029283050648842644
2020-09-24,10232.24,10726.53,10786.87,10219.31,21348447554.09249,198514026300.17914,0.0480037325753534,332.1728571428574,10934.2225,10603.85125,-1,0.0,11058.702857142858,0.0,10533.052142857143,0,1,0,0.0,10533.052142857143,False,False,-0.0490037325753534,1,0.001,-0.0480037325753534
2020-09-25,10732.26,10681.99,10750.61,10562.95,19119761059.475536,197616950282.06653,-0.004160966219284908,333.2035714285717,10897.288750000002,10545.36625,-1,0.0,11015.193571428572,0.0,10533.052142857143,0,1,0,0.0,10533.052142857143,False,False,-0.0,0,0.0,-0.0
2020-09-26,10684.79,10743.19,10756.99,10653.01,16886146730.050009,198687083452.04324,0.005712919700176496,326.4214285714288,10861.11,10521.7225,-1,0.0,11069.611428571428,0.0,10533.052142857143,0,1,0,0.0,10533.052142857143,False,False,0.0,0,0.0,0.0
2020-09-27,10728.6,10765.3,10791.81,10623.48,17639951627.948776,199236216251.43555,0.0020559330560155466,315.2878571428573,10827.74375,10499.03,-1,0.0,11080.587857142857,0.0,10533.052142857143,0,1,0,0.0,10533.052142857143,False,False,0.0,0,0.0,0.0
2020-09-28,10834.89,10672.03,10935.9,10672.03,19869963340.485493,197720212770.89465,-0.00870169825528439,301.7771428571429,10783.154999999999,10464.82375,-1,0.0,10973.807142857144,0.0,10533.052142857143,0,1,0,0.0,10533.052142857143,False,False,-0.0,0,0.0,-0.0
2020-09-29,10701.57,10837.52,10849.43,10647.31,18308943800.639038,200532996047.58585,0.015387887285247788,295.4635714285715,10764.63,10450.6275,1,10542.056428571428,0.0,10542.056428571428,0.0,0,0,1,10542.056428571428,0.0,True,False,-0.001,1,0.001,0.0
2020-09-30,10839.06,10770.88,10839.06,10674.49,18558607662.6852,199310441688.83572,-0.006167991269277367,278.99357142857156,10747.71875,10487.3125,1,10491.886428571428,0.0,10542.056428571428,0.0,0,0,1,10542.056428571428,0.0,False,False,-0.006167991269277367,0,0.0,-0.006167991269277367
2020-10-01,10811.77,10627.98,10898.75,10482.02,20889752499.95891,196617081790.5188,-0.013356050205546983,288.1928571428572,10780.7075,10525.93875,1,10339.787142857142,0.0,10542.056428571428,0.0,0,0,1,10542.056428571428,0.0,False,False,-0.013356050205546983,0,0.0,-0.013356050205546983
2020-10-02,10614.05,10572.67,10662.46,10420.55,21258724984.475838,195660035179.73257,-0.005217776387552536,291.94571428571425,10826.177500000002,10566.825,1,10280.724285714286,0.0,10542.056428571428,0.0,0,0,1,10542.056428571428,0.0,False,False,-0.005217776387552536,0,0.0,-0.005217776387552536
2020-10-03,10570.13,10546.66,10592.27,10510.64,16039831144.937496,195188285650.34625,-0.0024631475667485406,279.82,10810.62625,10591.98,-1,0.0,10826.48,0.0,10826.48,0,0,-1,0.0,10826.48,False,True,-0.0034631475667485406,1,0.001,-0.0024631475667485406
2020-10-04,10528.65,10670.7,10696.19,10525.4,16029160487.55924,197494664453.7935,0.011692445540483305,270.6978571428572,10790.83375,10585.44125,-1,0.0,10941.397857142858,0.0,10826.48,0,0,-1,0.0,10826.48,False,False,-0.011692445540483305,0,0.0,-0.011692445540483305
2020-10-05,10667.67,10784.95,10784.95,10633.08,17853484006.269306,199530129891.0881,0.010649976101384158,236.48214285714297,10783.233750000001,10569.49,1,10548.467857142858,0.0,10548.467857142858,0.0,0,0,1,10548.467857142858,0.0,True,False,-0.011649976101384157,1,0.001,-0.010649976101384158
2020-10-06,10786.36,10605.96,10794.76,10541.05,19419734685.095844,196314284797.01337,-0.016735536504055685,239.62785714285732,10782.37625,10570.69,1,10366.332142857142,0.0,10548.467857142858,0.0,0,0,1,10548.467857142858,0.0,False,False,-0.016735536504055685,0,0.0,-0.016735536504055685
2020-10-07,10594.11,10668.01,10679.87,10562.72,17222472599.6063,197575523784.584,0.0058334364444519535,220.84857142857177,10764.73375,10554.3175,1,10447.161428571428,0.0,10548.467857142858,0.0,0,0,1,10548.467857142858,0.0,False,False,0.0058334364444519535,0,0.0,0.0058334364444519535
2020-10-08,10672.16,10888.67,10929.16,10552.77,19767968267.462948,201518932273.67853,0.020473255389331767,207.19357142857163,10743.538750000002,10543.74375,1,10681.476428571428,0.0,10681.476428571428,0.0,0,0,1,10681.476428571428,0.0,False,False,0.020473255389331767,0,0.0,0.020473255389331767
2020-10-09,10918.68,11063.25,11095.4,10840.1,19254933802.105747,204809205392.17957,0.015906005554643513,212.02500000000015,10754.801249999999,10528.52875,1,10851.225,0.0,10851.225,0.0,0,0,1,10851.225,0.0,False,False,0.015906005554643513,0,0.0,0.015906005554643513
2020-10-10,11056.69,11286.54,11449.37,11051.39,19496631246.27072,209268690952.5854,0.019982060646143596,233.0250000000003,10779.382500000002,10573.28875,1,11053.515000000001,0.0,11053.515000000001,0.0,0,0,1,11053.515000000001,0.0,False,False,0.019982060646143596,0,0.0,0.019982060646143596
2020-10-11,11296.8,11377.81,11421.5,11280.24,16270141989.732687,210799352797.1382,0.008054102004153093,231.09142857142888,10877.74625,10652.143750000001,1,11146.71857142857,0.0,11146.71857142857,0.0,0,0,1,11146.71857142857,0.0,False,False,0.008054102004153093,0,0.0,0.008054102004153093
2020-10-12,11366.48,11543.18,11696.64,11251.51,20957733313.86495,213726225963.20517,0.01442981908117689,244.03857142857174,10981.4,10748.34375,1,11299.141428571429,0.0,11299.141428571429,0.0,0,0,1,11299.141428571429,0.0,False,False,0.01442981908117689,0,0.0,0.01442981908117689
2020-10-13,11533.68,11426.11,11560.17,11325.74,19556025069.397404,211576163357.66504,-0.010193698955562347,246.34642857142885,11106.45625,10839.1075,1,11179.763571428572,0.0,11299.141428571429,0.0,0,0,1,11299.141428571429,0.0,False,False,-0.010193698955562347,0,0.0,-0.010193698955562347
2020-10-14,11429.39,11435.57,11538.11,11298.59,20441486195.023685,211756280001.1405,0.0008275857714679477,251.70000000000033,11203.35875,10925.689999999999,1,11183.869999999999,0.0,11299.141428571429,0.0,0,0,1,11299.141428571429,0.0,False,False,0.0008275857714679477,0,0.0,0.0008275857714679477
2020-10-15,11430.41,11495.58,11575.75,11288.11,20511481706.663586,212878404236.874,0.005233940469050238,242.47928571428605,11296.2775,11020.3825,1,11253.100714285714,0.0,11299.141428571429,0.0,0,0,1,11299.141428571429,0.0,False,False,0.005233940469050238,0,0.0,0.005233940469050238
2020-10-16,11499.16,11319.1,11537.36,11235.44,20436703034.239178,209993205751.02322,-0.015471049348590964,246.76571428571464,11408.262499999999,11111.056250000001,1,11072.334285714285,0.0,11299.141428571429,0.0,0,0,1,11299.141428571429,0.0,False,False,-0.015471049348590964,0,0.0,-0.015471049348590964
2020-10-17,11317.89,11365.81,11401.78,11282.06,15650920221.099894,210421523306.69058,0.004118161898274135,249.48642857142892,11484.2875,11196.39,1,11116.323571428571,0.0,11299.141428571429,0.0,0,0,1,11299.141428571429,0.0,False,False,0.004118161898274135,0,0.0,0.004118161898274135
2020-10-18,11364.04,11495.9,11495.9,11350.55,15569792414.423223,212752326976.49207,0.011380723848845233,247.66928571428602,11522.585,11251.634999999998,1,11248.230714285713,0.0,11299.141428571429,0.0,0,0,1,11299.141428571429,0.0,False,False,0.011380723848845233,0,0.0,0.011380723848845233
2020-10-19,11509.09,11752.15,11808.12,11425.36,18121468516.27194,217391050812.65872,0.022045752513918264,264.16142857142887,11528.40125,11289.029999999999,1,11487.98857142857,0.0,11487.98857142857,0.0,0,0,1,11487.98857142857,0.0,False,False,0.022045752513918264,0,0.0,0.022045752513918264
2020-10-20,11750.92,11908.71,12004.41,11690.75,21431994055.82887,220404884318.97812,0.013233862583426702,268.4435714285716,11576.72875,11307.17,1,11640.266428571427,0.0,11640.266428571427,0.0,0,0,1,11640.266428571427,0.0,False,False,0.013233862583426702,0,0.0,0.013233862583426702
2020-10-21,11913.87,12806.44,13243.91,11897.06,29314287990.069,236717318526.15692,0.07267810424219151,356.27928571428583,11615.2,11362.074999999999,1,12450.160714285714,0.0,12450.160714285714,0.0,0,0,1,12450.160714285714,0.0,False,False,0.07267810424219151,0,0.0,0.07267810424219151
2020-10-22,12807.2,12951.04,13161.84,12694.2,25070864646.764915,240257678153.83536,0.011227924400644705,362.797142857143,11825.667500000001,11433.49,1,12588.242857142857,0.0,12588.242857142857,0.0,0,0,1,12588.242857142857,0.0,False,False,0.011227924400644705,0,0.0,0.011227924400644705
2020-10-23,12961.59,12928.07,13010.09,12755.89,21379873277.585674,239590543523.72256,-0.0017751774332292413,362.71857142857164,12028.63375,11607.94125,1,12565.351428571428,0.0,12588.242857142857,0.0,0,0,1,12588.242857142857,0.0,False,False,-0.0017751774332292413,0,0.0,-0.0017751774332292413
2020-10-24,12929.76,13106.05,13150.16,12884.48,19302801174.758503,242785151288.07916,0.013673039288530397,353.2685714285716,12207.92625,11791.413750000002,1,12752.781428571428,0.0,12752.781428571428,0.0,0,0,1,12752.781428571428,0.0,False,False,0.013673039288530397,0,0.0,0.013673039288530397
2020-10-25,13104.7,13021.41,13324.07,12905.79,18998745579.318,241326618198.73062,-0.00647902980874536,373.0557142857143,12409.52625,11997.54375,1,12648.354285714286,0.0,12752.781428571428,0.0,0,0,1,12752.781428571428,0.0,False,False,-0.00647902980874536,0,0.0,-0.00647902980874536
2020-10-26,13022.85,13060.79,13203.1,12810.79,21507619985.694366,242141178089.60794,0.003019686216951684,369.2828571428572,12649.8125,12200.51,1,12691.507142857143,0.0,12752.781428571428,0.0,0,0,1,12752.781428571428,0.0,False,False,0.003019686216951684,0,0.0,0.003019686216951684
2020-10-27,13062.81,13655.19,13760.58,13052.96,23918511528.069115,253004886697.36078,0.04450505708118732,403.08214285714297,12863.2125,12383.04,1,13252.107857142857,0.0,13252.107857142857,0.0,0,0,1,13252.107857142857,0.0,False,False,0.04450505708118732,0,0.0,0.04450505708118732
2020-10-28,13631.65,13283.0,13843.6,12901.78,26825856788.112816,245661872194.44214,-0.027634646995598842,453.2464285714286,13107.27,12586.49,1,12829.753571428571,0.0,13252.107857142857,0.0,0,0,1,13252.107857142857,0.0,False,False,-0.027634646995598842,0,0.0,-0.027634646995598842
2020-10-29,13275.88,13441.88,13620.43,12996.52,22860841953.831577,249545455596.3296,0.011890184114589992,477.26571428571435,13337.16875,12737.868750000001,1,12964.614285714284,0.0,13252.107857142857,0.0,0,0,1,13252.107857142857,0.0,False,False,0.011890184114589992,0,0.0,0.011890184114589992
2020-10-30,13448.38,13537.17,13649.73,13145.09,23482756915.113663,250845436637.92026,0.007064029033733471,491.7457142857143,13384.23375,12875.30125,1,13045.424285714285,0.0,13252.107857142857,0.0,0,0,1,13252.107857142857,0.0,False,False,0.007064029033733471,0,0.0,0.007064029033733471
2020-10-31,13549.54,13778.64,13989.58,13441.43,22691200479.405403,255329261020.6163,0.017680331657202186,522.347857142857,13445.22,12931.662499999999,1,13256.292142857143,0.0,13256.292142857143,0.0,0,0,1,13256.292142857143,0.0,False,False,0.017680331657202186,0,0.0,0.017680331657202186
2020-11-01,13740.61,13720.36,13858.35,13621.6,19771957707.937115,254260250527.50497,-0.0042387059353355015,528.8764285714285,13567.65625,13017.355,1,13191.483571428573,0.0,13256.292142857143,0.0,0,0,1,13256.292142857143,0.0,False,False,-0.0042387059353355015,0,0.0,-0.0042387059353355015
2020-11-02,13750.98,13558.36,13799.5,13245.09,22630851230.49477,251266177558.48047,-0.01187752977541872,541.1371428571427,13656.18,13109.495,1,13017.222857142859,0.0,13256.292142857143,0.0,0,0,1,13256.292142857143,0.0,False,False,-0.01187752977541872,0,0.0,-0.01187752977541872
2020-11-03,13538.65,13989.98,14032.08,13321.8,22602862338.46403,259277183164.55063,0.03133802783866421,569.4671428571428,13715.608750000001,13151.907500000001,1,13420.512857142858,0.0,13420.512857142858,0.0,0,0,1,13420.512857142858,0.0,False,False,0.03133802783866421,0,0.0,0.03133802783866421
2020-11-04,14013.13,14101.72,14212.89,13568.27,25857225138.46526,261103557610.74826,0.007955416676259063,519.307857142857,13819.23125,13215.78375,1,13582.412142857142,0.0,13582.412142857142,0.0,0,0,1,13582.412142857142,0.0,False,False,0.007955416676259063,0,0.0,0.007955416676259063
2020-11-05,14131.53,15553.33,15701.77,14095.43,36313255719.023285,288118007577.42645,0.09797798784875962,600.6435714285714,13875.77,13280.1975,1,14952.68642857143,0.0,14952.68642857143,0.0,0,0,1,14952.68642857143,0.0,False,False,0.09797798784875962,0,0.0,0.09797798784875962
2020-11-06,15570.11,15548.31,15926.75,15250.46,34523587704.57108,288563189165.38806,-0.00032281256188377216,630.7928571428571,14108.041249999998,13429.40375,1,14917.517142857143,0.0,14952.68642857143,0.0,0,0,1,14952.68642857143,0.0,False,False,-0.00032281256188377216,0,0.0,-0.00032281256188377216
2020-11-07,15557.1,14818.46,15736.86,14535.78,30369855794.73288,274687727889.983,-0.048078250208620506,697.6071428571428,14396.33125,13711.14625,1,14120.852857142856,0.0,14952.68642857143,0.0,1,0,0,14952.68642857143,0.0,False,False,-0.04907825020862051,1,0.001,-0.048078250208620506
2020-11-08,14815.75,15496.32,15638.15,14738.72,24082570971.891495,287116472704.3936,0.04472887554360951,731.975,14657.2225,13884.982499999998,1,14764.345,0.0,14952.68642857143,0.0,1,0,0,14952.68642857143,0.0,False,False,0.0,0,0.0,0.0
2020-11-09,15478.62,15335.34,15827.03,14866.0,29501754042.78257,284292217075.7686,-0.010442607558397226,772.5978571428572,14863.29375,14047.14375,1,14562.742142857143,0.0,14952.68642857143,0.0,0,0,1,14952.68642857143,0.0,False,False,-0.001,1,0.001,-0.0
2020-11-10,15308.36,15278.71,15434.18,15114.32,21918753732.66584,283242342238.5137,-0.0036996127328369844,744.9007142857143,15109.37875,14202.693749999999,1,14533.809285714286,0.0,14952.68642857143,0.0,0,0,1,14952.68642857143,0.0,False,False,-0.0036996127328369844,0,0.0,-0.0036996127328369844
2020-11-11,15305.1,15686.91,15922.53,15286.57,23990613793.268227,291215273242.1888,0.026366250532301166,723.6150000000001,15313.713749999999,14436.3475,1,14963.295,0.0,14963.295,0.0,0,0,1,14963.295,0.0,False,False,0.026366250532301166,0,0.0,0.026366250532301166
2020-11-12,15680.22,16265.15,16310.57,15526.82,28001128791.211353,301529322417.4614,0.03619817551617646,735.0321428571431,15550.02,14681.943749999999,1,15530.117857142857,0.0,15530.117857142857,0.0,0,0,1,15530.117857142857,0.0,False,False,0.03619817551617646,0,0.0,0.03619817551617646
2020-11-13,16275.64,16326.81,16461.04,16009.19,24826304419.55837,302672502422.09,0.0037837597717147483,731.2614285714288,15812.23,14926.7625,1,15595.548571428571,0.0,15595.548571428571,0.0,0,0,1,15595.548571428571,0.0,False,False,0.0037837597717147483,0,0.0,0.0037837597717147483
2020-11-14,16324.19,16095.56,16324.19,15739.43,22096608221.167004,298290647831.24426,-0.01426508435128511,734.0635714285717,15907.138750000002,15165.9825,1,15361.496428571429,0.0,15595.548571428571,0.0,0,0,1,15595.548571428571,0.0,False,False,-0.01426508435128511,0,0.0,-0.01426508435128511
2020-11-15,16069.74,15984.67,16132.26,15810.51,19184714602.510406,296277008765.18964,-0.00691331961497318,740.1350000000002,15956.81875,15227.10375,1,15244.535,0.0,15595.548571428571,0.0,0,0,1,15595.548571428571,0.0,False,False,-0.00691331961497318,0,0.0,-0.00691331961497318
2020-11-16,15966.88,16714.4,16854.95,15892.42,24606359052.384533,309857769717.0289,0.04464048538127893,769.2864285714288,16006.243750000001,15386.445,1,15945.113571428572,0.0,15945.113571428572,0.0,0,0,1,15945.113571428572,0.0,False,False,0.04464048538127893,0,0.0,0.04464048538127893
2020-11-17,16707.98,17651.82,17814.21,16571.43,31572384445.72333,327448838765.29767,0.05456827088460599,807.322142857143,16158.34375,15530.657500000001,1,16844.49785714286,0.0,16844.49785714286,0.0,0,0,1,16844.49785714286,0.0,False,False,0.05456827088460599,0,0.0,0.05456827088460599
2020-11-18,17654.61,17829.93,18376.51,17350.14,40089857655.31074,330792375072.03064,0.010039611689361745,834.5900000000001,16406.74125,15743.83625,1,16995.34,0.0,16995.34,0.0,0,0,1,16995.34,0.0,False,False,0.010039611689361745,0,0.0,0.010039611689361745
2020-11-19,17807.15,17819.76,18120.35,17400.5,30586797551.711708,330526082018.5286,-0.0005705519613711784,771.2692857142857,16774.5325,16023.31375,1,17048.490714285712,0.0,17048.490714285712,0.0,0,0,1,17048.490714285712,0.0,False,False,-0.0005705519613711784,0,0.0,-0.0005705519613711784
2020-11-20,17823.0,18628.81,18768.22,17775.27,28731271104.013725,345552251091.15924,0.04440135316519931,793.8878571428571,17049.260000000002,16287.555,1,17834.922142857144,0.0,17834.922142857144,0.0,0,0,1,17834.922142857144,0.0,False,False,0.04440135316519931,0,0.0,0.04440135316519931
2020-11-21,18657.73,18689.53,18946.22,18488.25,31201880851.778336,346623937352.1668,0.003254166910070364,740.8085714285716,17356.46625,16568.61125,1,17948.72142857143,0.0,17948.72142857143,0.0,0,0,1,17948.72142857143,0.0,False,False,0.003254166910070364,0,0.0,0.003254166910070364
2020-11-22,18649.91,18390.61,18698.71,17710.85,33010231293.95878,342078349285.0962,-0.01612326574646305,747.1250000000001,17667.11375,16878.49375,1,17643.485,0.0,17948.72142857143,0.0,0,0,1,17948.72142857143,0.0,False,False,-0.01612326574646305,0,0.0,-0.01612326574646305
2020-11-23,18420.95,18360.69,18710.21,18029.3,33389683851.4282,340635146714.39825,-0.0016282420817907383,727.1164285714286,17963.92875,17124.92125,1,17633.57357142857,0.0,17948.72142857143,0.0,0,0,1,17948.72142857143,0.0,False,False,-0.0016282420817907383,0,0.0,-0.0016282420817907383
2020-11-24,18311.66,19091.52,19334.85,18144.47,49429532567.3455,354209935573.8031,0.03903229122159278,789.2964285714285,18286.1725,17402.27,1,18302.22357142857,0.0,18302.22357142857,0.0,0,0,1,18302.22357142857,0.0,False,False,0.03903229122159278,0,0.0,0.03903229122159278
2020-11-25,19114.89,18753.29,19298.51,18676.0,32146102840.277466,348158099247.1633,-0.01787505371649752,787.7742857142854,18596.16,17683.77625,1,17965.515714285717,0.0,18302.22357142857,0.0,0,0,1,18302.22357142857,0.0,False,False,-0.01787505371649752,0,0.0,-0.01787505371649752
2020-11-26,18732.22,17138.03,18864.99,16368.68,48738957776.520256,317999016791.45123,-0.09006923294924281,910.0999999999997,18781.697500000002,17946.8475,-1,0.0,18048.129999999997,0.0,18048.129999999997,0,0,-1,0.0,18048.129999999997,False,True,-0.09106923294924281,1,0.001,-0.09006923294924281
2020-11-27,17183.05,17140.28,17461.93,16540.01,30680336583.342796,318057301370.37897,0.0001312783508423897,943.6764285714283,18842.7575,17824.165,-1,0.0,18083.956428571426,0.0,18048.129999999997,0,0,-1,0.0,18048.129999999997,False,False,-0.0001312783508423897,0,0.0,-0.0001312783508423897
2020-11-28,17149.12,17718.97,17854.65,16917.83,24501260966.046284,328812520405.74207,0.033204567984483395,968.6364285714284,18760.454999999998,17716.603750000002,-1,0.0,18687.60642857143,0.0,18048.129999999997,0,0,-1,0.0,18048.129999999997,False,False,-0.033204567984483395,0,0.0,-0.033204567984483395
2020-11-29,17725.46,18169.95,18307.43,17544.75,23940328528.71234,336495192223.0139,0.025133313538936563,1000.1314285714285,18646.258749999997,17609.42375,-1,0.0,19170.08142857143,0.0,18048.129999999997,0,1,0,0.0,18048.129999999997,False,False,-0.026133313538936564,1,0.001,-0.025133313538936563
2020-11-30,18192.65,19609.52,19799.03,18192.65,36160827241.441734,363927715778.6875,0.07624603198555349,1047.7421428571427,18566.41,17491.48625,1,18561.777857142857,0.0,18561.777857142857,0.0,0,0,1,18561.777857142857,0.0,True,False,-0.001,1,0.001,0.0
2020-12-01,19615.04,18857.42,19832.27,18338.09,38614628143.57325,349587593227.14185,-0.0391086922084295,1065.6992857142855,18703.95,17551.71125,1,17791.72071428571,0.0,18561.777857142857,0.0,0,0,1,18561.777857142857,0.0,False,False,-0.0391086922084295,0,0.0,-0.0391086922084295
2020-12-02,18838.82,19208.4,19319.79,18409.53,28923102074.82652,356517705143.29443,0.018441212965760227,1057.4057142857143,18844.2075,17590.31,1,18150.99428571429,0.0,18561.777857142857,0.0,0,0,1,18561.777857142857,0.0,False,False,0.018441212965760227,0,0.0,0.018441212965760227
2020-12-03,19225.05,19435.2,19571.13,18962.71,24342606870.708958,360661550057.2975,0.011738171605354092,1049.446428571429,18842.325,17623.4425,1,18385.753571428573,0.0,18561.777857142857,0.0,0,0,1,18561.777857142857,0.0,False,False,0.011738171605354092,0,0.0,0.011738171605354092
2020-12-04,19417.98,18711.23,19500.11,18643.98,26369871383.262005,347850442856.6359,-0.03796197659280856,1039.6735714285717,18876.402500000004,17659.28125,1,17671.556428571428,0.0,18561.777857142857,0.0,0,0,1,18561.777857142857,0.0,False,False,-0.03796197659280856,0,0.0,-0.03796197659280856
2020-12-05,18697.27,19139.11,19161.6,18591.11,23333284386.26552,355244908734.6481,0.02261000709507936,1047.7107142857144,18955.7925,17943.69375,1,18091.399285714288,0.0,18561.777857142857,0.0,0,0,1,18561.777857142857,0.0,False,False,0.02261000709507936,0,0.0,0.02261000709507936
2020-12-06,19157.02,19325.55,19383.78,18892.36,21832193872.698597,358762118305.1145,0.009694169145689694,1012.2507142857141,19168.25125,18200.08125,1,18313.299285714285,0.0,18561.777857142857,0.0,0,0,1,18561.777857142857,0.0,False,False,0.009694169145689694,0,0.0,0.009694169145689694
2020-12-07,19356.89,19198.81,19392.1,18947.15,22034483383.94943,356587934226.10187,-0.006579756665548364,995.3964285714283,19359.3925,18446.8975,1,18203.413571428573,0.0,18561.777857142857,0.0,0,0,1,18561.777857142857,0.0,False,False,-0.006579756665548364,0,0.0,-0.006579756665548364
2020-12-08,19182.84,18336.51,19260.17,18290.35,26799991795.55794,340435142947.90857,-0.045954143664632637,979.6421428571427,19494.97625,18622.197500000002,-1,0.0,19316.15214285714,0.0,19316.15214285714,0,0,-1,0.0,19316.15214285714,False,True,-0.04695414366463264,1,0.001,-0.045954143664632637
2020-12-09,18321.29,18564.99,18647.42,17732.0,29806757748.847992,344693077429.9694,0.012383394699256065,1000.5642857142856,19427.618749999998,18634.41,-1,0.0,19565.554285714286,0.0,19316.15214285714,0,0,-1,0.0,19316.15214285714,False,False,-0.012383394699256065,0,0.0,-0.012383394699256065
2020-12-10,18561.1,18262.06,18561.1,17961.17,24092658533.60422,339714540194.3479,-0.01645186528125682,865.3864285714286,19279.5125,18558.64875,-1,0.0,19127.44642857143,0.0,19127.44642857143,0,0,-1,0.0,19127.44642857143,False,False,0.01645186528125682,0,0.0,0.01645186528125682
2020-12-11,18279.58,18058.03,18279.58,17654.39,26080197328.252396,335310805699.2893,-0.011235222502195441,844.1914285714286,19184.676249999997,18502.60375,-1,0.0,18902.22142857143,0.0,18902.22142857143,0,0,-1,0.0,18902.22142857143,False,False,0.011235222502195441,0,0.0,0.011235222502195441
2020-12-12,18053.18,18807.1,18881.7,18053.18,21918803313.730873,349235537025.78625,0.040643996917491515,836.4557142857144,19023.2325,18339.06375,-1,0.0,19643.555714285714,0.0,18902.22142857143,0,0,-1,0.0,18902.22142857143,False,False,-0.040643996917491515,0,0.0,-0.040643996917491515
2020-12-13,18798.42,19151.13,19365.36,18733.12,23550581096.074562,355642790361.31714,0.018127263603715416,827.1385714285716,18945.93125,18265.21375,1,18323.99142857143,0.0,18323.99142857143,0.0,0,0,1,18323.99142857143,0.0,True,False,-0.019127263603715416,1,0.001,-0.018127263603715416
2020-12-14,19147.46,19259.97,19310.69,19010.36,21638023119.81534,357681110300.36426,0.005667127017708146,732.2278571428573,18971.40125,18282.965,1,18527.742142857143,0.0,18527.742142857143,0.0,0,0,1,18527.742142857143,0.0,False,False,0.005667127017708146,0,0.0,0.005667127017708146
2020-12-15,19262.12,19432.36,19524.38,19058.21,24173322660.107285,360542942204.959,0.008910868934342371,658.7985714285717,18962.265,18297.715,1,18773.56142857143,0.0,18773.56142857143,0.0,0,0,1,18773.56142857143,0.0,False,False,0.008910868934342371,0,0.0,0.008910868934342371
2020-12-16,19431.79,21318.0,21387.0,19286.09,39062639738.04841,396179736655.63983,0.09261206859623496,743.8450000000001,18978.8,18311.5975,1,20574.155,0.0,20574.155,0.0,0,0,1,20574.155,0.0,False,False,0.09261206859623496,0,0.0,0.09261206859623496
2020-12-17,21345.0,22806.0,23625.0,21225.0,60693764158.56218,423587689809.2768,0.06747187296822166,871.8149999999999,19244.65375,18436.065,1,21934.185,0.0,21934.185,0.0,0,0,1,21934.185,0.0,False,False,0.06747187296822166,0,0.0,0.06747187296822166
2020-12-18,22800.0,23121.0,23233.0,22425.0,37000188847.409645,429459534590.4159,0.013717636228799126,868.3771428571428,19866.85125,18872.69,1,22252.62285714286,0.0,22252.62285714286,0.0,0,0,1,22252.62285714286,0.0,False,False,0.013717636228799126,0,0.0,0.013717636228799126
2020-12-19,23114.0,23864.0,24073.0,22850.0,35252972899.69343,443289431125.4617,0.0316297517484814,914.985,20450.838750000003,19430.66875,1,22949.015,0.0,22949.015,0.0,0,0,1,22949.015,0.0,False,False,0.0316297517484814,0,0.0,0.0316297517484814
2020-12-20,23789.0,23518.0,24225.0,23155.0,32907758817.840942,436893169132.7113,-0.014604961811223324,956.312142857143,21175.01625,20080.12,1,22561.687857142857,0.0,22949.015,0.0,0,0,1,22949.015,0.0,False,False,-0.014604961811223324,0,0.0,-0.014604961811223324
2020-12-21,23473.0,22841.0,24084.0,22143.0,38423396405.393135,424329939581.7774,-0.029208918734727134,1063.1728571428575,21842.92875,20717.8475,1,21777.827142857142,0.0,22949.015,0.0,1,0,0,22949.015,0.0,False,False,-0.030208918734727135,1,0.001,-0.029208918734727134
2020-12-22,22753.0,23795.0,23814.0,22441.0,38733771616.273865,441752551013.19135,0.040918307906576926,1091.971428571429,22432.75875,21144.0825,1,22703.02857142857,0.0,22949.015,0.0,1,0,0,22949.015,0.0,False,False,0.0,0,0.0,0.0
2020-12-23,23842.0,23308.0,24056.0,22934.0,42917744239.8244,433051601800.69293,-0.020678825292245986,1106.7271428571435,22995.6725,21572.9125,1,22201.272857142856,0.0,22949.015,0.0,0,0,1,22949.015,0.0,False,False,-0.001,1,0.001,-0.0
2020-12-24,23263.0,23760.0,23790.0,22853.0,36826373658.97133,441614502954.16315,0.019206845213616406,1130.5257142857147,23562.125,22057.38625,1,22629.474285714285,0.0,22949.015,0.0,0,0,1,22949.015,0.0,False,False,0.019206845213616406,0,0.0,0.019206845213616406
2020-12-25,23765.0,24671.0,24728.0,23475.0,36622874229.82892,458416319552.32434,0.03762497028812693,1175.3692857142858,23862.5,22503.25,1,23495.630714285715,0.0,23495.630714285715,0.0,0,0,1,23495.630714285715,0.0,False,False,0.03762497028812693,0,0.0,0.03762497028812693
2020-12-26,24699.0,26476.0,26718.0,24542.0,41995154622.74047,491978602969.93176,0.07061019747410524,1271.6178571428572,24000.375,22784.5,1,25204.382142857143,0.0,25204.382142857143,0.0,0,0,1,25204.382142857143,0.0,False,False,0.07061019747410524,0,0.0,0.07061019747410524
2020-12-27,26484.0,26423.0,28336.0,25914.0,56654980595.93094,493427450341.26013,-0.0020038192681980423,1399.4578571428572,24436.0,23049.125,1,25023.542142857143,0.0,25204.382142857143,0.0,0,0,1,25204.382142857143,0.0,False,False,-0.0020038192681980423,0,0.0,-0.0020038192681980423
2020-12-28,26271.0,27125.0,27389.0,26271.0,42186521237.4668,503712223153.6673,0.02622096887214531,1457.8628571428574,24968.875,23432.125,1,25667.137142857144,0.0,25667.137142857144,0.0,0,0,1,25667.137142857144,0.0,False,False,0.02622096887214531,0,0.0,0.02622096887214531
2020-12-29,27093.0,27425.0,27425.0,26098.0,38081840205.60215,509680257177.0481,0.010999194300670317,1519.3507142857143,25364.375,23821.625,1,25905.649285714288,0.0,25905.649285714288,0.0,0,0,1,25905.649285714288,0.0,False,False,0.010999194300670317,0,0.0,0.010999194300670317
2020-12-30,27438.0,28837.0,28985.0,27438.0,43341140482.282166,535967306917.84125,0.0502042786533701,1480.7142857142858,25782.0,24316.0,1,27356.285714285714,0.0,27356.285714285714,0.0,0,0,1,27356.285714285714,0.0,False,False,0.0502042786533701,0,0.0,0.0502042786533701
2020-12-31,28920.0,29022.0,29286.0,28239.0,43503516563.294876,539438036435.6701,0.0063948782542369775,1384.0714285714287,26428.375,24940.625,1,27637.928571428572,0.0,27637.928571428572,0.0,0,0,1,27637.928571428572,0.0,False,False,0.0063948782542369775,0,0.0,0.0063948782542369775
2021-01-01,29026.0,29352.0,29601.0,28829.0,34089717988.090446,545593282215.2498,0.011306523984079678,1381.5,27082.125,25603.75,1,27970.5,0.0,27970.5,0.0,0,0,1,27970.5,0.0,False,False,0.011306523984079678,0,0.0,0.011306523984079678
2021-01-02,29335.0,32164.0,33278.0,29050.0,57273436641.22308,597887713053.5825,0.09148712763292169,1596.142857142857,27808.5,26350.75,1,30567.85714285714,0.0,30567.85714285714,0.0,0,0,1,30567.85714285714,0.0,False,False,0.09148712763292169,0,0.0,0.09148712763292169
2021-01-03,32247.0,33008.0,34685.0,32071.0,178894068361.35312,613616917625.6967,0.025902141642993367,1706.4285714285713,28877.25,27047.625,1,31301.571428571428,0.0,31301.571428571428,0.0,0,0,1,31301.571428571428,0.0,False,False,0.025902141642993367,0,0.0,0.025902141642993367
2021-01-04,33177.0,31516.0,33575.0,28273.0,74657165356.22716,585726270248.7891,-0.04625460294545433,1946.5,29873.125,27988.75,1,29569.5,0.0,31301.571428571428,0.0,0,0,1,31301.571428571428,0.0,False,False,-0.04625460294545433,0,0.0,-0.04625460294545433
2021-01-05,31538.0,34082.0,34483.0,30321.0,67420500715.520256,633651671519.3958,0.07827403230175925,2145.714285714286,30528.0,28283.625,1,31936.285714285714,0.0,31936.285714285714,0.0,0,0,1,31936.285714285714,0.0,False,False,0.07827403230175925,0,0.0,0.07827403230175925
2021-01-06,34042.0,36934.0,37017.0,33629.0,71027195897.95125,682743683563.0741,0.08036315033848003,2307.5714285714284,31414.75,28789.875,1,34626.42857142857,0.0,34626.42857142857,0.0,0,0,1,34626.42857142857,0.0,False,False,0.08036315033848003,0,0.0,0.08036315033848003
2021-01-07,36894.0,39547.0,40180.0,36530.0,78642959829.4919,735339707368.3339,0.06835730196278147,2501.3571428571427,32613.75,29731.25,1,37045.642857142855,0.0,37045.642857142855,0.0,0,0,1,37045.642857142855,0.0,False,False,0.06835730196278147,0,0.0,0.06835730196278147
2021-01-08,39539.0,40816.0,41940.0,37029.0,82846468856.35208,758971014787.3597,0.03158432341299322,2762.6428571428573,34013.125,30867.75,1,38053.357142857145,0.0,38053.357142857145,0.0,0,0,1,38053.357142857145,0.0,False,False,0.03158432341299322,0,0.0,0.03158432341299322
2021-01-09,40852.0,40297.0,41391.0,39000.0,55921808671.54423,749347201462.6359,-0.012797136905083105,2778.0,35594.875,31966.5,1,37519.0,0.0,38053.357142857145,0.0,0,0,1,38053.357142857145,0.0,False,False,-0.012797136905083105,0,0.0,-0.012797136905083105
2021-01-10,40292.0,38398.0,41568.0,36051.0,73381123612.69325,714078952009.0243,-0.04827164959040856,2999.0714285714284,37068.625,33237.875,1,35398.92857142857,0.0,38053.357142857145,0.0,0,0,1,38053.357142857145,0.0,False,False,-0.04827164959040856,0,0.0,-0.04827164959040856
2021-01-11,38452.0,35670.0,38452.0,30469.0,111691569520.10521,663380898829.0051,-0.07369537553316378,3489.4285714285716,38104.875,34113.0,1,32180.571428571428,0.0,38053.357142857145,0.0,1,0,0,38053.357142857145,0.0,False,False,-0.07469537553316379,1,0.001,-0.07369537553316378
2021-01-12,35608.0,33938.0,36633.0,32740.0,68954134557.3671,629751630408.4126,-0.049774668820165825,3672.714285714286,38575.75,33912.75,1,30265.285714285714,0.0,38053.357142857145,0.0,1,0,0,38053.357142857145,0.0,False,False,-0.0,0,0.0,-0.0
2021-01-13,34064.0,37456.0,37694.0,32623.0,65278944793.97605,696668634091.3435,0.09863158019792059,3923.5,38958.0,34471.125,1,33532.5,0.0,38053.357142857145,0.0,1,0,0,38053.357142857145,0.0,False,False,0.0,0,0.0,0.0
2021-01-14,37414.0,39233.0,40039.0,36929.0,57519444621.68669,729751433670.0881,0.04635131863675313,4070.8571428571427,39359.375,34758.875,1,35162.142857142855,0.0,38053.357142857145,0.0,1,0,0,38053.357142857145,0.0,False,False,0.0,0,0.0,0.0
2021-01-15,39093.0,36788.0,39523.0,34771.0,63450740093.03335,684304915288.2261,-0.06434652434485696,4355.142857142857,39737.125,35171.375,1,32432.857142857145,0.0,38053.357142857145,0.0,1,0,0,38053.357142857145,0.0,False,False,-0.0,0,0.0,-0.0
2021-01-16,36887.0,36255.0,37835.0,35572.0,55054325262.44017,674660879866.02,-0.014594402216895194,4214.785714285715,39655.0,34951.5,1,32040.214285714286,0.0,38053.357142857145,0.0,1,0,0,38053.357142857145,0.0,False,False,-0.0,0,0.0,-0.0
2021-01-17,36117.0,35804.0,36752.0,34192.0,50749258739.19448,672291934493.4396,-0.012517683814863506,4210.928571428572,39141.875,34769.375,1,31593.071428571428,0.0,38053.357142857145,0.0,1,0,0,38053.357142857145,0.0,False,False,-0.0,0,0.0,-0.0
2021-01-18,35750.0,36595.0,37240.0,34901.0,46769030146.76761,682647247200.097,0.021852000044497912,3999.285714285714,38562.0,34168.375,1,32595.714285714286,0.0,38053.357142857145,0.0,1,0,0,38053.357142857145,0.0,False,False,0.0,0,0.0,0.0
2021-01-19,36747.0,36105.0,37690.0,36105.0,51736994549.005974,671734819189.1033,-0.013480259150045422,3815.214285714286,38021.0,34024.625,1,32289.785714285714,0.0,38053.357142857145,0.0,1,0,0,38053.357142857145,0.0,False,False,-0.0,0,0.0,-0.0
2021-01-20,35978.0,35587.0,36318.0,33636.0,58406615612.06859,662434464441.264,-0.014450957274753012,3764.785714285714,37925.75,34729.125,1,31822.214285714286,0.0,38053.357142857145,0.0,1,0,0,38053.357142857145,0.0,False,False,-0.0,0,0.0,-0.0
2021-01-21,35606.0,30914.0,35606.0,30358.0,69415314297.66626,575205510268.1292,-0.14077124689826512,3878.9285714285716,37886.375,34841.125,-1,0.0,34792.92857142857,0.0,34792.92857142857,0,0,-1,0.0,34792.92857142857,False,True,-0.001,1,0.001,-0.0
2021-01-22,30802.0,32958.0,33771.0,29043.0,69549742252.37038,613271077002.4795,0.06402486785841142,3865.8571428571427,37625.375,34558.0,-1,0.0,36823.857142857145,0.0,34792.92857142857,0,0,-1,0.0,34792.92857142857,False,False,-0.06402486785841142,0,0.0,-0.06402486785841142
2021-01-23,32867.0,32068.0,33328.0,31481.0,43575409684.64115,596744391345.3533,-0.027375375407833177,3827.0,36841.875,33572.25,-1,0.0,35895.0,0.0,34792.92857142857,0,0,-1,0.0,34792.92857142857,False,False,0.027375375407833177,0,0.0,0.027375375407833177
2021-01-24,32066.0,32274.0,32927.0,31089.0,42810544126.17814,600595408892.1986,0.006403304338455428,3564.214285714286,36067.5,33161.0,-1,0.0,35838.21428571428,0.0,34792.92857142857,0,0,-1,0.0,34792.92857142857,False,False,-0.006403304338455428,0,0.0,-0.006403304338455428
2021-01-25,32263.0,32375.0,34741.0,32071.0,50410553261.414444,602517850752.0305,0.0031245675005414078,3184.714285714286,35454.0,32600.625,-1,0.0,35559.71428571428,0.0,34792.92857142857,0,0,-1,0.0,34792.92857142857,False,False,-0.0031245675005414078,0,0.0,-0.0031245675005414078
2021-01-26,32223.0,32582.0,32802.0,30973.0,48489676580.41073,606573549809.8268,0.006373468624275836,3037.285714285714,35202.625,32335.5,-1,0.0,35619.28571428572,0.0,34792.92857142857,0,0,-1,0.0,34792.92857142857,False,False,-0.006373468624275836,0,0.0,-0.006373468624275836
2021-01-27,32531.0,30446.0,32531.0,29429.0,51514291052.43235,566661443732.4073,-0.06780536600691521,2900.285714285714,34647.875,31844.5,-1,0.0,33346.28571428572,0.0,33346.28571428572,0,0,-1,0.0,33346.28571428572,False,False,0.06780536600691521,0,0.0,0.06780536600691521
2021-01-28,30537.0,33128.0,33716.0,29975.0,51075972572.459564,616625386428.2396,0.08442422360620372,2945.3571428571427,34003.0,31010.0,-1,0.0,36073.357142857145,0.0,33346.28571428572,0,0,-1,0.0,33346.28571428572,False,False,-0.08442422360620372,0,0.0,-0.08442422360620372
2021-01-29,33308.0,34151.0,38429.0,32078.0,97468515525.42249,635688668063.594,0.030413021921673337,3059.5714285714284,33677.75,30552.375,1,31091.428571428572,0.0,31091.428571428572,0.0,0,0,1,31091.428571428572,0.0,True,False,-0.031413021921673334,1,0.001,-0.030413021921673337
2021-01-30,34279.0,34200.0,34740.0,32904.0,52001249491.10806,636624676861.2642,0.001433775903619871,3029.0714285714284,34030.625,30767.375,1,31170.928571428572,0.0,31170.928571428572,0.0,0,0,1,31170.928571428572,0.0,False,False,0.001433775903619871,0,0.0,0.001433775903619871
2021-01-31,34077.0,33065.0,34156.0,32262.0,42488649643.23183,615013848827.3505,-0.03375032294193378,2984.6428571428573,34151.75,31250.0,1,30080.35714285714,0.0,31170.928571428572,0.0,0,0,1,31170.928571428572,0.0,False,False,-0.03375032294193378,0,0.0,-0.03375032294193378
2021-02-01,33040.0,33406.0,34542.0,32342.0,49268860242.66622,621908231690.1377,0.010260203441130253,2974.714285714286,34255.25,31347.625,1,30431.285714285714,0.0,31170.928571428572,0.0,0,0,1,31170.928571428572,0.0,False,False,0.010260203441130253,0,0.0,0.010260203441130253
2021-02-02,33423.0,35486.0,35858.0,33421.0,50730704376.60918,660664104637.4851,0.06040272793363179,3036.6428571428573,34457.125,31504.25,1,32449.35714285714,0.0,32449.35714285714,0.0,0,0,1,32449.35714285714,0.0,False,False,0.06040272793363179,0,0.0,0.06040272793363179
2021-02-03,35478.0,37495.0,37576.0,35377.0,49762137494.206696,695794870715.5251,0.055069338251965,3002.1428571428573,34596.75,31673.0,1,34492.857142857145,0.0,34492.857142857145,0.0,0,0,1,34492.857142857145,0.0,False,False,0.055069338251965,0,0.0,0.055069338251965
2021-02-04,37725.0,36817.0,38615.0,36244.0,54494811707.23047,686453802173.3838,-0.018247895725792645,2796.6428571428573,35193.5,32223.5,1,34020.357142857145,0.0,34492.857142857145,0.0,0,0,1,34492.857142857145,0.0,False,False,-0.018247895725792645,0,0.0,-0.018247895725792645
2021-02-05,36900.0,38008.0,38237.0,36673.0,47446256481.71452,706320162928.6615,0.03183696885706019,2570.6428571428573,35954.0,33075.375,1,35437.357142857145,0.0,35437.357142857145,0.0,0,0,1,35437.357142857145,0.0,False,False,0.03183696885706019,0,0.0,0.03183696885706019
2021-02-06,38192.0,39279.0,40817.0,38192.0,57076868562.48764,732453192636.7231,0.03289336102910582,2639.3571428571427,36519.125,33912.625,1,36639.642857142855,0.0,36639.642857142855,0.0,0,0,1,36639.642857142855,0.0,False,False,0.03289336102910582,0,0.0,0.03289336102910582
2021-02-07,39282.0,38833.0,39610.0,37524.0,53802559038.8092,723434796637.7434,-0.011419624303907527,2657.0714285714284,36817.625,34676.875,1,36175.92857142857,0.0,36639.642857142855,0.0,0,0,1,36639.642857142855,0.0,False,False,-0.011419624303907527,0,0.0,-0.011419624303907527
2021-02-08,38779.0,46308.0,46471.0,37965.0,86994225365.2278,862413737410.9171,0.1760443317336636,3073.9285714285716,37426.375,35254.375,1,43234.07142857143,0.0,43234.07142857143,0.0,0,0,1,43234.07142857143,0.0,False,False,0.1760443317336636,0,0.0,0.1760443317336636
2021-02-09,46503.0,46570.0,48025.0,45120.0,78828431117.05534,867164581003.3563,0.005641824650803763,3150.785714285714,38965.75,35967.25,1,43419.21428571428,0.0,43419.21428571428,0.0,0,0,1,43419.21428571428,0.0,False,False,0.005641824650803763,0,0.0,0.005641824650803763
2021-02-10,46511.0,44849.0,47262.0,43872.0,70000356395.81508,839561451461.0575,-0.037655265282087985,3167.714285714286,40651.125,37564.5,1,41681.28571428572,0.0,43419.21428571428,0.0,0,0,1,43419.21428571428,0.0,False,False,-0.037655265282087985,0,0.0,-0.037655265282087985
2021-02-11,44810.0,47816.0,48463.0,44032.0,66187179918.887886,890629045243.5952,0.06405901980975534,3217.0,42076.625,38870.875,1,44599.0,0.0,44599.0,0.0,0,0,1,44599.0,0.0,False,False,0.06405901980975534,0,0.0,0.06405901980975534
2021-02-12,47927.0,47414.0,48687.0,46379.0,61942185128.99905,880620921496.0787,-0.008442767780912451,2928.214285714286,43437.5,39952.75,1,44485.78571428572,0.0,44599.0,0.0,0,0,1,44599.0,0.0,False,False,-0.008442767780912451,0,0.0,-0.008442767780912451
2021-02-13,47399.0,46941.0,48010.0,46297.0,55312381649.33813,874425017687.0778,-0.0100260497530107,2919.4285714285716,44696.5,41219.625,1,44021.57142857143,0.0,44599.0,0.0,0,0,1,44599.0,0.0,False,False,-0.0100260497530107,0,0.0,-0.0100260497530107
2021-02-14,47007.0,48608.0,49532.0,47007.0,57738376570.131905,905515462576.995,0.03489663242533248,2966.0714285714284,45918.125,42422.625,1,45641.92857142857,0.0,45641.92857142857,0.0,0,0,1,45641.92857142857,0.0,False,False,0.03489663242533248,0,0.0,0.03489663242533248
2021-02-15,48565.0,47898.0,48824.0,46160.0,61061855793.76279,892345220938.2782,-0.014714376521645542,2999.214285714286,47007.5,43524.5,1,44898.78571428572,0.0,45641.92857142857,0.0,0,0,1,45641.92857142857,0.0,False,False,-0.014714376521645542,0,0.0,-0.014714376521645542
2021-02-16,47902.0,49238.0,50350.0,47380.0,64141133353.975624,917339726314.6964,0.027591933215387103,3036.214285714286,48159.25,44604.0,1,46201.78571428572,0.0,46201.78571428572,0.0,0,0,1,46201.78571428572,0.0,False,False,0.027591933215387103,0,0.0,0.027591933215387103
2021-02-17,49211.0,52144.0,52548.0,49030.0,68478739131.4286,971516568847.578,0.057343438988101784,3130.4285714285716,48644.125,45780.875,1,49013.57142857143,0.0,49013.57142857143,0.0,0,0,1,49013.57142857143,0.0,False,False,0.057343438988101784,0,0.0,0.057343438988101784
2021-02-18,52273.0,51733.0,52492.0,51054.0,58486508605.55778,963911356673.4604,-0.007913246333924262,3063.785714285714,49209.5,46269.625,1,48669.21428571428,0.0,49013.57142857143,0.0,0,0,1,49013.57142857143,0.0,False,False,-0.007913246333924262,0,0.0,-0.007913246333924262
2021-02-19,51706.0,56039.0,56259.0,50907.0,71397235196.83829,1044189900351.5892,0.0799520011514522,3334.3571428571427,49863.25,47167.375,1,52704.642857142855,0.0,52704.642857142855,0.0,0,0,1,52704.642857142855,0.0,False,False,0.0799520011514522,0,0.0,0.0799520011514522
2021-02-20,56084.0,56378.0,57851.0,54456.0,77351787996.10461,1050555931433.1447,0.006031134571842039,3376.214285714286,50837.75,48026.75,1,53001.78571428572,0.0,53001.78571428572,0.0,0,0,1,53001.78571428572,0.0,False,False,0.006031134571842039,0,0.0,0.006031134571842039
2021-02-21,56312.0,57669.0,58641.0,55760.0,61223272210.96276,1075380337357.9143,0.022640755954257328,3433.0,51983.25,49036.375,1,54236.0,0.0,54236.0,0.0,0,0,1,54236.0,0.0,False,False,0.022640755954257328,0,0.0,0.022640755954257328
2021-02-22,57641.0,54411.0,57641.0,50868.0,101532021847.06647,1012091985973.4642,-0.05815342813543706,3311.214285714286,53312.125,50219.25,1,51099.78571428572,0.0,54236.0,0.0,0,0,1,54236.0,0.0,False,False,-0.05815342813543706,0,0.0,-0.05815342813543706
2021-02-23,54304.0,48692.0,54304.0,45201.0,116689607925.81473,904133801444.5278,-0.11105159375604602,3761.5714285714284,54325.75,50701.875,-1,0.0,52453.57142857143,0.0,52453.57142857143,0,0,-1,0.0,52453.57142857143,False,True,-0.11205159375604602,1,0.001,-0.11105159375604602
2021-02-24,48960.0,49849.0,51741.0,47196.0,73140585468.96529,929081504353.552,0.023483690478747602,3844.0714285714284,55010.75,50582.0,-1,0.0,53693.07142857143,0.0,52453.57142857143,0,0,-1,0.0,52453.57142857143,False,False,-0.023483690478747602,0,0.0,-0.023483690478747602
2021-02-25,49926.0,46993.0,51983.0,46993.0,60355381275.54549,875883932252.4404,-0.058999781578344554,3884.0,55184.625,50559.0,-1,0.0,50877.0,0.0,50877.0,0,0,-1,0.0,50877.0,False,False,0.058999781578344554,0,0.0,0.058999781578344554
2021-02-26,46952.0,46551.0,48386.0,44538.0,74357197463.7094,869070614247.8623,-0.009450168678296424,3994.0,55114.0,50304.375,-1,0.0,50545.0,0.0,50545.0,0,0,-1,0.0,50545.0,False,False,0.009450168678296424,0,0.0,0.009450168678296424
2021-02-27,46531.0,46654.0,48484.0,45370.0,50989764248.82767,869649724200.5775,0.0022101827569076943,4094.0714285714284,54600.75,49489.875,-1,0.0,50748.07142857143,0.0,50545.0,0,0,-1,0.0,50545.0,False,False,-0.0022101827569076943,0,0.0,-0.0022101827569076943
2021-02-28,46108.0,44970.0,46778.0,43345.0,59679588927.08056,838307614585.1935,-0.03676306774374822,4154.214285714285,53628.875,48797.75,-1,0.0,49124.21428571428,0.0,49124.21428571428,0,0,-1,0.0,49124.21428571428,False,False,0.03676306774374822,0,0.0,0.03676306774374822
2021-03-01,45089.0,49787.0,50028.0,45089.0,63218569171.598305,928146793676.4287,0.1017583049933225,4325.214285714285,52244.75,47408.875,-1,0.0,54112.21428571428,0.0,49124.21428571428,0,1,0,0.0,49124.21428571428,False,False,-0.1027583049933225,1,0.001,-0.1017583049933225
2021-03-02,49834.0,48532.0,50249.0,47462.0,53499537416.816475,905413239164.9064,-0.025530531586311998,4312.142857142857,51168.125,46075.0,-1,0.0,52844.142857142855,0.0,49124.21428571428,0,1,0,0.0,49124.21428571428,False,False,-0.0,0,0.0,-0.0
2021-03-03,48550.0,50577.0,52639.0,48451.0,59212268141.16633,942969910364.1804,0.04127355331214716,4360.0,50244.125,45649.25,1,46217.0,0.0,46217.0,0.0,0,0,1,46217.0,0.0,True,False,-0.001,1,0.001,0.0
2021-03-04,50411.0,48727.0,51777.0,47658.0,60749587836.169136,908517236707.5374,-0.03726363625993114,4551.5,50036.0,46055.5,1,44175.5,0.0,46217.0,0.0,0,0,1,46217.0,0.0,False,False,-0.03726363625993114,0,0.0,-0.03726363625993114
2021-03-05,48557.0,49092.0,49699.0,46520.0,56568112294.26829,911379300053.3455,0.007462797493419115,4396.285714285715,50040.5,46113.25,1,44695.71428571428,0.0,46217.0,0.0,0,0,1,46217.0,0.0,False,False,0.007462797493419115,0,0.0,0.007462797493419115
2021-03-06,49051.0,49019.0,49257.0,47331.0,41478786533.38212,916504852500.393,-0.0014881106801761424,4291.357142857143,49755.0,46054.125,1,44727.642857142855,0.0,46217.0,0.0,0,0,1,46217.0,0.0,False,False,-0.0014881106801761424,0,0.0,-0.0014881106801761424
2021-03-07,48973.0,51313.0,51313.0,48973.0,46146324828.48082,955040794770.1399,0.045736153324459516,4252.714285714285,49863.875,46403.25,1,47060.28571428572,0.0,47060.28571428572,0.0,0,0,1,47060.28571428572,0.0,False,False,0.045736153324459516,0,0.0,0.045736153324459516
2021-03-08,51174.0,52329.0,52357.0,49442.0,53568946625.62234,974195000547.444,0.019606579324562223,3975.1428571428573,50217.5,46853.625,1,48353.857142857145,0.0,48353.857142857145,0.0,0,0,1,48353.857142857145,0.0,False,False,0.019606579324562223,0,0.0,0.019606579324562223
2021-03-09,52407.0,54700.0,55072.0,51982.0,57418251743.06042,1018978819157.4177,0.044312998723828156,3538.0,50914.875,47615.75,1,51162.0,0.0,51162.0,0.0,0,0,1,51162.0,0.0,False,False,0.044312998723828156,0,0.0,0.044312998723828156
2021-03-10,54872.0,56020.0,57369.0,53337.0,63560545036.79726,1044805904677.5541,0.023845060404026897,3501.3571428571427,51545.375,48477.375,1,52518.642857142855,0.0,52518.642857142855,0.0,0,0,1,52518.642857142855,0.0,False,False,0.023845060404026897,0,0.0,0.023845060404026897
2021-03-11,55822.0,57789.0,58102.0,54564.0,64605228617.76096,1077836070933.286,0.03108967631616823,3397.6428571428573,52435.375,49211.75,1,54391.357142857145,0.0,54391.357142857145,0.0,0,0,1,54391.357142857145,0.0,False,False,0.03108967631616823,0,0.0,0.03108967631616823
2021-03-12,57924.0,57354.0,57924.0,55353.0,59984971691.807,1069776383193.8628,-0.007555857838450131,3306.4285714285716,53118.25,49975.875,1,54047.57142857143,0.0,54391.357142857145,0.0,0,0,1,54391.357142857145,0.0,False,False,-0.007555857838450131,0,0.0,-0.007555857838450131
2021-03-13,57228.0,61315.0,61712.0,56220.0,67332756651.27568,1145191373521.5942,0.06678192290430877,3476.285714285714,53886.625,50937.75,1,57838.71428571428,0.0,57838.71428571428,0.0,0,0,1,57838.71428571428,0.0,False,False,0.06678192290430877,0,0.0,0.06678192290430877
2021-03-14,61200.0,59429.0,61679.0,59429.0,48104078384.27405,1111684638819.0723,-0.03124218849558087,3391.785714285714,55388.25,52150.25,1,56037.21428571428,0.0,57838.71428571428,0.0,0,0,1,57838.71428571428,0.0,False,False,-0.03124218849558087,0,0.0,-0.03124218849558087
2021-03-15,59195.0,55805.0,60615.0,55348.0,70594488699.70683,1049197142851.5631,-0.06291885161073024,3406.714285714286,56941.0,53662.5,1,52398.28571428572,0.0,57838.71428571428,0.0,1,0,0,57838.71428571428,0.0,False,False,-0.06391885161073024,1,0.001,-0.06291885161073024
2021-03-16,55857.0,56830.0,56919.0,53567.0,63219904254.35453,1060221966894.7418,0.018200884201351894,3447.0714285714284,58103.75,54459.375,1,53382.92857142857,0.0,57838.71428571428,0.0,1,0,0,57838.71428571428,0.0,False,False,0.0,0,0.0,0.0
2021-03-17,57141.0,59015.0,59097.0,54471.0,63368268626.27834,1101028543248.462,0.037727293572002205,3478.3571428571427,58674.0,54975.0,1,55536.642857142855,0.0,57838.71428571428,0.0,1,0,0,57838.71428571428,0.0,False,False,0.0,0,0.0,0.0
2021-03-18,59269.0,57922.0,60186.0,57511.0,58387006275.72827,1081065767945.8683,-0.018694371012991193,3375.214285714286,59177.125,55286.125,1,54546.78571428572,0.0,57838.71428571428,0.0,0,0,1,57838.71428571428,0.0,False,False,-0.001,1,0.001,-0.0
2021-03-19,57894.0,58243.0,59572.0,56488.0,51948388930.75819,1086741150606.8165,0.0055266356827549075,3368.4285714285716,59529.25,55807.875,1,54874.57142857143,0.0,57838.71428571428,0.0,0,0,1,57838.71428571428,0.0,False,False,0.0055266356827549075,0,0.0,0.0055266356827549075
2021-03-20,58240.0,58376.0,60301.0,58208.0,54549112635.671715,1090022321077.5006,0.002280932912522971,3380.3571428571427,59713.0,56048.375,1,54995.642857142855,0.0,57838.71428571428,0.0,0,0,1,57838.71428571428,0.0,False,False,0.002280932912522971,0,0.0,0.002280932912522971
2021-03-21,58254.0,57574.0,58835.0,56069.0,55664123837.602554,1074356788297.177,-0.013833769556994314,3410.785714285714,60010.125,56405.25,1,54163.21428571428,0.0,57838.71428571428,0.0,1,0,0,57838.71428571428,0.0,False,False,-0.014833769556994315,1,0.001,-0.013833769556994314
2021-03-22,57355.0,54370.0,58609.0,54109.0,62001716794.84347,1020641820438.662,-0.057258545748495385,3524.0,59650.5,56386.375,-1,0.0,57894.0,0.0,57894.0,0,0,-1,0.0,57894.0,False,True,-0.001,1,0.001,-0.0
2021-03-23,54241.0,54585.0,55836.0,53286.0,60383378707.04851,1017637245492.0177,0.003946588574403455,3485.4285714285716,59266.75,55721.375,-1,0.0,58070.42857142857,0.0,57894.0,0,0,-1,0.0,57894.0,False,False,-0.003946588574403455,0,0.0,-0.003946588574403455
2021-03-24,54487.0,52735.0,57239.0,52192.0,73029051195.05199,982797427007.2565,-0.03447974800365528,3557.9285714285716,58669.375,55463.625,-1,0.0,56292.92857142857,0.0,56292.92857142857,0,0,-1,0.0,56292.92857142857,False,False,0.03447974800365528,0,0.0,0.03447974800365528
2021-03-25,52527.0,51417.0,53397.0,50624.0,63401640502.561295,959155260366.7408,-0.02531051465003272,3503.285714285714,58709.375,55291.75,-1,0.0,54920.28571428572,0.0,54920.28571428572,0,0,-1,0.0,54920.28571428572,False,False,0.02531051465003272,0,0.0,0.02531051465003272
2021-03-26,51440.0,55033.0,55033.0,51376.0,55442557956.15464,1027209990794.8939,0.06796414822589365,3580.8571428571427,57996.875,54810.875,-1,0.0,58613.857142857145,0.0,54920.28571428572,0,1,0,0.0,54920.28571428572,False,False,-0.06896414822589365,1,0.001,-0.06796414822589365
2021-03-27,55257.0,55832.0,56597.0,54090.0,47285749218.66506,1042184275332.6417,0.014414176410411943,3367.6428571428573,57352.75,54044.0,-1,0.0,59199.642857142855,0.0,54920.28571428572,0,1,0,0.0,54920.28571428572,False,False,0.0,0,0.0,0.0
2021-03-28,55754.0,55728.0,56498.0,54719.0,49315845081.42435,1039333584621.1438,-0.001864468091205174,3334.0,56980.875,53744.25,-1,0.0,59062.0,0.0,54920.28571428572,0,1,0,0.0,54920.28571428572,False,False,-0.0,0,0.0,-0.0
2021-03-29,55857.0,57635.0,58389.0,54964.0,57387039705.47129,1075942162536.995,0.03364730842933046,3202.4285714285716,56505.5,53308.125,1,54432.57142857143,0.0,54432.57142857143,0.0,0,0,1,54432.57142857143,0.0,True,False,-0.001,1,0.001,0.0
2021-03-30,57609.0,58669.0,59659.0,57113.0,52387542500.621956,1095293012032.8433,0.017781456253424907,3144.8571428571427,56449.75,53170.0,1,55524.142857142855,0.0,55524.142857142855,0.0,0,0,1,55524.142857142855,0.0,False,False,0.017781456253424907,0,0.0,0.017781456253424907
2021-03-31,58757.0,58817.0,59905.0,57142.0,57495844477.9185,1098127310946.8978,0.002519450458564185,3011.785714285714,56581.0,53545.5,1,55805.21428571428,0.0,55805.21428571428,0.0,0,0,1,55805.21428571428,0.0,False,False,0.002519450458564185,0,0.0,0.002519450458564185
2021-04-01,58772.0,58801.0,59416.0,58247.0,54320681400.56781,1098583823874.2307,-0.0002720672022767912,2904.214285714286,57089.625,54027.5,1,55896.78571428572,0.0,55896.78571428572,0.0,0,0,1,55896.78571428572,0.0,False,False,-0.0002720672022767912,0,0.0,-0.0002720672022767912
2021-04-02,58754.0,59060.0,60323.0,58530.0,52224918752.08043,1103133931136.5508,0.004395014753088274,2812.0,57361.75,54784.375,1,56248.0,0.0,56248.0,0.0,0,0,1,56248.0,0.0,False,False,0.004395014753088274,0,0.0,0.004395014753088274
2021-04-03,58997.0,57060.0,59786.0,57060.0,52067853987.600494,1067101827372.9529,-0.03445053053042263,2857.214285714286,58227.5,55772.625,1,54202.78571428572,0.0,56248.0,0.0,0,0,1,56248.0,0.0,False,False,-0.03445053053042263,0,0.0,-0.03445053053042263
2021-04-04,57097.0,58229.0,58402.0,56856.0,46156767978.177345,1087344280109.6896,0.02028016663783334,2770.0714285714284,58821.625,56483.125,1,55458.92857142857,0.0,56248.0,0.0,0,0,1,56248.0,0.0,False,False,0.02028016663783334,0,0.0,0.02028016663783334
2021-04-05,58244.0,58707.0,59360.0,56929.0,54670173277.08731,1096202611389.9541,0.008175457726991114,2622.285714285714,59047.25,56828.875,1,56084.71428571428,0.0,56248.0,0.0,0,0,1,56248.0,0.0,False,False,0.008175457726991114,0,0.0,0.008175457726991114
2021-04-06,58833.0,58062.0,59735.0,57517.0,61497704158.13829,1084341670320.8142,-0.011047565023317859,2598.5714285714284,59405.0,57105.125,1,55463.42857142857,0.0,56248.0,0.0,0,0,1,56248.0,0.0,False,False,-0.011047565023317859,0,0.0,-0.011047565023317859
2021-04-07,58013.0,56134.0,58662.0,55565.0,67617613532.43307,1050759681844.6099,-0.03376971557270816,2459.285714285714,59573.25,57424.25,-1,0.0,58593.28571428572,0.0,58593.28571428572,0,0,-1,0.0,58593.28571428572,False,True,-0.03476971557270816,1,0.001,-0.03376971557270816
2021-04-08,55990.0,58066.0,58183.0,55865.0,48714359354.07226,1083362883828.1199,0.03383860507397537,2426.785714285714,59448.625,57230.75,-1,0.0,60492.78571428572,0.0,58593.28571428572,0,0,-1,0.0,58593.28571428572,False,False,-0.03383860507397537,0,0.0,-0.03383860507397537
2021-04-09,58091.0,58153.0,58848.0,57760.0,45880879041.76103,1085794662404.731,0.001497173719462169,2243.285714285714,59233.375,57071.125,-1,0.0,60396.28571428572,0.0,58593.28571428572,0,0,-1,0.0,58593.28571428572,False,False,-0.001497173719462169,0,0.0,-0.001497173719462169
2021-04-10,58136.0,59979.0,61206.0,57935.0,61788197398.73793,1116221525334.3267,0.030917032610215438,2297.8571428571427,59162.375,57010.25,1,57681.142857142855,0.0,57681.142857142855,0.0,0,0,1,57681.142857142855,0.0,True,False,-0.03191703261021544,1,0.001,-0.030917032610215438
2021-04-11,59787.0,59988.0,60574.0,59334.0,46792500386.96501,1120606689450.4702,0.00015004126162843504,2259.3571428571427,59272.75,56935.875,1,57728.642857142855,0.0,57728.642857142855,0.0,0,0,1,57728.642857142855,0.0,False,False,0.00015004126162843504,0,0.0,0.00015004126162843504
2021-04-12,60025.0,59911.0,61262.0,59651.0,55994558888.5224,1118532902101.5269,-0.0012844145586820175,2129.785714285714,59371.25,57220.125,1,57781.21428571428,0.0,57781.21428571428,0.0,0,0,1,57781.21428571428,0.0,False,False,-0.0012844145586820175,0,0.0,-0.0012844145586820175
2021-04-13,59896.0,63577.0,63579.0,59871.0,71993120011.18321,1187737045885.1743,0.05939164205941369,2212.785714285714,59728.75,57569.5,1,61364.21428571428,0.0,61364.21428571428,0.0,0,0,1,61364.21428571428,0.0,False,False,0.05939164205941369,0,0.0,0.05939164205941369
2021-04-14,63644.0,62807.0,64805.0,61664.0,80157135507.58896,1173412921929.8884,-0.01218523748961746,2239.785714285714,60256.125,57937.25,1,60567.21428571428,0.0,61364.21428571428,0.0,0,0,1,61364.21428571428,0.0,False,False,-0.01218523748961746,0,0.0,-0.01218523748961746
2021-04-15,63207.0,63180.0,63705.0,62153.0,60495376851.28074,1179561609816.9358,0.00592126314339135,2267.1428571428573,60889.875,58455.625,1,60912.857142857145,0.0,61364.21428571428,0.0,0,0,1,61364.21428571428,0.0,False,False,0.00592126314339135,0,0.0,0.00592126314339135
2021-04-16,63208.0,61497.0,63513.0,60427.0,86260673269.76614,1149602869702.2644,-0.026999402239078568,2359.5,61520.25,59279.125,1,59137.5,0.0,61364.21428571428,0.0,0,0,1,61364.21428571428,0.0,False,False,-0.026999402239078568,0,0.0,-0.026999402239078568
2021-04-17,61441.0,60274.0,62460.0,60127.0,63808212132.53643,1125592412523.221,-0.020087559831547974,2331.4285714285716,62186.5,59849.375,1,57942.57142857143,0.0,61364.21428571428,0.0,1,0,0,61364.21428571428,0.0,False,False,-0.021087559831547975,1,0.001,-0.020087559831547974
2021-04-18,60096.0,56289.0,60424.0,52810.0,102065957642.22952,1053618163309.5769,-0.06840169912996541,2764.8571428571427,62638.0,60145.25,-1,0.0,59053.857142857145,0.0,59053.857142857145,0,0,-1,0.0,59053.857142857145,False,True,-0.001,1,0.001,-0.0
2021-04-19,56270.0,55721.0,57662.0,54691.0,66156275209.79711,1043148020633.034,-0.01014203854554223,2803.4285714285716,62540.25,59504.625,-1,0.0,58524.42857142857,0.0,58524.42857142857,0,0,-1,0.0,58524.42857142857,False,False,0.01014203854554223,0,0.0,0.01014203854554223
2021-04-20,55483.0,56295.0,57270.0,53700.0,68166802215.759544,1055145534127.332,0.010248625627288885,2900.0,62176.25,58924.25,-1,0.0,59195.0,0.0,58524.42857142857,0,0,-1,0.0,58524.42857142857,False,False,-0.010248625627288885,0,0.0,-0.010248625627288885
2021-04-21,56527.0,54190.0,56902.0,53752.0,56115370322.140594,1012699264345.6595,-0.038109331677070965,2903.785714285714,61677.25,58180.375,-1,0.0,57093.78571428572,0.0,57093.78571428572,0,0,-1,0.0,57093.78571428572,False,False,0.038109331677070965,0,0.0,0.038109331677070965
2021-04-22,54088.0,51966.0,55474.0,50983.0,77897442831.71704,971174701492.849,-0.04190673100106005,3059.0,60842.625,57415.5,-1,0.0,55025.0,0.0,55025.0,0,0,-1,0.0,55025.0,False,False,0.04190673100106005,0,0.0,0.04190673100106005
2021-04-23,51878.0,51191.0,52143.0,47882.0,91138220375.4599,956744203682.2198,-0.015025923232835282,3285.6428571428573,59676.25,56080.375,-1,0.0,54476.642857142855,0.0,54476.642857142855,0,0,-1,0.0,54476.642857142855,False,False,0.015025923232835282,0,0.0,0.015025923232835282
2021-04-24,51262.0,50133.0,51262.0,48975.0,49296256745.65119,937014999515.3855,-0.020884261454772193,3215.3571428571427,58231.0,54296.5,-1,0.0,53348.357142857145,0.0,53348.357142857145,0,0,-1,0.0,53348.357142857145,False,False,0.020884261454772193,0,0.0,0.020884261454772193
2021-04-25,50068.0,48981.0,50770.0,47198.0,46233432154.225266,915533819859.1393,-0.02324700607721822,3381.9285714285716,56699.625,52865.0,-1,0.0,52362.92857142857,0.0,52362.92857142857,0,0,-1,0.0,52362.92857142857,False,False,0.02324700607721822,0,0.0,0.02324700607721822
2021-04-26,49069.0,53979.0,54412.0,49063.0,60226926859.91649,1008389773189.793,0.09716261422635435,3654.785714285714,55238.375,51248.875,-1,0.0,57633.78571428572,0.0,52362.92857142857,0,1,0,0.0,52362.92857142857,False,False,-0.09816261422635435,1,0.001,-0.09716261422635435
2021-04-27,54018.0,54992.0,55487.0,53400.0,48468560013.13787,1027617870421.6592,0.01859263806898674,3539.0,54486.875,50780.5,1,51453.0,0.0,51453.0,0.0,0,0,1,51453.0,0.0,True,False,-0.001,1,0.001,0.0
2021-04-28,55093.0,54811.0,56156.0,53988.0,48072930663.01449,1024625833392.2412,-0.0032968163700571574,3469.5,54215.0,50619.125,1,51341.5,0.0,51453.0,0.0,0,0,1,51453.0,0.0,False,False,-0.0032968163700571574,0,0.0,-0.0032968163700571574
2021-04-29,54953.0,53597.0,55132.0,52489.0,46958036373.360306,1001973605935.3958,-0.02239780737630556,3547.4285714285716,54075.75,50655.125,1,50049.57142857143,0.0,51453.0,0.0,0,0,1,51453.0,0.0,False,False,-0.02239780737630556,0,0.0,-0.02239780737630556
2021-04-30,53554.0,57829.0,57913.0,53297.0,53879045974.4321,1082721727348.0433,0.075997283596559,3656.714285714286,53854.5,50497.25,1,54172.28571428572,0.0,54172.28571428572,0.0,0,0,1,54172.28571428572,0.0,False,False,0.075997283596559,0,0.0,0.075997283596559
2021-05-01,57770.0,57813.0,58722.0,57175.0,43967070045.82312,1080897634123.2937,-0.0002767160737810365,3600.5714285714284,54159.375,50786.5,1,54212.42857142857,0.0,54212.42857142857,0.0,0,0,1,54212.42857142857,0.0,False,False,-0.0002767160737810365,0,0.0,-0.0002767160737810365
2021-05-02,57807.0,56601.0,57807.0,56091.0,39072664393.929405,1057850321948.5465,-0.021187010986307618,3179.714285714286,54981.75,51948.125,1,53421.28571428572,0.0,54212.42857142857,0.0,0,0,1,54212.42857142857,0.0,False,False,-0.021187010986307618,0,0.0,-0.021187010986307618
2021-05-03,56611.0,57200.0,59066.0,56611.0,54132470274.07509,1069571255195.5189,0.010527245488166602,3143.5714285714284,55799.875,52837.625,1,54056.42857142857,0.0,54212.42857142857,0.0,0,0,1,54212.42857142857,0.0,False,False,0.010527245488166602,0,0.0,0.010527245488166602
2021-05-04,57153.0,53464.0,57153.0,53464.0,71296763919.13268,999775008412.3738,-0.0675453681769832,3155.4285714285716,56836.875,54014.25,-1,0.0,56619.42857142857,0.0,56619.42857142857,0,0,-1,0.0,56619.42857142857,False,True,-0.0685453681769832,1,0.001,-0.0675453681769832
2021-05-05,53329.0,57432.0,57973.0,53329.0,72158368257.54709,1070969079353.5304,0.07159310906541291,3262.1428571428573,57179.5,54564.375,1,54169.857142857145,0.0,54169.857142857145,0.0,0,0,1,54169.857142857145,0.0,True,False,-0.07259310906541291,1,0.001,-0.07159310906541291
2021-05-06,57410.0,56508.0,58420.0,55437.0,87510802710.77629,1056801053574.5111,-0.016219418224764012,3154.4285714285716,57490.25,54555.5,1,53353.57142857143,0.0,54169.857142857145,0.0,0,0,1,54169.857142857145,0.0,False,False,-0.016219418224764012,0,0.0,-0.016219418224764012
2021-05-07,56439.0,57362.0,58691.0,55484.0,68154805947.0942,1072831991777.4056,0.014999842137576484,3079.1428571428573,57773.25,54736.625,1,54282.857142857145,0.0,54282.857142857145,0.0,0,0,1,54282.857142857145,0.0,False,False,0.014999842137576484,0,0.0,0.014999842137576484
2021-05-08,57342.0,58772.0,59504.0,57282.0,66812167538.22713,1099271802311.4957,0.024283487826705433,3074.5,58218.125,55111.0,1,55697.5,0.0,55697.5,0.0,0,0,1,55697.5,0.0,False,False,0.024283487826705433,0,0.0,0.024283487826705433
2021-05-09,58850.0,58214.0,59256.0,56637.0,67906284080.6139,1088903483393.3053,-0.009539675375600017,3006.4285714285716,58417.0,55609.125,1,55207.57142857143,0.0,55697.5,0.0,0,0,1,55697.5,0.0,False,False,-0.009539675375600017,0,0.0,-0.009539675375600017
2021-05-10,58420.0,55902.0,59578.0,54739.0,76672978747.69038,1045714370754.1615,-0.040525717941756884,2964.1428571428573,58483.75,55541.875,1,52937.857142857145,0.0,55697.5,0.0,0,0,1,55697.5,0.0,False,False,-0.040525717941756884,0,0.0,-0.040525717941756884
2021-05-11,55935.0,56929.0,56987.0,54758.0,67726708140.565094,1064993057463.8884,0.01820471968114233,2974.285714285714,58705.125,55372.875,1,53954.71428571428,0.0,55697.5,0.0,0,0,1,55697.5,0.0,False,False,0.01820471968114233,0,0.0,0.01820471968114233
2021-05-12,56713.0,50005.0,57958.0,50005.0,75523928654.34041,935512493150.826,-0.1296818769490058,3387.5,58445.25,55141.25,-1,0.0,53392.5,0.0,53392.5,0,0,-1,0.0,53392.5,False,True,-0.1306818769490058,1,0.001,-0.1296818769490058
2021-05-13,49289.0,49973.0,51512.0,47301.0,104203551167.93765,934964766185.9642,-0.0006401408528425482,3499.5,58545.875,54708.875,-1,0.0,53472.5,0.0,53392.5,0,0,-1,0.0,53392.5,False,False,0.0006401408528425482,0,0.0,0.0006401408528425482
2021-05-14,49989.0,49913.0,51775.0,48995.0,56820196964.51265,935962705739.4398,-0.001201369705793483,3368.3571428571427,57738.25,53955.375,-1,0.0,53281.357142857145,0.0,53281.357142857145,0,0,-1,0.0,53281.357142857145,False,False,0.001201369705793483,0,0.0,0.001201369705793483
2021-05-15,49917.0,46781.0,50720.0,46781.0,62896879696.14898,875321252276.1078,-0.06480435228559683,3539.214285714286,56907.625,53150.125,-1,0.0,50320.21428571428,0.0,50320.21428571428,0,0,-1,0.0,50320.21428571428,False,False,0.06480435228559683,0,0.0,0.06480435228559683
2021-05-16,46682.0,46585.0,49826.0,44247.0,70636455913.96016,871695620615.745,-0.004198536681858109,3814.714285714286,55911.25,52062.25,-1,0.0,50399.71428571428,0.0,50320.21428571428,0,0,-1,0.0,50320.21428571428,False,False,0.004198536681858109,0,0.0,0.004198536681858109
2021-05-17,46569.0,43781.0,46569.0,42024.0,84054878923.85199,819256623328.7307,-0.062078667588406126,3964.4285714285716,54701.5,50432.875,-1,0.0,47745.42857142857,0.0,47745.42857142857,0,0,-1,0.0,47745.42857142857,False,False,0.062078667588406126,0,0.0,0.062078667588406126
2021-05-18,43587.0,43091.0,45784.0,42496.0,65037066859.11668,800545278567.6873,-0.01588577471486029,3932.4285714285716,53115.625,48606.25,-1,0.0,47023.42857142857,0.0,47023.42857142857,0,0,-1,0.0,47023.42857142857,False,False,0.01588577471486029,0,0.0,0.01588577471486029
2021-05-19,43195.0,37287.0,43588.0,30415.0,141151477374.61298,697785056487.6051,-0.14466941816763773,4541.642857142857,51391.375,47075.875,-1,0.0,41828.642857142855,0.0,41828.642857142855,0,0,-1,0.0,41828.642857142855,False,False,0.14466941816763773,0,0.0,0.14466941816763773
2021-05-20,37083.0,40438.0,42480.0,35390.0,95001812130.50996,759679496751.2783,0.0811251965136249,4835.0,49716.5,44033.0,-1,0.0,45273.0,0.0,41828.642857142855,0,0,-1,0.0,41828.642857142855,False,False,-0.0811251965136249,0,0.0,-0.0811251965136249
2021-05-21,40722.0,37340.0,42252.0,34387.0,88706010988.29123,698762712553.7339,-0.07970479883153253,5167.714285714285,47781.75,42206.125,-1,0.0,42507.71428571428,0.0,41828.642857142855,0,0,-1,0.0,41828.642857142855,False,False,0.07970479883153253,0,0.0,0.07970479883153253
2021-05-22,37422.0,37520.0,39071.0,35499.0,61178935273.653305,702143968883.5249,0.004808986024447478,5264.142857142857,46624.25,40591.875,-1,0.0,42784.142857142855,0.0,41828.642857142855,0,0,-1,0.0,41828.642857142855,False,False,-0.004808986024447478,0,0.0,-0.004808986024447478
2021-05-23,37264.0,34978.0,38361.0,31390.0,84358034875.51308,654558962027.5841,-0.07015483171102445,5575.0,45036.25,38904.875,-1,0.0,40553.0,0.0,40553.0,0,0,-1,0.0,40553.0,False,False,0.07015483171102445,0,0.0,0.07015483171102445
2021-05-24,34893.0,38642.0,40418.0,34760.0,71163197727.3351,723143072419.7241,0.09962047541219222,5633.5,43491.375,36981.0,-1,0.0,44275.5,0.0,40553.0,0,0,-1,0.0,40553.0,False,False,-0.09962047541219222,0,0.0,-0.09962047541219222
2021-05-25,38810.0,38211.0,39787.0,36755.0,48724794157.985054,715248689989.8947,-0.011216335563459625,5690.857142857143,42315.375,35795.125,-1,0.0,43901.857142857145,0.0,40553.0,0,0,-1,0.0,40553.0,False,False,0.011216335563459625,0,0.0,0.011216335563459625
2021-05-26,38382.0,39407.0,40802.0,38032.0,47026386118.47242,737668726732.3829,0.030820033222222872,5320.642857142857,41467.625,35136.5,-1,0.0,44727.642857142855,0.0,40553.0,0,0,-1,0.0,40553.0,False,False,-0.030820033222222872,0,0.0,-0.030820033222222872
2021-05-27,39467.0,38643.0,40433.0,37359.0,40836817155.71973,723137484747.1467,-0.01957781941589435,5239.428571428572,40844.875,34578.5,-1,0.0,43882.42857142857,0.0,40553.0,0,0,-1,0.0,40553.0,False,False,0.01957781941589435,0,0.0,0.01957781941589435
2021-05-28,38549.0,35710.0,39086.0,34826.0,49991590067.73797,668521654364.6696,-0.07893488447570347,5345.142857142857,40450.5,35446.5,-1,0.0,41055.142857142855,0.0,40553.0,0,0,-1,0.0,40553.0,False,False,0.07893488447570347,0,0.0,0.07893488447570347
2021-05-29,35744.0,34775.0,37389.0,33749.0,43184025044.772804,654239808356.6592,-0.026532023796850417,5323.785714285715,40026.25,35376.0,-1,0.0,40098.78571428572,0.0,40098.78571428572,0,0,-1,0.0,40098.78571428572,False,False,0.026532023796850417,0,0.0,0.026532023796850417
2021-05-30,34684.0,35715.0,36512.0,33159.0,30650274657.695255,668664301773.5417,0.026672030797429254,5164.785714285715,39418.375,35296.25,-1,0.0,40879.78571428572,0.0,40098.78571428572,0,0,-1,0.0,40098.78571428572,False,False,-0.026672030797429254,0,0.0,-0.026672030797429254
2021-05-31,35738.0,37341.0,37568.0,34291.0,37950798680.48171,699138611681.2975,0.04452115008001453,5073.071428571428,39098.5,35003.75,-1,0.0,42414.07142857143,0.0,40098.78571428572,0,0,-1,0.0,40098.78571428572,False,False,-0.04452115008001453,0,0.0,-0.04452115008001453
2021-06-01,37289.0,36680.0,37836.0,35663.0,33536905027.710236,688726381047.1788,-0.017860271298686118,4993.428571428572,38999.375,35366.375,-1,0.0,41673.42857142857,0.0,40098.78571428572,0,0,-1,0.0,40098.78571428572,False,False,0.017860271298686118,0,0.0,0.017860271298686118
2021-06-02,36688.0,37686.0,38244.0,36075.0,31240691604.199257,704531333543.3906,0.027057025312034678,4207.428571428572,38676.625,35479.25,-1,0.0,41893.42857142857,0.0,40098.78571428572,0,0,-1,0.0,40098.78571428572,False,False,-0.027057025312034678,0,0.0,-0.027057025312034678
2021-06-03,37602.0,39151.0,39810.0,37242.0,33396718844.557133,733150718114.4554,0.03813729219446555,3884.4285714285716,38483.75,35394.25,1,35266.57142857143,0.0,35266.57142857143,0.0,0,0,1,35266.57142857143,0.0,True,False,-0.03913729219446555,1,0.001,-0.03813729219446555
2021-06-04,39348.0,36939.0,39348.0,35750.0,39345490149.31464,691747462828.3618,-0.0581580614159201,3579.6428571428573,38359.75,35295.5,1,33359.357142857145,0.0,35266.57142857143,0.0,0,0,1,35266.57142857143,0.0,False,False,-0.0581580614159201,0,0.0,-0.0581580614159201
2021-06-05,36841.0,35547.0,38009.0,34937.0,34068172835.766655,662913486273.3402,-0.038412138976131494,3543.9285714285716,38224.125,35094.375,1,32003.071428571428,0.0,35266.57142857143,0.0,0,0,1,35266.57142857143,0.0,False,False,-0.038412138976131494,0,0.0,-0.038412138976131494
2021-06-06,35600.0,35834.0,36449.0,35311.0,27689283070.836933,671131079523.7289,0.008041398874993657,3127.285714285714,38089.5,35108.25,1,32706.714285714286,0.0,35266.57142857143,0.0,0,0,1,35266.57142857143,0.0,False,False,0.008041398874993657,0,0.0,0.008041398874993657
2021-06-07,35841.0,33451.0,36915.0,33451.0,33345528753.340153,626527049947.8439,-0.0688154818841081,2970.5714285714284,37972.0,35303.5,-1,0.0,36421.57142857143,0.0,36421.57142857143,0,0,-1,0.0,36421.57142857143,False,True,-0.0698154818841081,1,0.001,-0.0688154818841081
2021-06-08,33619.0,33557.0,34123.0,31109.0,46727462986.366455,629018966290.4011,0.0031638039762000394,2969.285714285714,38022.375,35340.0,-1,0.0,36526.28571428572,0.0,36421.57142857143,0,0,-1,0.0,36421.57142857143,False,False,-0.0031638039762000394,0,0.0,-0.0031638039762000394
2021-06-09,33483.0,37554.0,37653.0,32553.0,54511387836.11497,705292677171.4633,0.11253441170082115,3135.714285714286,37591.75,34942.25,-1,0.0,40689.71428571428,0.0,36421.57142857143,0,1,0,0.0,36421.57142857143,False,False,-0.11353441170082115,1,0.001,-0.11253441170082115
2021-06-10,37456.0,36903.0,38849.0,35855.0,42952476854.83458,691681868464.4717,-0.017487048615861814,3130.0,37568.875,34553.5,-1,0.0,40033.0,0.0,36421.57142857143,0,1,0,0.0,36421.57142857143,False,False,-0.0,0,0.0,-0.0
2021-06-11,36692.0,37289.0,37722.0,36043.0,36358044262.709755,698528023663.5321,0.01040552843541768,2945.6428571428573,37644.5,34526.0,-1,0.0,40234.642857142855,0.0,36421.57142857143,0,1,0,0.0,36421.57142857143,False,False,0.0,0,0.0,0.0
2021-06-12,37297.0,35666.0,37297.0,35110.0,35710196743.32056,668148892256.3638,-0.04450052295985394,2841.8571428571427,37383.5,34376.125,-1,0.0,38507.857142857145,0.0,36421.57142857143,0,1,0,0.0,36421.57142857143,False,False,-0.0,0,0.0,-0.0
2021-06-13,35679.0,39148.0,39271.0,34883.0,38185633278.287155,733402631079.1185,0.09315148153325163,2915.785714285714,37127.125,34296.125,1,36232.21428571428,0.0,36232.21428571428,0.0,0,0,1,36232.21428571428,0.0,True,False,-0.001,1,0.001,0.0
2021-06-14,39169.0,40625.0,41117.0,38933.0,45836408439.45157,761104314502.2867,0.037034305086328455,2837.714285714286,37284.875,34289.375,1,37787.28571428572,0.0,37787.28571428572,0.0,0,0,1,37787.28571428572,0.0,False,False,0.037034305086328455,0,0.0,0.037034305086328455
2021-06-15,40661.0,40378.0,41690.0,39664.0,36706248352.237144,756522207420.3483,-0.0060985584618694685,2827.214285714286,37868.375,34742.125,1,37550.78571428572,0.0,37787.28571428572,0.0,0,0,1,37787.28571428572,0.0,False,False,-0.0060985584618694685,0,0.0,-0.0060985584618694685
2021-06-16,40188.0,38321.0,40583.0,38137.0,36563438889.78541,718016373177.285,-0.05228703339246494,2847.0,38465.25,35518.75,1,35474.0,0.0,37787.28571428572,0.0,0,0,1,37787.28571428572,0.0,False,False,-0.05228703339246494,0,0.0,-0.05228703339246494
2021-06-17,38341.0,38194.0,39601.0,37604.0,36330237284.41833,715652442155.1261,-0.003319613582344859,2806.214285714286,39272.75,36397.25,1,35387.78571428572,0.0,37787.28571428572,0.0,0,0,1,37787.28571428572,0.0,False,False,-0.003319613582344859,0,0.0,-0.003319613582344859
2021-06-18,38186.0,35881.0,38199.0,35336.0,35162612172.75275,673761687974.4922,-0.0624705277309625,2753.714285714286,39516.25,37028.625,-1,0.0,38634.71428571428,0.0,38634.71428571428,0,0,-1,0.0,38634.71428571428,False,True,-0.0634705277309625,1,0.001,-0.0624705277309625
2021-06-19,35774.0,35582.0,36573.0,35044.0,28858979691.78587,666901325910.3705,-0.008368015469676006,2643.5,39435.0,36963.75,-1,0.0,38225.5,0.0,38225.5,0,0,-1,0.0,38225.5,False,False,0.008368015469676006,0,0.0,0.008368015469676006
2021-06-20,35681.0,35787.0,36106.0,33414.0,35609127163.62243,670634370556.6146,0.005744806955334707,2754.5,39291.375,36838.875,-1,0.0,38541.5,0.0,38225.5,0,0,-1,0.0,38225.5,False,False,-0.005744806955334707,0,0.0,-0.005744806955334707
2021-06-21,35779.0,31712.0,35779.0,31446.0,51873870276.52254,598335733135.868,-0.12088954082034094,2817.1428571428573,39142.5,36626.875,-1,0.0,34529.142857142855,0.0,34529.142857142855,0,0,-1,0.0,34529.142857142855,False,False,0.12088954082034094,0,0.0,0.12088954082034094
2021-06-22,31505.0,32508.0,33241.0,29155.0,57443014757.92467,606580031922.7239,0.024791054743380857,2893.714285714286,38706.0,36197.25,-1,0.0,35401.71428571428,0.0,34529.142857142855,0,0,-1,0.0,34529.142857142855,False,False,-0.024791054743380857,0,0.0,-0.024791054743380857
2021-06-23,32495.0,33703.0,35014.0,31890.0,39798236962.44067,631634847766.2311,0.036100641276757287,2752.5714285714284,37721.5,34975.0,-1,0.0,36455.57142857143,0.0,34529.142857142855,0,0,-1,0.0,34529.142857142855,False,False,-0.036100641276757287,0,0.0,-0.036100641276757287
2021-06-24,33713.0,34675.0,35198.0,32318.0,31862051544.349895,650340461975.8141,0.028432112033179715,2744.4285714285716,36887.0,34003.25,-1,0.0,37419.42857142857,0.0,34529.142857142855,0,1,0,0.0,34529.142857142855,False,False,-0.029432112033179716,1,0.001,-0.028432112033179715
2021-06-25,34699.0,31943.0,35567.0,31450.0,38635245431.3565,598703019611.4526,-0.08206590171335097,2918.5714285714284,36213.875,33275.875,-1,0.0,34861.57142857143,0.0,34529.142857142855,0,1,0,0.0,34529.142857142855,False,False,-0.0,0,0.0,-0.0
2021-06-26,31666.0,32024.0,32851.0,30141.0,36873109419.90242,600235334320.8247,0.0025325572027280444,2955.9285714285716,35709.625,32506.625,-1,0.0,34979.92857142857,0.0,34529.142857142855,0,0,-1,0.0,34529.142857142855,False,False,-0.001,1,0.001,0.0
2021-06-27,32287.0,34607.0,34693.0,32287.0,34335452117.32629,649262127990.3759,0.07757035204979343,2833.1428571428573,35041.125,31857.25,-1,0.0,37440.142857142855,0.0,34529.142857142855,0,1,0,0.0,34529.142857142855,False,False,-0.07857035204979343,1,0.001,-0.07757035204979343
2021-06-28,34625.0,34557.0,35273.0,34056.0,32453802891.01519,647741224116.9337,-0.0014458391275869382,2764.0714285714284,34806.125,31512.625,-1,0.0,37321.07142857143,0.0,34529.142857142855,0,1,0,0.0,34529.142857142855,False,False,-0.0,0,0.0,-0.0
2021-06-29,34578.0,35969.0,36590.0,34379.0,35121257875.54662,674231340724.4149,0.04004732176336786,2777.285714285714,34702.0,31592.875,1,33191.71428571428,0.0,33191.71428571428,0.0,0,0,1,33191.71428571428,0.0,True,False,-0.001,1,0.001,0.0
2021-06-30,35859.0,35171.0,36116.0,34192.0,31024153846.878517,660200427590.4775,-0.022435576970319632,2740.0,34803.375,31959.5,1,32431.0,0.0,33191.71428571428,0.0,0,0,1,33191.71428571428,0.0,False,False,-0.022435576970319632,0,0.0,-0.022435576970319632
2021-07-01,35063.0,33678.0,35103.0,32841.0,29129630236.14075,629863895571.7473,-0.0433770742174101,2763.785714285714,35162.75,32589.125,1,30914.214285714286,0.0,33191.71428571428,0.0,0,0,1,33191.71428571428,0.0,False,False,-0.0433770742174101,0,0.0,-0.0433770742174101
2021-07-02,33656.0,33951.0,34104.0,32711.0,25084046353.169456,633684390025.5607,0.008073503463796965,2658.785714285714,35173.875,32708.0,1,31292.214285714286,0.0,33191.71428571428,0.0,0,0,1,33191.71428571428,0.0,False,False,0.008073503463796965,0,0.0,0.008073503463796965
2021-07-03,33988.0,34730.0,34924.0,33466.0,22986053604.70427,650382046624.6503,0.02268555810406849,2653.714285714286,35037.125,32757.125,1,32076.285714285714,0.0,33191.71428571428,0.0,0,0,1,33191.71428571428,0.0,False,False,0.02268555810406849,0,0.0,0.02268555810406849
2021-07-04,34789.0,35394.0,36006.0,34381.0,22727930417.748825,663571591568.1959,0.018938447493010584,2577.5,34956.75,33009.125,1,32816.5,0.0,33191.71428571428,0.0,0,0,1,33191.71428571428,0.0,False,False,0.018938447493010584,0,0.0,0.018938447493010584
2021-07-05,35261.0,33928.0,35261.0,33329.0,25894820184.74507,636061920914.8282,-0.04230168207670359,2414.9285714285716,35351.125,33539.125,1,31513.071428571428,0.0,33191.71428571428,0.0,0,0,1,33191.71428571428,0.0,False,False,-0.04230168207670359,0,0.0,-0.04230168207670359
2021-07-06,33907.0,34150.0,35010.0,33733.0,26106856611.92326,640405812761.686,0.006521953844509474,2214.285714285714,35422.125,33669.375,1,31935.714285714286,0.0,33191.71428571428,0.0,0,0,1,33191.71428571428,0.0,False,False,0.006521953844509474,0,0.0,0.006521953844509474
2021-07-07,34198.0,33932.0,34985.0,33916.0,23692220470.135063,636246944189.2604,-0.0064040640713107725,2067.5,35389.25,33629.0,1,31864.5,0.0,33191.71428571428,0.0,0,0,1,33191.71428571428,0.0,False,False,-0.0064040640713107725,0,0.0,-0.0064040640713107725
2021-07-08,33904.0,32934.0,33904.0,32317.0,29065577052.29722,617861633771.9894,-0.02985296314968116,1977.142857142857,35188.625,33571.125,-1,0.0,34911.142857142855,0.0,34911.142857142855,0,0,-1,0.0,34911.142857142855,False,True,-0.03085296314968116,1,0.001,-0.02985296314968116
2021-07-09,32809.0,33971.0,34204.0,32389.0,24282108111.21572,637000370375.4657,0.031001660682585242,1812.7142857142858,34912.125,33336.75,-1,0.0,35783.71428571428,0.0,34911.142857142855,0,0,-1,0.0,34911.142857142855,False,False,-0.031001660682585242,0,0.0,-0.031001660682585242
2021-07-10,33925.0,33705.0,34346.0,33185.0,20558304483.59407,632185737683.1548,-0.007861025172990293,1702.0714285714287,34799.75,33280.25,-1,0.0,35407.07142857143,0.0,34911.142857142855,0,0,-1,0.0,34911.142857142855,False,False,0.007861025172990293,0,0.0,0.007861025172990293
2021-07-11,33667.0,34300.0,34824.0,33411.0,17798828844.27227,643335853171.1349,0.017499159866492087,1612.357142857143,34830.0,33339.5,-1,0.0,35912.357142857145,0.0,34911.142857142855,0,0,-1,0.0,34911.142857142855,False,False,-0.017499159866492087,0,0.0,-0.017499159866492087
2021-07-12,34295.0,33263.0,34725.0,32789.0,21683885320.611263,623350567666.981,-0.030699686038186513,1663.7142857142858,34817.5,33332.625,-1,0.0,34926.71428571428,0.0,34911.142857142855,0,0,-1,0.0,34911.142857142855,False,False,0.030699686038186513,0,0.0,0.030699686038186513
2021-07-13,33261.0,32676.0,33413.0,32386.0,19932531699.624603,613002045101.37,-0.017804804654084794,1579.142857142857,34657.375,33133.625,-1,0.0,34255.142857142855,0.0,34255.142857142855,0,0,-1,0.0,34255.142857142855,False,False,0.017804804654084794,0,0.0,0.017804804654084794
2021-07-14,32729.0,32879.0,33124.0,31514.0,21779069066.445965,616691143979.958,0.006193292620548547,1556.7142857142858,34426.375,33015.75,-1,0.0,34435.71428571428,0.0,34255.142857142855,0,0,-1,0.0,34255.142857142855,False,False,-0.006193292620548547,0,0.0,-0.006193292620548547
2021-07-15,32897.0,31726.0,33260.0,31285.0,21557729227.284348,595342431373.8641,-0.03569762211390789,1531.357142857143,34190.625,32738.375,-1,0.0,33257.357142857145,0.0,33257.357142857145,0,0,-1,0.0,33257.357142857145,False,False,0.03569762211390789,0,0.0,0.03569762211390789
2021-07-16,31867.0,31400.0,32205.0,31164.0,22671859962.66356,588495008675.5178,-0.010328641072055863,1506.2142857142858,33975.0,32409.5,-1,0.0,32906.21428571428,0.0,32906.21428571428,0,0,-1,0.0,32906.21428571428,False,False,0.010328641072055863,0,0.0,0.010328641072055863
2021-07-17,31404.0,31589.0,31973.0,31217.0,17715455994.789402,592581931071.2119,0.006001065811526307,1456.0714285714287,33762.625,32265.375,-1,0.0,33045.07142857143,0.0,32906.21428571428,0,0,-1,0.0,32906.21428571428,False,False,-0.006001065811526307,0,0.0,-0.006001065811526307
2021-07-18,31606.0,31919.0,32504.0,31262.0,17742105807.895496,597872278369.1111,0.010392485044329897,1428.7142857142858,33483.75,32118.875,-1,0.0,33347.71428571428,0.0,32906.21428571428,0,0,-1,0.0,32906.21428571428,False,False,-0.010392485044329897,0,0.0,-0.010392485044329897
2021-07-19,31900.0,30928.0,31931.0,30654.0,20095540828.295692,580252472382.7122,-0.03153952130408883,1372.4285714285713,33253.5,31878.5,-1,0.0,32300.428571428572,0.0,32300.428571428572,0,0,-1,0.0,32300.428571428572,False,False,0.03153952130408883,0,0.0,0.03153952130408883
2021-07-20,30892.0,29972.0,31044.0,29527.0,23000299061.896305,561743228116.5483,-0.031398309963910805,1389.5714285714287,32891.875,31533.875,-1,0.0,31361.571428571428,0.0,31361.571428571428,0,0,-1,0.0,31361.571428571428,False,False,0.031398309963910805,0,0.0,0.031398309963910805
2021-07-21,29917.0,32384.0,32503.0,29642.0,29070652059.995018,605357009416.7555,0.07740086116293601,1517.5714285714287,32431.75,31126.125,-1,0.0,33901.57142857143,0.0,31361.571428571428,0,1,0,0.0,31361.571428571428,False,False,-0.07840086116293601,1,0.001,-0.07740086116293601
2021-07-22,32314.0,32409.0,32596.0,31716.0,19741588059.45234,607621607805.3499,0.0007716883379571337,1465.0714285714287,32318.0,30783.125,1,30943.928571428572,0.0,30943.928571428572,0.0,0,0,1,30943.928571428572,0.0,True,False,-0.001,1,0.001,0.0
2021-07-23,32386.0,33456.0,33469.0,32122.0,22937379734.633812,627747173675.4332,0.03179498068332021,1431.642857142857,32252.0,30808.375,1,32024.35714285714,0.0,32024.35714285714,0.0,0,0,1,32024.35714285714,0.0,False,False,0.03179498068332021,0,0.0,0.03179498068332021
2021-07-24,33519.0,34214.0,34518.0,33487.0,22120323672.367214,642012590040.6406,0.022403774343822423,1424.5714285714287,32278.125,30913.0,1,32789.42857142857,0.0,32789.42857142857,0.0,0,0,1,32789.42857142857,0.0,False,False,0.022403774343822423,0,0.0,0.022403774343822423
2021-07-25,34297.0,35456.0,35456.0,33934.0,20929083220.53677,664681184168.7764,0.03565757409471851,1432.357142857143,32567.25,31203.375,1,34023.642857142855,0.0,34023.642857142855,0.0,0,0,1,34023.642857142855,0.0,False,False,0.03565757409471851,0,0.0,0.03565757409471851
2021-07-26,35527.0,37282.0,40347.0,35496.0,53550491997.72306,701921012034.6644,0.050218145322235244,1643.4285714285713,33002.625,31543.0,1,35638.57142857143,0.0,35638.57142857143,0.0,0,0,1,35638.57142857143,0.0,False,False,0.050218145322235244,0,0.0,0.050218145322235244
2021-07-27,37227.0,39077.0,39266.0,36277.0,36401287454.43055,732311951673.3547,0.04702342217189096,1783.5714285714287,33983.0,32072.25,1,37293.42857142857,0.0,37293.42857142857,0.0,0,0,1,37293.42857142857,0.0,False,False,0.04702342217189096,0,0.0,0.04702342217189096
2021-07-28,39209.0,40031.0,40840.0,38457.0,41369107422.717026,751371299910.5153,0.024120095337562934,1838.7857142857142,34899.875,32775.125,1,38192.21428571428,0.0,38192.21428571428,0.0,0,0,1,38192.21428571428,0.0,False,False,0.024120095337562934,0,0.0,0.024120095337562934
2021-07-29,40050.0,39978.0,40665.0,39431.0,28717414113.01727,750407963580.4731,-0.0013248511480525957,1785.857142857143,36124.375,33891.375,1,38192.142857142855,0.0,38192.21428571428,0.0,0,0,1,38192.21428571428,0.0,False,False,-0.0013248511480525957,0,0.0,-0.0013248511480525957
2021-07-30,39985.0,41936.0,41936.0,38416.0,35530501782.520935,786531956383.648,0.047815343772595456,1962.9285714285713,37144.625,35115.0,1,39973.07142857143,0.0,39973.07142857143,0.0,0,0,1,39973.07142857143,0.0,False,False,0.047815343772595456,0,0.0,0.047815343772595456
2021-07-31,41981.0,41754.0,42211.0,41176.0,28437941447.49927,784039345926.1898,-0.004349391490282543,1982.857142857143,38312.125,35952.5,1,39771.142857142855,0.0,39973.07142857143,0.0,0,0,1,39973.07142857143,0.0,False,False,-0.004349391490282543,0,0.0,-0.004349391490282543
2021-08-01,41700.0,39915.0,42628.0,39604.0,28555173661.663795,747403845431.8284,-0.04504306199300576,2110.1428571428573,39404.875,37084.25,1,37804.857142857145,0.0,39973.07142857143,0.0,1,0,0,39973.07142857143,0.0,False,False,-0.046043061993005764,1,0.001,-0.04504306199300576
2021-08-02,39985.0,39279.0,40570.0,38760.0,28057528866.262108,737440183775.5553,-0.01606216818403626,2148.214285714286,40418.625,37848.875,1,37130.78571428572,0.0,39973.07142857143,0.0,1,0,0,39973.07142857143,0.0,False,False,-0.0,0,0.0,-0.0
2021-08-03,39117.0,38368.0,39887.0,37913.0,28422901237.16951,720835141114.3336,-0.02346624606862216,2180.8571428571427,41057.875,38452.125,-1,0.0,40548.857142857145,0.0,40548.857142857145,0,0,-1,0.0,40548.857142857145,False,True,-0.001,1,0.001,-0.0
2021-08-04,38176.0,39752.0,39979.0,37703.0,27751046040.329308,747085951935.0547,0.035436375454915736,2139.0714285714284,41000.375,38754.25,-1,0.0,41891.07142857143,0.0,40548.857142857145,0,0,-1,0.0,40548.857142857145,False,False,-0.035436375454915736,0,0.0,-0.035436375454915736
2021-08-05,39752.0,40825.0,41381.0,37596.0,38527930905.31518,768416417393.5968,0.026634484556509335,2346.5714285714284,41089.5,38932.5,-1,0.0,43171.57142857143,0.0,40548.857142857145,0,1,0,0.0,40548.857142857145,False,False,-0.027634484556509336,1,0.001,-0.026634484556509335
2021-08-06,40809.0,42802.0,43175.0,39872.0,40840608016.843094,803853127161.2805,0.04729019161142042,2486.285714285714,41157.125,38824.875,1,40315.71428571428,0.0,40315.71428571428,0.0,0,0,1,40315.71428571428,0.0,True,False,-0.001,1,0.001,0.0
2021-08-07,42813.0,44648.0,44672.0,42727.0,42725276705.46515,838457486987.6113,0.04222468301818311,2549.3571428571427,41470.875,38880.0,1,42098.642857142855,0.0,42098.642857142855,0.0,0,0,1,42098.642857142855,0.0,False,False,0.04222468301818311,0,0.0,0.04222468301818311
2021-08-08,44645.0,43753.0,45242.0,43471.0,39633218478.615295,821704814136.0109,-0.020249331604850505,2567.1428571428573,41812.875,39418.875,1,41185.857142857145,0.0,42098.642857142855,0.0,0,0,1,42098.642857142855,0.0,False,False,-0.020249331604850505,0,0.0,-0.020249331604850505
2021-08-09,43780.0,46311.0,46433.0,42981.0,42726733997.85781,861862844505.6104,0.05681933198653207,2464.3571428571427,42191.75,39705.75,1,43846.642857142855,0.0,43846.642857142855,0.0,0,0,1,43846.642857142855,0.0,False,False,0.05681933198653207,0,0.0,0.05681933198653207
2021-08-10,46288.0,45640.0,46456.0,44685.0,35669862361.54627,854344953098.7552,-0.014594988873939006,2377.3571428571427,42667.375,40127.875,1,43262.642857142855,0.0,43846.642857142855,0.0,0,0,1,43846.642857142855,0.0,False,False,-0.014594988873939006,0,0.0,-0.014594988873939006
2021-08-11,45628.0,45652.0,46704.0,45297.0,35679832771.371475,857660568377.3856,0.00026289269747863136,2307.6428571428573,43403.125,40868.5,1,43344.357142857145,0.0,43846.642857142855,0.0,0,0,1,43846.642857142855,0.0,False,False,0.00026289269747863136,0,0.0,0.00026289269747863136
2021-08-12,45578.0,44495.0,46168.0,43955.0,35838614930.04035,836054770491.896,-0.02567059438252798,2377.5714285714284,44255.25,41791.5,1,42117.42857142857,0.0,43846.642857142855,0.0,0,0,1,43846.642857142855,0.0,False,False,-0.02567059438252798,0,0.0,-0.02567059438252798
2021-08-13,44540.0,47717.0,48121.0,44426.0,34320865037.164627,895084141168.7996,0.06991090522214638,2390.0714285714284,45028.875,42573.0,1,45326.92857142857,0.0,45326.92857142857,0.0,0,0,1,45326.92857142857,0.0,False,False,0.06991090522214638,0,0.0,0.06991090522214638
2021-08-14,47760.0,47089.0,47962.0,46200.0,33294851810.64847,886593539912.8141,-0.013248300432189877,2442.0,45871.375,43426.75,1,44647.0,0.0,45326.92857142857,0.0,0,0,1,45326.92857142857,0.0,False,False,-0.013248300432189877,0,0.0,-0.013248300432189877
2021-08-15,47133.0,47025.0,47362.0,45666.0,32863850458.005253,882888202377.7089,-0.001360052911687978,2347.1428571428573,46469.75,44217.75,1,44677.857142857145,0.0,45326.92857142857,0.0,0,0,1,45326.92857142857,0.0,False,False,-0.001360052911687978,0,0.0,-0.001360052911687978
2021-08-16,47088.0,46032.0,47883.0,45765.0,34221605780.00136,866391335029.3693,-0.021342568377901945,2369.1428571428573,46806.0,44585.125,1,43662.857142857145,0.0,45326.92857142857,0.0,0,0,1,45326.92857142857,0.0,False,False,-0.021342568377901945,0,0.0,-0.021342568377901945
2021-08-17,45999.0,44534.0,46970.0,44534.0,34488116651.18446,836777066605.9799,-0.03308386442692643,2402.1428571428573,47136.125,44871.875,-1,0.0,46936.142857142855,0.0,46936.142857142855,0,0,-1,0.0,46936.142857142855,False,True,-0.03408386442692643,1,0.001,-0.03308386442692643
2021-08-18,44655.0,45015.0,45923.0,44510.0,34668999387.83819,847143004614.999,0.010742825178174433,2340.5,47203.25,45066.0,-1,0.0,47355.5,0.0,46936.142857142855,0,0,-1,0.0,46936.142857142855,False,False,-0.010742825178174433,0,0.0,-0.010742825178174433
2021-08-19,44791.0,46745.0,46954.0,44098.0,38434805722.952705,867650725472.864,0.03771153058283888,2274.1428571428573,47136.625,45044.125,-1,0.0,49019.142857142855,0.0,46936.142857142855,0,0,-1,0.0,46936.142857142855,False,False,-0.03771153058283888,0,0.0,-0.03771153058283888
2021-08-20,46808.0,49196.0,49263.0,46682.0,36497089236.87114,923013359587.4719,0.05110502123688503,2222.5714285714284,47167.875,44894.25,1,46973.42857142857,0.0,46973.42857142857,0.0,0,0,1,46973.42857142857,0.0,True,False,-0.052105021236885034,1,0.001,-0.05110502123688503
2021-08-21,49261.0,48934.0,49673.0,47989.0,42147725293.165855,920750216465.3846,-0.005339867982462514,2203.9285714285716,47554.75,45235.125,1,46730.07142857143,0.0,46973.42857142857,0.0,0,0,1,46973.42857142857,0.0,False,False,-0.005339867982462514,0,0.0,-0.005339867982462514
2021-08-22,48868.0,49251.0,49480.0,48291.0,27110183703.24463,925630106451.4792,0.006457220582789352,2162.3571428571427,47748.75,45680.5,1,47088.642857142855,0.0,47088.642857142855,0.0,0,0,1,47088.642857142855,0.0,False,False,0.006457220582789352,0,0.0,0.006457220582789352
2021-08-23,49315.0,49519.0,50321.0,49130.0,35800255386.41374,930729196214.2946,0.005426762330884734,2000.857142857143,47938.5,45941.875,1,47518.142857142855,0.0,47518.142857142855,0.0,0,0,1,47518.142857142855,0.0,False,False,0.005426762330884734,0,0.0,0.005426762330884734
2021-08-24,49428.0,47941.0,49799.0,47941.0,38387146174.87064,902489541307.5308,-0.03238534611509893,2007.0714285714287,48308.375,46374.875,1,45933.92857142857,0.0,47518.142857142855,0.0,0,0,1,47518.142857142855,0.0,False,False,-0.03238534611509893,0,0.0,-0.03238534611509893
2021-08-25,47805.0,49003.0,49139.0,47250.0,33517327123.555378,921328247353.5629,0.021910432530003153,2041.5,48547.875,46646.875,1,46961.5,0.0,47518.142857142855,0.0,0,0,1,47518.142857142855,0.0,False,False,0.021910432530003153,0,0.0,0.021910432530003153
2021-08-26,48990.0,47229.0,49320.0,46648.0,33774857002.92822,887832142450.1957,-0.03687341002567832,2074.285714285714,48819.0,46986.375,1,45154.71428571428,0.0,47518.142857142855,0.0,1,0,0,47518.142857142855,0.0,False,False,-0.037873410025678324,1,0.001,-0.03687341002567832
2021-08-27,47137.0,49083.0,49136.0,46451.0,34607868773.39842,922969799298.9401,0.0385046319684475,2002.142857142857,49243.625,47253.625,1,47080.857142857145,0.0,47518.142857142855,0.0,1,0,0,47518.142857142855,0.0,False,False,0.0,0,0.0,0.0
2021-08-28,49088.0,48937.0,49333.0,48545.0,28491785397.365837,920017911098.7555,-0.0029789860838877603,1932.5714285714287,49516.375,47547.75,1,47004.42857142857,0.0,47518.142857142855,0.0,0,0,1,47518.142857142855,0.0,False,False,-0.001,1,0.001,-0.0
2021-08-29,48946.0,48907.0,49640.0,48027.0,26244843557.507874,919515378468.8468,-0.0006132210649625648,1926.642857142857,49525.125,47780.625,1,46980.357142857145,0.0,47518.142857142855,0.0,0,0,1,47518.142857142855,0.0,False,False,-0.0006132210649625648,0,0.0,-0.0006132210649625648
2021-08-30,48814.0,47124.0,48873.0,46977.0,32326073271.91957,885729258052.6316,-0.0371381101363259,1913.2142857142858,49521.0,47785.375,-1,0.0,49037.21428571428,0.0,49037.21428571428,0,0,-1,0.0,49037.21428571428,False,True,-0.0381381101363259,1,0.001,-0.0371381101363259
2021-08-31,47081.0,47335.0,48257.0,46811.0,34868965959.24512,890014982634.8986,0.004467554196981567,1842.5,49445.125,47621.125,-1,0.0,49177.5,0.0,49037.21428571428,0,0,-1,0.0,49037.21428571428,False,False,-0.004467554196981567,0,0.0,-0.004467554196981567
2021-09-01,47270.0,48823.0,48949.0,46659.0,39060601275.21267,918058330851.4829,0.030951533721289174,1905.142857142857,49187.125,47331.25,-1,0.0,50728.142857142855,0.0,49037.21428571428,0,0,-1,0.0,49037.21428571428,False,False,-0.030951533721289174,0,0.0,-0.030951533721289174
2021-09-02,48871.0,49339.0,50212.0,48705.0,39362789535.46043,927323146557.2119,0.010513330062263031,1808.7857142857142,49080.875,47171.0,1,47530.21428571428,0.0,47530.21428571428,0.0,0,0,1,47530.21428571428,0.0,True,False,-0.01151333006226303,1,0.001,-0.010513330062263031
2021-09-03,49341.0,49935.0,50913.0,48480.0,42934455726.28852,937295558515.289,0.012007316330691147,1798.2142857142858,49215.0,47352.875,1,48136.78571428572,0.0,48136.78571428572,0.0,0,0,1,48136.78571428572,0.0,False,False,0.012007316330691147,0,0.0,0.012007316330691147
2021-09-04,50028.0,50013.0,50476.0,49517.0,36985805206.72937,940538655659.8085,0.0015608119389056909,1746.4285714285713,49414.125,47581.875,1,48266.57142857143,0.0,48266.57142857143,0.0,0,0,1,48266.57142857143,0.0,False,False,0.0015608119389056909,0,0.0,0.0015608119389056909
2021-09-05,49965.0,51696.0,51834.0,49501.0,31765191430.17128,971284117138.44,0.03309743744813887,1828.142857142857,49581.625,47965.125,1,49867.857142857145,0.0,49867.857142857145,0.0,0,0,1,49867.857142857145,0.0,False,False,0.03309743744813887,0,0.0,0.03309743744813887
2021-09-06,51677.0,52740.0,52788.0,51134.0,37532574716.902405,992868819862.2306,0.019993771842998106,1861.2142857142858,49894.25,48084.625,1,50878.78571428572,0.0,50878.78571428572,0.0,0,0,1,50878.78571428572,0.0,False,False,0.019993771842998106,0,0.0,0.019993771842998106
2021-09-07,52725.0,46995.0,52853.0,45300.0,64010507329.271904,881943904968.6511,-0.11533296785287586,2268.0,50287.75,48473.0,-1,0.0,49263.0,0.0,49263.0,0,0,-1,0.0,49263.0,False,True,-0.11633296785287586,1,0.001,-0.11533296785287586
2021-09-08,47035.0,46085.0,47515.0,44319.0,48151104381.084854,866885887154.3109,-0.01955369562663723,2361.3571428571427,50785.25,48263.375,-1,0.0,48446.357142857145,0.0,48446.357142857145,0,0,-1,0.0,48446.357142857145,False,False,0.01955369562663723,0,0.0,0.01955369562663723
2021-09-09,46187.0,46519.0,47333.0,45850.0,38581092903.84418,876179332243.7437,0.009373313843094503,2276.4285714285716,50692.5,47951.875,-1,0.0,48795.42857142857,0.0,48446.357142857145,0,0,-1,0.0,48446.357142857145,False,False,-0.009373313843094503,0,0.0,-0.009373313843094503
2021-09-10,46515.0,44803.0,47158.0,44482.0,38051987740.157684,842222636395.4677,-0.037585729824076035,2275.785714285714,50490.5,47850.75,-1,0.0,47078.78571428572,0.0,47078.78571428572,0,0,-1,0.0,47078.78571428572,False,False,0.037585729824076035,0,0.0,0.037585729824076035
2021-09-11,44930.0,45196.0,46077.0,44930.0,34160277726.441067,849828231595.6722,0.008733485882353712,2310.5,50108.75,47322.875,-1,0.0,47506.5,0.0,47078.78571428572,0,0,-1,0.0,47078.78571428572,False,False,-0.008733485882353712,0,0.0,-0.008733485882353712
2021-09-12,45268.0,46195.0,46494.0,44815.0,27585855039.22065,869122611514.091,0.021862979775708575,2315.214285714286,49504.25,46879.125,-1,0.0,48510.21428571428,0.0,47078.78571428572,0,0,-1,0.0,47078.78571428572,False,False,-0.021862979775708575,0,0.0,-0.021862979775708575
2021-09-13,46190.0,45140.0,47445.0,43668.0,40683028027.85497,848992511473.5618,-0.02310279573331885,2447.1428571428573,49006.5,46291.375,-1,0.0,47587.142857142855,0.0,47078.78571428572,0,0,-1,0.0,47078.78571428572,False,False,0.02310279573331885,0,0.0,0.02310279573331885
2021-09-14,44997.0,47135.0,47286.0,44997.0,38645575965.52751,886524004596.6061,0.043247053458724094,2507.3571428571427,48457.875,45562.25,-1,0.0,49642.357142857145,0.0,47078.78571428572,0,1,0,0.0,47078.78571428572,False,False,-0.044247053458724095,1,0.001,-0.043247053458724094
2021-09-15,47158.0,48187.0,48570.0,46924.0,30037816650.128475,906727769791.0696,0.022073450286712277,2461.3571428571427,47770.125,44795.125,1,45725.642857142855,0.0,45725.642857142855,0.0,0,0,1,45725.642857142855,0.0,True,False,-0.001,1,0.001,0.0
2021-09-16,48207.0,47879.0,48576.0,47131.0,31578783374.768665,900990520811.9348,-0.006412280210361029,2456.9285714285716,47234.75,44998.125,1,45422.07142857143,0.0,45725.642857142855,0.0,0,0,1,45725.642857142855,0.0,False,False,-0.006412280210361029,0,0.0,-0.006412280210361029
2021-09-17,47846.0,47229.0,48300.0,46989.0,27731209179.052345,892585184977.8329,-0.013668884223863328,2376.785714285714,47367.375,45349.625,1,44852.21428571428,0.0,45725.642857142855,0.0,0,0,1,45725.642857142855,0.0,False,False,-0.013668884223863328,0,0.0,-0.013668884223863328
2021-09-18,47466.0,48267.0,48887.0,47289.0,27630476157.8273,907957032341.1344,0.02173998663640582,2426.714285714286,47488.25,45492.0,1,45840.28571428572,0.0,45840.28571428572,0.0,0,0,1,45840.28571428572,0.0,False,False,0.02173998663640582,0,0.0,0.02173998663640582
2021-09-19,48349.0,47371.0,48443.0,46943.0,26163167368.59442,891560241243.0585,-0.018737870216737788,2367.214285714286,47704.375,45842.875,1,45003.78571428572,0.0,45840.28571428572,0.0,0,0,1,45840.28571428572,0.0,False,False,-0.018737870216737788,0,0.0,-0.018737870216737788
2021-09-20,47248.0,42933.0,47405.0,42479.0,41220025453.5186,805826302811.3501,-0.09836946612342132,2600.9285714285716,48000.125,46094.5,-1,0.0,45533.92857142857,0.0,45533.92857142857,0,0,-1,0.0,45533.92857142857,False,True,-0.09936946612342132,1,0.001,-0.09836946612342132
2021-09-21,43017.0,40387.0,43645.0,40203.0,45940419565.082825,760802031650.6051,-0.06113280999095581,2307.285714285714,48114.0,45802.5,-1,0.0,42694.28571428572,0.0,42694.28571428572,0,0,-1,0.0,42694.28571428572,False,False,0.06113280999095581,0,0.0,0.06113280999095581
2021-09-22,40554.0,43587.0,44173.0,40554.0,36624234960.05299,820460824050.9529,0.07625098975141888,2349.4285714285716,47639.0,45369.375,-1,0.0,45936.42857142857,0.0,42694.28571428572,0,1,0,0.0,42694.28571428572,False,False,-0.07725098975141888,1,0.001,-0.07625098975141888
2021-09-23,43602.0,44981.0,45168.0,43179.0,33594750549.99859,846615719473.8734,0.031481237629885646,2385.5714285714284,47249.875,44814.0,-1,0.0,47366.57142857143,0.0,42694.28571428572,0,1,0,0.0,42694.28571428572,False,False,0.0,0,0.0,0.0
2021-09-24,44992.0,42752.0,45132.0,41018.0,42973070342.650276,809772498812.6799,-0.05082420047301652,2488.285714285714,46824.625,44345.875,-1,0.0,45240.28571428572,0.0,42694.28571428572,0,1,0,0.0,42694.28571428572,False,False,-0.0,0,0.0,-0.0
2021-09-25,42865.0,42857.0,43081.0,41877.0,30898116660.05655,808279417023.3408,0.002453014347818255,2483.285714285714,46394.125,43581.75,-1,0.0,45340.28571428572,0.0,42694.28571428572,0,1,0,0.0,42694.28571428572,False,False,0.0,0,0.0,0.0
2021-09-26,42824.0,43337.0,44229.0,40890.0,30462815705.283737,825341135635.7169,0.011137781330409512,2601.8571428571427,45741.75,42942.75,-1,0.0,45938.857142857145,0.0,42694.28571428572,0,1,0,0.0,42694.28571428572,False,False,0.0,0,0.0,0.0
2021-09-27,43282.0,42247.0,44388.0,42226.0,30483144439.45263,794889951096.439,-0.025473428227424814,2486.5,45159.5,42142.875,-1,0.0,44733.5,0.0,42694.28571428572,0,1,0,0.0,42694.28571428572,False,False,-0.0,0,0.0,-0.0
2021-09-28,42083.0,41010.0,42837.0,41010.0,29691944223.292786,775534111089.4891,-0.0297174059610157,2453.5,44652.625,41553.25,-1,0.0,43463.5,0.0,42694.28571428572,0,0,-1,0.0,42694.28571428572,False,False,-0.001,1,0.001,-0.0
2021-09-29,41003.0,41588.0,42649.0,40985.0,30068690311.96594,782626384092.2843,0.013995724711755949,2454.785714285714,44081.625,41369.625,-1,0.0,44042.78571428572,0.0,42694.28571428572,0,0,-1,0.0,42694.28571428572,False,False,-0.013995724711755949,0,0.0,-0.013995724711755949
2021-09-30,41647.0,43859.0,44160.0,41577.0,30859918334.565014,827840965059.6127,0.053168278796497055,2536.0714285714284,43957.125,41467.375,-1,0.0,46395.07142857143,0.0,42694.28571428572,0,1,0,0.0,42694.28571428572,False,False,-0.054168278796497056,1,0.001,-0.053168278796497055
2021-10-01,43887.0,48182.0,48578.0,43371.0,42089383189.81192,906929641888.8245,0.09400556441336173,2814.3571428571427,43955.5,41595.25,1,45367.642857142855,0.0,45367.642857142855,0.0,0,0,1,45367.642857142855,0.0,True,False,-0.001,1,0.001,0.0
2021-10-02,48267.0,47778.0,48315.0,47588.0,29742127387.956066,900582483713.1118,-0.00842022482221985,2747.8571428571427,44381.75,41619.25,1,45030.142857142855,0.0,45367.642857142855,0.0,0,0,1,45367.642857142855,0.0,False,False,-0.00842022482221985,0,0.0,-0.00842022482221985
2021-10-03,47863.0,48283.0,49404.0,47260.0,26034594561.963406,910331395887.4816,0.010514249326580327,2793.8571428571427,44779.625,42440.5,1,45489.142857142855,0.0,45489.142857142855,0.0,0,0,1,45489.142857142855,0.0,False,False,0.010514249326580327,0,0.0,0.010514249326580327
2021-10-04,48259.0,49260.0,49524.0,47188.0,32691763060.319107,927812140868.0522,0.020032860862448657,2608.8571428571427,45570.0,43113.375,1,46651.142857142855,0.0,46651.142857142855,0.0,0,0,1,46651.142857142855,0.0,False,False,0.020032860862448657,0,0.0,0.020032860862448657
2021-10-05,49262.0,51669.0,51971.0,49173.0,35480330025.02791,973040988102.9114,0.047745595829327345,2562.8571428571427,46231.875,43900.625,1,49106.142857142855,0.0,49106.142857142855,0.0,0,0,1,49106.142857142855,0.0,False,False,0.047745595829327345,0,0.0,0.047745595829327345
2021-10-06,51618.0,55415.0,55555.0,50569.0,48462388015.80152,1044675252844.3663,0.06999232670589725,2648.5714285714284,47179.75,44769.0,1,52766.42857142857,0.0,52766.42857142857,0.0,0,0,1,52766.42857142857,0.0,False,False,0.06999232670589725,0,0.0,0.06999232670589725
2021-10-07,55410.0,53895.0,55410.0,53675.0,36549815857.28183,1015246512238.866,-0.02781260599402465,2630.785714285714,48769.5,45963.875,1,51264.21428571428,0.0,52766.42857142857,0.0,0,0,1,52766.42857142857,0.0,False,False,-0.02781260599402465,0,0.0,-0.02781260599402465
2021-10-08,53807.0,54011.0,56056.0,53807.0,33935485256.826164,1016650501581.1074,0.0021500202896040993,2497.5714285714284,50364.625,47550.125,1,51513.42857142857,0.0,52766.42857142857,0.0,0,0,1,52766.42857142857,0.0,False,False,0.0021500202896040993,0,0.0,0.0021500202896040993
2021-10-09,54054.0,55125.0,55427.0,53910.0,31927344846.446766,1038524699061.4408,0.020415604243814306,2519.9285714285716,51851.625,49078.875,1,52605.07142857143,0.0,52766.42857142857,0.0,0,0,1,52766.42857142857,0.0,False,False,0.020415604243814306,0,0.0,0.020415604243814306
2021-10-10,54965.0,54712.0,56716.0,54302.0,38579271671.06987,1030788036761.6326,-0.00752026997121509,2453.8571428571427,52707.75,50396.25,1,52258.142857142855,0.0,52766.42857142857,0.0,0,0,1,52766.42857142857,0.0,False,False,-0.00752026997121509,0,0.0,-0.00752026997121509
2021-10-11,54755.0,57573.0,57860.0,54682.0,41913482915.37917,1084736227837.6608,0.05097064400842498,2526.4285714285716,53757.875,51235.5,1,55046.57142857143,0.0,55046.57142857143,0.0,0,0,1,55046.57142857143,0.0,False,False,0.05097064400842498,0,0.0,0.05097064400842498
2021-10-12,57553.0,56335.0,58066.0,54705.0,40021384610.698265,1061829863954.1321,-0.021737696188090756,2636.0,54814.875,52163.25,1,53699.0,0.0,55046.57142857143,0.0,0,0,1,55046.57142857143,0.0,False,False,-0.021737696188090756,0,0.0,-0.021737696188090756
2021-10-13,56278.0,57488.0,57873.0,54409.0,41216945749.34656,1083366079898.5513,0.02026021875503377,2764.5714285714284,55882.625,53102.875,1,54723.42857142857,0.0,55046.57142857143,0.0,0,0,1,55046.57142857143,0.0,False,False,0.02026021875503377,0,0.0,0.02026021875503377
2021-10-14,57543.0,57452.0,58740.0,57090.0,35994603913.188385,1082900149762.5826,-0.000626413801586662,2697.9285714285716,56620.375,53757.375,1,54754.07142857143,0.0,55046.57142857143,0.0,0,0,1,55046.57142857143,0.0,False,False,-0.000626413801586662,0,0.0,-0.000626413801586662
2021-10-15,57446.0,61809.0,62729.0,57098.0,53653355008.40819,1164782155730.3254,0.07309916835885542,2728.214285714286,57018.5,54572.5,1,59080.78571428572,0.0,59080.78571428572,0.0,0,0,1,59080.78571428572,0.0,False,False,0.07309916835885542,0,0.0,0.07309916835885542
2021-10-16,61764.0,61166.0,62481.0,60506.0,35385452268.77726,1153847028824.7434,-0.01045750534387427,2817.3571428571427,57933.375,55000.375,1,58348.642857142855,0.0,59080.78571428572,0.0,0,0,1,59080.78571428572,0.0,False,False,-0.01045750534387427,0,0.0,-0.01045750534387427
2021-10-17,61127.0,61584.0,61728.0,59228.0,29625957541.677635,1160650121141.9934,0.00681061695683284,2842.785714285714,58736.5,55837.75,1,58741.21428571428,0.0,59080.78571428572,0.0,0,0,1,59080.78571428572,0.0,False,False,0.00681061695683284,0,0.0,0.00681061695683284
2021-10-18,61545.0,62018.0,62911.0,60391.0,39610183787.235275,1173944883529.633,0.007022568948901016,2855.9285714285716,59524.125,56502.5,1,59162.07142857143,0.0,59162.07142857143,0.0,0,0,1,59162.07142857143,0.0,False,False,0.007022568948901016,0,0.0,0.007022568948901016
2021-10-19,62013.0,64518.0,64608.0,61705.0,42550624869.2941,1217582580302.557,0.03951958914615296,2863.4285714285716,60298.5,57263.625,1,61654.57142857143,0.0,61654.57142857143,0.0,0,0,1,61654.57142857143,0.0,False,False,0.03951958914615296,0,0.0,0.03951958914615296
2021-10-20,64482.0,66238.0,67277.0,63548.0,40790757381.601654,1250376460615.7495,0.02631006174802007,2773.6428571428573,61142.0,58141.5,1,63464.357142857145,0.0,63464.357142857145,0.0,0,0,1,63464.357142857145,0.0,False,False,0.02631006174802007,0,0.0,0.02631006174802007
2021-10-21,66282.0,62541.0,66838.0,62378.0,48709960685.53348,1178926819140.8179,-0.05743197471605464,2967.9285714285716,62293.375,59246.875,1,59573.07142857143,0.0,63464.357142857145,0.0,1,0,0,63464.357142857145,0.0,False,False,-0.058431974716054644,1,0.001,-0.05743197471605464
2021-10-22,62179.0,61029.0,63918.0,60373.0,40766460604.96904,1151508584004.7793,-0.02447318063048521,3060.5,63414.0,60243.0,1,57968.5,0.0,63464.357142857145,0.0,1,0,0,63464.357142857145,0.0,False,False,-0.0,0,0.0,-0.0
2021-10-23,61001.0,61572.0,62073.0,60317.0,28505039147.788773,1161166467847.4336,0.008858060709903555,3077.5714285714284,64061.25,60653.375,1,58494.42857142857,0.0,63464.357142857145,0.0,1,0,0,63464.357142857145,0.0,False,False,0.0,0,0.0,0.0
2021-10-24,61641.0,61173.0,61787.0,59672.0,29982535557.40278,1153315262663.0586,-0.006501306047107516,3056.214285714286,63979.25,61055.75,1,58116.78571428572,0.0,63464.357142857145,0.0,1,0,0,63464.357142857145,0.0,False,False,-0.0,0,0.0,-0.0
2021-10-25,61120.0,63228.0,64031.0,60956.0,30852852368.02752,1192131994832.5864,0.0330413253144284,3048.8571428571427,63892.5,60951.5,1,60179.142857142855,0.0,63464.357142857145,0.0,1,0,0,63464.357142857145,0.0,False,False,0.0,0,0.0,0.0
2021-10-26,63346.0,60604.0,63570.0,60290.0,33233702858.09473,1143497865064.6724,-0.04238634351756007,3043.0714285714284,64180.375,61167.5,-1,0.0,63647.07142857143,0.0,63647.07142857143,0,0,-1,0.0,63647.07142857143,False,True,-0.001,1,0.001,-0.0
2021-10-27,60687.0,58641.0,61797.0,58179.0,43976252157.068634,1105754837660.925,-0.03292678685859455,3054.0714285714284,64262.75,61154.875,-1,0.0,61695.07142857143,0.0,61695.07142857143,0,0,-1,0.0,61695.07142857143,False,False,0.03292678685859455,0,0.0,0.03292678685859455
2021-10-28,58594.0,60768.0,62393.0,58369.0,52318597556.794624,1145912030969.1882,0.035629223990880816,3223.6428571428573,63911.375,60714.125,-1,0.0,63991.642857142855,0.0,61695.07142857143,0,0,-1,0.0,61695.07142857143,False,False,-0.035629223990880816,0,0.0,-0.035629223990880816
2021-10-29,60848.0,62283.0,62939.0,60571.0,38648967244.95182,1178047465292.3657,0.024625180732646443,2990.5714285714284,63300.875,60066.75,-1,0.0,65273.57142857143,0.0,61695.07142857143,0,1,0,0.0,61695.07142857143,False,False,-0.025625180732646444,1,0.001,-0.024625180732646443
2021-10-30,62376.0,61837.0,62416.0,61068.0,31810216329.529858,1166423768409.5984,-0.007186624549894553,2945.785714285714,62813.5,59840.875,-1,0.0,64782.78571428572,0.0,61695.07142857143,0,1,0,0.0,61695.07142857143,False,False,-0.0,0,0.0,-0.0
2021-10-31,62013.0,61472.0,62597.0,60307.0,32494948460.791386,1159841954948.4832,-0.005920104226481071,2930.785714285714,62625.75,59927.75,-1,0.0,64402.78571428572,0.0,61695.07142857143,0,1,0,0.0,61695.07142857143,False,False,-0.0,0,0.0,-0.0
2021-11-01,61368.0,61122.0,62508.0,59824.0,35834742028.38199,1152831210803.7048,-0.00570991975016188,2942.5,62691.25,59926.5,-1,0.0,64064.5,0.0,61695.07142857143,0,0,-1,0.0,61695.07142857143,False,False,-0.001,1,0.001,-0.0
2021-11-02,61042.0,63247.0,64249.0,60644.0,37335066460.155334,1186951581189.4705,0.03417582881672836,2992.6428571428573,62781.375,59945.5,1,60254.357142857145,0.0,60254.357142857145,0.0,0,0,1,60254.357142857145,0.0,True,False,-0.03517582881672836,1,0.001,-0.03417582881672836
2021-11-03,63283.0,63131.0,63546.0,61587.0,36561444796.93016,1187048124213.9268,-0.001835763069156331,2866.214285714286,62808.625,59906.5,1,60264.78571428572,0.0,60264.78571428572,0.0,0,0,1,60264.78571428572,0.0,False,False,-0.001835763069156331,0,0.0,-0.001835763069156331
2021-11-04,63025.0,61602.0,63159.0,60988.0,33152275947.43255,1157101738112.7314,-0.024517595038673682,2702.714285714286,62805.625,60068.625,1,58899.28571428572,0.0,60264.78571428572,0.0,0,0,1,60264.78571428572,0.0,False,False,-0.024517595038673682,0,0.0,-0.024517595038673682
2021-11-05,61586.0,61247.0,62724.0,60932.0,31182137447.967434,1154530569293.3604,-0.005779468911422484,2577.5,62975.875,60419.75,1,58669.5,0.0,60264.78571428572,0.0,0,0,1,60264.78571428572,0.0,False,False,-0.005779468911422484,0,0.0,-0.005779468911422484
2021-11-06,61277.0,61661.0,61669.0,60334.0,31423601393.173405,1162489871875.4807,0.006736771662544442,2547.4285714285716,63017.25,60740.125,1,59113.57142857143,0.0,60264.78571428572,0.0,0,0,1,60264.78571428572,0.0,False,False,0.006736771662544442,0,0.0,0.006736771662544442
2021-11-07,61683.0,63153.0,63192.0,61583.0,24877902989.784378,1191631271447.797,0.02390871331036627,2511.285714285714,62858.5,60710.5,1,60641.71428571428,0.0,60641.71428571428,0.0,0,0,1,60641.71428571428,0.0,False,False,0.02390871331036627,0,0.0,0.02390871331036627
2021-11-08,63433.0,67617.0,67713.0,63433.0,105426313891.40913,1278797895528.3608,0.06829907711687196,2617.3571428571427,62955.5,60774.875,1,64999.642857142855,0.0,64999.642857142855,0.0,0,0,1,64999.642857142855,0.0,False,False,0.06829907711687196,0,0.0,0.06829907711687196
2021-11-09,67539.0,67145.0,68642.0,66566.0,41207912437.79217,1268116896159.246,-0.007004970690104296,2531.3571428571427,63595.0,61165.625,1,64613.642857142855,0.0,64999.642857142855,0.0,0,0,1,64999.642857142855,0.0,False,False,-0.007004970690104296,0,0.0,-0.007004970690104296
2021-11-10,67087.0,65061.0,69045.0,64566.0,48648563669.37678,1221681091090.6301,-0.0315291686787591,2592.8571428571427,64361.75,62008.375,1,62468.142857142855,0.0,64999.642857142855,0.0,0,0,1,64999.642857142855,0.0,False,False,-0.0315291686787591,0,0.0,-0.0315291686787591
2021-11-11,65063.0,65006.0,65913.0,64459.0,35457583783.213585,1228606858156.6921,-0.000845718026527553,2409.285714285714,64961.25,62498.625,1,62596.71428571428,0.0,64999.642857142855,0.0,0,0,1,64999.642857142855,0.0,False,False,-0.000845718026527553,0,0.0,-0.000845718026527553
2021-11-12,64947.0,64432.0,65780.0,62353.0,36872626217.741356,1215930166022.9006,-0.008869169218753609,2484.9285714285716,65257.125,62857.625,1,61947.07142857143,0.0,64999.642857142855,0.0,1,0,0,64999.642857142855,0.0,False,False,-0.00986916921875361,1,0.001,-0.008869169218753609
2021-11-13,64425.0,64660.0,65080.0,63636.0,29677693457.31651,1220299721850.586,0.003532368188188629,2491.785714285714,65584.75,63028.25,1,62168.21428571428,0.0,64999.642857142855,0.0,1,0,0,64999.642857142855,0.0,False,False,0.0,0,0.0,0.0
2021-11-14,64654.0,65649.0,65739.0,63705.0,26088449436.717113,1239021452560.904,0.015179596043045711,2473.5,65879.25,63366.25,1,63175.5,0.0,64999.642857142855,0.0,1,0,0,64999.642857142855,0.0,False,False,0.0,0,0.0,0.0
2021-11-15,65858.0,63934.0,66359.0,63754.0,32107212452.298412,1206711952537.9358,-0.026471067084795023,2467.8571428571427,66388.0,63787.625,1,61466.142857142855,0.0,64999.642857142855,0.0,1,0,0,64999.642857142855,0.0,False,False,-0.0,0,0.0,-0.0
2021-11-16,63858.0,60449.0,63858.0,59150.0,48978396010.968155,1141910823555.9597,-0.05605126692875387,2552.0714285714284,66783.875,64059.0,-1,0.0,63001.07142857143,0.0,63001.07142857143,0,0,-1,0.0,63001.07142857143,False,True,-0.001,1,0.001,-0.0
2021-11-17,60399.0,60604.0,61054.0,58994.0,39200729529.48786,1138136620641.4888,0.0025608631708054406,2559.285714285714,66302.0,63523.625,-1,0.0,63163.28571428572,0.0,63001.07142857143,0,0,-1,0.0,63001.07142857143,False,False,-0.0025608631708054406,0,0.0,-0.0025608631708054406
2021-11-18,60613.0,56987.0,61237.0,56664.0,41828523861.71753,1075758915731.0365,-0.06153772585043508,2730.8571428571427,65353.5,62577.125,-1,0.0,59717.857142857145,0.0,59717.857142857145,0,0,-1,0.0,59717.857142857145,False,False,0.06153772585043508,0,0.0,0.06153772585043508
2021-11-19,57298.0,58459.0,58656.0,55821.0,37851259606.14217,1103594176399.3167,0.025502482176333195,2805.3571428571427,64377.5,61589.375,-1,0.0,61264.357142857145,0.0,59717.857142857145,0,0,-1,0.0,59717.857142857145,False,False,-0.025502482176333195,0,0.0,-0.025502482176333195
2021-11-20,58500.0,60083.0,60259.0,57568.0,29676550711.713173,1134300362589.2896,0.027401285807864034,2902.214285714286,63470.375,60509.625,-1,0.0,62985.21428571428,0.0,59717.857142857145,0,1,0,0.0,59717.857142857145,False,False,-0.028401285807864034,1,0.001,-0.027401285807864034
2021-11-21,60004.0,59140.0,60324.0,58844.0,25743426946.961926,1120610791475.7502,-0.01581942520702017,2893.0,62780.25,59911.5,-1,0.0,62033.0,0.0,59717.857142857145,0,1,0,0.0,59717.857142857145,False,False,-0.0,0,0.0,-0.0
2021-11-22,59148.0,56387.0,59300.0,55866.0,34001467918.52828,1064619437494.1869,-0.04766887894260898,2812.5714285714284,62185.75,59312.5,-1,0.0,59199.57142857143,0.0,59199.57142857143,0,0,-1,0.0,59199.57142857143,False,False,-0.001,1,0.001,-0.0
2021-11-23,56300.0,57749.0,57955.0,55915.0,36421192856.53637,1090380950871.23,0.02386739775294066,2810.0,61380.875,58332.625,-1,0.0,60559.0,0.0,59199.57142857143,0,0,-1,0.0,59199.57142857143,False,False,-0.02386739775294066,0,0.0,-0.02386739775294066
2021-11-24,57707.0,57198.0,57765.0,55938.0,31695369987.85105,1080039673037.4923,-0.009587100495166794,2620.5714285714284,60330.375,57352.75,-1,0.0,59818.57142857143,0.0,59199.57142857143,0,0,-1,0.0,59199.57142857143,False,False,0.009587100495166794,0,0.0,0.009587100495166794
2021-11-25,57196.0,58898.0,59391.0,57110.0,33721097081.419792,1112182356756.767,0.02928820148414631,2679.6428571428573,59568.75,56951.25,-1,0.0,61577.642857142855,0.0,59199.57142857143,0,0,-1,0.0,59199.57142857143,False,False,-0.02928820148414631,0,0.0,-0.02928820148414631
2021-11-26,58905.0,53828.0,59445.0,53587.0,41325811946.27098,1016487054819.7161,-0.09001335634434747,2853.285714285714,59360.875,56715.75,-1,0.0,56681.28571428572,0.0,56681.28571428572,0,0,-1,0.0,56681.28571428572,False,False,0.09001335634434747,0,0.0,0.09001335634434747
2021-11-27,53816.0,54533.0,55426.0,53739.0,28256851067.70268,1030781591912.8181,0.01301224513312315,2870.6428571428573,59136.875,56331.125,-1,0.0,57403.642857142855,0.0,56681.28571428572,0,0,-1,0.0,56681.28571428572,False,False,-0.01301224513312315,0,0.0,-0.01301224513312315
2021-11-28,54706.0,57238.0,57748.0,53672.0,27659464986.73885,1080980050980.763,0.048411990464416785,3016.5,58733.125,56070.875,-1,0.0,60254.5,0.0,56681.28571428572,0,1,0,0.0,56681.28571428572,False,False,-0.049411990464416786,1,0.001,-0.048411990464416785
2021-11-29,57235.0,57849.0,58930.0,56640.0,30985196646.76598,1092574224475.6908,0.010618153928742805,2994.0,58419.25,55583.875,-1,0.0,60843.0,0.0,56681.28571428572,0,1,0,0.0,56681.28571428572,False,False,0.0,0,0.0,0.0
2021-11-30,57760.0,57011.0,59184.0,56158.0,35723038603.83064,1076804436724.3245,-0.01459193573360602,2868.4285714285716,58245.0,55308.375,-1,0.0,59879.42857142857,0.0,56681.28571428572,0,1,0,0.0,56681.28571428572,False,False,-0.0,0,0.0,-0.0
2021-12-01,56917.0,57169.0,59129.0,56671.0,49383073891.00049,1079838995016.5873,0.002767561759480252,2896.8571428571427,58230.5,55344.875,-1,0.0,60065.857142857145,0.0,56681.28571428572,0,1,0,0.0,56681.28571428572,False,False,0.0,0,0.0,0.0
2021-12-02,57159.0,56508.0,57436.0,55822.0,36296342256.75686,1067406204922.5636,-0.011629572382034117,2685.5,58377.25,55439.375,-1,0.0,59193.5,0.0,56681.28571428572,0,1,0,0.0,56681.28571428572,False,False,-0.0,0,0.0,-0.0
2021-12-03,56565.0,53786.0,57565.0,52962.0,39527112725.92275,1016040747069.7008,-0.04936901079389857,2811.785714285714,58336.125,55424.875,-1,0.0,56597.78571428572,0.0,56597.78571428572,0,0,-1,0.0,56597.78571428572,False,False,-0.001,1,0.001,-0.0
2021-12-04,53784.0,49162.0,54011.0,43531.0,55941408415.03649,930097457941.656,-0.0898922429027295,3368.1428571428573,58107.875,54906.375,-1,0.0,52530.142857142855,0.0,52530.142857142855,0,0,-1,0.0,52530.142857142855,False,False,0.0898922429027295,0,0.0,0.0898922429027295
2021-12-05,49349.0,49268.0,49877.0,47745.0,32826574574.44167,932015145132.0604,0.00215381572644818,3414.714285714286,57428.625,53649.375,-1,0.0,52682.71428571428,0.0,52530.142857142855,0,0,-1,0.0,52530.142857142855,False,False,-0.00215381572644818,0,0.0,-0.00215381572644818
2021-12-06,49370.0,50462.0,50979.0,47243.0,36126018721.826546,953396710269.5476,0.02394579470295028,3436.285714285714,56735.0,52900.125,-1,0.0,53898.28571428572,0.0,52530.142857142855,0,0,-1,0.0,52530.142857142855,False,False,-0.02394579470295028,0,0.0,-0.02394579470295028
2021-12-07,50555.0,50648.0,51943.0,50239.0,30083305919.5604,956961313925.818,0.003679165459637194,3412.285714285714,55888.875,52096.5,-1,0.0,54060.28571428572,0.0,52530.142857142855,0,0,-1,0.0,52530.142857142855,False,False,-0.003679165459637194,0,0.0,-0.003679165459637194
2021-12-08,50619.0,50530.0,51320.0,48934.0,26590164539.05959,954800139986.473,-0.002332523938008218,3452.214285714286,55015.5,51296.375,-1,0.0,53982.21428571428,0.0,52530.142857142855,0,0,-1,0.0,52530.142857142855,False,False,0.002332523938008218,0,0.0,0.002332523938008218
2021-12-09,50480.0,47886.0,50826.0,47441.0,27269362515.246876,904878061656.8508,-0.05374403318189038,3531.0714285714284,54032.5,50393.375,-1,0.0,51417.07142857143,0.0,51417.07142857143,0,0,-1,0.0,51417.07142857143,False,False,0.05374403318189038,0,0.0,0.05374403318189038
2021-12-10,47747.0,47304.0,50088.0,47304.0,29611257204.740986,893919955029.865,-0.012228327603398072,3311.5,52994.625,49239.625,-1,0.0,50615.5,0.0,50615.5,0,0,-1,0.0,50615.5,False,False,0.012228327603398072,0,0.0,0.012228327603398072
2021-12-11,47300.0,49242.0,49490.0,47033.0,24619129766.774235,930603779263.9766,0.04015205935710084,3366.5,52076.125,48174.875,-1,0.0,52608.5,0.0,50615.5,0,0,-1,0.0,50615.5,False,False,-0.04015205935710084,0,0.0,-0.04015205935710084
2021-12-12,49252.0,50051.0,50863.0,48760.0,19871029748.355583,945932497231.4797,0.016295567705982096,3225.5714285714284,51066.75,47433.75,-1,0.0,53276.57142857143,0.0,50615.5,0,0,-1,0.0,50615.5,False,False,-0.016295567705982096,0,0.0,-0.016295567705982096
2021-12-13,50057.0,46696.0,50222.0,46002.0,29628245402.124134,882570058436.5184,-0.06938397768012176,3363.4285714285716,50673.25,48087.375,-1,0.0,50059.42857142857,0.0,50059.42857142857,0,0,-1,0.0,50059.42857142857,False,False,0.06938397768012176,0,0.0,0.06938397768012176
2021-12-14,46679.0,48411.0,48691.0,46526.0,30152105689.95273,915015634616.989,0.03606855272583496,3301.9285714285716,50716.375,47869.5,-1,0.0,51712.92857142857,0.0,50059.42857142857,0,0,-1,0.0,50059.42857142857,False,False,-0.03606855272583496,0,0.0,-0.03606855272583496
2021-12-15,48306.0,48937.0,49422.0,46666.0,33782603071.208714,925006387197.2257,0.010806695957836614,3323.214285714286,50430.375,47779.875,-1,0.0,52260.21428571428,0.0,50059.42857142857,0,0,-1,0.0,50059.42857142857,False,False,-0.010806695957836614,0,0.0,-0.010806695957836614
2021-12-16,48933.0,47695.0,49378.0,47550.0,24699414443.565502,901558072618.6224,-0.025707185987990013,3338.5,50115.25,47333.25,-1,0.0,51033.5,0.0,50059.42857142857,0,0,-1,0.0,50059.42857142857,False,False,0.025707185987990013,0,0.0,0.025707185987990013
2021-12-17,47719.0,46329.0,48036.0,45741.0,30617760444.44956,875783175210.4042,-0.02905845568819773,3173.6428571428573,49872.5,47160.25,-1,0.0,49502.642857142855,0.0,49502.642857142855,0,0,-1,0.0,49502.642857142855,False,False,0.02905845568819773,0,0.0,0.02905845568819773
2021-12-18,46258.0,46970.0,47466.0,45653.0,23305069269.64378,887944269264.0427,0.013740985129930147,2554.5714285714284,49523.75,46947.75,-1,0.0,49524.57142857143,0.0,49502.642857142855,0,0,-1,0.0,49502.642857142855,False,False,-0.013740985129930147,0,0.0,-0.013740985129930147
2021-12-19,46904.0,46807.0,48126.0,46550.0,23002876885.701263,884905649263.6449,-0.0034763356506034757,2514.8571428571427,49196.0,46741.375,-1,0.0,49321.857142857145,0.0,49321.857142857145,0,0,-1,0.0,49321.857142857145,False,False,0.0034763356506034757,0,0.0,0.0034763356506034757
2021-12-20,46770.0,47117.0,47517.0,45676.0,29356191956.181854,890808857615.3627,0.0066011056955890286,2379.5,49025.5,46681.0,-1,0.0,49496.5,0.0,49321.857142857145,0,0,-1,0.0,49321.857142857145,False,False,-0.0066011056955890286,0,0.0,-0.0066011056955890286
2021-12-21,47123.0,49145.0,49366.0,46791.0,25764127608.31085,929203956014.2224,0.04214124193470329,2441.714285714286,48607.25,46295.5,1,46703.28571428572,0.0,46703.28571428572,0.0,0,0,1,46703.28571428572,0.0,True,False,-0.04314124193470329,1,0.001,-0.04214124193470329
2021-12-22,49058.0,48756.0,49876.0,48730.0,21887790445.928295,921888029984.8673,-0.007946845225002719,2353.1428571428573,48500.25,46394.125,1,46402.857142857145,0.0,46703.28571428572,0.0,0,0,1,46703.28571428572,0.0,False,False,-0.007946845225002719,0,0.0,-0.007946845225002719
2021-12-23,48778.0,50901.0,51420.0,48260.0,26419703744.656948,960809259355.0854,0.04305430293532222,2337.0714285714284,48648.375,46669.625,1,48563.92857142857,0.0,48563.92857142857,0.0,0,0,1,48563.92857142857,0.0,False,False,0.04305430293532222,0,0.0,0.04305430293532222
2021-12-24,50928.0,50889.0,51951.0,50699.0,22535489970.197155,962312381228.0947,-0.00023577954721661925,2227.6428571428573,48898.125,46868.875,1,48661.357142857145,0.0,48661.357142857145,0.0,0,0,1,48661.357142857145,0.0,False,False,-0.00023577954721661925,0,0.0,-0.00023577954721661925
2021-12-25,50924.0,50663.0,51384.0,50398.0,17235296605.82555,958099737762.7762,-0.0044509290433018996,2122.5714285714284,49219.75,47262.5,1,48540.42857142857,0.0,48661.357142857145,0.0,0,0,1,48661.357142857145,0.0,False,False,-0.0044509290433018996,0,0.0,-0.0044509290433018996
2021-12-26,50478.0,50853.0,51377.0,49687.0,19632044502.131416,961723851972.3851,0.003743256666065431,2093.0714285714284,49638.25,47844.625,1,48759.92857142857,0.0,48759.92857142857,0.0,0,0,1,48759.92857142857,0.0,False,False,0.003743256666065431,0,0.0,0.003743256666065431
2021-12-27,50869.0,50774.0,52050.0,50546.0,22793878136.833546,960280703699.8921,-0.0015547052636135713,1899.0714285714287,50127.125,48348.875,1,48874.92857142857,0.0,48874.92857142857,0.0,0,0,1,48874.92857142857,0.0,False,False,-0.0015547052636135713,0,0.0,-0.0015547052636135713
2021-12-28,50732.0,47725.0,50732.0,47388.0,29538983233.48695,902655839568.4547,-0.061929042929034006,1986.2857142857142,50617.625,48848.375,-1,0.0,49711.28571428572,0.0,49711.28571428572,0,0,-1,0.0,49711.28571428572,False,True,-0.06292904292903401,1,0.001,-0.061929042929034006
2021-12-29,47654.0,46507.0,48199.0,46224.0,26348739119.378136,874314106559.5542,-0.025852530713744798,1930.5,51019.5,49062.375,-1,0.0,48437.5,0.0,48437.5,0,0,-1,0.0,48437.5,False,False,0.025852530713744798,0,0.0,0.025852530713744798
2021-12-30,46575.0,47192.0,47976.0,46225.0,23753871435.216618,892648631305.5416,0.014621547802707524,1925.0,50873.625,48991.5,-1,0.0,49117.0,0.0,48437.5,0,0,-1,0.0,48437.5,False,False,-0.014621547802707524,0,0.0,-0.014621547802707524
2021-12-31,47205.0,46320.0,48779.0,45702.0,25895349604.886154,876192941903.0961,-0.018650553436034317,1980.857142857143,50636.125,48678.375,-1,0.0,48300.857142857145,0.0,48300.857142857145,0,0,-1,0.0,48300.857142857145,False,False,0.018650553436034317,0,0.0,0.018650553436034317
2022-01-01,46381.0,47816.0,48146.0,46379.0,18904585811.03402,904551946917.3206,0.031786478257213306,1981.7857142857142,50306.0,48358.625,-1,0.0,49797.78571428572,0.0,48300.857142857145,0,0,-1,0.0,48300.857142857145,False,False,-0.031786478257213306,0,0.0,-0.031786478257213306
2022-01-02,47807.0,47387.0,48012.0,46757.0,33756128241.98571,897536090320.9355,-0.009012382040889307,1958.857142857143,49830.375,47818.625,-1,0.0,49345.857142857145,0.0,48300.857142857145,0,0,-1,0.0,48300.857142857145,False,False,0.009012382040889307,0,0.0,0.009012382040889307
2022-01-03,47371.0,46531.0,47568.0,45811.0,21890019531.577713,880330191985.1965,-0.018229172344592565,1952.857142857143,49408.875,47363.5,-1,0.0,48483.857142857145,0.0,48300.857142857145,0,0,-1,0.0,48300.857142857145,False,False,0.018229172344592565,0,0.0,0.018229172344592565
2022-01-04,46538.0,45938.0,47575.0,45725.0,24895990583.663242,876242689666.1957,-0.012826095868908363,1901.0714285714287,48932.75,46879.0,-1,0.0,47839.07142857143,0.0,47839.07142857143,0,0,-1,0.0,47839.07142857143,False,False,0.012826095868908363,0,0.0,0.012826095868908363
2022-01-05,45873.0,43647.0,47081.0,42467.0,31837641246.01787,827723202715.1049,-0.05115810986620147,2148.785714285714,48373.375,46276.375,-1,0.0,45795.78571428572,0.0,45795.78571428572,0,0,-1,0.0,45795.78571428572,False,False,0.05115810986620147,0,0.0,0.05115810986620147
2022-01-06,43526.0,43216.0,43929.0,42604.0,26366602396.811768,819522879407.0583,-0.009923754351101606,2017.7142857142858,47917.0,45661.25,-1,0.0,45233.71428571428,0.0,45233.71428571428,0,0,-1,0.0,45233.71428571428,False,False,0.009923754351101606,0,0.0,0.009923754351101606
2022-01-07,43201.0,41527.0,43201.0,40685.0,79685254648.07628,787735561341.1113,-0.03986697895396469,2109.0714285714284,47383.25,45208.75,-1,0.0,43636.07142857143,0.0,43636.07142857143,0,0,-1,0.0,43636.07142857143,False,False,0.03986697895396469,0,0.0,0.03986697895396469
2022-01-08,41532.0,41757.0,42702.0,40617.0,23337017232.770664,792892599975.9554,0.005523283817078168,2187.5714285714284,46786.375,44516.25,-1,0.0,43944.57142857143,0.0,43636.07142857143,0,0,-1,0.0,43636.07142857143,False,False,-0.005523283817078168,0,0.0,-0.005523283817078168
2022-01-09,41670.0,41862.0,42894.0,41421.0,18016718173.608612,791648558214.5575,0.0025113922717813755,2172.0714285714284,46026.75,43880.625,-1,0.0,44034.07142857143,0.0,43636.07142857143,0,0,-1,0.0,43636.07142857143,False,False,-0.0025113922717813755,0,0.0,-0.0025113922717813755
2022-01-10,41888.0,41870.0,42415.0,39692.0,27984634062.049942,792407724467.5966,0.00019108584589743027,2259.1428571428573,45370.25,43260.875,-1,0.0,44129.142857142855,0.0,43636.07142857143,0,0,-1,0.0,43636.07142857143,False,False,-0.00019108584589743027,0,0.0,-0.00019108584589743027
2022-01-11,41891.0,42777.0,43223.0,41383.0,22813557397.82151,809621515508.4065,0.021430994937039823,2148.714285714286,44670.625,42377.75,-1,0.0,44925.71428571428,0.0,43636.07142857143,0,0,-1,0.0,43636.07142857143,False,False,-0.021430994937039823,0,0.0,-0.021430994937039823
2022-01-12,42811.0,43982.0,44288.0,42544.0,28250302540.221024,832460077955.3481,0.027779884340564314,2132.214285714286,44127.5,41824.25,-1,0.0,46114.21428571428,0.0,43636.07142857143,0,1,0,0.0,43636.07142857143,False,False,-0.028779884340564315,1,0.001,-0.027779884340564314
2022-01-13,43946.0,42608.0,44391.0,42388.0,43905745871.292786,806510860231.8285,-0.031738430237079666,2150.214285714286,43716.625,41426.625,-1,0.0,44758.21428571428,0.0,43636.07142857143,0,1,0,0.0,43636.07142857143,False,False,-0.0,0,0.0,-0.0
2022-01-14,42563.0,43121.0,43495.0,41794.0,20238314434.86153,816129314317.4397,0.011968088354875632,2051.9285714285716,43380.375,41416.75,-1,0.0,45172.92857142857,0.0,43636.07142857143,0,0,-1,0.0,43636.07142857143,False,False,-0.001,1,0.001,0.0
2022-01-15,43192.0,43227.0,43803.0,42586.0,14651008624.734596,816800318526.6782,0.002455182592454678,2008.4285714285713,43326.125,41315.5,-1,0.0,45235.42857142857,0.0,43636.07142857143,0,0,-1,0.0,43636.07142857143,False,False,-0.002455182592454678,0,0.0,-0.002455182592454678
2022-01-16,43173.0,43120.0,43570.0,42739.0,14452346388.550371,816325578941.135,-0.0024783734181649942,1978.142857142857,43401.375,41553.125,-1,0.0,45098.142857142855,0.0,43636.07142857143,0,0,-1,0.0,43636.07142857143,False,False,0.0024783734181649942,0,0.0,0.0024783734181649942
2022-01-17,43138.0,42298.0,43184.0,41641.0,17694929625.845875,800822650383.9624,-0.01924712299018358,1962.857142857143,43509.875,41818.375,-1,0.0,44260.857142857145,0.0,43636.07142857143,0,0,-1,0.0,43636.07142857143,False,False,0.01924712299018358,0,0.0,0.01924712299018358
2022-01-18,42311.0,42395.0,42621.0,41339.0,18897950050.285973,803962100417.9756,0.002290627145408093,1922.2857142857142,43546.125,41845.875,-1,0.0,44317.28571428572,0.0,43636.07142857143,0,0,-1,0.0,43636.07142857143,False,False,-0.002290627145408093,0,0.0,-0.002290627145408093
2022-01-19,42401.0,41750.0,42653.0,41244.0,19626113309.554142,790507925308.7825,-0.015330979459101893,1693.357142857143,43571.875,42051.75,-1,0.0,43443.357142857145,0.0,43443.357142857145,0,0,-1,0.0,43443.357142857145,False,False,0.015330979459101893,0,0.0,0.015330979459101893
2022-01-20,41752.0,40708.0,43508.0,40708.0,20930163211.171124,774235809673.4731,-0.025274817967179373,1798.7142857142858,43500.625,42034.375,-1,0.0,42506.71428571428,0.0,42506.71428571428,0,0,-1,0.0,42506.71428571428,False,False,0.025274817967179373,0,0.0,0.025274817967179373
2022-01-21,40667.0,36509.0,41179.0,35762.0,38296960033.31628,692855029162.9379,-0.10886582779347702,2004.857142857143,43403.125,41804.875,-1,0.0,38513.857142857145,0.0,38513.857142857145,0,0,-1,0.0,38513.857142857145,False,False,0.10886582779347702,0,0.0,0.10886582779347702
2022-01-22,36385.0,35180.0,36801.0,34020.0,35517336417.257744,666220701468.4846,-0.03708106622679605,2054.5714285714284,43001.625,40976.625,-1,0.0,37234.57142857143,0.0,37234.57142857143,0,0,-1,0.0,37234.57142857143,False,False,0.03708106622679605,0,0.0,0.03708106622679605
2022-01-23,35219.0,36306.0,36706.0,34805.0,22865032968.608204,687575973800.0704,0.03150527755882725,2085.1428571428573,42164.875,40004.875,-1,0.0,38391.142857142855,0.0,37234.57142857143,0,0,-1,0.0,37234.57142857143,False,False,-0.03150527755882725,0,0.0,-0.03150527755882725
2022-01-24,36265.0,36774.0,37476.0,33065.0,36385158448.60688,696465421899.37,0.012808056863410392,2205.714285714286,41277.75,39032.25,-1,0.0,38979.71428571428,0.0,37234.57142857143,0,0,-1,0.0,37234.57142857143,False,False,-0.012808056863410392,0,0.0,-0.012808056863410392
2022-01-25,36675.0,36989.0,37542.0,35707.0,46168918584.85349,700571452648.8236,0.00582949741367499,2205.3571428571427,40516.0,37823.0,-1,0.0,39194.357142857145,0.0,37234.57142857143,0,0,-1,0.0,37234.57142857143,False,False,-0.00582949741367499,0,0.0,-0.00582949741367499
2022-01-26,36955.0,36870.0,39216.0,36355.0,26756873749.744743,700165819656.2855,-0.0032223588992716396,2285.1428571428573,39810.75,37081.25,-1,0.0,39155.142857142855,0.0,37234.57142857143,0,0,-1,0.0,37234.57142857143,False,False,0.0032223588992716396,0,0.0,0.0032223588992716396
2022-01-27,36886.0,37277.0,37277.0,35580.0,22057410457.280827,702311456032.8538,0.01097830223027956,2263.285714285714,39385.125,36458.25,-1,0.0,39540.28571428572,0.0,37234.57142857143,0,1,0,0.0,37234.57142857143,False,False,-0.011978302230279559,1,0.001,-0.01097830223027956
2022-01-28,37367.0,37853.0,38022.0,36244.0,19214103304.052933,717026944842.8334,0.015333722503979153,2268.785714285714,38713.125,35750.25,-1,0.0,40121.78571428572,0.0,37234.57142857143,0,1,0,0.0,37234.57142857143,False,False,0.0,0,0.0,0.0
2022-01-29,37782.0,38232.0,38782.0,37422.0,14178650231.62196,722829009646.1814,0.009962624295545223,2279.0,38027.375,35192.25,1,35953.0,0.0,35953.0,0.0,0,0,1,35953.0,0.0,True,False,-0.001,1,0.001,0.0
2022-01-30,38254.0,37983.0,38386.0,37504.0,11807185113.633108,719570142321.8397,-0.006534170069631306,2282.6428571428573,37727.75,35399.75,1,35700.357142857145,0.0,35953.0,0.0,0,0,1,35953.0,0.0,False,False,-0.006534170069631306,0,0.0,-0.006534170069631306
2022-01-31,37995.0,38556.0,38715.0,36832.0,17731563487.283978,727905398095.9747,0.014973038715495796,2306.9285714285716,37925.875,35835.25,1,36249.07142857143,0.0,36249.07142857143,0.0,0,0,1,36249.07142857143,0.0,False,False,0.014973038715495796,0,0.0,0.014973038715495796
2022-02-01,38430.0,38836.0,39138.0,38196.0,17109120250.158987,736102274236.6057,0.00723592158617684,2282.6428571428573,38177.0,36088.625,1,36553.357142857145,0.0,36553.357142857145,0.0,0,0,1,36553.357142857145,0.0,False,False,0.00723592158617684,0,0.0,0.00723592158617684
2022-02-02,38801.0,37001.0,38900.0,36849.0,16709908527.231106,700645616423.8325,-0.048402712201870486,2328.5,38384.75,36730.0,1,34672.5,0.0,36553.357142857145,0.0,0,0,1,36553.357142857145,0.0,False,False,-0.048402712201870486,0,0.0,-0.048402712201870486
2022-02-03,37052.0,37101.0,37180.0,36415.0,16136299994.837618,703003347951.7092,0.0026989841220017353,2183.1428571428573,38554.5,36872.75,1,34917.857142857145,0.0,36553.357142857145,0.0,0,0,1,36553.357142857145,0.0,False,False,0.0026989841220017353,0,0.0,0.0026989841220017353
2022-02-04,37282.0,41674.0,41674.0,37128.0,25347215343.882504,777355085535.6107,0.11623350971997881,2122.8571428571427,38300.0,36880.25,1,39551.142857142855,0.0,39551.142857142855,0.0,0,0,1,39551.142857142855,0.0,False,False,0.11623350971997881,0,0.0,0.11623350971997881
2022-02-05,41617.0,41494.0,41957.0,41191.0,16752051696.248552,786295053042.2418,-0.004328594677060671,1978.9285714285713,38849.625,37073.75,1,39515.07142857143,0.0,39551.142857142855,0.0,0,0,1,39551.142857142855,0.0,False,False,-0.004328594677060671,0,0.0,-0.004328594677060671
2022-02-06,41518.0,42476.0,42526.0,41387.0,13206494654.908047,804942041477.0581,0.02339037207065127,1924.5,39341.5,37692.125,1,40551.5,0.0,40551.5,0.0,0,0,1,40551.5,0.0,False,False,0.02339037207065127,0,0.0,0.02339037207065127
2022-02-07,42413.0,43911.0,44476.0,41788.0,24171856714.475758,833392518214.8341,0.033225647628320386,1801.4285714285713,39809.5,38187.75,1,42109.57142857143,0.0,42109.57142857143,0.0,0,0,1,42109.57142857143,0.0,False,False,0.033225647628320386,0,0.0,0.033225647628320386
2022-02-08,43978.0,44184.0,45302.0,42901.0,29024977264.932137,837406846076.2306,0.006197874428966801,1841.857142857143,40570.75,38723.25,1,42342.142857142855,0.0,42342.142857142855,0.0,0,0,1,42342.142857142855,0.0,False,False,0.006197874428966801,0,0.0,0.006197874428966801
2022-02-09,44166.0,44384.0,44758.0,43309.0,19780565063.098923,841339973338.8694,0.004516311533534641,1741.0,41394.125,39481.875,1,42643.0,0.0,42643.0,0.0,0,0,1,42643.0,0.0,False,False,0.004516311533534641,0,0.0,0.004516311533534641
2022-02-10,44390.0,43628.0,45694.0,43341.0,27877618433.98099,826942197610.3904,-0.017179898065924654,1787.857142857143,42096.625,40121.0,1,41840.142857142855,0.0,42643.0,0.0,0,0,1,42643.0,0.0,False,False,-0.017179898065924654,0,0.0,-0.017179898065924654
2022-02-11,43477.0,42445.0,43926.0,42158.0,23279080009.72499,803706779791.898,-0.02749002587656531,1787.142857142857,42945.875,40932.5,1,40657.857142857145,0.0,42643.0,0.0,1,0,0,42643.0,0.0,False,False,-0.028490025876565312,1,0.001,-0.02749002587656531
2022-02-12,42437.0,42255.0,43039.0,41914.0,15479727288.782782,799547462142.6093,-0.004486430193485452,1770.357142857143,43789.125,41650.375,1,40484.642857142855,0.0,42643.0,0.0,1,0,0,42643.0,0.0,False,False,-0.0,0,0.0,-0.0
2022-02-13,42268.0,42248.0,42751.0,41992.0,12146423251.39967,802059713029.3901,-0.00016567459181362007,1761.5714285714287,43959.75,42248.625,-1,0.0,44009.57142857143,0.0,44009.57142857143,0,0,-1,0.0,44009.57142857143,False,True,-0.001,1,0.001,-0.0
2022-02-14,42172.0,42635.0,42857.0,41715.0,18090873762.822777,808280617642.0496,0.009118496789380818,1708.642857142857,44059.0,42348.75,-1,0.0,44343.642857142855,0.0,44009.57142857143,0,0,-1,0.0,44009.57142857143,False,False,-0.009118496789380818,0,0.0,-0.009118496789380818
2022-02-15,42626.0,44574.0,44707.0,42527.0,19801081788.555756,848321283143.9929,0.04447521720371131,1797.0714285714287,44100.375,42389.75,1,42776.92857142857,0.0,42776.92857142857,0.0,0,0,1,42776.92857142857,0.0,True,False,-0.04547521720371131,1,0.001,-0.04447521720371131
2022-02-16,44527.0,44063.0,44527.0,43515.0,16847003857.433496,836256083783.791,-0.011530301371888846,1726.2142857142858,44129.25,42482.125,1,42336.78571428572,0.0,42776.92857142857,0.0,0,0,1,42776.92857142857,0.0,False,False,-0.011530301371888846,0,0.0,-0.011530301371888846
2022-02-17,43954.0,40563.0,44194.0,40329.0,22270664615.4777,770096677778.6456,-0.08276410698110466,1947.642857142857,44032.375,42558.875,-1,0.0,42510.642857142855,0.0,42510.642857142855,0,0,-1,0.0,42510.642857142855,False,True,-0.08376410698110466,1,0.001,-0.08276410698110466
2022-02-18,40558.0,40073.0,40994.0,39791.0,20130002755.177864,759881874201.3011,-0.012153530219933288,1706.9285714285713,43961.875,42186.375,-1,0.0,41779.92857142857,0.0,41779.92857142857,0,0,-1,0.0,41779.92857142857,False,False,0.012153530219933288,0,0.0,0.012153530219933288
2022-02-19,40056.0,40193.0,40442.0,39763.0,11735183838.17719,761447243939.9269,0.0029900602846683042,1700.7142857142858,43374.375,41742.625,-1,0.0,41893.71428571428,0.0,41779.92857142857,0,0,-1,0.0,41779.92857142857,False,False,-0.0029900602846683042,0,0.0,-0.0029900602846683042
2022-02-20,40188.0,38514.0,40188.0,38195.0,15998424231.017673,730381814665.4404,-0.04267103955176942,1762.0714285714287,42938.875,41443.25,-1,0.0,40276.07142857143,0.0,40276.07142857143,0,0,-1,0.0,40276.07142857143,False,False,0.04267103955176942,0,0.0,0.04267103955176942
2022-02-21,38512.0,37060.0,39468.0,36957.0,25174914104.16337,703004241590.1829,-0.038483590700482385,1749.4285714285713,42582.5,40978.375,-1,0.0,38809.42857142857,0.0,38809.42857142857,0,0,-1,0.0,38809.42857142857,False,False,0.038483590700482385,0,0.0,0.038483590700482385
2022-02-22,37162.0,38337.0,38344.0,36546.0,22212181617.200245,727094284067.6588,0.033877266437462174,1706.357142857143,42172.125,40349.0,-1,0.0,40043.357142857145,0.0,38809.42857142857,0,0,-1,0.0,38809.42857142857,False,False,-0.033877266437462174,0,0.0,-0.033877266437462174
2022-02-23,38302.0,37372.0,39232.0,37256.0,18507851467.85067,708829287814.1068,-0.025493726363966726,1744.0,41608.0,39702.875,-1,0.0,39116.0,0.0,38809.42857142857,0,0,-1,0.0,38809.42857142857,False,False,0.025493726363966726,0,0.0,0.025493726363966726
2022-02-24,37318.0,38363.0,38905.0,34557.0,40839699480.89129,727657714638.0917,0.02617169249162984,1886.5,40923.625,39044.0,-1,0.0,40249.5,0.0,38809.42857142857,0,0,-1,0.0,38809.42857142857,False,False,-0.02617169249162984,0,0.0,-0.02617169249162984
2022-02-25,38361.0,39316.0,39610.0,38107.0,22579249141.515377,745763194704.1796,0.02453810728204375,1867.5714285714287,40220.875,37924.25,-1,0.0,41183.57142857143,0.0,38809.42857142857,0,1,0,0.0,38809.42857142857,False,False,-0.02553810728204375,1,0.001,-0.02453810728204375
2022-02-26,39256.0,39090.0,39877.0,38826.0,14568201294.74542,741083625917.93,-0.00576488089951952,1862.2857142857142,39647.875,37646.5,-1,0.0,40952.28571428572,0.0,38809.42857142857,0,1,0,0.0,38809.42857142857,False,False,-0.0,0,0.0,-0.0
2022-02-27,39179.0,37804.0,39851.0,37421.0,19424397945.619602,717619764688.0872,-0.03345176267205373,1981.642857142857,39508.25,37525.875,-1,0.0,39785.642857142855,0.0,38809.42857142857,0,1,0,0.0,38809.42857142857,False,False,-0.0,0,0.0,-0.0
2022-02-28,37788.0,43225.0,44199.0,37588.0,30634280854.538326,819019441071.749,0.13400411443654453,2372.285714285714,39434.375,37233.125,1,40852.71428571428,0.0,40852.71428571428,0.0,0,0,1,40852.71428571428,0.0,True,False,-0.001,1,0.001,0.0
2022-03-01,43286.0,44460.0,44755.0,42992.0,27880763034.093914,841254375272.0455,0.028170876966696224,2342.5,39935.75,37157.25,1,42117.5,0.0,42117.5,0.0,0,0,1,42117.5,0.0,False,False,0.028170876966696224,0,0.0,0.028170876966696224
2022-03-02,44417.0,43981.0,44969.0,43471.0,25615956856.40275,834437956671.6672,-0.010832186059927232,2373.8571428571427,40596.625,37911.625,1,41607.142857142855,0.0,42117.5,0.0,0,0,1,42117.5,0.0,False,False,-0.010832186059927232,0,0.0,-0.010832186059927232
2022-03-03,43975.0,42492.0,44090.0,41979.0,22366184128.900482,807454920681.7217,-0.034441899558356276,2248.5714285714284,41424.75,38777.25,1,40243.42857142857,0.0,42117.5,0.0,0,0,1,42117.5,0.0,False,False,-0.034441899558356276,0,0.0,-0.034441899558356276
2022-03-04,42488.0,39200.0,42488.0,38760.0,25121267305.979286,743810477766.2219,-0.08063907612135016,2429.214285714286,42032.0,39367.625,-1,0.0,41629.21428571428,0.0,41629.21428571428,0,0,-1,0.0,41629.21428571428,False,True,-0.08163907612135016,1,0.001,-0.08063907612135016
2022-03-05,39206.0,39463.0,39624.0,38828.0,14818212144.749968,748197160856.1006,0.00668677726399887,2437.5714285714284,42479.875,39893.0,-1,0.0,41900.57142857143,0.0,41629.21428571428,0,0,-1,0.0,41629.21428571428,False,False,-0.00668677726399887,0,0.0,-0.00668677726399887
2022-03-06,39466.0,38443.0,39668.0,38254.0,16995562040.606796,729501899968.2964,-0.026186899299100952,2395.8571428571427,42481.625,39983.125,-1,0.0,40838.857142857145,0.0,40838.857142857145,0,0,-1,0.0,40838.857142857145,False,False,0.026186899299100952,0,0.0,0.026186899299100952
2022-03-07,38470.0,38076.0,39455.0,37275.0,24596395439.058964,723198804467.6718,-0.009592462372255991,2372.214285714286,42455.5,39911.625,-1,0.0,40448.21428571428,0.0,40448.21428571428,0,0,-1,0.0,40448.21428571428,False,False,0.009592462372255991,0,0.0,0.009592462372255991
2022-03-08,38032.0,38733.0,39335.0,37991.0,22556397749.428085,735453953725.9198,0.017107787471632517,2339.785714285714,42406.0,39893.375,-1,0.0,41072.78571428572,0.0,40448.21428571428,0,0,-1,0.0,40448.21428571428,False,False,-0.017107787471632517,0,0.0,-0.017107787471632517
2022-03-09,38736.0,41986.0,42501.0,38736.0,29211702119.448605,796849504897.2562,0.08064427952143943,2467.785714285714,41798.0,39943.75,1,39518.21428571428,0.0,39518.21428571428,0.0,0,0,1,39518.21428571428,0.0,True,False,-0.08164427952143943,1,0.001,-0.08064427952143943
2022-03-10,41913.0,39468.0,42004.0,38909.0,27653455219.04128,749384110700.1091,-0.06184601238721048,2378.285714285714,41516.25,39411.75,1,37089.71428571428,0.0,39518.21428571428,0.0,1,0,0,39518.21428571428,0.0,False,False,-0.06284601238721048,1,0.001,-0.06184601238721048
2022-03-11,39437.0,38775.0,40183.0,38347.0,23624165274.522385,738267961692.6816,-0.017714507932317755,2402.0714285714284,41145.625,38841.5,-1,0.0,41177.07142857143,0.0,41177.07142857143,0,0,-1,0.0,41177.07142857143,False,True,-0.001,1,0.001,-0.0
2022-03-12,38751.0,38904.0,39345.0,38751.0,12440826653.84724,738456528057.6692,0.003321364038882238,2369.4285714285716,40657.25,38387.5,-1,0.0,41273.42857142857,0.0,41177.07142857143,0,0,-1,0.0,41177.07142857143,False,False,-0.003321364038882238,0,0.0,-0.003321364038882238
2022-03-13,38814.0,37853.0,39238.0,37768.0,14461647575.513742,718551088031.3688,-0.027386836121172885,2300.8571428571427,40264.375,38386.375,-1,0.0,40153.857142857145,0.0,40153.857142857145,0,0,-1,0.0,40153.857142857145,False,False,0.027386836121172885,0,0.0,0.027386836121172885
2022-03-14,37867.0,39669.0,39715.0,37709.0,21250969229.221596,751354026218.9767,0.046859789262483666,1971.9285714285713,40216.125,38253.875,-1,0.0,41640.92857142857,0.0,40153.857142857145,0,0,-1,0.0,40153.857142857145,False,False,-0.046859789262483666,0,0.0,-0.046859789262483666
2022-03-15,39699.0,39332.0,39781.0,38321.0,20768829817.938637,747642430663.595,-0.008531589324885729,1950.2857142857142,40222.0,38185.75,-1,0.0,41282.28571428572,0.0,40153.857142857145,0,0,-1,0.0,40153.857142857145,False,False,0.008531589324885729,0,0.0,0.008531589324885729
2022-03-16,39309.0,41166.0,41551.0,39029.0,34974203468.766266,779761001844.4108,0.045574236018899025,2023.4285714285713,40262.75,38316.5,1,39142.57142857143,0.0,39142.57142857143,0.0,0,0,1,39142.57142857143,0.0,True,False,-0.046574236018899026,1,0.001,-0.045574236018899025
2022-03-17,41129.0,41002.0,41374.0,40681.0,18861644942.593346,778474325709.8895,-0.0039918269344253535,1922.142857142857,40539.75,38446.25,1,39079.857142857145,0.0,39142.57142857143,0.0,0,0,1,39142.57142857143,0.0,False,False,-0.0039918269344253535,0,0.0,-0.0039918269344253535
2022-03-18,40943.0,41837.0,42337.0,40311.0,30316128166.48974,794378970588.3145,0.020160269462751415,1800.2857142857142,40398.875,38689.375,1,40036.71428571428,0.0,40036.71428571428,0.0,0,0,1,40036.71428571428,0.0,False,False,0.020160269462751415,0,0.0,0.020160269462751415
2022-03-19,41828.0,42202.0,42323.0,41612.0,16580741571.959858,800887993391.0255,0.008686497818730085,1794.2142857142858,40440.5,38864.625,1,40407.78571428572,0.0,40407.78571428572,0.0,0,0,1,40407.78571428572,0.0,False,False,0.008686497818730085,0,0.0,0.008686497818730085
2022-03-20,42223.0,41283.0,42271.0,41021.0,16856192301.960054,784054464871.6631,-0.02201682033261068,1782.5,40708.0,39272.75,1,39500.5,0.0,40407.78571428572,0.0,0,0,1,40407.78571428572,0.0,False,False,-0.02201682033261068,0,0.0,-0.02201682033261068
2022-03-21,41249.0,41062.0,41481.0,40615.0,21335882483.315796,779205413378.8728,-0.005367673340681736,1688.642857142857,41073.75,39556.5,1,39373.357142857145,0.0,40407.78571428572,0.0,0,0,1,40407.78571428572,0.0,False,False,-0.005367673340681736,0,0.0,-0.005367673340681736
2022-03-22,41009.0,42402.0,43080.0,40937.0,28688623151.357098,803937099701.4115,0.03211241132619967,1745.7142857142858,41354.125,39912.375,1,40656.28571428572,0.0,40656.28571428572,0.0,0,0,1,40656.28571428572,0.0,False,False,0.03211241132619967,0,0.0,0.03211241132619967
2022-03-23,42370.0,42802.0,42802.0,41868.0,21851891598.642384,810894331277.664,0.009389299531177066,1543.2857142857142,41774.75,40315.875,1,41258.71428571428,0.0,41258.71428571428,0.0,0,0,1,41258.71428571428,0.0,False,False,0.009389299531177066,0,0.0,0.009389299531177066
2022-03-24,42845.0,43936.0,44133.0,42726.0,26212783703.864426,834251096724.507,0.026149199117611228,1422.7142857142858,42152.375,40759.25,1,42513.28571428572,0.0,42513.28571428572,0.0,0,0,1,42513.28571428572,0.0,False,False,0.026149199117611228,0,0.0,0.026149199117611228
2022-03-25,43939.0,44332.0,44999.0,43721.0,26147756108.07925,842031938721.7855,0.008972734327846114,1382.857142857143,42475.125,41221.375,1,42949.142857142855,0.0,42949.142857142855,0.0,0,0,1,42949.142857142855,0.0,False,False,0.008972734327846114,0,0.0,0.008972734327846114
2022-03-26,44298.0,44511.0,44737.0,44157.0,13676534294.229202,845235093872.7649,0.004029585723359656,1381.857142857143,42928.25,41601.375,1,43129.142857142855,0.0,43129.142857142855,0.0,0,0,1,43129.142857142855,0.0,False,False,0.004029585723359656,0,0.0,0.004029585723359656
2022-03-27,44483.0,46715.0,46715.0,44413.0,22545392529.67392,887283025181.1342,0.04832896260815268,1441.2857142857142,43228.25,42082.125,1,45273.71428571428,0.0,45273.71428571428,0.0,0,0,1,45273.71428571428,0.0,False,False,0.04832896260815268,0,0.0,0.04832896260815268
2022-03-28,46723.0,46995.0,48079.0,46660.0,30051327357.066643,892747620147.7012,0.005975900827345874,1399.357142857143,43777.25,42432.25,1,45595.642857142855,0.0,45595.642857142855,0.0,0,0,1,45595.642857142855,0.0,False,False,0.005975900827345874,0,0.0,0.005975900827345874
2022-03-29,47061.0,47459.0,47967.0,47061.0,26128040680.825665,901430001888.9999,0.00982496733831658,1364.5,44503.25,43137.125,1,46094.5,0.0,46094.5,0.0,0,0,1,46094.5,0.0,False,False,0.00982496733831658,0,0.0,0.00982496733831658
2022-03-30,47451.0,47063.0,47651.0,46751.0,24497248306.346912,895356010540.8462,-0.008379050736918347,1248.642857142857,45314.0,43942.875,1,45814.357142857145,0.0,46094.5,0.0,0,0,1,46094.5,0.0,False,False,-0.008379050736918347,0,0.0,-0.008379050736918347
2022-03-31,47031.0,45528.0,47468.0,45363.0,27736469645.537262,865010142444.9791,-0.033159608372840155,1349.5,45885.375,44669.625,1,44178.5,0.0,46094.5,0.0,1,0,0,46094.5,0.0,False,False,-0.034159608372840156,1,0.001,-0.033159608372840155
2022-04-01,45528.0,46270.0,46658.0,44347.0,32948605532.135277,879144224206.3806,0.016166281618085507,1369.857142857143,46468.625,45106.5,1,44900.142857142855,0.0,46094.5,0.0,1,0,0,46094.5,0.0,False,False,0.0,0,0.0,0.0
2022-04-02,46229.0,45842.0,47026.0,45804.0,24803837259.76474,871050305858.7916,-0.009293101446733646,1406.357142857143,46784.25,45309.125,1,44435.642857142855,0.0,46094.5,0.0,1,0,0,46094.5,0.0,False,False,-0.0,0,0.0,-0.0
2022-04-03,45847.0,46435.0,47322.0,45667.0,21510196790.30345,882346640419.069,0.01285278375579706,1435.2857142857142,47037.625,45569.5,1,44999.71428571428,0.0,46094.5,0.0,1,0,0,46094.5,0.0,False,False,0.0,0,0.0,0.0
2022-04-04,46361.0,46623.0,46819.0,45277.0,28019309650.72574,885584977681.2438,0.004040496373612807,1483.5714285714287,47360.75,45758.25,1,45139.42857142857,0.0,46094.5,0.0,0,0,1,46094.5,0.0,False,False,-0.001,1,0.001,0.0
2022-04-05,46610.0,45635.0,47077.0,45635.0,25474063861.60569,867247321783.443,-0.021419015632743926,1433.5,47373.75,45866.25,-1,0.0,47068.5,0.0,47068.5,0,0,-1,0.0,47068.5,False,True,-0.022419015632743927,1,0.001,-0.021419015632743926
2022-04-06,45561.0,43199.0,45561.0,43199.0,34113818641.77575,820983263462.4961,-0.054857619134846665,1540.7857142857142,47248.5,45738.125,-1,0.0,44739.78571428572,0.0,44739.78571428572,0,0,-1,0.0,44739.78571428572,False,False,0.054857619134846665,0,0.0,0.054857619134846665
2022-04-07,43237.0,43515.0,43869.0,42867.0,22960138784.304127,827032889944.6309,0.007288359407483065,1511.857142857143,46947.75,45255.375,-1,0.0,45026.857142857145,0.0,44739.78571428572,0,0,-1,0.0,44739.78571428572,False,False,-0.007288359407483065,0,0.0,-0.007288359407483065
2022-04-08,43488.0,42316.0,43916.0,42212.0,24202906401.166885,804272478980.6077,-0.027940441116948905,1542.2857142857142,46475.0,44769.875,-1,0.0,43858.28571428572,0.0,43858.28571428572,0,0,-1,0.0,43858.28571428572,False,False,0.027940441116948905,0,0.0,0.027940441116948905
2022-04-09,42307.0,42796.0,42807.0,42259.0,13949535311.5313,812734148492.5116,0.01127937515183209,1540.0,46031.0,44376.0,-1,0.0,44336.0,0.0,43858.28571428572,0,0,-1,0.0,43858.28571428572,False,False,-0.01127937515183209,0,0.0,-0.01127937515183209
2022-04-10,42807.0,42275.0,43420.0,42041.0,14936318818.778025,803574629064.9272,-0.012248745491716142,1474.0714285714287,45549.625,44115.0,-1,0.0,43749.07142857143,0.0,43749.07142857143,0,0,-1,0.0,43749.07142857143,False,False,0.012248745491716142,0,0.0,0.012248745491716142
2022-04-11,42249.0,39604.0,42418.0,39444.0,30168665078.21043,752680814425.1921,-0.06526577152437575,1585.142857142857,45098.875,43644.625,-1,0.0,41189.142857142855,0.0,41189.142857142855,0,0,-1,0.0,41189.142857142855,False,False,0.06526577152437575,0,0.0,0.06526577152437575
2022-04-12,39553.0,40206.0,40660.0,39445.0,27804694935.48352,764314681923.3135,0.015086114958820547,1602.5,44485.875,42866.75,-1,0.0,41808.5,0.0,41189.142857142855,0,0,-1,0.0,41189.142857142855,False,False,-0.015086114958820547,0,0.0,-0.015086114958820547
2022-04-13,40101.0,41205.0,41444.0,39731.0,25453869985.971855,783560801481.9719,0.0245433699962583,1660.5714285714287,43716.0,42137.75,-1,0.0,42865.57142857143,0.0,41189.142857142855,0,1,0,0.0,41189.142857142855,False,False,-0.0255433699962583,1,0.001,-0.0245433699962583
2022-04-14,41232.0,39959.0,41523.0,39708.0,22744792147.00975,759703443634.6515,-0.030705679773150273,1639.857142857143,43011.875,41399.75,-1,0.0,41598.857142857145,0.0,41189.142857142855,0,1,0,0.0,41189.142857142855,False,False,-0.0,0,0.0,-0.0
2022-04-15,39994.0,40587.0,40709.0,39877.0,22053774554.17729,771666602547.5923,0.015593889847136319,1534.2142857142858,42507.125,40963.375,-1,0.0,42121.21428571428,0.0,41189.142857142855,0,0,-1,0.0,41189.142857142855,False,False,-0.001,1,0.001,0.0
2022-04-16,40592.0,40450.0,40676.0,40086.0,15777789210.238447,770439827829.2395,-0.0033811747848321604,1489.0714285714287,42112.125,40589.625,-1,0.0,41939.07142857143,0.0,41189.142857142855,0,0,-1,0.0,41189.142857142855,False,False,0.0033811747848321604,0,0.0,0.0033811747848321604
2022-04-17,40443.0,39739.0,40593.0,39659.0,16627779441.567648,755627152747.4514,-0.017733570260598193,1437.5714285714287,41707.125,40323.875,-1,0.0,41176.57142857143,0.0,41176.57142857143,0,0,-1,0.0,41176.57142857143,False,False,0.017733570260598193,0,0.0,0.017733570260598193
2022-04-18,39717.0,40834.0,40950.0,38780.0,30617039399.980103,776463403746.4385,0.027181994470105407,1482.4285714285713,41430.375,39998.875,-1,0.0,42316.42857142857,0.0,41176.57142857143,0,0,-1,0.0,41176.57142857143,False,False,-0.027181994470105407,0,0.0,-0.027181994470105407
2022-04-19,40833.0,41498.0,41653.0,40646.0,22717772925.289574,789141783336.2104,0.016130165590251436,1451.357142857143,41121.625,39591.25,1,40046.642857142855,0.0,40046.642857142855,0.0,0,0,1,40046.642857142855,0.0,True,False,-0.017130165590251437,1,0.001,-0.016130165590251436
2022-04-20,41468.0,41397.0,42142.0,40959.0,24937668255.073463,787437397453.9304,-0.0024368188667323347,1361.857142857143,41026.0,39741.5,1,40035.142857142855,0.0,40046.642857142855,0.0,0,0,1,40046.642857142855,0.0,False,False,-0.0024368188667323347,0,0.0,-0.0024368188667323347
2022-04-21,41384.0,40529.0,42859.0,39975.0,32131220615.550182,770787243369.5001,-0.021190647183363318,1496.2857142857142,41211.25,39930.75,1,39032.71428571428,0.0,40046.642857142855,0.0,0,0,1,40046.642857142855,0.0,False,False,-0.021190647183363318,0,0.0,-0.021190647183363318
2022-04-22,40432.0,39757.0,40776.0,39265.0,46022063018.95215,756144456297.8489,-0.01923184102878764,1482.5,41388.125,39961.25,-1,0.0,41239.5,0.0,41239.5,0,0,-1,0.0,41239.5,False,True,-0.02023184102878764,1,0.001,-0.01923184102878764
2022-04-23,39757.0,39562.0,39966.0,39347.0,15010797471.968071,752414150959.3553,-0.004916864631491924,1487.5714285714287,41294.75,39905.875,-1,0.0,41049.57142857143,0.0,41049.57142857143,0,0,-1,0.0,41049.57142857143,False,False,0.004916864631491924,0,0.0,0.004916864631491924
2022-04-24,39499.0,39643.0,39872.0,39299.0,16778683767.597218,752446283899.8965,0.00204532613440231,1430.0,41201.875,39839.625,-1,0.0,41073.0,0.0,41049.57142857143,0,0,-1,0.0,41049.57142857143,False,False,-0.00204532613440231,0,0.0,-0.00204532613440231
2022-04-25,39469.0,40111.0,40332.0,37715.0,32883645913.964718,770112436973.4149,0.011736223181435839,1404.5,41101.375,39741.25,-1,0.0,41515.5,0.0,41049.57142857143,0,0,-1,0.0,41049.57142857143,False,False,-0.011736223181435839,0,0.0,-0.011736223181435839
2022-04-26,40458.0,38179.0,40607.0,37472.0,31053018153.386673,725434540422.046,-0.04936498467854532,1541.642857142857,41068.75,39498.25,-1,0.0,39720.642857142855,0.0,39720.642857142855,0,0,-1,0.0,39720.642857142855,False,False,0.04936498467854532,0,0.0,0.04936498467854532
2022-04-27,38134.0,38595.0,39390.0,36902.0,28170490245.865635,746473028158.29,0.010837108170640302,1597.0,41025.875,39334.75,-1,0.0,40192.0,0.0,39720.642857142855,0,0,-1,0.0,39720.642857142855,False,False,-0.010837108170640302,0,0.0,-0.010837108170640302
2022-04-28,39224.0,39328.0,40184.0,37265.0,31484572271.03238,756090806420.8264,0.01881399898180703,1675.857142857143,40743.0,38866.75,-1,0.0,41003.857142857145,0.0,39720.642857142855,0,0,-1,0.0,39720.642857142855,False,False,-0.01881399898180703,0,0.0,-0.01881399898180703
2022-04-29,39742.0,38292.0,39847.0,37743.0,27758348826.409065,735829877665.6912,-0.0266957362995176,1766.7142857142858,40498.25,38405.0,-1,0.0,40058.71428571428,0.0,39720.642857142855,0,0,-1,0.0,39720.642857142855,False,False,0.0266957362995176,0,0.0,0.0266957362995176
2022-04-30,38651.0,38279.0,38756.0,37628.0,20955789685.355682,719611115951.2947,-0.00033955414255800907,1805.142857142857,40121.75,38126.0,-1,0.0,40084.142857142855,0.0,39720.642857142855,0,0,-1,0.0,39720.642857142855,False,False,0.00033955414255800907,0,0.0,0.00033955414255800907
2022-05-01,37821.0,38148.0,38582.0,37070.0,24857664487.014507,733294957352.5364,-0.0034281112248827892,1846.4285714285713,39869.25,37921.375,-1,0.0,39994.42857142857,0.0,39720.642857142855,0,0,-1,0.0,39720.642857142855,False,False,0.0034281112248827892,0,0.0,0.0034281112248827892
2022-05-02,38538.0,38034.0,39037.0,37693.0,29825308569.42226,733787526677.6703,-0.0029928351865816287,1787.4285714285713,39696.25,37636.75,-1,0.0,39821.42857142857,0.0,39720.642857142855,0,0,-1,0.0,39720.642857142855,False,False,0.0029928351865816287,0,0.0,0.0029928351865816287
2022-05-03,38562.0,37240.0,38600.0,36933.0,23070122642.32804,718542028695.8999,-0.02109704412121798,1834.5714285714287,39591.875,37436.0,-1,0.0,39074.57142857143,0.0,39074.57142857143,0,0,-1,0.0,39074.57142857143,False,False,0.02109704412121798,0,0.0,0.02109704412121798
2022-05-04,37758.0,39429.0,39875.0,37024.0,31748901527.20592,755764276888.7715,0.057118133759114564,1953.7142857142858,39375.375,37338.25,1,37475.28571428572,0.0,37475.28571428572,0.0,0,0,1,37475.28571428572,0.0,True,False,-0.058118133759114565,1,0.001,-0.057118133759114564
2022-05-05,39699.0,35933.0,39798.0,35654.0,37402043365.58407,696020943881.887,-0.09284549284206794,2043.7142857142858,39283.875,37282.25,-1,0.0,37976.71428571428,0.0,37976.71428571428,0,0,-1,0.0,37976.71428571428,False,True,-0.09384549284206795,1,0.001,-0.09284549284206794
2022-05-06,36612.0,35915.0,36612.0,35362.0,32223287014.454002,687093350325.4445,-0.0005010577991478987,2025.0714285714287,39334.875,37126.25,-1,0.0,37940.07142857143,0.0,37940.07142857143,0,0,-1,0.0,37940.07142857143,False,False,0.0005010577991478987,0,0.0,0.0005010577991478987
2022-05-07,36076.0,35371.0,36128.0,34693.0,19130720394.98043,678702448510.6605,-0.015262760161680098,2083.3571428571427,38888.375,36888.375,-1,0.0,37454.357142857145,0.0,37454.357142857145,0,0,-1,0.0,37454.357142857145,False,False,0.015262760161680098,0,0.0,0.015262760161680098
2022-05-08,35558.0,33889.0,35558.0,33616.0,30810576501.52256,648514321641.9902,-0.04280179741074289,2181.1428571428573,38423.5,36507.125,-1,0.0,36070.142857142855,0.0,36070.142857142855,0,0,-1,0.0,36070.142857142855,False,False,0.04280179741074289,0,0.0,0.04280179741074289
2022-05-09,34070.0,31193.0,34181.0,30404.0,58369928594.32748,576197842487.6378,-0.08289676728550403,2264.0,38023.75,36005.625,-1,0.0,33457.0,0.0,33457.0,0,0,-1,0.0,33457.0,False,False,0.08289676728550403,0,0.0,0.08289676728550403
2022-05-10,31169.0,30704.0,32375.0,29897.0,54071363210.08785,590644412746.6844,-0.015800771403493726,2217.0714285714284,37473.625,35172.375,-1,0.0,32921.07142857143,0.0,32921.07142857143,0,0,-1,0.0,32921.07142857143,False,False,0.015800771403493726,0,0.0,0.015800771403493726
2022-05-11,31027.0,28237.0,31949.0,27805.0,65985702701.50493,549294001873.1765,-0.0837597645779702,2335.3571428571427,36640.875,34197.875,-1,0.0,30572.35714285714,0.0,30572.35714285714,0,0,-1,0.0,30572.35714285714,False,False,0.0837597645779702,0,0.0,0.0837597645779702
2022-05-12,29132.0,28972.0,29955.0,26379.0,61338080283.57989,555266177876.6213,0.025696671645705625,2382.285714285714,35809.5,33056.875,-1,0.0,31354.285714285714,0.0,30572.35714285714,0,0,-1,0.0,30572.35714285714,False,False,-0.025696671645705625,0,0.0,-0.025696671645705625
2022-05-13,29126.0,29585.0,30879.0,28677.0,71541696924.39926,558053182541.2809,0.020937629795577818,2389.285714285714,34569.5,31726.25,-1,0.0,31974.285714285714,0.0,30572.35714285714,0,0,-1,0.0,30572.35714285714,False,False,-0.020937629795577818,0,0.0,-0.020937629795577818
2022-05-14,29363.0,29921.0,30077.0,28253.0,25759546763.688618,573777699744.01,0.011293098878994238,2439.0,33454.625,30854.125,-1,0.0,32360.0,0.0,30572.35714285714,0,0,-1,0.0,30572.35714285714,False,False,-0.011293098878994238,0,0.0,-0.011293098878994238
2022-05-15,30186.0,31121.0,31172.0,28619.0,22948123704.172672,596346266888.6597,0.039322257462356215,2513.3571428571427,32637.75,29965.5,-1,0.0,33634.357142857145,0.0,30572.35714285714,0,1,0,0.0,30572.35714285714,False,False,-0.040322257462356216,1,0.001,-0.039322257462356215
2022-05-16,31319.0,29686.0,31319.0,28817.0,28418179221.125336,569801943005.2971,-0.047207278267434725,2596.0714285714284,32018.25,29206.25,-1,0.0,32282.071428571428,0.0,30572.35714285714,0,1,0,0.0,30572.35714285714,False,False,-0.0,0,0.0,-0.0
2022-05-17,29924.0,29956.0,30684.0,29245.0,24964703223.57502,581272773175.8237,0.009054084184547404,2579.785714285714,31488.375,28606.375,-1,0.0,32535.785714285714,0.0,30572.35714285714,0,0,-1,0.0,30572.35714285714,False,False,-0.001,1,0.001,0.0
2022-05-18,30502.0,28744.0,30535.0,28392.0,26219431165.241817,547927169401.20306,-0.04130058857590306,2529.214285714286,31051.25,28461.5,-1,0.0,31273.214285714286,0.0,30572.35714285714,0,0,-1,0.0,30572.35714285714,False,False,0.04130058857590306,0,0.0,0.04130058857590306
2022-05-19,28772.0,30139.0,30472.0,28018.0,29190056577.430664,578678245847.8763,0.04739096433638129,2408.5,30821.25,28273.375,-1,0.0,32547.5,0.0,30572.35714285714,0,0,-1,0.0,30572.35714285714,False,False,-0.04739096433638129,0,0.0,-0.04739096433638129
2022-05-20,30289.0,29153.0,30498.0,28307.0,25980877919.56809,557201657280.7389,-0.03326219069460829,2475.714285714286,30636.625,28300.0,-1,0.0,31628.714285714286,0.0,30572.35714285714,0,0,-1,0.0,30572.35714285714,False,False,0.03326219069460829,0,0.0,0.03326219069460829
2022-05-21,29257.0,29302.0,29587.0,28606.0,13561006428.368963,561696351558.8424,0.00509794962613069,2443.285714285714,30704.5,28541.0,-1,0.0,31745.285714285714,0.0,30572.35714285714,0,0,-1,0.0,30572.35714285714,False,False,-0.00509794962613069,0,0.0,-0.00509794962613069
2022-05-22,29492.0,30178.0,30342.0,28762.0,17199930154.801018,578090387085.146,0.029457409012338332,2417.4285714285716,30543.0,28532.125,-1,0.0,32595.428571428572,0.0,30572.35714285714,0,0,-1,0.0,30572.35714285714,False,False,-0.029457409012338332,0,0.0,-0.029457409012338332
2022-05-24,29396.0,29655.0,29785.0,28716.0,23486436836.56051,564885248021.9939,-0.017482436800769722,2252.0714285714284,30576.125,28595.75,-1,0.0,31907.071428571428,0.0,30572.35714285714,0,0,-1,0.0,30572.35714285714,False,False,0.017482436800769722,0,0.0,0.017482436800769722
2022-05-25,29647.0,29585.0,30173.0,29399.0,23108764916.206596,563577022957.9133,-0.002363269162032516,2130.3571428571427,30402.75,28607.875,-1,0.0,31715.35714285714,0.0,30572.35714285714,0,0,-1,0.0,30572.35714285714,False,False,0.002363269162032516,0,0.0,0.002363269162032516
2022-05-26,29573.0,29347.0,29864.0,28412.0,31972044691.709656,559066076343.6685,-0.00807714972959198,1938.0714285714287,30259.5,28680.625,-1,0.0,31285.071428571428,0.0,30572.35714285714,0,0,-1,0.0,30572.35714285714,False,False,0.00807714972959198,0,0.0,0.00807714972959198
2022-05-27,29349.0,28647.0,29353.0,28327.0,31756305901.005535,545752899521.8662,-0.02414160076289022,1755.9285714285713,30157.0,28576.5,-1,0.0,30402.928571428572,0.0,30402.928571428572,0,0,-1,0.0,30402.928571428572,False,False,0.02414160076289022,0,0.0,0.02414160076289022
2022-05-28,28646.0,29088.0,29132.0,28606.0,15406515372.711676,554938694217.2793,0.015276992358893262,1636.2142857142858,30009.25,28568.375,-1,0.0,30724.214285714286,0.0,30402.928571428572,0,0,-1,0.0,30402.928571428572,False,False,-0.015276992358893262,0,0.0,-0.015276992358893262
2022-05-29,29082.0,29493.0,29520.0,28907.0,14496111397.934435,561771345708.952,0.013827229057828582,1549.7142857142858,29841.75,28641.875,-1,0.0,31042.714285714286,0.0,30402.928571428572,0,0,-1,0.0,30402.928571428572,False,False,-0.013827229057828582,0,0.0,-0.013827229057828582
2022-05-30,29497.0,31741.0,31879.0,29354.0,34891305294.623,604926607440.7722,0.07345627353520033,1547.7142857142858,29719.5,28716.875,1,30193.285714285714,0.0,30193.285714285714,0.0,0,0,1,30193.285714285714,0.0,True,False,-0.07445627353520033,1,0.001,-0.07345627353520033
2022-05-31,31737.0,31866.0,32227.0,31319.0,29770567353.488136,607393396318.7885,0.003930390080219918,1433.857142857143,30006.0,28810.375,1,30432.14285714286,0.0,30432.14285714286,0.0,0,0,1,30432.14285714286,0.0,False,False,0.003930390080219918,0,0.0,0.003930390080219918
2022-06-01,31814.0,29833.0,31982.0,29441.0,35553330791.53566,569001624438.0176,-0.06592444730239518,1512.5714285714287,30241.625,29130.0,1,28320.428571428572,0.0,30432.14285714286,0.0,1,0,0,30432.14285714286,0.0,False,False,-0.06692444730239518,1,0.001,-0.06592444730239518
2022-06-02,29822.0,30481.0,30624.0,29667.0,24232399986.261147,580863150152.0535,0.021488375313289954,1427.857142857143,30516.25,29220.625,1,29053.14285714286,0.0,30432.14285714286,0.0,1,0,0,30432.14285714286,0.0,False,False,0.0,0,0.0,0.0
2022-06-03,30447.0,29714.0,30636.0,29400.0,21997859590.66833,566275595800.1772,-0.025485223464050726,1340.857142857143,30572.625,29254.125,1,28373.14285714286,0.0,30432.14285714286,0.0,1,0,0,30432.14285714286,0.0,False,False,-0.0,0,0.0,-0.0
2022-06-04,29704.0,29872.0,29941.0,29518.0,12911383481.843807,568340135127.331,0.005303271584205521,1214.5714285714287,30669.125,29377.625,1,28657.428571428572,0.0,30432.14285714286,0.0,1,0,0,30432.14285714286,0.0,False,False,0.0,0,0.0,0.0
2022-06-05,29858.0,29918.0,30134.0,29610.0,13395229055.412352,570209935092.4275,0.0015387191529024728,1181.9285714285713,30742.625,29526.5,1,28736.071428571428,0.0,30432.14285714286,0.0,1,0,0,30432.14285714286,0.0,False,False,0.0,0,0.0,0.0
2022-06-06,29919.0,31373.0,31680.0,29919.0,27644798123.298183,597966736176.5532,0.047487344447958414,1194.9285714285713,30867.875,29652.0,1,30178.071428571428,0.0,30432.14285714286,0.0,1,0,0,30432.14285714286,0.0,False,False,0.0,0,0.0,0.0
2022-06-07,31343.0,31265.0,31523.0,29315.0,36111325508.04181,597205650752.5386,-0.0034483893809662985,1248.2142857142858,31137.875,29778.5,1,30016.785714285714,0.0,30432.14285714286,0.0,0,0,1,30432.14285714286,0.0,False,False,-0.001,1,0.001,-0.0
2022-06-08,31233.0,30229.0,31263.0,29975.0,27080284928.564884,576238781341.3682,-0.033697532497171,1285.0714285714287,31093.375,29773.625,1,28943.928571428572,0.0,30432.14285714286,0.0,1,0,0,30432.14285714286,0.0,False,False,-0.034697532497171,1,0.001,-0.033697532497171
2022-06-09,30234.0,30101.0,30610.0,29981.0,18871591862.340336,573819802894.6453,-0.004243334727756188,1226.2857142857142,30972.875,29605.625,1,28874.714285714286,0.0,30432.14285714286,0.0,1,0,0,30432.14285714286,0.0,False,False,-0.0,0,0.0,-0.0
2022-06-10,30097.0,29101.0,30266.0,28943.0,25663085729.428833,554622874799.0432,-0.03378585594615656,1247.5,30801.375,29673.125,-1,0.0,30348.5,0.0,30348.5,0,0,-1,0.0,30348.5,False,True,-0.001,1,0.001,-0.0
2022-06-11,29100.0,28374.0,29406.0,28314.0,22518366769.839092,540789214973.6274,-0.025299304958383804,1287.9285714285713,30756.625,29582.625,-1,0.0,29661.928571428572,0.0,29661.928571428572,0,0,-1,0.0,29661.928571428572,False,False,0.025299304958383804,0,0.0,0.025299304958383804
2022-06-12,28432.0,26767.0,28552.0,26767.0,29834061115.62461,514202090511.0678,-0.05830344738260464,1371.642857142857,30602.875,29446.875,-1,0.0,28138.64285714286,0.0,28138.64285714286,0,0,-1,0.0,28138.64285714286,False,False,0.05830344738260464,0,0.0,0.05830344738260464
2022-06-13,26628.0,22526.0,26795.0,22113.0,64852526179.382835,429492202561.014,-0.17249958788168432,1525.7142857142858,30429.25,29103.0,-1,0.0,24051.714285714286,0.0,24051.714285714286,0,0,-1,0.0,24051.714285714286,False,False,0.17249958788168432,0,0.0,0.17249958788168432
2022-06-14,22501.0,22245.0,23014.0,21047.0,47639470967.891426,423044474596.5387,-0.012552933367499661,1601.357142857143,30011.875,28165.875,-1,0.0,23846.35714285714,0.0,23846.35714285714,0,0,-1,0.0,23846.35714285714,False,False,0.012552933367499661,0,0.0,0.012552933367499661
2022-06-15,22223.0,22529.0,22665.0,20193.0,52027211446.51121,429887916884.8431,0.012686103937000644,1596.4285714285713,28928.625,27056.875,-1,0.0,24125.428571428572,0.0,23846.35714285714,0,0,-1,0.0,23846.35714285714,False,False,-0.012686103937000644,0,0.0,-0.012686103937000644
2022-06-16,22584.0,20409.0,22836.0,20283.0,27449277945.59262,389181727345.57733,-0.09882738816397241,1710.4285714285713,27821.375,25916.625,-1,0.0,22119.428571428572,0.0,22119.428571428572,0,0,-1,0.0,22119.428571428572,False,False,0.09882738816397241,0,0.0,0.09882738816397241
2022-06-17,20378.0,20473.0,21238.0,20300.0,24232922585.240158,391441740414.39136,0.003130964839408074,1689.142857142857,26768.0,24705.125,-1,0.0,22162.14285714286,0.0,22119.428571428572,0,0,-1,0.0,22119.428571428572,False,False,-0.003130964839408074,0,0.0,-0.003130964839408074
2022-06-18,20470.0,19047.42,20748.0,17677.43,38920632524.1614,362303884192.0101,-0.07217528554048436,1878.2549999999999,25596.5,23495.0,-1,0.0,20925.675,0.0,20925.675,0,0,-1,0.0,20925.675,False,False,0.07217528554048436,0,0.0,0.07217528554048436
2022-06-19,19032.4,20516.0,20710.0,18043.27,32488136325.883087,390555374756.5322,0.07427341019706481,2031.3071428571427,24406.75,22086.80375,-1,0.0,22547.307142857142,0.0,20925.675,0,0,-1,0.0,20925.675,False,False,-0.07427341019706481,0,0.0,-0.07427341019706481
2022-06-20,20553.0,20637.0,20903.0,19723.65,28346447996.779846,392793374515.9921,0.005880511684964813,1989.6892857142855,23319.75,20802.9625,-1,0.0,22626.689285714285,0.0,20925.675,0,0,-1,0.0,20925.675,False,False,-0.005880511684964813,0,0.0,-0.005880511684964813
2022-06-21,20620.0,20701.0,21660.0,20416.0,25340643362.789,395059669321.2376,0.003096427071229776,1920.8321428571428,22363.625,19922.54375,-1,0.0,22621.832142857143,0.0,20925.675,0,0,-1,0.0,20925.675,False,False,-0.003096427071229776,0,0.0,-0.003096427071229776
2022-06-22,20698.0,19983.57,20844.0,19821.82,24955466738.110855,381616262301.266,-0.03527157234526434,1901.7021428571427,21721.75,19710.41875,-1,0.0,21885.272142857142,0.0,20925.675,0,0,-1,0.0,20925.675,False,False,0.03527157234526434,0,0.0,0.03527157234526434
2022-06-23,19976.54,21100.0,21124.0,19976.54,23655104386.978516,402495826231.42053,0.0543626045440685,1938.735,21450.5,19557.27125,-1,0.0,23038.735,0.0,20925.675,0,1,0,0.0,20925.675,False,False,-0.0553626045440685,1,0.001,-0.0543626045440685
2022-06-24,21099.0,21263.0,21452.0,20772.0,21955656695.748722,407086114490.3726,0.007695432542543651,1892.8064285714283,21257.875,19530.21375,1,19370.193571428572,0.0,19370.193571428572,0.0,0,0,1,19370.193571428572,0.0,True,False,-0.001,1,0.001,0.0
2022-06-25,21275.0,21526.0,21526.0,20972.0,16152442749.306295,410110791491.05475,0.012293033817542145,1854.377857142857,21084.875,19591.33875,1,19671.622142857144,0.0,19671.622142857144,0.0,0,0,1,19671.622142857144,0.0,False,False,0.012293033817542145,0,0.0,0.012293033817542145
2022-06-26,21506.0,21053.0,21782.0,21035.0,15392697878.417652,401645800330.4072,-0.02221843905368818,1780.235,21120.875,19675.33875,1,19272.765,0.0,19671.622142857144,0.0,0,0,1,19671.622142857144,0.0,False,False,-0.02221843905368818,0,0.0,-0.02221843905368818
2022-06-27,21055.0,20751.0,21481.0,20698.0,17719011287.9831,395914576106.05786,-0.01444862950186096,1501.735,21250.125,20095.035,1,19249.265,0.0,19671.622142857144,0.0,0,0,1,19671.622142857144,0.0,False,False,-0.01444862950186096,0,0.0,-0.01444862950186096
2022-06-28,20759.0,20283.0,21195.0,20250.0,18161209601.432373,386606940573.39575,-0.022811341509906793,1428.735,21346.5,20426.876249999998,-1,0.0,21711.735,0.0,21711.735,0,0,-1,0.0,21711.735,False,True,-0.023811341509906794,1,0.001,-0.022811341509906793
2022-06-29,20271.0,20109.0,20392.0,19954.04,20744333507.35517,384067866465.5609,-0.008615620732720222,1283.4464285714282,21383.0,20492.67,-1,0.0,21392.446428571428,0.0,21392.446428571428,0,0,-1,0.0,21392.446428571428,False,False,0.008615620732720222,0,0.0,0.008615620732720222
2022-06-30,20122.0,19608.4,20146.0,18782.75,22816515394.911003,365984224323.45276,-0.025209430189391313,1198.4642857142856,21224.5,20434.925,-1,0.0,20806.864285714288,0.0,20806.864285714288,0,0,-1,0.0,20806.864285714288,False,False,0.025209430189391313,0,0.0,0.025209430189391313
2022-07-01,19627.97,19407.45,20537.0,19100.51,28756781114.699898,370916529918.7163,-0.01030103288374559,1234.070714285714,21137.25,20305.04125,-1,0.0,20641.520714285714,0.0,20641.520714285714,0,0,-1,0.0,20641.520714285714,False,False,0.01030103288374559,0,0.0,0.01030103288374559
2022-07-02,19314.61,19268.23,19381.38,19059.83,15601715000.679424,367706689137.568,-0.007199387383882534,1039.5742857142855,21063.875,20195.537500000002,-1,0.0,20307.804285714286,0.0,20307.804285714286,0,0,-1,0.0,20307.804285714286,False,False,0.007199387383882534,0,0.0,0.007199387383882534
2022-07-03,19261.55,19310.23,19548.78,19006.55,13976969844.332441,368549364135.05225,0.0021773817095586193,887.8242857142856,20805.0475,19981.51625,-1,0.0,20198.054285714286,0.0,20198.054285714286,0,0,-1,0.0,20198.054285714286,False,False,-0.0021773817095586193,0,0.0,-0.0021773817095586193
2022-07-04,19317.45,20257.0,20281.0,19103.53,18634860046.37241,386425176262.77844,0.0478654055351999,887.6899999999999,20557.895,19735.835000000003,-1,0.0,21144.69,0.0,20198.054285714286,0,1,0,0.0,20198.054285714286,False,False,-0.0488654055351999,1,0.001,-0.0478654055351999
2022-07-05,20250.0,20189.0,20630.0,19359.81,23623270105.54542,385301783065.72974,-0.003362511203582525,889.5607142857142,20370.27,19494.401250000003,-1,0.0,21078.560714285715,0.0,20198.054285714286,0,1,0,0.0,20198.054285714286,False,False,-0.0,0,0.0,-0.0
2022-07-06,20188.0,20567.0,20612.0,19798.69,21755499642.28282,392479833070.6018,0.01854994793923578,874.6414285714285,20263.895,19327.127500000002,1,19692.358571428573,0.0,19692.358571428573,0.0,0,0,1,19692.358571428573,0.0,True,False,-0.001,1,0.001,0.0
2022-07-07,20568.0,21661.0,21791.0,20297.0,21927087503.433758,414055638573.8548,0.05182555899151853,899.3942857142857,20191.02,19270.713750000003,1,20761.605714285713,0.0,20761.605714285713,0.0,0,0,1,20761.605714285713,0.0,False,False,0.05182555899151853,0,0.0,0.05182555899151853
2022-07-08,21641.0,21859.0,22289.0,21251.0,46645398900.96298,417690286504.50726,0.009099327489024237,924.9657142857143,20365.895,19313.58375,1,20934.034285714286,0.0,20934.034285714286,0.0,0,0,1,20934.034285714286,0.0,False,False,0.009099327489024237,0,0.0,0.009099327489024237
2022-07-09,21767.0,21590.0,21889.0,21382.0,26211587451.783283,412459838738.2113,-0.012382491521149298,921.6085714285715,20633.77,19622.115,1,20668.391428571427,0.0,20934.034285714286,0.0,0,0,1,20934.034285714286,0.0,False,False,-0.012382491521149298,0,0.0,-0.012382491521149298
2022-07-10,21600.0,20860.0,21600.0,20710.0,25037950754.003357,398249545888.6735,-0.03439679495408958,931.8228571428572,20802.77,19907.30125,1,19928.177142857145,0.0,20934.034285714286,0.0,1,0,0,20934.034285714286,0.0,False,False,-0.03539679495408958,1,0.001,-0.03439679495408958
2022-07-11,20867.0,19998.47,20867.0,19988.71,21319467248.801025,382000290322.39886,-0.04217767894490961,938.6292857142859,21080.0975,20113.572500000002,-1,0.0,20937.09928571429,0.0,20937.09928571429,0,0,-1,0.0,20937.09928571429,False,True,-0.001,1,0.001,-0.0
2022-07-12,19961.63,19350.74,20051.0,19350.74,22074971578.2899,370191767290.5106,-0.032925108989109914,921.1478571428571,21244.875,20236.3425,-1,0.0,20271.887857142858,0.0,20271.887857142858,0,0,-1,0.0,20271.887857142858,False,False,0.032925108989109914,0,0.0,0.032925108989109914
2022-07-13,19367.81,20225.0,20356.0,19044.67,28560004360.902916,385462566548.9708,0.044188801305948405,983.5314285714287,21216.125,20267.243749999998,-1,0.0,21208.53142857143,0.0,20271.887857142858,0,0,-1,0.0,20271.887857142858,False,False,-0.044188801305948405,0,0.0,-0.044188801305948405
2022-07-14,20271.0,20575.0,20752.0,19707.7,28732413536.669937,393104346702.71136,0.01715728361857813,960.7492857142859,21181.875,20227.85125,-1,0.0,21535.749285714286,0.0,20271.887857142858,0,1,0,0.0,20271.887857142858,False,False,-0.01815728361857813,1,0.001,-0.01715728361857813
2022-07-15,20595.0,20795.0,21148.0,20392.0,46542248374.33238,397285233065.65533,0.010635826631741594,912.1428571428571,21199.375,20216.477499999997,-1,0.0,21707.14285714286,0.0,20271.887857142858,0,1,0,0.0,20271.887857142858,False,False,0.0,0,0.0,0.0
2022-07-16,20844.0,21193.0,21475.0,20523.0,42051101694.797554,404705642580.89075,0.018958365279561965,955.3128571428572,21119.0,20228.352499999997,1,20237.687142857143,0.0,20237.687142857143,0.0,0,0,1,20237.687142857143,0.0,True,False,-0.001,1,0.001,0.0
2022-07-17,21176.0,20824.0,21576.0,20815.0,29615794461.49923,397660610560.5498,-0.01756477078217274,970.9392857142858,21017.25,20137.352499999997,1,19853.060714285715,0.0,20237.687142857143,0.0,0,0,1,20237.687142857143,0.0,False,False,-0.01756477078217274,0,0.0,-0.01756477078217274
2022-07-18,20803.0,22395.0,22459.0,20803.0,58636734705.48306,425756736660.6174,0.07273155196699921,1005.12,20978.125,20066.477499999997,1,21389.88,0.0,21389.88,0.0,0,0,1,21389.88,0.0,False,False,0.07273155196699921,0,0.0,0.07273155196699921
2022-07-19,22441.0,23367.0,23655.0,21746.0,57338223361.51413,445889013251.1064,0.042487050946657695,1050.7492857142859,21085.5,20078.102499999997,1,22316.250714285714,0.0,22316.250714285714,0.0,0,0,1,22316.250714285714,0.0,False,False,0.042487050946657695,0,0.0,0.042487050946657695
2022-07-20,23359.0,23313.0,24189.0,22993.0,40775718993.79776,446130012149.91077,-0.002313625710706295,1078.0842857142857,21434.0,20297.76375,1,22234.915714285715,0.0,22316.250714285714,0.0,0,0,1,22316.250714285714,0.0,False,False,-0.002313625710706295,0,0.0,-0.002313625710706295
2022-07-21,23217.0,23155.0,23366.0,22465.0,63224249257.511284,442379611364.02734,-0.00680040496249961,1035.7271428571428,21951.25,20753.04625,1,22119.272857142856,0.0,22316.250714285714,0.0,0,0,1,22316.250714285714,0.0,False,False,-0.00680040496249961,0,0.0,-0.00680040496249961
2022-07-22,23142.0,22697.0,23668.0,22620.0,40304373301.41499,433485926857.3929,-0.019977982769382643,1036.4414285714286,22327.5,21180.587499999998,1,21660.55857142857,0.0,22316.250714285714,0.0,0,0,1,22316.250714285714,0.0,False,False,-0.019977982769382643,0,0.0,-0.019977982769382643
2022-07-23,22700.0,22506.0,22976.0,22048.0,42519262113.1533,429803379587.55133,-0.008450816835527288,1066.5128571428572,22692.0,21544.625,1,21439.487142857142,0.0,22316.250714285714,0.0,0,0,1,22316.250714285714,0.0,False,False,-0.008450816835527288,0,0.0,-0.008450816835527288
2022-07-24,22484.0,22614.0,22967.0,22334.0,33108916659.05373,433819662321.5266,0.004787243185248051,1048.1557142857143,22920.5,21751.625,1,21565.844285714287,0.0,22316.250714285714,0.0,0,0,1,22316.250714285714,0.0,False,False,0.004787243185248051,0,0.0,0.004787243185248051
2022-07-25,22606.0,21330.0,22628.0,21330.0,42667548128.932236,407480099599.8142,-0.05845465102979416,1078.135,23107.0,21978.0,-1,0.0,22408.135,0.0,22408.135,0,0,-1,0.0,22408.135,False,True,-0.05945465102979416,1,0.001,-0.05845465102979416
2022-07-26,21319.0,21236.0,21321.0,20772.0,53995620035.18145,405692421501.52716,-0.004416677761834127,1067.9735714285714,23238.5,22042.375,-1,0.0,22303.97357142857,0.0,22303.97357142857,0,0,-1,0.0,22303.97357142857,False,False,0.004416677761834127,0,0.0,0.004416677761834127
2022-07-27,21223.0,22909.0,23001.0,21071.0,54498281944.45157,437193517021.8447,0.07583199172978582,1112.1642857142856,23096.25,22038.5,-1,0.0,24021.164285714287,0.0,22303.97357142857,0,1,0,0.0,22303.97357142857,False,False,-0.07683199172978582,1,0.001,-0.07583199172978582
2022-07-28,22946.0,23822.0,24161.0,22749.0,55609627980.6571,454806622614.75885,0.03907967700749818,1138.4285714285713,23014.5,21954.125,1,22683.571428571428,0.0,22683.571428571428,0.0,0,0,1,22683.571428571428,0.0,True,False,-0.001,1,0.001,0.0
2022-07-29,23849.0,23848.0,24163.0,23466.0,41089335195.63975,459609388579.5554,0.0010908329170612376,1134.2142857142858,23011.0,21923.625,1,22713.785714285714,0.0,22713.785714285714,0.0,0,0,1,22713.785714285714,0.0,False,False,0.0010908329170612376,0,0.0,0.0010908329170612376
2022-07-30,23858.0,23653.0,24605.0,23619.0,62102072346.807785,451726702392.36206,-0.008210399588304083,1136.642857142857,23110.625,22048.75,1,22516.35714285714,0.0,22713.785714285714,0.0,0,0,1,22713.785714285714,0.0,False,False,-0.008210399588304083,0,0.0,-0.008210399588304083
2022-07-31,23644.0,23380.0,24082.0,23289.0,31786729326.443203,447051019373.1847,-0.01160900074354386,1138.9285714285713,23227.75,22173.625,1,22241.071428571428,0.0,22713.785714285714,0.0,0,0,1,22713.785714285714,0.0,False,False,-0.01160900074354386,0,0.0,-0.01160900074354386
2022-08-01,23345.0,23334.0,23467.0,22898.0,44489771146.510735,445958949620.3002,-0.0019694316422571388,1061.2857142857142,23366.0,22328.75,1,22272.714285714286,0.0,22713.785714285714,0.0,0,0,1,22713.785714285714,0.0,False,False,-0.0019694316422571388,0,0.0,-0.0019694316422571388
2022-08-02,23304.0,23054.0,23422.0,22729.0,35151096516.75639,440954684720.7478,-0.012072234222844458,974.4285714285714,23428.5,22399.25,1,22079.571428571428,0.0,22713.785714285714,0.0,0,0,1,22713.785714285714,0.0,False,False,-0.012072234222844458,0,0.0,-0.012072234222844458
2022-08-03,23053.0,22860.0,23631.0,22774.0,41334593234.075066,437035641450.2815,-0.008450631812156268,950.2142857142857,23527.75,22574.125,1,21909.785714285714,0.0,22713.785714285714,0.0,0,0,1,22713.785714285714,0.0,False,False,-0.008450631812156268,0,0.0,-0.008450631812156268
2022-08-04,22853.0,22678.0,23212.0,22515.0,23624874220.429745,432420621055.8012,-0.007993366817016529,935.6428571428571,23816.5,22824.375,-1,0.0,23613.64285714286,0.0,23613.64285714286,0,0,-1,0.0,23613.64285714286,False,True,-0.00899336681701653,1,0.001,-0.007993366817016529
2022-08-05,22671.0,23225.0,23433.0,22658.0,27040190909.828075,443821669890.4801,0.023833993150254088,916.1428571428571,23842.875,23004.875,-1,0.0,24141.14285714286,0.0,23613.64285714286,0,0,-1,0.0,23613.64285714286,False,False,-0.023833993150254088,0,0.0,-0.023833993150254088
2022-08-06,23271.0,22985.0,23322.0,22985.0,14439694271.14074,439414782173.18774,-0.010387455441710868,873.9285714285714,23751.875,22993.5,-1,0.0,23858.928571428572,0.0,23613.64285714286,0,0,-1,0.0,23613.64285714286,False,False,0.010387455441710868,0,0.0,0.010387455441710868
2022-08-07,22981.0,23198.0,23341.0,22927.0,14324042469.270954,442979379284.1196,0.009224238801493269,858.2857142857143,23646.75,22933.375,-1,0.0,24056.285714285714,0.0,23613.64285714286,0,0,-1,0.0,23613.64285714286,False,False,-0.009224238801493269,0,0.0,-0.009224238801493269
2022-08-08,23205.0,23824.0,24214.0,23202.0,27756736787.028625,455450642522.25543,0.02662740788196876,838.1428571428571,23488.75,22846.875,1,22985.85714285714,0.0,22985.85714285714,0.0,0,0,1,22985.85714285714,0.0,True,False,-0.02762740788196876,1,0.001,-0.02662740788196876
2022-08-09,23849.0,23204.0,23935.0,22961.0,29738069337.77638,443382534834.6949,-0.026368798337835255,867.8571428571429,23505.25,22836.0,1,22336.14285714286,0.0,22985.85714285714,0.0,0,0,1,22985.85714285714,0.0,False,False,-0.026368798337835255,0,0.0,-0.026368798337835255
2022-08-10,23119.0,23949.0,24206.0,22782.0,32215976525.650154,457270455537.3291,0.03160189172795371,831.7142857142857,23563.75,22843.875,1,23117.285714285714,0.0,23117.285714285714,0.0,0,0,1,23117.285714285714,0.0,False,False,0.03160189172795371,0,0.0,0.03160189172795371
2022-08-11,23956.0,23949.0,24931.0,23896.0,33892871243.716595,458070674127.7904,0.0,804.7857142857143,23661.75,22850.5,1,23144.214285714286,0.0,23144.214285714286,0.0,0,0,1,23144.214285714286,0.0,False,False,0.0,0,0.0,0.0
2022-08-12,23951.0,24411.0,24434.0,23674.0,25195193357.103275,466765701334.6809,0.019107281050858294,809.2857142857143,23824.25,22990.75,1,23601.714285714286,0.0,23601.714285714286,0.0,0,0,1,23601.714285714286,0.0,False,False,0.019107281050858294,0,0.0,0.019107281050858294
2022-08-13,24402.0,24434.0,24883.0,24383.0,22240559959.522095,467078368768.6749,0.0009417545992382664,774.5714285714286,23977.0,23135.625,1,23659.428571428572,0.0,23659.428571428572,0.0,0,0,1,23659.428571428572,0.0,False,False,0.0009417545992382664,0,0.0,0.0009417545992382664
2022-08-14,24439.0,24313.0,24988.0,24239.0,21287616855.704494,464896345363.0234,-0.004964418261971876,771.4285714285714,24158.25,23351.25,1,23541.571428571428,0.0,23659.428571428572,0.0,0,0,1,23659.428571428572,0.0,False,False,-0.004964418261971876,0,0.0,-0.004964418261971876
2022-08-15,24366.0,24179.0,25093.0,23848.0,33404812507.80541,462437221425.1544,-0.005526698881422332,819.7142857142857,24366.5,23508.0,1,23359.285714285714,0.0,23659.428571428572,0.0,0,0,1,23659.428571428572,0.0,False,False,-0.005526698881422332,0,0.0,-0.005526698881422332
2022-08-16,24146.0,23913.0,24239.0,23724.0,24971300201.368164,456791042838.03827,-0.011062243724578058,807.0,24585.5,23623.125,1,23106.0,0.0,23659.428571428572,0.0,0,0,1,23659.428571428572,0.0,False,False,-0.011062243724578058,0,0.0,-0.011062243724578058
2022-08-17,23898.0,23359.0,24439.0,23277.0,29567403252.00121,447015816173.3428,-0.023439895289345602,828.7857142857143,24588.625,23688.375,-1,0.0,24187.785714285714,0.0,24187.785714285714,0,0,-1,0.0,24187.785714285714,False,True,-0.024439895289345603,1,0.001,-0.023439895289345602
2022-08-18,23373.0,23248.0,23591.0,23134.0,20228208349.156567,444845955425.38696,-0.004763241996623151,811.6428571428571,24651.625,23727.875,-1,0.0,24059.64285714286,0.0,24059.64285714286,0,0,-1,0.0,24059.64285714286,False,False,0.004763241996623151,0,0.0,0.004763241996623151
2022-08-19,23246.0,20946.0,23246.0,20925.0,35142410593.122185,400810425580.64777,-0.10427140947697312,922.2142857142857,24574.75,23771.875,-1,0.0,21868.214285714286,0.0,21868.214285714286,0,0,-1,0.0,21868.214285714286,False,False,0.10427140947697312,0,0.0,0.10427140947697312
2022-08-20,20849.0,21175.0,21354.0,20849.0,23809679190.922188,404924875533.8922,0.01087354318716417,934.2142857142857,24364.125,23400.5,-1,0.0,22109.214285714286,0.0,21868.214285714286,0,0,-1,0.0,21868.214285714286,False,False,-0.01087354318716417,0,0.0,-0.01087354318716417
2022-08-21,21157.0,21616.0,21665.0,21127.0,20476237108.351532,413578924865.8514,0.020612540679724945,943.0714285714286,23979.125,23047.375,-1,0.0,22559.071428571428,0.0,21868.214285714286,0,0,-1,0.0,21868.214285714286,False,False,-0.020612540679724945,0,0.0,-0.020612540679724945
2022-08-22,21546.0,21388.0,21553.0,20961.0,28856912427.175735,408409110509.79584,-0.010603764131357885,917.2857142857143,23576.875,22640.375,-1,0.0,22305.285714285714,0.0,21868.214285714286,0,0,-1,0.0,21868.214285714286,False,False,0.010603764131357885,0,0.0,0.010603764131357885
2022-08-23,21404.0,21562.0,21618.0,20955.0,29331102121.793316,412338357271.39594,0.008102489030441003,895.0714285714286,23147.5,22230.625,-1,0.0,22457.071428571428,0.0,21868.214285714286,0,0,-1,0.0,21868.214285714286,False,False,-0.008102489030441003,0,0.0,-0.008102489030441003
2022-08-24,21553.0,21395.0,21800.0,21211.0,26855905243.361156,409503007623.01685,-0.007775256248145978,835.4285714285714,22713.125,21869.0,-1,0.0,22230.428571428572,0.0,21868.214285714286,0,0,-1,0.0,21868.214285714286,False,False,0.007775256248145978,0,0.0,0.007775256248145978
2022-08-25,21393.0,21618.0,21768.0,21375.0,26767966536.315014,413843488595.5175,0.01036905112523105,789.5714285714286,22408.25,21554.875,-1,0.0,22407.571428571428,0.0,21868.214285714286,0,0,-1,0.0,21868.214285714286,False,False,-0.01036905112523105,0,0.0,-0.01036905112523105
2022-08-26,21599.0,20271.0,21817.0,20245.0,34910727805.04114,387215087166.7839,-0.064335007755864,847.5714285714286,22074.375,21317.125,-1,0.0,21118.571428571428,0.0,21118.571428571428,0,0,-1,0.0,21118.571428571428,False,False,0.064335007755864,0,0.0,0.064335007755864
2022-08-27,20267.0,20070.0,20354.0,19882.2,24463219414.743473,383790676113.79205,-0.009965130429900448,845.5571428571428,21852.625,20956.0,-1,0.0,20915.557142857142,0.0,20915.557142857142,0,0,-1,0.0,20915.557142857142,False,False,0.009965130429900448,0,0.0,0.009965130429900448
2022-08-28,20054.0,19659.25,20150.0,19659.25,19781826309.451183,376180531070.6233,-0.020678197341823495,827.1107142857143,21491.125,20825.65,-1,0.0,20486.360714285714,0.0,20486.360714285714,0,0,-1,0.0,20486.360714285714,False,False,0.020678197341823495,0,0.0,0.020678197341823495
2022-08-29,19652.46,20309.0,20385.0,19617.3,28706315246.140064,389119405471.2333,0.03251617208454928,793.0178571428571,21340.625,20676.93125,-1,0.0,21102.01785714286,0.0,20486.360714285714,0,0,-1,0.0,20486.360714285714,False,False,-0.03251617208454928,0,0.0,-0.03251617208454928
2022-08-30,20322.0,19805.35,20526.0,19590.92,30308993725.456158,379555151404.602,-0.025112034328272578,823.0235714285716,21180.625,20488.21875,-1,0.0,20628.37357142857,0.0,20486.360714285714,0,0,-1,0.0,20486.360714285714,False,False,0.025112034328272578,0,0.0,0.025112034328272578
2022-08-31,19810.93,20024.0,20426.0,19810.93,27825786159.855602,383348414528.78253,0.010979450906773127,784.3557142857145,21052.25,20316.95875,-1,0.0,20808.355714285713,0.0,20486.360714285714,0,0,-1,0.0,20486.360714285714,False,False,-0.010979450906773127,0,0.0,-0.010979450906773127
2022-09-01,20021.0,20154.0,20188.0,19614.8,25616737335.88055,385027707310.6654,0.006471225728737506,792.6557142857146,20903.25,20173.95,-1,0.0,20946.655714285713,0.0,20486.360714285714,0,0,-1,0.0,20486.360714285714,False,False,-0.006471225728737506,0,0.0,-0.006471225728737506
2022-09-02,20141.0,19941.45,20428.0,19771.18,24078042298.340073,381788074511.76855,-0.010602299813891786,673.6428571428575,20701.75,19974.425000000003,-1,0.0,20615.09285714286,0.0,20486.360714285714,0,0,-1,0.0,20486.360714285714,False,False,0.010602299813891786,0,0.0,0.010602299813891786
2022-09-03,19963.43,19814.56,20038.0,19673.17,20048153187.39969,379422449024.2574,-0.0063834590484135,663.6307142857147,20534.25,19773.947500000002,-1,0.0,20478.190714285716,0.0,20478.190714285716,0,0,-1,0.0,20478.190714285716,False,False,0.0063834590484135,0,0.0,0.0063834590484135
2022-09-04,19826.54,19980.01,20021.0,19649.22,21537524477.36904,382421043401.0045,0.00831525272487725,651.7578571428575,20311.875,19702.46875,-1,0.0,20631.767857142855,0.0,20478.190714285716,0,0,-1,0.0,20478.190714285716,False,False,-0.00831525272487725,0,0.0,-0.00831525272487725
2022-09-05,19991.92,19785.73,19991.92,19657.12,23522961655.00036,378685143698.17633,-0.009771302925191457,628.8864285714288,20270.25,19673.34625,-1,0.0,20414.61642857143,0.0,20414.61642857143,0,0,-1,0.0,20414.61642857143,False,False,0.009771302925191457,0,0.0,0.009771302925191457
2022-09-06,19774.58,18859.5,20089.0,18821.25,39940310406.47586,361210437263.86273,-0.047944205076382605,672.0828571428574,20250.489999999998,19673.079999999998,-1,0.0,19531.582857142857,0.0,19531.582857142857,0,0,-1,0.0,19531.582857142857,False,False,0.047944205076382605,0,0.0,0.047944205076382605
2022-09-07,18845.69,19280.63,19479.03,18644.13,30517907004.082462,369340091982.8708,0.022084199277878604,689.647142857143,20213.489999999998,19573.57375,-1,0.0,19970.277142857143,0.0,19531.582857142857,0,0,-1,0.0,19531.582857142857,False,False,-0.022084199277878604,0,0.0,-0.022084199277878604
2022-09-08,19356.29,19322.78,19386.38,19058.51,28936941008.358917,369723445425.44885,0.0021837457753196067,684.9950000000002,20082.618749999998,19455.225,-1,0.0,20007.774999999998,0.0,19531.582857142857,0,0,-1,0.0,19531.582857142857,False,False,-0.0021837457753196067,0,0.0,-0.0021837457753196067
2022-09-09,19315.37,21360.0,21566.0,19315.23,42487059054.97593,408976281844.7646,0.1002353033195873,733.4785714285717,19952.66625,19361.1725,1,20626.52142857143,0.0,20626.52142857143,0.0,0,0,1,20626.52142857143,0.0,True,False,-0.1012353033195873,1,0.001,-0.1002353033195873
2022-09-10,21373.0,21707.0,21753.0,21182.0,35941349745.24438,415974687298.0947,0.01611477508163107,740.564285714286,20124.91625,19323.72625,1,20966.435714285715,0.0,20966.435714285715,0.0,0,0,1,20966.435714285715,0.0,False,False,0.01611477508163107,0,0.0,0.01611477508163107
2022-09-11,21715.0,21740.0,21785.0,21414.0,31266252145.35619,416073628622.09485,0.00151909251943822,732.0107142857147,20290.54125,19500.07875,1,21007.989285714284,0.0,21007.989285714284,0.0,0,0,1,21007.989285714284,0.0,False,False,0.00151909251943822,0,0.0,0.00151909251943822
2022-09-12,21742.0,22340.0,22448.0,21578.0,44006486689.44507,427473787888.3761,0.02722491194799125,739.3178571428574,20508.91625,19717.682500000003,1,21600.682142857142,0.0,21600.682142857142,0.0,0,0,1,21600.682142857142,0.0,False,False,0.02722491194799125,0,0.0,0.02722491194799125
2022-09-13,22339.0,20185.0,22654.0,20071.0,46489890914.82466,386529657258.8565,-0.10143903933615048,857.0264285714287,20812.29125,19958.78,1,19327.97357142857,0.0,21600.682142857142,0.0,1,0,0,21600.682142857142,0.0,False,False,-0.10243903933615048,1,0.001,-0.10143903933615048
2022-09-14,20178.0,20256.0,20418.0,19801.17,35789015870.392235,387486232249.80023,0.0035112916568615453,856.7535714285716,21145.05125,20010.515,1,19399.246428571427,0.0,21600.682142857142,0.0,1,0,0,21600.682142857142,0.0,False,False,0.0,0,0.0,0.0
2022-09-15,20239.0,19702.17,20338.0,19620.13,33715957206.68328,377719382182.44714,-0.027722263999876335,867.0871428571429,21186.17625,20133.005,-1,0.0,20569.257142857143,0.0,20569.257142857143,0,0,-1,0.0,20569.257142857143,False,True,-0.001,1,0.001,-0.0
2022-09-16,19706.12,19764.41,19879.28,19414.75,30187737709.58007,377988702161.6817,0.0031540635949485196,853.3521428571429,21293.5475,20255.005,-1,0.0,20617.762142857144,0.0,20569.257142857143,0,0,-1,0.0,20569.257142857143,False,False,-0.0031540635949485196,0,0.0,-0.0031540635949485196
2022-09-17,19763.99,20132.0,20189.0,19763.99,23394494073.784782,385486747327.04944,0.01842774335727571,857.6507142857141,21355.16,20299.535,-1,0.0,20989.650714285715,0.0,20569.257142857143,0,0,-1,0.0,20569.257142857143,False,False,-0.01842774335727571,0,0.0,-0.01842774335727571
2022-09-18,20130.0,19437.16,20130.0,19361.11,28689764413.699097,372598380208.27094,-0.03512389108906156,886.1585714285712,21183.035,20355.629999999997,-1,0.0,20323.318571428572,0.0,20323.318571428572,0,0,-1,0.0,20323.318571428572,False,False,0.03512389108906156,0,0.0,0.03512389108906156
2022-09-19,19440.93,19570.39,19612.26,18421.2,39507938864.87854,374524246937.4287,0.006831011846295266,947.3199999999997,20980.16,20128.01875,-1,0.0,20517.71,0.0,20323.318571428572,0,0,-1,0.0,20323.318571428572,False,False,-0.006831011846295266,0,0.0,-0.006831011846295266
2022-09-20,19546.41,18869.93,19601.4,18830.92,33890591849.676514,361980678159.1343,-0.03644805988971381,911.8007142857142,20708.5675,19753.91875,-1,0.0,19781.730714285713,0.0,19781.730714285713,0,0,-1,0.0,19781.730714285713,False,False,0.03644805988971381,0,0.0,0.03644805988971381
2022-09-21,18874.85,18539.64,19721.93,18262.09,41059997264.96848,355194467885.9514,-0.017658507308174146,956.4392857142858,20352.7425,19410.53375,-1,0.0,19496.079285714284,0.0,19496.079285714284,0,0,-1,0.0,19496.079285714284,False,False,0.017658507308174146,0,0.0,0.017658507308174146
2022-09-22,18527.8,19464.32,19464.32,18422.41,37660914389.8923,372075639498.16974,0.04867190348091941,1007.4421428571428,19986.23375,19184.420000000002,-1,0.0,20471.762142857144,0.0,19496.079285714284,0,0,-1,0.0,19496.079285714284,False,False,-0.04867190348091941,0,0.0,-0.04867190348091941
2022-09-23,19447.84,19291.9,19475.03,18641.21,35506139423.901344,370913140447.51636,-0.008897727256836987,906.2314285714284,19867.02375,19012.075,-1,0.0,20198.13142857143,0.0,19496.079285714284,0,0,-1,0.0,19496.079285714284,False,False,0.008897727256836987,0,0.0,0.008897727256836987
2022-09-24,19309.22,18939.97,19316.53,18874.73,24644354421.61794,363168779956.3335,-0.0184108148901775,897.0028571428569,19759.1525,18889.71,-1,0.0,19836.972857142857,0.0,19496.079285714284,0,0,-1,0.0,19496.079285714284,False,False,0.0184108148901775,0,0.0,0.0184108148901775
2022-09-25,18936.7,18809.41,19142.43,18747.85,21516374222.675316,360256894978.40894,-0.006917227280881889,898.6871428571428,19688.80875,18822.2075,-1,0.0,19708.097142857143,0.0,19496.079285714284,0,0,-1,0.0,19496.079285714284,False,False,0.006917227280881889,0,0.0,0.006917227280881889
2022-09-26,18787.31,19219.73,19274.62,18708.63,42560193944.41844,367613056759.2221,0.021580079050186395,876.9721428571427,19557.9875,18695.190000000002,-1,0.0,20096.702142857142,0.0,19496.079285714284,0,0,-1,0.0,19496.079285714284,False,False,-0.021580079050186395,0,0.0,-0.021580079050186395
2022-09-27,19200.81,19116.33,20339.0,18902.66,52482615483.86207,366383164263.7157,-0.0053944119840236854,795.067857142857,19451.065000000002,18613.629999999997,-1,0.0,19911.39785714286,0.0,19496.079285714284,0,0,-1,0.0,19496.079285714284,False,False,0.0053944119840236854,0,0.0,0.0053944119840236854
2022-09-28,19114.9,19444.79,19704.08,18482.46,47494258189.70422,372892084645.0075,0.017036224265311,838.2671428571427,19541.9075,18673.8125,-1,0.0,20283.057142857142,0.0,19496.079285714284,0,0,-1,0.0,19496.079285714284,False,False,-0.017036224265311,0,0.0,-0.017036224265311
2022-09-29,19443.69,19563.77,19625.8,18963.35,37537716230.48356,374830625219.6003,0.0061002184629911195,834.3085714285714,19554.7425,18630.254999999997,1,18729.46142857143,0.0,18729.46142857143,0.0,0,0,1,18729.46142857143,0.0,True,False,-0.0071002184629911196,1,0.001,-0.0061002184629911195
2022-09-30,19563.78,19476.93,20184.0,19251.33,37848666330.67224,373222100680.7475,-0.004448698062289074,867.7471428571428,19542.72625,18717.9125,1,18609.182857142856,0.0,18729.46142857143,0.0,0,0,1,18729.46142857143,0.0,False,False,-0.004448698062289074,0,0.0,-0.004448698062289074
2022-10-01,19467.93,19314.46,19488.42,19238.33,15943514602.722155,370204708063.3375,-0.008376650077181814,855.2528571428569,19632.68625,18821.5275,1,18459.207142857143,0.0,18729.46142857143,0.0,0,0,1,18729.46142857143,0.0,False,False,-0.008376650077181814,0,0.0,-0.008376650077181814
2022-10-02,19316.66,19065.15,19377.21,18928.73,17859684587.64641,366195863790.6755,-0.012991977082286672,832.2235714285713,19634.36,18896.1675,1,18232.92642857143,0.0,18729.46142857143,0.0,0,0,1,18729.46142857143,0.0,False,False,-0.012991977082286672,0,0.0,-0.012991977082286672
2022-10-03,19077.04,19620.57,19646.91,19056.01,26634227151.925247,375767908259.0832,0.028716444603794133,789.3550000000001,19641.945,18902.9175,1,18831.215,0.0,18831.215,0.0,0,0,1,18831.215,0.0,False,False,0.028716444603794133,0,0.0,0.028716444603794133
2022-10-04,19619.67,20345.0,20383.0,19521.07,30974520027.944332,390177741507.47705,0.03625667575066952,795.8871428571427,19705.005,18941.4375,1,19549.112857142856,0.0,19549.112857142856,0.0,0,0,1,19549.112857142856,0.0,False,False,0.03625667575066952,0,0.0,0.03625667575066952
2022-10-05,20344.0,20162.0,20346.0,19785.21,29366342083.101757,386368899196.38165,-0.009035536821903459,731.6692857142856,19843.552499999998,19042.9925,1,19430.330714285716,0.0,19549.112857142856,0.0,0,0,1,19549.112857142856,0.0,False,False,-0.009035536821903459,0,0.0,-0.009035536821903459
2022-10-06,20157.0,19949.05,20421.0,19886.08,31354758329.142307,382505641462.15643,-0.01061812147731923,695.4557142857141,19844.427499999998,19153.31125,1,19253.594285714284,0.0,19549.112857142856,0.0,0,0,1,19549.112857142856,0.0,False,False,-0.01061812147731923,0,0.0,-0.01061812147731923
2022-10-07,19952.43,19457.31,20044.0,19373.8,25445042398.337975,373170861484.13965,-0.024958688222858277,683.7685714285714,19934.0425,19328.76375,1,18773.54142857143,0.0,19549.112857142856,0.0,1,0,0,19549.112857142856,0.0,False,False,-0.025958688222858278,1,0.001,-0.024958688222858277
2022-10-08,19494.51,19418.04,19533.5,19280.34,12996183216.30484,372391945609.07526,-0.002020304041359245,670.2942857142856,19986.3175,19380.07,1,18747.745714285717,0.0,19549.112857142856,0.0,1,0,0,19549.112857142856,0.0,False,False,-0.0,0,0.0,-0.0
2022-10-09,19419.4,19448.15,19559.84,19357.56,14404623229.04686,372264710552.3351,0.0015494189692250887,656.5585714285711,19905.005,19383.69625,1,18791.59142857143,0.0,19549.112857142856,0.0,1,0,0,19549.112857142856,0.0,False,False,0.0,0,0.0,0.0
2022-10-10,19448.94,19142.69,19517.27,19094.26,23743487600.53748,367207056773.2261,-0.01583103034524213,646.3457142857143,19913.9325,19398.600000000002,-1,0.0,19789.035714285714,0.0,19789.035714285714,0,0,-1,0.0,19789.035714285714,False,True,-0.001,1,0.001,-0.0
2022-10-11,19137.01,19058.63,19228.69,18969.08,25102717820.99086,365118514776.26794,-0.004400902150625745,562.2935714285712,19931.440000000002,19419.29125,-1,0.0,19620.92357142857,0.0,19620.92357142857,0,0,-1,0.0,19620.92357142857,False,False,0.004400902150625745,0,0.0,0.004400902150625745
2022-10-12,19060.7,19153.04,19211.19,19033.02,22339104401.384174,367301644901.367,0.00494143240044752,487.76142857142804,19879.1625,19408.425000000003,-1,0.0,19640.80142857143,0.0,19620.92357142857,0,0,-1,0.0,19620.92357142857,False,False,-0.00494143240044752,0,0.0,-0.00494143240044752
2022-10-13,19152.89,19383.94,19478.17,18317.03,37194496437.923996,371647189087.47595,0.01198343840905636,523.3821428571422,19732.68625,19347.41875,-1,0.0,19907.32214285714,0.0,19620.92357142857,0,0,-1,0.0,19620.92357142857,False,False,-0.01198343840905636,0,0.0,-0.01198343840905636
2022-10-14,19381.6,19198.11,19880.56,19115.85,34806651159.13548,367584653730.75476,-0.009633051484626832,511.3849999999997,19624.2075,19163.89625,-1,0.0,19709.495,0.0,19620.92357142857,0,0,-1,0.0,19620.92357142857,False,False,0.009633051484626832,0,0.0,0.009633051484626832
2022-10-15,19194.64,19072.78,19207.45,19030.3,13103099352.405506,365870425566.52997,-0.006549648990787397,506.17500000000007,19556.6525,19067.6175,-1,0.0,19578.954999999998,0.0,19578.954999999998,0,0,-1,0.0,19578.954999999998,False,False,0.006549648990787397,0,0.0,0.006549648990787397
2022-10-16,19077.79,19272.92,19342.2,19077.79,15683330320.159586,369552982160.53754,0.010438814125982326,493.3850000000002,19452.083749999998,19024.68,-1,0.0,19766.305,0.0,19578.954999999998,0,0,-1,0.0,19578.954999999998,False,False,-0.010438814125982326,0,0.0,-0.010438814125982326
2022-10-17,19274.21,19557.9,19614.89,19161.27,23713928577.519844,375052275829.7958,0.014678295056130813,483.57928571428573,19428.17125,18999.361249999998,1,19074.320714285717,0.0,19074.320714285717,0.0,0,0,1,19074.320714285717,0.0,True,False,-0.015678295056130814,1,0.001,-0.014678295056130813
2022-10-18,19563.59,19348.03,19669.88,19092.9,25848175158.687187,371196833238.99286,-0.010788691372378223,463.2257142857143,19435.0525,18974.824999999997,1,18884.804285714286,0.0,19074.320714285717,0.0,0,0,1,19074.320714285717,0.0,False,False,-0.010788691372378223,0,0.0,-0.010788691372378223
2022-10-19,19330.46,19134.24,19335.22,19099.34,23047051893.294765,367085331987.69183,-0.0111112052131189,440.93285714285696,19454.128750000003,18974.655000000002,1,18693.307142857146,0.0,19074.320714285717,0.0,0,0,1,19074.320714285717,0.0,False,False,-0.0111112052131189,0,0.0,-0.0111112052131189
2022-10-20,19130.74,19031.16,19324.57,18951.94,25712511231.935688,365098952754.63934,-0.005401764459326958,429.34071428571434,19467.445,18990.9375,1,18601.819285714286,0.0,19074.320714285717,0.0,1,0,0,19074.320714285717,0.0,False,False,-0.006401764459326958,1,0.001,-0.005401764459326958
2022-10-21,19068.87,19173.28,19238.22,18730.04,30297335038.197,367999082249.1525,0.007440007264695348,417.76785714285717,19481.6175,18980.8025,1,18755.51214285714,0.0,19074.320714285717,0.0,1,0,0,19074.320714285717,0.0,False,False,0.0,0,0.0,0.0
2022-10-22,19171.05,19203.87,19237.19,19120.99,13362526957.65784,368484939423.55475,0.001594178123099981,407.9849999999998,19451.62375,19032.42875,1,18795.885,0.0,19074.320714285717,0.0,0,0,1,19074.320714285717,0.0,False,False,-0.001,1,0.001,0.0
2022-10-23,19207.76,19574.82,19634.72,19125.34,19928822961.41621,375197423662.3941,0.01913222520954566,429.92071428571427,19371.2025,19033.07125,1,19144.899285714284,0.0,19144.899285714284,0.0,0,0,1,19144.899285714284,0.0,False,False,0.01913222520954566,0,0.0,0.01913222520954566
2022-10-24,19560.98,19316.94,19564.11,19201.35,28657172008.9177,370622833880.7626,-0.01326161528532925,426.38214285714275,19424.611249999998,19044.951250000002,1,18890.557857142856,0.0,19144.899285714284,0.0,0,0,1,19144.899285714284,0.0,False,False,-0.01326161528532925,0,0.0,-0.01326161528532925
2022-10-25,19321.01,20095.0,20353.0,19255.73,39846253138.59686,385476931983.84595,0.039488596754203686,486.21500000000015,19452.350000000002,19060.39625,1,19608.785,0.0,19608.785,0.0,0,0,1,19608.785,0.0,False,False,0.039488596754203686,0,0.0,0.039488596754203686
2022-10-26,20096.0,20774.0,20955.0,20085.0,50667020407.51415,398674628646.93066,0.033231176904455276,535.6314285714288,19544.61375,19072.20375,1,20238.36857142857,0.0,20238.36857142857,0.0,0,0,1,20238.36857142857,0.0,False,False,0.033231176904455276,0,0.0,0.033231176904455276
2022-10-27,20781.0,20278.0,20876.0,20261.0,41829789298.17936,389238872375.6226,-0.024165650275231577,496.6214285714289,19705.253750000003,19196.216249999998,1,19781.37857142857,0.0,20238.36857142857,0.0,0,0,1,20238.36857142857,0.0,False,False,-0.024165650275231577,0,0.0,-0.024165650275231577
2022-10-28,20282.0,20591.0,20716.0,20095.0,36165609164.5681,395201306734.5831,0.015317532595621583,486.3564285714287,19897.85125,19341.423749999998,1,20104.643571428573,0.0,20238.36857142857,0.0,0,0,1,20238.36857142857,0.0,False,False,0.015317532595621583,0,0.0,0.015317532595621583
2022-10-29,20585.0,20801.0,20946.0,20575.0,32806216910.570454,399135164712.3964,0.010146975348681435,500.20285714285717,20071.780000000002,19484.306249999998,1,20300.797142857144,0.0,20300.797142857144,0.0,0,0,1,20300.797142857144,0.0,False,False,0.010146975348681435,0,0.0,0.010146975348681435
2022-10-30,20818.0,20624.0,20908.0,20542.0,24707906148.749344,395548335410.141,-0.008545616277859401,507.10142857142847,20285.252500000002,19714.92625,1,20116.89857142857,0.0,20300.797142857144,0.0,0,0,1,20300.797142857144,0.0,False,False,-0.008545616277859401,0,0.0,-0.008545616277859401
2022-10-31,20624.0,20495.0,20800.0,20262.0,37290619694.72375,393311097043.5727,-0.006274492240530732,513.1285714285714,20494.103750000002,19892.552499999998,1,19981.87142857143,0.0,20300.797142857144,0.0,0,0,1,20300.797142857144,0.0,False,False,-0.006274492240530732,0,0.0,-0.006274492240530732
2022-11-01,20493.0,20490.0,20645.0,20285.0,32262771910.727066,393218202887.5868,-0.0002439917054925371,497.63,20639.763750000002,20034.635,1,19992.37,0.0,20300.797142857144,0.0,0,0,1,20300.797142857144,0.0,False,False,-0.0002439917054925371,0,0.0,-0.0002439917054925371
2022-11-02,20489.0,20163.0,20705.0,20065.0,44539856162.44828,387015867490.0914,-0.01608772059486986,525.5807142857144,20774.875,20170.091249999998,-1,0.0,20688.580714285716,0.0,20688.580714285716,0,0,-1,0.0,20688.580714285716,False,True,-0.017087720594869862,1,0.001,-0.01608772059486986
2022-11-03,20161.0,20211.0,20388.0,20091.0,36562782563.979164,387756249891.6283,0.002377768990693913,520.1785714285714,20818.875,20271.25,-1,0.0,20731.178571428572,0.0,20688.580714285716,0,0,-1,0.0,20688.580714285716,False,False,-0.002377768990693913,0,0.0,-0.002377768990693913
2022-11-04,20206.0,21150.0,21241.0,20206.0,33773463079.332672,405987599945.2726,0.04541289484565445,557.8085714285714,20748.0,20272.0,1,20592.19142857143,0.0,20592.19142857143,0.0,0,0,1,20592.19142857143,0.0,True,False,-0.04641289484565445,1,0.001,-0.04541289484565445
2022-11-05,21147.0,21283.0,21454.0,21124.0,31061573100.604958,408892506459.0742,0.006268726488379846,573.0800000000002,20793.625,20265.125,1,20709.92,0.0,20709.92,0.0,0,0,1,20709.92,0.0,False,False,0.006268726488379846,0,0.0,0.006268726488379846
2022-11-06,21280.0,20907.0,21337.0,20907.0,50602704770.812515,401869336200.07385,-0.017824600856175276,567.4100000000001,20885.875,20393.75,1,20339.59,0.0,20709.92,0.0,0,0,1,20709.92,0.0,False,False,-0.017824600856175276,0,0.0,-0.017824600856175276
2022-11-07,20922.0,20598.0,21017.0,20433.0,91750982446.38734,395168506455.3059,-0.014890047420881423,582.4478571428572,20934.75,20435.25,1,20015.552142857145,0.0,20709.92,0.0,1,0,0,20709.92,0.0,False,False,-0.015890047420881424,1,0.001,-0.014890047420881423
2022-11-08,20600.0,18562.35,20671.0,17579.02,92144963385.0274,356871594631.61395,-0.10405864798142236,724.9271428571428,20948.375,20421.625,-1,0.0,19287.277142857143,0.0,19287.277142857143,0,0,-1,0.0,19287.277142857143,False,True,-0.001,1,0.001,-0.0
2022-11-09,18579.39,15742.44,18749.92,15663.49,74978675390.59279,301963847693.52637,-0.16477508568742277,883.2435714285713,20932.25,20086.252500000002,-1,0.0,16625.683571428573,0.0,16625.683571428573,0,0,-1,0.0,16625.683571428573,False,False,0.16477508568742277,0,0.0,0.16477508568742277
2022-11-10,15920.79,17594.92,18106.79,15835.92,65200666543.364624,336597208099.6668,0.11124997398221241,1008.1971428571427,20695.364999999998,19508.56375,-1,0.0,18603.11714285714,0.0,16625.683571428573,0,1,0,0.0,16625.683571428573,False,False,-0.11224997398221241,1,0.001,-0.11124997398221241
2022-11-11,17602.79,17080.22,17624.47,16569.89,45030331310.74984,325921112619.09045,-0.029689155177446132,1039.1671428571428,20370.58875,18979.92875,-1,0.0,18119.387142857144,0.0,16625.683571428573,0,1,0,0.0,16625.683571428573,False,False,-0.0,0,0.0,-0.0
2022-11-12,17088.94,16797.99,17101.87,16640.26,21893997140.860477,322330608513.1628,-0.01666183244523814,1045.6392857142857,20025.1475,18539.79,-1,0.0,17843.629285714287,0.0,16625.683571428573,0,1,0,0.0,16625.683571428573,False,False,-0.0,0,0.0,-0.0
2022-11-13,16794.65,16344.34,16915.46,16312.86,20411619109.007805,313605586517.2854,-0.02737757635427889,1062.5392857142856,19507.75625,18094.072500000002,-1,0.0,17406.879285714287,0.0,16625.683571428573,0,1,0,0.0,16625.683571428573,False,False,-0.0,0,0.0,-0.0
2022-11-14,16335.29,16645.83,17176.32,15906.19,37539226046.106285,320598982524.9025,0.01827807456803692,1114.8342857142857,18940.438749999998,17492.68,-1,0.0,17760.664285714287,0.0,16625.683571428573,0,1,0,0.0,16625.683571428573,False,False,0.0,0,0.0,0.0
2022-11-15,16632.61,16890.53,17171.27,16573.54,28676275678.9418,324608360619.00433,0.01459337523383673,1131.8149999999998,18420.353750000002,16867.57875,-1,0.0,18022.344999999998,0.0,16625.683571428573,0,1,0,0.0,16625.683571428573,False,False,0.0,0,0.0,0.0
2022-11-16,16901.94,16689.4,16997.06,16437.01,26922027947.408913,320099234744.2721,-0.011979322484809997,1126.1042857142859,17939.6375,16385.14625,-1,0.0,17815.504285714287,0.0,16625.683571428573,0,1,0,0.0,16625.683571428573,False,False,-0.0,0,0.0,-0.0
2022-11-17,16677.87,16718.36,16732.97,16417.31,22011291267.356167,321287480849.7667,0.0017337293643175822,1127.4371428571428,17480.395,16242.395,-1,0.0,17845.797142857144,0.0,16625.683571428573,0,1,0,0.0,16625.683571428573,False,False,0.0,0,0.0,0.0
2022-11-18,16711.92,16707.02,16994.52,16581.98,20942172141.414623,320876918352.4405,-0.00067852634345979,1082.9757142857145,17228.276250000003,16336.6225,-1,0.0,17789.995714285717,0.0,16625.683571428573,0,1,0,0.0,16625.683571428573,False,False,-0.0,0,0.0,-0.0
2022-11-19,16705.26,16712.73,16794.94,16558.64,10844466289.901127,321151208473.7581,0.00034171410950487155,1076.2828571428572,17089.2425,16429.88,-1,0.0,17789.012857142858,0.0,16625.683571428573,0,1,0,0.0,16625.683571428573,False,False,0.0,0,0.0,0.0
2022-11-20,16711.87,16304.08,16746.26,16254.32,15680401749.958439,313370674122.3842,-0.024755321247764955,1080.7071428571428,16985.55125,16428.47375,-1,0.0,17384.78714285714,0.0,16625.683571428573,0,1,0,0.0,16625.683571428573,False,False,-0.0,0,0.0,-0.0
2022-11-21,16298.41,15814.34,16299.24,15649.4,31057277097.34788,303834128504.1595,-0.030498259885295455,1085.7557142857142,16941.1,16380.23125,-1,0.0,16900.095714285715,0.0,16625.683571428573,0,0,-1,0.0,16625.683571428573,False,False,-0.001,1,0.001,-0.0
2022-11-22,15794.33,16171.63,16269.92,15686.55,25091849198.571053,311463297390.4882,0.022341349112204898,906.5692857142858,16864.072500000002,16297.29875,-1,0.0,17078.199285714283,0.0,16625.683571428573,0,0,-1,0.0,16625.683571428573,False,False,-0.022341349112204898,0,0.0,-0.022341349112204898
2022-11-23,16225.09,16608.01,16632.65,16191.07,26858079944.170044,319494112507.07404,0.026626636636172478,719.0400000000003,16750.7725,16269.84375,-1,0.0,17327.05,0.0,16625.683571428573,0,0,-1,0.0,16625.683571428573,False,False,-0.026626636636172478,0,0.0,-0.026626636636172478
2022-11-24,16633.46,16596.04,16769.37,16484.24,20949512927.386944,318949911014.53784,-0.0007209964157103201,570.5242857142858,16683.445,16222.034999999998,-1,0.0,17166.56428571429,0.0,16625.683571428573,0,0,-1,0.0,16625.683571428573,False,False,0.0007209964157103201,0,0.0,0.0007209964157103201
2022-11-25,16605.8,16524.45,16613.15,16400.96,18933018587.76629,317919884011.3825,-0.0043230104078748775,510.3535714285716,16654.98375,16227.93875,-1,0.0,17034.803571428572,0.0,16625.683571428573,0,0,-1,0.0,16625.683571428573,False,False,0.0043230104078748775,0,0.0,0.0043230104078748775
2022-11-26,16521.13,16456.16,16670.75,16423.19,18243019109.753235,316206865319.883,-0.00414122707835962,495.064285714286,16640.00625,16225.895,-1,0.0,16951.224285714285,0.0,16625.683571428573,0,0,-1,0.0,16625.683571428573,False,False,0.00414122707835962,0,0.0,0.00414122707835962
2022-11-27,16465.29,16459.15,16600.08,16431.98,16551822516.185429,316487666895.4407,0.00018167837448451586,464.0285714285719,16599.535,16206.04625,-1,0.0,16923.178571428572,0.0,16625.683571428573,0,0,-1,0.0,16625.683571428573,False,False,-0.00018167837448451586,0,0.0,-0.00018167837448451586
2022-11-28,16456.69,16222.21,16482.04,16065.43,24566056814.212288,311810991501.448,-0.014500262628121183,403.06285714285775,16575.177499999998,16190.213749999999,-1,0.0,16625.272857142856,0.0,16625.272857142856,0,0,-1,0.0,16625.272857142856,False,False,0.014500262628121183,0,0.0,0.014500262628121183
2022-11-29,16222.5,16441.98,16541.11,16157.9,24663035431.352062,316170903326.0224,0.013456529384994123,387.7400000000007,16542.15,16166.602499999999,-1,0.0,16829.72,0.0,16625.272857142856,0,0,-1,0.0,16625.272857142856,False,False,-0.013456529384994123,0,0.0,-0.013456529384994123
2022-11-30,16446.88,17186.5,17227.39,16442.29,30676053555.32337,330763402606.7043,0.04428637158381067,403.8371428571433,16572.38375,16230.164999999999,1,16782.662857142856,0.0,16782.662857142856,0.0,0,0,1,16782.662857142856,0.0,True,False,-0.04528637158381067,1,0.001,-0.04428637158381067
2022-12-01,17224.41,16972.73,17249.92,16901.02,23319572025.36399,326141917292.63745,-0.012516253481095285,406.2114285714289,16692.0675,16324.6325,1,16566.51857142857,0.0,16782.662857142856,0.0,0,0,1,16782.662857142856,0.0,False,False,-0.012516253481095285,0,0.0,-0.012516253481095285
2022-12-02,16978.82,17084.87,17128.66,16867.76,20945433171.615204,328178365692.1309,0.006585338089666317,395.3800000000004,16769.22625,16413.37625,1,16689.489999999998,0.0,16782.662857142856,0.0,0,0,1,16782.662857142856,0.0,False,False,0.006585338089666317,0,0.0,0.006585338089666317
2022-12-03,17146.57,16923.38,17149.34,16880.81,16931408153.950111,326498242602.6305,-0.009497178703183513,397.6821428571432,16814.1375,16461.31625,1,16525.69785714286,0.0,16782.662857142856,0.0,0,0,1,16782.662857142856,0.0,False,False,-0.009497178703183513,0,0.0,-0.009497178703183513
2022-12-04,16914.49,17149.93,17190.71,16914.49,18214353301.13762,329544949093.6664,0.01329799414959786,382.2735714285717,16881.16125,16521.2975,1,16767.65642857143,0.0,16782.662857142856,0.0,0,0,1,16782.662857142856,0.0,False,False,0.01329799414959786,0,0.0,0.01329799414959786
2022-12-05,17133.31,16973.37,17414.42,16906.82,23204017213.929634,326635737516.3175,-0.010348446700828613,371.7678571428573,16946.15625,16582.71,1,16601.60214285714,0.0,16782.662857142856,0.0,0,0,1,16782.662857142856,0.0,False,False,-0.010348446700828613,0,0.0,-0.010348446700828613
2022-12-06,16973.12,17085.64,17085.64,16928.86,21026126511.19885,328108161816.87274,0.006592699355541853,341.29714285714283,17047.94875,16642.065,1,16744.342857142856,0.0,16782.662857142856,0.0,0,0,1,16782.662857142856,0.0,False,False,0.006592699355541853,0,0.0,0.006592699355541853
2022-12-07,17076.34,16851.3,17114.69,16750.0,21192130005.603653,324178677956.7833,-0.013810539468008221,334.4164285714283,17123.39875,16749.99375,1,16516.88357142857,0.0,16782.662857142856,0.0,0,0,1,16782.662857142856,0.0,False,False,-0.013810539468008221,0,0.0,-0.013810539468008221
2022-12-08,16849.19,17235.01,17291.85,16799.07,22674029585.253864,331389860355.59094,0.022514975025668574,349.24857142857127,17195.09625,16824.006250000002,1,16885.761428571426,0.0,16885.761428571426,0.0,0,0,1,16885.761428571426,0.0,False,False,0.022514975025668574,0,0.0,0.022514975025668574
2022-12-09,17226.04,17149.82,17309.57,17085.83,23179829829.170135,329756788298.6587,-0.004955102253292429,350.073571428571,17203.153749999998,16868.603750000002,1,16799.74642857143,0.0,16885.761428571426,0.0,0,0,1,16885.761428571426,0.0,False,False,-0.004955102253292429,0,0.0,-0.004955102253292429
2022-12-10,17138.35,17125.36,17227.56,17107.75,14234368489.844261,329283186564.5152,-0.0014272721049050062,340.948571428571,17210.61,16891.705,1,16784.41142857143,0.0,16885.761428571426,0.0,0,0,1,16885.761428571426,0.0,False,False,-0.0014272721049050062,0,0.0,-0.0014272721049050062
2022-12-11,17121.26,17101.04,17256.59,17098.26,15681124918.738192,328868814164.99066,-0.0014211254524606812,340.2507142857138,17222.9725,16921.70375,1,16760.789285714287,0.0,16885.761428571426,0.0,0,0,1,16885.761428571426,0.0,False,False,-0.0014211254524606812,0,0.0,-0.0014211254524606812
2022-12-12,17030.47,17179.6,17208.04,16869.54,21633829199.489113,330715694645.24335,0.004583353025299094,334.671428571428,17236.37875,16948.885000000002,1,16844.92857142857,0.0,16885.761428571426,0.0,0,0,1,16885.761428571426,0.0,False,False,0.004583353025299094,0,0.0,0.004583353025299094
2022-12-13,17213.99,17784.16,17942.24,17123.75,28941242217.591747,342102502914.68976,0.03458554007454561,365.76285714285666,17238.545,16943.26625,1,17418.397142857142,0.0,17418.397142857142,0.0,0,0,1,17418.397142857142,0.0,False,False,0.03458554007454561,0,0.0,0.03458554007454561
2022-12-14,17777.46,17808.72,18323.21,17659.08,27267536668.811485,342692750075.4062,0.0013800515101876683,357.09999999999934,17304.5225,16970.3825,1,17451.620000000003,0.0,17451.620000000003,0.0,0,0,1,17451.620000000003,0.0,False,False,0.0013800515101876683,0,0.0,0.0013800515101876683
2022-12-15,17819.98,17338.36,17849.89,17302.46,22754686787.817104,333854506370.7365,-0.026766837111268177,371.28071428571377,17459.21875,17061.66,1,16967.079285714288,0.0,17451.620000000003,0.0,1,0,0,17451.620000000003,0.0,False,False,-0.027766837111268178,1,0.001,-0.026766837111268177
2022-12-16,17339.04,16623.76,17516.95,16562.31,22250411214.773224,318992400741.96515,-0.04208839057740204,420.8335714285708,17551.118749999998,17130.717500000002,-1,0.0,17044.59357142857,0.0,17044.59357142857,0,0,-1,0.0,17044.59357142857,False,True,-0.001,1,0.001,-0.0
2022-12-17,16650.25,16806.49,16806.49,16600.36,15086383815.776106,323096167353.6004,0.01093212404066655,416.3764285714281,17579.25625,17101.1225,-1,0.0,17222.86642857143,0.0,17044.59357142857,0,0,-1,0.0,17044.59357142857,False,False,-0.01093212404066655,0,0.0,-0.01093212404066655
2022-12-18,16783.53,16742.82,16824.07,16685.01,11134054723.147482,322740705484.67255,-0.0037956116796061252,406.5792857142855,17516.37125,17040.43875,-1,0.0,17149.399285714284,0.0,17044.59357142857,0,0,-1,0.0,17044.59357142857,False,False,0.0037956116796061252,0,0.0,0.0037956116796061252
2022-12-19,16752.11,16422.56,16801.16,16382.07,17719672544.8918,316270478163.65466,-0.019313510353158668,400.25714285714275,17465.935,16987.59625,-1,0.0,16822.817142857144,0.0,16822.817142857144,0,0,-1,0.0,16822.817142857144,False,False,0.019313510353158668,0,0.0,0.019313510353158668
2022-12-20,16454.22,16899.33,17026.84,16423.49,24938219697.886032,325120443529.51874,0.028617976870785593,432.2214285714285,17409.00625,16898.072500000002,-1,0.0,17331.55142857143,0.0,16822.817142857144,0,1,0,0.0,16822.817142857144,False,False,-0.029617976870785594,1,0.001,-0.028617976870785593
2022-12-21,16916.07,16816.85,16937.02,16751.23,16062767787.358068,323127932459.19025,-0.004892616217595443,419.4428571428572,17386.35625,16842.31625,-1,0.0,17236.292857142857,0.0,16822.817142857144,0,1,0,0.0,16822.817142857144,False,False,-0.0,0,0.0,-0.0
2022-12-22,16822.64,16824.79,16882.23,16599.91,17847826941.681046,323519254392.6745,0.00047203407131364355,404.41000000000014,17260.70375,16795.75125,-1,0.0,17229.2,0.0,16822.817142857144,0,1,0,0.0,16822.817142857144,False,False,0.0,0,0.0,0.0
2022-12-23,16830.39,16791.46,16914.54,16782.06,16765392449.950893,323013370317.24255,-0.0019829701957598585,397.8914285714288,17080.58125,16663.355,-1,0.0,17189.351428571426,0.0,16822.817142857144,0,1,0,0.0,16822.817142857144,False,False,-0.0,0,0.0,-0.0
2022-12-24,16793.8,16848.57,16865.73,16793.8,10169853734.117493,324072643385.91296,0.0033953628974761267,394.6385714285716,16963.6625,16598.305,-1,0.0,17243.20857142857,0.0,16822.817142857144,0,1,0,0.0,16822.817142857144,False,False,0.0,0,0.0,0.0
2022-12-25,16844.14,16842.18,16868.7,16715.0,12574453968.75801,323868581953.1157,-0.00037933261067935644,394.30785714285724,16882.260000000002,16627.24125,-1,0.0,17236.487857142856,0.0,16822.817142857144,0,1,0,0.0,16822.817142857144,False,False,-0.0,0,0.0,-0.0
2022-12-26,16842.72,16900.08,16919.55,16813.52,12574997282.039291,325036912914.6697,0.0034319015281483374,377.70285714285717,16890.03625,16641.57125,1,16522.377142857145,0.0,16522.377142857145,0.0,0,0,1,16522.377142857145,0.0,True,False,-0.001,1,0.001,0.0
2022-12-27,16895.75,16701.84,16961.42,16642.16,17436062121.5136,321351469136.8621,-0.011799462651537253,342.0435714285712,16901.971250000002,16657.635,1,16359.79642857143,0.0,16522.377142857145,0.0,0,0,1,16522.377142857145,0.0,False,False,-0.011799462651537253,0,0.0,-0.011799462651537253
2022-12-28,16699.69,16538.91,16795.7,16492.51,19113614755.874695,318288869204.81464,-0.009803106416541058,316.262142857143,16922.00375,16690.14625,-1,0.0,16855.172142857144,0.0,16855.172142857144,0,0,-1,0.0,16855.172142857144,False,True,-0.010803106416541058,1,0.001,-0.009803106416541058
2022-12-29,16541.38,16644.38,16671.55,16511.43,15683731676.998154,320297298175.87695,0.006356835332742565,288.5971428571429,16893.11125,16698.77375,-1,0.0,16932.977142857144,0.0,16855.172142857144,0,0,-1,0.0,16855.172142857144,False,False,-0.006356835332742565,0,0.0,-0.006356835332742565
2022-12-30,16646.17,16604.02,16646.66,16421.76,17497327983.349342,319722045805.09534,-0.0024277871912027175,236.47285714285732,16859.927499999998,16668.79875,-1,0.0,16840.492857142857,0.0,16840.492857142857,0,0,-1,0.0,16840.492857142857,False,False,0.0024277871912027175,0,0.0,0.0024277871912027175
2022-12-31,16609.13,16540.69,16634.52,16507.59,12013247678.029587,318278329991.7019,-0.003821428944105957,230.81571428571442,16830.48125,16646.53,-1,0.0,16771.50571428571,0.0,16771.50571428571,0,0,-1,0.0,16771.50571428571,False,False,0.003821428944105957,0,0.0,0.003821428944105957
2023-01-01,16542.46,16615.97,16621.71,16512.1,9799252684.089952,319832024054.6308,0.004540875308505646,228.71214285714294,16795.47875,16612.22125,-1,0.0,16844.682142857146,0.0,16771.50571428571,0,0,-1,0.0,16771.50571428571,False,False,-0.004540875308505646,0,0.0,-0.004540875308505646
2023-01-02,16619.07,16674.34,16759.71,16554.8,13023861027.769472,321486454934.26776,0.003506729724979496,213.4135714285715,16764.97625,16577.00875,-1,0.0,16887.753571428573,0.0,16771.50571428571,0,0,-1,0.0,16771.50571428571,False,False,-0.003506729724979496,0,0.0,-0.003506729724979496
2023-01-03,16671.68,16677.65,16759.22,16625.15,15367167883.495031,321080820418.18396,0.00019848890641122708,179.82714285714297,16751.3525,16556.98375,-1,0.0,16857.477142857144,0.0,16771.50571428571,0,0,-1,0.0,16771.50571428571,False,False,-0.00019848890641122708,0,0.0,-0.00019848890641122708
2023-01-04,16676.36,16855.17,16972.97,16658.53,20836560771.723633,324397588037.39484,0.010587934948158873,189.0164285714288,16731.31125,16533.4375,1,16666.15357142857,0.0,16666.15357142857,0.0,0,0,1,16666.15357142857,0.0,True,False,-0.011587934948158872,1,0.001,-0.010587934948158873
2023-01-05,16859.82,16832.1,16872.54,16781.94,14919039445.106901,324138957221.0557,-0.001369657060755164,175.32214285714326,16732.755,16535.48375,1,16656.777857142857,0.0,16666.15357142857,0.0,0,0,1,16666.15357142857,0.0,False,False,-0.001369657060755164,0,0.0,-0.001369657060755164
2023-01-06,16831.56,16960.23,17021.29,16710.14,19046576249.728558,326571439011.6566,0.007583413990267725,188.08428571428627,16742.36,16571.6625,1,16772.145714285714,0.0,16772.145714285714,0.0,0,0,1,16772.145714285714,0.0,False,False,0.007583413990267725,0,0.0,0.007583413990267725
2023-01-07,16957.16,16950.86,16987.41,16914.33,9594456673.448975,326371741274.41095,-0.0005526215900731804,187.9992857142861,16786.0775,16596.50125,1,16762.860714285714,0.0,16772.145714285714,0.0,0,0,1,16772.145714285714,0.0,False,False,-0.0005526215900731804,0,0.0,-0.0005526215900731804
2023-01-08,16952.25,17074.62,17074.62,16923.76,11841041542.993702,328470896861.37854,0.007274580448309574,187.79642857142895,16828.67125,16658.0725,1,16886.82357142857,0.0,16886.82357142857,0.0,0,0,1,16886.82357142857,0.0,False,False,0.007274580448309574,0,0.0,0.007274580448309574
2023-01-09,17144.93,17194.91,17390.34,17119.13,25532751567.198166,331158152699.25574,0.007020259340063204,202.77428571428624,16883.68375,16710.09375,1,16992.135714285712,0.0,16992.135714285712,0.0,0,0,1,16992.135714285712,0.0,False,False,0.007020259340063204,0,0.0,0.007020259340063204
2023-01-10,17191.95,17436.9,17489.9,17180.42,21858206845.29233,335743942932.3494,0.01397524059658704,202.07571428571515,16979.7625,16785.9725,1,17234.824285714287,0.0,17234.824285714287,0.0,0,0,1,17234.824285714287,0.0,False,False,0.01397524059658704,0,0.0,0.01397524059658704
2023-01-11,17440.38,17996.83,17996.83,17339.76,25439279072.98185,345688973386.69006,0.03160698088822655,227.35285714285808,17071.03625,16864.175,1,17769.477142857144,0.0,17769.477142857144,0.0,0,0,1,17769.477142857144,0.0,False,False,0.03160698088822655,0,0.0,0.03160698088822655
2023-01-12,17987.02,18866.81,18989.18,17912.99,48025109150.17737,363381125082.7658,0.04720866240964302,292.7864285714295,17225.737500000003,16953.50125,1,18574.023571428574,0.0,18574.023571428574,0.0,0,0,1,18574.023571428574,0.0,False,False,0.04720866240964302,0,0.0,0.04720866240964302
2023-01-13,18865.26,19941.78,19980.93,18769.89,39514419053.17687,382675302196.4898,0.055412734667655054,363.2250000000009,17477.763750000002,17110.30875,1,19578.554999999997,0.0,19578.554999999997,0.0,0,0,1,19578.554999999997,0.0,False,False,0.055412734667655054,0,0.0,0.055412734667655054
2023-01-14,19935.7,21019.0,21095.0,19935.7,49498711311.53301,405209898132.0056,0.052609762224873756,436.9657142857151,17866.3125,17358.8025,1,20582.034285714286,0.0,20582.034285714286,0.0,0,0,1,20582.034285714286,0.0,False,False,0.052609762224873756,0,0.0,0.052609762224873756
2023-01-15,20923.0,20853.0,21094.0,20586.0,23072133987.553684,401697403586.5178,-0.007928967791384372,465.4221428571436,18375.52625,17761.9975,1,20387.577857142856,0.0,20582.034285714286,0.0,0,0,1,20582.034285714286,0.0,False,False,-0.007928967791384372,0,0.0,-0.007928967791384372
2023-01-16,20906.0,21175.0,21446.0,20512.0,34809391745.54498,407760358639.0028,0.01532341775165955,517.5000000000008,18888.850000000002,18220.95625,1,20657.5,0.0,20657.5,0.0,0,0,1,20657.5,0.0,False,False,0.01532341775165955,0,0.0,0.01532341775165955
2023-01-17,21167.0,21157.0,21396.0,20973.0,33278841336.508595,407405144842.9396,-0.0008504205369376332,538.1378571428579,19435.272500000003,18669.486249999998,1,20618.862142857142,0.0,20657.5,0.0,0,0,1,20657.5,0.0,False,False,-0.0008504205369376332,0,0.0,-0.0008504205369376332
2023-01-18,21133.0,20727.0,21576.0,20533.0,40612056908.80891,399349603616.14526,-0.020533621826412923,590.1778571428578,19935.980000000003,19151.219999999998,1,20136.82214285714,0.0,20657.5,0.0,0,0,1,20657.5,0.0,False,False,-0.020533621826412923,0,0.0,-0.020533621826412923
2023-01-19,20721.0,21082.0,21189.0,20689.0,29144534677.57505,406258441952.3726,0.016982397658229845,619.4207142857148,20446.7425,19570.2925,1,20462.579285714284,0.0,20657.5,0.0,0,0,1,20657.5,0.0,False,False,0.016982397658229845,0,0.0,0.016982397658229845
2023-01-20,21090.0,22706.0,22706.0,20918.0,41321936668.62795,436724993652.4275,0.07420961090934454,724.9100000000004,20845.763750000002,19988.9475,1,21981.09,0.0,21981.09,0.0,0,0,1,21981.09,0.0,False,False,0.07420961090934454,0,0.0,0.07420961090934454
2023-01-21,22654.0,22771.0,23329.0,22537.0,44077026803.66082,438578588179.0604,0.0028585898041857912,776.2614285714291,21310.366250000003,20364.57375,1,21994.73857142857,0.0,21994.73857142857,0.0,0,0,1,21994.73857142857,0.0,False,False,0.0028585898041857912,0,0.0,0.0028585898041857912
2023-01-22,22768.0,22737.0,23084.0,22399.0,34124364415.43915,438060367560.3554,-0.001494243048525914,814.4142857142862,21728.875,20835.462499999998,1,21922.585714285713,0.0,21994.73857142857,0.0,0,0,1,21994.73857142857,0.0,False,False,-0.001494243048525914,0,0.0,-0.001494243048525914
2023-01-23,22690.0,22985.0,23165.0,22665.0,36750647385.65293,442926343072.59235,0.010848275760189631,827.5771428571433,21977.5,21143.375,1,22157.422857142858,0.0,22157.422857142858,0.0,0,0,1,22157.422857142858,0.0,False,False,0.010848275760189631,0,0.0,0.010848275760189631
2023-01-24,22912.0,22610.0,23164.0,22595.0,35621897292.95152,435679436196.35767,-0.016449542968312834,846.1142857142859,22236.375,21403.25,1,21763.885714285716,0.0,22157.422857142858,0.0,0,0,1,22157.422857142858,0.0,False,False,-0.016449542968312834,0,0.0,-0.016449542968312834
2023-01-25,22630.0,23180.0,23501.0,22317.0,42772537174.72366,446715261348.7517,0.024897551621727087,883.7521428571428,22451.125,21663.625,1,22296.24785714286,0.0,22296.24785714286,0.0,0,0,1,22296.24785714286,0.0,False,False,0.024897551621727087,0,0.0,0.024897551621727087
2023-01-26,23074.0,23025.0,23262.0,22914.0,37099702812.22777,444005849172.13904,-0.006709255770235083,831.7385714285714,22714.25,21831.625,1,22193.26142857143,0.0,22296.24785714286,0.0,0,0,1,22296.24785714286,0.0,False,False,-0.006709255770235083,0,0.0,-0.006709255770235083
2023-01-27,23038.0,23083.0,23420.0,22638.0,36109035905.258965,444898315874.05536,0.0025158337204905573,801.092857142857,22925.0,22129.25,1,22281.907142857144,0.0,22296.24785714286,0.0,0,0,1,22296.24785714286,0.0,False,False,0.0025158337204905573,0,0.0,0.0025158337204905573
2023-01-28,23085.0,23022.0,23165.0,22920.0,19567219823.87809,443702765526.11646,-0.002646135368990794,735.7857142857143,23203.875,22372.875,1,22286.214285714286,0.0,22296.24785714286,0.0,0,0,1,22296.24785714286,0.0,False,False,-0.002646135368990794,0,0.0,-0.002646135368990794
2023-01-29,23008.0,23797.0,23955.0,22997.0,38438621263.58117,458368002025.743,0.03310924181936877,767.9285714285714,23261.25,22623.125,1,23029.071428571428,0.0,23029.071428571428,0.0,0,0,1,23029.071428571428,0.0,False,False,0.03310924181936877,0,0.0,0.03310924181936877
2023-01-30,23755.0,22840.0,23800.0,22672.0,38594596831.97205,439295730927.16473,-0.04104613752442956,781.7857142857143,23339.5,22680.625,1,22058.214285714286,0.0,23029.071428571428,0.0,1,0,0,23029.071428571428,0.0,False,False,-0.04204613752442956,1,0.001,-0.04104613752442956
2023-01-31,22846.0,23137.0,23225.0,22732.0,32683643418.329483,445991168199.3282,0.012919682937735549,786.7857142857143,23429.0,22714.75,1,22350.214285714286,0.0,23029.071428571428,0.0,1,0,0,23029.071428571428,0.0,False,False,0.0,0,0.0,0.0
2023-02-01,23146.0,23725.0,23778.0,22697.0,37452064508.17389,457383099382.75,0.02509627677044657,789.5,23436.5,22723.125,1,22935.5,0.0,23029.071428571428,0.0,0,0,1,23029.071428571428,0.0,False,False,-0.001,1,0.001,0.0
2023-02-02,23757.0,23540.0,24196.0,23520.0,44735297656.69828,453565018922.54517,-0.007828242663860898,802.0714285714286,23513.25,22735.875,1,22737.928571428572,0.0,23029.071428571428,0.0,0,0,1,23029.071428571428,0.0,False,False,-0.007828242663860898,0,0.0,-0.007828242663860898
2023-02-03,23520.0,23452.0,23770.0,23299.0,41267040610.76361,452312595756.25696,-0.003745322730162053,708.0,23600.125,22886.25,1,22744.0,0.0,23029.071428571428,0.0,0,0,1,23029.071428571428,0.0,False,False,-0.003745322730162053,0,0.0,-0.003745322730162053
2023-02-04,23438.0,23340.0,23539.0,23294.0,21063097082.257824,450197147854.798,-0.004787152243558729,668.9285714285714,23663.625,22934.375,1,22671.071428571428,0.0,23029.071428571428,0.0,0,0,1,23029.071428571428,0.0,False,False,-0.004787152243558729,0,0.0,-0.004787152243558729
2023-02-05,23340.0,22946.0,23411.0,22838.0,26678691424.549904,442933975658.56586,-0.017024997481458685,660.9285714285714,23678.5,23016.375,-1,0.0,23606.928571428572,0.0,23606.928571428572,0,0,-1,0.0,23606.928571428572,False,True,-0.018024997481458686,1,0.001,-0.017024997481458685
2023-02-06,22948.0,22786.0,23138.0,22692.0,33963650031.470352,438726385719.1618,-0.006997317101027189,657.0714285714286,23709.25,23006.125,-1,0.0,23443.071428571428,0.0,23443.071428571428,0,0,-1,0.0,23443.071428571428,False,False,0.006997317101027189,0,0.0,0.006997317101027189
2023-02-07,22803.0,23295.0,23610.0,22786.0,38850594358.69947,449391195299.20337,0.022092432992836024,675.2857142857143,23607.125,22968.0,-1,0.0,23970.285714285714,0.0,23443.071428571428,0,0,-1,0.0,23443.071428571428,False,False,-0.022092432992836024,0,0.0,-0.022092432992836024
2023-02-08,23259.0,22948.0,23372.0,22808.0,34247782005.793324,442518382691.65485,-0.015007958529135477,631.0,23583.375,22982.25,-1,0.0,23579.0,0.0,23443.071428571428,0,0,-1,0.0,23443.071428571428,False,False,0.015007958529135477,0,0.0,0.015007958529135477
2023-02-09,22959.0,21821.0,23009.0,21696.0,51161546272.35185,420790678627.7739,-0.05035797787063278,699.9285714285714,23601.75,22991.75,-1,0.0,22520.928571428572,0.0,22520.928571428572,0,0,-1,0.0,22520.928571428572,False,False,0.05035797787063278,0,0.0,0.05035797787063278
2023-02-10,21810.0,21630.0,21959.0,21479.0,42389972640.44812,417351358181.0193,-0.008791568904024459,678.3571428571429,23505.625,22866.625,-1,0.0,22308.35714285714,0.0,22308.35714285714,0,0,-1,0.0,22308.35714285714,False,False,0.008791568904024459,0,0.0,0.008791568904024459
2023-02-11,21644.0,21889.0,21906.0,21633.0,23574706405.838543,422107650473.77954,0.011902987566050162,680.5714285714286,23226.0,22611.5,-1,0.0,22569.571428571428,0.0,22308.35714285714,0,0,-1,0.0,22308.35714285714,False,False,-0.011902987566050162,0,0.0,-0.011902987566050162
2023-02-12,21890.0,21780.0,22101.0,21691.0,25877166000.550278,420218240428.1313,-0.004992110026203132,641.4285714285714,22993.0,22403.25,-1,0.0,22421.428571428572,0.0,22308.35714285714,0,0,-1,0.0,22308.35714285714,False,False,0.004992110026203132,0,0.0,0.004992110026203132
2023-02-13,21825.0,21808.0,21937.0,21471.0,36761909546.14395,420838871938.82733,0.0012847574493624963,594.1428571428571,22813.25,22202.875,-1,0.0,22402.14285714286,0.0,22308.35714285714,0,0,-1,0.0,22308.35714285714,False,False,-0.0012847574493624963,0,0.0,-0.0012847574493624963
2023-02-14,21792.0,22220.0,22291.0,21609.0,45363697019.73754,428649056117.7321,0.01871590925730719,607.6428571428571,22629.0,22032.0,-1,0.0,22827.64285714286,0.0,22308.35714285714,0,0,-1,0.0,22308.35714285714,False,False,-0.01871590925730719,0,0.0,-0.01871590925730719
2023-02-15,22168.0,24308.0,24315.0,22088.0,44336284482.19016,468820317786.9533,0.08981273006162485,689.5,22523.125,21896.625,1,23618.5,0.0,23618.5,0.0,0,0,1,23618.5,0.0,True,False,-0.09081273006162485,1,0.001,-0.08981273006162485
2023-02-16,24323.0,23757.0,25230.0,23757.0,48144978044.45546,459293697174.9459,-0.02292829037672363,746.4285714285714,22611.25,21809.375,1,23010.571428571428,0.0,23618.5,0.0,0,0,1,23618.5,0.0,False,False,-0.02292829037672363,0,0.0,-0.02292829037672363
2023-02-17,23608.0,24629.0,24949.0,23340.0,54200707340.94142,475194230168.09973,0.03604738651860328,827.7142857142857,22843.5,21928.0,1,23801.285714285714,0.0,23801.285714285714,0.0,0,0,1,23801.285714285714,0.0,False,False,0.03604738651860328,0,0.0,0.03604738651860328
2023-02-18,24624.0,24643.0,24780.0,24466.0,24900444765.27695,475529620771.9494,0.0005682740857590142,832.6428571428571,23086.0,22133.5,1,23810.35714285714,0.0,23810.35714285714,0.0,0,0,1,23810.35714285714,0.0,False,False,0.0005682740857590142,0,0.0,0.0005682740857590142
2023-02-19,24636.0,24284.0,25113.0,24284.0,33664683478.33256,470798520570.0436,-0.014675187232559714,850.9285714285714,23438.625,22506.875,1,23433.071428571428,0.0,23810.35714285714,0.0,0,0,1,23810.35714285714,0.0,False,False,-0.014675187232559714,0,0.0,-0.014675187232559714
2023-02-20,24302.0,24787.0,25038.0,23881.0,38997046274.497246,478236525469.6496,0.02050162491689245,901.7142857142857,23839.5,22838.25,1,23885.285714285714,0.0,23885.285714285714,0.0,0,0,1,23885.285714285714,0.0,False,False,0.02050162491689245,0,0.0,0.02050162491689245
2023-02-21,24791.0,24417.0,25193.0,24216.0,41991954878.4476,470623925511.17865,-0.01503971117206589,912.6428571428571,24206.625,23112.0,1,23504.35714285714,0.0,23885.285714285714,0.0,0,0,1,23885.285714285714,0.0,False,False,-0.01503971117206589,0,0.0,-0.01503971117206589
2023-02-22,24416.0,24146.0,24452.0,23634.0,40336608135.49699,465998918250.2451,-0.01116087610281837,930.7857142857143,24613.625,23455.125,1,23215.214285714286,0.0,23885.285714285714,0.0,0,0,1,23885.285714285714,0.0,False,False,-0.01116087610281837,0,0.0,-0.01116087610281837
2023-02-23,24167.0,23951.0,24632.0,23658.0,42356618035.349625,461042830140.0772,-0.008108658271486309,906.5714285714286,24883.75,23708.25,1,23044.428571428572,0.0,23885.285714285714,0.0,0,0,1,23885.285714285714,0.0,False,False,-0.008108658271486309,0,0.0,-0.008108658271486309
2023-02-24,23964.0,23172.0,24043.0,22978.0,35081974267.07997,447316067422.04736,-0.0330654234043317,948.3571428571429,24923.375,23904.5,-1,0.0,24120.35714285714,0.0,24120.35714285714,0,0,-1,0.0,24120.35714285714,False,True,-0.0340654234043317,1,0.001,-0.0330654234043317
2023-02-25,23176.0,23157.0,23235.0,22876.0,22999909593.10942,447030240435.99854,-0.0006475425985511822,954.2857142857143,24775.0,23807.125,-1,0.0,24111.285714285714,0.0,24111.285714285714,0,0,-1,0.0,24111.285714285714,False,False,0.0006475425985511822,0,0.0,0.0006475425985511822
2023-02-26,23167.0,23541.0,23691.0,23075.0,24469102669.371048,454284528651.50226,0.016446471177619396,969.0,24560.75,23749.125,-1,0.0,24510.0,0.0,24111.285714285714,0,0,-1,0.0,24111.285714285714,False,False,-0.016446471177619396,0,0.0,-0.016446471177619396
2023-02-27,23547.0,23518.0,23868.0,23174.0,28832423816.478718,454364917718.867,-0.0009774964122217858,985.2857142857143,24424.625,23575.25,-1,0.0,24503.285714285714,0.0,24111.285714285714,0,0,-1,0.0,24111.285714285714,False,False,0.0009774964122217858,0,0.0,0.0009774964122217858
2023-02-28,23483.0,23156.0,23552.0,23063.0,25534054046.06684,446010055987.85736,-0.015512159184465786,971.5,24269.0,23436.5,-1,0.0,24127.5,0.0,24111.285714285714,0,0,-1,0.0,24111.285714285714,False,False,0.015512159184465786,0,0.0,0.015512159184465786
2023-03-01,23147.0,23634.0,23884.0,23079.0,32507897259.084335,456417315966.7193,0.020432427000065534,869.9285714285714,24083.25,23334.25,-1,0.0,24503.928571428572,0.0,24111.285714285714,0,0,-1,0.0,24111.285714285714,False,False,-0.020432427000065534,0,0.0,-0.020432427000065534
2023-03-02,23622.0,23464.0,23693.0,23227.0,27432755758.440197,453067155320.8529,-0.0072190215416739565,798.0,23919.625,23192.125,-1,0.0,24262.0,0.0,24111.285714285714,0,0,-1,0.0,24111.285714285714,False,False,0.0072190215416739565,0,0.0,0.0072190215416739565
2023-03-03,23469.0,22367.0,23488.0,22215.0,34239649135.070206,431727585101.1504,-0.04788067334701684,774.0,23824.75,23141.25,-1,0.0,23141.0,0.0,23141.0,0,0,-1,0.0,23141.0,False,False,0.04788067334701684,0,0.0,0.04788067334701684
2023-03-04,22362.0,22348.0,22465.0,22158.0,13392431931.930376,431837491811.49384,-0.000849826731230754,773.5,23681.75,22960.875,-1,0.0,23121.5,0.0,23121.5,0,0,-1,0.0,23121.5,False,False,0.000849826731230754,0,0.0,0.000849826731230754
2023-03-05,22381.0,22422.0,22671.0,22267.0,16080097920.160833,433081135066.3954,0.0033057881344994103,743.1428571428571,23484.5,22858.375,-1,0.0,23165.14285714286,0.0,23121.5,0,0,-1,0.0,23121.5,False,False,-0.0033057881344994103,0,0.0,-0.0033057881344994103
2023-03-06,22433.0,22415.0,22576.0,22356.0,21124920006.057713,432758824798.3097,-0.0003122421239990614,676.2142857142857,23414.0,22782.25,-1,0.0,23091.214285714286,0.0,23091.214285714286,0,0,-1,0.0,23091.214285714286,False,False,0.0003122421239990614,0,0.0,0.0003122421239990614
2023-03-07,22414.0,22217.0,22559.0,22011.0,27780357943.162678,427994888566.54205,-0.008872616012412269,645.5714285714286,23274.625,22692.375,-1,0.0,22862.571428571428,0.0,22862.571428571428,0,0,-1,0.0,22862.571428571428,False,False,0.008872616012412269,0,0.0,0.008872616012412269
2023-03-08,22202.0,21713.0,22292.0,21683.0,28493032424.783108,419694984165.3824,-0.022946602083355635,630.6428571428571,23111.0,22547.0,-1,0.0,22343.64285714286,0.0,22343.64285714286,0,0,-1,0.0,22343.64285714286,False,False,0.022946602083355635,0,0.0,0.022946602083355635
2023-03-09,21731.0,20376.0,21824.0,20207.0,40173833477.660774,392841773384.4403,-0.06355342183447898,676.5714285714286,22953.5,22374.5,-1,0.0,21052.571428571428,0.0,21052.571428571428,0,0,-1,0.0,21052.571428571428,False,False,0.06355342183447898,0,0.0,0.06355342183447898
2023-03-10,20368.0,20195.0,20368.0,19647.57,51593890225.48742,390202255053.33545,-0.008922688661779721,652.5307142857143,22696.0,22015.5,-1,0.0,20847.530714285713,0.0,20847.530714285713,0,0,-1,0.0,20847.530714285713,False,False,0.008922688661779721,0,0.0,0.008922688661779721
2023-03-11,20161.0,20522.0,20681.0,19950.03,37746654239.61721,394742728281.98926,0.016062432424641282,679.1000000000001,22280.375,21568.07125,-1,0.0,21201.1,0.0,20847.530714285713,0,0,-1,0.0,20847.530714285713,False,False,-0.016062432424641282,0,0.0,-0.016062432424641282
2023-03-12,20482.0,22096.0,22096.0,20335.0,36639901908.82403,425816781283.92786,0.0738991152269188,760.8857142857144,21929.5,21284.95,1,21335.114285714284,0.0,21335.114285714284,0.0,0,0,1,21335.114285714284,0.0,True,False,-0.0748991152269188,1,0.001,-0.0738991152269188
2023-03-13,22192.0,24179.0,24469.0,21993.0,66799159801.958115,466509005562.78174,0.09008789117153757,888.1714285714287,21883.375,21057.075,1,23290.82857142857,0.0,23290.82857142857,0.0,0,0,1,23290.82857142857,0.0,False,False,0.09008789117153757,0,0.0,0.09008789117153757
2023-03-14,24202.0,24759.0,26402.0,24102.0,70714394276.37074,478406045309.6089,0.023704571440183037,1017.5285714285716,22108.125,21022.825,1,23741.47142857143,0.0,23741.47142857143,0.0,0,0,1,23741.47142857143,0.0,False,False,0.023704571440183037,0,0.0,0.023704571440183037
2023-03-15,24782.0,24471.0,25239.0,24178.0,63107437928.81401,472833547484.0809,-0.011700316292103788,1035.814285714286,22586.375,21241.075,1,23435.185714285715,0.0,23741.47142857143,0.0,0,0,1,23741.47142857143,0.0,False,False,-0.011700316292103788,0,0.0,-0.011700316292103788
2023-03-16,24417.0,25161.0,25230.0,24322.0,60688056874.81415,486375597562.7987,0.0278064336838312,1067.3857142857144,22921.375,21511.95,1,24093.614285714284,0.0,24093.614285714284,0.0,0,0,1,24093.614285714284,0.0,False,False,0.0278064336838312,0,0.0,0.0278064336838312
2023-03-17,25166.0,27467.0,27811.0,25052.0,64617615617.80156,530038219067.3334,0.08769010742562257,1173.5285714285715,23288.625,21841.825,1,26293.47142857143,0.0,26293.47142857143,0.0,0,0,1,26293.47142857143,0.0,False,False,0.08769010742562257,0,0.0,0.08769010742562257
2023-03-18,27454.0,27108.0,27805.0,26685.0,46473651090.578415,523262280970.14777,-0.013156396822140225,1231.6000000000001,24037.0,22447.45,1,25876.4,0.0,26293.47142857143,0.0,0,0,1,26293.47142857143,0.0,False,False,-0.013156396822140225,0,0.0,-0.013156396822140225
2023-03-19,27125.0,28187.0,28509.0,27010.0,46394763656.038155,546680822196.2155,0.03903199147250227,1309.814285714286,24966.625,23327.12875,1,26877.185714285715,0.0,26877.185714285715,0.0,0,0,1,26877.185714285715,0.0,False,False,0.03903199147250227,0,0.0,0.03903199147250227
2023-03-20,28133.0,27929.0,28504.0,27252.0,55315948514.426994,538935400013.3555,-0.009195303225456872,1383.5285714285715,25945.125,24209.625,1,26545.47142857143,0.0,26877.185714285715,0.0,0,0,1,26877.185714285715,0.0,False,False,-0.009195303225456872,0,0.0,-0.009195303225456872
2023-03-21,27961.0,28264.0,28618.0,27542.0,34430928756.27183,545917428270.10583,0.01192333453593218,1421.2428571428572,26746.125,25074.25,1,26842.757142857143,0.0,26877.185714285715,0.0,0,0,1,26877.185714285715,0.0,False,False,0.01192333453593218,0,0.0,0.01192333453593218
2023-03-22,28294.0,27449.0,28907.0,26980.0,35394833933.50181,530515158753.954,-0.02925917263738383,1515.3857142857144,27264.75,25767.875,1,25933.614285714284,0.0,26877.185714285715,0.0,0,0,1,26877.185714285715,0.0,False,False,-0.02925917263738383,0,0.0,-0.02925917263738383
2023-03-23,27436.0,28460.0,28854.0,27365.0,20360807194.56342,549578396178.6341,0.03616985524224612,1506.2428571428572,27577.875,26127.625,1,26953.757142857143,0.0,26953.757142857143,0.0,0,0,1,26953.757142857143,0.0,False,False,0.03616985524224612,0,0.0,0.03616985524224612
2023-03-24,28454.0,27595.0,28507.0,27210.0,21551272690.413612,533634255119.3758,-0.030864995770241703,1546.855,28029.75,26526.0,1,26048.145,0.0,26953.757142857143,0.0,0,0,1,26953.757142857143,0.0,False,False,-0.030864995770241703,0,0.0,-0.030864995770241703
2023-03-25,27651.0,27670.0,27921.0,27403.0,15053754845.31385,534960802333.31067,0.002714196907369908,1531.642857142857,28439.375,26887.0,1,26138.35714285714,0.0,26953.757142857143,0.0,0,0,1,26953.757142857143,0.0,False,False,0.002714196907369908,0,0.0,0.002714196907369908
2023-03-26,27668.0,28048.0,28246.0,27540.0,14450374261.063795,542675619058.77966,0.01356853438004408,1456.2857142857142,28453.125,27180.875,1,26591.714285714286,0.0,26953.757142857143,0.0,0,0,1,26953.757142857143,0.0,False,False,0.01356853438004408,0,0.0,0.01356853438004408
2023-03-27,28020.0,27182.0,28078.0,26720.0,18519053231.63728,525230880103.13837,-0.031362338645723076,1376.4285714285713,28508.25,27287.75,-1,0.0,28558.428571428572,0.0,28558.428571428572,0,0,-1,0.0,28558.428571428572,False,True,-0.03236233864572308,1,0.001,-0.031362338645723076
2023-03-28,27175.0,27291.0,27482.0,26705.0,17658503318.910484,528042785008.98267,0.00400198797487886,1267.642857142857,28454.375,27251.5,-1,0.0,28558.64285714286,0.0,28558.428571428572,0,0,-1,0.0,28558.428571428572,False,False,-0.00400198797487886,0,0.0,-0.00400198797487886
2023-03-29,27280.0,28395.0,28629.0,27280.0,21097595427.489532,548808373530.0567,0.03965609582136128,1288.2142857142858,28326.625,27183.125,1,27106.785714285714,0.0,27106.785714285714,0.0,0,0,1,27106.785714285714,0.0,True,False,-0.04065609582136128,1,0.001,-0.03965609582136128
2023-03-30,28387.0,28041.0,29007.0,27801.0,22702531379.35043,542369769760.28796,-0.012545348460839793,1309.5,28328.0,27150.375,1,26731.5,0.0,27106.785714285714,0.0,0,0,1,27106.785714285714,0.0,False,False,-0.012545348460839793,0,0.0,-0.012545348460839793
2023-03-31,28054.0,28517.0,28654.0,27626.0,19112345639.962193,551707238559.8757,0.016832675803938917,1185.857142857143,28340.5,27253.0,1,27331.14285714286,0.0,27331.14285714286,0.0,0,0,1,27331.14285714286,0.0,False,False,0.016832675803938917,0,0.0,0.016832675803938917
2023-04-01,28513.0,28499.0,28741.0,28352.0,10085380788.870918,550949831049.3949,-0.0006314017327768083,1133.642857142857,28315.5,27285.625,1,27365.35714285714,0.0,27365.35714285714,0.0,0,0,1,27365.35714285714,0.0,False,False,-0.0006314017327768083,0,0.0,-0.0006314017327768083
2023-04-02,28506.0,28237.0,28554.0,27954.0,11682876586.814528,545181408318.2205,-0.009235824252344224,1069.4285714285713,28344.75,27428.375,1,27167.571428571428,0.0,27365.35714285714,0.0,0,0,1,27365.35714285714,0.0,False,False,-0.009235824252344224,0,0.0,-0.009235824252344224
2023-04-03,28243.0,27815.0,28457.0,27372.0,19711493345.476036,539350908801.9282,-0.015057731160117414,1057.5,28423.875,27497.25,1,26757.5,0.0,27365.35714285714,0.0,0,0,1,27365.35714285714,0.0,False,False,-0.015057731160117414,0,0.0,-0.015057731160117414
2023-04-04,27824.0,28175.0,28418.0,27732.0,14871614372.831093,544313567953.4008,0.012859616398583374,1029.642857142857,28450.25,27476.25,1,27145.35714285714,0.0,27365.35714285714,0.0,0,0,1,27365.35714285714,0.0,False,False,0.012859616398583374,0,0.0,0.012859616398583374
2023-04-05,28209.0,28197.0,28731.0,27884.0,16507617903.813946,545409754928.52686,0.0007805293804340541,952.5,28492.75,27602.75,1,27244.5,0.0,27365.35714285714,0.0,0,0,1,27365.35714285714,0.0,False,False,0.0007805293804340541,0,0.0,0.0007805293804340541
2023-04-06,28186.0,28043.0,28186.0,27850.0,13079528995.139923,542601176317.4441,-0.005476542848642742,870.9285714285714,28648.875,27750.125,1,27172.071428571428,0.0,27365.35714285714,0.0,0,0,1,27365.35714285714,0.0,False,False,-0.005476542848642742,0,0.0,-0.005476542848642742
2023-04-07,28044.0,27934.0,28122.0,27824.0,10141276803.893911,540432353743.3232,-0.003894461574051678,799.5714285714286,28593.5,27821.375,1,27134.428571428572,0.0,27365.35714285714,0.0,0,0,1,27365.35714285714,0.0,False,False,-0.003894461574051678,0,0.0,-0.003894461574051678
2023-04-08,27934.0,27968.0,28196.0,27904.0,8844199146.1801,541094458101.44714,0.0012164145895452675,783.4285714285714,28482.875,27824.25,1,27184.571428571428,0.0,27365.35714285714,0.0,0,0,1,27365.35714285714,0.0,False,False,0.0012164145895452675,0,0.0,0.0012164145895452675
2023-04-09,27974.0,28351.0,28499.0,27879.0,11429030269.731691,548568597244.1978,0.013601303447152237,777.2857142857143,28425.625,27859.0,1,27573.714285714286,0.0,27573.714285714286,0.0,0,0,1,27573.714285714286,0.0,False,False,0.013601303447152237,0,0.0,0.013601303447152237
2023-04-10,28331.0,29658.0,29708.0,28224.0,17475381731.251884,574059578670.3654,0.04506960063260001,786.2857142857143,28395.375,27799.875,1,28871.714285714286,0.0,28871.714285714286,0.0,0,0,1,28871.714285714286,0.0,False,False,0.04506960063260001,0,0.0,0.04506960063260001
2023-04-11,29679.0,30261.0,30532.0,29639.0,18320296514.777645,585359301945.2595,0.02012785118793082,794.5714285714286,28539.625,27833.625,1,29466.428571428572,0.0,29466.428571428572,0.0,0,0,1,29466.428571428572,0.0,False,False,0.02012785118793082,0,0.0,0.02012785118793082
2023-04-12,30246.0,29904.0,30426.0,29844.0,18407698928.06657,578850627447.6105,-0.011867504027600981,739.7857142857143,28799.0,28117.0,1,29164.214285714286,0.0,29466.428571428572,0.0,0,0,1,29466.428571428572,0.0,False,False,-0.011867504027600981,0,0.0,-0.011867504027600981
2023-04-13,29908.0,30405.0,30540.0,29908.0,16404033694.47376,587939018759.4221,0.01661481785886609,699.0714285714286,29050.0,28381.0,1,29705.928571428572,0.0,29705.928571428572,0.0,0,0,1,29705.928571428572,0.0,False,False,0.01661481785886609,0,0.0,0.01661481785886609
2023-04-14,30429.0,30468.0,31015.0,30122.0,20984067684.216217,589051372432.549,0.002069883938468572,689.4285714285714,29276.125,28634.0,1,29778.571428571428,0.0,29778.571428571428,0.0,0,0,1,29778.571428571428,0.0,False,False,0.002069883938468572,0,0.0,0.002069883938468572
2023-04-15,30479.0,30312.0,30567.0,30266.0,11028264273.146706,586969785778.0928,-0.005133278794241989,683.1428571428571,29629.75,28918.0,1,29628.85714285714,0.0,29778.571428571428,0.0,0,0,1,29778.571428571428,0.0,False,False,-0.005133278794241989,0,0.0,-0.005133278794241989
2023-04-16,30330.0,30305.0,30535.0,30225.0,11188035367.077023,586268225587.8677,-0.00023095831305128346,662.4285714285714,29935.375,29223.25,1,29642.571428571428,0.0,29778.571428571428,0.0,0,0,1,29778.571428571428,0.0,False,False,-0.00023095831305128346,0,0.0,-0.00023095831305128346
2023-04-17,30314.0,29467.0,30314.0,29327.0,16771824487.579357,569958059900.5195,-0.028041722274548358,655.4285714285714,30227.75,29513.375,-1,0.0,30122.428571428572,0.0,30122.428571428572,0,0,-1,0.0,30122.428571428572,False,True,-0.02904172227454836,1,0.001,-0.028041722274548358
2023-04-18,29457.0,30366.0,30443.0,29277.0,18078539248.52104,587730212230.9563,0.03005256833129586,689.7142857142857,30454.625,29694.375,-1,0.0,31055.714285714286,0.0,30122.428571428572,0,1,0,0.0,30122.428571428572,False,False,-0.03105256833129586,1,0.001,-0.03005256833129586
2023-04-19,30404.0,28833.0,30404.0,28713.0,24136616861.636356,558796473890.5958,-0.05180299695073899,750.0,30546.5,29826.0,-1,0.0,29583.0,0.0,29583.0,0,1,0,0.0,29583.0,False,False,-0.0,0,0.0,-0.0
2023-04-20,28856.0,28256.0,29027.0,28110.0,21695904964.799046,546141074655.3764,-0.020214740087707454,790.7142857142857,30530.5,29710.25,-1,0.0,29046.714285714286,0.0,29046.714285714286,0,0,-1,0.0,29046.714285714286,False,False,-0.001,1,0.001,-0.0
2023-04-21,28236.0,27300.0,28355.0,27238.0,20420333533.71415,528357279464.0127,-0.03441912223063544,849.2142857142857,30355.625,29493.5,-1,0.0,28149.214285714286,0.0,28149.214285714286,0,0,-1,0.0,28149.214285714286,False,False,0.03441912223063544,0,0.0,0.03441912223063544
2023-04-22,27285.0,27862.0,27915.0,27201.0,11700230849.968126,539454716829.9368,0.020377051093119224,879.3571428571429,30082.5,29159.75,-1,0.0,28741.35714285714,0.0,28149.214285714286,0,0,-1,0.0,28149.214285714286,False,False,-0.020377051093119224,0,0.0,-0.020377051093119224
2023-04-23,27831.0,27607.0,27831.0,27432.0,11435645306.771605,533753154140.2553,-0.009194389529446897,865.7857142857143,29695.0,28794.625,-1,0.0,28472.785714285714,0.0,28149.214285714286,0,0,-1,0.0,28149.214285714286,False,False,0.009194389529446897,0,0.0,0.009194389529446897
2023-04-24,27591.0,27512.0,27893.0,27197.0,16443099944.64734,532290845181.53394,-0.0034470906246211806,809.5,29353.0,28440.375,-1,0.0,28321.5,0.0,28149.214285714286,0,0,-1,0.0,28149.214285714286,False,False,0.0034470906246211806,0,0.0,0.0034470906246211806
2023-04-25,27512.0,28351.0,28380.0,27224.0,17061823985.865345,548359667398.65234,0.030040029790312107,828.2857142857143,29022.75,28061.875,-1,0.0,29179.285714285714,0.0,28149.214285714286,0,1,0,0.0,28149.214285714286,False,False,-0.031040029790312108,1,0.001,-0.030040029790312107
2023-04-26,28292.0,28352.0,30026.0,27697.0,30540034741.28477,548638734338.36755,3.527150239334594e-05,953.0714285714286,28781.0,27799.0,-1,0.0,29305.071428571428,0.0,28149.214285714286,0,1,0,0.0,28149.214285714286,False,False,0.0,0,0.0,0.0
2023-04-27,28454.0,29484.0,29869.0,28440.0,26238597379.49954,570258039118.5771,0.039150168904371827,1016.0,28728.875,27601.5,1,28468.0,0.0,28468.0,0.0,0,0,1,28468.0,0.0,True,False,-0.001,1,0.001,0.0
2023-04-28,29488.0,29340.0,29545.0,28969.0,18730801539.181553,568153896404.9741,-0.004895970612206698,993.3571428571429,28662.0,27567.375,1,28346.64285714286,0.0,28468.0,0.0,0,0,1,28468.0,0.0,False,False,-0.004895970612206698,0,0.0,-0.004895970612206698
2023-04-29,29336.0,29218.0,29429.0,29136.0,9711415138.827158,565714356650.6621,-0.004166815004513384,992.7857142857143,28726.75,27674.75,1,28225.214285714286,0.0,28468.0,0.0,0,0,1,28468.0,0.0,False,False,-0.004166815004513384,0,0.0,-0.004166815004513384
2023-04-30,29269.0,29362.0,29945.0,29134.0,14707008604.647,568513467268.4124,0.004916363606946335,1028.5714285714287,28861.0,27912.0,1,28333.428571428572,0.0,28468.0,0.0,0,0,1,28468.0,0.0,False,False,0.004916363606946335,0,0.0,0.004916363606946335
2023-05-01,29272.0,28126.0,29333.0,27722.0,19980169281.008976,544421676291.20087,-0.043006905869212624,1075.2142857142858,29114.75,28153.625,-1,0.0,29201.214285714286,0.0,29201.214285714286,0,0,-1,0.0,29201.214285714286,False,True,-0.044006905869212624,1,0.001,-0.043006905869212624
2023-05-02,28107.0,28654.0,28882.0,27943.0,17699097406.188805,554886795897.9369,0.018598634023124585,1059.0,29302.5,28189.875,-1,0.0,29713.0,0.0,29201.214285714286,0,0,-1,0.0,29201.214285714286,False,False,-0.018598634023124585,0,0.0,-0.018598634023124585
2023-05-03,28701.0,28988.0,29222.0,28190.0,19944381490.560024,561312171794.5802,0.011588901775854367,1011.9285714285714,29426.125,28283.125,-1,0.0,29999.928571428572,0.0,29201.214285714286,0,0,-1,0.0,29201.214285714286,False,False,-0.011588901775854367,0,0.0,-0.011588901775854367
2023-05-04,29005.0,28846.0,29434.0,28702.0,12676760580.080193,558634329303.2208,-0.004910616085716497,998.7142857142857,29531.375,28403.875,-1,0.0,29844.714285714286,0.0,29201.214285714286,0,0,-1,0.0,29201.214285714286,False,False,0.004910616085716497,0,0.0,0.004910616085716497
2023-05-05,28856.0,29520.0,29693.0,28851.0,4971523630.54862,571520224182.8824,0.023096664570953367,979.4285714285714,29457.375,28529.5,1,28540.571428571428,0.0,28540.571428571428,0.0,0,0,1,28540.571428571428,0.0,True,False,-0.024096664570953368,1,0.001,-0.023096664570953367
2023-05-06,29524.0,28888.0,29741.0,28485.0,6463808309.438925,559078681902.6073,-0.021641715757115116,1018.1428571428571,29435.375,28580.875,1,27869.85714285714,0.0,28540.571428571428,0.0,0,0,1,28540.571428571428,0.0,False,False,-0.021641715757115116,0,0.0,-0.021641715757115116
2023-05-07,28895.0,28611.0,29093.0,28611.0,10199066943.170338,554373015261.6681,-0.009635024710271573,1021.8571428571429,29459.875,28520.375,1,27589.14285714286,0.0,28540.571428571428,0.0,0,0,1,28540.571428571428,0.0,False,False,-0.009635024710271573,0,0.0,-0.009635024710271573
2023-05-08,28616.0,27697.0,28646.0,27351.0,21535578788.860283,536032086472.038,-0.03246715518591003,1064.642857142857,29417.875,28454.75,-1,0.0,28761.64285714286,0.0,28761.64285714286,0,0,-1,0.0,28761.64285714286,False,True,-0.03346715518591003,1,0.001,-0.03246715518591003
2023-05-09,27691.0,27607.0,27820.0,27418.0,8876813250.933558,535037100026.6903,-0.0032547403243886578,1010.7857142857143,29255.5,28231.875,-1,0.0,28617.785714285714,0.0,28617.785714285714,0,0,-1,0.0,28617.785714285714,False,False,0.0032547403243886578,0,0.0,0.0032547403243886578
2023-05-10,27652.0,27640.0,28281.0,27058.0,17159331951.189877,534937464538.75824,0.0011946351448829462,931.7857142857143,29066.375,28193.875,-1,0.0,28571.785714285714,0.0,28571.785714285714,0,0,-1,0.0,28571.785714285714,False,False,-0.0011946351448829462,0,0.0,-0.0011946351448829462
2023-05-11,27621.0,27025.0,27623.0,26791.0,7754296234.077171,523414877659.3074,-0.02250163537419713,884.0714285714286,28991.25,28083.25,-1,0.0,27909.071428571428,0.0,27909.071428571428,0,0,-1,0.0,27909.071428571428,False,False,0.02250163537419713,0,0.0,0.02250163537419713
2023-05-12,26992.0,26788.0,27052.0,25889.0,9157286238.193073,518816444750.7709,-0.008808337477468254,926.0,28791.375,27908.375,-1,0.0,27714.0,0.0,27714.0,0,0,-1,0.0,27714.0,False,False,0.008808337477468254,0,0.0,0.008808337477468254
2023-05-13,26795.0,26798.0,26981.0,26732.0,8365379054.202115,520426027097.3362,0.00037323181861251395,922.8571428571429,28493.625,27556.75,-1,0.0,27720.85714285714,0.0,27714.0,0,0,-1,0.0,27714.0,False,False,-0.00037323181861251395,0,0.0,-0.00037323181861251395
2023-05-14,26783.0,26912.0,27148.0,26704.0,6019488454.419681,521319019334.69617,0.0042450259241211775,896.6428571428571,28154.625,27291.875,-1,0.0,27808.64285714286,0.0,27714.0,0,0,-1,0.0,27714.0,False,False,-0.0042450259241211775,0,0.0,-0.0042450259241211775
2023-05-15,26933.0,27228.0,27642.0,26771.0,14570026781.747086,527655229433.8867,0.01167357179516745,841.7142857142857,27830.5,27069.25,-1,0.0,28069.714285714286,0.0,27714.0,0,0,-1,0.0,27714.0,False,False,-0.01167357179516745,0,0.0,-0.01167357179516745
2023-05-16,27170.0,27023.0,27300.0,26932.0,12927093920.902998,523965691858.8659,-0.007557500349395138,800.9285714285714,27649.125,26839.25,-1,0.0,27823.928571428572,0.0,27714.0,0,0,-1,0.0,27714.0,False,False,0.007557500349395138,0,0.0,0.007557500349395138
2023-05-17,27037.0,27390.0,27448.0,26590.0,12580626234.913448,530762551513.4872,0.013489628038676883,788.5,27480.875,26786.875,-1,0.0,28178.5,0.0,27714.0,0,0,-1,0.0,27714.0,False,False,-0.013489628038676883,0,0.0,-0.013489628038676883
2023-05-18,27394.0,26843.0,27425.0,26517.0,12599487111.93878,520544913836.41003,-0.020172903945265698,801.0714285714286,27434.375,26683.375,-1,0.0,27644.071428571428,0.0,27644.071428571428,0,0,-1,0.0,27644.071428571428,False,False,0.020172903945265698,0,0.0,0.020172903945265698
2023-05-19,26847.0,26884.0,27049.0,26763.0,11559136131.368769,521153640362.9618,0.0015262347779983767,761.0,27327.375,26615.75,-1,0.0,27645.0,0.0,27644.071428571428,0,0,-1,0.0,27644.071428571428,False,False,-0.0015262347779983767,0,0.0,-0.0015262347779983767
2023-05-20,26876.0,27094.0,27139.0,26845.0,3882362454.219783,525040003344.1629,0.0077809870508251345,692.2857142857143,27255.625,26612.25,-1,0.0,27786.285714285714,0.0,27644.071428571428,0,0,-1,0.0,27644.071428571428,False,False,-0.0077809870508251345,0,0.0,-0.0077809870508251345
2023-05-21,27101.0,26774.0,27261.0,26667.0,8125825605.684245,519171380714.0945,-0.011881033794838656,700.2857142857143,27266.5,26731.75,-1,0.0,27474.285714285714,0.0,27474.285714285714,0,0,-1,0.0,27474.285714285714,False,False,0.011881033794838656,0,0.0,0.011881033794838656
2023-05-22,26749.0,26870.0,27027.0,26543.0,8025716966.179398,520821915713.9187,0.0035791552636938837,642.3571428571429,27301.5,26723.625,-1,0.0,27512.35714285714,0.0,27474.285714285714,0,0,-1,0.0,27474.285714285714,False,False,-0.0035791552636938837,0,0.0,-0.0035791552636938837
2023-05-23,26863.0,27223.0,27420.0,26794.0,11685763863.312372,527528695688.7587,0.013051781601523788,658.3571428571429,27286.375,26703.5,-1,0.0,27881.35714285714,0.0,27474.285714285714,0,0,-1,0.0,27474.285714285714,False,False,-0.013051781601523788,0,0.0,-0.013051781601523788
2023-05-24,27222.0,26339.0,27223.0,26114.0,17477200137.10873,510987979871.2201,-0.03301147370661379,650.2142857142857,27258.625,26706.375,-1,0.0,26989.214285714286,0.0,26989.214285714286,0,0,-1,0.0,26989.214285714286,False,False,0.03301147370661379,0,0.0,0.03301147370661379
2023-05-25,26325.0,26476.0,26558.0,25887.0,11953749225.494001,513295724355.69904,0.005187931734366705,637.5,27249.0,26604.125,-1,0.0,27113.5,0.0,26989.214285714286,0,0,-1,0.0,26989.214285714286,False,False,-0.005187931734366705,0,0.0,-0.005187931734366705
2023-05-26,26476.0,26718.0,26857.0,26355.0,10994037071.45216,517973731437.9403,0.009098833310943988,590.2857142857143,27137.75,26516.25,-1,0.0,27308.285714285714,0.0,26989.214285714286,0,0,-1,0.0,26989.214285714286,False,False,-0.009098833310943988,0,0.0,-0.009098833310943988
2023-05-27,26719.0,26848.0,26852.0,26630.0,6029471707.897409,520461980942.25433,0.004853834717175385,588.3571428571429,27066.75,26496.0,-1,0.0,27436.35714285714,0.0,26989.214285714286,0,0,-1,0.0,26989.214285714286,False,False,-0.004853834717175385,0,0.0,-0.004853834717175385
2023-05-28,26851.0,28110.0,28155.0,26806.0,13144599279.47902,544879177078.8053,0.04593405463364474,653.0,27042.125,26479.375,1,27457.0,0.0,27457.0,0.0,0,0,1,27457.0,0.0,True,False,-0.046934054633644744,1,0.001,-0.04593405463364474
2023-05-29,28096.0,27760.0,28355.0,27567.0,13483205892.539595,538430950369.49817,-0.012529249279836735,647.0714285714286,27169.125,26474.5,1,27112.928571428572,0.0,27457.0,0.0,0,0,1,27457.0,0.0,False,False,-0.012529249279836735,0,0.0,-0.012529249279836735
2023-05-30,27737.0,27714.0,28044.0,27650.0,12766436369.815956,537414074116.4985,-0.0016584349620803625,648.9285714285714,27305.875,26587.0,1,27065.071428571428,0.0,27457.0,0.0,0,0,1,27457.0,0.0,False,False,-0.0016584349620803625,0,0.0,-0.0016584349620803625
2023-05-31,27708.0,27245.0,27806.0,26890.0,10001106221.647074,528464394082.93866,-0.01706768264146165,653.0714285714286,27433.0,26725.375,1,26591.928571428572,0.0,27457.0,0.0,1,0,0,27457.0,0.0,False,False,-0.01806768264146165,1,0.001,-0.01706768264146165
2023-06-01,27236.0,26824.0,27308.0,26704.0,12156086970.872988,520271910707.11273,-0.015573008871134261,631.3571428571429,27481.25,26737.375,1,26192.64285714286,0.0,27457.0,0.0,1,0,0,27457.0,0.0,False,False,-0.0,0,0.0,-0.0
2023-06-02,26812.0,27248.0,27304.0,26716.0,15428145241.775957,528508990069.2122,0.015683114756404958,652.9285714285714,27491.875,26811.125,1,26595.071428571428,0.0,27457.0,0.0,1,0,0,27457.0,0.0,False,False,0.0,0,0.0,0.0
2023-06-03,27252.0,27084.0,27310.0,26996.0,6673279605.629511,525209390395.50604,-0.0060369762969334625,654.3571428571429,27585.125,26914.75,1,26429.64285714286,0.0,27457.0,0.0,1,0,0,27457.0,0.0,False,False,-0.0,0,0.0,-0.0
2023-06-04,27079.0,27156.0,27368.0,26975.0,6098045626.047618,529630092281.38684,0.0026548688160017747,640.0,27641.75,26994.875,1,26516.0,0.0,27457.0,0.0,1,0,0,27457.0,0.0,False,False,0.0,0,0.0,0.0
2023-06-05,27126.0,25793.0,27126.0,25444.0,21208433571.87331,500593893699.2183,-0.05149487915462742,727.7142857142857,27706.25,27038.0,-1,0.0,26520.714285714286,0.0,26520.714285714286,0,0,-1,0.0,26520.714285714286,False,True,-0.001,1,0.001,-0.0
2023-06-06,25743.0,27217.0,27291.0,25460.0,22188018260.83246,527295592028.08093,0.053738640786020565,813.7857142857143,27577.625,26867.75,-1,0.0,28030.785714285714,0.0,26520.714285714286,0,1,0,0.0,26520.714285714286,False,False,-0.054738640786020566,1,0.001,-0.053738640786020565
2023-06-07,27228.0,26346.0,27300.0,26227.0,14723854336.09437,510979921090.6337,-0.032525317263158354,811.2142857142857,27444.625,26604.375,-1,0.0,27157.214285714286,0.0,26520.714285714286,0,1,0,0.0,26520.714285714286,False,False,-0.0,0,0.0,-0.0
2023-06-08,26349.0,26508.0,26754.0,26252.0,10197924963.780262,514279355771.4992,0.006130113418345137,799.1428571428571,27351.625,26426.5,-1,0.0,27307.14285714286,0.0,26520.714285714286,0,0,-1,0.0,26520.714285714286,False,False,-0.001,1,0.001,0.0
2023-06-09,26500.0,26470.0,26756.0,26388.0,10464066236.48124,513226142603.1213,-0.0014345579869704966,789.5714285714286,27220.125,26346.75,-1,0.0,27259.571428571428,0.0,26520.714285714286,0,0,-1,0.0,26520.714285714286,False,False,0.0014345579869704966,0,0.0,0.0014345579869704966
2023-06-10,26479.0,25858.0,26519.0,25510.0,9755626714.244692,501653860264.2029,-0.023391985406648393,845.7857142857143,27151.125,26307.25,-1,0.0,26703.785714285714,0.0,26520.714285714286,0,0,-1,0.0,26520.714285714286,False,False,0.023391985406648393,0,0.0,0.023391985406648393
2023-06-11,25854.0,25917.0,26164.0,25696.0,10439993428.365507,502683000962.43024,0.0022790932124953007,782.8571428571429,27053.0,26156.5,-1,0.0,26699.85714285714,0.0,26520.714285714286,0,0,-1,0.0,26520.714285714286,False,False,-0.0022790932124953007,0,0.0,-0.0022790932124953007
2023-06-12,25924.0,25910.0,26049.0,25681.0,9761691909.31603,502562686069.16986,-0.0002701294708382078,752.8571428571429,26909.75,25994.0,-1,0.0,26662.85714285714,0.0,26520.714285714286,0,0,-1,0.0,26520.714285714286,False,False,0.0002701294708382078,0,0.0,0.0002701294708382078
2023-06-13,25912.0,25872.0,26354.0,25739.0,9921875985.888603,501752262681.7188,-0.001467691739267535,768.6428571428571,26744.875,25832.25,-1,0.0,26640.64285714286,0.0,26520.714285714286,0,0,-1,0.0,26520.714285714286,False,False,0.001467691739267535,0,0.0,0.001467691739267535
2023-06-14,25940.0,25108.0,26047.0,24880.0,11982737579.702812,487262840554.6715,-0.029974782379465725,786.5714285714286,26648.375,25869.125,-1,0.0,25894.571428571428,0.0,25894.571428571428,0,0,-1,0.0,25894.571428571428,False,False,0.029974782379465725,0,0.0,0.029974782379465725
2023-06-15,25113.0,25565.0,25694.0,24852.0,15184095954.029512,495788386559.10156,0.018037708076677376,803.5714285714286,26492.875,25796.625,-1,0.0,26368.571428571428,0.0,25894.571428571428,0,0,-1,0.0,25894.571428571428,False,False,-0.018037708076677376,0,0.0,-0.018037708076677376
2023-06-16,25578.0,26327.0,26454.0,25292.0,13604025863.641972,510906153487.60516,0.029370800011550104,844.5714285714286,26292.125,25624.75,1,25482.428571428572,0.0,25482.428571428572,0.0,0,0,1,25482.428571428572,0.0,True,False,-0.030370800011550105,1,0.001,-0.029370800011550104
2023-06-17,26328.0,26501.0,26723.0,26183.0,9533422254.890303,514331114457.8236,0.006587439585741206,860.7142857142857,26254.625,25504.75,1,25640.285714285714,0.0,25640.285714285714,0.0,0,0,1,25640.285714285714,0.0,False,False,0.006587439585741206,0,0.0,0.006587439585741206
2023-06-18,26508.0,26333.0,26647.0,26333.0,8589379740.11672,511384956032.88007,-0.006359562638306207,855.0714285714286,26250.5,25479.125,1,25477.928571428572,0.0,25640.285714285714,0.0,0,0,1,25640.285714285714,0.0,False,False,-0.006359562638306207,0,0.0,-0.006359562638306207
2023-06-19,26340.0,26779.0,26936.0,26340.0,6651894946.454161,519667661979.1768,0.016795092775397806,775.8571428571429,26266.5,25582.0,1,26003.14285714286,0.0,26003.14285714286,0.0,0,0,1,26003.14285714286,0.0,False,False,0.016795092775397806,0,0.0,0.016795092775397806
2023-06-20,26787.0,28331.0,28331.0,26667.0,19958565664.552258,549330089183.52325,0.05633861322349515,763.9285714285714,26363.0,25662.5,1,27567.071428571428,0.0,27567.071428571428,0.0,0,0,1,27567.071428571428,0.0,False,False,0.05633861322349515,0,0.0,0.05633861322349515
2023-06-21,28334.0,30102.0,30664.0,28291.0,23757254196.777027,584070487996.789,0.0606350032403302,856.7857142857143,26648.25,25785.75,1,29245.214285714286,0.0,29245.214285714286,0.0,0,0,1,29245.214285714286,0.0,False,False,0.0606350032403302,0,0.0,0.0606350032403302
2023-06-22,30070.0,29936.0,30442.0,29755.0,19613389213.798763,581473706978.9268,-0.005529845198437141,870.0,27187.0,26104.75,1,29066.0,0.0,29245.214285714286,0.0,0,0,1,29245.214285714286,0.0,False,False,-0.005529845198437141,0,0.0,-0.005529845198437141
2023-06-23,29939.0,30629.0,31257.0,29888.0,22630955878.97284,594588611688.3142,0.022885503049018693,941.5,27736.375,26714.125,1,29687.5,0.0,29687.5,0.0,0,0,1,29687.5,0.0,False,False,0.022885503049018693,0,0.0,0.022885503049018693
2023-06-24,30674.0,30538.0,30817.0,30352.0,11736119929.84371,592912110031.5245,-0.0029754628194324736,902.6428571428571,28431.75,27343.625,1,29635.35714285714,0.0,29687.5,0.0,0,0,1,29687.5,0.0,False,False,-0.0029754628194324736,0,0.0,-0.0029754628194324736
2023-06-25,30547.0,30455.0,30984.0,30357.0,12076819255.30491,591387700082.1104,-0.002721625472871986,914.0,28977.125,27976.125,1,29541.0,0.0,29687.5,0.0,0,0,1,29687.5,0.0,False,False,-0.002721625472871986,0,0.0,-0.002721625472871986
2023-06-26,30469.0,30286.0,30635.0,30011.0,16032184116.631308,587134340343.6245,-0.005564624753984153,932.2857142857143,29509.75,28497.875,1,29353.714285714286,0.0,29687.5,0.0,0,0,1,29687.5,0.0,False,False,-0.005564624753984153,0,0.0,-0.005564624753984153
2023-06-27,30272.0,30694.0,30834.0,30254.0,14411853963.110468,595427193050.2291,0.013381636218439496,929.7857142857143,30008.25,28957.625,1,29764.214285714286,0.0,29764.214285714286,0.0,0,0,1,29764.214285714286,0.0,False,False,0.013381636218439496,0,0.0,0.013381636218439496
2023-06-28,30677.0,30083.0,30677.0,30017.0,8489428028.028098,584187696961.3756,-0.020106967601819882,894.7857142857143,30495.5,29446.875,1,29188.214285714286,0.0,29764.214285714286,0.0,0,0,1,29764.214285714286,0.0,False,False,-0.020106967601819882,0,0.0,-0.020106967601819882
2023-06-29,30086.0,30467.0,30734.0,30062.0,12545425127.446297,591688337868.8445,0.012683902500097141,882.6428571428571,30788.75,29865.625,1,29584.35714285714,0.0,29764.214285714286,0.0,0,0,1,29764.214285714286,0.0,False,False,0.012683902500097141,0,0.0,0.012683902500097141
2023-06-30,30466.0,30481.0,31240.0,29771.0,21422361050.823097,591722375245.7673,0.0004594080280314491,904.5714285714286,30797.5,30087.0,1,29576.428571428572,0.0,29764.214285714286,0.0,0,0,1,29764.214285714286,0.0,False,False,0.0004594080280314491,0,0.0,0.0004594080280314491
2023-07-01,30463.0,30584.0,30625.0,30334.0,4210431244.4326854,593625140902.5646,0.003373457714899704,886.7857142857143,30897.25,30089.0,1,29697.214285714286,0.0,29764.214285714286,0.0,0,0,1,29764.214285714286,0.0,False,False,0.003373457714899704,0,0.0,0.003373457714899704
2023-07-02,30588.0,30572.0,30743.0,30459.0,7236318143.905301,593627203721.8534,-0.00039243901347403836,884.6428571428571,30818.25,30144.75,1,29687.35714285714,0.0,29764.214285714286,0.0,0,0,1,29764.214285714286,0.0,False,False,-0.00039243901347403836,0,0.0,-0.00039243901347403836
2023-07-03,30623.0,31135.0,31384.0,30596.0,14755008156.77765,604507839820.0979,0.01824803094377766,899.5714285714286,30809.0,30158.125,1,30235.428571428572,0.0,30235.428571428572,0.0,0,0,1,30235.428571428572,0.0,False,False,0.01824803094377766,0,0.0,0.01824803094377766
2023-07-04,31159.0,30776.0,31319.0,30660.0,12403890725.264545,598449423994.1252,-0.011597422874421262,827.7857142857143,30859.0,30188.0,1,29948.214285714286,0.0,30235.428571428572,0.0,0,0,1,30235.428571428572,0.0,False,False,-0.011597422874421262,0,0.0,-0.011597422874421262
2023-07-05,30764.0,30485.0,30874.0,30236.0,10260132141.46154,592386606697.3153,-0.009500406090214563,703.8571428571429,30944.5,30269.125,1,29781.14285714286,0.0,30235.428571428572,0.0,0,0,1,30235.428571428572,0.0,False,False,-0.009500406090214563,0,0.0,-0.009500406090214563
2023-07-06,30506.0,29990.0,31480.0,29968.0,21776707863.503353,583429029204.2451,-0.016370766598861736,762.7857142857143,30949.5,30266.875,-1,0.0,30752.785714285714,0.0,30752.785714285714,0,0,-1,0.0,30752.785714285714,False,True,-0.017370766598861737,1,0.001,-0.016370766598861736
2023-07-07,29945.0,30315.0,30422.0,29904.0,13018507892.814608,588811434763.8912,0.01077864676277632,702.0,31049.875,30260.75,-1,0.0,31017.0,0.0,30752.785714285714,0,0,-1,0.0,30752.785714285714,False,False,-0.01077864676277632,0,0.0,-0.01077864676277632
2023-07-08,30351.0,30264.0,30351.0,30090.0,5608541981.756295,587678367157.9867,-0.0016837521929659242,687.4285714285714,31010.875,30241.0,-1,0.0,30951.428571428572,0.0,30752.785714285714,0,0,-1,0.0,30752.785714285714,False,False,0.0016837521929659242,0,0.0,0.0016837521929659242
2023-07-09,30298.0,30170.0,30445.0,30096.0,7559670230.189486,585883986681.1711,-0.00311083415975839,667.5714285714286,30899.75,30280.875,-1,0.0,30837.571428571428,0.0,30752.785714285714,0,0,-1,0.0,30752.785714285714,False,False,0.00311083415975839,0,0.0,0.00311083415975839
2023-07-10,30154.0,30394.0,30994.0,29988.0,12835219756.96589,590311894648.7518,0.007397167340443769,694.8571428571429,30877.25,30251.125,-1,0.0,31088.85714285714,0.0,30752.785714285714,0,0,-1,0.0,30752.785714285714,False,False,-0.007397167340443769,0,0.0,-0.007397167340443769
2023-07-11,30405.0,30621.0,30718.0,30372.0,11753418050.421658,594749192359.1351,0.007440827578057656,678.1428571428571,30908.625,30192.25,-1,0.0,31299.14285714286,0.0,30752.785714285714,0,0,-1,0.0,30752.785714285714,False,False,-0.007440827578057656,0,0.0,-0.007440827578057656
2023-07-12,30620.0,30407.0,30904.0,30250.0,13072555444.262321,590629381260.7114,-0.007013203025892321,676.5,30825.375,30164.25,-1,0.0,31083.5,0.0,30752.785714285714,0,0,-1,0.0,30752.785714285714,False,False,0.007013203025892321,0,0.0,0.007013203025892321
2023-07-13,30408.0,31446.0,31686.0,30262.0,21254274345.702217,610725509598.8464,0.033598943984505525,730.2142857142857,30773.5,30113.0,1,30715.785714285714,0.0,30715.785714285714,0.0,0,0,1,30715.785714285714,0.0,True,False,-0.034598943984505526,1,0.001,-0.033598943984505525
2023-07-14,31460.0,30312.0,31520.0,30024.0,21977151420.853252,588107447250.1327,-0.03672811533178451,732.1428571428571,30875.0,30116.25,1,29579.85714285714,0.0,30715.785714285714,0.0,1,0,0,30715.785714285714,0.0,False,False,-0.03772811533178451,1,0.001,-0.03672811533178451
2023-07-15,30316.0,30298.0,30388.0,30275.0,6233916918.782722,588642134563.5204,-0.00046196998016784756,719.4285714285714,30880.0,30123.25,1,29578.571428571428,0.0,30715.785714285714,0.0,1,0,0,30715.785714285714,0.0,False,False,-0.0,0,0.0,-0.0
2023-07-16,30306.0,30237.0,30442.0,30149.0,8356410453.563714,586391434733.7153,-0.002015363695281359,720.0714285714286,30875.75,30169.625,1,29516.928571428572,0.0,30715.785714285714,0.0,1,0,0,30715.785714285714,0.0,False,False,-0.0,0,0.0,-0.0
2023-07-17,30245.0,30148.0,30331.0,29793.0,10974383371.546566,585500720965.1113,-0.0029477540596271486,700.5,30887.125,30177.0,-1,0.0,30848.5,0.0,30848.5,0,0,-1,0.0,30848.5,False,True,-0.001,1,0.001,-0.0
2023-07-18,30152.0,29848.0,30236.0,29720.0,13152758553.030825,579708613537.5165,-0.010000750062366778,690.2857142857143,30872.875,30139.125,-1,0.0,30538.285714285714,0.0,30538.285714285714,0,0,-1,0.0,30538.285714285714,False,False,0.010000750062366778,0,0.0,0.010000750062366778
2023-07-19,29855.0,29920.0,30176.0,29816.0,8545620844.326587,581327322356.8716,0.0024093171874198724,670.4285714285714,30778.125,30105.625,-1,0.0,30590.428571428572,0.0,30538.285714285714,0,0,-1,0.0,30538.285714285714,False,False,-0.0024093171874198724,0,0.0,-0.0024093171874198724
2023-07-20,29926.0,29787.0,30391.0,29688.0,11117456853.464512,579308712612.258,-0.004455096386709704,612.6428571428571,30710.375,30036.125,-1,0.0,30399.64285714286,0.0,30399.64285714286,0,0,-1,0.0,30399.64285714286,False,False,0.004455096386709704,0,0.0,0.004455096386709704
2023-07-21,29794.0,29915.0,30012.0,29758.0,8492627980.9282,581397880391.4172,0.004287970122428343,593.7857142857143,30646.25,29965.875,-1,0.0,30508.785714285714,0.0,30399.64285714286,0,0,-1,0.0,30399.64285714286,False,False,-0.004287970122428343,0,0.0,-0.004287970122428343
2023-07-22,29904.0,29710.0,29981.0,29682.0,6745541064.873876,577068525402.119,-0.006876337367478857,596.5,30437.0,29902.875,-1,0.0,30306.5,0.0,30306.5,0,0,-1,0.0,30306.5,False,False,0.006876337367478857,0,0.0,0.006876337367478857
2023-07-23,29810.0,30058.0,30312.0,29776.0,7427606999.412798,584296796267.4817,0.011645159037386395,614.5714285714286,30244.625,29860.125,-1,0.0,30672.571428571428,0.0,30306.5,0,0,-1,0.0,30306.5,False,False,-0.011645159037386395,0,0.0,-0.011645159037386395
2023-07-24,30085.0,29185.0,30089.0,28983.0,15195244950.838041,567051778655.836,-0.02947396985614826,621.7142857142857,30235.125,29797.75,-1,0.0,29806.714285714286,0.0,29806.714285714286,0,0,-1,0.0,29806.714285714286,False,False,0.02947396985614826,0,0.0,0.02947396985614826
2023-07-25,29177.0,29223.0,29304.0,29062.0,7929844775.363448,568019115128.7598,0.0013011918011740045,614.2857142857143,30191.0,29652.0,-1,0.0,29837.285714285714,0.0,29806.714285714286,0,0,-1,0.0,29806.714285714286,False,False,-0.0013011918011740045,0,0.0,-0.0013011918011740045
2023-07-26,29228.0,29364.0,29655.0,29129.0,13088677750.42505,570531781624.6747,0.004813363791606695,605.1428571428571,30062.625,29560.625,-1,0.0,29969.14285714286,0.0,29806.714285714286,0,0,-1,0.0,29806.714285714286,False,False,-0.004813363791606695,0,0.0,-0.004813363791606695
2023-07-27,29352.0,29200.0,29554.0,29095.0,9047649539.81237,567708714251.7643,-0.005600724974298824,536.2142857142857,29990.0,29486.75,-1,0.0,29736.214285714286,0.0,29736.214285714286,0,0,-1,0.0,29736.214285714286,False,False,0.005600724974298824,0,0.0,0.005600724974298824
2023-07-28,29201.0,29314.0,29507.0,29119.0,7682754827.0541115,569952119667.3986,0.0038965083308728256,457.07142857142856,29912.25,29396.625,-1,0.0,29771.071428571428,0.0,29736.214285714286,0,0,-1,0.0,29736.214285714286,False,False,-0.0038965083308728256,0,0.0,-0.0038965083308728256
2023-07-29,29313.0,29357.0,29395.0,29268.0,4882536540.911603,570804910032.5747,0.0014658010839785315,458.07142857142856,29801.75,29325.5,-1,0.0,29815.071428571428,0.0,29736.214285714286,0,0,-1,0.0,29736.214285714286,False,False,-0.0014658010839785315,0,0.0,-0.0014658010839785315
2023-07-30,29357.0,29278.0,29437.0,29153.0,7872881636.625643,569135711632.8535,-0.0026946379398674228,457.42857142857144,29724.625,29264.25,-1,0.0,29735.428571428572,0.0,29735.428571428572,0,0,-1,0.0,29735.428571428572,False,False,0.0026946379398674228,0,0.0,0.0026946379398674228
2023-07-31,29280.0,29233.0,29494.0,29159.0,6641808341.386258,568333703606.0996,-0.0015381726127533279,442.92857142857144,29656.625,29198.125,-1,0.0,29675.928571428572,0.0,29675.928571428572,0,0,-1,0.0,29675.928571428572,False,False,0.0015381726127533279,0,0.0,0.0015381726127533279
2023-08-01,29226.0,29537.0,29537.0,28773.0,15289922840.873833,572408929757.971,0.010345506598922317,460.64285714285717,29554.375,29121.0,-1,0.0,29997.64285714286,0.0,29675.928571428572,0,0,-1,0.0,29675.928571428572,False,False,-0.010345506598922317,0,0.0,-0.010345506598922317
2023-08-02,29694.0,29147.0,29975.0,29025.0,19266318894.086517,567074709353.651,-0.013291723187070262,502.7857142857143,29485.375,29094.75,-1,0.0,29649.785714285714,0.0,29649.785714285714,0,0,-1,0.0,29649.785714285714,False,False,0.013291723187070262,0,0.0,0.013291723187070262
2023-08-03,29153.0,29176.0,29362.0,28993.0,12539132810.40034,567940644790.4882,0.0009944619580603135,478.92857142857144,29569.25,29090.125,-1,0.0,29654.928571428572,0.0,29649.785714285714,0,0,-1,0.0,29649.785714285714,False,False,-0.0009944619580603135,0,0.0,-0.0009944619580603135
2023-08-04,29173.0,29088.0,29296.0,28939.0,12112869085.655884,565073127339.627,-0.003020735511310775,486.2857142857143,29532.625,29073.125,-1,0.0,29574.285714285714,0.0,29574.285714285714,0,0,-1,0.0,29574.285714285714,False,False,0.003020735511310775,0,0.0,0.003020735511310775
2023-08-05,29080.0,29047.0,29096.0,28967.0,5335308729.48437,564970113457.8998,-0.0014105102536368958,474.14285714285717,29500.375,29053.625,-1,0.0,29521.14285714286,0.0,29521.14285714286,0,0,-1,0.0,29521.14285714286,False,False,0.0014105102536368958,0,0.0,0.0014105102536368958
2023-08-06,29050.0,29044.0,29139.0,28973.0,5360283576.269965,564947914083.0184,-0.00010328622343110811,443.0,29449.0,29034.625,-1,0.0,29487.0,0.0,29487.0,0,0,-1,0.0,29487.0,False,False,0.00010328622343110811,0,0.0,0.00010328622343110811
2023-08-07,29043.0,29178.0,29188.0,28755.0,13252185122.112452,567529179865.8152,0.004603079131703505,394.92857142857144,29417.0,28997.75,-1,0.0,29572.928571428572,0.0,29487.0,0,0,-1,0.0,29487.0,False,False,-0.004603079131703505,0,0.0,-0.004603079131703505
2023-08-08,29176.0,29780.0,30126.0,29113.0,14603570418.91888,579214283623.8071,0.020422026606159077,450.0,29385.875,28948.0,1,29330.0,0.0,29330.0,0.0,0,0,1,29330.0,0.0,True,False,-0.021422026606159078,1,0.001,-0.020422026606159077
2023-08-09,29764.0,29585.0,30062.0,29401.0,14633310097.491423,575535414817.4033,-0.0065695511272055,459.64285714285717,29464.875,28942.25,1,29125.35714285714,0.0,29330.0,0.0,0,0,1,29330.0,0.0,False,False,-0.0065695511272055,0,0.0,-0.0065695511272055
2023-08-10,29562.0,29424.0,29665.0,29366.0,8106253519.025447,572414205818.4142,-0.005456808266692103,448.2142857142857,29530.5,29020.75,1,28975.785714285714,0.0,29330.0,0.0,0,0,1,29330.0,0.0,False,False,-0.005456808266692103,0,0.0,-0.005456808266692103
2023-08-11,29429.0,29397.0,29509.0,29303.0,4651950357.636653,571976559045.8302,-0.0009180395401742106,435.2142857142857,29491.75,29063.375,1,28961.785714285714,0.0,29330.0,0.0,0,0,1,29330.0,0.0,False,False,-0.0009180395401742106,0,0.0,-0.0009180395401742106
2023-08-12,29401.0,29412.0,29459.0,29353.0,3994297895.288944,572257798803.9086,0.0005101260121847067,433.7142857142857,29510.125,29102.125,1,28978.285714285714,0.0,29330.0,0.0,0,0,1,29330.0,0.0,False,False,0.0005101260121847067,0,0.0,0.0005101260121847067
2023-08-13,29414.0,29285.0,29445.0,29274.0,4755220448.634491,569687130446.7833,-0.004327314792230269,425.64285714285717,29530.5,29153.875,1,28859.35714285714,0.0,29330.0,0.0,1,0,0,29330.0,0.0,False,False,-0.005327314792230269,1,0.001,-0.004327314792230269
2023-08-14,29279.0,29401.0,29653.0,29144.0,12408355477.111338,572242735188.2397,0.003953247829882986,438.07142857142856,29574.125,29192.25,1,28962.928571428572,0.0,29330.0,0.0,1,0,0,29330.0,0.0,False,False,0.0,0,0.0,0.0
2023-08-15,29404.0,29170.0,29419.0,29119.0,11523395157.99864,567498309102.7323,-0.007887903491998496,404.92857142857144,29638.375,29213.625,-1,0.0,29574.928571428572,0.0,29574.928571428572,0,0,-1,0.0,29574.928571428572,False,True,-0.001,1,0.001,-0.0
2023-08-16,29164.0,28754.0,29222.0,28710.0,14809979642.373245,559982624303.4923,-0.014363895879229314,373.64285714285717,29667.25,29259.125,-1,0.0,29127.64285714286,0.0,29127.64285714286,0,0,-1,0.0,29127.64285714286,False,False,0.014363895879229314,0,0.0,0.014363895879229314
2023-08-17,28704.0,26502.0,28704.0,25649.0,29965585683.421356,516026928368.83746,-0.08155668615795632,569.0714285714286,29554.25,29208.75,-1,0.0,27071.071428571428,0.0,27071.071428571428,0,0,-1,0.0,27071.071428571428,False,False,0.08155668615795632,0,0.0,0.08155668615795632
2023-08-18,26646.0,26043.0,26753.0,25677.0,18062351745.50358,506815826635.9217,-0.017471183764663747,620.4285714285714,29384.5,28739.75,-1,0.0,26663.428571428572,0.0,26663.428571428572,0,0,-1,0.0,26663.428571428572,False,False,0.017471183764663747,0,0.0,0.017471183764663747
2023-08-19,26048.0,26105.0,26248.0,25804.0,3355038748.9824667,508087686822.70435,0.0023778487847350436,642.9285714285714,29020.5,28278.625,-1,0.0,26747.928571428572,0.0,26663.428571428572,0,0,-1,0.0,26663.428571428572,False,False,-0.0023778487847350436,0,0.0,-0.0023778487847350436
2023-08-20,26089.0,26161.0,26225.0,26024.0,8304370131.833873,509078930366.0949,0.0021428852955701467,645.4285714285714,28612.875,27841.25,-1,0.0,26806.428571428572,0.0,26663.428571428572,0,0,-1,0.0,26663.428571428572,False,False,-0.0021428852955701467,0,0.0,-0.0021428852955701467
2023-08-21,26193.0,26119.0,26206.0,25874.0,9377753161.447634,508491920831.3545,-0.0016067333219422835,638.2142857142857,28208.625,27425.125,-1,0.0,26757.214285714286,0.0,26663.428571428572,0,0,-1,0.0,26663.428571428572,False,False,0.0016067333219422835,0,0.0,0.0016067333219422835
2023-08-22,26128.0,26034.0,26133.0,25575.0,13702941053.015312,506356213378.17975,-0.0032596427918748614,605.7142857142857,27803.75,27000.125,-1,0.0,26639.714285714286,0.0,26639.714285714286,0,0,-1,0.0,26639.714285714286,False,False,0.0032596427918748614,0,0.0,0.0032596427918748614
2023-08-23,26029.0,26450.0,26668.0,25816.0,14600566342.214415,514955818082.43463,0.015852782260039673,619.3571428571429,27363.75,26554.0,-1,0.0,27069.35714285714,0.0,26639.714285714286,0,0,-1,0.0,26639.714285714286,False,False,-0.015852782260039673,0,0.0,-0.015852782260039673
2023-08-24,26426.0,26135.0,26536.0,25966.0,11961319630.81013,508906955118.32086,-0.011980746139423272,638.7142857142857,27019.875,26141.125,-1,0.0,26773.714285714286,0.0,26639.714285714286,0,0,-1,0.0,26639.714285714286,False,False,0.011980746139423272,0,0.0,0.011980746139423272
2023-08-25,26138.0,26044.0,26200.0,25820.0,2582213805.5461373,507007928705.4434,-0.003487996790269538,651.1428571428571,26684.125,25798.125,-1,0.0,26695.14285714286,0.0,26639.714285714286,0,0,-1,0.0,26639.714285714286,False,False,0.003487996790269538,0,0.0,0.003487996790269538
2023-08-26,26043.0,26002.0,26087.0,25991.0,3420999388.355067,506086069151.6848,-0.0016139572346387336,650.4285714285714,26371.125,25819.5,-1,0.0,26652.428571428572,0.0,26639.714285714286,0,0,-1,0.0,26639.714285714286,False,False,0.0016139572346387336,0,0.0,0.0016139572346387336
2023-08-27,26002.0,26083.0,26152.0,25966.0,4743752357.401259,507835678906.77924,0.003110302977801014,651.5,26287.875,25858.75,-1,0.0,26734.5,0.0,26639.714285714286,0,0,-1,0.0,26639.714285714286,False,False,-0.003110302977801014,0,0.0,-0.003110302977801014
2023-08-28,26086.0,26109.0,26203.0,25886.0,9995933796.2508,508350651765.9018,0.0009963213577082952,637.7857142857143,26275.875,25879.0,-1,0.0,26746.785714285714,0.0,26639.714285714286,0,0,-1,0.0,26639.714285714286,False,False,-0.0009963213577082952,0,0.0,-0.0009963213577082952
2023-08-29,26110.0,27731.0,27999.0,25904.0,29462388818.839893,539045091002.16876,0.060270838528666965,766.0,26273.125,25861.75,1,26965.0,0.0,26965.0,0.0,0,0,1,26965.0,0.0,True,False,-0.061270838528666965,1,0.001,-0.060270838528666965
2023-08-30,27717.0,27297.0,27740.0,27082.0,16029914124.395369,531729400483.3156,-0.015774114961489907,776.4285714285714,26497.25,25865.5,1,26520.571428571428,0.0,26965.0,0.0,0,0,1,26965.0,0.0,False,False,-0.015774114961489907,0,0.0,-0.015774114961489907
2023-08-31,27303.0,25927.0,27403.0,25833.0,20360682650.055054,505403246528.0237,-0.05149190929029884,666.7857142857143,26698.125,26053.875,-1,0.0,26593.785714285714,0.0,26593.785714285714,0,0,-1,0.0,26593.785714285714,False,True,-0.052491909290298844,1,0.001,-0.05149190929029884
2023-09-01,25938.0,25812.0,26101.0,25438.0,15924588668.893366,502687549096.97003,-0.004445396678771353,637.2857142857143,26790.0,26056.0,-1,0.0,26449.285714285714,0.0,26449.285714285714,0,0,-1,0.0,26449.285714285714,False,False,0.004445396678771353,0,0.0,0.004445396678771353
2023-09-02,25796.0,25854.0,25938.0,25756.0,8203515572.755595,503679892454.50775,0.001625827788162602,618.5714285714286,26735.625,25990.0,-1,0.0,26472.571428571428,0.0,26449.285714285714,0,0,-1,0.0,26449.285714285714,False,False,-0.001625827788162602,0,0.0,-0.001625827788162602
2023-09-03,25868.0,25960.0,26055.0,25808.0,8301138495.084562,505513039060.68445,0.004091563974133189,621.8571428571429,26702.875,25982.0,-1,0.0,26581.85714285714,0.0,26449.285714285714,0,0,-1,0.0,26449.285714285714,False,False,-0.004091563974133189,0,0.0,-0.004091563974133189
2023-09-04,25969.0,25829.0,26061.0,25660.0,6700578092.438599,502409490053.88367,-0.005059000150433445,626.7857142857143,26698.875,25959.125,-1,0.0,26455.785714285714,0.0,26449.285714285714,0,0,-1,0.0,26449.285714285714,False,False,0.005059000150433445,0,0.0,0.005059000150433445
2023-09-05,25805.0,25784.0,25824.0,25603.0,7633735596.705433,501979376928.41833,-0.0017437471723190615,603.0714285714286,26687.5,25920.875,-1,0.0,26387.071428571428,0.0,26387.071428571428,0,0,-1,0.0,26387.071428571428,False,False,0.0017437471723190615,0,0.0,0.0017437471723190615
2023-09-06,25770.0,25753.0,25918.0,25476.0,12225427270.62692,501615002105.18665,-0.001203019335186138,573.7857142857143,26640.125,25885.5,-1,0.0,26326.785714285714,0.0,26326.785714285714,0,0,-1,0.0,26326.785714285714,False,False,0.001203019335186138,0,0.0,0.001203019335186138
2023-09-07,25749.0,26192.0,26401.0,25644.0,4521997781.160889,509837705629.17126,0.016902895450828386,587.1428571428571,26380.0,25832.0,-1,0.0,26779.14285714286,0.0,26326.785714285714,0,0,-1,0.0,26326.785714285714,False,False,-0.016902895450828386,0,0.0,-0.016902895450828386
2023-09-08,26215.0,25907.0,26383.0,25696.0,8058794338.820984,504533063388.2184,-0.010940818169446847,609.0714285714286,26212.625,25652.25,-1,0.0,26516.071428571428,0.0,26326.785714285714,0,0,-1,0.0,26326.785714285714,False,False,0.010940818169446847,0,0.0,0.010940818169446847
2023-09-09,25900.0,25889.0,25921.0,25808.0,404806432.52168876,504373920218.6837,-0.0006950343935673922,610.2857142857143,26085.125,25635.125,-1,0.0,26499.285714285714,0.0,26326.785714285714,0,0,-1,0.0,26326.785714285714,False,False,0.0006950343935673922,0,0.0,0.0006950343935673922
2023-09-10,25890.0,25835.0,25919.0,25669.0,6603006234.083502,503489661583.33154,-0.00208800632661692,614.8571428571429,26062.625,25681.375,-1,0.0,26449.85714285714,0.0,26326.785714285714,0,0,-1,0.0,26326.785714285714,False,False,0.00208800632661692,0,0.0,0.00208800632661692
2023-09-11,25835.0,25133.0,25882.0,25006.0,14859931201.000029,489502952545.6269,-0.027548438080765816,654.7857142857143,26060.25,25670.5,-1,0.0,25787.785714285714,0.0,25787.785714285714,0,0,-1,0.0,25787.785714285714,False,False,0.027548438080765816,0,0.0,0.027548438080765816
2023-09-12,25163.0,25867.0,26380.0,25125.0,16825266473.048721,503997883573.3815,0.028786301377587937,594.7857142857143,26038.625,25570.25,-1,0.0,26461.785714285714,0.0,25787.785714285714,0,1,0,0.0,25787.785714285714,False,False,-0.029786301377587938,1,0.001,-0.028786301377587937
2023-09-13,25850.0,26223.0,26363.0,25820.0,12975855576.243193,510909474484.6564,0.013668863230490548,586.5714285714286,26078.5,25503.375,1,25636.428571428572,0.0,25636.428571428572,0.0,0,0,1,25636.428571428572,0.0,True,False,-0.001,1,0.001,0.0
2023-09-14,26222.0,26531.0,26752.0,26178.0,11739428177.432598,516823786025.9003,0.011676972350352543,515.4285714285714,26145.875,25530.5,1,26015.571428571428,0.0,26015.571428571428,0.0,0,0,1,26015.571428571428,0.0,False,False,0.011676972350352543,0,0.0,0.011676972350352543
2023-09-15,26531.0,26635.0,26834.0,26227.0,9768889419.723415,518872387637.1001,0.003912279752149323,511.42857142857144,26250.125,25618.25,1,26123.571428571428,0.0,26123.571428571428,0.0,0,0,1,26123.571428571428,0.0,False,False,0.003912279752149323,0,0.0,0.003912279752149323
2023-09-16,26610.0,26558.0,26732.0,26471.0,1224363671.9175522,517396850180.9239,-0.002895119800826687,517.0714285714286,26304.25,25691.125,1,26040.928571428572,0.0,26123.571428571428,0.0,0,0,1,26123.571428571428,0.0,False,False,-0.002895119800826687,0,0.0,-0.002895119800826687
2023-09-17,26554.0,26521.0,26612.0,26418.0,5791146184.464804,516614128895.5437,-0.001394148570731232,513.2857142857143,26347.875,25788.0,1,26007.714285714286,0.0,26123.571428571428,0.0,0,0,1,26123.571428571428,0.0,False,False,-0.001394148570731232,0,0.0,-0.001394148570731232
2023-09-18,26538.0,26741.0,27405.0,26417.0,16477839825.058361,521346975856.46625,0.008261096134952385,555.2142857142857,26434.25,25864.25,1,26185.785714285714,0.0,26185.785714285714,0.0,0,0,1,26185.785714285714,0.0,False,False,0.008261096134952385,0,0.0,0.008261096134952385
2023-09-19,26769.0,27219.0,27454.0,26681.0,12615959842.229395,530357673731.022,0.017717290723244614,594.2857142857143,26620.0,25957.75,1,26624.714285714286,0.0,26624.714285714286,0.0,0,0,1,26624.714285714286,0.0,False,False,0.017717290723244614,0,0.0,0.017717290723244614
2023-09-20,27213.0,27116.0,27373.0,26889.0,13497179076.831764,529168513966.1614,-0.0037912992868823388,597.2857142857143,26816.5,26167.125,1,26518.714285714286,0.0,26624.714285714286,0.0,0,0,1,26624.714285714286,0.0,False,False,-0.0037912992868823388,0,0.0,-0.0037912992868823388
2023-09-21,27125.0,26561.0,27133.0,26406.0,8169328790.751264,517743774814.63885,-0.020679985066842533,595.1428571428571,26940.625,26387.625,1,25965.85714285714,0.0,26624.714285714286,0.0,1,0,0,26624.714285714286,0.0,False,False,-0.021679985066842534,1,0.001,-0.020679985066842533
2023-09-22,26565.0,26572.0,26725.0,26498.0,9968041758.936823,518383856096.9625,0.0004140553011180351,562.2857142857143,27036.875,26460.875,1,26009.714285714286,0.0,26624.714285714286,0.0,1,0,0,26624.714285714286,0.0,False,False,0.0,0,0.0,0.0
2023-09-23,26588.0,26574.0,26635.0,26521.0,6583511185.708387,517968304453.25476,7.52643661214209e-05,562.3571428571429,27033.5,26500.875,1,26011.64285714286,0.0,26624.714285714286,0.0,1,0,0,26624.714285714286,0.0,False,False,0.0,0,0.0,0.0
2023-09-24,26571.0,26250.0,26712.0,26250.0,7226298594.4955225,511787693512.02826,-0.012267305131483433,577.5,27008.625,26537.625,-1,0.0,26827.5,0.0,26827.5,0,0,-1,0.0,26827.5,False,True,-0.001,1,0.001,-0.0
2023-09-25,26258.0,26299.0,26403.0,26023.0,11974957450.276283,512103393581.80255,0.0018649266095124137,542.0714285714286,27006.125,26510.0,-1,0.0,26841.071428571428,0.0,26827.5,0,0,-1,0.0,26827.5,False,False,-0.0018649266095124137,0,0.0,-0.0018649266095124137
2023-09-26,26297.0,26205.0,26387.0,26102.0,9786025048.05344,511054250889.6227,-0.003580683393015545,472.7857142857143,26980.0,26460.625,-1,0.0,26677.785714285714,0.0,26677.785714285714,0,0,-1,0.0,26677.785714285714,False,False,0.003580683393015545,0,0.0,0.003580683393015545
2023-09-27,26214.0,26350.0,26819.0,26145.0,12889674588.31686,513713645983.85016,0.0055180427332417615,482.14285714285717,26852.75,26421.25,-1,0.0,26832.14285714286,0.0,26677.785714285714,0,0,-1,0.0,26677.785714285714,False,False,-0.0055180427332417615,0,0.0,-0.0055180427332417615
2023-09-28,26354.0,27009.0,27225.0,26323.0,16683207554.844349,526917684460.40546,0.024701868807078017,505.57142857142856,26773.375,26354.25,1,26503.428571428572,0.0,26503.428571428572,0.0,0,0,1,26503.428571428572,0.0,True,False,-0.025701868807078018,1,0.001,-0.024701868807078017
2023-09-29,27021.0,26917.0,27215.0,26744.0,9059145545.41355,524946724658.764,-0.0034120865355442773,495.85714285714283,26754.875,26283.5,1,26421.14285714286,0.0,26503.428571428572,0.0,0,0,1,26503.428571428572,0.0,False,False,-0.0034120865355442773,0,0.0,-0.0034120865355442773
2023-09-30,26907.0,26970.0,27087.0,26882.0,6295435107.555985,525936342995.4552,0.0019670798927333643,491.85714285714283,26765.125,26325.75,1,26478.14285714286,0.0,26503.428571428572,0.0,0,0,1,26503.428571428572,0.0,False,False,0.0019670798927333643,0,0.0,0.0019670798927333643
2023-10-01,26966.0,27968.0,28042.0,26958.0,9358226524.285364,545302108027.2094,0.036335862321486306,555.4285714285714,26810.375,26373.75,1,27412.571428571428,0.0,27412.571428571428,0.0,0,0,1,27412.571428571428,0.0,False,False,0.036335862321486306,0,0.0,0.036335862321486306
2023-10-02,27988.0,27615.0,28494.0,27383.0,18127133423.881855,538323470357.8827,-0.012701896119974116,564.2142857142857,26986.25,26428.375,1,27050.785714285714,0.0,27412.571428571428,0.0,0,0,1,27412.571428571428,0.0,False,False,-0.012701896119974116,0,0.0,-0.012701896119974116
2023-10-03,27501.0,27439.0,27666.0,27266.0,12676657038.293432,535605771922.47974,-0.006393744308222127,537.5714285714286,27209.0,26570.0,1,26901.428571428572,0.0,27412.571428571428,0.0,0,0,1,27412.571428571428,0.0,False,False,-0.006393744308222127,0,0.0,-0.006393744308222127
2023-10-04,27426.0,27792.0,27818.0,27265.0,10876597601.123325,541954661181.1118,0.012782850453820467,542.5,27366.875,26725.375,1,27249.5,0.0,27412.571428571428,0.0,0,0,1,27412.571428571428,0.0,False,False,0.012782850453820467,0,0.0,0.012782850453820467
2023-10-05,27782.0,27436.0,28081.0,27389.0,13376186563.311193,534851643044.50543,-0.012892189861674157,540.0,27545.75,26870.75,1,26896.0,0.0,27412.571428571428,0.0,0,0,1,27412.571428571428,0.0,False,False,-0.012892189861674157,0,0.0,-0.012892189861674157
2023-10-06,27408.0,27958.0,28179.0,27243.0,13817979024.520027,545154869332.6545,0.018847364411861797,590.6428571428571,27703.5,27026.25,1,27367.35714285714,0.0,27412.571428571428,0.0,0,0,1,27412.571428571428,0.0,False,False,0.018847364411861797,0,0.0,0.018847364411861797
2023-10-07,27955.0,27978.0,28025.0,27872.0,7226218924.820883,545619681437.3984,0.0007151030053019355,593.4285714285714,27822.75,27141.25,1,27384.571428571428,0.0,27412.571428571428,0.0,0,0,1,27412.571428571428,0.0,False,False,0.0007151030053019355,0,0.0,0.0007151030053019355
2023-10-08,27970.0,27948.0,28103.0,27770.0,7141598446.869208,544989660641.62256,-0.0010728463640345557,584.2142857142857,27924.0,27282.25,1,27363.785714285714,0.0,27412.571428571428,0.0,0,0,1,27412.571428571428,0.0,False,False,-0.0010728463640345557,0,0.0,-0.0010728463640345557
2023-10-09,27939.0,27594.0,27992.0,27354.0,7640029989.224315,538282690587.88,-0.012747282904362535,602.6428571428571,28051.0,27393.25,1,26991.35714285714,0.0,27412.571428571428,0.0,0,0,1,27412.571428571428,0.0,False,False,-0.012747282904362535,0,0.0,-0.012747282904362535
2023-10-10,27585.0,27392.0,27726.0,27297.0,10151720983.669058,535200388379.76337,-0.0073473578265102245,612.9285714285714,28044.75,27442.75,-1,0.0,28004.928571428572,0.0,28004.928571428572,0,0,-1,0.0,28004.928571428572,False,True,-0.008347357826510225,1,0.001,-0.0073473578265102245
2023-10-11,27390.0,26842.0,27470.0,26570.0,14608441295.942532,523656381533.04626,-0.02028317498371743,629.0714285714286,27948.75,27432.0,-1,0.0,27471.071428571428,0.0,27471.071428571428,0,0,-1,0.0,27471.071428571428,False,False,0.02028317498371743,0,0.0,0.02028317498371743
2023-10-12,26878.0,26729.0,26919.0,26571.0,10867640258.925844,521607675083.3507,-0.004218706673123226,589.5,27924.25,27345.0,-1,0.0,27318.5,0.0,27318.5,0,0,-1,0.0,27318.5,False,False,0.004218706673123226,0,0.0,0.004218706673123226
2023-10-13,26759.0,26841.0,27101.0,26695.0,14344414895.617512,523655619453.7407,0.004181450931077731,584.8571428571429,27811.875,27258.25,-1,0.0,27425.85714285714,0.0,27318.5,0,0,-1,0.0,27318.5,False,False,-0.004181450931077731,0,0.0,-0.004181450931077731
2023-10-14,26861.0,26863.0,26977.0,26816.0,5543160607.188677,523979202939.078,0.0008193058703503588,581.7142857142857,27689.375,27171.5,-1,0.0,27444.714285714286,0.0,27318.5,0,0,-1,0.0,27318.5,False,False,-0.0008193058703503588,0,0.0,-0.0008193058703503588
2023-10-15,26860.0,27150.0,27277.0,26816.0,6604845643.42894,529643463244.3381,0.010627171276025487,537.2142857142857,27539.125,27118.125,-1,0.0,27687.214285714286,0.0,27318.5,0,0,-1,0.0,27318.5,False,False,-0.010627171276025487,0,0.0,-0.010627171276025487
2023-10-16,27154.0,28513.0,29483.0,27131.0,22792799561.834,555338775502.1107,0.04898307724515241,625.8571428571429,27445.625,26986.125,1,27887.14285714286,0.0,27887.14285714286,0.0,0,0,1,27887.14285714286,0.0,True,False,-0.04998307724515241,1,0.001,-0.04898307724515241
2023-10-17,28518.0,28418.0,28613.0,28112.0,10403248077.491972,555003134086.2079,-0.003337376409213261,633.0714285714286,27618.125,26906.25,1,27784.928571428572,0.0,27887.14285714286,0.0,0,0,1,27887.14285714286,0.0,False,False,-0.003337376409213261,0,0.0,-0.003337376409213261
2023-10-18,28414.0,28328.0,28817.0,28202.0,13461030457.558897,553311088369.7102,-0.003172032406280943,637.5,27695.75,27001.0,1,27690.5,0.0,27887.14285714286,0.0,0,0,1,27887.14285714286,0.0,False,False,-0.003172032406280943,0,0.0,-0.003172032406280943
2023-10-19,28327.0,28716.0,28854.0,28188.0,11193923144.463654,559364043794.7655,0.013603743904634065,635.6428571428571,27832.125,27114.125,1,28080.35714285714,0.0,28080.35714285714,0.0,0,0,1,28080.35714285714,0.0,False,False,0.013603743904634065,0,0.0,0.013603743904634065
2023-10-20,28723.0,29677.0,30074.0,28593.0,23561406297.715862,579536788709.3126,0.032917876309084944,674.5714285714286,28005.125,27316.375,1,29002.428571428572,0.0,29002.428571428572,0.0,0,0,1,29002.428571428572,0.0,False,False,0.032917876309084944,0,0.0,0.032917876309084944
2023-10-21,29677.0,29920.0,30253.0,29484.0,7452489477.484937,583719549318.5221,0.00815481808295492,718.5714285714286,28399.5,27569.125,1,29201.428571428572,0.0,29201.428571428572,0.0,0,0,1,29201.428571428572,0.0,False,False,0.00815481808295492,0,0.0,0.00815481808295492
2023-10-22,29920.0,30019.0,30187.0,29741.0,11330304246.065748,583399133857.2509,0.003303361418295568,726.6428571428571,28793.5,27917.75,1,29292.35714285714,0.0,29292.35714285714,0.0,0,0,1,29292.35714285714,0.0,False,False,0.003303361418295568,0,0.0,0.003303361418295568
2023-10-23,29990.0,32953.0,34333.0,29916.0,35558857925.14893,641535355789.0791,0.09325178932038507,996.5714285714286,29194.75,28283.375,1,31956.428571428572,0.0,31956.428571428572,0.0,0,0,1,31956.428571428572,0.0,False,False,0.09325178932038507,0,0.0,0.09325178932038507
2023-10-24,33071.0,33847.0,35066.0,32884.0,46464714676.18555,660676033939.1393,0.026768065293318204,1121.7857142857142,30076.75,28670.875,1,32725.214285714286,0.0,32725.214285714286,0.0,0,0,1,32725.214285714286,0.0,False,False,0.026768065293318204,0,0.0,0.026768065293318204
2023-10-25,33908.0,34472.0,35012.0,33779.0,23840463172.498646,673948847498.8158,0.01829703117526162,1145.5714285714287,30774.625,29390.0,1,33326.42857142857,0.0,33326.42857142857,0.0,0,0,1,33326.42857142857,0.0,False,False,0.01829703117526162,0,0.0,0.01829703117526162
2023-10-26,34498.0,34174.0,34819.0,33766.0,17712548549.578587,667401630872.5822,-0.008682279287455266,1195.9285714285713,31574.5,30098.375,1,32978.07142857143,0.0,33326.42857142857,0.0,0,0,1,33326.42857142857,0.0,False,False,-0.008682279287455266,0,0.0,-0.008682279287455266
2023-10-27,34150.0,33899.0,34215.0,33450.0,14148818689.499771,662119938018.2968,-0.008079605599840904,1221.5714285714287,32324.75,30793.875,1,32677.428571428572,0.0,33326.42857142857,0.0,0,0,1,33326.42857142857,0.0,False,False,-0.008079605599840904,0,0.0,-0.008079605599840904
2023-10-28,33908.0,34093.0,34373.0,33874.0,8431785274.868206,665892923223.9833,0.0057065691983208345,1245.7142857142858,32994.875,31451.625,1,32847.28571428572,0.0,33326.42857142857,0.0,0,0,1,33326.42857142857,0.0,False,False,0.0057065691983208345,0,0.0,0.0057065691983208345
2023-10-29,34082.0,34556.0,34763.0,33950.0,10359013389.425524,674293769229.6088,0.013489111872076095,1270.857142857143,33532.25,32111.75,1,33285.142857142855,0.0,33326.42857142857,0.0,0,0,1,33326.42857142857,0.0,False,False,0.013489111872076095,0,0.0,0.013489111872076095
2023-10-30,34525.0,34499.0,34839.0,34172.0,17075173423.648043,673508057017.6387,-0.001650858386657933,1150.5,34096.0,32670.0,1,33348.5,0.0,33348.5,0.0,0,0,1,33348.5,0.0,False,False,-0.001650858386657933,0,0.0,-0.001650858386657933
2023-10-31,34494.0,34672.0,34703.0,34108.0,16419150928.652367,676319525450.0793,0.005002106684023471,1157.2142857142858,34677.5,33223.875,1,33514.78571428572,0.0,33514.78571428572,0.0,0,0,1,33514.78571428572,0.0,False,False,0.005002106684023471,0,0.0,0.005002106684023471
2023-11-01,34669.0,35457.0,35521.0,34186.0,18642295524.912045,692543794894.7606,0.022388249904210032,1208.642857142857,34723.75,33747.875,1,34248.357142857145,0.0,34248.357142857145,0.0,0,0,1,34248.357142857145,0.0,False,False,0.022388249904210032,0,0.0,0.022388249904210032
2023-11-02,35423.0,34924.0,35878.0,34465.0,20690186421.955303,681560028736.5514,-0.015146422749651984,1262.0,34780.625,33910.625,1,33662.0,0.0,34248.357142857145,0.0,0,0,1,34248.357142857145,0.0,False,False,-0.015146422749651984,0,0.0,-0.015146422749651984
2023-11-03,34937.0,34731.0,34937.0,34123.0,17254049537.002068,677974451476.0634,-0.005541612056860159,1214.357142857143,34888.875,33996.375,1,33516.642857142855,0.0,34248.357142857145,0.0,0,0,1,34248.357142857145,0.0,False,False,-0.005541612056860159,0,0.0,-0.005541612056860159
2023-11-04,34725.0,35048.0,35261.0,34608.0,10001404422.938835,685385094861.7168,0.009085890619896248,1206.0714285714287,34903.625,34041.0,1,33841.92857142857,0.0,34248.357142857145,0.0,0,0,1,34248.357142857145,0.0,False,False,0.009085890619896248,0,0.0,0.009085890619896248
2023-11-05,35078.0,35062.0,35366.0,34572.0,12796779677.519655,684647430279.3319,0.0003993724200850263,1230.9285714285713,35034.375,34185.75,1,33831.07142857143,0.0,34248.357142857145,0.0,0,0,1,34248.357142857145,0.0,False,False,0.0003993724200850263,0,0.0,0.0003993724200850263
2023-11-06,35039.0,35031.0,35276.0,34779.0,12717348149.539808,683644463783.0627,-0.000884539169994861,950.9285714285714,35158.5,34273.0,1,34080.07142857143,0.0,34248.357142857145,0.0,0,0,1,34248.357142857145,0.0,False,False,-0.000884539169994861,0,0.0,-0.000884539169994861
2023-11-07,35058.0,35437.0,35871.0,34546.0,18582602380.374496,691660755958.351,0.011523088279302747,889.7142857142857,35222.625,34376.625,1,34547.28571428572,0.0,34547.28571428572,0.0,0,0,1,34547.28571428572,0.0,False,False,0.011523088279302747,0,0.0,0.011523088279302747
2023-11-08,35440.0,35795.0,35896.0,35187.0,14717120833.223528,699187515031.6934,0.010051746807158004,852.2857142857143,35351.625,34423.375,1,34942.71428571428,0.0,34942.71428571428,0.0,0,0,1,34942.71428571428,0.0,False,False,0.010051746807158004,0,0.0,0.010051746807158004
2023-11-09,35648.0,36768.0,37936.0,35606.0,38190964507.15763,717022051490.4104,0.02681968281819692,943.5,35500.75,34558.25,1,35824.5,0.0,35824.5,0.0,0,0,1,35824.5,0.0,False,False,0.02681968281819692,0,0.0,0.02681968281819692
2023-11-10,36698.0,37344.0,37472.0,36366.0,23152060053.421646,730760729870.4996,0.015544354437800379,967.8571428571429,35802.625,34735.75,1,36376.142857142855,0.0,36376.142857142855,0.0,0,0,1,36376.142857142855,0.0,False,False,0.015544354437800379,0,0.0,0.015544354437800379
2023-11-11,37319.0,37123.0,37404.0,36822.0,12033297219.971031,720323851790.6948,-0.005935532486305057,973.7857142857143,36001.875,34973.375,1,36149.21428571428,0.0,36376.142857142855,0.0,0,0,1,36376.142857142855,0.0,False,False,-0.005935532486305057,0,0.0,-0.005935532486305057
2023-11-12,37152.0,37068.0,37231.0,36862.0,8831221164.408867,725016899532.0363,-0.0014826598933954614,942.0714285714286,36310.25,35310.75,1,36125.92857142857,0.0,36376.142857142855,0.0,0,0,1,36376.142857142855,0.0,False,False,-0.0014826598933954614,0,0.0,-0.0014826598933954614
2023-11-13,37068.0,36549.0,37292.0,36437.0,18041088204.36723,714263437353.6985,-0.01410023768406489,955.5,36556.5,35592.5,1,35593.5,0.0,36376.142857142855,0.0,0,0,1,36376.142857142855,0.0,False,False,-0.01410023768406489,0,0.0,-0.01410023768406489
2023-11-14,36499.0,35545.0,36748.0,35110.0,22330924588.059715,694845286838.959,-0.02785432665893369,1030.0,36797.25,35825.625,-1,0.0,36575.0,0.0,36575.0,0,0,-1,0.0,36575.0,False,True,-0.028854326658933692,1,0.001,-0.02785432665893369
2023-11-15,35541.0,37904.0,37904.0,35389.0,28479730068.295124,739215831747.2646,0.0642571480349833,1114.2857142857142,36981.25,35867.0,1,36789.71428571428,0.0,36789.71428571428,0.0,0,0,1,36789.71428571428,0.0,True,False,-0.0652571480349833,1,0.001,-0.0642571480349833
2023-11-16,37904.0,36202.0,37904.0,35579.0,12023334732.149555,707488742969.5619,-0.04594228149206851,1179.4285714285713,37235.375,35972.375,1,35022.57142857143,0.0,36789.71428571428,0.0,1,0,0,36789.71428571428,0.0,False,False,-0.04694228149206851,1,0.001,-0.04594228149206851
2023-11-17,36163.0,36528.0,36673.0,35946.0,22683923623.963726,714651953916.8749,0.008964723863078493,1173.2142857142858,37486.375,36021.375,1,35354.78571428572,0.0,36789.71428571428,0.0,1,0,0,36789.71428571428,0.0,False,False,0.0,0,0.0,0.0
2023-11-18,36619.0,36582.0,36826.0,36264.0,8877846889.346693,715117663450.342,0.0014772263662943138,1166.7142857142858,37328.5,36063.875,1,35415.28571428572,0.0,36789.71428571428,0.0,1,0,0,36789.71428571428,0.0,False,False,0.0,0,0.0,0.0
2023-11-19,36588.0,37414.0,37516.0,36412.0,12599067947.734495,732521837352.2426,0.022488649772978816,1188.857142857143,37247.75,36051.125,1,36225.142857142855,0.0,36789.71428571428,0.0,1,0,0,36789.71428571428,0.0,False,False,0.0,0,0.0,0.0
2023-11-20,37388.0,37489.0,37726.0,36942.0,16005284775.311718,732673492672.5168,0.002002590685681773,1209.357142857143,37261.75,35999.875,1,36279.642857142855,0.0,36789.71428571428,0.0,0,0,1,36789.71428571428,0.0,False,False,-0.001,1,0.001,0.0
2023-11-21,37479.0,35965.0,37647.0,35945.0,18891503534.641026,702705880301.6978,-0.04150131329307494,1236.2857142857142,37323.625,36009.875,-1,0.0,37201.28571428572,0.0,37201.28571428572,0,0,-1,0.0,37201.28571428572,False,True,-0.04250131329307494,1,0.001,-0.04150131329307494
2023-11-22,35788.0,37465.0,37795.0,35788.0,25245202377.321384,732259726682.3702,0.04086092049695443,1329.0,37368.0,35948.375,1,36136.0,0.0,36136.0,0.0,0,0,1,36136.0,0.0,True,False,-0.04186092049695443,1,0.001,-0.04086092049695443
2023-11-23,37427.0,37293.0,37643.0,36972.0,11956046626.60703,728816537112.472,-0.004601522338586015,1210.5,37498.875,36033.125,1,36082.5,0.0,36136.0,0.0,0,0,1,36136.0,0.0,False,False,-0.004601522338586015,0,0.0,-0.004601522338586015
2023-11-24,37302.0,37739.0,38349.0,37264.0,22996708651.54232,737614054534.8141,0.01188840102634161,1209.0,37466.25,36231.0,1,36530.0,0.0,36530.0,0.0,0,0,1,36530.0,0.0,False,False,0.01188840102634161,0,0.0,0.01188840102634161
2023-11-25,37731.0,37810.0,37883.0,37617.0,7505379785.011788,739536714717.2401,0.001879575398811952,1186.4285714285713,37521.875,36441.625,1,36623.57142857143,0.0,36623.57142857143,0.0,0,0,1,36623.57142857143,0.0,False,False,0.001879575398811952,0,0.0,0.001879575398811952
2023-11-26,37800.0,37492.0,37825.0,37184.0,10229112671.374176,733376783676.3198,-0.008446041018602102,1205.857142857143,37673.125,36650.5,1,36286.142857142855,0.0,36623.57142857143,0.0,0,0,1,36623.57142857143,0.0,False,False,-0.008446041018602102,0,0.0,-0.008446041018602102
2023-11-27,37472.0,37250.0,37568.0,36770.0,17979133247.880783,728040168286.0479,-0.006475632058670811,1201.7857142857142,37798.0,36765.5,1,36048.21428571428,0.0,36623.57142857143,0.0,0,0,1,36623.57142857143,0.0,False,False,-0.006475632058670811,0,0.0,-0.006475632058670811
2023-11-28,37247.0,37802.0,38351.0,36911.0,19715537240.688644,738816928726.5587,0.014710066453196084,1187.642857142857,37804.5,36810.25,1,36614.357142857145,0.0,36623.57142857143,0.0,0,0,1,36623.57142857143,0.0,False,False,0.014710066453196084,0,0.0,0.014710066453196084
2023-11-29,37843.0,37810.0,38329.0,37638.0,20964545194.804527,740494537382.5989,0.00021160662407695275,1057.357142857143,37882.625,36806.375,1,36752.642857142855,0.0,36752.642857142855,0.0,0,0,1,36752.642857142855,0.0,False,False,0.00021160662407695275,0,0.0,0.00021160662407695275
2023-11-30,37864.0,37712.0,38144.0,37547.0,16566770727.560837,737659515838.6104,-0.0025952717090662156,933.9285714285714,37967.875,37018.0,1,36778.07142857143,0.0,36778.07142857143,0.0,0,0,1,36778.07142857143,0.0,False,False,-0.0025952717090662156,0,0.0,-0.0025952717090662156
2023-12-01,37720.0,38688.0,38899.0,37632.0,24470176251.56647,756249390093.0282,0.02555112823860685,972.5,38011.5,37237.875,1,37715.5,0.0,37715.5,0.0,0,0,1,37715.5,0.0,False,False,0.02555112823860685,0,0.0,0.02555112823860685
2023-12-02,38696.0,39482.0,39680.0,38659.0,14892418344.328642,771834682369.2777,0.02031539741109396,1005.2857142857143,38168.5,37320.375,1,38476.71428571428,0.0,38476.71428571428,0.0,0,0,1,38476.71428571428,0.0,False,False,0.02031539741109396,0,0.0,0.02031539741109396
2023-12-03,39472.0,39960.0,40118.0,39309.0,14107800648.629307,782845232813.069,0.01203408193687661,984.2142857142857,38334.875,37494.75,1,38975.78571428572,0.0,38975.78571428572,0.0,0,0,1,38975.78571428572,0.0,False,False,0.01203408193687661,0,0.0,0.01203408193687661
2023-12-04,39999.0,41974.0,42403.0,39999.0,40273974905.38232,820527379429.3416,0.04917142519487672,1102.7142857142858,38614.25,37706.25,1,40871.28571428572,0.0,40871.28571428572,0.0,0,0,1,40871.28571428572,0.0,False,False,0.04917142519487672,0,0.0,0.04917142519487672
2023-12-05,41985.0,44106.0,44368.0,41453.0,37740677039.99004,863171503830.3232,0.049545448644776106,1189.357142857143,39186.5,38058.125,1,42916.642857142855,0.0,42916.642857142855,0.0,0,0,1,42916.642857142855,0.0,False,False,0.049545448644776106,0,0.0,0.049545448644776106
2023-12-06,44082.0,43788.0,44282.0,43496.0,30306637687.601166,857037901744.5414,-0.007236020377694704,1102.142857142857,40036.5,38643.5,1,42685.857142857145,0.0,42916.642857142855,0.0,0,0,1,42916.642857142855,0.0,False,False,-0.007236020377694704,0,0.0,-0.007236020377694704
2023-12-07,43757.0,43270.0,44030.0,42908.0,27712048105.023373,848245522795.3333,-0.01190025300551746,1134.357142857143,40777.875,39466.625,1,42135.642857142855,0.0,42916.642857142855,0.0,0,0,1,42916.642857142855,0.0,False,False,-0.01190025300551746,0,0.0,-0.01190025300551746
2023-12-08,43286.0,44202.0,44676.0,43134.0,24726661392.984177,863242780337.311,0.02131048269193817,1167.0,41490.5,40125.375,1,43035.0,0.0,43035.0,0.0,0,0,1,43035.0,0.0,False,False,0.02131048269193817,0,0.0,0.02131048269193817
2023-12-09,44158.0,43745.0,44346.0,43699.0,17074228506.041449,855611272269.695,-0.010392716370503631,1194.2142857142858,42307.0,40823.75,1,42550.78571428572,0.0,43035.0,0.0,0,0,1,43035.0,0.0,False,False,-0.010392716370503631,0,0.0,-0.010392716370503631
2023-12-10,43715.0,43758.0,44036.0,43591.0,11865167562.179707,856192504674.1926,0.0002971326719231363,1180.2142857142858,42987.875,41582.125,1,42577.78571428572,0.0,43035.0,0.0,0,0,1,43035.0,0.0,False,False,0.0002971326719231363,0,0.0,0.0002971326719231363
2023-12-11,43786.0,41201.0,43819.0,40322.0,39734542163.66172,806178244439.1412,-0.0602119253245666,1373.0,43532.375,42198.625,-1,0.0,42574.0,0.0,42574.0,0,0,-1,0.0,42574.0,False,True,-0.0612119253245666,1,0.001,-0.0602119253245666
2023-12-12,41262.0,41451.0,42042.0,40720.0,24919333990.627098,812055172695.532,0.00604947883705766,1364.5714285714287,43995.0,42325.25,-1,0.0,42815.57142857143,0.0,42574.0,0,0,-1,0.0,42574.0,False,False,-0.00604947883705766,0,0.0,-0.00604947883705766
2023-12-13,41459.0,42932.0,43304.0,40712.0,26301358636.124893,840112594142.6609,0.035105461876635866,1500.357142857143,43949.875,42415.375,-1,0.0,44432.357142857145,0.0,42574.0,0,1,0,0.0,42574.0,False,False,-0.036105461876635866,1,0.001,-0.035105461876635866
2023-12-14,42885.0,43010.0,43329.0,42068.0,22978695605.48269,841400560142.884,0.0018151781763669297,1547.7857142857142,43816.875,42322.75,-1,0.0,44557.78571428572,0.0,42574.0,0,1,0,0.0,42574.0,False,False,0.0,0,0.0,0.0
2023-12-15,43032.0,41992.0,43100.0,41761.0,17134765249.072596,821883086852.3783,-0.023953522845646284,1552.9285714285713,43697.75,42144.25,-1,0.0,43544.92857142857,0.0,42574.0,0,1,0,0.0,42574.0,False,False,-0.0,0,0.0,-0.0
2023-12-16,41890.0,42247.0,42666.0,41760.0,13524832238.374014,825747211475.3832,0.006054221414984989,1544.7142857142858,43581.5,42000.875,-1,0.0,43791.71428571428,0.0,42574.0,0,0,-1,0.0,42574.0,False,False,-0.001,1,0.001,0.0
2023-12-17,42248.0,41411.0,42319.0,41305.0,16536428696.461372,810534011290.7083,-0.019986799342745214,1559.357142857143,43330.25,41829.125,-1,0.0,42970.357142857145,0.0,42574.0,0,0,-1,0.0,42574.0,False,False,0.019986799342745214,0,0.0,0.019986799342745214
2023-12-18,41355.0,42684.0,42684.0,40571.0,26473040426.60815,834757901244.3383,0.03027759673208007,1535.7857142857142,43076.875,41529.875,-1,0.0,44219.78571428572,0.0,42574.0,0,1,0,0.0,42574.0,False,False,-0.03127759673208007,1,0.001,-0.03027759673208007
2023-12-19,42609.0,42250.0,43327.0,41837.0,23402523667.558952,827483345952.5029,-0.010219788951135613,1434.0,42907.875,41152.375,-1,0.0,43684.0,0.0,42574.0,0,1,0,0.0,42574.0,False,False,-0.0,0,0.0,-0.0
2023-12-20,42276.0,43634.0,44201.0,42246.0,28334648885.87903,854173854159.8182,0.032232309166649646,1517.5,42846.375,41341.75,1,42116.5,0.0,42116.5,0.0,0,0,1,42116.5,0.0,True,False,-0.001,1,0.001,0.0
2023-12-21,43660.0,43850.0,44215.0,43366.0,21948638202.58336,858312140014.9476,0.004938055848359437,1498.0,43116.25,41532.5,1,42352.0,0.0,42352.0,0.0,0,0,1,42352.0,0.0,False,False,0.004938055848359437,0,0.0,0.004938055848359437
2023-12-22,43875.0,44004.0,44243.0,43467.0,20833936534.62855,861822676200.4246,0.0035058200589971468,1443.2857142857142,43230.125,41864.25,1,42560.71428571428,0.0,42560.71428571428,0.0,0,0,1,42560.71428571428,0.0,False,False,0.0035058200589971468,0,0.0,0.0035058200589971468
2023-12-23,43989.0,43752.0,44018.0,43375.0,9872050975.657969,856850313226.057,-0.005743212832717632,1443.0,43344.375,42039.125,1,42309.0,0.0,42560.71428571428,0.0,0,0,1,42560.71428571428,0.0,False,False,-0.005743212832717632,0,0.0,-0.005743212832717632
2023-12-24,43730.0,43035.0,43943.0,42895.0,18313974069.822754,845029028630.4425,-0.016523587943033803,1486.0714285714287,43459.125,42240.875,1,41548.92857142857,0.0,42560.71428571428,0.0,0,0,1,42560.71428571428,0.0,False,False,-0.016523587943033803,0,0.0,-0.016523587943033803
2023-12-25,42999.0,43638.0,43744.0,42770.0,18744716867.39297,854524607072.9797,0.013914592299020836,1305.857142857143,43618.75,42382.75,1,42332.142857142855,0.0,42560.71428571428,0.0,0,0,1,42560.71428571428,0.0,False,False,0.013914592299020836,0,0.0,0.013914592299020836
2023-12-26,43587.0,42516.0,43587.0,41820.0,20477744539.87234,832471600531.6842,-0.02604785472912336,1341.2857142857142,43796.875,42565.875,-1,0.0,43857.28571428572,0.0,43857.28571428572,0,0,-1,0.0,43857.28571428572,False,True,-0.027047854729123362,1,0.001,-0.02604785472912336
2023-12-27,42503.0,43418.0,43662.0,42123.0,23244754807.443966,849194163327.4839,0.02099362599522838,1266.0714285714287,43909.75,42722.0,-1,0.0,44684.07142857143,0.0,43857.28571428572,0,0,-1,0.0,43857.28571428572,False,False,-0.02099362599522838,0,0.0,-0.02099362599522838
2023-12-28,43456.0,42601.0,43789.0,42324.0,20336573643.81929,836073458797.803,-0.018996374488349392,1280.642857142857,43951.625,42757.75,-1,0.0,43881.642857142855,0.0,43857.28571428572,0,0,-1,0.0,43857.28571428572,False,False,0.018996374488349392,0,0.0,0.018996374488349392
2023-12-29,42591.0,42075.0,43097.0,41614.0,24832397519.050613,822933961870.5416,-0.012423987101344607,1290.9285714285713,43900.125,42767.5,-1,0.0,43365.92857142857,0.0,43365.92857142857,0,0,-1,0.0,43365.92857142857,False,False,0.012423987101344607,0,0.0,0.012423987101344607
2023-12-30,42092.0,42221.0,42610.0,41574.0,14727224645.41767,826609156660.5117,0.003463987519938259,1300.2142857142858,43760.375,42548.5,-1,0.0,43521.21428571428,0.0,43365.92857142857,0,0,-1,0.0,43365.92857142857,False,False,-0.003463987519938259,0,0.0,-0.003463987519938259
2023-12-31,42197.0,42208.0,42838.0,42008.0,14183728910.169804,827596236151.1959,-0.0003079510619037299,1287.0714285714287,43556.25,42311.875,-1,0.0,43495.07142857143,0.0,43365.92857142857,0,0,-1,0.0,43365.92857142857,False,False,0.0003079510619037299,0,0.0,0.0003079510619037299
2024-01-01,42261.0,44169.0,44169.0,42242.0,16958999497.58364,863804922701.8125,0.04541340901647714,1276.2142857142858,43408.75,42141.0,1,42892.78571428572,0.0,42892.78571428572,0.0,0,0,1,42892.78571428572,0.0,True,False,-0.04641340901647714,1,0.001,-0.04541340901647714
2024-01-02,44148.0,44995.0,45870.0,44148.0,39089952715.542786,878395004792.8407,0.01852818693453057,1292.7857142857142,43437.0,42059.375,1,43702.21428571428,0.0,43702.21428571428,0.0,0,0,1,43702.21428571428,0.0,False,False,0.01852818693453057,0,0.0,0.01852818693453057
2024-01-03,44952.0,42822.0,45469.0,41805.0,43146162597.56747,838208392904.1771,-0.04949938326892658,1414.857142857143,43702.75,42231.625,1,41407.142857142855,0.0,43702.21428571428,0.0,1,0,0,43702.21428571428,0.0,False,False,-0.050499383268926584,1,0.001,-0.04949938326892658
2024-01-04,42863.0,44196.0,44814.0,42675.0,26123887042.79777,866352960236.8643,0.03158229803394314,1507.0,43938.0,42229.75,1,42689.0,0.0,43702.21428571428,0.0,1,0,0,43702.21428571428,0.0,False,False,0.0,0,0.0,0.0
2024-01-05,44174.0,44114.0,44281.0,43116.0,29364675804.010384,863690851062.0247,-0.0018570948605323967,1534.7857142857142,44082.0,42298.75,1,42579.21428571428,0.0,43702.21428571428,0.0,0,0,1,43702.21428571428,0.0,False,False,-0.001,1,0.001,-0.0
2024-01-06,44165.0,43956.0,44221.0,43479.0,11841102132.239353,861211168830.4689,-0.003588058805718564,1541.857142857143,44143.5,42397.75,1,42414.142857142855,0.0,43702.21428571428,0.0,0,0,1,43702.21428571428,0.0,False,False,-0.003588058805718564,0,0.0,-0.003588058805718564
2024-01-07,44002.0,43884.0,44489.0,43687.0,15144653805.362787,856926317087.4954,-0.0016393446294331684,1524.2857142857142,44284.0,42630.875,1,42359.71428571428,0.0,43702.21428571428,0.0,0,0,1,43702.21428571428,0.0,False,False,-0.0016393446294331684,0,0.0,-0.0016393446294331684
2024-01-08,43953.0,46936.0,47193.0,43248.0,40821502383.50064,919666641903.4098,0.06723518266831421,1736.5,44518.875,42895.0,1,45199.5,0.0,45199.5,0.0,0,0,1,45199.5,0.0,False,False,0.06723518266831421,0,0.0,0.06723518266831421
2024-01-09,46967.0,46106.0,47680.0,45416.0,39887918405.77868,902166917320.3264,-0.01784187824615453,1768.357142857143,45063.25,43050.0,1,44337.642857142855,0.0,45199.5,0.0,0,0,1,45199.5,0.0,False,False,-0.01784187824615453,0,0.0,-0.01784187824615453
2024-01-10,46141.0,46632.0,47599.0,44591.0,52030057180.57072,915259343942.0361,0.011343907365844378,1873.2857142857142,45502.125,43446.75,1,44758.71428571428,0.0,45199.5,0.0,0,0,1,45199.5,0.0,False,False,0.011343907365844378,0,0.0,0.011343907365844378
2024-01-11,46566.0,46314.0,48888.0,45662.0,49198128806.306175,909846384596.2129,-0.006842709547476863,1999.0714285714287,45718.25,43502.125,1,44314.92857142857,0.0,45199.5,0.0,0,0,1,45199.5,0.0,False,False,-0.006842709547476863,0,0.0,-0.006842709547476863
2024-01-12,46369.0,42894.0,46504.0,41730.0,45913301456.05085,838383512176.7352,-0.07671233518300202,2234.1428571428573,46145.625,43984.25,-1,0.0,45128.142857142855,0.0,45128.142857142855,0,0,-1,0.0,45128.142857142855,False,True,-0.07771233518300202,1,0.001,-0.07671233518300202
2024-01-13,42871.0,42848.0,43213.0,42434.0,19424747840.478386,839198740717.084,-0.001072986504007795,2215.785714285714,46356.875,43866.125,-1,0.0,45063.78571428572,0.0,45063.78571428572,0,0,-1,0.0,45063.78571428572,False,False,0.001072986504007795,0,0.0,0.001072986504007795
2024-01-14,42823.0,41801.0,43088.0,41754.0,16968959097.076523,822907066751.3778,-0.024738706819236383,2251.785714285714,46223.375,43780.875,-1,0.0,44052.78571428572,0.0,44052.78571428572,0,0,-1,0.0,44052.78571428572,False,False,0.024738706819236383,0,0.0,0.024738706819236383
2024-01-15,41747.0,42587.0,43313.0,41747.0,22634527323.56315,835225973285.8562,0.01862877969444427,2223.5714285714284,46081.75,43565.25,-1,0.0,44810.57142857143,0.0,44052.78571428572,0,0,-1,0.0,44052.78571428572,False,False,-0.01862877969444427,0,0.0,-0.01862877969444427
2024-01-16,42506.0,43148.0,43539.0,42170.0,22023116042.275295,845770850849.578,0.013087024129212593,2198.3571428571427,45934.75,43322.75,-1,0.0,45346.357142857145,0.0,44052.78571428572,0,0,-1,0.0,44052.78571428572,False,False,-0.013087024129212593,0,0.0,-0.013087024129212593
2024-01-17,43136.0,42714.0,43198.0,42221.0,21299064875.187115,836987995502.6503,-0.010109331163391423,2006.4285714285713,45478.0,43188.0,-1,0.0,44720.42857142857,0.0,44052.78571428572,0,0,-1,0.0,44052.78571428572,False,False,0.010109331163391423,0,0.0,0.010109331163391423
2024-01-18,42753.0,41261.0,42883.0,40655.0,25160430945.289833,808845819110.2808,-0.034608991451670346,2012.7857142857142,44917.75,42788.625,-1,0.0,43273.78571428572,0.0,43273.78571428572,0,0,-1,0.0,43273.78571428572,False,False,0.034608991451670346,0,0.0,0.034608991451670346
2024-01-19,41260.0,41601.0,42094.0,40300.0,24407872954.726807,815241536115.3193,0.00820646154171603,2057.714285714286,44328.25,42296.625,-1,0.0,43658.71428571428,0.0,43273.78571428572,0,0,-1,0.0,43273.78571428572,False,False,-0.00820646154171603,0,0.0,-0.00820646154171603
2024-01-20,41624.0,41626.0,41844.0,41423.0,9533488489.00503,817217622403.9753,0.0006007665962228821,2034.7857142857142,43479.0,41626.375,-1,0.0,43660.78571428572,0.0,43273.78571428572,0,0,-1,0.0,43273.78571428572,False,False,-0.0006007665962228821,0,0.0,-0.0006007665962228821
2024-01-21,41661.0,41542.0,41843.0,41513.0,8032696833.695371,814709364023.4832,-0.0020200083821430453,2001.0714285714287,42896.5,41588.0,-1,0.0,43543.07142857143,0.0,43273.78571428572,0,0,-1,0.0,43273.78571428572,False,False,0.0020200083821430453,0,0.0,0.0020200083821430453
2024-01-22,41546.0,39505.0,41645.0,39505.0,31202848830.101707,775020895102.2928,-0.050277717479220066,1872.142857142857,42725.25,41472.875,-1,0.0,41377.142857142855,0.0,41377.142857142855,0,0,-1,0.0,41377.142857142855,False,False,0.050277717479220066,0,0.0,0.050277717479220066
2024-01-23,39519.0,39833.0,40125.0,38520.0,29683327703.0343,779133357029.7626,0.008268468292908586,1825.0714285714287,42544.875,41191.75,-1,0.0,41658.07142857143,0.0,41377.142857142855,0,0,-1,0.0,41377.142857142855,False,False,-0.008268468292908586,0,0.0,-0.008268468292908586
2024-01-24,39852.0,40124.0,40499.0,39544.0,22217129215.385582,786928905377.1826,0.007278944553633549,1678.4285714285713,42146.375,40788.375,-1,0.0,41802.42857142857,0.0,41377.142857142855,0,0,-1,0.0,41377.142857142855,False,False,-0.007278944553633549,0,0.0,-0.007278944553633549
2024-01-25,40062.0,39938.0,40262.0,39538.0,13376924612.77818,783180536824.566,-0.004646407400038829,1499.7142857142858,41766.375,40460.125,-1,0.0,41437.71428571428,0.0,41377.142857142855,0,0,-1,0.0,41377.142857142855,False,False,0.004646407400038829,0,0.0,0.004646407400038829
2024-01-26,39917.0,41863.0,42195.0,39827.0,22681602408.52447,820989861818.084,0.047074130291635645,1327.857142857143,41399.375,40124.75,1,40535.142857142855,0.0,40535.142857142855,0.0,0,0,1,40535.142857142855,0.0,True,False,-0.048074130291635646,1,0.001,-0.047074130291635645
2024-01-27,41863.0,42120.0,42174.0,41439.0,10694258830.371908,826254540126.2368,0.0061203053529392745,1324.7142857142858,41313.375,40021.25,1,40795.28571428572,0.0,40795.28571428572,0.0,0,0,1,40795.28571428572,0.0,False,False,0.0061203053529392745,0,0.0,0.0061203053529392745
2024-01-28,42137.0,42027.0,42743.0,41735.0,13669905344.783924,824240091063.3245,-0.0022104183836881438,1301.4285714285713,41323.375,40163.625,1,40725.57142857143,0.0,40795.28571428572,0.0,0,0,1,40795.28571428572,0.0,False,False,-0.0022104183836881438,0,0.0,-0.0022104183836881438
2024-01-29,42037.0,43268.0,43287.0,41806.0,20680322267.003654,849198976216.4734,0.029101062885956645,1295.357142857143,41435.75,40202.625,1,41972.642857142855,0.0,41972.642857142855,0.0,0,0,1,41972.642857142855,0.0,False,False,0.029101062885956645,0,0.0,0.029101062885956645
2024-01-30,43286.0,42892.0,43762.0,42792.0,24526664209.358597,839294111912.5715,-0.008728003410143955,1266.857142857143,41616.25,40239.25,1,41625.142857142855,0.0,41972.642857142855,0.0,0,0,1,41972.642857142855,0.0,False,False,-0.008728003410143955,0,0.0,-0.008728003410143955
2024-01-31,42950.0,42583.0,43655.0,42289.0,22197944957.07849,835421372330.6442,-0.007230215761482049,1294.642857142857,41880.875,40650.125,1,41288.357142857145,0.0,41972.642857142855,0.0,0,0,1,41972.642857142855,0.0,False,False,-0.007230215761482049,0,0.0,-0.007230215761482049
2024-02-01,42572.0,43069.0,43250.0,41883.0,22443682768.722225,844585195327.6586,0.011348368182878361,1233.142857142857,42322.125,41121.25,1,41835.857142857145,0.0,41972.642857142855,0.0,0,0,1,41972.642857142855,0.0,False,False,0.011348368182878361,0,0.0,0.011348368182878361
2024-02-02,43084.0,43171.0,43382.0,42586.0,18624791426.130833,846561992602.431,0.002365492754225867,1161.857142857143,42666.0,41413.625,1,42009.142857142855,0.0,42009.142857142855,0.0,0,0,1,42009.142857142855,0.0,False,False,0.002365492754225867,0,0.0,0.002365492754225867
2024-02-03,43173.0,42977.0,43361.0,42884.0,7779819312.310763,842668526994.8004,-0.004503884662217411,1165.857142857143,43056.0,41794.625,1,41811.142857142855,0.0,42009.142857142855,0.0,0,0,1,42009.142857142855,0.0,False,False,-0.004503884662217411,0,0.0,-0.004503884662217411
2024-02-04,42991.0,42599.0,43110.0,42429.0,11250814654.362,835416357159.2295,-0.00883431004990589,1190.9285714285713,43201.75,42176.75,1,41408.07142857143,0.0,42009.142857142855,0.0,0,0,1,42009.142857142855,0.0,False,False,-0.00883431004990589,0,0.0,-0.00883431004990589
2024-02-05,42575.0,42648.0,43520.0,42284.0,18682275991.626797,836630860392.2917,0.0011496006990618628,1126.357142857143,43318.75,42300.5,1,41521.642857142855,0.0,42009.142857142855,0.0,0,0,1,42009.142857142855,0.0,False,False,0.0011496006990618628,0,0.0,0.0011496006990618628
2024-02-06,42651.0,43088.0,43327.0,42524.0,17131113853.23615,845393687725.6221,0.010264156548783208,1069.0714285714287,43415.875,42369.125,1,42018.92857142857,0.0,42018.92857142857,0.0,0,0,1,42018.92857142857,0.0,False,False,0.010264156548783208,0,0.0,0.010264156548783208
2024-02-07,43078.0,44247.0,44322.0,42759.0,21200879624.73537,868672050077.7697,0.026543036476231876,1112.5,43420.875,42458.875,1,43134.5,0.0,43134.5,0.0,0,0,1,43134.5,0.0,False,False,0.026543036476231876,0,0.0,0.026543036476231876
2024-02-08,44318.0,45338.0,45559.0,44318.0,27709605138.49859,890468166608.419,0.024357960400858525,1154.5,43490.875,42454.75,1,44183.5,0.0,44183.5,0.0,0,0,1,44183.5,0.0,False,False,0.024357960400858525,0,0.0,0.024357960400858525
2024-02-09,45306.0,47143.0,48018.0,45258.0,41993952311.122856,925541926938.6151,0.03904000275731804,1182.5,43728.875,42708.375,1,45960.5,0.0,45960.5,0.0,0,0,1,45960.5,0.0,False,False,0.03904000275731804,0,0.0,0.03904000275731804
2024-02-10,47151.0,47769.0,48106.0,46890.0,16461159742.317774,938210772985.4427,0.01319135783874706,1216.857142857143,44324.875,43130.25,1,46552.142857142855,0.0,46552.142857142855,0.0,0,0,1,46552.142857142855,0.0,False,False,0.01319135783874706,0,0.0,0.01319135783874706
2024-02-11,47770.0,48190.0,48487.0,47624.0,13196875460.84672,945579645769.01,0.008774637109842694,1206.5,44915.375,43668.25,1,46983.5,0.0,46983.5,0.0,0,0,1,46983.5,0.0,False,False,0.008774637109842694,0,0.0,0.008774637109842694
2024-02-12,48296.0,50050.0,50260.0,47729.0,37684440686.70893,981463410832.9637,0.03787097510898822,1281.5,45556.125,44260.75,1,48768.5,0.0,48768.5,0.0,0,0,1,48768.5,0.0,False,False,0.03787097510898822,0,0.0,0.03787097510898822
2024-02-13,49962.0,49732.0,50241.0,48385.0,37331081151.024765,974585308372.1277,-0.0063739166705384384,1344.7857142857142,46449.875,44923.25,1,48387.21428571428,0.0,48768.5,0.0,0,0,1,48768.5,0.0,False,False,-0.0063739166705384384,0,0.0,-0.0063739166705384384
2024-02-14,49758.0,51790.0,51937.0,49320.0,41805076939.80903,1017596576729.7906,0.040548491345109024,1434.142857142857,47290.0,45685.875,1,50355.857142857145,0.0,50355.857142857145,0.0,0,0,1,50355.857142857145,0.0,False,False,0.040548491345109024,0,0.0,0.040548491345109024
2024-02-15,51821.0,51958.0,52801.0,51384.0,31991869491.056656,1020725811639.5323,0.003238619478759235,1437.7142857142858,48366.25,46535.375,1,50520.28571428572,0.0,50520.28571428572,0.0,0,0,1,50520.28571428572,0.0,False,False,0.003238619478759235,0,0.0,0.003238619478759235
2024-02-16,51941.0,52166.0,52443.0,51678.0,24850432117.896576,1024019280535.48,0.003995241763163956,1435.5,49426.125,47613.5,1,50730.5,0.0,50730.5,0.0,0,0,1,50730.5,0.0,False,False,0.003995241763163956,0,0.0,0.003995241763163956
2024-02-17,52176.0,51685.0,52201.0,50675.0,19851884283.15723,1015778284418.9253,-0.009263337657275253,1510.4285714285713,50286.625,48533.5,1,50174.57142857143,0.0,50730.5,0.0,0,0,1,50730.5,0.0,False,False,-0.009263337657275253,0,0.0,-0.009263337657275253
2024-02-18,51657.0,52138.0,52377.0,51215.0,17025880430.565874,1023586119011.2284,0.008726445483004169,1544.7857142857142,50809.5,49210.625,1,50593.21428571428,0.0,50730.5,0.0,0,0,1,50730.5,0.0,False,False,0.008726445483004169,0,0.0,0.008726445483004169
2024-02-19,52117.0,51764.0,52468.0,51723.0,22555121071.55909,1016146442771.5667,-0.007199122544028511,1509.7142857142858,51343.375,49751.25,1,50254.28571428572,0.0,50730.5,0.0,0,0,1,50730.5,0.0,False,False,-0.007199122544028511,0,0.0,-0.007199122544028511
2024-02-20,51784.0,52287.0,52902.0,50953.0,34499627551.319275,1026424315285.75,0.010052847248230645,1591.5714285714287,51841.0,50263.625,1,50695.42857142857,0.0,50730.5,0.0,0,0,1,50730.5,0.0,False,False,0.010052847248230645,0,0.0,0.010052847248230645
2024-02-21,52230.0,51843.0,52376.0,50706.0,30624246621.0974,1018869881156.3213,-0.008527853467689944,1599.2142857142858,52171.25,50666.625,1,50243.78571428572,0.0,50730.5,0.0,0,0,1,50730.5,0.0,False,False,-0.008527853467689944,0,0.0,-0.008527853467689944
2024-02-22,51863.0,51320.0,51992.0,50883.0,23733644208.80861,1007314397269.4122,-0.010139380992528705,1584.7142857142858,52438.125,50956.75,1,49735.28571428572,0.0,50730.5,0.0,0,0,1,50730.5,0.0,False,False,-0.010139380992528705,0,0.0,-0.010139380992528705
2024-02-23,51295.0,50841.0,51493.0,50660.0,22637679779.740997,999139504635.63,-0.009377424068091266,1447.0714285714287,52445.0,51152.125,-1,0.0,52288.07142857143,0.0,52288.07142857143,0,0,-1,0.0,52288.07142857143,False,True,-0.010377424068091265,1,0.001,-0.009377424068091266
2024-02-24,50732.0,51553.0,51697.0,50598.0,15528276123.53668,1012485917140.1924,0.013907289016592541,1438.7142857142858,52281.5,51061.625,-1,0.0,52991.71428571428,0.0,52288.07142857143,0,0,-1,0.0,52288.07142857143,False,False,-0.013907289016592541,0,0.0,-0.013907289016592541
2024-02-25,51558.0,51752.0,51918.0,51308.0,15455098216.48263,1016549456019.3263,0.00385267404574741,1420.642857142857,52188.25,50926.625,-1,0.0,53172.642857142855,0.0,52288.07142857143,0,0,-1,0.0,52288.07142857143,False,False,-0.00385267404574741,0,0.0,-0.00385267404574741
2024-02-26,51725.0,54478.0,54925.0,50927.0,35407941475.56789,1071049856128.8474,0.051333871706187605,1525.4285714285713,52152.875,51005.75,1,52952.57142857143,0.0,52952.57142857143,0.0,0,0,1,52952.57142857143,0.0,True,False,-0.052333871706187605,1,0.001,-0.051333871706187605
2024-02-27,54528.0,57004.0,57469.0,54478.0,51983799587.1939,1118963733317.3013,0.04532449036309379,1606.5,52471.375,50969.75,1,55397.5,0.0,55397.5,0.0,0,0,1,55397.5,0.0,False,False,0.04532449036309379,0,0.0,0.04532449036309379
2024-02-28,57050.0,62559.0,63637.0,56741.0,87218855804.01622,1225273849241.6978,0.09298867064360246,1912.142857142857,53096.5,51314.125,1,60646.857142857145,0.0,60646.857142857145,0.0,0,0,1,60646.857142857145,0.0,False,False,0.09298867064360246,0,0.0,0.09298867064360246
2024-02-29,62519.0,61298.0,63435.0,60562.0,67692687247.36391,1206725326872.1362,-0.020362895472062142,2016.142857142857,54438.375,52037.625,1,59281.857142857145,0.0,60646.857142857145,0.0,0,0,1,60646.857142857145,0.0,False,False,-0.020362895472062142,0,0.0,-0.020362895472062142
2024-03-01,61201.0,62427.0,63136.0,60833.0,36699193361.155365,1227712629022.1812,0.0182506581162462,2126.0,55820.75,53269.625,1,60301.0,0.0,60646.857142857145,0.0,0,0,1,60646.857142857145,0.0,False,False,0.0182506581162462,0,0.0,0.0182506581162462
2024-03-02,62418.0,62068.0,62437.0,61721.0,25198213831.25236,1219383305483.4985,-0.005767315877514642,2068.1428571428573,57213.75,54513.375,1,59999.857142857145,0.0,60646.857142857145,0.0,0,0,1,60646.857142857145,0.0,False,False,-0.005767315877514642,0,0.0,-0.005767315877514642
2024-03-03,62025.0,63053.0,63234.0,61483.0,27108369390.44353,1236312176673.4497,0.015745084342432273,2110.214285714286,58581.75,55896.0,1,60942.78571428572,0.0,60942.78571428572,0.0,0,0,1,60942.78571428572,0.0,False,False,0.015745084342432273,0,0.0,0.015745084342432273
2024-03-04,63169.0,68187.0,68551.0,62883.0,74551714626.1156,1333913436699.1726,0.07827828828046196,2461.8571428571427,60023.875,57256.625,1,65725.14285714286,0.0,65725.14285714286,0.0,0,0,1,65725.14285714286,0.0,False,False,0.07827828828046196,0,0.0,0.07827828828046196
2024-03-05,68340.0,64292.0,68913.0,60861.0,96403762012.66058,1264870242318.5977,-0.05881872413723732,2897.785714285714,62103.0,58703.5,1,61394.21428571428,0.0,65725.14285714286,0.0,1,0,0,65725.14285714286,0.0,False,False,-0.05981872413723732,1,0.001,-0.05881872413723732
2024-03-06,63789.0,66146.0,67510.0,62933.0,73151905042.04068,1297845751759.601,0.02842921339387151,3105.4285714285716,63851.5,59945.25,1,63040.57142857143,0.0,65725.14285714286,0.0,1,0,0,65725.14285714286,0.0,False,False,0.0,0,0.0,0.0
2024-03-07,66090.0,66945.0,68006.0,65722.0,48853892626.0196,1317508010581.0813,0.01200696664857696,3189.3571428571427,65106.625,61002.125,1,63755.642857142855,0.0,65725.14285714286,0.0,0,0,1,65725.14285714286,0.0,False,False,-0.001,1,0.001,0.0
2024-03-08,66949.0,68315.0,69428.0,66610.0,63346588227.32869,1340971395884.519,0.020257975041108364,3331.1428571428573,65652.75,62124.75,1,64983.857142857145,0.0,65725.14285714286,0.0,0,0,1,65725.14285714286,0.0,False,False,0.020257975041108364,0,0.0,0.020257975041108364
2024-03-09,68315.0,68508.0,68670.0,68053.0,21359706190.81524,1346027264110.4956,0.002821164979671267,3296.714285714286,66401.875,62880.75,1,65211.28571428572,0.0,65725.14285714286,0.0,0,0,1,65725.14285714286,0.0,False,False,0.002821164979671267,0,0.0,0.002821164979671267
2024-03-10,68484.0,69076.0,70009.0,68351.0,36660543917.16198,1357390358031.5388,0.008256820952301172,3371.5714285714284,67093.625,63783.25,1,65704.42857142857,0.0,65725.14285714286,0.0,0,0,1,65725.14285714286,0.0,False,False,0.008256820952301172,0,0.0,0.008256820952301172
2024-03-11,69046.0,72131.0,72711.0,67785.0,66653067165.93465,1417772589113.9521,0.043276562553980276,3437.8571428571427,68040.125,64612.0,1,68693.14285714286,0.0,68693.14285714286,0.0,0,0,1,68693.14285714286,0.0,False,False,0.043276562553980276,0,0.0,0.043276562553980276
2024-03-12,72109.0,71467.0,72734.0,69368.0,64599341551.27301,1403692914139.1924,-0.009248105579639428,3464.6428571428573,69224.75,65399.75,1,68002.35714285714,0.0,68693.14285714286,0.0,0,0,1,68693.14285714286,0.0,False,False,-0.009248105579639428,0,0.0,-0.009248105579639428
2024-03-13,71444.0,73098.0,73604.0,71337.0,51906601043.53671,1436631290571.5388,0.02256520190356092,3134.0,69747.625,66210.375,1,69964.0,0.0,69964.0,0.0,0,0,1,69964.0,0.0,False,False,0.02256520190356092,0,0.0,0.02256520190356092
2024-03-14,73091.0,71420.0,73738.0,68862.0,63073551321.74747,1403843488135.24,-0.023223064434023003,3277.0714285714284,70334.0,67519.875,1,68142.92857142857,0.0,69964.0,0.0,0,0,1,69964.0,0.0,False,False,-0.023223064434023003,0,0.0,-0.023223064434023003
2024-03-15,71385.0,69498.0,72288.0,65848.0,81204427005.22603,1367669237527.8738,-0.027279966988038345,3572.5714285714284,71112.5,68261.0,1,65925.42857142857,0.0,69964.0,0.0,1,0,0,69964.0,0.0,False,False,-0.028279966988038346,1,0.001,-0.027279966988038345
2024-03-16,69441.0,65292.0,70034.0,65015.0,49265436012.59228,1282404282863.459,-0.062428457886475414,3879.9285714285716,71647.75,68276.75,-1,0.0,69171.92857142857,0.0,69171.92857142857,0,0,-1,0.0,69171.92857142857,False,True,-0.001,1,0.001,-0.0
2024-03-17,65323.0,68425.0,68804.0,64866.0,47190980586.56393,1344508983079.8567,0.046868737634954104,4036.1428571428573,71723.5,68077.375,-1,0.0,72461.14285714286,0.0,69171.92857142857,0,0,-1,0.0,69171.92857142857,False,False,-0.046868737634954104,0,0.0,-0.046868737634954104
2024-03-18,68425.0,67709.0,68834.0,66605.0,51101822566.75771,1331771923948.0378,-0.010519144405477394,3790.5,71740.25,67679.0,-1,0.0,71499.5,0.0,69171.92857142857,0,0,-1,0.0,69171.92857142857,False,False,0.010519144405477394,0,0.0,0.010519144405477394
2024-03-19,67600.0,62133.0,68182.0,61593.0,80179417876.47993,1223867418062.399,-0.08594186175914183,3686.0,71593.375,67460.75,-1,0.0,65819.0,0.0,65819.0,0,0,-1,0.0,65819.0,False,False,0.08594186175914183,0,0.0,0.08594186175914183
2024-03-20,61866.0,67819.0,68034.0,60914.0,70836803714.91411,1332594162507.5205,0.08756514291365673,3867.6428571428573,71027.25,66686.75,-1,0.0,71686.64285714286,0.0,65819.0,0,1,0,0.0,65819.0,False,False,-0.08856514291365673,1,0.001,-0.08756514291365673
2024-03-21,67855.0,65536.0,68120.0,64760.0,48393664548.05336,1287348061971.4202,-0.034242781698792385,3944.5,70439.75,65630.0,-1,0.0,69480.5,0.0,65819.0,0,1,0,0.0,65819.0,False,False,-0.0,0,0.0,-0.0
2024-03-22,65492.0,63509.0,66596.0,62450.0,42436600223.53738,1247366367469.2778,-0.031417981837948514,4039.3571428571427,69754.25,64807.875,-1,0.0,67548.35714285714,0.0,65819.0,0,0,-1,0.0,65819.0,False,False,-0.001,1,0.001,-0.0
2024-03-23,63659.0,64286.0,65937.0,63169.0,25489933245.687557,1264722355270.5166,0.012160250004580741,4193.0,68861.5,64006.375,-1,0.0,68479.0,0.0,65819.0,0,0,-1,0.0,65819.0,False,False,-0.012160250004580741,0,0.0,-0.012160250004580741
2024-03-24,64018.0,67311.0,67590.0,63873.0,28098318940.431744,1323456466317.511,0.04598179240212991,4340.071428571428,68067.625,63671.5,-1,0.0,71651.07142857143,0.0,65819.0,0,1,0,0.0,65819.0,False,False,-0.046981792402129914,1,0.001,-0.04598179240212991
2024-03-25,67232.0,69939.0,71007.0,66475.0,44820310272.647514,1371797489739.3416,0.03829976301757465,4311.928571428572,67762.125,63528.75,1,65627.07142857143,0.0,65627.07142857143,0.0,0,0,1,65627.07142857143,0.0,True,False,-0.001,1,0.001,0.0
2024-03-26,69946.0,70082.0,71419.0,69567.0,36257324508.56845,1375728580463.2524,0.002042551470372645,4203.785714285715,68037.5,63729.875,1,65878.21428571429,0.0,65878.21428571429,0.0,0,0,1,65878.21428571429,0.0,False,False,0.002042551470372645,0,0.0,0.002042551470372645
2024-03-27,69979.0,69436.0,71528.0,68490.0,41441040887.822266,1360261687784.1018,-0.009260520027394484,4258.857142857143,68360.625,64100.125,1,65177.142857142855,0.0,65878.21428571429,0.0,0,0,1,65878.21428571429,0.0,False,False,-0.009260520027394484,0,0.0,-0.009260520027394484
2024-03-28,69402.0,70710.0,71552.0,68991.0,30455289338.47621,1390869723348.0437,0.01818154060984668,4093.5,68778.875,64962.25,1,66616.5,0.0,66616.5,0.0,0,0,1,66616.5,0.0,False,False,0.01818154060984668,0,0.0,0.01818154060984668
2024-03-29,70744.0,69919.0,70908.0,69197.0,25785951735.485695,1374646886107.8396,-0.011249576430641365,3755.714285714286,69218.625,65971.875,1,66163.28571428571,0.0,66616.5,0.0,0,0,1,66616.5,0.0,False,False,-0.011249576430641365,0,0.0,-0.011249576430641365
2024-03-30,69906.0,69702.0,70343.0,69622.0,16408802301.837431,1370247487960.0945,-0.003108417426115292,3448.714285714286,69567.125,66526.5,1,66253.28571428571,0.0,66616.5,0.0,0,0,1,66616.5,0.0,False,False,-0.003108417426115292,0,0.0,-0.003108417426115292
2024-03-31,69622.0,71247.0,71315.0,69622.0,19723005998.21497,1401370211582.3662,0.021923701239757808,3288.3571428571427,70035.5,67423.0,1,67958.64285714286,0.0,67958.64285714286,0.0,0,0,1,67958.64285714286,0.0,False,False,0.021923701239757808,0,0.0,0.021923701239757808
2024-04-01,71344.0,69786.0,71344.0,68257.0,36040088988.53872,1373784286061.3486,-0.020719296414193802,3349.6428571428573,70707.75,68229.625,1,66436.35714285714,0.0,67958.64285714286,0.0,0,0,1,67958.64285714286,0.0,False,False,-0.020719296414193802,0,0.0,-0.020719296414193802
2024-04-02,69674.0,65440.0,69674.0,64693.0,45161133992.09071,1288360536576.547,-0.06429972429046517,3242.785714285714,71177.0,68777.625,-1,0.0,68682.78571428571,0.0,68682.78571428571,0,0,-1,0.0,68682.78571428571,False,True,-0.06529972429046517,1,0.001,-0.06429972429046517
2024-04-03,65450.0,66124.0,66945.0,64673.0,35559952961.797325,1301670235623.7266,0.010398074896274158,2896.5,71010.375,68554.875,-1,0.0,69020.5,0.0,68682.78571428571,0,0,-1,0.0,68682.78571428571,False,False,-0.010398074896274158,0,0.0,-0.010398074896274158
2024-04-04,65978.0,68542.0,69199.0,65135.0,37516850709.63811,1348455954443.3696,0.03591492887081997,2946.785714285714,70451.125,67943.125,-1,0.0,71488.78571428571,0.0,68682.78571428571,0,0,-1,0.0,68682.78571428571,False,False,-0.03591492887081997,0,0.0,-0.03591492887081997
2024-04-05,68456.0,67979.0,68679.0,66174.0,35132808695.80448,1337452583876.3916,-0.008247862110696915,2829.5714285714284,70160.0,67523.75,-1,0.0,70808.57142857143,0.0,68682.78571428571,0,0,-1,0.0,68682.78571428571,False,False,0.008247862110696915,0,0.0,0.008247862110696915
2024-04-06,67862.0,69001.0,69577.0,67509.0,19119438138.850826,1358548956714.7139,0.014922163294974915,2779.5714285714284,69800.875,67171.625,-1,0.0,71780.57142857143,0.0,68682.78571428571,0,1,0,0.0,68682.78571428571,False,False,-0.015922163294974916,1,0.001,-0.014922163294974915
2024-04-07,68896.0,69402.0,70231.0,68863.0,17935478429.01022,1367272232852.0764,0.00579468829545578,2611.785714285714,69634.5,66960.625,-1,0.0,72013.78571428571,0.0,68682.78571428571,0,1,0,0.0,68682.78571428571,False,False,0.0,0,0.0,0.0
2024-04-08,69375.0,71624.0,72632.0,69118.0,33111949671.02105,1410324678268.6392,0.03151452779053547,2539.0714285714284,69620.5,66865.75,1,69084.92857142857,0.0,69084.92857142857,0.0,0,0,1,69084.92857142857,0.0,True,False,-0.001,1,0.001,0.0
2024-04-09,71629.0,69159.0,71743.0,68208.0,36488482038.859055,1361830648708.6648,-0.03502201184628626,2659.285714285714,69785.125,66802.75,1,66499.71428571429,0.0,69084.92857142857,0.0,0,0,1,69084.92857142857,0.0,False,False,-0.03502201184628626,0,0.0,-0.03502201184628626
2024-04-10,69112.0,70528.0,70938.0,67569.0,38378062633.13138,1387722485989.3584,0.01960159260482598,2682.9285714285716,69835.0,66796.625,1,67845.07142857143,0.0,69084.92857142857,0.0,0,0,1,69084.92857142857,0.0,False,False,0.01960159260482598,0,0.0,0.01960159260482598
2024-04-11,70602.0,70107.0,71221.0,69581.0,30118549149.510498,1379324055321.196,-0.005987147688615482,2617.1428571428573,69993.0,67156.125,1,67489.85714285714,0.0,69084.92857142857,0.0,0,0,1,69084.92857142857,0.0,False,False,-0.005987147688615482,0,0.0,-0.005987147688615482
2024-04-12,70000.0,67252.0,71212.0,65771.0,43471949726.09197,1321648247460.1611,-0.041575888585097386,2883.5714285714284,70527.5,67769.625,-1,0.0,70135.57142857143,0.0,70135.57142857143,0,0,-1,0.0,70135.57142857143,False,True,-0.042575888585097386,1,0.001,-0.041575888585097386
2024-04-13,67197.0,64405.0,67936.0,61514.0,49214481480.20075,1270009515097.3306,-0.04325548796863056,3290.785714285714,70779.125,67849.125,-1,0.0,67695.78571428571,0.0,67695.78571428571,0,0,-1,0.0,67695.78571428571,False,False,0.04325548796863056,0,0.0,0.04325548796863056
2024-04-14,63957.0,65753.0,65753.0,62138.0,40292911692.95434,1293286386553.3967,0.02071402754535155,3428.0714285714284,70686.25,67266.625,-1,0.0,69181.07142857143,0.0,67695.78571428571,0,0,-1,0.0,67695.78571428571,False,False,-0.02071402754535155,0,0.0,-0.02071402754535155
2024-04-15,65680.0,63431.0,66798.0,62629.0,42796604938.03423,1247928896840.997,-0.03595259646118077,3505.3571428571427,70208.25,66595.25,-1,0.0,66936.35714285714,0.0,66936.35714285714,0,0,-1,0.0,66936.35714285714,False,False,0.03595259646118077,0,0.0,0.03595259646118077
2024-04-16,63409.0,63721.0,64329.0,61714.0,42157169474.39519,1253670904297.4917,0.004561477646243047,3328.3571428571427,69779.125,65816.0,-1,0.0,67049.35714285714,0.0,66936.35714285714,0,0,-1,0.0,66936.35714285714,False,False,-0.004561477646243047,0,0.0,-0.004561477646243047
2024-04-17,63814.0,61329.0,64414.0,60062.0,41123362075.93534,1207185042484.4346,-0.038261364307484544,3476.9285714285716,68741.25,64890.5,-1,0.0,64805.92857142857,0.0,64805.92857142857,0,0,-1,0.0,64805.92857142857,False,False,0.038261364307484544,0,0.0,0.038261364307484544
2024-04-18,61272.0,63462.0,63989.0,60862.0,35901618166.42319,1249565911947.3347,0.03418848730299043,3410.0,67825.125,63872.25,-1,0.0,66872.0,0.0,64805.92857142857,0,0,-1,0.0,64805.92857142857,False,False,-0.03418848730299043,0,0.0,-0.03418848730299043
2024-04-19,63517.0,63989.0,65416.0,60022.0,52227787323.81757,1263308149913.607,0.008269892013500485,3616.3571428571427,66956.5,63033.875,-1,0.0,67605.35714285714,0.0,64805.92857142857,0,0,-1,0.0,64805.92857142857,False,False,-0.008269892013500485,0,0.0,-0.008269892013500485
2024-04-20,63841.0,64894.0,65377.0,63230.0,16601830590.687477,1277940837359.7852,0.014043975925856917,3622.0,66230.875,61839.0,-1,0.0,68516.0,0.0,64805.92857142857,0,1,0,0.0,64805.92857142857,False,False,-0.015043975925856917,1,0.001,-0.014043975925856917
2024-04-21,64976.0,64936.0,65674.0,64365.0,19592118541.18973,1279763566407.3762,0.0006469999455460945,3617.785714285714,65501.5,61521.375,-1,0.0,68553.78571428571,0.0,64805.92857142857,0,1,0,0.0,64805.92857142857,False,False,0.0,0,0.0,0.0
2024-04-22,64919.0,66842.0,67208.0,64565.0,27748586313.20611,1317058642854.2856,0.028929456022932388,3555.5714285714284,65218.75,61877.75,1,63286.42857142857,0.0,63286.42857142857,0.0,0,0,1,63286.42857142857,0.0,True,False,-0.001,1,0.001,0.0
2024-04-23,66840.0,66407.0,67166.0,65889.0,23232230785.201836,1306843409278.049,-0.006529152869147214,3394.285714285714,65400.625,62181.125,1,63012.71428571428,0.0,63286.42857142857,0.0,0,0,1,63286.42857142857,0.0,False,False,-0.006529152869147214,0,0.0,-0.006529152869147214
2024-04-24,66429.0,64280.0,67058.0,63571.0,30939903322.025898,1265541377860.928,-0.03255393174334784,3402.714285714286,65446.625,62588.625,1,60877.28571428572,0.0,63286.42857142857,0.0,0,0,1,63286.42857142857,0.0,False,False,-0.03255393174334784,0,0.0,-0.03255393174334784
2024-04-25,64247.0,64486.0,65069.0,62924.0,24705345525.57077,1269387456067.624,0.003199605109163108,3438.785714285714,65787.75,62820.75,1,61047.21428571428,0.0,63286.42857142857,0.0,0,0,1,63286.42857142857,0.0,False,False,0.003199605109163108,0,0.0,0.003199605109163108
2024-04-26,64496.0,63802.0,64728.0,63353.0,23302057197.884678,1255539337969.4697,-0.010663608156685551,3148.3571428571427,65869.625,63178.5,1,60653.642857142855,0.0,63286.42857142857,0.0,0,0,1,63286.42857142857,0.0,False,False,-0.010663608156685551,0,0.0,-0.010663608156685551
2024-04-27,63752.0,63517.0,63787.0,62528.0,19190483386.063873,1249495302303.4912,-0.004476951217387518,2780.6428571428573,65962.0,63489.875,1,60736.357142857145,0.0,63286.42857142857,0.0,0,0,1,63286.42857142857,0.0,False,False,-0.004476951217387518,0,0.0,-0.004476951217387518
2024-04-28,63395.0,63030.0,64258.0,62837.0,16180294651.046635,1240724751365.882,-0.007696783079383259,2623.9285714285716,65758.375,63803.125,-1,0.0,65653.92857142857,0.0,65653.92857142857,0,0,-1,0.0,65653.92857142857,False,True,-0.00869678307938326,1,0.001,-0.007696783079383259
2024-04-29,63133.0,63798.0,64110.0,61890.0,27242983698.21234,1257159131219.0603,0.012111038371985319,2484.714285714286,65618.5,63754.0,-1,0.0,66282.71428571429,0.0,65653.92857142857,0,0,-1,0.0,65653.92857142857,False,False,-0.012111038371985319,0,0.0,-0.012111038371985319
2024-04-30,63827.0,60749.0,64555.0,59131.0,39533113322.04938,1197773959985.8767,-0.04897122071717829,2685.3571428571427,65423.0,63444.625,-1,0.0,63434.357142857145,0.0,63434.357142857145,0,0,-1,0.0,63434.357142857145,False,False,0.04897122071717829,0,0.0,0.04897122071717829
2024-05-01,60570.0,58298.0,60693.0,56637.0,51109380171.692604,1151677489315.1536,-0.041182833729144164,2668.214285714286,65091.375,62765.375,-1,0.0,60966.21428571428,0.0,60966.21428571428,0,0,-1,0.0,60966.21428571428,False,False,0.041182833729144164,0,0.0,0.041182833729144164
2024-05-02,58306.0,59135.0,59633.0,56990.0,28255509745.49032,1164721402399.166,0.014255178252398557,2633.6428571428573,64282.25,61608.875,-1,0.0,61768.642857142855,0.0,60966.21428571428,0,0,-1,0.0,60966.21428571428,False,False,-0.014255178252398557,0,0.0,-0.014255178252398557
2024-05-03,59102.0,62839.0,63160.0,58842.0,33591665812.212433,1239817041554.716,0.06075293412678444,2556.785714285714,63354.125,60786.25,-1,0.0,65395.78571428572,0.0,60966.21428571428,0,1,0,0.0,60966.21428571428,False,False,-0.06175293412678444,1,0.001,-0.06075293412678444
2024-05-04,62889.0,63820.0,64349.0,62660.0,20510614461.479218,1257549583083.3145,0.01549072102023268,2524.0714285714284,63115.5,60276.0,1,61295.92857142857,0.0,61295.92857142857,0.0,0,0,1,61295.92857142857,0.0,True,False,-0.001,1,0.001,0.0
2024-05-05,63917.0,64010.0,64509.0,63005.0,18115695040.201984,1259667234461.2874,0.002972700303814642,2538.0,63068.125,60189.375,1,61472.0,0.0,61472.0,0.0,0,0,1,61472.0,0.0,False,False,0.002972700303814642,0,0.0,0.002972700303814642
2024-05-06,64028.0,63172.0,65489.0,62861.0,17917770174.27797,1244417948315.7583,-0.013178156146103905,2536.9285714285716,63158.375,60249.0,1,60635.07142857143,0.0,61472.0,0.0,0,0,1,61472.0,0.0,False,False,-0.013178156146103905,0,0.0,-0.013178156146103905
2024-05-07,63159.0,62363.0,64413.0,62303.0,19925137720.849453,1229336706399.346,-0.012889014213988168,2596.4285714285716,63312.25,60252.0,1,59766.57142857143,0.0,61472.0,0.0,0,0,1,61472.0,0.0,False,False,-0.012889014213988168,0,0.0,-0.012889014213988168
2024-05-08,62333.0,61216.0,62947.0,60842.0,20303831135.373127,1203918522476.5405,-0.01856355753597771,2497.714285714286,63350.125,60303.625,1,58718.28571428572,0.0,61472.0,0.0,1,0,0,61472.0,0.0,False,False,-0.019563557535977712,1,0.001,-0.01856355753597771
2024-05-09,61188.0,63149.0,63337.0,60687.0,25837724247.550426,1240910691253.6274,0.031088420100530468,2533.785714285714,63149.125,60517.5,1,60615.21428571428,0.0,61472.0,0.0,1,0,0,61472.0,0.0,False,False,0.0,0,0.0,0.0
2024-05-10,63065.0,60888.0,63458.0,60321.0,23987518755.480534,1199393711200.297,-0.03646090239328238,2659.6428571428573,63479.625,61023.75,-1,0.0,63547.642857142855,0.0,63547.642857142855,0,0,-1,0.0,63547.642857142855,False,True,-0.001,1,0.001,-0.0
2024-05-11,60790.0,60777.0,61427.0,60532.0,12120618802.065384,1197102943502.2341,-0.0018246830361661258,2632.5714285714284,63957.75,61440.125,-1,0.0,63409.57142857143,0.0,63409.57142857143,0,0,-1,0.0,63409.57142857143,False,False,0.0018246830361661258,0,0.0,0.0018246830361661258
2024-05-12,60795.0,61507.0,61759.0,60698.0,13045696108.912676,1211277523448.5786,0.01193956154462499,2606.8571428571427,63741.125,61651.375,-1,0.0,64113.857142857145,0.0,63409.57142857143,0,0,-1,0.0,63409.57142857143,False,False,-0.01193956154462499,0,0.0,-0.01193956154462499
2024-05-13,61484.0,62879.0,63340.0,60777.0,27740460083.601814,1238994152713.125,0.0220612552130548,2631.3571428571427,63417.375,61406.125,-1,0.0,65510.357142857145,0.0,63409.57142857143,0,0,-1,0.0,63409.57142857143,False,False,-0.0220612552130548,0,0.0,-0.0220612552130548
2024-05-14,62905.0,61569.0,63088.0,61109.0,21581895152.31416,1212998352772.157,-0.021053747571523763,2385.285714285714,63271.25,61127.625,-1,0.0,63954.28571428572,0.0,63409.57142857143,0,0,-1,0.0,63409.57142857143,False,False,0.021053747571523763,0,0.0,0.021053747571523763
2024-05-15,61540.0,66221.0,66413.0,61377.0,38101793065.15294,1307048849176.4167,0.07283913606789016,2451.285714285714,62971.125,60908.625,1,63769.71428571428,0.0,63769.71428571428,0.0,0,0,1,63769.71428571428,0.0,True,False,-0.07383913606789017,1,0.001,-0.07283913606789016
2024-05-16,66229.0,65261.0,66568.0,64596.0,29114585833.349678,1286278919684.0837,-0.014603018813100575,2403.3571428571427,63221.125,60792.875,1,62857.642857142855,0.0,63769.71428571428,0.0,0,0,1,63769.71428571428,0.0,False,False,-0.014603018813100575,0,0.0,-0.014603018813100575
2024-05-17,65216.0,67053.0,67422.0,65157.0,25397793918.993534,1319238394090.13,0.02708873708619805,2256.714285714286,63673.75,61262.125,1,64796.28571428572,0.0,64796.28571428572,0.0,0,0,1,64796.28571428572,0.0,False,False,0.02708873708619805,0,0.0,0.02708873708619805
2024-05-18,67059.0,66913.0,67377.0,66693.0,13025487675.845129,1319928522881.6436,-0.0020900833191291155,2184.9285714285716,64184.375,61820.875,1,64728.07142857143,0.0,64796.28571428572,0.0,0,0,1,64796.28571428572,0.0,False,False,-0.0020900833191291155,0,0.0,-0.0020900833191291155
2024-05-19,66940.0,66253.0,67698.0,66000.0,9072734600.009218,1304727108597.6987,-0.009912521276984262,2198.785714285714,64674.25,62617.375,1,64054.21428571428,0.0,64796.28571428572,0.0,0,0,1,64796.28571428572,0.0,False,False,-0.009912521276984262,0,0.0,-0.009912521276984262
2024-05-20,66273.0,71430.0,71619.0,66118.0,35923476641.4359,1406288649446.611,0.07523720230692657,2404.0,65458.125,63300.875,1,69026.0,0.0,69026.0,0.0,0,0,1,69026.0,0.0,False,False,0.07523720230692657,0,0.0,0.07523720230692657
2024-05-21,71464.0,70190.0,71650.0,69212.0,41105056578.01701,1382275470797.567,-0.017512098424550978,2427.4285714285716,66690.625,63978.375,1,67762.57142857143,0.0,69026.0,0.0,0,0,1,69026.0,0.0,False,False,-0.017512098424550978,0,0.0,-0.017512098424550978
2024-05-22,70139.0,69181.0,70585.0,69030.0,31059440495.91766,1362228629448.754,-0.01447959229296992,2388.1428571428573,67729.375,65032.75,1,66792.85714285714,0.0,69026.0,0.0,0,0,1,69026.0,0.0,False,False,-0.01447959229296992,0,0.0,-0.01447959229296992
2024-05-23,69125.0,67906.0,70029.0,66725.0,39235702119.25446,1336347300306.381,-0.01860186254568336,2434.8571428571427,68666.5,66022.875,1,65471.142857142855,0.0,69026.0,0.0,1,0,0,69026.0,0.0,False,False,-0.01960186254568336,1,0.001,-0.01860186254568336
2024-05-24,67938.0,68540.0,69180.0,66666.0,28127411967.182774,1350764328536.3708,0.009293120542785931,2390.3571428571427,69118.5,66691.375,1,66149.64285714286,0.0,69026.0,0.0,1,0,0,69026.0,0.0,False,False,0.0,0,0.0,0.0
2024-05-25,68517.0,69268.0,69572.0,68514.0,15929396750.116022,1363997851294.8164,0.010565522643441657,2402.0,69445.0,66950.125,1,66866.0,0.0,69026.0,0.0,1,0,0,69026.0,0.0,False,False,0.0,0,0.0,0.0
2024-05-26,69305.0,68509.0,69441.0,68309.0,11243743771.147913,1349351520129.172,-0.011017915590908704,2407.0714285714284,69713.75,67369.75,1,66101.92857142857,0.0,69026.0,0.0,1,0,0,69026.0,0.0,False,False,-0.0,0,0.0,-0.0
2024-05-27,68506.0,69367.0,70602.0,68256.0,18983806932.464344,1366931305389.0393,0.012446126602965369,2391.5714285714284,69971.75,67571.75,1,66975.42857142857,0.0,69026.0,0.0,1,0,0,69026.0,0.0,False,False,0.0,0,0.0,0.0
2024-05-28,69401.0,68317.0,69466.0,67201.0,31278122196.184998,1347542673428.3018,-0.015252612592788917,2412.0,70334.75,67853.75,1,65905.0,0.0,69026.0,0.0,1,0,0,69026.0,0.0,False,False,-0.0,0,0.0,-0.0
2024-05-29,68302.0,67577.0,68831.0,67123.0,24320692137.62038,1331734029835.3335,-0.010890949040277735,2174.285714285714,70065.625,67989.125,-1,0.0,69751.28571428571,0.0,69751.28571428571,0,0,-1,0.0,69751.28571428571,False,True,-0.001,1,0.001,-0.0
2024-05-30,67567.0,68372.0,69467.0,67121.0,25344376897.716885,1346147846430.124,0.011695695625127171,2201.0,69713.25,67728.0,-1,0.0,70573.0,0.0,69751.28571428571,0,0,-1,0.0,69751.28571428571,False,False,-0.011695695625127171,0,0.0,-0.011695695625127171
2024-05-31,68363.0,67475.0,69009.0,66722.0,19685305476.459476,1331606411822.8157,-0.013206225189953243,2202.5714285714284,69573.5,67489.375,-1,0.0,69677.57142857143,0.0,69677.57142857143,0,0,-1,0.0,69677.57142857143,False,False,0.013206225189953243,0,0.0,0.013206225189953243
2024-06-01,67481.0,67704.0,67817.0,67409.0,10724053324.55672,1333649555935.3525,0.0033881034637365456,2182.8571428571427,69446.0,67489.0,-1,0.0,69886.85714285714,0.0,69677.57142857143,0,0,-1,0.0,69677.57142857143,False,False,-0.0033881034637365456,0,0.0,-0.0033881034637365456
2024-06-02,67729.0,67740.0,68353.0,67374.0,16137350587.750422,1335930570689.7126,0.000531585021820729,2131.5,69275.625,67581.875,-1,0.0,69871.5,0.0,69677.57142857143,0,0,-1,0.0,69677.57142857143,False,False,-0.000531585021820729,0,0.0,-0.000531585021820729
2024-06-03,67750.0,68808.0,70188.0,67566.0,29862293749.910686,1355484820107.0864,0.01564316985955274,1925.857142857143,69123.25,67439.375,-1,0.0,70733.85714285714,0.0,69677.57142857143,0,0,-1,0.0,69677.57142857143,False,False,-0.01564316985955274,0,0.0,-0.01564316985955274
2024-06-04,68810.0,70600.0,71018.0,68544.0,31561053725.144592,1390853496950.4385,0.025710127250018054,1928.4285714285713,69216.625,67346.5,1,68671.57142857143,0.0,68671.57142857143,0.0,0,0,1,68671.57142857143,0.0,True,False,-0.026710127250018055,1,0.001,-0.025710127250018054
2024-06-05,70542.0,71185.0,71741.0,70409.0,32560403314.989147,1400297735227.1965,0.008251977566512705,1912.5,69268.625,67382.5,1,69272.5,0.0,69272.5,0.0,0,0,1,69272.5,0.0,False,False,0.008251977566512705,0,0.0,0.008251977566512705
2024-06-06,71054.0,70760.0,71595.0,70066.0,23612879689.560955,1394881646977.521,-0.005988252774124593,1785.7142857142858,69553.0,67783.5,1,68974.28571428571,0.0,69272.5,0.0,0,0,1,69272.5,0.0,False,False,-0.005988252774124593,0,0.0,-0.005988252774124593
2024-06-07,70774.0,69325.0,71931.0,68856.0,18597495569.911568,1366366925856.506,-0.02048827778974284,1825.7857142857142,69898.5,68151.375,1,67499.21428571429,0.0,69272.5,0.0,0,0,1,69272.5,0.0,False,False,-0.02048827778974284,0,0.0,-0.02048827778974284
2024-06-08,69339.0,69315.0,69544.0,69206.0,10688301508.476225,1366065699664.3162,-0.00014425851150236686,1774.357142857143,70206.5,68368.25,1,67540.64285714286,0.0,69272.5,0.0,0,0,1,69272.5,0.0,False,False,-0.00014425851150236686,0,0.0,-0.00014425851150236686
2024-06-09,69305.0,69654.0,69829.0,69158.0,10461044041.080194,1372556186704.501,0.004878795593614256,1741.4285714285713,70273.375,68678.75,1,67912.57142857143,0.0,69272.5,0.0,0,0,1,69272.5,0.0,False,False,0.004878795593614256,0,0.0,0.004878795593614256
2024-06-10,69649.0,69493.0,70127.0,69240.0,19335866773.67523,1369378888543.5317,-0.002314100510209583,1637.2142857142858,70524.875,68897.375,1,67855.78571428571,0.0,69272.5,0.0,0,0,1,69272.5,0.0,False,False,-0.002314100510209583,0,0.0,-0.002314100510209583
2024-06-11,69520.0,67329.0,69543.0,66208.0,38513044382.60802,1327665028180.2761,-0.03163497784725697,1713.642857142857,70746.625,69130.625,-1,0.0,69042.64285714286,0.0,69042.64285714286,0,0,-1,0.0,69042.64285714286,False,True,-0.03263497784725697,1,0.001,-0.03163497784725697
2024-06-12,67289.0,68225.0,69945.0,66910.0,36027809551.45211,1345244310606.6865,0.013220016367914825,1808.4285714285713,70666.0,68960.875,-1,0.0,70033.42857142857,0.0,69042.64285714286,0,0,-1,0.0,69042.64285714286,False,False,-0.013220016367914825,0,0.0,-0.013220016367914825
2024-06-13,68250.0,66700.0,68507.0,66426.0,29654777884.381138,1317161415434.6978,-0.02260611367282414,1789.5,70531.875,68756.625,-1,0.0,68489.5,0.0,68489.5,0,0,-1,0.0,68489.5,False,False,0.02260611367282414,0,0.0,0.02260611367282414
2024-06-14,66746.0,66011.0,67265.0,65019.0,27966992832.749634,1301949410096.3496,-0.010383558115831696,1786.5714285714287,70127.625,68258.75,-1,0.0,67797.57142857143,0.0,67797.57142857143,0,0,-1,0.0,67797.57142857143,False,False,0.010383558115831696,0,0.0,0.010383558115831696
2024-06-15,66012.0,66190.0,66438.0,65931.0,13472726244.723091,1304370314917.9756,0.002707999325085059,1793.642857142857,69586.375,67627.875,-1,0.0,67983.64285714286,0.0,67797.57142857143,0,0,-1,0.0,67797.57142857143,False,False,-0.002707999325085059,0,0.0,-0.002707999325085059
2024-06-16,66188.0,66616.0,66993.0,65989.0,12650130203.722813,1313849391756.9756,0.006415394802686814,1795.4285714285713,68899.75,67262.25,-1,0.0,68411.42857142857,0.0,67797.57142857143,0,0,-1,0.0,67797.57142857143,False,False,-0.006415394802686814,0,0.0,-0.006415394802686814
2024-06-17,66642.0,66460.0,67179.0,65086.0,29409728999.276093,1309329377372.7744,-0.0023445260070699514,1757.642857142857,68580.875,66860.125,-1,0.0,68217.64285714286,0.0,67797.57142857143,0,0,-1,0.0,67797.57142857143,False,False,0.0023445260070699514,0,0.0,0.0023445260070699514
2024-06-18,66469.0,65109.0,66529.0,64149.0,41386972050.31837,1282295865979.065,-0.02053747441948969,1750.9285714285713,68249.625,66351.125,-1,0.0,66859.92857142857,0.0,66859.92857142857,0,0,-1,0.0,66859.92857142857,False,False,0.02053747441948969,0,0.0,0.02053747441948969
2024-06-19,65159.0,64907.0,65633.0,64705.0,21680698980.889107,1278699763341.0723,-0.0031073123697448386,1722.0714285714287,67799.875,65714.75,-1,0.0,66629.07142857143,0.0,66629.07142857143,0,0,-1,0.0,66629.07142857143,False,False,0.0031073123697448386,0,0.0,0.0031073123697448386
2024-06-20,64962.0,64845.0,66437.0,64545.0,26001551474.84426,1279317116821.3782,-0.0009556693495088348,1748.0,67311.125,65526.875,-1,0.0,66593.0,0.0,66593.0,0,0,-1,0.0,66593.0,False,False,0.0009556693495088348,0,0.0,0.0009556693495088348
2024-06-21,64809.0,64072.0,65000.0,63358.0,24694310198.90943,1263258746635.2896,-0.011992355766323664,1645.642857142857,66872.625,65231.25,-1,0.0,65717.64285714286,0.0,65717.64285714286,0,0,-1,0.0,65717.64285714286,False,False,0.011992355766323664,0,0.0,0.011992355766323664
2024-06-22,64121.0,64240.0,64484.0,63912.0,6340606686.24879,1266336092890.8738,0.002618618617125161,1662.357142857143,66434.25,64847.75,-1,0.0,65902.35714285714,0.0,65717.64285714286,0,0,-1,0.0,65717.64285714286,False,False,-0.002618618617125161,0,0.0,-0.002618618617125161
2024-06-23,64260.0,63221.0,64496.0,63221.0,10748270931.518738,1248188877658.2324,-0.015989545196950457,1705.5,66086.625,64709.375,-1,0.0,64926.5,0.0,64926.5,0,0,-1,0.0,64926.5,False,False,0.015989545196950457,0,0.0,0.015989545196950457
2024-06-24,63161.0,60363.0,63284.0,59086.0,42036553106.89028,1188964670369.4045,-0.046260189987736115,1942.0,65843.875,64370.625,-1,0.0,62305.0,0.0,62305.0,0,0,-1,0.0,62305.0,False,False,0.046260189987736115,0,0.0,0.046260189987736115
2024-06-25,60256.0,61770.0,62245.0,60256.0,21105562261.648533,1217935012739.8113,0.023041475253988204,1845.857142857143,65380.25,63507.75,-1,0.0,63615.857142857145,0.0,62305.0,0,0,-1,0.0,62305.0,False,False,-0.023041475253988204,0,0.0,-0.023041475253988204
2024-06-26,61817.0,60750.0,62378.0,60694.0,22908540918.971207,1198205485427.564,-0.016650727487149974,1749.357142857143,64763.5,62904.0,-1,0.0,62499.357142857145,0.0,62305.0,0,0,-1,0.0,62305.0,False,False,0.016650727487149974,0,0.0,0.016650727487149974
2024-06-27,60820.0,61563.0,62315.0,60606.0,18855138893.067604,1213931985719.8025,0.013293958506079078,1722.7857142857142,64244.625,62472.125,-1,0.0,63285.78571428572,0.0,62305.0,0,0,-1,0.0,62305.0,False,False,-0.013293958506079078,0,0.0,-0.013293958506079078
2024-06-28,61554.0,60317.0,62066.0,60041.0,24399416695.150173,1189569860170.9426,-0.020447053011860523,1707.0,63829.875,61959.75,-1,0.0,62024.0,0.0,62024.0,0,0,-1,0.0,62024.0,False,False,0.020447053011860523,0,0.0,0.020447053011860523
2024-06-29,60324.0,60864.0,61149.0,60316.0,11435110883.886795,1199792912680.844,0.009027879208048713,1730.2857142857142,63283.5,61396.75,-1,0.0,62594.28571428572,0.0,62024.0,0,0,-1,0.0,62024.0,False,False,-0.009027879208048713,0,0.0,-0.009027879208048713
2024-06-30,60890.0,62734.0,62884.0,60645.0,17373592048.120487,1236676710888.4822,0.030261698496339483,1818.5,62802.125,61016.5,-1,0.0,64552.5,0.0,62024.0,0,1,0,0.0,62024.0,False,False,-0.03126169849633948,1,0.001,-0.030261698496339483
2024-07-01,62671.0,62820.0,63791.0,62503.0,25573074910.689686,1238799172479.871,0.0013699286912359347,1761.0,62602.125,60608.125,1,61059.0,0.0,61059.0,0.0,0,0,1,61059.0,0.0,True,False,-0.001,1,0.001,0.0
2024-07-02,62869.0,62043.0,63183.0,61778.0,18100530101.689426,1222901857941.0586,-0.01244580107185145,1691.357142857143,62514.0,60518.375,1,60351.642857142855,0.0,61059.0,0.0,0,0,1,61059.0,0.0,False,False,-0.01244580107185145,0,0.0,-0.01244580107185145
2024-07-03,62059.0,60245.0,62203.0,59427.0,30348692427.02443,1186937170314.9272,-0.029408111663409283,1823.357142857143,62501.375,60854.875,-1,0.0,62068.357142857145,0.0,62068.357142857145,0,0,-1,0.0,62068.357142857145,False,True,-0.030408111663409284,1,0.001,-0.029408111663409283
2024-07-04,60156.0,57189.0,60407.0,56811.0,43112005394.93119,1130121668991.0515,-0.05205800917529046,1945.0714285714287,62496.125,60751.25,-1,0.0,59134.07142857143,0.0,59134.07142857143,0,0,-1,0.0,59134.07142857143,False,False,0.05205800917529046,0,0.0,0.05205800917529046
2024-07-05,57084.0,56740.0,57488.0,53898.0,60081357583.2773,1118490666778.4585,-0.007882142819243924,2084.214285714286,62249.75,60265.875,-1,0.0,58824.21428571428,0.0,58824.21428571428,0,0,-1,0.0,58824.21428571428,False,False,0.007882142819243924,0,0.0,0.007882142819243924
2024-07-06,56629.0,58230.0,58430.0,56089.0,21293913670.919975,1147176330416.144,0.025921256468323297,2210.5714285714284,61646.375,59427.375,-1,0.0,60440.57142857143,0.0,58824.21428571428,0,0,-1,0.0,58824.21428571428,False,False,-0.025921256468323297,0,0.0,-0.025921256468323297
2024-07-07,58336.0,55880.0,58368.0,55810.0,20211914621.326435,1100452083927.7026,-0.04119415146026747,2302.214285714286,61191.875,58933.375,-1,0.0,58182.21428571428,0.0,58182.21428571428,0,0,-1,0.0,58182.21428571428,False,False,0.04119415146026747,0,0.0,0.04119415146026747
2024-07-08,55843.0,56665.0,57880.0,54321.0,41614266908.30467,1117615464651.686,0.013950201796150726,2256.5714285714284,60844.25,58370.125,-1,0.0,58921.57142857143,0.0,58182.21428571428,0,0,-1,0.0,58182.21428571428,False,False,-0.013950201796150726,0,0.0,-0.013950201796150726
2024-07-09,56706.0,57988.0,58160.0,56306.0,28413854577.262756,1144794688186.9604,0.02307935640373925,2246.9285714285716,60218.75,57579.625,-1,0.0,60234.92857142857,0.0,58182.21428571428,0,0,-1,0.0,58182.21428571428,False,False,-0.02307935640373925,0,0.0,-0.02307935640373925
2024-07-10,58025.0,57704.0,59322.0,57146.0,25987656347.278587,1139350681822.5857,-0.004909597387279533,2282.0714285714284,59514.875,56805.0,-1,0.0,59986.07142857143,0.0,58182.21428571428,0,0,-1,0.0,58182.21428571428,False,False,0.004909597387279533,0,0.0,0.004909597387279533
2024-07-11,57635.0,57388.0,59314.0,57127.0,29196653598.752666,1130276546536.143,-0.005491272965227916,2316.214285714286,59032.25,56226.0,-1,0.0,59704.21428571428,0.0,58182.21428571428,0,0,-1,0.0,58182.21428571428,False,False,0.005491272965227916,0,0.0,0.005491272965227916
2024-07-12,57338.0,57899.0,58536.0,56608.0,25504482306.198975,1141567375406.1943,0.00886489103649031,2309.285714285714,58671.125,55938.5,-1,0.0,60208.28571428572,0.0,58182.21428571428,0,0,-1,0.0,58182.21428571428,False,False,-0.00886489103649031,0,0.0,-0.00886489103649031
2024-07-13,57902.0,59153.0,59796.0,57795.0,16765547593.243273,1168371787725.7102,0.021427194377878555,2392.714285714286,58437.25,55913.125,1,56760.28571428572,0.0,56760.28571428572,0.0,0,0,1,56760.28571428572,0.0,True,False,-0.022427194377878556,1,0.001,-0.021427194377878555
2024-07-14,59244.0,60942.0,61533.0,59238.0,21295520563.65442,1204059167828.704,0.02979528453490654,2402.785714285714,58725.75,56400.25,1,58539.21428571428,0.0,58539.21428571428,0.0,0,0,1,58539.21428571428,0.0,False,False,0.02979528453490654,0,0.0,0.02979528453490654
2024-07-15,60668.0,64835.0,64835.0,60668.0,37810068492.862465,1277806993830.5176,0.06192298881542849,2608.4285714285716,59113.625,56793.875,1,62226.57142857143,0.0,62226.57142857143,0.0,0,0,1,62226.57142857143,0.0,False,False,0.06192298881542849,0,0.0,0.06192298881542849
2024-07-16,64834.0,65162.0,65306.0,62602.0,40914441633.09575,1284899538175.1812,0.005030895939057979,2701.214285714286,59922.0,57401.125,1,62460.78571428572,0.0,62460.78571428572,0.0,0,0,1,62460.78571428572,0.0,False,False,0.005030895939057979,0,0.0,0.005030895939057979
2024-07-17,65008.0,64136.0,66059.0,63952.0,33459451713.593426,1266016458007.3477,-0.015870648199255148,2653.4285714285716,60850.25,58436.25,1,61482.57142857143,0.0,62460.78571428572,0.0,0,0,1,62460.78571428572,0.0,False,False,-0.015870648199255148,0,0.0,-0.015870648199255148
2024-07-18,64101.0,63960.0,65099.0,63229.0,25976148878.632153,1261456293182.2588,-0.0027479407748970067,2530.1428571428573,61837.625,59392.0,1,61429.857142857145,0.0,62460.78571428572,0.0,0,0,1,62460.78571428572,0.0,False,False,-0.0027479407748970067,0,0.0,-0.0027479407748970067
2024-07-19,63976.0,66690.0,67386.0,63285.0,36994610752.230415,1316147398343.7175,0.041797128678461457,2566.6428571428573,62559.75,60152.375,1,64123.357142857145,0.0,64123.357142857145,0.0,0,0,1,64123.357142857145,0.0,False,False,0.041797128678461457,0,0.0,0.041797128678461457
2024-07-20,66710.0,67206.0,67684.0,66299.0,17353396168.041622,1325658979467.9998,0.007707512613442513,2498.3571428571427,63568.75,60922.125,1,64707.642857142855,0.0,64707.642857142855,0.0,0,0,1,64707.642857142855,0.0,False,False,0.007707512613442513,0,0.0,0.007707512613442513
2024-07-21,67138.0,68088.0,68300.0,65884.0,27078771827.95196,1343346742483.077,0.013038456917002566,2488.214285714286,64712.25,62133.5,1,65599.78571428571,0.0,65599.78571428571,0.0,0,0,1,65599.78571428571,0.0,False,False,0.013038456917002566,0,0.0,0.013038456917002566
2024-07-22,68168.0,67608.0,68480.0,66674.0,43157593651.80313,1333201881091.7786,-0.007074666932478787,2363.0,65775.25,63144.625,1,65245.0,0.0,65599.78571428571,0.0,0,0,1,65599.78571428571,0.0,False,False,-0.007074666932478787,0,0.0,-0.007074666932478787
2024-07-23,67550.0,65942.0,67770.0,65495.0,36100536095.18872,1300963591115.5374,-0.024950751454980602,2393.0714285714284,66643.625,64074.125,1,63548.92857142857,0.0,65599.78571428571,0.0,0,0,1,65599.78571428571,0.0,False,False,-0.024950751454980602,0,0.0,-0.024950751454980602
2024-07-24,65908.0,65404.0,67073.0,65234.0,28680123269.715443,1290447066028.3152,-0.008192149114860558,2369.0,67010.5,64677.5,1,63035.0,0.0,65599.78571428571,0.0,1,0,0,65599.78571428571,0.0,False,False,-0.009192149114860559,1,0.001,-0.008192149114860558
2024-07-25,65365.0,65750.0,66041.0,63515.0,35836896135.542854,1297125144853.139,0.0052762523855340426,2393.214285714286,67231.375,65006.5,1,63356.78571428572,0.0,65599.78571428571,0.0,1,0,0,65599.78571428571,0.0,False,False,0.0,0,0.0,0.0
2024-07-26,65806.0,67920.0,68223.0,65806.0,30821370069.206276,1339927966898.6016,0.03247087094521791,2432.1428571428573,67229.125,64951.875,1,65487.857142857145,0.0,65599.78571428571,0.0,0,0,1,65599.78571428571,0.0,False,False,-0.001,1,0.001,0.0
2024-07-27,67935.0,68055.0,69371.0,66608.0,30976752616.761925,1342889431798.832,0.001985659780945051,2486.5714285714284,67619.625,65274.0,1,65568.42857142857,0.0,65599.78571428571,0.0,0,0,1,65599.78571428571,0.0,False,False,0.001985659780945051,0,0.0,0.001985659780945051
2024-07-28,67777.0,68242.0,68294.0,67042.0,17175244020.36542,1346263382369.5552,0.0027440092934702294,2406.0,67867.75,65689.375,1,65836.0,0.0,65836.0,0.0,0,0,1,65836.0,0.0,False,False,0.0027440092934702294,0,0.0,0.0027440092934702294
2024-07-29,68261.0,66770.0,69908.0,66648.0,42529043667.45024,1317581413497.2551,-0.021806333207729556,2341.214285714286,67944.0,65782.25,1,64428.78571428572,0.0,65836.0,0.0,0,0,1,65836.0,0.0,False,False,-0.021806333207729556,0,0.0,-0.021806333207729556
2024-07-30,66812.0,66219.0,66970.0,65563.0,28892376510.689587,1306758338817.987,-0.008286447042593001,2248.5714285714284,68145.0,65877.75,1,63970.42857142857,0.0,65836.0,0.0,0,0,1,65836.0,0.0,False,False,-0.008286447042593001,0,0.0,-0.008286447042593001
2024-07-31,66192.0,64680.0,66807.0,64543.0,31403681581.194077,1275401473742.0508,-0.023515396118278305,2259.785714285714,67956.25,65738.875,-1,0.0,66939.78571428571,0.0,66939.78571428571,0,0,-1,0.0,66939.78571428571,False,True,-0.024515396118278306,1,0.001,-0.023515396118278305
2024-08-01,64587.0,65358.0,65454.0,62304.0,38911302447.60912,1289157073527.528,0.010427815619457383,2351.214285714286,67835.875,65619.875,-1,0.0,67709.21428571429,0.0,66939.78571428571,0,0,-1,0.0,66939.78571428571,False,False,-0.010427815619457383,0,0.0,-0.010427815619457383
2024-08-02,65350.0,61407.0,65505.0,61252.0,39004321616.3716,1211854070245.47,-0.06235601515885747,2362.0714285714284,67633.5,65253.625,-1,0.0,63769.07142857143,0.0,63769.07142857143,0,0,-1,0.0,63769.07142857143,False,False,0.06235601515885747,0,0.0,0.06235601515885747
2024-08-03,61463.0,60739.0,62161.0,59910.0,32885545023.712658,1197962170718.7737,-0.010937839302839961,2423.9285714285716,67566.5,64970.75,-1,0.0,63162.92857142857,0.0,63162.92857142857,0,0,-1,0.0,63162.92857142857,False,False,0.010937839302839961,0,0.0,0.010937839302839961
2024-08-04,60658.0,58006.0,61048.0,57399.0,33664501541.451115,1147854905921.6433,-0.046039542394788496,2512.0,66808.75,64233.75,-1,0.0,60518.0,0.0,60518.0,0,0,-1,0.0,60518.0,False,False,0.046039542394788496,0,0.0,0.046039542394788496
2024-08-05,58164.0,53956.0,58164.0,49221.0,120245972389.37173,1064889039013.8289,-0.07237755386444424,3021.785714285714,65768.375,63082.625,-1,0.0,56977.78571428572,0.0,56977.78571428572,0,0,-1,0.0,56977.78571428572,False,False,0.07237755386444424,0,0.0,0.07237755386444424
2024-08-06,54052.0,55960.0,57015.0,54052.0,52620100833.47091,1104019419316.6865,0.03646825018984722,3077.785714285714,64502.125,60855.0,-1,0.0,59037.78571428572,0.0,56977.78571428572,0,0,-1,0.0,56977.78571428572,False,False,-0.03646825018984722,0,0.0,-0.03646825018984722
2024-08-07,56131.0,55100.0,57607.0,54583.0,41605918903.41173,1088566703585.4303,-0.015487433638411664,3162.4285714285716,62890.5,59280.5,-1,0.0,58262.42857142857,0.0,56977.78571428572,0,0,-1,0.0,56977.78571428572,False,False,0.015487433638411664,0,0.0,0.015487433638411664
2024-08-08,55083.0,61859.0,62491.0,54849.0,49201548320.290726,1218342891278.6091,0.1157078854323119,3527.8571428571427,61720.125,57908.0,1,58331.142857142855,0.0,58331.142857142855,0.0,0,0,1,58331.142857142855,0.0,True,False,-0.1167078854323119,1,0.001,-0.1157078854323119
2024-08-09,61570.0,60913.0,61668.0,59604.0,33804208928.47938,1198300504959.2505,-0.015410984959452437,3512.285714285714,61180.625,56696.25,1,57400.71428571428,0.0,58331.142857142855,0.0,0,0,1,58331.142857142855,0.0,False,False,-0.015410984959452437,0,0.0,-0.015410984959452437
2024-08-10,60847.0,60888.0,61495.0,60261.0,13418919090.197285,1201818989571.278,-0.0004105056666377574,3403.0714285714284,60707.375,56358.75,1,57484.92857142857,0.0,58331.142857142855,0.0,0,0,1,58331.142857142855,0.0,False,False,-0.0004105056666377574,0,0.0,-0.0004105056666377574
2024-08-11,60951.0,58804.0,61562.0,58372.0,21715994493.456894,1159146815397.6223,-0.03482623116337066,3541.5,60206.125,56234.875,1,55262.5,0.0,58331.142857142855,0.0,0,0,1,58331.142857142855,0.0,False,False,-0.03482623116337066,0,0.0,-0.03482623116337066
2024-08-12,58698.0,59350.0,60499.0,57815.0,39403296385.84335,1171441797233.8909,0.009242241253957164,3500.3571428571427,60131.25,56042.625,1,55849.642857142855,0.0,58331.142857142855,0.0,0,0,1,58331.142857142855,0.0,False,False,0.009242241253957164,0,0.0,0.009242241253957164
2024-08-13,59347.0,60601.0,61540.0,58452.0,31955576195.246292,1195798013190.8457,0.02085927353360594,3620.4285714285716,60062.625,56094.625,1,56980.57142857143,0.0,58331.142857142855,0.0,0,0,1,58331.142857142855,0.0,False,False,0.02085927353360594,0,0.0,0.02085927353360594
2024-08-14,60611.0,58739.0,61538.0,58608.0,28079911397.67297,1159479277227.7532,-0.031207493138049436,3668.0,60484.625,57248.5,1,55071.0,0.0,58331.142857142855,0.0,0,0,1,58331.142857142855,0.0,False,False,-0.031207493138049436,0,0.0,-0.031207493138049436
2024-08-15,58732.0,57624.0,59834.0,56647.0,33490251842.381626,1137141836825.8655,-0.0191647538641718,3670.6428571428573,61050.0,57818.0,-1,0.0,61294.642857142855,0.0,61294.642857142855,0,0,-1,0.0,61294.642857142855,False,True,-0.0201647538641718,1,0.001,-0.0191647538641718
2024-08-16,57506.0,58882.0,59823.0,57097.0,30368238897.207172,1162716063850.1133,0.021596293647984655,3561.5714285714284,61328.375,58076.0,-1,0.0,62443.57142857143,0.0,61294.642857142855,0,0,-1,0.0,61294.642857142855,False,False,-0.021596293647984655,0,0.0,-0.021596293647984655
2024-08-17,58873.0,59431.0,59650.0,58850.0,12467437134.05582,1173270497431.1711,0.00928053452055195,3457.9285714285716,60994.875,58357.0,-1,0.0,62888.92857142857,0.0,61294.642857142855,0,0,-1,0.0,61294.642857142855,False,False,-0.00928053452055195,0,0.0,-0.00928053452055195
2024-08-18,59510.0,58438.0,60334.0,58438.0,17656027563.72502,1156217205294.1643,-0.016849612593563584,3332.714285714286,60742.625,58262.75,-1,0.0,61770.71428571428,0.0,61294.642857142855,0,0,-1,0.0,61294.642857142855,False,False,0.016849612593563584,0,0.0,0.016849612593563584
2024-08-19,58432.0,59575.0,59575.0,57918.0,24031330179.258953,1176063402361.815,0.01926965982277101,2812.285714285714,60597.5,58034.875,-1,0.0,62387.28571428572,0.0,61294.642857142855,0,0,-1,0.0,61294.642857142855,False,False,-0.01926965982277101,0,0.0,-0.01926965982277101
2024-08-20,59451.0,59060.0,61361.0,58710.0,31470716090.619144,1166088863323.0896,-0.008682146669029226,2783.1428571428573,60349.125,57978.125,-1,0.0,61843.142857142855,0.0,61294.642857142855,0,0,-1,0.0,61294.642857142855,False,False,0.008682146669029226,0,0.0,0.008682146669029226
2024-08-21,59029.0,61145.0,61830.0,58905.0,32960965010.60808,1207099049402.5117,0.03469421632555648,2776.0714285714284,60456.875,58090.0,1,58368.92857142857,0.0,58368.92857142857,0.0,0,0,1,58368.92857142857,0.0,True,False,-0.03569421632555648,1,0.001,-0.03469421632555648
2024-08-22,61176.0,60388.0,61386.0,59901.0,28170302505.847404,1192308382713.8381,-0.012457682935843551,2336.285714285714,60493.125,58146.625,1,58051.71428571428,0.0,58368.92857142857,0.0,0,0,1,58368.92857142857,0.0,False,False,-0.012457682935843551,0,0.0,-0.012457682935843551
2024-08-23,60379.0,64050.0,64828.0,60379.0,45038665759.42134,1261916434075.0183,0.05887361863725357,2493.0,60474.125,58308.25,1,61557.0,0.0,61557.0,0.0,0,0,1,61557.0,0.0,False,False,0.05887361863725357,0,0.0,0.05887361863725357
2024-08-24,64099.0,64157.0,64438.0,63651.0,22029153446.354362,1264961887998.9824,0.0016691760175834077,2461.0714285714284,61098.375,58774.75,1,61695.92857142857,0.0,61695.92857142857,0.0,0,0,1,61695.92857142857,0.0,False,False,0.0016691760175834077,0,0.0,0.0016691760175834077
2024-08-25,64187.0,64266.0,64894.0,63834.0,17875230147.044323,1269291077270.1143,0.0016975156502209042,2308.9285714285716,61675.25,59594.0,1,61957.07142857143,0.0,61957.07142857143,0.0,0,0,1,61957.07142857143,0.0,False,False,0.0016975156502209042,0,0.0,0.0016975156502209042
2024-08-26,64286.0,62923.0,64422.0,62883.0,17894692681.091812,1242487823611.2612,-0.021118963363972062,2227.1428571428573,62330.75,60217.0,1,60695.857142857145,0.0,61957.07142857143,0.0,0,0,1,61957.07142857143,0.0,False,False,-0.021118963363972062,0,0.0,-0.021118963363972062
2024-08-27,62872.0,59527.0,63202.0,58060.0,38131727427.91789,1176762244308.0742,-0.05548176551008041,2373.8571428571427,62841.75,60772.625,-1,0.0,61900.857142857145,0.0,61900.857142857145,0,0,-1,0.0,61900.857142857145,False,True,-0.05648176551008041,1,0.001,-0.05548176551008041
2024-08-28,59404.0,59015.0,60230.0,57968.0,42018989572.42786,1166032395735.947,-0.008638342255462835,2326.1428571428573,63295.125,60790.375,-1,0.0,61341.142857142855,0.0,61341.142857142855,0,0,-1,0.0,61341.142857142855,False,False,0.008638342255462835,0,0.0,0.008638342255462835
2024-08-29,59042.0,59352.0,61150.0,58816.0,32563333956.986053,1171762256043.917,0.005694170006192358,2265.214285714286,63153.75,60697.625,-1,0.0,61617.21428571428,0.0,61341.142857142855,0,0,-1,0.0,61341.142857142855,False,False,-0.005694170006192358,0,0.0,-0.005694170006192358
2024-08-30,59374.0,59156.0,59820.0,57905.0,44038496614.947586,1168247205700.9673,-0.003307796582702162,2207.285714285714,63068.75,60686.5,-1,0.0,61363.28571428572,0.0,61341.142857142855,0,0,-1,0.0,61341.142857142855,False,False,0.003307796582702162,0,0.0,0.003307796582702162
2024-08-31,59110.0,58960.0,59404.0,58797.0,11399086336.303324,1164278309271.2642,-0.0033187744234414816,2193.5,62873.0,60437.0,-1,0.0,61153.5,0.0,61153.5,0,0,-1,0.0,61153.5,False,False,0.0033187744234414816,0,0.0,0.0033187744234414816
2024-09-01,58957.0,57358.0,59038.0,57258.0,25465621877.97047,1133133027660.6194,-0.027546919701088562,2185.214285714286,62195.0,60239.25,-1,0.0,59543.21428571428,0.0,59543.21428571428,0,0,-1,0.0,59543.21428571428,False,False,0.027546919701088562,0,0.0,0.027546919701088562
2024-09-02,57298.0,59109.0,59337.0,57276.0,28012782290.96625,1168410293915.9832,0.030070868901947684,2214.0714285714284,61520.0,59440.125,-1,0.0,61323.07142857143,0.0,59543.21428571428,0,0,-1,0.0,59543.21428571428,False,False,-0.030070868901947684,0,0.0,-0.030070868901947684
2024-09-03,59120.0,57505.0,59813.0,57505.0,26829983370.35861,1137361604370.578,-0.027511296537395757,2189.5714285714284,60825.375,58620.375,-1,0.0,59694.57142857143,0.0,59543.21428571428,0,0,-1,0.0,59543.21428571428,False,False,0.027511296537395757,0,0.0,0.027511296537395757
2024-09-04,57519.0,57988.0,58514.0,55747.0,37550380696.7459,1144983177152.221,0.008364192044106223,2178.285714285714,60249.25,57948.125,-1,0.0,60166.28571428572,0.0,59543.21428571428,0,0,-1,0.0,59543.21428571428,False,False,-0.008364192044106223,0,0.0,-0.008364192044106223
2024-09-05,57978.0,56132.0,58272.0,55791.0,30005773445.693718,1109212553022.4158,-0.03253003269976173,2249.4285714285716,59663.25,57659.0,-1,0.0,58381.42857142857,0.0,58381.42857142857,0,0,-1,0.0,58381.42857142857,False,False,0.03253003269976173,0,0.0,0.03253003269976173
2024-09-06,56164.0,53923.0,56894.0,52690.0,50260816556.81667,1065462041080.5197,-0.04014895685037698,2231.9285714285716,59418.5,57386.875,-1,0.0,56154.92857142857,0.0,56154.92857142857,0,0,-1,0.0,56154.92857142857,False,False,0.04014895685037698,0,0.0,0.04014895685037698
2024-09-07,53955.0,54151.0,54815.0,53745.0,17048448412.007126,1068954727890.2039,0.004219337458653467,2252.1428571428573,58886.5,56621.125,-1,0.0,56403.142857142855,0.0,56154.92857142857,0,0,-1,0.0,56154.92857142857,False,False,-0.004219337458653467,0,0.0,-0.004219337458653467
2024-09-08,54150.0,54792.0,55231.0,53723.0,18644823662.23431,1085390277573.522,0.01176775739843821,2284.1428571428573,58260.875,56101.125,-1,0.0,57076.142857142855,0.0,56154.92857142857,0,0,-1,0.0,56154.92857142857,False,False,-0.01176775739843821,0,0.0,-0.01176775739843821
2024-09-09,54865.0,57049.0,57897.0,54599.0,35655419448.07046,1126840069631.8132,0.04036634977506867,2409.785714285714,57739.25,55466.875,-1,0.0,59458.78571428572,0.0,56154.92857142857,0,1,0,0.0,56154.92857142857,False,False,-0.04136634977506867,1,0.001,-0.04036634977506867
2024-09-10,57023.0,57624.0,58043.0,56448.0,29676093302.30697,1137928777838.5286,0.01002859991638889,2156.4285714285716,57596.625,55134.5,1,55467.57142857143,0.0,55467.57142857143,0.0,0,0,1,55467.57142857143,0.0,True,False,-0.001,1,0.001,0.0
2024-09-11,57654.0,57382.0,57975.0,55573.0,37765652735.2964,1134292554478.847,-0.004208482290980426,2166.4285714285716,57434.875,55031.0,1,55215.57142857143,0.0,55467.57142857143,0.0,0,0,1,55467.57142857143,0.0,False,False,-0.004208482290980426,0,0.0,-0.004208482290980426
2024-09-12,57355.0,58107.0,58436.0,57293.0,34177859933.02337,1148469900814.253,0.012555473232130406,2081.3571428571427,57205.125,54789.5,1,56025.642857142855,0.0,56025.642857142855,0.0,0,0,1,56025.642857142855,0.0,False,False,0.012555473232130406,0,0.0,0.012555473232130406
2024-09-13,58147.0,60621.0,60655.0,57669.0,31919740723.76027,1197832322916.0117,0.04235522917125705,2157.8571428571427,57195.375,54982.75,1,58463.142857142855,0.0,58463.142857142855,0.0,0,0,1,58463.142857142855,0.0,False,False,0.04235522917125705,0,0.0,0.04235522917125705
2024-09-14,60545.0,60003.0,60644.0,59621.0,15800120841.166773,1185255944124.8464,-0.010246806727326507,2187.5714285714284,57493.25,55217.5,1,57815.42857142857,0.0,58463.142857142855,0.0,0,0,1,58463.142857142855,0.0,False,False,-0.010246806727326507,0,0.0,-0.010246806727326507
2024-09-15,60014.0,59215.0,60367.0,58669.0,17289597542.866756,1169677517083.0613,-0.01321967279868397,2181.714285714286,57962.0,56083.875,1,57033.28571428572,0.0,58463.142857142855,0.0,0,0,1,58463.142857142855,0.0,False,False,-0.01321967279868397,0,0.0,-0.01321967279868397
2024-09-16,59142.0,58211.0,59186.0,57559.0,32196570894.402115,1150499194409.9338,-0.01710054785853936,2152.785714285714,58656.0,56699.375,1,56058.21428571428,0.0,58463.142857142855,0.0,1,0,0,58463.142857142855,0.0,False,False,-0.01810054785853936,1,0.001,-0.01710054785853936
2024-09-17,58195.0,60317.0,61243.0,57634.0,34191170117.78261,1191818552363.6113,0.035539647399957346,2245.714285714286,59150.375,57178.875,1,58071.28571428572,0.0,58463.142857142855,0.0,1,0,0,58463.142857142855,0.0,False,False,0.0,0,0.0,0.0
2024-09-18,60320.0,61440.0,61440.0,59212.0,40445339415.1129,1211837853548.9263,0.018447101124540285,2207.214285714286,59568.625,57558.25,1,59232.78571428572,0.0,59232.78571428572,0.0,0,0,1,59232.78571428572,0.0,False,False,-0.001,1,0.001,0.0
2024-09-19,61827.0,62967.0,63858.0,61597.0,41959080716.28771,1243871590271.4927,0.024549690792172042,2202.714285714286,59993.25,57903.75,1,60764.28571428572,0.0,60764.28571428572,0.0,0,0,1,60764.28571428572,0.0,False,False,0.024549690792172042,0,0.0,0.024549690792172042
2024-09-20,62976.0,63128.0,64082.0,62340.0,35587830476.533394,1246475981189.1353,0.0025536315871451496,2026.857142857143,60728.625,58656.75,1,61101.142857142855,0.0,61101.142857142855,0.0,0,0,1,61101.142857142855,0.0,False,False,0.0025536315871451496,0,0.0,0.0025536315871451496
2024-09-21,63218.0,63403.0,63564.0,62814.0,12938083115.659332,1254104417392.48,0.0043467677169435545,2004.0,61434.375,59287.625,1,61399.0,0.0,61399.0,0.0,0,0,1,61399.0,0.0,False,False,0.0043467677169435545,0,0.0,0.0043467677169435545
2024-09-22,63406.0,63583.0,63938.0,62479.0,20349365412.816723,1255899286380.1958,0.0028349600830795663,2000.5,61798.0,59930.75,1,61582.5,0.0,61582.5,0.0,0,0,1,61582.5,0.0,False,False,0.0028349600830795663,0,0.0,0.0028349600830795663
2024-09-23,63614.0,63327.0,64688.0,62921.0,23998847798.757656,1251095079247.0432,-0.004034360526713745,1891.142857142857,62209.75,60288.0,1,61435.857142857145,0.0,61582.5,0.0,0,0,1,61582.5,0.0,False,False,-0.004034360526713745,0,0.0,-0.004034360526713745
2024-09-24,63340.0,64334.0,64612.0,62742.0,31490984593.70592,1271183646356.5713,0.01577648438534086,1910.7857142857142,62749.875,60819.5,1,62423.21428571428,0.0,62423.21428571428,0.0,0,0,1,62423.21428571428,0.0,False,False,0.01577648438534086,0,0.0,0.01577648438534086
2024-09-25,64269.0,63152.0,64755.0,62938.0,26087643765.748165,1245721254991.302,-0.018543743956892764,1869.0,63428.125,61467.375,1,61283.0,0.0,62423.21428571428,0.0,0,0,1,62423.21428571428,0.0,False,False,-0.018543743956892764,0,0.0,-0.018543743956892764
2024-09-26,63146.0,65131.0,65743.0,62812.0,37995568903.94455,1287151352432.846,0.03085610742751834,1996.7142857142858,63867.125,62130.375,1,63134.28571428572,0.0,63134.28571428572,0.0,0,0,1,63134.28571428572,0.0,False,False,0.03085610742751834,0,0.0,0.03085610742751834
2024-09-27,65178.0,65791.0,66439.0,64853.0,32664917503.931107,1299708226182.0723,0.010082424512780824,1896.7142857142858,64405.0,62580.375,1,63894.28571428572,0.0,63894.28571428572,0.0,0,0,1,63894.28571428572,0.0,False,False,0.010082424512780824,0,0.0,0.010082424512780824
2024-09-28,65797.0,65934.0,66223.0,65440.0,15342911002.84781,1303217687717.8518,0.0021711908320515123,1879.5714285714287,64727.625,62987.375,1,64054.42857142857,0.0,64054.42857142857,0.0,0,0,1,64054.42857142857,0.0,False,False,0.0021711908320515123,0,0.0,0.0021711908320515123
2024-09-29,65869.0,65664.0,66000.0,65444.0,12948707838.938381,1297825615076.3352,-0.004103411584592342,1798.0,64995.25,63374.875,1,63866.0,0.0,64054.42857142857,0.0,0,0,1,64054.42857142857,0.0,False,False,-0.004103411584592342,0,0.0,-0.004103411584592342
2024-09-30,65603.0,63243.0,65603.0,62970.0,35124446789.27111,1249577803402.1707,-0.037566380561969655,1872.142857142857,65299.75,63703.625,-1,0.0,65115.142857142855,0.0,65115.142857142855,0,0,-1,0.0,65115.142857142855,False,True,-0.038566380561969656,1,0.001,-0.037566380561969655
2024-10-01,63357.0,60873.0,64131.0,60315.0,54251488433.95029,1202927109017.5488,-0.038194722892683136,1886.9285714285713,65507.875,63765.0,-1,0.0,62759.92857142857,0.0,62759.92857142857,0,0,-1,0.0,62759.92857142857,False,False,0.038194722892683136,0,0.0,0.038194722892683136
2024-10-02,60800.0,60656.0,62311.0,60080.0,41870731291.86736,1198652098493.4897,-0.0035711678796178713,1887.142857142857,65438.25,63439.25,-1,0.0,62543.142857142855,0.0,62543.142857142855,0,0,-1,0.0,62543.142857142855,False,False,0.0035711678796178713,0,0.0,0.0035711678796178713
2024-10-03,60627.0,60728.0,61432.0,59954.0,37711138441.76231,1200491237695.5154,0.0011863179404880439,1820.0,65150.625,63106.5,-1,0.0,62548.0,0.0,62543.142857142855,0,0,-1,0.0,62543.142857142855,False,False,-0.0011863179404880439,0,0.0,-0.0011863179404880439
2024-10-04,60749.0,62103.0,62451.0,60470.0,30349059838.684578,1226663492771.043,0.022389420236859147,1837.0714285714287,64735.25,62733.5,-1,0.0,63940.07142857143,0.0,62543.142857142855,0,0,-1,0.0,62543.142857142855,False,False,-0.022389420236859147,0,0.0,-0.022389420236859147
2024-10-05,62094.0,62092.0,62372.0,61721.0,11095453162.990673,1226761949791.163,-0.00017714078712930136,1830.0,64323.75,62440.75,-1,0.0,63922.0,0.0,62543.142857142855,0,0,-1,0.0,62543.142857142855,False,False,0.00017714078712930136,0,0.0,0.00017714078712930136
2024-10-06,62069.0,62812.0,62911.0,61829.0,14592422860.685436,1241834324867.657,0.011528981858510463,1803.0714285714287,63815.375,62049.25,-1,0.0,64615.07142857143,0.0,62543.142857142855,0,1,0,0.0,62543.142857142855,False,False,-0.012528981858510462,1,0.001,-0.011528981858510463
2024-10-07,62816.0,62287.0,64500.0,62100.0,33878876147.30253,1231091696620.0955,-0.008393401740198805,1848.2857142857142,63401.375,61597.875,-1,0.0,64135.28571428572,0.0,62543.142857142855,0,1,0,0.0,62543.142857142855,False,False,-0.0,0,0.0,-0.0
2024-10-08,62211.0,62185.0,63130.0,61854.0,28626429276.55382,1229717180592.4397,-0.0016389231768042423,1805.857142857143,63213.875,61179.875,-1,0.0,63990.857142857145,0.0,62543.142857142855,0,0,-1,0.0,62543.142857142855,False,False,-0.001,1,0.001,-0.0
2024-10-09,62126.0,60597.0,62500.0,60401.0,28530748117.898792,1197736450280.4102,-0.025868426206341093,1826.0,62904.75,61040.375,-1,0.0,62423.0,0.0,62423.0,0,0,-1,0.0,62423.0,False,False,0.025868426206341093,0,0.0,0.025868426206341093
2024-10-10,60583.0,60195.0,61247.0,58935.0,29481971885.649742,1189691671375.1472,-0.006656094512373476,1781.7857142857142,62700.875,61051.125,-1,0.0,61976.78571428572,0.0,61976.78571428572,0,0,-1,0.0,61976.78571428572,False,False,0.006656094512373476,0,0.0,0.006656094512373476
2024-10-11,60278.0,62392.0,63362.0,60042.0,32008659336.482643,1233357176570.333,0.035847769641207124,1905.642857142857,62567.875,60908.0,-1,0.0,64297.642857142855,0.0,61976.78571428572,0,1,0,0.0,61976.78571428572,False,False,-0.036847769641207125,1,0.001,-0.035847769641207124
2024-10-12,62465.0,63208.0,63417.0,62465.0,17665963646.417107,1249002272717.2275,0.012993813392235293,1922.9285714285713,62809.125,60919.0,1,61285.07142857143,0.0,61285.07142857143,0.0,0,0,1,61285.07142857143,0.0,True,False,-0.001,1,0.001,0.0
2024-10-13,63192.0,62830.0,63279.0,62060.0,16784552979.060463,1241241970951.0295,-0.005998209005576454,1970.2857142857142,62929.875,61168.375,1,60859.71428571428,0.0,61285.07142857143,0.0,0,0,1,61285.07142857143,0.0,False,False,-0.005998209005576454,0,0.0,-0.005998209005576454
2024-10-14,62872.0,66050.0,66486.0,62465.0,46553796134.14602,1306085613997.8015,0.0499793645534787,2065.0714285714284,63043.25,61210.75,1,63984.92857142857,0.0,63984.92857142857,0.0,0,0,1,63984.92857142857,0.0,False,False,0.0499793645534787,0,0.0,0.0499793645534787
2024-10-15,66053.0,66962.0,67803.0,64886.0,51797932876.82809,1323774576161.621,0.013713263345084081,2000.857142857143,63490.125,61290.25,1,64961.142857142855,0.0,64961.142857142855,0.0,0,0,1,64961.142857142855,0.0,False,False,0.013713263345084081,0,0.0,0.013713263345084081
2024-10-16,67103.0,67648.0,68257.0,66782.0,40640495380.19594,1337304399194.887,0.010192495934353887,1946.857142857143,63903.0,61638.5,1,65701.14285714286,0.0,65701.14285714286,0.0,0,0,1,65701.14285714286,0.0,False,False,0.010192495934353887,0,0.0,0.010192495934353887
2024-10-17,67620.0,67328.0,67928.0,66739.0,34512072357.92087,1330387728623.8188,-0.004741592572582441,1926.2142857142858,64543.875,62254.5,1,65401.78571428572,0.0,65701.14285714286,0.0,0,0,1,65701.14285714286,0.0,False,False,-0.004741592572582441,0,0.0,-0.004741592572582441
2024-10-18,67344.0,68466.0,68970.0,67164.0,39984956633.228035,1353541799303.4875,0.016761074005407692,1913.7142857142858,65222.375,63046.75,1,66552.28571428571,0.0,66552.28571428571,0.0,0,0,1,66552.28571428571,0.0,False,False,0.016761074005407692,0,0.0,0.016761074005407692
2024-10-19,68412.0,68389.0,68660.0,68047.0,14110889435.452631,1351942347611.1997,-0.001125278698258999,1911.0,66187.75,64075.375,1,66478.0,0.0,66552.28571428571,0.0,0,0,1,66552.28571428571,0.0,False,False,-0.001125278698258999,0,0.0,-0.001125278698258999
2024-10-20,68362.0,68963.0,69317.0,68088.0,17253863432.786995,1362381684459.9053,0.008358135907128455,1921.5,66850.0,65076.0,1,67041.5,0.0,67041.5,0.0,0,0,1,67041.5,0.0,False,False,0.008358135907128455,0,0.0,0.008358135907128455
2024-10-21,68999.0,67395.0,69432.0,66839.0,40485496091.95008,1332326858574.4448,-0.022999297699234176,1935.2857142857142,67587.5,65778.875,1,65459.71428571428,0.0,67041.5,0.0,0,0,1,67041.5,0.0,False,False,-0.022999297699234176,0,0.0,-0.022999297699234176
2024-10-22,67333.0,67351.0,67740.0,66669.0,31398389967.38113,1331426858508.4004,-0.0006530806341395333,1920.642857142857,68356.625,66376.25,1,65430.357142857145,0.0,67041.5,0.0,0,0,1,67041.5,0.0,False,False,-0.0006530806341395333,0,0.0,-0.0006530806341395333
2024-10-23,67395.0,66684.0,67395.0,65162.0,32676918488.059,1318285437546.2786,-0.009952706470308891,1930.2142857142858,68513.375,66901.75,-1,0.0,68614.21428571429,0.0,68614.21428571429,0,0,-1,0.0,68614.21428571429,False,True,-0.010952706470308892,1,0.001,-0.009952706470308891
2024-10-24,66634.0,68214.0,68821.0,66483.0,35892606570.03549,1347888109010.5889,0.02268477828924007,1932.0714285714287,68462.375,66936.25,-1,0.0,70146.07142857143,0.0,68614.21428571429,0,0,-1,0.0,68614.21428571429,False,False,-0.02268477828924007,0,0.0,-0.02268477828924007
2024-10-25,68164.0,66586.0,68655.0,65564.0,48426924850.053406,1313975091942.221,-0.024155477136154287,1915.7142857142858,68532.875,66898.875,-1,0.0,68501.71428571429,0.0,68501.71428571429,0,0,-1,0.0,68501.71428571429,False,False,0.024155477136154287,0,0.0,0.024155477136154287
2024-10-26,66649.0,67018.0,67276.0,66408.0,21169467789.89267,1325192118637.2595,0.006466894786760407,1904.5,68623.75,66752.0,-1,0.0,68922.5,0.0,68501.71428571429,0,0,-1,0.0,68501.71428571429,False,False,-0.006466894786760407,0,0.0,-0.006466894786760407
2024-10-27,67016.0,67939.0,68210.0,66851.0,16533385730.434193,1343350549900.1233,0.013649003728892845,1914.5,68412.0,66657.5,-1,0.0,69853.5,0.0,68501.71428571429,0,0,-1,0.0,68501.71428571429,False,False,-0.013649003728892845,0,0.0,-0.013649003728892845
2024-10-28,67960.0,69845.0,70192.0,67558.0,41990540384.96554,1380874923096.4146,0.02766825742499084,1815.4285714285713,68355.75,66508.0,1,68029.57142857143,0.0,68029.57142857143,0.0,0,0,1,68029.57142857143,0.0,True,False,-0.02866825742499084,1,0.001,-0.02766825742499084
2024-10-29,69936.0,72781.0,73562.0,69721.0,65487782004.97014,1439310420089.3665,0.04117643094857816,1881.4285714285713,68465.125,66441.75,1,70899.57142857143,0.0,70899.57142857143,0.0,0,0,1,70899.57142857143,0.0,False,False,0.04117643094857816,0,0.0,0.04117643094857816
2024-10-30,72708.0,72343.0,72860.0,71430.0,43498144313.67304,1431085552900.1965,-0.006036235631850341,1878.2142857142858,68981.375,66802.0,1,70464.78571428571,0.0,70899.57142857143,0.0,0,0,1,70899.57142857143,0.0,False,False,-0.006036235631850341,0,0.0,-0.006036235631850341
2024-10-31,72343.0,70265.0,72635.0,69706.0,45907074188.570145,1390195908292.9321,-0.02914488794353375,2002.5,69621.375,67397.125,1,68262.5,0.0,70899.57142857143,0.0,1,0,0,70899.57142857143,0.0,False,False,-0.03014488794353375,1,0.001,-0.02914488794353375
2024-11-01,70180.0,69508.0,71500.0,68840.0,54863092261.31101,1374687306836.925,-0.010831954692700341,2063.5,70276.375,67965.125,1,67444.5,0.0,70899.57142857143,0.0,1,0,0,70899.57142857143,0.0,False,False,-0.0,0,0.0,-0.0
2024-11-02,69473.0,69299.0,69863.0,69105.0,14709379754.965973,1370516856365.7996,-0.003011377782694034,2073.8571428571427,70611.25,68259.75,1,67225.14285714286,0.0,70899.57142857143,0.0,1,0,0,70899.57142857143,0.0,False,False,-0.0,0,0.0,-0.0
2024-11-03,69346.0,68804.0,69362.0,67570.0,37659435506.757034,1362302032218.0198,-0.0071685932931694245,2114.0714285714284,70762.25,68702.375,1,66689.92857142857,0.0,70899.57142857143,0.0,1,0,0,70899.57142857143,0.0,False,False,-0.0,0,0.0,-0.0
2024-11-04,68736.0,67793.0,69318.0,66854.0,46183110993.79166,1340192510479.9568,-0.01480293800566776,2104.8571428571427,71023.0,68847.625,-1,0.0,69897.85714285714,0.0,69897.85714285714,0,0,-1,0.0,69897.85714285714,False,True,-0.001,1,0.001,-0.0
2024-11-05,67800.0,69335.0,70555.0,67448.0,40025021601.49395,1370963795352.6948,0.02249088442735087,2250.285714285714,71161.5,68848.0,-1,0.0,71585.28571428571,0.0,69897.85714285714,0,0,-1,0.0,69897.85714285714,False,False,-0.02249088442735087,0,0.0,-0.02249088442735087
2024-11-06,69426.0,75621.0,76244.0,69426.0,128492534668.23851,1496392703840.9058,0.0867841931843337,2584.285714285714,71206.875,68834.25,1,73036.71428571429,0.0,73036.71428571429,0.0,0,0,1,73036.71428571429,0.0,True,False,-0.0877841931843337,1,0.001,-0.0867841931843337
2024-11-07,75640.0,75987.0,76873.0,74444.0,66590396087.4524,1502620808927.6982,0.004828250633421185,2590.785714285714,71542.125,68797.375,1,73396.21428571429,0.0,73396.21428571429,0.0,0,0,1,73396.21428571429,0.0,False,False,0.004828250633421185,0,0.0,0.004828250633421185
2024-11-08,75895.0,76550.0,77240.0,75684.0,50687468387.720375,1514048743889.1255,0.007381849080110451,2481.1428571428573,72043.75,69174.125,1,74068.85714285714,0.0,74068.85714285714,0.0,0,0,1,74068.85714285714,0.0,False,False,0.007381849080110451,0,0.0,0.007381849080110451
2024-11-09,76513.0,76630.0,76948.0,75868.0,31430906055.796104,1519470275068.1016,0.001044522878620216,2496.285714285714,72619.375,69921.375,1,74133.71428571429,0.0,74133.71428571429,0.0,0,0,1,74133.71428571429,0.0,False,False,0.001044522878620216,0,0.0,0.001044522878620216
2024-11-10,76753.0,80467.0,81359.0,76550.0,93473126207.67865,1590846468754.067,0.048858517506499666,2742.714285714286,73300.375,70799.875,1,77724.28571428571,0.0,77724.28571428571,0.0,0,0,1,77724.28571428571,0.0,False,False,0.048858517506499666,0,0.0,0.048858517506499666
2024-11-11,80457.0,88637.0,89561.0,80431.0,133959805308.72511,1756619702929.0437,0.09670221517207112,3206.714285714286,74737.375,71730.5,1,85430.28571428571,0.0,85430.28571428571,0.0,0,0,1,85430.28571428571,0.0,False,False,0.09670221517207112,0,0.0,0.09670221517207112
2024-11-12,88822.0,88265.0,89864.0,85315.0,152356811694.44943,1741113172482.1243,-0.0042057246196373355,3257.285714285714,77262.25,73338.125,1,85007.71428571429,0.0,85430.28571428571,0.0,0,0,1,85430.28571428571,0.0,False,False,-0.0042057246196373355,0,0.0,-0.0042057246196373355
2024-11-13,87977.0,90488.0,93477.0,86353.0,136046309843.60645,1790737763695.3328,0.024873592187833485,3664.0,79830.5,75645.75,1,86824.0,0.0,86824.0,0.0,0,0,1,86824.0,0.0,False,False,0.024873592187833485,0,0.0,0.024873592187833485
2024-11-14,90540.0,87408.0,91711.0,86995.0,99649391847.08359,1726797438787.217,-0.03463043357571808,3791.6428571428573,82695.75,78008.875,1,83616.35714285714,0.0,86824.0,0.0,0,0,1,86824.0,0.0,False,False,-0.03463043357571808,0,0.0,-0.03463043357571808
2024-11-15,87361.0,90948.0,91777.0,87162.0,84382485697.84985,1799276211921.9302,0.039701102964530534,3931.285714285714,84629.125,80205.0,1,87016.71428571429,0.0,87016.71428571429,0.0,0,0,1,87016.71428571429,0.0,False,False,0.039701102964530534,0,0.0,0.039701102964530534
2024-11-16,91059.0,90606.0,91715.0,90160.0,49255174407.368774,1790415769635.4927,-0.00376747859618528,3988.214285714286,86492.125,81794.75,1,86617.78571428571,0.0,87016.71428571429,0.0,0,0,1,87016.71428571429,0.0,False,False,-0.00376747859618528,0,0.0,-0.00376747859618528
2024-11-17,90597.0,89841.0,91439.0,88774.0,48556083101.64749,1776887033229.9082,-0.008478994754090712,4050.5714285714284,88301.5,83604.25,1,85790.42857142857,0.0,87016.71428571429,0.0,0,0,1,87016.71428571429,0.0,False,False,-0.008478994754090712,0,0.0,-0.008478994754090712
2024-11-18,89877.0,90535.0,92653.0,89443.0,77391724184.19348,1790917617392.4407,0.007695075004989426,4103.857142857143,90112.875,85217.5,1,86431.14285714286,0.0,87016.71428571429,0.0,0,0,1,87016.71428571429,0.0,False,False,0.007695075004989426,0,0.0,0.007695075004989426
2024-11-19,90520.0,92252.0,94041.0,90457.0,80493234958.49161,1825195454018.501,0.018787446629820254,4137.928571428572,91524.625,86829.125,1,88114.07142857143,0.0,88114.07142857143,0.0,0,0,1,88114.07142857143,0.0,False,False,0.018787446629820254,0,0.0,0.018787446629820254
2024-11-20,92421.0,94217.0,94891.0,91663.0,80747272080.24826,1862618759426.145,0.021076669488959685,3875.0,92084.625,88082.375,1,90342.0,0.0,90342.0,0.0,0,0,1,90342.0,0.0,False,False,0.021076669488959685,0,0.0,0.021076669488959685
2024-11-21,94366.0,98509.0,98831.0,94159.0,118163852022.3175,1948284556982.0486,0.0445472821709978,4035.214285714286,92713.0,88875.875,1,94473.78571428571,0.0,94473.78571428571,0.0,0,0,1,94473.78571428571,0.0,False,False,0.0445472821709978,0,0.0,0.0445472821709978
2024-11-22,98455.0,98927.0,99645.0,97394.0,85746174563.98602,1958091000957.8345,0.004234289841102659,4084.8571428571427,93382.25,89851.625,1,94842.14285714286,0.0,94842.14285714286,0.0,0,0,1,94842.14285714286,0.0,False,False,0.004234289841102659,0,0.0,0.004234289841102659
2024-11-23,99021.0,97679.0,99021.0,97262.0,47414200206.70341,1931255637661.502,-0.012695612163678227,4133.357142857143,94374.0,91151.5,1,93545.64285714286,0.0,94842.14285714286,0.0,0,0,1,94842.14285714286,0.0,False,False,-0.012695612163678227,0,0.0,-0.012695612163678227
2024-11-24,97770.0,98016.0,98648.0,95803.0,50665680246.86775,1939446484727.4285,0.0034441384105566744,3993.0714285714284,95279.5,92414.0,1,94022.92857142857,0.0,94842.14285714286,0.0,0,0,1,94842.14285714286,0.0,False,False,0.0034441384105566744,0,0.0,0.0034441384105566744
2024-11-25,98026.0,93005.0,98882.0,92775.0,89476321216.0935,1838788677873.8657,-0.05247747550145058,3777.1428571428573,96146.125,93119.375,-1,0.0,96782.14285714286,0.0,96782.14285714286,0,0,-1,0.0,96782.14285714286,False,True,-0.05347747550145058,1,0.001,-0.05247747550145058
2024-11-26,92952.0,91932.0,94962.0,90752.0,97389239315.52954,1819990514406.0881,-0.01160408182622995,3752.9285714285716,97076.5,93619.5,-1,0.0,95684.92857142857,0.0,95684.92857142857,0,0,-1,0.0,95684.92857142857,False,False,0.01160408182622995,0,0.0,0.01160408182622995
2024-11-27,91966.0,95981.0,97360.0,91796.0,81469353259.75,1899088665519.225,0.04310108189039736,3641.5,97365.125,93783.125,-1,0.0,99622.5,0.0,95684.92857142857,0,1,0,0.0,95684.92857142857,False,False,-0.04410108189039736,1,0.001,-0.04310108189039736
2024-11-28,95951.0,95662.0,96614.0,94716.0,49067932024.40325,1892297852304.72,-0.003329109799181653,3440.214285714286,97780.0,93950.5,-1,0.0,99102.21428571429,0.0,95684.92857142857,0,1,0,0.0,95684.92857142857,False,False,-0.0,0,0.0,-0.0
2024-11-29,95649.0,97453.0,98685.0,95318.0,74670031635.5065,1926826079390.2441,0.01854906508377892,3351.0714285714284,97995.375,94332.125,-1,0.0,100804.07142857143,0.0,95684.92857142857,0,1,0,0.0,95684.92857142857,False,False,0.0,0,0.0,0.0
2024-11-30,97509.0,96513.0,97509.0,96157.0,43580019720.720634,1910022814269.8855,-0.009692496200086116,3336.5714285714284,97977.125,94477.0,-1,0.0,99849.57142857143,0.0,95684.92857142857,0,1,0,0.0,95684.92857142857,False,False,-0.0,0,0.0,-0.0
2024-12-01,96450.0,97312.0,97838.0,95833.0,49147687432.565895,1925808416477.5068,0.008244597197361479,3289.4285714285716,97710.125,94322.375,-1,0.0,100601.42857142857,0.0,95684.92857142857,0,1,0,0.0,95684.92857142857,False,False,0.0,0,0.0,0.0
2024-12-02,97236.0,95833.0,98146.0,94498.0,101019861361.49252,1896576914275.523,-0.015315218192577479,3320.714285714286,97562.25,94143.75,-1,0.0,99153.71428571429,0.0,95684.92857142857,0,1,0,0.0,95684.92857142857,False,False,-0.0,0,0.0,-0.0
2024-12-03,95862.0,96032.0,96260.0,93697.0,87935752287.975,1900922167493.3643,0.0020743759555798837,3247.785714285714,97499.5,93980.625,-1,0.0,99279.78571428571,0.0,95684.92857142857,0,1,0,0.0,95684.92857142857,False,False,0.0,0,0.0,0.0
2024-12-04,95955.0,98881.0,99330.0,94870.0,98230784298.0459,1957276192604.2603,0.02923563766889366,3335.785714285714,97171.75,94095.875,1,95545.21428571429,0.0,95545.21428571429,0.0,0,0,1,95545.21428571429,0.0,True,False,-0.001,1,0.001,0.0
2024-12-05,98762.0,97202.0,103679.0,92980.0,190460293531.53802,1920742551503.6094,-0.017125819540455396,3766.285714285714,97717.75,94610.625,1,93435.71428571429,0.0,95545.21428571429,0.0,0,0,1,95545.21428571429,0.0,False,False,-0.017125819540455396,0,0.0,-0.017125819540455396
2024-12-06,97072.0,99974.0,102034.0,96589.0,115812632020.44765,1978389972043.7947,0.028118864795836702,3994.4285714285716,98507.625,94758.625,1,95979.57142857143,0.0,95979.57142857143,0.0,0,0,1,95979.57142857143,0.0,False,False,0.028118864795836702,0,0.0,0.028118864795836702
2024-12-07,99928.0,99782.0,100537.0,99183.0,61061136199.7846,1974739091620.7542,-0.0019223458532070365,3965.5,99185.125,94992.75,1,95816.5,0.0,95979.57142857143,0.0,0,0,1,95979.57142857143,0.0,False,False,-0.0019223458532070365,0,0.0,-0.0019223458532070365
2024-12-08,99893.0,101235.0,101235.0,98903.0,62677764785.05408,2003238967638.8286,0.014456740534455061,3928.8571428571427,99416.625,95475.875,1,97306.14285714286,0.0,97306.14285714286,0.0,0,0,1,97306.14285714286,0.0,False,False,0.014456740534455061,0,0.0,0.014456740534455061
2024-12-09,101200.0,97354.0,101200.0,94726.0,146846843211.51685,1926047690157.6282,-0.03909072703474646,3957.5714285714284,99882.375,95819.125,1,93396.42857142857,0.0,97306.14285714286,0.0,0,0,1,97306.14285714286,0.0,False,False,-0.03909072703474646,0,0.0,-0.03909072703474646
2024-12-10,97371.0,96650.0,98328.0,94387.0,125835977742.51114,1913115778728.2837,-0.007257614174393124,3938.3571428571427,100302.625,95680.75,1,92711.64285714286,0.0,97306.14285714286,0.0,1,0,0,97306.14285714286,0.0,False,False,-0.008257614174393125,1,0.001,-0.007257614174393124
2024-12-11,96643.0,101124.0,101960.0,95741.0,118484957960.76833,2001746436338.842,0.0452512809238768,3985.1428571428573,100325.375,95666.875,1,97138.85714285714,0.0,97306.14285714286,0.0,1,0,0,97306.14285714286,0.0,False,False,0.0,0,0.0,0.0
2024-12-12,101205.0,100001.0,102528.0,99410.0,100092043319.81221,1979166149963.3093,-0.01116730064012489,4072.285714285714,101037.875,95922.375,1,95928.71428571429,0.0,97306.14285714286,0.0,0,0,1,97306.14285714286,0.0,False,False,-0.001,1,0.001,-0.0
2024-12-13,100006.0,101352.0,101845.0,99261.0,78802903278.85962,2005406021235.8357,0.01341942036166043,4016.3571428571427,101437.625,96489.875,1,97335.64285714286,0.0,97335.64285714286,0.0,0,0,1,97335.64285714286,0.0,False,False,0.01341942036166043,0,0.0,0.01341942036166043
2024-12-14,101366.0,101367.0,102658.0,100682.0,57321924844.41535,2007646386698.8667,0.000147988102026799,4060.9285714285716,101208.375,97275.0,1,97306.07142857143,0.0,97335.64285714286,0.0,0,0,1,97335.64285714286,0.0,False,False,0.000147988102026799,0,0.0,0.000147988102026799
2024-12-15,101393.0,104722.0,105004.0,101274.0,70645074624.52869,2075487816560.1924,0.032561625566001055,4184.142857142857,101286.375,97786.625,1,100537.85714285714,0.0,100537.85714285714,0.0,0,0,1,100537.85714285714,0.0,False,False,0.032561625566001055,0,0.0,0.032561625566001055
2024-12-16,104351.0,106074.0,107822.0,103433.0,115184737759.33566,2097460193710.789,0.012827743784161077,4237.071428571428,101844.75,98048.0,1,101836.92857142857,0.0,101836.92857142857,0.0,0,0,1,101836.92857142857,0.0,False,False,0.012827743784161077,0,0.0,0.012827743784161077
2024-12-17,106090.0,106035.0,108135.0,105525.0,93417826250.1972,2100629850064.9119,-0.00036773546091395853,4240.428571428572,102668.125,98614.25,1,101794.57142857143,0.0,101836.92857142857,0.0,0,0,1,101836.92857142857,0.0,False,False,-0.00036773546091395853,0,0.0,-0.00036773546091395853
2024-12-18,106154.0,100356.0,106477.0,100237.0,113692025885.44745,1985284833093.572,-0.05504536410363802,4367.571428571428,103535.0,99964.125,1,95988.42857142857,0.0,101836.92857142857,0.0,1,0,0,101836.92857142857,0.0,False,False,-0.05604536410363802,1,0.001,-0.05504536410363802
2024-12-19,100139.0,97851.0,102759.0,95718.0,100611554887.24123,1937022229972.2085,-0.025277950673457325,4106.285714285715,104553.625,100695.375,-1,0.0,101957.28571428571,0.0,101957.28571428571,0,0,-1,0.0,101957.28571428571,False,True,-0.001,1,0.001,-0.0
2024-12-20,97491.0,97691.0,98059.0,92245.0,112340864006.62827,1932373308116.0107,-0.0016364774391941256,4132.642857142857,104653.5,100692.5,-1,0.0,101823.64285714286,0.0,101823.64285714286,0,0,-1,0.0,101823.64285714286,False,False,0.0016364774391941256,0,0.0,0.0016364774391941256
2024-12-21,97466.0,97203.0,99496.0,96562.0,53058382639.48845,1922768195068.165,-0.0050078608871029105,4245.5,104094.875,99796.875,-1,0.0,101448.5,0.0,101448.5,0,0,-1,0.0,101448.5,False,False,0.0050078608871029105,0,0.0,0.0050078608871029105
2024-12-22,97244.0,95094.0,97377.0,94099.0,44619017105.36954,1884599149192.4587,-0.02193569910929125,4313.071428571428,103801.25,99459.5,-1,0.0,99407.07142857143,0.0,99407.07142857143,0,0,-1,0.0,99407.07142857143,False,False,0.02193569910929125,0,0.0,0.02193569910929125
2024-12-23,95110.0,94645.0,96386.0,92442.0,64937790292.61125,1874912975786.6604,-0.00473282602016061,4129.857142857143,103141.125,98636.625,-1,0.0,98774.85714285714,0.0,98774.85714285714,0,0,-1,0.0,98774.85714285714,False,False,0.00473282602016061,0,0.0,0.00473282602016061
2024-12-24,94784.0,98696.0,99304.0,93580.0,49169088282.15742,1951173788529.116,0.04191136871098075,4257.214285714285,102063.875,97532.625,-1,0.0,102953.21428571429,0.0,98774.85714285714,0,0,-1,0.0,98774.85714285714,False,False,-0.04191136871098075,0,0.0,-0.04191136871098075
2024-12-25,98637.0,99345.0,99345.0,97695.0,33963749856.44743,1966481159354.1177,0.006554221835888972,3930.8571428571427,100999.125,96301.0,-1,0.0,103275.85714285714,0.0,98774.85714285714,0,1,0,0.0,98774.85714285714,False,False,-0.007554221835888972,1,0.001,-0.006554221835888972
2024-12-26,99365.0,95678.0,99887.0,95134.0,45049342388.18843,1894744251986.1084,-0.037610253631235206,4047.6428571428573,99900.375,95322.25,-1,0.0,99725.64285714286,0.0,98774.85714285714,0,1,0,0.0,98774.85714285714,False,False,-0.0,0,0.0,-0.0
2024-12-27,95688.0,94332.0,97134.0,93369.0,41498540807.666954,1867708753554.924,-0.014167912374197494,4132.0,99076.625,94684.375,-1,0.0,98464.0,0.0,98464.0,0,0,-1,0.0,98464.0,False,False,-0.001,1,0.001,-0.0
2024-12-28,94188.0,95185.0,95276.0,94039.0,22429850903.940086,1885556552231.4314,0.009001891758132293,4079.214285714286,98373.5,94390.75,-1,0.0,99264.21428571429,0.0,98464.0,0,0,-1,0.0,98464.0,False,False,-0.009001891758132293,0,0.0,-0.009001891758132293
2024-12-29,95069.0,93663.0,95113.0,92869.0,24065314499.502274,1854872605738.8086,-0.016119132365810366,3978.214285714286,98025.625,94615.0,-1,0.0,97641.21428571429,0.0,97641.21428571429,0,0,-1,0.0,97641.21428571429,False,False,0.016119132365810366,0,0.0,0.016119132365810366
2024-12-30,93467.0,92627.0,94838.0,91375.0,57595164139.4709,1833188187477.531,-0.011122558166159108,3912.0714285714284,97477.75,94153.375,-1,0.0,96539.07142857143,0.0,96539.07142857143,0,0,-1,0.0,96539.07142857143,False,False,0.011122558166159108,0,0.0,0.011122558166159108
2024-12-31,92666.0,93508.0,95988.0,91942.0,45327464907.74362,1851839954625.13,0.009466318306008806,4014.6428571428573,97160.375,93812.875,-1,0.0,97522.64285714286,0.0,96539.07142857143,0,0,-1,0.0,96539.07142857143,False,False,-0.009466318306008806,0,0.0,-0.009466318306008806
2025-01-01,93400.0,94384.0,94895.0,92852.0,23275007789.496334,1869193319140.2422,0.009324573128928041,3714.8571428571427,97110.625,93750.375,-1,0.0,98098.85714285714,0.0,96539.07142857143,0,0,-1,0.0,96539.07142857143,False,False,-0.009324573128928041,0,0.0,-0.009324573128928041
2025-01-02,94385.0,96852.0,97723.0,94253.0,45157338602.617516,1917905016063.62,0.025812472869516052,3459.785714285714,96559.5,93659.375,1,93392.21428571429,0.0,93392.21428571429,0.0,0,0,1,93392.21428571429,0.0,True,False,-0.026812472869516053,1,0.001,-0.025812472869516052
2025-01-03,96898.0,98084.0,98971.0,96010.0,35721645948.10051,1942834829349.9563,0.01264021426031806,3256.0,96356.75,93229.125,1,94828.0,0.0,94828.0,0.0,0,0,1,94828.0,0.0,False,False,0.01264021426031806,0,0.0,0.01264021426031806
2025-01-04,98116.0,98257.0,98695.0,97590.0,20979035420.980793,1946611205641.351,0.0017622406402212174,3125.3571428571427,96242.25,93338.625,1,95131.64285714286,0.0,95131.64285714286,0.0,0,0,1,95131.64285714286,0.0,False,False,0.0017622406402212174,0,0.0,0.0017622406402212174
2025-01-05,98211.0,98365.0,98772.0,97292.0,20060293834.7155,1948339898718.8586,0.0010985546974540134,2996.9285714285716,96437.375,93866.25,1,95368.07142857143,0.0,95368.07142857143,0.0,0,0,1,95368.07142857143,0.0,False,False,0.0010985546974540134,0,0.0,0.0010985546974540134
2025-01-06,98350.0,102229.0,102482.0,97951.0,46111387334.46171,2024825178619.8228,0.038530345128427713,3038.8571428571427,96874.375,94272.875,1,99190.14285714286,0.0,99190.14285714286,0.0,0,0,1,99190.14285714286,0.0,False,False,0.038530345128427713,0,0.0,0.038530345128427713
2025-01-07,102290.0,96952.0,102512.0,96164.0,60610257147.15405,1919133187081.3127,-0.052999384190470296,3083.4285714285716,97795.5,94908.125,1,93868.57142857143,0.0,99190.14285714286,0.0,1,0,0,99190.14285714286,0.0,False,False,-0.0539993841904703,1,0.001,-0.052999384190470296
2025-01-08,96807.0,95017.0,97205.0,92939.0,65790469838.34392,1885313354913.7239,-0.020160187706394855,3270.285714285714,98754.75,95506.75,-1,0.0,98287.28571428571,0.0,98287.28571428571,0,0,-1,0.0,98287.28571428571,False,True,-0.001,1,0.001,-0.0
2025-01-09,95032.0,92376.0,95344.0,91251.0,65850881574.76184,1832933628117.9436,-0.028188618310236738,3223.1428571428573,98906.875,95631.375,-1,0.0,95599.14285714286,0.0,95599.14285714286,0,0,-1,0.0,95599.14285714286,False,False,0.028188618310236738,0,0.0,0.028188618310236738
2025-01-10,92624.0,94737.0,95799.0,92276.0,63433655716.757095,1876836759923.398,0.02523742673353871,3205.8571428571427,98963.0,95431.25,-1,0.0,97942.85714285714,0.0,95599.14285714286,0,0,-1,0.0,95599.14285714286,False,False,-0.02523742673353871,0,0.0,-0.02523742673353871
2025-01-11,94688.0,94560.0,95006.0,93834.0,17836423168.41627,1874286243377.8525,-0.0018700777253053318,3201.214285714286,98722.5,95184.125,-1,0.0,97761.21428571429,0.0,95599.14285714286,0,0,-1,0.0,95599.14285714286,False,False,0.0018700777253053318,0,0.0,0.0018700777253053318
2025-01-12,94572.0,94455.0,95244.0,93728.0,19608932595.53299,1870314882306.9236,-0.001111023048972402,3144.0714285714284,98226.875,94912.125,-1,0.0,97599.07142857143,0.0,95599.14285714286,0,0,-1,0.0,95599.14285714286,False,False,0.001111023048972402,0,0.0,0.001111023048972402
2025-01-13,94484.0,94456.0,95904.0,89800.0,76328330233.31137,1870609367804.8223,1.0586995992831477e-05,3332.714285714286,97795.5,94429.375,-1,0.0,97788.71428571429,0.0,95599.14285714286,0,0,-1,0.0,95599.14285714286,False,False,-1.0586995992831477e-05,0,0.0,-1.0586995992831477e-05
2025-01-14,94504.0,96574.0,97328.0,94376.0,51241728228.81719,1912603332624.1123,0.022175436247278937,3254.5714285714284,97437.0,93492.875,-1,0.0,99828.57142857143,0.0,95599.14285714286,0,1,0,0.0,95599.14285714286,False,False,-0.023175436247278938,1,0.001,-0.022175436247278937
2025-01-15,96535.0,100313.0,100702.0,96502.0,57637319739.543396,1986831430651.8647,0.03798574388350126,3408.6428571428573,96792.75,93046.0,1,96904.35714285714,0.0,96904.35714285714,0.0,0,0,1,96904.35714285714,0.0,True,False,-0.001,1,0.001,0.0
2025-01-16,100555.0,100045.0,100667.0,97532.0,50150102497.2729,1980935754458.284,-0.002675212967132699,3384.714285714286,96566.5,93088.25,1,96660.28571428571,0.0,96904.35714285714,0.0,0,0,1,96904.35714285714,0.0,False,False,-0.002675212967132699,0,0.0,-0.002675212967132699
2025-01-17,99978.0,104161.0,105850.0,99978.0,69135117732.00064,2063854663834.0774,0.04031769426015673,3592.6428571428573,96999.25,93662.375,1,100568.35714285714,0.0,100568.35714285714,0.0,0,0,1,100568.35714285714,0.0,False,False,0.04031769426015673,0,0.0,0.04031769426015673
2025-01-18,104125.0,104335.0,104839.0,102214.0,49416447749.13053,2067151195362.0425,0.0016690971567352674,3701.214285714286,98312.5,94753.25,1,100633.78571428571,0.0,100633.78571428571,0.0,0,0,1,100633.78571428571,0.0,False,False,0.0016690971567352674,0,0.0,0.0016690971567352674
2025-01-19,104452.0,101275.0,106307.0,99836.0,72970313683.92325,2014842808849.5005,-0.02976728709659379,4057.714285714286,99442.5,95995.5,1,97217.28571428571,0.0,100633.78571428571,0.0,0,0,1,100633.78571428571,0.0,False,False,-0.02976728709659379,0,0.0,-0.02976728709659379
2025-01-20,101184.0,101765.0,108786.0,99702.0,120158523166.88387,2017837068202.1384,0.0048266445160881095,4382.928571428572,100855.125,96745.75,1,97382.07142857143,0.0,100633.78571428571,0.0,0,0,1,100633.78571428571,0.0,False,False,0.0048266445160881095,0,0.0,0.0048266445160881095
2025-01-21,102095.0,106182.0,107245.0,100142.0,95344290057.8965,2098829000928.49,0.042488369312260396,4436.857142857143,102547.875,97492.5,1,101745.14285714286,0.0,101745.14285714286,0.0,0,0,1,101745.14285714286,0.0,False,False,0.042488369312260396,0,0.0,0.042488369312260396
2025-01-22,106193.0,103674.0,106217.0,103300.0,55030669602.56557,2054288661793.9773,-0.02390324235806326,4340.5,103965.5,98785.25,1,99333.5,0.0,101745.14285714286,0.0,0,0,1,101745.14285714286,0.0,False,False,-0.02390324235806326,0,0.0,-0.02390324235806326
2025-01-23,103610.0,104068.0,106732.0,101225.0,102455227371.20761,2062360759045.0,0.0037931710719132194,4441.5,105076.625,99900.75,1,99626.5,0.0,101745.14285714286,0.0,0,0,1,101745.14285714286,0.0,False,False,0.0037931710719132194,0,0.0,0.0037931710719132194
2025-01-24,104021.0,104835.0,107006.0,102798.0,51418786362.7815,2076156720642.786,0.007343153966248941,4490.428571428572,105830.375,100491.125,1,100344.57142857143,0.0,101745.14285714286,0.0,0,0,1,101745.14285714286,0.0,False,False,0.007343153966248941,0,0.0,0.007343153966248941
2025-01-25,104865.0,104796.0,105232.0,104133.0,22740744964.719296,2077647817531.3406,-0.00037208237760589114,4485.214285714285,106622.75,101149.375,1,100310.78571428571,0.0,101745.14285714286,0.0,0,0,1,101745.14285714286,0.0,False,False,-0.00037208237760589114,0,0.0,-0.00037208237760589114
2025-01-26,104758.0,102552.0,105376.0,102552.0,20639818380.26942,2036324005947.406,-0.021645616209762655,4578.642857142857,106545.5,101668.75,1,97973.35714285714,0.0,101745.14285714286,0.0,0,0,1,101745.14285714286,0.0,False,False,-0.021645616209762655,0,0.0,-0.021645616209762655
2025-01-27,102625.0,101958.0,103210.0,97792.0,93191643783.24739,2019295541213.5288,-0.005809023229810028,4529.642857142857,106612.625,101711.0,1,97428.35714285714,0.0,101745.14285714286,0.0,0,0,1,101745.14285714286,0.0,False,False,-0.005809023229810028,0,0.0,-0.005809023229810028
2025-01-28,102101.0,101313.0,103541.0,100272.0,45780526813.56264,2007072201507.5273,-0.006346229071137126,4552.285714285715,106225.5,101455.5,-1,0.0,105865.28571428571,0.0,105865.28571428571,0,0,-1,0.0,105865.28571428571,False,True,-0.007346229071137126,1,0.001,-0.006346229071137126
2025-01-29,101341.0,103719.0,104677.0,101330.0,47425401641.53094,2056581551171.7,0.023470584573024363,4492.571428571428,105569.875,101526.75,-1,0.0,108211.57142857143,0.0,105865.28571428571,0,0,-1,0.0,105865.28571428571,False,False,-0.023470584573024363,0,0.0,-0.023470584573024363
2025-01-30,103716.0,104782.0,106191.0,103388.0,42122570869.034325,2076760153260.6191,0.010196682128136507,4468.857142857143,105248.875,101675.25,-1,0.0,109250.85714285714,0.0,105865.28571428571,0,0,-1,0.0,105865.28571428571,False,False,-0.010196682128136507,0,0.0,-0.010196682128136507
2025-01-31,104720.0,102382.0,105942.0,101554.0,37187819228.35328,2028504133577.489,-0.02317108550597449,4362.857142857143,105245.625,101686.25,-1,0.0,106744.85714285714,0.0,105865.28571428571,0,0,-1,0.0,105865.28571428571,False,False,0.02317108550597449,0,0.0,0.02317108550597449
2025-02-01,102405.0,100675.0,102749.0,100247.0,22827776122.48367,1996423711261.7268,-0.01681340916655486,4354.071428571428,105146.875,101727.375,-1,0.0,105029.07142857143,0.0,105029.07142857143,0,0,-1,0.0,105029.07142857143,False,False,0.01681340916655486,0,0.0,0.01681340916655486
2025-02-02,100552.0,97568.0,101378.0,96453.0,59784234332.21204,1933691439792.2544,-0.031347935931673544,4243.642857142857,104614.75,101408.5,-1,0.0,101811.64285714286,0.0,101811.64285714286,0,0,-1,0.0,101811.64285714286,False,False,0.031347935931673544,0,0.0,0.031347935931673544
2025-02-03,97652.0,101467.0,102614.0,92460.0,122163969235.23686,2011121374511.8835,0.039184051659297586,4320.071428571428,104133.0,100448.5,-1,0.0,105787.07142857143,0.0,101811.64285714286,0,0,-1,0.0,101811.64285714286,False,False,-0.039184051659297586,0,0.0,-0.039184051659297586
2025-02-04,101392.0,98118.0,101730.0,96026.0,73196693057.98114,1943535291172.1597,-0.03356278648683345,4220.142857142857,103787.75,99187.0,-1,0.0,102338.14285714286,0.0,101811.64285714286,0,0,-1,0.0,101811.64285714286,False,False,0.03356278648683345,0,0.0,0.03356278648683345
2025-02-05,97888.0,96583.0,98949.0,96212.0,48848958931.79228,1912584628590.309,-0.015768093683591174,4207.285714285715,103602.75,98966.25,-1,0.0,100790.28571428571,0.0,100790.28571428571,0,0,-1,0.0,100790.28571428571,False,False,0.015768093683591174,0,0.0,0.015768093683591174
2025-02-06,96613.0,96635.0,99132.0,95820.0,44462180396.172516,1915093756057.5637,0.0005382521427138604,4050.5,103028.75,98458.75,-1,0.0,100685.5,0.0,100685.5,0,0,-1,0.0,100685.5,False,False,-0.0005382521427138604,0,0.0,-0.0005382521427138604
2025-02-07,96568.0,96558.0,100097.0,95676.0,57077722340.22422,1911296376425.356,-0.0007971303730182775,4065.714285714286,102335.625,97770.0,-1,0.0,100623.71428571429,0.0,100623.71428571429,0,0,-1,0.0,100623.71428571429,False,False,0.0007971303730182775,0,0.0,0.0007971303730182775
2025-02-08,96480.0,96558.0,96870.0,95687.0,20760850644.84597,1914211835440.1182,0.0,4071.714285714286,101573.875,96806.0,-1,0.0,100629.71428571429,0.0,100623.71428571429,0,0,-1,0.0,100623.71428571429,False,False,-0.0,0,0.0,-0.0
2025-02-09,96454.0,96549.0,97317.0,94761.0,25457107581.051964,1913068773356.083,-9.321257133625855e-05,4052.5714285714284,100439.875,96072.625,-1,0.0,100601.57142857143,0.0,100601.57142857143,0,0,-1,0.0,100601.57142857143,False,False,9.321257133625855e-05,0,0.0,9.321257133625855e-05
2025-02-10,96520.0,97400.0,98334.0,95524.0,37054987393.57789,1930742951090.367,0.008775559155412794,3866.285714285714,99760.875,95386.875,-1,0.0,101266.28571428571,0.0,100601.57142857143,0,0,-1,0.0,100601.57142857143,False,False,-0.008775559155412794,0,0.0,-0.008775559155412794
2025-02-11,97465.0,95740.0,98467.0,94899.0,36454577154.5622,1898788887978.3252,-0.017190026684126482,3887.6428571428573,99380.375,95270.75,-1,0.0,99627.64285714286,0.0,99627.64285714286,0,0,-1,0.0,99627.64285714286,False,False,0.017190026684126482,0,0.0,0.017190026684126482
2025-02-12,95743.0,97836.0,98098.0,94120.0,47115618235.19051,1936842454813.9983,0.021656423504410997,3931.5,98862.0,95575.625,-1,0.0,101767.5,0.0,99627.64285714286,0,0,-1,0.0,99627.64285714286,False,False,-0.021656423504410997,0,0.0,-0.021656423504410997
2025-02-13,97887.0,96562.0,98089.0,95410.0,29084371910.690556,1914315097486.3862,-0.013107318383642824,3922.6428571428573,98408.0,95337.375,-1,0.0,100484.64285714286,0.0,99627.64285714286,0,0,-1,0.0,99627.64285714286,False,False,0.013107318383642824,0,0.0,0.013107318383642824
2025-02-14,96655.0,97488.0,98624.0,96353.0,32289906944.92862,1931656846871.4856,0.00954400442100723,3771.4285714285716,98300.5,95237.125,-1,0.0,101259.42857142857,0.0,99627.64285714286,0,0,-1,0.0,99627.64285714286,False,False,-0.00954400442100723,0,0.0,-0.00954400442100723
2025-02-15,97526.0,97570.0,97965.0,97270.0,14215311318.346336,1934308378710.2861,0.000840775613720068,3642.3571428571427,98237.0,95303.75,-1,0.0,101212.35714285714,0.0,99627.64285714286,0,0,-1,0.0,99627.64285714286,False,False,-0.000840775613720068,0,0.0,-0.000840775613720068
2025-02-16,97629.0,96149.0,97716.0,96125.0,13634794998.739267,1905012222220.3691,-0.014670997555171218,3404.214285714286,97970.5,95503.0,-1,0.0,99553.21428571429,0.0,99553.21428571429,0,0,-1,0.0,99553.21428571429,False,False,0.014670997555171218,0,0.0,0.014670997555171218
2025-02-17,96123.0,95776.0,96915.0,95243.0,25324374113.08163,1898997753781.9536,-0.00388693989439895,2798.3571428571427,98076.25,95557.75,-1,0.0,98574.35714285714,0.0,98574.35714285714,0,0,-1,0.0,98574.35714285714,False,False,0.00388693989439895,0,0.0,0.00388693989439895
2025-02-18,95785.0,95496.0,96663.0,93435.0,38311133144.729355,1892702154844.508,-0.002927769877551259,2621.5,98026.0,95618.0,-1,0.0,98117.5,0.0,98117.5,0,0,-1,0.0,98117.5,False,False,0.002927769877551259,0,0.0,0.002927769877551259
2025-02-19,95614.0,96555.0,96806.0,95018.0,27703222487.389572,1914337919659.5537,0.011028432379951726,2553.714285714286,97817.125,95356.875,-1,0.0,99108.71428571429,0.0,98117.5,0,0,-1,0.0,98117.5,False,False,-0.011028432379951726,0,0.0,-0.011028432379951726
2025-02-20,96636.0,98384.0,98758.0,96465.0,24175261969.81266,1950376106325.3228,0.018765395038424962,2480.9285714285716,97609.5,95371.75,1,95903.07142857143,0.0,95903.07142857143,0.0,0,0,1,95903.07142857143,0.0,True,False,-0.019765395038424963,1,0.001,-0.018765395038424962
2025-02-21,98337.0,96135.0,99504.0,94909.0,42477472950.92155,1906058197506.3809,-0.023124735586814084,2493.3571428571427,97692.0,95664.875,1,93641.64285714286,0.0,95903.07142857143,0.0,0,0,1,95903.07142857143,0.0,False,False,-0.023124735586814084,0,0.0,-0.023124735586814084
2025-02-22,95957.0,96564.0,96881.0,95757.0,18464415570.762142,1915260330870.798,0.00445254732769617,2489.1428571428573,97868.875,95602.25,1,94074.85714285714,0.0,95903.07142857143,0.0,0,0,1,95903.07142857143,0.0,False,False,0.00445254732769617,0,0.0,0.00445254732769617
2025-02-23,96526.0,96327.0,96653.0,95247.0,16643044374.983364,1909625674815.4763,-0.002457347613538111,2407.0,97651.0,95527.75,1,93920.0,0.0,95903.07142857143,0.0,0,0,1,95903.07142857143,0.0,False,False,-0.002457347613538111,0,0.0,-0.002457347613538111
2025-02-24,96265.0,91397.0,96481.0,91397.0,45539703844.38777,1814176779160.4363,-0.05253599817414373,2569.4285714285716,97487.0,95274.875,-1,0.0,93966.42857142857,0.0,93966.42857142857,0,0,-1,0.0,93966.42857142857,False,True,-0.05353599817414373,1,0.001,-0.05253599817414373
2025-02-25,91582.0,88756.0,92504.0,86142.0,96742453402.56294,1759750360550.3337,-0.02932162346014409,2769.0,97332.625,94683.875,-1,0.0,91525.0,0.0,91525.0,0,0,-1,0.0,91525.0,False,False,0.02932162346014409,0,0.0,0.02932162346014409
2025-02-26,88477.0,83900.0,89278.0,82455.0,69277430795.68657,1664314955447.7466,-0.05626541823100966,2972.214285714286,96781.25,93546.25,-1,0.0,86872.21428571429,0.0,86872.21428571429,0,0,-1,0.0,86872.21428571429,False,False,0.05626541823100966,0,0.0,0.05626541823100966
2025-02-27,84137.0,84709.0,86951.0,82831.0,81960688217.70384,1679555320077.2097,0.00959623991891751,3075.1428571428573,95858.125,92173.75,-1,0.0,87784.14285714286,0.0,86872.21428571429,0,0,-1,0.0,86872.21428571429,False,False,-0.00959623991891751,0,0.0,-0.00959623991891751
2025-02-28,84690.0,84442.0,84851.0,78393.0,80695237175.07367,1674754437110.342,-0.003156945235324796,3374.214285714286,94626.25,90650.375,-1,0.0,87816.21428571429,0.0,86872.21428571429,0,0,-1,0.0,86872.21428571429,False,False,0.003156945235324796,0,0.0,0.003156945235324796
2025-03-01,84317.0,86005.0,86539.0,83804.0,30634474722.6359,1705564098300.8237,0.01834052594160103,3519.9285714285716,92887.875,88391.375,-1,0.0,89524.92857142857,0.0,86872.21428571429,0,0,-1,0.0,86872.21428571429,False,False,-0.01834052594160103,0,0.0,-0.01834052594160103
2025-03-02,85983.0,94262.0,94902.0,85075.0,61859112550.80991,1868321705444.4878,0.09167270508004817,4108.214285714285,91267.25,87003.25,1,90153.78571428571,0.0,90153.78571428571,0.0,0,0,1,90153.78571428571,0.0,True,False,-0.09267270508004817,1,0.001,-0.09167270508004817
2025-03-03,94040.0,86125.0,94040.0,85205.0,68715362745.4567,1708198960874.3418,-0.09027840984457981,4635.714285714285,91019.875,85668.0,1,81489.28571428571,0.0,90153.78571428571,0.0,1,0,0,90153.78571428571,0.0,False,False,-0.09127840984457981,1,0.001,-0.09027840984457981
2025-03-04,86125.0,87311.0,88896.0,81688.0,65863356680.42408,1731441668069.6523,0.013676727865062648,4920.0,90693.25,84412.75,1,82391.0,0.0,90153.78571428571,0.0,1,0,0,90153.78571428571,0.0,False,False,0.0,0,0.0,0.0
2025-03-05,87039.0,90604.0,90829.0,86415.0,51606642859.81411,1797706868227.531,0.03702190498583621,5107.571428571428,89745.125,83199.125,1,85496.42857142857,0.0,90153.78571428571,0.0,1,0,0,90153.78571428571,0.0,False,False,0.0,0,0.0,0.0
2025-03-06,90655.0,90001.0,92756.0,88020.0,47555759124.64708,1782785866811.654,-0.006677580805073213,5282.071428571428,89535.75,83233.25,1,84718.92857142857,0.0,90153.78571428571,0.0,1,0,0,90153.78571428571,0.0,False,False,-0.0,0,0.0,-0.0
2025-03-07,89924.0,86773.0,90940.0,84972.0,63216440874.73251,1720436931689.2776,-0.036525268010345883,5380.142857142857,89970.5,83928.875,1,81392.85714285714,0.0,90153.78571428571,0.0,1,0,0,90153.78571428571,0.0,False,False,-0.0,0,0.0,-0.0
2025-03-08,86720.0,86143.0,86839.0,85303.0,18809360803.37126,1708605516770.228,-0.007286807324012595,5409.571428571428,90469.125,84196.5,1,80733.42857142857,0.0,90153.78571428571,0.0,1,0,0,90153.78571428571,0.0,False,False,-0.0,0,0.0,-0.0
2025-03-09,86173.0,80751.0,86483.0,80183.0,32013406240.51754,1602073794580.0344,-0.06463836011827487,5759.142857142857,90717.625,85060.25,-1,0.0,86510.14285714286,0.0,86510.14285714286,0,0,-1,0.0,86510.14285714286,False,True,-0.001,1,0.001,-0.0
2025-03-10,80675.0,78784.0,83690.0,77495.0,49983692766.22745,1563547150147.7332,-0.024660415365026497,5838.5,90710.625,84607.625,-1,0.0,84622.5,0.0,84622.5,0,0,-1,0.0,84622.5,False,False,0.024660415365026497,0,0.0,0.024660415365026497
2025-03-11,78537.0,82799.0,83458.0,76784.0,56404462275.083046,1642997419531.6057,0.04970605346160859,5860.785714285715,89309.125,83660.125,-1,0.0,88659.78571428571,0.0,84622.5,0,0,-1,0.0,84622.5,False,False,-0.04970605346160859,0,0.0,-0.04970605346160859
2025-03-12,82943.0,83884.0,84074.0,80833.0,41782186208.59073,1662502658717.542,0.013018908045276015,5604.928571428572,87986.375,82607.5,-1,0.0,89488.92857142857,0.0,84622.5,0,0,-1,0.0,84622.5,False,False,-0.013018908045276015,0,0.0,-0.013018908045276015
2025-03-13,83678.0,81099.0,84252.0,79948.0,32583592654.882656,1608477373718.186,-0.03376426147975318,5618.071428571428,87383.625,82500.625,-1,0.0,86717.07142857143,0.0,84622.5,0,0,-1,0.0,84622.5,False,False,0.03376426147975318,0,0.0,0.03376426147975318
2025-03-14,81015.0,83972.0,85140.0,80857.0,28571483950.074646,1665725559905.8198,0.03481277935295623,5462.714285714285,86561.5,81692.25,-1,0.0,89434.71428571429,0.0,84622.5,0,0,-1,0.0,84622.5,False,False,-0.03481277935295623,0,0.0,-0.03481277935295623
2025-03-15,83955.0,84392.0,84663.0,83689.0,10761796127.312485,1674173293916.4658,0.0049892004374317905,5336.928571428572,85609.5,80796.875,-1,0.0,89728.92857142857,0.0,84622.5,0,0,-1,0.0,84622.5,False,False,-0.0049892004374317905,0,0.0,-0.0049892004374317905
2025-03-16,84345.0,82611.0,84693.0,82061.0,21638031633.118767,1638672153483.722,-0.021329766806334298,4823.0,84824.875,80636.5,-1,0.0,87434.0,0.0,84622.5,0,0,-1,0.0,84622.5,False,False,0.021329766806334298,0,0.0,0.021329766806334298
2025-03-17,82570.0,84075.0,84584.0,82570.0,19659366246.596867,1667799227887.438,0.017566414053160014,4319.928571428572,84556.625,80231.25,-1,0.0,88394.92857142857,0.0,84622.5,0,0,-1,0.0,84622.5,False,False,-0.017566414053160014,0,0.0,-0.017566414053160014
2025-03-18,83977.0,82780.0,83977.0,81208.0,24557570268.85276,1642578274105.806,-0.01552277130574696,4009.8571428571427,84319.25,80529.625,-1,0.0,86789.85714285714,0.0,84622.5,0,0,-1,0.0,84622.5,False,False,0.01552277130574696,0,0.0,0.01552277130574696
2025-03-19,82618.0,86815.0,86958.0,82618.0,33871216993.304657,1721565138141.278,0.04759293147551483,4004.5714285714284,84355.125,80993.75,1,82810.42857142857,0.0,82810.42857142857,0.0,0,0,1,82810.42857142857,0.0,True,False,-0.04859293147551483,1,0.001,-0.04759293147551483
2025-03-20,87394.0,84271.0,87431.0,83736.0,27579127651.06656,1672550706502.8184,-0.029741621463046725,3930.214285714286,84792.625,81723.0,1,80340.78571428571,0.0,82810.42857142857,0.0,0,0,1,82810.42857142857,0.0,False,False,-0.029741621463046725,0,0.0,-0.029741621463046725
2025-03-21,84326.0,84010.0,84770.0,83239.0,18091004975.919056,1666749159154.2927,-0.0031019569562986005,3613.285714285714,85212.25,82085.875,1,80396.71428571429,0.0,82810.42857142857,0.0,0,0,1,82810.42857142857,0.0,False,False,-0.0031019569562986005,0,0.0,-0.0031019569562986005
2025-03-22,84046.0,83793.0,84492.0,83709.0,7771134681.982918,1662574363663.653,-0.0025863675972989434,3559.5,85277.0,82497.25,1,80233.5,0.0,82810.42857142857,0.0,0,0,1,82810.42857142857,0.0,False,False,-0.0025863675972989434,0,0.0,-0.0025863675972989434
2025-03-23,83823.0,85788.0,85826.0,83823.0,12617587530.619724,1702009594329.4495,0.023529664793258184,3254.714285714286,85196.0,82853.75,1,82533.28571428571,0.0,82810.42857142857,0.0,0,0,1,82810.42857142857,0.0,False,False,0.023529664793258184,0,0.0,0.023529664793258184
2025-03-24,86114.0,87328.0,88714.0,85560.0,27270889835.1835,1732715331970.134,0.017792007953212924,3037.5,85341.375,82870.5,1,84290.5,0.0,84290.5,0.0,0,0,1,84290.5,0.0,False,False,0.017792007953212924,0,0.0,0.017792007953212924
2025-03-25,87483.0,87521.0,88430.0,86358.0,30351832942.705593,1735368473904.4885,0.002207620042247927,2708.785714285714,85844.0,83307.875,1,84812.21428571429,0.0,84812.21428571429,0.0,0,0,1,84812.21428571429,0.0,False,False,0.002207620042247927,0,0.0,0.002207620042247927
2025-03-26,87424.0,86961.0,88268.0,85863.0,25522877558.700558,1724854479045.6724,-0.006419022281322684,2649.0714285714284,86324.75,83781.375,1,84311.92857142857,0.0,84812.21428571429,0.0,0,0,1,84812.21428571429,0.0,False,False,-0.006419022281322684,0,0.0,-0.006419022281322684
2025-03-27,86914.0,87227.0,87773.0,85867.0,24620445368.489468,1729729987159.4822,0.0030541737291905555,2477.785714285714,86861.125,84363.25,1,84749.21428571429,0.0,84812.21428571429,0.0,0,0,1,84812.21428571429,0.0,False,False,0.0030541737291905555,0,0.0,0.0030541737291905555
2025-03-28,87213.0,84359.0,87500.0,83609.0,31674486232.097313,1673182800974.1038,-0.033432414434951055,2449.785714285714,86963.0,84769.375,-1,0.0,86808.78571428571,0.0,86808.78571428571,0,0,-1,0.0,86808.78571428571,False,True,-0.034432414434951056,1,0.001,-0.033432414434951055
2025-03-29,84333.0,82679.0,84541.0,81770.0,16837439419.924389,1640665503855.1438,-0.020115861664083756,2578.1428571428573,86971.625,84753.5,-1,0.0,85257.14285714286,0.0,85257.14285714286,0,0,-1,0.0,85257.14285714286,False,False,0.020115861664083756,0,0.0,0.020115861664083756
2025-03-30,82604.0,82356.0,83496.0,81553.0,13428975108.070734,1633996304187.2593,-0.00391432620251109,2528.9285714285716,86943.0,84569.875,-1,0.0,84884.92857142857,0.0,84884.92857142857,0,0,-1,0.0,84884.92857142857,False,False,0.00391432620251109,0,0.0,0.00391432620251109
2025-03-31,82355.0,82514.0,83757.0,81362.0,30326148749.91535,1635076581047.3545,0.0019166621989323493,2556.1428571428573,86818.5,84300.375,-1,0.0,85070.14285714286,0.0,84884.92857142857,0,0,-1,0.0,84884.92857142857,False,False,-0.0019166621989323493,0,0.0,-0.0019166621989323493
2025-04-01,82553.0,85238.0,85438.0,82408.0,29172899851.734768,1690602036035.04,0.032479367878887576,2567.785714285714,86559.875,83992.75,-1,0.0,87805.78571428571,0.0,84884.92857142857,0,1,0,0.0,84884.92857142857,False,False,-0.03347936787888758,1,0.001,-0.032479367878887576
2025-04-02,85151.0,82526.0,87791.0,82430.0,46332905657.77597,1637358764747.381,-0.03233394858633849,2640.714285714286,86150.375,83598.75,-1,0.0,85166.71428571429,0.0,84884.92857142857,0,1,0,0.0,84884.92857142857,False,False,-0.0,0,0.0,-0.0
2025-04-03,82489.0,83164.0,83817.0,81333.0,36594464539.14662,1652537223074.958,0.007701166675162703,2554.214285714286,86070.5,83107.75,-1,0.0,85718.21428571429,0.0,84884.92857142857,0,0,-1,0.0,84884.92857142857,False,False,-0.001,1,0.001,0.0
2025-04-04,83209.0,83852.0,84631.0,81714.0,35647289400.47406,1664234880198.049,0.008238778220493959,2653.214285714286,85514.125,82541.5,-1,0.0,86505.21428571429,0.0,84884.92857142857,0,0,-1,0.0,84884.92857142857,False,False,-0.008238778220493959,0,0.0,-0.008238778220493959
2025-04-05,83828.0,83596.0,84173.0,82395.0,14910400035.531416,1656020067997.187,-0.003057668045631188,2724.285714285714,85121.375,82022.375,-1,0.0,86320.28571428571,0.0,84884.92857142857,0,0,-1,0.0,84884.92857142857,False,False,0.003057668045631188,0,0.0,0.003057668045631188
2025-04-06,83514.0,78211.0,83668.0,77177.0,36140377231.68329,1555325260787.2627,-0.06658536943549061,3042.714285714286,84705.5,81870.625,-1,0.0,81253.71428571429,0.0,81253.71428571429,0,0,-1,0.0,81253.71428571429,False,False,0.06658536943549061,0,0.0,0.06658536943549061
2025-04-07,78367.0,79179.0,80818.0,74604.0,82909748172.59216,1581407565278.352,0.012300809525836474,3261.285714285714,84596.375,81296.5,-1,0.0,82440.28571428571,0.0,81253.71428571429,0,0,-1,0.0,81253.71428571429,False,False,-0.012300809525836474,0,0.0,-0.012300809525836474
2025-04-08,79146.0,76329.0,80802.0,76329.0,47812787635.22632,1515042499757.3254,-0.036658167430568184,3432.785714285714,84261.625,80427.875,-1,0.0,79761.78571428571,0.0,79761.78571428571,0,0,-1,0.0,79761.78571428571,False,False,0.036658167430568184,0,0.0,0.036658167430568184
2025-04-09,76301.0,82622.0,83425.0,74773.0,87408220482.11568,1640567909122.172,0.0792230441735959,3879.0,83892.25,79798.75,-1,0.0,86501.0,0.0,79761.78571428571,0,1,0,0.0,79761.78571428571,False,False,-0.0802230441735959,1,0.001,-0.0792230441735959
2025-04-10,82595.0,79596.0,82595.0,78669.0,41213520154.25157,1580023209138.0547,-0.037312148557959036,4025.214285714286,83640.625,78844.375,-1,0.0,83621.21428571429,0.0,79761.78571428571,0,1,0,0.0,79761.78571428571,False,False,-0.0,0,0.0,-0.0
2025-04-11,79556.0,83439.0,84056.0,79086.0,39813566443.76779,1655868880454.1702,0.04715198562964552,4102.285714285715,82991.125,78374.25,1,79336.71428571429,0.0,79336.71428571429,0.0,0,0,1,79336.71428571429,0.0,True,False,-0.001,1,0.001,0.0
2025-04-12,83438.0,85305.0,85630.0,82862.0,22428929482.069122,1693600655371.0874,0.022117243465808012,4102.071428571428,83021.0,78093.375,1,81202.92857142857,0.0,81202.92857142857,0.0,0,0,1,81202.92857142857,0.0,False,False,0.022117243465808012,0,0.0,0.022117243465808012
2025-04-13,85297.0,83601.0,85732.0,83197.0,28731125717.934357,1658923208081.8682,-0.02017758768526949,4144.357142857143,83145.875,78236.875,1,79456.64285714286,0.0,81202.92857142857,0.0,0,0,1,81202.92857142857,0.0,False,False,-0.02017758768526949,0,0.0,-0.02017758768526949
2025-04-14,83637.0,84523.0,85668.0,83637.0,33155578229.343513,1677843510120.269,0.010968204933837086,4120.928571428572,83340.75,78337.125,1,80402.07142857143,0.0,81202.92857142857,0.0,0,0,1,81202.92857142857,0.0,False,False,0.010968204933837086,0,0.0,0.010968204933837086
2025-04-15,84590.0,83656.0,86186.0,83656.0,25084671427.622566,1660749023283.0562,-0.01031053437915257,4085.214285714286,83590.75,79144.625,1,79570.78571428571,0.0,81202.92857142857,0.0,0,0,1,81202.92857142857,0.0,False,False,-0.01031053437915257,0,0.0,-0.01031053437915257
2025-04-16,83642.0,84106.0,85312.0,83219.0,26948109141.803364,1670497569762.047,0.005364755776303888,3851.785714285714,84261.75,80276.125,1,80254.21428571429,0.0,81202.92857142857,0.0,0,0,1,81202.92857142857,0.0,False,False,0.005364755776303888,0,0.0,0.005364755776303888
2025-04-17,84059.0,84931.0,85377.0,83900.0,19323821375.14309,1686226810049.1836,0.009761254052457745,3779.8571428571427,84825.5,81137.375,1,81151.14285714286,0.0,81202.92857142857,0.0,0,0,1,81202.92857142857,0.0,False,False,0.009761254052457745,0,0.0,0.009761254052457745
2025-04-18,84940.0,84434.0,85026.0,84366.0,9550691272.782005,1676373197914.5117,-0.00586899804094098,3618.6428571428573,85069.5,82278.25,1,80815.35714285714,0.0,81202.92857142857,0.0,0,0,1,81202.92857142857,0.0,False,False,-0.00586899804094098,0,0.0,-0.00586899804094098
2025-04-19,84448.0,85127.0,85470.0,84378.0,12635983530.804455,1690090596771.3958,0.008174094970067452,3569.6428571428573,85373.375,82990.375,1,81557.35714285714,0.0,81557.35714285714,0.0,0,0,1,81557.35714285714,0.0,False,False,0.008174094970067452,0,0.0,0.008174094970067452
2025-04-20,85089.0,85073.0,85283.0,84038.0,12625843856.313684,1689008667806.3804,-0.0006345476123611144,3194.9285714285716,85550.125,83651.875,1,81878.07142857143,0.0,81878.07142857143,0.0,0,0,1,81878.07142857143,0.0,False,False,-0.0006345476123611144,0,0.0,-0.0006345476123611144
2025-04-21,85140.0,87452.0,88260.0,85140.0,40070025414.28289,1735703747771.06,0.02758035997282653,2978.714285714286,85506.75,83798.875,1,84473.28571428571,0.0,84473.28571428571,0.0,0,0,1,84473.28571428571,0.0,False,False,0.02758035997282653,0,0.0,0.02758035997282653
2025-04-22,87501.0,93576.0,93702.0,87366.0,53841992235.36636,1858587811717.8286,0.06768386893376456,3111.785714285714,85822.75,84041.75,1,90464.21428571429,0.0,90464.21428571429,0.0,0,0,1,90464.21428571429,0.0,False,False,0.06768386893376456,0,0.0,0.06768386893376456
2025-04-23,93518.0,93605.0,94320.0,92079.0,39901515879.65954,1858660302322.256,0.00030986051182570277,2653.8571428571427,86827.0,84507.875,1,90951.14285714286,0.0,90951.14285714286,0.0,0,0,1,90951.14285714286,0.0,False,False,0.00030986051182570277,0,0.0,0.00030986051182570277
2025-04-24,93693.0,93873.0,93916.0,91810.0,30031246761.093452,1864298110563.3408,0.0028590040703496138,2521.9285714285716,87843.75,85560.75,1,91351.07142857143,0.0,91351.07142857143,0.0,0,0,1,91351.07142857143,0.0,False,False,0.0028590040703496138,0,0.0,0.0028590040703496138
2025-04-25,93946.0,94773.0,95564.0,93056.0,39336184715.04292,1882121595175.8462,0.009541753637705748,2346.0714285714284,88919.25,86634.625,1,92426.92857142857,0.0,92426.92857142857,0.0,0,0,1,92426.92857142857,0.0,False,False,0.009541753637705748,0,0.0,0.009541753637705748
2025-04-26,94739.0,94644.0,95195.0,94033.0,15445392739.787264,1879131951239.1846,-0.0013620743644329298,2231.3571428571427,90192.625,87779.125,1,92412.64285714286,0.0,92426.92857142857,0.0,0,0,1,92426.92857142857,0.0,False,False,-0.0013620743644329298,0,0.0,-0.0013620743644329298
2025-04-27,94666.0,93809.0,95115.0,93766.0,15926259371.057959,1862772247122.064,-0.008861683967177325,2146.6428571428573,91463.75,88987.5,1,91662.35714285714,0.0,92426.92857142857,0.0,0,0,1,92426.92857142857,0.0,False,False,-0.008861683967177325,0,0.0,-0.008861683967177325
2025-04-28,93802.0,95031.0,95491.0,92953.0,31913814736.53902,1887067388174.3481,0.012942353923919831,2180.285714285714,92669.375,90161.0,1,92850.71428571429,0.0,92850.71428571429,0.0,0,0,1,92850.71428571429,0.0,False,False,0.012942353923919831,0,0.0,0.012942353923919831
2025-04-29,95023.0,94256.0,95444.0,93881.0,25882629766.278946,1870818389258.4038,-0.00818866938126522,2111.214285714286,93945.375,91275.375,1,92144.78571428571,0.0,92850.71428571429,0.0,0,0,1,92850.71428571429,0.0,False,False,-0.00818866938126522,0,0.0,-0.00818866938126522
2025-04-30,94275.0,94236.0,95193.0,93334.0,26541700309.366146,1871350362569.0933,-0.00021221059859359882,2094.5,94843.375,92368.0,1,92141.5,0.0,92850.71428571429,0.0,0,0,1,92850.71428571429,0.0,False,False,-0.00021221059859359882,0,0.0,-0.00021221059859359882
2025-05-01,94191.0,96427.0,97341.0,94185.0,30207566405.468834,1914884389769.3945,0.02298397120739627,2214.4285714285716,95029.75,93114.0,1,94212.57142857143,0.0,94212.57142857143,0.0,0,0,1,94212.57142857143,0.0,False,False,0.02298397120739627,0,0.0,0.02298397120739627
2025-05-02,96465.0,96856.0,97822.0,96414.0,23276376191.483967,1923251765866.1472,0.004439094017305016,2267.8571428571427,95407.375,93377.25,1,94588.14285714286,0.0,94588.14285714286,0.0,0,0,1,94588.14285714286,0.0,False,False,0.004439094017305016,0,0.0,0.004439094017305016
2025-05-03,96901.0,95923.0,96933.0,95923.0,13797554863.642815,1904894886394.57,-0.009679553111880049,2262.0,95895.625,93952.75,1,93661.0,0.0,94588.14285714286,0.0,0,0,1,94588.14285714286,0.0,False,False,-0.009679553111880049,0,0.0,-0.009679553111880049
2025-05-04,95893.0,94327.0,96255.0,94264.0,14903122945.616686,1872812442453.0322,-0.01677831738146202,2315.285714285714,96066.75,94311.125,1,92011.71428571429,0.0,94588.14285714286,0.0,1,0,0,94588.14285714286,0.0,False,False,-0.01777831738146202,1,0.001,-0.01677831738146202
2025-05-05,94302.0,94759.0,95111.0,93704.0,24086456278.203846,1882511286487.958,0.004569357346865378,2188.1428571428573,96199.25,94340.0,1,92570.85714285714,0.0,94588.14285714286,0.0,1,0,0,94588.14285714286,0.0,False,False,0.0,0,0.0,0.0
2025-05-06,94756.0,96855.0,96855.0,93592.0,23348052607.071873,1923643840814.599,0.02187818848757755,1968.642857142857,96198.75,94332.25,1,94886.35714285714,0.0,94886.35714285714,0.0,0,0,1,94886.35714285714,0.0,False,False,-0.001,1,0.001,0.0
2025-05-07,96816.0,97026.0,97512.0,95967.0,64376174032.08048,1927134557858.269,0.0017639690773218345,1918.9285714285713,96369.25,94412.125,1,95107.07142857143,0.0,95107.07142857143,0.0,0,0,1,95107.07142857143,0.0,False,False,0.0017639690773218345,0,0.0,0.0017639690773218345
2025-05-08,97036.0,103076.0,103461.0,96965.0,50020047720.65604,2047883753852.6929,0.06048759639557976,2232.5,96627.75,94672.875,1,100843.5,0.0,100843.5,0.0,0,0,1,100843.5,0.0,False,False,0.06048759639557976,0,0.0,0.06048759639557976
2025-05-09,103156.0,102963.0,103890.0,102403.0,40800894903.23446,2045046445523.5242,-0.001096879826922304,2159.5714285714284,97661.25,95126.75,1,100803.42857142857,0.0,100843.5,0.0,0,0,1,100843.5,0.0,False,False,-0.001096879826922304,0,0.0,-0.001096879826922304
2025-05-10,102975.0,104631.0,104763.0,102888.0,21558992540.042442,2077132539531.3464,0.016070174443056393,2210.5,98479.875,96154.0,1,102420.5,0.0,102420.5,0.0,0,0,1,102420.5,0.0,False,False,0.016070174443056393,0,0.0,0.016070174443056393
2025-05-11,104710.0,103994.0,104841.0,103480.0,27389436049.454792,2065659960471.3655,-0.006106669666160364,2211.3571428571427,99347.5,96963.25,1,101782.64285714286,0.0,102420.5,0.0,0,0,1,102420.5,0.0,False,False,-0.006106669666160364,0,0.0,-0.006106669666160364
2025-05-12,104083.0,102877.0,105503.0,101109.0,43090605819.36596,2044347271866.1707,-0.010799105291897588,2343.9285714285716,100336.0,97907.875,1,100533.07142857143,0.0,102420.5,0.0,0,0,1,102420.5,0.0,False,False,-0.010799105291897588,0,0.0,-0.010799105291897588
2025-05-13,102823.0,104184.0,104836.0,101698.0,33861432519.50822,2069356072124.024,0.012624466787884552,2456.4285714285716,101492.0,98763.5,1,101727.57142857143,0.0,102420.5,0.0,0,0,1,102420.5,0.0,False,False,0.012624466787884552,0,0.0,0.012624466787884552
2025-05-14,104069.0,103594.0,104156.0,102964.0,28398245846.798244,2057798367292.5637,-0.005679153575076246,2410.785714285714,102707.625,99762.75,1,101183.21428571429,0.0,102420.5,0.0,0,0,1,102420.5,0.0,False,False,-0.005679153575076246,0,0.0,-0.005679153575076246
2025-05-15,103546.0,103709.0,104083.0,101769.0,31823340473.339912,2060142559914.034,0.001109487193110709,2350.6428571428573,103620.25,100934.25,1,101358.35714285714,0.0,102420.5,0.0,0,0,1,102420.5,0.0,False,False,0.001109487193110709,0,0.0,0.001109487193110709
2025-05-16,103749.0,103556.0,104291.0,103300.0,25887953182.14765,2057725640290.0767,-0.001476371097781236,2320.8571428571427,104441.625,101659.5,1,101235.14285714286,0.0,102420.5,0.0,0,0,1,102420.5,0.0,False,False,-0.001476371097781236,0,0.0,-0.001476371097781236
2025-05-17,103548.0,103212.0,103650.0,102771.0,18950056010.479057,2050318521477.805,-0.00332740382831268,2311.5,104545.375,102451.375,1,100900.5,0.0,102420.5,0.0,0,0,1,102420.5,0.0,False,False,-0.00332740382831268,0,0.0,-0.00332740382831268
2025-05-18,103195.0,106031.0,106031.0,103195.0,30744060179.802963,2104889720872.8306,0.02694637882891996,2371.8571428571427,104515.375,102497.375,1,103659.14285714286,0.0,103659.14285714286,0.0,0,0,1,103659.14285714286,0.0,False,False,0.02694637882891996,0,0.0,0.02694637882891996
2025-05-19,106140.0,105629.0,106518.0,102381.0,43339734153.75087,2098485415895.0496,-0.003798549403483201,2566.8571428571427,104673.875,102535.75,1,103062.14285714286,0.0,103659.14285714286,0.0,0,0,1,103659.14285714286,0.0,False,False,-0.003798549403483201,0,0.0,-0.003798549403483201
2025-05-20,105614.0,106787.0,107000.0,104386.0,36393687094.25122,2121778617273.821,0.010903241488046132,2520.5,104883.5,102398.375,1,104266.5,0.0,104266.5,0.0,0,0,1,104266.5,0.0,False,False,0.010903241488046132,0,0.0,0.010903241488046132
2025-05-21,106799.0,109666.0,109749.0,106185.0,60722883113.84,2178838967665.505,0.02660318678060354,2664.714285714286,105070.625,102808.0,1,107001.28571428571,0.0,107001.28571428571,0.0,0,0,1,107001.28571428571,0.0,False,False,0.02660318678060354,0,0.0,0.02660318678060354
2025-05-22,109700.0,111560.0,111814.0,109579.0,52218408239.45193,2214712145787.249,0.01712317970785906,2360.3571428571427,105684.75,103368.875,1,109199.64285714286,0.0,109199.64285714286,0.0,0,0,1,109199.64285714286,0.0,False,False,0.01712317970785906,0,0.0,0.01712317970785906
2025-05-23,111579.0,107217.0,111654.0,107217.0,49251745837.96465,2131595896624.4407,-0.03970774460584471,2571.0714285714284,106642.0,104195.75,1,104645.92857142857,0.0,109199.64285714286,0.0,1,0,0,109199.64285714286,0.0,False,False,-0.04070774460584471,1,0.001,-0.03970774460584471
2025-05-24,107156.0,107831.0,109401.0,107156.0,27128230116.517162,2142540077685.2197,0.005710368554532679,2597.5,107588.375,104876.75,1,105233.5,0.0,109199.64285714286,0.0,1,0,0,109199.64285714286,0.0,False,False,0.0,0,0.0,0.0
2025-05-25,107819.0,108862.0,108990.0,106802.0,29652659665.048733,2163072841533.6133,0.009515838350512222,2656.5714285714284,108227.125,105358.75,1,106205.42857142857,0.0,109199.64285714286,0.0,1,0,0,109199.64285714286,0.0,False,False,0.0,0,0.0,0.0
2025-05-26,108901.0,109378.0,110162.0,108901.0,27950577137.918888,2173059855839.4187,0.004728747814562293,2435.5714285714284,108894.625,105862.625,1,106942.42857142857,0.0,109199.64285714286,0.0,1,0,0,109199.64285714286,0.0,False,False,0.0,0,0.0,0.0
2025-05-27,109394.0,109068.0,110407.0,108292.0,38978783508.88622,2167551887130.0073,-0.0028382319484169865,2362.5,109411.0,106575.875,1,106705.5,0.0,109199.64285714286,0.0,1,0,0,109199.64285714286,0.0,False,False,-0.0,0,0.0,-0.0
2025-05-28,109010.0,107838.0,109104.0,107107.0,29794278037.284946,2143342706888.307,-0.011341439926681103,2418.0,109897.125,107314.75,1,105420.0,0.0,109199.64285714286,0.0,1,0,0,109199.64285714286,0.0,False,False,-0.0,0,0.0,-0.0
2025-05-29,107830.0,105745.0,108851.0,105745.0,38279231892.56757,2101348752694.3137,-0.01959956551323931,2474.5714285714284,110160.125,107654.875,-1,0.0,108219.57142857143,0.0,108219.57142857143,0,0,-1,0.0,108219.57142857143,False,True,-0.001,1,0.001,-0.0
2025-05-30,105720.0,104011.0,106224.0,103954.0,39680060337.610214,2066830946978.0637,-0.01653387270574202,2565.9285714285716,110047.875,107599.875,-1,0.0,106576.92857142857,0.0,106576.92857142857,0,0,-1,0.0,106576.92857142857,False,False,0.01653387270574202,0,0.0,0.01653387270574202
2025-05-31,104021.0,104688.0,104896.0,103296.0,20432694555.09522,2080467809295.7695,0.006487835348411691,2617.4285714285716,109349.125,106896.75,-1,0.0,107305.42857142857,0.0,106576.92857142857,0,0,-1,0.0,106576.92857142857,False,False,-0.006487835348411691,0,0.0,-0.006487835348411691
2025-06-01,104686.0,105710.0,105804.0,103939.0,17721500507.53389,2101178071590.9749,0.009714997653188805,2548.0714285714284,108504.375,106406.625,-1,0.0,108258.07142857143,0.0,106576.92857142857,0,0,-1,0.0,106576.92857142857,False,False,-0.009714997653188805,0,0.0,-0.009714997653188805
2025-06-02,105698.0,105885.0,105885.0,103977.0,26313843058.73954,2104229403094.936,0.0016541037349735474,2388.8571428571427,108054.75,106004.5,-1,0.0,108273.85714285714,0.0,106576.92857142857,0,0,-1,0.0,106576.92857142857,False,False,-0.0016541037349735474,0,0.0,-0.0016541037349735474
2025-06-03,105884.0,105434.0,106807.0,104982.0,25925661121.080395,2095294001281.4797,-0.004268434781071912,2332.5,107666.625,105651.375,-1,0.0,107766.5,0.0,106576.92857142857,0,0,-1,0.0,106576.92857142857,False,False,0.004268434781071912,0,0.0,0.004268434781071912
2025-06-04,105431.0,104813.0,105910.0,104648.0,25812143562.797962,2083148839111.2068,-0.005907354739049002,2168.0714285714284,107247.25,105161.5,-1,0.0,106981.07142857143,0.0,106576.92857142857,0,0,-1,0.0,106576.92857142857,False,False,0.005907354739049002,0,0.0,0.005907354739049002
2025-06-05,104803.0,101651.0,105888.0,100783.0,39711941132.0234,2020294099992.3677,-0.03063243229115039,2373.0714285714284,106685.125,104706.0,-1,0.0,104024.07142857143,0.0,104024.07142857143,0,0,-1,0.0,104024.07142857143,False,False,0.03063243229115039,0,0.0,0.03063243229115039
2025-06-06,101598.0,104410.0,105201.0,101379.0,29897390978.090103,2075175500201.4253,0.026780078597745095,2329.1428571428573,106283.125,103915.5,-1,0.0,106739.14285714286,0.0,104024.07142857143,0,1,0,0.0,104024.07142857143,False,False,-0.027780078597745096,1,0.001,-0.026780078597745095
2025-06-07,104365.0,105681.0,105891.0,104210.0,17749731308.73042,2100553336902.5076,0.01209966639566913,2288.8571428571427,105826.875,103369.75,-1,0.0,107969.85714285714,0.0,104024.07142857143,0,1,0,0.0,104024.07142857143,False,False,0.0,0,0.0,0.0
2025-06-08,105665.0,105692.0,106365.0,105112.0,16044679696.270103,2100654769399.4705,0.00010408141068103083,2222.0714285714284,105785.25,103401.75,-1,0.0,107914.07142857143,0.0,104024.07142857143,0,1,0,0.0,104024.07142857143,False,False,0.0,0,0.0,0.0
2025-06-09,105724.0,110262.0,110277.0,105426.0,38222993297.50514,2191877481230.9468,0.0423301478329734,2475.714285714286,105968.875,103628.75,1,107786.28571428571,0.0,107786.28571428571,0.0,0,0,1,107786.28571428571,0.0,True,False,-0.001,1,0.001,0.0
2025-06-10,110266.0,110213.0,110282.0,108633.0,36303839182.734825,2189350055406.3333,-0.00044449484800330384,2442.4285714285716,106528.0,103814.625,1,107770.57142857143,0.0,107786.28571428571,0.0,0,0,1,107786.28571428571,0.0,False,False,-0.00044449484800330384,0,0.0,-0.00044449484800330384
2025-06-11,110237.0,108680.0,110269.0,108244.0,30338936631.626648,2159529375273.4956,-0.014007072535191985,2444.4285714285716,107077.625,104396.625,1,106235.57142857143,0.0,107786.28571428571,0.0,0,0,1,107786.28571428571,0.0,False,False,-0.014007072535191985,0,0.0,-0.014007072535191985
2025-06-12,108687.0,105979.0,108748.0,105880.0,35865159511.38857,2107911943768.2988,-0.025166823280640835,2427.4285714285716,107510.375,104804.375,1,103551.57142857143,0.0,107786.28571428571,0.0,1,0,0,107786.28571428571,0.0,False,False,-0.026166823280640836,1,0.001,-0.025166823280640835
2025-06-13,105898.0,106046.0,106060.0,103081.0,49471015505.74361,2107973087547.7922,0.0006320009643213136,2478.0714285714284,107865.125,104958.375,1,103567.92857142857,0.0,107786.28571428571,0.0,1,0,0,107786.28571428571,0.0,False,False,0.0,0,0.0,0.0
2025-06-14,106069.0,105483.0,106069.0,104412.0,17916412455.866283,2097486541223.27,-0.005323159750496913,2482.1428571428573,107886.625,105245.625,1,103000.85714285714,0.0,107786.28571428571,0.0,1,0,0,107786.28571428571,0.0,False,False,-0.0,0,0.0,-0.0
2025-06-15,105459.0,105554.0,106032.0,104627.0,16568441852.649668,2098499110552.6216,0.0006728678163429704,2449.285714285714,107995.125,105624.75,-1,0.0,108003.28571428571,0.0,108003.28571428571,0,0,-1,0.0,108003.28571428571,False,True,-0.001,1,0.001,0.0
2025-06-16,105564.0,106951.0,108785.0,105110.0,32095957011.724205,2127895470544.7178,0.013148115340656533,2575.5,108012.75,105676.875,-1,0.0,109526.5,0.0,108003.28571428571,0,0,-1,0.0,108003.28571428571,False,False,-0.013148115340656533,0,0.0,-0.013148115340656533
2025-06-17,106842.0,104683.0,107644.0,103630.0,38603212010.889435,2080968120976.949,-0.02143404962745606,2731.8571428571427,108315.25,105676.625,-1,0.0,107414.85714285714,0.0,107414.85714285714,0,0,-1,0.0,107414.85714285714,False,False,0.02143404962745606,0,0.0,0.02143404962745606
2025-06-18,104583.0,104723.0,105532.0,103832.0,30339326410.154945,2081677732261.6853,0.000382032993195027,2763.1428571428573,107986.125,105452.125,-1,0.0,107486.14285714286,0.0,107414.85714285714,0,0,-1,0.0,107414.85714285714,False,False,-0.000382032993195027,0,0.0,-0.000382032993195027
2025-06-19,104820.0,104691.0,105183.0,104004.0,18063282658.152298,2081355279873.408,-0.0003056147177272014,2482.714285714286,107392.375,104852.0,-1,0.0,107173.71428571429,0.0,107173.71428571429,0,0,-1,0.0,107173.71428571429,False,False,0.0003056147177272014,0,0.0,0.0003056147177272014
2025-06-20,104683.0,103290.0,106450.0,102624.0,30632751225.407444,2054120245608.2085,-0.013472588277799563,2483.0,106756.625,104322.0,-1,0.0,105773.0,0.0,105773.0,0,0,-1,0.0,105773.0,False,False,0.013472588277799563,0,0.0,0.013472588277799563
2025-06-21,103292.0,101533.0,103982.0,101269.0,21644463198.719532,2017415966695.5278,-0.017156697225070027,2556.714285714286,106469.375,103915.0,-1,0.0,104089.71428571429,0.0,104089.71428571429,0,0,-1,0.0,104089.71428571429,False,False,0.017156697225070027,0,0.0,0.017156697225070027
2025-06-22,102092.0,100853.0,103018.0,98467.0,51287142390.02526,2005179769771.7349,-0.0067198576864575055,2792.285714285714,106209.625,103688.5,-1,0.0,103645.28571428571,0.0,103645.28571428571,0,0,-1,0.0,103645.28571428571,False,False,0.0067198576864575055,0,0.0,0.0067198576864575055
2025-06-23,100904.0,105512.0,105927.0,100177.0,50011797128.6837,2097741233586.5918,0.04516067941656903,2856.5,105828.25,102945.375,-1,0.0,108368.5,0.0,103645.28571428571,0,1,0,0.0,103645.28571428571,False,False,-0.04616067941656903,1,0.001,-0.04516067941656903
2025-06-24,105471.0,105976.0,106129.0,104848.0,31704641076.941063,2107110352429.8032,0.00438796285837685,2830.214285714286,105815.125,102389.125,1,103145.78571428571,0.0,103145.78571428571,0.0,0,0,1,103145.78571428571,0.0,True,False,-0.001,1,0.001,0.0
2025-06-25,106036.0,107239.0,108116.0,105985.0,30468274982.034847,2132141147369.0017,0.011847335063544623,2838.4285714285716,105483.125,102356.375,1,104400.57142857143,0.0,104400.57142857143,0.0,0,0,1,104400.57142857143,0.0,False,False,0.011847335063544623,0,0.0,0.011847335063544623
2025-06-26,107405.0,106984.0,108115.0,106929.0,24320699663.15122,2127292099754.93,-0.0023806978750096045,2718.285714285714,105542.125,102650.75,1,104265.71428571429,0.0,104400.57142857143,0.0,0,0,1,104400.57142857143,0.0,False,False,-0.0023806978750096045,0,0.0,-0.0023806978750096045
2025-06-27,106977.0,107079.0,107579.0,106556.0,25194306261.888832,2129020567385.9595,0.0008875892259463552,2578.5714285714284,105865.0,103037.875,1,104500.42857142857,0.0,104500.42857142857,0.0,0,0,1,104500.42857142857,0.0,False,False,0.0008875892259463552,0,0.0,0.0008875892259463552
2025-06-28,107085.0,107332.0,107530.0,106905.0,8960877693.57604,2134239999929.6584,0.002359954642450287,2504.8571428571427,106164.5,103356.875,1,104827.14285714286,0.0,104827.14285714286,0.0,0,0,1,104827.14285714286,0.0,False,False,0.002359954642450287,0,0.0,0.002359954642450287
2025-06-29,107333.0,108397.0,108449.0,107228.0,14881078675.366829,2155183166489.813,0.009873578906933451,2491.714285714286,106299.5,103892.0,1,105905.28571428571,0.0,105905.28571428571,0.0,0,0,1,105905.28571428571,0.0,False,False,0.009873578906933451,0,0.0,0.009873578906933451
2025-06-30,108387.0,107133.0,108771.0,106831.0,22489515582.41552,2130471589191.581,-0.011729360103042305,2367.785714285714,106857.875,104636.875,1,104765.21428571429,0.0,105905.28571428571,0.0,0,0,1,105905.28571428571,0.0,False,False,-0.011729360103042305,0,0.0,-0.011729360103042305
