date,hash_rate_mean
2010-01-01,7815815.003418332
2010-01-02,7308915.41841787
2010-01-03,10919021.023581924
2010-01-04,10627340.907594422
2010-01-05,11637593.369159777
2010-01-06,9594317.430953806
2010-01-07,9061630.277343605
2010-01-08,8988630.248063948
2010-01-09,8914633.92399623
2010-01-10,11164416.90826239
2010-01-11,9365082.322797298
2010-01-12,10335579.314789103
2010-01-13,10609046.540106151
2010-01-14,9510708.392985253
2010-01-15,8927896.204364289
2010-01-16,8116043.239284665
2010-01-17,8509556.164178608
2010-01-18,8131868.209563561
2010-01-19,8082009.065567882
2010-01-20,10160054.488057593
2010-01-21,11405795.927092567
2010-01-22,8573696.567028267
2010-01-23,10421128.15521194
2010-01-24,9993408.810942514
2010-01-25,13836500.469735516
2010-01-26,13069426.24471489
2010-01-27,10915691.255809974
2010-01-28,11823350.74584379
2010-01-29,13161759.098315556
2010-01-30,14084086.246746274
2010-01-31,11016414.301833438
2010-02-01,12356562.340542458
2010-02-02,9728229.48356918
2010-02-03,17845866.784285966
2010-02-04,15717504.239949504
2010-02-05,20284152.46704797
2010-02-06,17317570.34268962
2010-02-07,19807820.418931816
2010-02-08,17866251.86853196
2010-02-09,18676759.79568689
2010-02-10,15222481.82345984
2010-02-11,15267575.137945192
2010-02-12,16699412.191739157
2010-02-13,20965827.668206673
2010-02-14,18780754.354854383
2010-02-15,22072537.134462256
2010-02-16,24430814.832369108
2010-02-17,30170065.683916397
2010-02-18,26197090.651280414
2010-02-19,24039975.199339826
2010-02-20,26197394.568896256
2010-02-21,27887016.201675978
2010-02-22,32839320.24096506
2010-02-23,31232891.15818522
2010-02-24,27320357.152142987
2010-02-25,28983941.557122737
2010-02-26,32418637.828086145
2010-02-27,32646351.08086989
2010-02-28,29319921.204724252
2010-03-01,36220654.45231964
2010-03-02,35348991.56923237
2010-03-03,28546984.15220607
2010-03-04,34952042.01054899
2010-03-05,32429257.65412792
2010-03-06,32854662.734685652
2010-03-07,33738000.99550827
2010-03-08,27874068.694339287
2010-03-09,32792998.83522257
2010-03-10,36606025.78831784
2010-03-11,29779929.297506247
2010-03-12,27321868.97847428
2010-03-13,34459525.190433286
2010-03-14,28196281.515949283
2010-03-15,30557888.581885085
2010-03-16,28132292.04744116
2010-03-17,30705671.08022072
2010-03-18,31662777.87383611
2010-03-19,34267576.63257656
2010-03-20,43372329.37068065
2010-03-21,41381103.909182705
2010-03-22,40334348.638108045
2010-03-23,47159588.41741109
2010-03-24,38825739.30634226
2010-03-25,42280828.30696216
2010-03-26,44688186.54433446
2010-03-27,40723983.63314502
2010-03-28,41899150.10800245
2010-03-29,44483071.40215387
2010-03-30,48576357.55311157
2010-03-31,47658984.33161131
2010-04-01,43922196.59071896
2010-04-02,47193307.516771674
2010-04-03,48702531.28925739
2010-04-04,51480269.68951222
2010-04-05,46419527.05403502
2010-04-06,47991996.60944916
2010-04-07,58816155.44999737
2010-04-08,55144369.132044144
2010-04-09,56968144.23624065
2010-04-10,79412902.61972275
2010-04-11,66790435.187582515
2010-04-12,71587655.23496474
2010-04-13,73956786.36533633
2010-04-14,69932317.17244658
2010-04-15,83574609.48501536
2010-04-16,80829294.61551215
2010-04-17,83753153.11901942
2010-04-18,95128431.8340604
2010-04-19,90186105.98269407
2010-04-20,79454881.84390607
2010-04-21,87634266.16821559
2010-04-22,90686655.52480192
2010-04-23,85612950.25333086
2010-04-24,95569674.25201528
2010-04-25,90393773.42706612
2010-04-26,92951634.86313264
2010-04-27,102933604.26955572
2010-04-28,102313336.20420912
2010-04-29,83845293.29164407
2010-04-30,83178631.08549277
2010-05-01,103853114.72952974
2010-05-02,87631740.2934064
2010-05-03,91651689.53133476
2010-05-04,81580626.8341742
2010-05-05,87613355.71968007
2010-05-06,95067187.56728606
2010-05-07,84417744.48482159
2010-05-08,99582518.93083864
2010-05-09,90437022.532501
2010-05-10,83090197.48547712
2010-05-11,73443041.14022803
2010-05-12,76972448.71591476
2010-05-13,82565754.65171921
2010-05-14,78180906.57222371
2010-05-15,58385852.85441662
2010-05-16,75809759.52132964
2010-05-17,86517737.87459414
2010-05-18,108486748.28561024
2010-05-19,101074636.01492935
2010-05-20,118707130.19767223
2010-05-21,103947120.58658797
2010-05-22,114415627.05408104
2010-05-23,124173027.71479788
2010-05-24,111163463.53713705
2010-05-25,123830885.46690737
2010-05-26,130285616.90648106
2010-05-27,113260126.8033504
2010-05-28,130988042.27614956
2010-05-29,123757083.54397686
2010-05-30,123378865.20576908
2010-05-31,117151722.89581785
2010-06-01,114128339.53238387
2010-06-02,118627753.08247316
2010-06-03,125448243.16986704
2010-06-04,103238683.30683002
2010-06-05,121263830.82234327
2010-06-06,121556660.75844738
2010-06-07,128910053.34552877
2010-06-08,132601204.69330332
2010-06-09,138382911.02015048
2010-06-10,132571958.72843932
2010-06-11,141411417.0592032
2010-06-12,114333382.09273285
2010-06-13,149100725.16121164
2010-06-14,138457686.64167118
2010-06-15,158841517.02631035
2010-06-16,124134514.01914902
2010-06-17,125614590.47659694
2010-06-18,129002563.006929
2010-06-19,129688325.66163008
2010-06-20,159470587.86059844
2010-06-21,134531807.8547271
2010-06-22,133232536.53384736
2010-06-23,162002699.68747747
2010-06-24,153101353.8162508
2010-06-25,145418055.83863193
2010-06-26,154818463.1274952
2010-06-27,169485295.09468442
2010-06-28,146318746.73561978
2010-06-29,163394830.61987245
2010-06-30,177101855.7596383
2010-07-01,209025407.97335535
2010-07-02,156161052.57970542
2010-07-03,202808869.49701303
2010-07-04,160483160.4056053
2010-07-05,176200772.97239387
2010-07-06,192156216.28752756
2010-07-07,180249003.69984952
2010-07-08,176465559.14919582
2010-07-09,232055466.2861553
2010-07-10,231418718.80913928
2010-07-11,208907078.31834003
2010-07-12,768465086.8471167
2010-07-13,1188502295.185367
2010-07-14,1305818062.6030796
2010-07-15,1416410179.486301
2010-07-16,1473994335.4829788
2010-07-17,1579124708.8390243
2010-07-18,1575141448.948477
2010-07-19,1541688977.1718128
2010-07-20,1618330762.478494
2010-07-21,1871225500.66385
2010-07-22,1600755384.412833
2010-07-23,1735878210.963969
2010-07-24,1706294658.0114732
2010-07-25,2091282586.5849855
2010-07-26,2204476668.9819236
2010-07-27,1926330331.905272
2010-07-28,2009751045.0792725
2010-07-29,2099221743.3993504
2010-07-30,2213356608.5093646
2010-07-31,2464771605.7485313
2010-08-01,2926843966.5775633
2010-08-02,2918938007.781347
2010-08-03,2755152594.454673
2010-08-04,2948188460.3553166
2010-08-05,2802154225.9454255
2010-08-06,2572552514.838218
2010-08-07,2697077168.093655
2010-08-08,3490365330.7533765
2010-08-09,3321762563.4546466
2010-08-10,3361040188.1328435
2010-08-11,4056275915.344869
2010-08-12,3805856099.989821
2010-08-13,3758880033.1902514
2010-08-14,4927977716.283712
2010-08-15,4353769424.056587
2010-08-16,3734897321.88363
2010-08-17,3334491990.8763227
2010-08-18,3328938586.787789
2010-08-19,3460407104.2041097
2010-08-20,4913409362.635593
2010-08-21,4379091074.187525
2010-08-22,5378486889.612943
2010-08-23,5440592839.632856
2010-08-24,5455164231.8705635
2010-08-25,5513056677.382894
2010-08-26,5358621828.157627
2010-08-27,5297785833.555203
2010-08-28,5275962060.440756
2010-08-29,5039774006.241463
2010-08-30,4611876768.203005
2010-08-31,5682787087.376351
2010-09-01,4934045155.774583
2010-09-02,4776526124.614904
2010-09-03,5116678085.739948
2010-09-04,5563499822.923492
2010-09-05,5147877342.360313
2010-09-06,4943480539.084364
2010-09-07,4970797007.02458
2010-09-08,5576223417.305649
2010-09-09,4767535399.92765
2010-09-10,6262397770.882986
2010-09-11,5666817992.693306
2010-09-12,6277413249.947209
2010-09-13,6054240721.786016
2010-09-14,7192021561.062271
2010-09-15,6013680089.04556
2010-09-16,7736678922.524034
2010-09-17,7381036510.615612
2010-09-18,8429173304.5061
2010-09-19,9254216718.028145
2010-09-20,9264894845.404764
2010-09-21,7836540058.602313
2010-09-22,7961062976.412177
2010-09-23,10651121829.154236
2010-09-24,10459416135.166372
2010-09-25,9382279265.412945
2010-09-26,9356932919.39482
2010-09-27,10549240308.603596
2010-09-28,10091378089.95494
2010-09-29,10757782945.51134
2010-09-30,9574832759.986065
2010-10-01,10150727842.911276
2010-10-02,6594681935.2417965
2010-10-03,7899176411.397483
2010-10-04,10027862071.245377
2010-10-05,8362856105.478238
2010-10-06,11073568763.372158
2010-10-07,10537135993.90571
2010-10-08,10306053289.639029
2010-10-09,10157043754.519178
2010-10-10,11596617667.09001
2010-10-11,10447346902.411636
2010-10-12,10589556340.615335
2010-10-13,11955915785.381956
2010-10-14,14064265377.70756
2010-10-15,12123758270.28736
2010-10-16,17740080425.031006
2010-10-17,18419897337.174755
2010-10-18,17034559603.633509
2010-10-19,17647460205.473797
2010-10-20,17963769996.61745
2010-10-21,18039371107.90108
2010-10-22,16175990937.868263
2010-10-23,18750101251.104877
2010-10-24,21807705581.57418
2010-10-25,21686678140.212864
2010-10-26,25838064346.730865
2010-10-27,23053570071.107525
2010-10-28,23156098112.970097
2010-10-29,23690855149.340427
2010-10-30,27376340853.16284
2010-10-31,27678890025.68638
2010-11-01,27289547566.866467
2010-11-02,26761264092.468334
2010-11-03,29473524895.55768
2010-11-04,31067017509.14572
2010-11-05,33194998450.357693
2010-11-06,33412229197.126915
2010-11-07,37345575182.62443
2010-11-08,41941262807.29478
2010-11-09,39929324606.112274
2010-11-10,45395212156.55864
2010-11-11,49405251012.76388
2010-11-12,38676337105.65158
2010-11-13,49738629094.08453
2010-11-14,57641465676.41486
2010-11-15,45236802610.99168
2010-11-16,44291902700.92966
2010-11-17,55591237506.75618
2010-11-18,63008233442.011154
2010-11-19,51835654492.80193
2010-11-20,39156711465.744194
2010-11-21,47708582817.65781
2010-11-22,55755794749.97532
2010-11-23,47945688142.21982
2010-11-24,59953597099.462006
2010-11-25,62243505749.88914
2010-11-26,65689219463.65404
2010-11-27,61411273188.01573
2010-11-28,58955361508.895744
2010-11-29,71051339641.02888
2010-11-30,73296018058.44505
2010-12-01,74742407188.91054
2010-12-02,75207769807.17426
2010-12-03,76244279001.6942
2010-12-04,91596790915.11992
2010-12-05,95962836698.9647
2010-12-06,97578927202.17088
2010-12-07,95130550345.82162
2010-12-08,96194742638.2277
2010-12-09,92276673345.0499
2010-12-10,88792498994.08875
2010-12-11,106173348389.8639
2010-12-12,104047633015.97792
2010-12-13,86094304982.2881
2010-12-14,104513497354.55972
2010-12-15,119665049153.05682
2010-12-16,104309313350.7148
2010-12-17,101206587279.88065
2010-12-18,98518891369.34402
2010-12-19,111892996241.65494
2010-12-20,96586338821.41528
2010-12-21,124421919932.83194
2010-12-22,112843303138.83572
2010-12-23,104184633049.84409
2010-12-24,107422090591.42377
2010-12-25,120494755444.03172
2010-12-26,103631643682.99788
2010-12-27,119549601830.69304
2010-12-28,122005333779.22398
2010-12-29,118702997530.80585
2010-12-30,121677738239.29156
2010-12-31,116600046181.68936
2011-01-01,129896630953.0878
2011-01-02,126115887479.41452
2011-01-03,124177857111.8202
2011-01-04,113441127855.29068
2011-01-05,125703742167.35645
2011-01-06,113535028516.40346
2011-01-07,132813792943.86194
2011-01-08,137829012527.44882
2011-01-09,132095594577.20796
2011-01-10,136352705281.76402
2011-01-11,134824653208.06895
2011-01-12,135936465981.54507
2011-01-13,152227076003.84323
2011-01-14,146293516547.7863
2011-01-15,135159842493.6118
2011-01-16,157131940520.652
2011-01-17,165575669685.71255
2011-01-18,132159887257.39322
2011-01-19,152757758516.33752
2011-01-20,169534631910.81442
2011-01-21,159668353062.7481
2011-01-22,151057806505.80692
2011-01-23,155552592271.41623
2011-01-24,172365430692.47934
2011-01-25,142795177894.65735
2011-01-26,165490576584.00784
2011-01-27,164052021854.77582
2011-01-28,179079151661.52902
2011-01-29,170637038334.5412
2011-01-30,170163989256.0226
2011-01-31,187946183150.79175
2011-02-01,177786782681.28296
2011-02-02,173939011361.2732
2011-02-03,174037222552.57672
2011-02-04,212049677357.42297
2011-02-05,196064369322.74988
2011-02-06,195196666913.37003
2011-02-07,221275612385.15677
2011-02-08,211257423866.1352
2011-02-09,245033642227.85593
2011-02-10,241365395598.73383
2011-02-11,239613828454.06155
2011-02-12,254212038838.9048
2011-02-13,255352660789.31116
2011-02-14,254002560707.5066
2011-02-15,288842376562.5243
2011-02-16,299900788638.7376
2011-02-17,298742994877.99304
2011-02-18,357576169463.22266
2011-02-19,292522509605.94965
2011-02-20,359602147339.3454
2011-02-21,350209119268.402
2011-02-22,387231926979.2765
2011-02-23,435855304232.8675
2011-02-24,374207341531.978
2011-02-25,407330199664.5915
2011-02-26,500769926665.2691
2011-02-27,559916736386.0667
2011-02-28,417486848831.29535
2011-03-01,354985659131.80084
2011-03-02,462186636811.55054
2011-03-03,514010604635.4673
2011-03-04,614130809382.45
2011-03-05,770518920360.9153
2011-03-06,753170859164.9846
2011-03-07,580651674238.9158
2011-03-08,515884399566.01886
2011-03-09,492332147016.5187
2011-03-10,414825860979.4912
2011-03-11,494534375037.6553
2011-03-12,527972355327.4113
2011-03-13,451021222160.36273
2011-03-14,421358163903.0698
2011-03-15,422100615321.0791
2011-03-16,513331110255.06805
2011-03-17,533483460353.9661
2011-03-18,456625972340.3505
2011-03-19,436903884018.6106
2011-03-20,515719628402.6405
2011-03-21,576409497614.181
2011-03-22,439924674502.9783
2011-03-23,591252012775.9768
2011-03-24,579275293016.1472
2011-03-25,600153612515.5305
2011-03-26,470514914328.81256
2011-03-27,496761310319.0741
2011-03-28,568443771429.6206
2011-03-29,558239441521.5125
2011-03-30,535175415373.57623
2011-03-31,700215460085.5297
2011-04-01,598616464739.0052
2011-04-02,612777156240.93
2011-04-03,600649164096.9042
2011-04-04,612592551217.2687
2011-04-05,684578055052.3043
2011-04-06,602209339363.3209
2011-04-07,601872675615.7355
2011-04-08,684531479139.9733
2011-04-09,633107754292.6405
2011-04-10,707736429220.2799
2011-04-11,666210318663.8378
2011-04-12,670027676921.154
2011-04-13,798867565476.1469
2011-04-14,648232954342.3956
2011-04-15,558360087608.2087
2011-04-16,709245951905.1289
2011-04-17,736620259861.1991
2011-04-18,656570964644.2749
2011-04-19,701282471469.9258
2011-04-20,666402622366.2611
2011-04-21,672866935194.4427
2011-04-22,803596944889.2456
2011-04-23,791327454780.4713
2011-04-24,750000479113.2242
2011-04-25,891011109850.4352
2011-04-26,879165507436.463
2011-04-27,840940640810.8302
2011-04-28,751349144230.316
2011-04-29,924340491041.915
2011-04-30,998278595677.6056
2011-05-01,976458994698.2296
2011-05-02,1072142234575.938
2011-05-03,1068279800331.7906
2011-05-04,1074463748643.0702
2011-05-05,1193501061526.2358
2011-05-06,1192854113041.309
2011-05-07,1163076396662.8398
2011-05-08,1195977951221.701
2011-05-09,1360333361929.1526
2011-05-10,1422186839688.2798
2011-05-11,1496989148007.1538
2011-05-12,1319909576669.4795
2011-05-13,1617273130707.4568
2011-05-14,1893810846240.37
2011-05-15,1730841853355.318
2011-05-16,1944847547921.1711
2011-05-17,1986955397174.6265
2011-05-18,2337541630069.187
2011-05-19,2058154412956.6235
2011-05-20,2676337336403.253
2011-05-21,2666529482993.6235
2011-05-22,3058843870832.9336
2011-05-23,3471665605447.174
2011-05-24,3628754373298.488
2011-05-25,3729514298378.3574
2011-05-26,3964832436622.845
2011-05-27,3607008984571.648
2011-05-28,3360647234810.0986
2011-05-29,3930794854413.742
2011-05-30,3323879196200.799
2011-05-31,3208513550713.9204
2011-06-01,4069337645203.218
2011-06-02,4114583482489.421
2011-06-03,4349138373518.433
2011-06-04,4849584131400.537
2011-06-05,4488617237857.367
2011-06-06,5703201774476.409
2011-06-07,4777097604593.049
2011-06-08,5261966107612.793
2011-06-09,6216816727864.614
2011-06-10,6276780381867.719
2011-06-11,7162801173353.616
2011-06-12,6549851168846.773
2011-06-13,6381185473511.665
2011-06-14,6954236477027.216
2011-06-15,9260712560016.465
2011-06-16,7880970364189.424
2011-06-17,8078031729813.605
2011-06-18,8657387393503.62
2011-06-19,9642922332729.729
2011-06-20,10202565965719.99
2011-06-21,11068264011143.33
2011-06-22,11285756074856.297
2011-06-23,10483344258628.436
2011-06-24,11629122051471.633
2011-06-25,9837786461899.62
2011-06-26,10406837322427.691
2011-06-27,11391770359010.389
2011-06-28,10934925394623.531
2011-06-29,11756401192278.447
2011-06-30,13187920441672.027
2011-07-01,11783418483815.36
2011-07-02,11563890442521.834
2011-07-03,11347865465201.145
2011-07-04,11715952873486.947
2011-07-05,9486254391558.066
2011-07-06,10922508393511.668
2011-07-07,10289983975858.363
2011-07-08,12910363192168.877
2011-07-09,11380039646647.03
2011-07-10,10867971820018.535
2011-07-11,11949854281682.34
2011-07-12,10946372603539.58
2011-07-13,14887116279950.477
2011-07-14,11315761558152.73
2011-07-15,13012790681555.965
2011-07-16,11654394844806.771
2011-07-17,13208752331351.52
2011-07-18,13368274214630.271
2011-07-19,11065053631354.389
2011-07-20,12525772772957.191
2011-07-21,12836364605425.355
2011-07-22,12726756126930.64
2011-07-23,12289651323170.271
2011-07-24,13948106594380.615
2011-07-25,13869377287481.863
2011-07-26,14681340931179.838
2011-07-27,14635713903860.79
2011-07-28,13036202354784.89
2011-07-29,13865885683952.736
2011-07-30,12729197539300.738
2011-07-31,14656171142644.229
2011-08-01,15077376747459.64
2011-08-02,14501511077390.137
2011-08-03,14562233557721.9
2011-08-04,12143845586729.293
2011-08-05,13364542221764.3
2011-08-06,11243371879472.115
2011-08-07,11847132736096.994
2011-08-08,12727342556279.48
2011-08-09,13770244047589.207
2011-08-10,14240941070714.217
2011-08-11,12853844611217.48
2011-08-12,12250381028577.068
2011-08-13,12302226059439.842
2011-08-14,12388451484626.287
2011-08-15,12117655552875.604
2011-08-16,13109721804446.969
2011-08-17,12237500622380.912
2011-08-18,13063298040061.787
2011-08-19,11726232813404.09
2011-08-20,13546595699234.371
2011-08-21,14303461160419.443
2011-08-22,15233936961157.822
2011-08-23,13912607616180.104
2011-08-24,11989652261462.266
2011-08-25,12263912981042.473
2011-08-26,13260839440722.074
2011-08-27,10926288776638.66
2011-08-28,10341043500691.469
2011-08-29,12333607527721.252
2011-08-30,12936603220284.863
2011-08-31,13775081536363.928
2011-09-01,11295870782837.82
2011-09-02,13858307507045.91
2011-09-03,12804842217823.19
2011-09-04,11779897264681.664
2011-09-05,13892411809401.72
2011-09-06,13344420974986.164
2011-09-07,11959985296180.934
2011-09-08,11375974088999.031
2011-09-09,13649827871825.217
2011-09-10,11854956381608.312
2011-09-11,11068227658902.2
2011-09-12,11595730312311.81
2011-09-13,12512032224560.78
2011-09-14,13037773440900.486
2011-09-15,13252818286109.072
2011-09-16,10405936286528.305
2011-09-17,11655290568235.271
2011-09-18,13799160238840.363
2011-09-19,11141159142645.523
2011-09-20,12148578095108.412
2011-09-21,12730771686136.432
2011-09-22,13112318153263.271
2011-09-23,11450347676294.553
2011-09-24,11284311057411.432
2011-09-25,12006820239800.85
2011-09-26,11629664814269.283
2011-09-27,11561419429774.035
2011-09-28,12346516199237.973
2011-09-29,10522124281791.55
2011-09-30,10354161191350.738
2011-10-01,11918258946247.947
2011-10-02,10175853752955.793
2011-10-03,12377407062013.271
2011-10-04,9191933152490.686
2011-10-05,12178113472208.191
2011-10-06,10958752646445.06
2011-10-07,11368080232587.031
2011-10-08,9981626644206.531
2011-10-09,10749215791476.443
2011-10-10,10428540734420.68
2011-10-11,7702725392536.157
2011-10-12,10113676803892.035
2011-10-13,8113117235163.479
2011-10-14,10225826985569.646
2011-10-15,9816036803312.3
2011-10-16,8672495087510.989
2011-10-17,8722399524053.149
2011-10-18,8831312278675.434
2011-10-19,9502359265337.398
2011-10-20,8456826875402.626
2011-10-21,8776259634576.449
2011-10-22,7335083285462.3955
2011-10-23,7663496519038.829
2011-10-24,9256803762331.85
2011-10-25,9422511303963.56
2011-10-26,8612740856551.045
2011-10-27,7452227500443.431
2011-10-28,7456663000453.55
2011-10-29,8573505653547.921
2011-10-30,7780761226665.195
2011-10-31,8078005858758.998
2011-11-01,9097275976432.854
2011-11-02,9073910911843.951
2011-11-03,7515979968043.473
2011-11-04,8831087687212.975
2011-11-05,8645706343564.079
2011-11-06,8697767626909.352
2011-11-07,7845157576646.512
2011-11-08,8943546418678.752
2011-11-09,9592207664496.752
2011-11-10,8453343105322.951
2011-11-11,7157804557082.377
2011-11-12,8492511575697.1455
2011-11-13,8874373624961.46
2011-11-14,8248506857325.915
2011-11-15,9897717412756.81
2011-11-16,8014497502351.431
2011-11-17,8211228225385.128
2011-11-18,7915398335397.687
2011-11-19,7289761244334.123
2011-11-20,8363980194797.91
2011-11-21,7002667085199.833
2011-11-22,8356662632787.192
2011-11-23,7943621428542.068
2011-11-24,6718243103093.921
2011-11-25,7967123073080.513
2011-11-26,7086786666772.903
2011-11-27,6791097938279.07
2011-11-28,7627981099795.507
2011-11-29,8120228976861.329
2011-11-30,8393833610127.463
2011-12-01,9927286198359.83
2011-12-02,7917644369354.741
2011-12-03,8215730963520.229
2011-12-04,7349051721121.034
2011-12-05,8565236725784.013
2011-12-06,9327393988732.76
2011-12-07,7473246265042.873
2011-12-08,8847395788716.123
2011-12-09,7990189264176.189
2011-12-10,7845238727326.094
2011-12-11,8214783140381.841
2011-12-12,6961413133267.115
2011-12-13,7629767749167.192
2011-12-14,8734497181868.706
2011-12-15,6590461051882.666
2011-12-16,6848157705428.414
2011-12-17,8279585874826.438
2011-12-18,8465517204242.765
2011-12-19,8929971440070.96
2011-12-20,7677208742320.225
2011-12-21,8560324832422.601
2011-12-22,8694179575123.458
2011-12-23,7994563531067.637
2011-12-24,8368703273262.742
2011-12-25,9907468870932.92
2011-12-26,10241994348887.855
2011-12-27,8313801585436.96
2011-12-28,8922183145780.795
2011-12-29,7989779740859.476
2011-12-30,8154273694734.748
2011-12-31,8710653509025.06
2012-01-01,8808992074304.295
2012-01-02,8764236921614.221
2012-01-03,9179585608497.623
2012-01-04,8531365267336.613
2012-01-05,8492790335938.013
2012-01-06,9839999224000.02
2012-01-07,10739155583595.717
2012-01-08,9466748376915.076
2012-01-09,10292680974428.22
2012-01-10,8660692738707.737
2012-01-11,9533486000565.389
2012-01-12,9672916854329.662
2012-01-13,8722439510994.721
2012-01-14,9284844765406.098
2012-01-15,8621639321668.833
2012-01-16,10912072284647.82
2012-01-17,9786597212693.623
2012-01-18,7916226372384.101
2012-01-19,9332266347912.836
2012-01-20,8992758085888.797
2012-01-21,10222219968743.793
2012-01-22,8794409160453.68
2012-01-23,11250375180495.674
2012-01-24,8981161710583.666
2012-01-25,9676102387936.447
2012-01-26,8831312163304.781
2012-01-27,9142886967747.371
2012-01-28,9576838292835.062
2012-01-29,10673668498615.236
2012-01-30,11185308305358.871
2012-01-31,9755984820303.217
2012-02-01,9145949027131.41
2012-02-02,10371007269707.812
2012-02-03,10270595283301.822
2012-02-04,10493339281684.336
2012-02-05,9781529953544.986
2012-02-06,10082500229469.012
2012-02-07,9288212566294.078
2012-02-08,9981452039476.686
2012-02-09,9877490533627.86
2012-02-10,9496279260691.027
2012-02-11,10280495670907.62
2012-02-12,10814279342144.469
2012-02-13,9549566122489.018
2012-02-14,9318055621068.455
2012-02-15,9433780588969.23
2012-02-16,9350232772718.592
2012-02-17,10309180537024.305
2012-02-18,11746836330486.984
2012-02-19,10800034347894.91
2012-02-20,9536457578418.38
2012-02-21,8796896123435.5
2012-02-22,10894593063257.666
2012-02-23,11353173159517.729
2012-02-24,10192503573159.28
2012-02-25,11447022861887.623
2012-02-26,10107449239069.762
2012-02-27,10610416427732.688
2012-02-28,10885010954173.965
2012-02-29,12238312338556.2
2012-03-01,10343559896717.938
2012-03-02,9675969456683.578
2012-03-03,8489391036030.121
2012-03-04,10087008758843.14
2012-03-05,10879228708585.217
2012-03-06,10114227432364.797
2012-03-07,11476546075929.47
2012-03-08,11600179969903.172
2012-03-09,12487591045100.129
2012-03-10,12337914354923.352
2012-03-11,9945278492558.814
2012-03-12,12407206319338.973
2012-03-13,11815221121107.836
2012-03-14,10256971632185.787
2012-03-15,9004031933543.996
2012-03-16,11457029028161.354
2012-03-17,12521275268954.318
2012-03-18,12116883353643.33
2012-03-19,10720835512263.79
2012-03-20,11738645180733.41
2012-03-21,11681005888082.137
2012-03-22,11782392698406.988
2012-03-23,9443800068692.9
2012-03-24,13659394399633.314
2012-03-25,11640397779944.305
2012-03-26,11451885287147.9
2012-03-27,11380434922403.973
2012-03-28,11187501225202.637
2012-03-29,11203634159655.686
2012-03-30,12420118414188.523
2012-03-31,13724304681113.416
2012-04-01,11516800746092.123
2012-04-02,9370558907393.76
2012-04-03,10915487400263.94
2012-04-04,10934946347076.574
2012-04-05,9585567009239.154
2012-04-06,10819034868196.076
2012-04-07,10665134817783.115
2012-04-08,11927190479243.932
2012-04-09,11845755956185.064
2012-04-10,11784009995787.637
2012-04-11,11508916612818.244
2012-04-12,10080447686201.018
2012-04-13,10046541947627.691
2012-04-14,10605650261747.62
2012-04-15,8302685963981.533
2012-04-16,11752988907147.73
2012-04-17,10592017785768.8
2012-04-18,10338441247117.482
2012-04-19,12137558237926.674
2012-04-20,12075895792960.812
2012-04-21,12078690945101.398
2012-04-22,11013257740752.72
2012-04-23,10661508847989.28
2012-04-24,10788551826458.668
2012-04-25,9908477916584.094
2012-04-26,12139141338887.951
2012-04-27,10253793269330.914
2012-04-28,11571887276125.797
2012-04-29,13239451742200.377
2012-04-30,13427524764344.275
2012-05-01,12743840451899.115
2012-05-02,11237934134491.346
2012-05-03,11889398069418.246
2012-05-04,12016060266517.94
2012-05-05,12537806702724.686
2012-05-06,12233761636117.172
2012-05-07,12924019826571.027
2012-05-08,13022615814070.09
2012-05-09,13285974965247.725
2012-05-10,11460615550801.72
2012-05-11,11960696081459.775
2012-05-12,11134961288885.568
2012-05-13,11916639900319.477
2012-05-14,11971419167369.854
2012-05-15,11335571172773.38
2012-05-16,10313651273139.83
2012-05-17,9983491020678.805
2012-05-18,12535742296361.896
2012-05-19,12893085609160.756
2012-05-20,11905404096840.99
2012-05-21,10789871829127.162
2012-05-22,9994256126289.252
2012-05-23,11094629367622.092
2012-05-24,10591349555240.26
2012-05-25,9629741761824.863
2012-05-26,11152690782225.133
2012-05-27,12536572901031.057
2012-05-28,11323437728480.264
2012-05-29,9960270232095.346
2012-05-30,10264094791004.504
2012-05-31,11007293459782.08
2012-06-01,11911942440234.758
2012-06-02,12805874705835.955
2012-06-03,12198043304158.59
2012-06-04,12112043471497.023
2012-06-05,11542605271954.611
2012-06-06,12148295866759.426
2012-06-07,10951984667676.44
2012-06-08,11089540206253.363
2012-06-09,13491305916662.44
2012-06-10,13036921669129.867
2012-06-11,11040261533566.645
2012-06-12,12331036400145.271
2012-06-13,11829812011024.885
2012-06-14,12441825823682.48
2012-06-15,12271731711164.086
2012-06-16,12277088740288.84
2012-06-17,12953759811329.066
2012-06-18,13662789500328.916
2012-06-19,11794999888404.885
2012-06-20,11820842053392.54
2012-06-21,11379441464469.137
2012-06-22,11810648766731.85
2012-06-23,14056933892007.63
2012-06-24,11248557157739.318
2012-06-25,13428590855576.064
2012-06-26,12818800266945.684
2012-06-27,13810158762580.166
2012-06-28,11809980192926.832
2012-06-29,12490711002688.965
2012-06-30,11300794195266.896
2012-07-01,12324095135548.385
2012-07-02,12876419453804.61
2012-07-03,13712496879279.28
2012-07-04,12976423881680.664
2012-07-05,12537399916198.486
2012-07-06,13658898273352.465
2012-07-07,14563410053804.0
2012-07-08,13037748363752.98
2012-07-09,14211378208208.3
2012-07-10,13043034902588.852
2012-07-11,11736568861774.428
2012-07-12,13027373924353.336
2012-07-13,14232823120188.18
2012-07-14,14120965311888.889
2012-07-15,12256236025471.3
2012-07-16,12903869819059.783
2012-07-17,15222952738891.78
2012-07-18,14450964067943.336
2012-07-19,12616257440673.59
2012-07-20,13641740697575.814
2012-07-21,13010885519107.451
2012-07-22,14648077650658.072
2012-07-23,13061253535296.104
2012-07-24,14757025570125.938
2012-07-25,14839457811459.06
2012-07-26,15907927961403.88
2012-07-27,16374009682379.35
2012-07-28,14041739688229.46
2012-07-29,15471118199553.217
2012-07-30,17016966166002.371
2012-07-31,13207970584620.236
2012-08-01,13599995200012.002
2012-08-02,16724723271146.55
2012-08-03,16278785843020.035
2012-08-04,15891463515882.822
2012-08-05,14057385570170.145
2012-08-06,14204994671397.406
2012-08-07,16581666487794.504
2012-08-08,16750773810321.305
2012-08-09,17295464900789.816
2012-08-10,15791056888873.092
2012-08-11,16916293908724.428
2012-08-12,16687070271190.2
2012-08-13,17603232086262.53
2012-08-14,17087565207356.822
2012-08-15,18063539031224.6
2012-08-16,16904371574638.178
2012-08-17,14887396604472.746
2012-08-18,16676028724216.871
2012-08-19,19536893151281.33
2012-08-20,19157402425822.625
2012-08-21,18566758678232.824
2012-08-22,17035870759646.85
2012-08-23,17927993800366.375
2012-08-24,16114919847992.234
2012-08-25,16642791987743.166
2012-08-26,21834942535540.71
2012-08-27,17786458830270.5
2012-08-28,18144094395414.44
2012-08-29,20292411848865.51
2012-08-30,18762662398021.22
2012-08-31,16871655667313.78
2012-09-01,19620071480927.793
2012-09-02,19835086120850.48
2012-09-03,19123501178665.043
2012-09-04,18486127702609.805
2012-09-05,21940074791012.617
2012-09-06,21292823897500.62
2012-09-07,22289902982478.9
2012-09-08,19546717367367.73
2012-09-09,21206930116950.508
2012-09-10,19954783712773.68
2012-09-11,19430812527628.86
2012-09-12,20853465153116.33
2012-09-13,17450841917162.76
2012-09-14,21526664354435.723
2012-09-15,19288764912352.613
2012-09-16,21733981661565.227
2012-09-17,22497829256770.344
2012-09-18,22177569049124.164
2012-09-19,18962479721154.367
2012-09-20,21699097730694.42
2012-09-21,24048107881656.09
2012-09-22,22461889703832.47
2012-09-23,22574765558929.13
2012-09-24,21631986774086.11
2012-09-25,20399828009107.457
2012-09-26,19295649151373.902
2012-09-27,22902053236241.72
2012-09-28,22640770569707.62
2012-09-29,23902493476238.887
2012-09-30,22702877208446.793
2012-10-01,18685799856191.4
2012-10-02,20740979681503.566
2012-10-03,20212193842200.59
2012-10-04,19815973173150.703
2012-10-05,20468460874959.863
2012-10-06,23640433231081.406
2012-10-07,18895284836137.613
2012-10-08,27265966615538.3
2012-10-09,21370736651045.215
2012-10-10,22738272352287.51
2012-10-11,21097154357521.168
2012-10-12,22334806555147.297
2012-10-13,22459743543196.812
2012-10-14,19712271125378.65
2012-10-15,25116392499974.785
2012-10-16,23690949360142.25
2012-10-17,21937948220136.867
2012-10-18,23684655925524.39
2012-10-19,20792868624083.68
2012-10-20,23981581184734.027
2012-10-21,24415930437788.98
2012-10-22,24014661911782.098
2012-10-23,19795490001228.977
2012-10-24,25014620927656.188
2012-10-25,21687196059444.52
2012-10-26,25494561242844.6
2012-10-27,26457867738154.25
2012-10-28,25532177196731.523
2012-10-29,24477462843611.31
2012-10-30,23424411490400.32
2012-10-31,23136835672371.67
2012-11-01,22449376646588.93
2012-11-02,23676131942389.613
2012-11-03,23876460392298.164
2012-11-04,25925117106425.684
2012-11-05,26040853940475.57
2012-11-06,22187743705341.875
2012-11-07,25810697867745.453
2012-11-08,25383953808924.35
2012-11-09,24845946369254.14
2012-11-10,23670216014547.02
2012-11-11,24154393122768.535
2012-11-12,21877005212235.188
2012-11-13,23340180643414.07
2012-11-14,23963476118984.75
2012-11-15,22830366384896.902
2012-11-16,24198853258845.4
2012-11-17,23570214771933.64
2012-11-18,24405997708696.848
2012-11-19,24655199851331.66
2012-11-20,24652655280535.76
2012-11-21,25233480125947.94
2012-11-22,24011746413342.062
2012-11-23,27503911292599.605
2012-11-24,25043333896844.227
2012-11-25,24648340497748.586
2012-11-26,26544147926677.207
2012-11-27,25284370188365.297
2012-11-28,29469755362942.266
2012-11-29,28193832456971.44
2012-11-30,21711395052984.715
2012-12-01,28305412470145.434
2012-12-02,24190100180340.797
2012-12-03,25178766605018.105
2012-12-04,19138766804661.883
2012-12-05,20825900156860.457
2012-12-06,23428702852205.29
2012-12-07,22114373543917.3
2012-12-08,23507989267713.188
2012-12-09,21711214709374.023
2012-12-10,24126676715605.58
2012-12-11,24314942930382.1
2012-12-12,22240003300218.137
2012-12-13,21328880913365.46
2012-12-14,17809994017459.215
2012-12-15,19429289408688.25
2012-12-16,18807270135215.668
2012-12-17,22159303123114.63
2012-12-18,20999670108101.03
2012-12-19,23692015843804.805
2012-12-20,17935532334320.445
2012-12-21,21056472208293.688
2012-12-22,25600790147032.383
2012-12-23,20986477246163.52
2012-12-24,21564465316641.68
2012-12-25,20804870126745.867
2012-12-26,24575416015631.77
2012-12-27,23249920510781.137
2012-12-28,24706615049550.07
2012-12-29,21302934161962.03
2012-12-30,24612460958793.883
2012-12-31,23412484462816.348
2013-01-01,24006317455321.02
2013-01-02,22656891911919.742
2013-01-03,24080208786126.062
2013-01-04,22671058044000.008
2013-01-05,20710449081726.08
2013-01-06,21754150814049.258
2013-01-07,24677695948024.62
2013-01-08,20673740881615.266
2013-01-09,20918811480773.203
2013-01-10,23870668907236.156
2013-01-11,18848661904980.09
2013-01-12,19799513028635.08
2013-01-13,21527141097435.78
2013-01-14,25222484525584.6
2013-01-15,19501614534671.996
2013-01-16,21347012238061.43
2013-01-17,17843137421229.707
2013-01-18,19550832529630.883
2013-01-19,25402527042392.29
2013-01-20,20427518520303.785
2013-01-21,21331885336979.824
2013-01-22,23250686885119.258
2013-01-23,20063931898609.484
2013-01-24,22917227773488.434
2013-01-25,20194197144370.203
2013-01-26,23341317098624.74
2013-01-27,22176824623936.38
2013-01-28,21490593285603.836
2013-01-29,23388616828407.9
2013-01-30,22493616083781.85
2013-01-31,28462578982012.21
2013-02-01,21804087352656.88
2013-02-02,22525041542407.83
2013-02-03,27393188692747.824
2013-02-04,24314617461148.715
2013-02-05,25885225134442.516
2013-02-06,23752818154777.93
2013-02-07,25356671873710.723
2013-02-08,24425319133659.05
2013-02-09,23118768732848.56
2013-02-10,26242340171238.04
2013-02-11,25910644417597.668
2013-02-12,22755828395850.938
2013-02-13,27795330575223.43
2013-02-14,24481335988456.152
2013-02-15,29209771219724.87
2013-02-16,30789102326823.957
2013-02-17,30800248009864.227
2013-02-18,28885593192193.977
2013-02-19,28794363171208.062
2013-02-20,35137095172184.51
2013-02-21,31962334499185.44
2013-02-22,30712295717577.684
2013-02-23,29814505546135.332
2013-02-24,28366716753772.26
2013-02-25,37596302710588.92
2013-02-26,29539405379985.867
2013-02-27,35034592996047.82
2013-02-28,30613381046691.863
2013-03-01,28848227591460.816
2013-03-02,32166774240017.406
2013-03-03,34093095425412.047
2013-03-04,38774413874780.51
2013-03-05,30249454272974.215
2013-03-06,33608207459235.742
2013-03-07,34696353395631.504
2013-03-08,34989176931621.49
2013-03-09,36513803075568.766
2013-03-10,39686247933852.29
2013-03-11,35983451311241.78
2013-03-12,29134276847978.426
2013-03-13,33959044384663.848
2013-03-14,41743361882112.49
2013-03-15,41227735818598.734
2013-03-16,42130650493358.6
2013-03-17,50475954598242.5
2013-03-18,45662649756180.32
2013-03-19,41119957906453.31
2013-03-20,50862809034423.484
2013-03-21,53106648692312.99
2013-03-22,54640682217000.766
2013-03-23,51999096042045.89
2013-03-24,53219856992270.43
2013-03-25,47776865018765.24
2013-03-26,50156638335169.84
2013-03-27,43842016668820.08
2013-03-28,60745166006798.64
2013-03-29,57897368366732.71
2013-03-30,57986636188027.06
2013-03-31,55815813708673.414
2013-04-01,66983745893124.58
2013-04-02,59388260285735.16
2013-04-03,58044081749650.29
2013-04-04,51375055450739.695
2013-04-05,54580473877839.06
2013-04-06,62566521224474.02
2013-04-07,61943892104018.93
2013-04-08,59590860561764.77
2013-04-09,67207364077304.67
2013-04-10,73680590787546.12
2013-04-11,59863595952481.16
2013-04-12,66421204443893.445
2013-04-13,63800934154782.59
2013-04-14,58466586375872.97
2013-04-15,62061968536117.07
2013-04-16,67505528571316.2
2013-04-17,68207302224472.42
2013-04-18,66770525579429.92
2013-04-19,59751178835131.76
2013-04-20,68826726978876.35
2013-04-21,78405471306577.45
2013-04-22,68988548547655.234
2013-04-23,75620321207029.77
2013-04-24,70906609865183.2
2013-04-25,77145129069358.12
2013-04-26,75814401796069.14
2013-04-27,66408190945010.85
2013-04-28,79107877880315.17
2013-04-29,78239729031854.45
2013-04-30,71311861623915.05
2013-05-01,75628178042303.25
2013-05-02,67548393578401.5
2013-05-03,68661823606186.74
2013-05-04,80988049829133.56
2013-05-05,81513692448438.98
2013-05-06,82752088767564.61
2013-05-07,84823885608719.2
2013-05-08,82527361554540.33
2013-05-09,81565288423611.23
2013-05-10,86026533892642.34
2013-05-11,91670089251350.84
2013-05-12,85789337292118.94
2013-05-13,96257132006481.14
2013-05-14,85519987043888.38
2013-05-15,78328831176109.03
2013-05-16,82380365716903.38
2013-05-17,89758933613560.73
2013-05-18,82864034287171.14
2013-05-19,86549612249204.4
2013-05-20,71859450192142.9
2013-05-21,84289469244977.95
2013-05-22,86696768012703.78
2013-05-23,96219466653871.88
2013-05-24,94348181450643.6
2013-05-25,93810778979529.48
2013-05-26,98472928602185.48
2013-05-27,106925558092885.95
2013-05-28,95303380259228.12
2013-05-29,100990970934508.64
2013-05-30,109393674697555.44
2013-05-31,104774198772201.16
2013-06-01,128395520953301.31
2013-06-02,120175652041207.62
2013-06-03,129235760847022.2
2013-06-04,128166108444249.1
2013-06-05,122689793089293.4
2013-06-06,140080231417489.06
2013-06-07,124890166100589.14
2013-06-08,140102879536114.06
2013-06-09,125309637583453.48
2013-06-10,132692410689547.88
2013-06-11,139607752550534.94
2013-06-12,158206265431448.94
2013-06-13,143991416630967.9
2013-06-14,139493146641909.8
2013-06-15,134248468687154.02
2013-06-16,146311891516031.38
2013-06-17,139555454824636.16
2013-06-18,134222185131430.64
2013-06-19,131043716877562.95
2013-06-20,147640995378004.47
2013-06-21,162535571363921.4
2013-06-22,169635182974175.5
2013-06-23,157735271081424.28
2013-06-24,143801185006344.94
2013-06-25,151106622680865.0
2013-06-26,167524780168894.88
2013-06-27,160235508063826.22
2013-06-28,162967753618544.03
2013-06-29,168191965539937.38
2013-06-30,162937088783614.6
2013-07-01,165803719123773.75
2013-07-02,164046671598274.12
2013-07-03,193146864151296.97
2013-07-04,175902498179307.2
2013-07-05,196563540395287.56
2013-07-06,198157376449486.3
2013-07-07,199038030031709.97
2013-07-08,201685487681856.88
2013-07-09,196142383307471.03
2013-07-10,208583648952583.38
2013-07-11,224326306801325.1
2013-07-12,205001351635370.1
2013-07-13,199341082946795.75
2013-07-14,223190627895787.75
2013-07-15,213450542645663.75
2013-07-16,212708958641873.8
2013-07-17,241221751173976.7
2013-07-18,208382593051880.62
2013-07-19,224011645520800.44
2013-07-20,240706868009063.03
2013-07-21,257993981929578.88
2013-07-22,224349788186059.38
2013-07-23,218922499512345.72
2013-07-24,247084376848924.1
2013-07-25,226267005891278.2
2013-07-26,258460707048650.03
2013-07-27,277849515208259.4
2013-07-28,263206059757315.2
2013-07-29,273911933625241.47
2013-07-30,308654847431613.94
2013-07-31,297288413368961.8
2013-08-01,271167086608937.12
2013-08-02,300989581797839.6
2013-08-03,289312067006817.25
2013-08-04,334748441646301.56
2013-08-05,346244610144669.1
2013-08-06,353590285475857.7
2013-08-07,347511390608813.8
2013-08-08,378749109253187.5
2013-08-09,365512815059654.8
2013-08-10,389276629299594.3
2013-08-11,399485845216696.4
2013-08-12,406360219466972.6
2013-08-13,360320467590479.25
2013-08-14,423608044990655.06
2013-08-15,427509957096455.0
2013-08-16,426228016623084.56
2013-08-17,485526311281088.5
2013-08-18,483170624216951.5
2013-08-19,450050540953900.1
2013-08-20,478367519146874.8
2013-08-21,497150424521825.75
2013-08-22,540802285564582.8
2013-08-23,495486057621312.25
2013-08-24,512053384084119.1
2013-08-25,493982392270836.7
2013-08-26,545238943848962.9
2013-08-27,547370041066069.3
2013-08-28,581394384937919.8
2013-08-29,622507332472375.9
2013-08-30,670195804539554.6
2013-08-31,729109792004591.1
2013-09-01,716432518615649.1
2013-09-02,715352015703580.4
2013-09-03,624972968682831.4
2013-09-04,664018889049210.9
2013-09-05,772719208947719.5
2013-09-06,802862516765565.2
2013-09-07,629497440806598.2
2013-09-08,673829432937169.6
2013-09-09,877115016765605.0
2013-09-10,826748784933103.4
2013-09-11,863393382517902.8
2013-09-12,928076853632563.2
2013-09-13,873280420163180.6
2013-09-14,948729914293452.0
2013-09-15,1010318292842778.0
2013-09-16,861825491967253.6
2013-09-17,1000863814274048.8
2013-09-18,924710988408206.4
2013-09-19,1060310413839113.4
2013-09-20,1120057267832651.8
2013-09-21,1061119908998190.0
2013-09-22,1142466166660090.2
2013-09-23,1170194055463197.0
2013-09-24,1185819220427325.0
2013-09-25,1303142901482589.0
2013-09-26,1178763505129851.0
2013-09-27,1313213755323910.8
2013-09-28,1316901913930065.0
2013-09-29,1250296424345100.0
2013-09-30,1204050620916701.8
2013-10-01,1382452520681659.8
2013-10-02,1416381340367948.5
2013-10-03,1469177897336128.8
2013-10-04,1332784015017344.2
2013-10-05,1617656099054314.8
2013-10-06,1500665087907627.0
2013-10-07,1462472836510226.2
2013-10-08,1531508350866997.2
2013-10-09,1670954215570658.2
2013-10-10,1814804447008970.0
2013-10-11,1747583121665014.2
2013-10-12,2001780597375701.5
2013-10-13,2073941144018531.2
2013-10-14,2347306590732870.5
2013-10-15,2452529026340105.5
2013-10-16,2298726191608634.5
2013-10-17,2246680773423309.5
2013-10-18,2543169991172858.5
2013-10-19,3005121554244229.5
2013-10-20,2608992283123533.5
2013-10-21,2801000423632904.0
2013-10-22,3262893555370885.0
2013-10-23,2955105217712121.0
2013-10-24,2848312709261808.0
2013-10-25,3128047712082587.5
2013-10-26,3373566671633593.5
2013-10-27,3482367395593779.5
2013-10-28,3407115174453140.0
2013-10-29,3128972795174316.5
2013-10-30,3748985375565350.5
2013-10-31,4103629726309794.5
2013-11-01,4051713933034000.0
2013-11-02,3943576162853385.5
2013-11-03,3704287873077753.0
2013-11-04,3795135558927669.0
2013-11-05,3579685675953535.0
2013-11-06,4149409208488275.0
2013-11-07,3596274163608865.5
2013-11-08,3416283117487873.0
2013-11-09,3738806026170381.5
2013-11-10,4334807362266716.0
2013-11-11,4773933297276716.0
2013-11-12,5096359587534979.0
2013-11-13,4272181780610250.0
2013-11-14,4668178463306937.0
2013-11-15,4189474428353245.0
2013-11-16,4929068809117213.0
2013-11-17,5114743057910004.0
2013-11-18,4779243673771799.0
2013-11-19,4812677902426900.0
2013-11-20,4924737488972764.0
2013-11-21,4548475293243573.0
2013-11-22,5205394544799922.0
2013-11-23,5184063630761354.0
2013-11-24,5058722408224844.0
2013-11-25,5247123810636601.0
2013-11-26,4871380253487534.0
2013-11-27,5196428125676864.0
2013-11-28,5496261007428854.0
2013-11-29,5472748611982682.0
2013-11-30,6211417237329455.0
2013-12-01,6805793013051877.0
2013-12-02,5588978840523443.0
2013-12-03,7042383331306794.0
2013-12-04,6091481168552282.0
2013-12-05,5936353265290171.0
2013-12-06,7293564135517025.0
2013-12-07,6821969796561871.0
2013-12-08,6868154491752077.0
2013-12-09,6210757355487539.0
2013-12-10,7472703413157111.0
2013-12-11,7365140511332443.0
2013-12-12,7379721383482213.0
2013-12-13,7856276748852983.0
2013-12-14,8888003489565406.0
2013-12-15,7995746937930498.0
2013-12-16,9106276482523442.0
2013-12-17,9194537194339844.0
2013-12-18,8920569822759938.0
2013-12-19,1.0217895676510038e+16
2013-12-20,8041013756605354.0
2013-12-21,8612230026830618.0
2013-12-22,9803651656790908.0
2013-12-23,1.0082965564943372e+16
2013-12-24,1.0025526368259938e+16
2013-12-25,9366302959679104.0
2013-12-26,1.063095054018245e+16
2013-12-27,1.0867700078029122e+16
2013-12-28,8804684412597725.0
2013-12-29,9728173584696322.0
2013-12-30,1.015297353710475e+16
2013-12-31,1.0906819022750534e+16
2014-01-01,1.1920087965536462e+16
2014-01-02,9370669787194746.0
2014-01-03,1.135471063651408e+16
2014-01-04,9937975191141430.0
2014-01-05,1.3646618255252096e+16
2014-01-06,1.3296414198941252e+16
2014-01-07,1.2428456766249038e+16
2014-01-08,1.353181409444986e+16
2014-01-09,1.4538828915345174e+16
2014-01-10,1.3398557373286832e+16
2014-01-11,1.473781306939141e+16
2014-01-12,1.4389855645842098e+16
2014-01-13,1.4806781410528562e+16
2014-01-14,1.4151240987040148e+16
2014-01-15,1.6357449811644416e+16
2014-01-16,1.6475504796298994e+16
2014-01-17,1.3500652171646016e+16
2014-01-18,1.5497496286280376e+16
2014-01-19,1.4997768261655264e+16
2014-01-20,1.7446528196059514e+16
2014-01-21,1.480297913338296e+16
2014-01-22,1.7020215455464508e+16
2014-01-23,1.5670630041342896e+16
2014-01-24,1.8423916336352024e+16
2014-01-25,1.799165983175718e+16
2014-01-26,1.6653923161074692e+16
2014-01-27,1.885151023036465e+16
2014-01-28,1.6688507735927058e+16
2014-01-29,1.663554647163872e+16
2014-01-30,1.931110967493141e+16
2014-01-31,1.9835944502343052e+16
2014-02-01,2.0848446101649296e+16
2014-02-02,2.0098231705971124e+16
2014-02-03,2.007549325766481e+16
2014-02-04,1.844668990547387e+16
2014-02-05,2.0738239208238724e+16
2014-02-06,2.3772681377108396e+16
2014-02-07,2.0173412148321496e+16
2014-02-08,2.366669797395806e+16
2014-02-09,1.8307930179096184e+16
2014-02-10,2.0039477417089212e+16
2014-02-11,2.141507746123044e+16
2014-02-12,2.3088151730961956e+16
2014-02-13,2.3259379522286268e+16
2014-02-14,2.523042591445404e+16
2014-02-15,2.392667995498262e+16
2014-02-16,2.5516021606902964e+16
2014-02-17,2.396843971361576e+16
2014-02-18,2.553466140935604e+16
2014-02-19,3.1160187857179236e+16
2014-02-20,2.7278912515016316e+16
2014-02-21,2.4080322872553984e+16
2014-02-22,2.7534218503346504e+16
2014-02-23,2.598622626094889e+16
2014-02-24,2.9896245162532516e+16
2014-02-25,2.5141068160332624e+16
2014-02-26,2.8519051649527416e+16
2014-02-27,2.934224226734142e+16
2014-02-28,3.0644468779667988e+16
2014-03-01,2.719503659237123e+16
2014-03-02,2.696285577957178e+16
2014-03-03,2.7609385556274356e+16
2014-03-04,2.82696164537866e+16
2014-03-05,2.9761726066104708e+16
2014-03-06,3.2644353482178056e+16
2014-03-07,3.1458225485901816e+16
2014-03-08,3.1940286538842896e+16
2014-03-09,3.4237356712489332e+16
2014-03-10,2.7940967687085828e+16
2014-03-11,3.2373307696312092e+16
2014-03-12,3.3958653633815828e+16
2014-03-13,3.3971215395121908e+16
2014-03-14,2.805795384921765e+16
2014-03-15,3.523219381807943e+16
2014-03-16,3.6329782026813736e+16
2014-03-17,3.3787616821953024e+16
2014-03-18,3.1032857375702348e+16
2014-03-19,3.3319197283496824e+16
2014-03-20,3.7664566219131144e+16
2014-03-21,3.905524386404618e+16
2014-03-22,3.613583204477487e+16
2014-03-23,4.563690055814365e+16
2014-03-24,3.9111707607254696e+16
2014-03-25,3.919405027100247e+16
2014-03-26,3.986875264183822e+16
2014-03-27,4.255988113902493e+16
2014-03-28,4.336650324066105e+16
2014-03-29,4.37028848939199e+16
2014-03-30,3.4950108521912996e+16
2014-03-31,4.4653034024431144e+16
2014-04-01,4.231425526336157e+16
2014-04-02,4.933208078184635e+16
2014-04-03,5.050761777985073e+16
2014-04-04,4.881708733305808e+16
2014-04-05,4.708563039589667e+16
2014-04-06,4.61048224455856e+16
2014-04-07,4.578517085315556e+16
2014-04-08,4.081606583977439e+16
2014-04-09,4.905952872855098e+16
2014-04-10,4.7209330904422184e+16
2014-04-11,5.12175993548207e+16
2014-04-12,4.9312790098802296e+16
2014-04-13,5.65117835962517e+16
2014-04-14,5.872742818004013e+16
2014-04-15,5.6023003949238456e+16
2014-04-16,4.766594875122104e+16
2014-04-17,5.341999497675982e+16
2014-04-18,5.538862563987624e+16
2014-04-19,5.505770786017667e+16
2014-04-20,6.208159514107833e+16
2014-04-21,6.102992309739837e+16
2014-04-22,5.163982576369431e+16
2014-04-23,5.863647703774177e+16
2014-04-24,5.169684800152278e+16
2014-04-25,6.284560586833704e+16
2014-04-26,5.650155374472911e+16
2014-04-27,6.140557722977675e+16
2014-04-28,5.27697299390448e+16
2014-04-29,5.97859416641604e+16
2014-04-30,5.4096930735394e+16
2014-05-01,7.034081032750403e+16
2014-05-02,6.411915107280768e+16
2014-05-03,5.701883348965812e+16
2014-05-04,5.953220028088942e+16
2014-05-05,5.0432483919980904e+16
2014-05-06,7.547027642796486e+16
2014-05-07,6.3483768061607256e+16
2014-05-08,6.6256818898987176e+16
2014-05-09,6.735918072767517e+16
2014-05-10,7.114592994505364e+16
2014-05-11,6.224972103787556e+16
2014-05-12,6.601880929242047e+16
2014-05-13,7.1270728756750536e+16
2014-05-14,6.607244660747097e+16
2014-05-15,7.499247836889784e+16
2014-05-16,7.973757938376205e+16
2014-05-17,7.624948531961898e+16
2014-05-18,7.581400940046405e+16
2014-05-19,7.394375040728904e+16
2014-05-20,7.783654986743362e+16
2014-05-21,7.849019065199296e+16
2014-05-22,7.418696645824902e+16
2014-05-23,7.244973473926322e+16
2014-05-24,7.449443202407355e+16
2014-05-25,8.347696186625573e+16
2014-05-26,8.195366224338464e+16
2014-05-27,7.041388992823258e+16
2014-05-28,8.828233199876278e+16
2014-05-29,7.287240905949883e+16
2014-05-30,8.707045083075542e+16
2014-05-31,7.65184764229623e+16
2014-06-01,9.084491207545245e+16
2014-06-02,1.0009639296693206e+17
2014-06-03,9.31993265210594e+16
2014-06-04,9.33616965715612e+16
2014-06-05,8.057110813281728e+16
2014-06-06,8.034924024131302e+16
2014-06-07,9.123472552903688e+16
2014-06-08,7.891229692803845e+16
2014-06-09,9.102855450464856e+16
2014-06-10,9.868342892300029e+16
2014-06-11,8.441203269636426e+16
2014-06-12,1.0053211056203862e+17
2014-06-13,9.533902833906403e+16
2014-06-14,1.0384551382925082e+17
2014-06-15,1.129194362114525e+17
2014-06-16,1.0934222312658402e+17
2014-06-17,1.064127488651524e+17
2014-06-18,1.0392653680082178e+17
2014-06-19,1.1143870743275554e+17
2014-06-20,1.2549029758897016e+17
2014-06-21,1.2402432663287682e+17
2014-06-22,1.2205891280652912e+17
2014-06-23,1.1627559181057418e+17
2014-06-24,1.250148030153446e+17
2014-06-25,1.2581850665923798e+17
2014-06-26,1.1454147684593645e+17
2014-06-27,1.3134698105921448e+17
2014-06-28,1.2150145613452253e+17
2014-06-29,1.2581415262461534e+17
2014-06-30,1.0708053103126818e+17
2014-07-01,1.1189793059666016e+17
2014-07-02,1.1318434011334438e+17
2014-07-03,1.1593590527783043e+17
2014-07-04,1.3963280464229714e+17
2014-07-05,1.2615247563443213e+17
2014-07-06,1.1890216770330525e+17
2014-07-07,1.2615071699859635e+17
2014-07-08,1.2491164974380006e+17
2014-07-09,1.3805571403998877e+17
2014-07-10,1.2453545261403837e+17
2014-07-11,1.301902799731442e+17
2014-07-12,1.3191255736247395e+17
2014-07-13,1.3734797856702186e+17
2014-07-14,1.171037704924437e+17
2014-07-15,1.3623197586353891e+17
2014-07-16,1.2449588595086638e+17
2014-07-17,1.4829533338421597e+17
2014-07-18,1.4760993622086022e+17
2014-07-19,1.5236806162912938e+17
2014-07-20,1.3391114162146552e+17
2014-07-21,1.3451829619849422e+17
2014-07-22,1.2205815770133984e+17
2014-07-23,1.25122308282909e+17
2014-07-24,1.2308681309955074e+17
2014-07-25,1.4135111832746557e+17
2014-07-26,1.2695647480687968e+17
2014-07-27,1.4129306600485128e+17
2014-07-28,1.3850671899545214e+17
2014-07-29,1.4042569222960794e+17
2014-07-30,1.5889579082131043e+17
2014-07-31,1.4288226272740909e+17
2014-08-01,1.4685086578106528e+17
2014-08-02,1.5305719730485776e+17
2014-08-03,1.4392100821525405e+17
2014-08-04,1.176954189795676e+17
2014-08-05,1.2978799704205645e+17
2014-08-06,1.4747758596418147e+17
2014-08-07,1.5052473284174563e+17
2014-08-08,1.5554723839100506e+17
2014-08-09,1.760639286285276e+17
2014-08-10,1.7284937228780272e+17
2014-08-11,1.782127075874658e+17
2014-08-12,1.7029456502853014e+17
2014-08-13,1.4238080919479826e+17
2014-08-14,1.7845253043369046e+17
2014-08-15,1.5986142979365053e+17
2014-08-16,1.5601194486095222e+17
2014-08-17,1.657270376424473e+17
2014-08-18,1.9392457664946086e+17
2014-08-19,1.896465471708256e+17
2014-08-20,1.9944733898103814e+17
2014-08-21,1.954135148554375e+17
2014-08-22,1.8633109184143974e+17
2014-08-23,1.925932930452792e+17
2014-08-24,1.7299537652096352e+17
2014-08-25,1.620650166458164e+17
2014-08-26,2.060677091127826e+17
2014-08-27,1.990573812174695e+17
2014-08-28,2.0668069822683328e+17
2014-08-29,2.0059976103349594e+17
2014-08-30,2.152309260520089e+17
2014-08-31,2.2458593295173587e+17
2014-09-01,1.8523880966919488e+17
2014-09-02,1.9946722669020397e+17
2014-09-03,2.322460137904634e+17
2014-09-04,2.141294390161852e+17
2014-09-05,1.985671088798792e+17
2014-09-06,2.4272930087097795e+17
2014-09-07,2.116365079380167e+17
2014-09-08,1.9615788981039034e+17
2014-09-09,1.9846692453544653e+17
2014-09-10,2.1422329260667677e+17
2014-09-11,2.3355758637471782e+17
2014-09-12,2.079381663058316e+17
2014-09-13,2.5212708452708752e+17
2014-09-14,2.3314254026090995e+17
2014-09-15,2.3369700710183123e+17
2014-09-16,2.5325855759740608e+17
2014-09-17,2.778122042995913e+17
2014-09-18,2.6383205078854752e+17
2014-09-19,2.542756012136124e+17
2014-09-20,2.6194465934857946e+17
2014-09-21,2.41815023908971e+17
2014-09-22,2.4890174432281168e+17
2014-09-23,2.2210014483830733e+17
2014-09-24,2.3103221169729392e+17
2014-09-25,2.5971934675699677e+17
2014-09-26,2.3077368135873542e+17
2014-09-27,2.3192706920382234e+17
2014-09-28,2.23431840352419e+17
2014-09-29,2.367014952455832e+17
2014-09-30,2.6391053563784378e+17
2014-10-01,2.6669597057722592e+17
2014-10-02,2.3812298064318586e+17
2014-10-03,2.5208872184131654e+17
2014-10-04,2.6655581317477405e+17
2014-10-05,2.8714721733429677e+17
2014-10-06,2.7752970305191424e+17
2014-10-07,2.3055763859334288e+17
2014-10-08,2.5067219532237146e+17
2014-10-09,2.5328334117577498e+17
2014-10-10,2.7016011124456093e+17
2014-10-11,2.511476065718537e+17
2014-10-12,2.5622742334310307e+17
2014-10-13,2.7196370115623075e+17
2014-10-14,2.3250874134954832e+17
2014-10-15,2.581011444053754e+17
2014-10-16,2.590254410049052e+17
2014-10-17,2.4449396095096877e+17
2014-10-18,2.8753029908096477e+17
2014-10-19,2.3608476092526234e+17
2014-10-20,2.337221392699424e+17
2014-10-21,2.6578669845047056e+17
2014-10-22,2.750243114078462e+17
2014-10-23,2.6757859566700848e+17
2014-10-24,2.8662086730887472e+17
2014-10-25,2.7650459314334138e+17
2014-10-26,2.2449561351664474e+17
2014-10-27,2.832054503381879e+17
2014-10-28,2.456707222249622e+17
2014-10-29,2.7873407972284192e+17
2014-10-30,3.0342770398185715e+17
2014-10-31,3.3555921835799104e+17
2014-11-01,2.85734393839842e+17
2014-11-02,2.7534461180321933e+17
2014-11-03,3.020684162648382e+17
2014-11-04,2.99403996154208e+17
2014-11-05,2.6387275334232512e+17
2014-11-06,3.006677077838994e+17
2014-11-07,2.94328946475044e+17
2014-11-08,3.0329763719836486e+17
2014-11-09,2.938845366557095e+17
2014-11-10,2.90459178129847e+17
2014-11-11,2.5512984390329446e+17
2014-11-12,2.8524045573018342e+17
2014-11-13,2.877877464539476e+17
2014-11-14,3.032654152634845e+17
2014-11-15,2.7389787780289437e+17
2014-11-16,2.9448491711055277e+17
2014-11-17,2.85213952133122e+17
2014-11-18,3.0259133312939104e+17
2014-11-19,2.8439446521401085e+17
2014-11-20,2.761776095583438e+17
2014-11-21,2.5408413177292867e+17
2014-11-22,3.0897342203126976e+17
2014-11-23,2.818655987411145e+17
2014-11-24,2.9725147967869146e+17
2014-11-25,2.6292651324862112e+17
2014-11-26,2.7465584608216576e+17
2014-11-27,2.8126114753016963e+17
2014-11-28,2.9838121228545376e+17
2014-11-29,3.169136076517e+17
2014-11-30,3.1696256241374656e+17
2014-12-01,2.615462920447418e+17
2014-12-02,2.985391124293032e+17
2014-12-03,2.3275418409861466e+17
2014-12-04,2.911980378398312e+17
2014-12-05,3.078520450666126e+17
2014-12-06,2.728610748114138e+17
2014-12-07,2.5157362600668253e+17
2014-12-08,3.210980150063715e+17
2014-12-09,2.8214907954918448e+17
2014-12-10,2.8443864269791427e+17
2014-12-11,2.9730940889672006e+17
2014-12-12,2.7859323728725178e+17
2014-12-13,2.907963667510189e+17
2014-12-14,2.8080829246549766e+17
2014-12-15,2.806391543567056e+17
2014-12-16,2.8261315805100614e+17
2014-12-17,2.5373481325008858e+17
2014-12-18,2.5055934730171245e+17
2014-12-19,2.6916122416640237e+17
2014-12-20,2.6297450784704934e+17
2014-12-21,2.6135270214787597e+17
2014-12-22,3.1761957037207955e+17
2014-12-23,2.946542467552828e+17
2014-12-24,3.019402776113049e+17
2014-12-25,3.0912935462369926e+17
2014-12-26,2.984964713924322e+17
2014-12-27,2.982994417369516e+17
2014-12-28,3.2980193600995904e+17
2014-12-29,3.237124857127369e+17
2014-12-30,3.051258352893347e+17
2014-12-31,3.0562057579520685e+17
2015-01-01,3.329942941031613e+17
2015-01-02,3.3347238518504205e+17
2015-01-03,3.308802234148128e+17
2015-01-04,3.437982582706077e+17
2015-01-05,3.1690480462271616e+17
2015-01-06,3.1773944656047034e+17
2015-01-07,2.890234317088674e+17
2015-01-08,2.940734084756832e+17
2015-01-09,2.806811101536391e+17
2015-01-10,3.0188219799683834e+17
2015-01-11,3.10358402805076e+17
2015-01-12,2.901149270539227e+17
2015-01-13,2.769449802109802e+17
2015-01-14,3.23411752504836e+17
2015-01-15,3.2493629915490586e+17
2015-01-16,3.0358624051060454e+17
2015-01-17,2.996211414337154e+17
2015-01-18,3.408284849278163e+17
2015-01-19,3.1008148396151046e+17
2015-01-20,2.5848595769639427e+17
2015-01-21,3.2482968430627923e+17
2015-01-22,2.9960016939124186e+17
2015-01-23,2.667500023889344e+17
2015-01-24,2.772033032476764e+17
2015-01-25,2.732904957132772e+17
2015-01-26,2.7501742892230352e+17
2015-01-27,3.1886158521906566e+17
2015-01-28,3.3871100487828915e+17
2015-01-29,3.344288505412873e+17
2015-01-30,2.8303107467659174e+17
2015-01-31,3.4141360075975904e+17
2015-02-01,3.1749681946379315e+17
2015-02-02,3.2537446124348077e+17
2015-02-03,2.6263415037373626e+17
2015-02-04,3.245352492948056e+17
2015-02-05,3.2992201019261715e+17
2015-02-06,3.57569618855918e+17
2015-02-07,3.2645606554264416e+17
2015-02-08,2.731971763106932e+17
2015-02-09,3.357606909313683e+17
2015-02-10,3.2072622433242394e+17
2015-02-11,3.4772995659963795e+17
2015-02-12,2.72175519464696e+17
2015-02-13,3.157659027038136e+17
2015-02-14,3.562253434640665e+17
2015-02-15,3.0251166298527686e+17
2015-02-16,3.5454016578242566e+17
2015-02-17,3.2892727677519174e+17
2015-02-18,3.6099618619184486e+17
2015-02-19,3.681585366213069e+17
2015-02-20,3.4785425326904794e+17
2015-02-21,3.1520172979463014e+17
2015-02-22,3.3476746727552026e+17
2015-02-23,3.303298118308935e+17
2015-02-24,3.0017541508964205e+17
2015-02-25,3.6533262193200506e+17
2015-02-26,3.4824904389862426e+17
2015-02-27,3.5441484965393594e+17
2015-02-28,3.2979031981768723e+17
2015-03-01,3.2284188306049536e+17
2015-03-02,3.679171656587891e+17
2015-03-03,3.661228418608947e+17
2015-03-04,3.2878227353459366e+17
2015-03-05,3.0146407854649446e+17
2015-03-06,3.434108836428621e+17
2015-03-07,3.2699751566323104e+17
2015-03-08,3.6164925342358086e+17
2015-03-09,3.40046728320886e+17
2015-03-10,3.568367644115543e+17
2015-03-11,3.6949079865854784e+17
2015-03-12,3.035695421650949e+17
2015-03-13,3.456873073574077e+17
2015-03-14,3.0916169597787514e+17
2015-03-15,3.3797522868002906e+17
2015-03-16,3.2552623412826566e+17
2015-03-17,3.019766984308108e+17
2015-03-18,3.6104851668387104e+17
2015-03-19,3.2227630697160275e+17
2015-03-20,3.205495285123312e+17
2015-03-21,3.5757578951155405e+17
2015-03-22,3.3387311368770554e+17
2015-03-23,3.357602876058742e+17
2015-03-24,4.01834927152582e+17
2015-03-25,3.766291608401479e+17
2015-03-26,3.441966165402602e+17
2015-03-27,3.968448934342964e+17
2015-03-28,3.488505449010178e+17
2015-03-29,3.555817182242678e+17
2015-03-30,3.2442554880219994e+17
2015-03-31,3.4778775342027475e+17
2015-04-01,3.0783535279665875e+17
2015-04-02,3.857141272779822e+17
2015-04-03,3.389050299571668e+17
2015-04-04,3.5410110182140544e+17
2015-04-05,3.5969744141942835e+17
2015-04-06,3.0922400756706234e+17
2015-04-07,3.740219208225136e+17
2015-04-08,3.1132815199024826e+17
2015-04-09,3.233465812415645e+17
2015-04-10,3.7194040602504755e+17
2015-04-11,3.4464561978454394e+17
2015-04-12,3.1433937830012486e+17
2015-04-13,3.86326536010924e+17
2015-04-14,3.64700328540012e+17
2015-04-15,2.9868942705660154e+17
2015-04-16,3.3991518187117165e+17
2015-04-17,3.0966057763086246e+17
2015-04-18,3.5835687751280506e+17
2015-04-19,3.5463608859188e+17
2015-04-20,3.6358070843333466e+17
2015-04-21,3.639553533189891e+17
2015-04-22,3.5697125638246374e+17
2015-04-23,3.085181314566344e+17
2015-04-24,2.930578155363625e+17
2015-04-25,3.861575422267452e+17
2015-04-26,3.445220808040557e+17
2015-04-27,3.206133924046744e+17
2015-04-28,3.6698646462261235e+17
2015-04-29,2.9891458133334554e+17
2015-04-30,3.1595751520856134e+17
2015-05-01,3.487106626994478e+17
2015-05-02,3.4844627930529894e+17
2015-05-03,3.3623012604205024e+17
2015-05-04,3.010048158231527e+17
2015-05-05,3.6329455273681024e+17
2015-05-06,3.8154541789360384e+17
2015-05-07,3.3627095169410106e+17
2015-05-08,3.523836500449639e+17
2015-05-09,3.0661225073205677e+17
2015-05-10,3.069866594953218e+17
2015-05-11,3.709772709936865e+17
2015-05-12,3.568906731491158e+17
2015-05-13,3.842356618424772e+17
2015-05-14,3.6432779697027174e+17
2015-05-15,3.4711330684352544e+17
2015-05-16,3.1274378407371526e+17
2015-05-17,4.119335654252105e+17
2015-05-18,3.518003013610104e+17
2015-05-19,3.111997738590104e+17
2015-05-20,3.577834575521133e+17
2015-05-21,3.731423571661376e+17
2015-05-22,3.325416761217863e+17
2015-05-23,2.7413363173301987e+17
2015-05-24,3.506786362797271e+17
2015-05-25,3.4467197450567264e+17
2015-05-26,3.487277741509628e+17
2015-05-27,3.376771701454018e+17
2015-05-28,3.195489949544578e+17
2015-05-29,3.742593699460904e+17
2015-05-30,3.3295430500618675e+17
2015-05-31,3.4906344907723085e+17
2015-06-01,3.1485864590731245e+17
2015-06-02,3.5611495162525306e+17
2015-06-03,3.3323606448076794e+17
2015-06-04,3.350477115745851e+17
2015-06-05,3.267641917216736e+17
2015-06-06,4.184342695028099e+17
2015-06-07,3.517470710723906e+17
2015-06-08,3.760048135059858e+17
2015-06-09,3.5288996550262266e+17
2015-06-10,3.996677001965351e+17
2015-06-11,3.2409091484363686e+17
2015-06-12,3.325869132344718e+17
2015-06-13,3.7417445494143136e+17
2015-06-14,3.7305668063168435e+17
2015-06-15,3.4673849330568915e+17
2015-06-16,2.9276363951532666e+17
2015-06-17,3.8672324516853114e+17
2015-06-18,3.9207987922109126e+17
2015-06-19,3.582669447123643e+17
2015-06-20,3.330566485006043e+17
2015-06-21,3.048608410039597e+17
2015-06-22,3.7707110462971405e+17
2015-06-23,3.4746786826398886e+17
2015-06-24,3.827101990148703e+17
2015-06-25,3.7505700248195034e+17
2015-06-26,3.823302527154339e+17
2015-06-27,3.1764026764685075e+17
2015-06-28,3.4750233279959e+17
2015-06-29,3.4399737574904845e+17
2015-06-30,3.5898935357970886e+17
2015-07-01,3.2812473734065274e+17
2015-07-02,3.7881825158379424e+17
2015-07-03,3.952262558283341e+17
2015-07-04,3.750289643812121e+17
2015-07-05,3.464721595316272e+17
2015-07-06,4.4468281883642176e+17
2015-07-07,3.283496570907003e+17
2015-07-08,3.955374359848347e+17
2015-07-09,3.268807857971611e+17
2015-07-10,3.8091587893571315e+17
2015-07-11,3.6632272587267526e+17
2015-07-12,3.4286690116024454e+17
2015-07-13,3.750890245275045e+17
2015-07-14,3.6838603040855354e+17
2015-07-15,3.830873193714657e+17
2015-07-16,3.41580762565295e+17
2015-07-17,3.7622746213736294e+17
2015-07-18,3.7321679730444986e+17
2015-07-19,3.868444136217416e+17
2015-07-20,3.967851587054484e+17
2015-07-21,3.226758782587688e+17
2015-07-22,3.898629459953791e+17
2015-07-23,3.54093956257938e+17
2015-07-24,4.313810891690109e+17
2015-07-25,3.9375644649034406e+17
2015-07-26,3.734878108202309e+17
2015-07-27,3.8824555628596704e+17
2015-07-28,3.5415806578163955e+17
2015-07-29,3.943555724200921e+17
2015-07-30,3.512269294766301e+17
2015-07-31,3.926640228145499e+17
2015-08-01,3.9967281619158515e+17
2015-08-02,3.9113292167924864e+17
2015-08-03,4.1735859901893286e+17
2015-08-04,3.4592938924134285e+17
2015-08-05,3.4451575405318234e+17
2015-08-06,3.726547529985172e+17
2015-08-07,3.701519122484169e+17
2015-08-08,4.0851884166973274e+17
2015-08-09,3.6745012176351776e+17
2015-08-10,4.375191231201736e+17
2015-08-11,4.349002424739351e+17
2015-08-12,3.250550686280008e+17
2015-08-13,3.8379779969452416e+17
2015-08-14,3.7049131029434336e+17
2015-08-15,3.6052530086142925e+17
2015-08-16,3.5968592890506675e+17
2015-08-17,3.8456966272052806e+17
2015-08-18,3.704916131807432e+17
2015-08-19,4.1276146526143994e+17
2015-08-20,3.896527716005979e+17
2015-08-21,4.3566809890767194e+17
2015-08-22,4.217213575951576e+17
2015-08-23,3.613000645842872e+17
2015-08-24,4.1706275840499514e+17
2015-08-25,3.686888222330052e+17
2015-08-26,4.3456694823315635e+17
2015-08-27,3.677282420238073e+17
2015-08-28,4.1455392630927686e+17
2015-08-29,4.3297611807638624e+17
2015-08-30,4.0332504012435526e+17
2015-08-31,4.2581711958197274e+17
2015-09-01,4.201057061776709e+17
2015-09-02,4.318377629825324e+17
2015-09-03,3.8697049722497216e+17
2015-09-04,4.3362599510769e+17
2015-09-05,4.212838787908379e+17
2015-09-06,4.059661205844208e+17
2015-09-07,4.3076862929150394e+17
2015-09-08,3.8321812873632205e+17
2015-09-09,4.253860488560528e+17
2015-09-10,4.7853325543656166e+17
2015-09-11,4.468150454270919e+17
2015-09-12,3.8745165884686176e+17
2015-09-13,4.236354516614441e+17
2015-09-14,4.3196463889177165e+17
2015-09-15,4.5326213006245555e+17
2015-09-16,4.118029246248507e+17
2015-09-17,3.9975191596540896e+17
2015-09-18,4.412015072345821e+17
2015-09-19,3.625991614488552e+17
2015-09-20,3.7589253641282176e+17
2015-09-21,3.9180646752261536e+17
2015-09-22,4.590982525329025e+17
2015-09-23,4.711866608307131e+17
2015-09-24,4.0862271398827456e+17
2015-09-25,4.834395555865145e+17
2015-09-26,4.3956044842866176e+17
2015-09-27,4.338181124412869e+17
2015-09-28,4.219066083819186e+17
2015-09-29,5.143693205970055e+17
2015-09-30,4.353029277030096e+17
2015-10-01,4.456802520352448e+17
2015-10-02,4.169240114408173e+17
2015-10-03,4.3751059585958374e+17
2015-10-04,4.640184121049061e+17
2015-10-05,4.6321699861249715e+17
2015-10-06,4.297494298612795e+17
2015-10-07,4.0121475946807546e+17
2015-10-08,4.2201450902410234e+17
2015-10-09,3.868538263348072e+17
2015-10-10,4.81058676514812e+17
2015-10-11,4.4031427416579354e+17
2015-10-12,4.2739219629808544e+17
2015-10-13,4.1607335588334304e+17
2015-10-14,4.5735848025902925e+17
2015-10-15,5.034883105524832e+17
2015-10-16,4.3386498050587264e+17
2015-10-17,4.122073525791427e+17
2015-10-18,4.3686283107390086e+17
2015-10-19,5.0356570205229754e+17
2015-10-20,3.8718347479902835e+17
2015-10-21,4.325293672965687e+17
2015-10-22,4.478674005378216e+17
2015-10-23,4.521283403101403e+17
2015-10-24,4.442748338789277e+17
2015-10-25,4.70280278587253e+17
2015-10-26,4.889745330196176e+17
2015-10-27,4.4422437683148275e+17
2015-10-28,4.238152986910753e+17
2015-10-29,4.672309596086574e+17
2015-10-30,5.244706515725385e+17
2015-10-31,4.5825146429585376e+17
2015-11-01,4.6830165364857075e+17
2015-11-02,4.741198745552424e+17
2015-11-03,4.788302626566631e+17
2015-11-04,4.8451782750490464e+17
2015-11-05,4.482667224602651e+17
2015-11-06,4.4771555755857395e+17
2015-11-07,4.7256003206233574e+17
2015-11-08,4.329945685250579e+17
2015-11-09,4.602842616338313e+17
2015-11-10,4.4957282482785344e+17
2015-11-11,5.3922197171479994e+17
2015-11-12,5.2672033155312736e+17
2015-11-13,5.2926507829839264e+17
2015-11-14,4.653089696709336e+17
2015-11-15,5.1314980834271936e+17
2015-11-16,5.7277031363956544e+17
2015-11-17,4.823119980751666e+17
2015-11-18,5.00739043231528e+17
2015-11-19,4.4499323120710336e+17
2015-11-20,5.491191721610728e+17
2015-11-21,5.6779242675252346e+17
2015-11-22,5.633982653574025e+17
2015-11-23,5.4160870242335795e+17
2015-11-24,5.481293323034516e+17
2015-11-25,5.374687325716263e+17
2015-11-26,6.347534266081277e+17
2015-11-27,4.8416644851994886e+17
2015-11-28,5.523669059636889e+17
2015-11-29,5.422477188212708e+17
2015-11-30,5.835608969702376e+17
2015-12-01,6.041850518013388e+17
2015-12-02,5.823901082848244e+17
2015-12-03,5.153319425071099e+17
2015-12-04,5.491458645839611e+17
2015-12-05,6.358901299871608e+17
2015-12-06,5.7213252705353216e+17
2015-12-07,5.765520818420749e+17
2015-12-08,6.880634462311332e+17
2015-12-09,6.610994179991026e+17
2015-12-10,8.494143346120845e+17
2015-12-11,6.286646031474769e+17
2015-12-12,6.434660663403712e+17
2015-12-13,5.5517893297021965e+17
2015-12-14,7.642052474354904e+17
2015-12-15,7.183787978347196e+17
2015-12-16,6.430699489909952e+17
2015-12-17,6.133743904737385e+17
2015-12-18,6.770693983876344e+17
2015-12-19,7.284107901374013e+17
2015-12-20,7.738283771045262e+17
2015-12-21,6.987006665865253e+17
2015-12-22,6.841579569613984e+17
2015-12-23,7.31429242065749e+17
2015-12-24,6.455424233057528e+17
2015-12-25,7.488471968147091e+17
2015-12-26,7.898312494637742e+17
2015-12-27,9.525962037859123e+17
2015-12-28,7.029217077866483e+17
2015-12-29,7.35708357098213e+17
2015-12-30,7.855221753209188e+17
2015-12-31,6.928558957014707e+17
2016-01-01,6.881529125579744e+17
2016-01-02,7.475743215981299e+17
2016-01-03,7.516654076761005e+17
2016-01-04,9.328986950285197e+17
2016-01-05,8.08526924609349e+17
2016-01-06,7.29083108031061e+17
2016-01-07,7.630971642460869e+17
2016-01-08,8.886883886113603e+17
2016-01-09,7.85387766862407e+17
2016-01-10,8.960734803572713e+17
2016-01-11,8.762639306008909e+17
2016-01-12,8.83058414112512e+17
2016-01-13,8.124452837833138e+17
2016-01-14,7.460188303332365e+17
2016-01-15,6.888017914904421e+17
2016-01-16,7.980644089785778e+17
2016-01-17,8.507377892996764e+17
2016-01-18,9.766529159421553e+17
2016-01-19,7.47914553659254e+17
2016-01-20,8.64515445241899e+17
2016-01-21,7.657997685297633e+17
2016-01-22,9.910837740085865e+17
2016-01-23,1.0176408155563694e+18
2016-01-24,9.554573444839375e+17
2016-01-25,9.213484072093766e+17
2016-01-26,9.230507338133553e+17
2016-01-27,9.214019860667272e+17
2016-01-28,8.699274619337838e+17
2016-01-29,1.0081826572514216e+18
2016-01-30,1.1163510498447282e+18
2016-01-31,1.0802571003395569e+18
2016-02-01,9.88352260976389e+17
2016-02-02,1.0429918295059588e+18
2016-02-03,1.0696207450858024e+18
2016-02-04,1.0091887602768974e+18
2016-02-05,1.1137060560639078e+18
2016-02-06,1.192701529287071e+18
2016-02-07,1.219118306592838e+18
2016-02-08,1.0677587701773728e+18
2016-02-09,1.2948045513968947e+18
2016-02-10,1.1431656952498184e+18
2016-02-11,1.3717065365649413e+18
2016-02-12,1.2209996722083924e+18
2016-02-13,1.1233020454616406e+18
2016-02-14,1.1878054359697654e+18
2016-02-15,1.0907308934666688e+18
2016-02-16,1.0023070261689148e+18
2016-02-17,1.0904390764185308e+18
2016-02-18,1.2284719997661686e+18
2016-02-19,1.085564132000486e+18
2016-02-20,1.2184898157196114e+18
2016-02-21,1.0434354683519772e+18
2016-02-22,1.0301412341296312e+18
2016-02-23,1.1088819021654897e+18
2016-02-24,9.55109041743132e+17
2016-02-25,1.2682613578206108e+18
2016-02-26,1.139313255225711e+18
2016-02-27,1.188072589459566e+18
2016-02-28,1.0863685090504696e+18
2016-02-29,1.1045183476049088e+18
2016-03-01,1.1270487074424988e+18
2016-03-02,1.2677411233478804e+18
2016-03-03,1.1109970932949455e+18
2016-03-04,1.2518578781102277e+18
2016-03-05,1.1802260504931924e+18
2016-03-06,1.1609456507504376e+18
2016-03-07,1.070924497296382e+18
2016-03-08,1.1949789882832934e+18
2016-03-09,1.3131977335812692e+18
2016-03-10,1.225703942514436e+18
2016-03-11,1.2700100956141573e+18
2016-03-12,1.1404813056403528e+18
2016-03-13,1.0286021532135076e+18
2016-03-14,1.2039394713423432e+18
2016-03-15,1.2597112067545075e+18
2016-03-16,1.2080456481294945e+18
2016-03-17,1.1019582141601362e+18
2016-03-18,1.1021554242686816e+18
2016-03-19,1.125710636999592e+18
2016-03-20,1.1935697630274284e+18
2016-03-21,1.1479224552686866e+18
2016-03-22,1.2090300901586511e+18
2016-03-23,1.2278249051591583e+18
2016-03-24,1.2101515314544325e+18
2016-03-25,1.1999735229576425e+18
2016-03-26,1.2864384613654907e+18
2016-03-27,1.148901720817851e+18
2016-03-28,1.3805794169975634e+18
2016-03-29,1.2913082309231903e+18
2016-03-30,1.217895350261908e+18
2016-03-31,1.0222762187987736e+18
2016-04-01,1.2597962023316805e+18
2016-04-02,1.1483529225107983e+18
2016-04-03,1.179665375054422e+18
2016-04-04,1.3815438832491105e+18
2016-04-05,1.283837976511909e+18
2016-04-06,1.2985725173475507e+18
2016-04-07,1.167204851178585e+18
2016-04-08,1.193099224999073e+18
2016-04-09,1.359606619739507e+18
2016-04-10,1.4042335809452278e+18
2016-04-11,1.2675946484173847e+18
2016-04-12,1.2335716734510034e+18
2016-04-13,1.357865491558516e+18
2016-04-14,1.4183872297861985e+18
2016-04-15,1.242860997421317e+18
2016-04-16,1.2413537601271188e+18
2016-04-17,1.378897390051805e+18
2016-04-18,1.1938694303814564e+18
2016-04-19,1.3279876236494213e+18
2016-04-20,1.4705752919400392e+18
2016-04-21,1.3408162068976996e+18
2016-04-22,1.2644394605080947e+18
2016-04-23,1.282919481128561e+18
2016-04-24,1.167766910405064e+18
2016-04-25,1.1410410463059764e+18
2016-04-26,1.324101200707684e+18
2016-04-27,1.171532696813496e+18
2016-04-28,1.2042788408483548e+18
2016-04-29,1.369437443446221e+18
2016-04-30,1.3156127968064504e+18
2016-05-01,1.3785005648516342e+18
2016-05-02,1.3722400682741056e+18
2016-05-03,1.3400995357307996e+18
2016-05-04,1.4854642242195848e+18
2016-05-05,1.3807730471499098e+18
2016-05-06,1.4414403972706483e+18
2016-05-07,1.3283670758597517e+18
2016-05-08,1.4875479447016228e+18
2016-05-09,1.5164210778301975e+18
2016-05-10,1.4046277051600072e+18
2016-05-11,1.2582515147583575e+18
2016-05-12,1.3657051195166656e+18
2016-05-13,1.4424225847834708e+18
2016-05-14,1.3954886742234094e+18
2016-05-15,1.339101600739896e+18
2016-05-16,1.360427099284076e+18
2016-05-17,1.3729864512469824e+18
2016-05-18,1.483154627578348e+18
2016-05-19,1.1543261737162322e+18
2016-05-20,1.446328686471998e+18
2016-05-21,1.3441060776638182e+18
2016-05-22,1.7778173762388644e+18
2016-05-23,1.7431257752094495e+18
2016-05-24,1.4316159125426476e+18
2016-05-25,1.364488906069589e+18
2016-05-26,1.327740892996845e+18
2016-05-27,1.3832598415797496e+18
2016-05-28,1.3110229029635402e+18
2016-05-29,1.4654955375929083e+18
2016-05-30,1.4192572550947658e+18
2016-05-31,1.2625208056066437e+18
2016-06-01,1.4182680285419292e+18
2016-06-02,1.3755150148549396e+18
2016-06-03,1.3970040254647716e+18
2016-06-04,1.1804695358669107e+18
2016-06-05,1.675068463783944e+18
2016-06-06,1.6883807037302513e+18
2016-06-07,1.3876941936277862e+18
2016-06-08,1.4625898691276933e+18
2016-06-09,1.5612424476837798e+18
2016-06-10,1.3901720375946427e+18
2016-06-11,1.529320872640093e+18
2016-06-12,1.41533760385525e+18
2016-06-13,1.5731910930435384e+18
2016-06-14,1.2826917306772042e+18
2016-06-15,1.4920008087594322e+18
2016-06-16,1.463918574349771e+18
2016-06-17,1.4354467917166643e+18
2016-06-18,1.535272265549926e+18
2016-06-19,1.7247098494260974e+18
2016-06-20,1.5970198467491973e+18
2016-06-21,1.5403514004684037e+18
2016-06-22,1.3366315308649644e+18
2016-06-23,1.4514102920211218e+18
2016-06-24,1.344264736136909e+18
2016-06-25,1.6871106322708943e+18
2016-06-26,1.5346239652604444e+18
2016-06-27,1.520371429115376e+18
2016-06-28,1.5431688746622764e+18
2016-06-29,1.525001939817882e+18
2016-06-30,1.551595643589129e+18
2016-07-01,1.628405921692843e+18
2016-07-02,1.540312975781114e+18
2016-07-03,1.6279765422983345e+18
2016-07-04,1.5453426833955697e+18
2016-07-05,1.5430706612223887e+18
2016-07-06,1.489359836828291e+18
2016-07-07,1.44623167278305e+18
2016-07-08,1.542032207468201e+18
2016-07-09,1.575649222235991e+18
2016-07-10,1.6590139611382024e+18
2016-07-11,1.514156896463034e+18
2016-07-12,1.521133444260765e+18
2016-07-13,1.363334731834857e+18
2016-07-14,1.4975993203068744e+18
2016-07-15,1.436885564328358e+18
2016-07-16,1.6615898089193595e+18
2016-07-17,1.6042839282189458e+18
2016-07-18,1.543092997968018e+18
2016-07-19,1.3659917565390208e+18
2016-07-20,1.5981304207299448e+18
2016-07-21,1.4188719183760026e+18
2016-07-22,1.3671958923164672e+18
2016-07-23,1.374271487494449e+18
2016-07-24,1.3444439638239314e+18
2016-07-25,1.3642975028217362e+18
2016-07-26,1.3704907601240166e+18
2016-07-27,1.3584188111867428e+18
2016-07-28,1.439056166113872e+18
2016-07-29,1.5632253218183388e+18
2016-07-30,1.26195561161108e+18
2016-07-31,1.6445306613851123e+18
2016-08-01,1.6093921884605668e+18
2016-08-02,1.6147467196672617e+18
2016-08-03,1.6667173036036403e+18
2016-08-04,1.5458569951929324e+18
2016-08-05,1.7022986397883062e+18
2016-08-06,1.6549894393920225e+18
2016-08-07,1.486884188677589e+18
2016-08-08,1.4844247947920453e+18
2016-08-09,1.2386069289182323e+18
2016-08-10,1.5480525818167951e+18
2016-08-11,1.474718655367386e+18
2016-08-12,1.4958388629315507e+18
2016-08-13,1.6457620022522332e+18
2016-08-14,1.630159303808662e+18
2016-08-15,1.5000975732887823e+18
2016-08-16,1.4424378805921787e+18
2016-08-17,1.3272231949369452e+18
2016-08-18,1.6640537344825385e+18
2016-08-19,1.6744412312994706e+18
2016-08-20,1.670470527838886e+18
2016-08-21,1.7616502410292434e+18
2016-08-22,1.7110782174265e+18
2016-08-23,1.5919340529746609e+18
2016-08-24,1.657288849301294e+18
2016-08-25,1.3835042418102897e+18
2016-08-26,1.4321164607867274e+18
2016-08-27,1.546102752835544e+18
2016-08-28,1.6541786194963372e+18
2016-08-29,1.6124994671205563e+18
2016-08-30,1.7964031781229747e+18
2016-08-31,1.4783821139973107e+18
2016-09-01,1.5278841241152097e+18
2016-09-02,1.695559975006915e+18
2016-09-03,1.3797011738508004e+18
2016-09-04,1.9547464818690025e+18
2016-09-05,1.5359103597945157e+18
2016-09-06,1.5103243181204577e+18
2016-09-07,1.645154619410896e+18
2016-09-08,1.5897080347160988e+18
2016-09-09,1.5523197406751457e+18
2016-09-10,1.703112852416817e+18
2016-09-11,1.8058539787604408e+18
2016-09-12,1.8184312021414072e+18
2016-09-13,1.8610271647689073e+18
2016-09-14,1.7341285755327964e+18
2016-09-15,1.7256810376553193e+18
2016-09-16,1.5682303015177364e+18
2016-09-17,1.8284971082024156e+18
2016-09-18,1.6390312797643154e+18
2016-09-19,1.503562535834706e+18
2016-09-20,1.6667045787340152e+18
2016-09-21,1.8600637330680837e+18
2016-09-22,1.5843813859350346e+18
2016-09-23,1.5359915796353518e+18
2016-09-24,1.867203637460304e+18
2016-09-25,2.1423661498265009e+18
2016-09-26,1.8701055777417144e+18
2016-09-27,1.9775131183977032e+18
2016-09-28,1.7896094221917243e+18
2016-09-29,1.6942490861066022e+18
2016-09-30,1.7191443700118098e+18
2016-10-01,1.8673586919143196e+18
2016-10-02,1.7672768773784143e+18
2016-10-03,1.7532050935732083e+18
2016-10-04,1.8767534608727631e+18
2016-10-05,2.005151413206863e+18
2016-10-06,1.926412508272948e+18
2016-10-07,1.7314938156833797e+18
2016-10-08,2.075517171980134e+18
2016-10-09,2.0591290836156667e+18
2016-10-10,1.6029594607128566e+18
2016-10-11,1.774859106741769e+18
2016-10-12,1.8548716003758464e+18
2016-10-13,1.657388561872459e+18
2016-10-14,1.7285024318652342e+18
2016-10-15,1.8259321187383793e+18
2016-10-16,1.6704672775954854e+18
2016-10-17,1.611066090640496e+18
2016-10-18,1.9859881397057623e+18
2016-10-19,1.6413593153817257e+18
2016-10-20,1.693584333553818e+18
2016-10-21,2.1036825700464e+18
2016-10-22,1.899621865915384e+18
2016-10-23,1.8332081108777592e+18
2016-10-24,1.7958994261157606e+18
2016-10-25,1.7595199231182802e+18
2016-10-26,1.7258033839542172e+18
2016-10-27,2.1224885271714895e+18
2016-10-28,1.8619578219256776e+18
2016-10-29,1.8590347537267615e+18
2016-10-30,2.1216090498985807e+18
2016-10-31,1.8660785127741796e+18
2016-11-01,1.8160796887745267e+18
2016-11-02,1.6772542832987162e+18
2016-11-03,1.95266025517636e+18
2016-11-04,1.4596407487762176e+18
2016-11-05,1.854190651862225e+18
2016-11-06,1.9546104382837747e+18
2016-11-07,1.820647065959238e+18
2016-11-08,2.1431412493149632e+18
2016-11-09,1.8905032160516232e+18
2016-11-10,2.0905333613844864e+18
2016-11-11,2.0788414348221064e+18
2016-11-12,2.1491512458011003e+18
2016-11-13,1.78036898050826e+18
2016-11-14,2.1593502882403697e+18
2016-11-15,1.9786054472186304e+18
2016-11-16,2.1714751797611407e+18
2016-11-17,1.9998398449883464e+18
2016-11-18,1.9986101598152545e+18
2016-11-19,1.9895842088433649e+18
2016-11-20,1.8472526719520456e+18
2016-11-21,1.9129818468859013e+18
2016-11-22,1.8598402225370191e+18
2016-11-23,2.0784799220695593e+18
2016-11-24,2.2501149563234383e+18
2016-11-25,2.1220313737331128e+18
2016-11-26,2.1434587949153267e+18
2016-11-27,2.0320263980316145e+18
2016-11-28,2.2815073231999992e+18
2016-11-29,2.0879040067591657e+18
2016-11-30,2.000538385665422e+18
2016-12-01,2.0488782738425733e+18
2016-12-02,2.0247951712067287e+18
2016-12-03,2.449117083612796e+18
2016-12-04,2.122495276493102e+18
2016-12-05,2.1646863893460895e+18
2016-12-06,2.1457559148886024e+18
2016-12-07,2.455706249396153e+18
2016-12-08,2.2924869962505807e+18
2016-12-09,1.9181474627889167e+18
2016-12-10,1.8452307523133755e+18
2016-12-11,2.660549779941075e+18
2016-12-12,2.2311974366146463e+18
2016-12-13,2.5470661768380257e+18
2016-12-14,2.0344296921583928e+18
2016-12-15,1.8813419947177897e+18
2016-12-16,2.1193017620949688e+18
2016-12-17,2.1808419477970744e+18
2016-12-18,2.1433027596984212e+18
2016-12-19,2.347656404215184e+18
2016-12-20,2.1216690370076155e+18
2016-12-21,2.4628086423291986e+18
2016-12-22,2.4343609182005074e+18
2016-12-23,2.335832464816246e+18
2016-12-24,2.1205385812032397e+18
2016-12-25,2.54070754884754e+18
2016-12-26,2.1940045317619236e+18
2016-12-27,2.4045138393042396e+18
2016-12-28,2.5578866280257864e+18
2016-12-29,2.3490633720029087e+18
2016-12-30,2.487348735599175e+18
2016-12-31,2.3518892991881385e+18
2017-01-01,2.44799900190802e+18
2017-01-02,2.506491191547821e+18
2017-01-03,2.59274046755903e+18
2017-01-04,2.4237516526423014e+18
2017-01-05,2.2011497577603953e+18
2017-01-06,2.5391634803284925e+18
2017-01-07,2.2006668536376696e+18
2017-01-08,2.6129813130340536e+18
2017-01-09,2.1501771134041887e+18
2017-01-10,2.5442172195889905e+18
2017-01-11,2.5499251516054477e+18
2017-01-12,2.892266836278976e+18
2017-01-13,2.5000705976708065e+18
2017-01-14,2.8886078211423744e+18
2017-01-15,2.7938709263957274e+18
2017-01-16,2.8252725313868575e+18
2017-01-17,2.6449849895234575e+18
2017-01-18,2.511061698914675e+18
2017-01-19,2.9137080158381087e+18
2017-01-20,3.173115384741258e+18
2017-01-21,3.027002716098209e+18
2017-01-22,2.9687804253127204e+18
2017-01-23,2.684796681588878e+18
2017-01-24,2.891336571979423e+18
2017-01-25,2.934762801345358e+18
2017-01-26,3.005969065660174e+18
2017-01-27,3.3724340164408095e+18
2017-01-28,2.931787284611704e+18
2017-01-29,3.2396571132830966e+18
2017-01-30,2.828490752202381e+18
2017-01-31,2.8245961178112927e+18
2017-02-01,3.7579816441762647e+18
2017-02-02,3.0694444973458273e+18
2017-02-03,2.905097843035007e+18
2017-02-04,2.8061426371660984e+18
2017-02-05,3.3418747837331794e+18
2017-02-06,2.6318667091953193e+18
2017-02-07,3.215475525174445e+18
2017-02-08,3.029380589819763e+18
2017-02-09,3.519742289875792e+18
2017-02-10,3.1062930807589064e+18
2017-02-11,2.918941689222082e+18
2017-02-12,2.9308105956771476e+18
2017-02-13,3.4478888337643146e+18
2017-02-14,3.5381930271095455e+18
2017-02-15,2.9751401203564995e+18
2017-02-16,3.0761701645197327e+18
2017-02-17,3.1706796078038615e+18
2017-02-18,3.2490469661574605e+18
2017-02-19,2.9523436196376704e+18
2017-02-20,3.256060653435636e+18
2017-02-21,3.0141987975354404e+18
2017-02-22,3.067353902427873e+18
2017-02-23,3.27150942682972e+18
2017-02-24,3.530877604027246e+18
2017-02-25,3.642951999356814e+18
2017-02-26,3.9599755238763986e+18
2017-02-27,3.1258124152123704e+18
2017-02-28,3.3495581973010555e+18
2017-03-01,3.1910508974355215e+18
2017-03-02,3.4326427363649423e+18
2017-03-03,3.2927489470630257e+18
2017-03-04,3.0284683071264476e+18
2017-03-05,3.4683512641015793e+18
2017-03-06,3.1781645085193713e+18
2017-03-07,3.4777731823136707e+18
2017-03-08,3.2884732784247997e+18
2017-03-09,3.4401439992457334e+18
2017-03-10,3.488861026848509e+18
2017-03-11,3.423260727396832e+18
2017-03-12,3.539741108274833e+18
2017-03-13,3.330587787176746e+18
2017-03-14,3.5673534456936125e+18
2017-03-15,3.267025716236414e+18
2017-03-16,3.498548362394278e+18
2017-03-17,3.5853953717986007e+18
2017-03-18,3.720915841098707e+18
2017-03-19,3.8907936893721574e+18
2017-03-20,3.220113436692439e+18
2017-03-21,3.3670938125142154e+18
2017-03-22,3.7529920220192993e+18
2017-03-23,3.5104246409285837e+18
2017-03-24,4.148934943599292e+18
2017-03-25,3.1953316440205686e+18
2017-03-26,3.854276984339375e+18
2017-03-27,3.124535195186474e+18
2017-03-28,3.66857926223164e+18
2017-03-29,3.269021277242675e+18
2017-03-30,4.031743789478171e+18
2017-03-31,3.2733262950785147e+18
2017-04-01,3.26872807078315e+18
2017-04-02,3.945073031254352e+18
2017-04-03,4.3813590892388634e+18
2017-04-04,3.0787241303917527e+18
2017-04-05,4.032187024589408e+18
2017-04-06,3.665468705960533e+18
2017-04-07,3.9993906849970714e+18
2017-04-08,3.5177753227749627e+18
2017-04-09,3.82791581956126e+18
2017-04-10,3.644506231124295e+18
2017-04-11,4.159725095231057e+18
2017-04-12,3.547718494651632e+18
2017-04-13,3.308710863856091e+18
2017-04-14,3.5337386196504724e+18
2017-04-15,3.9067635640609695e+18
2017-04-16,3.7751543874654054e+18
2017-04-17,3.5797590585862113e+18
2017-04-18,3.750270500802206e+18
2017-04-19,3.734448900368239e+18
2017-04-20,3.596316184506691e+18
2017-04-21,4.258590519869026e+18
2017-04-22,3.7617336550372137e+18
2017-04-23,3.9643119607845315e+18
2017-04-24,3.2135020012234957e+18
2017-04-25,3.823642240714879e+18
2017-04-26,3.953093289916592e+18
2017-04-27,3.820501585200191e+18
2017-04-28,3.5293902410389023e+18
2017-04-29,4.510319617551683e+18
2017-04-30,3.9019939498714783e+18
2017-05-01,3.9152348774504817e+18
2017-05-02,4.0949645265993846e+18
2017-05-03,3.40775435909344e+18
2017-05-04,4.356254672316366e+18
2017-05-05,3.3378390674010685e+18
2017-05-06,4.412083155184012e+18
2017-05-07,4.292689448820172e+18
2017-05-08,4.713483096598256e+18
2017-05-09,4.0018984127599887e+18
2017-05-10,4.107065874384544e+18
2017-05-11,3.71210128137264e+18
2017-05-12,4.302626884115409e+18
2017-05-13,4.3712709404600745e+18
2017-05-14,4.638543790707176e+18
2017-05-15,4.667187587014961e+18
2017-05-16,3.733769443011611e+18
2017-05-17,4.2383948894888305e+18
2017-05-18,3.9838792345090207e+18
2017-05-19,4.5304414572971366e+18
2017-05-20,4.5985254337035474e+18
2017-05-21,4.1184396199696666e+18
2017-05-22,4.0833355513239235e+18
2017-05-23,4.829156258587002e+18
2017-05-24,4.5837079730103e+18
2017-05-25,4.797635854214585e+18
2017-05-26,4.626359113500824e+18
2017-05-27,4.876277436323993e+18
2017-05-28,4.896879081880951e+18
2017-05-29,4.4650257850038026e+18
2017-05-30,5.304253191719816e+18
2017-05-31,4.869968022039675e+18
2017-06-01,5.048489019385427e+18
2017-06-02,4.3727478281277983e+18
2017-06-03,5.646073598716469e+18
2017-06-04,4.989171593972162e+18
2017-06-05,5.53909453669476e+18
2017-06-06,5.08623103561037e+18
2017-06-07,5.539050198810553e+18
2017-06-08,5.602467543093335e+18
2017-06-09,5.063181473511149e+18
2017-06-10,4.780325149133e+18
2017-06-11,4.938984430843811e+18
2017-06-12,4.993324793720368e+18
2017-06-13,4.718915803823439e+18
2017-06-14,4.71876412210392e+18
2017-06-15,5.137985147265648e+18
2017-06-16,5.022845041806061e+18
2017-06-17,4.944438873697269e+18
2017-06-18,5.053287511887033e+18
2017-06-19,5.351530392381112e+18
2017-06-20,4.904050808360467e+18
2017-06-21,4.928938134499968e+18
2017-06-22,4.911210459962608e+18
2017-06-23,5.795684005993631e+18
2017-06-24,5.054254500197319e+18
2017-06-25,4.311555562634621e+18
2017-06-26,5.046138543487664e+18
2017-06-27,4.62844386518241e+18
2017-06-28,5.567207744105069e+18
2017-06-29,4.2198465659349985e+18
2017-06-30,5.453994825453735e+18
2017-07-01,5.836348192437369e+18
2017-07-02,6.624349876665419e+18
2017-07-03,5.961309369542908e+18
2017-07-04,5.446247499133316e+18
2017-07-05,5.204525235979593e+18
2017-07-06,5.018532423768107e+18
2017-07-07,5.326070282181842e+18
2017-07-08,5.69348717438429e+18
2017-07-09,4.834947036956164e+18
2017-07-10,6.952803703633374e+18
2017-07-11,6.163725910036477e+18
2017-07-12,6.192862032927582e+18
2017-07-13,5.518478258259824e+18
2017-07-14,5.275213416882546e+18
2017-07-15,5.12737908483446e+18
2017-07-16,6.500527816293576e+18
2017-07-17,5.895651369841232e+18
2017-07-18,6.564605484264969e+18
2017-07-19,5.99799623153203e+18
2017-07-20,6.450670938664895e+18
2017-07-21,6.174383267423619e+18
2017-07-22,6.382138408538977e+18
2017-07-23,6.927977627265713e+18
2017-07-24,7.089489875250564e+18
2017-07-25,5.939887928855792e+18
2017-07-26,5.849813796032409e+18
2017-07-27,6.424557485816959e+18
2017-07-28,6.352592230173081e+18
2017-07-29,6.727707008910404e+18
2017-07-30,6.313616489929409e+18
2017-07-31,6.162950867586229e+18
2017-08-01,6.440093218034807e+18
2017-08-02,6.433458708789876e+18
2017-08-03,5.931205533638397e+18
2017-08-04,7.749357600581546e+18
2017-08-05,7.473528335470294e+18
2017-08-06,6.023611746401905e+18
2017-08-07,6.637051419976878e+18
2017-08-08,6.835492341577139e+18
2017-08-09,6.101704437563416e+18
2017-08-10,6.165731946654979e+18
2017-08-11,6.600203906078046e+18
2017-08-12,6.199515186427555e+18
2017-08-13,6.808490790242114e+18
2017-08-14,5.951431722272017e+18
2017-08-15,6.966398749476572e+18
2017-08-16,5.984249577717564e+18
2017-08-17,8.212964228642079e+18
2017-08-18,6.837518308283777e+18
2017-08-19,6.917608817187228e+18
2017-08-20,6.078740328823849e+18
2017-08-21,5.226831047659809e+18
2017-08-22,4.04905768106274e+18
2017-08-23,7.312067149009917e+18
2017-08-24,4.480282143650908e+18
2017-08-25,4.55771141388238e+18
2017-08-26,4.5459629886225505e+18
2017-08-27,6.819136720454684e+18
2017-08-28,5.798530734519671e+18
2017-08-29,6.443697763264871e+18
2017-08-30,7.520999938308551e+18
2017-08-31,7.166050771174119e+18
2017-09-01,7.625306380515914e+18
2017-09-02,7.315314878857112e+18
2017-09-03,6.776861750240312e+18
2017-09-04,7.658044879941279e+18
2017-09-05,8.729726870765793e+18
2017-09-06,7.26129409639516e+18
2017-09-07,8.095224622247157e+18
2017-09-08,8.016664410642742e+18
2017-09-09,7.724752742607741e+18
2017-09-10,6.344961916326367e+18
2017-09-11,7.965330581307938e+18
2017-09-12,8.654504208487418e+18
2017-09-13,8.682330069662408e+18
2017-09-14,8.077670779273162e+18
2017-09-15,8.170160270480549e+18
2017-09-16,7.763074320977329e+18
2017-09-17,8.064431488849242e+18
2017-09-18,6.682361107152e+18
2017-09-19,8.513006963685893e+18
2017-09-20,6.484665198649558e+18
2017-09-21,9.508070656230685e+18
2017-09-22,7.612921344334733e+18
2017-09-23,9.100314334520388e+18
2017-09-24,8.00071352937944e+18
2017-09-25,6.872202612322393e+18
2017-09-26,7.516110273998287e+18
2017-09-27,8.130664038167811e+18
2017-09-28,9.681284732730649e+18
2017-09-29,9.354594768808649e+18
2017-09-30,7.528049671491331e+18
2017-10-01,7.112436155500788e+18
2017-10-02,8.335227471987848e+18
2017-10-03,1.0277886532460091e+19
2017-10-04,7.422592251018955e+18
2017-10-05,7.023356189137944e+18
2017-10-06,8.871337402662878e+18
2017-10-07,8.792877889939034e+18
2017-10-08,1.0325646473641998e+19
2017-10-09,8.861748823506386e+18
2017-10-10,9.049835584384749e+18
2017-10-11,7.779455181923208e+18
2017-10-12,8.432856530683236e+18
2017-10-13,7.617647672298703e+18
2017-10-14,7.872585986787942e+18
2017-10-15,1.1477083281474966e+19
2017-10-16,1.0360636120482968e+19
2017-10-17,9.751641706086484e+18
2017-10-18,9.204264442801875e+18
2017-10-19,1.032084258115303e+19
2017-10-20,1.068956015920072e+19
2017-10-21,9.060778352139421e+18
2017-10-22,1.0867199748934566e+19
2017-10-23,1.0192039949595605e+19
2017-10-24,9.88861597281461e+18
2017-10-25,1.1002618526756596e+19
2017-10-26,1.1354626248584876e+19
2017-10-27,7.472158932480477e+18
2017-10-28,6.141490976466092e+18
2017-10-29,1.1191341035520598e+19
2017-10-30,1.060974151466843e+19
2017-10-31,9.898340233471158e+18
2017-11-01,1.1339324325126627e+19
2017-11-02,1.0946679695264991e+19
2017-11-03,8.499862879960973e+18
2017-11-04,9.421560226120473e+18
2017-11-05,1.0098199256534733e+19
2017-11-06,9.959158199493882e+18
2017-11-07,1.096371383653386e+19
2017-11-08,1.035858969654824e+19
2017-11-09,1.0981820885457148e+19
2017-11-10,8.769539609242768e+18
2017-11-11,5.510182735391232e+18
2017-11-12,5.206880030541015e+18
2017-11-13,9.438911518680461e+18
2017-11-14,8.799124563864e+18
2017-11-15,1.0164580619963724e+19
2017-11-16,1.0430606799871896e+19
2017-11-17,1.1248790254416691e+19
2017-11-18,9.308775899676424e+18
2017-11-19,1.0783977579413e+19
2017-11-20,1.1818082624979657e+19
2017-11-21,1.177324199501212e+19
2017-11-22,9.981148710189074e+18
2017-11-23,1.0743776142588013e+19
2017-11-24,1.005003032222135e+19
2017-11-25,1.0371186568053996e+19
2017-11-26,1.027601111080921e+19
2017-11-27,1.1365539621714315e+19
2017-11-28,1.048785081680623e+19
2017-11-29,1.15474258359043e+19
2017-11-30,1.129180739521848e+19
2017-12-01,1.2117046922657917e+19
2017-12-02,1.0836971050589854e+19
2017-12-03,1.1755808162386135e+19
2017-12-04,1.2092991230456795e+19
2017-12-05,1.1945251915237855e+19
2017-12-06,1.3200022764743332e+19
2017-12-07,1.2050183220942475e+19
2017-12-08,1.2327103535623135e+19
2017-12-09,1.3787569988231373e+19
2017-12-10,1.2912076197962525e+19
2017-12-11,1.3530396581941262e+19
2017-12-12,1.260598936487024e+19
2017-12-13,1.4426586650113432e+19
2017-12-14,1.4695839153969756e+19
2017-12-15,1.3340168853374194e+19
2017-12-16,1.3550953294135478e+19
2017-12-17,1.4693447642309222e+19
2017-12-18,1.5250260588638804e+19
2017-12-19,1.310584079365299e+19
2017-12-20,1.2687098948176077e+19
2017-12-21,1.2159832500036268e+19
2017-12-22,1.4508349787027976e+19
2017-12-23,1.292454802148513e+19
2017-12-24,1.421431240086221e+19
2017-12-25,1.2478056852579031e+19
2017-12-26,1.334056894199623e+19
2017-12-27,1.4483820635593208e+19
2017-12-28,1.3894519443929813e+19
2017-12-29,1.5449405436171252e+19
2017-12-30,1.3496350696512336e+19
2017-12-31,1.5280457969397246e+19
2018-01-01,1.4852489316758e+19
2018-01-02,1.6443898779835845e+19
2018-01-03,1.4975037809879446e+19
2018-01-04,1.6133524105122347e+19
2018-01-05,1.372412131179275e+19
2018-01-06,1.620369107043755e+19
2018-01-07,1.5554625359322767e+19
2018-01-08,1.5924311239506029e+19
2018-01-09,1.5762350235195363e+19
2018-01-10,1.593647634792442e+19
2018-01-11,1.8468271950052037e+19
2018-01-12,1.7051996870785272e+19
2018-01-13,1.5847555666861107e+19
2018-01-14,1.7386115420148945e+19
2018-01-15,1.6474179174002129e+19
2018-01-16,1.748229482226006e+19
2018-01-17,1.8564349747780256e+19
2018-01-18,1.9216374695297315e+19
2018-01-19,1.8119725283411909e+19
2018-01-20,1.9730076213335843e+19
2018-01-21,2.0782796225687745e+19
2018-01-22,1.8742024031080632e+19
2018-01-23,1.925104910848837e+19
2018-01-24,1.9588719028748407e+19
2018-01-25,1.9637154329422262e+19
2018-01-26,1.9845857606899065e+19
2018-01-27,2.0801354587104244e+19
2018-01-28,1.997897253887322e+19
2018-01-29,1.9121274828254777e+19
2018-01-30,2.16513442825058e+19
2018-01-31,1.5250789068422455e+19
2018-02-01,2.0575825297842295e+19
2018-02-02,2.170824121598886e+19
2018-02-03,2.0740411365469245e+19
2018-02-04,2.2802739374892487e+19
2018-02-05,2.4123777048435753e+19
2018-02-06,2.1999765582367265e+19
2018-02-07,2.004877334518741e+19
2018-02-08,1.8766272974748045e+19
2018-02-09,1.9193644662872277e+19
2018-02-10,2.0441206751603544e+19
2018-02-11,2.1671080744214348e+19
2018-02-12,2.356823535217763e+19
2018-02-13,2.412313396851402e+19
2018-02-14,2.484203831213958e+19
2018-02-15,1.873822661933604e+19
2018-02-16,2.259811602374546e+19
2018-02-17,2.1230547156952326e+19
2018-02-18,2.330503181359964e+19
2018-02-19,2.2890037369704956e+19
2018-02-20,2.089961698782582e+19
2018-02-21,2.5156534804938183e+19
2018-02-22,2.240588255066855e+19
2018-02-23,2.2068469156577767e+19
2018-02-24,2.1529671994676417e+19
2018-02-25,2.565380409921913e+19
2018-02-26,2.118413861198478e+19
2018-02-27,2.3736142514510455e+19
2018-02-28,2.318504932936386e+19
2018-03-01,2.464176407655962e+19
2018-03-02,2.3400752485739557e+19
2018-03-03,2.7014358490792665e+19
2018-03-04,2.197486087638536e+19
2018-03-05,2.4026933613481554e+19
2018-03-06,2.5597694633674502e+19
2018-03-07,2.5734593045843775e+19
2018-03-08,2.6451088369964237e+19
2018-03-09,2.40122955992619e+19
2018-03-10,2.2960294221145403e+19
2018-03-11,2.482384971731464e+19
2018-03-12,2.643347849143992e+19
2018-03-13,2.6058688403870458e+19
2018-03-14,2.3299428667219907e+19
2018-03-15,2.3451389634075312e+19
2018-03-16,2.5775755664200098e+19
2018-03-17,2.4140218962467713e+19
2018-03-18,2.5349279002592805e+19
2018-03-19,2.6910940054790287e+19
2018-03-20,2.1728461195785163e+19
2018-03-21,2.6213198533520114e+19
2018-03-22,2.4531380843914404e+19
2018-03-23,2.2889036858425537e+19
2018-03-24,2.6921438789257888e+19
2018-03-25,2.3933115832313967e+19
2018-03-26,2.5071942608175632e+19
2018-03-27,2.6129870445151072e+19
2018-03-28,2.362723432082908e+19
2018-03-29,2.5974340863635104e+19
2018-03-30,2.7787269185492517e+19
2018-03-31,2.207401647116854e+19
2018-04-01,2.799686642949283e+19
2018-04-02,2.734944926862612e+19
2018-04-03,2.825280296299739e+19
2018-04-04,2.5689464209063113e+19
2018-04-05,2.722190838530023e+19
2018-04-06,2.4101278063110033e+19
2018-04-07,3.1519313556009144e+19
2018-04-08,2.820734187756503e+19
2018-04-09,2.5504439534723834e+19
2018-04-10,2.854358691218814e+19
2018-04-11,2.810090893406997e+19
2018-04-12,2.7218423346455343e+19
2018-04-13,2.8589604750970315e+19
2018-04-14,2.634054170434922e+19
2018-04-15,3.0400820069570634e+19
2018-04-16,2.6958391268743733e+19
2018-04-17,3.1045824444077384e+19
2018-04-18,3.0439670992212414e+19
2018-04-19,3.3964057077246435e+19
2018-04-20,2.608051779361373e+19
2018-04-21,3.0730546223888253e+19
2018-04-22,3.0153012985862832e+19
2018-04-23,2.922662905144428e+19
2018-04-24,3.058072154905407e+19
2018-04-25,2.4021579979610657e+19
2018-04-26,2.6535344419306717e+19
2018-04-27,2.7295777690405753e+19
2018-04-28,2.5574258927751328e+19
2018-04-29,3.166785176818715e+19
2018-04-30,3.113013265667814e+19
2018-05-01,3.1469587669881774e+19
2018-05-02,2.80269530584614e+19
2018-05-03,3.005665171660752e+19
2018-05-04,2.79478599028632e+19
2018-05-05,3.1774756324496204e+19
2018-05-06,2.757529294002051e+19
2018-05-07,2.979957111249256e+19
2018-05-08,2.803010794154522e+19
2018-05-09,3.1711447281597153e+19
2018-05-10,3.098657422985912e+19
2018-05-11,2.5975545592232616e+19
2018-05-12,3.4178779295451034e+19
2018-05-13,3.044789372559334e+19
2018-05-14,2.7054280705829585e+19
2018-05-15,3.0128725842815537e+19
2018-05-16,3.747086287449572e+19
2018-05-17,2.705054259291555e+19
2018-05-18,3.0366108711781855e+19
2018-05-19,3.1503467383057986e+19
2018-05-20,2.9605129364831896e+19
2018-05-21,3.246080013991256e+19
2018-05-22,3.127512163013856e+19
2018-05-23,3.3326558972226216e+19
2018-05-24,2.98336111283357e+19
2018-05-25,3.7853715762389385e+19
2018-05-26,3.4502839542853747e+19
2018-05-27,3.5027202872492364e+19
2018-05-28,3.429135479733807e+19
2018-05-29,2.904252435948076e+19
2018-05-30,3.763095081949985e+19
2018-05-31,3.600397611922186e+19
2018-06-01,3.554177177353504e+19
2018-06-02,3.2642506123934007e+19
2018-06-03,3.4802371167626113e+19
2018-06-04,3.918794189292137e+19
2018-06-05,3.879241390091786e+19
2018-06-06,3.606034851183805e+19
2018-06-07,3.4980042698567393e+19
2018-06-08,3.5681514685364425e+19
2018-06-09,3.5392105390289396e+19
2018-06-10,3.102077754060921e+19
2018-06-11,3.4610457457832534e+19
2018-06-12,3.5281780252987404e+19
2018-06-13,3.5396233760548033e+19
2018-06-14,3.764665742608574e+19
2018-06-15,3.7402916754986115e+19
2018-06-16,4.057159439106697e+19
2018-06-17,3.895884987070195e+19
2018-06-18,3.986194456165357e+19
2018-06-19,3.865169224202872e+19
2018-06-20,3.9419152262891274e+19
2018-06-21,4.2811040694794035e+19
2018-06-22,3.800038701696153e+19
2018-06-23,4.0299724746994885e+19
2018-06-24,4.387607519939943e+19
2018-06-25,3.896801451302588e+19
2018-06-26,3.693217812133667e+19
2018-06-27,3.052673262764358e+19
2018-06-28,4.0315663127977394e+19
2018-06-29,3.7581875775690965e+19
2018-06-30,3.565538346153189e+19
2018-07-01,3.686824496717359e+19
2018-07-02,3.696446892081411e+19
2018-07-03,3.1245867067552436e+19
2018-07-04,3.495011955408668e+19
2018-07-05,3.651012609731404e+19
2018-07-06,4.2924591791351054e+19
2018-07-07,4.107089608368173e+19
2018-07-08,4.2371750662090285e+19
2018-07-09,3.6540797838252823e+19
2018-07-10,3.929938303645417e+19
2018-07-11,3.596756162044588e+19
2018-07-12,3.850484986063452e+19
2018-07-13,3.744292258214897e+19
2018-07-14,3.5226120811203166e+19
2018-07-15,3.5747258615293764e+19
2018-07-16,3.2020048062161404e+19
2018-07-17,4.096211148205444e+19
2018-07-18,4.471211780494658e+19
2018-07-19,4.393411318117548e+19
2018-07-20,3.9829559916680724e+19
2018-07-21,3.5292848440371954e+19
2018-07-22,4.695445656536735e+19
2018-07-23,4.251297076322708e+19
2018-07-24,4.122194887246668e+19
2018-07-25,4.5482490924905636e+19
2018-07-26,4.211478707095431e+19
2018-07-27,4.3238554008962286e+19
2018-07-28,3.730276339227103e+19
2018-07-29,4.775940418712821e+19
2018-07-30,3.976233110040132e+19
2018-07-31,4.338008204595828e+19
2018-08-01,4.438482376556891e+19
2018-08-02,4.502071371067676e+19
2018-08-03,4.949865876432516e+19
2018-08-04,5.2747029164057534e+19
2018-08-05,4.627110426340687e+19
2018-08-06,3.893497686773759e+19
2018-08-07,4.473615323122742e+19
2018-08-08,4.637716973612605e+19
2018-08-09,4.399060881302856e+19
2018-08-10,5.1875750678332875e+19
2018-08-11,5.3066115233160045e+19
2018-08-12,4.919212640732305e+19
2018-08-13,4.7260397009916174e+19
2018-08-14,4.3315413701688435e+19
2018-08-15,5.1886635777014555e+19
2018-08-16,4.934022162180116e+19
2018-08-17,4.819264572611391e+19
2018-08-18,5.180650756742408e+19
2018-08-19,4.518391764486459e+19
2018-08-20,4.797703950918654e+19
2018-08-21,4.7393689767813186e+19
2018-08-22,5.013823059144847e+19
2018-08-23,4.7261678919392166e+19
2018-08-24,4.816804555804447e+19
2018-08-25,4.4249892874704536e+19
2018-08-26,5.764514618106879e+19
2018-08-27,6.1897060762603586e+19
2018-08-28,5.132784116233552e+19
2018-08-29,4.640702387919667e+19
2018-08-30,5.1504246473430204e+19
2018-08-31,5.169090218859708e+19
2018-09-01,5.118762945310802e+19
2018-09-02,4.772669917729443e+19
2018-09-03,4.8066899195691024e+19
2018-09-04,4.305331054701263e+19
2018-09-05,4.322537108402186e+19
2018-09-06,5.014441753779334e+19
2018-09-07,5.262780011577905e+19
2018-09-08,5.276891186638985e+19
2018-09-09,5.6509374258539454e+19
2018-09-10,4.778981475507774e+19
2018-09-11,4.8483143325052944e+19
2018-09-12,5.880815614711985e+19
2018-09-13,5.154265822235448e+19
2018-09-14,4.638630256496623e+19
2018-09-15,4.8558553577878045e+19
2018-09-16,4.938266882802821e+19
2018-09-17,4.613692090929829e+19
2018-09-18,4.959000558540919e+19
2018-09-19,5.43890649614802e+19
2018-09-20,5.387029103449419e+19
2018-09-21,5.150096618058155e+19
2018-09-22,5.485962165329586e+19
2018-09-23,5.350233314378063e+19
2018-09-24,5.2806749164962415e+19
2018-09-25,5.9665515310354194e+19
2018-09-26,4.951616312503508e+19
2018-09-27,5.1281829761866334e+19
2018-09-28,5.460634895384652e+19
2018-09-29,5.458390828037187e+19
2018-09-30,5.740800448558164e+19
2018-10-01,5.607582845746517e+19
2018-10-02,4.8457004936562704e+19
2018-10-03,5.1556103210346635e+19
2018-10-04,5.482823210177425e+19
2018-10-05,4.8147527527523615e+19
2018-10-06,4.6397670087923925e+19
2018-10-07,5.322231830609901e+19
2018-10-08,4.933341264445445e+19
2018-10-09,4.825637397323664e+19
2018-10-10,5.3588027676980716e+19
2018-10-11,5.8675017857021846e+19
2018-10-12,4.884531877407849e+19
2018-10-13,5.234992302546883e+19
2018-10-14,4.218654367825732e+19
2018-10-15,6.039392619364217e+19
2018-10-16,5.025629906399785e+19
2018-10-17,5.056070146129441e+19
2018-10-18,5.107341470182402e+19
2018-10-19,5.152511074689248e+19
2018-10-20,5.006317018374841e+19
2018-10-21,4.926536726636379e+19
2018-10-22,5.5575457583666676e+19
2018-10-23,5.56150755654188e+19
2018-10-24,3.98343474550474e+19
2018-10-25,4.92801858811358e+19
2018-10-26,5.0869625780841415e+19
2018-10-27,4.850759296748176e+19
2018-10-28,4.974564291597544e+19
2018-10-29,5.257458070914312e+19
2018-10-30,5.477256862744441e+19
2018-10-31,5.801034645608381e+19
2018-11-01,5.5616013008828326e+19
2018-11-02,5.101887141138506e+19
2018-11-03,5.7123138905703375e+19
2018-11-04,4.574571173147599e+19
2018-11-05,4.9556968781624254e+19
2018-11-06,4.570476163921444e+19
2018-11-07,4.703061159903209e+19
2018-11-08,4.265395042709254e+19
2018-11-09,4.5353991115165426e+19
2018-11-10,4.693128768255762e+19
2018-11-11,5.2355551592579056e+19
2018-11-12,4.96534539185018e+19
2018-11-13,4.272855805415472e+19
2018-11-14,4.8103488261471035e+19
2018-11-15,4.534454488163877e+19
2018-11-16,4.502232893246713e+19
2018-11-17,4.7941399932815024e+19
2018-11-18,4.0699082763442495e+19
2018-11-19,4.177785229966227e+19
2018-11-20,4.365684379993368e+19
2018-11-21,3.4771706307623485e+19
2018-11-22,4.009243593963481e+19
2018-11-23,4.204983077883694e+19
2018-11-24,4.674095366986462e+19
2018-11-25,4.182503387320941e+19
2018-11-26,3.6747162826570703e+19
2018-11-27,4.331057064230098e+19
2018-11-28,3.899317594125579e+19
2018-11-29,3.537557962772591e+19
2018-11-30,3.2861735681213985e+19
2018-12-01,4.1358979456268755e+19
2018-12-02,3.7382172173749715e+19
2018-12-03,3.4860598015380128e+19
2018-12-04,3.857237006286444e+19
2018-12-05,3.6459836296308584e+19
2018-12-06,3.777302255739688e+19
2018-12-07,3.2572932743303766e+19
2018-12-08,3.509008926705245e+19
2018-12-09,3.5824754696482435e+19
2018-12-10,3.4829034809027187e+19
2018-12-11,3.524421277852551e+19
2018-12-12,3.3553953486475338e+19
2018-12-13,3.6746246077009527e+19
2018-12-14,4.1709823565440475e+19
2018-12-15,4.163882072447752e+19
2018-12-16,3.190790795009676e+19
2018-12-17,4.4913639933975495e+19
2018-12-18,3.6077109330767e+19
2018-12-19,3.7642472897870496e+19
2018-12-20,3.434733680459171e+19
2018-12-21,3.5520976440973672e+19
2018-12-22,4.437452632776937e+19
2018-12-23,4.463893312434909e+19
2018-12-24,3.947626035342534e+19
2018-12-25,3.947715708891728e+19
2018-12-26,3.9808908566529114e+19
2018-12-27,4.491336620342953e+19
2018-12-28,4.1924276295228965e+19
2018-12-29,3.5123241991067623e+19
2018-12-30,4.427590673574189e+19
2018-12-31,4.045677989437879e+19
2019-01-01,4.191335665799785e+19
2019-01-02,4.197443324033769e+19
2019-01-03,4.3135032868294164e+19
2019-01-04,4.162176607421936e+19
2019-01-05,4.69146467028063e+19
2019-01-06,3.853592058822068e+19
2019-01-07,3.904041815452393e+19
2019-01-08,4.7367040686012465e+19
2019-01-09,4.588304784617126e+19
2019-01-10,4.3356823632758555e+19
2019-01-11,4.138362311649089e+19
2019-01-12,3.8679759663593366e+19
2019-01-13,3.809768492678407e+19
2019-01-14,4.368356880057457e+19
2019-01-15,3.8732125029508506e+19
2019-01-16,3.894776864090067e+19
2019-01-17,3.709101249146505e+19
2019-01-18,4.020418965666127e+19
2019-01-19,3.8796266383937724e+19
2019-01-20,4.5946122325732975e+19
2019-01-21,4.3783994573094494e+19
2019-01-22,3.81240272533416e+19
2019-01-23,4.300585740990504e+19
2019-01-24,4.716197007984754e+19
2019-01-25,4.007989872291984e+19
2019-01-26,4.3904178572745e+19
2019-01-27,4.0172663862901375e+19
2019-01-28,4.2106097835416945e+19
2019-01-29,4.211479141555953e+19
2019-01-30,3.922115625097155e+19
2019-01-31,4.5535606136438e+19
2019-02-01,4.4931708293288624e+19
2019-02-02,4.175005782278226e+19
2019-02-03,4.010498793922411e+19
2019-02-04,4.242726145567732e+19
2019-02-05,4.230551965655472e+19
2019-02-06,4.7475372524864045e+19
2019-02-07,5.016263077608059e+19
2019-02-08,4.707021813635288e+19
2019-02-09,4.345937129822039e+19
2019-02-10,4.105580255065602e+19
2019-02-11,4.3464981528909505e+19
2019-02-12,3.8817827485833175e+19
2019-02-13,4.592703532765963e+19
2019-02-14,4.321788555296737e+19
2019-02-15,3.7683597866461725e+19
2019-02-16,4.524509062104672e+19
2019-02-17,4.765062734882804e+19
2019-02-18,4.682758981605948e+19
2019-02-19,4.7030918340350706e+19
2019-02-20,3.908019755473935e+19
2019-02-21,3.6029271774322663e+19
2019-02-22,4.857709624656185e+19
2019-02-23,4.3492944793615335e+19
2019-02-24,4.136682130823751e+19
2019-02-25,4.331654939063057e+19
2019-02-26,4.804132012828713e+19
2019-02-27,4.251958983934427e+19
2019-02-28,4.523099106902389e+19
2019-03-01,4.91707025703574e+19
2019-03-02,4.005149843882169e+19
2019-03-03,4.3741596327954104e+19
2019-03-04,4.122374247260928e+19
2019-03-05,4.506545412944001e+19
2019-03-06,3.8528505586195644e+19
2019-03-07,4.280283404141905e+19
2019-03-08,4.415758386029919e+19
2019-03-09,4.221188501788009e+19
2019-03-10,4.110018674788531e+19
2019-03-11,4.250393971905788e+19
2019-03-12,4.343724894604969e+19
2019-03-13,4.0662224473979314e+19
2019-03-14,4.618353765552668e+19
2019-03-15,4.6354894938618765e+19
2019-03-16,4.930210593544573e+19
2019-03-17,4.3917589020494225e+19
2019-03-18,4.8796830290461295e+19
2019-03-19,5.2341952462066885e+19
2019-03-20,4.827201851718463e+19
2019-03-21,4.323019379403712e+19
2019-03-22,4.874864904641823e+19
2019-03-23,4.3729320267249934e+19
2019-03-24,4.724872671463976e+19
2019-03-25,4.694171374298883e+19
2019-03-26,4.265682985936821e+19
2019-03-27,4.74445266074037e+19
2019-03-28,4.617267102592131e+19
2019-03-29,4.648033817439912e+19
2019-03-30,4.393102365409936e+19
2019-03-31,4.4714511477921464e+19
2019-04-01,4.267813723672647e+19
2019-04-02,5.04107725018008e+19
2019-04-03,4.4627444150682124e+19
2019-04-04,4.553878701780607e+19
2019-04-05,4.874725933041472e+19
2019-04-06,4.407519054847047e+19
2019-04-07,4.5350283683949216e+19
2019-04-08,4.64950288622032e+19
2019-04-09,4.20956244832443e+19
2019-04-10,4.713516804052989e+19
2019-04-11,4.9829838204014395e+19
2019-04-12,4.774009759554727e+19
2019-04-13,4.2942120125706805e+19
2019-04-14,3.8866837496263885e+19
2019-04-15,4.578620255359588e+19
2019-04-16,4.639876269404345e+19
2019-04-17,4.3672766441166635e+19
2019-04-18,4.7401966659354395e+19
2019-04-19,4.8356928949413994e+19
2019-04-20,4.1716638525461594e+19
2019-04-21,5.108609683284443e+19
2019-04-22,4.260863094671639e+19
2019-04-23,3.6381411331339583e+19
2019-04-24,5.208360698944029e+19
2019-04-25,4.4677464536396276e+19
2019-04-26,4.768854410141679e+19
2019-04-27,4.428138232264228e+19
2019-04-28,5.006109062239727e+19
2019-04-29,5.144085235257821e+19
2019-04-30,4.428425250736889e+19
2019-05-01,5.456637316825476e+19
2019-05-02,5.813745991946154e+19
2019-05-03,4.7422002215583425e+19
2019-05-04,4.3151403381253644e+19
2019-05-05,4.328308536986593e+19
2019-05-06,5.014334444987408e+19
2019-05-07,4.247883779087516e+19
2019-05-08,5.040622179830656e+19
2019-05-09,5.029926808041857e+19
2019-05-10,4.133059256584011e+19
2019-05-11,4.345299017077594e+19
2019-05-12,5.2356132493196616e+19
2019-05-13,5.609787587949e+19
2019-05-14,5.058980749651283e+19
2019-05-15,4.93812110776671e+19
2019-05-16,4.9262678966209995e+19
2019-05-17,4.95929725291843e+19
2019-05-18,5.1272052897964474e+19
2019-05-19,5.5276182411293295e+19
2019-05-20,5.2800918777579184e+19
2019-05-21,5.082088805909144e+19
2019-05-22,5.644321293232668e+19
2019-05-23,5.1775184794265666e+19
2019-05-24,5.103103280794584e+19
2019-05-25,4.6904223723682185e+19
2019-05-26,5.532954544617231e+19
2019-05-27,5.545453409096313e+19
2019-05-28,5.430741959003893e+19
2019-05-29,5.805815610875699e+19
2019-05-30,5.374244475679761e+19
2019-05-31,4.341540517708313e+19
2019-06-01,5.614759986459496e+19
2019-06-02,4.8413040118881894e+19
2019-06-03,4.4432867752821735e+19
2019-06-04,5.646558232262109e+19
2019-06-05,6.014117762630004e+19
2019-06-06,5.740919552988447e+19
2019-06-07,5.91783517595806e+19
2019-06-08,4.550797831538406e+19
2019-06-09,5.469897048650614e+19
2019-06-10,5.827650238235472e+19
2019-06-11,5.323838709784463e+19
2019-06-12,4.8542383448022204e+19
2019-06-13,5.559975859622084e+19
2019-06-14,6.27687232800883e+19
2019-06-15,5.334607737351219e+19
2019-06-16,4.791418509555544e+19
2019-06-17,4.8956958716227265e+19
2019-06-18,6.083443507604917e+19
2019-06-19,6.45403391621718e+19
2019-06-20,5.2867826739237224e+19
2019-06-21,4.906080853012629e+19
2019-06-22,5.2287606730254524e+19
2019-06-23,6.634094340125751e+19
2019-06-24,6.520906192522929e+19
2019-06-25,5.3667732536079835e+19
2019-06-26,6.117265518599636e+19
2019-06-27,5.555272395851673e+19
2019-06-28,6.3968164147177275e+19
2019-06-29,6.8903938902063776e+19
2019-06-30,5.980763329308587e+19
2019-07-01,5.624236552929268e+19
2019-07-02,6.22266556201762e+19
2019-07-03,6.776547024138769e+19
2019-07-04,6.6098914560666845e+19
2019-07-05,7.434117894177687e+19
2019-07-06,7.054860048960304e+19
2019-07-07,6.1005476407654195e+19
2019-07-08,6.977766622302311e+19
2019-07-09,6.522023029467285e+19
2019-07-10,5.825315894495067e+19
2019-07-11,5.832419525746701e+19
2019-07-12,7.343728687196328e+19
2019-07-13,6.396737138034504e+19
2019-07-14,6.518046687187844e+19
2019-07-15,6.54780188121958e+19
2019-07-16,7.369883075841512e+19
2019-07-17,5.9751034709205295e+19
2019-07-18,5.451093759741035e+19
2019-07-19,5.292241955736873e+19
2019-07-20,7.973914012183165e+19
2019-07-21,6.695380942165096e+19
2019-07-22,7.133807294154256e+19
2019-07-23,6.411865650661373e+19
2019-07-24,6.2388959227558355e+19
2019-07-25,6.7075807356135965e+19
2019-07-26,7.441019318005853e+19
2019-07-27,6.815278438494037e+19
2019-07-28,7.876825086907938e+19
2019-07-29,7.600278801613046e+19
2019-07-30,6.2697467646260216e+19
2019-07-31,7.68552462346903e+19
2019-08-01,6.344420201839309e+19
2019-08-02,7.608089335115689e+19
2019-08-03,7.720292541046835e+19
2019-08-04,7.483245363598608e+19
2019-08-05,7.012853205445016e+19
2019-08-06,8.056620707024165e+19
2019-08-07,7.590310590725718e+19
2019-08-08,7.029152940971431e+19
2019-08-09,7.262408119836643e+19
2019-08-10,7.564241243287126e+19
2019-08-11,7.522868623494447e+19
2019-08-12,6.612646753686233e+19
2019-08-13,7.868851290208651e+19
2019-08-14,7.475756552640243e+19
2019-08-15,7.789561045368111e+19
2019-08-16,7.302957672853826e+19
2019-08-17,6.4147694693906e+19
2019-08-18,6.31189554411291e+19
2019-08-19,8.174249236250762e+19
2019-08-20,7.705628156353801e+19
2019-08-21,6.907510938837042e+19
2019-08-22,7.1065842182583575e+19
2019-08-23,7.73502059331888e+19
2019-08-24,8.085172221449147e+19
2019-08-25,7.916843254461894e+19
2019-08-26,6.919331308269828e+19
2019-08-27,6.7994751437622166e+19
2019-08-28,7.661183927507347e+19
2019-08-29,8.325329603439365e+19
2019-08-30,8.12733286632959e+19
2019-08-31,8.367291825962104e+19
2019-09-01,7.62623606651811e+19
2019-09-02,8.094810514427121e+19
2019-09-03,8.670858266670925e+19
2019-09-04,7.282765350770822e+19
2019-09-05,8.91245678285196e+19
2019-09-06,8.37085059951708e+19
2019-09-07,8.069635702123587e+19
2019-09-08,9.511883901888365e+19
2019-09-09,7.83967748045722e+19
2019-09-10,9.666725547871986e+19
2019-09-11,9.84574576403001e+19
2019-09-12,8.473315166957565e+19
2019-09-13,8.147839395233074e+19
2019-09-14,9.173598087927297e+19
2019-09-15,8.942523314195956e+19
2019-09-16,9.431531237937106e+19
2019-09-17,8.716074170860978e+19
2019-09-18,1.0390340220962524e+20
2019-09-19,8.643609668754306e+19
2019-09-20,8.98528056042546e+19
2019-09-21,9.726672176219855e+19
2019-09-22,9.91239162274154e+19
2019-09-23,6.670502272589248e+19
2019-09-24,9.301884621329757e+19
2019-09-25,9.21654743763908e+19
2019-09-26,1.0221382114263432e+20
2019-09-27,8.381703604474557e+19
2019-09-28,1.011430741030215e+20
2019-09-29,8.609956631540531e+19
2019-09-30,8.308424489876559e+19
2019-10-01,8.959141686470884e+19
2019-10-02,9.393096668902575e+19
2019-10-03,9.372176827467091e+19
2019-10-04,9.449348467052824e+19
2019-10-05,9.87126372361284e+19
2019-10-06,9.425236679527549e+19
2019-10-07,9.878319931090813e+19
2019-10-08,1.0247454483947866e+20
2019-10-09,8.746374349103325e+19
2019-10-10,1.035613331930272e+20
2019-10-11,1.006526684494953e+20
2019-10-12,8.629920749533603e+19
2019-10-13,9.162926032671972e+19
2019-10-14,8.720700350981579e+19
2019-10-15,9.993578334987085e+19
2019-10-16,9.159536304114765e+19
2019-10-17,9.717869642905204e+19
2019-10-18,1.0510767607184623e+20
2019-10-19,9.12393575490851e+19
2019-10-20,9.36995649916156e+19
2019-10-21,1.0303450865952132e+20
2019-10-22,1.0919802559988254e+20
2019-10-23,1.086347272606215e+20
2019-10-24,9.050294556631128e+19
2019-10-25,9.4323352883791e+19
2019-10-26,9.53368644980965e+19
2019-10-27,7.789387775439593e+19
2019-10-28,9.118236369742358e+19
2019-10-29,9.066136191551619e+19
2019-10-30,9.107591980956723e+19
2019-10-31,8.98120794196708e+19
2019-11-01,8.928497629063106e+19
2019-11-02,9.224876790882532e+19
2019-11-03,9.242719554897058e+19
2019-11-04,8.962645299406381e+19
2019-11-05,9.8620384752504e+19
2019-11-06,8.999743287462917e+19
2019-11-07,9.09427502455515e+19
2019-11-08,8.153175212995268e+19
2019-11-09,9.125296023115558e+19
2019-11-10,1.0393931486169648e+20
2019-11-11,9.762064967619533e+19
2019-11-12,8.373244130279336e+19
2019-11-13,8.555262730642919e+19
2019-11-14,1.0824433877553344e+20
2019-11-15,9.84585040183143e+19
2019-11-16,9.332875836557645e+19
2019-11-17,9.73122942129851e+19
2019-11-18,8.954598693392879e+19
2019-11-19,9.194359185736407e+19
2019-11-20,9.05199988475342e+19
2019-11-21,8.705627640023233e+19
2019-11-22,8.481503719672662e+19
2019-11-23,1.1267805571317563e+20
2019-11-24,8.394887544901558e+19
2019-11-25,8.074465303517012e+19
2019-11-26,7.797334457660365e+19
2019-11-27,8.957413710854963e+19
2019-11-28,1.0724548922637007e+20
2019-11-29,8.62532882496686e+19
2019-11-30,8.326817195685208e+19
2019-12-01,8.871636940116083e+19
2019-12-02,9.314977241420946e+19
2019-12-03,1.0120126707130737e+20
2019-12-04,1.0715682535037778e+20
2019-12-05,9.383017120126986e+19
2019-12-06,9.250030877659231e+19
2019-12-07,9.91506908082085e+19
2019-12-08,9.475292141389704e+19
2019-12-09,9.467729794271524e+19
2019-12-10,9.500036114600157e+19
2019-12-11,8.423146724269546e+19
2019-12-12,8.57041791715256e+19
2019-12-13,9.697702692441904e+19
2019-12-14,9.69744413216011e+19
2019-12-15,7.901166344897087e+19
2019-12-16,1.0254965285868805e+20
2019-12-17,8.848296066971779e+19
2019-12-18,8.576498665925586e+19
2019-12-19,1.021868349937897e+20
2019-12-20,9.877439832476957e+19
2019-12-21,1.1352779855366252e+20
2019-12-22,1.0865081049426564e+20
2019-12-23,9.188962406460835e+19
2019-12-24,8.10403604413644e+19
2019-12-25,8.181599773394297e+19
2019-12-26,1.0824846896724432e+20
2019-12-27,9.279630453928642e+19
2019-12-28,9.581487911697713e+19
2019-12-29,1.0067195381292648e+20
2019-12-30,1.0600156564528847e+20
2019-12-31,9.432680856783235e+19
2020-01-01,1.1132868486861552e+20
2020-01-02,9.790297891357993e+19
2020-01-03,1.1449291231795698e+20
2020-01-04,1.1595074641967556e+20
2020-01-05,1.1158242007499096e+20
2020-01-06,9.287295016259409e+19
2020-01-07,1.1992063976110807e+20
2020-01-08,9.749167289281357e+19
2020-01-09,1.0903808641818976e+20
2020-01-10,1.0146656245963694e+20
2020-01-11,1.1141255052063089e+20
2020-01-12,1.0337731600756946e+20
2020-01-13,9.836283092754419e+19
2020-01-14,9.962849100683926e+19
2020-01-15,1.1047399058433665e+20
2020-01-16,1.1780035530929196e+20
2020-01-17,1.1628134036799172e+20
2020-01-18,9.688938518850547e+19
2020-01-19,1.1025459565355008e+20
2020-01-20,1.1201656268283544e+20
2020-01-21,1.1154630545873238e+20
2020-01-22,1.1480172995785631e+20
2020-01-23,1.1700267190522184e+20
2020-01-24,1.1123638252047068e+20
2020-01-25,1.205198994023998e+20
2020-01-26,1.0502423495212022e+20
2020-01-27,9.6527200417504e+19
2020-01-28,1.0631498693337684e+20
2020-01-29,1.2228576001271647e+20
2020-01-30,1.203544332576724e+20
2020-01-31,1.105085611264898e+20
2020-02-01,1.1564669454372672e+20
2020-02-02,1.1030183753526311e+20
2020-02-03,1.1343147098749669e+20
2020-02-04,1.018987247322782e+20
2020-02-05,1.2205230104420549e+20
2020-02-06,1.0371800617460512e+20
2020-02-07,1.075925293165942e+20
2020-02-08,1.0571879466397404e+20
2020-02-09,1.1761100673630277e+20
2020-02-10,9.39073845655604e+19
2020-02-11,1.1494214480368624e+20
2020-02-12,1.0980836355617808e+20
2020-02-13,1.086186943980282e+20
2020-02-14,1.0387797856592264e+20
2020-02-15,1.1031299170882768e+20
2020-02-16,1.1216870232635204e+20
2020-02-17,1.1824053468471468e+20
2020-02-18,1.1625324635923522e+20
2020-02-19,1.0891145699889743e+20
2020-02-20,9.75994842684601e+19
2020-02-21,1.1961990777319527e+20
2020-02-22,1.131456706290436e+20
2020-02-23,1.1152355417959149e+20
2020-02-24,1.0722822468169302e+20
2020-02-25,1.1214120604454312e+20
2020-02-26,1.0555351096727663e+20
2020-02-27,1.1422153930984523e+20
2020-02-28,1.185156559299296e+20
2020-02-29,1.0729224185236283e+20
2020-03-01,1.3731710855561363e+20
2020-03-02,1.1437534303379118e+20
2020-03-03,1.1739298625615382e+20
2020-03-04,1.279960406282284e+20
2020-03-05,1.2617038168496769e+20
2020-03-06,1.1870434228724425e+20
2020-03-07,1.245539701406248e+20
2020-03-08,1.1845954941773308e+20
2020-03-09,1.1950265488366182e+20
2020-03-10,1.0897317900369515e+20
2020-03-11,9.883085620893744e+19
2020-03-12,1.2284282333248751e+20
2020-03-13,1.0383697170745696e+20
2020-03-14,1.0588983101839285e+20
2020-03-15,9.680104560806509e+19
2020-03-16,9.756911295183567e+19
2020-03-17,1.009372169405224e+20
2020-03-18,8.261779748627343e+19
2020-03-19,8.814598415938419e+19
2020-03-20,9.076005613741523e+19
2020-03-21,1.0165810398549464e+20
2020-03-22,1.0437635162300906e+20
2020-03-23,9.207611085366749e+19
2020-03-24,1.0778415767467827e+20
2020-03-25,7.597570621735292e+19
2020-03-26,1.1232647821277348e+20
2020-03-27,1.0700654560425404e+20
2020-03-28,9.348763814166541e+19
2020-03-29,1.0440310108478602e+20
2020-03-30,1.0192285842436637e+20
2020-03-31,1.1022518581600738e+20
2020-04-01,1.0528522095769556e+20
2020-04-02,1.0593792369135832e+20
2020-04-03,9.117028833419764e+19
2020-04-04,1.0975037400789297e+20
2020-04-05,1.1966905385698802e+20
2020-04-06,9.08350274549848e+19
2020-04-07,1.135901649041151e+20
2020-04-08,1.0338730995756096e+20
2020-04-09,1.1364762527965846e+20
2020-04-10,1.1831655211321863e+20
2020-04-11,1.1654547156152933e+20
2020-04-12,1.1154339621248283e+20
2020-04-13,1.256663654800667e+20
2020-04-14,1.2218023552948386e+20
2020-04-15,1.2399761282767276e+20
2020-04-16,1.1197277963485508e+20
2020-04-17,9.290552832117848e+19
2020-04-18,1.1557924230627031e+20
2020-04-19,1.1310406892144887e+20
2020-04-20,1.1597505603284343e+20
2020-04-21,1.1652128835645538e+20
2020-04-22,1.0292282862186716e+20
2020-04-23,1.1252483764805252e+20
2020-04-24,1.1523276635827018e+20
2020-04-25,1.0766570822556108e+20
2020-04-26,1.0797721966318132e+20
2020-04-27,1.12172040198318e+20
2020-04-28,1.2188742534965004e+20
2020-04-29,1.1513639975352625e+20
2020-04-30,1.0752980904952362e+20
2020-05-01,1.1142067452980796e+20
2020-05-02,1.176207281145901e+20
2020-05-03,1.3280248065959775e+20
2020-05-04,1.2553023141771411e+20
2020-05-05,1.2648102686265796e+20
2020-05-06,1.2360030754268407e+20
2020-05-07,1.1783308055802497e+20
2020-05-08,1.0933195814021838e+20
2020-05-09,1.090345926837888e+20
2020-05-10,1.3550167835887528e+20
2020-05-11,1.2599640989696926e+20
2020-05-12,1.1684057678838623e+20
2020-05-13,9.509774078433636e+19
2020-05-14,9.262918013220816e+19
2020-05-15,9.882052120534648e+19
2020-05-16,1.0222830956669849e+20
2020-05-17,8.053997019166573e+19
2020-05-18,1.0243912976798015e+20
2020-05-19,9.224541316162608e+19
2020-05-20,8.66164325288228e+19
2020-05-21,9.863327838044714e+19
2020-05-22,8.39480681938101e+19
2020-05-23,8.947590151526985e+19
2020-05-24,9.009590708403837e+19
2020-05-25,9.337287550501868e+19
2020-05-26,9.069814021020554e+19
2020-05-27,1.0619231752933215e+20
2020-05-28,9.78536492915609e+19
2020-05-29,9.43810566626296e+19
2020-05-30,1.2075235135932808e+20
2020-05-31,1.1045358907253096e+20
2020-06-01,1.0002102852880676e+20
2020-06-02,9.783439310669024e+19
2020-06-03,1.038545011877728e+20
2020-06-04,1.0826619307248034e+20
2020-06-05,1.231875635511246e+20
2020-06-06,1.3292643821414195e+20
2020-06-07,1.0982340446900548e+20
2020-06-08,1.0930094280501376e+20
2020-06-09,1.093817431764017e+20
2020-06-10,1.1166457550039708e+20
2020-06-11,1.2626920244191864e+20
2020-06-12,1.114197362243103e+20
2020-06-13,1.0870368150542842e+20
2020-06-14,1.1511067853056038e+20
2020-06-15,9.43111450553377e+19
2020-06-16,1.0838782711116872e+20
2020-06-17,1.070728516468771e+20
2020-06-18,9.966987174690387e+19
2020-06-19,1.088983921503838e+20
2020-06-20,1.0644680585166787e+20
2020-06-21,1.1468968915207071e+20
2020-06-22,1.1184189752414478e+20
2020-06-23,1.24002729384642e+20
2020-06-24,1.0941399931400054e+20
2020-06-25,1.106158445682265e+20
2020-06-26,1.2842772611681034e+20
2020-06-27,1.084757099765694e+20
2020-06-28,1.1780047824713472e+20
2020-06-29,1.138645625927909e+20
2020-06-30,1.163545124032814e+20
2020-07-01,1.2618391567748171e+20
2020-07-02,1.289357698372722e+20
2020-07-03,1.2783676306274745e+20
2020-07-04,1.2444699401606932e+20
2020-07-05,1.267894737951659e+20
2020-07-06,1.203009289348787e+20
2020-07-07,1.2593748950390995e+20
2020-07-08,1.192060160385309e+20
2020-07-09,1.2865824795808758e+20
2020-07-10,1.2586197261079324e+20
2020-07-11,1.2257372406193884e+20
2020-07-12,1.2114235806594158e+20
2020-07-13,1.1866317135545898e+20
2020-07-14,1.2465624115544103e+20
2020-07-15,1.1997524968579872e+20
2020-07-16,1.1613583330552663e+20
2020-07-17,1.0156469116888788e+20
2020-07-18,1.126520745620228e+20
2020-07-19,1.1415864932503233e+20
2020-07-20,1.2067109993798784e+20
2020-07-21,1.0792262502396672e+20
2020-07-22,1.2318338236397306e+20
2020-07-23,1.1716319185311936e+20
2020-07-24,1.3892706004624512e+20
2020-07-25,1.2251207517952683e+20
2020-07-26,1.370495026585016e+20
2020-07-27,1.2746275451288573e+20
2020-07-28,1.230506560585954e+20
2020-07-29,1.244782754125175e+20
2020-07-30,1.1311182034643386e+20
2020-07-31,1.2673036663949764e+20
2020-08-01,1.1370529547894823e+20
2020-08-02,1.1806655540811707e+20
2020-08-03,1.3634516585647532e+20
2020-08-04,1.2124058574241104e+20
2020-08-05,1.0907609137881668e+20
2020-08-06,1.2892896048880956e+20
2020-08-07,1.2802260886862048e+20
2020-08-08,1.1963070336164146e+20
2020-08-09,1.3149723655600038e+20
2020-08-10,1.1370717134374004e+20
2020-08-11,1.2949609007854838e+20
2020-08-12,1.3154764730356131e+20
2020-08-13,1.241477188993475e+20
2020-08-14,1.4078538033312468e+20
2020-08-15,1.3207807075495158e+20
2020-08-16,1.2887733288331656e+20
2020-08-17,1.0417418991346252e+20
2020-08-18,1.1757024293494515e+20
2020-08-19,1.170111411388342e+20
2020-08-20,1.2218466149431443e+20
2020-08-21,1.3304195318997733e+20
2020-08-22,1.1351307097602048e+20
2020-08-23,1.312816807794323e+20
2020-08-24,1.3032592423735068e+20
2020-08-25,1.1086160115871597e+20
2020-08-26,1.2310727068725731e+20
2020-08-27,1.126880322165449e+20
2020-08-28,1.4465934609893396e+20
2020-08-29,1.2612125109612188e+20
2020-08-30,1.0994624770880736e+20
2020-08-31,1.3100376254158737e+20
2020-09-01,1.3522542708973643e+20
2020-09-02,1.2570392356719496e+20
2020-09-03,1.1395794244898577e+20
2020-09-04,1.1583608261033266e+20
2020-09-05,1.2350972038089146e+20
2020-09-06,1.3172534883392795e+20
2020-09-07,1.5039878095617186e+20
2020-09-08,1.334501676902814e+20
2020-09-09,1.293064813056953e+20
2020-09-10,1.3565213013444813e+20
2020-09-11,1.1946395624480068e+20
2020-09-12,1.4647303433450965e+20
2020-09-13,1.3945438689073218e+20
2020-09-14,1.5125084287365195e+20
2020-09-15,1.355707881262694e+20
2020-09-16,1.3248406943860566e+20
2020-09-17,1.539230657444305e+20
2020-09-18,1.4325849165379604e+20
2020-09-19,1.273761130565248e+20
2020-09-20,1.3638210655140933e+20
2020-09-21,1.386773219398149e+20
2020-09-22,1.2277342988413072e+20
2020-09-23,1.3668905531102056e+20
2020-09-24,1.3259613129823568e+20
2020-09-25,1.608205698027351e+20
2020-09-26,1.4431616434548838e+20
2020-09-27,1.4698019878468311e+20
2020-09-28,1.2572311930485318e+20
2020-09-29,1.3270671976468534e+20
2020-09-30,1.4936987862018376e+20
2020-10-01,1.1902527545960132e+20
2020-10-02,1.3227180331692737e+20
2020-10-03,1.4382208661649338e+20
2020-10-04,1.5137272464970862e+20
2020-10-05,1.3430849992071066e+20
2020-10-06,1.240745360506443e+20
2020-10-07,1.4753374498294917e+20
2020-10-08,1.5285408042823002e+20
2020-10-09,1.3582473514281506e+20
2020-10-10,1.3721989242000898e+20
2020-10-11,1.3433337733586833e+20
2020-10-12,1.4604275330478857e+20
2020-10-13,1.563417130219744e+20
2020-10-14,1.4671941534355223e+20
2020-10-15,1.4256436061913837e+20
2020-10-16,1.477427810358682e+20
2020-10-17,1.5236658225343064e+20
2020-10-18,1.2205621075534823e+20
2020-10-19,1.2181437371398906e+20
2020-10-20,1.4221486777442715e+20
2020-10-21,1.2972496262838456e+20
2020-10-22,1.3565260790338996e+20
2020-10-23,1.2992881238773536e+20
2020-10-24,1.5191669777968228e+20
2020-10-25,1.1572923011461983e+20
2020-10-26,1.1014350694086536e+20
2020-10-27,9.777834323689582e+19
2020-10-28,9.93888910656241e+19
2020-10-29,1.072568440404834e+20
2020-10-30,1.1178993392974917e+20
2020-10-31,1.1137377112838216e+20
2020-11-01,1.2393636955738774e+20
2020-11-02,9.434084369867058e+19
2020-11-03,1.2359730976515813e+20
2020-11-04,1.3454413664215653e+20
2020-11-05,1.215399654428671e+20
2020-11-06,1.2783176575347122e+20
2020-11-07,1.2296786283967622e+20
2020-11-08,1.1470642788405173e+20
2020-11-09,1.5286555596454897e+20
2020-11-10,1.2265672718660511e+20
2020-11-11,1.233145914740334e+20
2020-11-12,1.3346530812303185e+20
2020-11-13,1.159707947281237e+20
2020-11-14,1.189970007832374e+20
2020-11-15,1.2487524142209286e+20
2020-11-16,1.3615830432983084e+20
2020-11-17,1.3684030532356715e+20
2020-11-18,1.4649526054041947e+20
2020-11-19,1.197772323895611e+20
2020-11-20,1.4690560095953954e+20
2020-11-21,1.485742226874894e+20
2020-11-22,1.5259892084109997e+20
2020-11-23,1.285483500863905e+20
2020-11-24,1.181946939370828e+20
2020-11-25,1.3592162514894537e+20
2020-11-26,1.3219969633791567e+20
2020-11-27,1.3484600813344363e+20
2020-11-28,1.3367056573895092e+20
2020-11-29,1.357746541654195e+20
2020-11-30,1.0737708333782676e+20
2020-12-01,1.4639254673491327e+20
2020-12-02,1.252655003898205e+20
2020-12-03,1.4741701767980068e+20
2020-12-04,1.3692464938454463e+20
2020-12-05,1.380091884298847e+20
2020-12-06,1.2921767259841683e+20
2020-12-07,1.4225337660276956e+20
2020-12-08,1.3743926636925118e+20
2020-12-09,1.3232017945413016e+20
2020-12-10,1.2392330205430696e+20
2020-12-11,1.3202658912271566e+20
2020-12-12,1.273584582139536e+20
2020-12-13,1.4744208728901106e+20
2020-12-14,1.3310772150064536e+20
2020-12-15,1.301085586166463e+20
2020-12-16,1.321431059484894e+20
2020-12-17,1.2094543862382202e+20
2020-12-18,1.4562560119552098e+20
2020-12-19,1.457271783430502e+20
2020-12-20,1.4122009620530653e+20
2020-12-21,1.254721319228011e+20
2020-12-22,1.3218575830896522e+20
2020-12-23,1.4611161729411344e+20
2020-12-24,1.1495407125153138e+20
2020-12-25,1.3365864808263783e+20
2020-12-26,1.2735298951532913e+20
2020-12-27,1.3652749440480154e+20
2020-12-28,1.4829798622452118e+20
2020-12-29,1.4044027141945406e+20
2020-12-30,1.5928402708206525e+20
2020-12-31,1.530109948651717e+20
2021-01-01,1.3767797829298753e+20
2021-01-02,1.3945664269355749e+20
2021-01-03,1.477942147058481e+20
2021-01-04,1.5829794039235848e+20
2021-01-05,1.4552456472469114e+20
2021-01-06,1.6566586951915494e+20
2021-01-07,1.5298512589008473e+20
2021-01-08,1.374886883835772e+20
2021-01-09,1.338509436604199e+20
2021-01-10,1.6217389416313445e+20
2021-01-11,1.5799903674060512e+20
2021-01-12,1.51348489607216e+20
2021-01-13,1.554371934026628e+20
2021-01-14,1.5005020918050298e+20
2021-01-15,1.6218914806657037e+20
2021-01-16,1.4961710657580758e+20
2021-01-17,1.3498754613175429e+20
2021-01-18,1.4839377471541058e+20
2021-01-19,1.5264094775486284e+20
2021-01-20,1.464748176267401e+20
2021-01-21,1.3090375264821925e+20
2021-01-22,1.4960564946951157e+20
2021-01-23,1.5408620520805312e+20
2021-01-24,1.4400826580055032e+20
2021-01-25,1.4567881255119575e+20
2021-01-26,1.6654627714718787e+20
2021-01-27,1.461967642004536e+20
2021-01-28,1.517875845963706e+20
2021-01-29,1.5549350386149435e+20
2021-01-30,1.4120769460246825e+20
2021-01-31,1.4907962217276663e+20
2021-02-01,1.2901459315779312e+20
2021-02-02,1.5127539297974534e+20
2021-02-03,1.550059827095361e+20
2021-02-04,1.6627147141413375e+20
2021-02-05,1.7645049161577513e+20
2021-02-06,1.6692271051563172e+20
2021-02-07,1.661637254568172e+20
2021-02-08,1.7511154326779517e+20
2021-02-09,1.5002375204423542e+20
2021-02-10,1.5676976494964697e+20
2021-02-11,1.3427567842104576e+20
2021-02-12,1.5120960767374338e+20
2021-02-13,1.6776461245889023e+20
2021-02-14,1.635228140588711e+20
2021-02-15,1.5604438866174404e+20
2021-02-16,1.284301841179293e+20
2021-02-17,1.4833135734125858e+20
2021-02-18,1.4609825505230815e+20
2021-02-19,1.6199696536526465e+20
2021-02-20,1.5733036373183473e+20
2021-02-21,1.5599790474865335e+20
2021-02-22,1.4397665310341184e+20
2021-02-23,1.3389300701753205e+20
2021-02-24,1.7131351047143866e+20
2021-02-25,1.6884156961090463e+20
2021-02-26,1.5012175202812464e+20
2021-02-27,1.698096409007774e+20
2021-02-28,1.4118585251495248e+20
2021-03-01,1.4055294222235928e+20
2021-03-02,1.539553014127055e+20
2021-03-03,1.642760070112876e+20
2021-03-04,1.3849650902772942e+20
2021-03-05,1.6067823457935694e+20
2021-03-06,1.6316818606152512e+20
2021-03-07,1.5484968193810642e+20
2021-03-08,1.654006972162558e+20
2021-03-09,1.5040995539627944e+20
2021-03-10,1.588361751935666e+20
2021-03-11,1.4367335030642604e+20
2021-03-12,1.5916727406744692e+20
2021-03-13,1.4939564246639008e+20
2021-03-14,1.6769224418136798e+20
2021-03-15,1.571174364188903e+20
2021-03-16,1.6071457267551155e+20
2021-03-17,1.4359710026065918e+20
2021-03-18,1.637855099831548e+20
2021-03-19,1.5598649305944116e+20
2021-03-20,1.674453917796525e+20
2021-03-21,1.7130988022335563e+20
2021-03-22,1.6353780749226403e+20
2021-03-23,1.7435606137564427e+20
2021-03-24,1.6463602855669393e+20
2021-03-25,1.6867966658580542e+20
2021-03-26,1.4730422135532333e+20
2021-03-27,1.7225371129077737e+20
2021-03-28,1.729981024521489e+20
2021-03-29,1.6498191294392504e+20
2021-03-30,1.5758290613289704e+20
2021-03-31,1.710658023382242e+20
2021-04-01,1.5778567383150844e+20
2021-04-02,1.6082696567105274e+20
2021-04-03,1.5123920274138966e+20
2021-04-04,1.6725671583812223e+20
2021-04-05,1.78379523883975e+20
2021-04-06,1.6588536031272098e+20
2021-04-07,1.8055135662715005e+20
2021-04-08,1.5896890451030075e+20
2021-04-09,1.6997615591584907e+20
2021-04-10,1.8112147467918832e+20
2021-04-11,1.6573282804477916e+20
2021-04-12,1.664894500589472e+20
2021-04-13,1.6352642310100736e+20
2021-04-14,1.5504303580217416e+20
2021-04-15,1.979688222263116e+20
2021-04-16,1.2054256129561556e+20
2021-04-17,1.0678626543387022e+20
2021-04-18,1.4709246624446869e+20
2021-04-19,1.1328112802605028e+20
2021-04-20,1.488202975601296e+20
2021-04-21,1.1878250074449817e+20
2021-04-22,1.6912572675429548e+20
2021-04-23,1.560596041268836e+20
2021-04-24,1.7022296659482578e+20
2021-04-25,1.6877447893582214e+20
2021-04-26,1.316319260188712e+20
2021-04-27,1.676454732335813e+20
2021-04-28,1.6586865433471664e+20
2021-04-29,1.4158916899314369e+20
2021-04-30,1.7189256145901335e+20
2021-05-01,1.578475956611249e+20
2021-05-02,1.8916811738857134e+20
2021-05-03,1.8195689309325007e+20
2021-05-04,1.8482391749035223e+20
2021-05-05,1.6127317245143443e+20
2021-05-06,1.7386631544893997e+20
2021-05-07,1.7712955956007495e+20
2021-05-08,1.7529008726659544e+20
2021-05-09,1.900062694127541e+20
2021-05-10,1.8485412833697867e+20
2021-05-11,1.766097022614729e+20
2021-05-12,1.7523149528956515e+20
2021-05-13,1.856919672317176e+20
2021-05-14,1.7007521875261207e+20
2021-05-15,1.50096228698942e+20
2021-05-16,1.638199281306687e+20
2021-05-17,1.532084329449308e+20
2021-05-18,1.2363104523407974e+20
2021-05-19,1.5648834646313992e+20
2021-05-20,1.3843176975500006e+20
2021-05-21,1.3835217246429318e+20
2021-05-22,1.4225289302644744e+20
2021-05-23,1.498085167453889e+20
2021-05-24,1.5583780171727893e+20
2021-05-25,1.5280905131975806e+20
2021-05-26,1.5403043401304464e+20
2021-05-27,1.4785653721925757e+20
2021-05-28,1.4514260600478717e+20
2021-05-29,1.4287016589009872e+20
2021-05-30,1.5244162487772968e+20
2021-05-31,1.4967476913317904e+20
2021-06-01,1.4543861065742026e+20
2021-06-02,1.765944054906561e+20
2021-06-03,1.528420503561341e+20
2021-06-04,1.3570359813380402e+20
2021-06-05,1.3747109717153304e+20
2021-06-06,1.5678719295093794e+20
2021-06-07,1.391531309885412e+20
2021-06-08,1.5568794043981595e+20
2021-06-09,1.3259814929309372e+20
2021-06-10,1.2298942843144933e+20
2021-06-11,1.102558719791889e+20
2021-06-12,1.3774338576945915e+20
2021-06-13,1.3634286849879166e+20
2021-06-14,1.359779110925692e+20
2021-06-15,1.280923751169854e+20
2021-06-16,1.217466855472387e+20
2021-06-17,1.2855348170827784e+20
2021-06-18,1.2681852405901315e+20
2021-06-19,9.948778236943196e+19
2021-06-20,1.0376094543545816e+20
2021-06-21,1.0607384576973069e+20
2021-06-22,8.950154390640029e+19
2021-06-23,9.923085765621576e+19
2021-06-24,1.0380647827137888e+20
2021-06-25,1.1269821344659022e+20
2021-06-26,8.512004978750035e+19
2021-06-27,6.12236262979859e+19
2021-06-28,8.221824852995624e+19
2021-06-29,8.96061230442813e+19
2021-06-30,9.146773910093391e+19
2021-07-01,9.181385945985196e+19
2021-07-02,8.839107598123891e+19
2021-07-03,9.742800622918402e+19
2021-07-04,8.283846655259242e+19
2021-07-05,9.353325642698727e+19
2021-07-06,1.0151580747104956e+20
2021-07-07,8.776285600260574e+19
2021-07-08,1.0051499097455028e+20
2021-07-09,9.249319620625965e+19
2021-07-10,1.1460880937855784e+20
2021-07-11,8.987180443697904e+19
2021-07-12,8.944304409607628e+19
2021-07-13,9.72027513693156e+19
2021-07-14,1.2127160532166436e+20
2021-07-15,9.131777711222717e+19
2021-07-16,1.0784867925030229e+20
2021-07-17,1.0226009034189355e+20
2021-07-18,9.697766799847203e+19
2021-07-19,1.1553693296737824e+20
2021-07-20,8.371893801802005e+19
2021-07-21,9.894586155196591e+19
2021-07-22,1.029879851414682e+20
2021-07-23,9.148521850076558e+19
2021-07-24,1.0459386978088526e+20
2021-07-25,1.0446078158053351e+20
2021-07-26,1.0149797531810852e+20
2021-07-27,1.160041448463962e+20
2021-07-28,1.0668817354141072e+20
2021-07-29,1.087847081221973e+20
2021-07-30,1.1247865728236526e+20
2021-07-31,1.1296037360069724e+20
2021-08-01,1.1213478648950678e+20
2021-08-02,1.0175813706476154e+20
2021-08-03,1.2235726554727586e+20
2021-08-04,9.760582025732733e+19
2021-08-05,1.1571471339547412e+20
2021-08-06,1.1402462483575231e+20
2021-08-07,1.2037732601707454e+20
2021-08-08,1.1372403158613289e+20
2021-08-09,1.1030438934234931e+20
2021-08-10,1.1948068684257314e+20
2021-08-11,1.0489464038925186e+20
2021-08-12,1.0888703000195962e+20
2021-08-13,1.079212788731001e+20
2021-08-14,1.2826677894845995e+20
2021-08-15,1.3895656796820796e+20
2021-08-16,1.2433111164310323e+20
2021-08-17,1.341781422205296e+20
2021-08-18,1.0421425024946128e+20
2021-08-19,1.1926175580986966e+20
2021-08-20,1.2263891384775156e+20
2021-08-21,1.3213042205948445e+20
2021-08-22,1.2626401929513529e+20
2021-08-23,1.5408918405618857e+20
2021-08-24,1.1773065953522698e+20
2021-08-25,1.2952376778484874e+20
2021-08-26,1.287266299175215e+20
2021-08-27,1.2695125344752987e+20
2021-08-28,1.240536184700071e+20
2021-08-29,1.3683072944385042e+20
2021-08-30,1.1812361950991044e+20
2021-08-31,1.285194195793199e+20
2021-09-01,1.1743964492978151e+20
2021-09-02,1.3090639778462808e+20
2021-09-03,1.289110701436353e+20
2021-09-04,1.3742577231437174e+20
2021-09-05,1.424521526378027e+20
2021-09-06,1.499312197129449e+20
2021-09-07,1.3518044816258903e+20
2021-09-08,1.3117285884692896e+20
2021-09-09,1.2367794365176296e+20
2021-09-10,1.2902063670669168e+20
2021-09-11,1.3134160786106438e+20
2021-09-12,1.3445660351637937e+20
2021-09-13,1.443707959038969e+20
2021-09-14,1.5391923114056476e+20
2021-09-15,1.3027042569584468e+20
2021-09-16,1.2421709686325536e+20
2021-09-17,1.3463098186251402e+20
2021-09-18,1.4343270739106963e+20
2021-09-19,1.4533551635002132e+20
2021-09-20,1.4979985449271322e+20
2021-09-21,1.1381489381394054e+20
2021-09-22,1.2766816319029844e+20
2021-09-23,1.595847804843141e+20
2021-09-24,1.3540943282372847e+20
2021-09-25,1.3684569809794232e+20
2021-09-26,1.308324151120668e+20
2021-09-27,1.4703375412531783e+20
2021-09-28,1.4259644286998009e+20
2021-09-29,1.2323983006641988e+20
2021-09-30,1.610301262717677e+20
2021-10-01,1.325811820882745e+20
2021-10-02,1.8088437489138313e+20
2021-10-03,1.408481072044136e+20
2021-10-04,1.4623747596253087e+20
2021-10-05,1.6237318503573193e+20
2021-10-06,1.2994598011324957e+20
2021-10-07,1.3909200669779442e+20
2021-10-08,1.1791330099570092e+20
2021-10-09,1.4770758920801626e+20
2021-10-10,1.582553585230552e+20
2021-10-11,1.437919214959516e+20
2021-10-12,1.3266923576484667e+20
2021-10-13,1.668460333631947e+20
2021-10-14,1.3526169974466055e+20
2021-10-15,1.406591811051102e+20
2021-10-16,1.3331515358053332e+20
2021-10-17,1.5580574953541816e+20
2021-10-18,1.4696573012913357e+20
2021-10-19,1.5340203288733555e+20
2021-10-20,1.4849129294718835e+20
2021-10-21,1.4779011998473034e+20
2021-10-22,1.579368452004043e+20
2021-10-23,1.4554759016566756e+20
2021-10-24,1.5252874423516843e+20
2021-10-25,1.8529436645769495e+20
2021-10-26,1.46093342623886e+20
2021-10-27,1.570901697040433e+20
2021-10-28,1.523227599204356e+20
2021-10-29,1.729601543454119e+20
2021-10-30,1.5436379556624676e+20
2021-10-31,1.4422761133309883e+20
2021-11-01,1.5359588452676403e+20
2021-11-02,1.7091849617352337e+20
2021-11-03,1.7521718584404312e+20
2021-11-04,1.5160339855228374e+20
2021-11-05,1.6772391845092016e+20
2021-11-06,1.651967962499913e+20
2021-11-07,1.6447305996144824e+20
2021-11-08,1.4562476363448066e+20
2021-11-09,1.646998824988315e+20
2021-11-10,1.596197528592329e+20
2021-11-11,1.7039736695080026e+20
2021-11-12,1.5448877546669933e+20
2021-11-13,1.630187631273276e+20
2021-11-14,1.7448077802524803e+20
2021-11-15,1.713540847877218e+20
2021-11-16,1.7173013530249216e+20
2021-11-17,1.6663402248502224e+20
2021-11-18,1.619779201896203e+20
2021-11-19,1.527559805638334e+20
2021-11-20,1.6316684550234453e+20
2021-11-21,1.4870476854425957e+20
2021-11-22,1.6297828233103734e+20
2021-11-23,1.460024273588338e+20
2021-11-24,1.7591616725912066e+20
2021-11-25,1.4657544420129032e+20
2021-11-26,1.4868584848719017e+20
2021-11-27,1.6132451019090185e+20
2021-11-28,1.5581015062918654e+20
2021-11-29,1.5982526833278255e+20
2021-11-30,1.503092081182299e+20
2021-12-01,1.4917749006777876e+20
2021-12-02,1.7219197416042945e+20
2021-12-03,1.8960688459754137e+20
2021-12-04,1.690595379881933e+20
2021-12-05,1.869669229887059e+20
2021-12-06,1.8836182662030128e+20
2021-12-07,1.7262029396703645e+20
2021-12-08,1.8843414535481272e+20
2021-12-09,1.7914785016077425e+20
2021-12-10,1.7217635553936182e+20
2021-12-11,1.7628095178102424e+20
2021-12-12,1.6918452044224827e+20
2021-12-13,1.6828530531152167e+20
2021-12-14,1.793862439612574e+20
2021-12-15,1.696511815506771e+20
2021-12-16,1.387712777313778e+20
2021-12-17,1.797784316017212e+20
2021-12-18,1.519233808424626e+20
2021-12-19,1.7902389846874132e+20
2021-12-20,1.7324473403568226e+20
2021-12-21,1.9398245283018103e+20
2021-12-22,1.7801586893215397e+20
2021-12-23,1.8591726550681092e+20
2021-12-24,1.792692064658187e+20
2021-12-25,1.765658385409534e+20
2021-12-26,1.614002017851621e+20
2021-12-27,1.788373311980936e+20
2021-12-28,1.6132005525449297e+20
2021-12-29,1.7494053095326863e+20
2021-12-30,1.4403194880864403e+20
2021-12-31,1.791816948699121e+20
2022-01-01,2.0997243436982452e+20
2022-01-02,1.892472286835329e+20
2022-01-03,1.6877722896426297e+20
2022-01-04,1.7847507922212402e+20
2022-01-05,1.813886116148255e+20
2022-01-06,1.7470340480715063e+20
2022-01-07,1.6933728706381008e+20
2022-01-08,1.753684556345706e+20
2022-01-09,1.68885071137581e+20
2022-01-10,1.7393193726041073e+20
2022-01-11,1.9039522824707795e+20
2022-01-12,1.6874284105843894e+20
2022-01-13,2.1528208639671432e+20
2022-01-14,1.9273404320909623e+20
2022-01-15,2.010492332600232e+20
2022-01-16,2.1168986493048675e+20
2022-01-17,1.98122581029862e+20
2022-01-18,1.6259483752923857e+20
2022-01-19,2.095126681985456e+20
2022-01-20,2.049672376306922e+20
2022-01-21,1.7498695406697313e+20
2022-01-22,1.7788053375525152e+20
2022-01-23,1.9040875305849284e+20
2022-01-24,1.94349363112279e+20
2022-01-25,2.0418144340556136e+20
2022-01-26,1.705897575105683e+20
2022-01-27,1.7294715810756814e+20
2022-01-28,2.05148576129099e+20
2022-01-29,1.9605493798078903e+20
2022-01-30,1.9506374812736884e+20
2022-01-31,1.8798286178298148e+20
2022-02-01,2.0393070379875647e+20
2022-02-02,2.0248229068578357e+20
2022-02-03,1.9522365894155508e+20
2022-02-04,1.722858397527345e+20
2022-02-05,1.5769492351367132e+20
2022-02-06,2.0668311200019585e+20
2022-02-07,1.8068646467775716e+20
2022-02-08,2.04420793379574e+20
2022-02-09,1.8576179930719905e+20
2022-02-10,1.9501828725830343e+20
2022-02-11,1.8827171230485896e+20
2022-02-12,2.4875236446617364e+20
2022-02-13,2.0953631940247437e+20
2022-02-14,2.0402895145686037e+20
2022-02-15,2.350728065846244e+20
2022-02-16,2.0589308260459787e+20
2022-02-17,2.1175828477499893e+20
2022-02-18,1.8529047215928207e+20
2022-02-19,2.0828580692985112e+20
2022-02-20,2.0134086987886032e+20
2022-02-21,1.7276294946331204e+20
2022-02-22,2.0728340449053596e+20
2022-02-23,2.0897841313133324e+20
2022-02-24,1.8333325691801367e+20
2022-02-25,1.8551470944449262e+20
2022-02-26,1.7723421138769166e+20
2022-02-27,1.8551886011754575e+20
2022-02-28,2.1394569689937176e+20
2022-03-01,2.2580930535800265e+20
2022-03-02,1.8919945735624897e+20
2022-03-03,2.0641659867024667e+20
2022-03-04,1.8889392539789935e+20
2022-03-05,1.6869288873549316e+20
2022-03-06,1.789926047482329e+20
2022-03-07,2.0339261275971577e+20
2022-03-08,2.0237722448791287e+20
2022-03-09,1.888209180258452e+20
2022-03-10,1.9854113052776586e+20
2022-03-11,1.886224369693671e+20
2022-03-12,2.1515394773829032e+20
2022-03-13,2.054797776979546e+20
2022-03-14,2.0947573207504712e+20
2022-03-15,1.9284051970514223e+20
2022-03-16,2.0969307918493604e+20
2022-03-17,2.1694439134626123e+20
2022-03-18,1.9586354056159393e+20
2022-03-19,2.10932385422486e+20
2022-03-20,2.1238310784618552e+20
2022-03-21,2.0675267273333617e+20
2022-03-22,2.0464499789980687e+20
2022-03-23,1.9697147230040713e+20
2022-03-24,1.984500651959653e+20
2022-03-25,2.0957447733092637e+20
2022-03-26,2.1970100758773537e+20
2022-03-27,1.7866574640643545e+20
2022-03-28,2.1693916310412575e+20
2022-03-29,2.0678971338693768e+20
2022-03-30,1.847130262291968e+20
2022-03-31,1.938452248588076e+20
2022-04-01,2.0035305507587428e+20
2022-04-02,1.9258965663531503e+20
2022-04-03,1.9628224573779775e+20
2022-04-04,2.2623186086168275e+20
2022-04-05,2.045102452491802e+20
2022-04-06,2.1554626276307065e+20
2022-04-07,1.9343963016583237e+20
2022-04-08,1.910409829055033e+20
2022-04-09,2.1839769311211268e+20
2022-04-10,1.9947924340933676e+20
2022-04-11,1.9497389897552432e+20
2022-04-12,2.1479427351458264e+20
2022-04-13,1.998270873836152e+20
2022-04-14,1.9458578147315443e+20
2022-04-15,2.217645909875213e+20
2022-04-16,1.877679562314681e+20
2022-04-17,2.3089455768001508e+20
2022-04-18,1.9077797690388084e+20
2022-04-19,1.712826483555727e+20
2022-04-20,2.26047805908442e+20
2022-04-21,2.3679540312952776e+20
2022-04-22,1.8850682652039476e+20
2022-04-23,2.3620452848881985e+20
2022-04-24,2.3298156792451236e+20
2022-04-25,2.275395836684661e+20
2022-04-26,1.9598518878067455e+20
2022-04-27,2.4450134877285424e+20
2022-04-28,1.9496881030474537e+20
2022-04-29,2.237585205862216e+20
2022-04-30,2.2048405580151672e+20
2022-05-01,2.4921950151447655e+20
2022-05-02,2.351262760477996e+20
2022-05-03,2.2307201712960717e+20
2022-05-04,2.158266840544016e+20
2022-05-05,2.3183317532156667e+20
2022-05-06,2.0996213392304728e+20
2022-05-07,2.121516304744062e+20
2022-05-08,2.2926879152228444e+20
2022-05-09,2.2995989659452287e+20
2022-05-10,2.265093084744574e+20
2022-05-11,2.2501799539619824e+20
2022-05-12,2.100824546040772e+20
2022-05-13,2.3649615340878843e+20
2022-05-14,2.1844186874684486e+20
2022-05-15,1.8987210459080324e+20
2022-05-16,2.581503830898614e+20
2022-05-17,2.2486923600136077e+20
2022-05-18,2.0991596055346168e+20
2022-05-19,1.892357819123876e+20
2022-05-20,1.9804353455525472e+20
2022-05-21,2.0983916845598107e+20
2022-05-22,1.8899989515615755e+20
2022-05-23,2.4852846666227253e+20
2022-05-24,1.87024012721232e+20
2022-05-25,2.19415380533916e+20
2022-05-26,2.095602207882152e+20
2022-05-27,2.0521312741154406e+20
2022-05-28,2.2185382939460652e+20
2022-05-29,2.2179672780275968e+20
2022-05-30,2.2634281953933076e+20
2022-05-31,2.174721999362405e+20
2022-06-01,2.0219453480857872e+20
2022-06-02,1.851631129142162e+20
2022-06-03,2.1251056915941445e+20
2022-06-04,2.103988679165291e+20
2022-06-05,2.1640282501937476e+20
2022-06-06,2.2022683856002207e+20
2022-06-07,2.3996585789823212e+20
2022-06-08,2.6978741077980273e+20
2022-06-09,2.1935037066018737e+20
2022-06-10,2.1962238584141916e+20
2022-06-11,2.3159696060697356e+20
2022-06-12,1.939934812639314e+20
2022-06-13,1.971748996222481e+20
2022-06-14,2.206733093418443e+20
2022-06-15,2.4837221537213825e+20
2022-06-16,1.8118824795046973e+20
2022-06-17,1.623792202280859e+20
2022-06-18,2.3134137346871637e+20
2022-06-19,2.008096287487223e+20
2022-06-20,2.0152924820588767e+20
2022-06-21,2.2613838827925583e+20
2022-06-22,1.897950739391866e+20
2022-06-23,2.248545991289192e+20
2022-06-24,1.8884864136197476e+20
2022-06-25,2.2200478093820245e+20
2022-06-26,2.0295052221901865e+20
2022-06-27,1.993927316978852e+20
2022-06-28,2.192605294630702e+20
2022-06-29,2.1826772656876405e+20
2022-06-30,2.5214495520070576e+20
2022-07-01,1.9908740517148135e+20
2022-07-02,2.0224326330244655e+20
2022-07-03,2.2519533970950275e+20
2022-07-04,2.1252110106769287e+20
2022-07-05,1.7322648680756386e+20
2022-07-06,1.8512693361632615e+20
2022-07-07,2.2833398776859856e+20
2022-07-08,2.1596036482988232e+20
2022-07-09,1.9147056352724e+20
2022-07-10,2.238066587925337e+20
2022-07-11,1.7717625797952976e+20
2022-07-12,2.1963405013449487e+20
2022-07-13,1.6031491068317378e+20
2022-07-14,1.7744090704092624e+20
2022-07-15,2.0704837469882456e+20
2022-07-16,2.138198736003616e+20
2022-07-17,1.7975824765063964e+20
2022-07-18,1.9410844226597965e+20
2022-07-19,1.983563936889552e+20
2022-07-20,1.7954364403115783e+20
2022-07-21,1.9954165272252436e+20
2022-07-22,1.81606766130548e+20
2022-07-23,2.1126361884640743e+20
2022-07-24,2.1748881043530688e+20
2022-07-25,1.97235684564493e+20
2022-07-26,2.173810332790346e+20
2022-07-27,2.2738194796522154e+20
2022-07-28,1.9575754351667895e+20
2022-07-29,1.995500668133692e+20
2022-07-30,1.772189947769544e+20
2022-07-31,2.1192739557040757e+20
2022-08-01,1.868074792342596e+20
2022-08-02,2.1227065858801707e+20
2022-08-03,1.9819695099050777e+20
2022-08-04,1.8458275839753535e+20
2022-08-05,2.1028269506617315e+20
2022-08-06,2.2353076059739308e+20
2022-08-07,2.2799203081776503e+20
2022-08-08,1.9736030758392965e+20
2022-08-09,2.0074392405537676e+20
2022-08-10,2.084763974112569e+20
2022-08-11,1.9782686407031076e+20
2022-08-12,2.1267979587578593e+20
2022-08-13,1.9421397668417595e+20
2022-08-14,1.8661929013427185e+20
2022-08-15,2.0389924415951716e+20
2022-08-16,2.0731560762627988e+20
2022-08-17,1.800317973158027e+20
2022-08-18,2.0317717815550817e+20
2022-08-19,2.4889957658693275e+20
2022-08-20,2.1141721925332926e+20
2022-08-21,2.0656356870629143e+20
2022-08-22,2.0256453214124953e+20
2022-08-23,2.4320757208687847e+20
2022-08-24,2.0505307514151377e+20
2022-08-25,2.2493530730903352e+20
2022-08-26,2.4843084123031008e+20
2022-08-27,2.043651682823712e+20
2022-08-28,2.2556082912386413e+20
2022-08-29,2.218378970412784e+20
2022-08-30,2.27487911524905e+20
2022-08-31,2.2096460071647743e+20
2022-09-01,2.1177757387652465e+20
2022-09-02,1.980528021262907e+20
2022-09-03,2.259070548078898e+20
2022-09-04,2.615724950197122e+20
2022-09-05,2.3432118413717104e+20
2022-09-06,2.185462628895482e+20
2022-09-07,2.247700988046815e+20
2022-09-08,1.967211018276992e+20
2022-09-09,2.260794072564185e+20
2022-09-10,2.400272523133274e+20
2022-09-11,2.823073215005631e+20
2022-09-12,2.3856399391006723e+20
2022-09-13,2.114839306441424e+20
2022-09-14,2.0057476399457583e+20
2022-09-15,2.3526319663557345e+20
2022-09-16,2.0256551373067538e+20
2022-09-17,2.7100793556177535e+20
2022-09-18,2.4609705183643717e+20
2022-09-19,2.0580395762316008e+20
2022-09-20,2.4296022624293015e+20
2022-09-21,2.2408417440893308e+20
2022-09-22,2.043062395384016e+20
2022-09-23,2.1440013764129568e+20
2022-09-24,2.3359485966479327e+20
2022-09-25,2.3312436637130047e+20
2022-09-26,2.4108491601736083e+20
2022-09-27,2.0655393394928124e+20
2022-09-28,2.3350113265720967e+20
2022-09-29,2.2156689347557743e+20
2022-09-30,2.638091621493749e+20
2022-10-01,2.8137375595171552e+20
2022-10-02,2.4643662766299342e+20
2022-10-03,2.393152516111521e+20
2022-10-04,2.545050969975217e+20
2022-10-05,2.7337159651547952e+20
2022-10-06,2.463179260145845e+20
2022-10-07,2.6619076835630377e+20
2022-10-08,2.7510407835985448e+20
2022-10-09,2.4864085649834407e+20
2022-10-10,2.7458179474965207e+20
2022-10-11,2.8032909352582355e+20
2022-10-12,2.406321446969068e+20
2022-10-13,2.5372322073548905e+20
2022-10-14,2.771651579950973e+20
2022-10-15,2.679109633042434e+20
2022-10-16,2.562466116365469e+20
2022-10-17,2.6416054817078585e+20
2022-10-18,2.5188464786509644e+20
2022-10-19,2.673561539238642e+20
2022-10-20,2.6231717764101253e+20
2022-10-21,2.6997095040686113e+20
2022-10-22,2.4129760451483324e+20
2022-10-23,2.7438120073029727e+20
2022-10-24,2.483442220425416e+20
2022-10-25,2.264941952104446e+20
2022-10-26,2.809993129092601e+20
2022-10-27,2.4753528506982233e+20
2022-10-28,2.8934172519148474e+20
2022-10-29,2.615946466004556e+20
2022-10-30,2.4770179184319483e+20
2022-10-31,3.161967764847802e+20
2022-11-01,2.636404183219896e+20
2022-11-02,2.2520719126589673e+20
2022-11-03,2.999690217552712e+20
2022-11-04,2.3552917670302384e+20
2022-11-05,2.7551888349854276e+20
2022-11-06,2.5239302139606005e+20
2022-11-07,2.6165811530951243e+20
2022-11-08,2.997946112230101e+20
2022-11-09,2.7042281695346544e+20
2022-11-10,2.710520719746805e+20
2022-11-11,2.4359104253756323e+20
2022-11-12,3.076532576834938e+20
2022-11-13,2.3291699036471135e+20
2022-11-14,2.2661342267779547e+20
2022-11-15,2.842826927844393e+20
2022-11-16,2.7158216941478298e+20
2022-11-17,2.535450784088828e+20
2022-11-18,2.5243903140047107e+20
2022-11-19,2.7035747144079052e+20
2022-11-20,2.7348766570039673e+20
2022-11-21,2.342921733014344e+20
2022-11-22,2.3975572356282207e+20
2022-11-23,2.5125887407400138e+20
2022-11-24,2.3605624664844088e+20
2022-11-25,2.2651337504833965e+20
2022-11-26,1.9990323839512887e+20
2022-11-27,2.5032019586662112e+20
2022-11-28,2.5781543119078313e+20
2022-11-29,2.3860454293258276e+20
2022-11-30,2.562601426978599e+20
2022-12-01,2.7961581369024663e+20
2022-12-02,2.3246786721415928e+20
2022-12-03,2.3560309187632572e+20
2022-12-04,2.5784403790883868e+20
2022-12-05,2.6728771193033913e+20
2022-12-06,2.31403992310782e+20
2022-12-07,2.9221638780352473e+20
2022-12-08,2.8497260139433463e+20
2022-12-09,2.609353753851667e+20
2022-12-10,2.603813835265033e+20
2022-12-11,2.49316848669146e+20
2022-12-12,2.4503051974522975e+20
2022-12-13,2.7994874569514625e+20
2022-12-14,2.549196168648748e+20
2022-12-15,2.335082583285618e+20
2022-12-16,2.208816349451404e+20
2022-12-17,2.3531707002158704e+20
2022-12-18,2.4650466660158063e+20
2022-12-19,2.3505130164621872e+20
2022-12-20,2.4493752127451808e+20
2022-12-21,2.529836751375628e+20
2022-12-22,2.39257116251278e+20
2022-12-23,2.2923794714702574e+20
2022-12-24,1.564201765560296e+20
2022-12-25,2.4735093224854287e+20
2022-12-26,2.2719722098783302e+20
2022-12-27,2.0242983586225032e+20
2022-12-28,2.991734405493687e+20
2022-12-29,2.4556412438590276e+20
2022-12-30,2.783726296138018e+20
2022-12-31,2.7746558402482697e+20
2023-01-01,2.7009503357909287e+20
2023-01-02,2.714172099724409e+20
2023-01-03,2.6298956202023892e+20
2023-01-04,2.4280893848188885e+20
2023-01-05,2.6510488842639308e+20
2023-01-06,3.060168640688345e+20
2023-01-07,2.6119881519212033e+20
2023-01-08,2.60459069035724e+20
2023-01-09,2.5735352509880504e+20
2023-01-10,2.8644450423131377e+20
2023-01-11,2.4931747829947885e+20
2023-01-12,2.5380571411355425e+20
2023-01-13,2.714652934560273e+20
2023-01-14,2.8839230167759457e+20
2023-01-15,2.7903367656765843e+20
2023-01-16,2.7470474051215992e+20
2023-01-17,2.9488542299938547e+20
2023-01-18,2.5851462443560767e+20
2023-01-19,2.7042575222211124e+20
2023-01-20,2.468965501600566e+20
2023-01-21,2.5904043872478288e+20
2023-01-22,2.8536046367774032e+20
2023-01-23,2.9077447926046245e+20
2023-01-24,2.4265997358541632e+20
2023-01-25,3.2459112162962e+20
2023-01-26,2.9068422457323648e+20
2023-01-27,2.9234046773263863e+20
2023-01-28,3.145854930118706e+20
2023-01-29,3.0549655118870413e+20
2023-01-30,2.7363460877198384e+20
2023-01-31,2.2255861333402816e+20
2023-02-01,2.6976859762000855e+20
2023-02-02,2.808167458095068e+20
2023-02-03,2.6002596340485505e+20
2023-02-04,2.66165236473252e+20
2023-02-05,2.9673659143404336e+20
2023-02-06,2.9699638601490616e+20
2023-02-07,2.7166651827162903e+20
2023-02-08,2.749604422433105e+20
2023-02-09,3.1162968104335855e+20
2023-02-10,2.8755012803071207e+20
2023-02-11,3.0147799955342216e+20
2023-02-12,3.081284334878767e+20
2023-02-13,2.982071609473618e+20
2023-02-14,3.045259736768908e+20
2023-02-15,3.1287564460939726e+20
2023-02-16,3.480323590153586e+20
2023-02-17,3.2149958311014656e+20
2023-02-18,3.2600416415746785e+20
2023-02-19,3.1682510169281534e+20
2023-02-20,2.8658960236850807e+20
2023-02-21,3.2440803743834584e+20
2023-02-22,2.7274012552100112e+20
2023-02-23,3.3415448471941605e+20
2023-02-24,2.6182866024664593e+20
2023-02-25,2.2684718676830965e+20
2023-02-26,3.604285281182533e+20
2023-02-27,2.9859376458131846e+20
2023-02-28,2.961196810190448e+20
2023-03-01,3.6160635170303993e+20
2023-03-02,3.078742822823747e+20
2023-03-03,3.583786542734572e+20
2023-03-04,3.284110255600904e+20
2023-03-05,3.361772758087258e+20
2023-03-06,2.7929241451982717e+20
2023-03-07,3.492953715935932e+20
2023-03-08,2.8762850616619247e+20
2023-03-09,2.8784670078178483e+20
2023-03-10,2.893800880303166e+20
2023-03-11,3.5878105793330715e+20
2023-03-12,3.562497052970654e+20
2023-03-13,3.341870563050632e+20
2023-03-14,3.1834392738304996e+20
2023-03-15,3.149513054349872e+20
2023-03-16,2.8880539961639787e+20
2023-03-17,3.1934803341348805e+20
2023-03-18,3.5111898844627966e+20
2023-03-19,3.2066390538488657e+20
2023-03-20,3.313113458830134e+20
2023-03-21,3.143824519353433e+20
2023-03-22,3.439711142323916e+20
2023-03-23,3.980431027925464e+20
2023-03-24,3.7877164530215525e+20
2023-03-25,3.38528302618326e+20
2023-03-26,3.3524439771197584e+20
2023-03-27,3.4615092936519274e+20
2023-03-28,3.099371940039697e+20
2023-03-29,3.4112734114581925e+20
2023-03-30,3.631223605394125e+20
2023-03-31,3.261054487766671e+20
2023-04-01,3.2587171998402576e+20
2023-04-02,3.4706555175384056e+20
2023-04-03,3.051275717662378e+20
2023-04-04,3.799018720245844e+20
2023-04-05,3.2196469271527725e+20
2023-04-06,3.767590998207958e+20
2023-04-07,3.37244477069637e+20
2023-04-08,3.4972098263504486e+20
2023-04-09,3.4740220423928087e+20
2023-04-10,2.936528723232258e+20
2023-04-11,3.651116145303338e+20
2023-04-12,3.852519442052321e+20
2023-04-13,3.3535861249049474e+20
2023-04-14,3.320497871233142e+20
2023-04-15,3.773790913065053e+20
2023-04-16,2.9990794026691835e+20
2023-04-17,3.7032547877062574e+20
2023-04-18,3.9222359346896345e+20
2023-04-19,3.263511912747081e+20
2023-04-20,3.198934224785754e+20
2023-04-21,3.537924081230517e+20
2023-04-22,3.6177175528600535e+20
2023-04-23,3.5155486209073244e+20
2023-04-24,3.4706422336307705e+20
2023-04-25,2.98429516389544e+20
2023-04-26,3.1467569981552774e+20
2023-04-27,3.207013968111347e+20
2023-04-28,3.561016372216331e+20
2023-04-29,3.3276707604925225e+20
2023-04-30,3.511925074659081e+20
2023-05-01,4.3943763680762744e+20
2023-05-02,3.154669803709676e+20
2023-05-03,3.4036488395674255e+20
2023-05-04,3.4929838007192243e+20
2023-05-05,2.8648119316428705e+20
2023-05-06,3.5846477078329767e+20
2023-05-07,3.2689630307207525e+20
2023-05-08,3.2768336450226494e+20
2023-05-09,3.6849626201919586e+20
2023-05-10,3.9496280335399793e+20
2023-05-11,3.607089649814376e+20
2023-05-12,3.3634553747876486e+20
2023-05-13,3.4901259614820054e+20
2023-05-14,4.1159797599029205e+20
2023-05-15,3.57545604948301e+20
2023-05-16,3.590021347803654e+20
2023-05-17,3.810206856540381e+20
2023-05-18,3.506605396371372e+20
2023-05-19,3.658070612706631e+20
2023-05-20,3.2069157239358744e+20
2023-05-21,3.7488733602192025e+20
2023-05-22,3.518440748310892e+20
2023-05-23,3.851481393357701e+20
2023-05-24,3.469999885478736e+20
2023-05-25,3.6822467693895936e+20
2023-05-26,3.754724600816441e+20
2023-05-27,3.5747644202395245e+20
2023-05-28,3.9488219448874566e+20
2023-05-29,3.977333609202384e+20
2023-05-30,3.8187656568826954e+20
2023-05-31,3.5076478410257885e+20
2023-06-01,3.386842216373996e+20
2023-06-02,4.1469690559403504e+20
2023-06-03,3.3094790810276705e+20
2023-06-04,3.7386919672937395e+20
2023-06-05,3.525784153747019e+20
2023-06-06,3.8676228335332694e+20
2023-06-07,3.420227080436621e+20
2023-06-08,3.920913444370227e+20
2023-06-09,4.317056274423119e+20
2023-06-10,3.896119790867005e+20
2023-06-11,4.164803302949193e+20
2023-06-12,4.0013690232285213e+20
2023-06-13,3.750762047267961e+20
2023-06-14,3.1144899926065185e+20
2023-06-15,3.876791434607497e+20
2023-06-16,3.9424967721855713e+20
2023-06-17,3.695955048780253e+20
2023-06-18,3.877496257911668e+20
2023-06-19,3.693590588463995e+20
2023-06-20,3.556614658965345e+20
2023-06-21,3.129038894096192e+20
2023-06-22,3.6034707811820955e+20
2023-06-23,3.2428841295597384e+20
2023-06-24,3.793422479091235e+20
2023-06-25,3.992229788216276e+20
2023-06-26,3.765141604518084e+20
2023-06-27,3.6486594363191905e+20
2023-06-28,2.8116859569297395e+20
2023-06-29,3.6740484546538026e+20
2023-06-30,3.981045099151148e+20
2023-07-01,3.358134605319182e+20
2023-07-02,4.2895196735540514e+20
2023-07-03,3.47688868866735e+20
2023-07-04,3.7057313196950664e+20
2023-07-05,3.7762027158204875e+20
2023-07-06,3.4923603543680706e+20
2023-07-07,4.3664447178682466e+20
2023-07-08,4.531533688876808e+20
2023-07-09,4.224491180033123e+20
2023-07-10,3.868563521379615e+20
2023-07-11,3.443446650898337e+20
2023-07-12,3.771611876749606e+20
2023-07-13,3.2138808618846e+20
2023-07-14,3.735978210915221e+20
2023-07-15,3.6830549390415666e+20
2023-07-16,4.161660311914769e+20
2023-07-17,3.6338239063778447e+20
2023-07-18,4.329274899406938e+20
2023-07-19,4.021465151607356e+20
2023-07-20,3.414277906003217e+20
2023-07-21,2.972869578255372e+20
2023-07-22,3.6746048699530655e+20
2023-07-23,3.8504681739964206e+20
2023-07-24,4.033633978965361e+20
2023-07-25,3.683182299595044e+20
2023-07-26,3.855726045076866e+20
2023-07-27,3.542012434047958e+20
2023-07-28,3.762243905567455e+20
2023-07-29,3.4616213558252215e+20
2023-07-30,4.203851091276568e+20
2023-07-31,3.7366195222620104e+20
2023-08-01,3.553839493369538e+20
2023-08-02,4.0455445567683015e+20
2023-08-03,3.915612688681728e+20
2023-08-04,3.18560510092333e+20
2023-08-05,3.978121914047116e+20
2023-08-06,4.2486497211251635e+20
2023-08-07,3.7742425568480035e+20
2023-08-08,3.28875696485978e+20
2023-08-09,4.194784042619936e+20
2023-08-10,3.280980119533432e+20
2023-08-11,3.9505369789914854e+20
2023-08-12,4.326429977329688e+20
2023-08-13,3.5378603423701946e+20
2023-08-14,4.4264387142679095e+20
2023-08-15,4.465065268217144e+20
2023-08-16,4.2312794034351414e+20
2023-08-17,4.0719753208047554e+20
2023-08-18,3.63012936769804e+20
2023-08-19,3.6398964788726445e+20
2023-08-20,4.2434555844283046e+20
2023-08-21,4.267835628880357e+20
2023-08-22,3.785965613152627e+20
2023-08-23,3.9262843623178515e+20
2023-08-24,3.9005799780790285e+20
2023-08-25,3.7248886334466005e+20
2023-08-26,3.7399859265120495e+20
2023-08-27,3.2847547401825826e+20
2023-08-28,3.208724839178006e+20
2023-08-29,4.3956981411646066e+20
2023-08-30,3.444497205010786e+20
2023-08-31,3.978590954508268e+20
2023-09-01,4.177647725318339e+20
2023-09-02,4.224885929391533e+20
2023-09-03,4.3570837477694826e+20
2023-09-04,4.1304466675256715e+20
2023-09-05,3.4265636967446466e+20
2023-09-06,3.641880291802403e+20
2023-09-07,3.90798167990936e+20
2023-09-08,3.577219965680334e+20
2023-09-09,4.1094017801694046e+20
2023-09-10,3.934748677716955e+20
2023-09-11,4.297099725475856e+20
2023-09-12,3.777929490172132e+20
2023-09-13,3.944418149517981e+20
2023-09-14,4.4078853326322015e+20
2023-09-15,5.010455626370732e+20
2023-09-16,4.1947484273956094e+20
2023-09-17,4.0069598062102866e+20
2023-09-18,4.2122044867187206e+20
2023-09-19,3.858985673672527e+20
2023-09-20,4.1397909136452505e+20
2023-09-21,3.9316751013609485e+20
2023-09-22,3.6371200888915034e+20
2023-09-23,4.451843702351071e+20
2023-09-24,4.1721473458299457e+20
2023-09-25,4.0685038983398864e+20
2023-09-26,3.923770483100329e+20
2023-09-27,4.498801931344575e+20
2023-09-28,4.1196026182011696e+20
2023-09-29,4.1152079036852365e+20
2023-09-30,3.9477210707108266e+20
2023-10-01,3.982918060993723e+20
2023-10-02,4.433144888552028e+20
2023-10-03,4.671835602164732e+20
2023-10-04,3.7254293492589455e+20
2023-10-05,4.0265574522381376e+20
2023-10-06,4.5523512940550934e+20
2023-10-07,4.889567310981641e+20
2023-10-08,4.1922237213259635e+20
2023-10-09,4.473856032840329e+20
2023-10-10,4.591955387569331e+20
2023-10-11,4.553140591387442e+20
2023-10-12,4.73720545863484e+20
2023-10-13,3.926675270377128e+20
2023-10-14,4.147166843675061e+20
2023-10-15,4.7751914674499033e+20
2023-10-16,4.134202169487625e+20
2023-10-17,4.904848326740795e+20
2023-10-18,4.474488316973038e+20
2023-10-19,4.3138982512630104e+20
2023-10-20,3.9664300090138663e+20
2023-10-21,4.5343509595501665e+20
2023-10-22,4.6171043523126696e+20
2023-10-23,4.80513643035081e+20
2023-10-24,3.820618962064151e+20
2023-10-25,4.3444596499344464e+20
2023-10-26,4.5610186617575755e+20
2023-10-27,4.6659211244557186e+20
2023-10-28,4.843511410930883e+20
2023-10-29,4.1612894035010355e+20
2023-10-30,4.817611389950456e+20
2023-10-31,4.80991730078796e+20
2023-11-01,4.7248332367035125e+20
2023-11-02,4.39061165073266e+20
2023-11-03,4.214902875149092e+20
2023-11-04,5.2180375600051264e+20
2023-11-05,5.1446360687680075e+20
2023-11-06,3.8984608323410906e+20
2023-11-07,4.1895393220884706e+20
2023-11-08,4.6228179290485385e+20
2023-11-09,4.363791344320958e+20
2023-11-10,4.7915776897962174e+20
2023-11-11,5.0134398767234325e+20
2023-11-12,4.9940778801359264e+20
2023-11-13,3.9078385778437646e+20
2023-11-14,4.437681322518992e+20
2023-11-15,4.8135811624249085e+20
2023-11-16,4.693457317760585e+20
2023-11-17,4.844878602088501e+20
2023-11-18,4.7635076285221745e+20
2023-11-19,5.51374928983082e+20
2023-11-20,5.3106621539296707e+20
2023-11-21,4.865240326295955e+20
2023-11-22,4.590167628632896e+20
2023-11-23,4.779657948291109e+20
2023-11-24,5.3067471491462686e+20
2023-11-25,5.1365268844551347e+20
2023-11-26,4.96151410421973e+20
2023-11-27,4.515899609569407e+20
2023-11-28,4.8862694673441535e+20
2023-11-29,4.507949737728055e+20
2023-11-30,4.51732472908072e+20
2023-12-01,5.7123978038853665e+20
2023-12-02,4.282334287838454e+20
2023-12-03,5.589556676991848e+20
2023-12-04,5.272826976752892e+20
2023-12-05,4.748476885849993e+20
2023-12-06,4.5128697374418115e+20
2023-12-07,3.876584665748752e+20
2023-12-08,4.5255806638140306e+20
2023-12-09,5.305186384595924e+20
2023-12-10,4.694434901562137e+20
2023-12-11,5.3011425036910336e+20
2023-12-12,4.842662238037404e+20
2023-12-13,4.974467723423262e+20
2023-12-14,5.0280192601726766e+20
2023-12-15,5.283461763162354e+20
2023-12-16,5.0797874754298315e+20
2023-12-17,5.0130640768786006e+20
2023-12-18,5.6245807916323104e+20
2023-12-19,5.4605093600241346e+20
2023-12-20,4.837349482512329e+20
2023-12-21,4.908722222597048e+20
2023-12-22,5.5765935658904394e+20
2023-12-23,5.670584931717239e+20
2023-12-24,6.077590250465985e+20
2023-12-25,5.0153071469746625e+20
2023-12-26,4.946231981229312e+20
2023-12-27,4.630399808087329e+20
2023-12-28,4.3077945103614896e+20
2023-12-29,5.4853373129068426e+20
2023-12-30,5.169254918072917e+20
2023-12-31,5.5606360965495593e+20
2024-01-01,5.5688941258680304e+20
2024-01-02,4.655236222247148e+20
2024-01-03,5.622594411128819e+20
2024-01-04,6.114709938264653e+20
2024-01-05,4.943696568317427e+20
2024-01-06,5.143590585112752e+20
2024-01-07,4.2272905006186974e+20
2024-01-08,4.492206986818748e+20
2024-01-09,5.5640142109487766e+20
2024-01-10,4.8203004499669674e+20
2024-01-11,6.304392024527541e+20
2024-01-12,6.110850719691402e+20
2024-01-13,5.756509444894498e+20
2024-01-14,4.6861404145521374e+20
2024-01-15,4.1291156073348615e+20
2024-01-16,4.626358926887244e+20
2024-01-17,4.344566441948565e+20
2024-01-18,5.157247429437842e+20
2024-01-19,4.903851241738421e+20
2024-01-20,5.010626301786826e+20
2024-01-21,5.013065215204913e+20
2024-01-22,5.451825233323389e+20
2024-01-23,5.390617660720757e+20
2024-01-24,5.238402490005918e+20
2024-01-25,6.382460610339052e+20
2024-01-26,5.277502281935856e+20
2024-01-27,6.01453520944325e+20
2024-01-28,5.553031992315824e+20
2024-01-29,5.560876211008289e+20
2024-01-30,4.9534019032992855e+20
2024-01-31,4.68552112484788e+20
2024-02-01,5.274218930658469e+20
2024-02-02,6.768575652019073e+20
2024-02-03,5.68402604291521e+20
2024-02-04,5.781710068491267e+20
2024-02-05,5.793753099452625e+20
2024-02-06,6.383599256861649e+20
2024-02-07,6.031701132421279e+20
2024-02-08,5.2383934815503424e+20
2024-02-09,6.136053384766393e+20
2024-02-10,5.695487617026616e+20
2024-02-11,5.231174022331967e+20
2024-02-12,6.613873621483984e+20
2024-02-13,5.070855515659647e+20
2024-02-14,5.2127705754967114e+20
2024-02-15,6.094160427401312e+20
2024-02-16,5.421964940098103e+20
2024-02-17,6.10023444545482e+20
2024-02-18,4.910274034518115e+20
2024-02-19,5.5221778496217245e+20
2024-02-20,5.7390744215124954e+20
2024-02-21,5.6915451865090864e+20
2024-02-22,5.515003276093255e+20
2024-02-23,6.318087136169967e+20
2024-02-24,5.569998624971788e+20
2024-02-25,6.679418024274061e+20
2024-02-26,5.408874541636603e+20
2024-02-27,5.296274148934387e+20
2024-02-28,5.969038223299637e+20
2024-02-29,5.4467385566288085e+20
2024-03-01,6.033093414984298e+20
2024-03-02,5.08278783344976e+20
2024-03-03,6.06982581945346e+20
2024-03-04,5.0499207367293973e+20
2024-03-05,6.612843944712491e+20
2024-03-06,5.4976471858062e+20
2024-03-07,7.110927013993297e+20
2024-03-08,6.077734399113298e+20
2024-03-09,6.493078398296883e+20
2024-03-10,5.5812419635660895e+20
2024-03-11,6.787789733880863e+20
2024-03-12,5.5139806185443616e+20
2024-03-13,6.303798568293217e+20
2024-03-14,5.77991088138404e+20
2024-03-15,5.302872008516176e+20
2024-03-16,6.028623348519651e+20
2024-03-17,6.076721701719293e+20
2024-03-18,6.051883064904352e+20
2024-03-19,6.541882126889985e+20
2024-03-20,6.17620428250668e+20
2024-03-21,5.014420402596939e+20
2024-03-22,5.638543657919296e+20
2024-03-23,6.515952375702049e+20
2024-03-24,7.115968014051871e+20
2024-03-25,5.4744317726565394e+20
2024-03-26,5.6203453329114805e+20
2024-03-27,5.65046285116209e+20
2024-03-28,6.336047913109346e+20
2024-03-29,5.93007760805705e+20
2024-03-30,6.428523177763945e+20
2024-03-31,5.669734518794668e+20
2024-04-01,6.189944317773489e+20
2024-04-02,6.121491766416724e+20
2024-04-03,5.860965580581961e+20
2024-04-04,5.6737634939348766e+20
2024-04-05,6.109106386400509e+20
2024-04-06,6.431810660560568e+20
2024-04-07,7.048836892703692e+20
2024-04-08,6.483430313472869e+20
2024-04-09,6.039748486014987e+20
2024-04-10,6.258980884861956e+20
2024-04-11,5.7061185413188026e+20
2024-04-12,5.820173103249861e+20
2024-04-13,7.07993412154901e+20
2024-04-14,6.730598568111939e+20
2024-04-15,6.065702904594507e+20
2024-04-16,7.032606093966829e+20
2024-04-17,5.956332459252697e+20
2024-04-18,6.20633379359595e+20
2024-04-19,6.422472784451071e+20
2024-04-20,5.6293689128872595e+20
2024-04-21,5.994120118451993e+20
2024-04-22,6.489032282134935e+20
2024-04-23,7.216427092061174e+20
2024-04-24,6.737705254270471e+20
2024-04-25,6.5200511594824e+20
2024-04-26,5.6099311566941775e+20
2024-04-27,6.094663866802234e+20
2024-04-28,6.208006788390015e+20
2024-04-29,5.6928436255619554e+20
2024-04-30,6.165647978748822e+20
2024-05-01,5.774698518265257e+20
2024-05-02,6.400096794261561e+20
2024-05-03,5.700728256522608e+20
2024-05-04,6.278837712871963e+20
2024-05-05,5.896597808310367e+20
2024-05-06,5.3422240763841806e+20
2024-05-07,5.3595899018391264e+20
2024-05-08,5.5492236525669456e+20
2024-05-09,6.147739739187987e+20
2024-05-10,6.010018872658614e+20
2024-05-11,6.551667874461427e+20
2024-05-12,5.5234365862704225e+20
2024-05-13,6.000910087828735e+20
2024-05-14,5.716063389810379e+20
2024-05-15,5.740881387945719e+20
2024-05-16,5.911471161063215e+20
2024-05-17,6.387583058617369e+20
2024-05-18,5.288577606093552e+20
2024-05-19,6.445897539042709e+20
2024-05-20,6.345753227585698e+20
2024-05-21,5.7081536702744835e+20
2024-05-22,6.306763739883935e+20
2024-05-23,7.053262750844947e+20
2024-05-24,6.849742957116853e+20
2024-05-25,6.628846655479524e+20
2024-05-26,7.022505386748287e+20
2024-05-27,5.181578648020416e+20
2024-05-28,5.68594929345608e+20
2024-05-29,5.6443330118140527e+20
2024-05-30,5.2018952445818385e+20
2024-05-31,6.217328137869298e+20
2024-06-01,5.8912384421040226e+20
2024-06-02,5.871252126644753e+20
2024-06-03,6.587238897306904e+20
2024-06-04,5.6269848694059886e+20
2024-06-05,5.1195113420830376e+20
2024-06-06,5.645312600461793e+20
2024-06-07,5.8409575069865535e+20
2024-06-08,7.164215131203468e+20
2024-06-09,6.406512763267028e+20
2024-06-10,5.7817821165109176e+20
2024-06-11,5.0532354039527834e+20
2024-06-12,6.091484356381342e+20
2024-06-13,6.02480386661037e+20
2024-06-14,5.4050802392501695e+20
2024-06-15,5.547875491991243e+20
2024-06-16,6.726152297672236e+20
2024-06-17,5.8790793672614786e+20
2024-06-18,6.264619250514626e+20
2024-06-19,5.725482400625903e+20
2024-06-20,5.506710540664e+20
2024-06-21,5.8319677422350945e+20
2024-06-22,6.326204389895496e+20
2024-06-23,4.6476348576466095e+20
2024-06-24,6.32495916058503e+20
2024-06-25,5.1817341502013355e+20
2024-06-26,5.0493827589435693e+20
2024-06-27,5.368849339852394e+20
2024-06-28,5.714428344515213e+20
2024-06-29,6.412876757309985e+20
2024-06-30,5.034009506502668e+20
2024-07-01,6.00255092110213e+20
2024-07-02,6.041139910288335e+20
2024-07-03,6.022242537965805e+20
2024-07-04,5.8151166299681686e+20
2024-07-05,4.8140596623788514e+20
2024-07-06,6.512436110832452e+20
2024-07-07,5.5954445457557645e+20
2024-07-08,6.259628368902846e+20
2024-07-09,6.119373710679094e+20
2024-07-10,5.415972277434349e+20
2024-07-11,5.455635611556947e+20
2024-07-12,5.949488814761839e+20
2024-07-13,6.076306920092804e+20
2024-07-14,6.595949691128378e+20
2024-07-15,6.037129448801847e+20
2024-07-16,5.8358547751739104e+20
2024-07-17,6.273299628152907e+20
2024-07-18,5.159432029110789e+20
2024-07-19,5.996188218174976e+20
2024-07-20,6.719992051276791e+20
2024-07-21,6.918563234407747e+20
2024-07-22,7.24254524650647e+20
2024-07-23,6.89078523424183e+20
2024-07-24,5.763358309191477e+20
2024-07-25,6.602292712963151e+20
2024-07-26,6.754207057121634e+20
2024-07-27,6.114888877356215e+20
2024-07-28,6.032230530781288e+20
2024-07-29,7.218162400400104e+20
2024-07-30,6.154679168060981e+20
2024-07-31,6.082745933004905e+20
2024-08-01,6.32224522834735e+20
2024-08-02,5.6495134497034233e+20
2024-08-03,6.232696809956163e+20
2024-08-04,6.255752605487331e+20
2024-08-05,7.176362367104609e+20
2024-08-06,6.217976530739196e+20
2024-08-07,5.4601851431432965e+20
2024-08-08,5.804093234455545e+20
2024-08-09,5.935635700394015e+20
2024-08-10,5.801747035813693e+20
2024-08-11,7.258208774554443e+20
2024-08-12,6.184760296244863e+20
2024-08-13,6.686569686324529e+20
2024-08-14,5.899241224643252e+20
2024-08-15,6.913367833755936e+20
2024-08-16,6.1453638667587e+20
2024-08-17,6.428470285476853e+20
2024-08-18,6.786351788165076e+20
2024-08-19,5.628061026800936e+20
2024-08-20,6.40158776221453e+20
2024-08-21,6.451927530795329e+20
2024-08-22,6.804078344761206e+20
2024-08-23,7.108593634428551e+20
2024-08-24,6.706908487732538e+20
2024-08-25,5.6343130516017506e+20
2024-08-26,5.796053664712513e+20
2024-08-27,6.130644176863663e+20
2024-08-28,7.039440765682031e+20
2024-08-29,5.87982698140942e+20
2024-08-30,6.298546560544647e+20
2024-08-31,6.645981328512465e+20
2024-09-01,6.229944185603052e+20
2024-09-02,7.458064195227339e+20
2024-09-03,6.607665429497989e+20
2024-09-04,6.729676075628647e+20
2024-09-05,6.85997103332414e+20
2024-09-06,6.477145485049392e+20
2024-09-07,7.041157846857334e+20
2024-09-08,7.40206290579629e+20
2024-09-09,6.508087383310074e+20
2024-09-10,6.047935478885184e+20
2024-09-11,4.9246940123404095e+20
2024-09-12,7.03356986314024e+20
2024-09-13,5.648233754130243e+20
2024-09-14,6.446328895943032e+20
2024-09-15,6.905171280184875e+20
2024-09-16,5.7601446808014645e+20
2024-09-17,6.964341269278699e+20
2024-09-18,6.377511056732447e+20
2024-09-19,5.6414300898021075e+20
2024-09-20,6.57661688251465e+20
2024-09-21,6.227950387615581e+20
2024-09-22,6.308816688254187e+20
2024-09-23,6.699538021170977e+20
2024-09-24,6.694789394300549e+20
2024-09-25,6.541666768321376e+20
2024-09-26,5.7961745198171705e+20
2024-09-27,5.951589246219088e+20
2024-09-28,5.651968958788513e+20
2024-09-29,6.809669960764798e+20
2024-09-30,6.013859478340768e+20
2024-10-01,6.954184000410811e+20
2024-10-02,6.780953397922571e+20
2024-10-03,6.946131588098157e+20
2024-10-04,7.468463189049216e+20
2024-10-05,6.585701092132405e+20
2024-10-06,6.672851264295545e+20
2024-10-07,6.847144061326063e+20
2024-10-08,7.307951276404648e+20
2024-10-09,5.764523230891956e+20
2024-10-10,7.096037347331401e+20
2024-10-11,6.434209426247943e+20
2024-10-12,6.509579815772215e+20
2024-10-13,6.300398377622391e+20
2024-10-14,6.388993495078291e+20
2024-10-15,7.144051861293362e+20
2024-10-16,6.519806987790468e+20
2024-10-17,7.15371801359304e+20
2024-10-18,6.163111352991081e+20
2024-10-19,7.900150122769191e+20
2024-10-20,7.9504748146366e+20
2024-10-21,7.808728711361423e+20
2024-10-22,6.420108290547751e+20
2024-10-23,7.278991690832293e+20
2024-10-24,6.826229143156104e+20
2024-10-25,7.365638010135216e+20
2024-10-26,6.860109009479661e+20
2024-10-27,7.663144443314099e+20
2024-10-28,7.983562920744143e+20
2024-10-29,7.534546531252353e+20
2024-10-30,8.110056565293752e+20
2024-10-31,7.383176084244077e+20
2024-11-01,7.368314101016021e+20
2024-11-02,6.71991900258764e+20
2024-11-03,6.190327599329647e+20
2024-11-04,7.3047100020554e+20
2024-11-05,6.981903218433748e+20
2024-11-06,7.682464775690568e+20
2024-11-07,7.936708961651634e+20
2024-11-08,7.152836819475004e+20
2024-11-09,7.007784814538759e+20
2024-11-10,7.465233289747079e+20
2024-11-11,6.939156202485407e+20
2024-11-12,7.590078343788096e+20
2024-11-13,6.703754529185113e+20
2024-11-14,6.435197357442474e+20
2024-11-15,7.610785349714746e+20
2024-11-16,7.905225764574062e+20
2024-11-17,7.602303298685918e+20
2024-11-18,7.840773772323806e+20
2024-11-19,8.967166311555377e+20
2024-11-20,7.465805814652826e+20
2024-11-21,7.272332060202542e+20
2024-11-22,7.403879815444142e+20
2024-11-23,6.937974835195878e+20
2024-11-24,6.844573242280671e+20
2024-11-25,8.582740421151903e+20
2024-11-26,7.009265378543554e+20
2024-11-27,6.816954616133913e+20
2024-11-28,7.202624487711267e+20
2024-11-29,6.137943685293424e+20
2024-11-30,8.32380968595175e+20
2024-12-01,8.02187496964961e+20
2024-12-02,6.653205235470516e+20
2024-12-03,7.92540290919231e+20
2024-12-04,7.604218791546842e+20
2024-12-05,8.00062126023007e+20
2024-12-06,7.079998462693039e+20
2024-12-07,7.346934297954445e+20
2024-12-08,7.455453251498917e+20
2024-12-09,8.699300813144759e+20
2024-12-10,7.913131243203161e+20
2024-12-11,7.41128236663281e+20
2024-12-12,7.549032273921485e+20
2024-12-13,8.786357043978058e+20
2024-12-14,8.268189554729866e+20
2024-12-15,7.094407333972593e+20
2024-12-16,7.884390153100258e+20
2024-12-17,7.363796133065855e+20
2024-12-18,7.963099414122712e+20
2024-12-19,7.613544959868789e+20
2024-12-20,8.16573477380681e+20
2024-12-21,7.894668401815169e+20
2024-12-22,8.269314089999651e+20
2024-12-23,7.567462087929578e+20
2024-12-24,7.145055843465623e+20
2024-12-25,8.165166373414192e+20
2024-12-26,6.956734663330854e+20
2024-12-27,8.610210700917851e+20
2024-12-28,7.63295330035649e+20
2024-12-29,8.583104506112221e+20
2024-12-30,8.662363510821087e+20
2024-12-31,7.028036506086284e+20
2025-01-01,7.621162304170323e+20
2025-01-02,9.17089724929568e+20
2025-01-03,7.700785584285496e+20
2025-01-04,8.271236208721591e+20
2025-01-05,8.554670830739848e+20
2025-01-06,7.103473691478617e+20
2025-01-07,7.329744416182813e+20
2025-01-08,6.826361251799533e+20
2025-01-09,8.289717834090545e+20
2025-01-10,7.764008518683423e+20
2025-01-11,7.586563586073246e+20
2025-01-12,9.372010824468578e+20
2025-01-13,6.993800906939767e+20
2025-01-14,8.470907646192842e+20
2025-01-15,7.630954260885394e+20
2025-01-16,7.105179934032185e+20
2025-01-17,8.17139012577124e+20
2025-01-18,7.189111233477771e+20
2025-01-19,8.125296827126284e+20
2025-01-20,8.35605137764952e+20
2025-01-21,7.282093544009501e+20
2025-01-22,8.47503626560124e+20
2025-01-23,7.28705575967651e+20
2025-01-24,7.776204080894039e+20
2025-01-25,6.920311159080097e+20
2025-01-26,7.525075168912178e+20
2025-01-27,8.443823110166901e+20
2025-01-28,8.205205653434693e+20
2025-01-29,8.057586119903691e+20
2025-01-30,7.790785146072001e+20
2025-01-31,6.766226711192953e+20
2025-02-01,9.804998362347126e+20
2025-02-02,9.294338986631615e+20
2025-02-03,8.149702108729602e+20
2025-02-04,7.319084361511917e+20
2025-02-05,7.449891318418554e+20
2025-02-06,781157600054484500000
2025-02-07,931699137020323600000
2025-02-08,854963500225196700000
2025-02-09,803013622756005900000
2025-02-10,802310863382573200000
2025-02-11,685170801051014500000
2025-02-12,760490283972631700000
2025-02-13,889019136300998000000
2025-02-14,861407164348429200000
2025-02-15,908971533970802200000
2025-02-16,866901402576781000000
2025-02-17,769480917711795800000
