date,price_realized_usd
2010-01-01,0.0495099999999999
2010-01-02,0.0495099999999999
2010-01-03,0.0495099999999999
2010-01-04,0.0495099999999999
2010-01-05,0.0495099999999999
2010-01-06,0.0495099999999999
2010-01-07,0.0495099999999999
2010-01-08,0.0495099999999999
2010-01-09,0.0495099999999999
2010-01-10,0.0495099999999999
2010-01-11,0.0495099999999999
2010-01-12,0.0495099999999999
2010-01-13,0.0495099999999999
2010-01-14,0.0495099999999999
2010-01-15,0.0495099999999999
2010-01-16,0.0495099999999999
2010-01-17,0.0495099999999999
2010-01-18,0.0495099999999999
2010-01-19,0.0495099999999999
2010-01-20,0.0495099999999999
2010-01-21,0.0495099999999999
2010-01-22,0.0495099999999999
2010-01-23,0.0495099999999999
2010-01-24,0.0495099999999999
2010-01-25,0.0495099999999999
2010-01-26,0.0495099999999999
2010-01-27,0.0495099999999999
2010-01-28,0.0495099999999999
2010-01-29,0.0495099999999999
2010-01-30,0.0495099999999999
2010-01-31,0.0495099999999999
2010-02-01,0.0495099999999999
2010-02-02,0.0495099999999999
2010-02-03,0.0495099999999999
2010-02-04,0.0495099999999999
2010-02-05,0.0495099999999999
2010-02-06,0.0495099999999999
2010-02-07,0.0495099999999999
2010-02-08,0.0495099999999999
2010-02-09,0.0495099999999999
2010-02-10,0.0495099999999999
2010-02-11,0.0495099999999999
2010-02-12,0.0495099999999999
2010-02-13,0.0495099999999999
2010-02-14,0.0495099999999999
2010-02-15,0.0495099999999999
2010-02-16,0.0495099999999999
2010-02-17,0.0495099999999999
2010-02-18,0.0495099999999999
2010-02-19,0.0495099999999999
2010-02-20,0.0495099999999999
2010-02-21,0.0495099999999999
2010-02-22,0.0495099999999999
2010-02-23,0.0495099999999999
2010-02-24,0.0495099999999999
2010-02-25,0.0495099999999999
2010-02-26,0.0495099999999999
2010-02-27,0.0495099999999999
2010-02-28,0.0495099999999999
2010-03-01,0.0495099999999999
2010-03-02,0.0495099999999999
2010-03-03,0.0495099999999999
2010-03-04,0.0495099999999999
2010-03-05,0.0495099999999999
2010-03-06,0.0495099999999999
2010-03-07,0.0495099999999999
2010-03-08,0.0495099999999999
2010-03-09,0.0495099999999999
2010-03-10,0.0495099999999999
2010-03-11,0.0495099999999999
2010-03-12,0.0495099999999999
2010-03-13,0.0495099999999999
2010-03-14,0.0495099999999999
2010-03-15,0.0495099999999999
2010-03-16,0.0495099999999999
2010-03-17,0.0495099999999999
2010-03-18,0.0495099999999999
2010-03-19,0.0495099999999999
2010-03-20,0.0495099999999999
2010-03-21,0.0495099999999999
2010-03-22,0.0495099999999999
2010-03-23,0.0495099999999999
2010-03-24,0.0495099999999999
2010-03-25,0.0495099999999999
2010-03-26,0.0495099999999999
2010-03-27,0.0495099999999999
2010-03-28,0.0495099999999999
2010-03-29,0.0495099999999999
2010-03-30,0.0495099999999999
2010-03-31,0.0495099999999999
2010-04-01,0.0495099999999999
2010-04-02,0.0495099999999999
2010-04-03,0.0495099999999999
2010-04-04,0.0495099999999999
2010-04-05,0.0495099999999999
2010-04-06,0.0495099999999999
2010-04-07,0.0495099999999999
2010-04-08,0.0495099999999999
2010-04-09,0.0495099999999999
2010-04-10,0.0495099999999999
2010-04-11,0.0495099999999999
2010-04-12,0.0495099999999999
2010-04-13,0.0495099999999999
2010-04-14,0.0495099999999999
2010-04-15,0.0495099999999999
2010-04-16,0.0495099999999999
2010-04-17,0.0495099999999999
2010-04-18,0.0495099999999999
2010-04-19,0.0495099999999999
2010-04-20,0.0495099999999999
2010-04-21,0.0495099999999999
2010-04-22,0.0495099999999999
2010-04-23,0.0495099999999999
2010-04-24,0.0495099999999999
2010-04-25,0.0495099999999999
2010-04-26,0.0495099999999999
2010-04-27,0.0495099999999999
2010-04-28,0.0495099999999999
2010-04-29,0.0495099999999999
2010-04-30,0.0495099999999999
2010-05-01,0.0495099999999999
2010-05-02,0.0495099999999999
2010-05-03,0.0495099999999999
2010-05-04,0.0495099999999999
2010-05-05,0.0495099999999999
2010-05-06,0.0495099999999999
2010-05-07,0.0495099999999999
2010-05-08,0.0495099999999999
2010-05-09,0.0495099999999999
2010-05-10,0.0495099999999999
2010-05-11,0.0495099999999999
2010-05-12,0.0495099999999999
2010-05-13,0.0495099999999999
2010-05-14,0.0495099999999999
2010-05-15,0.0495099999999999
2010-05-16,0.0495099999999999
2010-05-17,0.0495099999999999
2010-05-18,0.0495099999999999
2010-05-19,0.0495099999999999
2010-05-20,0.0495099999999999
2010-05-21,0.0495099999999999
2010-05-22,0.0495099999999999
2010-05-23,0.0495099999999999
2010-05-24,0.0495099999999999
2010-05-25,0.0495099999999999
2010-05-26,0.0495099999999999
2010-05-27,0.0495099999999999
2010-05-28,0.0495099999999999
2010-05-29,0.0495099999999999
2010-05-30,0.0495099999999999
2010-05-31,0.0495099999999999
2010-06-01,0.0495099999999999
2010-06-02,0.0495099999999999
2010-06-03,0.0495099999999999
2010-06-04,0.0495099999999999
2010-06-05,0.0495099999999999
2010-06-06,0.0495099999999999
2010-06-07,0.0495099999999999
2010-06-08,0.0495099999999999
2010-06-09,0.0495099999999999
2010-06-10,0.0495099999999999
2010-06-11,0.0495099999999999
2010-06-12,0.0495099999999999
2010-06-13,0.0495099999999999
2010-06-14,0.0495099999999999
2010-06-15,0.0495099999999999
2010-06-16,0.0495099999999999
2010-06-17,0.0495099999999999
2010-06-18,0.0495099999999999
2010-06-19,0.0495099999999999
2010-06-20,0.0495099999999999
2010-06-21,0.0495099999999999
2010-06-22,0.0495099999999999
2010-06-23,0.0495099999999999
2010-06-24,0.0495099999999999
2010-06-25,0.0495099999999999
2010-06-26,0.0495099999999999
2010-06-27,0.0495099999999999
2010-06-28,0.0495099999999999
2010-06-29,0.0495099999999999
2010-06-30,0.0495099999999999
2010-07-01,0.0495099999999999
2010-07-02,0.0495099999999999
2010-07-03,0.0495099999999999
2010-07-04,0.0495099999999999
2010-07-05,0.0495099999999999
2010-07-06,0.0495099999999999
2010-07-07,0.0495099999999999
2010-07-08,0.0495099999999999
2010-07-09,0.0495099999999999
2010-07-10,0.0495099999999999
2010-07-11,0.0495099999999999
2010-07-12,0.0495099999999999
2010-07-13,0.0495099999999999
2010-07-14,0.0495099999999999
2010-07-15,0.0495099999999999
2010-07-16,0.0495099999999999
2010-07-17,0.0495099999999999
2010-07-18,0.0496364275877421
2010-07-19,0.0500296419856493
2010-07-20,0.0501628472588579
2010-07-21,0.0502602782543659
2010-07-22,0.050236497700076
2010-07-23,0.0502924406832553
2010-07-24,0.0503118252250275
2010-07-25,0.0503450805311843
2010-07-26,0.050383520793741
2010-07-27,0.0504251432684033
2010-07-28,0.0504768452045806
2010-07-29,0.0505110024923503
2010-07-30,0.0505914768685214
2010-07-31,0.050635832639837
2010-08-01,0.0506941737819095
2010-08-02,0.0507425137736702
2010-08-03,0.0507814790766347
2010-08-04,0.0508148980380332
2010-08-05,0.0508384020785921
2010-08-06,0.0508791403984796
2010-08-07,0.0509087745231788
2010-08-08,0.0509374667888655
2010-08-09,0.0510701453712712
2010-08-10,0.0511478197285333
2010-08-11,0.0512462083209139
2010-08-12,0.0512820762453243
2010-08-13,0.0513762163428148
2010-08-14,0.0514347957513666
2010-08-15,0.0514911845941671
2010-08-16,0.0515390577948875
2010-08-17,0.0515804467677124
2010-08-18,0.0516679197993729
2010-08-19,0.0517025467050733
2010-08-20,0.051737646397697
2010-08-21,0.0517892224660287
2010-08-22,0.0518363565117045
2010-08-23,0.0518773922135359
2010-08-24,0.0519213698728581
2010-08-25,0.0519604332974632
2010-08-26,0.0519955131389326
2010-08-27,0.0520338919753469
2010-08-28,0.0520631993003477
2010-08-29,0.0520829272472214
2010-08-30,0.0520977040467851
2010-08-31,0.0521356052140012
2010-09-01,0.0521335502985386
2010-09-02,0.0521418606432106
2010-09-03,0.0521546379481703
2010-09-04,0.0521671423252924
2010-09-05,0.0522202632089369
2010-09-06,0.0522244647861305
2010-09-07,0.0522404307005881
2010-09-08,0.0522583764382149
2010-09-09,0.0523051612335271
2010-09-10,0.0523220909897551
2010-09-11,0.0523360366922071
2010-09-12,0.0523603390309742
2010-09-13,0.0523843685766322
2010-09-14,0.0524142263460281
2010-09-15,0.0524505182693951
2010-09-16,0.0525002827721109
2010-09-17,0.0525819635251412
2010-09-18,0.052593860629566
2010-09-19,0.0526239134200645
2010-09-20,0.052648136454671
2010-09-21,0.0526746722927495
2010-09-22,0.052699180831041
2010-09-23,0.0527358757917718
2010-09-24,0.0527645486792259
2010-09-25,0.0527900320182502
2010-09-26,0.052814462289548
2010-09-27,0.0528904091993658
2010-09-28,0.0530572394106213
2010-09-29,0.0530815309080664
2010-09-30,0.0530921898299491
2010-10-01,0.0531792122714581
2010-10-02,0.0534389979375694
2010-10-03,0.0534472409270779
2010-10-04,0.0534438148392458
2010-10-05,0.0535342577903678
2010-10-06,0.0535709578430809
2010-10-07,0.0536389931230411
2010-10-08,0.0539610073250927
2010-10-09,0.0546366692080819
2010-10-10,0.0551510581819629
2010-10-11,0.0554492314826007
2010-10-12,0.0555801292160021
2010-10-13,0.0559148935025808
2010-10-14,0.0561758210241629
2010-10-15,0.0568615789236719
2010-10-16,0.0572577536361741
2010-10-17,0.0574379624792169
2010-10-18,0.0576415505374654
2010-10-19,0.0577932807250399
2010-10-20,0.0580056292814896
2010-10-21,0.0586307252210919
2010-10-22,0.0587666905591937
2010-10-23,0.0589656192800843
2010-10-24,0.0595754113421043
2010-10-25,0.0600847537722737
2010-10-26,0.0610543346858973
2010-10-27,0.0623488146052631
2010-10-28,0.0645057406157775
2010-10-29,0.0651195695671549
2010-10-30,0.0658067393637441
2010-10-31,0.0666849814122271
2010-11-01,0.0670942922253526
2010-11-02,0.0677789513838775
2010-11-03,0.0682722473616389
2010-11-04,0.0709334936126738
2010-11-05,0.0719614616142601
2010-11-06,0.0763175510483148
2010-11-07,0.0781319021875582
2010-11-08,0.0880510964957269
2010-11-09,0.0887513247713748
2010-11-10,0.0886512528766051
2010-11-11,0.0891187405251031
2010-11-12,0.0894473368563011
2010-11-13,0.0904451705268075
2010-11-14,0.0913816770579679
2010-11-15,0.0934964395627722
2010-11-16,0.0940052888704154
2010-11-17,0.0944890013702603
2010-11-18,0.0951114350905682
2010-11-19,0.0958939757657438
2010-11-20,0.0965765237317758
2010-11-21,0.0970087465182078
2010-11-22,0.0974123320393627
2010-11-23,0.0978644603267035
2010-11-24,0.0984953091806727
2010-11-25,0.0993368380650871
2010-11-26,0.0992177816231025
2010-11-27,0.099715192362151
2010-11-28,0.1000677417089636
2010-11-29,0.1004049859402872
2010-11-30,0.1003389849516813
2010-12-01,0.100326550508432
2010-12-02,0.1013420568971879
2010-12-03,0.1016595336884801
2010-12-04,0.1019615459332442
2010-12-05,0.1023308392122802
2010-12-06,0.1024487762021962
2010-12-07,0.1030470271854247
2010-12-08,0.1034662522264359
2010-12-09,0.1036654249226261
2010-12-10,0.1038378090965125
2010-12-11,0.1039800655874184
2010-12-12,0.1041819846361439
2010-12-13,0.1046406392040922
2010-12-14,0.1048656128077039
2010-12-15,0.1055824869667797
2010-12-16,0.1059301375924168
2010-12-17,0.1062160642662505
2010-12-18,0.1066123293904544
2010-12-19,0.1068912045193801
2010-12-20,0.1076777098848243
2010-12-21,0.1091452449825176
2010-12-22,0.1093948369692891
2010-12-23,0.1096771275005109
2010-12-24,0.1098658581386601
2010-12-25,0.1102274835465486
2010-12-26,0.110553662086686
2010-12-27,0.1108546878370613
2010-12-28,0.1112672958564428
2010-12-29,0.1127500366671898
2010-12-30,0.1133181711052565
2010-12-31,0.1137226146811802
2011-01-01,0.1141222198953038
2011-01-02,0.1147720070969546
2011-01-03,0.1152712790476909
2011-01-04,0.1155788252303379
2011-01-05,0.1159895904964112
2011-01-06,0.1163298142406781
2011-01-07,0.1168590322584652
2011-01-08,0.1174830184805449
2011-01-09,0.1179774908788827
2011-01-10,0.1193460787617843
2011-01-11,0.1215006059326756
2011-01-12,0.1219474333594044
2011-01-13,0.124478001934091
2011-01-14,0.1256734520139701
2011-01-15,0.1264082584813457
2011-01-16,0.1276972692513845
2011-01-17,0.1286792336539926
2011-01-18,0.1288664327005456
2011-01-19,0.1299441123031203
2011-01-20,0.1306407901855253
2011-01-21,0.131510576310199
2011-01-22,0.1326751948040722
2011-01-23,0.1347396287187826
2011-01-24,0.1359143567805276
2011-01-25,0.1367153467340328
2011-01-26,0.1383861454643099
2011-01-27,0.152339704040722
2011-01-28,0.1533657151890918
2011-01-29,0.1550893966279457
2011-01-30,0.1559762992513276
2011-01-31,0.1590780562743326
2011-02-01,0.1644092649331845
2011-02-02,0.1706020390572304
2011-02-03,0.1725420827896835
2011-02-04,0.1751223244356972
2011-02-05,0.1790815618915568
2011-02-06,0.1841281647680784
2011-02-07,0.1928201812382766
2011-02-08,0.1947397748343977
2011-02-09,0.2009169511294431
2011-02-10,0.2049315413875493
2011-02-11,0.2094774564396051
2011-02-12,0.2123695069789258
2011-02-13,0.2153674427754938
2011-02-14,0.2227854582761659
2011-02-15,0.2252032978414227
2011-02-16,0.22744548130611
2011-02-17,0.2296382575018347
2011-02-18,0.2322883675640466
2011-02-19,0.2337442324482727
2011-02-20,0.2357620020460077
2011-02-21,0.2370278698267111
2011-02-22,0.2388895802933593
2011-02-23,0.2407053854032048
2011-02-24,0.2430652373906416
2011-02-25,0.2449462441015914
2011-02-26,0.249384847261272
2011-02-27,0.2542656651908527
2011-02-28,0.2574421538930472
2011-03-01,0.2910754314736434
2011-03-02,0.2922284094658221
2011-03-03,0.2933221304771793
2011-03-04,0.2951253012582461
2011-03-05,0.2974716821403004
2011-03-06,0.2979448136245871
2011-03-07,0.2988959843180345
2011-03-08,0.300598596375648
2011-03-09,0.3012802776753974
2011-03-10,0.302228057095481
2011-03-11,0.3032134062276584
2011-03-12,0.3061707402148334
2011-03-13,0.3078986257369716
2011-03-14,0.310646982479576
2011-03-15,0.3121469301693937
2011-03-16,0.3152633952478155
2011-03-17,0.3167370536070511
2011-03-18,0.3170023592543791
2011-03-19,0.3174244909345977
2011-03-20,0.3179203478641936
2011-03-21,0.3188270293132887
2011-03-22,0.3189993461721649
2011-03-23,0.3207439074203827
2011-03-24,0.324293960999705
2011-03-25,0.3254478172564795
2011-03-26,0.3283218408043419
2011-03-27,0.3293891956604149
2011-03-28,0.3300180738926658
2011-03-29,0.3305180519678908
2011-03-30,0.3308673115942042
2011-03-31,0.3315873544554293
2011-04-01,0.3323064684061816
2011-04-02,0.3326746506523396
2011-04-03,0.3333078350554237
2011-04-04,0.3347893295607274
2011-04-05,0.3356013028212792
2011-04-06,0.3360684340086973
2011-04-07,0.3367480007821277
2011-04-08,0.3374520701516798
2011-04-09,0.3380342678575552
2011-04-10,0.338467030851367
2011-04-11,0.3392232564666511
2011-04-12,0.3410274440903965
2011-04-13,0.3433004163682249
2011-04-14,0.3457898478654133
2011-04-15,0.348859242401376
2011-04-16,0.3525906785268213
2011-04-17,0.3554143810709861
2011-04-18,0.3610314979778218
2011-04-19,0.3663013415703613
2011-04-20,0.369039979206821
2011-04-21,0.3719287241508209
2011-04-22,0.378673826205946
2011-04-23,0.3894537065549573
2011-04-24,0.3970959119968535
2011-04-25,0.4011060876058114
2011-04-26,0.4059445667041066
2011-04-27,0.4141820599495673
2011-04-28,0.4265308750430374
2011-04-29,0.5273464488520014
2011-04-30,0.6183076120471878
2011-05-01,0.6332879903762476
2011-05-02,0.6438029838656038
2011-05-03,0.6642960541268954
2011-05-04,0.7138420460000746
2011-05-05,0.725488145520978
2011-05-06,0.7559599424708506
2011-05-07,0.7668126060718716
2011-05-08,0.7785083051775813
2011-05-09,0.7934699702952394
2011-05-10,0.8556286234682386
2011-05-11,0.9055160578018092
2011-05-12,0.9666540453091405
2011-05-13,1.1182807894357774
2011-05-14,1.2298956543629238
2011-05-15,1.2943340058407573
2011-05-16,1.396927630355448
2011-05-17,1.4478452958467418
2011-05-18,1.4797066521736992
2011-05-19,1.507798939529775
2011-05-20,1.539840298088775
2011-05-21,1.466570889960927
2011-05-22,1.5161011229539438
2011-05-23,1.5549738739239414
2011-05-24,1.5867868841952026
2011-05-25,1.61939983916039
2011-05-26,1.6650544156389142
2011-05-27,1.7853769250330591
2011-05-28,1.8016167930512872
2011-05-29,1.8192524851308165
2011-05-30,1.8519697506878143
2011-05-31,1.8875242613498984
2011-06-01,1.9191537973192017
2011-06-02,1.9911016325897657
2011-06-03,2.18232676692588
2011-06-04,2.3084393439291606
2011-06-05,2.4789574156601817
2011-06-06,3.0382272205660823
2011-06-07,3.1504073857231805
2011-06-08,3.827707825016883
2011-06-09,4.275728737011739
2011-06-10,4.6558935849872025
2011-06-11,4.710509040265208
2011-06-12,5.217832508138098
2011-06-13,5.382497494832965
2011-06-14,5.829675123120049
2011-06-15,6.22384771348945
2011-06-16,6.381426486961323
2011-06-17,6.378335005489609
2011-06-18,6.444763345583176
2011-06-19,6.493752137673001
2011-06-20,6.5447836773130685
2011-06-21,6.633005790646095
2011-06-22,6.65585193197465
2011-06-23,6.753807400861544
2011-06-24,6.803203795855907
2011-06-25,6.826999410959283
2011-06-26,6.864732445951143
2011-06-27,6.992339766530476
2011-06-28,7.073029114163819
2011-06-29,7.119865935874182
2011-06-30,7.18925347198225
2011-07-01,7.184790358110145
2011-07-02,7.177531399016001
2011-07-03,7.192256338946742
2011-07-04,7.187108276109316
2011-07-05,7.201502109582505
2011-07-06,7.215344258545136
2011-07-07,7.222541739135416
2011-07-08,7.222027889179019
2011-07-09,7.225678699656286
2011-07-10,7.265179569545943
2011-07-11,7.279387103794251
2011-07-12,7.286523380931156
2011-07-13,7.299670029186645
2011-07-14,7.306358804995508
2011-07-15,7.31683219819297
2011-07-16,7.319631662481054
2011-07-17,7.328320806522571
2011-07-18,7.012685071852011
2011-07-19,7.036205850091944
2011-07-20,6.9713096167577735
2011-07-21,6.975866295891514
2011-07-22,6.978783215939478
2011-07-23,6.986623182084489
2011-07-24,6.997320549192843
2011-07-25,7.011916444932927
2011-07-26,7.022512885353261
2011-07-27,7.036182105656988
2011-07-28,7.032163962425566
2011-07-29,7.042418437368794
2011-07-30,7.0566722078967725
2011-07-31,7.054513757881418
2011-08-01,7.056473447818092
2011-08-02,7.055391090129359
2011-08-03,7.0107014775053695
2011-08-04,7.000997566137315
2011-08-05,6.989060829826377
2011-08-06,6.921848523322123
2011-08-07,6.864268970539996
2011-08-08,6.758625412516325
2011-08-09,6.774598930469531
2011-08-10,6.771102474463219
2011-08-11,6.76284250022167
2011-08-12,6.760084432490016
2011-08-13,6.762483245349285
2011-08-14,6.766419769800054
2011-08-15,6.7833829245124315
2011-08-16,6.7969857491802355
2011-08-17,6.807460300345422
2011-08-18,6.814843494904318
2011-08-19,6.82192682002758
2011-08-20,6.830945992635911
2011-08-21,6.83506946190992
2011-08-22,6.8403794926629855
2011-08-23,6.840638046088984
2011-08-24,6.842668640421952
2011-08-25,6.9101003320401535
2011-08-26,6.9199155217806005
2011-08-27,6.5491774729432075
2011-08-28,6.552053279733272
2011-08-29,6.559391849738365
2011-08-30,6.556526765734237
2011-08-31,6.552808976546294
2011-09-01,6.543640298046944
2011-09-02,6.5464865879619
2011-09-03,6.54722486011786
2011-09-04,6.543641172339732
2011-09-05,6.533714662154972
2011-09-06,6.510767425830054
2011-09-07,6.499020179130914
2011-09-08,6.478171764613086
2011-09-09,6.4562371504214235
2011-09-10,6.44470667448431
2011-09-11,6.197001462624943
2011-09-12,6.182139332309875
2011-09-13,6.160884716745509
2011-09-14,6.1529977685853074
2011-09-15,6.141029080587764
2011-09-16,6.124551336978523
2011-09-17,6.118550691253194
2011-09-18,6.113585261276454
2011-09-19,6.10535538621699
2011-09-20,6.1047149549239315
2011-09-21,6.103806613685306
2011-09-22,6.092811622189749
2011-09-23,6.088211528369108
2011-09-24,6.085085164842379
2011-09-25,6.049239982902498
2011-09-26,6.041606954949821
2011-09-27,6.035489620052542
2011-09-28,6.028839165050425
2011-09-29,6.024571689508396
2011-09-30,6.023672251052867
2011-10-01,6.013570351870631
2011-10-02,6.004666268756086
2011-10-03,5.9980978319749845
2011-10-04,5.992847531592689
2011-10-05,5.986734542043806
2011-10-06,5.980578543846448
2011-10-07,5.964516942437114
2011-10-08,5.955755953702184
2011-10-09,5.945016998820428
2011-10-10,5.939118826365688
2011-10-11,5.919361830025923
2011-10-12,5.90660320460799
2011-10-13,5.901091678740569
2011-10-14,5.890739368392204
2011-10-15,5.884596662699952
2011-10-16,5.8772745269075575
2011-10-17,5.839736444653589
2011-10-18,5.818566373568701
2011-10-19,5.779229160625115
2011-10-20,5.7703598431609855
2011-10-21,5.761023383238417
2011-10-22,5.751181800944943
2011-10-23,5.746813852875355
2011-10-24,5.737942654103603
2011-10-25,5.730604818955317
2011-10-26,5.708756934624933
2011-10-27,5.704307297903778
2011-10-28,5.704571885241646
2011-10-29,5.703288370872063
2011-10-30,5.701010902657703
2011-10-31,5.694827737494002
2011-11-01,5.689046574778422
2011-11-02,5.685232703195024
2011-11-03,5.672195348455462
2011-11-04,5.664801460996315
2011-11-05,5.659115660143628
2011-11-06,5.654841505285831
2011-11-07,5.649987987517447
2011-11-08,5.640067244748176
2011-11-09,5.468524934121696
2011-11-10,5.463638401745698
2011-11-11,5.455654320758096
2011-11-12,5.453240292353751
2011-11-13,5.44960543394773
2011-11-14,5.434683100340491
2011-11-15,5.42668894558938
2011-11-16,5.077413875973004
2011-11-17,5.060303233877459
2011-11-18,5.0179077353363715
2011-11-19,5.005394682851552
2011-11-20,5.001717799492847
2011-11-21,4.994306164105559
2011-11-22,4.990710972865661
2011-11-23,4.977943129340734
2011-11-24,4.982080522321047
2011-11-25,4.987656154276855
2011-11-26,4.963586656810003
2011-11-27,4.959933540155384
2011-11-28,4.9060784927798595
2011-11-29,4.924187363851468
2011-11-30,4.941381983707255
2011-12-01,4.9402315915479065
2011-12-02,4.940563034243862
2011-12-03,4.9176924572408405
2011-12-04,4.915420394790542
2011-12-05,4.911828028746962
2011-12-06,4.917906165608182
2011-12-07,4.887017976523999
2011-12-08,4.8835361575727045
2011-12-09,4.884679588931112
2011-12-10,4.882101157139913
2011-12-11,4.8910886185050035
2011-12-12,4.8921470955139
2011-12-13,4.890653331306389
2011-12-14,4.881877643644168
2011-12-15,4.881250342071789
2011-12-16,4.880980895224993
2011-12-17,4.879078618868533
2011-12-18,4.876768981034046
2011-12-19,4.882632858095043
2011-12-20,4.901888981126073
2011-12-21,4.907205378046386
2011-12-22,4.910067868036246
2011-12-23,4.914124747542361
2011-12-24,4.912920995082675
2011-12-25,4.910525081457386
2011-12-26,4.912289542535882
2011-12-27,4.913661398496872
2011-12-28,4.916920102885017
2011-12-29,4.91711588667867
2011-12-30,4.9197664054397565
2011-12-31,4.926091467654414
2012-01-01,4.937175412144239
2012-01-02,4.931425412520019
2012-01-03,4.935637006921846
2012-01-04,4.948143616528661
2012-01-05,4.9966698056489305
2012-01-06,5.033799386986629
2012-01-07,5.048024897789057
2012-01-08,5.070172210205229
2012-01-09,5.0934426234490635
2012-01-10,5.092364343688895
2012-01-11,5.107460312973814
2012-01-12,5.13421989576503
2012-01-13,5.146761438166834
2012-01-14,5.156059634987266
2012-01-15,5.16311302520945
2012-01-16,5.17274580189685
2012-01-17,5.179878038457753
2012-01-18,5.172105033324272
2012-01-19,5.184354787800528
2012-01-20,5.186560603899531
2012-01-21,5.1890853595931015
2012-01-22,5.190725448844138
2012-01-23,5.193313566440524
2012-01-24,5.1966406388049045
2012-01-25,5.196125226589588
2012-01-26,5.183736756457888
2012-01-27,5.173351225525299
2012-01-28,5.170216002373656
2012-01-29,5.166530526146123
2012-01-30,5.163464778252719
2012-01-31,5.157618369250675
2012-02-01,5.159698778046529
2012-02-02,5.164928210658143
2012-02-03,5.1670124604735905
2012-02-04,5.167917980670816
2012-02-05,5.166639617815144
2012-02-06,5.159362591310832
2012-02-07,5.1577221550110925
2012-02-08,5.157155827975018
2012-02-09,5.1573194930033
2012-02-10,5.155914970886955
2012-02-11,5.16756720431814
2012-02-12,5.167595073520089
2012-02-13,5.12196583874299
2012-02-14,5.0852815908233
2012-02-15,5.073325799568886
2012-02-16,5.050424759611579
2012-02-17,5.040952203166234
2012-02-18,5.023887039415179
2012-02-19,5.016929496267153
2012-02-20,5.0129454144823065
2012-02-21,5.0063744896871425
2012-02-22,5.0014540394048534
2012-02-23,5.0048226514045355
2012-02-24,5.007187320001731
2012-02-25,5.011024259155927
2012-02-26,5.010992560077915
2012-02-27,5.0123153245455425
2012-02-28,5.014139976006162
2012-02-29,4.976218945604724
2012-03-01,4.977283648292412
2012-03-02,4.9715015555771895
2012-03-03,4.965852138285642
2012-03-04,4.965811299537608
2012-03-05,4.966663308372957
2012-03-06,4.967889597123589
2012-03-07,4.9688150273274205
2012-03-08,4.967559384326255
2012-03-09,4.967058851723528
2012-03-10,4.965064304330599
2012-03-11,4.960742025062208
2012-03-12,4.9593336893499895
2012-03-13,4.962691605757973
2012-03-14,4.971364038738038
2012-03-15,4.97572263504948
2012-03-16,4.981951817897143
2012-03-17,4.98343613494675
2012-03-18,4.980083566853218
2012-03-19,4.975610740385247
2012-03-20,4.970247884891703
2012-03-21,4.959066626439125
2012-03-22,4.95315110936413
2012-03-23,4.952805568087277
2012-03-24,4.946061956621842
2012-03-25,4.940392014667335
2012-03-26,4.937346562809216
2012-03-27,4.934830597461144
2012-03-28,4.9352353012920425
2012-03-29,4.931036277777758
2012-03-30,4.858433093155542
2012-03-31,4.859429724644018
2012-04-01,4.858453399788803
2012-04-02,4.859366405204334
2012-04-03,4.844946283509859
2012-04-04,4.846478172488095
2012-04-05,4.847350491757263
2012-04-06,4.850266444398009
2012-04-07,4.848875749538903
2012-04-08,4.847777847873952
2012-04-09,4.850452732495184
2012-04-10,4.849573081762039
2012-04-11,4.8510273121778225
2012-04-12,4.854327119759998
2012-04-13,4.8547757638658995
2012-04-14,4.857111748846429
2012-04-15,4.859843478245429
2012-04-16,4.862691041350647
2012-04-17,4.863848058068708
2012-04-18,4.868883765064463
2012-04-19,4.872802594723048
2012-04-20,4.879050484982099
2012-04-21,4.880879983189242
2012-04-22,4.885632867697861
2012-04-23,4.880886895900681
2012-04-24,4.8805488913345005
2012-04-25,4.903586627500784
2012-04-26,4.897064341788789
2012-04-27,4.897319004490377
2012-04-28,4.8958614772251785
2012-04-29,4.894395462635758
2012-04-30,4.880453737607085
2012-05-01,4.880222046863505
2012-05-02,4.8815275879859525
2012-05-03,4.882598085587026
2012-05-04,4.88348783997183
2012-05-05,4.8835125556820085
2012-05-06,4.871578843464159
2012-05-07,4.87153094970114
2012-05-08,4.869591255911461
2012-05-09,4.8704606356992866
2012-05-10,4.87061313506926
2012-05-11,4.866709806890635
2012-05-12,4.879757887556271
2012-05-13,4.874960604110823
2012-05-14,4.8731525892430545
2012-05-15,4.871882349146718
2012-05-16,4.868170463474957
2012-05-17,4.86236481596151
2012-05-18,4.854923599618686
2012-05-19,4.854966939617137
2012-05-20,4.8386144842752525
2012-05-21,4.825619789100378
2012-05-22,4.824055640698908
2012-05-23,4.826016583132375
2012-05-24,4.813541466945627
2012-05-25,4.814429781601907
2012-05-26,4.802244162236481
2012-05-27,4.803556583125591
2012-05-28,4.803519650665788
2012-05-29,4.803604554627932
2012-05-30,4.803656006746346
2012-05-31,4.783266102548106
2012-06-01,4.786720416105425
2012-06-02,4.787878316314475
2012-06-03,4.788701222933792
2012-06-04,4.789268843083054
2012-06-05,4.79503275058868
2012-06-06,4.799165881204242
2012-06-07,4.804321255986636
2012-06-08,4.810928404945545
2012-06-09,4.814664718735076
2012-06-10,4.815542485663306
2012-06-11,4.8201683371416975
2012-06-12,4.826685488146003
2012-06-13,4.835304257584513
2012-06-14,4.838045755947859
2012-06-15,4.8556031290614206
2012-06-16,4.869721827439992
2012-06-17,4.878750944411631
2012-06-18,4.883866209122693
2012-06-19,4.890680700511526
2012-06-20,4.893089420795484
2012-06-21,4.903056912038217
2012-06-22,4.912016454691286
2012-06-23,4.915749369540984
2012-06-24,4.9183794448508245
2012-06-25,4.918434771579787
2012-06-26,4.925330494001214
2012-06-27,4.931745751182852
2012-06-28,4.9376135154349
2012-06-29,4.942553370387374
2012-06-30,4.946801947304023
2012-07-01,4.9497698026302634
2012-07-02,4.957533430326473
2012-07-03,4.95837470490589
2012-07-04,4.962584517712879
2012-07-05,4.968046475151481
2012-07-06,4.971636182694896
2012-07-07,4.9676755014601515
2012-07-08,4.975015316456252
2012-07-09,4.981939420374421
2012-07-10,4.940900816073539
2012-07-11,4.952364894482267
2012-07-12,4.960482328007048
2012-07-13,4.984567437440365
2012-07-14,4.952617283883367
2012-07-15,4.957377092882257
2012-07-16,4.984965143503281
2012-07-17,5.040366329615767
2012-07-18,5.074845147452187
2012-07-19,5.105842844309395
2012-07-20,5.106583862847871
2012-07-21,5.12686286038971
2012-07-22,5.137845057064848
2012-07-23,5.148185505083614
2012-07-24,5.158763348449853
2012-07-25,5.16611350378541
2012-07-26,5.187252408338253
2012-07-27,5.202588295155035
2012-07-28,5.2153379522086505
2012-07-29,5.228246476197726
2012-07-30,5.242061890828666
2012-07-31,5.268436021847816
2012-08-01,5.287911623910795
2012-08-02,5.336178656257922
2012-08-03,5.376956425126716
2012-08-04,5.410981157154499
2012-08-05,5.435036170102469
2012-08-06,5.462837837353284
2012-08-07,5.477746884497051
2012-08-08,5.5150333619168785
2012-08-09,5.5429049172127005
2012-08-10,5.5623848106795535
2012-08-11,5.578588797322648
2012-08-12,5.595428818541259
2012-08-13,5.621214503006103
2012-08-14,5.654959001904932
2012-08-15,5.6934359946007955
2012-08-16,5.75226174232111
2012-08-17,5.843884925643668
2012-08-18,5.843863585462783
2012-08-19,5.799352679703835
2012-08-20,5.8332987776813265
2012-08-21,5.839836878468956
2012-08-22,5.849558674304202
2012-08-23,5.855554016789866
2012-08-24,5.868020597828346
2012-08-25,5.886140453532023
2012-08-26,5.897751535974946
2012-08-27,5.9674753384533465
2012-08-28,5.988508498808544
2012-08-29,5.996611153163562
2012-08-30,6.000280989470554
2012-08-31,6.061301556389413
2012-09-01,6.042375853682287
2012-09-02,6.046687920662381
2012-09-03,6.054537271830053
2012-09-04,6.0667631564956555
2012-09-05,6.083259771742621
2012-09-06,6.1015970817788245
2012-09-07,6.113454574840185
2012-09-08,6.122828382345593
2012-09-09,6.141065140637437
2012-09-10,6.234915309173177
2012-09-11,6.241872545728937
2012-09-12,6.261669150305472
2012-09-13,6.274297005304753
2012-09-14,6.291293838771092
2012-09-15,6.311721631062622
2012-09-16,6.329699221730715
2012-09-17,6.348728152237977
2012-09-18,6.369109129792111
2012-09-19,6.407953754239619
2012-09-20,6.455319916962846
2012-09-21,6.4731385143279105
2012-09-22,6.485851181904859
2012-09-23,6.492302345783301
2012-09-24,6.504818031570135
2012-09-25,6.519212059445058
2012-09-26,6.534743394483549
2012-09-27,6.555250221813817
2012-09-28,6.583491913457635
2012-09-29,6.602510961770759
2012-09-30,6.614985585478818
2012-10-01,6.626115110094209
2012-10-02,6.647232963341467
2012-10-03,6.67361709396207
2012-10-04,6.697083801075628
2012-10-05,6.707113481508313
2012-10-06,6.71385748690528
2012-10-07,6.709264440731947
2012-10-08,6.713538910988054
2012-10-09,6.719382876115968
2012-10-10,6.726881641863831
2012-10-11,6.732881785445273
2012-10-12,6.739088519777741
2012-10-13,6.741952492376346
2012-10-14,6.749520102170364
2012-10-15,6.752828176220857
2012-10-16,6.762764463517645
2012-10-17,6.7803209601513705
2012-10-18,6.788849545150552
2012-10-19,6.794305413426289
2012-10-20,6.795636909264506
2012-10-21,6.81703759792587
2012-10-22,6.820371924157336
2012-10-23,6.8262838557941015
2012-10-24,6.834029145648435
2012-10-25,6.833441920558475
2012-10-26,6.817176335339934
2012-10-27,6.808450694634812
2012-10-28,6.806315280202222
2012-10-29,6.807562489602528
2012-10-30,6.810025253434857
2012-10-31,6.820654714939548
2012-11-01,6.82110719373607
2012-11-02,6.813751156893443
2012-11-03,6.813396404801405
2012-11-04,6.821025865727702
2012-11-05,6.8243104236790995
2012-11-06,6.8284720081921275
2012-11-07,6.838403476280845
2012-11-08,6.84346233094237
2012-11-09,6.846725126759725
2012-11-10,6.849887358639171
2012-11-11,6.853454861958059
2012-11-12,6.865108254277559
2012-11-13,6.872802040981861
2012-11-14,6.878569590533921
2012-11-15,6.886295412522656
2012-11-16,6.909292612590781
2012-11-17,6.921580320684092
2012-11-18,6.93256140178276
2012-11-19,6.947474377216838
2012-11-20,6.9559861365882085
2012-11-21,6.9659820198305145
2012-11-22,6.982164937324315
2012-11-23,6.998467943078297
2012-11-24,7.013402410532272
2012-11-25,7.030640021036189
2012-11-26,7.050921592002805
2012-11-27,7.057528670874201
2012-11-28,7.070349775395833
2012-11-29,7.0803753480180776
2012-11-30,7.095753703826446
2012-12-01,7.10352100870037
2012-12-02,7.108913343630583
2012-12-03,7.120430150090846
2012-12-04,7.1713939598141225
2012-12-05,7.2016087990630835
2012-12-06,7.223057348988729
2012-12-07,7.24989674165657
2012-12-08,7.259189586505681
2012-12-09,7.271666923089966
2012-12-10,7.28541710374419
2012-12-11,7.301215307998781
2012-12-12,7.3229966088097
2012-12-13,7.3528788990170915
2012-12-14,7.367094412016547
2012-12-15,7.371825785900274
2012-12-16,7.378569781320047
2012-12-17,7.378266547913978
2012-12-18,7.386294848223201
2012-12-19,7.39820209597647
2012-12-20,7.413886185294485
2012-12-21,7.427060673894656
2012-12-22,7.429673985226353
2012-12-23,7.430743060442902
2012-12-24,7.433940785222106
2012-12-25,7.43649852232396
2012-12-26,7.440924638460886
2012-12-27,7.445898399056901
2012-12-28,7.454129948515149
2012-12-29,7.460171448747433
2012-12-30,7.46520058218668
2012-12-31,7.48842752798808
2013-01-01,7.487632632291328
2013-01-02,7.488971979782148
2013-01-03,7.492188421305089
2013-01-04,7.500467047833508
2013-01-05,7.502756600301404
2013-01-06,7.504334622561922
2013-01-07,7.508982021844701
2013-01-08,7.525495475753104
2013-01-09,7.537187491311365
2013-01-10,7.563560481906824
2013-01-11,7.5823023136635745
2013-01-12,7.592117227189437
2013-01-13,7.600961524086416
2013-01-14,7.610391257966794
2013-01-15,7.631589254919994
2013-01-16,7.654076386551434
2013-01-17,7.698418794882924
2013-01-18,7.737365162156952
2013-01-19,7.7560440397328065
2013-01-20,7.771306538784954
2013-01-21,7.822576516566995
2013-01-22,7.92608688453656
2013-01-23,7.96832618750149
2013-01-24,8.053040113417305
2013-01-25,8.061785619743553
2013-01-26,8.075499139325208
2013-01-27,8.141542013287957
2013-01-28,8.195761583243922
2013-01-29,8.31894402928958
2013-01-30,8.420341004432803
2013-01-31,8.547707080678324
2013-02-01,8.73329287645622
2013-02-02,8.760251329955175
2013-02-03,8.792239264493567
2013-02-04,8.831470922025574
2013-02-05,8.87753599663716
2013-02-06,8.92975021047336
2013-02-07,8.981742097766164
2013-02-08,9.0820762817172
2013-02-09,9.158482839115797
2013-02-10,9.204817359406723
2013-02-11,9.266417593761144
2013-02-12,9.36523097605249
2013-02-13,9.499373317659773
2013-02-14,9.618580349384764
2013-02-15,9.775246064116557
2013-02-16,9.867150050449466
2013-02-17,9.94486550354507
2013-02-18,10.010966074229632
2013-02-19,10.127004769948568
2013-02-20,10.25826307622444
2013-02-21,10.3491300443082
2013-02-22,10.473087028720606
2013-02-23,10.519838578817245
2013-02-24,10.59921190215051
2013-02-25,10.871224038321854
2013-02-26,10.983097798123982
2013-02-27,11.039016950552854
2013-02-28,11.316143066735709
2013-03-01,11.460676256128291
2013-03-02,11.543417411262318
2013-03-03,11.602347241492216
2013-03-04,11.732095892504049
2013-03-05,12.081956675543552
2013-03-06,12.75070206681873
2013-03-07,12.951475450183588
2013-03-08,13.067110336384502
2013-03-09,13.27178521391974
2013-03-10,13.423220439035298
2013-03-11,13.599152314206975
2013-03-12,13.724104275689085
2013-03-13,13.927752414045043
2013-03-14,14.106918644209197
2013-03-15,14.27420206205614
2013-03-16,14.369719587820528
2013-03-17,14.46728348903012
2013-03-18,14.612378579183533
2013-03-19,15.124699157298314
2013-03-20,15.657247295834472
2013-03-21,16.50321982321512
2013-03-22,17.104849083528002
2013-03-23,17.248038466655448
2013-03-24,17.6066161628493
2013-03-25,18.281754853942825
2013-03-26,18.7813784978115
2013-03-27,19.554840180701916
2013-03-28,20.445779401792215
2013-03-29,20.96413890503445
2013-03-30,21.654794596097908
2013-03-31,21.959023088226065
2013-04-01,23.124086523672897
2013-04-02,24.196994805082287
2013-04-03,26.78302582721223
2013-04-04,27.82985621768055
2013-04-05,29.954402034297217
2013-04-06,30.714732400098335
2013-04-07,31.76019994474493
2013-04-08,34.511416774857445
2013-04-09,39.923717691330594
2013-04-10,43.11334801634949
2013-04-11,40.9062100809486
2013-04-12,38.082409288138386
2013-04-13,38.3411206496404
2013-04-14,38.383311079040645
2013-04-15,38.09306344791911
2013-04-16,37.44410951521654
2013-04-17,37.77778687928747
2013-04-18,38.116589379768406
2013-04-19,38.92862209932893
2013-04-20,39.48678308674204
2013-04-21,40.005657696160974
2013-04-22,40.3942683899085
2013-04-23,41.12334331568415
2013-04-24,42.744229492449506
2013-04-25,44.6507410923187
2013-04-26,44.89076971511268
2013-04-27,45.33490525214915
2013-04-28,45.553135382751904
2013-04-29,46.19327268913005
2013-04-30,46.560418293638456
2013-05-01,46.26817278157461
2013-05-02,46.047499956649546
2013-05-03,45.744207004296264
2013-05-04,45.813236079281786
2013-05-05,45.99740050468839
2013-05-06,46.21463320579058
2013-05-07,46.20903714226945
2013-05-08,46.2552333401221
2013-05-09,46.296826372554015
2013-05-10,46.26766189229606
2013-05-11,46.5004926483817
2013-05-12,46.59101183575777
2013-05-13,46.693907231592185
2013-05-14,46.73261694640218
2013-05-15,46.827223308283465
2013-05-16,46.860349605573255
2013-05-17,46.96994911284214
2013-05-18,47.258555033020265
2013-05-19,47.32605681677114
2013-05-20,47.41720936778761
2013-05-21,47.49036624228124
2013-05-22,47.59002924067588
2013-05-23,47.72952074026731
2013-05-24,47.97980967095511
2013-05-25,48.5135251468273
2013-05-26,48.590028408772824
2013-05-27,48.72699957121005
2013-05-28,48.83198671502083
2013-05-29,49.06819939725673
2013-05-30,49.25244669190485
2013-05-31,49.432935479967256
2013-06-01,49.56060221410206
2013-06-02,49.66153513721029
2013-06-03,49.745807206463375
2013-06-04,49.873346599740856
2013-06-05,50.04257031311939
2013-06-06,50.34871430100648
2013-06-07,50.333561910929184
2013-06-08,50.32081373165061
2013-06-09,50.235488429963915
2013-06-10,50.22594017981031
2013-06-11,50.331625965880306
2013-06-12,50.36572113287422
2013-06-13,50.3431240496556
2013-06-14,50.29698452782219
2013-06-15,50.29548764953324
2013-06-16,50.31518223676213
2013-06-17,50.30333704365535
2013-06-18,50.33382941049959
2013-06-19,50.37115432054061
2013-06-20,50.40013854240433
2013-06-21,50.367838200647945
2013-06-22,50.37362788983225
2013-06-23,50.36928292745347
2013-06-24,50.3973108263457
2013-06-25,50.426440692030425
2013-06-26,50.44753271305787
2013-06-27,50.43544236463115
2013-06-28,50.37027096459058
2013-06-29,50.33929170662552
2013-06-30,50.28261520540149
2013-07-01,50.32393301400948
2013-07-02,50.357181360742864
2013-07-03,50.261970636386344
2013-07-04,50.13085008693365
2013-07-05,49.73460404137843
2013-07-06,49.3739419223073
2013-07-07,49.3241696159134
2013-07-08,49.35829494896407
2013-07-09,49.318042614155246
2013-07-10,49.486982693533065
2013-07-11,49.57709536092766
2013-07-12,49.77902369604765
2013-07-13,49.91310893617277
2013-07-14,49.967547278994225
2013-07-15,50.018662279042914
2013-07-16,50.01936365646392
2013-07-17,49.98604119299126
2013-07-18,49.82091740279112
2013-07-19,49.7695075889916
2013-07-20,49.75995294206045
2013-07-21,49.75106384167448
2013-07-22,49.73871945774183
2013-07-23,49.75872836777354
2013-07-24,49.78707179038593
2013-07-25,49.83923198280067
2013-07-26,49.86344613189018
2013-07-27,49.87899217274108
2013-07-28,49.92379879958831
2013-07-29,49.88295784317744
2013-07-30,49.951520739024765
2013-07-31,50.10548286601069
2013-08-01,50.16500899396611
2013-08-02,50.35108599531837
2013-08-03,50.70201297656877
2013-08-04,50.74701193292693
2013-08-05,50.860865788532365
2013-08-06,50.89020192418357
2013-08-07,50.93365478090548
2013-08-08,50.950668995221434
2013-08-09,50.96994356403926
2013-08-10,51.00336782281049
2013-08-11,51.03133497791556
2013-08-12,51.03391017348174
2013-08-13,51.28725611192005
2013-08-14,51.37056347429292
2013-08-15,51.48913152543407
2013-08-16,51.53673480629727
2013-08-17,51.6071890903489
2013-08-18,51.64899838742128
2013-08-19,51.75992152585558
2013-08-20,51.859493465607144
2013-08-21,51.992253787678045
2013-08-22,52.11145253992839
2013-08-23,52.212043130093576
2013-08-24,52.263810370756936
2013-08-25,52.35484724093506
2013-08-26,52.46099694473722
2013-08-27,52.64464905129681
2013-08-28,52.81402631693886
2013-08-29,53.0149785424114
2013-08-30,53.241416563557905
2013-08-31,53.53703148402224
2013-09-01,53.7586067540558
2013-09-02,53.99356166886432
2013-09-03,54.37299683895364
2013-09-04,54.46190082124486
2013-09-05,54.50238245045706
2013-09-06,54.57069267937912
2013-09-07,54.63288860978731
2013-09-08,54.67485891348015
2013-09-09,54.84887931397759
2013-09-10,54.96905393740926
2013-09-11,55.13341639011407
2013-09-12,55.46941936307516
2013-09-13,55.58687346882149
2013-09-14,55.819619677622654
2013-09-15,55.89011067613547
2013-09-16,56.02524743121948
2013-09-17,56.109393340218865
2013-09-18,56.24775824012111
2013-09-19,56.623918923695946
2013-09-20,56.677190457630935
2013-09-21,56.71494160965194
2013-09-22,56.835081073294646
2013-09-23,56.89323345061945
2013-09-24,56.99454816826544
2013-09-25,57.109215253063155
2013-09-26,57.188846010009726
2013-09-27,57.274356987019274
2013-09-28,57.33775410208382
2013-09-29,57.42405806898277
2013-09-30,57.52873389422584
2013-10-01,57.649198791039026
2013-10-02,57.52809676383795
2013-10-03,57.54695512344229
2013-10-04,57.66049251288951
2013-10-05,57.73849545420874
2013-10-06,57.817511125382
2013-10-07,58.31642546661673
2013-10-08,58.385482029671
2013-10-09,58.53243271462856
2013-10-10,58.60171400220175
2013-10-11,58.703337540770384
2013-10-12,58.80188877237204
2013-10-13,58.927077316530706
2013-10-14,59.16247468701484
2013-10-15,59.42907655448604
2013-10-16,59.894891000563305
2013-10-17,60.11350803097727
2013-10-18,60.404323009816686
2013-10-19,60.92393511176726
2013-10-20,61.25106324392899
2013-10-21,62.52961418088486
2013-10-22,63.872231128878965
2013-10-23,65.1480423267414
2013-10-24,65.6890121069156
2013-10-25,67.96854432083474
2013-10-26,68.1972405868636
2013-10-27,68.4912605652852
2013-10-28,68.82604500333181
2013-10-29,69.7334108318332
2013-10-30,70.10718842406516
2013-10-31,70.52948430387829
2013-11-01,70.98238726639102
2013-11-02,71.23570734111152
2013-11-03,71.59767493382792
2013-11-04,73.36293829292339
2013-11-05,74.89452200155651
2013-11-06,75.9723725491427
2013-11-07,78.98921545834526
2013-11-08,81.63750178064657
2013-11-09,83.84273478543379
2013-11-10,84.59379144845306
2013-11-11,86.28583033571773
2013-11-12,88.29313287429953
2013-11-13,91.19098139466172
2013-11-14,94.24150273214931
2013-11-15,96.69032451458467
2013-11-16,98.58553640570204
2013-11-17,101.32408532232247
2013-11-18,107.8553723902633
2013-11-19,115.28669500374303
2013-11-20,119.20472325525228
2013-11-21,124.22254705512748
2013-11-22,137.10689664405177
2013-11-23,146.17435469419107
2013-11-24,149.96081102859833
2013-11-25,156.32928127357283
2013-11-26,174.8050139954526
2013-11-27,184.7793588407065
2013-11-28,196.44615005221416
2013-11-29,208.5015210506448
2013-11-30,215.4732257592645
2013-12-01,218.678232128604
2013-12-02,223.30483987857727
2013-12-03,228.11298298018815
2013-12-04,234.30818477448287
2013-12-05,239.50481434867768
2013-12-06,241.4362658410535
2013-12-07,242.48545683952764
2013-12-08,243.34880023928804
2013-12-09,245.0469756249296
2013-12-10,247.46417216071163
2013-12-11,251.11113693718875
2013-12-12,252.02728237785655
2013-12-13,254.49399288470843
2013-12-14,254.2860337198752
2013-12-15,255.49783140872327
2013-12-16,256.0985535888032
2013-12-17,256.0710739983092
2013-12-18,255.22605042668255
2013-12-19,254.27847721891217
2013-12-20,254.9668362525302
2013-12-21,259.66498716130303
2013-12-22,256.46459144882857
2013-12-23,257.0232336393352
2013-12-24,258.15898532432175
2013-12-25,262.8712934735242
2013-12-26,264.1082820397035
2013-12-27,265.6801942652999
2013-12-28,265.9873861314772
2013-12-29,266.3155428819713
2013-12-30,266.49435266061323
2013-12-31,266.4233300436747
2014-01-01,266.5059565810224
2014-01-02,267.47827669066595
2014-01-03,268.9817911883657
2014-01-04,273.40241473827615
2014-01-05,275.88618475783136
2014-01-06,278.0810625183963
2014-01-07,279.42974978272923
2014-01-08,281.80886956007066
2014-01-09,282.58641601232324
2014-01-10,283.06669463455484
2014-01-11,285.3792139809903
2014-01-12,286.7812611952186
2014-01-13,287.25672496561583
2014-01-14,288.5852640266699
2014-01-15,290.41912567965835
2014-01-16,291.6432790174953
2014-01-17,292.0838217941855
2014-01-18,292.4372103678903
2014-01-19,293.1339163824354
2014-01-20,293.946994777128
2014-01-21,294.47171618859954
2014-01-22,295.46627805711773
2014-01-23,295.89066554870277
2014-01-24,296.5299326370587
2014-01-25,297.2240873368831
2014-01-26,297.6833582635323
2014-01-27,298.2402513434478
2014-01-28,298.63923612334435
2014-01-29,299.28788838618806
2014-01-30,299.84663472705677
2014-01-31,300.2197490893195
2014-02-01,301.5289262919157
2014-02-02,301.9548628590514
2014-02-03,302.4007942954707
2014-02-04,302.6404036456677
2014-02-05,312.75888920367356
2014-02-06,313.39212315903876
2014-02-07,312.8596426299982
2014-02-08,312.739567158344
2014-02-09,312.9098270187034
2014-02-10,312.6415797777841
2014-02-11,312.60454110054474
2014-02-12,312.2673613887497
2014-02-13,312.13409048858153
2014-02-14,312.26076484272846
2014-02-15,312.30267582877434
2014-02-16,312.2446111114652
2014-02-17,312.19645119861747
2014-02-18,312.29680226846125
2014-02-19,311.8193932325165
2014-02-20,311.6624460438491
2014-02-21,311.54245897359135
2014-02-22,311.3989552201866
2014-02-23,311.5600906813129
2014-02-24,310.2230490135686
2014-02-25,306.89091685263367
2014-02-26,307.2942119991104
2014-02-27,307.12995810114074
2014-02-28,307.82626143053113
2014-03-01,307.454448328168
2014-03-02,307.2298349316674
2014-03-03,307.71949474033556
2014-03-04,308.2454195654828
2014-03-05,308.7091309986456
2014-03-06,309.2675807445788
2014-03-07,319.46338154160657
2014-03-08,319.6854100898134
2014-03-09,325.5876268576744
2014-03-10,326.52000521267223
2014-03-11,326.8607702281811
2014-03-12,327.7961516794279
2014-03-13,328.1325897740166
2014-03-14,328.1031208705792
2014-03-15,328.08751274040077
2014-03-16,328.2437076808225
2014-03-17,328.3383175389489
2014-03-18,328.5758905242271
2014-03-19,328.6693287828247
2014-03-20,328.49485957939885
2014-03-21,329.6983221942066
2014-03-22,329.72147182683597
2014-03-23,329.7316461328113
2014-03-24,329.826767581015
2014-03-25,330.13850066588464
2014-03-26,330.25432433485497
2014-03-27,330.0092102225584
2014-03-28,329.35780610632725
2014-03-29,329.2450217224945
2014-03-30,328.64673785062433
2014-03-31,327.79283593902926
2014-04-01,327.6558571084944
2014-04-02,327.1443108560537
2014-04-03,326.87866648811456
2014-04-04,326.618960108842
2014-04-05,325.2831378431888
2014-04-06,325.3433297305873
2014-04-07,325.2128633702259
2014-04-08,324.969048535547
2014-04-09,325.04906956744236
2014-04-10,323.6632675329035
2014-04-11,322.5975484696887
2014-04-12,322.5361623248785
2014-04-13,322.4800542546008
2014-04-14,322.5888659744758
2014-04-15,322.69664588580684
2014-04-16,324.17640212820606
2014-04-17,324.77058750177116
2014-04-18,324.4956542420836
2014-04-19,324.58519137868143
2014-04-20,324.4341412227807
2014-04-21,324.49164404167317
2014-04-22,324.28227075627535
2014-04-23,324.8585962057851
2014-04-24,324.9387541631797
2014-04-25,324.6438170231592
2014-04-26,324.6111674347619
2014-04-27,324.57267405524004
2014-04-28,324.2111268129711
2014-04-29,324.09140255815254
2014-04-30,324.03989166573854
2014-05-01,324.05223122155877
2014-05-02,324.00444081713266
2014-05-03,323.90124295776184
2014-05-04,323.80834614546603
2014-05-05,323.57839902143155
2014-05-06,323.31664274423713
2014-05-07,323.24384713591326
2014-05-08,323.240192662857
2014-05-09,323.26837582822833
2014-05-10,323.2972660720385
2014-05-11,323.2565348587843
2014-05-12,323.1802221690563
2014-05-13,323.0472470503063
2014-05-14,322.8578829374526
2014-05-15,322.879707651574
2014-05-16,322.7585646296771
2014-05-17,322.7631790364632
2014-05-18,322.80389093515765
2014-05-19,322.7324597517802
2014-05-20,323.0189574812579
2014-05-21,323.30818579450903
2014-05-22,323.79451875466526
2014-05-23,324.17672504694764
2014-05-24,324.3240364706849
2014-05-25,325.40947723197434
2014-05-26,325.84877171454644
2014-05-27,328.63756029951503
2014-05-28,329.0101804572543
2014-05-29,329.1880470623032
2014-05-30,330.747329002038
2014-05-31,331.3953977622792
2014-06-01,332.0902799011923
2014-06-02,333.44050224441776
2014-06-03,334.30754378610294
2014-06-04,334.7418688636041
2014-06-05,335.3584994411861
2014-06-06,336.1516013827149
2014-06-07,336.4415043829032
2014-06-08,336.8423264165479
2014-06-09,337.54072955796033
2014-06-10,338.2419488540563
2014-06-11,338.6916396630186
2014-06-12,343.9523547382687
2014-06-13,344.112737734293
2014-06-14,343.98637017162235
2014-06-15,344.0228608718115
2014-06-16,344.35495245958157
2014-06-17,344.4672342607304
2014-06-18,344.70515508193466
2014-06-19,344.833266972657
2014-06-20,344.9475881198894
2014-06-21,345.0594990726311
2014-06-22,345.2554272212304
2014-06-23,345.47045005508267
2014-06-24,345.78071273175465
2014-06-25,345.73006849593594
2014-06-26,346.0460228083964
2014-06-27,346.30586017435763
2014-06-28,346.48736787224726
2014-06-29,347.1941355381879
2014-06-30,347.88934487858546
2014-07-01,348.5877539182339
2014-07-02,349.48810016247677
2014-07-03,350.1208975204878
2014-07-04,350.34871766554505
2014-07-05,350.54861645651886
2014-07-06,350.7350333979912
2014-07-07,350.972814912704
2014-07-08,351.0769456011717
2014-07-09,351.7017027290431
2014-07-10,351.92962602934125
2014-07-11,352.126798536017
2014-07-12,352.345994551603
2014-07-13,352.5432074437453
2014-07-14,352.64608196136646
2014-07-15,352.83982054875247
2014-07-16,352.9668091795812
2014-07-17,353.22081463212356
2014-07-18,353.45098654118766
2014-07-19,353.49674133202853
2014-07-20,353.6427064313074
2014-07-21,354.06879361104774
2014-07-22,354.2427550236649
2014-07-23,354.6524610164807
2014-07-24,354.78378888574
2014-07-25,354.8784217143804
2014-07-26,354.9198147906693
2014-07-27,355.0252886207043
2014-07-28,354.9985611956514
2014-07-29,354.93526145843026
2014-07-30,354.823060565239
2014-07-31,354.99392155137383
2014-08-01,355.496224848751
2014-08-02,355.6409501830634
2014-08-03,355.66540346226
2014-08-04,356.0636654206784
2014-08-05,358.1673453517525
2014-08-06,358.29243534480736
2014-08-07,358.466287409155
2014-08-08,358.61284464408726
2014-08-09,358.7919517569304
2014-08-10,358.940162839838
2014-08-11,359.02806008521134
2014-08-12,359.059548377439
2014-08-13,358.9663354970774
2014-08-14,358.32480568299053
2014-08-15,358.1073092154443
2014-08-16,358.0707845681228
2014-08-17,358.13854312817267
2014-08-18,357.2645274097826
2014-08-19,357.1451768479029
2014-08-20,357.1995217378941
2014-08-21,357.1986203290015
2014-08-22,357.2437065721933
2014-08-23,356.96288080398887
2014-08-24,356.968094115221
2014-08-25,356.94547601538704
2014-08-26,357.0373816205464
2014-08-27,357.0639059439716
2014-08-28,355.6358622149641
2014-08-29,355.46561129553356
2014-08-30,355.47547947259835
2014-08-31,355.4555076256301
2014-09-01,355.5450131961652
2014-09-02,355.2753626651704
2014-09-03,355.2060061621213
2014-09-04,355.27459142527414
2014-09-05,355.340178259123
2014-09-06,355.5069861841917
2014-09-07,355.263587940667
2014-09-08,355.1131266223815
2014-09-09,354.74415998660146
2014-09-10,354.64858176863663
2014-09-11,354.57061662459927
2014-09-12,354.31643501136807
2014-09-13,354.3163000045195
2014-09-14,354.34891684118946
2014-09-15,354.23236783466785
2014-09-16,354.1324430479735
2014-09-17,354.0326593956682
2014-09-18,353.40400182274476
2014-09-19,352.5418592719004
2014-09-20,351.7993500965247
2014-09-21,351.58800749315753
2014-09-22,351.33159143327515
2014-09-23,351.09873359769784
2014-09-24,350.992282980853
2014-09-25,350.79169960480954
2014-09-26,350.2387774781414
2014-09-27,350.0538429339562
2014-09-28,349.94966620193355
2014-09-29,348.99030366330834
2014-09-30,348.6216202187572
2014-10-01,348.2446627544094
2014-10-02,347.963739570914
2014-10-03,346.8050735560138
2014-10-04,346.17706823375374
2014-10-05,345.66269977859974
2014-10-06,342.81786921095164
2014-10-07,342.25679960647295
2014-10-08,342.2775461104393
2014-10-09,341.9782479382378
2014-10-10,341.63556311993784
2014-10-11,341.5575364352199
2014-10-12,340.96085947809775
2014-10-13,341.4585459268442
2014-10-14,341.67058980727876
2014-10-15,340.89253733484134
2014-10-16,340.86474651393024
2014-10-17,340.4713438681111
2014-10-18,340.53676830378953
2014-10-19,340.5511886805753
2014-10-20,340.4509141613692
2014-10-21,340.39456653575013
2014-10-22,340.2408640012845
2014-10-23,339.90088939549605
2014-10-24,339.359878841808
2014-10-25,339.0730841012854
2014-10-26,338.95071567068857
2014-10-27,338.6376324073831
2014-10-28,338.507813302017
2014-10-29,338.06266103490367
2014-10-30,337.73625330929457
2014-10-31,337.2224452351746
2014-11-01,336.98533157466386
2014-11-02,336.78755277718415
2014-11-03,336.4613740273557
2014-11-04,335.98821235978886
2014-11-05,335.8555088130996
2014-11-06,336.28819691993135
2014-11-07,336.06472741746273
2014-11-08,336.06233799790726
2014-11-09,335.79099886273696
2014-11-10,335.84182430520946
2014-11-11,335.7435392695961
2014-11-12,336.0976381678276
2014-11-13,337.2797565844239
2014-11-14,337.0845495721194
2014-11-15,337.0211426093041
2014-11-16,337.0177548080003
2014-11-17,336.8510787695394
2014-11-18,336.6722741356853
2014-11-19,336.38924270631566
2014-11-20,335.9072396438334
2014-11-21,335.58488826615326
2014-11-22,335.5164513793573
2014-11-23,335.46245834143576
2014-11-24,335.538511857287
2014-11-25,335.4669084592001
2014-11-26,335.28393519647284
2014-11-27,335.2151209859823
2014-11-28,331.8031738031178
2014-11-29,331.7619997084334
2014-11-30,331.78641698788675
2014-12-01,331.72538723491425
2014-12-02,331.38811062808276
2014-12-03,331.3598991379006
2014-12-04,330.3242998171932
2014-12-05,330.2654482075671
2014-12-06,330.2352525358963
2014-12-07,330.19805402241536
2014-12-08,327.47076065548544
2014-12-09,327.4444081666315
2014-12-10,326.74719516617654
2014-12-11,326.60463476960535
2014-12-12,326.4795694196029
2014-12-13,326.35554343975633
2014-12-14,326.3338395187604
2014-12-15,326.07238633944064
2014-12-16,325.86492461171014
2014-12-17,325.49922618260143
2014-12-18,325.0441880788884
2014-12-19,324.65095573963
2014-12-20,324.45998453111156
2014-12-21,323.629899169119
2014-12-22,323.4754555976277
2014-12-23,323.452879955151
2014-12-24,321.9181390068802
2014-12-25,321.7963536450529
2014-12-26,321.70875171384364
2014-12-27,321.57944502923954
2014-12-28,321.4914377583532
2014-12-29,321.0863630270115
2014-12-30,319.6817379680649
2014-12-31,319.16121686841285
2015-01-01,319.11967236945003
2015-01-02,319.0271942784266
2015-01-03,318.4119668995048
2015-01-04,317.7643550533551
2015-01-05,317.06091538472685
2015-01-06,316.87293615558207
2015-01-07,316.4100568460962
2015-01-08,315.94483911047723
2015-01-09,315.17721592331736
2015-01-10,314.88359897519524
2015-01-11,314.7182334175749
2015-01-12,314.27619079953956
2015-01-13,313.1673775457951
2015-01-14,310.9093821716349
2015-01-15,310.4718741882238
2015-01-16,310.01628392557285
2015-01-17,309.67092574299255
2015-01-18,309.50921308975796
2015-01-19,309.2827124742717
2015-01-20,308.9819086698385
2015-01-21,307.0322252019769
2015-01-22,307.00740612670774
2015-01-23,306.9075040948358
2015-01-24,306.8912599538271
2015-01-25,306.8692445127595
2015-01-26,306.20898436454206
2015-01-27,305.96951686354737
2015-01-28,306.21562855739336
2015-01-29,305.76143611854303
2015-01-30,305.37701045413
2015-01-31,304.8863505004163
2015-02-01,304.66583369321546
2015-02-02,304.3724406848658
2015-02-03,304.3375906579898
2015-02-04,303.9849724305169
2015-02-05,303.60599555880304
2015-02-06,303.4566877326181
2015-02-07,303.32733572009994
2015-02-08,303.1986616039592
2015-02-09,302.88476839421315
2015-02-10,302.6920976487078
2015-02-11,302.3679566827607
2015-02-12,302.21079842227414
2015-02-13,302.1943992265075
2015-02-14,302.137123864916
2015-02-15,302.1656216663226
2015-02-16,301.9587733749275
2015-02-17,301.88557526353736
2015-02-18,301.7977236546707
2015-02-19,301.1307039374755
2015-02-20,301.54756932319714
2015-02-21,301.5106310254732
2015-02-22,301.3698717736939
2015-02-23,301.1153504945797
2015-02-24,300.9410074409996
2015-02-25,300.5378345414905
2015-02-26,300.4135341127051
2015-02-27,300.4568057137167
2015-02-28,300.34081517679545
2015-03-01,300.45095972431125
2015-03-02,300.47259981426896
2015-03-03,300.1186464517096
2015-03-04,300.2424410462703
2015-03-05,299.9674411529994
2015-03-06,300.0513643653413
2015-03-07,299.64032378490754
2015-03-08,299.1702383950611
2015-03-09,298.76737327586363
2015-03-10,299.4543042675216
2015-03-11,299.60462422298025
2015-03-12,300.10874131403114
2015-03-13,299.7216655702678
2015-03-14,299.6805721963786
2015-03-15,299.65776423885603
2015-03-16,299.5371514510588
2015-03-17,299.5655128129523
2015-03-18,299.22833400841796
2015-03-19,298.9360974300664
2015-03-20,298.78939361575647
2015-03-21,298.70936039278996
2015-03-22,298.61636954083446
2015-03-23,298.5145271727874
2015-03-24,298.241216934956
2015-03-25,297.9477996035106
2015-03-26,297.74704657522665
2015-03-27,297.5741071038183
2015-03-28,297.5112485646179
2015-03-29,297.4048162306889
2015-03-30,297.2127401330059
2015-03-31,297.0825328627727
2015-04-01,296.3268179882542
2015-04-02,296.328772037368
2015-04-03,296.21101751094227
2015-04-04,296.1969638880332
2015-04-05,296.17736238216696
2015-04-06,296.1563607044075
2015-04-07,296.07527763560626
2015-04-08,295.95002903873996
2015-04-09,295.6644667263194
2015-04-10,294.89463101783633
2015-04-11,294.7958471862138
2015-04-12,294.64642475286854
2015-04-13,294.2661033549003
2015-04-14,293.9361580631873
2015-04-15,292.933461769358
2015-04-16,292.8086894937431
2015-04-17,292.6131963270596
2015-04-18,292.5311631191399
2015-04-19,292.47339709043223
2015-04-20,292.2874826687999
2015-04-21,292.09331468805897
2015-04-22,292.04422305055033
2015-04-23,292.0393915273042
2015-04-24,291.913355019562
2015-04-25,291.82422253454166
2015-04-26,291.63918674559386
2015-04-27,291.4213477328647
2015-04-28,291.32914344944857
2015-04-29,291.2335720501064
2015-04-30,291.23726138106997
2015-05-01,291.18194293720694
2015-05-02,291.13303245983707
2015-05-03,291.1588760892293
2015-05-04,291.11974574095694
2015-05-05,290.98089021070905
2015-05-06,290.9149143744784
2015-05-07,290.78816556716964
2015-05-08,290.78592315432104
2015-05-09,290.76680748647783
2015-05-10,290.72611575933433
2015-05-11,290.453956877529
2015-05-12,290.3329851366608
2015-05-13,290.2763505048092
2015-05-14,290.1416412114913
2015-05-15,290.06727406615494
2015-05-16,290.0009745382381
2015-05-17,289.9550361882783
2015-05-18,289.83375033627283
2015-05-19,289.72528663867223
2015-05-20,289.6577130327781
2015-05-21,289.5957710264653
2015-05-22,289.51781810519213
2015-05-23,289.4281811073758
2015-05-24,289.4040165314769
2015-05-25,289.2504505361128
2015-05-26,289.1614145750829
2015-05-27,289.0253533713468
2015-05-28,288.858594804828
2015-05-29,288.80671452658834
2015-05-30,287.9085032794251
2015-05-31,287.7504356012878
2015-06-01,287.42138132984996
2015-06-02,287.1771050493248
2015-06-03,287.0273722982628
2015-06-04,286.8896444038988
2015-06-05,286.8026003427616
2015-06-06,286.7432265747627
2015-06-07,286.51285441107086
2015-06-08,286.45221645040897
2015-06-09,286.4256858252377
2015-06-10,286.2751711769374
2015-06-11,286.14088222024344
2015-06-12,286.11869530329113
2015-06-13,285.96673192215076
2015-06-14,285.89618104922823
2015-06-15,285.8685839655969
2015-06-16,285.98619018114834
2015-06-17,286.0463233202954
2015-06-18,286.05873583889274
2015-06-19,286.02036303164437
2015-06-20,286.0028460357643
2015-06-21,286.0179617861552
2015-06-22,286.0071274079703
2015-06-23,285.9521395102561
2015-06-24,285.8268362210758
2015-06-25,285.7177141199621
2015-06-26,285.6417482983246
2015-06-27,285.66699692959395
2015-06-28,285.68450096333504
2015-06-29,285.7386075975305
2015-06-30,285.94581687650236
2015-07-01,285.94526596680964
2015-07-02,285.87246165569945
2015-07-03,285.42375686187955
2015-07-04,285.42887196436703
2015-07-05,285.4180791909398
2015-07-06,285.5596682561403
2015-07-07,285.6642304346992
2015-07-08,285.6939715634702
2015-07-09,285.4511696265379
2015-07-10,285.68403863092726
2015-07-11,285.7985819146211
2015-07-12,286.1813573224765
2015-07-13,286.1337568504422
2015-07-14,286.1875661642223
2015-07-15,286.22621771855484
2015-07-16,286.135862765362
2015-07-17,286.12837247531854
2015-07-18,286.04634672887033
2015-07-19,286.0178557783522
2015-07-20,285.76908280164105
2015-07-21,285.7256779308024
2015-07-22,285.69505584022386
2015-07-23,285.7298940867826
2015-07-24,285.8052267724248
2015-07-25,285.91815163507454
2015-07-26,285.9914000035467
2015-07-27,286.03231245973103
2015-07-28,286.10174427765435
2015-07-29,286.04774832574697
2015-07-30,285.9632588532308
2015-07-31,286.0035747133569
2015-08-01,285.96348936379985
2015-08-02,285.9539505050242
2015-08-03,285.95869204915124
2015-08-04,285.83582350430106
2015-08-05,285.80893287750035
2015-08-06,285.76167664283327
2015-08-07,285.72307173150796
2015-08-08,285.7919385400557
2015-08-09,284.3587973713381
2015-08-10,284.2377531530673
2015-08-11,284.1802306758292
2015-08-12,284.158752233136
2015-08-13,284.0623778097073
2015-08-14,283.88622736093527
2015-08-15,283.7695359962429
2015-08-16,283.5348269216215
2015-08-17,283.39012008873874
2015-08-18,283.12851901022935
2015-08-19,282.52183398272166
2015-08-20,282.1255848644501
2015-08-21,281.83354067398386
2015-08-22,281.6034818638598
2015-08-23,281.5748068242946
2015-08-24,280.8767262536494
2015-08-25,279.3212681728366
2015-08-26,278.7477792449469
2015-08-27,278.6708796717736
2015-08-28,278.6344982381935
2015-08-29,278.50802655119395
2015-08-30,278.44341152579085
2015-08-31,278.38079547441134
2015-09-01,278.25516424615245
2015-09-02,278.1314384927906
2015-09-03,277.9186277589707
2015-09-04,277.83758598145084
2015-09-05,277.81114330990033
2015-09-06,277.8338602975646
2015-09-07,277.84166912532413
2015-09-08,277.88021006223
2015-09-09,277.8454817346112
2015-09-10,277.5883661076757
2015-09-11,277.54362027454874
2015-09-12,277.48689262331186
2015-09-13,277.38337613946686
2015-09-14,277.2464810323733
2015-09-15,277.1453511410732
2015-09-16,277.05020797696665
2015-09-17,277.0125858967718
2015-09-18,276.98358169555524
2015-09-19,276.91890614560816
2015-09-20,276.854562205757
2015-09-21,276.8228900719118
2015-09-22,276.74525771530426
2015-09-23,276.4704155703106
2015-09-24,276.454344092986
2015-09-25,276.4270610935473
2015-09-26,276.3841851050403
2015-09-27,276.3485993769871
2015-09-28,276.2632776215767
2015-09-29,276.25550822240695
2015-09-30,276.2226002896375
2015-10-01,276.1291102890873
2015-10-02,276.1246603347614
2015-10-03,276.13351378975545
2015-10-04,276.09631458379863
2015-10-05,276.0621078352493
2015-10-06,276.10154021594917
2015-10-07,275.94188061858006
2015-10-08,275.8235170948229
2015-10-09,275.8184043535937
2015-10-10,275.7771553323711
2015-10-11,275.7566005333148
2015-10-12,275.4630975588295
2015-10-13,275.50202715632076
2015-10-14,275.3339032932865
2015-10-15,275.38058550963154
2015-10-16,275.5295338679797
2015-10-17,275.6987199676421
2015-10-18,275.7359485381405
2015-10-19,275.74698214301696
2015-10-20,275.93293823484237
2015-10-21,275.98942249315115
2015-10-22,276.0792487253133
2015-10-23,276.2352260477376
2015-10-24,276.3621940028948
2015-10-25,276.65035130072386
2015-10-26,276.7144590829329
2015-10-27,277.0429601993985
2015-10-28,277.5085574771516
2015-10-29,278.12296808578577
2015-10-30,279.1379876975724
2015-10-31,279.4839820676547
2015-11-01,279.87221661584135
2015-11-02,280.8081622454463
2015-11-03,282.8761726549963
2015-11-04,286.7789773211611
2015-11-05,287.6643913813983
2015-11-06,287.5218960341963
2015-11-07,288.1590674793689
2015-11-08,288.1977065151428
2015-11-09,288.52542391621427
2015-11-10,287.77452088920614
2015-11-11,286.73791802981157
2015-11-12,286.67983885418084
2015-11-13,286.8439386460545
2015-11-14,286.87376714650895
2015-11-15,286.76403502001534
2015-11-16,286.6235379168347
2015-11-17,287.1349999869471
2015-11-18,287.19079872352233
2015-11-19,287.1483180056344
2015-11-20,287.0144658225424
2015-11-21,287.0267516114538
2015-11-22,287.0968782025481
2015-11-23,287.0680246233443
2015-11-24,287.024356081549
2015-11-25,287.040771246017
2015-11-26,287.4427565811151
2015-11-27,287.77099876416713
2015-11-28,287.8841809415815
2015-11-29,288.0931543227541
2015-11-30,288.7881755259906
2015-12-01,288.94052807257185
2015-12-02,288.9401547353846
2015-12-03,289.0624653326498
2015-12-04,289.18459044442216
2015-12-05,289.5564922845975
2015-12-06,290.1962555583958
2015-12-07,290.68264406247215
2015-12-08,291.12276941313127
2015-12-09,292.38730606066844
2015-12-10,292.84961585264193
2015-12-11,293.80084416326326
2015-12-12,294.16843079162396
2015-12-13,294.53616692653065
2015-12-14,295.5293176168566
2015-12-15,296.49217989724616
2015-12-16,296.9034601772278
2015-12-17,297.33889019901375
2015-12-18,297.7586568361164
2015-12-19,298.42919289603157
2015-12-20,298.5601795234466
2015-12-21,298.58124734623607
2015-12-22,298.7637426062142
2015-12-23,299.0768895281876
2015-12-24,299.653055008654
2015-12-25,300.1696892208914
2015-12-26,299.96072689571935
2015-12-27,299.92896616278574
2015-12-28,299.94354329703555
2015-12-29,300.01225562789364
2015-12-30,300.1077659632614
2015-12-31,300.35026504879346
2016-01-01,300.50397107188934
2016-01-02,300.5823395010407
2016-01-03,300.7481471732835
2016-01-04,300.9491209834702
2016-01-05,301.10580753392253
2016-01-06,301.24138954564313
2016-01-07,302.3530658023554
2016-01-08,302.7470663066261
2016-01-09,302.8903344427876
2016-01-10,303.4469619248684
2016-01-11,303.8273418931411
2016-01-12,304.10031184734504
2016-01-13,303.96339649644835
2016-01-14,303.9835231099133
2016-01-15,303.397383134099
2016-01-16,303.0042473922636
2016-01-17,303.0334742948065
2016-01-18,302.811910618681
2016-01-19,302.770046874955
2016-01-20,303.0764956092625
2016-01-21,303.2882058706867
2016-01-22,301.96820806914366
2016-01-23,301.9156641115226
2016-01-24,302.15231067540896
2016-01-25,302.3225440157695
2016-01-26,302.3878850713753
2016-01-27,302.45424388877285
2016-01-28,302.13751382822886
2016-01-29,301.6822730188401
2016-01-30,301.8075916933947
2016-01-31,301.81083668699983
2016-02-01,301.1353922895253
2016-02-02,301.0259655148436
2016-02-03,300.8310639256914
2016-02-04,301.0119762223637
2016-02-05,301.07468043324747
2016-02-06,300.90830088682264
2016-02-07,300.9325987552496
2016-02-08,300.83096285141187
2016-02-09,300.6360250945304
2016-02-10,300.75230132693036
2016-02-11,300.7890020432337
2016-02-12,300.89215228355846
2016-02-13,301.03860185227256
2016-02-14,301.3439240871083
2016-02-15,301.5480337310384
2016-02-16,301.97079525494433
2016-02-17,302.6432862149444
2016-02-18,302.8987547973708
2016-02-19,303.3142274689821
2016-02-20,303.76163956420515
2016-02-21,304.0169424795351
2016-02-22,304.30942944718413
2016-02-23,304.2967666103454
2016-02-24,304.48279394171703
2016-02-25,304.62034412020273
2016-02-26,304.762481701241
2016-02-27,304.9548288613196
2016-02-28,305.25198635663645
2016-02-29,305.9123764885369
2016-03-01,306.54381194720304
2016-03-02,306.708584823843
2016-03-03,306.7823535386112
2016-03-04,306.82861884457793
2016-03-05,306.77527618481594
2016-03-06,306.85045609848805
2016-03-07,306.9808261065097
2016-03-08,307.0347420013483
2016-03-09,306.9220184040399
2016-03-10,307.0693356892466
2016-03-11,307.23416381003574
2016-03-12,307.27436023680804
2016-03-13,307.369337041512
2016-03-14,307.4967141731954
2016-03-15,307.61329065915123
2016-03-16,307.7497471710632
2016-03-17,307.93030303109066
2016-03-18,307.9440157279379
2016-03-19,307.9152153440777
2016-03-20,307.9399319988108
2016-03-21,308.0823119597775
2016-03-22,308.3293727956207
2016-03-23,308.4335040710895
2016-03-24,308.5512289295258
2016-03-25,308.7456364870607
2016-03-26,308.9021720752132
2016-03-27,309.0654378933912
2016-03-28,309.30050059472967
2016-03-29,309.35649677448845
2016-03-30,309.40330812546597
2016-03-31,309.56022119754596
2016-04-01,309.6597183572862
2016-04-02,309.77346985662575
2016-04-03,309.86090965747275
2016-04-04,309.9645414070479
2016-04-05,310.1322958608461
2016-04-06,310.4474695724402
2016-04-07,311.1442325766624
2016-04-08,311.19660323151953
2016-04-09,311.22169779345535
2016-04-10,311.6240508894825
2016-04-11,311.74064865323226
2016-04-12,312.0140781034711
2016-04-13,312.10219691341626
2016-04-14,312.19001091107754
2016-04-15,312.34103251338473
2016-04-16,312.48851433505234
2016-04-17,312.5501158510266
2016-04-18,312.629180882309
2016-04-19,312.7826679655526
2016-04-20,313.06681332977234
2016-04-21,313.40511775422146
2016-04-22,313.71814129746053
2016-04-23,313.88699722714387
2016-04-24,314.29978812730985
2016-04-25,314.98813798167214
2016-04-26,315.5173482858616
2016-04-27,315.6568256915593
2016-04-28,315.6513931591418
2016-04-29,315.84044449665595
2016-04-30,315.9733318846587
2016-05-01,316.28740617623083
2016-05-02,316.2998063945926
2016-05-03,316.40663995357096
2016-05-04,316.5275442984206
2016-05-05,316.6415910180923
2016-05-06,317.0411548773392
2016-05-07,317.2134980834127
2016-05-08,317.3624273085611
2016-05-09,317.5596797045199
2016-05-10,317.7401948071297
2016-05-11,317.91830096558886
2016-05-12,318.0186450951895
2016-05-13,318.15529739255607
2016-05-14,318.37229780098716
2016-05-15,318.496325976063
2016-05-16,318.5378838123638
2016-05-17,319.59661260929846
2016-05-18,319.76279116517367
2016-05-19,319.87943987913485
2016-05-20,319.99749544142173
2016-05-21,320.0692472004674
2016-05-22,320.12001318148293
2016-05-23,320.2708574873119
2016-05-24,320.35414803870594
2016-05-25,320.6015989313883
2016-05-26,320.7897945150858
2016-05-27,322.073348270046
2016-05-28,323.21607857469616
2016-05-29,324.35660182942917
2016-05-30,325.4790225561125
2016-05-31,326.3929555577653
2016-06-01,327.1037817994939
2016-06-02,328.20191435636457
2016-06-03,329.03022202112834
2016-06-04,329.8011729728437
2016-06-05,330.4462690881736
2016-06-06,331.4593241801267
2016-06-07,331.9955745997005
2016-06-08,332.67606048888024
2016-06-09,333.1991840017466
2016-06-10,333.76317338293927
2016-06-11,334.34387215983145
2016-06-12,336.91125544512875
2016-06-13,341.0271478932193
2016-06-14,342.28363868945587
2016-06-15,344.27019593247877
2016-06-16,348.91318382087303
2016-06-17,350.9003103383955
2016-06-18,352.2717103204676
2016-06-19,353.14920187714347
2016-06-20,354.08135099698984
2016-06-21,354.30987085065095
2016-06-22,353.5903742104241
2016-06-23,353.0313093495278
2016-06-24,354.1665524870326
2016-06-25,355.0892102336943
2016-06-26,354.8547608387493
2016-06-27,355.30348227893484
2016-06-28,355.64158084815057
2016-06-29,355.5788883756589
2016-06-30,356.58220805133294
2016-07-01,357.3401437923745
2016-07-02,358.0203563032209
2016-07-03,358.20644433309434
2016-07-04,358.61091386483287
2016-07-05,359.2394499732721
2016-07-06,359.70164698507733
2016-07-07,359.4497806550357
2016-07-08,359.85210237513655
2016-07-09,360.3201432477048
2016-07-10,360.67459722466896
2016-07-11,361.21407734633
2016-07-12,361.64845659152894
2016-07-13,361.9829202954768
2016-07-14,362.1679745083897
2016-07-15,362.4188810877895
2016-07-16,362.65469001437464
2016-07-17,363.3198502111368
2016-07-18,363.6547851849333
2016-07-19,364.21205235637655
2016-07-20,364.3795159709507
2016-07-21,364.5213541751163
2016-07-22,364.6335634138356
2016-07-23,364.66278890411314
2016-07-24,365.3011052341766
2016-07-25,365.61967846613095
2016-07-26,365.8075965045624
2016-07-27,366.1463803961346
2016-07-28,366.36122071688254
2016-07-29,366.5981232594327
2016-07-30,366.84650290283497
2016-07-31,366.6609012392929
2016-08-01,366.3123807373329
2016-08-02,365.238833196257
2016-08-03,364.7815128912953
2016-08-04,365.1261270694909
2016-08-05,365.151269539364
2016-08-06,365.07407298231647
2016-08-07,365.2200990085443
2016-08-08,365.2758880665669
2016-08-09,365.14932237640454
2016-08-10,365.04855124696
2016-08-11,365.0688252395621
2016-08-12,365.0762807002744
2016-08-13,365.1496290090469
2016-08-14,365.0995461840966
2016-08-15,364.89516581979194
2016-08-16,365.06306728207926
2016-08-17,365.0465043101178
2016-08-18,365.09375049184786
2016-08-19,365.162951592726
2016-08-20,365.8362230481242
2016-08-21,365.95485521984904
2016-08-22,366.03585671499934
2016-08-23,366.06233901282855
2016-08-24,366.00606044725333
2016-08-25,366.61178493171013
2016-08-26,366.7346362951778
2016-08-27,366.7040727136151
2016-08-28,366.7293046235569
2016-08-29,366.6089639996388
2016-08-30,366.8346375137328
2016-08-31,367.1399278392987
2016-09-01,367.14507247144815
2016-09-02,367.2002961507508
2016-09-03,367.3679049130042
2016-09-04,367.7493621416847
2016-09-05,367.9868552053971
2016-09-06,368.3391135972995
2016-09-07,368.61486562971896
2016-09-08,369.0508495855226
2016-09-09,369.3522381615608
2016-09-10,369.54045362621287
2016-09-11,369.7261621214888
2016-09-12,369.7449044605705
2016-09-13,370.1293924310731
2016-09-14,370.31034438379646
2016-09-15,370.422462636877
2016-09-16,370.691614392353
2016-09-17,370.7879301488881
2016-09-18,370.9180764300215
2016-09-19,371.0286168200868
2016-09-20,371.57096794146474
2016-09-21,371.5215868829561
2016-09-22,371.5445127499873
2016-09-23,371.61194291767913
2016-09-24,371.58053612881946
2016-09-25,371.87958241404345
2016-09-26,372.0979585718326
2016-09-27,372.2953497135589
2016-09-28,372.3966988390223
2016-09-29,372.491915209019
2016-09-30,372.5356599223838
2016-10-01,372.7103494781245
2016-10-02,372.7893057996543
2016-10-03,373.1676718765907
2016-10-04,373.5247119764573
2016-10-05,373.7011711922771
2016-10-06,373.8685482542668
2016-10-07,374.0285685638097
2016-10-08,374.2262965574026
2016-10-09,374.3289424774982
2016-10-10,374.4899021695153
2016-10-11,375.1640894466129
2016-10-12,375.9467482829712
2016-10-13,376.1832794660066
2016-10-14,376.3848002357512
2016-10-15,376.5462228140514
2016-10-16,376.7446463947248
2016-10-17,377.36223240429
2016-10-18,377.8128124357693
2016-10-19,378.00183895919713
2016-10-20,378.1259427784096
2016-10-21,378.5737684930869
2016-10-22,378.8552968716448
2016-10-23,379.1167333377078
2016-10-24,379.4619747723713
2016-10-25,379.95155077713054
2016-10-26,380.6727642667623
2016-10-27,381.7153693167167
2016-10-28,382.2085355247692
2016-10-29,383.0536564864339
2016-10-30,383.2930422979185
2016-10-31,383.97433640214155
2016-11-01,384.9148073444013
2016-11-02,385.4778045385318
2016-11-03,385.94465389363944
2016-11-04,386.208760281357
2016-11-05,386.4430347570633
2016-11-06,386.7457366898432
2016-11-07,387.042658718459
2016-11-08,387.7331841223183
2016-11-09,388.61019705319853
2016-11-10,388.96898198754656
2016-11-11,389.3530607816894
2016-11-12,389.4950787565808
2016-11-13,389.5452468483944
2016-11-14,389.8588892985811
2016-11-15,390.38425592177543
2016-11-16,391.47760946296296
2016-11-17,392.49551075783336
2016-11-18,393.1626922010579
2016-11-19,393.55846521404504
2016-11-20,393.7378111485696
2016-11-21,394.1706595775117
2016-11-22,394.79684969301104
2016-11-23,395.32609802112114
2016-11-24,397.1961265391556
2016-11-25,397.433529834676
2016-11-26,397.745976544342
2016-11-27,398.0625212121129
2016-11-28,398.4625542007104
2016-11-29,398.762237514374
2016-11-30,399.2634822335835
2016-12-01,399.94345269674056
2016-12-02,400.9988312931993
2016-12-03,403.9982070953755
2016-12-04,404.273949727855
2016-12-05,404.6657638542446
2016-12-06,405.0392588825694
2016-12-07,405.5514272457584
2016-12-08,406.2983741233339
2016-12-09,406.6701164929791
2016-12-10,407.3582192536692
2016-12-11,407.62864996225056
2016-12-12,408.2169814308284
2016-12-13,408.78196989549105
2016-12-14,409.3031898268152
2016-12-15,409.87406611890793
2016-12-16,410.43544975717737
2016-12-17,410.9809406308637
2016-12-18,411.5680254866028
2016-12-19,411.970924555412
2016-12-20,412.6799181003471
2016-12-21,414.4967642228432
2016-12-22,416.58453009432066
2016-12-23,419.57353467595783
2016-12-24,420.436963026068
2016-12-25,420.93426949648983
2016-12-26,422.0442327385887
2016-12-27,423.66682609446787
2016-12-28,426.23381710277073
2016-12-29,428.3983154343758
2016-12-30,429.95743645330674
2016-12-31,430.66396299749783
2017-01-01,431.97236190640024
2017-01-02,434.42870804371825
2017-01-03,436.6896989603843
2017-01-04,441.45686725379846
2017-01-05,446.59966628346984
2017-01-06,445.9240270285463
2017-01-07,445.44708233258126
2017-01-08,446.1445631947036
2017-01-09,446.5811813062012
2017-01-10,447.11014508986824
2017-01-11,446.0550156216679
2017-01-12,445.4153000392054
2017-01-13,445.4403243224345
2017-01-14,445.5654535891645
2017-01-15,445.6576019303122
2017-01-16,445.90274999572466
2017-01-17,447.17205307582793
2017-01-18,447.5932160105216
2017-01-19,448.2112569886349
2017-01-20,448.67335112267006
2017-01-21,449.4238900454529
2017-01-22,450.2053845092758
2017-01-23,450.85425698833313
2017-01-24,451.59506876241346
2017-01-25,452.2507856448074
2017-01-26,453.0058266711423
2017-01-27,453.5128899026679
2017-01-28,453.8611479478269
2017-01-29,455.2212714131282
2017-01-30,455.6339572189577
2017-01-31,456.5972825496112
2017-02-01,457.75232528850694
2017-02-02,459.0375320201324
2017-02-03,460.8886777352201
2017-02-04,461.7863251015909
2017-02-05,462.65213671173507
2017-02-06,463.8018923574067
2017-02-07,465.4700132646832
2017-02-08,466.780459033884
2017-02-09,467.6556096554299
2017-02-10,468.5866782172667
2017-02-11,469.0441255658114
2017-02-12,469.63500137327264
2017-02-13,470.5401084290385
2017-02-14,471.3054278896386
2017-02-15,471.7413387818851
2017-02-16,472.5936411616827
2017-02-17,474.3674832059978
2017-02-18,475.3125452044834
2017-02-19,475.96048281309254
2017-02-20,476.7772360924292
2017-02-21,478.51254853703114
2017-02-22,481.1458059253435
2017-02-23,483.3600603890622
2017-02-24,487.17759806183705
2017-02-25,488.0313275675098
2017-02-26,488.720033019936
2017-02-27,490.31556045056715
2017-02-28,491.69978555037454
2017-03-01,493.9200573869137
2017-03-02,496.74187004219306
2017-03-03,499.9736640176674
2017-03-04,501.43144195676143
2017-03-05,502.6336478568509
2017-03-06,504.9888040323225
2017-03-07,506.3806686700297
2017-03-08,507.24064053994255
2017-03-09,507.75395681010014
2017-03-10,508.71569436188
2017-03-11,509.4232294251336
2017-03-12,510.38160704385734
2017-03-13,513.8928436602807
2017-03-14,515.2238790051043
2017-03-15,517.3737447740907
2017-03-16,518.918548686577
2017-03-17,519.0454837336291
2017-03-18,518.3404770961348
2017-03-19,518.774412093144
2017-03-20,518.5063124390714
2017-03-21,520.0891210151465
2017-03-22,520.3497699360627
2017-03-23,520.3633989165183
2017-03-24,520.4825575012497
2017-03-25,520.0740748205997
2017-03-26,520.8651241622405
2017-03-27,521.5365913863551
2017-03-28,522.6869966790174
2017-03-29,523.0951085007863
2017-03-30,523.6840578156609
2017-03-31,525.2814183201904
2017-04-01,526.2132589860042
2017-04-02,526.9259216416941
2017-04-03,528.7058267517614
2017-04-04,529.8109152829907
2017-04-05,530.8457442341927
2017-04-06,532.5882667608214
2017-04-07,534.5851812569115
2017-04-08,535.3114177374181
2017-04-09,536.3891713612458
2017-04-10,537.6904347178048
2017-04-11,539.1123432126166
2017-04-12,540.5626005647665
2017-04-13,540.9610023649839
2017-04-14,541.7868604207614
2017-04-15,542.2116080466976
2017-04-16,542.5282136623975
2017-04-17,543.9565597792337
2017-04-18,545.2842054342876
2017-04-19,546.1707553534181
2017-04-20,547.6457367226413
2017-04-21,548.746051171209
2017-04-22,549.2849796084247
2017-04-23,550.0587788529793
2017-04-24,551.5407927056013
2017-04-25,553.2377691175427
2017-04-26,555.0467845471354
2017-04-27,557.2582300648479
2017-04-28,560.043611197486
2017-04-29,561.5922003191084
2017-04-30,563.0707988188299
2017-05-01,567.3459897702592
2017-05-02,570.8217907451394
2017-05-03,573.9429862762809
2017-05-04,580.6379956203452
2017-05-05,585.6217623928248
2017-05-06,588.2734010764439
2017-05-07,590.4184239706706
2017-05-08,595.5538322972402
2017-05-09,601.9529160888528
2017-05-10,606.776259755192
2017-05-11,614.2054156142118
2017-05-12,617.8954676429092
2017-05-13,619.8657780387239
2017-05-14,622.1616591404567
2017-05-15,624.867316385043
2017-05-16,627.1662321508342
2017-05-17,633.1987835236558
2017-05-18,636.4438189161554
2017-05-19,642.6023205421401
2017-05-20,647.6763459313007
2017-05-21,652.783900351238
2017-05-22,665.3317341839382
2017-05-23,676.6521099453289
2017-05-24,688.9589914126119
2017-05-25,708.5532693933682
2017-05-26,716.368495709711
2017-05-27,716.2247978056322
2017-05-28,720.0680531027431
2017-05-29,723.938307224755
2017-05-30,728.1495875513348
2017-05-31,734.77998209684
2017-06-01,742.9767323822937
2017-06-02,748.0763097156419
2017-06-03,754.7482902951534
2017-06-04,759.6944620981257
2017-06-05,767.7329775106755
2017-06-06,778.7795953583668
2017-06-07,785.6863463980008
2017-06-08,792.4930115173383
2017-06-09,800.061966731316
2017-06-10,809.6805222835326
2017-06-11,817.0581144969459
2017-06-12,827.7451671703807
2017-06-13,837.4689092788165
2017-06-14,842.9049483098484
2017-06-15,840.5950861093327
2017-06-16,845.8142590562385
2017-06-17,849.1969506453049
2017-06-18,855.8700699934584
2017-06-19,861.766696757888
2017-06-20,868.9295294697978
2017-06-21,873.8061829062576
2017-06-22,879.2459949805317
2017-06-23,883.3618147314412
2017-06-24,885.7439966938316
2017-06-25,886.7225723638845
2017-06-26,887.0179703390727
2017-06-27,887.9467080584951
2017-06-28,892.5814436386094
2017-06-29,896.8252736247363
2017-06-30,901.9092453424328
2017-07-01,903.1084891515566
2017-07-02,905.2865664332304
2017-07-03,909.7353015544472
2017-07-04,912.9900331107348
2017-07-05,917.7221574982116
2017-07-06,920.5409980931752
2017-07-07,925.3590241186334
2017-07-08,927.1824068518772
2017-07-09,928.8077380190902
2017-07-10,928.9992787070248
2017-07-11,929.7371111524318
2017-07-12,929.9573316439062
2017-07-13,931.5839083312396
2017-07-14,931.5299265356878
2017-07-15,928.7743654834728
2017-07-16,925.4627085718196
2017-07-17,929.2227885120968
2017-07-18,932.8775029814784
2017-07-19,935.6948563189206
2017-07-20,944.5129944416236
2017-07-21,950.7400862477112
2017-07-22,956.3907437682032
2017-07-23,959.6253301119422
2017-07-24,964.2407862765936
2017-07-25,972.9504454480632
2017-07-26,974.6895404873017
2017-07-27,982.2526205685592
2017-07-28,1001.914810057674
2017-07-29,1019.7592855303571
2017-07-30,1040.307547650997
2017-07-31,1069.471042071777
2017-08-01,1083.3511107022532
2017-08-02,1093.0608465129492
2017-08-03,1105.2029487326065
2017-08-04,1127.9146481160428
2017-08-05,1149.152086955918
2017-08-06,1173.2194795596952
2017-08-07,1197.511386337555
2017-08-08,1219.5844869912514
2017-08-09,1233.7341337482874
2017-08-10,1245.047984302591
2017-08-11,1256.1364578381958
2017-08-12,1273.4274279055062
2017-08-13,1291.1834623091795
2017-08-14,1313.8885135303362
2017-08-15,1328.0433519839878
2017-08-16,1342.0282626769565
2017-08-17,1363.3754883740453
2017-08-18,1375.447794291927
2017-08-19,1390.393285674198
2017-08-20,1407.7402164847683
2017-08-21,1415.9013512721217
2017-08-22,1425.7689458964046
2017-08-23,1440.4817457751135
2017-08-24,1448.7750804612397
2017-08-25,1459.20645533856
2017-08-26,1467.453684467682
2017-08-27,1475.0235763680937
2017-08-28,1484.8806395505762
2017-08-29,1503.9297065335531
2017-08-30,1516.808566284359
2017-08-31,1536.3229511663678
2017-09-01,1554.8128312074668
2017-09-02,1565.564373761529
2017-09-03,1572.721710005167
2017-09-04,1582.1168964082642
2017-09-05,1588.2017051084713
2017-09-06,1600.1560537589842
2017-09-07,1618.7086213148384
2017-09-08,1622.0106077220637
2017-09-09,1624.405498627978
2017-09-10,1631.3937345802142
2017-09-11,1634.585807470357
2017-09-12,1638.577502942422
2017-09-13,1634.8149988307528
2017-09-14,1626.6378013646492
2017-09-15,1624.040137593851
2017-09-16,1628.0225972210471
2017-09-17,1628.8146334895323
2017-09-18,1634.79192402085
2017-09-19,1638.7729339418534
2017-09-20,1642.185808281038
2017-09-21,1642.72347640539
2017-09-22,1643.978935375397
2017-09-23,1646.359450048714
2017-09-24,1646.965878836174
2017-09-25,1663.3764159064056
2017-09-26,1668.0476648460588
2017-09-27,1674.580745724286
2017-09-28,1682.9517589172
2017-09-29,1687.1894554861058
2017-09-30,1695.5902252300214
2017-10-01,1700.3463914117992
2017-10-02,1710.3625202297385
2017-10-03,1715.1763942372545
2017-10-04,1718.8675010912575
2017-10-05,1730.508188968254
2017-10-06,1736.1796064798646
2017-10-07,1740.5340976818384
2017-10-08,1748.7168165455437
2017-10-09,1764.760092122959
2017-10-10,1778.801789310853
2017-10-11,1785.458852463216
2017-10-12,1801.0273264785594
2017-10-13,1828.3351492461768
2017-10-14,1841.136292797121
2017-10-15,1852.3910518027
2017-10-16,1869.3678148146587
2017-10-17,1883.018433510218
2017-10-18,1890.534356764988
2017-10-19,1908.953904786943
2017-10-20,1921.739508764732
2017-10-21,1934.1477588705036
2017-10-22,1951.937890078936
2017-10-23,1988.009648029094
2017-10-24,2003.9768105751589
2017-10-25,2012.4760983912736
2017-10-26,2022.7324377848931
2017-10-27,2032.9135210791528
2017-10-28,2037.9975403387075
2017-10-29,2048.431122475431
2017-10-30,2063.3085280599944
2017-10-31,2077.916900371326
2017-11-01,2102.3632395728287
2017-11-02,2138.894731502897
2017-11-03,2164.9848782577046
2017-11-04,2182.80884758758
2017-11-05,2206.5206567356827
2017-11-06,2222.6759098152606
2017-11-07,2241.0889227746475
2017-11-08,2260.377615272703
2017-11-09,2284.6522530490306
2017-11-10,2302.683692207501
2017-11-11,2316.9609223167868
2017-11-12,2361.198505975341
2017-11-13,2385.846838420641
2017-11-14,2400.459570183514
2017-11-15,2429.535332495701
2017-11-16,2465.6289738790515
2017-11-17,2511.8033886858366
2017-11-18,2530.6550005000963
2017-11-19,2550.8836880166054
2017-11-20,2582.9684620946596
2017-11-21,2618.812341967515
2017-11-22,2638.3091281264947
2017-11-23,2656.214732490401
2017-11-24,2689.7375185605997
2017-11-25,2725.0344089634705
2017-11-26,2767.0188169267417
2017-11-27,2818.7267847633443
2017-11-28,2884.7606922610603
2017-11-29,2959.759806655998
2017-11-30,2991.663721147974
2017-12-01,3031.3163969105326
2017-12-02,3075.277817639844
2017-12-03,3108.5713681465836
2017-12-04,3155.507535649866
2017-12-05,3202.78769621662
2017-12-06,3284.593227712166
2017-12-07,3534.692030817622
2017-12-08,3679.06725193228
2017-12-09,3741.950039306882
2017-12-10,3796.4423343559024
2017-12-11,3898.489571470214
2017-12-12,4044.4176762944658
2017-12-13,4143.323044352772
2017-12-14,4207.294068940945
2017-12-15,4289.665598267178
2017-12-16,4366.7088722113
2017-12-17,4473.139580529559
2017-12-18,4541.54697055255
2017-12-19,4596.149958900777
2017-12-20,4678.003119958956
2017-12-21,4709.759831235211
2017-12-22,4714.217275680271
2017-12-23,4743.823499090041
2017-12-24,4757.709883054493
2017-12-25,4769.390788037703
2017-12-26,4817.433874320339
2017-12-27,4877.560167302157
2017-12-28,4889.103794290753
2017-12-29,4918.393282446108
2017-12-30,4950.303129498632
2017-12-31,4958.806826583177
2018-01-01,4960.229260297211
2018-01-02,4995.570264740934
2018-01-03,5025.8622981197905
2018-01-04,5066.946458728672
2018-01-05,5141.795888685501
2018-01-06,5199.2895514200345
2018-01-07,5276.018532011937
2018-01-08,5281.03206272203
2018-01-09,5303.846325751442
2018-01-10,5314.900922755557
2018-01-11,5330.480484155719
2018-01-12,5349.350609554856
2018-01-13,5366.449883303553
2018-01-14,5373.982266521178
2018-01-15,5382.243768378574
2018-01-16,5362.6867978993505
2018-01-17,5341.840855688186
2018-01-18,5339.9350653086085
2018-01-19,5340.244448687836
2018-01-20,5347.533154157573
2018-01-21,5341.924018074053
2018-01-22,5333.064678174678
2018-01-23,5321.208862354274
2018-01-24,5319.863993903208
2018-01-25,5321.660662709591
2018-01-26,5332.170432532923
2018-01-27,5336.348467612958
2018-01-28,5360.580955270288
2018-01-29,5359.390100562108
2018-01-30,5336.298366797794
2018-01-31,5327.734070003913
2018-02-01,5308.183755392719
2018-02-02,5262.179033060378
2018-02-03,5254.274284944545
2018-02-04,5259.156585413666
2018-02-05,5226.291673101439
2018-02-06,5194.291502931168
2018-02-07,5184.074607086554
2018-02-08,5176.288252122074
2018-02-09,5166.577288061277
2018-02-10,5167.422939119387
2018-02-11,5163.868329302045
2018-02-12,5167.519210072905
2018-02-13,5161.324137318178
2018-02-14,5169.122380768631
2018-02-15,5188.6667615745155
2018-02-16,5197.352340398301
2018-02-17,5208.442396757695
2018-02-18,5217.281947177443
2018-02-19,5231.80559783551
2018-02-20,5257.519949048579
2018-02-21,5265.139053795884
2018-02-22,5335.803130453934
2018-02-23,5339.362217622795
2018-02-24,5340.677340962166
2018-02-25,5338.915159865452
2018-02-26,5341.92270715786
2018-02-27,5351.510564952085
2018-02-28,5365.142465271751
2018-03-01,5371.430257982459
2018-03-02,5379.986194354228
2018-03-03,5386.625725328072
2018-03-04,5396.525601191379
2018-03-05,5416.5977955495855
2018-03-06,5421.641088073559
2018-03-07,5412.952829864857
2018-03-08,5403.242252006018
2018-03-09,5368.334635934818
2018-03-10,5363.438739929679
2018-03-11,5365.080051328551
2018-03-12,5363.647179627382
2018-03-13,5359.260349651806
2018-03-14,5347.194689859896
2018-03-15,5336.486961874156
2018-03-16,5329.681087297489
2018-03-17,5323.138353018479
2018-03-18,5315.221327639603
2018-03-19,5315.304333232557
2018-03-20,5313.9239370143
2018-03-21,5316.182027628459
2018-03-22,5311.710883992561
2018-03-23,5308.012847602328
2018-03-24,5311.321704422148
2018-03-25,5305.271206125841
2018-03-26,5292.924275775202
2018-03-27,5287.096033579871
2018-03-28,5279.156388687537
2018-03-29,5263.826277800746
2018-03-30,5246.17972387038
2018-03-31,5242.92865923688
2018-04-01,5234.88184460652
2018-04-02,5230.5071382891
2018-04-03,5226.843731521978
2018-04-04,5218.569766961508
2018-04-05,5209.865304257109
2018-04-06,5199.5581290833325
2018-04-07,5195.880325978735
2018-04-08,5194.492331822878
2018-04-09,5186.206616792176
2018-04-10,5180.840000012291
2018-04-11,5177.46855593013
2018-04-12,5178.645046327119
2018-04-13,5187.348363997848
2018-04-14,5187.054416164541
2018-04-15,5189.30102794049
2018-04-16,5188.690561790808
2018-04-17,5188.090729870687
2018-04-18,5189.388906502611
2018-04-19,5205.367982459266
2018-04-20,5212.445528562035
2018-04-21,5219.253406382366
2018-04-22,5223.532104503618
2018-04-23,5230.019340322666
2018-04-24,5241.424642867795
2018-04-25,5247.258455435474
2018-04-26,5256.676111115308
2018-04-27,5258.468332032672
2018-04-28,5261.378487141046
2018-04-29,5263.68499357459
2018-04-30,5268.320368832379
2018-05-01,5268.523626248522
2018-05-02,5279.473936078809
2018-05-03,5285.1333394506455
2018-05-04,5292.881090260646
2018-05-05,5297.7049330685895
2018-05-06,5299.163342759797
2018-05-07,5299.4085543202655
2018-05-08,5299.420012254968
2018-05-09,5304.186067349489
2018-05-10,5308.31194816959
2018-05-11,5302.968416838124
2018-05-12,5301.466306320873
2018-05-13,5301.706092919154
2018-05-14,5328.943735898209
2018-05-15,5329.852988915769
2018-05-16,5323.083995006479
2018-05-17,5345.201953406896
2018-05-18,5339.6694733671375
2018-05-19,5341.2911781151215
2018-05-20,5342.395677418242
2018-05-21,5344.644938793679
2018-05-22,5341.828764602576
2018-05-23,5336.5069564583255
2018-05-24,5334.8544140486565
2018-05-25,5330.266937737713
2018-05-26,5328.292712308826
2018-05-27,5325.502083738498
2018-05-28,5317.739592553376
2018-05-29,5313.670114858332
2018-05-30,5312.56165120128
2018-05-31,5309.629885372879
2018-06-01,5306.562773865036
2018-06-02,5306.7511697012615
2018-06-03,5307.6875466822985
2018-06-04,5305.085549319539
2018-06-05,5300.8482150044365
2018-06-06,5299.896594068176
2018-06-07,5299.163733405154
2018-06-08,5295.832182542123
2018-06-09,5294.182967404584
2018-06-10,5283.0517797126
2018-06-11,5271.284215552214
2018-06-12,5264.191665700053
2018-06-13,5247.908982195975
2018-06-14,5242.99366739577
2018-06-15,5237.7916222835975
2018-06-16,5235.600018294227
2018-06-17,5232.979219841735
2018-06-18,5228.953025546318
2018-06-19,5226.809023557075
2018-06-20,5223.799506035305
2018-06-21,5225.164721972811
2018-06-22,5215.1691181865535
2018-06-23,5210.629600371804
2018-06-24,5204.4820117795225
2018-06-25,5201.162159659072
2018-06-26,5197.100053488963
2018-06-27,5152.34659856823
2018-06-28,5145.40667065334
2018-06-29,5139.722599512418
2018-06-30,5139.956030725814
2018-07-01,5127.88021281808
2018-07-02,5127.939566324877
2018-07-03,5126.492549422756
2018-07-04,5127.279904061729
2018-07-05,5126.00151602554
2018-07-06,5121.43074438715
2018-07-07,5120.768451748787
2018-07-08,5116.801431131929
2018-07-09,5116.411107799703
2018-07-10,5112.379909737184
2018-07-11,5107.4697951608205
2018-07-12,5101.313381498357
2018-07-13,5095.732560181501
2018-07-14,5093.889973392324
2018-07-15,5093.645906532012
2018-07-16,5093.274564408187
2018-07-17,5097.297063454243
2018-07-18,5101.277355210325
2018-07-19,5104.577073777399
2018-07-20,5106.486951917852
2018-07-21,5107.969146066378
2018-07-22,5109.931303893203
2018-07-23,5114.31633613886
2018-07-24,5121.495191227311
2018-07-25,5127.924009636042
2018-07-26,5130.199632474672
2018-07-27,5132.346107735069
2018-07-28,5135.138830819406
2018-07-29,5139.235998532742
2018-07-30,5140.810375441414
2018-07-31,5141.447438359354
2018-08-01,5139.7596756613175
2018-08-02,5138.405331761848
2018-08-03,5135.6878118724235
2018-08-04,5131.158498719133
2018-08-05,5128.800963311894
2018-08-06,5123.543823055297
2018-08-07,5120.848737653906
2018-08-08,5112.73974953492
2018-08-09,5104.760755236416
2018-08-10,5101.74523784962
2018-08-11,5097.116623647831
2018-08-12,5095.401742077637
2018-08-13,5093.917303070463
2018-08-14,5083.809711684521
2018-08-15,5080.189728669894
2018-08-16,5078.792849764156
2018-08-17,5080.068795485154
2018-08-18,5078.861669882878
2018-08-19,5080.078381902616
2018-08-20,5079.309287592139
2018-08-21,5078.54428221608
2018-08-22,5079.692288649014
2018-08-23,5080.019988083267
2018-08-24,5079.503199681633
2018-08-25,5083.8847210231215
2018-08-26,5086.0701626084065
2018-08-27,5088.729617287661
2018-08-28,5093.924441998536
2018-08-29,5098.195950690183
2018-08-30,5100.043938183734
2018-08-31,5099.801286860462
2018-09-01,5101.382530153452
2018-09-02,5103.249659561275
2018-09-03,5104.182964993783
2018-09-04,5105.845614425803
2018-09-05,5102.573021582581
2018-09-06,5094.187908259803
2018-09-07,5090.770816066973
2018-09-08,5088.654802891177
2018-09-09,5086.639976557457
2018-09-10,5083.660281995997
2018-09-11,5078.441679186314
2018-09-12,5075.034281297393
2018-09-13,5070.0242726842225
2018-09-14,5069.641642577671
2018-09-15,5069.160123952258
2018-09-16,5068.698159744048
2018-09-17,5066.750985813435
2018-09-18,5064.797478497665
2018-09-19,5063.291496507852
2018-09-20,5061.424385091538
2018-09-21,5054.975522510639
2018-09-22,5054.46715903275
2018-09-23,5054.699666868087
2018-09-24,5053.903201346957
2018-09-25,5047.441356478361
2018-09-26,5046.799938652356
2018-09-27,5046.49795964386
2018-09-28,5048.116518029769
2018-09-29,5046.343264242949
2018-09-30,5046.082139770955
2018-10-01,5042.944419125124
2018-10-02,5040.990845088632
2018-10-03,5038.498796606428
2018-10-04,5037.62907581805
2018-10-05,5036.95451453792
2018-10-06,5036.711691259188
2018-10-07,5036.301457907588
2018-10-08,5036.844650887064
2018-10-09,5036.273402053809
2018-10-10,5036.02751719605
2018-10-11,5014.568200154647
2018-10-12,5012.685697750781
2018-10-13,5011.230366695158
2018-10-14,5009.766795600921
2018-10-15,5011.774899565361
2018-10-16,5008.912609270333
2018-10-17,5006.614548862211
2018-10-18,5004.948372275646
2018-10-19,5006.241493678381
2018-10-20,4981.746319877619
2018-10-21,4981.580796655792
2018-10-22,4980.065163306524
2018-10-23,4978.222532513721
2018-10-24,4977.381809743422
2018-10-25,4975.439727644778
2018-10-26,4970.723285919838
2018-10-27,4970.343626454672
2018-10-28,4969.749606959861
2018-10-29,4968.068942330132
2018-10-30,4966.2874101619345
2018-10-31,4963.5289377959
2018-11-01,4960.717091888447
2018-11-02,4960.0408515835325
2018-11-03,4959.559698098354
2018-11-04,4958.795201562785
2018-11-05,4958.554267692003
2018-11-06,4957.904778336162
2018-11-07,4958.880843202466
2018-11-08,4958.880239053405
2018-11-09,4958.604982344982
2018-11-10,4958.4320280047405
2018-11-11,4958.240439582034
2018-11-12,4957.920048663259
2018-11-13,4955.881465851514
2018-11-14,4949.184850206809
2018-11-15,4910.398870032613
2018-11-16,4903.224447607696
2018-11-17,4900.411405834949
2018-11-18,4899.121755637009
2018-11-19,4883.88070504318
2018-11-20,4845.909866296623
2018-11-21,4834.472850168834
2018-11-22,4826.046042748048
2018-11-23,4816.112458724055
2018-11-24,4807.960855248505
2018-11-25,4792.5209589763035
2018-11-26,4778.19876476886
2018-11-27,4760.782551753619
2018-11-28,4756.117945814812
2018-11-29,4759.081817941407
2018-11-30,4747.4883288947285
2018-12-01,4754.7574693889965
2018-12-02,4751.866442832723
2018-12-03,4761.038258249425
2018-12-04,4794.574939970043
2018-12-05,4740.063156303651
2018-12-06,4708.883941284475
2018-12-07,4693.379382617858
2018-12-08,4688.727455785272
2018-12-09,4686.612794972564
2018-12-10,4678.6646613827015
2018-12-11,4657.78585378835
2018-12-12,4651.2984798360885
2018-12-13,4645.02247215371
2018-12-14,4634.178386456842
2018-12-15,4629.029623459271
2018-12-16,4624.724453617106
2018-12-17,4620.415261014266
2018-12-18,4606.638938544269
2018-12-19,4603.708421322557
2018-12-20,4603.587412020981
2018-12-21,4598.8057007021425
2018-12-22,4597.2489507362825
2018-12-23,4594.876703349585
2018-12-24,4593.40860466032
2018-12-25,4588.397666208441
2018-12-26,4585.73105044307
2018-12-27,4581.498355718443
2018-12-28,4572.858610608142
2018-12-29,4564.805277350553
2018-12-30,4561.241000345563
2018-12-31,4555.644829599161
2019-01-01,4552.891241468509
2019-01-02,4551.838751121162
2019-01-03,4547.718643723603
2019-01-04,4545.304899797143
2019-01-05,4544.570111989389
2019-01-06,4541.966116143334
2019-01-07,4540.705654913394
2019-01-08,4536.85920603072
2019-01-09,4536.317641565615
2019-01-10,4520.738710209856
2019-01-11,4492.566970908368
2019-01-12,4490.289103597153
2019-01-13,4487.876320276189
2019-01-14,4485.3381404136235
2019-01-15,4487.120325934529
2019-01-16,4486.984993517195
2019-01-17,4483.7294234443125
2019-01-18,4481.574840316038
2019-01-19,4479.606782900193
2019-01-20,4477.678701643764
2019-01-21,4475.364193992053
2019-01-22,4466.113719570983
2019-01-23,4463.6452789755285
2019-01-24,4461.804938215311
2019-01-25,4458.565180277325
2019-01-26,4456.294504204928
2019-01-27,4454.209984095092
2019-01-28,4448.402321770681
2019-01-29,4443.494051008992
2019-01-30,4438.131369469298
2019-01-31,4435.20276003698
2019-02-01,4431.541050786937
2019-02-02,4430.064478173462
2019-02-03,4428.479844226829
2019-02-04,4423.89345303498
2019-02-05,4421.577249298886
2019-02-06,4416.920592029916
2019-02-07,4413.234694260754
2019-02-08,4411.35088044995
2019-02-09,4411.3927188161815
2019-02-10,4410.861316914829
2019-02-11,4409.099094821042
2019-02-12,4406.4518160337875
2019-02-13,4396.8006214326215
2019-02-14,4395.457364753139
2019-02-15,4393.5579489201755
2019-02-16,4389.854268819696
2019-02-17,4388.113192896163
2019-02-18,4387.145898860719
2019-02-19,4385.850639166781
2019-02-20,4389.187661249788
2019-02-21,4386.696761495631
2019-02-22,4386.362168729169
2019-02-23,4383.655115107234
2019-02-24,4382.416664136836
2019-02-25,4378.797436387712
2019-02-26,4377.857791115517
2019-02-27,4376.318050375244
2019-02-28,4375.039746678844
2019-03-01,4374.2669279324255
2019-03-02,4372.900573564166
2019-03-03,4372.338733999869
2019-03-04,4367.494316816537
2019-03-05,4367.196193385682
2019-03-06,4366.3589058757525
2019-03-07,4365.874353721445
2019-03-08,4364.137522674868
2019-03-09,4363.748972344243
2019-03-10,4362.807574826457
2019-03-11,4360.826950844937
2019-03-12,4358.378889167117
2019-03-13,4357.65504165006
2019-03-14,4356.397142585619
2019-03-15,4355.6600284559745
2019-03-16,4353.358823094179
2019-03-17,4353.469459197428
2019-03-18,4352.458149968599
2019-03-19,4352.915639871542
2019-03-20,4352.39459941408
2019-03-21,4351.103510944669
2019-03-22,4349.943961427449
2019-03-23,4349.2401434749245
2019-03-24,4348.590029131466
2019-03-25,4346.955198952144
2019-03-26,4345.162011086617
2019-03-27,4345.528893053492
2019-03-28,4345.396862840247
2019-03-29,4346.958696500631
2019-03-30,4346.828194923504
2019-03-31,4342.473407759708
2019-04-01,4342.534133518782
2019-04-02,4354.815380480302
2019-04-03,4363.204215279018
2019-04-04,4366.703776485833
2019-04-05,4366.852750295722
2019-04-06,4367.958178221732
2019-04-07,4369.176892632426
2019-04-08,4372.636973517257
2019-04-09,4375.5457324156805
2019-04-10,4379.106820571231
2019-04-11,4379.4434467444335
2019-04-12,4381.273353605351
2019-04-13,4382.45973268007
2019-04-14,4377.882440763224
2019-04-15,4377.995989657278
2019-04-16,4379.442869755931
2019-04-17,4382.496881938141
2019-04-18,4384.113021846052
2019-04-19,4394.461451029231
2019-04-20,4395.276104268964
2019-04-21,4395.101332204363
2019-04-22,4396.745195148893
2019-04-23,4401.968952478002
2019-04-24,4398.302475579572
2019-04-25,4398.911344830195
2019-04-26,4393.887917960832
2019-04-27,4393.470201125912
2019-04-28,4393.8931453418645
2019-04-29,4392.009073896321
2019-04-30,4393.961279416655
2019-05-01,4381.727933543151
2019-05-02,4382.639579080131
2019-05-03,4387.24606860439
2019-05-04,4389.26090406636
2019-05-05,4392.1547002101715
2019-05-06,4398.179549474748
2019-05-07,4403.3372888551075
2019-05-08,4407.524457977868
2019-05-09,4411.5097367421495
2019-05-10,4416.37606542726
2019-05-11,4434.840864324901
2019-05-12,4449.043160407839
2019-05-13,4474.181887482235
2019-05-14,4504.303941630736
2019-05-15,4532.345671899582
2019-05-16,4562.35244286435
2019-05-17,4560.08758709331
2019-05-18,4562.307351969624
2019-05-19,4570.969157516861
2019-05-20,4577.541951987749
2019-05-21,4585.3381179751395
2019-05-22,4589.778417214506
2019-05-23,4593.441424930779
2019-05-24,4603.607442607774
2019-05-25,4609.060024411317
2019-05-26,4616.120110110393
2019-05-27,4630.335330582682
2019-05-28,4642.997902451819
2019-05-29,4709.0070728919045
2019-05-30,4715.721892586015
2019-05-31,4721.720364252206
2019-06-01,4727.311909813367
2019-06-02,4732.460159697179
2019-06-03,4746.353071536067
2019-06-04,4726.005403595613
2019-06-05,4722.4499941026515
2019-06-06,4721.525953575543
2019-06-07,4726.751584661219
2019-06-08,4728.0022833465
2019-06-09,4729.820656882421
2019-06-10,4737.599732020195
2019-06-11,4739.700609696274
2019-06-12,4745.637259882845
2019-06-13,4750.280907012841
2019-06-14,4761.7215460754
2019-06-15,4768.120300714028
2019-06-16,4779.308655675002
2019-06-17,4794.648196280238
2019-06-18,4802.71517032606
2019-06-19,4814.701382177597
2019-06-20,4825.434297360553
2019-06-21,4840.96344476758
2019-06-22,4870.87194623029
2019-06-23,4883.88297870714
2019-06-24,4903.324060916813
2019-06-25,4928.5998671289035
2019-06-26,5005.3347954651235
2019-06-27,5027.185603107015
2019-06-28,5064.219243615887
2019-06-29,5079.519563526529
2019-06-30,5101.213013419569
2019-07-01,5103.071883490586
2019-07-02,5107.728075489255
2019-07-03,5126.310939331645
2019-07-04,5150.725636408252
2019-07-05,5153.5639451984125
2019-07-06,5158.714084990693
2019-07-07,5163.146161735351
2019-07-08,5181.2748923749805
2019-07-09,5203.42227613474
2019-07-10,5248.752340251629
2019-07-11,5254.347705149506
2019-07-12,5268.52699399001
2019-07-13,5271.142664485785
2019-07-14,5268.874571544888
2019-07-15,5270.662688243271
2019-07-16,5270.725306100462
2019-07-17,5276.980583258727
2019-07-18,5291.616071150961
2019-07-19,5300.20810776202
2019-07-20,5306.281992573457
2019-07-21,5312.245521860003
2019-07-22,5314.033674738727
2019-07-23,5312.638116751045
2019-07-24,5327.330856019919
2019-07-25,5332.155537280715
2019-07-26,5334.434025918196
2019-07-27,5334.613738286373
2019-07-28,5334.8268780334265
2019-07-29,5432.751350444373
2019-07-30,5434.468132938501
2019-07-31,5438.578815035774
2019-08-01,5443.581525093622
2019-08-02,5450.701864665007
2019-08-03,5456.26832279705
2019-08-04,5460.642623213188
2019-08-05,5491.312382086312
2019-08-06,5516.397119521163
2019-08-07,5530.326886033243
2019-08-08,5546.845713890935
2019-08-09,5554.982498349835
2019-08-10,5558.129431253285
2019-08-11,5563.259886296559
2019-08-12,5568.947597221889
2019-08-13,5578.849706838487
2019-08-14,5584.172485671156
2019-08-15,5580.726924451232
2019-08-16,5583.16954276151
2019-08-17,5582.318896560025
2019-08-18,5583.886402037358
2019-08-19,5586.943585689464
2019-08-20,5595.064354185194
2019-08-21,5594.309933186969
2019-08-22,5593.240051531409
2019-08-23,5614.342088203268
2019-08-24,5615.30851714322
2019-08-25,5616.883035348911
2019-08-26,5621.936196058546
2019-08-27,5626.202508649599
2019-08-28,5627.660174155287
2019-08-29,5622.615039123362
2019-08-30,5622.1712016196125
2019-08-31,5621.850983611528
2019-09-01,5623.776516869691
2019-09-02,5626.58388883571
2019-09-03,5635.568582193936
2019-09-04,5640.926335531929
2019-09-05,5646.503554144391
2019-09-06,5696.703227416989
2019-09-07,5698.992672418908
2019-09-08,5701.943485542442
2019-09-09,5704.570655313937
2019-09-10,5705.413533911289
2019-09-11,5721.083776892899
2019-09-12,5723.709808141528
2019-09-13,5727.394372113214
2019-09-14,5729.679580353487
2019-09-15,5731.272835086158
2019-09-16,5732.500539765507
2019-09-17,5735.1024198930045
2019-09-18,5742.603079112114
2019-09-19,5741.808064687371
2019-09-20,5743.868866972514
2019-09-21,5744.742244572446
2019-09-22,5745.2280490286685
2019-09-23,5744.283014615133
2019-09-24,5743.377676084316
2019-09-25,5721.573814838863
2019-09-26,5701.90663695339
2019-09-27,5699.392345307298
2019-09-28,5695.563843541275
2019-09-29,5693.880953040392
2019-09-30,5690.908762554625
2019-10-01,5687.003875335009
2019-10-02,5685.181565809803
2019-10-03,5682.4424169248305
2019-10-04,5680.69762958374
2019-10-05,5680.17643067554
2019-10-06,5678.533458686949
2019-10-07,5677.401414107895
2019-10-08,5677.620796754313
2019-10-09,5677.64027136651
2019-10-10,5677.768487759395
2019-10-11,5676.444508313362
2019-10-12,5676.9179493557585
2019-10-13,5676.436987942927
2019-10-14,5702.20556821533
2019-10-15,5698.182827299197
2019-10-16,5694.370201466773
2019-10-17,5693.263563068756
2019-10-18,5690.740517697355
2019-10-19,5690.891050616389
2019-10-20,5691.089180915173
2019-10-21,5688.969874106213
2019-10-22,5688.351482079546
2019-10-23,5678.1742040234585
2019-10-24,5666.489916108281
2019-10-25,5670.632609294367
2019-10-26,5688.161735726674
2019-10-27,5692.934973534395
2019-10-28,5706.990239108893
2019-10-29,5714.298497432381
2019-10-30,5715.8107497180645
2019-10-31,5717.946949803445
2019-11-01,5726.184828409169
2019-11-02,5728.2128859656905
2019-11-03,5728.472644747517
2019-11-04,5730.725851078854
2019-11-05,5711.031521687708
2019-11-06,5711.706167331695
2019-11-07,5713.970926706105
2019-11-08,5711.211205319054
2019-11-09,5710.12075491403
2019-11-10,5711.051992875712
2019-11-11,5711.08408347797
2019-11-12,5709.690142920907
2019-11-13,5721.845860649662
2019-11-14,5720.932001614218
2019-11-15,5720.100322771711
2019-11-16,5719.397631955579
2019-11-17,5719.700937734766
2019-11-18,5717.390177005056
2019-11-19,5714.937331789388
2019-11-20,5711.36780343684
2019-11-21,5703.799216901341
2019-11-22,5688.252754436539
2019-11-23,5680.175306782477
2019-11-24,5681.221399979247
2019-11-25,5672.147209776266
2019-11-26,5665.814236360359
2019-11-27,5659.100824935595
2019-11-28,5659.127426839327
2019-11-29,5657.555528797881
2019-11-30,5654.812665036565
2019-12-01,5652.298452734071
2019-12-02,5647.848208460323
2019-12-03,5643.586026754023
2019-12-04,5642.398342866492
2019-12-05,5639.352865304558
2019-12-06,5634.884161296564
2019-12-07,5635.525772567672
2019-12-08,5635.370812769697
2019-12-09,5634.321102841238
2019-12-10,5631.70862421484
2019-12-11,5628.573678857714
2019-12-12,5625.758088533849
2019-12-13,5625.060971140432
2019-12-14,5623.396109135836
2019-12-15,5623.010613657907
2019-12-16,5619.681839443405
2019-12-17,5613.87350672189
2019-12-18,5603.846460752929
2019-12-19,5604.567504929035
2019-12-20,5605.397995089805
2019-12-21,5605.088154435994
2019-12-22,5605.145117677294
2019-12-23,5606.454049485609
2019-12-24,5607.061995190142
2019-12-25,5597.90160936178
2019-12-26,5596.996932341942
2019-12-27,5595.065619908659
2019-12-28,5594.814340259046
2019-12-29,5595.5638536976185
2019-12-30,5588.559393196826
2019-12-31,5586.78224360113
2020-01-01,5586.589159666426
2020-01-02,5585.86618284809
2020-01-03,5586.499153830463
2020-01-04,5585.696162476232
2020-01-05,5586.33352018547
2020-01-06,5587.893057210793
2020-01-07,5591.1558292849095
2020-01-08,5595.971484935711
2020-01-09,5599.202061266931
2020-01-10,5600.10252221733
2020-01-11,5601.3569898706355
2020-01-12,5602.755866003456
2020-01-13,5604.942722147884
2020-01-14,5618.485482822095
2020-01-15,5628.696792233493
2020-01-16,5633.423652845482
2020-01-17,5639.105253309153
2020-01-18,5641.261502625056
2020-01-19,5642.012429977141
2020-01-20,5642.010022078081
2020-01-21,5643.5499757691905
2020-01-22,5644.801198099357
2020-01-23,5645.651600451791
2020-01-24,5647.963472708456
2020-01-25,5648.722921477421
2020-01-26,5650.003164093125
2020-01-27,5653.601943095301
2020-01-28,5658.67731190899
2020-01-29,5671.07984758519
2020-01-30,5679.88463463387
2020-01-31,5690.671057746561
2020-02-01,5693.184992535886
2020-02-02,5693.415642707235
2020-02-03,5697.332936466502
2020-02-04,5699.383519943553
2020-02-05,5704.163307192879
2020-02-06,5719.406516608041
2020-02-07,5741.561149259525
2020-02-08,5748.226668165318
2020-02-09,5754.312106440065
2020-02-10,5770.11589040651
2020-02-11,5778.389468587245
2020-02-12,5786.900841710424
2020-02-13,5793.975220212705
2020-02-14,5799.415347132783
2020-02-15,5801.117638205291
2020-02-16,5803.302453609825
2020-02-17,5803.577824861819
2020-02-18,5810.42981664874
2020-02-19,5817.119609299623
2020-02-20,5815.2991691367215
2020-02-21,5817.3422730755965
2020-02-22,5818.577712841314
2020-02-23,5822.074066982579
2020-02-24,5824.043730067394
2020-02-25,5831.90056907334
2020-02-26,5828.011627446894
2020-02-27,5822.392291886302
2020-02-28,5820.8445373755485
2020-02-29,5820.036894635496
2020-03-01,5818.43845734308
2020-03-02,5820.438876747789
2020-03-03,5822.973273219147
2020-03-04,5813.578227772935
2020-03-05,5815.202002287563
2020-03-06,5817.277721764892
2020-03-07,5817.875671808941
2020-03-08,5816.167174715412
2020-03-09,5803.842769124681
2020-03-10,5797.451127803031
2020-03-11,5781.443387790099
2020-03-12,5705.575765047408
2020-03-13,5637.695477994945
2020-03-14,5623.887126051391
2020-03-15,5615.398996512379
2020-03-16,5588.82717360833
2020-03-17,5572.342538192019
2020-03-18,5566.327771615027
2020-03-19,5565.588552440761
2020-03-20,5562.9415763653915
2020-03-21,5561.511230986638
2020-03-22,5562.805839479747
2020-03-23,5560.387212822018
2020-03-24,5566.983165846307
2020-03-25,5564.632415182771
2020-03-26,5565.577986188736
2020-03-27,5565.609036402595
2020-03-28,5561.8416541766555
2020-03-29,5557.47074247833
2020-03-30,5554.47825175252
2020-03-31,5552.69055373262
2020-04-01,5530.347811114267
2020-04-02,5531.973762961992
2020-04-03,5532.9141061794135
2020-04-04,5532.139959008132
2020-04-05,5532.536293428437
2020-04-06,5538.524543757828
2020-04-07,5539.919057492305
2020-04-08,5542.485948018009
2020-04-09,5543.934222043637
2020-04-10,5523.384106875384
2020-04-11,5522.479596350944
2020-04-12,5522.729564520122
2020-04-13,5519.47805574167
2020-04-14,5519.460227320868
2020-04-15,5517.961547855892
2020-04-16,5517.508196837833
2020-04-17,5518.600784848682
2020-04-18,5519.716874880928
2020-04-19,5520.1580355160495
2020-04-20,5518.531496755531
2020-04-21,5516.166864503673
2020-04-22,5516.7711568026125
2020-04-23,5520.29269390667
2020-04-24,5524.865878447483
2020-04-25,5526.281227946017
2020-04-26,5527.504852136278
2020-04-27,5538.333564748799
2020-04-28,5540.149399822717
2020-04-29,5568.034476773174
2020-04-30,5591.630553390944
2020-05-01,5600.070688013782
2020-05-02,5604.4421608904795
2020-05-03,5613.872751647441
2020-05-04,5618.099336916692
2020-05-05,5621.353419644281
2020-05-06,5634.324868359645
2020-05-07,5660.929336441197
2020-05-08,5679.300754930769
2020-05-09,5684.368032341709
2020-05-10,5680.4781994386685
2020-05-11,5677.374658911206
2020-05-12,5674.410242954262
2020-05-13,5680.197237782833
2020-05-14,5688.858940463826
2020-05-15,5693.621565801956
2020-05-16,5695.508047160231
2020-05-17,5698.938655371858
2020-05-18,5709.487244641827
2020-05-19,5715.851336393221
2020-05-20,5721.102587841185
2020-05-21,5719.55506244605
2020-05-22,5719.272382496324
2020-05-23,5720.68678076407
2020-05-24,5721.739194973965
2020-05-25,5715.321595861633
2020-05-26,5714.655024431555
2020-05-27,5717.982075151398
2020-05-28,5721.758687933112
2020-05-29,5724.135778405224
2020-05-30,5725.94423082755
2020-05-31,5727.942651722763
2020-06-01,5735.849753937686
2020-06-02,5746.322080499654
2020-06-03,5748.9762720170065
2020-06-04,5752.767569551002
2020-06-05,5755.6072846014795
2020-06-06,5757.41393277514
2020-06-07,5758.7057250090065
2020-06-08,5768.375005370532
2020-06-09,5771.691613072633
2020-06-10,5774.881756188064
2020-06-11,5775.663886886215
2020-06-12,5776.376036539116
2020-06-13,5777.257599365947
2020-06-14,5778.36584539107
2020-06-15,5776.482111555969
2020-06-16,5780.496605805992
2020-06-17,5781.745213637043
2020-06-18,5796.982013207512
2020-06-19,5797.2187054224005
2020-06-20,5798.110188561209
2020-06-21,5799.735451389854
2020-06-22,5803.046542991788
2020-06-23,5807.221635102596
2020-06-24,5806.135176920666
2020-06-25,5804.94128998344
2020-06-26,5822.259290026079
2020-06-27,5822.554070214434
2020-06-28,5822.396012336531
2020-06-29,5823.266522432725
2020-06-30,5826.352864540678
2020-07-01,5827.764968535438
2020-07-02,5828.092150106346
2020-07-03,5828.567313252887
2020-07-04,5829.018700339437
2020-07-05,5829.048753246999
2020-07-06,5831.1544577650075
2020-07-07,5832.795481894101
2020-07-08,5840.456723455653
2020-07-09,5842.671204588105
2020-07-10,5842.547553778021
2020-07-11,5843.151842607999
2020-07-12,5843.846827845079
2020-07-13,5844.221952629254
2020-07-14,5847.609260627404
2020-07-15,5850.332117013446
2020-07-16,5850.4350298613335
2020-07-17,5850.4814141561355
2020-07-18,5851.025034801053
2020-07-19,5852.200818346723
2020-07-20,5852.67326730069
2020-07-21,5854.475602553681
2020-07-22,5857.9102773262
2020-07-23,5862.359652934459
2020-07-24,5865.4429750455665
2020-07-25,5868.2464594297035
2020-07-26,5872.427098985587
2020-07-27,5891.558384789137
2020-07-28,5913.360636154029
2020-07-29,5925.311982835491
2020-07-30,5934.670713294031
2020-07-31,5945.502446542038
2020-08-01,5954.842649720365
2020-08-02,5960.473387274767
2020-08-03,5981.079851397997
2020-08-04,5986.970997896094
2020-08-05,6001.394903332443
2020-08-06,6027.298189587691
2020-08-07,6045.460195048447
2020-08-08,6057.458173323871
2020-08-09,6065.131118611295
2020-08-10,6074.377829113874
2020-08-11,6085.54234580986
2020-08-12,6091.850392007192
2020-08-13,6098.529675829904
2020-08-14,6109.390037392066
2020-08-15,6114.651590252648
2020-08-16,6119.329313148771
2020-08-17,6138.544083167604
2020-08-18,6147.103354804018
2020-08-19,6150.115839797783
2020-08-20,6156.160264488398
2020-08-21,6164.460786294452
2020-08-22,6166.164820005871
2020-08-23,6168.255272210429
2020-08-24,6174.7601432487345
2020-08-25,6178.42853849632
2020-08-26,6181.752999489162
2020-08-27,6184.691947807846
2020-08-28,6191.284369526988
2020-08-29,6192.622652600649
2020-08-30,6196.8693458498465
2020-08-31,6206.0555138583095
2020-09-01,6219.262234360825
2020-09-02,6221.965648757127
2020-09-03,6222.423052417067
2020-09-04,6218.988033109708
2020-09-05,6215.835376591366
2020-09-06,6215.133376701675
2020-09-07,6211.58877504162
2020-09-08,6209.922945040759
2020-09-09,6209.0477141978645
2020-09-10,6209.818784871
2020-09-11,6208.903358866548
2020-09-12,6208.485737134397
2020-09-13,6209.088278392024
2020-09-14,6211.627640043126
2020-09-15,6217.051468902761
2020-09-16,6224.768668615546
2020-09-17,6228.188050630499
2020-09-18,6233.141066752183
2020-09-19,6238.8939134457105
2020-09-20,6240.886044470682
2020-09-21,6239.264861291009
2020-09-22,6244.39195016235
2020-09-23,6243.338851071738
2020-09-24,6241.945734689716
2020-09-25,6246.238655417729
2020-09-26,6248.546335443986
2020-09-27,6249.691983622484
2020-09-28,6253.193112609317
2020-09-29,6261.728051266779
2020-09-30,6263.575740921873
2020-10-01,6264.426533683688
2020-10-02,6265.082695608363
2020-10-03,6265.679456227951
2020-10-04,6266.87493109233
2020-10-05,6269.772009067136
2020-10-06,6271.271202790129
2020-10-07,6274.125186129019
2020-10-08,6278.5226724174245
2020-10-09,6286.211633134898
2020-10-10,6290.958432332656
2020-10-11,6293.933425705157
2020-10-12,6301.18793520054
2020-10-13,6306.48780927793
2020-10-14,6312.437941555391
2020-10-15,6318.834020001476
2020-10-16,6321.513485020178
2020-10-17,6323.204985342612
2020-10-18,6325.386117561615
2020-10-19,6342.994288804018
2020-10-20,6354.901038062832
2020-10-21,6377.464879374301
2020-10-22,6415.056682961838
2020-10-23,6447.645087930963
2020-10-24,6460.62190396176
2020-10-25,6468.002149163691
2020-10-26,6475.7822536018275
2020-10-27,6496.03088593012
2020-10-28,6511.611703860964
2020-10-29,6526.063887478508
2020-10-30,6535.159737226139
2020-10-31,6546.493318369894
2020-11-01,6559.737643773731
2020-11-02,6577.306727711898
2020-11-03,6671.45921849885
2020-11-04,6691.51053603687
2020-11-05,6742.0475122912885
2020-11-06,6778.395703146366
2020-11-07,6788.727885212031
2020-11-08,6815.626979280292
2020-11-09,6834.602226147222
2020-11-10,6851.19352236959
2020-11-11,6870.27948055182
2020-11-12,6896.92960401154
2020-11-13,6920.493668143905
2020-11-14,6932.640260468973
2020-11-15,6940.5029225802255
2020-11-16,6961.096345739467
2020-11-17,7005.185420127928
2020-11-18,7077.757764132009
2020-11-19,7100.65965204463
2020-11-20,7172.19326454632
2020-11-21,7207.026644626684
2020-11-22,7221.562822496216
2020-11-23,7245.77102958423
2020-11-24,7298.80466704079
2020-11-25,7325.0205805013475
2020-11-26,7344.737141128721
2020-11-27,7360.72999876334
2020-11-28,7370.645527989664
2020-11-29,7384.29107397219
2020-11-30,7434.870483399882
2020-12-01,7477.128952500595
2020-12-02,7513.739042231826
2020-12-03,7544.749387543257
2020-12-04,7569.246581994537
2020-12-05,7578.4844563163615
2020-12-06,7588.826923896419
2020-12-07,7609.191719435642
2020-12-08,7628.916788400189
2020-12-09,7643.634830322121
2020-12-10,7671.949587250038
2020-12-11,7684.318065326729
2020-12-12,7705.220337911867
2020-12-13,7765.858028182143
2020-12-14,7785.756314081627
2020-12-15,7812.4442227517875
2020-12-16,7878.51121245232
2020-12-17,8009.021272016924
2020-12-18,8143.630675465142
2020-12-19,8185.394588557293
2020-12-20,8233.410438531784
2020-12-21,8272.846966214503
2020-12-22,8362.072830260871
2020-12-23,8446.867097322915
2020-12-24,8522.858506506125
2020-12-25,8545.1001614096
2020-12-26,8596.757111415765
2020-12-27,8698.161004640233
2020-12-28,8900.768739259207
2020-12-29,9035.193089331462
2020-12-30,9132.479389892187
2020-12-31,9206.034523935588
2021-01-01,9308.401376144577
2021-01-02,9469.619732687415
2021-01-03,9636.693302395284
2021-01-04,9782.965974008626
2021-01-05,9926.476555541214
2021-01-06,10100.959796513129
2021-01-07,10401.784553600057
2021-01-08,10678.850766195188
2021-01-09,10863.742605431376
2021-01-10,10958.192299896344
2021-01-11,11015.3464837049
2021-01-12,11089.488439234316
2021-01-13,11150.511674471907
2021-01-14,11271.47875677742
2021-01-15,11338.075922852522
2021-01-16,11379.864766842556
2021-01-17,11408.69897977911
2021-01-18,11473.822976396565
2021-01-19,11529.293428895584
2021-01-20,11551.34292547344
2021-01-21,11558.169401878517
2021-01-22,11566.805876669803
2021-01-23,11583.722512307124
2021-01-24,11594.143017653723
2021-01-25,11621.460422159798
2021-01-26,11630.540754249252
2021-01-27,11696.387766161912
2021-01-28,11746.811313827511
2021-01-29,11856.790359812583
2021-01-30,11886.312916637433
2021-01-31,11921.784872611
2021-02-01,11945.14728928755
2021-02-02,11999.475875121245
2021-02-03,12052.62079920314
2021-02-04,12133.42900066055
2021-02-05,12235.25860492654
2021-02-06,12302.960120187496
2021-02-07,12359.16220462611
2021-02-08,12500.27784112049
2021-02-09,12780.101070710542
2021-02-10,12927.914416939178
2021-02-11,13048.6037182399
2021-02-12,13174.340064137705
2021-02-13,13231.980538576949
2021-02-14,13285.638795888575
2021-02-15,13435.318740990766
2021-02-16,13524.263242773575
2021-02-17,13675.828906751056
2021-02-18,13843.525752767797
2021-02-19,14111.489381281526
2021-02-20,14312.826383530748
2021-02-21,14438.489435923302
2021-02-22,14549.549878461905
2021-02-23,14690.34871644398
2021-02-24,14814.310285792846
2021-02-25,14912.642614834722
2021-02-26,15033.954330587529
2021-02-27,15022.577005010337
2021-02-28,15037.942854915576
2021-03-01,15108.071980433691
2021-03-02,15185.100598618734
2021-03-03,15248.097876747364
2021-03-04,15293.41129777423
2021-03-05,15339.327949034674
2021-03-06,15367.34130003398
2021-03-07,15401.883504997444
2021-03-08,15486.595715798783
2021-03-09,15581.32809879046
2021-03-10,15686.670372551338
2021-03-11,15856.560107465202
2021-03-12,15990.31505628402
2021-03-13,16090.708450302844
2021-03-14,16190.905304414193
2021-03-15,16250.34354835128
2021-03-16,16351.434508539229
2021-03-17,16437.73219406089
2021-03-18,16497.374151879023
2021-03-19,16547.489594143677
2021-03-20,16603.496685496662
2021-03-21,16646.17191724689
2021-03-22,16713.99694366314
2021-03-23,16813.87441361577
2021-03-24,16889.18317202269
2021-03-25,16957.425615725595
2021-03-26,17014.784414624595
2021-03-27,17097.461431972548
2021-03-28,17133.450086545625
2021-03-29,17208.4404130724
2021-03-30,17295.85171795113
2021-03-31,17382.882926560145
2021-04-01,17494.76409226536
2021-04-02,17569.84342147139
2021-04-03,17594.03154992919
2021-04-04,17624.522001486133
2021-04-05,17671.306114646002
2021-04-06,17967.474611557544
2021-04-07,18006.233185307257
2021-04-08,18054.998366507894
2021-04-09,18098.924540117023
2021-04-10,18159.394482014883
2021-04-11,18228.35691808984
2021-04-12,18315.296821065567
2021-04-13,18446.05968954847
2021-04-14,18604.39536449228
2021-04-15,18718.686319732955
2021-04-16,18771.751728300405
2021-04-17,18824.662925045486
2021-04-18,19035.72078012503
2021-04-19,19047.801538649594
2021-04-20,19082.87351004768
2021-04-21,19100.42429345605
2021-04-22,19159.030023633328
2021-04-23,19149.410351466977
2021-04-24,19185.06896714392
2021-04-25,19186.919212456152
2021-04-26,19246.369044725972
2021-04-27,19334.032334826024
2021-04-28,19371.333686583865
2021-04-29,19439.093329358027
2021-04-30,19528.645917334383
2021-05-01,19565.065135244204
2021-05-02,19595.19596270995
2021-05-03,19654.100446699693
2021-05-04,19688.20956334484
2021-05-05,19745.099514249247
2021-05-06,19813.395774642453
2021-05-07,19953.91997324039
2021-05-08,20000.61499062716
2021-05-09,20045.034431118944
2021-05-10,20091.345356526213
2021-05-11,20109.388362067337
2021-05-12,20197.73503990745
2021-05-13,20182.45033119677
2021-05-14,20188.19790031579
2021-05-15,20190.99186271603
2021-05-16,20181.356493981224
2021-05-17,20130.72151300256
2021-05-18,20114.84009479595
2021-05-19,19973.616716315064
2021-05-20,19898.417927502494
2021-05-21,19861.469410312475
2021-05-22,19824.160088463366
2021-05-23,19791.01102200794
2021-05-24,19835.704210188906
2021-05-25,19807.25973662627
2021-05-26,19822.498234798233
2021-05-27,19807.656062128557
2021-05-28,19772.894496836212
2021-05-29,19751.14096732783
2021-05-30,19767.819180389477
2021-05-31,19763.48335786116
2021-06-01,19777.23111192005
2021-06-02,19777.455570243932
2021-06-03,19793.853609883176
2021-06-04,19765.199183776207
2021-06-05,19753.114312327612
2021-06-06,19744.15382414202
2021-06-07,19725.79399591421
2021-06-08,19654.51335387401
2021-06-09,19681.21683370551
2021-06-10,19687.7093749682
2021-06-11,19698.882447612796
2021-06-12,19687.931020788845
2021-06-13,19694.416124363383
2021-06-14,19733.06860105574
2021-06-15,19752.08366608432
2021-06-16,19756.188377725215
2021-06-17,19735.929876628663
2021-06-18,19722.339100470796
2021-06-19,19715.337369505785
2021-06-20,19707.83775364376
2021-06-21,19659.188474866
2021-06-22,19627.04182815153
2021-06-23,19626.944248989264
2021-06-24,19624.05304402076
2021-06-25,19440.12173350306
2021-06-26,19413.11842318876
2021-06-27,19422.61230554637
2021-06-28,19427.022021569825
2021-06-29,19433.39011549513
2021-06-30,19418.61135020449
2021-07-01,19398.042303569535
2021-07-02,19344.043237063936
2021-07-03,19347.23448605393
2021-07-04,19353.608347292586
2021-07-05,19348.925112064004
2021-07-06,19346.40386649351
2021-07-07,19350.257303571045
2021-07-08,19329.75692088699
2021-07-09,19331.995386616654
2021-07-10,19331.007321100544
2021-07-11,19333.180626834055
2021-07-12,19341.716953450876
2021-07-13,19329.96184454928
2021-07-14,19315.72567211437
2021-07-15,19290.678299765903
2021-07-16,19274.446752912816
2021-07-17,19350.549078680506
2021-07-18,19342.226720296283
2021-07-19,19332.032952651574
2021-07-20,19321.02670142888
2021-07-21,19323.172680551208
2021-07-22,19334.33191497333
2021-07-23,19286.51295762046
2021-07-24,19291.889776808137
2021-07-25,19294.264416183665
2021-07-26,19393.230706648228
2021-07-27,19522.93574787973
2021-07-28,19618.43775810261
2021-07-29,19849.233237863613
2021-07-30,19867.9670054237
2021-07-31,19883.136597399945
2021-08-01,19891.036581107823
2021-08-02,19897.589685723648
2021-08-03,19891.48912917563
2021-08-04,19905.1096684783
2021-08-05,19918.003900538668
2021-08-06,19952.14307243399
2021-08-07,19975.19909864011
2021-08-08,19992.736944702847
2021-08-09,20043.512497807384
2021-08-10,20079.24741041937
2021-08-11,20109.04915452713
2021-08-12,20123.364471282417
2021-08-13,20161.04454173317
2021-08-14,20208.663071800107
2021-08-15,20219.007969222417
2021-08-16,20245.053657259985
2021-08-17,20258.825014820337
2021-08-18,20286.57838077817
2021-08-19,20314.11613299597
2021-08-20,20357.364010028512
2021-08-21,20386.547694709396
2021-08-22,20407.1434011235
2021-08-23,20463.92884924404
2021-08-24,20478.640640276684
2021-08-25,20570.109758954928
2021-08-26,20595.6578302366
2021-08-27,20617.635831652187
2021-08-28,20636.08943953285
2021-08-29,20647.97573051926
2021-08-30,20667.83574074577
2021-08-31,20690.596011646543
2021-09-01,20717.430496278754
2021-09-02,20761.42709151225
2021-09-03,20793.427828074346
2021-09-04,20815.262597193618
2021-09-05,20832.120122153756
2021-09-06,20864.684093288462
2021-09-07,20852.217489731484
2021-09-08,20854.003190245272
2021-09-09,20890.866528940016
2021-09-10,20891.613458895197
2021-09-11,20896.385068212985
2021-09-12,20906.014585651617
2021-09-13,20899.12069669536
2021-09-14,20927.902923007063
2021-09-15,20968.80861315653
2021-09-16,20996.782108126987
2021-09-17,21010.692163312684
2021-09-18,21026.85983577859
2021-09-19,21034.715844276983
2021-09-20,21001.46188106323
2021-09-21,20967.79718546248
2021-09-22,20982.769720712575
2021-09-23,20992.79505682463
2021-09-24,20972.635174245737
2021-09-25,20973.18493437925
2021-09-26,21115.01495225182
2021-09-27,21125.768961274174
2021-09-28,21107.86372127201
2021-09-29,21111.10557155335
2021-09-30,21139.25519932513
2021-10-01,21196.76662497125
2021-10-02,21232.55445777084
2021-10-03,21248.557352926735
2021-10-04,21277.998694169673
2021-10-05,21335.21443709633
2021-10-06,21485.505855055573
2021-10-07,21579.43895907084
2021-10-08,21620.95424226178
2021-10-09,21648.81423531187
2021-10-10,21685.13981237083
2021-10-11,21744.986385629574
2021-10-12,21805.218240879218
2021-10-13,21855.99983010108
2021-10-14,21924.241075361668
2021-10-15,22033.743081006396
2021-10-16,22085.60178886313
2021-10-17,22111.614845427204
2021-10-18,22198.24105217246
2021-10-19,22364.0116997333
2021-10-20,22521.419855196425
2021-10-21,22619.79529345788
2021-10-22,22634.131295557672
2021-10-23,22654.83226343784
2021-10-24,22703.27081020054
2021-10-25,22798.464704822603
2021-10-26,22851.107876556252
2021-10-27,22840.849430465296
2021-10-28,22893.353167927933
2021-10-29,22949.530072488044
2021-10-30,22971.531821339897
2021-10-31,23016.945908161822
2021-11-01,23126.7845063922
2021-11-02,23266.61747695254
2021-11-03,23359.277829620623
2021-11-04,23373.57019710619
2021-11-05,23433.72431614086
2021-11-06,23460.93670785221
2021-11-07,23483.11371702515
2021-11-08,23622.030158473983
2021-11-09,23718.83545272033
2021-11-10,23795.56588700997
2021-11-11,23843.716372238483
2021-11-12,24155.936662997075
2021-11-13,24178.29524466361
2021-11-14,24195.561697936137
2021-11-15,24263.222118697944
2021-11-16,24298.356762103143
2021-11-17,24331.100094479934
2021-11-18,24305.82059453436
2021-11-19,24306.83573116031
2021-11-20,24324.28053143156
2021-11-21,24332.68964339126
2021-11-22,24315.49229800289
2021-11-23,24321.08820292665
2021-11-24,24334.367380254913
2021-11-25,24512.06360010383
2021-11-26,24468.498494070227
2021-11-27,24464.45672385505
2021-11-28,24477.051167614612
2021-11-29,24525.93403228614
2021-11-30,24547.28224650492
2021-12-01,24590.79903115223
2021-12-02,24590.78443922531
2021-12-03,24576.014783018556
2021-12-04,24461.710606769157
2021-12-05,24451.39204793661
2021-12-06,24420.94652160382
2021-12-07,24492.33481525625
2021-12-08,24481.387007322668
2021-12-09,24452.89603617202
2021-12-10,24440.71520202774
2021-12-11,24450.651201522323
2021-12-12,24455.58833909208
2021-12-13,24437.185945091103
2021-12-14,24446.829748303546
2021-12-15,24448.69006491794
2021-12-16,24453.764600789127
2021-12-17,24430.498357941982
2021-12-18,24428.965732987228
2021-12-19,24431.007939134743
2021-12-20,24410.945625357424
2021-12-21,24433.735246829972
2021-12-22,24444.835500047127
2021-12-23,24464.349613216345
2021-12-24,24487.804966638727
2021-12-25,24486.574908880928
2021-12-26,24489.598999757476
2021-12-27,24511.459968814783
2021-12-28,24490.6527909271
2021-12-29,24473.27953024957
2021-12-30,24475.55612634953
2021-12-31,24479.6746289354
2022-01-01,24484.73201597498
2022-01-02,24484.387968596067
2022-01-03,24473.68690303407
2022-01-04,24459.707987930797
2022-01-05,24451.48529182754
2022-01-06,24406.04585868363
2022-01-07,24359.471585525826
2022-01-08,24348.418079970816
2022-01-09,24344.144745440542
2022-01-10,24328.375546576102
2022-01-11,24320.37903792153
2022-01-12,24336.87629193981
2022-01-13,24327.687514041667
2022-01-14,24322.71612694909
2022-01-15,24326.40617800466
2022-01-16,24327.968979697576
2022-01-17,24305.33760422095
2022-01-18,24291.699465170823
2022-01-19,24261.255702416107
2022-01-20,24251.1994877532
2022-01-21,24119.547715512643
2022-01-22,24068.405897718894
2022-01-23,24059.421853369982
2022-01-24,24011.675131308908
2022-01-25,24009.190318710323
2022-01-26,24001.675192512124
2022-01-27,23975.268129247772
2022-01-28,23945.890562475695
2022-01-29,23904.927064549815
2022-01-30,23884.90141433732
2022-01-31,23875.140078892862
2022-02-01,24005.498659810622
2022-02-02,23990.660158911374
2022-02-03,23973.116561720763
2022-02-04,24005.27465901556
2022-02-05,24024.79167897633
2022-02-06,24027.68090622277
2022-02-07,24069.371177687502
2022-02-08,24088.964451811204
2022-02-09,24103.86413241184
2022-02-10,24128.85078398991
2022-02-11,24136.103337802237
2022-02-12,24144.96193215928
2022-02-13,24147.643196628076
2022-02-14,24145.475083293302
2022-02-15,24173.70085563682
2022-02-16,24183.865844197455
2022-02-17,24167.723680135055
2022-02-18,24147.92131973262
2022-02-19,24144.686146530745
2022-02-20,24128.34494771244
2022-02-21,24112.534336157696
2022-02-22,24096.570754350658
2022-02-23,24107.174918122044
2022-02-24,24070.120099488457
2022-02-25,24067.01444947071
2022-02-26,24063.497496157295
2022-02-27,24063.513194886575
2022-02-28,24119.522758875057
2022-03-01,24151.3017517932
2022-03-02,24167.44681544041
2022-03-03,24187.608665484695
2022-03-04,24161.418208895648
2022-03-05,24156.108509924394
2022-03-06,24153.267730241772
2022-03-07,24144.887363944898
2022-03-08,24147.44836235929
2022-03-09,24165.514120715387
2022-03-10,24134.885110816296
2022-03-11,24155.844824694206
2022-03-12,24159.02812964631
2022-03-13,24155.966744657395
2022-03-14,24156.520619746967
2022-03-15,24149.307562644794
2022-03-16,24173.66012334483
2022-03-17,24163.475502438392
2022-03-18,24174.14670792993
2022-03-19,24183.987281218488
2022-03-20,24185.4908285633
2022-03-21,24186.483179781804
2022-03-22,24213.5985879345
2022-03-23,24221.36515497268
2022-03-24,24248.75576016825
2022-03-25,24371.33352069592
2022-03-26,24377.191371288645
2022-03-27,24397.77158450692
2022-03-28,24480.915563815648
2022-03-29,24530.139807332733
2022-03-30,24547.21757789833
2022-03-31,24545.037437528907
2022-04-01,24565.24827380355
2022-04-02,24570.08380627747
2022-04-03,24578.104396213123
2022-04-04,24588.75490755679
2022-04-05,24598.16433225795
2022-04-06,24572.241143497693
2022-04-07,24559.11714873226
2022-04-08,24552.048817211748
2022-04-09,24548.92407613987
2022-04-10,24549.696228570803
2022-04-11,24512.929927854373
2022-04-12,24535.454193262765
2022-04-13,24540.60884053517
2022-04-14,24560.27442726499
2022-04-15,24562.09661100313
2022-04-16,24559.915603069425
2022-04-17,24558.82656428359
2022-04-18,24553.25053975146
2022-04-19,24562.54918918898
2022-04-20,24570.01708538198
2022-04-21,24622.57700732826
2022-04-22,24598.949163556543
2022-04-23,24596.482294473382
2022-04-24,24593.045068964024
2022-04-25,24579.967966784137
2022-04-26,24552.71643315901
2022-04-27,24549.60717443016
2022-04-28,24549.682763578658
2022-04-29,24530.622541783232
2022-04-30,24523.053042923533
2022-05-01,24510.601223564812
2022-05-02,24478.49240074179
2022-05-03,24446.36955886729
2022-05-04,24463.839328741706
2022-05-05,24428.110285192335
2022-05-06,24402.201614708338
2022-05-07,24390.881362028915
2022-05-08,24365.360868502787
2022-05-09,24234.606526530457
2022-05-10,24173.36070218883
2022-05-11,24040.14548841308
2022-05-12,23960.20119228008
2022-05-13,23925.15380842425
2022-05-14,23953.451391068706
2022-05-15,23951.27286286497
2022-05-16,23928.09566785943
2022-05-17,23909.272921112264
2022-05-18,23878.386805368507
2022-05-19,23849.770713311395
2022-05-20,23818.886795657792
2022-05-21,23812.989439215893
2022-05-22,23812.74164204963
2022-05-23,23791.439942881385
2022-05-24,23778.970712667982
2022-05-25,23772.78827187009
2022-05-26,23749.313937080507
2022-05-27,23704.866221498203
2022-05-28,23702.677430194104
2022-05-29,23701.996642921826
2022-05-30,23710.1369226509
2022-05-31,23728.301247280186
2022-06-01,23696.475866467823
2022-06-02,23640.780503442125
2022-06-03,23619.926530748617
2022-06-04,23597.991612252965
2022-06-05,23591.457942924237
2022-06-06,23583.562563756863
2022-06-07,23545.191345946063
2022-06-08,23534.976367877356
2022-06-09,23504.548553546563
2022-06-10,23483.497284855464
2022-06-11,23457.274166724783
2022-06-12,23435.662111585767
2022-06-13,23213.69717595542
2022-06-14,23038.20802279387
2022-06-15,22907.574790090428
2022-06-16,22823.722735032832
2022-06-17,22748.54647610279
2022-06-18,22637.86125640866
2022-06-19,22627.98423617842
2022-06-20,22605.20303840677
2022-06-21,22570.292190300683
2022-06-22,22524.072405365863
2022-06-23,22512.183872753343
2022-06-24,22490.53230513242
2022-06-25,22495.1890398944
2022-06-26,22491.443982614674
2022-06-27,22463.16737648202
2022-06-28,22442.006803914403
2022-06-29,22416.42323250056
2022-06-30,22331.519288036863
2022-07-01,22301.349253374097
2022-07-02,22287.300876540303
2022-07-03,22272.67711047848
2022-07-04,22269.514279729257
2022-07-05,22259.10156329509
2022-07-06,22214.38640486574
2022-07-07,22210.021480627947
2022-07-08,22202.642472908683
2022-07-09,22170.352527994117
2022-07-10,22163.565459020563
2022-07-11,22092.616225285627
2022-07-12,22075.53604529353
2022-07-13,22067.888335562227
2022-07-14,22047.254210498853
2022-07-15,21965.642107569547
2022-07-16,21965.052230847297
2022-07-17,21962.344257071236
2022-07-18,21963.591646863588
2022-07-19,21934.163590007116
2022-07-20,21947.432896843457
2022-07-21,21904.743527048173
2022-07-22,21871.769920536895
2022-07-23,21856.564460664988
2022-07-24,21852.024107426292
2022-07-25,21826.65151199729
2022-07-26,21802.993192988783
2022-07-27,21808.83886948383
2022-07-28,21821.2402226015
2022-07-29,21823.058288275857
2022-07-30,21823.876147229166
2022-07-31,21817.97388349392
2022-08-01,21816.21434852597
2022-08-02,21807.292264012765
2022-08-03,21804.38786645463
2022-08-04,21785.46322764129
2022-08-05,21784.828782725133
2022-08-06,21785.41524405567
2022-08-07,21784.840729324413
2022-08-08,21788.773745870803
2022-08-09,21760.395905684767
2022-08-10,21773.459349204808
2022-08-11,21773.227113497465
2022-08-12,21776.1145589842
2022-08-13,21777.098028826913
2022-08-14,21775.318774345506
2022-08-15,21769.00769561679
2022-08-16,21766.67753228318
2022-08-17,21755.300552054945
2022-08-18,21752.65149015018
2022-08-19,21712.532923603405
2022-08-20,21706.103592161013
2022-08-21,21703.662526150812
2022-08-22,21688.763504281014
2022-08-23,21681.67806999378
2022-08-24,21674.064312676208
2022-08-25,21664.729223374685
2022-08-26,21651.887992126663
2022-08-27,21635.099439839538
2022-08-28,21634.453611817164
2022-08-29,21631.449435891147
2022-08-30,21604.78089508074
2022-08-31,21595.81749729234
2022-09-01,21579.70924617195
2022-09-02,21564.64731551006
2022-09-03,21560.755467864827
2022-09-04,21562.271632340144
2022-09-05,21555.87058428912
2022-09-06,21529.816038072546
2022-09-07,21515.164627805338
2022-09-08,21503.473619768465
2022-09-09,21514.333355928287
2022-09-10,21515.516477897185
2022-09-11,21511.80032004426
2022-09-12,21515.16483388686
2022-09-13,21460.8941858963
2022-09-14,21435.90419397341
2022-09-15,21409.174113869765
2022-09-16,21400.29625971302
2022-09-17,21396.73239096462
2022-09-18,21390.71761796307
2022-09-19,21369.568320821894
2022-09-20,21352.4764705728
2022-09-21,21338.5085439529
2022-09-22,21331.985866915296
2022-09-23,21324.18431791387
2022-09-24,21321.457345677565
2022-09-25,21316.14996236588
2022-09-26,21311.686009445373
2022-09-27,21302.46963252012
2022-09-28,21284.240627791456
2022-09-29,21274.97486309451
2022-09-30,21261.66784608431
2022-10-01,21257.84374780447
2022-10-02,21253.79274488232
2022-10-03,21248.97437110482
2022-10-04,21245.776899776076
2022-10-05,21239.937764403247
2022-10-06,21234.68249068049
2022-10-07,21229.689219703592
2022-10-08,21215.79598888546
2022-10-09,21213.757631662746
2022-10-10,21204.35807100193
2022-10-11,21195.73737471235
2022-10-12,21172.209384100956
2022-10-13,21164.732021039985
2022-10-14,21160.16025080367
2022-10-15,21156.74818046624
2022-10-16,21153.337593352873
2022-10-17,21134.30611637251
2022-10-18,21146.904490453915
2022-10-19,21135.838622784577
2022-10-20,21128.87469282727
2022-10-21,21123.125193330536
2022-10-22,21109.51290560135
2022-10-23,21107.769739844494
2022-10-24,21104.08877343856
2022-10-25,21109.020326486036
2022-10-26,21117.843542134804
2022-10-27,21119.13761376067
2022-10-28,21115.524629908123
2022-10-29,21116.44742547437
2022-10-30,21111.5958452593
2022-10-31,21105.882046496095
2022-11-01,21100.064092390767
2022-11-02,21095.0709062787
2022-11-03,21091.785691614405
2022-11-04,21116.819270983277
2022-11-05,21118.27863909462
2022-11-06,21109.82514665638
2022-11-07,21054.97723629988
2022-11-08,21020.968115838103
2022-11-09,20918.412594747773
2022-11-10,20876.3629659544
2022-11-11,20840.919115381606
2022-11-12,20790.10215933054
2022-11-13,20776.68203026955
2022-11-14,20741.28747590215
2022-11-15,20703.69108972315
2022-11-16,20656.57014841289
2022-11-17,20570.8138824294
2022-11-18,20346.628664572952
2022-11-19,20334.863142389684
2022-11-20,20320.85774134911
2022-11-21,20284.76275201456
2022-11-22,20255.751235199157
2022-11-23,20265.14382555338
2022-11-24,20252.911593485864
2022-11-25,20239.87270517815
2022-11-26,20227.40449449238
2022-11-27,20222.528774773094
2022-11-28,20194.881461581328
2022-11-29,20186.04835182905
2022-11-30,20174.981348832065
2022-12-01,20166.66499409623
2022-12-02,20153.04064823037
2022-12-03,20148.03275702086
2022-12-04,20137.275716468295
2022-12-05,20082.281119744195
2022-12-06,20064.00312565064
2022-12-07,20059.580424353702
2022-12-08,20049.514712534005
2022-12-09,20032.6246209404
2022-12-10,20032.109264265448
2022-12-11,20025.58283110935
2022-12-12,20020.0897946688
2022-12-13,20009.128378017525
2022-12-14,19993.97552395417
2022-12-15,19987.717813896248
2022-12-16,19977.9985095102
2022-12-17,19969.59816363631
2022-12-18,19965.742877332887
2022-12-19,19938.10651320392
2022-12-20,19932.540583535432
2022-12-21,19917.901359647574
2022-12-22,19910.401104362085
2022-12-23,19901.988268376113
2022-12-24,19897.774248387435
2022-12-25,19886.825278156222
2022-12-26,19884.05375475348
2022-12-27,19873.973538021703
2022-12-28,19846.38812913133
2022-12-29,19826.12512102567
2022-12-30,19818.150483178128
2022-12-31,19776.459561221727
2023-01-01,19772.99332139078
2023-01-02,19771.25264655724
2023-01-03,19762.24981911916
2023-01-04,19750.836078178945
2023-01-05,19743.663891162865
2023-01-06,19731.800990776806
2023-01-07,19727.085173887444
2023-01-08,19724.852695676836
2023-01-09,19723.686176120777
2023-01-10,19712.82076929864
2023-01-11,19696.124095074618
2023-01-12,19704.387414065957
2023-01-13,19714.54701581869
2023-01-14,19728.46106569354
2023-01-15,19731.699463434365
2023-01-16,19740.81130748053
2023-01-17,19753.74650443939
2023-01-18,19754.025146158365
2023-01-19,19747.88719050021
2023-01-20,19756.872493197465
2023-01-21,19770.293515228142
2023-01-22,19777.529828327
2023-01-23,19782.587336239823
2023-01-24,19789.06026057218
2023-01-25,19794.654352125584
2023-01-26,19785.73102835579
2023-01-27,19774.18216496654
2023-01-28,19777.555278505977
2023-01-29,19783.751412750436
2023-01-30,19788.2063225623
2023-01-31,19794.330768943983
2023-02-01,19813.321274964102
2023-02-02,19822.252942130737
2023-02-03,19827.743298996036
2023-02-04,19835.21429416291
2023-02-05,19835.617711330284
2023-02-06,19837.58060722342
2023-02-07,19839.386049232016
2023-02-08,19843.16961501955
2023-02-09,19842.47177816318
2023-02-10,19834.26337303144
2023-02-11,19833.034768128513
2023-02-12,19831.91580557553
2023-02-13,19828.121469713828
2023-02-14,19827.855489856513
2023-02-15,19836.224137556394
2023-02-16,19855.666526814108
2023-02-17,19860.33102606232
2023-02-18,19864.58692861992
2023-02-19,19868.185707301425
2023-02-20,19873.157099497676
2023-02-21,19876.942873483305
2023-02-22,19872.037791795767
2023-02-23,19877.27258157605
2023-02-24,19875.028698192014
2023-02-25,19870.8297639196
2023-02-26,19872.11287464524
2023-02-27,19875.90345560995
2023-02-28,19858.80309792058
2023-03-01,19850.29559364557
2023-03-02,19847.70890581429
2023-03-03,19840.095560501584
2023-03-04,19838.22130929071
2023-03-05,19826.441719287388
2023-03-06,19821.830515586425
2023-03-07,19755.286607851616
2023-03-08,19750.183416965607
2023-03-09,19738.751527484335
2023-03-10,19718.08243440839
2023-03-11,19714.709169767848
2023-03-12,19713.80708994055
2023-03-13,19740.885358854965
2023-03-14,19772.38150637042
2023-03-15,19784.937427260164
2023-03-16,19795.02982052435
2023-03-17,19840.57572270216
2023-03-18,19854.034456546993
2023-03-19,19866.847216766822
2023-03-20,19887.86805108204
2023-03-21,19907.535178148628
2023-03-22,19922.015389274573
2023-03-23,19948.985913270222
2023-03-24,19958.5615798582
2023-03-25,19960.456289126745
2023-03-26,19968.526543279422
2023-03-27,19996.937186086947
2023-03-28,20001.671894216255
2023-03-29,20018.65130697815
2023-03-30,19718.973594510146
2023-03-31,19736.74252034447
2023-04-01,19745.906069113615
2023-04-02,19748.842944920892
2023-04-03,19755.366446983324
2023-04-04,19761.244321918148
2023-04-05,19779.358802653293
2023-04-06,19780.78349583114
2023-04-07,19776.630235873938
2023-04-08,19779.06404041778
2023-04-09,19781.240230040785
2023-04-10,19793.498744996657
2023-04-11,19830.08599709675
2023-04-12,19836.710819181106
2023-04-13,19853.709035078213
2023-04-14,19875.77242874314
2023-04-15,19879.44158016288
2023-04-16,19883.84728248122
2023-04-17,19884.97030277011
2023-04-18,19899.484608727907
2023-04-19,19913.342784073084
2023-04-20,19912.055057870424
2023-04-21,19914.901147474226
2023-04-22,19913.929466331527
2023-04-23,19918.15643789131
2023-04-24,19916.1590527624
2023-04-25,19915.46944789141
2023-04-26,19930.548401768956
2023-04-27,19938.35346622548
2023-04-28,19948.75783823198
2023-04-29,19956.698517028937
2023-04-30,19959.04720427706
2023-05-01,19955.654055443872
2023-05-02,19959.642123208545
2023-05-03,19990.285746234164
2023-05-04,19994.017687766383
2023-05-05,20000.894362057832
2023-05-06,20002.75828160173
2023-05-07,20105.535110556542
2023-05-08,20112.39574437029
2023-05-09,20108.165883613932
2023-05-10,20108.234840531783
2023-05-11,20103.59949297421
2023-05-12,20101.365701963983
2023-05-13,20101.437359740725
2023-05-14,20103.655165997006
2023-05-15,20126.47744064817
2023-05-16,20132.621233292117
2023-05-17,20133.281487496744
2023-05-18,20132.016220004218
2023-05-19,20128.31693458114
2023-05-20,20129.600708189315
2023-05-21,20130.544761678557
2023-05-22,20157.382779762946
2023-05-23,20162.06917000599
2023-05-24,20158.4146977326
2023-05-25,20169.149761538567
2023-05-26,20170.38413823812
2023-05-27,20170.700568561973
2023-05-28,20176.681370256578
2023-05-29,20183.63521809515
2023-05-30,20192.274182846577
2023-05-31,20192.240393227446
2023-06-01,20195.51765068119
2023-06-02,20199.07027764786
2023-06-03,20198.96067993174
2023-06-04,20199.501920844792
2023-06-05,20193.93838453305
2023-06-06,20194.27808937339
2023-06-07,20196.053467080543
2023-06-08,20196.73505591094
2023-06-09,20197.364297206557
2023-06-10,20190.717271809994
2023-06-11,20189.979123169556
2023-06-12,20186.48350286894
2023-06-13,20185.471584960906
2023-06-14,20186.39051262878
2023-06-15,20177.68898224175
2023-06-16,20178.874182288608
2023-06-17,20180.19074718381
2023-06-18,20187.218384932938
2023-06-19,20174.674923096132
2023-06-20,20174.8941450091
2023-06-21,20202.73953461896
2023-06-22,20224.470145792024
2023-06-23,20244.931842791244
2023-06-24,20257.748790453243
2023-06-25,20265.187513034045
2023-06-26,20277.20784482328
2023-06-27,20299.48541335868
2023-06-28,20318.988880166115
2023-06-29,20319.95168861608
2023-06-30,20338.03824409082
2023-07-01,20365.99024248414
2023-07-02,20371.55815190061
2023-07-03,20381.21398212911
2023-07-04,20388.801879639832
2023-07-05,20393.035868436506
2023-07-06,20372.35757968319
2023-07-07,20375.45134541197
2023-07-08,20378.164167120405
2023-07-09,20381.282327206547
2023-07-10,20387.617923366444
2023-07-11,20398.69671623827
2023-07-12,20406.563551812
2023-07-13,20408.792403507632
2023-07-14,20416.162867518316
2023-07-15,20416.138019629983
2023-07-16,20418.010882440416
2023-07-17,20413.30175022137
2023-07-18,20422.502110906717
2023-07-19,20433.837561010965
2023-07-20,20437.85144162763
2023-07-21,20429.37794245561
2023-07-22,20432.301379760214
2023-07-23,20435.376414663493
2023-07-24,20433.32880686082
2023-07-25,20432.432771626503
2023-07-26,20432.78645835463
2023-07-27,20415.984537795255
2023-07-28,20353.122226210347
2023-07-29,20354.323187979204
2023-07-30,20354.706752442075
2023-07-31,20353.075137882475
2023-08-01,20352.27321516813
2023-08-02,20348.20585884295
2023-08-03,20348.920327440912
2023-08-04,20350.621961019588
2023-08-05,20350.90235063657
2023-08-06,20352.57821993464
2023-08-07,20352.13033723583
2023-08-08,20354.257602711143
2023-08-09,20360.036305162623
2023-08-10,20360.678262087764
2023-08-11,20364.29594028132
2023-08-12,20367.66419133447
2023-08-13,20370.475360154924
2023-08-14,20373.23201177532
2023-08-15,20374.92748367555
2023-08-16,20374.775377916263
2023-08-17,20366.90621522853
2023-08-18,20348.49966262733
2023-08-19,20345.12273864216
2023-08-20,20344.05960399484
2023-08-21,20334.704399059385
2023-08-22,20327.0546870154
2023-08-23,20323.01135856024
2023-08-24,20314.412180589097
2023-08-25,20306.46651038672
2023-08-26,20304.536499397767
2023-08-27,20306.507800925367
2023-08-28,20302.62826681827
2023-08-29,20291.7434159495
2023-08-30,20294.163141053876
2023-08-31,20290.887527991516
2023-09-01,20282.511191490812
2023-09-02,20281.00105899219
2023-09-03,20279.23709449441
2023-09-04,20277.15364942538
2023-09-05,20271.653702438387
2023-09-06,20267.580122832296
2023-09-07,20264.67998658389
2023-09-08,20263.86905078457
2023-09-09,20261.410601756987
2023-09-10,20260.815239264222
2023-09-11,20254.0866779318
2023-09-12,20252.147916021822
2023-09-13,20251.842246559452
2023-09-14,20258.67685274796
2023-09-15,20260.99862702539
2023-09-16,20261.711305594872
2023-09-17,20262.402386242833
2023-09-18,20269.83644367711
2023-09-19,20284.436887407108
2023-09-20,20283.839678164542
2023-09-21,20282.21460234776
2023-09-22,20281.601850872692
2023-09-23,20281.54582581353
2023-09-24,20281.72036230302
2023-09-25,20279.836974876544
2023-09-26,20278.92674554562
2023-09-27,20277.125860820044
2023-09-28,20278.480633792533
2023-09-29,20282.443968255287
2023-09-30,20285.327596066712
2023-10-01,20287.119652997782
2023-10-02,20294.28700466636
2023-10-03,20295.847667403097
2023-10-04,20301.667391894567
2023-10-05,20300.55455253626
2023-10-06,20306.934332645887
2023-10-07,20313.018885756064
2023-10-08,20314.51901493168
2023-10-09,20320.427710539723
2023-10-10,20320.72668380882
2023-10-11,20319.016162653777
2023-10-12,20315.38520393727
2023-10-13,20314.432598144693
2023-10-14,20324.120709219816
2023-10-15,20325.25378454683
2023-10-16,20334.497606190464
2023-10-17,20340.36882105631
2023-10-18,20347.560955442095
2023-10-19,20338.519535387284
2023-10-20,20353.377962107297
2023-10-21,20358.899340131466
2023-10-22,20363.60453606524
2023-10-23,20393.718410342495
2023-10-24,20466.106867567065
2023-10-25,20496.19289325357
2023-10-26,20532.85703898422
2023-10-27,20547.64082892489
2023-10-28,20559.27188246173
2023-10-29,20568.83118630537
2023-10-30,20586.83301748352
2023-10-31,20602.66147241383
2023-11-01,20638.905069227178
2023-11-02,20660.1747901087
2023-11-03,20676.76602355871
2023-11-04,20685.632353724617
2023-11-05,20692.851763851915
2023-11-06,20706.692355867024
2023-11-07,20723.66887623337
2023-11-08,20742.167540357314
2023-11-09,20796.57177474572
2023-11-10,20824.47390748448
2023-11-11,20834.79781713298
2023-11-12,20842.28439576045
2023-11-13,20855.011421302625
2023-11-14,20863.69320109589
2023-11-15,20882.355826905055
2023-11-16,20901.64721853788
2023-11-17,20912.626866847422
2023-11-18,20918.81081879685
2023-11-19,20926.654675882288
2023-11-20,20947.903555596404
2023-11-21,20975.776421315833
2023-11-22,20991.250131078497
2023-11-23,21002.566844946527
2023-11-24,21017.007213838675
2023-11-25,21023.92058579523
2023-11-26,21031.54204531502
2023-11-27,21036.47861506982
2023-11-28,21052.27616694364
2023-11-29,21070.28774167094
2023-11-30,21083.296617260057
2023-12-01,21113.43372511835
2023-12-02,21127.065834353965
2023-12-03,21142.08147767298
2023-12-04,21207.53990105941
2023-12-05,21255.630280461075
2023-12-06,21329.385253605386
2023-12-07,21367.236334119774
2023-12-08,21397.33417792981
2023-12-09,21418.714215951928
2023-12-10,21429.942137011734
2023-12-11,21447.71531812156
2023-12-12,21491.11290355706
2023-12-13,21507.790176807925
2023-12-14,21530.901005924472
2023-12-15,21564.20378160816
2023-12-16,21579.61258574807
2023-12-17,21584.43458967019
2023-12-18,21608.50624922655
2023-12-19,21637.402708834074
2023-12-20,21672.23385127789
2023-12-21,21694.618996377536
2023-12-22,21721.13813464011
2023-12-23,21735.516600404124
2023-12-24,21763.003022816192
2023-12-25,21771.61422778708
2023-12-26,21802.48470932242
2023-12-27,21868.82988245939
2023-12-28,21886.32687207285
2023-12-29,21916.200341939013
2023-12-30,21928.369248968487
2023-12-31,21941.69518131687
2024-01-01,21951.69904383693
2024-01-02,21998.817589418733
2024-01-03,22024.55020071951
2024-01-04,22191.899029767064
2024-01-05,22221.04590294055
2024-01-06,22231.67551012143
2024-01-07,22242.114027352745
2024-01-08,22274.293013432856
2024-01-09,22326.335878986283
2024-01-10,22356.1100353052
2024-01-11,22400.434120061345
2024-01-12,22404.41190622862
2024-01-13,22405.968455703343
2024-01-14,22409.30703902651
2024-01-15,22415.163831766906
2024-01-16,22521.184261364993
2024-01-17,22531.4853029561
2024-01-18,22578.410280257212
2024-01-19,22589.381031163375
2024-01-20,22592.486894273836
2024-01-21,22595.583165896496
2024-01-22,22596.599985530076
2024-01-23,22600.57372730981
2024-01-24,22643.695481906343
2024-01-25,22661.56728651089
2024-01-26,22677.484431718487
2024-01-27,22687.543526792782
2024-01-28,22695.569156945265
2024-01-29,22713.873497181437
2024-01-30,22772.170158479537
2024-01-31,22807.141527365755
2024-02-01,22813.07040545694
2024-02-02,22827.480668551863
2024-02-03,22831.856931828977
2024-02-04,22837.698376089567
2024-02-05,22851.223070061336
2024-02-06,22880.70236082382
2024-02-07,22898.070897837068
2024-02-08,22930.10606391426
2024-02-09,22973.914385315747
2024-02-10,22993.132000235106
2024-02-11,23014.771593040576
2024-02-12,23070.76275092496
2024-02-13,23109.583554950634
2024-02-14,23230.900039724285
2024-02-15,23282.84465046325
2024-02-16,23320.897642048567
2024-02-17,23337.571330872313
2024-02-18,23358.450814293086
2024-02-19,23435.63229966557
2024-02-20,23459.969033463643
2024-02-21,23492.012461380968
2024-02-22,23538.22493800536
2024-02-23,23582.648623351462
2024-02-24,23596.781054082538
2024-02-25,23611.01497526179
2024-02-26,23665.645647962338
2024-02-27,23791.202103632037
2024-02-28,24125.262441308892
2024-02-29,24263.745135827587
2024-03-01,24426.95797787535
2024-03-02,24451.749803198298
2024-03-03,24485.55520845201
2024-03-04,24656.786568111795
2024-03-05,24868.53418394946
2024-03-06,25255.353788927452
2024-03-07,25444.11655182039
2024-03-08,25603.087521534988
2024-03-09,25657.0139593194
2024-03-10,25717.583616268977
2024-03-11,25948.642340183993
2024-03-12,26085.263228669763
2024-03-13,26568.22793804175
2024-03-14,26684.2137603934
2024-03-15,26729.668078900624
2024-03-16,26753.00461927057
2024-03-17,26822.87743494817
2024-03-18,26875.564920638884
2024-03-19,26864.380754699287
2024-03-20,26890.43383346229
2024-03-21,26962.22464356972
2024-03-22,27026.715134027272
2024-03-23,27302.58295034675
2024-03-24,27329.063458081404
2024-03-25,27602.98841961715
2024-03-26,27653.391044764157
2024-03-27,27696.520030886248
2024-03-28,27815.36274278772
2024-03-29,27845.058429138186
2024-03-30,27867.247090842186
2024-03-31,27889.83351082638
2024-04-01,28034.425927693937
2024-04-02,28116.558811830935
2024-04-03,28156.7337230988
2024-04-04,28185.89163440454
2024-04-05,28205.038798617352
2024-04-06,28235.08941783554
2024-04-07,28256.43668854673
2024-04-08,28321.84070244714
2024-04-09,28355.10068982134
2024-04-10,28376.721368716724
2024-04-11,28409.91941287575
2024-04-12,28441.152182514055
2024-04-13,28436.012605841475
2024-04-14,28437.640322096497
2024-04-15,28454.55690662883
2024-04-16,28477.936870506535
2024-04-17,28475.537834173752
2024-04-18,28505.54315162679
2024-04-19,28541.822362031075
2024-04-20,28549.132696208344
2024-04-21,28561.433145051644
2024-04-22,28591.50243369616
2024-04-23,28608.86978924206
2024-04-24,28749.773097171685
2024-04-25,28760.56074995082
2024-04-26,28767.336667818807
2024-04-27,28780.65985431547
2024-04-28,28809.501792786956
2024-04-29,28824.4121629309
2024-04-30,28837.48195493878
2024-05-01,28802.269783569845
2024-05-02,28797.006514980683
2024-05-03,28812.92478622897
2024-05-04,28829.894011960965
2024-05-05,28839.34139363307
2024-05-06,28865.686128781133
2024-05-07,28878.137864047487
2024-05-08,28899.892220569087
2024-05-09,28910.33660086323
2024-05-10,28912.9252201053
2024-05-11,28921.04352500532
2024-05-12,28933.74694458477
2024-05-13,28954.660581457065
2024-05-14,28970.831517004
2024-05-15,29055.909490463288
2024-05-16,29095.867864167587
2024-05-17,29129.94802001725
2024-05-18,29142.14920046396
2024-05-19,29159.70557771609
2024-05-20,29207.02441917381
2024-05-21,29288.281853711986
2024-05-22,29330.880194005935
2024-05-23,29364.811249050817
2024-05-24,29387.65911129652
2024-05-25,29401.19481231935
2024-05-26,29423.023418609464
2024-05-27,29461.959462158982
2024-05-28,29970.801734762543
2024-05-29,29986.390743266467
2024-05-30,30008.801017325055
2024-05-31,30026.917424798383
2024-06-01,30036.559096767214
2024-06-02,30049.570586472622
2024-06-03,30107.162136361854
2024-06-04,30148.556832484926
2024-06-05,30199.448878812844
2024-06-06,30283.6528326352
2024-06-07,30322.73503297402
2024-06-08,30335.12191820135
2024-06-09,30347.08073648646
2024-06-10,30365.52049669136
2024-06-11,30428.826108870253
2024-06-12,30459.770181808035
2024-06-13,30467.55642172578
2024-06-14,30476.428977155047
2024-06-15,30490.268330456165
2024-06-16,30497.098079374868
2024-06-17,30508.408339392543
2024-06-18,30507.072978423363
2024-06-19,30523.24692451251
2024-06-20,30530.251761412685
2024-06-21,30550.05173896693
2024-06-22,30638.876684532595
2024-06-23,30640.809108628757
2024-06-24,30622.243553212895
2024-06-25,30618.709514638445
2024-06-26,30621.32021821132
2024-06-27,30674.837714829187
2024-06-28,30680.36944587892
2024-06-29,30683.867002344527
2024-06-30,30691.111793104057
2024-07-01,30717.926393820373
2024-07-02,30719.247951106037
2024-07-03,30744.18669316783
2024-07-04,30752.12839511859
2024-07-05,30748.35703944801
2024-07-06,30750.642588617175
2024-07-07,30755.655287603902
2024-07-08,30729.254651801057
2024-07-09,30750.974929281347
2024-07-10,30766.4052422137
2024-07-11,30766.092605846643
2024-07-12,30772.655680728138
2024-07-13,30782.974523759993
2024-07-14,30799.26244752777
2024-07-15,30854.617688387647
2024-07-16,30889.449743759033
2024-07-17,30924.514518049295
2024-07-18,30954.07386897056
2024-07-19,31022.49844556925
2024-07-20,31044.796502600588
2024-07-21,31061.505677833757
2024-07-22,31096.533357819055
2024-07-23,31196.285981727175
2024-07-24,31214.714040885185
2024-07-25,31218.68203281901
2024-07-26,31262.80342172813
2024-07-27,31291.84822758451
2024-07-28,31300.786921666673
2024-07-29,31350.992606041294
2024-07-30,31363.45786741609
2024-07-31,31370.22744216184
2024-08-01,31381.31507457977
2024-08-02,31381.080982866264
2024-08-03,31382.34954617633
2024-08-04,31376.54537527103
2024-08-05,31276.7106965615
2024-08-06,31262.09514956483
2024-08-07,31269.37581469202
2024-08-08,31295.187875266365
2024-08-09,31326.0291700136
2024-08-10,31366.577290994817
2024-08-11,31366.45199088964
2024-08-12,31372.304633971395
2024-08-13,31364.107961002945
2024-08-14,31361.94149750436
2024-08-15,31354.97772689296
2024-08-16,31355.14787869288
2024-08-17,31356.561009153615
2024-08-18,31361.93705022282
2024-08-19,31358.934909153173
2024-08-20,31362.627023938665
2024-08-21,31371.850524335103
2024-08-22,31386.55477617046
2024-08-23,31418.508614139388
2024-08-24,31445.86699615821
2024-08-25,31453.53990268148
2024-08-26,31469.344832246636
2024-08-27,31460.33103230275
2024-08-28,31443.014298366008
2024-08-29,31487.57106153187
2024-08-30,31487.886589059723
2024-08-31,31495.18816730611
2024-09-01,31488.557911619395
2024-09-02,31484.897855636285
2024-09-03,31478.123028895225
2024-09-04,31477.965327242106
2024-09-05,31467.83527090717
2024-09-06,31452.928205113436
2024-09-07,31447.32978395814
2024-09-08,31444.47778919632
2024-09-09,31464.8458946629
2024-09-10,31462.283663587685
2024-09-11,31458.04763036039
2024-09-12,31471.815062225407
2024-09-13,31507.567759735037
2024-09-14,31516.641064465635
2024-09-15,31522.940707555583
2024-09-16,31527.48580597384
2024-09-17,31548.494721653136
2024-09-18,31569.893819232133
2024-09-19,31613.983294020603
2024-09-20,31665.777608167416
2024-09-21,31680.619461891736
2024-09-22,31688.79976185051
2024-09-23,31730.230698613326
2024-09-24,31750.544387976195
2024-09-25,31793.26531952101
2024-09-26,31830.224604210183
2024-09-27,31864.738558266497
2024-09-28,31891.46194011526
2024-09-29,31900.46848692135
2024-09-30,31905.919675344736
2024-10-01,31906.29230642523
2024-10-02,31897.234798325917
2024-10-03,31891.102788466043
2024-10-04,31910.208726450837
2024-10-05,31916.8066276351
2024-10-06,31924.36054485635
2024-10-07,31945.19958159117
2024-10-08,32212.07761869837
2024-10-09,32222.62134594866
2024-10-10,32207.320337579305
2024-10-11,32290.866317546093
2024-10-12,32317.23103350606
2024-10-13,32327.328726172007
2024-10-14,32364.238575221338
2024-10-15,32442.082266127945
2024-10-16,32488.622154589662
2024-10-17,32521.008932038923
2024-10-18,32559.91101826865
2024-10-19,32582.75794000523
2024-10-20,32659.041204256617
2024-10-21,32749.70258428678
2024-10-22,32773.0162917195
2024-10-23,32786.93143169503
2024-10-24,32811.164896967195
2024-10-25,32835.17186425786
2024-10-26,32845.32962888455
2024-10-27,32856.04183268689
2024-10-28,32893.0242680724
2024-10-29,32990.79525090946
2024-10-30,33039.05285533395
2024-10-31,33070.82652050042
2024-11-01,33098.35088154412
2024-11-02,33112.302700810505
2024-11-03,33119.840103045906
2024-11-04,33149.47731910309
2024-11-05,33175.83297413333
2024-11-06,33354.602359309065
2024-11-07,33436.02676543647
2024-11-08,33517.908947793614
2024-11-09,33543.21914640681
2024-11-10,33631.45688220623
2024-11-11,33841.077621759585
2024-11-12,34101.75024815691
2024-11-13,34343.774645108315
2024-11-14,34587.034779333844
2024-11-15,34749.496147571146
2024-11-16,34810.13511438706
2024-11-17,34845.89208916611
2024-11-18,34969.03468916261
2024-11-19,35209.140386993065
2024-11-20,35411.929183355045
2024-11-21,35945.02562920141
2024-11-22,36214.447528933175
2024-11-23,36368.06976653487
2024-11-24,36441.93481164832
2024-11-25,36580.00565999065
2024-11-26,36670.17141569442
2024-11-27,36785.92871357198
2024-11-28,36876.352798640015
2024-11-29,36984.483860924985
2024-11-30,37019.37548795957
2024-12-01,37057.89770440334
2024-12-02,37180.01834206209
2024-12-03,37299.17936507087
2024-12-04,37444.31763373933
2024-12-05,37898.19650277439
2024-12-06,38175.27587601849
2024-12-07,38218.55038884432
2024-12-08,38257.297423873606
2024-12-09,38553.79321046819
2024-12-10,38697.69711653595
2024-12-11,38846.46524469863
2024-12-12,38930.740821093656
2024-12-13,39024.152273605934
2024-12-14,39068.24152970103
2024-12-15,39137.34496317323
2024-12-16,39335.15828563379
2024-12-17,39571.39206180689
2024-12-18,39701.34899733115
2024-12-19,39954.84916327857
2024-12-20,40054.75562133915
2024-12-21,40079.3571073282
2024-12-22,40104.81198174401
2024-12-23,40425.761098415234
2024-12-24,40553.58390002193
2024-12-25,40581.79776344155
2024-12-26,40627.059543290845
2024-12-27,40696.93660679453
2024-12-28,40716.08372147496
2024-12-29,40769.7266818088
2024-12-30,40897.400035714214
2024-12-31,40986.940695631616
2025-01-01,41048.19014827308
2025-01-02,41107.79517682327
2025-01-03,41146.35496261944
2025-01-04,41172.30005370288
2025-01-05,41190.90136049153
2025-01-06,41261.79867852002
2025-01-07,41367.388432006155
2025-01-08,41378.82874231945
2025-01-09,41376.92717661938
2025-01-10,41400.78883483268
2025-01-11,41415.80239332057
2025-01-12,41430.53475436501
2025-01-13,41441.49237911266
2025-01-14,41487.772894736125
2025-01-15,41570.74583342344
2025-01-16,41676.94714128219
2025-01-17,41791.31327795748
2025-01-18,41851.32750709329
2025-01-19,41903.30793488627
2025-01-20,42002.004303059446
2025-01-21,42100.5055860826
2025-01-22,42213.49529812949
2025-01-23,42448.35013435119
2025-01-24,42506.55113097351
2025-01-25,42531.637644226095
2025-01-26,42552.576156282375
2025-01-27,42593.30834454219
2025-01-28,42644.347629612195
2025-01-29,42672.40538090557
2025-01-30,42735.9408738464
2025-01-31,42778.3917937844
2025-02-01,42790.891474150805
2025-02-02,42793.75847170365
2025-02-03,42819.918599884535
2025-02-04,42932.91342377262
2025-02-05,43014.14985098826
2025-02-06,43071.38227459154
2025-02-07,43092.27665686438
2025-02-08,43104.846793799334
2025-02-09,43177.64069259542
2025-02-10,43199.07219209239
2025-02-11,43241.07920669127
2025-02-12,43255.841746529644
2025-02-13,43269.17577912476
2025-02-14,43293.11716613247
2025-02-15,43313.59022307819
2025-02-16,43320.05371733276
2025-02-17,43328.65339481902
