timestamp,bitcoin_open,bitcoin_close,bitcoin_high,bitcoin_low,bitcoin_total_volume,bitcoin_market_cap,bitcoin_log_return_1,label,barrier_touched,days_to_barrier,return_at_barrier,volatility
2022-01-01,46381.0,47816.0,48146.0,46379.0,18904585811.03402,904551946917.3206,,,,,,
2022-01-02,47807.0,47387.0,48012.0,46757.0,33756128241.98571,897536090320.9355,-0.009012382040889307,,,,,
2022-01-03,47371.0,46531.0,47568.0,45811.0,21890019531.577713,880330191985.1965,-0.018229172344592565,,,,,
2022-01-04,46538.0,45938.0,47575.0,45725.0,24895990583.663242,876242689666.1957,-0.012826095868908363,,,,,
2022-01-05,45873.0,43647.0,47081.0,42467.0,31837641246.01787,827723202715.1049,-0.05115810986620147,,,,,
2022-01-06,43526.0,43216.0,43929.0,42604.0,26366602396.811768,819522879407.0583,-0.009923754351101606,,,,,
2022-01-07,43201.0,41527.0,43201.0,40685.0,79685254648.07628,787735561341.1113,-0.03986697895396469,,,,,
2022-01-08,41532.0,41757.0,42702.0,40617.0,23337017232.770664,792892599975.9554,0.005523283817078168,,,,,
2022-01-09,41670.0,41862.0,42894.0,41421.0,18016718173.608612,791648558214.5575,0.0025113922717813755,,,,,
2022-01-10,41888.0,41870.0,42415.0,39692.0,27984634062.049942,792407724467.5966,0.00019108584589743027,,,,,
2022-01-11,41891.0,42777.0,43223.0,41383.0,22813557397.82151,809621515508.4065,0.021430994937039823,1.0,time,5.0,0.008,0.0222
2022-01-12,42811.0,43982.0,44288.0,42544.0,28250302540.221024,832460077955.3481,0.027779884340564314,0.0,time,5.0,-0.039,0.0243
2022-01-13,43946.0,42608.0,44391.0,42388.0,43905745871.292786,806510860231.8285,-0.031738430237079666,0.0,time,5.0,-0.005,0.0248
2022-01-14,42563.0,43121.0,43495.0,41794.0,20238314434.86153,816129314317.4397,0.011968088354875632,0.0,time,5.0,-0.0323,0.024
2022-01-15,43192.0,43227.0,43803.0,42586.0,14651008624.734596,816800318526.6782,0.002455182592454678,0.0,lower,5.0,-0.06,0.0225
2022-01-16,43173.0,43120.0,43570.0,42739.0,14452346388.550371,816325578941.135,-0.0024783734181649942,0.0,lower,4.0,-0.0576,0.021
2022-01-17,43138.0,42298.0,43184.0,41641.0,17694929625.845875,800822650383.9624,-0.01924712299018358,0.0,lower,4.0,-0.1472,0.0204
2022-01-18,42311.0,42395.0,42621.0,41339.0,18897950050.285973,803962100417.9756,0.002290627145408093,0.0,lower,2.0,-0.0406,0.0193
2022-01-19,42401.0,41750.0,42653.0,41244.0,19626113309.554142,790507925308.7825,-0.015330979459101893,0.0,lower,2.0,-0.1341,0.0185
2022-01-20,41752.0,40708.0,43508.0,40708.0,20930163211.171124,774235809673.4731,-0.025274817967179373,0.0,lower,1.0,-0.1089,0.0186
2022-01-21,40667.0,36509.0,41179.0,35762.0,38296960033.31628,692855029162.9379,-0.10886582779347702,1.0,time,5.0,0.0098,0.0371
2022-01-22,36385.0,35180.0,36801.0,34020.0,35517336417.257744,666220701468.4846,-0.03708106622679605,1.0,time,5.0,0.0579,0.0355
2022-01-23,35219.0,36306.0,36706.0,34805.0,22865032968.608204,687575973800.0704,0.03150527755882725,1.0,time,5.0,0.0417,0.0375
2022-01-24,36265.0,36774.0,37476.0,33065.0,36385158448.60688,696465421899.37,0.012808056863410392,1.0,time,5.0,0.0389,0.0365
2022-01-25,36675.0,36989.0,37542.0,35707.0,46168918584.85349,700571452648.8236,0.00582949741367499,1.0,time,5.0,0.0265,0.035
2022-01-26,36955.0,36870.0,39216.0,36355.0,26756873749.744743,700165819656.2855,-0.0032223588992716396,1.0,time,5.0,0.0447,0.0332
2022-01-27,36886.0,37277.0,37277.0,35580.0,22057410457.280827,702311456032.8538,0.01097830223027956,1.0,time,5.0,0.041,0.0321
2022-01-28,37367.0,37853.0,38022.0,36244.0,19214103304.052933,717026944842.8334,0.015333722503979153,0.0,time,5.0,-0.0228,0.0312
2022-01-29,37782.0,38232.0,38782.0,37422.0,14178650231.62196,722829009646.1814,0.009962624295545223,0.0,time,5.0,-0.03,0.0299
2022-01-30,38254.0,37983.0,38386.0,37504.0,11807185113.633108,719570142321.8397,-0.006534170069631306,1.0,upper,5.0,0.0927,0.0284
2022-01-31,37995.0,38556.0,38715.0,36832.0,17731563487.283978,727905398095.9747,0.014973038715495796,1.0,upper,4.0,0.0778,0.0276
2022-02-01,38430.0,38836.0,39138.0,38196.0,17109120250.158987,736102274236.6057,0.00723592158617684,1.0,upper,3.0,0.0705,0.0263
2022-02-02,38801.0,37001.0,38900.0,36849.0,16709908527.231106,700645616423.8325,-0.048402712201870486,1.0,upper,2.0,0.1189,0.0289
2022-02-03,37052.0,37101.0,37180.0,36415.0,16136299994.837618,703003347951.7092,0.0026989841220017353,1.0,upper,1.0,0.1162,0.0275
2022-02-04,37282.0,41674.0,41674.0,37128.0,25347215343.882504,777355085535.6107,0.11623350971997881,1.0,time,5.0,0.063,0.0454
2022-02-05,41617.0,41494.0,41957.0,41191.0,16752051696.248552,786295053042.2418,-0.004328594677060671,1.0,time,5.0,0.0502,0.0432
2022-02-06,41518.0,42476.0,42526.0,41387.0,13206494654.908047,804942041477.0581,0.02339037207065127,0.0,time,5.0,-0.0007,0.0414
2022-02-07,42413.0,43911.0,44476.0,41788.0,24171856714.475758,833392518214.8341,0.033225647628320386,0.0,time,5.0,-0.0384,0.0401
2022-02-08,43978.0,44184.0,45302.0,42901.0,29024977264.932137,837406846076.2306,0.006197874428966801,0.0,time,5.0,-0.0448,0.0381
2022-02-09,44166.0,44384.0,44758.0,43309.0,19780565063.098923,841339973338.8694,0.004516311533534641,0.0,time,5.0,-0.0402,0.0362
2022-02-10,44390.0,43628.0,45694.0,43341.0,27877618433.98099,826942197610.3904,-0.017179898065924654,1.0,time,5.0,0.0215,0.0354
2022-02-11,43477.0,42445.0,43926.0,42158.0,23279080009.72499,803706779791.898,-0.02749002587656531,1.0,time,5.0,0.0374,0.0352
2022-02-12,42437.0,42255.0,43039.0,41914.0,15479727288.782782,799547462142.6093,-0.004486430193485452,0.0,time,5.0,-0.0409,0.0335
2022-02-13,42268.0,42248.0,42751.0,41992.0,12146423251.39967,802059713029.3901,-0.00016567459181362007,0.0,time,5.0,-0.0529,0.0319
2022-02-14,42172.0,42635.0,42857.0,41715.0,18090873762.822777,808280617642.0496,0.009118496789380818,0.0,lower,4.0,-0.062,0.0303
2022-02-15,42626.0,44574.0,44707.0,42527.0,19801081788.555756,848321283143.9929,0.04447521720371131,0.0,lower,2.0,-0.0943,0.0315
2022-02-16,44527.0,44063.0,44527.0,43515.0,16847003857.433496,836256083783.791,-0.011530301371888846,0.0,lower,1.0,-0.0828,0.0304
2022-02-17,43954.0,40563.0,44194.0,40329.0,22270664615.4777,770096677778.6456,-0.08276410698110466,0.0,lower,4.0,-0.0903,0.0393
2022-02-18,40558.0,40073.0,40994.0,39791.0,20130002755.177864,759881874201.3011,-0.012153530219933288,0.0,lower,3.0,-0.0782,0.0375
2022-02-19,40056.0,40193.0,40442.0,39763.0,11735183838.17719,761447243939.9269,0.0029900602846683042,0.0,lower,2.0,-0.0812,0.0357
2022-02-20,40188.0,38514.0,40188.0,38195.0,15998424231.017673,730381814665.4404,-0.04267103955176942,1.0,time,5.0,0.0206,0.0359
2022-02-21,38512.0,37060.0,39468.0,36957.0,25174914104.16337,703004241590.1829,-0.038483590700482385,1.0,time,5.0,0.0533,0.0355
2022-02-22,37162.0,38337.0,38344.0,36546.0,22212181617.200245,727094284067.6588,0.033877266437462174,0.0,time,5.0,-0.014,0.0362
2022-02-23,38302.0,37372.0,39232.0,37256.0,18507851467.85067,708829287814.1068,-0.025493726363966726,1.0,upper,5.0,0.1455,0.035
2022-02-24,37318.0,38363.0,38905.0,34557.0,40839699480.89129,727657714638.0917,0.02617169249162984,1.0,upper,4.0,0.1193,0.0348
2022-02-25,38361.0,39316.0,39610.0,38107.0,22579249141.515377,745763194704.1796,0.02453810728204375,1.0,upper,3.0,0.0948,0.0342
2022-02-26,39256.0,39090.0,39877.0,38826.0,14568201294.74542,741083625917.93,-0.00576488089951952,1.0,upper,2.0,0.1006,0.0326
2022-02-27,39179.0,37804.0,39851.0,37421.0,19424397945.619602,717619764688.0872,-0.03345176267205373,1.0,upper,1.0,0.134,0.0324
2022-02-28,37788.0,43225.0,44199.0,37588.0,30634280854.538326,819019441071.749,0.13400411443654453,0.0,time,5.0,-0.0911,0.0521
2022-03-01,43286.0,44460.0,44755.0,42992.0,27880763034.093914,841254375272.0455,0.028170876966696224,0.0,lower,3.0,-0.1259,0.0499
2022-03-02,44417.0,43981.0,44969.0,43471.0,25615956856.40275,834437956671.6672,-0.010832186059927232,0.0,lower,2.0,-0.1151,0.0479
2022-03-03,43975.0,42492.0,44090.0,41979.0,22366184128.900482,807454920681.7217,-0.034441899558356276,0.0,lower,3.0,-0.1001,0.0473
2022-03-04,42488.0,39200.0,42488.0,38760.0,25121267305.979286,743810477766.2219,-0.08063907612135016,1.0,time,5.0,0.0687,0.0517
2022-03-05,39206.0,39463.0,39624.0,38828.0,14818212144.749968,748197160856.1006,0.00668677726399887,1.0,time,5.0,0.0001,0.0493
2022-03-06,39466.0,38443.0,39668.0,38254.0,16995562040.606796,729501899968.2964,-0.026186899299100952,1.0,time,5.0,0.0086,0.0474
2022-03-07,38470.0,38076.0,39455.0,37275.0,24596395439.058964,723198804467.6718,-0.009592462372255991,1.0,upper,2.0,0.0978,0.0451
2022-03-08,38032.0,38733.0,39335.0,37991.0,22556397749.428085,735453953725.9198,0.017107787471632517,0.0,time,5.0,-0.023,0.0434
2022-03-09,38736.0,41986.0,42501.0,38736.0,29211702119.448605,796849504897.2562,0.08064427952143943,0.0,lower,4.0,-0.1036,0.0485
2022-03-10,41913.0,39468.0,42004.0,38909.0,27653455219.04128,749384110700.1091,-0.06184601238721048,0.0,time,5.0,-0.0035,0.0503
2022-03-11,39437.0,38775.0,40183.0,38347.0,23624165274.522385,738267961692.6816,-0.017714507932317755,1.0,time,5.0,0.0598,0.048
2022-03-12,38751.0,38904.0,39345.0,38751.0,12440826653.84724,738456528057.6692,0.003321364038882238,1.0,time,5.0,0.0525,0.0457
2022-03-13,38814.0,37853.0,39238.0,37768.0,14461647575.513742,718551088031.3688,-0.027386836121172885,1.0,upper,5.0,0.1001,0.0441
2022-03-14,37867.0,39669.0,39715.0,37709.0,21250969229.221596,751354026218.9767,0.046859789262483666,1.0,time,5.0,0.0619,0.0448
2022-03-15,39699.0,39332.0,39781.0,38321.0,20768829817.938637,747642430663.595,-0.008531589324885729,1.0,time,5.0,0.0484,0.0427
2022-03-16,39309.0,41166.0,41551.0,39029.0,34974203468.766266,779761001844.4108,0.045574236018899025,0.0,time,5.0,-0.0025,0.0429
2022-03-17,41129.0,41002.0,41374.0,40681.0,18861644942.593346,778474325709.8895,-0.0039918269344253535,1.0,time,5.0,0.0336,0.0409
2022-03-18,40943.0,41837.0,42337.0,40311.0,30316128166.48974,794378970588.3145,0.020160269462751415,1.0,time,5.0,0.0228,0.0393
2022-03-19,41828.0,42202.0,42323.0,41612.0,16580741571.959858,800887993391.0255,0.008686497818730085,1.0,time,5.0,0.0403,0.0374
2022-03-20,42223.0,41283.0,42271.0,41021.0,16856192301.960054,784054464871.6631,-0.02201682033261068,1.0,time,5.0,0.0713,0.0365
2022-03-21,41249.0,41062.0,41481.0,40615.0,21335882483.315796,779205413378.8728,-0.005367673340681736,1.0,upper,4.0,0.0766,0.0347
2022-03-22,41009.0,42402.0,43080.0,40937.0,28688623151.357098,803937099701.4115,0.03211241132619967,1.0,upper,5.0,0.0969,0.0343
2022-03-23,42370.0,42802.0,42802.0,41868.0,21851891598.642384,810894331277.664,0.009389299531177066,1.0,upper,4.0,0.0875,0.0327
2022-03-24,42845.0,43936.0,44133.0,42726.0,26212783703.864426,834251096724.507,0.026149199117611228,1.0,upper,4.0,0.0673,0.0317
2022-03-25,43939.0,44332.0,44999.0,43721.0,26147756108.07925,842031938721.7855,0.008972734327846114,1.0,upper,4.0,0.0682,0.0302
2022-03-26,44298.0,44511.0,44737.0,44157.0,13676534294.229202,845235093872.7649,0.004029585723359656,1.0,upper,3.0,0.0641,0.0287
2022-03-27,44483.0,46715.0,46715.0,44413.0,22545392529.67392,887283025181.1342,0.04832896260815268,0.0,time,5.0,-0.0096,0.03
2022-03-28,46723.0,46995.0,48079.0,46660.0,30051327357.066643,892747620147.7012,0.005975900827345874,0.0,time,5.0,-0.0248,0.0286
2022-03-29,47061.0,47459.0,47967.0,47061.0,26128040680.825665,901430001888.9999,0.00982496733831658,0.0,time,5.0,-0.0218,0.0272
2022-03-30,47451.0,47063.0,47651.0,46751.0,24497248306.346912,895356010540.8462,-0.008379050736918347,0.0,time,5.0,-0.0094,0.0265
2022-03-31,47031.0,45528.0,47468.0,45363.0,27736469645.537262,865010142444.9791,-0.033159608372840155,1.0,time,5.0,0.0023,0.0281
2022-04-01,45528.0,46270.0,46658.0,44347.0,32948605532.135277,879144224206.3806,0.016166281618085507,0.0,lower,5.0,-0.0687,0.027
2022-04-02,46229.0,45842.0,47026.0,45804.0,24803837259.76474,871050305858.7916,-0.009293101446733646,0.0,lower,4.0,-0.0594,0.0261
2022-04-03,45847.0,46435.0,47322.0,45667.0,21510196790.30345,882346640419.069,0.01285278375579706,0.0,lower,3.0,-0.0722,0.0249
2022-04-04,46361.0,46623.0,46819.0,45277.0,28019309650.72574,885584977681.2438,0.004040496373612807,0.0,lower,2.0,-0.0763,0.0237
2022-04-05,46610.0,45635.0,47077.0,45635.0,25474063861.60569,867247321783.443,-0.021419015632743926,0.0,lower,1.0,-0.0549,0.0239
2022-04-06,45561.0,43199.0,45561.0,43199.0,34113818641.77575,820983263462.4961,-0.054857619134846665,0.0,lower,5.0,-0.0869,0.0286
2022-04-07,43237.0,43515.0,43869.0,42867.0,22960138784.304127,827032889944.6309,0.007288359407483065,0.0,lower,4.0,-0.0942,0.0273
2022-04-08,43488.0,42316.0,43916.0,42212.0,24202906401.166885,804272478980.6077,-0.027940441116948905,0.0,lower,3.0,-0.0662,0.0272
2022-04-09,42307.0,42796.0,42807.0,42259.0,13949535311.5313,812734148492.5116,0.01127937515183209,0.0,lower,2.0,-0.0775,0.0263
2022-04-10,42807.0,42275.0,43420.0,42041.0,14936318818.778025,803574629064.9272,-0.012248745491716142,0.0,lower,1.0,-0.0653,0.0251
2022-04-11,42249.0,39604.0,42418.0,39444.0,30168665078.21043,752680814425.1921,-0.06526577152437575,1.0,time,5.0,0.0211,0.0302
2022-04-12,39553.0,40206.0,40660.0,39445.0,27804694935.48352,764314681923.3135,0.015086114958820547,0.0,time,5.0,-0.0117,0.0297
2022-04-13,40101.0,41205.0,41444.0,39731.0,25453869985.971855,783560801481.9719,0.0245433699962583,0.0,time,5.0,-0.009,0.0298
2022-04-14,41232.0,39959.0,41523.0,39708.0,22744792147.00975,759703443634.6515,-0.030705679773150273,1.0,time,5.0,0.0378,0.0295
2022-04-15,39994.0,40587.0,40709.0,39877.0,22053774554.17729,771666602547.5923,0.015593889847136319,1.0,time,5.0,0.0198,0.0288
2022-04-16,40592.0,40450.0,40676.0,40086.0,15777789210.238447,770439827829.2395,-0.0033811747848321604,1.0,time,5.0,0.002,0.0274
2022-04-17,40443.0,39739.0,40593.0,39659.0,16627779441.567648,755627152747.4514,-0.017733570260598193,1.0,time,5.0,0.0005,0.0264
2022-04-18,39717.0,40834.0,40950.0,38780.0,30617039399.980103,776463403746.4385,0.027181994470105407,0.0,time,5.0,-0.0316,0.027
2022-04-19,40833.0,41498.0,41653.0,40646.0,22717772925.289574,789141783336.2104,0.016130165590251436,0.0,time,5.0,-0.0457,0.0263
2022-04-20,41468.0,41397.0,42142.0,40959.0,24937668255.073463,787437397453.9304,-0.0024368188667323347,0.0,time,5.0,-0.0316,0.025
2022-04-21,41384.0,40529.0,42859.0,39975.0,32131220615.550182,770787243369.5001,-0.021190647183363318,0.0,lower,5.0,-0.0597,0.0246
2022-04-22,40432.0,39757.0,40776.0,39265.0,46022063018.95215,756144456297.8489,-0.01923184102878764,0.0,time,5.0,-0.0297,0.0239
2022-04-23,39757.0,39562.0,39966.0,39347.0,15010797471.968071,752414150959.3553,-0.004916864631491924,0.0,time,5.0,-0.0059,0.0227
2022-04-24,39499.0,39643.0,39872.0,39299.0,16778683767.597218,752446283899.8965,0.00204532613440231,0.0,time,5.0,-0.0347,0.0217
2022-04-25,39469.0,40111.0,40332.0,37715.0,32883645913.964718,770112436973.4149,0.011736223181435839,0.0,lower,1.0,-0.0494,0.0212
2022-04-26,40458.0,38179.0,40607.0,37472.0,31053018153.386673,725434540422.046,-0.04936498467854532,0.0,time,5.0,-0.0008,0.0246
2022-04-27,38134.0,38595.0,39390.0,36902.0,28170490245.865635,746473028158.29,0.010837108170640302,0.0,time,5.0,-0.0146,0.024
2022-04-28,39224.0,39328.0,40184.0,37265.0,31484572271.03238,756090806420.8264,0.01881399898180703,0.0,lower,5.0,-0.0546,0.0239
2022-04-29,39742.0,38292.0,39847.0,37743.0,27758348826.409065,735829877665.6912,-0.0266957362995176,1.0,time,5.0,0.0293,0.0239
2022-04-30,38651.0,38279.0,38756.0,37628.0,20955789685.355682,719611115951.2947,-0.00033955414255800907,0.0,lower,5.0,-0.0632,0.0228
2022-05-01,37821.0,38148.0,38582.0,37070.0,24857664487.014507,733294957352.5364,-0.0034281112248827892,0.0,lower,4.0,-0.0598,0.0217
2022-05-02,38538.0,38034.0,39037.0,37693.0,29825308569.42226,733787526677.6703,-0.0029928351865816287,0.0,lower,3.0,-0.0568,0.0206
2022-05-03,38562.0,37240.0,38600.0,36933.0,23070122642.32804,718542028695.8999,-0.02109704412121798,1.0,upper,1.0,0.0571,0.0202
2022-05-04,37758.0,39429.0,39875.0,37024.0,31748901527.20592,755764276888.7715,0.057118133759114564,0.0,lower,1.0,-0.0928,0.0271
2022-05-05,39699.0,35933.0,39798.0,35654.0,37402043365.58407,696020943881.887,-0.09284549284206794,0.0,lower,4.0,-0.1415,0.038
2022-05-06,36612.0,35915.0,36612.0,35362.0,32223287014.454002,687093350325.4445,-0.0005010577991478987,0.0,lower,3.0,-0.141,0.0362
2022-05-07,36076.0,35371.0,36128.0,34693.0,19130720394.98043,678702448510.6605,-0.015262760161680098,0.0,lower,2.0,-0.1257,0.0345
2022-05-08,35558.0,33889.0,35558.0,33616.0,30810576501.52256,648514321641.9902,-0.04280179741074289,0.0,lower,1.0,-0.0829,0.0344
2022-05-09,34070.0,31193.0,34181.0,30404.0,58369928594.32748,576197842487.6378,-0.08289676728550403,0.0,lower,2.0,-0.0996,0.0391
2022-05-10,31169.0,30704.0,32375.0,29897.0,54071363210.08785,590644412746.6844,-0.015800771403493726,0.0,lower,1.0,-0.0838,0.0372
2022-05-11,31027.0,28237.0,31949.0,27805.0,65985702701.50493,549294001873.1765,-0.0837597645779702,1.0,upper,4.0,0.0972,0.0405
2022-05-12,29132.0,28972.0,29955.0,26379.0,61338080283.57989,555266177876.6213,0.025696671645705625,1.0,time,5.0,0.0334,0.0414
2022-05-13,29126.0,29585.0,30879.0,28677.0,71541696924.39926,558053182541.2809,0.020937629795577818,0.0,time,5.0,-0.0288,0.0412
2022-05-14,29363.0,29921.0,30077.0,28253.0,25759546763.688618,573777699744.01,0.011293098878994238,1.0,time,5.0,0.0073,0.0401
2022-05-15,30186.0,31121.0,31172.0,28619.0,22948123704.172672,596346266888.6597,0.039322257462356215,0.0,time,5.0,-0.0653,0.0413
2022-05-16,31319.0,29686.0,31319.0,28817.0,28418179221.125336,569801943005.2971,-0.047207278267434725,0.0,time,5.0,-0.013,0.041
2022-05-17,29924.0,29956.0,30684.0,29245.0,24964703223.57502,581272773175.8237,0.009054084184547404,1.0,time,5.0,0.0074,0.0395
2022-05-18,30502.0,28744.0,30535.0,28392.0,26219431165.241817,547927169401.20306,-0.04130058857590306,1.0,time,5.0,0.0312,0.0387
2022-05-19,28772.0,30139.0,30472.0,28018.0,29190056577.430664,578678245847.8763,0.04739096433638129,0.0,time,5.0,-0.0186,0.0411
2022-05-20,30289.0,29153.0,30498.0,28307.0,25980877919.56809,557201657280.7389,-0.03326219069460829,1.0,time,5.0,0.0066,0.0399
2022-05-21,29257.0,29302.0,29587.0,28606.0,13561006428.368963,561696351558.8424,0.00509794962613069,0.0,time,5.0,-0.0226,0.0382
2022-05-22,29492.0,30178.0,30342.0,28762.0,17199930154.801018,578090387085.146,0.029457409012338332,0.0,time,5.0,-0.0368,0.0381
2022-05-24,29396.0,29655.0,29785.0,28716.0,23486436836.56051,564885248021.9939,-0.017482436800769722,0.0,time,5.0,-0.0055,0.0364
2022-05-25,29647.0,29585.0,30173.0,29399.0,23108764916.206596,563577022957.9133,-0.002363269162032516,1.0,upper,5.0,0.0703,0.0346
2022-05-26,29573.0,29347.0,29864.0,28412.0,31972044691.709656,559066076343.6685,-0.00807714972959198,1.0,upper,4.0,0.0784,0.033
2022-05-27,29349.0,28647.0,29353.0,28327.0,31756305901.005535,545752899521.8662,-0.02414160076289022,1.0,upper,3.0,0.1026,0.0318
2022-05-28,28646.0,29088.0,29132.0,28606.0,15406515372.711676,554938694217.2793,0.015276992358893262,1.0,upper,2.0,0.0873,0.031
2022-05-29,29082.0,29493.0,29520.0,28907.0,14496111397.934435,561771345708.952,0.013827229057828582,1.0,upper,1.0,0.0735,0.0301
2022-05-30,29497.0,31741.0,31879.0,29354.0,34891305294.623,604926607440.7722,0.07345627353520033,0.0,time,5.0,-0.0607,0.0368
2022-05-31,31737.0,31866.0,32227.0,31319.0,29770567353.488136,607393396318.7885,0.003930390080219918,0.0,time,5.0,-0.0631,0.035
2022-06-01,31814.0,29833.0,31982.0,29441.0,35553330791.53566,569001624438.0176,-0.06592444730239518,1.0,time,5.0,0.0503,0.0394
2022-06-02,29822.0,30481.0,30624.0,29667.0,24232399986.261147,580863150152.0535,0.021488375313289954,1.0,time,5.0,0.0254,0.0382
2022-06-03,30447.0,29714.0,30636.0,29400.0,21997859590.66833,566275595800.1772,-0.025485223464050726,1.0,time,5.0,0.0172,0.0371
2022-06-04,29704.0,29872.0,29941.0,29518.0,12911383481.843807,568340135127.331,0.005303271584205521,1.0,time,5.0,0.0076,0.0354
2022-06-05,29858.0,29918.0,30134.0,29610.0,13395229055.412352,570209935092.4275,0.0015387191529024728,0.0,time,5.0,-0.0277,0.0337
2022-06-06,29919.0,31373.0,31680.0,29919.0,27644798123.298183,597966736176.5532,0.047487344447958414,0.0,lower,4.0,-0.0752,0.0353
2022-06-07,31343.0,31265.0,31523.0,29315.0,36111325508.04181,597205650752.5386,-0.0034483893809662985,0.0,lower,3.0,-0.0717,0.0336
2022-06-08,31233.0,30229.0,31263.0,29975.0,27080284928.564884,576238781341.3682,-0.033697532497171,0.0,lower,4.0,-0.1216,0.0338
2022-06-09,30234.0,30101.0,30610.0,29981.0,18871591862.340336,573819802894.6453,-0.004243334727756188,0.0,lower,3.0,-0.1174,0.0321
2022-06-10,30097.0,29101.0,30266.0,28943.0,25663085729.428833,554622874799.0432,-0.03378585594615656,0.0,lower,2.0,-0.0836,0.0321
2022-06-11,29100.0,28374.0,29406.0,28314.0,22518366769.839092,540789214973.6274,-0.025299304958383804,0.0,lower,2.0,-0.2308,0.0311
2022-06-12,28432.0,26767.0,28552.0,26767.0,29834061115.62461,514202090511.0678,-0.05830344738260464,0.0,lower,1.0,-0.1725,0.0335
2022-06-13,26628.0,22526.0,26795.0,22113.0,64852526179.382835,429492202561.014,-0.17249958788168432,0.0,lower,5.0,-0.1677,0.058
2022-06-14,22501.0,22245.0,23014.0,21047.0,47639470967.891426,423044474596.5387,-0.012552933367499661,0.0,lower,4.0,-0.1552,0.0554
2022-06-15,22223.0,22529.0,22665.0,20193.0,52027211446.51121,429887916884.8431,0.012686103937000644,0.0,lower,3.0,-0.1679,0.0539
2022-06-16,22584.0,20409.0,22836.0,20283.0,27449277945.59262,389181727345.57733,-0.09882738816397241,1.0,time,5.0,0.0142,0.0563
2022-06-17,20378.0,20473.0,21238.0,20300.0,24232922585.240158,391441740414.39136,0.003130964839408074,0.0,time,5.0,-0.0242,0.0544
2022-06-18,20470.0,19047.42,20748.0,17677.43,38920632524.1614,362303884192.0101,-0.07217528554048436,1.0,time,5.0,0.1023,0.0536
2022-06-19,19032.4,20516.0,20710.0,18043.27,32488136325.883087,390555374756.5322,0.07427341019706481,1.0,time,5.0,0.0358,0.0599
2022-06-20,20553.0,20637.0,20903.0,19723.65,28346447996.779846,392793374515.9921,0.005880511684964813,1.0,time,5.0,0.0422,0.0576
2022-06-21,20620.0,20701.0,21660.0,20416.0,25340643362.789,395059669321.2376,0.003096427071229776,1.0,time,5.0,0.0169,0.0551
2022-06-22,20698.0,19983.57,20844.0,19821.82,24955466738.110855,381616262301.266,-0.03527157234526434,1.0,time,5.0,0.0377,0.0527
2022-06-23,19976.54,21100.0,21124.0,19976.54,23655104386.978516,402495826231.42053,0.0543626045440685,0.0,time,5.0,-0.0395,0.0547
2022-06-24,21099.0,21263.0,21452.0,20772.0,21955656695.748722,407086114490.3726,0.007695432542543651,0.0,time,5.0,-0.0558,0.0523
2022-06-25,21275.0,21526.0,21526.0,20972.0,16152442749.306295,410110791491.05475,0.012293033817542145,0.0,time,5.0,-0.0933,0.0502
2022-06-26,21506.0,21053.0,21782.0,21035.0,15392697878.417652,401645800330.4072,-0.02221843905368818,0.0,time,5.0,-0.0814,0.0479
2022-06-27,21055.0,20751.0,21481.0,20698.0,17719011287.9831,395914576106.05786,-0.01444862950186096,0.0,time,5.0,-0.0741,0.0456
2022-06-28,20759.0,20283.0,21195.0,20250.0,18161209601.432373,386606940573.39575,-0.022811341509906793,0.0,time,5.0,-0.0491,0.0436
2022-06-29,20271.0,20109.0,20392.0,19954.04,20744333507.35517,384067866465.5609,-0.008615620732720222,1.0,time,5.0,0.0073,0.0415
2022-06-30,20122.0,19608.4,20146.0,18782.75,22816515394.911003,365984224323.45276,-0.025209430189391313,1.0,time,5.0,0.0292,0.0397
2022-07-01,19627.97,19407.45,20537.0,19100.51,28756781114.699898,370916529918.7163,-0.01030103288374559,1.0,time,5.0,0.058,0.0378
2022-07-02,19314.61,19268.23,19381.38,19059.83,15601715000.679424,367706689137.568,-0.007199387383882534,1.0,upper,5.0,0.1171,0.036
2022-07-03,19261.55,19310.23,19548.78,19006.55,13976969844.332441,368549364135.05225,0.0021773817095586193,1.0,upper,4.0,0.1149,0.0344
2022-07-04,19317.45,20257.0,20281.0,19103.53,18634860046.37241,386425176262.77844,0.0478654055351999,1.0,upper,4.0,0.0761,0.0371
2022-07-05,20250.0,20189.0,20630.0,19359.81,23623270105.54542,385301783065.72974,-0.003362511203582525,1.0,upper,3.0,0.0795,0.0353
2022-07-06,20188.0,20567.0,20612.0,19798.69,21755499642.28282,392479833070.6018,0.01854994793923578,0.0,time,5.0,-0.028,0.0342
2022-07-07,20568.0,21661.0,21791.0,20297.0,21927087503.433758,414055638573.8548,0.05182555899151853,0.0,lower,4.0,-0.0799,0.0364
2022-07-08,21641.0,21859.0,22289.0,21251.0,46645398900.96298,417690286504.50726,0.009099327489024237,0.0,lower,3.0,-0.089,0.0347
2022-07-09,21767.0,21590.0,21889.0,21382.0,26211587451.783283,412459838738.2113,-0.012382491521149298,0.0,lower,2.0,-0.0766,0.0333
2022-07-10,21600.0,20860.0,21600.0,20710.0,25037950754.003357,398249545888.6735,-0.03439679495408958,0.0,lower,2.0,-0.0751,0.0336
2022-07-11,20867.0,19998.47,20867.0,19988.71,21319467248.801025,382000290322.39886,-0.04217767894490961,1.0,time,5.0,0.058,0.0342
2022-07-12,19961.63,19350.74,20051.0,19350.74,22074971578.2899,370191767290.5106,-0.032925108989109914,1.0,upper,3.0,0.072,0.0336
2022-07-13,19367.81,20225.0,20356.0,19044.67,28560004360.902916,385462566548.9708,0.044188801305948405,1.0,upper,5.0,0.1019,0.0356
2022-07-14,20271.0,20575.0,20752.0,19707.7,28732413536.669937,393104346702.71136,0.01715728361857813,1.0,upper,4.0,0.0848,0.0344
2022-07-15,20595.0,20795.0,21148.0,20392.0,46542248374.33238,397285233065.65533,0.010635826631741594,1.0,upper,3.0,0.0741,0.0329
2022-07-16,20844.0,21193.0,21475.0,20523.0,42051101694.797554,404705642580.89075,0.018958365279561965,1.0,upper,3.0,0.0977,0.0318
2022-07-17,21176.0,20824.0,21576.0,20815.0,29615794461.49923,397660610560.5498,-0.01756477078217274,1.0,upper,1.0,0.0727,0.0308
2022-07-18,20803.0,22395.0,22459.0,20803.0,58636734705.48306,425756736660.6174,0.07273155196699921,1.0,time,5.0,0.0049,0.0366
2022-07-19,22441.0,23367.0,23655.0,21746.0,57338223361.51413,445889013251.1064,0.042487050946657695,0.0,time,5.0,-0.0328,0.0364
2022-07-20,23359.0,23313.0,24189.0,22993.0,40775718993.79776,446130012149.91077,-0.002313625710706295,0.0,lower,5.0,-0.0889,0.0348
2022-07-21,23217.0,23155.0,23366.0,22465.0,63224249257.511284,442379611364.02734,-0.00680040496249961,0.0,lower,4.0,-0.0821,0.0335
2022-07-22,23142.0,22697.0,23668.0,22620.0,40304373301.41499,433485926857.3929,-0.019977982769382643,0.0,lower,4.0,-0.0665,0.0329
2022-07-23,22700.0,22506.0,22976.0,22048.0,42519262113.1533,429803379587.55133,-0.008450816835527288,1.0,time,5.0,0.0568,0.0316
2022-07-24,22484.0,22614.0,22967.0,22334.0,33108916659.05373,433819662321.5266,0.004787243185248051,0.0,lower,2.0,-0.0629,0.03
2022-07-25,22606.0,21330.0,22628.0,21330.0,42667548128.932236,407480099599.8142,-0.05845465102979416,1.0,upper,2.0,0.0714,0.0342
2022-07-26,21319.0,21236.0,21321.0,20772.0,53995620035.18145,405692421501.52716,-0.004416677761834127,1.0,upper,1.0,0.0758,0.0325
2022-07-27,21223.0,22909.0,23001.0,21071.0,54498281944.45157,437193517021.8447,0.07583199172978582,1.0,time,5.0,0.0184,0.0389
2022-07-28,22946.0,23822.0,24161.0,22749.0,55609627980.6571,454806622614.75885,0.03907967700749818,0.0,time,5.0,-0.0328,0.0384
2022-07-29,23849.0,23848.0,24163.0,23466.0,41089335195.63975,459609388579.5554,0.0010908329170612376,0.0,time,5.0,-0.0423,0.0365
2022-07-30,23858.0,23653.0,24605.0,23619.0,62102072346.807785,451726702392.36206,-0.008210399588304083,0.0,time,5.0,-0.0421,0.0351
2022-07-31,23644.0,23380.0,24082.0,23289.0,31786729326.443203,447051019373.1847,-0.01160900074354386,0.0,time,5.0,-0.0067,0.0338
2022-08-01,23345.0,23334.0,23467.0,22898.0,44489771146.510735,445958949620.3002,-0.0019694316422571388,0.0,time,5.0,-0.0151,0.0322
2022-08-02,23304.0,23054.0,23422.0,22729.0,35151096516.75639,440954684720.7478,-0.012072234222844458,1.0,time,5.0,0.0062,0.031
2022-08-03,23053.0,22860.0,23631.0,22774.0,41334593234.075066,437035641450.2815,-0.008450631812156268,1.0,time,5.0,0.0413,0.0297
2022-08-04,22853.0,22678.0,23212.0,22515.0,23624874220.429745,432420621055.8012,-0.007993366817016529,1.0,time,5.0,0.0229,0.0284
2022-08-05,22671.0,23225.0,23433.0,22658.0,27040190909.828075,443821669890.4801,0.023833993150254088,1.0,time,5.0,0.0307,0.0279
2022-08-06,23271.0,22985.0,23322.0,22985.0,14439694271.14074,439414782173.18774,-0.010387455441710868,1.0,time,5.0,0.0411,0.0268
2022-08-07,22981.0,23198.0,23341.0,22927.0,14324042469.270954,442979379284.1196,0.009224238801493269,1.0,time,5.0,0.051,0.0256
2022-08-08,23205.0,23824.0,24214.0,23202.0,27756736787.028625,455450642522.25543,0.02662740788196876,1.0,time,5.0,0.0253,0.0255
2022-08-09,23849.0,23204.0,23935.0,22961.0,29738069337.77638,443382534834.6949,-0.026368798337835255,1.0,time,5.0,0.0467,0.0259
2022-08-10,23119.0,23949.0,24206.0,22782.0,32215976525.650154,457270455537.3291,0.03160189172795371,1.0,time,5.0,0.0096,0.0263
2022-08-11,23956.0,23949.0,24931.0,23896.0,33892871243.716595,458070674127.7904,0.0,0.0,time,5.0,-0.0015,0.025
2022-08-12,23951.0,24411.0,24434.0,23674.0,25195193357.103275,466765701334.6809,0.019107281050858294,0.0,time,5.0,-0.0441,0.0242
2022-08-13,24402.0,24434.0,24883.0,24383.0,22240559959.522095,467078368768.6749,0.0009417545992382664,0.0,lower,5.0,-0.0498,0.0231
2022-08-14,24439.0,24313.0,24988.0,24239.0,21287616855.704494,464896345363.0234,-0.004964418261971876,0.0,lower,4.0,-0.0448,0.0222
2022-08-15,24366.0,24179.0,25093.0,23848.0,33404812507.80541,462437221425.1544,-0.005526698881422332,0.0,lower,4.0,-0.1435,0.0213
2022-08-16,24146.0,23913.0,24239.0,23724.0,24971300201.368164,456791042838.03827,-0.011062243724578058,0.0,lower,3.0,-0.1325,0.0207
2022-08-17,23898.0,23359.0,24439.0,23277.0,29567403252.00121,447015816173.3428,-0.023439895289345602,0.0,lower,2.0,-0.109,0.0211
2022-08-18,23373.0,23248.0,23591.0,23134.0,20228208349.156567,444845955425.38696,-0.004763241996623151,0.0,lower,1.0,-0.1043,0.0201
2022-08-19,23246.0,20946.0,23246.0,20925.0,35142410593.122185,400810425580.64777,-0.10427140947697312,1.0,time,5.0,0.0212,0.0365
2022-08-20,20849.0,21175.0,21354.0,20849.0,23809679190.922188,404924875533.8922,0.01087354318716417,1.0,time,5.0,0.0207,0.0353
2022-08-21,21157.0,21616.0,21665.0,21127.0,20476237108.351532,413578924865.8514,0.020612540679724945,0.0,time,5.0,-0.0642,0.0348
2022-08-22,21546.0,21388.0,21553.0,20961.0,28856912427.175735,408409110509.79584,-0.010603764131357885,0.0,time,5.0,-0.0636,0.0331
2022-08-23,21404.0,21562.0,21618.0,20955.0,29331102121.793316,412338357271.39594,0.008102489030441003,0.0,lower,4.0,-0.0717,0.0318
2022-08-24,21553.0,21395.0,21800.0,21211.0,26855905243.361156,409503007623.01685,-0.007775256248145978,0.0,lower,3.0,-0.0639,0.0302
2022-08-25,21393.0,21618.0,21768.0,21375.0,26767966536.315014,413843488595.5175,0.01036905112523105,0.0,lower,1.0,-0.0643,0.0291
2022-08-26,21599.0,20271.0,21817.0,20245.0,34910727805.04114,387215087166.7839,-0.064335007755864,0.0,time,5.0,-0.0123,0.0332
2022-08-27,20267.0,20070.0,20354.0,19882.2,24463219414.743473,383790676113.79205,-0.009965130429900448,1.0,time,5.0,0.0042,0.0316
2022-08-28,20054.0,19659.25,20150.0,19659.25,19781826309.451183,376180531070.6233,-0.020678197341823495,1.0,time,5.0,0.0143,0.0302
2022-08-29,19652.46,20309.0,20385.0,19617.3,28706315246.140064,389119405471.2333,0.03251617208454928,0.0,time,5.0,-0.0246,0.0315
2022-08-30,20322.0,19805.35,20526.0,19590.92,30308993725.456158,379555151404.602,-0.025112034328272578,1.0,time,5.0,0.0088,0.0305
2022-08-31,19810.93,20024.0,20426.0,19810.93,27825786159.855602,383348414528.78253,0.010979450906773127,0.0,time,5.0,-0.012,0.0296
2022-09-01,20021.0,20154.0,20188.0,19614.8,25616737335.88055,385027707310.6654,0.006471225728737506,0.0,lower,5.0,-0.0664,0.0284
2022-09-02,20141.0,19941.45,20428.0,19771.18,24078042298.340073,381788074511.76855,-0.010602299813891786,0.0,lower,4.0,-0.0558,0.0271
2022-09-03,19963.43,19814.56,20038.0,19673.17,20048153187.39969,379422449024.2574,-0.0063834590484135,0.0,time,5.0,-0.0251,0.0258
2022-09-04,19826.54,19980.01,20021.0,19649.22,21537524477.36904,382421043401.0045,0.00831525272487725,0.0,lower,2.0,-0.0577,0.0249
2022-09-05,19991.92,19785.73,19991.92,19657.12,23522961655.00036,378685143698.17633,-0.009771302925191457,0.0,lower,1.0,-0.0479,0.0237
2022-09-06,19774.58,18859.5,20089.0,18821.25,39940310406.47586,361210437263.86273,-0.047944205076382605,1.0,upper,3.0,0.1245,0.026
2022-09-07,18845.69,19280.63,19479.03,18644.13,30517907004.082462,369340091982.8708,0.022084199277878604,1.0,upper,2.0,0.1024,0.0265
2022-09-08,19356.29,19322.78,19386.38,19058.51,28936941008.358917,369723445425.44885,0.0021837457753196067,1.0,upper,1.0,0.1002,0.0253
2022-09-09,19315.37,21360.0,21566.0,19315.23,42487059054.97593,408976281844.7646,0.1002353033195873,0.0,time,5.0,-0.0531,0.0399
2022-09-10,21373.0,21707.0,21753.0,21182.0,35941349745.24438,415974687298.0947,0.01611477508163107,0.0,lower,5.0,-0.0969,0.0381
2022-09-11,21715.0,21740.0,21785.0,21414.0,31266252145.35619,416073628622.09485,0.00151909251943822,0.0,lower,2.0,-0.0742,0.0362
2022-09-12,21742.0,22340.0,22448.0,21578.0,44006486689.44507,427473787888.3761,0.02722491194799125,0.0,lower,1.0,-0.1014,0.0351
2022-09-13,22339.0,20185.0,22654.0,20071.0,46489890914.82466,386529657258.8565,-0.10143903933615048,0.0,time,5.0,-0.0378,0.0468
2022-09-14,20178.0,20256.0,20418.0,19801.17,35789015870.392235,387486232249.80023,0.0035112916568615453,0.0,time,5.0,-0.0344,0.0446
2022-09-15,20239.0,19702.17,20338.0,19620.13,33715957206.68328,377719382182.44714,-0.027722263999876335,0.0,time,5.0,-0.0432,0.0431
2022-09-16,19706.12,19764.41,19879.28,19414.75,30187737709.58007,377988702161.6817,0.0031540635949485196,0.0,time,5.0,-0.064,0.041
2022-09-17,19763.99,20132.0,20189.0,19763.99,23394494073.784782,385486747327.04944,0.01842774335727571,0.0,lower,4.0,-0.0824,0.0396
2022-09-18,20130.0,19437.16,20130.0,19361.11,28689764413.699097,372598380208.27094,-0.03512389108906156,0.0,time,5.0,-0.0075,0.039
2022-09-19,19440.93,19570.39,19612.26,18421.2,39507938864.87854,374524246937.4287,0.006831011846295266,0.0,time,5.0,-0.0327,0.0373
2022-09-20,19546.41,18869.93,19601.4,18830.92,33890591849.676514,361980678159.1343,-0.03644805988971381,0.0,time,5.0,-0.0032,0.0368
2022-09-21,18874.85,18539.64,19721.93,18262.09,41059997264.96848,355194467885.9514,-0.017658507308174146,1.0,time,5.0,0.036,0.0351
2022-09-22,18527.8,19464.32,19464.32,18422.41,37660914389.8923,372075639498.16974,0.04867190348091941,0.0,time,5.0,-0.018,0.0375
2022-09-23,19447.84,19291.9,19475.03,18641.21,35506139423.901344,370913140447.51636,-0.008897727256836987,1.0,time,5.0,0.0079,0.0357
2022-09-24,19309.22,18939.97,19316.53,18874.73,24644354421.61794,363168779956.3335,-0.0184108148901775,1.0,time,5.0,0.0324,0.0343
2022-09-25,18936.7,18809.41,19142.43,18747.85,21516374222.675316,360256894978.40894,-0.006917227280881889,1.0,time,5.0,0.0349,0.0326
2022-09-26,18787.31,19219.73,19274.62,18708.63,42560193944.41844,367613056759.2221,0.021580079050186395,1.0,time,5.0,0.0049,0.032
2022-09-27,19200.81,19116.33,20339.0,18902.66,52482615483.86207,366383164263.7157,-0.0053944119840236854,0.0,time,5.0,-0.0027,0.0305
2022-09-28,19114.9,19444.79,19704.08,18482.46,47494258189.70422,372892084645.0075,0.017036224265311,1.0,time,5.0,0.009,0.0296
2022-09-29,19443.69,19563.77,19625.8,18963.35,37537716230.48356,374830625219.6003,0.0061002184629911195,1.0,time,5.0,0.0392,0.0282
2022-09-30,19563.78,19476.93,20184.0,19251.33,37848666330.67224,373222100680.7475,-0.004448698062289074,1.0,time,5.0,0.0346,0.0269
2022-10-01,19467.93,19314.46,19488.42,19238.33,15943514602.722155,370204708063.3375,-0.008376650077181814,1.0,upper,3.0,0.052,0.0257
2022-10-02,19316.66,19065.15,19377.21,18928.73,17859684587.64641,366195863790.6755,-0.012991977082286672,1.0,upper,2.0,0.065,0.0247
2022-10-03,19077.04,19620.57,19646.91,19056.01,26634227151.925247,375767908259.0832,0.028716444603794133,0.0,time,5.0,-0.0104,0.0253
2022-10-04,19619.67,20345.0,20383.0,19521.07,30974520027.944332,390177741507.47705,0.03625667575066952,0.0,time,5.0,-0.0451,0.0263
2022-10-05,20344.0,20162.0,20346.0,19785.21,29366342083.101757,386368899196.38165,-0.009035536821903459,0.0,lower,5.0,-0.0519,0.0254
2022-10-06,20157.0,19949.05,20421.0,19886.08,31354758329.142307,382505641462.15643,-0.01061812147731923,0.0,time,5.0,-0.0457,0.0245
2022-10-07,19952.43,19457.31,20044.0,19373.8,25445042398.337975,373170861484.13965,-0.024958688222858277,0.0,time,5.0,-0.0158,0.0246
2022-10-08,19494.51,19418.04,19533.5,19280.34,12996183216.30484,372391945609.07526,-0.002020304041359245,0.0,time,5.0,-0.0018,0.0234
2022-10-09,19419.4,19448.15,19559.84,19357.56,14404623229.04686,372264710552.3351,0.0015494189692250887,0.0,time,5.0,-0.0129,0.0223
2022-10-10,19448.94,19142.69,19517.27,19094.26,23743487600.53748,367207056773.2261,-0.01583103034524213,0.0,time,5.0,-0.0037,0.0216
2022-10-11,19137.01,19058.63,19228.69,18969.08,25102717820.99086,365118514776.26794,-0.004400902150625745,1.0,time,5.0,0.0112,0.0206
2022-10-12,19060.7,19153.04,19211.19,19033.02,22339104401.384174,367301644901.367,0.00494143240044752,1.0,time,5.0,0.0209,0.0197
2022-10-13,19152.89,19383.94,19478.17,18317.03,37194496437.923996,371647189087.47595,0.01198343840905636,0.0,time,5.0,-0.0019,0.0192
2022-10-14,19381.6,19198.11,19880.56,19115.85,34806651159.13548,367584653730.75476,-0.009633051484626832,0.0,time,5.0,-0.0033,0.0185
2022-10-15,19194.64,19072.78,19207.45,19030.3,13103099352.405506,365870425566.52997,-0.006549648990787397,0.0,time,5.0,-0.0022,0.0176
2022-10-16,19077.79,19272.92,19342.2,19077.79,15683330320.159586,369552982160.53754,0.010438814125982326,0.0,time,5.0,-0.0052,0.0172
2022-10-17,19274.21,19557.9,19614.89,19161.27,23713928577.519844,375052275829.7958,0.014678295056130813,0.0,time,5.0,-0.0183,0.017
2022-10-18,19563.59,19348.03,19669.88,19092.9,25848175158.687187,371196833238.99286,-0.010788691372378223,1.0,time,5.0,0.0117,0.0165
2022-10-19,19330.46,19134.24,19335.22,19099.34,23047051893.294765,367085331987.69183,-0.0111112052131189,1.0,time,5.0,0.0095,0.0161
2022-10-20,19130.74,19031.16,19324.57,18951.94,25712511231.935688,365098952754.63934,-0.005401764459326958,1.0,upper,5.0,0.0544,0.0153
2022-10-21,19068.87,19173.28,19238.22,18730.04,30297335038.197,367999082249.1525,0.007440007264695348,1.0,upper,4.0,0.047,0.0148
2022-10-22,19171.05,19203.87,19237.19,19120.99,13362526957.65784,368484939423.55475,0.001594178123099981,1.0,upper,3.0,0.0454,0.0141
2022-10-23,19207.76,19574.82,19634.72,19125.34,19928822961.41621,375197423662.3941,0.01913222520954566,1.0,upper,3.0,0.0595,0.0147
2022-10-24,19560.98,19316.94,19564.11,19201.35,28657172008.9177,370622833880.7626,-0.01326161528532925,1.0,upper,1.0,0.0395,0.0146
2022-10-25,19321.01,20095.0,20353.0,19255.73,39846253138.59686,385476931983.84595,0.039488596754203686,1.0,time,5.0,0.026,0.0183
2022-10-26,20096.0,20774.0,20955.0,20085.0,50667020407.51415,398674628646.93066,0.033231176904455276,0.0,time,5.0,-0.0135,0.0196
2022-10-27,20781.0,20278.0,20876.0,20261.0,41829789298.17936,389238872375.6226,-0.024165650275231577,1.0,time,5.0,0.0104,0.0208
2022-10-28,20282.0,20591.0,20716.0,20095.0,36165609164.5681,395201306734.5831,0.015317532595621583,0.0,time,5.0,-0.021,0.0201
2022-10-29,20585.0,20801.0,20946.0,20575.0,32806216910.570454,399135164712.3964,0.010146975348681435,0.0,time,5.0,-0.0288,0.0192
2022-10-30,20818.0,20624.0,20908.0,20542.0,24707906148.749344,395548335410.141,-0.008545616277859401,1.0,time,5.0,0.0252,0.0187
2022-10-31,20624.0,20495.0,20800.0,20262.0,37290619694.72375,393311097043.5727,-0.006274492240530732,1.0,upper,5.0,0.0377,0.0181
2022-11-01,20493.0,20490.0,20645.0,20285.0,32262771910.727066,393218202887.5868,-0.0002439917054925371,1.0,upper,4.0,0.038,0.0172
2022-11-02,20489.0,20163.0,20705.0,20065.0,44539856162.44828,387015867490.0914,-0.01608772059486986,1.0,upper,2.0,0.0478,0.0173
2022-11-03,20161.0,20211.0,20388.0,20091.0,36562782563.979164,387756249891.6283,0.002377768990693913,1.0,upper,1.0,0.0454,0.0165
2022-11-04,20206.0,21150.0,21241.0,20206.0,33773463079.332672,405987599945.2726,0.04541289484565445,0.0,lower,4.0,-0.1305,0.0206
2022-11-05,21147.0,21283.0,21454.0,21124.0,31061573100.604958,408892506459.0742,0.006268726488379846,0.0,lower,3.0,-0.1368,0.0196
2022-11-06,21280.0,20907.0,21337.0,20907.0,50602704770.812515,401869336200.07385,-0.017824600856175276,0.0,lower,2.0,-0.1189,0.0199
2022-11-07,20922.0,20598.0,21017.0,20433.0,91750982446.38734,395168506455.3059,-0.014890047420881423,0.0,lower,1.0,-0.1041,0.0197
2022-11-08,20600.0,18562.35,20671.0,17579.02,92144963385.0274,356871594631.61395,-0.10405864798142236,0.0,lower,1.0,-0.1648,0.0369
2022-11-09,18579.39,15742.44,18749.92,15663.49,74978675390.59279,301963847693.52637,-0.16477508568742277,1.0,time,5.0,0.0558,0.0587
2022-11-10,15920.79,17594.92,18106.79,15835.92,65200666543.364624,336597208099.6668,0.11124997398221241,0.0,time,5.0,-0.0409,0.069
2022-11-11,17602.79,17080.22,17624.47,16569.89,45030331310.74984,325921112619.09045,-0.029689155177446132,0.0,time,5.0,-0.0231,0.0659
2022-11-12,17088.94,16797.99,17101.87,16640.26,21893997140.860477,322330608513.1628,-0.01666183244523814,0.0,time,5.0,-0.0048,0.0627
2022-11-13,16794.65,16344.34,16915.46,16312.86,20411619109.007805,313605586517.2854,-0.02737757635427889,1.0,time,5.0,0.0219,0.0598
2022-11-14,16335.29,16645.83,17176.32,15906.19,37539226046.106285,320598982524.9025,0.01827807456803692,1.0,time,5.0,0.004,0.0577
2022-11-15,16632.61,16890.53,17171.27,16573.54,28676275678.9418,324608360619.00433,0.01459337523383673,0.0,time,5.0,-0.0353,0.0554
2022-11-16,16901.94,16689.4,16997.06,16437.01,26922027947.408913,320099234744.2721,-0.011979322484809997,0.0,time,5.0,-0.0539,0.0527
2022-11-17,16677.87,16718.36,16732.97,16417.31,22011291267.356167,321287480849.7667,0.0017337293643175822,0.0,time,5.0,-0.0332,0.0503
2022-11-18,16711.92,16707.02,16994.52,16581.98,20942172141.414623,320876918352.4405,-0.00067852634345979,0.0,time,5.0,-0.0059,0.0479
2022-11-19,16705.26,16712.73,16794.94,16558.64,10844466289.901127,321151208473.7581,0.00034171410950487155,0.0,time,5.0,-0.007,0.0456
2022-11-20,16711.87,16304.08,16746.26,16254.32,15680401749.958439,313370674122.3842,-0.024755321247764955,1.0,time,5.0,0.0134,0.0437
2022-11-21,16298.41,15814.34,16299.24,15649.4,31057277097.34788,303834128504.1595,-0.030498259885295455,1.0,time,5.0,0.0398,0.0421
2022-11-22,15794.33,16171.63,16269.92,15686.55,25091849198.571053,311463297390.4882,0.022341349112204898,1.0,time,5.0,0.0176,0.0412
2022-11-23,16225.09,16608.01,16632.65,16191.07,26858079944.170044,319494112507.07404,0.026626636636172478,0.0,time,5.0,-0.0235,0.0405
2022-11-24,16633.46,16596.04,16769.37,16484.24,20949512927.386944,318949911014.53784,-0.0007209964157103201,0.0,time,5.0,-0.0093,0.0386
2022-11-25,16605.8,16524.45,16613.15,16400.96,18933018587.76629,317919884011.3825,-0.0043230104078748775,1.0,time,5.0,0.0393,0.0367
2022-11-26,16521.13,16456.16,16670.75,16423.19,18243019109.753235,316206865319.883,-0.00414122707835962,1.0,time,5.0,0.0309,0.0349
2022-11-27,16465.29,16459.15,16600.08,16431.98,16551822516.185429,316487666895.4407,0.00018167837448451586,1.0,time,5.0,0.0373,0.0332
2022-11-28,16456.69,16222.21,16482.04,16065.43,24566056814.212288,311810991501.448,-0.014500262628121183,1.0,time,5.0,0.0423,0.0318
2022-11-29,16222.5,16441.98,16541.11,16157.9,24663035431.352062,316170903326.0224,0.013456529384994123,1.0,time,5.0,0.0422,0.0307
2022-11-30,16446.88,17186.5,17227.39,16442.29,30676053555.32337,330763402606.7043,0.04428637158381067,0.0,time,5.0,-0.0125,0.0325
2022-12-01,17224.41,16972.73,17249.92,16901.02,23319572025.36399,326141917292.63745,-0.012516253481095285,1.0,time,5.0,0.0066,0.0312
2022-12-02,16978.82,17084.87,17128.66,16867.76,20945433171.615204,328178365692.1309,0.006585338089666317,0.0,time,5.0,-0.0138,0.0297
2022-12-03,17146.57,16923.38,17149.34,16880.81,16931408153.950111,326498242602.6305,-0.009497178703183513,1.0,time,5.0,0.0182,0.0284
2022-12-04,16914.49,17149.93,17190.71,16914.49,18214353301.13762,329544949093.6664,0.01329799414959786,0.0,time,5.0,-0.0,0.0273
2022-12-05,17133.31,16973.37,17414.42,16906.82,23204017213.929634,326635737516.3175,-0.010348446700828613,1.0,time,5.0,0.0089,0.0262
2022-12-06,16973.12,17085.64,17085.64,16928.86,21026126511.19885,328108161816.87274,0.006592699355541853,1.0,time,5.0,0.0009,0.025
2022-12-07,17076.34,16851.3,17114.69,16750.0,21192130005.603653,324178677956.7833,-0.013810539468008221,1.0,time,5.0,0.0193,0.0242
2022-12-08,16849.19,17235.01,17291.85,16799.07,22674029585.253864,331389860355.59094,0.022514975025668574,1.0,time,5.0,0.0314,0.0241
2022-12-09,17226.04,17149.82,17309.57,17085.83,23179829829.170135,329756788298.6587,-0.004955102253292429,1.0,time,5.0,0.0377,0.023
2022-12-10,17138.35,17125.36,17227.56,17107.75,14234368489.844261,329283186564.5152,-0.0014272721049050062,1.0,time,5.0,0.0124,0.0219
2022-12-11,17121.26,17101.04,17256.59,17098.26,15681124918.738192,328868814164.99066,-0.0014211254524606812,0.0,time,5.0,-0.0283,0.0208
2022-12-12,17030.47,17179.6,17208.04,16869.54,21633829199.489113,330715694645.24335,0.004583353025299094,0.0,time,5.0,-0.022,0.0198
2022-12-13,17213.99,17784.16,17942.24,17123.75,28941242217.591747,342102502914.68976,0.03458554007454561,0.0,lower,3.0,-0.0675,0.0214
2022-12-14,17777.46,17808.72,18323.21,17659.08,27267536668.811485,342692750075.4062,0.0013800515101876683,0.0,lower,2.0,-0.0689,0.0204
2022-12-15,17819.98,17338.36,17849.89,17302.46,22754686787.817104,333854506370.7365,-0.026766837111268177,0.0,lower,4.0,-0.0543,0.0215
2022-12-16,17339.04,16623.76,17516.95,16562.31,22250411214.773224,318992400741.96515,-0.04208839057740204,1.0,time,5.0,0.0115,0.0242
2022-12-17,16650.25,16806.49,16806.49,16600.36,15086383815.776106,323096167353.6004,0.01093212404066655,1.0,time,5.0,0.0011,0.0234
2022-12-18,16783.53,16742.82,16824.07,16685.01,11134054723.147482,322740705484.67255,-0.0037956116796061252,1.0,time,5.0,0.0029,0.0223
2022-12-19,16752.11,16422.56,16801.16,16382.07,17719672544.8918,316270478163.65466,-0.019313510353158668,1.0,time,5.0,0.0256,0.0218
2022-12-20,16454.22,16899.33,17026.84,16423.49,24938219697.886032,325120443529.51874,0.028617976870785593,0.0,time,5.0,-0.0034,0.0229
2022-12-21,16916.07,16816.85,16937.02,16751.23,16062767787.358068,323127932459.19025,-0.004892616217595443,1.0,time,5.0,0.0049,0.0218
2022-12-22,16822.64,16824.79,16882.23,16599.91,17847826941.681046,323519254392.6745,0.00047203407131364355,0.0,time,5.0,-0.0073,0.0208
2022-12-23,16830.39,16791.46,16914.54,16782.06,16765392449.950893,323013370317.24255,-0.0019829701957598585,0.0,time,5.0,-0.0152,0.0198
2022-12-24,16793.8,16848.57,16865.73,16793.8,10169853734.117493,324072643385.91296,0.0033953628974761267,0.0,time,5.0,-0.0122,0.0188
2022-12-25,16844.14,16842.18,16868.7,16715.0,12574453968.75801,323868581953.1157,-0.00037933261067935644,0.0,time,5.0,-0.0142,0.0179
2022-12-26,16842.72,16900.08,16919.55,16813.52,12574997282.039291,325036912914.6697,0.0034319015281483374,0.0,time,5.0,-0.0215,0.0171
2022-12-27,16895.75,16701.84,16961.42,16642.16,17436062121.5136,321351469136.8621,-0.011799462651537253,0.0,time,5.0,-0.0052,0.0166
2022-12-28,16699.69,16538.91,16795.7,16492.51,19113614755.874695,318288869204.81464,-0.009803106416541058,1.0,time,5.0,0.0082,0.016
2022-12-29,16541.38,16644.38,16671.55,16511.43,15683731676.998154,320297298175.87695,0.006356835332742565,1.0,time,5.0,0.002,0.0155
2022-12-30,16646.17,16604.02,16646.66,16421.76,17497327983.349342,319722045805.09534,-0.0024277871912027175,1.0,time,5.0,0.015,0.0147
2022-12-31,16609.13,16540.69,16634.52,16507.59,12013247678.029587,318278329991.7019,-0.003821428944105957,1.0,time,5.0,0.0175,0.014
2023-01-01,16542.46,16615.97,16621.71,16512.1,9799252684.089952,319832024054.6308,0.004540875308505646,1.0,time,5.0,0.0205,0.0134
2023-01-02,16619.07,16674.34,16759.71,16554.8,13023861027.769472,321486454934.26776,0.003506729724979496,1.0,time,5.0,0.0164,0.0129
2023-01-03,16671.68,16677.65,16759.22,16625.15,15367167883.495031,321080820418.18396,0.00019848890641122708,1.0,time,5.0,0.0235,0.0122
2023-01-04,16676.36,16855.17,16972.97,16658.53,20836560771.723633,324397588037.39484,0.010587934948158873,1.0,time,5.0,0.02,0.0121
2023-01-05,16859.82,16832.1,16872.54,16781.94,14919039445.106901,324138957221.0557,-0.001369657060755164,1.0,upper,5.0,0.0353,0.0115
2023-01-06,16831.56,16960.23,17021.29,16710.14,19046576249.728558,326571439011.6566,0.007583413990267725,1.0,upper,4.0,0.0277,0.0112
2023-01-07,16957.16,16950.86,16987.41,16914.33,9594456673.448975,326371741274.41095,-0.0005526215900731804,1.0,upper,3.0,0.0283,0.0107
2023-01-08,16952.25,17074.62,17074.62,16923.76,11841041542.993702,328470896861.37854,0.007274580448309574,1.0,upper,2.0,0.021,0.0103
2023-01-09,17144.93,17194.91,17390.34,17119.13,25532751567.198166,331158152699.25574,0.007020259340063204,1.0,upper,2.0,0.0456,0.0099
2023-01-10,17191.95,17436.9,17489.9,17180.42,21858206845.29233,335743942932.3494,0.01397524059658704,1.0,upper,1.0,0.0316,0.0101
2023-01-11,17440.38,17996.83,17996.83,17339.76,25439279072.98185,345688973386.69006,0.03160698088822655,1.0,upper,1.0,0.0472,0.0129
2023-01-12,17987.02,18866.81,18989.18,17912.99,48025109150.17737,363381125082.7658,0.04720866240964302,1.0,upper,1.0,0.0554,0.0175
2023-01-13,18865.26,19941.78,19980.93,18769.89,39514419053.17687,382675302196.4898,0.055412734667655054,1.0,upper,1.0,0.0526,0.0216
2023-01-14,19935.7,21019.0,21095.0,19935.7,49498711311.53301,405209898132.0056,0.052609762224873756,1.0,time,5.0,0.003,0.0236
2023-01-15,20923.0,20853.0,21094.0,20586.0,23072133987.553684,401697403586.5178,-0.007928967791384372,1.0,upper,5.0,0.0851,0.0237
2023-01-16,20906.0,21175.0,21446.0,20512.0,34809391745.54498,407760358639.0028,0.01532341775165955,1.0,upper,4.0,0.0698,0.0225
2023-01-17,21167.0,21157.0,21396.0,20973.0,33278841336.508595,407405144842.9396,-0.0008504205369376332,1.0,upper,3.0,0.0707,0.022
2023-01-18,21133.0,20727.0,21576.0,20533.0,40612056908.80891,399349603616.14526,-0.020533621826412923,1.0,upper,2.0,0.0912,0.0233
2023-01-19,20721.0,21082.0,21189.0,20689.0,29144534677.57505,406258441952.3726,0.016982397658229845,1.0,upper,1.0,0.0742,0.0223
2023-01-20,21090.0,22706.0,22706.0,20918.0,41321936668.62795,436724993652.4275,0.07420961090934454,1.0,time,5.0,0.0207,0.0285
2023-01-21,22654.0,22771.0,23329.0,22537.0,44077026803.66082,438578588179.0604,0.0028585898041857912,1.0,time,5.0,0.0111,0.0274
2023-01-22,22768.0,22737.0,23084.0,22399.0,34124364415.43915,438060367560.3554,-0.001494243048525914,1.0,time,5.0,0.0151,0.0266
2023-01-23,22690.0,22985.0,23165.0,22665.0,36750647385.65293,442926343072.59235,0.010848275760189631,1.0,time,5.0,0.0016,0.0253
2023-01-24,22912.0,22610.0,23164.0,22595.0,35621897292.95152,435679436196.35767,-0.016449542968312834,1.0,time,5.0,0.0512,0.0257
2023-01-25,22630.0,23180.0,23501.0,22317.0,42772537174.72366,446715261348.7517,0.024897551621727087,0.0,time,5.0,-0.0148,0.0248
2023-01-26,23074.0,23025.0,23262.0,22914.0,37099702812.22777,444005849172.13904,-0.006709255770235083,1.0,time,5.0,0.0049,0.0243
2023-01-27,23038.0,23083.0,23420.0,22638.0,36109035905.258965,444898315874.05536,0.0025158337204905573,1.0,time,5.0,0.0274,0.0233
2023-01-28,23085.0,23022.0,23165.0,22920.0,19567219823.87809,443702765526.11646,-0.002646135368990794,1.0,time,5.0,0.0223,0.0224
2023-01-29,23008.0,23797.0,23955.0,22997.0,38438621263.58117,458368002025.743,0.03310924181936877,0.0,time,5.0,-0.0146,0.0226
2023-01-30,23755.0,22840.0,23800.0,22672.0,38594596831.97205,439295730927.16473,-0.04104613752442956,1.0,time,5.0,0.0217,0.0266
2023-01-31,22846.0,23137.0,23225.0,22732.0,32683643418.329483,445991168199.3282,0.012919682937735549,0.0,time,5.0,-0.0083,0.0254
2023-02-01,23146.0,23725.0,23778.0,22697.0,37452064508.17389,457383099382.75,0.02509627677044657,0.0,time,5.0,-0.0404,0.0248
2023-02-02,23757.0,23540.0,24196.0,23520.0,44735297656.69828,453565018922.54517,-0.007828242663860898,0.0,time,5.0,-0.0105,0.024
2023-02-03,23520.0,23452.0,23770.0,23299.0,41267040610.76361,452312595756.25696,-0.003745322730162053,0.0,time,5.0,-0.0217,0.0231
2023-02-04,23438.0,23340.0,23539.0,23294.0,21063097082.257824,450197147854.798,-0.004787152243558729,0.0,lower,5.0,-0.0673,0.0222
2023-02-05,23340.0,22946.0,23411.0,22838.0,26678691424.549904,442933975658.56586,-0.017024997481458685,0.0,lower,4.0,-0.0503,0.0221
2023-02-06,22948.0,22786.0,23138.0,22692.0,33963650031.470352,438726385719.1618,-0.006997317101027189,0.0,lower,3.0,-0.0433,0.0212
2023-02-07,22803.0,23295.0,23610.0,22786.0,38850594358.69947,449391195299.20337,0.022092432992836024,0.0,lower,2.0,-0.0654,0.0211
2023-02-08,23259.0,22948.0,23372.0,22808.0,34247782005.793324,442518382691.65485,-0.015007958529135477,0.0,lower,1.0,-0.0504,0.0209
2023-02-09,22959.0,21821.0,23009.0,21696.0,51161546272.35185,420790678627.7739,-0.05035797787063278,1.0,time,5.0,0.0181,0.0253
2023-02-10,21810.0,21630.0,21959.0,21479.0,42389972640.44812,417351358181.0193,-0.008791568904024459,1.0,upper,5.0,0.1167,0.0242
2023-02-11,21644.0,21889.0,21906.0,21633.0,23574706405.838543,422107650473.77954,0.011902987566050162,1.0,upper,4.0,0.1048,0.0234
2023-02-12,21890.0,21780.0,22101.0,21691.0,25877166000.550278,420218240428.1313,-0.004992110026203132,1.0,upper,3.0,0.1098,0.0223
2023-02-13,21825.0,21808.0,21937.0,21471.0,36761909546.14395,420838871938.82733,0.0012847574493624963,1.0,upper,2.0,0.1085,0.0213
2023-02-14,21792.0,22220.0,22291.0,21609.0,45363697019.73754,428649056117.7321,0.01871590925730719,1.0,upper,1.0,0.0898,0.0212
2023-02-15,22168.0,24308.0,24315.0,22088.0,44336284482.19016,468820317786.9533,0.08981273006162485,1.0,time,5.0,0.0195,0.0337
2023-02-16,24323.0,23757.0,25230.0,23757.0,48144978044.45546,459293697174.9459,-0.02292829037672363,1.0,time,5.0,0.0274,0.0335
2023-02-17,23608.0,24629.0,24949.0,23340.0,54200707340.94142,475194230168.09973,0.03604738651860328,0.0,time,5.0,-0.0198,0.0331
2023-02-18,24624.0,24643.0,24780.0,24466.0,24900444765.27695,475529620771.9494,0.0005682740857590142,0.0,time,5.0,-0.0285,0.0316
2023-02-19,24636.0,24284.0,25113.0,24284.0,33664683478.33256,470798520570.0436,-0.014675187232559714,0.0,time,5.0,-0.0469,0.0308
2023-02-20,24302.0,24787.0,25038.0,23881.0,38997046274.497246,478236525469.6496,0.02050162491689245,0.0,lower,4.0,-0.0674,0.0296
2023-02-21,24791.0,24417.0,25193.0,24216.0,41991954878.4476,470623925511.17865,-0.01503971117206589,0.0,time,5.0,-0.0365,0.029
2023-02-22,24416.0,24146.0,24452.0,23634.0,40336608135.49699,465998918250.2451,-0.01116087610281837,0.0,time,5.0,-0.0264,0.028
2023-02-23,24167.0,23951.0,24632.0,23658.0,42356618035.349625,461042830140.0772,-0.008108658271486309,0.0,time,5.0,-0.0338,0.0268
2023-02-24,23964.0,23172.0,24043.0,22978.0,35081974267.07997,447316067422.04736,-0.0330654234043317,1.0,time,5.0,0.0197,0.0276
2023-02-25,23176.0,23157.0,23235.0,22876.0,22999909593.10942,447030240435.99854,-0.0006475425985511822,1.0,time,5.0,0.0132,0.0263
2023-02-26,23167.0,23541.0,23691.0,23075.0,24469102669.371048,454284528651.50226,0.016446471177619396,0.0,lower,5.0,-0.0512,0.0256
2023-02-27,23547.0,23518.0,23868.0,23174.0,28832423816.478718,454364917718.867,-0.0009774964122217858,0.0,lower,4.0,-0.0502,0.0243
2023-02-28,23483.0,23156.0,23552.0,23063.0,25534054046.06684,446010055987.85736,-0.015512159184465786,0.0,time,5.0,-0.0322,0.0236
2023-03-01,23147.0,23634.0,23884.0,23079.0,32507897259.084335,456417315966.7193,0.020432427000065534,0.0,lower,2.0,-0.0551,0.0234
2023-03-02,23622.0,23464.0,23693.0,23227.0,27432755758.440197,453067155320.8529,-0.0072190215416739565,0.0,lower,1.0,-0.0479,0.0224
2023-03-03,23469.0,22367.0,23488.0,22215.0,34239649135.070206,431727585101.1504,-0.04788067334701684,0.0,time,5.0,-0.0297,0.0257
2023-03-04,22362.0,22348.0,22465.0,22158.0,13392431931.930376,431837491811.49384,-0.000849826731230754,0.0,lower,5.0,-0.0924,0.0245
2023-03-05,22381.0,22422.0,22671.0,22267.0,16080097920.160833,433081135066.3954,0.0033057881344994103,0.0,lower,4.0,-0.0957,0.0234
2023-03-06,22433.0,22415.0,22576.0,22356.0,21124920006.057713,432758824798.3097,-0.0003122421239990614,0.0,lower,3.0,-0.0954,0.0223
2023-03-07,22414.0,22217.0,22559.0,22011.0,27780357943.162678,427994888566.54205,-0.008872616012412269,0.0,lower,2.0,-0.0865,0.0213
2023-03-08,22202.0,21713.0,22292.0,21683.0,28493032424.783108,419694984165.3824,-0.022946602083355635,0.0,lower,1.0,-0.0636,0.0211
2023-03-09,21731.0,20376.0,21824.0,20207.0,40173833477.660774,392841773384.4403,-0.06355342183447898,1.0,upper,3.0,0.081,0.0266
2023-03-10,20368.0,20195.0,20368.0,19647.57,51593890225.48742,390202255053.33545,-0.008922688661779721,1.0,upper,2.0,0.09,0.0253
2023-03-11,20161.0,20522.0,20681.0,19950.03,37746654239.61721,394742728281.98926,0.016062432424641282,1.0,upper,1.0,0.0739,0.0254
2023-03-12,20482.0,22096.0,22096.0,20335.0,36639901908.82403,425816781283.92786,0.0738991152269188,1.0,upper,1.0,0.0901,0.0346
2023-03-13,22192.0,24179.0,24469.0,21993.0,66799159801.958115,466509005562.78174,0.09008789117153757,1.0,upper,4.0,0.1275,0.0427
2023-03-14,24202.0,24759.0,26402.0,24102.0,70714394276.37074,478406045309.6089,0.023704571440183037,1.0,upper,3.0,0.1038,0.0409
2023-03-15,24782.0,24471.0,25239.0,24178.0,63107437928.81401,472833547484.0809,-0.011700316292103788,1.0,upper,2.0,0.1155,0.0394
2023-03-16,24417.0,25161.0,25230.0,24322.0,60688056874.81415,486375597562.7987,0.0278064336838312,1.0,upper,1.0,0.0877,0.038
2023-03-17,25166.0,27467.0,27811.0,25052.0,64617615617.80156,530038219067.3334,0.08769010742562257,0.0,time,5.0,-0.0007,0.0431
2023-03-18,27454.0,27108.0,27805.0,26685.0,46473651090.578415,523262280970.14777,-0.013156396822140225,1.0,time,5.0,0.0487,0.042
2023-03-19,27125.0,28187.0,28509.0,27010.0,46394763656.038155,546680822196.2155,0.03903199147250227,0.0,time,5.0,-0.0212,0.0407
2023-03-20,28133.0,27929.0,28504.0,27252.0,55315948514.426994,538935400013.3555,-0.009195303225456872,0.0,time,5.0,-0.0093,0.0394
2023-03-21,27961.0,28264.0,28618.0,27542.0,34430928756.27183,545917428270.10583,0.01192333453593218,0.0,time,5.0,-0.0077,0.0375
2023-03-22,28294.0,27449.0,28907.0,26980.0,35394833933.50181,530515158753.954,-0.02925917263738383,0.0,time,5.0,-0.0098,0.038
2023-03-23,27436.0,28460.0,28854.0,27365.0,20360807194.56342,549578396178.6341,0.03616985524224612,0.0,time,5.0,-0.0419,0.037
2023-03-24,28454.0,27595.0,28507.0,27210.0,21551272690.413612,533634255119.3758,-0.030864995770241703,1.0,time,5.0,0.0286,0.0375
2023-03-25,27651.0,27670.0,27921.0,27403.0,15053754845.31385,534960802333.31067,0.002714196907369908,1.0,time,5.0,0.0133,0.0357
2023-03-26,27668.0,28048.0,28246.0,27540.0,14450374261.063795,542675619058.77966,0.01356853438004408,1.0,time,5.0,0.0166,0.034
2023-03-27,28020.0,27182.0,28078.0,26720.0,18519053231.63728,525230880103.13837,-0.031362338645723076,1.0,time,5.0,0.0473,0.0345
2023-03-28,27175.0,27291.0,27482.0,26705.0,17658503318.910484,528042785008.98267,0.00400198797487886,1.0,time,5.0,0.0341,0.0328
2023-03-29,27280.0,28395.0,28629.0,27280.0,21097595427.489532,548808373530.0567,0.03965609582136128,0.0,time,5.0,-0.0206,0.033
2023-03-30,28387.0,28041.0,29007.0,27801.0,22702531379.35043,542369769760.28796,-0.012545348460839793,1.0,time,5.0,0.0048,0.0319
2023-03-31,28054.0,28517.0,28654.0,27626.0,19112345639.962193,551707238559.8757,0.016832675803938917,0.0,time,5.0,-0.0113,0.0306
2023-04-01,28513.0,28499.0,28741.0,28352.0,10085380788.870918,550949831049.3949,-0.0006314017327768083,0.0,time,5.0,-0.0161,0.0292
2023-04-02,28506.0,28237.0,28554.0,27954.0,11682876586.814528,545181408318.2205,-0.009235824252344224,0.0,time,5.0,-0.0108,0.0281
2023-04-03,28243.0,27815.0,28457.0,27372.0,19711493345.476036,539350908801.9282,-0.015057731160117414,1.0,time,5.0,0.0055,0.0274
2023-04-04,27824.0,28175.0,28418.0,27732.0,14871614372.831093,544313567953.4008,0.012859616398583374,1.0,time,5.0,0.0062,0.0262
2023-04-05,28209.0,28197.0,28731.0,27884.0,16507617903.813946,545409754928.52686,0.0007805293804340541,1.0,upper,5.0,0.0505,0.025
2023-04-06,28186.0,28043.0,28186.0,27850.0,13079528995.139923,542601176317.4441,-0.005476542848642742,1.0,upper,4.0,0.056,0.0239
2023-04-07,28044.0,27934.0,28122.0,27824.0,10141276803.893911,540432353743.3232,-0.003894461574051678,1.0,upper,3.0,0.0599,0.0228
2023-04-08,27934.0,27968.0,28196.0,27904.0,8844199146.1801,541094458101.44714,0.0012164145895452675,1.0,upper,2.0,0.0587,0.0217
2023-04-09,27974.0,28351.0,28499.0,27879.0,11429030269.731691,548568597244.1978,0.013601303447152237,1.0,upper,1.0,0.0451,0.0209
2023-04-10,28331.0,29658.0,29708.0,28224.0,17475381731.251884,574059578670.3654,0.04506960063260001,1.0,time,5.0,0.0218,0.0236
2023-04-11,29679.0,30261.0,30532.0,29639.0,18320296514.777645,585359301945.2595,0.02012785118793082,1.0,time,5.0,0.0015,0.0228
2023-04-12,30246.0,29904.0,30426.0,29844.0,18407698928.06657,578850627447.6105,-0.011867504027600981,0.0,time,5.0,-0.0147,0.0225
2023-04-13,29908.0,30405.0,30540.0,29908.0,16404033694.47376,587939018759.4221,0.01661481785886609,0.0,time,5.0,-0.0013,0.0216
2023-04-14,30429.0,30468.0,31015.0,30122.0,20984067684.216217,589051372432.549,0.002069883938468572,0.0,lower,5.0,-0.0552,0.0206
2023-04-15,30479.0,30312.0,30567.0,30266.0,11028264273.146706,586969785778.0928,-0.005133278794241989,0.0,lower,4.0,-0.05,0.02
2023-04-16,30330.0,30305.0,30535.0,30225.0,11188035367.077023,586268225587.8677,-0.00023095831305128346,0.0,lower,3.0,-0.0498,0.0191
2023-04-17,30314.0,29467.0,30314.0,29327.0,16771824487.579357,569958059900.5195,-0.028041722274548358,0.0,lower,3.0,-0.042,0.0207
2023-04-18,29457.0,30366.0,30443.0,29277.0,18078539248.52104,587730212230.9563,0.03005256833129586,0.0,lower,1.0,-0.0518,0.0214
2023-04-19,30404.0,28833.0,30404.0,28713.0,24136616861.636356,558796473890.5958,-0.05180299695073899,0.0,lower,2.0,-0.0546,0.0266
2023-04-20,28856.0,28256.0,29027.0,28110.0,21695904964.799046,546141074655.3764,-0.020214740087707454,1.0,time,5.0,0.0034,0.0259
2023-04-21,28236.0,27300.0,28355.0,27238.0,20420333533.71415,528357279464.0127,-0.03441912223063544,1.0,time,5.0,0.0378,0.0265
2023-04-22,27285.0,27862.0,27915.0,27201.0,11700230849.968126,539454716829.9368,0.020377051093119224,1.0,upper,5.0,0.0566,0.0264
2023-04-23,27831.0,27607.0,27831.0,27432.0,11435645306.771605,533753154140.2553,-0.009194389529446897,1.0,upper,4.0,0.0658,0.0251
2023-04-24,27591.0,27512.0,27893.0,27197.0,16443099944.64734,532290845181.53394,-0.0034470906246211806,1.0,upper,3.0,0.0692,0.0239
2023-04-25,27512.0,28351.0,28380.0,27224.0,17061823985.865345,548359667398.65234,0.030040029790312107,1.0,time,5.0,0.035,0.0249
2023-04-26,28292.0,28352.0,30026.0,27697.0,30540034741.28477,548638734338.36755,3.527150239334594e-05,0.0,time,5.0,-0.008,0.0237
2023-04-27,28454.0,29484.0,29869.0,28440.0,26238597379.49954,570258039118.5771,0.039150168904371827,0.0,time,5.0,-0.0286,0.0255
2023-04-28,29488.0,29340.0,29545.0,28969.0,18730801539.181553,568153896404.9741,-0.004895970612206698,0.0,time,5.0,-0.0121,0.0244
2023-04-29,29336.0,29218.0,29429.0,29136.0,9711415138.827158,565714356650.6621,-0.004166815004513384,0.0,time,5.0,-0.0128,0.0233
2023-04-30,29269.0,29362.0,29945.0,29134.0,14707008604.647,568513467268.4124,0.004916363606946335,1.0,time,5.0,0.0054,0.0222
2023-05-01,29272.0,28126.0,29333.0,27722.0,19980169281.008976,544421676291.20087,-0.043006905869212624,1.0,time,5.0,0.0267,0.0251
2023-05-02,28107.0,28654.0,28882.0,27943.0,17699097406.188805,554886795897.9369,0.018598634023124585,0.0,time,5.0,-0.0015,0.0247
2023-05-03,28701.0,28988.0,29222.0,28190.0,19944381490.560024,561312171794.5802,0.011588901775854367,0.0,time,5.0,-0.0456,0.0237
2023-05-04,29005.0,28846.0,29434.0,28702.0,12676760580.080193,558634329303.2208,-0.004910616085716497,0.0,time,5.0,-0.0439,0.0226
2023-05-05,28856.0,29520.0,29693.0,28851.0,4971523630.54862,571520224182.8824,0.023096664570953367,0.0,lower,3.0,-0.0637,0.0226
2023-05-06,29524.0,28888.0,29741.0,28485.0,6463808309.438925,559078681902.6073,-0.021641715757115116,0.0,lower,5.0,-0.0667,0.0227
2023-05-07,28895.0,28611.0,29093.0,28611.0,10199066943.170338,554373015261.6681,-0.009635024710271573,0.0,lower,4.0,-0.057,0.0218
2023-05-08,28616.0,27697.0,28646.0,27351.0,21535578788.860283,536032086472.038,-0.03246715518591003,0.0,time,5.0,-0.033,0.0228
2023-05-09,27691.0,27607.0,27820.0,27418.0,8876813250.933558,535037100026.6903,-0.0032547403243886578,0.0,time,5.0,-0.0255,0.0217
2023-05-10,27652.0,27640.0,28281.0,27058.0,17159331951.189877,534937464538.75824,0.0011946351448829462,0.0,time,5.0,-0.015,0.0207
2023-05-11,27621.0,27025.0,27623.0,26791.0,7754296234.077171,523414877659.3074,-0.02250163537419713,0.0,time,5.0,-0.0001,0.0205
2023-05-12,26992.0,26788.0,27052.0,25889.0,9157286238.193073,518816444750.7709,-0.008808337477468254,1.0,time,5.0,0.0222,0.0196
2023-05-13,26795.0,26798.0,26981.0,26732.0,8365379054.202115,520426027097.3362,0.00037323181861251395,1.0,time,5.0,0.0017,0.0187
2023-05-14,26783.0,26912.0,27148.0,26704.0,6019488454.419681,521319019334.69617,0.0042450259241211775,0.0,time,5.0,-0.001,0.018
2023-05-15,26933.0,27228.0,27642.0,26771.0,14570026781.747086,527655229433.8867,0.01167357179516745,0.0,time,5.0,-0.0049,0.0178
2023-05-16,27170.0,27023.0,27300.0,26932.0,12927093920.902998,523965691858.8659,-0.007557500349395138,0.0,time,5.0,-0.0093,0.017
2023-05-17,27037.0,27390.0,27448.0,26590.0,12580626234.913448,530762551513.4872,0.013489628038676883,0.0,time,5.0,-0.0192,0.0169
2023-05-18,27394.0,26843.0,27425.0,26517.0,12599487111.93878,520544913836.41003,-0.020172903945265698,1.0,time,5.0,0.0141,0.017
2023-05-19,26847.0,26884.0,27049.0,26763.0,11559136131.368769,521153640362.9618,0.0015262347779983767,0.0,time,5.0,-0.0205,0.0162
2023-05-20,26876.0,27094.0,27139.0,26845.0,3882362454.219783,525040003344.1629,0.0077809870508251345,0.0,time,5.0,-0.0231,0.0158
2023-05-21,27101.0,26774.0,27261.0,26667.0,8125825605.684245,519171380714.0945,-0.011881033794838656,0.0,time,5.0,-0.0021,0.0153
2023-05-22,26749.0,26870.0,27027.0,26543.0,8025716966.179398,520821915713.9187,0.0035791552636938837,0.0,time,5.0,-0.0008,0.0147
2023-05-23,26863.0,27223.0,27420.0,26794.0,11685763863.312372,527528695688.7587,0.013051781601523788,0.0,lower,1.0,-0.033,0.0147
2023-05-24,27222.0,26339.0,27223.0,26114.0,17477200137.10873,510987979871.2201,-0.03301147370661379,1.0,upper,4.0,0.0651,0.017
2023-05-25,26325.0,26476.0,26558.0,25887.0,11953749225.494001,513295724355.69904,0.005187931734366705,1.0,upper,3.0,0.0599,0.0164
2023-05-26,26476.0,26718.0,26857.0,26355.0,10994037071.45216,517973731437.9403,0.009098833310943988,1.0,upper,2.0,0.0508,0.016
2023-05-27,26719.0,26848.0,26852.0,26630.0,6029471707.897409,520461980942.25433,0.004853834717175385,1.0,upper,1.0,0.0459,0.0154
2023-05-28,26851.0,28110.0,28155.0,26806.0,13144599279.47902,544879177078.8053,0.04593405463364474,0.0,lower,4.0,-0.0468,0.0204
2023-05-29,28096.0,27760.0,28355.0,27567.0,13483205892.539595,538430950369.49817,-0.012529249279836735,0.0,time,5.0,-0.0247,0.02
2023-05-30,27737.0,27714.0,28044.0,27650.0,12766436369.815956,537414074116.4985,-0.0016584349620803625,0.0,time,5.0,-0.0203,0.019
2023-05-31,27708.0,27245.0,27806.0,26890.0,10001106221.647074,528464394082.93866,-0.01706768264146165,0.0,lower,5.0,-0.0548,0.0189
2023-06-01,27236.0,26824.0,27308.0,26704.0,12156086970.872988,520271910707.11273,-0.015573008871134261,0.0,lower,4.0,-0.0392,0.0186
2023-06-02,26812.0,27248.0,27304.0,26716.0,15428145241.775957,528508990069.2122,0.015683114756404958,0.0,lower,3.0,-0.0549,0.0184
2023-06-03,27252.0,27084.0,27310.0,26996.0,6673279605.629511,525209390395.50604,-0.0060369762969334625,0.0,lower,2.0,-0.0488,0.0176
2023-06-04,27079.0,27156.0,27368.0,26975.0,6098045626.047618,529630092281.38684,0.0026548688160017747,0.0,lower,1.0,-0.0515,0.0168
2023-06-05,27126.0,25793.0,27126.0,25444.0,21208433571.87331,500593893699.2183,-0.05149487915462742,1.0,upper,1.0,0.0537,0.0222
2023-06-06,25743.0,27217.0,27291.0,25460.0,22188018260.83246,527295592028.08093,0.053738640786020565,0.0,time,5.0,-0.0489,0.0276
2023-06-07,27228.0,26346.0,27300.0,26227.0,14723854336.09437,510979921090.6337,-0.032525317263158354,0.0,time,5.0,-0.0167,0.0281
2023-06-08,26349.0,26508.0,26754.0,26252.0,10197924963.780262,514279355771.4992,0.006130113418345137,0.0,time,5.0,-0.0243,0.0268
2023-06-09,26500.0,26470.0,26756.0,26388.0,10464066236.48124,513226142603.1213,-0.0014345579869704966,0.0,lower,5.0,-0.0528,0.0255
2023-06-10,26479.0,25858.0,26519.0,25510.0,9755626714.244692,501653860264.2029,-0.023391985406648393,0.0,time,5.0,-0.0114,0.0251
2023-06-11,25854.0,25917.0,26164.0,25696.0,10439993428.365507,502683000962.43024,0.0022790932124953007,1.0,time,5.0,0.0157,0.024
2023-06-12,25924.0,25910.0,26049.0,25681.0,9761691909.31603,502562686069.16986,-0.0002701294708382078,1.0,time,5.0,0.0226,0.0228
2023-06-13,25912.0,25872.0,26354.0,25739.0,9921875985.888603,501752262681.7188,-0.001467691739267535,1.0,time,5.0,0.0177,0.0217
2023-06-14,25940.0,25108.0,26047.0,24880.0,11982737579.702812,487262840554.6715,-0.029974782379465725,1.0,upper,2.0,0.0474,0.0222
2023-06-15,25113.0,25565.0,25694.0,24852.0,15184095954.029512,495788386559.10156,0.018037708076677376,1.0,upper,4.0,0.0464,0.0223
2023-06-16,25578.0,26327.0,26454.0,25292.0,13604025863.641972,510906153487.60516,0.029370800011550104,1.0,upper,4.0,0.0734,0.0233
2023-06-17,26328.0,26501.0,26723.0,26183.0,9533422254.890303,514331114457.8236,0.006587439585741206,1.0,upper,3.0,0.0668,0.0223
2023-06-18,26508.0,26333.0,26647.0,26333.0,8589379740.11672,511384956032.88007,-0.006359562638306207,1.0,upper,2.0,0.0731,0.0213
2023-06-19,26340.0,26779.0,26936.0,26340.0,6651894946.454161,519667661979.1768,0.016795092775397806,1.0,upper,1.0,0.0563,0.0209
2023-06-20,26787.0,28331.0,28331.0,26667.0,19958565664.552258,549330089183.52325,0.05633861322349515,1.0,upper,1.0,0.0606,0.0258
2023-06-21,28334.0,30102.0,30664.0,28291.0,23757254196.777027,584070487996.789,0.0606350032403302,1.0,time,5.0,0.0061,0.0295
2023-06-22,30070.0,29936.0,30442.0,29755.0,19613389213.798763,581473706978.9268,-0.005529845198437141,1.0,time,5.0,0.025,0.0285
2023-06-23,29939.0,30629.0,31257.0,29888.0,22630955878.97284,594588611688.3142,0.022885503049018693,0.0,time,5.0,-0.018,0.0274
2023-06-24,30674.0,30538.0,30817.0,30352.0,11736119929.84371,592912110031.5245,-0.0029754628194324736,0.0,time,5.0,-0.0023,0.0264
2023-06-25,30547.0,30455.0,30984.0,30357.0,12076819255.30491,591387700082.1104,-0.002721625472871986,1.0,time,5.0,0.0009,0.0254
2023-06-26,30469.0,30286.0,30635.0,30011.0,16032184116.631308,587134340343.6245,-0.005564624753984153,1.0,time,5.0,0.0098,0.0246
2023-06-27,30272.0,30694.0,30834.0,30254.0,14411853963.110468,595427193050.2291,0.013381636218439496,0.0,time,5.0,-0.004,0.0234
2023-06-28,30677.0,30083.0,30677.0,30017.0,8489428028.028098,584187696961.3756,-0.020106967601819882,1.0,time,5.0,0.0344,0.0238
2023-06-29,30086.0,30467.0,30734.0,30062.0,12545425127.446297,591688337868.8445,0.012683902500097141,1.0,time,5.0,0.0101,0.0228
2023-06-30,30466.0,30481.0,31240.0,29771.0,21422361050.823097,591722375245.7673,0.0004594080280314491,1.0,time,5.0,0.0001,0.0217
2023-07-01,30463.0,30584.0,30625.0,30334.0,4210431244.4326854,593625140902.5646,0.003373457714899704,0.0,time,5.0,-0.0196,0.0207
2023-07-02,30588.0,30572.0,30743.0,30459.0,7236318143.905301,593627203721.8534,-0.00039243901347403836,0.0,time,5.0,-0.0084,0.0197
2023-07-03,30623.0,31135.0,31384.0,30596.0,14755008156.77765,604507839820.0979,0.01824803094377766,0.0,time,5.0,-0.0284,0.0192
2023-07-04,31159.0,30776.0,31319.0,30660.0,12403890725.264545,598449423994.1252,-0.011597422874421262,0.0,time,5.0,-0.0199,0.019
2023-07-05,30764.0,30485.0,30874.0,30236.0,10260132141.46154,592386606697.3153,-0.009500406090214563,0.0,time,5.0,-0.003,0.0186
2023-07-06,30506.0,29990.0,31480.0,29968.0,21776707863.503353,583429029204.2451,-0.016370766598861736,1.0,time,5.0,0.0208,0.0186
2023-07-07,29945.0,30315.0,30422.0,29904.0,13018507892.814608,588811434763.8912,0.01077864676277632,1.0,time,5.0,0.003,0.0179
2023-07-08,30351.0,30264.0,30351.0,30090.0,5608541981.756295,587678367157.9867,-0.0016837521929659242,1.0,upper,5.0,0.0383,0.0171
2023-07-09,30298.0,30170.0,30445.0,30096.0,7559670230.189486,585883986681.1711,-0.00311083415975839,1.0,upper,4.0,0.0414,0.0163
2023-07-10,30154.0,30394.0,30994.0,29988.0,12835219756.96589,590311894648.7518,0.007397167340443769,1.0,upper,3.0,0.034,0.0156
2023-07-11,30405.0,30621.0,30718.0,30372.0,11753418050.421658,594749192359.1351,0.007440827578057656,0.0,time,5.0,-0.0126,0.015
2023-07-12,30620.0,30407.0,30904.0,30250.0,13072555444.262321,590629381260.7114,-0.007013203025892321,1.0,upper,1.0,0.0336,0.0145
2023-07-13,30408.0,31446.0,31686.0,30262.0,21254274345.702217,610725509598.8464,0.033598943984505525,0.0,lower,1.0,-0.0367,0.0169
2023-07-14,31460.0,30312.0,31520.0,30024.0,21977151420.853252,588107447250.1327,-0.03672811533178451,0.0,time,5.0,-0.013,0.0203
2023-07-15,30316.0,30298.0,30388.0,30275.0,6233916918.782722,588642134563.5204,-0.00046196998016784756,0.0,time,5.0,-0.017,0.0193
2023-07-16,30306.0,30237.0,30442.0,30149.0,8356410453.563714,586391434733.7153,-0.002015363695281359,0.0,time,5.0,-0.0107,0.0184
2023-07-17,30245.0,30148.0,30331.0,29793.0,10974383371.546566,585500720965.1113,-0.0029477540596271486,0.0,time,5.0,-0.0146,0.0175
2023-07-18,30152.0,29848.0,30236.0,29720.0,13152758553.030825,579708613537.5165,-0.010000750062366778,1.0,time,5.0,0.007,0.0169
2023-07-19,29855.0,29920.0,30176.0,29816.0,8545620844.326587,581327322356.8716,0.0024093171874198724,0.0,time,5.0,-0.0249,0.0161
2023-07-20,29926.0,29787.0,30391.0,29688.0,11117456853.464512,579308712612.258,-0.004455096386709704,0.0,time,5.0,-0.0191,0.0154
2023-07-21,29794.0,29915.0,30012.0,29758.0,8492627980.9282,581397880391.4172,0.004287970122428343,0.0,time,5.0,-0.0186,0.0147
2023-07-22,29904.0,29710.0,29981.0,29682.0,6745541064.873876,577068525402.119,-0.006876337367478857,0.0,time,5.0,-0.0173,0.0141
2023-07-23,29810.0,30058.0,30312.0,29776.0,7427606999.412798,584296796267.4817,0.011645159037386395,0.0,lower,1.0,-0.0295,0.014
2023-07-24,30085.0,29185.0,30089.0,28983.0,15195244950.838041,567051778655.836,-0.02947396985614826,1.0,time,5.0,0.0059,0.016
2023-07-25,29177.0,29223.0,29304.0,29062.0,7929844775.363448,568019115128.7598,0.0013011918011740045,1.0,time,5.0,0.0019,0.0153
2023-07-26,29228.0,29364.0,29655.0,29129.0,13088677750.42505,570531781624.6747,0.004813363791606695,0.0,time,5.0,-0.0045,0.0147
2023-07-27,29352.0,29200.0,29554.0,29095.0,9047649539.81237,567708714251.7643,-0.005600724974298824,1.0,time,5.0,0.0115,0.014
2023-07-28,29201.0,29314.0,29507.0,29119.0,7682754827.0541115,569952119667.3986,0.0038965083308728256,0.0,time,5.0,-0.0057,0.0135
2023-07-29,29313.0,29357.0,29395.0,29268.0,4882536540.911603,570804910032.5747,0.0014658010839785315,0.0,time,5.0,-0.0062,0.0128
2023-07-30,29357.0,29278.0,29437.0,29153.0,7872881636.625643,569135711632.8535,-0.0026946379398674228,0.0,time,5.0,-0.0065,0.0122
2023-07-31,29280.0,29233.0,29494.0,29159.0,6641808341.386258,568333703606.0996,-0.0015381726127533279,0.0,time,5.0,-0.0064,0.0116
2023-08-01,29226.0,29537.0,29537.0,28773.0,15289922840.873833,572408929757.971,0.010345506598922317,0.0,time,5.0,-0.0168,0.0116
2023-08-02,29694.0,29147.0,29975.0,29025.0,19266318894.086517,567074709353.651,-0.013291723187070262,1.0,time,5.0,0.0011,0.0117
2023-08-03,29153.0,29176.0,29362.0,28993.0,12539132810.40034,567940644790.4882,0.0009944619580603135,1.0,time,5.0,0.0205,0.0112
2023-08-04,29173.0,29088.0,29296.0,28939.0,12112869085.655884,565073127339.627,-0.003020735511310775,1.0,upper,4.0,0.0235,0.0106
2023-08-05,29080.0,29047.0,29096.0,28967.0,5335308729.48437,564970113457.8998,-0.0014105102536368958,1.0,upper,3.0,0.0249,0.0101
2023-08-06,29050.0,29044.0,29139.0,28973.0,5360283576.269965,564947914083.0184,-0.00010328622343110811,1.0,upper,2.0,0.025,0.0096
2023-08-07,29043.0,29178.0,29188.0,28755.0,13252185122.112452,567529179865.8152,0.004603079131703505,1.0,upper,1.0,0.0204,0.0093
2023-08-08,29176.0,29780.0,30126.0,29113.0,14603570418.91888,579214283623.8071,0.020422026606159077,0.0,time,5.0,-0.0168,0.0109
2023-08-09,29764.0,29585.0,30062.0,29401.0,14633310097.491423,575535414817.4033,-0.0065695511272055,0.0,time,5.0,-0.0062,0.0107
2023-08-10,29562.0,29424.0,29665.0,29366.0,8106253519.025447,572414205818.4142,-0.005456808266692103,0.0,time,5.0,-0.0087,0.0103
2023-08-11,29429.0,29397.0,29509.0,29303.0,4651950357.636653,571976559045.8302,-0.0009180395401742106,0.0,lower,5.0,-0.0221,0.0098
2023-08-12,29401.0,29412.0,29459.0,29353.0,3994297895.288944,572257798803.9086,0.0005101260121847067,0.0,lower,4.0,-0.0226,0.0093
2023-08-13,29414.0,29285.0,29445.0,29274.0,4755220448.634491,569687130446.7833,-0.004327314792230269,0.0,lower,3.0,-0.0183,0.009
2023-08-14,29279.0,29401.0,29653.0,29144.0,12408355477.111338,572242735188.2397,0.003953247829882986,0.0,lower,2.0,-0.0223,0.0086
2023-08-15,29404.0,29170.0,29419.0,29119.0,11523395157.99864,567498309102.7323,-0.007887903491998496,0.0,lower,2.0,-0.0959,0.0085
2023-08-16,29164.0,28754.0,29222.0,28710.0,14809979642.373245,559982624303.4923,-0.014363895879229314,0.0,lower,1.0,-0.0816,0.0091
2023-08-17,28704.0,26502.0,28704.0,25649.0,29965585683.421356,516026928368.83746,-0.08155668615795632,0.0,time,5.0,-0.0178,0.0254
2023-08-18,26646.0,26043.0,26753.0,25677.0,18062351745.50358,506815826635.9217,-0.017471183764663747,1.0,time,5.0,0.0155,0.0243
2023-08-19,26048.0,26105.0,26248.0,25804.0,3355038748.9824667,508087686822.70435,0.0023778487847350436,1.0,time,5.0,0.0011,0.0235
2023-08-20,26089.0,26161.0,26225.0,26024.0,8304370131.833873,509078930366.0949,0.0021428852955701467,0.0,time,5.0,-0.0045,0.0226
2023-08-21,26193.0,26119.0,26206.0,25874.0,9377753161.447634,508491920831.3545,-0.0016067333219422835,0.0,time,5.0,-0.0045,0.0216
2023-08-22,26128.0,26034.0,26133.0,25575.0,13702941053.015312,506356213378.17975,-0.0032596427918748614,1.0,time,5.0,0.0019,0.0205
2023-08-23,26029.0,26450.0,26668.0,25816.0,14600566342.214415,514955818082.43463,0.015852782260039673,0.0,time,5.0,-0.013,0.0207
2023-08-24,26426.0,26135.0,26536.0,25966.0,11961319630.81013,508906955118.32086,-0.011980746139423272,1.0,upper,5.0,0.0593,0.0198
2023-08-25,26138.0,26044.0,26200.0,25820.0,2582213805.5461373,507007928705.4434,-0.003487996790269538,1.0,upper,4.0,0.0628,0.0189
2023-08-26,26043.0,26002.0,26087.0,25991.0,3420999388.355067,506086069151.6848,-0.0016139572346387336,1.0,upper,3.0,0.0644,0.018
2023-08-27,26002.0,26083.0,26152.0,25966.0,4743752357.401259,507835678906.77924,0.003110302977801014,1.0,upper,2.0,0.0613,0.0173
2023-08-28,26086.0,26109.0,26203.0,25886.0,9995933796.2508,508350651765.9018,0.0009963213577082952,1.0,upper,1.0,0.0603,0.0165
2023-08-29,26110.0,27731.0,27999.0,25904.0,29462388818.839893,539045091002.16876,0.060270838528666965,0.0,lower,2.0,-0.0673,0.0249
2023-08-30,27717.0,27297.0,27740.0,27082.0,16029914124.395369,531729400483.3156,-0.015774114961489907,0.0,lower,1.0,-0.0515,0.0243
2023-08-31,27303.0,25927.0,27403.0,25833.0,20360682650.055054,505403246528.0237,-0.05149190929029884,0.0,time,5.0,-0.0055,0.0279
2023-09-01,25938.0,25812.0,26101.0,25438.0,15924588668.893366,502687549096.97003,-0.004445396678771353,0.0,time,5.0,-0.0023,0.0266
2023-09-02,25796.0,25854.0,25938.0,25756.0,8203515572.755595,503679892454.50775,0.001625827788162602,1.0,time,5.0,0.013,0.0253
2023-09-03,25868.0,25960.0,26055.0,25808.0,8301138495.084562,505513039060.68445,0.004091563974133189,0.0,time,5.0,-0.002,0.0242
2023-09-04,25969.0,25829.0,26061.0,25660.0,6700578092.438599,502409490053.88367,-0.005059000150433445,1.0,time,5.0,0.0023,0.023
2023-09-05,25805.0,25784.0,25824.0,25603.0,7633735596.705433,501979376928.41833,-0.0017437471723190615,1.0,time,5.0,0.002,0.0219
2023-09-06,25770.0,25753.0,25918.0,25476.0,12225427270.62692,501615002105.18665,-0.001203019335186138,0.0,time,5.0,-0.0244,0.0209
2023-09-07,25749.0,26192.0,26401.0,25644.0,4521997781.160889,509837705629.17126,0.016902895450828386,0.0,time,5.0,-0.0125,0.0207
2023-09-08,26215.0,25907.0,26383.0,25696.0,8058794338.820984,504533063388.2184,-0.010940818169446847,1.0,time,5.0,0.0121,0.0199
2023-09-09,25900.0,25889.0,25921.0,25808.0,404806432.52168876,504373920218.6837,-0.0006950343935673922,1.0,time,5.0,0.0245,0.019
2023-09-10,25890.0,25835.0,25919.0,25669.0,6603006234.083502,503489661583.33154,-0.00208800632661692,1.0,time,5.0,0.0305,0.018
2023-09-11,25835.0,25133.0,25882.0,25006.0,14859931201.000029,489502952545.6269,-0.027548438080765816,1.0,upper,2.0,0.0425,0.0188
2023-09-12,25163.0,25867.0,26380.0,25125.0,16825266473.048721,503997883573.3815,0.028786301377587937,1.0,time,5.0,0.025,0.0205
2023-09-13,25850.0,26223.0,26363.0,25820.0,12975855576.243193,510909474484.6564,0.013668863230490548,1.0,time,5.0,0.0196,0.02
2023-09-14,26222.0,26531.0,26752.0,26178.0,11739428177.432598,516823786025.9003,0.011676972350352543,1.0,time,5.0,0.0256,0.0193
2023-09-15,26531.0,26635.0,26834.0,26227.0,9768889419.723415,518872387637.1001,0.003912279752149323,1.0,time,5.0,0.0179,0.0184
2023-09-16,26610.0,26558.0,26732.0,26471.0,1224363671.9175522,517396850180.9239,-0.002895119800826687,1.0,time,5.0,0.0001,0.0176
2023-09-17,26554.0,26521.0,26612.0,26418.0,5791146184.464804,516614128895.5437,-0.001394148570731232,1.0,time,5.0,0.0019,0.0167
2023-09-18,26538.0,26741.0,27405.0,26417.0,16477839825.058361,521346975856.46625,0.008261096134952385,0.0,time,5.0,-0.0063,0.016
2023-09-19,26769.0,27219.0,27454.0,26681.0,12615959842.229395,530357673731.022,0.017717290723244614,0.0,lower,5.0,-0.0362,0.016
2023-09-20,27213.0,27116.0,27373.0,26889.0,13497179076.831764,529168513966.1614,-0.0037912992868823388,0.0,lower,4.0,-0.0325,0.0154
2023-09-21,27125.0,26561.0,27133.0,26406.0,8169328790.751264,517743774814.63885,-0.020679985066842533,0.0,time,5.0,-0.0135,0.0162
2023-09-22,26565.0,26572.0,26725.0,26498.0,9968041758.936823,518383856096.9625,0.0004140553011180351,0.0,time,5.0,-0.0084,0.0154
2023-09-23,26588.0,26574.0,26635.0,26521.0,6583511185.708387,517968304453.25476,7.52643661214209e-05,1.0,time,5.0,0.0162,0.0147
2023-09-24,26571.0,26250.0,26712.0,26250.0,7226298594.4955225,511787693512.02826,-0.012267305131483433,1.0,time,5.0,0.0251,0.0144
2023-09-25,26258.0,26299.0,26403.0,26023.0,11974957450.276283,512103393581.80255,0.0018649266095124137,1.0,time,5.0,0.0252,0.0138
2023-09-26,26297.0,26205.0,26387.0,26102.0,9786025048.05344,511054250889.6227,-0.003580683393015545,1.0,upper,2.0,0.0302,0.0131
2023-09-27,26214.0,26350.0,26819.0,26145.0,12889674588.31686,513713645983.85016,0.0055180427332417615,1.0,upper,4.0,0.0596,0.0126
2023-09-28,26354.0,27009.0,27225.0,26323.0,16683207554.844349,526917684460.40546,0.024701868807078017,1.0,upper,3.0,0.0349,0.0142
2023-09-29,27021.0,26917.0,27215.0,26744.0,9059145545.41355,524946724658.764,-0.0034120865355442773,1.0,upper,2.0,0.0383,0.0136
2023-09-30,26907.0,26970.0,27087.0,26882.0,6295435107.555985,525936342995.4552,0.0019670798927333643,1.0,upper,1.0,0.0363,0.0129
2023-10-01,26966.0,27968.0,28042.0,26958.0,9358226524.285364,545302108027.2094,0.036335862321486306,0.0,time,5.0,-0.0004,0.0162
2023-10-02,27988.0,27615.0,28494.0,27383.0,18127133423.881855,538323470357.8827,-0.012701896119974116,1.0,time,5.0,0.0131,0.0163
2023-10-03,27501.0,27439.0,27666.0,27266.0,12676657038.293432,535605771922.47974,-0.006393744308222127,1.0,time,5.0,0.0184,0.0157
2023-10-04,27426.0,27792.0,27818.0,27265.0,10876597601.123325,541954661181.1118,0.012782850453820467,0.0,time,5.0,-0.0071,0.0153
2023-10-05,27782.0,27436.0,28081.0,27389.0,13376186563.311193,534851643044.50543,-0.012892189861674157,0.0,time,5.0,-0.0016,0.0153
2023-10-06,27408.0,27958.0,28179.0,27243.0,13817979024.520027,545154869332.6545,0.018847364411861797,0.0,lower,5.0,-0.0407,0.0155
2023-10-07,27955.0,27978.0,28025.0,27872.0,7226218924.820883,545619681437.3984,0.0007151030053019355,0.0,lower,4.0,-0.0415,0.0147
2023-10-08,27970.0,27948.0,28103.0,27770.0,7141598446.869208,544989660641.62256,-0.0010728463640345557,0.0,lower,3.0,-0.0404,0.0141
2023-10-09,27939.0,27594.0,27992.0,27354.0,7640029989.224315,538282690587.88,-0.012747282904362535,0.0,lower,3.0,-0.0318,0.0142
2023-10-10,27585.0,27392.0,27726.0,27297.0,10151720983.669058,535200388379.76337,-0.0073473578265102245,0.0,time,5.0,-0.0089,0.0137
2023-10-11,27390.0,26842.0,27470.0,26570.0,14608441295.942532,523656381533.04626,-0.02028317498371743,1.0,upper,5.0,0.0604,0.0145
2023-10-12,26878.0,26729.0,26919.0,26571.0,10867640258.925844,521607675083.3507,-0.004218706673123226,1.0,upper,4.0,0.0646,0.0138
2023-10-13,26759.0,26841.0,27101.0,26695.0,14344414895.617512,523655619453.7407,0.004181450931077731,1.0,upper,3.0,0.0604,0.0132
2023-10-14,26861.0,26863.0,26977.0,26816.0,5543160607.188677,523979202939.078,0.0008193058703503588,1.0,upper,2.0,0.0596,0.0126
2023-10-15,26860.0,27150.0,27277.0,26816.0,6604845643.42894,529643463244.3381,0.010627171276025487,1.0,upper,1.0,0.049,0.0125
2023-10-16,27154.0,28513.0,29483.0,27131.0,22792799561.834,555338775502.1107,0.04898307724515241,1.0,upper,4.0,0.04,0.0189
2023-10-17,28518.0,28418.0,28613.0,28112.0,10403248077.491972,555003134086.2079,-0.003337376409213261,1.0,upper,3.0,0.0433,0.0182
2023-10-18,28414.0,28328.0,28817.0,28202.0,13461030457.558897,553311088369.7102,-0.003172032406280943,1.0,upper,2.0,0.0465,0.0174
2023-10-19,28327.0,28716.0,28854.0,28188.0,11193923144.463654,559364043794.7655,0.013603743904634065,1.0,upper,2.0,0.0411,0.0169
2023-10-20,28723.0,29677.0,30074.0,28593.0,23561406297.715862,579536788709.3126,0.032917876309084944,1.0,upper,3.0,0.1047,0.0182
2023-10-21,29677.0,29920.0,30253.0,29484.0,7452489477.484937,583719549318.5221,0.00815481808295492,1.0,upper,2.0,0.0966,0.0173
2023-10-22,29920.0,30019.0,30187.0,29741.0,11330304246.065748,583399133857.2509,0.003303361418295568,1.0,upper,1.0,0.0933,0.0165
2023-10-23,29990.0,32953.0,34333.0,29916.0,35558857925.14893,641535355789.0791,0.09325178932038507,1.0,time,5.0,0.034,0.0304
2023-10-24,33071.0,33847.0,35066.0,32884.0,46464714676.18555,660676033939.1393,0.026768065293318204,1.0,time,5.0,0.0207,0.0292
2023-10-25,33908.0,34472.0,35012.0,33779.0,23840463172.498646,673948847498.8158,0.01829703117526162,1.0,time,5.0,0.0008,0.0277
2023-10-26,34498.0,34174.0,34819.0,33766.0,17712548549.578587,667401630872.5822,-0.008682279287455266,1.0,time,5.0,0.0145,0.0274
2023-10-27,34150.0,33899.0,34215.0,33450.0,14148818689.499771,662119938018.2968,-0.008079605599840904,1.0,time,5.0,0.0449,0.0269
2023-10-28,33908.0,34093.0,34373.0,33874.0,8431785274.868206,665892923223.9833,0.0057065691983208345,1.0,time,5.0,0.0241,0.0257
2023-10-29,34082.0,34556.0,34763.0,33950.0,10359013389.425524,674293769229.6088,0.013489111872076095,1.0,time,5.0,0.0051,0.0244
2023-10-30,34525.0,34499.0,34839.0,34172.0,17075173423.648043,673508057017.6387,-0.001650858386657933,1.0,time,5.0,0.0158,0.0236
2023-10-31,34494.0,34672.0,34703.0,34108.0,16419150928.652367,676319525450.0793,0.005002106684023471,1.0,time,5.0,0.0112,0.0225
2023-11-01,34669.0,35457.0,35521.0,34186.0,18642295524.912045,692543794894.7606,0.022388249904210032,0.0,time,5.0,-0.0121,0.0217
2023-11-02,35423.0,34924.0,35878.0,34465.0,20690186421.955303,681560028736.5514,-0.015146422749651984,1.0,time,5.0,0.0146,0.0221
2023-11-03,34937.0,34731.0,34937.0,34123.0,17254049537.002068,677974451476.0634,-0.005541612056860159,1.0,time,5.0,0.0302,0.0214
2023-11-04,34725.0,35048.0,35261.0,34608.0,10001404422.938835,685385094861.7168,0.009085890619896248,1.0,upper,5.0,0.0479,0.0204
2023-11-05,35078.0,35062.0,35366.0,34572.0,12796779677.519655,684647430279.3319,0.0003993724200850263,1.0,upper,4.0,0.0475,0.0195
2023-11-06,35039.0,35031.0,35276.0,34779.0,12717348149.539808,683644463783.0627,-0.000884539169994861,1.0,upper,3.0,0.0484,0.0187
2023-11-07,35058.0,35437.0,35871.0,34546.0,18582602380.374496,691660755958.351,0.011523088279302747,1.0,upper,2.0,0.0369,0.0179
2023-11-08,35440.0,35795.0,35896.0,35187.0,14717120833.223528,699187515031.6934,0.010051746807158004,1.0,upper,2.0,0.0424,0.017
2023-11-09,35648.0,36768.0,37936.0,35606.0,38190964507.15763,717022051490.4104,0.02681968281819692,0.0,time,5.0,-0.0338,0.0173
2023-11-10,36698.0,37344.0,37472.0,36366.0,23152060053.421646,730760729870.4996,0.015544354437800379,0.0,lower,4.0,-0.0494,0.0166
2023-11-11,37319.0,37123.0,37404.0,36822.0,12033297219.971031,720323851790.6948,-0.005935532486305057,0.0,lower,3.0,-0.0434,0.0164
2023-11-12,37152.0,37068.0,37231.0,36862.0,8831221164.408867,725016899532.0363,-0.0014826598933954614,0.0,lower,2.0,-0.042,0.0159
2023-11-13,37068.0,36549.0,37292.0,36437.0,18041088204.36723,714263437353.6985,-0.01410023768406489,1.0,upper,2.0,0.0364,0.0164
2023-11-14,36499.0,35545.0,36748.0,35110.0,22330924588.059715,694845286838.959,-0.02785432665893369,1.0,upper,1.0,0.0643,0.0185
2023-11-15,35541.0,37904.0,37904.0,35389.0,28479730068.295124,739215831747.2646,0.0642571480349833,0.0,time,5.0,-0.011,0.0257
2023-11-16,37904.0,36202.0,37904.0,35579.0,12023334732.149555,707488742969.5619,-0.04594228149206851,0.0,time,5.0,-0.0066,0.0293
2023-11-17,36163.0,36528.0,36673.0,35946.0,22683923623.963726,714651953916.8749,0.008964723863078493,1.0,time,5.0,0.0253,0.028
2023-11-18,36619.0,36582.0,36826.0,36264.0,8877846889.346693,715117663450.342,0.0014772263662943138,1.0,time,5.0,0.0192,0.0266
2023-11-19,36588.0,37414.0,37516.0,36412.0,12599067947.734495,732521837352.2426,0.022488649772978816,1.0,time,5.0,0.0086,0.026
2023-11-20,37388.0,37489.0,37726.0,36942.0,16005284775.311718,732673492672.5168,0.002002590685681773,1.0,time,5.0,0.0085,0.0247
2023-11-21,37479.0,35965.0,37647.0,35945.0,18891503534.641026,702705880301.6978,-0.04150131329307494,1.0,time,5.0,0.0416,0.0273
2023-11-22,35788.0,37465.0,37795.0,35788.0,25245202377.321384,732259726682.3702,0.04086092049695443,0.0,time,5.0,-0.0058,0.0287
2023-11-23,37427.0,37293.0,37643.0,36972.0,11956046626.60703,728816537112.472,-0.004601522338586015,1.0,time,5.0,0.0136,0.0274
2023-11-24,37302.0,37739.0,38349.0,37264.0,22996708651.54232,737614054534.8141,0.01188840102634161,1.0,time,5.0,0.0019,0.0262
2023-11-25,37731.0,37810.0,37883.0,37617.0,7505379785.011788,739536714717.2401,0.001879575398811952,0.0,time,5.0,-0.0026,0.025
2023-11-26,37800.0,37492.0,37825.0,37184.0,10229112671.374176,733376783676.3198,-0.008446041018602102,1.0,time,5.0,0.0314,0.024
2023-11-27,37472.0,37250.0,37568.0,36770.0,17979133247.880783,728040168286.0479,-0.006475632058670811,1.0,upper,5.0,0.0582,0.023
2023-11-28,37247.0,37802.0,38351.0,36911.0,19715537240.688644,738816928726.5587,0.014710066453196084,1.0,upper,5.0,0.0555,0.0222
2023-11-29,37843.0,37810.0,38329.0,37638.0,20964545194.804527,740494537382.5989,0.00021160662407695275,1.0,upper,3.0,0.0433,0.0212
2023-11-30,37864.0,37712.0,38144.0,37547.0,16566770727.560837,737659515838.6104,-0.0025952717090662156,1.0,upper,2.0,0.0459,0.0202
2023-12-01,37720.0,38688.0,38899.0,37632.0,24470176251.56647,756249390093.0282,0.02555112823860685,1.0,upper,3.0,0.0815,0.0205
2023-12-02,38696.0,39482.0,39680.0,38659.0,14892418344.328642,771834682369.2777,0.02031539741109396,1.0,upper,2.0,0.0612,0.02
2023-12-03,39472.0,39960.0,40118.0,39309.0,14107800648.629307,782845232813.069,0.01203408193687661,1.0,upper,1.0,0.0492,0.0191
2023-12-04,39999.0,41974.0,42403.0,39999.0,40273974905.38232,820527379429.3416,0.04917142519487672,1.0,upper,1.0,0.0495,0.0223
2023-12-05,41985.0,44106.0,44368.0,41453.0,37740677039.99004,863171503830.3232,0.049545448644776106,0.0,time,5.0,-0.0079,0.0242
2023-12-06,44082.0,43788.0,44282.0,43496.0,30306637687.601166,857037901744.5414,-0.007236020377694704,0.0,lower,5.0,-0.0609,0.0239
2023-12-07,43757.0,43270.0,44030.0,42908.0,27712048105.023373,848245522795.3333,-0.01190025300551746,0.0,lower,4.0,-0.049,0.0239
2023-12-08,43286.0,44202.0,44676.0,43134.0,24726661392.984177,863242780337.311,0.02131048269193817,0.0,lower,3.0,-0.0703,0.023
2023-12-09,44158.0,43745.0,44346.0,43699.0,17074228506.041449,855611272269.695,-0.010392716370503631,0.0,lower,2.0,-0.0599,0.0228
2023-12-10,43715.0,43758.0,44036.0,43591.0,11865167562.179707,856192504674.1926,0.0002971326719231363,0.0,lower,1.0,-0.0602,0.0218
2023-12-11,43786.0,41201.0,43819.0,40322.0,39734542163.66172,806178244439.1412,-0.0602119253245666,1.0,time,5.0,0.0251,0.0293
2023-12-12,41262.0,41451.0,42042.0,40720.0,24919333990.627098,812055172695.532,0.00604947883705766,0.0,time,5.0,-0.001,0.0279
2023-12-13,41459.0,42932.0,43304.0,40712.0,26301358636.124893,840112594142.6609,0.035105461876635866,0.0,time,5.0,-0.0058,0.0283
2023-12-14,42885.0,43010.0,43329.0,42068.0,22978695605.48269,841400560142.884,0.0018151781763669297,0.0,time,5.0,-0.0178,0.0269
2023-12-15,43032.0,41992.0,43100.0,41761.0,17134765249.072596,821883086852.3783,-0.023953522845646284,1.0,time,5.0,0.0384,0.0271
2023-12-16,41890.0,42247.0,42666.0,41760.0,13524832238.374014,825747211475.3832,0.006054221414984989,1.0,time,5.0,0.0372,0.0258
2023-12-17,42248.0,41411.0,42319.0,41305.0,16536428696.461372,810534011290.7083,-0.019986799342745214,1.0,upper,3.0,0.0523,0.0254
2023-12-18,41355.0,42684.0,42684.0,40571.0,26473040426.60815,834757901244.3383,0.03027759673208007,1.0,time,5.0,0.0247,0.0258
2023-12-19,42609.0,42250.0,43327.0,41837.0,23402523667.558952,827483345952.5029,-0.010219788951135613,1.0,time,5.0,0.0184,0.0249
2023-12-20,42276.0,43634.0,44201.0,42246.0,28334648885.87903,854173854159.8182,0.032232309166649646,1.0,time,5.0,0.0001,0.0254
2023-12-21,43660.0,43850.0,44215.0,43366.0,21948638202.58336,858312140014.9476,0.004938055848359437,0.0,time,5.0,-0.0309,0.0241
2023-12-22,43875.0,44004.0,44243.0,43467.0,20833936534.62855,861822676200.4246,0.0035058200589971468,0.0,time,5.0,-0.0134,0.023
2023-12-23,43989.0,43752.0,44018.0,43375.0,9872050975.657969,856850313226.057,-0.005743212832717632,0.0,time,5.0,-0.0267,0.0221
2023-12-24,43730.0,43035.0,43943.0,42895.0,18313974069.822754,845029028630.4425,-0.016523587943033803,0.0,time,5.0,-0.0226,0.0218
2023-12-25,42999.0,43638.0,43744.0,42770.0,18744716867.39297,854524607072.9797,0.013914592299020836,0.0,time,5.0,-0.033,0.0211
2023-12-26,43587.0,42516.0,43587.0,41820.0,20477744539.87234,832471600531.6842,-0.02604785472912336,0.0,time,5.0,-0.0073,0.0219
2023-12-27,42503.0,43418.0,43662.0,42123.0,23244754807.443966,849194163327.4839,0.02099362599522838,1.0,time,5.0,0.0171,0.0217
2023-12-28,43456.0,42601.0,43789.0,42324.0,20336573643.81929,836073458797.803,-0.018996374488349392,1.0,upper,5.0,0.0547,0.0216
2023-12-29,42591.0,42075.0,43097.0,41614.0,24832397519.050613,822933961870.5416,-0.012423987101344607,1.0,upper,3.0,0.0486,0.0209
2023-12-30,42092.0,42221.0,42610.0,41574.0,14727224645.41767,826609156660.5117,0.003463987519938259,1.0,upper,2.0,0.0451,0.02
2023-12-31,42197.0,42208.0,42838.0,42008.0,14183728910.169804,827596236151.1959,-0.0003079510619037299,1.0,upper,1.0,0.0454,0.019
2024-01-01,42261.0,44169.0,44169.0,42242.0,16958999497.58364,863804922701.8125,0.04541340901647714,0.0,time,5.0,-0.0048,0.0228
2024-01-02,44148.0,44995.0,45870.0,44148.0,39089952715.542786,878395004792.8407,0.01852818693453057,0.0,lower,1.0,-0.0495,0.0221
2024-01-03,44952.0,42822.0,45469.0,41805.0,43146162597.56747,838208392904.1771,-0.04949938326892658,1.0,upper,5.0,0.0917,0.0267
2024-01-04,42863.0,44196.0,44814.0,42675.0,26123887042.79777,866352960236.8643,0.03158229803394314,1.0,upper,4.0,0.0602,0.0271
2024-01-05,44174.0,44114.0,44281.0,43116.0,29364675804.010384,863690851062.0247,-0.0018570948605323967,1.0,upper,3.0,0.062,0.0258
2024-01-06,44165.0,43956.0,44221.0,43479.0,11841102132.239353,861211168830.4689,-0.003588058805718564,1.0,upper,2.0,0.0656,0.0247
2024-01-07,44002.0,43884.0,44489.0,43687.0,15144653805.362787,856926317087.4954,-0.0016393446294331684,1.0,upper,1.0,0.0672,0.0235
2024-01-08,43953.0,46936.0,47193.0,43248.0,40821502383.50064,919666641903.4098,0.06723518266831421,0.0,lower,4.0,-0.0901,0.0298
2024-01-09,46967.0,46106.0,47680.0,45416.0,39887918405.77868,902166917320.3264,-0.01784187824615453,0.0,lower,3.0,-0.0722,0.0294
2024-01-10,46141.0,46632.0,47599.0,44591.0,52030057180.57072,915259343942.0361,0.011343907365844378,0.0,lower,2.0,-0.0836,0.028
2024-01-11,46566.0,46314.0,48888.0,45662.0,49198128806.306175,909846384596.2129,-0.006842709547476863,0.0,lower,1.0,-0.0767,0.0269
2024-01-12,46369.0,42894.0,46504.0,41730.0,45913301456.05085,838383512176.7352,-0.07671233518300202,0.0,time,5.0,-0.0042,0.0355
2024-01-13,42871.0,42848.0,43213.0,42434.0,19424747840.478386,839198740717.084,-0.001072986504007795,0.0,time,5.0,-0.0377,0.0337
2024-01-14,42823.0,41801.0,43088.0,41754.0,16968959097.076523,822907066751.3778,-0.024738706819236383,0.0,time,5.0,-0.0048,0.0328
2024-01-15,41747.0,42587.0,43313.0,41747.0,22634527323.56315,835225973285.8562,0.01862877969444427,0.0,time,5.0,-0.0228,0.032
2024-01-16,42506.0,43148.0,43539.0,42170.0,22023116042.275295,845770850849.578,0.013087024129212593,0.0,time,5.0,-0.0379,0.0308
2024-01-17,43136.0,42714.0,43198.0,42221.0,21299064875.187115,836987995502.6503,-0.010109331163391423,0.0,lower,5.0,-0.0781,0.0294
2024-01-18,42753.0,41261.0,42883.0,40655.0,25160430945.289833,808845819110.2808,-0.034608991451670346,0.0,time,5.0,-0.0352,0.0296
2024-01-19,41260.0,41601.0,42094.0,40300.0,24407872954.726807,815241536115.3193,0.00820646154171603,0.0,time,5.0,-0.0361,0.0285
2024-01-20,41624.0,41626.0,41844.0,41423.0,9533488489.00503,817217622403.9753,0.0006007665962228821,0.0,time,5.0,-0.0414,0.0271
2024-01-21,41661.0,41542.0,41843.0,41513.0,8032696833.695371,814709364023.4832,-0.0020200083821430453,1.0,time,5.0,0.0077,0.0258
2024-01-22,41546.0,39505.0,41645.0,39505.0,31202848830.101707,775020895102.2928,-0.050277717479220066,1.0,upper,4.0,0.058,0.0283
2024-01-23,39519.0,39833.0,40125.0,38520.0,29683327703.0343,779133357029.7626,0.008268468292908586,1.0,upper,4.0,0.0558,0.0274
2024-01-24,39852.0,40124.0,40499.0,39544.0,22217129215.385582,786928905377.1826,0.007278944553633549,1.0,upper,5.0,0.0754,0.0264
2024-01-25,40062.0,39938.0,40262.0,39538.0,13376924612.77818,783180536824.566,-0.004646407400038829,1.0,upper,2.0,0.0532,0.0251
2024-01-26,39917.0,41863.0,42195.0,39827.0,22681602408.52447,820989861818.084,0.047074130291635645,1.0,time,5.0,0.0171,0.0285
2024-01-27,41863.0,42120.0,42174.0,41439.0,10694258830.371908,826254540126.2368,0.0061203053529392745,1.0,time,5.0,0.0223,0.0272
2024-01-28,42137.0,42027.0,42743.0,41735.0,13669905344.783924,824240091063.3245,-0.0022104183836881438,1.0,time,5.0,0.0269,0.0259
2024-01-29,42037.0,43268.0,43287.0,41806.0,20680322267.003654,849198976216.4734,0.029101062885956645,0.0,time,5.0,-0.0067,0.0261
2024-01-30,43286.0,42892.0,43762.0,42792.0,24526664209.358597,839294111912.5715,-0.008728003410143955,0.0,time,5.0,-0.0069,0.0251
2024-01-31,42950.0,42583.0,43655.0,42289.0,22197944957.07849,835421372330.6442,-0.007230215761482049,1.0,time,5.0,0.0015,0.024
2024-02-01,42572.0,43069.0,43250.0,41883.0,22443682768.722225,844585195327.6586,0.011348368182878361,1.0,time,5.0,0.0004,0.023
2024-02-02,43084.0,43171.0,43382.0,42586.0,18624791426.130833,846561992602.431,0.002365492754225867,1.0,time,5.0,0.0246,0.0219
2024-02-03,43173.0,42977.0,43361.0,42884.0,7779819312.310763,842668526994.8004,-0.004503884662217411,1.0,upper,5.0,0.0535,0.0209
2024-02-04,42991.0,42599.0,43110.0,42429.0,11250814654.362,835416357159.2295,-0.00883431004990589,1.0,upper,4.0,0.0623,0.0202
2024-02-05,42575.0,42648.0,43520.0,42284.0,18682275991.626797,836630860392.2917,0.0011496006990618628,1.0,upper,3.0,0.0612,0.0192
2024-02-06,42651.0,43088.0,43327.0,42524.0,17131113853.23615,845393687725.6221,0.010264156548783208,1.0,upper,2.0,0.0509,0.0185
2024-02-07,43078.0,44247.0,44322.0,42759.0,21200879624.73537,868672050077.7697,0.026543036476231876,1.0,upper,2.0,0.0634,0.0191
2024-02-08,44318.0,45338.0,45559.0,44318.0,27709605138.49859,890468166608.419,0.024357960400858525,1.0,upper,1.0,0.039,0.0192
2024-02-09,45306.0,47143.0,48018.0,45258.0,41993952311.122856,925541926938.6151,0.03904000275731804,1.0,upper,3.0,0.0598,0.0208
2024-02-10,47151.0,47769.0,48106.0,46890.0,16461159742.317774,938210772985.4427,0.01319135783874706,1.0,upper,2.0,0.0466,0.0199
2024-02-11,47770.0,48190.0,48487.0,47624.0,13196875460.84672,945579645769.01,0.008774637109842694,1.0,upper,1.0,0.0379,0.0189
2024-02-12,48296.0,50050.0,50260.0,47729.0,37684440686.70893,981463410832.9637,0.03787097510898822,1.0,upper,4.0,0.0414,0.0199
2024-02-13,49962.0,49732.0,50241.0,48385.0,37331081151.024765,974585308372.1277,-0.0063739166705384384,1.0,upper,1.0,0.0405,0.0197
2024-02-14,49758.0,51790.0,51937.0,49320.0,41805076939.80903,1017596576729.7906,0.040548491345109024,0.0,time,5.0,-0.0005,0.0209
2024-02-15,51821.0,51958.0,52801.0,51384.0,31991869491.056656,1020725811639.5323,0.003238619478759235,1.0,time,5.0,0.0063,0.0201
2024-02-16,51941.0,52166.0,52443.0,51678.0,24850432117.896576,1024019280535.48,0.003995241763163956,0.0,time,5.0,-0.0062,0.0193
2024-02-17,52176.0,51685.0,52201.0,50675.0,19851884283.15723,1015778284418.9253,-0.009263337657275253,0.0,time,5.0,-0.0071,0.0194
2024-02-18,51657.0,52138.0,52377.0,51215.0,17025880430.565874,1023586119011.2284,0.008726445483004169,0.0,time,5.0,-0.0252,0.0184
2024-02-19,52117.0,51764.0,52468.0,51723.0,22555121071.55909,1016146442771.5667,-0.007199122544028511,0.0,time,5.0,-0.0041,0.0182
2024-02-20,51784.0,52287.0,52902.0,50953.0,34499627551.319275,1026424315285.75,0.010052847248230645,0.0,time,5.0,-0.0103,0.0173
2024-02-21,52230.0,51843.0,52376.0,50706.0,30624246621.0974,1018869881156.3213,-0.008527853467689944,1.0,upper,5.0,0.0496,0.0172
2024-02-22,51863.0,51320.0,51992.0,50883.0,23733644208.80861,1007314397269.4122,-0.010139380992528705,1.0,upper,4.0,0.0597,0.0171
2024-02-23,51295.0,50841.0,51493.0,50660.0,22637679779.740997,999139504635.63,-0.009377424068091266,1.0,upper,3.0,0.0691,0.0168
2024-02-24,50732.0,51553.0,51697.0,50598.0,15528276123.53668,1012485917140.1924,0.013907289016592541,1.0,upper,2.0,0.0552,0.0163
2024-02-25,51558.0,51752.0,51918.0,51308.0,15455098216.48263,1016549456019.3263,0.00385267404574741,1.0,upper,1.0,0.0513,0.0155
2024-02-26,51725.0,54478.0,54925.0,50927.0,35407941475.56789,1071049856128.8474,0.051333871706187605,1.0,upper,1.0,0.0453,0.0204
2024-02-27,54528.0,57004.0,57469.0,54478.0,51983799587.1939,1118963733317.3013,0.04532449036309379,1.0,upper,1.0,0.093,0.0223
2024-02-28,57050.0,62559.0,63637.0,56741.0,87218855804.01622,1225273849241.6978,0.09298867064360246,1.0,upper,5.0,0.0861,0.0323
2024-02-29,62519.0,61298.0,63435.0,60562.0,67692687247.36391,1206725326872.1362,-0.020362895472062142,1.0,upper,4.0,0.1065,0.033
2024-03-01,61201.0,62427.0,63136.0,60833.0,36699193361.155365,1227712629022.1812,0.0182506581162462,1.0,upper,3.0,0.0883,0.0314
2024-03-02,62418.0,62068.0,62437.0,61721.0,25198213831.25236,1219383305483.4985,-0.005767315877514642,1.0,upper,2.0,0.094,0.0306
2024-03-03,62025.0,63053.0,63234.0,61483.0,27108369390.44353,1236312176673.4497,0.015745084342432273,1.0,upper,1.0,0.0783,0.0291
2024-03-04,63169.0,68187.0,68551.0,62883.0,74551714626.1156,1333913436699.1726,0.07827828828046196,1.0,time,5.0,0.0047,0.0337
2024-03-05,68340.0,64292.0,68913.0,60861.0,96403762012.66058,1264870242318.5977,-0.05881872413723732,1.0,time,5.0,0.0718,0.04
2024-03-06,63789.0,66146.0,67510.0,62933.0,73151905042.04068,1297845751759.601,0.02842921339387151,1.0,upper,5.0,0.0866,0.0383
2024-03-07,66090.0,66945.0,68006.0,65722.0,48853892626.0196,1317508010581.0813,0.01200696664857696,1.0,upper,4.0,0.0746,0.0365
2024-03-08,66949.0,68315.0,69428.0,66610.0,63346588227.32869,1340971395884.519,0.020257975041108364,1.0,time,5.0,0.0677,0.0347
2024-03-09,68315.0,68508.0,68670.0,68053.0,21359706190.81524,1346027264110.4956,0.002821164979671267,1.0,time,5.0,0.0416,0.0332
2024-03-10,68484.0,69076.0,70009.0,68351.0,36660543917.16198,1357390358031.5388,0.008256820952301172,1.0,time,5.0,0.0061,0.0316
2024-03-11,69046.0,72131.0,72711.0,67785.0,66653067165.93465,1417772589113.9521,0.043276562553980276,0.0,lower,5.0,-0.0996,0.0314
2024-03-12,72109.0,71467.0,72734.0,69368.0,64599341551.27301,1403692914139.1924,-0.009248105579639428,0.0,lower,4.0,-0.0904,0.0309
2024-03-13,71444.0,73098.0,73604.0,71337.0,51906601043.53671,1436631290571.5388,0.02256520190356092,0.0,lower,3.0,-0.1129,0.0295
2024-03-14,73091.0,71420.0,73738.0,68862.0,63073551321.74747,1403843488135.24,-0.023223064434023003,0.0,lower,2.0,-0.0897,0.0302
2024-03-15,71385.0,69498.0,72288.0,65848.0,81204427005.22603,1367669237527.8738,-0.027279966988038345,0.0,lower,1.0,-0.0624,0.031
2024-03-16,69441.0,65292.0,70034.0,65015.0,49265436012.59228,1282404282863.459,-0.062428457886475414,1.0,time,5.0,0.0037,0.0362
2024-03-17,65323.0,68425.0,68804.0,64866.0,47190980586.56393,1344508983079.8567,0.046868737634954104,0.0,lower,2.0,-0.0965,0.0371
2024-03-18,68425.0,67709.0,68834.0,66605.0,51101822566.75771,1331771923948.0378,-0.010519144405477394,0.0,lower,1.0,-0.0859,0.0356
2024-03-19,67600.0,62133.0,68182.0,61593.0,80179417876.47993,1223867418062.399,-0.08594186175914183,1.0,upper,1.0,0.0876,0.0433
2024-03-20,61866.0,67819.0,68034.0,60914.0,70836803714.91411,1332594162507.5205,0.08756514291365673,1.0,time,5.0,0.0308,0.0497
2024-03-21,67855.0,65536.0,68120.0,64760.0,48393664548.05336,1287348061971.4202,-0.034242781698792385,1.0,time,5.0,0.0671,0.0487
2024-03-22,65492.0,63509.0,66596.0,62450.0,42436600223.53738,1247366367469.2778,-0.031417981837948514,1.0,upper,3.0,0.0964,0.0473
2024-03-23,63659.0,64286.0,65937.0,63169.0,25489933245.687557,1264722355270.5166,0.012160250004580741,1.0,upper,5.0,0.0952,0.0452
2024-03-24,64018.0,67311.0,67590.0,63873.0,28098318940.431744,1323456466317.511,0.04598179240212991,1.0,time,5.0,0.038,0.0453
2024-03-25,67232.0,69939.0,71007.0,66475.0,44820310272.647514,1371797489739.3416,0.03829976301757465,0.0,time,5.0,-0.0034,0.0444
2024-03-26,69946.0,70082.0,71419.0,69567.0,36257324508.56845,1375728580463.2524,0.002042551470372645,1.0,time,5.0,0.0165,0.0422
2024-03-27,69979.0,69436.0,71528.0,68490.0,41441040887.822266,1360261687784.1018,-0.009260520027394484,1.0,time,5.0,0.005,0.0404
2024-03-28,69402.0,70710.0,71552.0,68991.0,30455289338.47621,1390869723348.0437,0.01818154060984668,0.0,lower,5.0,-0.0775,0.0387
2024-03-29,70744.0,69919.0,70908.0,69197.0,25785951735.485695,1374646886107.8396,-0.011249576430641365,0.0,time,5.0,-0.0558,0.0371
2024-03-30,69906.0,69702.0,70343.0,69622.0,16408802301.837431,1370247487960.0945,-0.003108417426115292,0.0,time,5.0,-0.0168,0.0354
2024-03-31,69622.0,71247.0,71315.0,69622.0,19723005998.21497,1401370211582.3662,0.021923701239757808,0.0,lower,2.0,-0.085,0.0341
2024-04-01,71344.0,69786.0,71344.0,68257.0,36040088988.53872,1373784286061.3486,-0.020719296414193802,0.0,time,5.0,-0.0113,0.0334
2024-04-02,69674.0,65440.0,69674.0,64693.0,45161133992.09071,1288360536576.547,-0.06429972429046517,1.0,time,5.0,0.0588,0.0376
2024-04-03,65450.0,66124.0,66945.0,64673.0,35559952961.797325,1301670235623.7266,0.010398074896274158,1.0,upper,5.0,0.0799,0.036
2024-04-04,65978.0,68542.0,69199.0,65135.0,37516850709.63811,1348455954443.3696,0.03591492887081997,1.0,time,5.0,0.009,0.0362
2024-04-05,68456.0,67979.0,68679.0,66174.0,35132808695.80448,1337452583876.3916,-0.008247862110696915,1.0,time,5.0,0.0368,0.0345
2024-04-06,67862.0,69001.0,69577.0,67509.0,19119438138.850826,1358548956714.7139,0.014922163294974915,1.0,time,5.0,0.0159,0.0331
2024-04-07,68896.0,69402.0,70231.0,68863.0,17935478429.01022,1367272232852.0764,0.00579468829545578,0.0,time,5.0,-0.0315,0.0315
2024-04-08,69375.0,71624.0,72632.0,69118.0,33111949671.02105,1410324678268.6392,0.03151452779053547,0.0,lower,4.0,-0.063,0.0313
2024-04-09,71629.0,69159.0,71743.0,68208.0,36488482038.859055,1361830648708.6648,-0.03502201184628626,0.0,lower,4.0,-0.0712,0.0321
2024-04-10,69112.0,70528.0,70938.0,67569.0,38378062633.13138,1387722485989.3584,0.01960159260482598,0.0,lower,3.0,-0.0908,0.031
2024-04-11,70602.0,70107.0,71221.0,69581.0,30118549149.510498,1379324055321.196,-0.005987147688615482,0.0,lower,2.0,-0.0848,0.0296
2024-04-12,70000.0,67252.0,71212.0,65771.0,43471949726.09197,1321648247460.1611,-0.041575888585097386,0.0,lower,5.0,-0.0922,0.0311
2024-04-13,67197.0,64405.0,67936.0,61514.0,49214481480.20075,1270009515097.3306,-0.04325548796863056,0.0,time,5.0,-0.0147,0.0321
2024-04-14,63957.0,65753.0,65753.0,62138.0,40292911692.95434,1293286386553.3967,0.02071402754535155,0.0,lower,3.0,-0.0697,0.0316
2024-04-15,65680.0,63431.0,66798.0,62629.0,42796604938.03423,1247928896840.997,-0.03595259646118077,1.0,time,5.0,0.0228,0.0316
2024-04-16,63409.0,63721.0,64329.0,61714.0,42157169474.39519,1253670904297.4917,0.004561477646243047,1.0,time,5.0,0.0189,0.0302
2024-04-17,63814.0,61329.0,64414.0,60062.0,41123362075.93534,1207185042484.4346,-0.038261364307484544,1.0,upper,5.0,0.0861,0.0304
2024-04-18,61272.0,63462.0,63989.0,60862.0,35901618166.42319,1249565911947.3347,0.03418848730299043,1.0,time,5.0,0.0454,0.0316
2024-04-19,63517.0,63989.0,65416.0,60022.0,52227787323.81757,1263308149913.607,0.008269892013500485,1.0,time,5.0,0.0045,0.0303
2024-04-20,63841.0,64894.0,65377.0,63230.0,16601830590.687477,1277940837359.7852,0.014043975925856917,0.0,time,5.0,-0.0063,0.0293
2024-04-21,64976.0,64936.0,65674.0,64365.0,19592118541.18973,1279763566407.3762,0.0006469999455460945,0.0,time,5.0,-0.0176,0.0279
2024-04-22,64919.0,66842.0,67208.0,64565.0,27748586313.20611,1317058642854.2856,0.028929456022932388,0.0,time,5.0,-0.051,0.0281
2024-04-23,66840.0,66407.0,67166.0,65889.0,23232230785.201836,1306843409278.049,-0.006529152869147214,0.0,time,5.0,-0.0522,0.0268
2024-04-24,66429.0,64280.0,67058.0,63571.0,30939903322.025898,1265541377860.928,-0.03255393174334784,0.0,time,5.0,-0.0075,0.0274
2024-04-25,64247.0,64486.0,65069.0,62924.0,24705345525.57077,1269387456067.624,0.003199605109163108,0.0,lower,5.0,-0.0597,0.0261
2024-04-26,64496.0,63802.0,64728.0,63353.0,23302057197.884678,1255539337969.4697,-0.010663608156685551,0.0,lower,5.0,-0.0902,0.025
2024-04-27,63752.0,63517.0,63787.0,62528.0,19190483386.063873,1249495302303.4912,-0.004476951217387518,0.0,lower,4.0,-0.0857,0.0238
2024-04-28,63395.0,63030.0,64258.0,62837.0,16180294651.046635,1240724751365.882,-0.007696783079383259,0.0,lower,3.0,-0.078,0.0227
2024-04-29,63133.0,63798.0,64110.0,61890.0,27242983698.21234,1257159131219.0603,0.012111038371985319,0.0,lower,1.0,-0.049,0.0221
2024-04-30,63827.0,60749.0,64555.0,59131.0,39533113322.04938,1197773959985.8767,-0.04897122071717829,1.0,upper,5.0,0.0523,0.0253
2024-05-01,60570.0,58298.0,60693.0,56637.0,51109380171.692604,1151677489315.1536,-0.041182833729144164,1.0,upper,2.0,0.075,0.0263
2024-05-02,58306.0,59135.0,59633.0,56990.0,28255509745.49032,1164721402399.166,0.014255178252398557,1.0,upper,1.0,0.0608,0.026
2024-05-03,59102.0,62839.0,63160.0,58842.0,33591665812.212433,1239817041554.716,0.06075293412678444,0.0,time,5.0,-0.0262,0.0321
2024-05-04,62889.0,63820.0,64349.0,62660.0,20510614461.479218,1257549583083.3145,0.01549072102023268,0.0,time,5.0,-0.0106,0.031
2024-05-05,63917.0,64010.0,64509.0,63005.0,18115695040.201984,1259667234461.2874,0.002972700303814642,0.0,time,5.0,-0.05,0.0295
2024-05-06,64028.0,63172.0,65489.0,62861.0,17917770174.27797,1244417948315.7583,-0.013178156146103905,0.0,time,5.0,-0.0386,0.0283
2024-05-07,63159.0,62363.0,64413.0,62303.0,19925137720.849453,1229336706399.346,-0.012889014213988168,0.0,time,5.0,-0.0138,0.0272
2024-05-08,62333.0,61216.0,62947.0,60842.0,20303831135.373127,1203918522476.5405,-0.01856355753597771,1.0,time,5.0,0.0268,0.0264
2024-05-09,61188.0,63149.0,63337.0,60687.0,25837724247.550426,1240910691253.6274,0.031088420100530468,0.0,time,5.0,-0.0253,0.0271
2024-05-10,63065.0,60888.0,63458.0,60321.0,23987518755.480534,1199393711200.297,-0.03646090239328238,1.0,upper,5.0,0.084,0.0281
2024-05-11,60790.0,60777.0,61427.0,60532.0,12120618802.065384,1197102943502.2341,-0.0018246830361661258,1.0,upper,4.0,0.0858,0.0267
2024-05-12,60795.0,61507.0,61759.0,60698.0,13045696108.912676,1211277523448.5786,0.01193956154462499,1.0,upper,3.0,0.0738,0.0258
2024-05-13,61484.0,62879.0,63340.0,60777.0,27740460083.601814,1238994152713.125,0.0220612552130548,1.0,upper,2.0,0.0518,0.0256
2024-05-14,62905.0,61569.0,63088.0,61109.0,21581895152.31416,1212998352772.157,-0.021053747571523763,1.0,upper,1.0,0.0728,0.0252
2024-05-15,61540.0,66221.0,66413.0,61377.0,38101793065.15294,1307048849176.4167,0.07283913606789016,1.0,time,4.0,0.0005,0.0328
2024-05-16,66229.0,65261.0,66568.0,64596.0,29114585833.349678,1286278919684.0837,-0.014603018813100575,1.0,time,3.0,0.0151,0.0318
2024-05-17,65216.0,67053.0,67422.0,65157.0,25397793918.993534,1319238394090.13,0.02708873708619805,0.0,time,2.0,-0.012,0.0311
2024-05-18,67059.0,66913.0,67377.0,66693.0,13025487675.845129,1319928522881.6436,-0.0020900833191291155,0.0,time,1.0,-0.0099,0.0296
2024-05-19,66940.0,66253.0,67698.0,66000.0,9072734600.009218,1304727108597.6987,-0.009912521276984262,,,,,
