timestamp,bitcoin_open,bitcoin_close,bitcoin_high,bitcoin_low,bitcoin_total_volume,bitcoin_market_cap,signal,label,barrier_touched,return_at_barrier,bitcoin_log_return_1,bitcoin_close_topo_window_start_idx,bitcoin_close_topo_window_end_idx,bitcoin_close_topo_tau_used,bitcoin_close_topo_num_holes_0,bitcoin_close_topo_betti_0,bitcoin_close_topo_max_hole_lifetime_0,bitcoin_close_topo_avg_hole_lifetime_0,bitcoin_close_topo_num_relevant_holes_0,bitcoin_close_topo_l1_norm_0,bitcoin_close_topo_l2_norm_0,bitcoin_close_topo_l3_norm_0,bitcoin_close_topo_persistence_entropy_0,bitcoin_close_topo_std_persistence_0,bitcoin_close_topo_wasserstein_0,bitcoin_close_topo_num_holes_1,bitcoin_close_topo_betti_1,bitcoin_close_topo_max_hole_lifetime_1,bitcoin_close_topo_avg_hole_lifetime_1,bitcoin_close_topo_num_relevant_holes_1,bitcoin_close_topo_l1_norm_1,bitcoin_close_topo_l2_norm_1,bitcoin_close_topo_l3_norm_1,bitcoin_close_topo_persistence_entropy_1,bitcoin_close_topo_std_persistence_1,bitcoin_close_topo_wasserstein_1,bitcoin_close_topo_num_holes_0_ma5,bitcoin_close_topo_num_holes_0_ma10,bitcoin_close_topo_max_hole_lifetime_0_ma5,bitcoin_close_topo_avg_hole_lifetime_0_ma5,bitcoin_close_topo_num_relevant_holes_0_ma5,bitcoin_close_topo_l1_norm_0_ma5,bitcoin_close_topo_l1_norm_0_ma10,bitcoin_close_topo_persistence_entropy_0_ma5,bitcoin_close_topo_num_holes_1_ma5,bitcoin_close_topo_num_holes_1_ma10,bitcoin_close_topo_max_hole_lifetime_1_ma5,bitcoin_close_topo_avg_hole_lifetime_1_ma5,bitcoin_close_topo_num_relevant_holes_1_ma5,bitcoin_close_topo_l1_norm_1_ma5,bitcoin_close_topo_l1_norm_1_ma10,bitcoin_close_topo_persistence_entropy_1_ma5,primary_signal,meta_decision,final_signal
2022-01-01,46381.0,47816.0,48146.0,46379.0,18904585811.03402,904551946917.3206,-1.0,1.0,lower,-0.0912,0.031786478257213306,19.0,39.0,4.0,12.0,12.0,1.8601722717285156,1.0414090380072594,3.0,12.496908456087112,3.8475498430548765,2.6855297044823443,2.4149464196665313,0.38613969638300805,0.16235670447349548,2.0,2.0,0.6624027490615845,0.3434023857116699,1.0,0.6868047714233398,0.6628520654412174,0.6624137874257607,0.15346750753374483,0.31900036334991455,0.06790235948084354,12.0,12.0,1.6083681106567382,1.078562935690085,2.8,12.94275522828102,13.057348626852036,2.4392482204792065,3.0,3.0,0.5890526294708252,0.27455624341964724,1.0,0.7681273460388184,0.5396032571792603,0.5912946817389158,-1,0.0,0.0
2022-01-02,47807.0,47387.0,48012.0,46757.0,33756128241.98571,897536090320.9355,-1.0,1.0,lower,-0.0822,-0.009012382040889307,20.0,40.0,4.0,12.0,12.0,1.8936638832092285,1.0841441303491592,3.0,13.009729564189911,4.002890977231345,2.793330360725372,2.4158234038923494,0.3998660433146845,0.4007352888584137,2.0,2.0,0.5299477577209473,0.2773945927619934,1.0,0.5547891855239868,0.5305296621761628,0.5299659516869792,0.18283725392376132,0.25255316495895386,0.21941893756979775,12.0,12.0,1.6553427457809449,1.0601724331577618,2.8,12.722069197893143,13.088211840391159,2.4325327905067704,2.8,3.0,0.5896999835968018,0.28621063232421873,1.0,0.7476115942001342,0.5672412037849426,0.5084282446035164,-1,0.0,0.0
2022-01-03,47371.0,46531.0,47568.0,45811.0,21890019531.577713,880330191985.1965,-1.0,1.0,lower,-0.064,-0.018229172344592565,21.0,41.0,4.0,12.0,12.0,1.8842869997024536,1.0427408342560132,3.0,12.512890011072159,3.8859573145534783,2.734861160794785,2.406965294428934,0.4136184716854171,0.11528143286705017,1.0,1.0,0.5273234844207764,0.5273234844207764,0.0,0.5273234844207764,0.5273234844207764,0.5273234844207764,-0.0,0.0,1.4350862614456887,12.0,12.0,1.7250507593154907,1.0399733692407607,2.8,12.479680430889129,12.959671941399574,2.423534212995498,2.2,2.7,0.5908959865570068,0.3481371283531189,0.8,0.678923487663269,0.5824902534484864,0.306112906235425,-1,1.0,-1.0
2022-01-04,46538.0,45938.0,47575.0,45725.0,24895990583.663242,876242689666.1957,-1.0,1.0,lower,-0.0611,-0.012826095868908363,22.0,42.0,4.0,12.0,12.0,1.9977359771728516,0.9762067819635073,2.0,11.714481383562088,3.745055728226059,2.715162014555341,2.3811635355575804,0.464550520548291,0.7303054630756378,1.0,1.0,0.7016091346740723,0.7016091346740723,0.0,0.7016091346740723,0.7016091346740723,0.7016091346740723,-0.0,0.0,0.3258286775042565,12.0,12.0,1.8214250564575196,1.027767756084601,2.6,12.333213073015212,12.78840829730034,2.4118847191091213,1.6,2.5,0.6282990455627442,0.4444019913673401,0.6,0.6430174589157105,0.6176517367362976,0.09606347238817606,-1,1.0,-1.0
2022-01-05,45873.0,43647.0,47081.0,42467.0,31837641246.01787,827723202715.1049,-1.0,1.0,time,-0.0416,-0.05115810986620147,23.0,43.0,4.0,12.0,12.0,2.1112477779388428,0.9762378856539726,3.0,11.714854627847672,3.8455112462544725,2.8266447813865505,2.348830066408256,0.5284783054862926,0.9282372295856476,2.0,2.0,0.24909043312072754,0.13024675846099854,1.0,0.26049351692199707,0.2493513067791112,0.24909839870633615,0.1797608539914141,0.118843674659729,3.498529064115682,12.0,12.0,1.9494213819503785,1.0241477340459824,2.8,12.289772808551788,12.679662600159645,2.3935457439907304,1.6,2.4,0.5340747117996216,0.3959952712059021,0.6,0.5462040185928345,0.601947009563446,0.10321312308978406,-1,0.0,0.0
2022-01-06,43526.0,43216.0,43929.0,42604.0,26366602396.811768,819522879407.0583,-1.0,1.0,time,-0.0102,-0.009923754351101606,24.0,44.0,4.0,12.0,12.0,1.8769841194152832,0.8514518787463506,3.0,10.217422544956207,3.3768060304055396,2.4964602451658684,2.342777754979566,0.47462049270398965,0.8945320546627045,1.0,1.0,0.010137677192687988,0.010137677192687988,0.0,0.010137677192687988,0.010137677192687988,0.01013767719268799,-0.0,0.0,1.0258122734139068,12.0,12.0,1.952783751487732,0.9861563021938006,2.8,11.833875626325607,12.388315427303315,2.379112011053337,1.4,2.2,0.4036216974258423,0.32934232950210574,0.4,0.4108705997467041,0.5894989728927612,0.07251962158303508,-1,0.0,0.0
2022-01-07,43201.0,41527.0,43201.0,40685.0,79685254648.07628,787735561341.1113,-1.0,0.0,upper,0.0574,-0.03986697895396469,25.0,45.0,4.0,12.0,12.0,1.6153594255447388,0.7843429694573084,3.0,9.412115633487701,3.030934122091704,2.198727935652695,2.370251345347275,0.38775367262547306,0.6601915955543518,1.0,1.0,0.008724808692932129,0.008724808692932129,0.0,0.008724808692932129,0.008724808692932129,0.00872480869293213,-0.0,0.0,0.38736740959187427,12.0,12.0,1.897122859954834,0.9261960700154305,2.8,11.114352840185166,11.918211019039154,2.3699975993443223,1.2,2.0,0.2993771076202393,0.27560837268829347,0.2,0.30165772438049315,0.5246346592903137,0.03595217079828282,-1,0.0,0.0
2022-01-08,41532.0,41757.0,42702.0,40617.0,23337017232.770664,792892599975.9554,-1.0,0.0,time,0.0202,0.005523283817078168,26.0,46.0,4.0,12.0,12.0,1.4568064212799072,0.6755509252349535,3.0,8.106611102819443,2.6519854184771745,1.9491096666683656,2.3552496105421996,0.360161772539546,0.7078942060470581,1.0,1.0,0.007868409156799316,0.007868409156799316,0.0,0.007868409156799316,0.007868409156799316,0.007868409156799318,-0.0,0.0,0.23475704137475006,12.0,12.0,1.8116267442703247,0.8527580882112187,2.8,10.233097058534621,11.356388744711875,2.3596544625669753,1.2,1.7,0.19548609256744384,0.17171735763549806,0.2,0.19776670932769774,0.4383450984954834,0.03595217079828282,-1,0.0,0.0
2022-01-09,41670.0,41862.0,42894.0,41421.0,18016718173.608612,791648558214.5575,-1.0,0.0,time,0.0296,0.0025113922717813755,27.0,47.0,4.0,12.0,12.0,1.3500531911849976,0.6170796453952789,3.0,7.404955744743347,2.4154209919850507,1.775575549453681,2.3596168062907594,0.3246550866417168,0.47102802991867065,1.0,1.0,0.0072917938232421875,0.0072917938232421875,0.0,0.0072917938232421875,0.0072917938232421875,0.007291793823242189,-0.0,0.0,0.1580612387470937,12.0,12.0,1.6820901870727538,0.7809326608975729,3.0,9.371191930770873,10.852202501893043,2.355345116713611,1.2,1.4,0.05662262439727783,0.032853889465332034,0.2,0.05890324115753174,0.35096035003662107,0.03595217079828282,-1,0.0,0.0
2022-01-10,41888.0,41870.0,42415.0,39692.0,27984634062.049942,792407724467.5966,-1.0,0.0,time,0.0319,0.00019108584589743027,28.0,48.0,4.0,12.0,12.0,1.271141529083252,0.5521623467405637,3.0,6.6259481608867645,2.2184822776603412,1.6541563373109507,2.3274939690649115,0.32443085169730396,0.37557584047317505,1.0,1.0,0.0068656206130981445,0.0068656206130981445,0.0,0.0068656206130981445,0.0068656206130981445,0.006865620613098146,-0.0,0.0,0.11683844907092285,12.0,12.0,1.5140689373016358,0.6961175531148911,3.0,8.353410637378692,10.321591722965241,2.3510778972449424,1.0,1.3,0.008177661895751953,0.008177661895751953,0.0,0.008177661895751953,0.2771908402442932,-0.0,-1,0.0,0.0
2022-01-11,41891.0,42777.0,43223.0,41383.0,22813557397.82151,809621515508.4065,-1.0,0.0,time,0.008,0.021430994937039823,29.0,49.0,4.0,12.0,12.0,1.2489222288131714,0.5891698027650515,3.0,7.070037633180618,2.303834647708554,1.6792724085308912,2.3532155454837476,0.3085181526398787,0.22635871171951294,0.0,0.0,0.0,0.0,0.0,0.0,0.0,0.0,0.0,0.0,0.0068656206130981445,12.0,12.0,1.3884565591812135,0.6436611379186312,3.0,7.723933655023575,9.778904640674591,2.3531654553457786,0.8,1.1,0.0061501264572143555,0.0061501264572143555,0.0,0.0061501264572143555,0.20851036310195922,0.0,-1,0.0,0.0
2022-01-12,42811.0,43982.0,44288.0,42544.0,28250302540.221024,832460077955.3481,-1.0,1.0,time,-0.039,0.027779884340564314,30.0,50.0,4.0,12.0,12.0,1.250468134880066,0.5656262251238028,3.0,6.787514701485634,2.234653707553554,1.6474539025957298,2.3458541712841674,0.31017211271985917,0.07332150638103485,0.0,0.0,0.0,0.0,0.0,0.0,0.0,0.0,0.0,0.0,0.0,12.0,12.0,1.315478301048279,0.59991778905193,3.0,7.1990134686231615,9.156683154404163,2.3482860205331573,0.6,0.9,0.004405164718627929,0.004405164718627929,0.0,0.004405164718627929,0.15303144454956055,0.0,-1,0.0,0.0
2022-01-13,43946.0,42608.0,44391.0,42388.0,43905745871.292786,806510860231.8285,-1.0,1.0,time,-0.005,-0.031738430237079666,31.0,51.0,4.0,12.0,12.0,1.2867271900177002,0.5631098262965679,3.0,6.757317915558815,2.203336897753111,1.6198041124597669,2.3582280712775363,0.29574501508045925,0.28062430024147034,0.0,0.0,0.0,0.0,0.0,0.0,0.0,0.0,0.0,0.0,0.0,12.0,12.0,1.2814624547958373,0.5774295692642529,3.0,6.929154831171036,8.581125944852829,2.3488817126802246,0.4,0.8,0.0028314828872680665,0.0028314828872680665,0.0,0.0028314828872680665,0.10029909610748292,0.0,-1,0.0,0.0
2022-01-14,42563.0,43121.0,43495.0,41794.0,20238314434.86153,816129314317.4397,-1.0,1.0,time,-0.0323,0.011968088354875632,32.0,52.0,4.0,12.0,12.0,1.3573102951049805,0.5763040408492088,3.0,6.915648490190506,2.2940221599129043,1.700512911409433,2.3360293383087454,0.32621842122801037,0.3115472346544266,0.0,0.0,0.0,0.0,0.0,0.0,0.0,0.0,0.0,0.0,0.0,12.0,12.0,1.282913875579834,0.5692744483550389,3.0,6.831293380260467,8.101242655515671,2.3441642190838214,0.2,0.7,0.001373124122619629,0.001373124122619629,0.0,0.001373124122619629,0.030138182640075683,0.0,-1,0.0,0.0
2022-01-15,43192.0,43227.0,43803.0,42586.0,14651008624.734596,816800318526.6782,-1.0,1.0,lower,-0.06,0.002455182592454678,33.0,53.0,4.0,12.0,12.0,1.4563432931900024,0.6422704520324866,3.0,7.707245424389839,2.5234740783021485,1.8498781821496957,2.3478449313612813,0.34372777761074985,0.37242305278778076,0.0,0.0,0.0,0.0,0.0,0.0,0.0,0.0,0.0,0.0,0.0,12.0,12.0,1.319954228401184,0.5872960694134235,3.0,7.047552832961083,7.7004817351698875,2.3482344115430958,0.0,0.5,0.0,0.0,0.0,0.0,0.004088830947875976,0.0,-1,0.0,0.0
2022-01-16,43173.0,43120.0,43570.0,42739.0,14452346388.550371,816325578941.135,-1.0,1.0,lower,-0.0576,-0.0024783734181649942,34.0,54.0,4.0,12.0,12.0,1.6229413747787476,0.7214846921463808,3.0,8.657816305756569,2.823233074606249,2.064828314362965,2.352608934919086,0.37905178422962643,0.6285473853349686,0.0,0.0,0.0,0.0,0.0,0.0,0.0,0.0,0.0,0.0,0.0,12.0,12.0,1.3947580575942993,0.6137590472896893,3.0,7.365108567476272,7.5445211112499235,2.3481130894301634,0.0,0.4,0.0,0.0,0.0,0.0,0.0030750632286071777,0.0,-1,0.0,0.0
2022-01-17,43138.0,42298.0,43184.0,41641.0,17694929625.845875,800822650383.9624,-1.0,1.0,lower,-0.1472,-0.01924712299018358,35.0,55.0,4.0,12.0,12.0,1.258398175239563,0.7118620375792185,4.0,8.542344450950623,2.6945678819066092,1.912853885741978,2.387651200748493,0.3135449653618853,0.8017504662275314,0.0,0.0,0.0,0.0,0.0,0.0,0.0,0.0,0.0,0.0,0.0,12.0,12.0,1.3963440656661987,0.6430062097807726,3.2,7.71607451736927,7.457543992996216,2.356472495323028,0.0,0.3,0.0,0.0,0.0,0.0,0.0022025823593139647,0.0,-1,0.0,0.0
2022-01-18,42311.0,42395.0,42621.0,41339.0,18897950050.285973,803962100417.9756,-1.0,1.0,lower,-0.1495,0.002290627145408093,36.0,56.0,4.0,12.0,12.0,1.3223850727081299,0.7087047547101974,4.0,8.50445705652237,2.7525176963246767,1.9826892288841735,2.3558060082541004,0.35930540820616796,0.33301329612731934,0.0,0.0,0.0,0.0,0.0,0.0,0.0,0.0,0.0,0.0,0.0,12.0,12.0,1.4034756422042847,0.6721251954634985,3.4,8.065502345561981,7.497328588366509,2.355988082718341,0.0,0.2,0.0,0.0,0.0,0.0,0.0014157414436340332,0.0,-1,0.0,0.0
2022-01-19,42401.0,41750.0,42653.0,41244.0,19626113309.554142,790507925308.7825,-1.0,1.0,lower,-0.1341,-0.015330979459101893,37.0,57.0,4.0,12.0,12.0,1.335824966430664,0.6794965838392576,3.0,8.15395900607109,2.6577460291274497,1.935297224477843,2.3530006772490366,0.35625677373116627,0.12371167540550232,2.0,2.0,0.062092483043670654,0.04838880896568298,1.0,0.09677761793136597,0.07112337894606911,0.06550877689276208,0.6524922733421534,0.013703674077987671,0.09677761793136597,12.0,12.0,1.3991785764694213,0.6927637040615082,3.4,8.313164448738098,7.5722289144992825,2.3593823505063996,0.4,0.3,0.01241849660873413,0.009677761793136596,0.2,0.019355523586273193,0.010364323854446411,0.13049845466843069,-1,0.0,0.0
2022-01-20,41752.0,40708.0,43508.0,40708.0,20930163211.171124,774235809673.4731,-1.0,1.0,lower,-0.1089,-0.025274817967179373,38.0,58.0,4.0,12.0,12.0,1.3640443086624146,0.7153261452913284,3.0,8.583913743495941,2.7764601728560265,2.0054257142499763,2.3588162199466525,0.3615283716168884,0.1607094705104828,2.0,2.0,0.06340420246124268,0.04415315389633179,1.0,0.08830630779266357,0.06811907030841975,0.06465959706415293,0.594829440233279,0.01925104856491089,0.576943566497288,12.0,12.0,1.3807187795639038,0.7073748427132764,3.4,8.488498112559318,7.7680254727602005,2.3615766082234737,0.8,0.4,0.025099337100982666,0.018508392572402953,0.4,0.03701678514480591,0.018508392572402953,0.2494643427150865,-1,0.0,0.0
2022-01-21,40667.0,36509.0,41179.0,35762.0,38296960033.31628,692855029162.9379,-1.0,0.0,time,0.0098,-0.10886582779347702,39.0,59.0,4.0,12.0,12.0,1.8698698282241821,0.658364030222098,2.0,7.900368362665176,2.752534362495261,2.1369722448908863,2.2905595596041577,0.4448901607170201,0.731761246919632,2.0,2.0,0.05295926332473755,0.036879509687423706,1.0,0.07375901937484741,0.05689739382118458,0.054007837363033794,0.5948286926939941,0.016079753637313843,0.6407323627027565,12.0,12.0,1.4301044702529908,0.6947507103284201,3.2,8.33700852394104,7.851058545708656,2.349166733160488,1.2,0.6,0.03569118976593018,0.025884294509887697,0.6,0.05176858901977539,0.025884294509887697,0.3684300812538853,-1,0.0,0.0
2022-01-22,36385.0,35180.0,36801.0,34020.0,35517336417.257744,666220701468.4846,-1.0,0.0,time,0.0579,-0.03708106622679605,40.0,60.0,4.0,12.0,12.0,1.6653913259506226,0.6116835412879785,2.0,7.340202495455742,2.4978430659405384,1.9157830234558537,2.3189109871958316,0.3818091719995739,0.6601839959621429,2.0,2.0,0.047167956829071045,0.032846540212631226,1.0,0.06569308042526245,0.05067540187983986,0.04810185084326796,0.5948277096362884,0.01432141661643982,0.35526202588119643,12.0,12.0,1.5115031003952026,0.674715011070172,2.8,8.096580132842064,7.906327325105667,2.3354186904499556,1.6,0.8,0.04512478113174438,0.03245360255241394,0.8,0.06490720510482788,0.03245360255241394,0.48739562318114305,-1,0.0,0.0
2022-01-23,35219.0,36306.0,36706.0,34805.0,22865032968.608204,687575973800.0704,-1.0,0.0,time,0.0417,0.03150527755882725,41.0,61.0,4.0,12.0,12.0,1.6260658502578735,0.5558040700852871,2.0,6.669648841023445,2.328257622384037,1.827393443599318,2.2981480560058056,0.3779071297189431,0.3193899691104889,1.0,1.0,0.046054184436798096,0.046054184436798096,0.0,0.046054184436798096,0.046054184436798096,0.0460541844367981,-0.0,0.0,0.9529945815212634,12.0,12.0,1.5722392559051515,0.6441348741451899,2.4,7.729618489742279,7.89756041765213,2.323887100000297,1.8,0.9,0.054335618019104005,0.04166443943977356,0.8,0.0741180419921875,0.03705902099609375,0.48739562318114305,-1,0.0,0.0
2022-01-24,36265.0,36774.0,37476.0,33065.0,36385158448.60688,696465421899.37,-1.0,0.0,time,0.0389,0.012808056863410392,42.0,62.0,4.0,12.0,12.0,1.6225539445877075,0.5481260853509108,2.0,6.57751302421093,2.3080195892344455,1.8186227739547,2.2936068314005063,0.37877521467054076,0.03628012537956238,1.0,1.0,0.04595470428466797,0.04595470428466797,0.0,0.04595470428466797,0.04595470428466797,0.045954704284667976,-0.0,0.0,0.002096174012790546,12.0,12.0,1.62958505153656,0.6178607744475206,2.2,7.414329293370247,7.863746871054173,2.312008330830591,1.6,1.0,0.05110806226730347,0.04117761850357056,0.6,0.0639534592628479,0.04165449142456055,0.3568971685127123,-1,0.0,0.0
2022-01-25,36675.0,36989.0,37542.0,35707.0,46168918584.85349,700571452648.8236,-1.0,0.0,time,0.0265,0.00582949741367499,43.0,63.0,4.0,12.0,12.0,1.6428266763687134,0.6040399372577667,2.0,7.248479247093201,2.637888940019085,2.091649121274913,2.246016421846169,0.4636887524916014,0.3870789259672165,1.0,1.0,0.04652887582778931,0.04652887582778931,0.0,0.04652887582778931,0.04652887582778931,0.046528875827789314,-0.0,0.0,0.012100556181983383,12.0,12.0,1.6853415250778199,0.5956035328408082,2.0,7.147242394089699,7.817870253324509,2.2894483712104945,1.4,1.1,0.047732996940612796,0.04165276288986206,0.4,0.055597972869873044,0.04630737900733948,0.2379312804660565,-1,0.0,0.0
2022-01-26,36955.0,36870.0,39216.0,36355.0,26756873749.744743,700165819656.2855,-1.0,0.0,time,0.0447,-0.0032223588992716396,44.0,64.0,4.0,12.0,12.0,1.6012539863586426,0.6085824643572172,2.0,7.302989572286606,2.604029825447798,2.046286418769328,2.2711969667829615,0.44125766667036004,0.20381641387939453,0.0,0.0,0.0,0.0,0.0,0.0,0.0,0.0,0.0,0.0,0.04652887582778931,12.0,12.0,1.631618356704712,0.585647219667832,2.0,7.027766636013984,7.6823875799775125,2.2855758526462546,1.0,1.1,0.03714114427566528,0.03427686095237732,0.2,0.040846168994903564,0.04630737900733948,0.11896554192725768,-1,0.0,0.0
2022-01-27,36886.0,37277.0,37277.0,35580.0,22057410457.280827,702311456032.8538,-1.0,0.0,time,0.041,0.01097830223027956,45.0,65.0,4.0,12.0,12.0,1.5832197666168213,0.5695384082694849,2.0,6.834460899233818,2.51048909963669,2.005045729744853,2.2385897425030588,0.44815060131100437,0.12781859934329987,0.0,0.0,0.0,0.0,0.0,0.0,0.0,0.0,0.0,0.0,0.0,12.0,12.0,1.6151840448379517,0.5772181930641334,2.0,6.9266183167696,7.511599224805832,2.2695116037077,0.6,1.1,0.027707552909851073,0.027707552909851073,0.0,0.027707552909851073,0.04630737900733948,0.0,-1,0.0,0.0
2022-01-28,37367.0,37853.0,38022.0,36244.0,19214103304.052933,717026944842.8334,-1.0,1.0,time,-0.0228,0.015333722503979153,46.0,66.0,4.0,12.0,12.0,1.5614454746246338,0.5708507398764292,2.0,6.850208878517151,2.493171694083254,1.9817493038136376,2.2485789828920506,0.4383166938763532,0.12281300127506256,0.0,0.0,0.0,0.0,0.0,0.0,0.0,0.0,0.0,0.0,0.0,12.0,12.0,1.6022599697113038,0.5802275270223618,2.0,6.962730324268341,7.34617440700531,2.259597789084949,0.4,1.1,0.018496716022491456,0.018496716022491456,0.0,0.018496716022491456,0.04630737900733948,0.0,-1,0.0,0.0
2022-01-29,37782.0,38232.0,38782.0,37422.0,14178650231.62196,722829009646.1814,-1.0,1.0,time,-0.03,0.009962624295545223,47.0,67.0,4.0,12.0,12.0,1.5560699701309204,0.6580568489929041,3.0,7.896682187914848,2.8559585143670465,2.2081109475861553,2.233011695018564,0.4966582693116726,0.026426568627357483,0.0,0.0,0.0,0.0,0.0,0.0,0.0,0.0,0.0,0.0,0.0,12.0,12.0,1.5889631748199462,0.6022136797507603,2.2,7.226564157009125,7.320446725189686,2.2474787618085608,0.2,0.9,0.009305775165557861,0.009305775165557861,0.0,0.009305775165557861,0.03662961721420288,0.0,-1,0.0,0.0
2022-01-30,38254.0,37983.0,38386.0,37504.0,11807185113.633108,719570142321.8397,-1.0,0.0,upper,0.0927,-0.006534170069631306,48.0,68.0,4.0,12.0,12.0,1.5537841320037842,0.6811546472211679,3.0,8.173855766654015,2.884477645021681,2.2115311148401773,2.268668823902384,0.47893557704019535,0.05579294264316559,0.0,0.0,0.0,0.0,0.0,0.0,0.0,0.0,0.0,0.0,0.0,12.0,12.0,1.5711546659469604,0.6176366217434407,2.4,7.411639460921288,7.279440927505493,2.252009242219804,0.0,0.7,0.0,0.0,0.0,0.0,0.027798986434936522,0.0,-1,0.0,0.0
2022-01-31,37995.0,38556.0,38715.0,36832.0,17731563487.283978,727905398095.9747,-1.0,0.0,upper,0.0778,0.014973038715495796,49.0,69.0,4.0,12.0,12.0,1.5655022859573364,0.6668612025678158,3.0,8.00233443081379,2.8831456793053296,2.2240869454056047,2.2363614727045644,0.498002898771238,0.06768926978111267,0.0,0.0,0.0,0.0,0.0,0.0,0.0,0.0,0.0,0.0,0.0,12.0,12.0,1.5640043258666991,0.6292923693855604,2.6,7.551508432626724,7.289637534320354,2.2450421434041243,0.0,0.5,0.0,0.0,0.0,0.0,0.020423084497451782,0.0,-1,0.0,0.0
2022-02-01,38430.0,38836.0,39138.0,38196.0,17109120250.158987,736102274236.6057,-1.0,0.0,upper,0.0705,0.00723592158617684,50.0,70.0,4.0,12.0,12.0,1.6086337566375732,0.6605078727006912,3.0,7.926094472408295,2.916052103918878,2.2708518703592095,2.2108409764516237,0.5218646115911838,0.20061703026294708,0.0,0.0,0.0,0.0,0.0,0.0,0.0,0.0,0.0,0.0,0.0,12.0,12.0,1.5690871238708497,0.6474862622718016,2.8,7.769835147261619,7.348226732015609,2.2394923901938375,0.0,0.3,0.0,0.0,0.0,0.0,0.013853776454925536,0.0,-1,0.0,0.0
2022-02-02,38801.0,37001.0,38900.0,36849.0,16709908527.231106,700645616423.8325,-1.0,0.0,upper,0.1189,-0.048402712201870486,51.0,71.0,4.0,12.0,12.0,1.611364483833313,0.6065354285140833,2.0,7.278425142168999,2.6203380400915264,2.0620783730336325,2.2552943342591294,0.4519908490811836,0.14854799211025238,0.0,0.0,0.0,0.0,0.0,0.0,0.0,0.0,0.0,0.0,0.0,12.0,12.0,1.5790709257125854,0.6546231999993324,2.8,7.8554783999919895,7.409104362130165,2.240835460467253,0.0,0.2,0.0,0.0,0.0,0.0,0.009248358011245728,0.0,-1,0.0,0.0
2022-02-03,37052.0,37101.0,37180.0,36415.0,16136299994.837618,703003347951.7092,-1.0,0.0,upper,0.1162,0.0026989841220017353,52.0,72.0,4.0,12.0,12.0,1.6592644453048706,0.5979893958816925,2.0,7.175872750580311,2.655309662191224,2.1110677467579833,2.2141655339205477,0.47954610406461895,0.22992615401744843,0.0,0.0,0.0,0.0,0.0,0.0,0.0,0.0,0.0,0.0,0.0,12.0,12.0,1.5997098207473754,0.6426097093770902,2.6,7.711316512525082,7.468940334767103,2.2370662282476497,0.0,0.1,0.0,0.0,0.0,0.0,0.004652887582778931,0.0,-1,0.0,0.0
2022-02-04,37282.0,41674.0,41674.0,37128.0,25347215343.882504,777355085535.6107,-1.0,0.0,time,0.063,0.11623350971997881,53.0,73.0,4.0,12.0,12.0,1.7222877740859985,0.6764743855843941,3.0,8.11769262701273,2.9571886631272566,2.294165875954246,2.215580945748381,0.5207009424089616,0.1825127899646759,0.0,0.0,0.0,0.0,0.0,0.0,0.0,0.0,0.0,0.0,0.0,12.0,12.0,1.6334105491638184,0.6416736570497353,2.6,7.7000838845968245,7.555861672759056,2.226448652616849,0.0,0.0,0.0,0.0,0.0,0.0,0.0,0.0,-1,0.0,0.0
2022-02-05,41617.0,41494.0,41957.0,41191.0,16752051696.248552,786295053042.2418,-1.0,0.0,time,0.0502,-0.004328594677060671,54.0,74.0,4.0,12.0,12.0,1.809170126914978,0.6936370606223742,3.0,8.32364472746849,3.0811862387341558,2.4046308944260697,2.1938613841146464,0.5567854295970281,0.33590834587812424,0.0,0.0,0.0,0.0,0.0,0.0,0.0,0.0,0.0,0.0,0.0,12.0,12.0,1.6821441173553466,0.647028828660647,2.6,7.764345943927765,7.657927188277244,2.2179486348988657,0.0,0.0,0.0,0.0,0.0,0.0,0.0,0.0,-1,0.0,0.0
2022-02-06,41518.0,42476.0,42526.0,41387.0,13206494654.908047,804942041477.0581,-1.0,1.0,time,-0.0007,0.02339037207065127,55.0,75.0,4.0,12.0,12.0,1.7639544010162354,0.6269171312451363,3.0,7.523005574941635,2.6920084602349754,2.0935414942797657,2.245660677120427,0.4592211228984269,0.17776638269424438,0.0,0.0,0.0,0.0,0.0,0.0,0.0,0.0,0.0,0.0,0.0,12.0,12.0,1.7132082462310791,0.640310680369536,2.6,7.683728164434433,7.7267816558480265,2.2249125750326266,0.0,0.0,0.0,0.0,0.0,0.0,0.0,0.0,-1,0.0,0.0
2022-02-07,42413.0,43911.0,44476.0,41788.0,24171856714.475758,833392518214.8341,-1.0,1.0,time,-0.0384,0.033225647628320386,56.0,76.0,4.0,12.0,12.0,1.6645773649215698,0.6198037589589754,2.0,7.437645107507706,2.597453091341439,1.9925370891784775,2.2729458688168465,0.4219875754769613,0.36019057035446167,0.0,0.0,0.0,0.0,0.0,0.0,0.0,0.0,0.0,0.0,0.0,12.0,12.0,1.7238508224487306,0.6429643464585146,2.6,7.715572157502175,7.785525278747082,2.2284428819441695,0.0,0.0,0.0,0.0,0.0,0.0,0.0,0.0,-1,0.0,0.0
2022-02-08,43978.0,44184.0,45302.0,42901.0,29024977264.932137,837406846076.2306,-1.0,1.0,time,-0.0448,0.006197874428966801,57.0,77.0,4.0,12.0,12.0,1.5698026418685913,0.6682038412739834,3.0,8.0184460952878,2.838798526512654,2.1581999502132345,2.2431547083831798,0.4744137252274936,0.33588268607854843,0.0,0.0,0.0,0.0,0.0,0.0,0.0,0.0,0.0,0.0,0.0,12.0,12.0,1.7059584617614747,0.6570072355369726,2.8,7.8840868264436725,7.797701669484377,2.234240716836696,0.0,0.0,0.0,0.0,0.0,0.0,0.0,0.0,-1,0.0,0.0
2022-02-09,44166.0,44384.0,44758.0,43309.0,19780565063.098923,841339973338.8694,-1.0,1.0,time,-0.0402,0.004516311533534641,58.0,78.0,4.0,12.0,12.0,1.46337890625,0.596302422384421,3.0,7.155629068613052,2.6100605345759256,2.004148825557285,2.1982222494215558,0.46057003148746956,0.43304500728845596,0.0,0.0,0.0,0.0,0.0,0.0,0.0,0.0,0.0,0.0,0.0,12.0,12.0,1.654176688194275,0.640972842896978,2.8,7.691674114763737,7.69587899968028,2.230768977571331,0.0,0.0,0.0,0.0,0.0,0.0,0.0,0.0,-1,0.0,0.0
2022-02-10,44390.0,43628.0,45694.0,43341.0,27877618433.98099,826942197610.3904,-1.0,0.0,time,0.0215,-0.017179898065924654,59.0,79.0,4.0,12.0,12.0,1.3520474433898926,0.5026248463739952,2.0,6.031498156487942,2.1457968303162755,1.6456503050646174,2.239137597111203,0.362038580205387,0.37189141660928726,0.0,0.0,0.0,0.0,0.0,0.0,0.0,0.0,0.0,0.0,0.0,12.0,12.0,1.5627521514892577,0.6027704000473022,2.6,7.233244800567627,7.498795372247696,2.239824220170642,0.0,0.0,0.0,0.0,0.0,0.0,0.0,0.0,-1,0.0,0.0
2022-02-11,43477.0,42445.0,43926.0,42158.0,23279080009.72499,803706779791.898,-1.0,0.0,time,0.0374,-0.02749002587656531,60.0,80.0,4.0,12.0,12.0,1.3461198806762695,0.5441329957296451,2.0,6.529595948755741,2.2355299999321234,1.6746389974391356,2.282857097915482,0.3469661097878658,0.08704566955566406,0.0,0.0,0.0,0.0,0.0,0.0,0.0,0.0,0.0,0.0,0.0,12.0,12.0,1.4791852474212646,0.5862135729442041,2.4,7.034562875330448,7.359145519882441,2.2472635043296534,0.0,0.0,0.0,0.0,0.0,0.0,0.0,0.0,-1,0.0,0.0
2022-02-12,42437.0,42255.0,43039.0,41914.0,15479727288.782782,799547462142.6093,-1.0,1.0,time,-0.0409,-0.004486430193485452,61.0,81.0,4.0,12.0,12.0,1.5630300045013428,0.6562759721030792,3.0,7.87531166523695,2.75899110916804,2.077971399413984,2.2475748613703064,0.45126249952680836,0.2770112305879593,0.0,0.0,0.0,0.0,0.0,0.0,0.0,0.0,0.0,0.0,0.0,12.0,12.0,1.4588757753372192,0.5935080155730248,2.6,7.122096186876297,7.418834172189236,2.2421893028403455,0.0,0.0,0.0,0.0,0.0,0.0,0.0,0.0,-1,0.0,0.0
2022-02-13,42268.0,42248.0,42751.0,41992.0,12146423251.39967,802059713029.3901,-1.0,1.0,time,-0.0529,-0.00016567459181362007,62.0,82.0,4.0,12.0,12.0,1.5945132970809937,0.6571358696868023,3.0,7.885630436241627,2.812976682546239,2.1247546351709654,2.2120276358022304,0.4770488446166078,0.22191347181797028,0.0,0.0,0.0,0.0,0.0,0.0,0.0,0.0,0.0,0.0,0.0,12.0,12.0,1.4638179063796997,0.5912944212555885,2.6,7.0955330550670626,7.489809940755367,2.2359638883241555,0.0,0.0,0.0,0.0,0.0,0.0,0.0,0.0,-1,0.0,0.0
2022-02-14,42172.0,42635.0,42857.0,41715.0,18090873762.822777,808280617642.0496,-1.0,1.0,lower,-0.062,0.009118496789380818,63.0,83.0,4.0,12.0,12.0,1.6850625276565552,0.6985486422975858,3.0,8.38258370757103,3.101790504034269,2.3789145131890654,2.1643676180694698,0.5601682681010203,0.4981931671500206,0.0,0.0,0.0,0.0,0.0,0.0,0.0,0.0,0.0,0.0,0.0,12.0,12.0,1.5081546306610107,0.6117436652382214,2.6,7.340923982858658,7.516299048811197,2.2291929620537383,0.0,0.0,0.0,0.0,0.0,0.0,0.0,0.0,-1,0.0,0.0
2022-02-15,42626.0,44574.0,44707.0,42527.0,19801081788.555756,848321283143.9929,-1.0,1.0,lower,-0.0943,0.04447521720371131,64.0,84.0,4.0,12.0,12.0,1.6673636436462402,0.7637876638521751,3.0,9.165451966226101,3.219411818567516,2.408794170116728,2.2359122605167387,0.529477203797847,0.09240859746932983,0.0,0.0,0.0,0.0,0.0,0.0,0.0,0.0,0.0,0.0,0.0,12.0,12.0,1.5712178707122804,0.6639762287338575,2.8,7.9677147448062895,7.600479772686958,2.228547894734845,0.0,0.0,0.0,0.0,0.0,0.0,0.0,0.0,-1,0.0,0.0
2022-02-16,44527.0,44063.0,44527.0,43515.0,16847003857.433496,836256083783.791,-1.0,1.0,lower,-0.0828,-0.011530301371888846,65.0,85.0,4.0,12.0,12.0,1.6432896852493286,0.6546300295740366,3.0,7.855560354888439,2.8116635915109485,2.145514062422353,2.222290198482587,0.479840810789283,0.1569071263074875,0.0,0.0,0.0,0.0,0.0,0.0,0.0,0.0,0.0,0.0,0.0,12.0,12.0,1.630651831626892,0.6860756355027358,3.0,8.23290762603283,7.633735250681639,2.2164345148482663,0.0,0.0,0.0,0.0,0.0,0.0,0.0,0.0,-1,0.0,0.0
2022-02-17,43954.0,40563.0,44194.0,40329.0,22270664615.4777,770096677778.6456,-1.0,1.0,lower,-0.0903,-0.08276410698110466,66.0,86.0,4.0,12.0,12.0,1.7292675971984863,0.7733824520061413,3.0,9.280589424073696,3.2042760877285916,2.3768808931025824,2.2572428674555325,0.5074396714172754,0.3701286315917969,0.0,0.0,0.0,0.0,0.0,0.0,0.0,0.0,0.0,0.0,0.0,12.0,12.0,1.6638993501663208,0.7094969314833481,3.0,8.513963177800179,7.818029682338238,2.218368116065312,0.0,0.0,0.0,0.0,0.0,0.0,0.0,0.0,-1,0.0,0.0
2022-02-18,40558.0,40073.0,40994.0,39791.0,20130002755.177864,759881874201.3011,-1.0,1.0,lower,-0.0782,-0.012153530219933288,67.0,87.0,4.0,12.0,12.0,1.8297770023345947,0.7783700289825598,4.0,9.340440347790718,3.33211500035939,2.527398571212732,2.222457653459737,0.565145375943241,0.540058396756649,0.0,0.0,0.0,0.0,0.0,0.0,0.0,0.0,0.0,0.0,0.0,12.0,12.0,1.710952091217041,0.7337437633424997,3.2,8.804925160109997,7.950229107588529,2.220454119596813,0.0,0.0,0.0,0.0,0.0,0.0,0.0,0.0,-1,0.0,0.0
2022-02-19,40056.0,40193.0,40442.0,39763.0,11735183838.17719,761447243939.9269,-1.0,1.0,lower,-0.0812,0.0029900602846683042,68.0,88.0,4.0,12.0,12.0,1.8947392702102661,0.8084943381448587,3.0,9.701932057738304,3.428863946819003,2.5928652928809757,2.2343012881105744,0.571048073578141,0.4845137596130371,0.0,0.0,0.0,0.0,0.0,0.0,0.0,0.0,0.0,0.0,0.0,12.0,12.0,1.7528874397277832,0.7557329025119544,3.2,9.068794830143451,8.204859406501054,2.234440853605034,0.0,0.0,0.0,0.0,0.0,0.0,0.0,0.0,-1,0.0,0.0
2022-02-20,40188.0,38514.0,40188.0,38195.0,15998424231.017673,730381814665.4404,-1.0,0.0,time,0.0206,-0.04267103955176942,69.0,89.0,4.0,12.0,12.0,1.8895899057388306,0.7230064297715822,3.0,8.676077157258987,2.996262651258852,2.2593915928892003,2.2702496061164754,0.4747569821705386,0.09693019092082977,0.0,0.0,0.0,0.0,0.0,0.0,0.0,0.0,0.0,0.0,0.0,12.0,12.0,1.7973326921463013,0.7475766556958356,3.2,8.970919868350029,8.469317306578159,2.2413083227249815,0.0,0.0,0.0,0.0,0.0,0.0,0.0,0.0,-1,0.0,0.0
2022-02-21,38512.0,37060.0,39468.0,36957.0,25174914104.16337,703004241590.1829,-1.0,0.0,time,0.0533,-0.038483590700482385,70.0,90.0,4.0,12.0,12.0,1.806394100189209,0.8198327546318372,3.0,9.837993055582047,3.291068485853097,2.415853639711546,2.3055403458611177,0.48007142105530193,0.36757513880729675,1.0,1.0,0.007167458534240723,0.007167458534240723,0.0,0.007167458534240723,0.007167458534240723,0.007167458534240724,-0.0,0.0,0.007167458534240723,12.0,12.0,1.8299535751342773,0.7806172007073958,3.2,9.367406408488751,8.80015701726079,2.2579583522006876,0.2,0.1,0.0014334917068481445,0.0014334917068481445,0.0,0.0014334917068481445,0.0007167458534240723,-0.0,-1,0.0,0.0
2022-02-22,37162.0,38337.0,38344.0,36546.0,22212181617.200245,727094284067.6588,-1.0,1.0,time,-0.014,0.033877266437462174,71.0,91.0,4.0,12.0,12.0,1.7866909503936768,0.7660272425661484,3.0,9.192326910793781,3.08309821180384,2.276086043406498,2.3062559696658713,0.4531300169732445,0.3125128373503685,1.0,1.0,0.047835469245910645,0.047835469245910645,0.0,0.047835469245910645,0.047835469245910645,0.04783546924591065,-0.0,0.0,0.3787589976411109,12.0,12.0,1.8414382457733154,0.7791461588193973,3.2,9.349753905832767,8.931858541816473,2.2677609726427552,0.4,0.2,0.011000585556030274,0.011000585556030274,0.0,0.011000585556030274,0.005500292778015137,-0.0,-1,0.0,0.0
2022-02-23,38302.0,37372.0,39232.0,37256.0,18507851467.85067,708829287814.1068,-1.0,0.0,upper,0.1455,-0.025493726363966726,72.0,92.0,4.0,12.0,12.0,1.80869722366333,0.7859154207011064,3.0,9.430985048413277,3.1540300056400925,2.320096932971708,2.3079208060067327,0.4597054033589047,0.12767035514116287,1.0,1.0,0.048424720764160156,0.048424720764160156,0.0,0.048424720764160156,0.048424720764160156,0.04842472076416016,-0.0,0.0,0.02708870824498672,12.0,12.0,1.8372222900390625,0.7806552371631066,3.0,9.36786284595728,9.086394003033638,2.2848536031521545,0.6,0.3,0.020685529708862303,0.020685529708862303,0.0,0.020685529708862303,0.010342764854431152,-0.0,-1,0.0,0.0
2022-02-24,37318.0,38363.0,38905.0,34557.0,40839699480.89129,727657714638.0917,-1.0,0.0,upper,0.1193,0.02617169249162984,73.0,93.0,4.0,12.0,12.0,1.3813395500183105,0.7295684050768614,4.0,8.754820860922337,2.81111433291962,1.9955882439058563,2.3511145638348023,0.35533119533159674,0.6613179072737694,1.0,1.0,0.050325870513916016,0.050325870513916016,0.0,0.050325870513916016,0.050325870513916016,0.05032587051391602,-0.0,0.0,0.0874095834733226,12.0,12.0,1.7345423460006715,0.7648700505495072,3.2,9.178440606594085,9.123617718368768,2.308216258297,0.8,0.4,0.03075070381164551,0.03075070381164551,0.0,0.03075070381164551,0.015375351905822754,-0.0,-1,0.0,0.0
2022-02-25,38361.0,39316.0,39610.0,38107.0,22579249141.515377,745763194704.1796,-1.0,0.0,upper,0.0948,0.02453810728204375,74.0,94.0,4.0,12.0,12.0,1.5803005695343018,0.8489599650104841,3.0,10.187519580125809,3.2000872411349355,2.2632494160934677,2.390063874781956,0.3642071393894983,0.30509003251791,1.0,1.0,0.04943287372589111,0.04943287372589111,0.0,0.04943287372589111,0.04943287372589111,0.04943287372589112,-0.0,0.0,0.04105495945580303,12.0,12.0,1.6726844787597657,0.7900607575972874,3.2,9.48072909116745,9.225824479758739,2.332179112030096,1.0,0.5,0.04063727855682373,0.04063727855682373,0.0,0.04063727855682373,0.020318639278411866,-0.0,-1,0.0,0.0
2022-02-26,39256.0,39090.0,39877.0,38826.0,14568201294.74542,741083625917.93,-1.0,0.0,upper,0.1006,-0.00576488089951952,75.0,95.0,4.0,12.0,12.0,1.3308438062667847,0.8270452072223028,4.0,9.924542486667633,3.0780291120537187,2.1468114130986873,2.40163549065397,0.3248355888211788,0.42729082703590393,1.0,1.0,0.04848623275756836,0.04848623275756836,0.0,0.04848623275756836,0.04848623275756836,0.048486232757568366,-0.0,0.0,0.04352893310017512,12.0,12.0,1.5775744199752808,0.7915032481153806,3.4,9.498038977384567,9.43272269293666,2.3513981409886666,1.0,0.6,0.048901033401489255,0.048901033401489255,0.0,0.048901033401489255,0.0251672625541687,-0.0,-1,0.0,0.0
2022-02-27,39179.0,37804.0,39851.0,37421.0,19424397945.619602,717619764688.0872,-1.0,0.0,upper,0.134,-0.03345176267205373,76.0,96.0,4.0,12.0,12.0,1.3861157894134521,0.793944546331962,3.0,9.527334555983543,3.0012132261357416,2.1254706835418817,2.38723907978795,0.3467834959703399,0.5550305992364883,1.0,1.0,0.04681873321533203,0.04681873321533203,0.0,0.04681873321533203,0.04681873321533203,0.04681873321533204,-0.0,0.0,0.07666592430931356,12.0,12.0,1.497459387779236,0.7970867088685433,3.4,9.56504050642252,9.457397206127643,2.367594763013082,1.0,0.7,0.048697686195373534,0.048697686195373534,0.0,0.048697686195373534,0.029849135875701906,-0.0,-1,0.0,0.0
2022-02-28,37788.0,43225.0,44199.0,37588.0,30634280854.538326,819019441071.749,-1.0,1.0,time,-0.0911,0.13400411443654453,77.0,97.0,4.0,12.0,12.0,1.7708196640014648,0.9318409537275633,4.0,11.182091444730759,3.5110586451425645,2.4951085895594285,2.396388332216396,0.39870645562698614,0.2672851234674454,1.0,1.0,0.04744899272918701,0.04744899272918701,0.0,0.04744899272918701,0.04744899272918701,0.04744899272918702,-0.0,0.0,0.028977783970144742,12.0,12.0,1.4898838758468629,0.8262718154738348,3.6,9.915261785686017,9.641562315821648,2.3852882682550147,1.0,0.8,0.048502540588378905,0.048502540588378905,0.0,0.048502540588378905,0.034594035148620604,-0.0,-1,0.0,0.0
2022-03-01,43286.0,44460.0,44755.0,42992.0,27880763034.093914,841254375272.0455,-1.0,1.0,lower,-0.1259,0.028170876966696224,78.0,98.0,4.0,12.0,12.0,1.7584409713745117,0.8797923922538757,3.0,10.557508707046509,3.306040823091065,2.3577383752704857,2.402543605160818,0.3698524573316449,0.17524173855781555,1.0,1.0,0.04711735248565674,0.04711735248565674,0.0,0.04711735248565674,0.04711735248565674,0.047117352485656745,-0.0,0.0,0.015250027169351102,12.0,12.0,1.565304160118103,0.8563166129092377,3.4,10.27579935491085,9.727119980752468,2.395574076520218,1.0,0.9,0.04786083698272705,0.04786083698272705,0.0,0.04786083698272705,0.03930577039718628,-0.0,-1,0.0,0.0
2022-03-02,44417.0,43981.0,44969.0,43471.0,25615956856.40275,834437956671.6672,-1.0,1.0,lower,-0.1151,-0.010832186059927232,79.0,99.0,4.0,12.0,12.0,1.7758526802062988,0.8661724006136259,3.0,10.39406880736351,3.2785914807241934,2.3548738822564923,2.396348362084582,0.38145626294286156,0.12910208106040955,1.0,1.0,0.047583699226379395,0.047583699226379395,0.0,0.047583699226379395,0.047583699226379395,0.0475836992263794,-0.0,0.0,0.02145039168467919,12.0,12.0,1.6044145822525024,0.859759100029866,3.4,10.317109200358392,9.898919145762921,2.3968309739807436,1.0,1.0,0.04749100208282471,0.04749100208282471,0.0,0.04749100208282471,0.04406414031982422,-0.0,-1,0.0,0.0
2022-03-03,43975.0,42492.0,44090.0,41979.0,22366184128.900482,807454920681.7217,-1.0,1.0,lower,-0.1001,-0.034441899558356276,80.0,100.0,4.0,12.0,12.0,1.7922478914260864,0.8721396625041962,3.0,10.465675950050354,3.351345110641639,2.4351723972870327,2.381485491051792,0.41872653761797224,0.1794748604297638,0.0,0.0,0.0,0.0,0.0,0.0,0.0,0.0,0.0,0.0,0.047583699226379395,12.0,12.0,1.6966953992843627,0.8687779910862445,3.2,10.425335893034935,9.96168743520975,2.392800974060308,0.8,0.9,0.037793755531311035,0.037793755531311035,0.0,0.037793755531311035,0.043347394466400145,0.0,-1,0.0,0.0
2022-03-04,42488.0,39200.0,42488.0,38760.0,25121267305.979286,743810477766.2219,-1.0,0.0,time,0.0687,-0.08063907612135016,81.0,101.0,4.0,12.0,12.0,1.7918764352798462,0.9495669479171435,4.0,11.394803375005722,3.6661172255209675,2.648576957617371,2.3703600091174004,0.4672871037828713,0.0749349296092987,0.0,0.0,0.0,0.0,0.0,0.0,0.0,0.0,0.0,0.0,0.0,12.0,12.0,1.7778475284576416,0.8999024714032811,3.4,10.79882965683937,10.181935081630945,2.3894251599261978,0.6,0.8,0.02843000888824463,0.02843000888824463,0.0,0.02843000888824463,0.03856384754180908,0.0,-1,0.0,0.0
2022-03-05,39206.0,39463.0,39624.0,38828.0,14818212144.749968,748197160856.1006,-1.0,0.0,time,0.0001,0.00668677726399887,82.0,102.0,4.0,12.0,12.0,2.126168727874756,0.9164130538702011,3.0,10.996956646442413,3.647466152187694,2.7289925241755717,2.3472556181759203,0.5185118696576454,0.41510698199272156,0.0,0.0,0.0,0.0,0.0,0.0,0.0,0.0,0.0,0.0,0.0,12.0,12.0,1.8489173412323,0.8968168914318084,3.2,10.761802697181702,10.338532241433859,2.3795986171181025,0.4,0.7,0.018940210342407227,0.018940210342407227,0.0,0.018940210342407227,0.03372137546539307,0.0,-1,0.0,0.0
2022-03-06,39466.0,38443.0,39668.0,38254.0,16995562040.606796,729501899968.2964,-1.0,0.0,time,0.0086,-0.026186899299100952,83.0,103.0,4.0,12.0,12.0,2.117032527923584,0.8924233913421631,3.0,10.709080696105957,3.5933065280573215,2.7056513329560476,2.3337599182808395,0.5287420363154097,0.06719416379928589,1.0,1.0,0.04139113426208496,0.04139113426208496,0.0,0.04139113426208496,0.04139113426208496,0.04139113426208497,-0.0,0.0,0.04139113426208496,12.0,12.0,1.9206356525421142,0.899343091249466,3.2,10.792117094993591,10.53395822495222,2.3658418797421072,0.4,0.7,0.01779496669769287,0.01779496669769287,0.0,0.01779496669769287,0.032827901840209964,-0.0,-1,0.0,0.0
2022-03-07,38470.0,38076.0,39455.0,37275.0,24596395439.058964,723198804467.6718,-1.0,0.0,upper,0.0978,-0.009592462372255991,84.0,104.0,4.0,12.0,12.0,1.9806371927261353,0.883829099436601,3.0,10.605949193239212,3.5821651269147994,2.694084927594984,2.3242648695368757,0.5368162684098383,0.47878560423851013,0.0,0.0,0.0,0.0,0.0,0.0,0.0,0.0,0.0,0.0,0.04139113426208496,12.0,12.0,1.9615925550460815,0.902874431014061,3.2,10.834493172168731,10.575801186263561,2.3514251812325657,0.2,0.6,0.008278226852416993,0.008278226852416993,0.0,0.008278226852416993,0.02788461446762085,0.0,-1,0.0,0.0
2022-03-08,38032.0,38733.0,39335.0,37991.0,22556397749.428085,735453953725.9198,-1.0,1.0,time,-0.023,0.017107787471632517,85.0,105.0,4.0,12.0,12.0,2.1435375213623047,0.9014887586236,3.0,10.8178651034832,3.6898119275930377,2.8066833085219294,2.3175514699629893,0.567342362681125,0.554065614938736,0.0,0.0,0.0,0.0,0.0,0.0,0.0,0.0,0.0,0.0,0.0,12.0,12.0,2.031850481033325,0.9087442502379417,3.2,10.904931002855301,10.665133447945118,2.338638377014805,0.2,0.5,0.008278226852416993,0.008278226852416993,0.0,0.008278226852416993,0.023035991191864013,0.0,-1,0.0,0.0
2022-03-09,38736.0,41986.0,42501.0,38736.0,29211702119.448605,796849504897.2562,-1.0,1.0,lower,-0.1036,0.08064427952143943,86.0,106.0,4.0,12.0,12.0,2.286794900894165,1.054039090871811,4.0,12.648469090461731,4.233155098994937,3.146930286932743,2.329034127049096,0.6183055630185578,0.40145841240882874,0.0,0.0,0.0,0.0,0.0,0.0,0.0,0.0,0.0,0.0,0.0,12.0,12.0,2.130834174156189,0.9296386788288753,3.2,11.155664145946503,10.977246901392936,2.3303732006011444,0.2,0.4,0.008278226852416993,0.008278226852416993,0.0,0.008278226852416993,0.01835411787033081,0.0,-1,0.0,0.0
2022-03-10,41913.0,39468.0,42004.0,38909.0,27653455219.04128,749384110700.1091,-1.0,1.0,time,-0.0035,-0.06184601238721048,87.0,107.0,4.0,12.0,12.0,2.2920432090759277,1.02511661251386,3.0,12.30139935016632,4.116205495353052,3.0747321633862454,2.332711532065875,0.6008867647729733,0.12761235237121582,0.0,0.0,0.0,0.0,0.0,0.0,0.0,0.0,0.0,0.0,0.0,12.0,12.0,2.1640090703964234,0.9513793905576071,3.2,11.416552686691285,11.089177691936493,2.327464383379135,0.2,0.3,0.008278226852416993,0.008278226852416993,0.0,0.008278226852416993,0.013609218597412109,0.0,-1,0.0,0.0
2022-03-11,39437.0,38775.0,40183.0,38347.0,23624165274.522385,738267961692.6816,-1.0,0.0,time,0.0598,-0.017714507932317755,88.0,108.0,4.0,12.0,12.0,2.665391683578491,1.0581552535295486,2.0,12.697863042354584,4.476321744543322,3.480856000541819,2.282156799471794,0.7416842249123031,1.1605497002601624,1.0,1.0,0.0006506443023681641,0.0006506443023681641,0.0,0.0006506443023681641,0.0006506443023681641,0.0006506443023681643,-0.0,0.0,0.0006506443023681641,12.0,12.0,2.273680901527405,0.9845257629950842,3.0,11.81430915594101,11.3032131254673,2.317143759617326,0.2,0.3,0.0001301288604736328,0.0001301288604736328,0.0,0.0001301288604736328,0.008962547779083252,-0.0,-1,0.0,0.0
2022-03-12,38751.0,38904.0,39345.0,38751.0,12440826653.84724,738456528057.6692,-1.0,0.0,time,0.0525,0.003321364038882238,89.0,109.0,4.0,12.0,12.0,1.9433082342147827,0.9716657002766927,4.0,11.659988403320312,3.835533763428493,2.8235798954149,2.349541431484404,0.5308568901054841,1.4527493119239807,0.0,0.0,0.0,0.0,0.0,0.0,0.0,0.0,0.0,0.0,0.0006506443023681641,12.0,12.0,2.266215109825134,1.0020930831631025,3.2,12.02511699795723,11.42980508506298,2.3221990720068315,0.2,0.2,0.0001301288604736328,0.0001301288604736328,0.0,0.0001301288604736328,0.004204177856445312,0.0,-1,0.0,0.0
2022-03-13,38814.0,37853.0,39238.0,37768.0,14461647575.513742,718551088031.3688,-1.0,0.0,upper,0.1001,-0.027386836121172885,90.0,110.0,4.0,12.0,12.0,1.923720359802246,0.9906950841347376,4.0,11.888341009616852,3.7844730166471425,2.7207352264017812,2.383725062178358,0.4604811810292851,0.13394927978515625,0.0,0.0,0.0,0.0,0.0,0.0,0.0,0.0,0.0,0.0,0.0,12.0,12.0,2.2222516775131225,1.01993434826533,3.4,12.23921217918396,11.57207159101963,2.3354337904499056,0.2,0.2,0.0001301288604736328,0.0001301288604736328,0.0,0.0001301288604736328,0.004204177856445312,0.0,-1,0.0,0.0
2022-03-14,37867.0,39669.0,39715.0,37709.0,21250969229.221596,751354026218.9767,-1.0,0.0,time,0.0619,0.046859789262483666,91.0,111.0,4.0,12.0,12.0,1.6658295392990112,0.991111695766449,4.0,11.893340349197388,3.730743451409398,2.646081189636208,2.398113934200282,0.42138837770849363,0.5037010312080383,0.0,0.0,0.0,0.0,0.0,0.0,0.0,0.0,0.0,0.0,0.0,12.0,12.0,2.0980586051940917,1.0073488692442578,3.4,12.088186430931092,11.621925288438797,2.349249751880143,0.2,0.2,0.0001301288604736328,0.0001301288604736328,0.0,0.0001301288604736328,0.004204177856445312,0.0,-1,0.0,0.0
2022-03-15,39699.0,39332.0,39781.0,38321.0,20768829817.938637,747642430663.595,-1.0,0.0,time,0.0484,-0.008531589324885729,92.0,112.0,4.0,12.0,12.0,1.650657057762146,0.9404548381765684,4.0,11.28545805811882,3.616150314563318,2.603391621547215,2.374616010885215,0.4530525600229145,0.31111323833465576,0.0,0.0,0.0,0.0,0.0,0.0,0.0,0.0,0.0,0.0,0.0,12.0,12.0,1.9697813749313355,0.9904165143767992,3.6,11.884998172521591,11.650775429606437,2.3576306476440108,0.2,0.2,0.0001301288604736328,0.0001301288604736328,0.0,0.0001301288604736328,0.004204177856445312,0.0,-1,0.0,0.0
2022-03-16,39309.0,41166.0,41551.0,39029.0,34974203468.766266,779761001844.4108,-1.0,1.0,time,-0.0025,0.045574236018899025,93.0,113.0,4.0,12.0,12.0,1.6871411800384521,0.893708348274231,3.0,10.724500179290771,3.4079223810543904,2.4575296168057337,2.3885426609182794,0.4112338764813742,0.21350207924842834,0.0,0.0,0.0,0.0,0.0,0.0,0.0,0.0,0.0,0.0,0.0,12.0,12.0,1.7741312742233277,0.9575271333257357,3.8,11.490325599908829,11.65231737792492,2.378907819933308,0.0,0.1,0.0,0.0,0.0,0.0,6.50644302368164e-05,0.0,-1,0.0,0.0
2022-03-17,41129.0,41002.0,41374.0,40681.0,18861644942.593346,778474325709.8895,-1.0,0.0,time,0.0336,-0.0039918269344253535,94.0,114.0,4.0,12.0,12.0,1.7073241472244263,0.9699972147742907,3.0,11.639966577291489,3.6483010956074162,2.5879229359804667,2.398490479101485,0.41022003487678194,0.16959640383720398,1.0,1.0,0.08864200115203857,0.08864200115203857,0.0,0.08864200115203857,0.08864200115203857,0.08864200115203859,-0.0,0.0,0.08864200115203857,12.0,12.0,1.7269344568252563,0.9571934362252554,3.6,11.486321234703064,11.755719116330146,2.388697629456724,0.2,0.2,0.017728400230407716,0.017728400230407716,0.0,0.017728400230407716,0.008929264545440675,-0.0,-1,0.0,0.0
2022-03-18,40943.0,41837.0,42337.0,40311.0,30316128166.48974,794378970588.3145,-1.0,0.0,time,0.0228,0.020160269462751415,95.0,115.0,4.0,12.0,12.0,1.6405349969863892,0.9565610289573669,4.0,11.478732347488403,3.579436886464075,2.528811609647026,2.4039249929085607,0.39075358803427424,0.20079752802848816,1.0,1.0,0.1192406415939331,0.1192406415939331,0.0,0.1192406415939331,0.1192406415939331,0.11924064159393312,-0.0,0.0,0.057381332809431675,12.0,12.0,1.670297384262085,0.9503666251897812,3.6,11.404399502277375,11.821805840730667,2.3927376156027647,0.4,0.3,0.04157652854919434,0.04157652854919434,0.0,0.04157652854919434,0.020853328704833984,-0.0,-1,0.0,0.0
2022-03-19,41828.0,42202.0,42323.0,41612.0,16580741571.959858,800887993391.0255,-1.0,0.0,time,0.0403,0.008686497818730085,96.0,116.0,4.0,12.0,12.0,1.6203413009643555,0.8918015162150065,4.0,10.701618194580078,3.4080418859814845,2.4446931898141986,2.3809879308055235,0.41543452800688285,0.25414544343948364,1.0,1.0,0.11777293682098389,0.11777293682098389,0.0,0.11777293682098389,0.11777293682098389,0.1177729368209839,-0.0,0.0,0.030414356225608643,12.0,12.0,1.6611997365951539,0.9305045892794925,3.6,11.166055071353913,11.627120751142503,2.3893124149238125,0.6,0.4,0.06513111591339112,0.06513111591339112,0.0,0.06513111591339112,0.03263062238693237,-0.0,-1,0.0,0.0
2022-03-20,42223.0,41283.0,42271.0,41021.0,16856192301.960054,784054464871.6631,-1.0,0.0,time,0.0713,-0.02201682033261068,97.0,117.0,4.0,12.0,12.0,1.6849740743637085,0.924976646900177,4.0,11.099719762802124,3.536773030944337,2.538698267431511,2.3806073587221563,0.4322211918958909,0.3393430709838867,1.0,1.0,0.12247073650360107,0.12247073650360107,0.0,0.12247073650360107,0.12247073650360107,0.12247073650360109,-0.0,0.0,0.09734510790993829,12.0,12.0,1.6680631399154664,0.9274089510242144,3.6,11.128907412290573,11.506952792406082,2.390510684491201,0.8,0.5,0.08962526321411132,0.08962526321411132,0.0,0.08962526321411132,0.04487769603729248,-0.0,-1,0.0,0.0
2022-03-21,41249.0,41062.0,41481.0,40615.0,21335882483.315796,779205413378.8728,-1.0,0.0,upper,0.0766,-0.005367673340681736,98.0,118.0,4.0,12.0,12.0,1.7664260864257812,0.9754902521769205,4.0,11.705883026123047,3.728377147115796,2.672092266373948,2.3799532504702277,0.45477296222300284,0.43096596002578735,2.0,2.0,0.12839090824127197,0.09743881225585938,1.0,0.19487762451171875,0.14458460761590639,0.13407836970289172,0.6418095545399594,0.030952095985412598,1.8173379129360685,12.0,12.0,1.6839201211929322,0.9437653318047523,3.8,11.325183981657029,11.407754790782928,2.3887928024015905,1.2,0.6,0.11530344486236573,0.1091130256652832,0.2,0.1286007881164551,0.06430039405822754,0.12836191090799187,-1,0.0,0.0
2022-03-22,41009.0,42402.0,43080.0,40937.0,28688623151.357098,803937099701.4115,-1.0,0.0,upper,0.0969,0.03211241132619967,99.0,119.0,4.0,12.0,12.0,1.9432436227798462,1.0113820085922878,3.0,12.136584103107452,3.865335275169219,2.789836112373819,2.3847286644043355,0.471353899405519,0.8114625215530396,2.0,2.0,0.14124274253845215,0.10719233751296997,1.0,0.21438467502593994,0.15905739406826613,0.14749950123903774,0.6418094441878336,0.03405040502548218,0.4359426844748938,12.0,12.0,1.7311040163040161,0.9520422905683518,3.8,11.424507486820222,11.455414360761642,2.386040439462161,1.4,0.8,0.12582359313964844,0.11282309293746948,0.4,0.15374932289123536,0.08573886156082153,0.2567237997455586,-1,0.0,0.0
2022-03-23,42370.0,42802.0,42802.0,41868.0,21851891598.642384,810894331277.664,-1.0,0.0,upper,0.0875,0.009389299531177066,100.0,120.0,4.0,12.0,12.0,2.0737714767456055,1.0240494112173717,3.0,12.28859293460846,4.004830186216359,2.933271681546475,2.3581447054826743,0.5365428268906728,0.5776177048683167,2.0,2.0,0.15072989463806152,0.11439239978790283,1.0,0.22878479957580566,0.16974118334229146,0.1574069371202796,0.6418096194748306,0.03633749485015869,0.3218157201135756,12.0,12.0,1.8177513122558593,0.9655399670203526,3.6,11.586479604244232,11.495439553260804,2.3768843819769834,1.6,1.0,0.13212144374847412,0.11185344457626342,0.6,0.17565815448760985,0.1086173415184021,0.3850857236405247,-1,0.0,0.0
2022-03-24,42845.0,43936.0,44133.0,42726.0,26212783703.864426,834251096724.507,-1.0,0.0,upper,0.0673,0.026149199117611228,101.0,121.0,4.0,12.0,12.0,1.9255471229553223,0.9468879078825315,3.0,11.362654894590378,3.701539290881674,2.712243280966502,2.359022652810695,0.4951626501136536,0.7101445496082306,1.0,1.0,0.07247579097747803,0.07247579097747803,0.0,0.07247579097747803,0.07247579097747803,0.07247579097747804,-0.0,0.0,1.4183313062340528,12.0,12.0,1.8787924766540527,0.9765572453538576,3.4,11.718686944246292,11.442371007800102,2.3724913263780176,1.6,1.1,0.12306201457977295,0.10279401540756225,0.6,0.16659872531890868,0.1158649206161499,0.3850857236405247,-1,0.0,0.0
2022-03-25,43939.0,44332.0,44999.0,43721.0,26147756108.07925,842031938721.7855,-1.0,0.0,upper,0.0682,0.008972734327846114,102.0,122.0,4.0,12.0,12.0,1.7450307607650757,0.8260240827997526,3.0,9.91228899359703,3.302447571225278,2.4441967747343627,2.3285374446128864,0.4759526006083018,0.9431236982345581,1.0,1.0,0.0656813383102417,0.0656813383102417,0.0,0.0656813383102417,0.0656813383102417,0.06568133831024171,-0.0,0.0,0.1731824744017346,12.0,12.0,1.8908038139343262,0.9567667325337729,3.2,11.481200790405273,11.305054101347924,2.3620773435561637,1.6,1.2,0.11170413494110107,0.09143613576889038,0.6,0.15524084568023683,0.12243305444717408,0.3850857236405247,-1,0.0,0.0
2022-03-26,44298.0,44511.0,44737.0,44157.0,13676534294.229202,845235093872.7649,1.0,1.0,upper,0.0641,0.004029585723359656,103.0,123.0,4.0,12.0,12.0,1.585216760635376,0.6870430322984854,2.0,8.244516387581825,2.682684623900462,1.9712478056405744,2.3599202998317486,0.35735827640166107,0.6788285225629807,1.0,1.0,0.06064867973327637,0.06064867973327637,0.0,0.06064867973327637,0.06064867973327637,0.060648679733276374,-0.0,0.0,0.12827904921396613,12.0,12.0,1.854561948776245,0.8990772885580858,2.8,10.788927462697028,11.05705572217703,2.358070753428468,1.4,1.3,0.09815568923950195,0.08407810926437378,0.4,0.12839505672454835,0.1284979224205017,0.25672381273253286,1,0.0,0.0
2022-03-27,44483.0,46715.0,46715.0,44413.0,22545392529.67392,887283025181.1342,1.0,0.0,time,-0.0096,0.04832896260815268,104.0,124.0,4.0,12.0,12.0,1.3934662342071533,0.6668811552226543,4.0,8.002573862671852,2.5712682391956885,1.8527920444027035,2.3661430066869307,0.32591597276026946,0.6801950037479401,0.0,0.0,0.0,0.0,0.0,0.0,0.0,0.0,0.0,0.0,0.06064867973327637,12.0,12.0,1.7446064710617066,0.830177117884159,3.0,9.96212541460991,10.693316450715065,2.3543536218849868,1.0,1.2,0.06990714073181152,0.06263964176177979,0.2,0.08551812171936035,0.11963372230529785,0.12836192389496612,1,0.0,0.0
2022-03-28,46723.0,46995.0,48079.0,46660.0,30051327357.066643,892747620147.7012,1.0,0.0,time,-0.0248,0.005975900827345874,105.0,125.0,4.0,12.0,12.0,1.2867169380187988,0.6002456918358803,3.0,7.202948302030563,2.3195868209293304,1.6799310236492035,2.3661939372202445,0.29678054925857006,0.48871420323848724,0.0,0.0,0.0,0.0,0.0,0.0,0.0,0.0,0.0,0.0,0.0,12.0,12.0,1.5871955633163453,0.7454163740078609,3.0,8.94499648809433,10.26573804616928,2.355963468232501,0.6,1.1,0.03976116180419922,0.03976116180419922,0.0,0.03976116180419922,0.10770965814590454,0.0,1,0.0,0.0
2022-03-29,47061.0,47459.0,47967.0,47061.0,26128040680.825665,901430001888.9999,1.0,0.0,time,-0.0218,0.00982496733831658,106.0,126.0,4.0,12.0,12.0,1.1932240724563599,0.5420049751798311,3.0,6.504059702157974,2.12406546160901,1.5498323467539237,2.3487940396076876,0.28670852907962474,0.4487999677658081,0.0,0.0,0.0,0.0,0.0,0.0,0.0,0.0,0.0,0.0,0.0,12.0,12.0,1.4407309532165526,0.6644397874673207,3.0,7.973277449607849,9.845982196927071,2.3539177455918994,0.4,1.0,0.025266003608703614,0.025266003608703614,0.0,0.025266003608703614,0.09593236446380615,0.0,1,0.0,0.0
2022-03-30,47451.0,47063.0,47651.0,46751.0,24497248306.346912,895356010540.8462,1.0,0.0,time,-0.0094,-0.008379050736918347,107.0,127.0,4.0,12.0,12.0,0.7838903665542603,0.4481148136158784,3.0,5.377377763390541,1.6921756276462534,1.196597451750029,2.388311998831955,0.19445987602760764,0.7003208696842194,0.0,0.0,0.0,0.0,0.0,0.0,0.0,0.0,0.0,0.0,0.0,12.0,12.0,1.2485028743743896,0.588857933630546,3.0,7.066295203566551,9.273747996985913,2.3658726564357133,0.2,0.9,0.012129735946655274,0.012129735946655274,0.0,0.012129735946655274,0.08368529081344604,0.0,1,0.0,0.0
2022-03-31,47031.0,45528.0,47468.0,45363.0,27736469645.537262,865010142444.9791,1.0,1.0,time,0.0023,-0.033159608372840155,108.0,128.0,4.0,12.0,12.0,0.9369010925292969,0.5116122998297215,4.0,6.139347597956657,1.9519877438687825,1.3859312590935242,2.3733283775879306,0.23616562129313307,0.13840113580226898,0.0,0.0,0.0,0.0,0.0,0.0,0.0,0.0,0.0,0.0,0.0,12.0,12.0,1.1188397407531738,0.5537717871367931,3.4,6.645261445641518,8.717094454169274,2.3685542719869495,0.0,0.7,0.0,0.0,0.0,0.0,0.06419752836227417,0.0,1,0.0,0.0
2022-04-01,45528.0,46270.0,46658.0,44347.0,32948605532.135277,879144224206.3806,1.0,0.0,lower,-0.0687,0.016166281618085507,109.0,129.0,4.0,12.0,12.0,0.9477055668830872,0.49797942241032916,3.0,5.97575306892395,1.9019205243334756,1.3569881052402926,2.3752600421637333,0.23121051359302816,0.12188969552516937,0.0,0.0,0.0,0.0,0.0,0.0,0.0,0.0,0.0,0.0,0.0,12.0,12.0,1.0296876072883605,0.519991440574328,3.2,6.239897286891937,8.101011350750923,2.3703776790823103,0.0,0.5,0.0,0.0,0.0,0.0,0.042759060859680176,0.0,1,0.0,0.0
2022-04-02,46229.0,45842.0,47026.0,45804.0,24803837259.76474,871050305858.7916,1.0,0.0,lower,-0.0594,-0.009293101446733646,110.0,130.0,4.0,12.0,12.0,0.9780886173248291,0.530532393604517,4.0,6.366388723254204,2.055806726943597,1.4729652521972174,2.3549183578739044,0.2659520399404261,0.193942129611969,0.0,0.0,0.0,0.0,0.0,0.0,0.0,0.0,0.0,0.0,0.0,12.0,12.0,0.9679619431495666,0.5060487809280554,3.4,6.0725853711366655,7.508790929615498,2.3681225632130425,0.0,0.3,0.0,0.0,0.0,0.0,0.01988058090209961,0.0,1,0.0,0.0
2022-04-03,45847.0,46435.0,47322.0,45667.0,21510196790.30345,882346640419.069,1.0,0.0,lower,-0.0722,0.01285278375579706,111.0,131.0,4.0,12.0,12.0,1.0571924448013306,0.5145771913230419,3.0,6.174926295876503,2.0279563971585497,1.4774718713376926,2.340373296640223,0.27915511202217536,0.29919931292533875,0.0,0.0,0.0,0.0,0.0,0.0,0.0,0.0,0.0,0.0,0.0,12.0,12.0,0.9407556176185607,0.5005632241566975,3.4,6.006758689880371,6.99001806974411,2.3664384146195494,0.0,0.2,0.0,0.0,0.0,0.0,0.012633001804351807,0.0,1,0.0,0.0
2022-04-04,46361.0,46623.0,46819.0,45277.0,28019309650.72574,885584977681.2438,1.0,0.0,lower,-0.0763,0.004040496373612807,112.0,132.0,4.0,12.0,12.0,1.0979803800582886,0.6080449844400088,4.0,7.296539813280106,2.3773285401022037,1.7122799029326226,2.3438710817504886,0.31820676589714814,0.2089240700006485,0.0,0.0,0.0,0.0,0.0,0.0,0.0,0.0,0.0,0.0,0.0,12.0,12.0,1.0035736203193664,0.5325492583215236,3.6,6.390591099858284,6.728443151712417,2.3575502312032564,0.0,0.1,0.0,0.0,0.0,0.0,0.006064867973327637,0.0,1,0.0,0.0
2022-04-05,46610.0,45635.0,47077.0,45635.0,25474063861.60569,867247321783.443,1.0,0.0,lower,-0.0549,-0.021419015632743926,113.0,133.0,4.0,12.0,12.0,1.203223466873169,0.626558493822813,3.0,7.518701925873756,2.454286324514206,1.7824654706490506,2.347488257901692,0.33073337808060566,0.4549105018377304,0.0,0.0,0.0,0.0,0.0,0.0,0.0,0.0,0.0,0.0,0.0,12.0,12.0,1.0568380951881409,0.555538497120142,3.4,6.666461965441703,6.655861705541611,2.3523822072660083,0.0,0.0,0.0,0.0,0.0,0.0,0.0,0.0,1,0.0,0.0
2022-04-06,45561.0,43199.0,45561.0,43199.0,34113818641.77575,820983263462.4961,1.0,0.0,lower,-0.0869,-0.054857619134846665,114.0,134.0,4.0,12.0,12.0,1.2570346593856812,0.7393456324934959,4.0,8.872147589921951,2.8261120398775996,2.011402324846806,2.3732144238457145,0.34488230969595934,0.3119804710149765,0.0,0.0,0.0,0.0,0.0,0.0,0.0,0.0,0.0,0.0,0.0,12.0,12.0,1.1187039136886596,0.6038117391367753,3.6,7.245740869641304,6.742819078266621,2.3519730836024046,0.0,0.0,0.0,0.0,0.0,0.0,0.0,0.0,1,0.0,0.0
2022-04-07,43237.0,43515.0,43869.0,42867.0,22960138784.304127,827032889944.6309,1.0,0.0,lower,-0.0942,0.007288359407483065,115.0,135.0,4.0,12.0,12.0,1.3359781503677368,0.7366611063480377,4.0,8.839933276176453,2.8496430968590793,2.048548731634251,2.3616035077123962,0.3661091312943934,0.3396991789340973,0.0,0.0,0.0,0.0,0.0,0.0,0.0,0.0,0.0,0.0,0.0,12.0,12.0,1.1902818202972412,0.6450374816854795,3.6,7.740449780225754,6.906517575681209,2.3533101135701027,0.0,0.0,0.0,0.0,0.0,0.0,0.0,0.0,1,0.0,0.0
2022-04-08,43488.0,42316.0,43916.0,42212.0,24202906401.166885,804272478980.6077,1.0,0.0,lower,-0.0662,-0.027940441116948905,116.0,136.0,4.0,12.0,12.0,1.354727864265442,0.7339987034598986,4.0,8.807984441518784,2.8321450981514404,2.0362358127354816,2.365660679015283,0.36009219847300733,0.14859524369239807,0.0,0.0,0.0,0.0,0.0,0.0,0.0,0.0,0.0,0.0,0.0,12.0,12.0,1.2497889041900634,0.6889217841128508,3.8,8.26706140935421,7.13691004961729,2.358367590045115,0.0,0.0,0.0,0.0,0.0,0.0,0.0,0.0,1,0.0,0.0
2022-04-09,42307.0,42796.0,42807.0,42259.0,13949535311.5313,812734148492.5116,1.0,0.0,lower,-0.0775,0.01127937515183209,117.0,137.0,4.0,12.0,12.0,1.375137209892273,0.7093921452760696,3.0,8.512705743312836,2.753521695217994,2.000055599315781,2.3639253952362713,0.35858926558152443,0.23343762755393982,0.0,0.0,0.0,0.0,0.0,0.0,0.0,0.0,0.0,0.0,0.0,12.0,12.0,1.3052202701568603,0.7091912162800631,3.6,8.510294595360756,7.45044284760952,2.3623784527422713,0.0,0.0,0.0,0.0,0.0,0.0,0.0,0.0,1,0.0,0.0
2022-04-10,42807.0,42275.0,43420.0,42041.0,14936318818.778025,803574629064.9272,1.0,0.0,lower,-0.0653,-0.012248745491716142,118.0,138.0,4.0,12.0,12.0,1.4252287149429321,0.8239139889677366,4.0,9.886967867612839,3.1460490753256547,2.2451717791649655,2.3776148324244404,0.3820573309679974,0.23981964588165283,0.0,0.0,0.0,0.0,0.0,0.0,0.0,0.0,0.0,0.0,0.0,12.0,12.0,1.349621319770813,0.7486623153090477,3.8,8.983947783708572,7.825204874575138,2.368403767646821,0.0,0.0,0.0,0.0,0.0,0.0,0.0,0.0,1,0.0,0.0
2022-04-11,42249.0,39604.0,42418.0,39444.0,30168665078.21043,752680814425.1921,1.0,1.0,time,0.0211,-0.06526577152437575,119.0,139.0,4.0,12.0,12.0,1.33991277217865,0.8182466526826223,5.0,9.818959832191467,3.13519391632873,2.230479521391826,2.3694847026758703,0.38677188340037605,0.46053099632263184,0.0,0.0,0.0,0.0,0.0,0.0,0.0,0.0,0.0,0.0,0.0,12.0,12.0,1.3661969423294067,0.764442519346873,4.0,9.173310232162475,8.20952555090189,2.367657823412852,0.0,0.0,0.0,0.0,0.0,0.0,0.0,0.0,1,0.0,0.0
2022-04-12,39553.0,40206.0,40660.0,39445.0,27804694935.48352,764314681923.3135,1.0,0.0,time,-0.0117,0.015086114958820547,120.0,140.0,4.0,12.0,12.0,1.2163009643554688,0.6945410296320915,4.0,8.334492355585098,2.637116142665616,1.8745280697610667,2.383966355377272,0.31168021108698196,0.50763800740242,0.0,0.0,0.0,0.0,0.0,0.0,0.0,0.0,0.0,0.0,0.0,12.0,12.0,1.342261505126953,0.7560185040036838,4.0,9.072222048044205,8.40633591413498,2.3721303929458273,0.0,0.0,0.0,0.0,0.0,0.0,0.0,0.0,1,0.0,0.0
2022-04-13,40101.0,41205.0,41444.0,39731.0,25453869985.971855,783560801481.9719,1.0,0.0,time,-0.009,0.0245433699962583,121.0,141.0,4.0,12.0,12.0,1.1727482080459595,0.6290782044331232,3.0,7.548938453197479,2.387583572072008,1.706503160826216,2.3883879316877694,0.28161478804010837,0.22391176223754883,0.0,0.0,0.0,0.0,0.0,0.0,0.0,0.0,0.0,0.0,0.0,12.0,12.0,1.3058655738830567,0.7350344041983287,3.8,8.820412850379943,8.543737129867077,2.376675843480325,0.0,0.0,0.0,0.0,0.0,0.0,0.0,0.0,1,0.0,0.0
2022-04-14,41232.0,39959.0,41523.0,39708.0,22744792147.00975,759703443634.6515,1.0,1.0,time,0.0378,-0.030705679773150273,122.0,142.0,4.0,12.0,12.0,1.1217883825302124,0.6549490143855413,4.0,7.859388172626495,2.464425669831944,1.7463677003870874,2.397097295277259,0.2777731905697407,0.29911866784095764,0.0,0.0,0.0,0.0,0.0,0.0,0.0,0.0,0.0,0.0,0.0,12.0,12.0,1.2551958084106445,0.724145778020223,4.0,8.689749336242675,8.600021965801716,2.3833102234885226,0.0,0.0,0.0,0.0,0.0,0.0,0.0,0.0,1,0.0,0.0
2022-04-15,39994.0,40587.0,40709.0,39877.0,22053774554.17729,771666602547.5923,1.0,1.0,time,0.0198,0.015593889847136319,123.0,143.0,4.0,12.0,12.0,1.0713790655136108,0.6904847249388695,4.0,8.285816699266434,2.566813885809791,1.7983872199284523,2.4091613189881578,0.2688406684108459,0.22404628992080688,0.0,0.0,0.0,0.0,0.0,0.0,0.0,0.0,0.0,0.0,0.0,12.0,12.0,1.1844258785247803,0.6974599252144495,4.0,8.369519102573395,8.676733443140984,2.389619520801266,0.0,0.0,0.0,0.0,0.0,0.0,0.0,0.0,1,0.0,0.0
2022-04-16,40592.0,40450.0,40676.0,40086.0,15777789210.238447,770439827829.2395,1.0,1.0,time,0.002,-0.0033811747848321604,124.0,144.0,4.0,12.0,12.0,1.0293020009994507,0.6078342348337173,4.0,7.294010818004608,2.2409405904024498,1.56718721851522,2.4209088492976956,0.22140935791774766,0.23625993728637695,0.0,0.0,0.0,0.0,0.0,0.0,0.0,0.0,0.0,0.0,0.0,12.0,12.0,1.1223037242889404,0.6553774416446686,3.8,7.864529299736023,8.51891976594925,2.399904350125631,0.0,0.0,0.0,0.0,0.0,0.0,0.0,0.0,1,0.0,0.0
2022-04-17,40443.0,39739.0,40593.0,39659.0,16627779441.567648,755627152747.4514,1.0,1.0,time,0.0005,-0.017733570260598193,125.0,145.0,4.0,12.0,12.0,1.0089704990386963,0.562975304822127,3.0,6.755703657865524,2.079546343623922,1.4631267857934203,2.421527792775953,0.20841038625846275,0.17566251754760742,0.0,0.0,0.0,0.0,0.0,0.0,0.0,0.0,0.0,0.0,0.0,12.0,12.0,1.0808376312255858,0.6290642966826756,3.6,7.548771560192108,8.310496804118156,2.407416637605367,0.0,0.0,0.0,0.0,0.0,0.0,0.0,0.0,1,0.0,0.0
2022-04-18,39717.0,40834.0,40950.0,38780.0,30617039399.980103,776463403746.4385,-1.0,1.0,time,-0.0316,0.027181994470105407,126.0,146.0,4.0,12.0,12.0,1.0311046838760376,0.522744552542766,2.0,6.272934630513191,1.9778635858120517,1.4177488124413131,2.39352927975686,0.22963775051220506,0.26600632071495056,0.0,0.0,0.0,0.0,0.0,0.0,0.0,0.0,0.0,0.0,0.0,12.0,12.0,1.0525089263916017,0.6077975663046042,3.4,7.293570795655251,8.056991823017597,2.4084449072191854,0.0,0.0,0.0,0.0,0.0,0.0,0.0,0.0,-1,0.0,0.0
2022-04-19,40833.0,41498.0,41653.0,40646.0,22717772925.289574,789141783336.2104,-1.0,1.0,time,-0.0457,0.016130165590251436,127.0,147.0,4.0,12.0,12.0,1.107298493385315,0.6227463943262895,3.0,7.472956731915474,2.355829248273554,1.6796258909967332,2.3907989111671912,0.2732786409607733,0.3919636756181717,0.0,0.0,0.0,0.0,0.0,0.0,0.0,0.0,0.0,0.0,0.0,12.0,12.0,1.0496109485626222,0.6013570422927539,3.2,7.216284507513047,7.953016921877861,2.4071852303971717,0.0,0.0,0.0,0.0,0.0,0.0,0.0,0.0,-1,0.0,0.0
2022-04-20,41468.0,41397.0,42142.0,40959.0,24937668255.073463,787437397453.9304,-1.0,1.0,time,-0.0316,-0.0024368188667323347,128.0,148.0,4.0,12.0,12.0,1.1639126539230347,0.6169924549758434,3.0,7.403909459710121,2.3471107984904047,1.6760604458297776,2.3822254464372508,0.2799959562840221,0.3681779205799103,0.0,0.0,0.0,0.0,0.0,0.0,0.0,0.0,0.0,0.0,0.0,12.0,12.0,1.0681176662445069,0.5866585883001487,3.0,7.039903059601784,7.70471108108759,2.40179805588699,0.0,0.0,0.0,0.0,0.0,0.0,0.0,0.0,-1,0.0,0.0
2022-04-21,41384.0,40529.0,42859.0,39975.0,32131220615.550182,770787243369.5001,-1.0,1.0,lower,-0.0597,-0.021190647183363318,129.0,149.0,4.0,12.0,12.0,1.188111662864685,0.598225973546505,2.0,7.17871168255806,2.2770466685658284,1.6358646487445487,2.3851798781103355,0.27240437859286426,0.2639998346567154,0.0,0.0,0.0,0.0,0.0,0.0,0.0,0.0,0.0,0.0,0.0,12.0,12.0,1.0998795986175538,0.5847369360427062,2.6,7.016843232512474,7.440686266124248,2.394652261649518,0.0,0.0,0.0,0.0,0.0,0.0,0.0,0.0,-1,0.0,0.0
2022-04-22,40432.0,39757.0,40776.0,39265.0,46022063018.95215,756144456297.8489,-1.0,1.0,time,-0.0297,-0.01923184102878764,130.0,150.0,4.0,12.0,12.0,1.2413809299468994,0.5943984612822533,2.0,7.132781535387039,2.2286613661387022,1.5874626920146537,2.40217597950668,0.24617356946246657,0.3829975724220276,0.0,0.0,0.0,0.0,0.0,0.0,0.0,0.0,0.0,0.0,0.0,12.0,12.0,1.1463616847991944,0.5910215673347314,2.4,7.092258808016777,7.320515184104442,2.3907818989956633,0.0,0.0,0.0,0.0,0.0,0.0,0.0,0.0,-1,0.0,0.0
2022-04-23,39757.0,39562.0,39966.0,39347.0,15010797471.968071,752414150959.3553,-1.0,1.0,time,-0.0059,-0.004916864631491924,131.0,151.0,4.0,12.0,12.0,1.2995942831039429,0.6134282648563385,2.0,7.361139178276062,2.310818257205419,1.652625758791707,2.397585717720238,0.2620989292134414,0.2768366038799286,1.0,1.0,0.0316309928894043,0.0316309928894043,0.0,0.0316309928894043,0.0316309928894043,0.031630992889404304,-0.0,0.0,0.0316309928894043,12.0,12.0,1.2000596046447753,0.609158309797446,2.4,7.309899717569351,7.301735256612301,2.391593186588339,0.2,0.1,0.006326198577880859,0.006326198577880859,0.0,0.006326198577880859,0.0031630992889404297,-0.0,-1,0.0,0.0
2022-04-24,39499.0,39643.0,39872.0,39299.0,16778683767.597218,752446283899.8965,-1.0,1.0,time,-0.0347,0.00204532613440231,132.0,152.0,4.0,12.0,12.0,1.448560357093811,0.6254478227347136,2.0,7.505373872816563,2.462855859359633,1.8015958376119794,2.335410803648452,0.3380630163666425,0.43691226840019226,1.0,1.0,0.03525674343109131,0.03525674343109131,0.0,0.03525674343109131,0.03525674343109131,0.035256743431091316,-0.0,0.0,0.17165603413218725,12.0,12.0,1.2683119773864746,0.6096985954791307,2.2,7.316383145749569,7.266333826631308,2.3805155650845915,0.4,0.2,0.013377547264099121,0.013377547264099121,0.0,0.013377547264099121,0.0066887736320495605,-0.0,-1,0.0,0.0
2022-04-25,39469.0,40111.0,40332.0,37715.0,32883645913.964718,770112436973.4149,-1.0,1.0,lower,-0.0494,0.011736223181435839,133.0,153.0,4.0,12.0,12.0,1.783799409866333,0.7008031116177639,2.0,8.409637339413166,2.8257678690619343,2.1161286006310873,2.3146857311824562,0.41747894505642885,0.8075507581233978,1.0,1.0,0.04341614246368408,0.04341614246368408,0.0,0.04341614246368408,0.04341614246368408,0.04341614246368409,-0.0,0.0,0.38630142130829276,12.0,12.0,1.3922893285751343,0.6264607268075147,2.0,7.517528721690178,7.278715890645981,2.3670076220336322,0.6,0.3,0.02206077575683594,0.02206077575683594,0.0,0.02206077575683594,0.01103038787841797,-0.0,-1,0.0,0.0
2022-04-26,40458.0,38179.0,40607.0,37472.0,31053018153.386673,725434540422.046,-1.0,1.0,time,-0.0008,-0.04936498467854532,134.0,154.0,4.0,12.0,12.0,1.5675090551376343,0.7737623639404774,5.0,9.285148367285728,2.995563317691013,2.1440906804680746,2.350748386733636,0.3861024518707135,0.58282021433115,1.0,1.0,0.05057024955749512,0.05057024955749512,0.0,0.05057024955749512,0.05057024955749512,0.050570249557495124,-0.0,0.0,0.3387041444156932,12.0,12.0,1.468168807029724,0.6615680048863093,2.6,7.9388160586357115,7.477829645574093,2.3601213237582925,0.8,0.4,0.03217482566833496,0.03217482566833496,0.0,0.03217482566833496,0.01608741283416748,-0.0,-1,0.0,0.0
2022-04-27,38134.0,38595.0,39390.0,36902.0,28170490245.865635,746473028158.29,-1.0,1.0,time,-0.0146,0.010837108170640302,135.0,155.0,4.0,12.0,12.0,1.4983574151992798,0.75990791618824,5.0,9.11889499425888,2.941255777845473,2.104466019649787,2.3520767754801115,0.37875509432027643,0.21976132690906525,2.0,2.0,0.15928983688354492,0.10550397634506226,1.0,0.2110079526901245,0.16747541800804416,0.16108680583429152,0.5568879907087967,0.053785860538482666,2.436749662637662,12.0,12.0,1.5195641040802002,0.6946698958675066,3.2,8.33603875041008,7.714148779213429,2.3501014829529785,1.2,0.6,0.06403279304504395,0.05327562093734741,0.2,0.07437641620635986,0.03718820810317993,0.11137759814175933,-1,0.0,0.0
2022-04-28,39224.0,39328.0,40184.0,37265.0,31484572271.03238,756090806420.8264,-1.0,1.0,lower,-0.0546,0.01881399898180703,136.0,156.0,4.0,12.0,12.0,1.2911380529403687,0.7620448246598244,5.0,9.144537895917892,2.8921766407603484,2.0402462241101995,2.3758994558847575,0.3410935775646159,0.5495480000972748,0.0,0.0,0.0,0.0,0.0,0.0,0.0,0.0,0.0,0.0,0.2110079526901245,12.0,12.0,1.5178728580474854,0.7243932078282038,3.8,8.692718493938447,8.001309105753899,2.345764230585883,1.0,0.6,0.057706594467163086,0.04694942235946655,0.2,0.068050217628479,0.03718820810317993,0.11137759814175933,-1,0.0,0.0
2022-04-29,39742.0,38292.0,39847.0,37743.0,27758348826.409065,735829877665.6912,-1.0,0.0,time,0.0293,-0.0266957362995176,137.0,157.0,4.0,12.0,12.0,1.4925235509872437,0.7929295562207699,4.0,9.515154674649239,3.051305592389399,2.1794775033111047,2.361787717999593,0.38358163457570277,0.07236041128635406,1.0,1.0,0.15927612781524658,0.15927612781524658,0.0,0.15927612781524658,0.15927612781524658,0.1592761278152466,-0.0,0.0,0.15927612781524658,12.0,12.0,1.526665496826172,0.7578895545254151,4.2,9.094674654304981,8.205528900027275,2.351039613456111,1.0,0.7,0.08251047134399414,0.07175329923629761,0.2,0.09285409450531006,0.05311582088470459,0.11137759814175933,-1,1.0,-1.0
2022-04-30,38651.0,38279.0,38756.0,37628.0,20955789685.355682,719611115951.2947,-1.0,1.0,lower,-0.0632,-0.00033955414255800907,138.0,158.0,4.0,12.0,12.0,1.7666585445404053,0.8664112538099289,4.0,10.396935045719147,3.364146667277422,2.4251309489139605,2.3532643609417994,0.43869705475531656,0.42940346896648407,1.0,1.0,0.1713399887084961,0.1713399887084961,0.0,0.1713399887084961,0.1713399887084961,0.17133998870849612,-0.0,0.0,0.16784613880601515,12.0,12.0,1.5232373237609864,0.7910111829638481,4.6,9.492134195566177,8.504831458628178,2.35875533940798,1.0,0.8,0.10809524059295654,0.09733806848526001,0.2,0.11843886375427246,0.0702498197555542,0.11137759814175933,-1,1.0,-1.0
2022-05-01,37821.0,38148.0,38582.0,37070.0,24857664487.014507,733294957352.5364,-1.0,1.0,lower,-0.0598,-0.0034281112248827892,139.0,159.0,4.0,12.0,12.0,1.6804335117340088,0.8462021934489409,4.0,10.154426321387291,3.310409163931645,2.398486861140217,2.346343391192946,0.4440449495142194,0.5611514300107956,1.0,1.0,0.18094635009765625,0.18094635009765625,0.0,0.18094635009765625,0.18094635009765625,0.18094635009765628,-0.0,0.0,0.13365533340272445,12.0,12.0,1.5458222150802612,0.8054991488655409,4.4,9.66598978638649,8.802402922511101,2.3578743402998414,1.0,0.9,0.13417046070098876,0.12341328859329223,0.2,0.1445140838623047,0.08834445476531982,0.11137759814175933,-1,1.0,-1.0
2022-05-02,38538.0,38034.0,39037.0,37693.0,29825308569.42226,733787526677.6703,-1.0,1.0,lower,-0.0568,-0.0029928351865816287,140.0,160.0,4.0,12.0,12.0,1.375271201133728,0.7644014495114485,4.0,9.172817394137383,2.9213363347335526,2.0784230883729298,2.3711166660260603,0.3561941264315503,0.6865831017494202,1.0,1.0,0.1698538064956665,0.1698538064956665,0.0,0.1698538064956665,0.1698538064956665,0.16985380649566653,-0.0,0.0,0.15433325185612495,12.0,12.0,1.5212049722671508,0.8063978555301826,4.2,9.676774266362191,9.006406508386135,2.361682318409031,0.8,1.0,0.1362832546234131,0.1362832546234131,0.0,0.1362832546234131,0.10532983541488647,-0.0,-1,1.0,-1.0
2022-05-03,38562.0,37240.0,38600.0,36933.0,23070122642.32804,718542028695.8999,-1.0,0.0,upper,0.0571,-0.02109704412121798,141.0,161.0,4.0,12.0,12.0,1.422036051750183,0.6879669452706972,4.0,8.255603343248367,2.646986993833549,1.9037279330970187,2.366888641444949,0.33253545326060513,0.621928945183754,1.0,1.0,0.15367233753204346,0.15367233753204346,0.0,0.15367233753204346,0.15367233753204346,0.15367233753204346,-0.0,0.0,0.22513527953200038,12.0,12.0,1.5473845720291137,0.7915822796523571,4.0,9.498987355828286,9.095852924883365,2.3598801555210698,1.0,1.0,0.16701772212982177,0.16701772212982177,0.0,0.16701772212982177,0.1175339698791504,-0.0,-1,1.0,-1.0
2022-05-04,37758.0,39429.0,39875.0,37024.0,31748901527.20592,755764276888.7715,-1.0,1.0,lower,-0.0928,0.057118133759114564,142.0,162.0,4.0,12.0,12.0,1.6589632034301758,0.7719112622241179,3.0,9.262935146689415,3.0593757325973425,2.250345676913333,2.3355215292592586,0.42910914619946,0.35210947692394257,0.0,0.0,0.0,0.0,0.0,0.0,0.0,0.0,0.0,0.0,0.15367233753204346,12.0,12.0,1.5806725025177002,0.7873786208530268,3.8,9.44854345023632,9.271609052270652,2.3546269177730026,0.8,0.9,0.13516249656677246,0.13516249656677246,0.0,0.13516249656677246,0.11400829553604126,0.0,-1,0.0,0.0
2022-05-05,39699.0,35933.0,39798.0,35654.0,37402043365.58407,696020943881.887,-1.0,1.0,lower,-0.1415,-0.09284549284206794,143.0,163.0,4.0,12.0,12.0,1.460410475730896,0.773790126045545,3.0,9.28548151254654,3.051613688888787,2.2115531228093186,2.3308969284512964,0.421043564276753,1.0195621699094772,0.0,0.0,0.0,0.0,0.0,0.0,0.0,0.0,0.0,0.0,0.0,12.0,12.0,1.5194228887557983,0.7688543953001499,3.6,9.2262527436018,9.359193469583989,2.3501534312749017,0.6,0.8,0.10089449882507324,0.10089449882507324,0.0,0.10089449882507324,0.10966668128967286,0.0,-1,0.0,0.0
2022-05-06,36612.0,35915.0,36612.0,35362.0,32223287014.454002,687093350325.4445,-1.0,1.0,lower,-0.141,-0.0005010577991478987,144.0,164.0,4.0,12.0,12.0,1.2573204040527344,0.7053084423144659,3.0,8.46370130777359,2.6725522281251552,1.9023064786766115,2.388488199657554,0.31265201988473196,0.92847940325737,0.0,0.0,0.0,0.0,0.0,0.0,0.0,0.0,0.0,0.0,0.0,12.0,12.0,1.4348002672195435,0.7406756450732549,3.4,8.88810774087906,9.277048763632774,2.3585823929678233,0.4,0.7,0.064705228805542,0.064705228805542,0.0,0.064705228805542,0.10460965633392334,0.0,-1,0.0,0.0
2022-05-07,36076.0,35371.0,36128.0,34693.0,19130720394.98043,678702448510.6605,-1.0,1.0,lower,-0.1257,-0.015262760161680098,145.0,165.0,4.0,12.0,12.0,1.2062113285064697,0.6408277824521065,3.0,7.689933389425278,2.4454700243205534,1.7534962254554127,2.382187074748275,0.2961419533912405,0.46723639965057373,0.0,0.0,0.0,0.0,0.0,0.0,0.0,0.0,0.0,0.0,0.0,12.0,12.0,1.4009882926940918,0.7159609116613865,3.2,8.591530939936638,9.134152603149413,2.3607964747122665,0.2,0.5,0.03073446750640869,0.03073446750640869,0.0,0.03073446750640869,0.08350886106491089,0.0,-1,0.0,0.0
2022-05-08,35558.0,33889.0,35558.0,33616.0,30810576501.52256,648514321641.9902,-1.0,1.0,lower,-0.0829,-0.04280179741074289,146.0,166.0,4.0,12.0,12.0,1.2352595329284668,0.5638907216489315,3.0,6.766688659787178,2.195345369276055,1.6060820655738586,2.3636493972302697,0.2892329422888506,0.5805847346782684,0.0,0.0,0.0,0.0,0.0,0.0,0.0,0.0,0.0,0.0,0.0,12.0,12.0,1.3636329889297485,0.6911456669370334,3.0,8.2937480032444,8.896367679536343,2.360148625869331,0.0,0.5,0.0,0.0,0.0,0.0,0.08350886106491089,0.0,-1,0.0,0.0
2022-05-09,34070.0,31193.0,34181.0,30404.0,58369928594.32748,576197842487.6378,-1.0,1.0,lower,-0.0996,-0.08289676728550403,147.0,167.0,4.0,12.0,12.0,1.7858754396438599,0.5970904851953188,2.0,7.165085822343826,2.524264777664546,1.9918107529693543,2.2874298921993788,0.41770285467347734,0.789046123623848,0.0,0.0,0.0,0.0,0.0,0.0,0.0,0.0,0.0,0.0,0.0,12.0,12.0,1.3890154361724854,0.6561815115312736,2.8,7.8741781383752825,8.661360794305802,2.350530298457355,0.0,0.4,0.0,0.0,0.0,0.0,0.06758124828338623,0.0,-1,0.0,0.0
2022-05-10,31169.0,30704.0,32375.0,29897.0,54071363210.08785,590644412746.6844,-1.0,1.0,lower,-0.0838,-0.015800771403493726,148.0,168.0,4.0,12.0,12.0,1.5666093826293945,0.5247999218602976,2.0,6.29759906232357,2.2262090814977964,1.752752867223683,2.2779853452086853,0.370925349489666,0.6965672224760056,0.0,0.0,0.0,0.0,0.0,0.0,0.0,0.0,0.0,0.0,0.0,12.0,12.0,1.410255217552185,0.606383470694224,2.6,7.276601648330688,8.251427195966244,2.339947981808833,0.0,0.3,0.0,0.0,0.0,0.0,0.05044724941253662,0.0,-1,0.0,0.0
2022-05-11,31027.0,28237.0,31949.0,27805.0,65985702701.50493,549294001873.1765,-1.0,0.0,upper,0.0972,-0.0837597645779702,149.0,169.0,4.0,12.0,12.0,1.3261932134628296,0.4749902660648028,3.0,5.699883192777634,2.001732481290853,1.546801857540792,2.273253546064634,0.3290825494688591,0.6466036289930344,0.0,0.0,0.0,0.0,0.0,0.0,0.0,0.0,0.0,0.0,0.0,12.0,12.0,1.424029779434204,0.5603198354442914,2.6,6.7238380253314975,7.805972883105278,2.316901051090249,0.0,0.2,0.0,0.0,0.0,0.0,0.032352614402771,0.0,-1,0.0,0.0
2022-05-12,29132.0,28972.0,29955.0,26379.0,61338080283.57989,555266177876.6213,-1.0,0.0,time,0.0334,0.025696671645705625,150.0,170.0,4.0,12.0,12.0,1.2125725746154785,0.4696747735142708,4.0,5.636097282171249,1.9530703672594643,1.4781245665417284,2.276742290782546,0.31189623607844863,0.4201928675174713,0.0,0.0,0.0,0.0,0.0,0.0,0.0,0.0,0.0,0.0,0.0,12.0,12.0,1.4253020286560059,0.5260892336567242,2.8,6.3130708038806915,7.4523008719086645,2.2958120942971023,0.0,0.1,0.0,0.0,0.0,0.0,0.015367233753204345,0.0,-1,0.0,0.0
2022-05-13,29126.0,29585.0,30879.0,28677.0,71541696924.39926,558053182541.2809,-1.0,1.0,time,-0.0288,0.020937629795577818,151.0,171.0,4.0,12.0,12.0,1.1702160835266113,0.5324917808175087,3.0,6.389901369810104,2.1873384882278275,1.6330601883710034,2.2875460169419175,0.33934737639872525,0.2232898771762848,0.0,0.0,0.0,0.0,0.0,0.0,0.0,0.0,0.0,0.0,0.0,12.0,12.0,1.4122933387756347,0.5198094454904398,2.8,6.237713345885277,7.265730674564838,2.2805914182394327,0.0,0.0,0.0,0.0,0.0,0.0,0.0,0.0,-1,0.0,0.0
2022-05-14,29363.0,29921.0,30077.0,28253.0,25759546763.688618,573777699744.01,-1.0,0.0,time,0.0073,0.011293098878994238,152.0,172.0,4.0,12.0,12.0,1.1360664367675781,0.5275131041804949,3.0,6.330157250165939,2.1544385103290287,1.5983754521023603,2.290008452597841,0.3294394726657013,0.2141977995634079,0.0,0.0,0.0,0.0,0.0,0.0,0.0,0.0,0.0,0.0,0.0,12.0,12.0,1.2823315382003784,0.505893969287475,3.0,6.070727631449699,6.9724528849124905,2.281107130319125,0.0,0.0,0.0,0.0,0.0,0.0,0.0,0.0,-1,0.0,0.0
2022-05-15,30186.0,31121.0,31172.0,28619.0,22948123704.172672,596346266888.6597,-1.0,1.0,time,-0.0653,0.039322257462356215,153.0,173.0,4.0,12.0,12.0,1.1393394470214844,0.572738361855348,3.0,6.872860342264175,2.2960313712879254,1.670068787772496,2.3030483494643565,0.33359272627079034,0.10224869847297668,0.0,0.0,0.0,0.0,0.0,0.0,0.0,0.0,0.0,0.0,0.0,12.0,12.0,1.1968775510787963,0.5154816572864851,3.2,6.18577988743782,6.731190767884255,2.286119731170259,0.0,0.0,0.0,0.0,0.0,0.0,0.0,0.0,-1,0.0,0.0
2022-05-16,31319.0,29686.0,31319.0,28817.0,28418179221.125336,569801943005.2971,-1.0,1.0,time,-0.013,-0.047207278267434725,154.0,174.0,4.0,12.0,12.0,1.1421746015548706,0.5979054955144724,3.0,7.174865946173668,2.3800928522545677,1.718706146943295,2.308257493859914,0.33849547098846144,0.1819600909948349,0.0,0.0,0.0,0.0,0.0,0.0,0.0,0.0,0.0,0.0,0.0,12.0,12.0,1.1600738286972045,0.540064703176419,3.2,6.480776438117028,6.602307231724263,2.293120520729315,0.0,0.0,0.0,0.0,0.0,0.0,0.0,0.0,-1,0.0,0.0
2022-05-17,29924.0,29956.0,30684.0,29245.0,24964703223.57502,581272773175.8237,-1.0,0.0,time,0.0074,0.009054084184547404,155.0,175.0,4.0,12.0,12.0,1.133161187171936,0.5774005589385828,2.0,6.928806707262993,2.296152348532302,1.6620684461843103,2.311941792228221,0.3255276155872895,0.23997783660888672,0.0,0.0,0.0,0.0,0.0,0.0,0.0,0.0,0.0,0.0,0.0,12.0,12.0,1.1441915512084961,0.5616098602612813,2.8,6.739318323135376,6.526194563508033,2.30016042101845,0.0,0.0,0.0,0.0,0.0,0.0,0.0,0.0,-1,0.0,0.0
2022-05-18,30502.0,28744.0,30535.0,28392.0,26219431165.241817,547927169401.20306,-1.0,0.0,time,0.0312,-0.04130058857590306,156.0,176.0,4.0,12.0,12.0,1.1237208843231201,0.5961665709813436,2.0,7.153998851776123,2.319988660634238,1.6629991506798263,2.341994542599753,0.30514647045907944,0.18637320399284363,0.0,0.0,0.0,0.0,0.0,0.0,0.0,0.0,0.0,0.0,0.0,12.0,12.0,1.134892511367798,0.5743448182940484,2.6,6.89213781952858,6.564925582706929,2.311050126150017,0.0,0.0,0.0,0.0,0.0,0.0,0.0,0.0,-1,0.0,0.0
2022-05-19,28772.0,30139.0,30472.0,28018.0,29190056577.430664,578678245847.8763,-1.0,1.0,time,-0.0186,0.04739096433638129,157.0,177.0,4.0,12.0,12.0,1.1645723581314087,0.654061441620191,2.0,7.848737299442291,2.5081721079912165,1.774616030843618,2.355677094040542,0.31056009755677916,0.1720619797706604,0.0,0.0,0.0,0.0,0.0,0.0,0.0,0.0,0.0,0.0,0.0,12.0,12.0,1.140593695640564,0.5996544857819875,2.4,7.19585382938385,6.633290730416775,2.3241838544385574,0.0,0.0,0.0,0.0,0.0,0.0,0.0,0.0,-1,0.0,0.0
2022-05-20,30289.0,29153.0,30498.0,28307.0,25980877919.56809,557201657280.7389,-1.0,0.0,time,0.0066,-0.03326219069460829,158.0,178.0,4.0,12.0,12.0,1.1882665157318115,0.6229463927447796,2.0,7.475356712937355,2.4259929734721917,1.7448601815498677,2.3435798825870364,0.31998638102941807,0.17957274615764618,0.0,0.0,0.0,0.0,0.0,0.0,0.0,0.0,0.0,0.0,0.0,12.0,12.0,1.1503791093826294,0.609696091959874,2.2,7.316353103518486,6.751066495478153,2.332290161063093,0.0,0.0,0.0,0.0,0.0,0.0,0.0,0.0,-1,0.0,0.0
2022-05-21,29257.0,29302.0,29587.0,28606.0,13561006428.368963,561696351558.8424,-1.0,1.0,time,-0.0226,0.00509794962613069,159.0,179.0,4.0,12.0,12.0,1.232651710510254,0.5476984791457653,5.0,6.572381749749184,2.1795786971249287,1.5918245071175343,2.319432230569803,0.3096879892539411,0.2554480880498886,0.0,0.0,0.0,0.0,0.0,0.0,0.0,0.0,0.0,0.0,0.0,12.0,12.0,1.1684745311737061,0.5996546886861325,2.6,7.195856264233589,6.838316351175308,2.334525108405071,0.0,0.0,0.0,0.0,0.0,0.0,0.0,0.0,-1,0.0,0.0
2022-05-22,29492.0,30178.0,30342.0,28762.0,17199930154.801018,578090387085.146,-1.0,1.0,time,-0.0368,0.029457409012338332,160.0,180.0,4.0,12.0,12.0,1.3085315227508545,0.6066196449100971,5.0,7.2794357389211655,2.352478946923647,1.7000137303954839,2.35679531696797,0.30527425819918674,0.33999377489089966,1.0,1.0,0.06874310970306396,0.06874310970306396,0.0,0.06874310970306396,0.06874310970306396,0.06874310970306398,-0.0,0.0,0.06874310970306396,12.0,12.0,1.2035485982894898,0.6054985058804354,3.2,7.265982070565224,7.0026501968503,2.343495813353021,0.2,0.1,0.013748621940612793,0.013748621940612793,0.0,0.013748621940612793,0.006874310970306397,-0.0,-1,0.0,0.0
2022-05-24,29396.0,29655.0,29785.0,28716.0,23486436836.56051,564885248021.9939,-1.0,1.0,time,-0.0055,-0.017482436800769722,161.0,181.0,4.0,12.0,12.0,1.409621238708496,0.5918760274847349,4.0,7.102512329816818,2.3841496948301852,1.767212526320127,2.3134432590078116,0.3512315219843765,0.467990979552269,1.0,1.0,0.07405376434326172,0.07405376434326172,0.0,0.07405376434326172,0.07405376434326172,0.07405376434326173,-0.0,0.0,0.05331356161009985,12.0,12.0,1.260728669166565,0.6046403971811135,3.6,7.2556847661733626,7.073911292850971,2.337785556634633,0.4,0.2,0.028559374809265136,0.028559374809265136,0.0,0.028559374809265136,0.014279687404632568,-0.0,-1,0.0,0.0
2022-05-25,29647.0,29585.0,30173.0,29399.0,23108764916.206596,563577022957.9133,-1.0,0.0,upper,0.0703,-0.002363269162032516,162.0,182.0,4.0,12.0,12.0,1.5226449966430664,0.5635682257513205,3.0,6.762818709015846,2.373244451433592,1.8202790873394212,2.270238664799816,0.389548829346467,0.4901384711265564,1.0,1.0,0.023927152156829834,0.023927152156829834,0.0,0.023927152156829834,0.023927152156829834,0.023927152156829837,-0.0,0.0,0.04060806265392934,12.0,12.0,1.3323431968688966,0.5865417540073394,3.8,7.038501048088074,7.117177438735962,2.3206978707864874,0.6,0.3,0.033344805240631104,0.033344805240631104,0.0,0.033344805240631104,0.016672402620315552,-0.0,-1,0.0,0.0
2022-05-26,29573.0,29347.0,29864.0,28412.0,31972044691.709656,559066076343.6685,-1.0,0.0,upper,0.0784,-0.00807714972959198,163.0,183.0,4.0,12.0,12.0,1.2016596794128418,0.5593361705541611,4.0,6.712034046649933,2.29387886760028,1.7132383736417358,2.29580038427225,0.3544475559398526,0.7178362756967545,0.0,0.0,0.0,0.0,0.0,0.0,0.0,0.0,0.0,0.0,0.023927152156829834,12.0,12.0,1.3350218296051026,0.5738197095692158,4.2,6.885836514830589,7.101094809174538,2.31114197112353,0.6,0.3,0.033344805240631104,0.033344805240631104,0.0,0.033344805240631104,0.016672402620315552,0.0,-1,0.0,0.0
2022-05-27,29349.0,28647.0,29353.0,28327.0,31756305901.005535,545752899521.8662,-1.0,0.0,upper,0.1026,-0.02414160076289022,164.0,184.0,4.0,12.0,12.0,1.3582710027694702,0.6360890182356039,4.0,7.633068218827248,2.592767131249332,1.9327950756688936,2.3045063225522835,0.3944543200684204,0.5300074070692062,0.0,0.0,0.0,0.0,0.0,0.0,0.0,0.0,0.0,0.0,0.0,12.0,12.0,1.3601456880569458,0.5914978173871834,4.0,7.097973808646202,7.1469150364398955,2.308156789520026,0.6,0.3,0.033344805240631104,0.033344805240631104,0.0,0.033344805240631104,0.016672402620315552,0.0,-1,0.0,0.0
2022-05-28,28646.0,29088.0,29132.0,28606.0,15406515372.711676,554938694217.2793,-1.0,0.0,upper,0.0873,0.015276992358893262,165.0,185.0,4.0,12.0,12.0,1.6786181926727295,0.6492132594188055,3.0,7.790559113025665,2.7200462219060233,2.0913295458421475,2.2863620254278816,0.4416745761722237,0.5702216178178787,0.0,0.0,0.0,0.0,0.0,0.0,0.0,0.0,0.0,0.0,0.0,12.0,12.0,1.4341630220413208,0.6000165402889251,3.6,7.200198483467102,7.233090277016163,2.294070131212009,0.4,0.3,0.019596183300018312,0.019596183300018312,0.0,0.019596183300018312,0.016672402620315552,0.0,-1,0.0,0.0
2022-05-29,29082.0,29493.0,29520.0,28907.0,14496111397.934435,561771345708.952,-1.0,0.0,upper,0.0735,0.013827229057828582,166.0,186.0,4.0,12.0,12.0,2.3778464794158936,0.7857336873809496,2.0,9.428804248571396,3.3716402402079657,2.6863350260675554,2.276390127792287,0.5744148311953697,0.8947299122810364,1.0,1.0,0.14136558771133423,0.14136558771133423,0.0,0.14136558771133423,0.14136558771133423,0.14136558771133426,-0.0,0.0,0.14136558771133423,12.0,12.0,1.6278080701828004,0.6387880722681681,3.2,7.665456867218017,7.46057081669569,2.2866595049689034,0.4,0.4,0.033058547973632814,0.033058547973632814,0.0,0.033058547973632814,0.030808961391448973,-0.0,-1,1.0,-1.0
2022-05-30,29497.0,31741.0,31879.0,29354.0,34891305294.623,604926607440.7722,-1.0,1.0,time,-0.0607,0.07345627353520033,167.0,187.0,4.0,12.0,12.0,2.1270933151245117,0.9675049756964048,2.0,11.610059708356857,3.839577683361906,2.8673381214247846,2.349684065574531,0.5407992734988935,1.139013648033142,1.0,1.0,0.1912960410118103,0.1912960410118103,0.0,0.1912960410118103,0.1912960410118103,0.1912960410118103,-0.0,0.0,0.3331483148915558,12.0,12.0,1.7486977338790894,0.719575422257185,3.0,8.634905067086219,7.836703057587147,2.3025485851238465,0.4,0.5,0.0665323257446289,0.0665323257446289,0.0,0.0665323257446289,0.049938565492630003,-0.0,-1,1.0,-1.0
2022-05-31,31737.0,31866.0,32227.0,31319.0,29770567353.488136,607393396318.7885,-1.0,1.0,time,-0.0631,0.003930390080219918,168.0,188.0,4.0,12.0,12.0,1.9810388088226318,0.938640907406807,3.0,11.263690888881683,3.6731194303331773,2.698670629096072,2.359369087280063,0.4932245358185794,0.5060395300388336,1.0,1.0,0.1781609058380127,0.1781609058380127,0.0,0.1781609058380127,0.1781609058380127,0.17816090583801272,-0.0,0.0,0.08764079510160089,12.0,12.0,1.9045735597610474,0.7954363696277141,2.8,9.54523643553257,8.21553647518158,2.315262325725409,0.6,0.6,0.10216450691223145,0.10216450691223145,0.0,0.10216450691223145,0.06775465607643127,-0.0,-1,1.0,-1.0
2022-06-01,31814.0,29833.0,31982.0,29441.0,35553330791.53566,569001624438.0176,-1.0,0.0,time,0.0503,-0.06592444730239518,169.0,189.0,4.0,12.0,12.0,2.032881736755371,0.9217107718189558,4.0,11.060529261827469,3.7302014467129214,2.7802711261290187,2.3151919246126402,0.5567610102499119,0.3932904601097107,1.0,1.0,0.1828233003616333,0.1828233003616333,0.0,0.1828233003616333,0.1828233003616333,0.18282330036163333,-0.0,0.0,0.031108697441959036,12.0,12.0,2.0394957065582275,0.8525607203443846,2.8,10.230728644132615,8.664351226389408,2.3173994461374807,0.8,0.7,0.13872916698455812,0.13872916698455812,0.0,0.13872916698455812,0.08603698611259461,-0.0,-1,1.0,-1.0
2022-06-02,29822.0,30481.0,30624.0,29667.0,24232399986.261147,580863150152.0535,-1.0,0.0,time,0.0254,0.021488375313289954,170.0,190.0,4.0,12.0,12.0,1.5251086950302124,0.8323941305279732,3.0,9.988729566335678,3.178304077469741,2.2758840025635614,2.3800648263361297,0.38590337158539856,1.2049850821495056,2.0,2.0,0.19380813837051392,0.10727837681770325,1.0,0.2145567536354065,0.1949156215752211,0.19388737473374834,0.31778120717050184,0.08652976155281067,1.366428543369548,12.0,12.0,2.008793807029724,0.8891968945662182,2.8,10.670362734794617,8.93528060913086,2.33614000631913,1.2,0.8,0.17749079465866088,0.16018484234809877,0.2,0.18164051771163942,0.10061835050582886,0.06355624143410037,-1,0.0,0.0
2022-06-03,30447.0,29714.0,30636.0,29400.0,21997859590.66833,566275595800.1772,-1.0,0.0,time,0.0172,-0.025485223464050726,171.0,191.0,4.0,12.0,12.0,2.223468065261841,1.0339216391245525,5.0,12.407059669494629,4.032538872869506,2.9295034045764137,2.353909611775238,0.5349020386173259,0.25627803802490234,2.0,2.0,0.1987805962562561,0.11003080010414124,1.0,0.22006160020828247,0.19991649901195965,0.19886186612506934,0.31778166358890425,0.08874979615211487,0.10637510298060074,12.0,12.0,1.9779181241989137,0.9388344849149387,3.4,11.266013818979264,9.46573534309864,2.3516439031157206,1.4,0.9,0.18897379636764527,0.15391788482666016,0.4,0.19737972021102906,0.11521913409233094,0.1271125741518812,-1,0.0,0.0
2022-06-04,29704.0,29872.0,29941.0,29518.0,12911383481.843807,568340135127.331,-1.0,0.0,time,0.0076,0.005303271584205521,172.0,192.0,4.0,12.0,12.0,2.3976144790649414,1.0686637784043949,4.0,12.823965340852737,4.183713026541547,3.0567308730517473,2.350930185866333,0.5626534926259932,0.31339606642723083,1.0,1.0,0.021342754364013672,0.021342754364013672,0.0,0.021342754364013672,0.021342754364013672,0.021342754364013675,-0.0,0.0,1.3348473803578893,12.0,12.0,2.0320223569869995,0.9590662454565366,3.8,11.508794945478439,10.071850006282329,2.3518931271740806,1.4,0.9,0.15498313903808594,0.11992722749710083,0.4,0.16338906288146973,0.11496069431304931,0.1271125741518812,-1,0.0,0.0
2022-06-05,29858.0,29918.0,30134.0,29610.0,13395229055.412352,570209935092.4275,-1.0,1.0,time,-0.0277,0.0015387191529024728,173.0,193.0,4.0,12.0,12.0,2.33734393119812,1.0577388629317284,5.0,12.69286635518074,4.138630240664536,3.0170133760990754,2.3504618954684213,0.5554669389403936,0.13125133514404297,1.0,1.0,0.13967597484588623,0.13967597484588623,0.0,0.13967597484588623,0.13967597484588623,0.13967597484588626,-0.0,0.0,1.4310093409419165,12.0,12.0,2.1032833814620973,0.982885836561521,4.2,11.794630038738251,10.66993323713541,2.3501116888117526,1.4,1.0,0.14728615283966065,0.11223024129867554,0.4,0.15569207668304444,0.12892829179763793,0.1271125741518812,-1,1.0,-1.0
2022-06-06,29919.0,31373.0,31680.0,29919.0,27644798123.298183,597966736176.5532,-1.0,1.0,lower,-0.0752,0.047487344447958414,174.0,194.0,4.0,12.0,12.0,2.2836992740631104,1.0309571598966916,5.0,12.3714859187603,4.032929930113084,2.940586100542819,2.350942733180792,0.5408366847375534,0.28090453147888184,1.0,1.0,0.13647031784057617,0.13647031784057617,0.0,0.13647031784057617,0.13647031784057617,0.1364703178405762,-0.0,0.0,0.034640306888159424,12.0,12.0,2.153446888923645,1.0047351141770682,4.4,12.056821370124817,11.143775007128715,2.357261850525383,1.4,1.1,0.1380155563354492,0.10295964479446411,0.4,0.146421480178833,0.14257532358169556,0.1271125741518812,-1,1.0,-1.0
2022-06-07,31343.0,31265.0,31523.0,29315.0,36111325508.04181,597205650752.5386,-1.0,1.0,lower,-0.0717,-0.0034483893809662985,175.0,195.0,4.0,12.0,12.0,2.219020366668701,1.1668479839960735,3.0,14.00217580795288,4.459636305154458,3.2068373284986227,2.3815945976963158,0.5439014433687483,0.5960499346256256,1.0,1.0,0.1293102502822876,0.1293102502822876,0.0,0.1293102502822876,0.1293102502822876,0.12931025028228763,-0.0,0.0,0.07737017545759932,12.0,12.0,2.2922292232513426,1.0716258848706883,4.4,12.859510618448258,11.764936676621437,2.3575678047974202,1.2,1.2,0.12511597871780394,0.10736601948738098,0.2,0.12937217950820923,0.15550634860992432,0.06355633271778086,-1,1.0,-1.0
2022-06-08,31233.0,30229.0,31263.0,29975.0,27080284928.564884,576238781341.3682,-1.0,1.0,lower,-0.1216,-0.033697532497171,176.0,196.0,4.0,12.0,12.0,2.2148187160491943,1.2598598152399063,2.0,15.118317782878876,4.673036050442917,3.2891527031290835,2.414642239048384,0.48220888282147056,0.17606216669082642,2.0,2.0,0.27298903465270996,0.20102718472480774,1.0,0.4020543694496155,0.30196170897459135,0.2822853680795638,0.6276318931335556,0.07196184992790222,1.3973017406785462,12.0,12.0,2.2904993534088134,1.116813520093759,3.8,13.401762241125107,12.333888030052185,2.369714330252049,1.2,1.3,0.13995766639709473,0.1255652964115143,0.2,0.16577073335647582,0.18157522678375243,0.12552637862671112,-1,0.0,0.0
2022-06-09,30234.0,30101.0,30610.0,29981.0,18871591862.340336,573819802894.6453,-1.0,1.0,lower,-0.1174,-0.004243334727756188,177.0,197.0,4.0,12.0,12.0,2.328382968902588,1.2744379192590714,2.0,15.293255031108856,4.784046379655573,3.399786924544885,2.4022515701230356,0.5320397574548118,0.4335411787033081,2.0,2.0,0.24247097969055176,0.21275979280471802,1.0,0.42551958560943604,0.3038074523788759,0.2731892853710136,0.6833646495425831,0.02971118688583374,0.1311568044139459,12.0,12.0,2.2766530513763428,1.1579683482646943,3.4,13.89562017917633,12.702207562327384,2.37997860710339,1.4,1.4,0.18418331146240235,0.16384870409965516,0.4,0.2466060996055603,0.20499758124351503,0.26219930853522777,-1,0.0,0.0
2022-06-10,30097.0,29101.0,30266.0,28943.0,25663085729.428833,554622874799.0432,-1.0,1.0,lower,-0.0836,-0.03378585594615656,178.0,198.0,4.0,12.0,12.0,2.267266273498535,1.2639527122179668,3.0,15.1674325466156,4.729856149944494,3.344005797241245,2.4037940655924324,0.516447939816614,0.3105614185333252,2.0,2.0,0.23610663414001465,0.20717522501945496,1.0,0.4143504500389099,0.29583306203182563,0.26601858032787606,0.6833645896492806,0.028931409120559692,0.13097839396609767,12.0,12.0,2.2626375198364257,1.1992111181219418,3.0,14.390533417463303,13.092581728100777,2.3906450411281917,1.6,1.5,0.20346944332122802,0.1773485541343689,0.6,0.30154099464416506,0.22861653566360474,0.39887222646508386,-1,0.0,0.0
2022-06-11,29100.0,28374.0,29406.0,28314.0,22518366769.839092,540789214973.6274,-1.0,1.0,lower,-0.2308,-0.025299304958383804,179.0,199.0,4.0,12.0,12.0,2.1447160243988037,1.2465759764115016,2.0,14.958911716938019,4.587767012568624,3.207816242022586,2.4232442928053395,0.4472309416488472,0.5337189435958862,1.0,1.0,0.2233445644378662,0.2233445644378662,0.0,0.2233445644378662,0.2233445644378662,0.22334456443786624,-0.0,0.0,1.5847895226606787,12.0,12.0,2.2348408699035645,1.2423348814249038,2.4,14.908018577098847,13.482419973611831,2.4051053530531012,1.6,1.5,0.22084429264068603,0.1947234034538269,0.6,0.31891584396362305,0.23266866207122802,0.39887222646508386,-1,1.0,-1.0
2022-06-12,28432.0,26767.0,28552.0,26767.0,29834061115.62461,514202090511.0678,-1.0,1.0,lower,-0.1725,-0.05830344738260464,180.0,200.0,4.0,12.0,12.0,1.7365163564682007,1.1073663781086605,4.0,13.288396537303925,4.108274695658375,2.8715135443009747,2.4106761954667424,0.42453871344878613,1.3936588168144226,1.0,1.0,0.18083584308624268,0.18083584308624268,0.0,0.18083584308624268,0.18083584308624268,0.18083584308624268,-0.0,0.0,0.6231632420460246,12.0,12.0,2.1383400678634645,1.2304385602474213,2.6,14.765262722969055,13.812386670708657,2.410921672607187,1.6,1.4,0.23114941120147706,0.2050285220146179,0.6,0.3292209625244141,0.22929657101631165,0.39887222646508386,-1,1.0,-1.0
2022-06-13,26628.0,22526.0,26795.0,22113.0,64852526179.382835,429492202561.014,-1.0,1.0,lower,-0.1677,-0.17249958788168432,181.0,201.0,4.0,12.0,12.0,2.20111083984375,0.7678138911724091,2.0,9.213766694068909,3.1679430231583647,2.4647435424783337,2.31459156926842,0.4967733336450645,2.419939637184143,0.0,0.0,0.0,0.0,0.0,0.0,0.0,0.0,0.0,0.0,0.18083584308624268,12.0,12.0,2.1355984926223757,1.132029375433922,2.6,13.584352505207061,13.493057373166085,2.390911538651194,1.2,1.2,0.17655160427093505,0.16482308506965637,0.4,0.24881008863449097,0.2072904109954834,0.27334584783837274,-1,0.0,0.0
2022-06-14,22501.0,22245.0,23014.0,21047.0,47639470967.891426,423044474596.5387,-1.0,1.0,lower,-0.1552,-0.012552933367499661,182.0,202.0,4.0,12.0,12.0,1.720926284790039,0.6347976823647817,2.0,7.61757218837738,2.5619489659127876,1.9580534442426534,2.3348918497197113,0.37946951277553487,1.219813972711563,0.0,0.0,0.0,0.0,0.0,0.0,0.0,0.0,0.0,0.0,0.0,12.0,12.0,2.0141071557998655,1.004101328055064,2.6,12.049215936660767,12.97241805791855,2.377439594570529,0.8,1.1,0.1280574083328247,0.12227112650871277,0.2,0.16370617151260375,0.20515613555908202,0.1366729179298561,-1,0.0,0.0
2022-06-15,22223.0,22529.0,22665.0,20193.0,52027211446.51121,429887916884.8431,-1.0,1.0,lower,-0.1679,0.012686103937000644,183.0,203.0,4.0,12.0,12.0,1.4977327585220337,0.5602317824959755,1.0,6.722781389951706,2.243733853978033,1.708184367381054,2.3446861993714996,0.32506740404410756,0.6573022902011871,0.0,0.0,0.0,0.0,0.0,0.0,0.0,0.0,0.0,0.0,0.0,12.0,12.0,1.8602004528045655,0.8633571421106657,2.2,10.360285705327987,12.375409561395646,2.3656180213263425,0.4,1.0,0.08083608150482177,0.08083608150482177,0.0,0.08083608150482177,0.1911885380744934,0.0,-1,0.0,0.0
2022-06-16,22584.0,20409.0,22836.0,20283.0,27449277945.59262,389181727345.57733,-1.0,0.0,time,0.0142,-0.09882738816397241,184.0,204.0,4.0,12.0,12.0,1.269484519958496,0.5426872732738653,2.0,6.512247279286385,2.1149700428206453,1.5573885362090127,2.3646700471034587,0.2797297152532074,0.7591541111469269,1.0,1.0,0.034742653369903564,0.034742653369903564,0.0,0.034742653369903564,0.034742653369903564,0.03474265336990357,-0.0,0.0,0.034742653369903564,12.0,12.0,1.6851541519165039,0.7225794014831384,2.2,8.67095281779766,11.789485697448253,2.3539031721859667,0.4,1.0,0.04311569929122925,0.04311569929122925,0.0,0.04311569929122925,0.18101577162742616,-0.0,-1,0.0,0.0
2022-06-17,20378.0,20473.0,21238.0,20300.0,24232922585.240158,391441740414.39136,-1.0,1.0,time,-0.0242,0.003130964839408074,185.0,205.0,4.0,12.0,12.0,1.1349483728408813,0.5366022350887457,3.0,6.439226821064949,2.1436308740248826,1.5903208490639482,2.332392793104244,0.30820039742103833,0.5363980084657669,0.0,0.0,0.0,0.0,0.0,0.0,0.0,0.0,0.0,0.0,0.034742653369903564,12.0,12.0,1.56484055519104,0.6084265728791555,2.0,7.301118874549866,11.03319079875946,2.3382464917134667,0.2,0.9,0.006948530673980713,0.006948530673980713,0.0,0.006948530673980713,0.1680847465991974,0.0,-1,0.0,0.0
2022-06-18,20470.0,19047.42,20748.0,17677.43,38920632524.1614,362303884192.0101,-1.0,0.0,time,0.1023,-0.07217528554048436,186.0,206.0,4.0,12.0,12.0,1.0148543119430542,0.49959301327665645,3.0,5.995116159319878,1.9539743041286568,1.433289926890882,2.3584553135119872,0.2618678792535267,0.5667031854391098,0.0,0.0,0.0,0.0,0.0,0.0,0.0,0.0,0.0,0.0,0.0,12.0,12.0,1.327589249610901,0.554782397300005,2.2,6.657388767600059,10.120870636403561,2.3470192405621804,0.2,0.7,0.006948530673980713,0.006948530673980713,0.0,0.006948530673980713,0.12787930965423583,0.0,-1,0.0,0.0
2022-06-19,19032.4,20516.0,20710.0,18043.27,32488136325.883087,390555374756.5322,-1.0,0.0,time,0.0358,0.07427341019706481,187.0,207.0,4.0,12.0,12.0,0.962715744972229,0.4776090321441491,3.0,5.73130838572979,1.8617411120122171,1.3624518174050317,2.3619552893787668,0.2464337837243568,0.2549341171979904,0.0,0.0,0.0,0.0,0.0,0.0,0.0,0.0,0.0,0.0,0.0,12.0,12.0,1.1759471416473388,0.5233446672558785,2.4,6.280136007070541,9.164675971865654,2.352431928493991,0.2,0.5,0.006948530673980713,0.006948530673980713,0.0,0.006948530673980713,0.08532735109329223,0.0,-1,0.0,0.0
2022-06-20,20553.0,20637.0,20903.0,19723.65,28346447996.779846,392793374515.9921,-1.0,0.0,time,0.0422,0.005880511684964813,188.0,208.0,4.0,12.0,12.0,0.9470615386962891,0.49974165856838226,3.0,5.996899902820587,1.911027688881059,1.3758755394529008,2.380588648783915,0.2336532551963041,0.08617393672466278,0.0,0.0,0.0,0.0,0.0,0.0,0.0,0.0,0.0,0.0,0.0,12.0,12.0,1.06581289768219,0.5112466424703598,2.8,6.134959709644318,8.247622707486153,2.359612418376474,0.2,0.3,0.006948530673980713,0.006948530673980713,0.0,0.006948530673980713,0.04389230608940124,0.0,-1,0.0,0.0
2022-06-21,20620.0,20701.0,21660.0,20416.0,25340643362.789,395059669321.2376,-1.0,0.0,time,0.0169,0.003096427071229776,189.0,209.0,4.0,12.0,12.0,0.9473717212677002,0.5409180286029974,3.0,6.4910163432359695,2.084319952988863,1.4981332266163252,2.367513988109987,0.26351500627960134,0.027671709656715393,0.0,0.0,0.0,0.0,0.0,0.0,0.0,0.0,0.0,0.0,0.0,12.0,12.0,1.0013903379440308,0.5108927935361862,3.0,6.130713522434235,7.4008331701159475,2.36018120657778,0.0,0.2,0.0,0.0,0.0,0.0,0.021557849645614625,0.0,-1,0.0,0.0
2022-06-22,20698.0,19983.57,20844.0,19821.82,24955466738.110855,381616262301.266,-1.0,0.0,time,0.0377,-0.03527157234526434,190.0,210.0,4.0,12.0,12.0,0.9288283586502075,0.5255842680732409,3.0,6.307011216878891,2.0328152713079133,1.4649160571311755,2.363551305747652,0.2610032013069399,0.11617673933506012,0.0,0.0,0.0,0.0,0.0,0.0,0.0,0.0,0.0,0.0,0.0,12.0,12.0,0.960166335105896,0.5086892001330853,3.0,6.104270401597023,6.702694638073444,2.3664129091064616,0.0,0.1,0.0,0.0,0.0,0.0,0.0034742653369903564,0.0,-1,0.0,0.0
2022-06-23,19976.54,21100.0,21124.0,19976.54,23655104386.978516,402495826231.42053,-1.0,1.0,time,-0.0395,0.0543626045440685,191.0,211.0,4.0,12.0,12.0,0.9384703040122986,0.5188584557423989,3.0,6.226301468908787,2.0423660663068777,1.4782540180580004,2.332224854333325,0.27998362804176985,0.12073269486427307,0.0,0.0,0.0,0.0,0.0,0.0,0.0,0.0,0.0,0.0,0.0,12.0,12.0,0.9448895335197449,0.5125422886262336,3.0,6.1505074635148045,6.403948115557432,2.361166817270729,0.0,0.1,0.0,0.0,0.0,0.0,0.0034742653369903564,0.0,-1,0.0,0.0
2022-06-24,21099.0,21263.0,21452.0,20772.0,21955656695.748722,407086114490.3726,-1.0,1.0,time,-0.0558,0.007695432542543651,192.0,212.0,4.0,12.0,12.0,0.9497566819190979,0.5290372595191002,3.0,6.348447114229202,2.0772622948713626,1.5003578176355596,2.3344919139270868,0.28231979181129613,0.09335043281316757,0.0,0.0,0.0,0.0,0.0,0.0,0.0,0.0,0.0,0.0,0.0,12.0,12.0,0.9422977209091187,0.522827934101224,3.0,6.273935209214687,6.277035608142614,2.3556741421803933,0.0,0.1,0.0,0.0,0.0,0.0,0.0034742653369903564,0.0,-1,0.0,0.0
2022-06-25,21275.0,21526.0,21526.0,20972.0,16152442749.306295,410110791491.05475,-1.0,1.0,time,-0.0933,0.012293033817542145,193.0,213.0,4.0,12.0,12.0,0.9735094904899597,0.46604571615656215,4.0,5.592548593878746,1.893441707149522,1.3944411638891194,2.285472481006219,0.28558976752775733,0.13353540003299713,0.0,0.0,0.0,0.0,0.0,0.0,0.0,0.0,0.0,0.0,0.0,12.0,12.0,0.9475873112678528,0.51608874561886,3.2,6.193064947426319,6.1640123285353186,2.3366509086248537,0.0,0.1,0.0,0.0,0.0,0.0,0.0034742653369903564,0.0,-1,0.0,0.0
2022-06-26,21506.0,21053.0,21782.0,21035.0,15392697878.417652,401645800330.4072,-1.0,1.0,time,-0.0814,-0.02221843905368818,194.0,214.0,4.0,12.0,12.0,1.0054447650909424,0.47614204573134583,4.0,5.71370454877615,1.943011433581328,1.435533892298063,2.2811189193120334,0.29647350337888484,0.14791760593652725,0.0,0.0,0.0,0.0,0.0,0.0,0.0,0.0,0.0,0.0,0.0,12.0,12.0,0.9592019200325013,0.5031335490445296,3.4,6.037602588534355,6.084158055484295,2.319371894865263,0.0,0.0,0.0,0.0,0.0,0.0,0.0,0.0,-1,0.0,0.0
2022-06-27,21055.0,20751.0,21481.0,20698.0,17719011287.9831,395914576106.05786,-1.0,1.0,time,-0.0741,-0.01444862950186096,195.0,215.0,4.0,12.0,12.0,1.0835652351379395,0.5111989142994086,4.0,6.134386971592903,2.091797857371679,1.5466751972262762,2.27665321233903,0.32141954881613577,0.31027596443891525,1.0,1.0,0.004355132579803467,0.004355132579803467,0.0,0.004355132579803467,0.004355132579803467,0.0043551325798034685,-0.0,0.0,0.004355132579803467,12.0,12.0,0.9901492953300476,0.500256478289763,3.6,6.003077739477158,6.05367407053709,2.301992276183539,0.2,0.1,0.0008710265159606933,0.0008710265159606933,0.0,0.0008710265159606933,0.00043551325798034667,-0.0,-1,0.0,0.0
2022-06-28,20759.0,20283.0,21195.0,20250.0,18161209601.432373,386606940573.39575,-1.0,1.0,time,-0.0491,-0.022811341509906793,196.0,216.0,4.0,12.0,12.0,1.198310136795044,0.50977041075627,3.0,6.117244929075241,2.171807340059604,1.6483195969923001,2.230260051819399,0.36496080407643056,0.485767662525177,1.0,1.0,0.004816293716430664,0.004816293716430664,0.0,0.004816293716430664,0.004816293716430664,0.004816293716430666,-0.0,0.0,0.0809319205368888,12.0,12.0,1.0421172618865966,0.4984388692925374,3.6,5.9812664315104485,6.0658869475126265,2.2815993156807535,0.4,0.2,0.0018342852592468262,0.0018342852592468262,0.0,0.0018342852592468262,0.0009171426296234131,-0.0,-1,0.0,0.0
2022-06-29,20271.0,20109.0,20392.0,19954.04,20744333507.35517,384067866465.5609,-1.0,0.0,time,0.0073,-0.008615620732720222,197.0,217.0,4.0,12.0,12.0,1.3373043537139893,0.4660672973841429,3.0,5.5928075686097145,2.024626714024926,1.5656615398584794,2.209973823197459,0.35266705531467174,0.5635710433125496,1.0,1.0,0.005376756191253662,0.005376756191253662,0.0,0.005376756191253662,0.005376756191253662,0.005376756191253664,-0.0,0.0,0.09835750793638624,12.0,12.0,1.119626796245575,0.48584487686554595,3.6,5.830138522386551,6.052036865800619,2.256695697534828,0.6,0.3,0.0029096364974975585,0.0029096364974975585,0.0,0.0029096364974975585,0.0014548182487487793,-0.0,-1,0.0,0.0
2022-06-30,20122.0,19608.4,20146.0,18782.75,22816515394.911003,365984224323.45276,-1.0,0.0,time,0.0292,-0.025209430189391313,198.0,218.0,4.0,12.0,12.0,1.5682963132858276,0.5229967124760151,3.0,6.275960549712181,2.314337545872943,1.8145384125220885,2.193680810281985,0.4157174061295085,0.6044395193457603,1.0,1.0,0.006305515766143799,0.006305515766143799,0.0,0.006305515766143799,0.006305515766143799,0.0063055157661438006,-0.0,0.0,0.16297914026633828,12.0,12.0,1.2385841608047485,0.4972350761294365,3.4,5.966820913553238,6.0799429304897785,2.2383373633899812,0.8,0.4,0.004170739650726318,0.004170739650726318,0.0,0.004170739650726318,0.002085369825363159,-0.0,-1,0.0,0.0
2022-07-01,19627.97,19407.45,20537.0,19100.51,28756781114.699898,370916529918.7163,-1.0,0.0,time,0.058,-0.01030103288374559,199.0,219.0,4.0,12.0,12.0,1.9182573556900024,0.6135992979009947,3.0,7.363191574811935,2.7536599962037385,2.1878405028709538,2.184485203018426,0.5053541822390223,0.8264762908220291,1.0,1.0,0.00771254301071167,0.00771254301071167,0.0,0.00771254301071167,0.00771254301071167,0.007712543010711672,-0.0,0.0,0.24691914784885483,12.0,12.0,1.4211466789245606,0.5247265265633663,3.2,6.296718318760395,6.167160453647375,2.2190106201312596,1.0,0.5,0.005713248252868652,0.005713248252868652,0.0,0.005713248252868652,0.002856624126434326,-0.0,-1,0.0,0.0
2022-07-02,19314.61,19268.23,19381.38,19059.83,15601715000.679424,367706689137.568,-1.0,0.0,upper,0.1171,-0.007199387383882534,200.0,220.0,4.0,12.0,12.0,2.6314027309417725,0.7196839128931364,2.0,8.636206954717636,3.3676501651136315,2.8038339643292325,2.161611728220703,0.6535625716578178,1.1262132078409195,1.0,1.0,0.010579824447631836,0.010579824447631836,0.0,0.010579824447631836,0.010579824447631836,0.01057982444763184,-0.0,0.0,0.5031682087331718,12.0,12.0,1.7307141780853272,0.5664235262821118,2.8,6.7970823153853415,6.400080027431249,2.1960023233075945,1.0,0.6,0.006958186626434326,0.006958186626434326,0.0,0.006958186626434326,0.00391460657119751,-0.0,-1,0.0,0.0
2022-07-03,19261.55,19310.23,19548.78,19006.55,13976969844.332441,368549364135.05225,-1.0,0.0,upper,0.1149,0.0021773817095586193,201.0,221.0,4.0,12.0,12.0,1.6221601963043213,0.8103063230713209,4.0,9.72367587685585,3.2704741531342454,2.405539992177629,2.3086470506037573,0.4844967440384914,1.4477601051330566,1.0,1.0,0.01707291603088379,0.01707291603088379,0.0,0.01707291603088379,0.01707291603088379,0.017072916030883793,-0.0,0.0,1.1394607635140601,12.0,12.0,1.8154841899871825,0.626530708745122,3.0,7.5183685049414635,6.749817468225956,2.2116797230644663,1.0,0.7,0.00940951108932495,0.00940951108932495,0.0,0.00940951108932495,0.005621898174285889,-0.0,-1,0.0,0.0
2022-07-04,19317.45,20257.0,20281.0,19103.53,18634860046.37241,386425176262.77844,-1.0,0.0,upper,0.0761,0.0478654055351999,202.0,222.0,4.0,12.0,12.0,2.065335750579834,0.9798646718263626,4.0,11.758376061916351,3.9050303987847133,2.8486860172240944,2.3204815494202005,0.5573482689121224,0.571208655834198,1.0,1.0,0.09315121173858643,0.09315121173858643,0.0,0.09315121173858643,0.09315121173858643,0.09315121173858644,-0.0,0.0,0.4665545712687201,12.0,12.0,1.9610904693603515,0.7292901836335659,3.2,8.75148220360279,7.290810362994671,2.233781268309014,1.0,0.8,0.026964402198791503,0.026964402198791503,0.0,0.026964402198791503,0.014937019348144532,-0.0,-1,0.0,0.0
2022-07-05,20250.0,20189.0,20630.0,19359.81,23623270105.54542,385301783065.72974,-1.0,0.0,upper,0.0795,-0.003362511203582525,203.0,223.0,4.0,12.0,12.0,2.360217809677124,0.9911608422795931,4.0,11.893930107355118,4.064183406350811,3.0427271672533824,2.295094246037864,0.627746563593181,0.9298043847084045,1.0,1.0,0.10311353206634521,0.10311353206634521,0.0,0.10311353206634521,0.10311353206634521,0.10311353206634523,-0.0,0.0,0.2709521881363405,12.0,12.0,2.119474768638611,0.8229230095942816,3.4,9.875076115131378,7.920948514342308,2.2540639554601904,1.0,0.9,0.04632600545883179,0.04632600545883179,0.0,0.04632600545883179,0.025248372554779054,-0.0,-1,0.0,0.0
2022-07-06,20188.0,20567.0,20612.0,19798.69,21755499642.28282,392479833070.6018,-1.0,1.0,time,-0.028,0.01854994793923578,204.0,224.0,4.0,12.0,12.0,2.264724016189575,1.049182005226612,4.0,12.590184062719345,4.147168518559778,3.0397831408324283,2.3407860911627685,0.5766001040754102,0.7981961369514465,1.0,1.0,0.20380139350891113,0.20380139350891113,0.0,0.20380139350891113,0.20380139350891113,0.20380139350891113,-0.0,0.0,0.583097601369787,12.0,12.0,2.1887681007385256,0.9100395510594051,3.6,10.92047461271286,8.608596465736628,2.2853241330890586,1.0,1.0,0.08554377555847167,0.08554377555847167,0.0,0.08554377555847167,0.04562851190567017,-0.0,-1,1.0,-1.0
2022-07-07,20568.0,21661.0,21791.0,20297.0,21927087503.433758,414055638573.8548,-1.0,1.0,lower,-0.0799,0.05182555899151853,205.0,225.0,4.0,12.0,12.0,1.9242196083068848,1.0652959644794464,5.0,12.783551573753357,4.070930508825773,2.892832396389961,2.3729935187670455,0.4961694354799698,1.1016250550746918,1.0,1.0,0.4522688388824463,0.4522688388824463,0.0,0.4522688388824463,0.4522688388824463,0.4522688388824463,-0.0,0.0,0.30437890746762997,12.0,12.0,2.0473314762115478,0.979161961376667,4.2,11.749943536520004,9.273512925952673,2.3276004911983272,1.0,1.0,0.17388157844543456,0.17388157844543456,0.0,0.17388157844543456,0.09041988253593444,-0.0,-1,1.0,-1.0
2022-07-08,21641.0,21859.0,22289.0,21251.0,46645398900.96298,417690286504.50726,-1.0,1.0,lower,-0.089,0.009099327489024237,206.0,226.0,4.0,12.0,12.0,1.4776849746704102,0.9588603228330612,6.0,11.506323873996735,3.6233909467207823,2.5467942567641315,2.3838587951842696,0.4179318652938399,1.0191837847232819,1.0,1.0,0.24451875686645508,0.24451875686645508,0.0,0.24451875686645508,0.24451875686645508,0.2445187568664551,-0.0,0.0,0.14701299511403898,12.0,12.0,2.0184364318847656,1.008872761329015,4.6,12.106473135948182,9.812420820444823,2.3426428401144297,1.0,1.0,0.21937074661254882,0.21937074661254882,0.0,0.21937074661254882,0.11439012885093688,-0.0,-1,1.0,-1.0
2022-07-09,21767.0,21590.0,21889.0,21382.0,26211587451.783283,412459838738.2113,-1.0,1.0,lower,-0.0766,-0.012382491521149298,207.0,227.0,4.0,12.0,12.0,1.5302479267120361,0.9192535579204559,5.0,11.031042695045471,3.536233034543778,2.52350125896412,2.3664573164202816,0.44390491001317794,0.2901339828968048,1.0,1.0,0.2532165050506592,0.2532165050506592,0.0,0.2532165050506592,0.2532165050506592,0.2532165050506592,-0.0,0.0,0.11184067891179404,12.0,12.0,1.911418867111206,0.9967505385478337,4.8,11.961006462574005,10.356244333088398,2.351837993514446,1.0,1.0,0.2513838052749634,0.2513838052749634,0.0,0.2513838052749634,0.13917410373687744,-0.0,-1,1.0,-1.0
2022-07-10,21600.0,20860.0,21600.0,20710.0,25037950754.003357,398249545888.6735,-1.0,1.0,lower,-0.0751,-0.03439679495408958,208.0,228.0,4.0,12.0,12.0,1.5249004364013672,0.9511684601505598,5.0,11.414021521806717,3.627056368801574,2.565687209844714,2.373578752537648,0.43769097045764066,0.03811940550804138,1.0,1.0,0.6213228702545166,0.6213228702545166,0.0,0.6213228702545166,0.6213228702545166,0.6213228702545166,-0.0,0.0,0.2604627291482231,12.0,12.0,1.7443553924560546,0.988752062122027,5.0,11.865024745464325,10.870050430297852,2.3675348948144026,1.0,1.0,0.3550256729125977,0.3550256729125977,0.0,0.3550256729125977,0.20067583918571472,-0.0,-1,1.0,-1.0
2022-07-11,20867.0,19998.47,20867.0,19988.71,21319467248.801025,382000290322.39886,-1.0,0.0,time,0.058,-0.04217767894490961,209.0,229.0,4.0,12.0,12.0,1.50653874874115,1.014977825184663,6.0,12.179733902215958,3.7951034818337295,2.644589954915059,2.3945448050890983,0.4123763057398175,0.11666679382324219,1.0,1.0,0.778782844543457,0.778782844543457,0.0,0.778782844543457,0.778782844543457,0.778782844543457,-0.0,0.0,0.19138469006112,12.0,12.0,1.5927183389663697,0.9819112261136371,5.4,11.782934713363648,11.351704663038253,2.3782866375996687,1.0,1.0,0.47002196311950684,0.47002196311950684,0.0,0.47002196311950684,0.27778286933898927,-0.0,-1,1.0,-1.0
2022-07-12,19961.63,19350.74,20051.0,19350.74,22074971578.2899,370191767290.5106,-1.0,0.0,upper,0.072,-0.032925108989109914,210.0,230.0,4.0,12.0,12.0,1.438493013381958,0.9614297797282537,5.0,11.537157356739044,3.599041982234752,2.51227458416071,2.3938716658460626,0.39379949781037377,0.35715043544769287,1.0,1.0,0.741635799407959,0.741635799407959,0.0,0.741635799407959,0.741635799407959,0.741635799407959,-0.0,0.0,0.14951963651215902,12.0,12.0,1.4955730199813844,0.9611379891633988,5.4,11.533655869960786,11.641799703240395,2.382462267015472,1.0,1.0,0.5278953552246094,0.5278953552246094,0.0,0.5278953552246094,0.35088846683502195,-0.0,-1,1.0,-1.0
2022-07-13,19367.81,20225.0,20356.0,19044.67,28560004360.902916,385462566548.9708,-1.0,0.0,upper,0.1019,0.044188801305948405,211.0,231.0,4.0,12.0,12.0,1.7184051275253296,0.985227403541406,4.0,11.822728842496872,3.7194451339598436,2.6181439310233827,2.3855331247096876,0.4268289728011944,0.16876807808876038,1.0,1.0,0.9480705261230469,0.9480705261230469,0.0,0.9480705261230469,0.9480705261230469,0.9480705261230469,-0.0,0.0,0.2182811740555612,12.0,12.0,1.543717050552368,0.9664114053050676,5.0,11.596936863660812,11.851704999804497,2.3827971329205555,1.0,1.0,0.6686057090759278,0.6686057090759278,0.0,0.6686057090759278,0.4439882278442383,-0.0,-1,1.0,-1.0
2022-07-14,20271.0,20575.0,20752.0,19707.7,28732413536.669937,393104346702.71136,-1.0,0.0,upper,0.0848,0.01715728361857813,212.0,232.0,4.0,12.0,12.0,1.703118920326233,1.0352867270509403,4.0,12.423440724611282,3.8632909380800817,2.6912727926109117,2.3966416172052396,0.414647800926431,0.2525554299354553,2.0,2.0,0.3680614233016968,0.26073020696640015,1.0,0.5214604139328003,0.39874861962082353,0.3767372098451549,0.6058449720689312,0.10733121633529663,3.148027755643108,12.0,12.0,1.5782912492752075,0.9896180391311645,4.8,11.875416469573974,11.91821146607399,2.3888339930775473,1.2,1.1,0.6915746927261353,0.6701084494590759,0.2,0.7222544908523559,0.48681914806365967,0.12116899441378623,-1,0.0,0.0
2022-07-15,20595.0,20795.0,21148.0,20392.0,46542248374.33238,397285233065.65533,-1.0,0.0,upper,0.0741,0.010635826631741594,213.0,233.0,4.0,12.0,12.0,1.7384979724884033,1.1187795400619507,4.0,13.425354480743408,4.087680782600898,2.80995436292541,2.422358624783523,0.3751802088452435,0.22192516922950745,2.0,2.0,0.3757070302963257,0.26614630222320557,1.0,0.5322926044464111,0.4070317120888692,0.3845630493647216,0.6058450668820947,0.10956072807312012,0.10986325562523262,12.0,12.0,1.6210107564926148,1.0231402551134425,4.6,12.277683061361312,12.071353903412819,2.398589967526722,1.4,1.2,0.6424515247344971,0.5990731358528137,0.4,0.7044484376907348,0.5297370553016663,0.24233800779020517,-1,0.0,0.0
2022-07-16,20844.0,21193.0,21475.0,20523.0,42051101694.797554,404705642580.89075,-1.0,0.0,upper,0.0977,0.018958365279561965,214.0,234.0,4.0,12.0,12.0,1.7817332744598389,1.1046001389622688,3.0,13.255201667547226,4.032393640332956,2.775215706830424,2.4246228118081152,0.3672534168949407,0.25691863894462585,2.0,2.0,0.38505053520202637,0.2727651596069336,1.0,0.5455303192138672,0.4171542589209105,0.39412680627643043,0.6058451390438057,0.11228537559509277,0.13425959676637197,12.0,12.0,1.6760496616363525,1.041064717868964,4.0,12.492776614427566,12.137855663895607,2.4046055688705255,1.6,1.3,0.5637050628662109,0.497869598865509,0.6,0.6577979326248169,0.5639099478721619,0.36350703559896635,-1,0.0,0.0
2022-07-17,21176.0,20824.0,21576.0,20815.0,29615794461.49923,397660610560.5498,-1.0,0.0,upper,0.0727,-0.01756477078217274,215.0,235.0,4.0,12.0,12.0,1.6423717737197876,1.1243081862727802,4.0,13.491698235273361,4.13851071998019,2.8494497571738746,2.409716278988651,0.40398475700937586,0.2549135982990265,2.0,2.0,0.41291821002960205,0.28748905658721924,1.0,0.5749781131744385,0.44358185307941117,0.42107697681270184,0.5946958714740896,0.1254291534423828,0.04899942926120755,12.0,12.0,1.7168254137039185,1.0736403991778691,3.8,12.88368479013443,12.208670330047607,2.407774491499043,1.8,1.4,0.4979615449905396,0.4070402503013611,0.8,0.6244663953781128,0.5761808753013611,0.48244620989378423,-1,0.0,0.0
2022-07-18,20803.0,22395.0,22459.0,20803.0,58636734705.48306,425756736660.6174,-1.0,0.0,time,0.0049,0.07273155196699921,216.0,236.0,4.0,12.0,12.0,1.616562008857727,1.0703425755103428,4.0,12.844110906124115,3.953190447166044,2.727468898273538,2.4046631415686854,0.39582361014340484,0.5119302570819855,3.0,3.0,0.14179003238677979,0.12277785936991374,1.0,0.3683335781097412,0.21392850755819795,0.1792278912999401,1.0927555886279912,0.013443686147568919,2.700694673407138,12.0,12.0,1.696456789970398,1.0906634335716565,3.8,13.087961202859878,12.342449033260346,2.411600494870843,2.2,1.6,0.33670544624328613,0.24198171695073448,1.0,0.5085190057754516,0.5885623574256897,0.7009973276193825,-1,0.0,0.0
2022-07-19,22441.0,23367.0,23655.0,21746.0,57338223361.51413,445889013251.1064,-1.0,1.0,time,-0.0328,0.042487050946657695,217.0,237.0,4.0,12.0,12.0,1.3222718238830566,0.8919456675648689,4.0,10.703348010778427,3.3028333206366534,2.28209438719812,2.401353677447596,0.3368856207051669,0.9473345279693604,3.0,3.0,0.11597752571105957,0.09916118780771892,1.0,0.29748356342315674,0.17300431113614492,0.14513155533078456,1.091463139465347,0.011995390356006663,0.7176083127738294,12.0,12.0,1.6202873706817627,1.0619952216744424,3.8,12.743942660093307,12.30967956483364,2.412542906919314,2.4,1.8,0.2862886667251587,0.20966791311899818,1.0,0.4637236356735229,0.5929890632629394,0.7981209610986657,-1,0.0,0.0
2022-07-20,23359.0,23313.0,24189.0,22993.0,40775718993.79776,446130012149.91077,-1.0,1.0,lower,-0.0889,-0.002313625710706295,218.0,238.0,4.0,12.0,12.0,1.172467827796936,0.7680460475385189,4.0,9.216552570462227,2.8550523334393665,1.9819375210356038,2.3985880590964257,0.2989686512277224,0.7028089910745621,2.0,2.0,0.10283815860748291,0.09251242876052856,1.0,0.18502485752105713,0.13164475053752928,0.11799269405530877,0.6869052826601203,0.010325729846954346,0.8176365512718367,12.0,12.0,1.5070813417434692,0.9918485231697559,3.8,11.90218227803707,12.089932669699191,2.4077887937818945,2.4,1.9,0.23171489238739013,0.1749411384264628,1.0,0.39427008628845217,0.5493592619895935,0.8143330042542708,-1,0.0,0.0
2022-07-21,23217.0,23155.0,23366.0,22465.0,63224249257.511284,442379611364.02734,-1.0,1.0,lower,-0.0821,-0.00680040496249961,219.0,239.0,4.0,12.0,12.0,1.350833773612976,0.7243211716413498,3.0,8.691854059696198,2.7251932314932774,1.9183314157875018,2.3873469917640184,0.3069994886969141,0.40807487070560455,2.0,2.0,0.09716355800628662,0.08740758895874023,1.0,0.17481517791748047,0.12438058964031945,0.11148185580025317,0.686905265454292,0.009755969047546387,0.2141630639238668,12.0,12.0,1.4209014415740966,0.9157927297055721,3.8,10.989512756466866,11.741144685447216,2.4003336297730753,2.4,2.0,0.17413749694824218,0.13786962429682414,1.0,0.3201270580291748,0.48896249532699587,0.8305450295363681,-1,0.0,0.0
2022-07-22,23142.0,22697.0,23668.0,22620.0,40304373301.41499,433485926857.3929,-1.0,1.0,lower,-0.0665,-0.019977982769382643,220.0,240.0,4.0,12.0,12.0,1.3983285427093506,0.782806230088075,4.0,9.3936747610569,2.9765467634029177,2.1062473451921755,2.373473558749595,0.3543072475912133,0.07493475079536438,1.0,1.0,0.09703099727630615,0.09703099727630615,0.0,0.09703099727630615,0.09703099727630615,0.09703099727630617,-0.0,0.0,0.41014605004544424,12.0,12.0,1.3720927953720092,0.847492338468631,3.8,10.169908061623573,11.526796425879002,2.3930850857252643,2.2,2.0,0.11096005439758301,0.09977801243464153,0.8,0.22453763484954833,0.42450201511383057,0.7116058552415501,-1,0.0,0.0
2022-07-23,22700.0,22506.0,22976.0,22048.0,42519262113.1533,429803379587.55133,-1.0,0.0,time,0.0568,-0.008450816835527288,221.0,241.0,4.0,12.0,12.0,1.4416449069976807,0.7834778726100922,3.0,9.401734471321106,2.9780543749238304,2.113178747996951,2.3759659172556016,0.3538781496465669,0.26443734765052795,0.0,0.0,0.0,0.0,0.0,0.0,0.0,0.0,0.0,0.0,0.09703099727630615,12.0,12.0,1.337109375,0.790119397888581,3.6,9.481432774662972,11.284696988761425,2.3873456408626472,1.6,1.9,0.08260204792022705,0.07522244056065877,0.6,0.1508709192276001,0.32969496250152586,0.49305473751595186,-1,0.0,0.0
2022-07-24,22484.0,22614.0,22967.0,22334.0,33108916659.05373,433819662321.5266,-1.0,1.0,lower,-0.0629,0.004787243185248051,222.0,242.0,4.0,12.0,12.0,1.5039206743240356,0.7822658134003481,3.0,9.387189760804176,3.0293290803407382,2.1752389935883025,2.3543706111337643,0.3908918268117968,0.301524356007576,0.0,0.0,0.0,0.0,0.0,0.0,0.0,0.0,0.0,0.0,0.0,12.0,12.0,1.3734391450881958,0.7681834270556769,3.4,9.218201124668122,10.981071892380715,2.377949027599881,1.0,1.7,0.05940654277801514,0.05539020299911499,0.4,0.09137420654296875,0.27754892110824586,0.27476210962288244,-1,0.0,0.0
2022-07-25,22606.0,21330.0,22628.0,21330.0,42667548128.932236,407480099599.8142,-1.0,0.0,upper,0.0714,-0.05845465102979416,223.0,243.0,4.0,12.0,12.0,1.542060375213623,0.822323544571797,4.0,9.867882534861565,3.1773300159701328,2.271316300181553,2.354543363246104,0.4062874482123947,0.1769143044948578,1.0,1.0,0.5241489410400391,0.5241489410400391,0.0,0.5241489410400391,0.5241489410400391,0.5241489410400391,-0.0,0.0,0.5241489410400391,12.0,12.0,1.4473576545715332,0.7790389264623324,3.4,9.348467117547989,10.62532469779253,2.369140088429817,0.8,1.6,0.14366869926452636,0.1417175054550171,0.2,0.15919902324676513,0.27673455476760866,0.1373810530908584,-1,1.0,-1.0
2022-07-26,21319.0,21236.0,21321.0,20772.0,53995620035.18145,405692421501.52716,-1.0,0.0,upper,0.0758,-0.004416677761834127,224.0,244.0,4.0,12.0,12.0,1.590598464012146,0.9041295573115349,3.0,10.849554687738419,3.502932635872943,2.4959637087423747,2.3472514285177186,0.4528736003393167,0.257452055811882,2.0,2.0,0.17043614387512207,0.10425710678100586,1.0,0.20851421356201172,0.17463796417188598,0.17106735218393154,0.47533742996931816,0.06617903709411621,3.6468758895399587,12.0,12.0,1.4953105926513672,0.8150006035963694,3.4,9.780007243156433,10.38475999981165,2.361120975780557,0.8,1.6,0.15832321643829345,0.1450874090194702,0.2,0.1659388303756714,0.2430329442024231,0.09506748599386364,-1,0.0,0.0
2022-07-27,21223.0,22909.0,23001.0,21071.0,54498281944.45157,437193517021.8447,-1.0,0.0,time,0.0184,0.07583199172978582,225.0,245.0,4.0,12.0,12.0,1.726135492324829,0.9447552127142748,4.0,11.337062552571297,3.705155192449346,2.6575040148731515,2.331473464031195,0.5014500686945162,0.16216571629047394,1.0,1.0,0.2057640552520752,0.2057640552520752,0.0,0.2057640552520752,0.2057640552520752,0.20576405525207522,-0.0,0.0,0.3780649910290321,12.0,12.0,1.5608719825744628,0.8473904001216093,3.4,10.168684801459312,10.169296431541444,2.352720956836877,0.8,1.5,0.18006982803344726,0.16683402061462402,0.2,0.1876854419708252,0.20611153841018676,0.09506748599386364,-1,1.0,-1.0
2022-07-28,22946.0,23822.0,24161.0,22749.0,55609627980.6571,454806622614.75885,-1.0,1.0,time,-0.0328,0.03907967700749818,226.0,246.0,4.0,12.0,12.0,1.5956522226333618,0.9336955895026525,4.0,11.20434707403183,3.5360188747345407,2.4939696508671605,2.3798398645048415,0.4125106095805757,0.6103807836771011,1.0,1.0,0.19020986557006836,0.19020986557006836,0.0,0.19020986557006836,0.19020986557006836,0.1902098655700684,-0.0,0.0,0.2610541914749726,12.0,12.0,1.591673445701599,0.8774339435001215,3.6,10.529207322001458,10.005320048332214,2.3534957462867245,1.0,1.3,0.21811180114746093,0.20487599372863768,0.2,0.22572741508483887,0.18829916715621947,0.09506748599386364,-1,1.0,-1.0
2022-07-29,23849.0,23848.0,24163.0,23466.0,41089335195.63975,459609388579.5554,-1.0,1.0,time,-0.0423,0.0010908329170612376,227.0,247.0,4.0,12.0,12.0,1.4973738193511963,0.8959302095075449,4.0,10.751162514090538,3.3803398339357207,2.3734433722162374,2.3824212844196695,0.38669605949998337,0.4108375459909439,2.0,2.0,0.17849445343017578,0.16622745990753174,1.0,0.3324549198150635,0.23572037484016803,0.2105678767888371,0.6904217469386409,0.012266993522644043,3.023293315755955,12.0,12.0,1.5903640747070313,0.9001668227215609,3.8,10.80200187265873,10.010101498663426,2.359105880943906,1.4,1.2,0.2538106918334961,0.23812148571014405,0.4,0.2922183990478516,0.19179630279541016,0.2331518353815918,-1,0.0,0.0
2022-07-30,23858.0,23653.0,24605.0,23619.0,62102072346.807785,451726702392.36206,-1.0,1.0,time,-0.0421,-0.008210399588304083,228.0,248.0,4.0,12.0,12.0,1.4371591806411743,0.7822424458960692,3.0,9.38690935075283,2.9932904610396376,2.1285775568749856,2.3689551418806607,0.3670772913857639,0.4223973751068115,1.0,1.0,0.32844626903533936,0.32844626903533936,0.0,0.32844626903533936,0.32844626903533936,0.3284462690353394,-0.0,0.0,0.8833160622470213,12.0,12.0,1.5693838357925416,0.8921506029864152,3.6,10.705807235836982,10.027137176692486,2.361988236670817,1.4,1.1,0.21467015743255616,0.1989809513092041,0.4,0.2530778646469116,0.2061384439468384,0.2331518353815918,-1,1.0,-1.0
2022-07-31,23644.0,23380.0,24082.0,23289.0,31786729326.443203,447051019373.1847,-1.0,1.0,time,-0.0067,-0.01160900074354386,229.0,249.0,4.0,12.0,12.0,1.2270482778549194,0.7499323263764381,4.0,8.999187916517258,2.838298635785809,1.998905956531232,2.380547363082526,0.3300450999700729,0.27845872938632965,2.0,2.0,0.15621495246887207,0.09457659721374512,1.0,0.18915319442749023,0.1596497389856195,0.15670156429397586,0.46238299357337675,0.06163835525512695,2.3388635752004565,12.0,12.0,1.4966737985610963,0.861311156799396,3.8,10.33573388159275,10.057870562374593,2.3686474235837784,1.4,1.1,0.21182591915130616,0.19704484939575195,0.4,0.24920566082000734,0.20757224559783935,0.23056094810240352,-1,0.0,0.0
2022-08-01,23345.0,23334.0,23467.0,22898.0,44489771146.510735,445958949620.3002,-1.0,1.0,time,-0.0151,-0.0019694316422571388,230.0,250.0,4.0,12.0,12.0,1.2794395685195923,0.8334816669424375,4.0,10.00178000330925,3.065706314108812,2.1245317594813535,2.417284477172224,0.29752519988746423,0.44823622703552246,2.0,2.0,0.16288495063781738,0.09861481189727783,1.0,0.19722962379455566,0.16646640417371725,0.16339234174404202,0.4623833093946136,0.06427013874053955,0.2050529781023851,12.0,12.0,1.4073346138000489,0.8390564476450285,3.8,10.06867737174034,10.118681086599826,2.3858096262119846,1.6,1.2,0.20325009822845458,0.17561500072479247,0.6,0.2474987745285034,0.2175921082496643,0.32303760998132625,-1,0.0,0.0
2022-08-02,23304.0,23054.0,23422.0,22729.0,35151096516.75639,440954684720.7478,-1.0,0.0,time,0.0062,-0.012072234222844458,231.0,251.0,4.0,12.0,12.0,1.4552439451217651,0.9107346211870512,4.0,10.928815454244614,3.3573400650432954,2.3325449806984713,2.4155486341276906,0.33147168174675473,0.7881908714771271,2.0,2.0,0.18526649475097656,0.11216521263122559,1.0,0.22433042526245117,0.18934007696290542,0.18584360747456327,0.4623836325012515,0.07310128211975098,0.5906747271155621,12.0,12.0,1.3792529582977295,0.8344642539819083,3.8,10.013571047782898,10.271389184892177,2.3929513801365543,1.8,1.4,0.20226142406463624,0.16000607013702392,0.8,0.25432288646698,0.2400251507759094,0.4155143364815766,-1,0.0,0.0
2022-08-03,23053.0,22860.0,23631.0,22774.0,41334593234.075066,437035641450.2815,-1.0,0.0,time,0.0413,-0.008450631812156268,232.0,252.0,4.0,12.0,12.0,1.567480206489563,0.8686661049723625,4.0,10.42399325966835,3.2945153371628364,2.3243460098581994,2.3784227626910406,0.38717585191431325,0.7449524998664856,1.0,1.0,0.20373272895812988,0.20373272895812988,0.0,0.20373272895812988,0.20373272895812988,0.2037327289581299,-0.0,0.0,0.6649224360945676,12.0,12.0,1.3932742357254029,0.8290114330748717,3.8,9.948137196898461,10.375069534778595,2.3921516757908283,1.6,1.5,0.20730907917022706,0.16750712394714357,0.6,0.22857844829559326,0.2603984236717224,0.27742998709384836,-1,1.0,-1.0
2022-08-04,22853.0,22678.0,23212.0,22515.0,23624874220.429745,432420621055.8012,-1.0,0.0,time,0.0229,-0.007993366817016529,233.0,253.0,4.0,12.0,12.0,1.7229288816452026,0.9398781756560007,4.0,11.27853810787201,3.5725566117731375,2.528296827290464,2.3771986008471524,0.42453002675807405,0.482952743768692,2.0,2.0,0.26617610454559326,0.15806257724761963,1.0,0.31612515449523926,0.27082213022930535,0.266761121086023,0.43634524287655174,0.10811352729797363,1.6455134869035288,12.0,12.0,1.4504281759262085,0.8605385790268582,4.0,10.326462948322296,10.51613509207964,2.393800367584127,1.8,1.6,0.19485504627227784,0.1334303855895996,0.8,0.22611422538757325,0.23959604501724244,0.36469903566915873,-1,0.0,0.0
2022-08-05,22671.0,23225.0,23433.0,22658.0,27040190909.828075,443821669890.4801,-1.0,0.0,time,0.0307,0.023833993150254088,234.0,254.0,4.0,12.0,12.0,1.891252875328064,1.1019201626380284,4.0,13.223041951656342,4.120326262422921,2.880530900813056,2.3950580814622304,0.44780501438250747,0.8288089036941528,2.0,2.0,0.2921804189682007,0.17350465059280396,1.0,0.3470093011856079,0.2972803450510033,0.29282258974626185,0.4363453030296762,0.11867576837539673,0.41315239575894175,12.0,12.0,1.5832690954208375,0.9309361462791761,4.0,11.171233755350112,10.753483818471432,2.3967025112600675,1.8,1.6,0.22204813957214356,0.14921599626541138,0.8,0.2576854467391968,0.25344555377960204,0.3594914975604186,-1,0.0,0.0
2022-08-06,23271.0,22985.0,23322.0,22985.0,14439694271.14074,439414782173.18774,-1.0,0.0,time,0.0411,-0.010387455441710868,235.0,255.0,4.0,12.0,12.0,2.086061954498291,1.19949322193861,4.0,14.393918663263321,4.563926926967166,3.23495161038957,2.3762363735193843,0.5449786785566285,0.6901939809322357,2.0,2.0,0.6732656955718994,0.366473913192749,1.0,0.732947826385498,0.6759058022922758,0.6734219879930475,0.2822421248948842,0.3067917823791504,0.7280617674298467,12.0,12.0,1.744593572616577,1.0041384572784104,4.0,12.049661487340927,11.059169429540635,2.3884928905294993,1.8,1.7,0.32412428855895997,0.20278781652450562,0.8,0.3648290872573853,0.30616393089294436,0.32346326066047276,-1,0.0,0.0
2022-08-07,22981.0,23198.0,23341.0,22927.0,14324042469.270954,442979379284.1196,-1.0,0.0,time,0.051,0.009224238801493269,236.0,256.0,4.0,12.0,12.0,2.5311291217803955,1.2358347028493881,3.0,14.830016434192657,4.813046707107816,3.4817573868412968,2.3538074195708565,0.6349520750680951,0.9956219494342804,1.0,1.0,0.07175004482269287,0.07175004482269287,0.0,0.07175004482269287,0.07175004482269287,0.07175004482269288,-0.0,0.0,1.6824157968283573,12.0,12.0,1.9597706079483033,1.069158473610878,3.8,12.829901683330537,11.421736365556717,2.3761446476181325,1.6,1.7,0.30142099857330323,0.19470478296279908,0.6,0.33431301116943357,0.2943179488182068,0.2309865341602224,-1,0.0,0.0
2022-08-08,23205.0,23824.0,24214.0,23202.0,27756736787.028625,455450642522.25543,-1.0,0.0,time,0.0253,0.02662740788196876,237.0,257.0,4.0,12.0,12.0,1.9417692422866821,1.0085784904658794,4.0,12.102941885590553,3.9895327656339385,2.888953021750347,2.3226196342888104,0.5559979639427347,0.8919501304626465,1.0,1.0,0.0701979398727417,0.0701979398727417,0.0,0.0701979398727417,0.0701979398727417,0.07019793987274171,-0.0,0.0,0.047922577525279765,12.0,12.0,2.034628415107727,1.0971409507095813,3.8,13.165691408514977,11.55691430270672,2.364984021937687,1.6,1.6,0.2747140407562256,0.16799782514572142,0.6,0.30760605335235597,0.2680922508239746,0.2309865341602224,-1,0.0,0.0
2022-08-09,23849.0,23204.0,23935.0,22961.0,29738069337.77638,443382534834.6949,-1.0,0.0,time,0.0467,-0.026368798337835255,238.0,258.0,4.0,12.0,12.0,1.9513771533966064,0.9710426703095436,4.0,11.652512043714523,3.858321716689378,2.8161308316588545,2.3216984103313902,0.5455547680063998,0.19095034897327423,2.0,2.0,0.02374720573425293,0.014460206031799316,1.0,0.028920412063598633,0.024304152812038474,0.023828759214856894,0.4696868649003355,0.009286999702453613,1.2742682516673285,12.0,12.0,2.080318069458008,1.1033738496402898,3.8,13.240486195683479,11.783474572002888,2.3538839838345345,1.6,1.7,0.22622826099395751,0.13927735090255738,0.6,0.25016510486602783,0.23813966512680054,0.2376548585649792,-1,0.0,0.0
2022-08-10,23119.0,23949.0,24206.0,22782.0,32215976525.650154,457270455537.3291,-1.0,0.0,time,0.0096,0.03160189172795371,239.0,259.0,4.0,12.0,12.0,1.9496062994003296,0.9727951660752296,2.0,11.673541992902756,3.7654989291147776,2.738183544229121,2.3691561005367046,0.4850272297762031,0.6385251581668854,2.0,2.0,0.022815704345703125,0.013892978429794312,1.0,0.027785956859588623,0.023350798162853483,0.02289405736880488,0.46968546694621205,0.008922725915908813,0.11783897258249262,12.0,12.0,2.091988754272461,1.0775488503277302,3.4,12.930586203932762,12.050909979641437,2.348703587649429,1.6,1.7,0.172355318069458,0.10735501646995545,0.6,0.18632043600082399,0.22200294137001036,0.24432289134828636,-1,0.0,0.0
2022-08-11,23956.0,23949.0,24931.0,23896.0,33892871243.716595,458070674127.7904,-1.0,1.0,time,-0.0015,0.0,240.0,260.0,4.0,12.0,12.0,2.203850746154785,0.9315763761599859,2.0,11.17891651391983,3.737312642782392,2.795766838820432,2.3318351608387604,0.5441730158742903,0.43636947870254517,2.0,2.0,0.036397337913513184,0.02059149742126465,1.0,0.0411829948425293,0.03671060772355456,0.036424895134407734,0.3592942565586963,0.015805840492248535,0.11796768109726545,12.0,12.0,2.1155465126037596,1.0239654811720054,3.0,12.287585774064064,12.168623630702495,2.3398233451133046,1.6,1.7,0.044981646537780764,0.03817853331565857,0.6,0.04796746969223022,0.20639827847480774,0.2597333176810488,-1,0.0,0.0
2022-08-12,23951.0,24411.0,24434.0,23674.0,25195193357.103275,466765701334.6809,-1.0,1.0,time,-0.0441,0.019107281050858294,241.0,261.0,4.0,12.0,12.0,1.691011667251587,0.7862766732772192,3.0,9.43532007932663,3.0085125412587335,2.172258780713004,2.3813533889791967,0.3688242159927942,0.9099270701408386,2.0,2.0,0.034095048904418945,0.019288986921310425,1.0,0.03857797384262085,0.03438850063315166,0.03412086269265218,0.35929339684569783,0.01480606198310852,0.17513073434903473,12.0,12.0,1.947523021697998,0.9340538752575716,3.0,11.208646503090858,12.019274093210697,2.3453325389949726,1.8,1.7,0.037450647354125975,0.02768632173538208,0.8,0.04133305549621582,0.1878230333328247,0.3315919970501883,-1,0.0,0.0
2022-08-13,24402.0,24434.0,24883.0,24383.0,22240559959.522095,467078368768.6749,-1.0,1.0,lower,-0.0498,0.0009417545992382664,242.0,262.0,4.0,12.0,12.0,1.622737169265747,0.7369546815752983,3.0,8.84345617890358,2.828330738810624,2.0531879306133183,2.3803548268802794,0.3514527393254151,0.31119227409362793,2.0,2.0,0.042337894439697266,0.023319929838180542,1.0,0.046639859676361084,0.04255589513198392,0.04235269469183563,0.307685280901616,0.019017964601516724,0.0981872878369106,12.0,12.0,1.883716607093811,0.8797291134794554,2.8,10.556749361753464,11.86122038513422,2.3568795775132663,2.0,1.8,0.03187863826751709,0.01831071972846985,1.0,0.0366214394569397,0.17211374640464783,0.3931290532305115,-1,0.0,0.0
2022-08-14,24439.0,24313.0,24988.0,24239.0,21287616855.704494,464896345363.0234,-1.0,1.0,lower,-0.0448,-0.004964418261971876,243.0,263.0,4.0,12.0,12.0,2.0383238792419434,0.7071367104848226,2.0,8.485640525817871,2.898432621759578,2.2605997631358012,2.32739845836435,0.4472512097148305,0.6296343505382538,2.0,2.0,0.03390556573867798,0.019055098295211792,1.0,0.038110196590423584,0.03416527928554463,0.03392710567911168,0.3472010484797122,0.014850467443466187,0.2511950528660622,12.0,12.0,1.9011059522628784,0.8269479215145111,2.4,9.923375058174134,11.581930626928806,2.358019587119858,2.0,1.8,0.0339103102684021,0.019229698181152343,1.0,0.038459396362304686,0.14431225061416625,0.36863188994638685,-1,0.0,0.0
2022-08-15,24366.0,24179.0,25093.0,23848.0,33404812507.80541,462437221425.1544,-1.0,1.0,lower,-0.1435,-0.005526698881422332,244.0,264.0,4.0,12.0,12.0,2.372011661529541,0.812177300453186,2.0,9.746127605438232,3.3493811930103656,2.6221661994025887,2.3202944311858067,0.5246245298333563,0.6595466434955597,2.0,2.0,0.039095163345336914,0.021971672773361206,1.0,0.04394334554672241,0.039394627395831605,0.03912000002906376,0.34720058777981905,0.017123490571975708,0.34356715502268675,12.0,12.0,1.9855870246887206,0.7948243483901025,2.4,9.53789218068123,11.234239192306996,2.3482472532496788,2.0,1.8,0.03716620206832886,0.020845437049865724,1.0,0.04169087409973145,0.11400565505027771,0.34413491411310826,-1,0.0,0.0
2022-08-16,24146.0,23913.0,24239.0,23724.0,24971300201.368164,456791042838.03827,-1.0,1.0,lower,-0.1325,-0.011062243724578058,245.0,265.0,4.0,12.0,12.0,1.5617318153381348,0.9690475687384605,4.0,11.628570824861526,3.5861436123460613,2.5052963320800212,2.414334800729556,0.364210072466816,1.2975743412971497,3.0,3.0,0.05337119102478027,0.03093053897221883,1.0,0.0927916169166565,0.0629940616832575,0.057246952554931445,0.8740518622982589,0.019132494906294952,1.9617153563429965,12.0,12.0,1.8571632385253907,0.8023185869057974,2.8,9.627823042869569,10.957704408466816,2.3647471812278376,2.2,1.9,0.04056097269058227,0.02291324536005656,1.0,0.05201259851455688,0.04999003410339355,0.4470864352610208,-1,0.0,0.0
2022-08-17,23898.0,23359.0,24439.0,23277.0,29567403252.00121,447015816173.3428,-1.0,1.0,lower,-0.109,-0.023439895289345602,246.0,266.0,4.0,12.0,12.0,1.6383816003799438,1.0276074384649594,4.0,12.331289261579514,3.827267507096079,2.686256914379544,2.407302174812654,0.4058172823463012,0.3658090829849243,2.0,2.0,0.055348873138427734,0.03110635280609131,1.0,0.06221270561218262,0.0557728424407573,0.05538403609037687,0.34720152702596496,0.024242520332336426,1.322128191956745,12.0,12.0,1.846637225151062,0.8505847399433453,3.0,10.207016879320145,10.707831691205502,2.3699369383945292,2.2,2.0,0.04481173753738403,0.025276718537012736,1.0,0.05673954486846924,0.04903630018234253,0.44466806129707426,-1,0.0,0.0
2022-08-18,23373.0,23248.0,23591.0,23134.0,20228208349.156567,444845955425.38696,-1.0,1.0,lower,-0.1043,-0.004763241996623151,247.0,267.0,4.0,12.0,12.0,1.6110821962356567,1.0622247556845348,5.0,12.746697068214417,3.916939850104631,2.7195991716365806,2.41571682304457,0.38757371452289074,0.12349453568458557,1.0,1.0,0.055057644844055176,0.055057644844055176,0.0,0.055057644844055176,0.055057644844055176,0.05505764484405518,-0.0,0.0,0.8666506082692906,12.0,12.0,1.844306230545044,0.9156387547651926,3.4,10.987665057182312,10.772207209467888,2.3770093376273875,2.0,2.0,0.047355687618255614,0.03162426153818766,0.8,0.05842310190200806,0.04752227067947388,0.383131005116751,-1,0.0,0.0
2022-08-19,23246.0,20946.0,23246.0,20925.0,35142410593.122185,400810425580.64777,-1.0,0.0,time,0.0212,-0.10427140947697312,248.0,268.0,4.0,12.0,12.0,3.0651755332946777,0.9375234544277191,1.0,11.25028145313263,4.030229306759164,3.2704416708397046,2.282166337645286,0.6889209880818126,2.0811393558979034,1.0,1.0,0.03735196590423584,0.03735196590423584,0.0,0.03735196590423584,0.03735196590423584,0.03735196590423585,-0.0,0.0,0.7246473845346859,12.0,12.0,2.0496765613555907,0.961716103553772,3.2,11.540593242645263,10.731984150409698,2.3679629134835745,1.8,1.9,0.04804496765136719,0.03528363505999247,0.6,0.05827145576477051,0.048365426063537595,0.3136907954208086,-1,0.0,0.0
2022-08-20,20849.0,21175.0,21354.0,20849.0,23809679190.922188,404924875533.8922,-1.0,0.0,time,0.0207,0.01087354318716417,249.0,269.0,4.0,12.0,12.0,2.42764949798584,0.7989851658542951,1.0,9.587821990251541,3.338611468789034,2.642750935227487,2.3054233669573105,0.5389649800363568,1.1465982496738434,1.0,1.0,0.03156381845474243,0.03156381845474243,0.0,0.03156381845474243,0.03156381845474243,0.03156381845474244,-0.0,0.0,0.2368931875615009,12.0,12.0,2.0608041286468506,0.9590776766339937,3.0,11.508932119607925,10.523412150144576,2.3649887006378756,1.6,1.8,0.046538698673248294,0.037202064196268717,0.4,0.05579555034637451,0.04874321222305298,0.24425067786484478,-1,0.0,0.0
2022-08-21,21157.0,21616.0,21665.0,21127.0,20476237108.351532,413578924865.8514,-1.0,1.0,time,-0.0642,0.020612540679724945,250.0,270.0,4.0,12.0,12.0,2.015834331512451,0.7423685242732366,1.0,8.908422291278839,2.981705303775172,2.27599700377154,2.339293717485071,0.43562543243225904,0.782294362783432,1.0,1.0,0.029251933097839355,0.029251933097839355,0.0,0.029251933097839355,0.029251933097839355,0.02925193309783936,-0.0,0.0,0.09461951003932467,12.0,12.0,2.151624631881714,0.9137418677409489,2.4,10.964902412891387,10.296362727880478,2.349980483988978,1.2,1.7,0.04171484708786011,0.03686634302139282,0.2,0.04308761358261108,0.047550106048583986,0.069440305405193,-1,0.0,0.0
2022-08-22,21546.0,21388.0,21553.0,20961.0,28856912427.175735,408409110509.79584,-1.0,1.0,time,-0.0636,-0.010603764131357885,251.0,271.0,4.0,12.0,12.0,1.881914734840393,0.6443861151734988,1.0,7.7326333820819855,2.6664122806231085,2.0820383659321564,2.309673287273316,0.4210060238204243,0.44840681552886963,1.0,1.0,0.027096033096313477,0.027096033096313477,0.0,0.027096033096313477,0.027096033096313477,0.027096033096313484,-0.0,0.0,0.08823486911928265,12.0,12.0,2.2003312587738035,0.8370976030826569,1.8,10.045171236991882,10.126094058156013,2.3304547064811105,1.0,1.6,0.03606427907943725,0.03606427907943725,0.0,0.03606427907943725,0.04640191197395325,-0.0,-1,0.0,0.0
2022-08-23,21404.0,21562.0,21618.0,20955.0,29331102121.793316,412338357271.39594,-1.0,1.0,lower,-0.0717,0.008102489030441003,252.0,272.0,4.0,12.0,12.0,2.121253252029419,0.7714192606508732,2.0,9.257031127810478,3.3031804484523013,2.5880165969172753,2.26293225258744,0.560501930311861,0.2517573684453964,1.0,1.0,0.02577608823776245,0.02577608823776245,0.0,0.02577608823776245,0.02577608823776245,0.025776088237762458,-0.0,0.0,0.05402038788197444,12.0,12.0,2.302365469932556,0.7789365040759245,1.2,9.347238048911095,10.167451553046703,2.2998977923896846,1.0,1.5,0.03020796775817871,0.03020796775817871,0.0,0.03020796775817871,0.04431553483009339,-0.0,-1,0.0,0.0
2022-08-24,21553.0,21395.0,21800.0,21211.0,26855905243.361156,409503007623.01685,-1.0,1.0,lower,-0.0639,-0.007775256248145978,253.0,273.0,4.0,12.0,12.0,1.8413288593292236,0.7029448014994463,2.0,8.435337617993355,3.0034315090080073,2.3409070901354267,2.2623113673306965,0.507528661082387,0.5224811136722565,0.0,0.0,0.0,0.0,0.0,0.0,0.0,0.0,0.0,0.0,0.02577608823776245,12.0,12.0,2.057596135139465,0.73202077349027,1.4,8.78424928188324,10.162421262264251,2.2959267983267666,0.8,1.3,0.022737574577331544,0.022737574577331544,0.0,0.022737574577331544,0.040504515171051025,0.0,-1,0.0,0.0
2022-08-25,21393.0,21618.0,21768.0,21375.0,26767966536.315014,413843488595.5175,-1.0,1.0,lower,-0.0643,0.01036905112523105,254.0,274.0,4.0,12.0,12.0,1.650647521018982,0.6950748699406782,2.0,8.34089843928814,2.8631969062839073,2.1832412664342544,2.3026682485703915,0.4472459824933338,0.35301515460014343,0.0,0.0,0.0,0.0,0.0,0.0,0.0,0.0,0.0,0.0,0.0,12.0,12.0,1.9021957397460938,0.7112387143075466,1.6,8.534864571690559,10.021898345649243,2.295375774649383,0.6,1.1,0.016424810886383055,0.016424810886383055,0.0,0.016424810886383055,0.03611018061637879,0.0,-1,0.0,0.0
2022-08-26,21599.0,20271.0,21817.0,20245.0,34910727805.04114,387215087166.7839,-1.0,1.0,time,-0.0123,-0.064335007755864,255.0,275.0,4.0,12.0,12.0,1.4900431632995605,0.661506898701191,3.0,7.938082784414291,2.709067820163713,2.0382947041976904,2.301097948090835,0.4171282706290076,0.5112602561712265,0.0,0.0,0.0,0.0,0.0,0.0,0.0,0.0,0.0,0.0,0.0,12.0,12.0,1.7970375061035155,0.6950663891931375,2.0,8.34079667031765,9.65284954160452,2.287736620770536,0.4,0.8,0.010574424266815185,0.010574424266815185,0.0,0.010574424266815185,0.026831018924713134,0.0,-1,0.0,0.0
2022-08-27,20267.0,20070.0,20354.0,19882.2,24463219414.743473,383790676113.79205,-1.0,0.0,time,0.0042,-0.009965130429900448,256.0,276.0,4.0,12.0,12.0,1.6179612874984741,0.7251298973957697,3.0,8.701558768749237,2.9537292718074926,2.204024111467861,2.3048933368339055,0.44858631591980397,0.46598130464553833,0.0,0.0,0.0,0.0,0.0,0.0,0.0,0.0,0.0,0.0,0.0,12.0,12.0,1.744246816635132,0.7112151456375917,2.4,8.5345817476511,9.289876492321492,2.286780630682654,0.2,0.6,0.00515521764755249,0.00515521764755249,0.0,0.00515521764755249,0.020609748363494874,0.0,-1,0.0,0.0
2022-08-28,20054.0,19659.25,20150.0,19659.25,19781826309.451183,376180531070.6233,-1.0,0.0,time,0.0143,-0.020678197341823495,257.0,277.0,4.0,12.0,12.0,1.383547067642212,0.6392422020435333,4.0,7.6709064245224,2.621460939922574,1.959320267744299,2.2959943380436103,0.4050195823514956,0.6238083243370056,0.0,0.0,0.0,0.0,0.0,0.0,0.0,0.0,0.0,0.0,0.0,12.0,12.0,1.5967055797576903,0.6847797339161238,2.8,8.217356806993484,8.78229742795229,2.293393047773888,0.0,0.5,0.0,0.0,0.0,0.0,0.015103983879089355,0.0,-1,0.0,0.0
2022-08-29,19652.46,20309.0,20385.0,19617.3,28706315246.140064,389119405471.2333,-1.0,1.0,time,-0.0246,0.03251617208454928,258.0,278.0,4.0,12.0,12.0,1.2203881740570068,0.5993008017539978,4.0,7.191609621047974,2.4104746355020947,1.7810186903848766,2.318509537600169,0.35360648521144955,0.26043570041656494,0.0,0.0,0.0,0.0,0.0,0.0,0.0,0.0,0.0,0.0,0.0,12.0,12.0,1.472517442703247,0.664050933967034,3.2,7.968611207604408,8.376430244743824,2.304632681827782,0.0,0.4,0.0,0.0,0.0,0.0,0.011368787288665772,0.0,-1,0.0,0.0
2022-08-30,20322.0,19805.35,20526.0,19590.92,30308993725.456158,379555151404.602,-1.0,0.0,time,0.0088,-0.025112034328272578,259.0,279.0,4.0,12.0,12.0,1.166541337966919,0.5923050530254841,4.0,7.107660636305809,2.3614077978134125,1.7287975136859526,2.3247640427382854,0.3374343735577497,0.2674330621957779,0.0,0.0,0.0,0.0,0.0,0.0,0.0,0.0,0.0,0.0,0.0,12.0,12.0,1.3756962060928344,0.6434969705839952,3.6,7.721963647007942,8.12841410934925,2.3090518406613607,0.0,0.3,0.0,0.0,0.0,0.0,0.008212405443191528,0.0,-1,0.0,0.0
2022-08-31,19810.93,20024.0,20426.0,19810.93,27825786159.855602,383348414528.78253,-1.0,1.0,time,-0.012,0.010979450906773127,260.0,280.0,4.0,12.0,12.0,1.1314955949783325,0.5091870104273161,4.0,6.110244125127792,2.051139678135323,1.5218187222866646,2.318522023601795,0.30220261417441224,0.0704309493303299,0.0,0.0,0.0,0.0,0.0,0.0,0.0,0.0,0.0,0.0,0.0,12.0,12.0,1.3039866924285888,0.6130329929292202,3.8,7.356395915150642,7.848596292734146,2.312536655763553,0.0,0.2,0.0,0.0,0.0,0.0,0.005287212133407593,0.0,-1,0.0,0.0
2022-09-01,20021.0,20154.0,20188.0,19614.8,25616737335.88055,385027707310.6654,-1.0,1.0,lower,-0.0664,0.006471225728737506,261.0,281.0,4.0,12.0,12.0,1.1431350708007812,0.5085149742662907,4.0,6.102179691195488,2.0615053477311123,1.5345190054627262,2.3108497386057234,0.3091324621807803,0.10082055628299713,0.0,0.0,0.0,0.0,0.0,0.0,0.0,0.0,0.0,0.0,0.0,12.0,12.0,1.2090214490890503,0.5697100083033243,4.0,6.836520099639893,7.685550923645496,2.3137279361179166,0.0,0.1,0.0,0.0,0.0,0.0,0.002577608823776245,0.0,-1,0.0,0.0
2022-09-02,20141.0,19941.45,20428.0,19771.18,24078042298.340073,381788074511.76855,-1.0,1.0,lower,-0.0558,-0.010602299813891786,262.0,282.0,4.0,12.0,12.0,1.1877210140228271,0.5013000679512819,4.0,6.015600815415382,2.0982653596192726,1.5830167634236985,2.2671819517700653,0.3399873063614136,0.2432251125574112,0.0,0.0,0.0,0.0,0.0,0.0,0.0,0.0,0.0,0.0,0.0,12.0,12.0,1.1698562383651734,0.5421215814848741,4.0,6.505458977818489,7.361407892405987,2.3079654588632073,0.0,0.0,0.0,0.0,0.0,0.0,0.0,0.0,-1,0.0,0.0
2022-09-03,19963.43,19814.56,20038.0,19673.17,20048153187.39969,379422449024.2574,-1.0,1.0,time,-0.0251,-0.0063834590484135,263.0,283.0,4.0,12.0,12.0,1.2592222690582275,0.581194095313549,5.0,6.9743291437625885,2.350821536121104,1.7324640753628833,2.3038519697385276,0.35034780071175564,0.3087567985057831,0.0,0.0,0.0,0.0,0.0,0.0,0.0,0.0,0.0,0.0,0.0,12.0,12.0,1.1776230573654174,0.5385002401967844,4.2,6.462002882361412,7.21530704498291,2.3050339452908792,0.0,0.0,0.0,0.0,0.0,0.0,0.0,0.0,-1,0.0,0.0
2022-09-04,19826.54,19980.01,20021.0,19649.22,21537524477.36904,382421043401.0045,-1.0,1.0,lower,-0.0577,0.00831525272487725,264.0,284.0,4.0,12.0,12.0,1.1885569095611572,0.539697585006555,4.0,6.476371020078659,2.1782443102176012,1.6091337267089587,2.311634625151643,0.3226797271615286,0.43925660848617554,0.0,0.0,0.0,0.0,0.0,0.0,0.0,0.0,0.0,0.0,0.0,12.0,12.0,1.182026171684265,0.5279787465929986,4.2,6.335744959115982,7.028854303061962,2.302408061773551,0.0,0.0,0.0,0.0,0.0,0.0,0.0,0.0,-1,0.0,0.0
2022-09-05,19991.92,19785.73,19991.92,19657.12,23522961655.00036,378685143698.17633,-1.0,1.0,lower,-0.0479,-0.009771302925191457,265.0,285.0,4.0,12.0,12.0,1.3295948505401611,0.6093795175353686,4.0,7.312554210424423,2.4463492287875854,1.8026026874715577,2.3184127295574526,0.3568967862573565,0.5209358632564545,0.0,0.0,0.0,0.0,0.0,0.0,0.0,0.0,0.0,0.0,0.0,12.0,12.0,1.2216460227966308,0.548017248014609,4.2,6.576206976175309,6.9663014456629755,2.302386202964682,0.0,0.0,0.0,0.0,0.0,0.0,0.0,0.0,-1,0.0,0.0
2022-09-06,19774.58,18859.5,20089.0,18821.25,39940310406.47586,361210437263.86273,-1.0,0.0,upper,0.1245,-0.047944205076382605,266.0,286.0,4.0,12.0,12.0,1.462049961090088,0.6900775010387102,4.0,8.280930012464523,2.7634265971345737,2.0255414742489695,2.317873050901366,0.40021276304744,0.49892544746398926,0.0,0.0,0.0,0.0,0.0,0.0,0.0,0.0,0.0,0.0,0.0,12.0,12.0,1.2854290008544922,0.584329753369093,4.2,7.011957040429115,6.924238570034504,2.303790865423811,0.0,0.0,0.0,0.0,0.0,0.0,0.0,0.0,-1,0.0,0.0
2022-09-07,18845.69,19280.63,19479.03,18644.13,30517907004.082462,369340091982.8708,-1.0,0.0,upper,0.1024,0.022084199277878604,267.0,287.0,4.0,12.0,12.0,1.650093674659729,0.6919523825248083,3.0,8.303428590297699,2.7841596932333506,2.0807049773827138,2.3259212225304426,0.40885694332330574,0.8009895980358124,0.0,0.0,0.0,0.0,0.0,0.0,0.0,0.0,0.0,0.0,0.0,12.0,12.0,1.3779035329818725,0.6224602162837982,4.0,7.469522595405579,6.9874907866120335,2.315538719575886,0.0,0.0,0.0,0.0,0.0,0.0,0.0,0.0,-1,0.0,0.0
2022-09-08,19356.29,19322.78,19386.38,19058.51,28936941008.358917,369723445425.44885,-1.0,0.0,upper,0.1002,0.0021837457753196067,268.0,288.0,4.0,12.0,12.0,1.438246250152588,0.6840324675043424,3.0,8.208389610052109,2.6875496349344328,1.9819428107629435,2.355519267034961,0.36607354008851506,0.990111768245697,1.0,1.0,0.05565148591995239,0.05565148591995239,0.0,0.05565148591995239,0.05565148591995239,0.0556514859199524,-0.0,0.0,0.05565148591995239,12.0,12.0,1.4137083292007446,0.6430278907219569,3.6,7.7163346886634825,7.089168785512447,2.3258721790351733,0.2,0.1,0.011130297183990478,0.011130297183990478,0.0,0.011130297183990478,0.005565148591995239,-0.0,-1,0.0,0.0
2022-09-09,19315.37,21360.0,21566.0,19315.23,42487059054.97593,408976281844.7646,-1.0,1.0,time,-0.0531,0.1002353033195873,269.0,289.0,4.0,12.0,12.0,1.6664395332336426,0.7680701911449432,3.0,9.216842293739319,3.089427153567458,2.2885819871300095,2.3210680860420068,0.45326393294403805,0.24859648942947388,1.0,1.0,0.054381728172302246,0.054381728172302246,0.0,0.054381728172302246,0.054381728172302246,0.05438172817230225,-0.0,0.0,0.025016826941073694,12.0,12.0,1.5092848539352417,0.6887024119496346,3.4,8.264428943395615,7.300086951255798,2.3277588712132458,0.4,0.2,0.02200664281845093,0.02200664281845093,0.0,0.02200664281845093,0.011003321409225464,-0.0,-1,0.0,0.0
2022-09-10,21373.0,21707.0,21753.0,21182.0,35941349745.24438,415974687298.0947,-1.0,1.0,lower,-0.0969,0.01611477508163107,270.0,290.0,4.0,12.0,12.0,1.6058032512664795,0.7784366508324941,4.0,9.34123980998993,3.1638185192094057,2.3471620103259507,2.3053797497662543,0.4776840125526387,0.4133099913597107,1.0,1.0,0.05240297317504883,0.05240297317504883,0.0,0.05240297317504883,0.05240297317504883,0.052402973175048835,-0.0,0.0,0.038986421413963204,12.0,12.0,1.5645265340805055,0.7225138386090597,3.4,8.670166063308717,7.623186519742012,2.3251522752550065,0.6,0.3,0.032487237453460695,0.032487237453460695,0.0,0.032487237453460695,0.016243618726730347,-0.0,-1,0.0,0.0
2022-09-11,21715.0,21740.0,21785.0,21414.0,31266252145.35619,416073628622.09485,-1.0,1.0,lower,-0.0742,0.00151909251943822,271.0,291.0,4.0,12.0,12.0,1.5899207592010498,0.6562019288539886,2.0,7.874423146247864,2.6523507239239694,2.0039943237052285,2.3285076720494873,0.3945200359846191,0.28214961290359497,1.0,1.0,0.05188465118408203,0.05188465118408203,0.0,0.05188465118408203,0.05188465118408203,0.05188465118408204,-0.0,0.0,0.010211764298162963,12.0,12.0,1.5901006937026978,0.7157387241721154,3.0,8.588864690065384,7.800410865247249,2.32727919948463,0.8,0.4,0.0428641676902771,0.0428641676902771,0.0,0.0428641676902771,0.02143208384513855,-0.0,-1,0.0,0.0
2022-09-12,21742.0,22340.0,22448.0,21578.0,44006486689.44507,427473787888.3761,-1.0,1.0,lower,-0.1014,0.02722491194799125,272.0,292.0,4.0,12.0,12.0,1.4700108766555786,0.6376121292511622,2.0,7.6513455510139465,2.522121491453062,1.877446832176505,2.3511859595583515,0.35148566699452205,0.43571537733078003,1.0,1.0,0.04797160625457764,0.04797160625457764,0.0,0.04797160625457764,0.04797160625457764,0.047971606254577644,-0.0,0.0,0.07709680408094277,12.0,12.0,1.5540841341018676,0.7048706735173862,2.8,8.458448082208633,7.963985338807106,2.332332146890212,1.0,0.5,0.05245848894119263,0.05245848894119263,0.0,0.05245848894119263,0.026229244470596314,-0.0,-1,0.0,0.0
2022-09-13,22339.0,20185.0,22654.0,20071.0,46489890914.82466,386529657258.8565,-1.0,1.0,time,-0.0378,-0.10143903933615048,273.0,293.0,4.0,12.0,12.0,1.5233384370803833,0.7760843460758527,3.0,9.313012152910233,3.0052408644158812,2.1796748010755227,2.3670376427446835,0.3877058277512416,0.2745209336280823,1.0,1.0,0.04971182346343994,0.04971182346343994,0.0,0.04971182346343994,0.04971182346343994,0.04971182346343995,-0.0,0.0,0.03428730710265962,12.0,12.0,1.5711025714874267,0.7232810492316881,2.8,8.679372590780257,8.19785363972187,2.3346358220321566,1.0,0.6,0.051270556449890134,0.051270556449890134,0.0,0.051270556449890134,0.031200426816940307,-0.0,-1,0.0,0.0
2022-09-14,20178.0,20256.0,20418.0,19801.17,35789015870.392235,387486232249.80023,-1.0,1.0,time,-0.0344,0.0035112916568615453,274.0,294.0,4.0,12.0,12.0,1.619093418121338,0.8514069120089213,4.0,10.216882944107056,3.3289566331576945,2.4198229024154045,2.353118827781552,0.44564817098672954,0.403842955827713,1.0,1.0,0.051345646381378174,0.051345646381378174,0.0,0.051345646381378174,0.051345646381378174,0.05134564638137818,-0.0,0.0,0.03218868886621321,12.0,12.0,1.5616333484649658,0.7399483934044838,3.0,8.879380720853806,8.57190483212471,2.341045970380066,1.0,0.7,0.050663340091705325,0.050663340091705325,0.0,0.050663340091705325,0.036334991455078125,-0.0,-1,0.0,0.0
2022-09-15,20239.0,19702.17,20338.0,19620.13,33715957206.68328,377719382182.44714,-1.0,1.0,time,-0.0432,-0.027722263999876335,275.0,295.0,4.0,12.0,12.0,1.650375247001648,0.8005783334374428,2.0,9.606940001249313,3.081334228704012,2.2397667652051227,2.377438600938482,0.38767604746631684,0.48974964022636414,1.0,1.0,0.053857505321502686,0.053857505321502686,0.0,0.053857505321502686,0.053857505321502686,0.05385750532150269,-0.0,0.0,0.04949036609815103,12.0,12.0,1.5705477476119996,0.7443767299254735,2.6,8.932520759105682,8.801343411207199,2.3554577406145114,1.0,0.8,0.050954246520996095,0.050954246520996095,0.0,0.050954246520996095,0.041720741987228395,-0.0,-1,0.0,0.0
2022-09-16,19706.12,19764.41,19879.28,19414.75,30187737709.58007,377988702161.6817,-1.0,1.0,time,-0.064,0.0031540635949485196,276.0,296.0,4.0,12.0,12.0,1.6401283740997314,0.8250160987178484,2.0,9.900193184614182,3.127199486607035,2.2494112709703318,2.3943384895052446,0.36646485408015617,0.15628501772880554,0.0,0.0,0.0,0.0,0.0,0.0,0.0,0.0,0.0,0.0,0.053857505321502686,12.0,12.0,1.580589270591736,0.7781395638982456,2.6,9.337674766778946,8.963269728422166,2.368623904105663,0.8,0.8,0.04057731628417969,0.04057731628417969,0.0,0.04057731628417969,0.041720741987228395,0.0,-1,0.0,0.0
2022-09-17,19763.99,20132.0,20189.0,19763.99,23394494073.784782,385486747327.04944,-1.0,1.0,lower,-0.0824,0.01842774335727571,277.0,297.0,4.0,12.0,12.0,1.9773973226547241,0.960856502254804,3.0,11.530278027057648,3.754172072351731,2.74990133040655,2.359551060624575,0.5012372470299248,0.18665483593940735,0.0,0.0,0.0,0.0,0.0,0.0,0.0,0.0,0.0,0.0,0.0,12.0,12.0,1.682066559791565,0.8427884384989739,2.8,10.113461261987686,9.28595467209816,2.3702969243189074,0.6,0.8,0.03098299503326416,0.03098299503326416,0.0,0.03098299503326416,0.041720741987228395,0.0,-1,0.0,0.0
2022-09-18,20130.0,19437.16,20130.0,19361.11,28689764413.699097,372598380208.27094,-1.0,1.0,time,-0.0075,-0.03512389108906156,278.0,298.0,4.0,12.0,12.0,2.047441244125366,1.0079587673147519,3.0,12.095505207777023,3.976859500266198,2.924210933613879,2.346996525337904,0.5495180438027356,0.4739929735660553,1.0,1.0,0.10768246650695801,0.10768246650695801,0.0,0.10768246650695801,0.10768246650695801,0.10768246650695802,-0.0,0.0,0.10768246650695801,12.0,12.0,1.7868871212005615,0.8891633227467537,2.8,10.669959872961044,9.674666231870651,2.3662887008375515,0.6,0.8,0.04257712364196777,0.04257712364196777,0.0,0.04257712364196777,0.046923840045928956,-0.0,-1,0.0,0.0
2022-09-19,19440.93,19570.39,19612.26,18421.2,39507938864.87854,374524246937.4287,-1.0,1.0,time,-0.0327,0.006831011846295266,279.0,299.0,4.0,12.0,12.0,2.0256998538970947,1.0025722980499268,3.0,12.030867576599121,3.9551125451080473,2.9078060626401867,2.347122625908032,0.5462829464256382,0.13936325907707214,0.0,0.0,0.0,0.0,0.0,0.0,0.0,0.0,0.0,0.0,0.10768246650695801,12.0,12.0,1.868208408355713,0.9193963999549547,2.6,11.032756799459458,9.956068760156631,2.3650894604628476,0.4,0.7,0.032307994365692136,0.032307994365692136,0.0,0.032307994365692136,0.04148566722869873,0.0,-1,0.0,0.0
2022-09-20,19546.41,18869.93,19601.4,18830.92,33890591849.676514,361980678159.1343,-1.0,1.0,time,-0.0032,-0.03644805988971381,280.0,300.0,4.0,12.0,12.0,1.9379700422286987,1.0182892009615898,3.0,12.219470411539078,3.9054782568974264,2.8248881256497618,2.3817570463270665,0.4838909702917456,0.48501837253570557,0.0,0.0,0.0,0.0,0.0,0.0,0.0,0.0,0.0,0.0,0.0,12.0,12.0,1.925727367401123,0.9629385734597842,2.8,11.555262881517411,10.243891820311546,2.365953149540564,0.2,0.6,0.021536493301391603,0.021536493301391603,0.0,0.021536493301391603,0.03624536991119385,0.0,-1,0.0,0.0
2022-09-21,18874.85,18539.64,19721.93,18262.09,41059997264.96848,355194467885.9514,-1.0,0.0,time,0.036,-0.017658507308174146,281.0,301.0,4.0,12.0,12.0,2.0239343643188477,1.0004940157135327,3.0,12.005928188562393,3.9206363831118836,2.880276784631762,2.359201952592592,0.5291132788951045,0.4728941321372986,0.0,0.0,0.0,0.0,0.0,0.0,0.0,0.0,0.0,0.0,0.0,12.0,12.0,2.0024885654449465,0.998034156858921,3.0,11.976409882307053,10.657042324543,2.358925842158034,0.2,0.5,0.021536493301391603,0.021536493301391603,0.0,0.021536493301391603,0.031056904792785646,0.0,-1,0.0,0.0
2022-09-22,18527.8,19464.32,19464.32,18422.41,37660914389.8923,372075639498.16974,-1.0,1.0,time,-0.018,0.04867190348091941,282.0,302.0,4.0,12.0,12.0,2.3755991458892822,1.054429054260254,3.0,12.653148651123047,4.176172711981018,3.0990667676879085,2.348184862555059,0.5844207213612473,0.45643457770347595,0.0,0.0,0.0,0.0,0.0,0.0,0.0,0.0,0.0,0.0,0.0,12.0,12.0,2.0821289300918577,1.016748667260011,3.0,12.200984007120132,11.157222634553909,2.356652602544131,0.2,0.4,0.021536493301391603,0.021536493301391603,0.0,0.021536493301391603,0.026259744167327882,0.0,-1,0.0,0.0
2022-09-23,19447.84,19291.9,19475.03,18641.21,35506139423.901344,370913140447.51636,-1.0,0.0,time,0.0079,-0.008897727256836987,283.0,303.0,4.0,12.0,12.0,2.3476486206054688,1.0463109463453293,3.0,12.555731356143951,4.118520095779822,3.0532373801770576,2.3579225050456785,0.5645801258485172,0.3702549338340759,0.0,0.0,0.0,0.0,0.0,0.0,0.0,0.0,0.0,0.0,0.0,12.0,12.0,2.1421704053878785,1.0244191030661267,3.0,12.293029236793519,11.481494554877282,2.3588377984856854,0.0,0.3,0.0,0.0,0.0,0.0,0.021288561820983886,0.0,-1,0.0,0.0
2022-09-24,19309.22,18939.97,19316.53,18874.73,24644354421.61794,363168779956.3335,-1.0,0.0,time,0.0324,-0.0184108148901775,284.0,304.0,4.0,12.0,12.0,2.7062618732452393,1.0695453584194183,3.0,12.83454430103302,4.297122225093795,3.255669046677707,2.3406574257903654,0.6283664093502547,0.5900861620903015,0.0,0.0,0.0,0.0,0.0,0.0,0.0,0.0,0.0,0.0,0.0,12.0,12.0,2.278282809257507,1.0378137151400249,3.0,12.453764581680298,11.743260690569878,2.357544758462152,0.0,0.2,0.0,0.0,0.0,0.0,0.016153997182846068,0.0,-1,0.0,0.0
2022-09-25,18936.7,18809.41,19142.43,18747.85,21516374222.675316,360256894978.40894,-1.0,0.0,time,0.0349,-0.006917227280881889,285.0,305.0,4.0,12.0,12.0,1.887668490409851,0.8626188958684603,2.0,10.351426750421524,3.2864870811936964,2.3911398150608534,2.394511421527209,0.39493259137279824,1.047548770904541,0.0,0.0,0.0,0.0,0.0,0.0,0.0,0.0,0.0,0.0,0.0,12.0,12.0,2.2682224988937376,1.006679654121399,2.8,12.080155849456787,11.817709365487099,2.3600956335021808,0.0,0.1,0.0,0.0,0.0,0.0,0.010768246650695801,0.0,-1,0.0,0.0
2022-09-26,18787.31,19219.73,19274.62,18708.63,42560193944.41844,367613056759.2221,-1.0,0.0,time,0.0049,0.021580079050186395,286.0,306.0,4.0,12.0,12.0,2.076237916946411,0.8282272145152092,2.0,9.93872657418251,3.294637043013697,2.478376418269735,2.3482169975141787,0.4675387166530142,0.2828633487224579,0.0,0.0,0.0,0.0,0.0,0.0,0.0,0.0,0.0,0.0,0.0,12.0,12.0,2.2786832094192504,0.9722262938817341,2.6,11.666715526580811,11.82156270444393,2.3578986424864983,0.0,0.1,0.0,0.0,0.0,0.0,0.010768246650695801,0.0,-1,0.0,0.0
2022-09-27,19200.81,19116.33,20339.0,18902.66,52482615483.86207,366383164263.7157,-1.0,1.0,time,-0.0027,-0.0053944119840236854,287.0,307.0,4.0,12.0,12.0,2.0964515209198,0.7808099215229353,2.0,9.369719058275223,3.225302984441989,2.4739604391853405,2.301482349700717,0.5071661248929006,0.2143092155456543,0.0,0.0,0.0,0.0,0.0,0.0,0.0,0.0,0.0,0.0,0.0,12.0,12.0,2.222853684425354,0.9175024673342704,2.4,11.010029608011246,11.605506807565689,2.3485581399156295,0.0,0.1,0.0,0.0,0.0,0.0,0.010768246650695801,0.0,-1,0.0,0.0
2022-09-28,19114.9,19444.79,19704.08,18482.46,47494258189.70422,372892084645.0075,-1.0,0.0,time,0.009,0.017036224265311,288.0,308.0,4.0,12.0,12.0,2.574465274810791,0.8389216586947441,2.0,10.06705990433693,3.5974147421915323,2.857203789764454,2.2676015661555273,0.6120946437038476,0.5094426274299622,0.0,0.0,0.0,0.0,0.0,0.0,0.0,0.0,0.0,0.0,0.0,12.0,12.0,2.2682170152664183,0.8760246098041534,2.2,10.51229531764984,11.40266227722168,2.330493952137599,0.0,0.0,0.0,0.0,0.0,0.0,0.0,0.0,-1,0.0,0.0
2022-09-29,19443.69,19563.77,19625.8,18963.35,37537716230.48356,374830625219.6003,-1.0,0.0,time,0.0392,0.0061002184629911195,289.0,309.0,4.0,12.0,12.0,1.4455859661102295,0.6575267054140568,3.0,7.890320464968681,2.5502679944394284,1.8563458148766205,2.3644205182110944,0.3311306921582145,1.1635208278894424,0.0,0.0,0.0,0.0,0.0,0.0,0.0,0.0,0.0,0.0,0.0,12.0,12.0,2.0160818338394164,0.7936208792030811,2.2,9.523450550436973,10.988607566058636,2.335246570621745,0.0,0.0,0.0,0.0,0.0,0.0,0.0,0.0,-1,0.0,0.0
2022-09-30,19563.78,19476.93,20184.0,19251.33,37848666330.67224,373222100680.7475,-1.0,0.0,time,0.0346,-0.004448698062289074,290.0,310.0,4.0,12.0,12.0,1.5428742170333862,0.6456534291307131,3.0,7.747841149568558,2.559526307982693,1.9045874749555691,2.3462446974610947,0.3592532433948383,0.49276451766490936,0.0,0.0,0.0,0.0,0.0,0.0,0.0,0.0,0.0,0.0,0.0,12.0,12.0,1.9471229791641236,0.7502277858555317,2.4,9.00273343026638,10.541444639861584,2.3255932258085226,0.0,0.0,0.0,0.0,0.0,0.0,0.0,0.0,-1,0.0,0.0
2022-10-01,19467.93,19314.46,19488.42,19238.33,15943514602.722155,370204708063.3375,-1.0,0.0,upper,0.052,-0.008376650077181814,291.0,311.0,4.0,12.0,12.0,1.7089627981185913,0.6685782074928284,3.0,8.02293848991394,2.728117029754677,2.0715084455272113,2.316306574777892,0.41619914039892014,0.46766385436058044,0.0,0.0,0.0,0.0,0.0,0.0,0.0,0.0,0.0,0.0,0.0,12.0,12.0,1.8736679553985596,0.7182979844510555,2.6,8.619575813412666,10.143145669996738,2.319211141261265,0.0,0.0,0.0,0.0,0.0,0.0,0.0,0.0,-1,0.0,0.0
2022-10-02,19316.66,19065.15,19377.21,18928.73,17859684587.64641,366195863790.6755,-1.0,0.0,upper,0.065,-0.012991977082286672,292.0,312.0,4.0,12.0,12.0,2.876767635345459,0.8063266426324844,2.0,9.675919711589813,3.6556093498201667,3.0522849548889774,2.2287808723975147,0.6807794468514827,1.0637814104557037,0.0,0.0,0.0,0.0,0.0,0.0,0.0,0.0,0.0,0.0,0.0,12.0,12.0,2.0297311782836913,0.7234013286729655,2.6,8.680815944075585,9.845422776043415,2.304670845800625,0.0,0.0,0.0,0.0,0.0,0.0,0.0,0.0,-1,0.0,0.0
2022-10-03,19077.04,19620.57,19646.91,19056.01,26634227151.925247,375767908259.0832,-1.0,1.0,time,-0.0104,0.028716444603794133,293.0,313.0,4.0,12.0,12.0,2.405182123184204,1.0941433211167653,2.0,13.129719853401184,4.1342646888445564,2.983226592408668,2.4001127916548066,0.4766505735943505,1.3445958495140076,0.0,0.0,0.0,0.0,0.0,0.0,0.0,0.0,0.0,0.0,0.0,12.0,12.0,1.995874547958374,0.7744456611573696,2.6,9.293347933888436,9.902821625769139,2.33117309090048,0.0,0.0,0.0,0.0,0.0,0.0,0.0,0.0,-1,0.0,0.0
2022-10-04,19619.67,20345.0,20383.0,19521.07,30974520027.944332,390177741507.47705,-1.0,1.0,time,-0.0451,0.03625667575066952,294.0,314.0,4.0,12.0,12.0,1.8466027975082397,1.0192132244507472,3.0,12.230558693408966,3.7430489057059133,2.6093692794827827,2.4241840355137003,0.35880216784029745,0.7860631346702576,0.0,0.0,0.0,0.0,0.0,0.0,0.0,0.0,0.0,0.0,0.0,12.0,12.0,2.076077914237976,0.8467829649647077,2.6,10.161395579576492,9.842423065006733,2.3431257943610015,0.0,0.0,0.0,0.0,0.0,0.0,0.0,0.0,-1,0.0,0.0
2022-10-05,20344.0,20162.0,20346.0,19785.21,29366342083.101757,386368899196.38165,-1.0,1.0,lower,-0.0519,-0.009035536821903459,295.0,315.0,4.0,12.0,12.0,1.5049842596054077,0.9443044712146124,5.0,11.331653654575348,3.4368321604577856,2.3705404935276166,2.4325455977162016,0.30431399448678365,0.4799421429634094,0.0,0.0,0.0,0.0,0.0,0.0,0.0,0.0,0.0,0.0,0.0,12.0,12.0,2.0684999227523804,0.9065131733814875,3.0,10.878158080577851,9.940445755422115,2.360385974412023,0.0,0.0,0.0,0.0,0.0,0.0,0.0,0.0,-1,0.0,0.0
2022-10-06,20157.0,19949.05,20421.0,19886.08,31354758329.142307,382505641462.15643,-1.0,1.0,time,-0.0457,-0.01061812147731923,296.0,316.0,4.0,12.0,12.0,1.2784899473190308,0.9221221605936686,5.0,11.065465927124023,3.305337751927524,2.246183863990931,2.4474087524052495,0.2452118651326631,0.4597098231315613,1.0,1.0,0.22759497165679932,0.22759497165679932,0.0,0.22759497165679932,0.22759497165679932,0.22759497165679934,-0.0,0.0,0.22759497165679932,12.0,12.0,1.9824053525924683,0.9572219640016556,3.4,11.486663568019868,10.053119690716267,2.3866064099374946,0.2,0.1,0.04551899433135986,0.04551899433135986,0.0,0.04551899433135986,0.02275949716567993,-0.0,-1,1.0,-1.0
2022-10-07,19952.43,19457.31,20044.0,19373.8,25445042398.337975,373170861484.13965,-1.0,1.0,time,-0.0158,-0.024958688222858277,297.0,317.0,4.0,12.0,12.0,2.195308208465576,0.988267794251442,2.0,11.859213531017303,3.742362938323894,2.7093660746156534,2.399225244580854,0.43638682804412243,0.146764874458313,1.0,1.0,0.23061668872833252,0.23061668872833252,0.0,0.23061668872833252,0.23061668872833252,0.23061668872833255,-0.0,0.0,0.029826910032847945,12.0,12.0,1.8461134672164916,0.9936101943254471,3.4,11.923322331905364,10.302069137990475,2.4206952843741627,0.4,0.2,0.09164233207702636,0.09164233207702636,0.0,0.09164233207702636,0.04582116603851318,-0.0,-1,1.0,-1.0
2022-10-08,19494.51,19418.04,19533.5,19280.34,12996183216.30484,372391945609.07526,-1.0,1.0,time,-0.0018,-0.002020304041359245,298.0,318.0,4.0,12.0,12.0,1.7366541624069214,1.0058742314577103,4.0,12.070490777492523,3.676901384887155,2.551948206032345,2.429274455151582,0.33889626732199896,0.8274407386779785,1.0,1.0,0.24660372734069824,0.24660372734069824,0.0,0.24660372734069824,0.24660372734069824,0.24660372734069827,-0.0,0.0,0.15780662261842038,12.0,12.0,1.7124078750610352,0.9759563763936361,3.8,11.711476516723632,10.502412225306035,2.4265276170735177,0.6,0.3,0.14096307754516602,0.14096307754516602,0.0,0.14096307754516602,0.07048153877258301,-0.0,-1,1.0,-1.0
2022-10-09,19419.4,19448.15,19559.84,19357.56,14404623229.04686,372264710552.3351,-1.0,1.0,time,-0.0129,0.0015494189692250887,299.0,319.0,4.0,12.0,12.0,1.4166626930236816,1.0098408162593842,4.0,12.11808979511261,3.630196080652727,2.4751003851707223,2.4448561291124973,0.2800270662194085,0.5362914204597473,1.0,1.0,0.24656152725219727,0.24656152725219727,0.0,0.24656152725219727,0.24656152725219727,0.2465615272521973,-0.0,0.0,0.00041613342070952544,12.0,12.0,1.6264198541641235,0.9740818947553634,4.0,11.68898273706436,10.925189158320427,2.430662035793277,0.8,0.4,0.19027538299560548,0.19027538299560548,0.0,0.19027538299560548,0.09513769149780274,-0.0,-1,1.0,-1.0
2022-10-10,19448.94,19142.69,19517.27,19094.26,23743487600.53748,367207056773.2261,-1.0,1.0,time,-0.0037,-0.01583103034524213,300.0,320.0,4.0,12.0,12.0,1.3821165561676025,1.006637970606486,4.0,12.079655647277832,3.6030119644274348,2.4456232579450377,2.4489636577973415,0.26170198849809867,0.07648640871047974,2.0,2.0,0.3826528787612915,0.31434762477874756,1.0,0.6286952495574951,0.45492864698908575,0.413933777168086,0.669349875071612,0.06830525398254395,2.2910164117022247,12.0,12.0,1.6018463134765626,0.9865485946337383,3.8,11.838583135604859,11.358370608091354,2.4339456478095047,1.2,0.6,0.2668059587478638,0.25314490795135497,0.2,0.3160144329071045,0.15800721645355226,0.1338699750143224,-1,0.0,0.0
2022-10-11,19137.01,19058.63,19228.69,18969.08,25102717820.99086,365118514776.26794,-1.0,0.0,time,0.0112,-0.004400902150625745,301.0,321.0,4.0,12.0,12.0,1.9447991847991943,1.1061005741357803,3.0,13.273206889629364,4.034405961077476,2.794431455633369,2.430855725283507,0.3645693461166928,0.28674012422561646,2.0,2.0,0.3642500638961792,0.3077434301376343,1.0,0.6154868602752686,0.44249071956731323,0.4003872461476117,0.6761937279319237,0.05650663375854492,0.08323691939667742,12.0,12.0,1.7351081609725951,1.0233442773421604,3.4,12.280131328105927,11.883397448062897,2.4306350423851564,1.4,0.8,0.2941369771957397,0.269174599647522,0.4,0.3935928106307983,0.2195559024810791,0.2691087206007071,-1,0.0,0.0
2022-10-12,19060.7,19153.04,19211.19,19033.02,22339104401.384174,367301644901.367,-1.0,0.0,time,0.0209,0.00494143240044752,302.0,322.0,4.0,12.0,12.0,1.963120937347412,1.2097105532884598,4.0,14.516526639461517,4.381352269014528,3.0092158223818855,2.437083265855768,0.3691716213756019,0.39221781492233276,2.0,2.0,0.40363824367523193,0.3410212993621826,1.0,0.6820425987243652,0.4903394912380093,0.4436831469346304,0.6761937499454305,0.06261694431304932,0.38091819534328164,12.0,12.0,1.6886707067489624,1.067632829149564,3.8,12.81159394979477,12.367458140850067,2.438206646640139,1.6,1.0,0.3287412881851196,0.291255521774292,0.6,0.48387799263000486,0.28776016235351565,0.4043474705897932,-1,0.0,0.0
2022-10-13,19152.89,19383.94,19478.17,18317.03,37194496437.923996,371647189087.47595,-1.0,1.0,time,-0.0019,0.01198343840905636,303.0,323.0,4.0,12.0,12.0,1.758005976676941,1.2586672554413478,5.0,15.104007065296173,4.528888019399949,3.08512916888586,2.4426282214552124,0.35354249782514735,0.36458563804626465,2.0,2.0,0.540925145149231,0.4724103808403015,1.0,0.944820761680603,0.6750790188622171,0.6074649522716062,0.6825928123198586,0.06851476430892944,0.21296290719691754,12.0,12.0,1.6929410696029663,1.1181914339462915,4.0,13.418297207355499,12.564886862039566,2.4408773999008653,1.8,1.2,0.3876055717468262,0.33641685247421266,0.8,0.6235213994979858,0.3822422385215759,0.540866033053765,-1,0.0,0.0
2022-10-14,19381.6,19198.11,19880.56,19115.85,34806651159.13548,367584653730.75476,-1.0,1.0,time,-0.0033,-0.009633051484626832,304.0,324.0,4.0,12.0,12.0,1.791416883468628,1.207237347960472,4.0,14.486848175525665,4.34485946372789,2.965896239827052,2.4435711514514247,0.34018862265638766,0.25985682010650635,3.0,3.0,0.32226109504699707,0.17033855120340982,1.0,0.5110156536102295,0.36735628388238317,0.3388600288342813,0.7506031353194735,0.12636583561185105,2.8040905088413046,12.0,12.0,1.7678919076919555,1.1576707402865092,4.0,13.892048883438111,12.790515810251236,2.4406204043686506,2.2,1.5,0.40274548530578613,0.3211722572644552,1.0,0.6764122247695923,0.43334380388259885,0.6909866601176596,-1,0.0,0.0
2022-10-15,19194.64,19072.78,19207.45,19030.3,13103099352.405506,365870425566.52997,-1.0,1.0,time,-0.0022,-0.006549648990787397,305.0,325.0,4.0,12.0,12.0,1.8239409923553467,1.2264085958401363,3.0,14.716903150081635,4.434068589554087,3.0425368698148048,2.4395507038767783,0.366518272562146,0.33619725704193115,2.0,2.0,0.3281118869781494,0.17061179876327515,1.0,0.3412235975265503,0.3283737616343105,0.32811886614592095,0.16290782753217245,0.15750008821487427,0.3976672067651628,12.0,12.0,1.8562567949295044,1.201624865333239,3.8,14.41949838399887,13.129040759801864,2.438737813584538,2.2,1.7,0.3918372869491577,0.2924250920613607,1.0,0.6189178943634033,0.4674661636352539,0.5896982506097717,-1,0.0,0.0
2022-10-16,19077.79,19272.92,19342.2,19077.79,15683330320.159586,369552982160.53754,-1.0,1.0,time,-0.0052,0.010438814125982326,306.0,326.0,4.0,12.0,12.0,1.9801141023635864,1.2028465221325557,2.0,14.434158265590668,4.376667540351473,3.021203425706481,2.4330683362529237,0.38655979368113264,0.49599528312683105,1.0,1.0,0.01398622989654541,0.01398622989654541,0.0,0.01398622989654541,0.01398622989654541,0.013986229896545414,-0.0,0.0,0.7453034965144525,12.0,12.0,1.8633197784423827,1.2209740549325945,3.6,14.651688659191132,13.465909993648529,2.4391803357784214,2.0,1.7,0.321784520149231,0.2336736520131429,0.8,0.4986177682876587,0.4461052894592285,0.45445950502338694,-1,0.0,0.0
2022-10-17,19274.21,19557.9,19614.89,19161.27,23713928577.519844,375052275829.7958,-1.0,1.0,time,-0.0183,0.014678295056130813,307.0,327.0,4.0,12.0,12.0,1.7399649620056152,1.1543447375297546,4.0,13.852136850357056,4.147434196603565,2.8290879410059713,2.4459474408755266,0.3176829051120264,0.3760507106781006,2.0,2.0,0.2590012550354004,0.13653415441513062,1.0,0.27306830883026123,0.25938298346726607,0.2590150862799764,0.20295149436806625,0.12246710062026978,2.000178041353829,12.0,12.0,1.8186885833740234,1.2099008917808534,3.6,14.518810701370239,13.665202325582504,2.440953170782373,2.0,1.8,0.29285712242126466,0.19277622302373248,0.8,0.4168229103088379,0.4503504514694214,0.3598110539079141,-1,0.0,0.0
2022-10-18,19563.59,19348.03,19669.88,19092.9,25848175158.687187,371196833238.99286,-1.0,0.0,time,0.0117,-0.010788691372378223,308.0,328.0,4.0,12.0,12.0,1.7757874727249146,1.1346316188573837,4.0,13.615579426288605,4.092238092478834,2.8048513671150954,2.4429351820797556,0.3288547905742598,0.24045437574386597,2.0,2.0,0.26433348655700684,0.1393451690673828,1.0,0.2786903381347656,0.26472308418913737,0.2643476031149632,0.20295337770072563,0.12498831748962402,0.09435121818900549,12.0,12.0,1.8222448825836182,1.1850937644640607,3.4,14.221125173568726,13.819711190462112,2.4410145629072817,2.0,1.9,0.23753879070281983,0.12616318066914875,0.8,0.2835968255996704,0.45355911254882814,0.2638831669840876,-1,0.0,0.0
2022-10-19,19330.46,19134.24,19335.22,19099.34,23047051893.294765,367085331987.69183,-1.0,0.0,time,0.0095,-0.0111112052131189,309.0,329.0,4.0,12.0,12.0,1.7411208152770996,1.0533558229605358,5.0,12.640269875526428,3.8093313046844637,2.62288787045928,2.441458437697009,0.3157402824673349,0.3032681345939636,2.0,2.0,0.2591733932495117,0.13662493228912354,1.0,0.27324986457824707,0.25955537908803733,0.25918723388794584,0.20295218442040613,0.12254846096038818,0.0913067046443701,12.0,12.0,1.8121856689453124,1.1543174594640733,3.6,13.851809513568877,13.871929198503494,2.440592020156399,1.8,2.0,0.22492125034332275,0.1194204568862915,0.8,0.23604366779327393,0.4562279462814331,0.1543529768042741,-1,0.0,0.0
2022-10-20,19130.74,19031.16,19324.57,18951.94,25712511231.935688,365098952754.63934,-1.0,0.0,upper,0.0544,-0.005401764459326958,310.0,330.0,4.0,12.0,12.0,1.965277075767517,1.039425661166509,3.0,12.473107933998108,3.8198031496893394,2.6779281604596883,2.4268882269571668,0.36810637516884803,0.4459957480430603,2.0,2.0,0.010625123977661133,0.008112549781799316,1.0,0.016225099563598633,0.0120105364619473,0.011120220109112351,0.6443878504812411,0.0025125741958618164,1.1074419840500525,12.0,12.0,1.8404528856277467,1.1169208725293478,3.6,13.403050470352174,13.911274427175522,2.438059524772476,1.8,2.0,0.1614238977432251,0.08692060708999634,0.8,0.1710439682006836,0.3949809312820435,0.25064898139408787,-1,0.0,0.0
2022-10-21,19068.87,19173.28,19238.22,18730.04,30297335038.197,367999082249.1525,-1.0,0.0,upper,0.047,0.007440007264695348,311.0,331.0,4.0,12.0,12.0,1.4251389503479004,0.9876491179068884,4.0,11.85178941488266,3.5380505495488612,2.4114138600218715,2.450358715175169,0.2601910083534694,0.6624820232391357,1.0,1.0,0.010529875755310059,0.010529875755310059,0.0,0.010529875755310059,0.010529875755310059,0.010529875755310062,-0.0,0.0,1.7235734648683056,12.0,12.0,1.7294578552246094,1.0738813916842143,4.0,12.886576700210572,13.769132679700851,2.4415176005569252,1.8,1.9,0.16073262691497803,0.08622933626174926,0.8,0.17035269737243652,0.3344852328300476,0.25064898139408787,-1,0.0,0.0
2022-10-22,19171.05,19203.87,19237.19,19120.99,13362526957.65784,368484939423.55475,-1.0,0.0,upper,0.0454,0.001594178123099981,312.0,332.0,4.0,12.0,12.0,1.4172279834747314,0.8858499427636465,4.0,10.630199313163757,3.2141132553467355,2.2202805616886803,2.438427013207816,0.2759472420988176,0.22700202465057373,2.0,2.0,0.15319401025772095,0.08183279633522034,1.0,0.16366559267044067,0.15355148588362502,0.1532103177015198,0.23778524381966895,0.07136121392250061,1.159263944710371,12.0,12.0,1.6649104595184325,1.0201824327309925,4.0,12.242189192771912,13.380499947071076,2.4400135150233835,1.8,1.9,0.13957117795944213,0.0752890646457672,0.8,0.1484721541404724,0.28264753222465516,0.2576157312844084,-1,0.0,0.0
2022-10-23,19207.76,19574.82,19634.72,19125.34,19928822961.41621,375197423662.3941,-1.0,0.0,upper,0.0595,0.01913222520954566,313.0,333.0,4.0,12.0,12.0,1.355222463607788,0.8384516437848409,3.0,10.06141972541809,3.0136848819382482,2.067633710433274,2.4487861804489324,0.23207086921116943,0.19662368297576904,2.0,2.0,0.15566092729568481,0.0831504762172699,1.0,0.1663009524345398,0.1560241469180586,0.15567749648475243,0.2377824729773056,0.07251045107841492,0.04256287838848273,12.0,12.0,1.5807974576950072,0.960946437716484,3.8,11.53135725259781,12.876241213083267,2.4411837146972184,1.8,1.9,0.11783666610717773,0.06405012607574463,0.8,0.12599427700042726,0.20479555130004884,0.26458155033972436,-1,0.0,0.0
2022-10-24,19560.98,19316.94,19564.11,19201.35,28657172008.9177,370622833880.7626,-1.0,0.0,upper,0.0395,-0.01326161528532925,314.0,334.0,4.0,12.0,12.0,1.4759225845336914,0.8150819689035416,3.0,9.780983626842499,2.9797287214429002,2.081140315392841,2.4331285778151326,0.27484539002435154,0.18517178297042847,2.0,2.0,0.1567952036857605,0.08375641703605652,1.0,0.16751283407211304,0.1571610750152772,0.15681189395324158,0.23778356858843802,0.07303878664970398,0.019569151927511894,12.0,12.0,1.5277578115463257,0.9132916669050852,3.4,10.959500002861024,12.40565475821495,2.4395177427208434,1.8,1.8,0.09736102819442749,0.053476423025131226,0.8,0.10484687089920045,0.1704452693462372,0.27154782717333076,-1,0.0,0.0
2022-10-25,19321.01,20095.0,20353.0,19255.73,39846253138.59686,385476931983.84595,-1.0,0.0,time,0.026,0.039488596754203686,315.0,335.0,4.0,12.0,12.0,1.8406851291656494,0.9663678507010142,3.0,11.59641420841217,3.622200630069146,2.580545389973328,2.407207104549949,0.3993677847602118,0.4899090528488159,2.0,2.0,0.17127060890197754,0.09148883819580078,1.0,0.18297767639160156,0.1716702563138436,0.17128883993173133,0.2377833015484161,0.07978177070617676,0.24974158613878178,12.0,12.0,1.5028394222259522,0.8986801048119863,3.4,10.784161257743836,12.093605864048005,2.4355815182394,1.8,1.8,0.12949012517929076,0.07015168070793151,0.8,0.13819738626480102,0.1546206772327423,0.19022691738676573,-1,0.0,0.0
2022-10-26,20096.0,20774.0,20955.0,20085.0,50667020407.51415,398674628646.93066,-1.0,1.0,time,-0.0135,0.033231176904455276,316.0,336.0,4.0,12.0,12.0,1.7571756839752197,0.8223876903454462,3.0,9.868652284145355,3.1906989622546242,2.336271106766611,2.3720929505643835,0.41479931984757445,0.605402946472168,2.0,2.0,0.13498324155807495,0.07210496068000793,1.0,0.14420992136001587,0.1352982155155535,0.13499760998284968,0.2377834183720335,0.06287828087806702,0.47286665535058103,12.0,12.0,1.569246768951416,0.8656278192996979,3.2,10.387533831596375,11.637055265903474,2.4199283653172428,2.0,1.9,0.15438079833984375,0.0824666976928711,1.0,0.1649333953857422,0.16764304637908936,0.2377836010611724,-1,0.0,0.0
2022-10-27,20781.0,20278.0,20876.0,20261.0,41829789298.17936,389238872375.6226,-1.0,0.0,time,0.0104,-0.024165650275231577,317.0,337.0,4.0,12.0,12.0,1.5215270519256592,0.781072348356247,3.0,9.372868180274963,3.0289070605013944,2.2084275987635404,2.3706478327138014,0.3930001930400596,0.5871269106864929,2.0,2.0,0.1268923282623291,0.06778299808502197,1.0,0.13556599617004395,0.1271884251290502,0.12690583561237676,0.23778409471893122,0.05910933017730713,0.13959079357236903,12.0,12.0,1.5901065826416017,0.8446723004182181,3.0,10.136067605018615,11.189128398895264,2.40637252921844,2.0,1.9,0.1491204619407654,0.07965673804283142,1.0,0.15931347608566285,0.15389281511306763,0.2377833712410249,-1,0.0,0.0
2022-10-28,20282.0,20591.0,20716.0,20095.0,36165609164.5681,395201306734.5831,-1.0,1.0,time,-0.021,0.015317532595621583,318.0,338.0,4.0,12.0,12.0,1.2324509620666504,0.6644805173079172,3.0,7.973766207695007,2.5028704674698026,1.786278913290917,2.400575616565569,0.28371762404882706,0.7778252065181732,1.0,1.0,0.11009317636489868,0.11009317636489868,0.0,0.11009317636489868,0.11009317636489868,0.1100931763648987,-0.0,0.0,0.5448558946386327,12.0,12.0,1.565552282333374,0.8098780751228333,3.0,9.718536901474,10.624947077035904,2.396730416441767,1.8,1.8,0.14000691175460817,0.08504527807235718,0.8,0.14807192087173462,0.13703309893608093,0.19022687664556376,-1,0.0,0.0
2022-10-29,20585.0,20801.0,20946.0,20575.0,32806216910.570454,399135164712.3964,-1.0,1.0,time,-0.0288,0.010146975348681435,319.0,339.0,4.0,12.0,12.0,1.2976741790771484,0.6658818746606509,3.0,7.990582495927811,2.5382297298484646,1.8211704268714302,2.3851274556891013,0.30575400099148564,0.42940178513526917,2.0,2.0,0.0959978997707367,0.054958775639534,1.0,0.109917551279068,0.09700182193395028,0.0960953537466282,0.37994380778626974,0.0410391241312027,0.8271223598834471,12.0,12.0,1.5299026012420653,0.780038056274255,3.0,9.360456675291061,10.159978339076043,2.387130192016561,1.8,1.8,0.12784745097160338,0.07928574979305267,0.8,0.1365528643131256,0.12069986760616302,0.2186589244851301,-1,0.0,0.0
2022-10-30,20818.0,20624.0,20908.0,20542.0,24707906148.749344,395548335410.141,-1.0,0.0,time,0.0252,-0.008545616277859401,320.0,340.0,4.0,12.0,12.0,1.2062451839447021,0.6751472403605779,4.0,8.101766884326935,2.618652241622698,1.8891239953528405,2.3617219572933434,0.3400311270748524,0.4474087953567505,1.0,1.0,0.08923426270484924,0.08923426270484924,0.0,0.08923426270484924,0.08923426270484924,0.08923426270484926,-0.0,0.0,0.45754422040462006,12.0,12.0,1.403014612197876,0.7217939342061678,3.2,8.661527210474015,9.722844234108925,2.3780331625652398,1.6,1.7,0.11144018173217773,0.07883483469486237,0.6,0.11780418157577514,0.12800078392028807,0.17110226417544688,-1,0.0,0.0
2022-10-31,20624.0,20495.0,20800.0,20262.0,37290619694.72375,393311097043.5727,-1.0,0.0,upper,0.0377,-0.006274492240530732,321.0,341.0,4.0,12.0,12.0,1.1710175275802612,0.7108178983132044,4.0,8.529814779758453,2.6586337786703234,1.8688844027096898,2.4011965162052276,0.28942306898639314,0.22030740976333618,0.0,0.0,0.0,0.0,0.0,0.0,0.0,0.0,0.0,0.0,0.08923426270484924,12.0,12.0,1.2857829809188843,0.6994799757997195,3.4,8.393759709596633,9.390646770596504,2.3838538756934087,1.2,1.6,0.08444353342056274,0.06441384255886078,0.4,0.08896219730377197,0.12694779634475709,0.12354558050104018,-1,0.0,0.0
2022-11-01,20493.0,20490.0,20645.0,20285.0,32262771910.727066,393218202887.5868,-1.0,0.0,upper,0.038,-0.0002439917054925371,322.0,342.0,4.0,12.0,12.0,1.1578023433685303,0.6821887716650963,4.0,8.186265259981155,2.536656496954745,1.782786107134408,2.4102691782046004,0.2661528291088169,0.13547715544700623,0.0,0.0,0.0,0.0,0.0,0.0,0.0,0.0,0.0,0.0,0.0,12.0,12.0,1.2130380392074585,0.6797032604614894,3.6,8.156439125537872,9.146253365278245,2.3917781447915685,0.8,1.4,0.059065067768096925,0.05085724294185638,0.2,0.061848998069763184,0.11058123707771302,0.07598876155725395,-1,0.0,0.0
2022-11-02,20489.0,20163.0,20705.0,20065.0,44539856162.44828,387015867490.0914,-1.0,0.0,upper,0.0478,-0.01608772059486986,323.0,343.0,4.0,12.0,12.0,1.2842975854873657,0.7724177837371826,4.0,9.269013404846191,2.8560617731735527,1.9981932759670487,2.4167581785464147,0.28831956526594565,0.1971188187599182,0.0,0.0,0.0,0.0,0.0,0.0,0.0,0.0,0.0,0.0,0.0,12.0,12.0,1.2234073638916017,0.7012907137473425,3.8,8.41548856496811,9.067012733221054,2.3950146571877373,0.6,1.2,0.03704643249511719,0.028838607668876647,0.2,0.039830362796783446,0.09395114183425904,0.07598876155725395,-1,0.0,0.0
2022-11-03,20161.0,20211.0,20388.0,20091.0,36562782563.979164,387756249891.6283,-1.0,0.0,upper,0.0454,0.002377768990693913,324.0,344.0,4.0,12.0,12.0,1.2857916355133057,0.8291285435358683,5.0,9.94954252243042,3.0372725887718097,2.103957262281359,2.4250477553193317,0.28512790668307786,0.05511629581451416,0.0,0.0,0.0,0.0,0.0,0.0,0.0,0.0,0.0,0.0,0.0,12.0,12.0,1.221030855178833,0.7339400475223858,4.2,8.807280570268631,9.083868622779846,2.4029987171137837,0.2,1.0,0.01784685254096985,0.01784685254096985,0.0,0.01784685254096985,0.07719985842704773,0.0,-1,0.0,0.0
2022-11-04,20206.0,21150.0,21241.0,20206.0,33773463079.332672,405987599945.2726,-1.0,1.0,lower,-0.1305,0.04541289484565445,325.0,345.0,4.0,12.0,12.0,1.4664701223373413,0.8558996021747589,5.0,10.270795226097107,3.158686578135861,2.2013231312646324,2.4165387414940436,0.3144481079156395,0.42179393768310547,0.0,0.0,0.0,0.0,0.0,0.0,0.0,0.0,0.0,0.0,0.0,12.0,12.0,1.2730758428573608,0.770090519885222,4.4,9.241086238622666,8.95130672454834,2.4139620739539236,0.0,0.8,0.0,0.0,0.0,0.0,0.05890209078788757,0.0,-1,0.0,0.0
2022-11-05,21147.0,21283.0,21454.0,21124.0,31061573100.604958,408892506459.0742,-1.0,1.0,lower,-0.1368,0.006268726488379846,326.0,346.0,4.0,12.0,12.0,1.401480793952942,0.8329236755768458,5.0,9.99508410692215,3.0843036359596345,2.152901741676548,2.412297936541761,0.31461441039740873,0.2964250445365906,0.0,0.0,0.0,0.0,0.0,0.0,0.0,0.0,0.0,0.0,0.0,12.0,12.0,1.319168496131897,0.7945116753379503,4.6,9.534140104055405,8.96394990682602,2.4161823580212305,0.0,0.6,0.0,0.0,0.0,0.0,0.044481098651885986,0.0,-1,0.0,0.0
2022-11-06,21280.0,20907.0,21337.0,20907.0,50602704770.812515,401869336200.07385,-1.0,1.0,lower,-0.1189,-0.017824600856175276,327.0,347.0,4.0,12.0,12.0,1.1837530136108398,0.7766625881195068,4.0,9.319951057434082,2.839212998804581,1.962833337119416,2.4267759329444294,0.2618321891286819,0.25731343030929565,1.0,1.0,0.11986541748046875,0.11986541748046875,0.0,0.11986541748046875,0.11986541748046875,0.11986541748046876,-0.0,0.0,0.11986541748046875,12.0,12.0,1.324358630180359,0.8134064386288324,4.6,9.76087726354599,8.95865819454193,2.4194837089691963,0.2,0.5,0.02397308349609375,0.02397308349609375,0.0,0.02397308349609375,0.04291104078292847,-0.0,-1,0.0,0.0
2022-11-07,20922.0,20598.0,21017.0,20433.0,91750982446.38734,395168506455.3059,-1.0,1.0,lower,-0.1041,-0.014890047420881423,328.0,348.0,4.0,12.0,12.0,1.1523476839065552,0.7210754180947939,3.0,8.652905017137527,2.6319964533684255,1.821992152357504,2.430157407954896,0.23944523166007908,0.09931358695030212,1.0,1.0,0.09152436256408691,0.09152436256408691,0.0,0.09152436256408691,0.09152436256408691,0.09152436256408693,-0.0,0.0,0.022312087083640256,12.0,12.0,1.2979686498641967,0.8031379655003548,4.4,9.637655586004257,9.026572075486182,2.4221635548508926,0.4,0.5,0.042277956008911134,0.042277956008911134,0.0,0.042277956008911134,0.04105415940284729,-0.0,-1,0.0,0.0
2022-11-08,20600.0,18562.35,20671.0,17579.02,92144963385.0274,356871594631.61395,-1.0,1.0,lower,-0.1648,-0.10405864798142236,329.0,349.0,4.0,12.0,12.0,2.2122411727905273,0.8064971566200256,2.0,9.677965879440308,3.242830704205554,2.489179066296087,2.3446598144824162,0.4752805322915489,0.3455961346626282,1.0,1.0,0.08428144454956055,0.08428144454956055,0.0,0.08428144454956055,0.08428144454956055,0.08428144454956056,-0.0,0.0,0.1622716923058448,12.0,12.0,1.483258557319641,0.7986116881171862,3.8,9.583340257406235,9.195310413837433,2.4060859666835093,0.6,0.4,0.05913424491882324,0.05913424491882324,0.0,0.05913424491882324,0.038490548729896545,-0.0,-1,0.0,0.0
2022-11-09,18579.39,15742.44,18749.92,15663.49,74978675390.59279,301963847693.52637,-1.0,0.0,time,0.0558,-0.16477508568742277,330.0,350.0,4.0,12.0,12.0,2.368811845779419,0.6895792372524738,2.0,8.274950847029686,3.142897197861526,2.58983310096797,2.2075658051553297,0.5896021612727085,1.2625791132450104,1.0,1.0,0.05390971899032593,0.05390971899032593,0.0,0.05390971899032593,0.05390971899032593,0.053909718990325935,-0.0,0.0,0.6804480635755571,12.0,12.0,1.6637269020080567,0.7653476151327292,3.2,9.184171381592751,9.212628810107708,2.3642913794157665,0.8,0.4,0.06991618871688843,0.06991618871688843,0.0,0.06991618871688843,0.034958094358444214,-0.0,-1,0.0,0.0
2022-11-10,15920.79,17594.92,18106.79,15835.92,65200666543.364624,336597208099.6668,-1.0,1.0,time,-0.0409,0.11124997398221241,331.0,351.0,4.0,12.0,12.0,1.497841238975525,0.597963930418094,3.0,7.175567165017128,2.4906583647878158,1.9073496008031836,2.2903338145106447,0.39923350989895356,1.1995729804039001,1.0,1.0,0.050164639949798584,0.050164639949798584,0.0,0.050164639949798584,0.050164639949798584,0.05016463994979859,-0.0,0.0,0.08390517819246793,12.0,12.0,1.6829989910125733,0.7183556661009789,2.8,8.620267993211746,9.077204048633575,2.339898555009543,1.0,0.5,0.07994911670684815,0.07994911670684815,0.0,0.07994911670684815,0.039974558353424075,-0.0,-1,0.0,0.0
2022-11-11,17602.79,17080.22,17624.47,16569.89,45030331310.74984,325921112619.09045,-1.0,1.0,time,-0.0231,-0.029689155177446132,332.0,352.0,4.0,12.0,12.0,1.1980851888656616,0.5248737906416258,3.0,6.298485487699509,2.1202157870117695,1.5873118290140313,2.32161049563309,0.31482866110841784,0.6773126721382141,1.0,1.0,0.045644402503967285,0.045644402503967285,0.0,0.045644402503967285,0.045644402503967285,0.04564440250396729,-0.0,0.0,0.10127280998395118,12.0,12.0,1.6858654260635375,0.6679979066054027,2.6,8.015974879264832,8.88842607140541,2.3188654675472753,1.0,0.6,0.06510491371154785,0.06510491371154785,0.0,0.06510491371154785,0.0445389986038208,-0.0,-1,0.0,0.0
2022-11-12,17088.94,16797.99,17101.87,16640.26,21893997140.860477,322330608513.1628,-1.0,1.0,time,-0.0048,-0.01666183244523814,333.0,353.0,4.0,12.0,12.0,1.465388536453247,0.5875639965136846,3.0,7.050767958164215,2.4220852699576554,1.8355818197610072,2.2984500941050334,0.37900304033040094,0.3922531306743622,1.0,1.0,0.04166769981384277,0.04166769981384277,0.0,0.04166769981384277,0.04166769981384277,0.04166769981384278,-0.0,0.0,0.08909300667048162,12.0,12.0,1.748473596572876,0.6412956222891808,2.6,7.695547467470169,8.666601526737214,2.292524004777303,1.0,0.7,0.05513358116149902,0.05513358116149902,0.0,0.05513358116149902,0.048705768585205075,-0.0,-1,0.0,0.0
2022-11-13,16794.65,16344.34,16915.46,16312.86,20411619109.007805,313605586517.2854,-1.0,0.0,time,0.0219,-0.02737757635427889,334.0,354.0,4.0,12.0,12.0,1.684574842453003,0.6572149458030859,4.0,7.8865793496370316,2.767206010373101,2.1126739855125756,2.2674976094624943,0.45407885548672206,0.48730404675006866,0.0,0.0,0.0,0.0,0.0,0.0,0.0,0.0,0.0,0.0,0.04166769981384277,12.0,12.0,1.6429403305053711,0.6114391801257928,3.0,7.3372701615095135,8.460305209457875,2.2770915637733187,0.8,0.7,0.038277292251586915,0.038277292251586915,0.0,0.038277292251586915,0.048705768585205075,0.0,-1,0.0,0.0
2022-11-14,16335.29,16645.83,17176.32,15906.19,37539226046.106285,320598982524.9025,-1.0,0.0,time,0.004,0.01827807456803692,335.0,355.0,4.0,12.0,12.0,1.2522023916244507,0.5809967517852783,4.0,6.97196102142334,2.33886243993541,1.7242537043075554,2.31409816305176,0.34394655664314183,0.7644411772489548,0.0,0.0,0.0,0.0,0.0,0.0,0.0,0.0,0.0,0.0,0.0,12.0,12.0,1.4196184396743774,0.5897226830323538,3.4,7.076672196388245,8.130421788990498,2.2983980353526046,0.6,0.7,0.02749534845352173,0.02749534845352173,0.0,0.02749534845352173,0.048705768585205075,0.0,-1,0.0,0.0
2022-11-15,16632.61,16890.53,17171.27,16573.54,28676275678.9418,324608360619.00433,-1.0,1.0,time,-0.0353,0.01459337523383673,336.0,356.0,4.0,12.0,12.0,1.2065420150756836,0.5463024924198786,4.0,6.555629909038544,2.1924919532683345,1.615835247758239,2.318736117818638,0.3195914066502646,0.28230857849121094,0.0,0.0,0.0,0.0,0.0,0.0,0.0,0.0,0.0,0.0,0.0,12.0,12.0,1.3613585948944091,0.5793903954327106,3.6,6.952684745192528,7.786476369202137,2.3040784960142036,0.4,0.7,0.01746242046356201,0.01746242046356201,0.0,0.01746242046356201,0.048705768585205075,0.0,-1,0.0,0.0
2022-11-16,16901.94,16689.4,16997.06,16437.01,26922027947.408913,320099234744.2721,-1.0,1.0,time,-0.0539,-0.011979322484809997,337.0,357.0,4.0,12.0,12.0,1.1799906492233276,0.62010349954168,4.0,7.44124199450016,2.490865251433407,1.8188803330944414,2.3083416799537275,0.36401344973690525,0.21788568794727325,0.0,0.0,0.0,0.0,0.0,0.0,0.0,0.0,0.0,0.0,0.0,12.0,12.0,1.3577396869659424,0.5984363372127215,3.8,7.181236046552658,7.598605462908745,2.3014247328783304,0.2,0.6,0.008333539962768555,0.008333539962768555,0.0,0.008333539962768555,0.036719226837158205,0.0,-1,0.0,0.0
2022-11-17,16677.87,16718.36,16732.97,16417.31,22011291267.356167,321287480849.7667,-1.0,1.0,time,-0.0332,0.0017337293643175822,338.0,358.0,4.0,12.0,12.0,1.4608216285705566,0.7145139401157697,4.0,8.574167281389236,2.8379729435954193,2.0617239178919213,2.322548737983317,0.4008042312175304,0.14907397329807281,0.0,0.0,0.0,0.0,0.0,0.0,0.0,0.0,0.0,0.0,0.0,12.0,12.0,1.3568263053894043,0.6238263259331385,4.0,7.4859159111976625,7.590731689333916,2.3062444616539874,0.0,0.5,0.0,0.0,0.0,0.0,0.02756679058074951,0.0,-1,0.0,0.0
2022-11-18,16711.92,16707.02,16994.52,16581.98,20942172141.414623,320876918352.4405,-1.0,1.0,time,-0.0059,-0.00067852634345979,339.0,359.0,4.0,12.0,12.0,1.1481750011444092,0.6870396733283997,4.0,8.244476079940796,2.6317975346460987,1.8670879177580537,2.3659081791533394,0.3243038840659268,0.37882304191589355,0.0,0.0,0.0,0.0,0.0,0.0,0.0,0.0,0.0,0.0,0.0,12.0,12.0,1.2495463371276856,0.6297912714382012,4.0,7.557495257258415,7.447382709383964,2.325926575592156,0.0,0.4,0.0,0.0,0.0,0.0,0.019138646125793458,0.0,-1,0.0,0.0
2022-11-19,16705.26,16712.73,16794.94,16558.64,10844466289.901127,321151208473.7581,-1.0,1.0,time,-0.007,0.00034171410950487155,340.0,360.0,4.0,12.0,12.0,1.1577568054199219,0.6833244264125824,3.0,8.199893116950989,2.591745393444883,1.8378894973559576,2.384006546978145,0.30467973946120247,0.26590967178344727,0.0,0.0,0.0,0.0,0.0,0.0,0.0,0.0,0.0,0.0,0.0,12.0,12.0,1.2306572198867798,0.650256806363662,3.8,7.803081676363945,7.439876936376095,2.339908252377433,0.0,0.3,0.0,0.0,0.0,0.0,0.013747674226760865,0.0,-1,0.0,0.0
2022-11-20,16711.87,16304.08,16746.26,16254.32,15680401749.958439,313370674122.3842,-1.0,0.0,time,0.0134,-0.024755321247764955,341.0,361.0,4.0,12.0,12.0,1.1622421741485596,0.601553017894427,4.0,7.218636214733124,2.3087599852870095,1.6602626361932997,2.3749330358909164,0.2869349911286176,0.08198598027229309,0.0,0.0,0.0,0.0,0.0,0.0,0.0,0.0,0.0,0.0,0.0,12.0,12.0,1.221797251701355,0.6613069114585718,3.8,7.935682937502861,7.444183841347694,2.3511476359918886,0.0,0.2,0.0,0.0,0.0,0.0,0.008731210231781006,0.0,-1,0.0,0.0
2022-11-21,16298.41,15814.34,16299.24,15649.4,31057277097.34788,303834128504.1595,-1.0,0.0,time,0.0398,-0.030498259885295455,342.0,362.0,4.0,12.0,12.0,1.1606175899505615,0.5827465777595838,4.0,6.9929589331150055,2.2625496853144322,1.6411205149014105,2.3631083599267493,0.29495878127719766,0.05060592293739319,0.0,0.0,0.0,0.0,0.0,0.0,0.0,0.0,0.0,0.0,0.0,12.0,12.0,1.2179226398468017,0.6538355271021524,3.8,7.84602632522583,7.513631185889244,2.3621009719864934,0.0,0.1,0.0,0.0,0.0,0.0,0.0041667699813842775,0.0,-1,0.0,0.0
2022-11-22,15794.33,16171.63,16269.92,15686.55,25091849198.571053,311463297390.4882,-1.0,0.0,time,0.0176,0.022341349112204898,343.0,363.0,4.0,12.0,12.0,1.1844193935394287,0.5266012238959471,3.0,6.319214686751366,2.148906906023099,1.6054685648353226,2.300209368259588,0.3278839610097419,0.16360744833946228,0.0,0.0,0.0,0.0,0.0,0.0,0.0,0.0,0.0,0.0,0.0,12.0,12.0,1.1626421928405761,0.616252983858188,3.6,7.395035806298256,7.440475858747959,2.3576330980417475,0.0,0.0,0.0,0.0,0.0,0.0,0.0,0.0,-1,0.0,0.0
2022-11-23,16225.09,16608.01,16632.65,16191.07,26858079944.170044,319494112507.07404,-1.0,1.0,time,-0.0235,0.026626636636172478,344.0,364.0,4.0,12.0,12.0,1.219457745552063,0.517927952731649,3.0,6.215135432779789,2.1813351055633547,1.6468426401446374,2.2526374940434994,0.358146905625974,0.18876098841428757,0.0,0.0,0.0,0.0,0.0,0.0,0.0,0.0,0.0,0.0,0.0,12.0,12.0,1.1768987417221068,0.5824306397388379,3.4,6.989167676866055,7.273331467062235,2.3349789610197798,0.0,0.0,0.0,0.0,0.0,0.0,0.0,0.0,-1,0.0,0.0
2022-11-24,16633.46,16596.04,16769.37,16484.24,20949512927.386944,318949911014.53784,-1.0,1.0,time,-0.0093,-0.0007209964157103201,345.0,365.0,4.0,12.0,12.0,1.1618958711624146,0.4478479033956925,2.0,5.37417484074831,1.875028295173962,1.431059998909348,2.2740223156992103,0.30398988097083707,0.24258816242218018,0.0,0.0,0.0,0.0,0.0,0.0,0.0,0.0,0.0,0.0,0.0,12.0,12.0,1.1777265548706055,0.5353353351354599,3.2,6.424024021625518,7.113552848994732,2.312982114763993,0.0,0.0,0.0,0.0,0.0,0.0,0.0,0.0,-1,0.0,0.0
2022-11-25,16605.8,16524.45,16613.15,16400.96,18933018587.76629,317919884011.3825,-1.0,0.0,time,0.0393,-0.0043230104078748775,346.0,366.0,4.0,12.0,12.0,1.2983018159866333,0.4735345294078191,2.0,5.682414352893829,2.020983576894143,1.5691738176425698,2.2592661980951556,0.3407779349735479,0.49177486449480057,0.0,0.0,0.0,0.0,0.0,0.0,0.0,0.0,0.0,0.0,0.0,12.0,12.0,1.2049384832382202,0.5097316374381383,2.8,6.11677964925766,7.026231293380261,2.2898487472048403,0.0,0.0,0.0,0.0,0.0,0.0,0.0,0.0,-1,0.0,0.0
2022-11-26,16521.13,16456.16,16670.75,16423.19,18243019109.753235,316206865319.883,-1.0,0.0,time,0.0309,-0.00414122707835962,347.0,367.0,4.0,12.0,12.0,1.558659315109253,0.47178176790475845,3.0,5.661381214857101,2.0944019038792394,1.6983112277544627,2.229776626730288,0.3781074468812745,0.8880792111158371,0.0,0.0,0.0,0.0,0.0,0.0,0.0,0.0,0.0,0.0,0.0,12.0,12.0,1.2845468282699586,0.4875386754671733,2.6,5.850464105606079,6.848245215415955,2.2631824005655483,0.0,0.0,0.0,0.0,0.0,0.0,0.0,0.0,-1,0.0,0.0
2022-11-27,16465.29,16459.15,16600.08,16431.98,16551822516.185429,316487666895.4407,-1.0,0.0,time,0.0373,0.00018167837448451586,348.0,368.0,4.0,12.0,12.0,2.037721872329712,0.5642302694420019,3.0,6.770763233304024,2.6449611415762897,2.19809986668382,2.165043284368309,0.5144211858157849,1.0015495717525482,0.0,0.0,0.0,0.0,0.0,0.0,0.0,0.0,0.0,0.0,0.0,12.0,12.0,1.4552073240280152,0.4950644845763842,2.6,5.940773814916611,6.667904810607434,2.2361491837872927,0.0,0.0,0.0,0.0,0.0,0.0,0.0,0.0,-1,0.0,0.0
2022-11-28,16456.69,16222.21,16482.04,16065.43,24566056814.212288,311810991501.448,-1.0,0.0,time,0.0423,-0.014500262628121183,349.0,369.0,4.0,12.0,12.0,1.6881415843963623,0.7115307450294495,3.0,8.538368940353394,2.8464190410409764,2.1316103870843466,2.338262767194405,0.41097337137324275,1.0097593814134598,0.0,0.0,0.0,0.0,0.0,0.0,0.0,0.0,0.0,0.0,0.0,12.0,12.0,1.548944091796875,0.5337850430359443,2.6,6.405420516431332,6.697294096648693,2.2532742384174735,0.0,0.0,0.0,0.0,0.0,0.0,0.0,0.0,-1,0.0,0.0
2022-11-29,16222.5,16441.98,16541.11,16157.9,24663035431.352062,316170903326.0224,-1.0,0.0,time,0.0422,0.013456529384994123,350.0,370.0,4.0,12.0,12.0,1.4509613513946533,0.8620239471395811,3.0,10.344287365674973,3.1700184042469832,2.211387543763741,2.4230873613060755,0.30713640535861697,0.958623856306076,0.0,0.0,0.0,0.0,0.0,0.0,0.0,0.0,0.0,0.0,0.0,12.0,12.0,1.6067571878433227,0.6166202517847219,2.8,7.399443021416664,6.911733521521091,2.283087247538847,0.0,0.0,0.0,0.0,0.0,0.0,0.0,0.0,-1,0.0,0.0
2022-11-30,16446.88,17186.5,17227.39,16442.29,30676053555.32337,330763402606.7043,-1.0,1.0,time,-0.0125,0.04428637158381067,351.0,371.0,4.0,12.0,12.0,2.1534135341644287,1.0152463018894196,3.0,12.182955622673035,3.8791309168859938,2.802960181900566,2.3849871920200454,0.47248950855539834,0.4129060208797455,1.0,1.0,0.23369073867797852,0.23369073867797852,0.0,0.23369073867797852,0.23369073867797852,0.23369073867797854,-0.0,0.0,0.23369073867797852,12.0,12.0,1.7777795314788818,0.7249626062810421,3.0,8.699551275372505,7.4081654623150826,2.3082314463238247,0.2,0.1,0.0467381477355957,0.0467381477355957,0.0,0.0467381477355957,0.02336907386779785,-0.0,-1,1.0,-1.0
2022-12-01,17224.41,16972.73,17249.92,16901.02,23319572025.36399,326141917292.63745,-1.0,0.0,time,0.0066,-0.012516253481095285,352.0,372.0,4.0,12.0,12.0,1.7332820892333984,1.0820817003647487,4.0,12.984980404376984,3.9464602899807595,2.7265587202992148,2.4301670544627685,0.35634009331253474,1.0686067342758179,1.0,1.0,0.27783799171447754,0.27783799171447754,0.0,0.27783799171447754,0.27783799171447754,0.27783799171447754,-0.0,0.0,0.6279628034804291,12.0,12.0,1.812704086303711,0.8470225927730402,3.2,10.164271113276481,8.00736760944128,2.3483095318703207,0.4,0.2,0.10230574607849122,0.10230574607849122,0.0,0.10230574607849122,0.05115287303924561,-0.0,-1,1.0,-1.0
2022-12-02,16978.82,17084.87,17128.66,16867.76,20945433171.615204,328178365692.1309,-1.0,1.0,time,-0.0138,0.006585338089666317,353.0,373.0,4.0,12.0,12.0,1.7313406467437744,1.0761066476504009,4.0,12.91327977180481,3.929441461219987,2.7176910451101617,2.428960490764017,0.35875293166584477,0.07170063257217407,1.0,1.0,0.2775266170501709,0.2775266170501709,0.0,0.2775266170501709,0.2775266170501709,0.2775266170501709,-0.0,0.0,0.004426851732574304,12.0,12.0,1.7514278411865234,0.9493978684147197,3.4,11.39277442097664,8.666774117946625,2.4010929731494626,0.6,0.3,0.15781106948852539,0.15781106948852539,0.0,0.15781106948852539,0.07890553474426269,-0.0,-1,1.0,-1.0
2022-12-03,17146.57,16923.38,17149.34,16880.81,16931408153.950111,326498242602.6305,-1.0,0.0,time,0.0182,-0.009497178703183513,354.0,374.0,4.0,12.0,12.0,1.703529715538025,1.0439510370294254,4.0,12.527412444353104,3.822957761543509,2.636473469504279,2.420062728457194,0.35788741641844174,0.3525984287261963,1.0,1.0,0.10452890396118164,0.10452890396118164,0.0,0.10452890396118164,0.10452890396118164,0.10452890396118165,-0.0,0.0,0.2197122123328204,12.0,12.0,1.754505467414856,1.015881926814715,3.6,12.19058312177658,9.298001819103956,2.4174529654020196,0.8,0.4,0.17871685028076173,0.17871685028076173,0.0,0.17871685028076173,0.08935842514038086,-0.0,-1,0.0,0.0
2022-12-04,16914.49,17149.93,17190.71,16914.49,18214353301.13762,329544949093.6664,-1.0,1.0,time,-0.0,0.01329799414959786,355.0,375.0,4.0,12.0,12.0,2.2892978191375732,1.0785500879089038,2.0,12.942601054906845,4.10652005250103,2.9525697570110236,2.383816293915094,0.49195726745770435,0.44588005542755127,1.0,1.0,0.09958720207214355,0.09958720207214355,0.0,0.09958720207214355,0.09958720207214355,0.09958720207214357,-0.0,0.0,0.17780586861155484,12.0,12.0,1.92217276096344,1.0591871549685796,3.4,12.710245859622955,10.05484444051981,2.4095987519238236,1.0,0.5,0.19863429069519042,0.19863429069519042,0.0,0.19863429069519042,0.09931714534759521,-0.0,-1,0.0,0.0
2022-12-05,17133.31,16973.37,17414.42,16906.82,23204017213.929634,326635737516.3175,-1.0,0.0,time,0.0089,-0.010348446700828613,356.0,376.0,4.0,12.0,12.0,1.5857843160629272,1.0163473263382912,4.0,12.196167916059494,3.763113496306242,2.6150845308742294,2.407434232837918,0.3835666535973328,0.9569318890571594,1.0,1.0,0.09730410575866699,0.09730410575866699,0.0,0.09730410575866699,0.09730410575866699,0.097304105758667,-0.0,0.0,0.08214591156682093,12.0,12.0,1.8086469173431396,1.059407359858354,3.6,12.712888318300248,10.706219796836375,2.414088160087398,1.0,0.6,0.17135696411132811,0.17135696411132811,0.0,0.17135696411132811,0.10904755592346191,-0.0,-1,0.0,0.0
2022-12-06,16973.12,17085.64,17085.64,16928.86,21026126511.19885,328108161816.87274,-1.0,0.0,time,0.0009,0.006592699355541853,357.0,377.0,4.0,12.0,12.0,1.5450265407562256,0.9922724440693855,4.0,11.907269328832626,3.6713370502498144,2.5499324447689156,2.408202312785299,0.3723193630724197,0.2766225337982178,1.0,1.0,0.0948033332824707,0.0948033332824707,0.0,0.0948033332824707,0.0948033332824707,0.09480333328247072,-0.0,0.0,0.08998285954813169,12.0,12.0,1.770995807647705,1.0414455085992813,3.6,12.497346103191376,11.330808608233928,2.4096952117519046,1.0,0.7,0.13475003242492675,0.13475003242492675,0.0,0.13475003242492675,0.11852788925170898,-0.0,-1,0.0,0.0
2022-12-07,17076.34,16851.3,17114.69,16750.0,21192130005.603653,324178677956.7833,-1.0,0.0,time,0.0193,-0.013810539468008221,358.0,378.0,4.0,12.0,12.0,1.534541130065918,1.017823892335097,6.0,12.213886708021164,3.799540909219624,2.640630603658559,2.393077926053207,0.408750679014266,0.39946502447128296,1.0,1.0,0.05741572380065918,0.05741572380065918,0.0,0.05741572380065918,0.05741572380065918,0.05741572380065919,-0.0,0.0,0.05578828849577524,12.0,12.0,1.7316359043121339,1.0297889575362207,4.0,12.357467490434647,11.875120955705643,2.4025186988097422,1.0,0.8,0.09072785377502442,0.09072785377502442,0.0,0.09072785377502442,0.12426946163177491,-0.0,-1,0.0,0.0
2022-12-08,16849.19,17235.01,17291.85,16799.07,22674029585.253864,331389860355.59094,-1.0,0.0,time,0.0314,0.022514975025668574,359.0,379.0,4.0,12.0,12.0,1.97266685962677,1.0456049914161365,4.0,12.547259896993637,3.981168376214335,2.8155113384947223,2.3714087725547,0.4769891737832404,0.42641550302505493,1.0,1.0,0.05429387092590332,0.05429387092590332,0.0,0.05429387092590332,0.05429387092590332,0.05429387092590333,-0.0,0.0,0.1827738673799626,12.0,12.0,1.7854633331298828,1.0301197484135627,4.0,12.361436980962754,12.276010051369667,2.392787907629244,1.0,0.9,0.08068084716796875,0.08068084716796875,0.0,0.08068084716796875,0.12969884872436524,-0.0,-1,0.0,0.0
2022-12-09,17226.04,17149.82,17309.57,17085.83,23179829829.170135,329756788298.6587,-1.0,0.0,time,0.0377,-0.004955102253292429,360.0,380.0,4.0,12.0,12.0,1.4072961807250977,0.9379108225305876,6.0,11.25492987036705,3.52864207954332,2.4667818048755947,2.384602501988681,0.39740768249617514,0.7979900240898132,1.0,1.0,0.05250906944274902,0.05250906944274902,0.0,0.05250906944274902,0.05250906944274902,0.05250906944274903,-0.0,0.0,0.1044943794458724,12.0,12.0,1.6090630054473878,1.0019918953378997,4.8,12.023902744054794,12.367074301838874,2.3929451492439613,1.0,1.0,0.07126522064208984,0.07126522064208984,0.0,0.07126522064208984,0.13494975566864015,-0.0,-1,0.0,0.0
2022-12-10,17138.35,17125.36,17227.56,17107.75,14234368489.844261,329283186564.5152,-1.0,0.0,time,0.0124,-0.0014272721049050062,361.0,381.0,4.0,12.0,12.0,1.8249831199645996,0.8627701985339323,5.0,10.353242382407188,3.4287429573089354,2.5015447435795406,2.326038245791564,0.485095289741807,0.2682880610227585,1.0,1.0,0.051184892654418945,0.051184892654418945,0.0,0.051184892654418945,0.051184892654418945,0.05118489265441895,-0.0,0.0,0.07752584729581471,12.0,12.0,1.6569027662277223,0.9712764697770279,5.0,11.655317637324334,12.184102977812291,2.37666595183469,1.0,1.0,0.06204137802124023,0.06204137802124023,0.0,0.06204137802124023,0.11669917106628418,-0.0,-1,0.0,0.0
2022-12-11,17121.26,17101.04,17256.59,17098.26,15681124918.738192,328868814164.99066,-1.0,1.0,time,-0.0283,-0.0014211254524606812,362.0,382.0,4.0,12.0,12.0,2.117314100265503,0.7999915430943171,4.0,9.599898517131805,3.316932665679823,2.52870425534717,2.290428644968899,0.526165743879304,0.5557142943143845,1.0,1.0,0.03932201862335205,0.03932201862335205,0.0,0.03932201862335205,0.03932201862335205,0.03932201862335206,-0.0,0.0,1.0920522570084719,12.0,12.0,1.7713602781295776,0.9328202895820141,5.0,11.193843474984169,11.845594789087773,2.3531112182714105,1.0,1.0,0.0509451150894165,0.0509451150894165,0.0,0.0509451150894165,0.09284757375717163,-0.0,-1,0.0,0.0
2022-12-12,17030.47,17179.6,17208.04,16869.54,21633829199.489113,330715694645.24335,-1.0,1.0,time,-0.022,0.004583353025299094,363.0,383.0,4.0,12.0,12.0,1.4727994203567505,0.7504997750123342,3.0,9.00599730014801,2.9810736599196765,2.1882015302027975,2.3347602677271713,0.4210899763653177,1.293001800775528,1.0,1.0,0.04564559459686279,0.04564559459686279,0.0,0.04564559459686279,0.04564559459686279,0.0456455945968628,-0.0,0.0,0.3062981090624412,12.0,12.0,1.759011936187744,0.8793554661174614,4.4,10.552265593409539,11.454866541922092,2.341447686606203,1.0,1.0,0.048591089248657224,0.048591089248657224,0.0,0.048591089248657224,0.06965947151184082,-0.0,-1,0.0,0.0
2022-12-13,17213.99,17784.16,17942.24,17123.75,28941242217.591747,342102502914.68976,-1.0,1.0,lower,-0.0675,0.03458554007454561,364.0,384.0,4.0,12.0,12.0,1.6338636875152588,0.7361824115117391,3.0,8.83418893814087,2.991456060671031,2.2311877924660544,2.309905105188141,0.4514084298702016,0.43501967191696167,1.0,1.0,0.04268443584442139,0.04268443584442139,0.0,0.04268443584442139,0.04268443584442139,0.042684435844421394,-0.0,0.0,0.14343376015838433,12.0,12.0,1.6912513017654418,0.817470950136582,4.2,9.809651401638984,11.085544191300869,2.3291469531328914,1.0,1.0,0.04626920223236084,0.04626920223236084,0.0,0.04626920223236084,0.06347502470016479,-0.0,-1,0.0,0.0
2022-12-14,17777.46,17808.72,18323.21,17659.08,27267536668.811485,342692750075.4062,-1.0,1.0,lower,-0.0689,0.0013800515101876683,365.0,385.0,4.0,12.0,12.0,1.453805685043335,0.6685764888922373,3.0,8.022917866706848,2.6981754539829534,2.0042974334684693,2.3183568254809734,0.3996056934114816,0.5830685794353485,0.0,0.0,0.0,0.0,0.0,0.0,0.0,0.0,0.0,0.0,0.04268443584442139,12.0,12.0,1.7005532026290893,0.763604083408912,3.6,9.163249000906944,10.59357587248087,2.31589781783135,0.8,0.9,0.03576738834381103,0.03576738834381103,0.0,0.03576738834381103,0.05351630449295044,0.0,-1,0.0,0.0
2022-12-15,17819.98,17338.36,17849.89,17302.46,22754686787.817104,333854506370.7365,-1.0,1.0,lower,-0.0543,-0.026766837111268177,366.0,386.0,4.0,12.0,12.0,1.2358871698379517,0.6309985642631849,3.0,7.571982771158218,2.4862640496824637,1.81732622500381,2.345261562872677,0.34200373627552627,0.24727138876914978,1.0,1.0,0.13600969314575195,0.13600969314575195,0.0,0.13600969314575195,0.13600969314575195,0.13600969314575195,-0.0,0.0,0.13600969314575195,12.0,12.0,1.5827340126037597,0.7172497565547625,3.2,8.60699707865715,10.131157357990741,2.319742481247572,0.8,0.9,0.05273234844207764,0.05273234844207764,0.0,0.05273234844207764,0.05738686323165894,-0.0,-1,1.0,-1.0
2022-12-16,17339.04,16623.76,17516.95,16562.31,22250411214.773224,318992400741.96515,-1.0,0.0,time,0.0115,-0.04208839057740204,367.0,387.0,4.0,12.0,12.0,1.3489696979522705,0.6472951670487722,3.0,7.767542004585266,2.5682219340952073,1.8881848923706261,2.338217858494478,0.3614636338729149,0.130199134349823,1.0,1.0,0.13778018951416016,0.13778018951416016,0.0,0.13778018951416016,0.13778018951416016,0.13778018951416018,-0.0,0.0,0.024166409428316372,12.0,12.0,1.4290651321411132,0.6867104813456535,3.0,8.240525776147843,9.717184625566006,2.329300323952688,0.8,0.9,0.07242398262023926,0.07242398262023926,0.0,0.07242398262023926,0.06168454885482788,-0.0,-1,1.0,-1.0
2022-12-17,16650.25,16806.49,16806.49,16600.36,15086383815.776106,323096167353.6004,-1.0,0.0,time,0.0011,0.01093212404066655,368.0,388.0,4.0,12.0,12.0,1.68715238571167,0.7712031354506811,4.0,9.254437625408173,3.148781244150193,2.338235530602236,2.298173075778493,0.48112472481714647,0.324357271194458,0.0,0.0,0.0,0.0,0.0,0.0,0.0,0.0,0.0,0.0,0.13778018951416016,12.0,12.0,1.4719357252120973,0.6908511534333229,3.2,8.290213841199876,9.421239717304706,2.321982885562952,0.6,0.8,0.0632948637008667,0.0632948637008667,0.0,0.0632948637008667,0.055942976474761964,0.0,-1,0.0,0.0
2022-12-18,16783.53,16742.82,16824.07,16685.01,11134054723.147482,322740705484.67255,-1.0,0.0,time,0.0029,-0.0037956116796061252,369.0,389.0,4.0,12.0,12.0,1.7602885961532593,0.8195191969474157,4.0,9.834230363368988,3.386316200816226,2.511423853367859,2.2734752802365192,0.5329006194034052,0.38957616686820984,0.0,0.0,0.0,0.0,0.0,0.0,0.0,0.0,0.0,0.0,0.0,12.0,12.0,1.4972207069396972,0.7075185105204582,3.4,8.490222126245499,9.149936763942241,2.3146969205726284,0.4,0.7,0.05475797653198242,0.05475797653198242,0.0,0.05475797653198242,0.05051358938217163,0.0,-1,0.0,0.0
2022-12-19,16752.11,16422.56,16801.16,16382.07,17719672544.8918,316270478163.65466,-1.0,0.0,time,0.0256,-0.019313510353158668,370.0,390.0,4.0,12.0,12.0,1.6627336740493774,0.8325602374970913,4.0,9.990722849965096,3.4239915743591762,2.5356895554045784,2.2815700653437014,0.5327475725385081,0.5899110585451126,0.0,0.0,0.0,0.0,0.0,0.0,0.0,0.0,0.0,0.0,0.0,12.0,12.0,1.5390063047409057,0.740315260241429,3.6,8.883783122897148,9.023516061902047,2.307339568545174,0.4,0.6,0.05475797653198242,0.05475797653198242,0.0,0.05475797653198242,0.04526268243789673,0.0,-1,0.0,0.0
2022-12-20,16454.22,16899.33,17026.84,16423.49,24938219697.886032,325120443529.51874,-1.0,1.0,time,-0.0034,0.028617976870785593,371.0,391.0,4.0,12.0,12.0,1.7968993186950684,0.8604442179203033,4.0,10.32533061504364,3.505222301596632,2.591766072474385,2.296148333374631,0.5324637982827722,0.5118068009614944,0.0,0.0,0.0,0.0,0.0,0.0,0.0,0.0,0.0,0.0,0.0,12.0,12.0,1.6512087345123292,0.7862043909728527,3.8,9.434452691674233,9.020724885165691,2.2975169226455647,0.2,0.5,0.02755603790283203,0.02755603790283203,0.0,0.02755603790283203,0.04014419317245484,0.0,-1,0.0,0.0
2022-12-21,16916.07,16816.85,16937.02,16751.23,16062767787.358068,323127932459.19025,-1.0,0.0,time,0.0049,-0.004892616217595443,372.0,392.0,4.0,12.0,12.0,1.9892425537109375,0.9918032909433047,4.0,11.901639491319656,3.9891455002484357,2.914059193729408,2.3057654267285157,0.5851777939965987,0.1338139772415161,0.0,0.0,0.0,0.0,0.0,0.0,0.0,0.0,0.0,0.0,0.0,12.0,12.0,1.7792633056640625,0.8551060157517594,4.0,10.26127218902111,9.250898982584477,2.2910264362923725,0.0,0.4,0.0,0.0,0.0,0.0,0.03621199131011963,0.0,-1,0.0,0.0
2022-12-22,16822.64,16824.79,16882.23,16599.91,17847826941.681046,323519254392.6745,-1.0,1.0,time,-0.0073,0.00047203407131364355,373.0,393.0,4.0,12.0,12.0,1.969194769859314,1.010610147068898,4.0,12.127321764826775,4.037958488375671,2.921201881778236,2.303809380205813,0.5808839759038016,0.2842003256082535,0.0,0.0,0.0,0.0,0.0,0.0,0.0,0.0,0.0,0.0,0.0,12.0,12.0,1.8356717824935913,0.9029874180754026,4.0,10.835849016904831,9.563031429052353,2.292153697177836,0.0,0.3,0.0,0.0,0.0,0.0,0.03164743185043335,0.0,-1,0.0,0.0
2022-12-23,16830.39,16791.46,16914.54,16782.06,16765392449.950893,323013370317.24255,-1.0,1.0,time,-0.0152,-0.0019829701957598585,374.0,394.0,4.0,12.0,12.0,1.7394492626190186,1.0448463931679726,4.0,12.53815671801567,4.075518492570077,2.8945196074145527,2.3287947330302843,0.5407867077606483,0.6558794230222702,1.0,1.0,0.10656726360321045,0.10656726360321045,0.0,0.10656726360321045,0.10656726360321045,0.10656726360321046,-0.0,0.0,0.10656726360321045,12.0,12.0,1.8315039157867432,0.948052857319514,4.0,11.376634287834168,9.933428207039833,2.3032175877365892,0.2,0.3,0.02131345272064209,0.02131345272064209,0.0,0.02131345272064209,0.03803571462631226,-0.0,-1,0.0,0.0
2022-12-24,16793.8,16848.57,16865.73,16793.8,10169853734.117493,324072643385.91296,-1.0,1.0,time,-0.0122,0.0033953628974761267,375.0,395.0,4.0,12.0,12.0,1.8906234502792358,1.1536831706762314,5.0,13.844198048114777,4.526962638841743,3.20929822299111,2.315628188206362,0.6138384989725345,0.18358114361763,1.0,1.0,0.2539520263671875,0.2539520263671875,0.0,0.2539520263671875,0.2539520263671875,0.2539520263671875,-0.0,0.0,0.13875438428545375,12.0,12.0,1.8770818710327148,1.0122774439553421,4.2,12.147329327464103,10.515556225180626,2.310029212309121,0.4,0.4,0.07210385799407959,0.07210385799407959,0.0,0.07210385799407959,0.063430917263031,-0.0,-1,1.0,-1.0
2022-12-25,16844.14,16842.18,16868.7,16715.0,12574453968.75801,323868581953.1157,-1.0,1.0,time,-0.0142,-0.00037933261067935644,376.0,396.0,4.0,12.0,12.0,1.824030876159668,1.0675102149446805,5.0,12.810122579336166,4.241003274021197,3.0378264818452494,2.30459850606505,0.5993866352449848,0.2897473871707916,0.0,0.0,0.0,0.0,0.0,0.0,0.0,0.0,0.0,0.0,0.2539520263671875,12.0,12.0,1.8825081825256347,1.0536906433602176,4.4,12.644287720322609,11.03937020599842,2.311719246847205,0.4,0.3,0.07210385799407959,0.07210385799407959,0.0,0.07210385799407959,0.04982994794845581,0.0,-1,0.0,0.0
2022-12-26,16842.72,16900.08,16919.55,16813.52,12574997282.039291,325036912914.6697,-1.0,1.0,time,-0.0215,0.0034319015281483374,377.0,397.0,4.0,12.0,12.0,1.819757103919983,1.0486473652223747,5.0,12.583768382668495,4.2178323608262325,3.029813523192008,2.2837681868153563,0.618747004368442,0.41039223968982697,0.0,0.0,0.0,0.0,0.0,0.0,0.0,0.0,0.0,0.0,0.0,12.0,12.0,1.848611092567444,1.0650594582160313,4.6,12.780713498592377,11.520992843806743,2.3073197988645733,0.4,0.2,0.07210385799407959,0.07210385799407959,0.0,0.07210385799407959,0.036051928997039795,0.0,-1,0.0,0.0
2022-12-27,16895.75,16701.84,16961.42,16642.16,17436062121.5136,321351469136.8621,-1.0,1.0,time,-0.0052,-0.011799462651537253,378.0,398.0,4.0,12.0,12.0,1.7885353565216064,0.9676451124250889,4.0,11.611741349101067,3.923615918540234,2.848769764729197,2.2805786717649483,0.5886932642882574,0.2049095332622528,0.0,0.0,0.0,0.0,0.0,0.0,0.0,0.0,0.0,0.0,0.0,12.0,12.0,1.8124792098999023,1.0564664512872697,4.6,12.677597415447234,11.756723216176033,2.3026736571764,0.4,0.2,0.07210385799407959,0.07210385799407959,0.0,0.07210385799407959,0.036051928997039795,0.0,-1,0.0,0.0
2022-12-28,16699.69,16538.91,16795.7,16492.51,19113614755.874695,318288869204.81464,-1.0,0.0,time,0.0082,-0.009803106416541058,379.0,399.0,4.0,12.0,12.0,1.6318625211715698,0.8534150570631027,4.0,10.240980684757233,3.4289276504083905,2.4911256355483964,2.2978673909803886,0.501475964551225,0.45916180312633514,0.0,0.0,0.0,0.0,0.0,0.0,0.0,0.0,0.0,0.0,0.0,12.0,12.0,1.7909618616104126,1.0181801840662956,4.6,12.218162208795547,11.797398248314858,2.2964881887664212,0.2,0.2,0.0507904052734375,0.0507904052734375,0.0,0.0507904052734375,0.036051928997039795,0.0,-1,0.0,0.0
2022-12-29,16541.38,16644.38,16671.55,16511.43,15683731676.998154,320297298175.87695,-1.0,0.0,time,0.002,0.006356835332742565,380.0,400.0,4.0,12.0,12.0,1.6238117218017578,0.7991367926200231,4.0,9.589641511440277,3.3365731739572655,2.4830817094219757,2.255793696547153,0.537686803612091,0.35358956456184387,0.0,0.0,0.0,0.0,0.0,0.0,0.0,0.0,0.0,0.0,0.0,12.0,12.0,1.737599515914917,0.9472709084550539,4.4,11.367250901460647,11.757290114462375,2.2845212904345793,0.0,0.2,0.0,0.0,0.0,0.0,0.036051928997039795,0.0,-1,0.0,0.0
2022-12-30,16646.17,16604.02,16646.66,16421.76,17497327983.349342,319722045805.09534,-1.0,0.0,time,0.015,-0.0024277871912027175,381.0,401.0,4.0,12.0,12.0,1.60454261302948,0.7840381463368734,4.0,9.40845775604248,3.29008690242081,2.4523282925297956,2.2480160666233244,0.5360412022833565,0.15142163634300232,0.0,0.0,0.0,0.0,0.0,0.0,0.0,0.0,0.0,0.0,0.0,12.0,12.0,1.6937018632888794,0.8905764947334927,4.2,10.68691793680191,11.66560282856226,2.273204802546234,0.0,0.2,0.0,0.0,0.0,0.0,0.036051928997039795,0.0,-1,0.0,0.0
2022-12-31,16609.13,16540.69,16634.52,16507.59,12013247678.029587,318278329991.7019,-1.0,0.0,time,0.0175,-0.003821428944105957,382.0,402.0,4.0,12.0,12.0,1.578885793685913,0.6807336956262589,3.0,8.168804347515106,2.86895713196049,2.1716642947137657,2.2567484636350477,0.4717109507504879,0.14327669143676758,0.0,0.0,0.0,0.0,0.0,0.0,0.0,0.0,0.0,0.0,0.0,12.0,12.0,1.6455276012420654,0.8169937608142694,3.8,9.803925129771233,11.292319314181805,2.267800857910172,0.0,0.2,0.0,0.0,0.0,0.0,0.036051928997039795,0.0,-1,0.0,0.0
2023-01-01,16542.46,16615.97,16621.71,16512.1,9799252684.089952,319832024054.6308,-1.0,0.0,time,0.0205,0.004540875308505646,383.0,403.0,4.0,12.0,12.0,1.5724040269851685,0.5965670471390089,2.0,7.158804565668106,2.4890398046557327,1.9045334749402385,2.282480174741572,0.40048015435378437,0.09757694602012634,0.0,0.0,0.0,0.0,0.0,0.0,0.0,0.0,0.0,0.0,0.0,12.0,12.0,1.602301335334778,0.7427781477570534,3.4,8.91333777308464,10.795467594265938,2.2681811585054974,0.0,0.2,0.0,0.0,0.0,0.0,0.036051928997039795,0.0,-1,0.0,0.0
2023-01-02,16619.07,16674.34,16759.71,16554.8,13023861027.769472,321486454934.26776,-1.0,0.0,time,0.0164,0.003506729724979496,384.0,404.0,4.0,12.0,12.0,1.5925735235214233,0.5850140502055486,2.0,7.020168602466583,2.566961087517099,2.0266057225656846,2.2319494996777984,0.45482523727729435,0.4160408079624176,0.0,0.0,0.0,0.0,0.0,0.0,0.0,0.0,0.0,0.0,0.0,12.0,12.0,1.5944435358047486,0.6890979463855426,3.0,8.26917535662651,10.24366878271103,2.254997580244979,0.0,0.1,0.0,0.0,0.0,0.0,0.02539520263671875,0.0,-1,0.0,0.0
2023-01-03,16671.68,16677.65,16759.22,16625.15,15367167883.495031,321080820418.18396,-1.0,0.0,time,0.0235,0.00019848890641122708,385.0,405.0,4.0,12.0,12.0,1.9575530290603638,0.7017299570143223,2.0,8.420759484171867,3.060641637589074,2.4099711322195883,2.2389177603267765,0.536844797783622,0.6019664406776428,0.0,0.0,0.0,0.0,0.0,0.0,0.0,0.0,0.0,0.0,0.0,12.0,12.0,1.6611917972564698,0.6696165792644024,2.6,8.035398951172828,9.701324926316738,2.2516223930009036,0.0,0.0,0.0,0.0,0.0,0.0,0.0,0.0,-1,0.0,0.0
2023-01-04,16676.36,16855.17,16972.97,16658.53,20836560771.723633,324397588037.39484,-1.0,0.0,time,0.02,0.010587934948158873,386.0,406.0,4.0,12.0,12.0,2.6521944999694824,0.9665254677335421,3.0,11.598305612802505,3.9673906756634802,3.0482382317989485,2.3126762692857104,0.6144191712511241,1.2649951130151749,1.0,1.0,0.027600765228271484,0.027600765228271484,0.0,0.027600765228271484,0.027600765228271484,0.02760076522827149,-0.0,0.0,0.027600765228271484,12.0,12.0,1.8707221746444702,0.7061140435437362,2.4,8.473368522524833,9.580143229663372,2.264554433533381,0.2,0.1,0.005520153045654297,0.005520153045654297,0.0,0.005520153045654297,0.0027600765228271485,-0.0,-1,0.0,0.0
2023-01-05,16859.82,16832.1,16872.54,16781.94,14919039445.106901,324138957221.0557,-1.0,0.0,upper,0.0353,-0.001369657060755164,387.0,407.0,4.0,12.0,12.0,1.9275859594345093,1.1523032387097676,4.0,13.827638864517212,4.304748992046911,3.024110876499016,2.4022395988904863,0.4652267222581427,1.457303911447525,2.0,2.0,0.21706128120422363,0.12800157070159912,1.0,0.25600314140319824,0.22052679717842802,0.21747827543789042,0.4263599074419906,0.08905971050262451,3.9558928824892696,12.0,12.0,1.9404622077941895,0.8004279521604378,2.6,9.605135425925255,9.704530277848244,2.2936526605844683,0.6,0.3,0.04893240928649902,0.03112046718597412,0.2,0.05672078132629395,0.028360390663146974,0.08527198148839812,-1,0.0,0.0
2023-01-06,16831.56,16960.23,17021.29,16710.14,19046576249.728558,326571439011.6566,-1.0,0.0,upper,0.0277,0.007583413990267725,388.0,408.0,4.0,12.0,12.0,1.8001453876495361,1.0698310484488804,6.0,12.837972581386566,3.953964792480297,2.7509780219688715,2.412990676960836,0.39784585723943666,0.582197368144989,1.0,1.0,0.3222302198410034,0.3222302198410034,0.0,0.3222302198410034,0.3222302198410034,0.3222302198410034,-0.0,0.0,0.7139424086130606,12.0,12.0,1.986010479927063,0.8950807524224123,3.4,10.740969029068946,9.827153401076794,2.3197547610283213,0.8,0.4,0.11337845325469971,0.0955665111541748,0.2,0.12116682529449463,0.060583412647247314,0.08527198148839812,-1,1.0,-1.0
2023-01-07,16957.16,16950.86,16987.41,16914.33,9594456673.448975,326371741274.41095,-1.0,0.0,upper,0.0283,-0.0005526215900731804,389.0,409.0,4.0,12.0,12.0,1.7433685064315796,1.0090747078259785,4.0,12.108896493911743,3.828192088797974,2.7062054379749254,2.3792280879697674,0.45058050307782455,0.5787435173988342,1.0,1.0,0.2692587375640869,0.2692587375640869,0.0,0.2692587375640869,0.2692587375640869,0.2692587375640869,-0.0,0.0,0.037659263706604613,12.0,12.0,2.016169476509094,0.9798928839464981,3.8,11.758714607357978,10.013944981992244,2.3492104786867154,1.0,0.5,0.1672302007675171,0.14941825866699218,0.2,0.175018572807312,0.087509286403656,0.08527198148839812,-1,1.0,-1.0
2023-01-08,16952.25,17074.62,17074.62,16923.76,11841041542.993702,328470896861.37854,-1.0,0.0,upper,0.021,0.007274580448309574,390.0,410.0,4.0,12.0,12.0,1.5693209171295166,0.9270128458738327,3.0,11.124154150485992,3.529300896130649,2.4980454141556767,2.3744259794989704,0.4226632838765171,0.9658768177032471,0.0,0.0,0.0,0.0,0.0,0.0,0.0,0.0,0.0,0.0,0.2692587375640869,12.0,12.0,1.9385230541229248,1.0249494617184003,4.0,12.299393540620803,10.167396245896816,2.376312122521154,1.0,0.5,0.1672302007675171,0.14941825866699218,0.2,0.175018572807312,0.087509286403656,0.08527198148839812,-1,0.0,0.0
2023-01-09,17144.93,17194.91,17390.34,17119.13,25532751567.198166,331158152699.25574,-1.0,0.0,upper,0.0456,0.007020259340063204,391.0,411.0,4.0,12.0,12.0,1.5105528831481934,0.8402886899809042,4.0,10.083464279770851,3.1736857779081467,2.2407369738016665,2.385787532679992,0.36506397005394214,0.3418540209531784,0.0,0.0,0.0,0.0,0.0,0.0,0.0,0.0,0.0,0.0,0.0,12.0,12.0,1.710194730758667,0.9997021061678726,4.2,11.996425274014474,10.234896898269653,2.3909343752000103,0.8,0.5,0.1617100477218628,0.1438981056213379,0.2,0.16949841976165772,0.087509286403656,0.08527198148839812,-1,0.0,0.0
2023-01-10,17191.95,17436.9,17489.9,17180.42,21858206845.29233,335743942932.3494,-1.0,0.0,upper,0.0316,0.01397524059658704,392.0,412.0,4.0,12.0,12.0,1.306898832321167,0.7180300975839297,3.0,8.616361171007156,2.7405423038961096,1.9451123928561262,2.3715181490574255,0.332135196745686,0.6772271245718002,0.0,0.0,0.0,0.0,0.0,0.0,0.0,0.0,0.0,0.0,0.0,12.0,12.0,1.5860573053359985,0.9128474779427052,4.0,10.954169735312462,10.279652580618858,2.3847900852333987,0.4,0.5,0.11829779148101807,0.11829779148101807,0.0,0.11829779148101807,0.087509286403656,0.0,-1,0.0,0.0
2023-01-11,17440.38,17996.83,17996.83,17339.76,25439279072.98185,345688973386.69006,-1.0,0.0,upper,0.0472,0.03160698088822655,393.0,413.0,4.0,12.0,12.0,1.7031853199005127,0.6004723086953163,2.0,7.205667704343796,2.483058672311289,1.919740235887398,2.299765890612149,0.39144778792129514,1.0854469388723373,0.0,0.0,0.0,0.0,0.0,0.0,0.0,0.0,0.0,0.0,0.0,12.0,12.0,1.5666652917861938,0.8189757299919924,3.2,9.827708759903908,10.284338894486428,2.362145127963661,0.2,0.5,0.053851747512817384,0.053851747512817384,0.0,0.053851747512817384,0.087509286403656,0.0,-1,0.0,0.0
2023-01-12,17987.02,18866.81,18989.18,17912.99,48025109150.17737,363381125082.7658,-1.0,0.0,upper,0.0554,0.04720866240964302,394.0,414.0,4.0,12.0,12.0,1.6756398677825928,0.47584409701327485,2.0,5.710129164159298,2.231891729776938,1.8455435192648162,2.1560176637528525,0.4343778537074745,0.8484439998865128,0.0,0.0,0.0,0.0,0.0,0.0,0.0,0.0,0.0,0.0,0.0,12.0,12.0,1.5531195640563964,0.7123296078294515,2.8,8.547955293953418,10.1533349506557,2.317503043120278,0.0,0.5,0.0,0.0,0.0,0.0,0.087509286403656,0.0,-1,0.0,0.0
2023-01-13,18865.26,19941.78,19980.93,18769.89,39514419053.17687,382675302196.4898,-1.0,0.0,upper,0.0526,0.055412734667655054,395.0,415.0,4.0,12.0,12.0,1.3118215799331665,0.4024305045604706,3.0,4.829166054725647,1.9447808192583926,1.5830097812108157,2.0853933231558957,0.39144696351547276,0.827584370970726,0.0,0.0,0.0,0.0,0.0,0.0,0.0,0.0,0.0,0.0,0.0,12.0,12.0,1.5016196966171265,0.6074131395667791,2.8,7.28895767480135,9.794175607711077,2.259696511851663,0.0,0.5,0.0,0.0,0.0,0.0,0.087509286403656,0.0,-1,0.0,0.0
2023-01-14,19935.7,21019.0,21095.0,19935.7,49498711311.53301,405209898132.0056,-1.0,0.0,time,0.003,0.052609762224873756,396.0,416.0,4.0,12.0,12.0,0.9538555145263672,0.3569279871881008,3.0,4.28313584625721,1.672336427630974,1.3149633710615234,2.098386718158529,0.32505615806141086,0.849638469517231,0.0,0.0,0.0,0.0,0.0,0.0,0.0,0.0,0.0,0.0,0.0,12.0,12.0,1.3902802228927613,0.5107409990082185,2.6,6.128891988098621,9.062658631056546,2.2022163489473705,0.0,0.4,0.0,0.0,0.0,0.0,0.08474920988082886,0.0,-1,0.0,0.0
2023-01-15,20923.0,20853.0,21094.0,20586.0,23072133987.553684,401697403586.5178,1.0,1.0,upper,0.0851,-0.007928967791384372,397.0,417.0,4.0,12.0,12.0,0.8059004545211792,0.33393153905247647,3.0,4.007178468629718,1.476232652639565,1.131563674874341,2.1770811786425943,0.2647545359120059,0.4521619714796543,0.0,0.0,0.0,0.0,0.0,0.0,0.0,0.0,0.0,0.0,0.0,12.0,12.0,1.2900805473327637,0.4339212873019278,2.6,5.207055447623134,8.080612591467798,2.163328954864404,0.0,0.2,0.0,0.0,0.0,0.0,0.059148895740509036,0.0,1,0.0,0.0
2023-01-16,20906.0,21175.0,21446.0,20512.0,34809391745.54498,407760358639.0028,1.0,1.0,upper,0.0698,0.01532341775165955,398.0,418.0,4.0,12.0,12.0,0.7058882713317871,0.3275444296499093,4.0,3.930533155798912,1.4124536359473485,1.0562366477787921,2.1929662479461367,0.24283070799850662,0.39600673876702785,0.0,0.0,0.0,0.0,0.0,0.0,0.0,0.0,0.0,0.0,0.0,12.0,12.0,1.0906211376190185,0.3793357114928464,3.0,4.552028537914157,7.189868648909032,2.1419690263312017,0.0,0.1,0.0,0.0,0.0,0.0,0.026925873756408692,0.0,1,0.0,0.0
2023-01-17,21167.0,21157.0,21396.0,20973.0,33278841336.508595,407405144842.9396,1.0,1.0,upper,0.0707,-0.0008504205369376332,399.0,419.0,4.0,12.0,12.0,0.6474844217300415,0.3442504615522921,5.0,4.131005538627505,1.4369393104461945,1.0502879229297757,2.2264948696718836,0.2314256573498985,0.2627028841525316,0.0,0.0,0.0,0.0,0.0,0.0,0.0,0.0,0.0,0.0,0.0,12.0,12.0,0.8849900484085083,0.3530169844006498,3.6,4.236203812807799,6.392079553380609,2.156064467515008,0.0,0.0,0.0,0.0,0.0,0.0,0.0,0.0,1,0.0,0.0
2023-01-18,21133.0,20727.0,21576.0,20533.0,40612056908.80891,399349603616.14526,1.0,1.0,upper,0.0912,-0.020533621826412923,400.0,420.0,4.0,12.0,12.0,0.6638211607933044,0.3794512275295953,6.0,4.5534147303551435,1.530863630746765,1.097673398119268,2.2691325854563114,0.2265216411770567,0.0899028554558754,0.0,0.0,0.0,0.0,0.0,0.0,0.0,0.0,0.0,0.0,0.0,12.0,12.0,0.7553899645805359,0.3484211289944748,4.2,4.181053547933698,5.735005611367524,2.192812319975091,0.0,0.0,0.0,0.0,0.0,0.0,0.0,0.0,1,0.0,0.0
2023-01-19,20721.0,21082.0,21189.0,20689.0,29144534677.57505,406258441952.3726,1.0,1.0,upper,0.0742,0.016982397658229845,401.0,421.0,4.0,12.0,12.0,0.6379308104515076,0.3934514634311199,5.0,4.721417561173439,1.5163135626607305,1.0695782007530106,2.3470061486865585,0.19182417543934124,0.1603738460689783,0.0,0.0,0.0,0.0,0.0,0.0,0.0,0.0,0.0,0.0,0.0,12.0,12.0,0.6922050237655639,0.35572582424307864,4.6,4.268709890916943,5.198800939507782,2.242536206080697,0.0,0.0,0.0,0.0,0.0,0.0,0.0,0.0,1,0.0,0.0
2023-01-20,21090.0,22706.0,22706.0,20918.0,41321936668.62795,436724993652.4275,1.0,1.0,time,0.0207,0.07420961090934454,402.0,422.0,4.0,12.0,12.0,0.920659601688385,0.42719965366025764,3.0,5.126395843923092,1.660496478810147,1.1967865071307902,2.3464611478948663,0.217419338892145,0.2254762277007103,0.0,0.0,0.0,0.0,0.0,0.0,0.0,0.0,0.0,0.0,0.0,12.0,12.0,0.7151568531990051,0.37437944716463484,4.6,4.492553365975619,4.849804406799376,2.2764121999311513,0.0,0.0,0.0,0.0,0.0,0.0,0.0,0.0,1,0.0,0.0
2023-01-21,22654.0,22771.0,23329.0,22537.0,44077026803.66082,438578588179.0604,1.0,1.0,time,0.0111,0.0028585898041857912,403.0,423.0,4.0,12.0,12.0,0.8678396344184875,0.4387800060212612,2.0,5.265360072255135,1.6417315410815414,1.159844233040963,2.4003970637494687,0.1791060507012899,0.26353973895311356,0.0,0.0,0.0,0.0,0.0,0.0,0.0,0.0,0.0,0.0,0.0,12.0,12.0,0.7475471258163452,0.39662656243890526,4.2,4.759518749266863,4.65577364359051,2.317898363091818,0.0,0.0,0.0,0.0,0.0,0.0,0.0,0.0,1,0.0,0.0
2023-01-22,22768.0,22737.0,23084.0,22399.0,34124364415.43915,438060367560.3554,1.0,1.0,time,0.0151,-0.001494243048525914,404.0,424.0,4.0,12.0,12.0,0.836950421333313,0.45599406709273654,1.0,5.471928805112839,1.661556785891157,1.1541926013357038,2.433915517150804,0.14877384460304482,0.22705762088298798,0.0,0.0,0.0,0.0,0.0,0.0,0.0,0.0,0.0,0.0,0.0,12.0,12.0,0.7854403257369995,0.41897528354699415,3.4,5.02770340256393,4.631953607685864,2.359382492587602,0.0,0.0,0.0,0.0,0.0,0.0,0.0,0.0,1,0.0,0.0
2023-01-23,22690.0,22985.0,23165.0,22665.0,36750647385.65293,442926343072.59235,1.0,1.0,time,0.0016,0.010848275760189631,405.0,425.0,4.0,12.0,12.0,0.8148816823959351,0.4324386815230052,2.0,5.189264178276062,1.5843525105275376,1.10578187909898,2.4278473074298854,0.14892232826954072,0.08982688188552856,0.0,0.0,0.0,0.0,0.0,0.0,0.0,0.0,0.0,0.0,0.0,12.0,12.0,0.8156524300575256,0.42957277434567614,2.6,5.154873292148113,4.6679634200409055,2.3911254369823167,0.0,0.0,0.0,0.0,0.0,0.0,0.0,0.0,1,0.0,0.0
2023-01-24,22912.0,22610.0,23164.0,22595.0,35621897292.95152,435679436196.35767,1.0,1.0,time,0.0512,-0.016449542968312834,406.0,426.0,4.0,12.0,12.0,0.8158107399940491,0.4620502305527528,2.0,5.544602766633034,1.706246561069269,1.1941677175587706,2.4176847707480063,0.1706341946275918,0.02305479347705841,0.0,0.0,0.0,0.0,0.0,0.0,0.0,0.0,0.0,0.0,0.0,12.0,12.0,0.8512284159660339,0.44329252777000266,2.0,5.319510333240032,4.794110112078488,2.4052611613946064,0.0,0.0,0.0,0.0,0.0,0.0,0.0,0.0,1,0.0,0.0
2023-01-25,22630.0,23180.0,23501.0,22317.0,42772537174.72366,446715261348.7517,1.0,0.0,time,-0.0148,0.024897551621727087,407.0,427.0,4.0,12.0,12.0,0.8129878044128418,0.4420514144003391,2.0,5.3046169728040695,1.6529465033663946,1.168831462952715,2.404802372911807,0.17965678095355092,0.016676470637321472,0.0,0.0,0.0,0.0,0.0,0.0,0.0,0.0,0.0,0.0,0.0,12.0,12.0,0.8296940565109253,0.446262879918019,1.8,5.355154559016228,4.923853962495923,2.4169294063979945,0.0,0.0,0.0,0.0,0.0,0.0,0.0,0.0,1,0.0,0.0
2023-01-26,23074.0,23025.0,23262.0,22914.0,37099702812.22777,444005849172.13904,1.0,1.0,time,0.0049,-0.006709255770235083,408.0,428.0,4.0,12.0,12.0,0.8281893134117126,0.4248398703833421,3.0,5.098078444600105,1.615478009637449,1.157253892141338,2.3869297850781956,0.1923326575697592,0.07278867065906525,0.0,0.0,0.0,0.0,0.0,0.0,0.0,0.0,0.0,0.0,0.0,12.0,12.0,0.8217639923095703,0.44347485279043514,2.0,5.321698233485222,5.040608491376043,2.4142359506637394,0.0,0.0,0.0,0.0,0.0,0.0,0.0,0.0,1,0.0,0.0
2023-01-27,23038.0,23083.0,23420.0,22638.0,36109035905.258965,444898315874.05536,1.0,1.0,time,0.0274,0.0025158337204905573,409.0,429.0,4.0,12.0,12.0,0.8543058037757874,0.42392856689790887,3.0,5.087142802774906,1.6463450511040438,1.1889691908245412,2.355661088208074,0.2148384798923367,0.1417805701494217,0.0,0.0,0.0,0.0,0.0,0.0,0.0,0.0,0.0,0.0,0.0,12.0,12.0,0.8252350687980652,0.43706175275146963,2.4,5.244741033017635,5.136222217790783,2.398585064875194,0.0,0.0,0.0,0.0,0.0,0.0,0.0,0.0,1,0.0,0.0
2023-01-28,23085.0,23022.0,23165.0,22920.0,19567219823.87809,443702765526.11646,1.0,1.0,time,0.0223,-0.002646135368990794,410.0,430.0,4.0,12.0,12.0,0.901918351650238,0.4728510472923517,3.0,5.674212567508221,1.8404154443504204,1.3230548935667823,2.3486787922657153,0.2422243541116838,0.22268185019493103,0.0,0.0,0.0,0.0,0.0,0.0,0.0,0.0,0.0,0.0,0.0,12.0,12.0,0.8426424026489258,0.445144225905339,2.6,5.341730710864067,5.24830200150609,2.3827513618423595,0.0,0.0,0.0,0.0,0.0,0.0,0.0,0.0,1,0.0,0.0
2023-01-29,23008.0,23797.0,23955.0,22997.0,38438621263.58117,458368002025.743,1.0,0.0,time,-0.0146,0.03310924181936877,411.0,431.0,4.0,12.0,12.0,0.9535203576087952,0.49490851784745854,3.0,5.938902214169502,1.9295743355988446,1.3903562505095806,2.3477769579371723,0.2556110039601361,0.2547667399048805,0.0,0.0,0.0,0.0,0.0,0.0,0.0,0.0,0.0,0.0,0.0,12.0,12.0,0.870184326171875,0.45171588336428004,2.8,5.42059060037136,5.370050466805696,2.3687697992801926,0.0,0.0,0.0,0.0,0.0,0.0,0.0,0.0,1,0.0,0.0
2023-01-30,23755.0,22840.0,23800.0,22672.0,38594596831.97205,439295730927.16473,1.0,1.0,time,0.0217,-0.04104613752442956,412.0,432.0,4.0,12.0,12.0,1.0650371313095093,0.5181174824635187,3.0,6.217409789562225,2.063184939448634,1.5118191402460195,2.3270510464058476,0.29373789148883034,0.3590300977230072,0.0,0.0,0.0,0.0,0.0,0.0,0.0,0.0,0.0,0.0,0.0,12.0,12.0,0.9205941915512085,0.4669290969769159,3.0,5.603149163722992,5.47915186136961,2.3532195339790007,0.0,0.0,0.0,0.0,0.0,0.0,0.0,0.0,1,0.0,0.0
2023-01-31,22846.0,23137.0,23225.0,22732.0,32683643418.329483,445991168199.3282,1.0,0.0,time,-0.0083,0.012919682937735549,413.0,433.0,4.0,12.0,12.0,1.2298862934112549,0.5678520935277144,3.0,6.814225122332573,2.3131881081479864,1.7201948963750862,2.3023965837387714,0.35135063471689315,0.46873627603054047,0.0,0.0,0.0,0.0,0.0,0.0,0.0,0.0,0.0,0.0,0.0,12.0,12.0,1.000933587551117,0.49553154160579044,3.0,5.9463784992694855,5.634038366377354,2.336312893711116,0.0,0.0,0.0,0.0,0.0,0.0,0.0,0.0,1,0.0,0.0
2023-02-01,23146.0,23725.0,23778.0,22697.0,37452064508.17389,457383099382.75,1.0,0.0,time,-0.0404,0.02509627677044657,414.0,434.0,4.0,12.0,12.0,1.2725822925567627,0.5575145197411379,3.0,6.690174236893654,2.2906673029742173,1.7235865517356226,2.2973700574229547,0.35558489565888446,0.5262519121170044,0.0,0.0,0.0,0.0,0.0,0.0,0.0,0.0,0.0,0.0,0.0,12.0,12.0,1.084588885307312,0.5222487321744362,3.0,6.266984786093235,5.755862909555435,2.324654687554092,0.0,0.0,0.0,0.0,0.0,0.0,0.0,0.0,1,0.0,0.0
2023-02-02,23757.0,23540.0,24196.0,23520.0,44735297656.69828,453565018922.54517,1.0,0.0,time,-0.0105,-0.007828242663860898,415.0,435.0,4.0,12.0,12.0,1.487168550491333,0.6296165858705839,3.0,7.555399030447006,2.5937959570887115,1.9677877500184564,2.299855016944992,0.4052543362475986,0.5415608137845993,0.0,0.0,0.0,0.0,0.0,0.0,0.0,0.0,0.0,0.0,0.0,12.0,12.0,1.201638925075531,0.5536018398900827,3.0,6.643222078680992,5.992476394772529,2.3148899324899475,0.0,0.0,0.0,0.0,0.0,0.0,0.0,0.0,1,0.0,0.0
2023-02-03,23520.0,23452.0,23770.0,23299.0,41267040610.76361,452312595756.25696,1.0,0.0,time,-0.0217,-0.003745322730162053,416.0,436.0,4.0,12.0,12.0,1.6570923328399658,0.6424866355955601,2.0,7.709839627146721,2.7247984546365744,2.1244112773138526,2.2783873620625505,0.453785714422112,0.5795533061027527,0.0,0.0,0.0,0.0,0.0,0.0,0.0,0.0,0.0,0.0,0.0,12.0,12.0,1.3423533201217652,0.5831174634397029,2.8,6.997409561276436,6.209000080823898,2.3010120133150234,0.0,0.0,0.0,0.0,0.0,0.0,0.0,0.0,1,0.0,0.0
2023-02-04,23438.0,23340.0,23539.0,23294.0,21063097082.257824,450197147854.798,1.0,0.0,lower,-0.0673,-0.004787152243558729,417.0,437.0,4.0,12.0,12.0,1.7314375638961792,0.6368697447081407,2.0,7.642436936497688,2.7801511648414228,2.199513243148644,2.2440815429688095,0.4883649283300496,0.2401891052722931,0.0,0.0,0.0,0.0,0.0,0.0,0.0,0.0,0.0,0.0,0.0,12.0,12.0,1.475633406639099,0.6068679158886274,2.6,7.282414990663528,6.44278207719326,2.2844181126276157,0.0,0.0,0.0,0.0,0.0,0.0,0.0,0.0,1,0.0,0.0
2023-02-05,23340.0,22946.0,23411.0,22838.0,26678691424.549904,442933975658.56586,1.0,0.0,lower,-0.0503,-0.017024997481458685,418.0,438.0,4.0,12.0,12.0,1.7877590656280518,0.5959148854017258,1.0,7.150978624820709,2.4755737966990656,1.953807319036193,2.314122513988796,0.39445014632003916,0.440711572766304,1.0,1.0,0.015986084938049316,0.015986084938049316,0.0,0.015986084938049316,0.015986084938049316,0.01598608493804932,-0.0,0.0,0.015986084938049316,12.0,12.0,1.5872079610824585,0.6124804742634297,2.2,7.3497656911611555,6.648072095215321,2.2867632986776205,0.2,0.1,0.0031972169876098634,0.0031972169876098634,0.0,0.0031972169876098634,0.0015986084938049317,-0.0,1,0.0,0.0
2023-02-06,22948.0,22786.0,23138.0,22692.0,33963650031.470352,438726385719.1618,1.0,0.0,lower,-0.0433,-0.006997317101027189,419.0,439.0,4.0,12.0,12.0,1.9446872472763062,0.6746968974669775,2.0,8.09636276960373,2.7914410065775215,2.175610558046721,2.311174775775507,0.4406011094500847,0.425805926322937,1.0,1.0,0.017389357089996338,0.017389357089996338,0.0,0.017389357089996338,0.017389357089996338,0.01738935708999634,-0.0,0.0,0.09973478999316615,12.0,12.0,1.7216289520263672,0.6359169498085976,2.0,7.631003397703171,6.948994091898203,2.289524242348131,0.4,0.2,0.0066750884056091305,0.0066750884056091305,0.0,0.0066750884056091305,0.0033375442028045653,-0.0,1,0.0,0.0
2023-02-07,22803.0,23295.0,23610.0,22786.0,38850594358.69947,449391195299.20337,1.0,0.0,lower,-0.0654,0.022092432992836024,420.0,440.0,4.0,12.0,12.0,2.29423451423645,0.7490765626231829,2.0,8.988918751478195,3.1366745055258813,2.4966061550147676,2.3099296416466055,0.5087024829209827,0.7406266331672668,0.0,0.0,0.0,0.0,0.0,0.0,0.0,0.0,0.0,0.0,0.017389357089996338,12.0,12.0,1.8830421447753907,0.6598089451591174,1.8,7.917707341909408,7.280464710295201,2.291539167288454,0.4,0.2,0.0066750884056091305,0.0066750884056091305,0.0,0.0066750884056091305,0.0033375442028045653,0.0,1,0.0,0.0
2023-02-08,23259.0,22948.0,23372.0,22808.0,34247782005.793324,442518382691.65485,1.0,0.0,lower,-0.0504,-0.015007958529135477,421.0,441.0,4.0,12.0,12.0,3.092555046081543,0.9685344671209654,2.0,11.622413605451584,4.105951237422659,3.3138271013370066,2.3022298602432394,0.6832597966169943,1.2768646776676178,0.0,0.0,0.0,0.0,0.0,0.0,0.0,0.0,0.0,0.0,0.0,12.0,12.0,2.170134687423706,0.7250185114641984,1.8,8.700222137570382,7.848815849423408,2.2963076669245917,0.4,0.2,0.0066750884056091305,0.0066750884056091305,0.0,0.0066750884056091305,0.0033375442028045653,0.0,1,0.0,0.0
2023-02-09,22959.0,21821.0,23009.0,21696.0,51161546272.35185,420790678627.7739,1.0,1.0,time,0.0181,-0.05035797787063278,422.0,442.0,4.0,12.0,12.0,2.6979730129241943,1.1302434851725895,2.0,13.562921822071075,4.372041014933367,3.2306953688441453,2.3794769657207793,0.5616448022667143,0.9610074460506439,0.0,0.0,0.0,0.0,0.0,0.0,0.0,0.0,0.0,0.0,0.0,12.0,12.0,2.3634417772293093,0.823693259557088,1.8,9.88431911468506,8.583367052674294,2.3233867514749855,0.4,0.2,0.0066750884056091305,0.0066750884056091305,0.0,0.0066750884056091305,0.0033375442028045653,0.0,1,0.0,0.0
2023-02-10,21810.0,21630.0,21959.0,21479.0,42389972640.44812,417351358181.0193,1.0,1.0,upper,0.1167,-0.008791568904024459,423.0,443.0,4.0,12.0,12.0,2.2124133110046387,0.9034686262408892,2.0,10.84162351489067,3.526469447094901,2.6266449931392764,2.3712728148134463,0.4691233009627839,1.437639057636261,0.0,0.0,0.0,0.0,0.0,0.0,0.0,0.0,0.0,0.0,0.0,12.0,12.0,2.4483726263046264,0.8852040077249208,2.0,10.62244809269905,8.986106891930103,2.3348168116399153,0.2,0.2,0.0034778714179992676,0.0034778714179992676,0.0,0.0034778714179992676,0.0033375442028045653,0.0,1,0.0,0.0
2023-02-11,21644.0,21889.0,21906.0,21633.0,23574706405.838543,422107650473.77954,1.0,1.0,upper,0.1048,0.011902987566050162,424.0,444.0,4.0,12.0,12.0,1.7626858949661255,0.8341228067874908,2.0,10.00947368144989,3.136682660686594,2.2533820384998298,2.4058579414154626,0.35233126365862816,0.9147494733333588,0.0,0.0,0.0,0.0,0.0,0.0,0.0,0.0,0.0,0.0,0.0,12.0,12.0,2.4119723558425905,0.9170891895890236,2.0,11.005070275068283,9.318036836385726,2.3537534447679063,0.0,0.2,0.0,0.0,0.0,0.0,0.0033375442028045653,0.0,1,0.0,0.0
2023-02-12,21890.0,21780.0,22101.0,21691.0,25877166000.550278,420218240428.1313,1.0,1.0,upper,0.1098,-0.004992110026203132,425.0,445.0,4.0,12.0,12.0,1.6156506538391113,0.7426800380150477,2.0,8.912160456180573,2.818897028116928,2.042040913723187,2.3970773862863384,0.3325779092601281,0.6797233819961548,0.0,0.0,0.0,0.0,0.0,0.0,0.0,0.0,0.0,0.0,0.0,12.0,12.0,2.2762555837631226,0.9158098846673965,2.0,10.989718616008759,9.453712978959084,2.3711829936958533,0.0,0.2,0.0,0.0,0.0,0.0,0.0033375442028045653,0.0,1,0.0,0.0
2023-02-13,21825.0,21808.0,21937.0,21471.0,36761909546.14395,420838871938.82733,1.0,1.0,upper,0.1085,0.0012847574493624963,426.0,446.0,4.0,12.0,12.0,1.7497293949127197,0.8234021166960398,3.0,9.880825400352478,3.173911510958663,2.3183049174377106,2.3798321873988693,0.40185214217438187,0.45862096548080444,0.0,0.0,0.0,0.0,0.0,0.0,0.0,0.0,0.0,0.0,0.0,12.0,12.0,2.007690453529358,0.8867834145824114,2.2,10.641400974988937,9.67081155627966,2.3867034591269793,0.0,0.2,0.0,0.0,0.0,0.0,0.0033375442028045653,0.0,1,0.0,0.0
2023-02-14,21792.0,22220.0,22291.0,21609.0,45363697019.73754,428649056117.7321,1.0,1.0,upper,0.0898,0.01871590925730719,427.0,447.0,4.0,12.0,12.0,1.7190712690353394,0.8030359198649725,3.0,9.63643103837967,3.1009454689502376,2.269774545317816,2.378590646596989,0.39554419667533347,0.16334497928619385,0.0,0.0,0.0,0.0,0.0,0.0,0.0,0.0,0.0,0.0,0.0,12.0,12.0,1.8119101047515869,0.8213419015208879,2.4,9.856102818250656,9.870210966467857,2.3865261953022214,0.0,0.2,0.0,0.0,0.0,0.0,0.0033375442028045653,0.0,1,0.0,0.0
2023-02-15,22168.0,24308.0,24315.0,22088.0,44336284482.19016,468820317786.9533,1.0,1.0,time,0.0195,0.08981273006162485,428.0,448.0,4.0,12.0,12.0,1.7772575616836548,0.814866858224074,3.0,9.778402298688889,3.2438255765873727,2.406304135519595,2.341104650298729,0.46136648589983253,0.5572894811630249,0.0,0.0,0.0,0.0,0.0,0.0,0.0,0.0,0.0,0.0,0.0,12.0,12.0,1.7248789548873902,0.8036215479175249,2.6,9.6434585750103,10.132953333854676,2.3804925623992776,0.0,0.1,0.0,0.0,0.0,0.0,0.0017389357089996338,0.0,1,0.0,0.0
2023-02-16,24323.0,23757.0,25230.0,23757.0,48144978044.45546,459293697174.9459,1.0,1.0,time,0.0274,-0.02292829037672363,429.0,449.0,4.0,12.0,12.0,1.878822684288025,0.8399977361162504,3.0,10.079972833395004,3.3205545064229174,2.454801826492729,2.3484539709131087,0.46178348732211044,0.3467121422290802,1.0,1.0,0.44610595703125,0.44610595703125,0.0,0.44610595703125,0.44610595703125,0.44610595703125,-0.0,0.0,0.44610595703125,12.0,12.0,1.74810631275177,0.804796533783277,2.8,9.657558405399323,10.331314340233803,2.3690117682988068,0.2,0.1,0.08922119140625,0.08922119140625,0.0,0.08922119140625,0.044610595703125,-0.0,1,1.0,1.0
2023-02-17,23608.0,24629.0,24949.0,23340.0,54200707340.94142,475194230168.09973,1.0,0.0,time,-0.0198,0.03604738651860328,430.0,450.0,4.0,12.0,12.0,1.8429958820343018,0.8731531351804733,4.0,10.47783762216568,3.485513709819674,2.5705938313517627,2.330319435514384,0.5000040876195436,0.5879575312137604,1.0,1.0,0.1820206642150879,0.1820206642150879,0.0,0.1820206642150879,0.1820206642150879,0.18202066421508792,-0.0,0.0,0.2476291507701745,12.0,12.0,1.793575358390808,0.830891153216362,3.2,9.970693838596343,10.480206227302551,2.355660178144416,0.4,0.2,0.1256253242492676,0.1256253242492676,0.0,0.1256253242492676,0.0628126621246338,-0.0,1,1.0,1.0
2023-02-18,24624.0,24643.0,24780.0,24466.0,24900444765.27695,475529620771.9494,1.0,0.0,time,-0.0285,0.0005682740857590142,431.0,451.0,4.0,12.0,12.0,1.69944167137146,0.8099319512645403,4.0,9.719183415174484,3.2223892501892095,2.3726120213163227,2.3344574585270514,0.4575218839560887,0.5833218991756439,1.0,1.0,0.16784274578094482,0.16784274578094482,0.0,0.16784274578094482,0.16784274578094482,0.16784274578094485,-0.0,0.0,0.23747208545726953,12.0,12.0,1.7835178136825562,0.8281971201300621,3.4,9.938365441560745,10.28988320827484,2.3465852323700522,0.6,0.3,0.15919387340545654,0.15919387340545654,0.0,0.15919387340545654,0.07959693670272827,-0.0,1,1.0,1.0
2023-02-19,24636.0,24284.0,25113.0,24284.0,33664683478.33256,470798520570.0436,1.0,0.0,time,-0.0469,-0.014675187232559714,432.0,452.0,4.0,12.0,12.0,1.7241958379745483,0.8798748354117075,5.0,10.55849802494049,3.5395355252168454,2.5961772416342512,2.3127020794283464,0.5194672769917543,0.32452988624572754,2.0,2.0,0.16350603103637695,0.11174368858337402,1.0,0.22348737716674805,0.17416079946095805,0.16615359523642295,0.5816489798552867,0.05176234245300293,2.8112721892135495,12.0,12.0,1.784542727470398,0.8435649032394092,3.8,10.12277883887291,9.989440828561783,2.333407518936324,1.0,0.5,0.19189507961273194,0.18154261112213135,0.2,0.20389134883880616,0.10194567441940308,0.11632979597105735,1,0.0,0.0
2023-02-20,24302.0,24787.0,25038.0,23881.0,38997046274.497246,478236525469.6496,1.0,0.0,lower,-0.0674,0.02050162491689245,433.0,453.0,4.0,12.0,12.0,1.547935128211975,0.8407597144444784,5.0,10.08911657333374,3.3300953977052403,2.417673956985493,2.3295305949385416,0.4661019728042793,0.5865009129047394,2.0,2.0,0.3824913501739502,0.25302404165267944,1.0,0.5060480833053589,0.40195260822638973,0.38674163244176124,0.5558278958812137,0.12946730852127075,0.3993096750189158,12.0,12.0,1.738678240776062,0.84874347448349,4.2,10.18492169380188,9.91419013440609,2.3310927078642867,1.4,0.7,0.268393349647522,0.23214741945266723,0.4,0.3051009654998779,0.15255048274993896,0.22749537514730012,1,0.0,0.0
2023-02-21,24791.0,24417.0,25193.0,24216.0,41991954878.4476,470623925511.17865,1.0,0.0,time,-0.0365,-0.01503971117206589,434.0,454.0,4.0,12.0,12.0,1.497180700302124,0.7530110950271288,4.0,9.036133140325546,3.0587311477234738,2.264704298679908,2.304937207134846,0.46111528956490283,0.2856045663356781,0.0,0.0,0.0,0.0,0.0,0.0,0.0,0.0,0.0,0.0,0.5060480833053589,12.0,12.0,1.6623498439788817,0.8313461462656658,4.4,9.976153755187989,9.816856080293656,2.322389355108634,1.2,0.7,0.17917215824127197,0.14292622804641725,0.4,0.21587977409362794,0.15255048274993896,0.22749537514730012,1,0.0,0.0
2023-02-22,24416.0,24146.0,24452.0,23634.0,40336608135.49699,465998918250.2451,1.0,0.0,time,-0.0264,-0.01116087610281837,435.0,455.0,4.0,12.0,12.0,1.4783672094345093,0.7578627367814382,4.0,9.094352841377258,3.0419054872938536,2.241314162277577,2.3212907077266403,0.4435573863667697,0.12084579467773438,1.0,1.0,0.05478072166442871,0.05478072166442871,0.0,0.05478072166442871,0.05478072166442871,0.05478072166442872,-0.0,0.0,0.05478072166442871,12.0,12.0,1.5894241094589234,0.8082880665858587,4.4,9.699456799030305,9.835075318813324,2.3205836095510852,1.2,0.8,0.15372416973114014,0.1174782395362854,0.4,0.1904317855834961,0.15802855491638185,0.22749537514730012,1,0.0,0.0
2023-02-23,24167.0,23951.0,24632.0,23658.0,42356618035.349625,461042830140.0772,1.0,0.0,time,-0.0338,-0.008108658271486309,436.0,456.0,4.0,12.0,12.0,2.008700132369995,0.8991894076267878,4.0,10.790272891521454,3.6267432261086565,2.678888722786779,2.3131933519647387,0.5362498903392633,0.1514745056629181,2.0,2.0,0.28262782096862793,0.18355584144592285,1.0,0.3671116828918457,0.29498475911635863,0.2851220887058652,0.5394348555890334,0.09907197952270508,3.850008519742115,12.0,12.0,1.6512758016586304,0.8261395578583081,4.4,9.913674694299697,9.92602006793022,2.3163307882386226,1.4,1.0,0.17668118476867675,0.120620858669281,0.6,0.23028557300567626,0.1947397232055664,0.33538234626510677,1,0.0,0.0
2023-02-24,23964.0,23172.0,24043.0,22978.0,35081974267.07997,447316067422.04736,1.0,1.0,time,0.0197,-0.0330654234043317,437.0,457.0,4.0,12.0,12.0,1.72415030002594,0.9307790969808897,4.0,11.169349163770676,3.6067647275111545,2.584959947729275,2.356309705301017,0.46659717379304516,0.31092754006385803,2.0,2.0,0.3753788471221924,0.22995173931121826,1.0,0.4599034786224365,0.38477745801571894,0.3768019738176187,0.47708871331039515,0.14542710781097412,0.09323265084403816,12.0,12.0,1.6512666940689087,0.8363204101721445,4.2,10.035844922065735,10.079311880469323,2.3250523134131567,1.4,1.2,0.21905574798583985,0.14426246881484986,0.6,0.27756879329681394,0.24073007106781005,0.31447029295612844,1,0.0,0.0
2023-02-25,23176.0,23157.0,23235.0,22876.0,22999909593.10942,447030240435.99854,1.0,1.0,time,0.0132,-0.0006475425985511822,438.0,458.0,4.0,12.0,12.0,1.7239925861358643,0.8945844992995262,4.0,10.735013991594315,3.4881241825762106,2.521973207521583,2.3533896577998834,0.4622078533543422,0.34298986196517944,1.0,1.0,0.08451676368713379,0.08451676368713379,0.0,0.08451676368713379,0.08451676368713379,0.0845167636871338,-0.0,0.0,0.26676166180565236,12.0,12.0,1.6864781856536866,0.8470853671431542,4.0,10.16502440571785,10.174973049759865,2.329824125985425,1.2,1.3,0.15946083068847655,0.11056101322174072,0.4,0.19326252937316896,0.24918174743652344,0.20330471377988565,1,0.0,0.0
2023-02-26,23167.0,23541.0,23691.0,23075.0,24469102669.371048,454284528651.50226,1.0,0.0,lower,-0.0512,0.016446471177619396,439.0,459.0,4.0,12.0,12.0,1.7251516580581665,0.8691296949982643,4.0,10.429556339979172,3.4307748728660603,2.5016091190690095,2.340461955655085,0.474831470765841,0.09192049503326416,1.0,1.0,0.08457374572753906,0.08457374572753906,0.0,0.08457374572753906,0.08457374572753906,0.08457374572753908,-0.0,0.0,0.0023974827591990706,12.0,12.0,1.732072377204895,0.8703090871373812,4.0,10.443709045648575,10.20993140041828,2.336929075689473,1.4,1.3,0.17637557983398439,0.12747576236724853,0.4,0.21017727851867676,0.21302852630615235,0.20330471377988565,1,0.0,0.0
2023-02-27,23547.0,23518.0,23868.0,23174.0,28832423816.478718,454364917718.867,1.0,0.0,lower,-0.0502,-0.0009774964122217858,440.0,460.0,4.0,12.0,12.0,1.7332476377487183,0.7826863552133242,3.0,9.39223626255989,3.139670540069083,2.33491268276594,2.330071426946006,0.4570153108788471,0.04689985513687134,1.0,1.0,0.2799108028411865,0.2799108028411865,0.0,0.2799108028411865,0.2799108028411865,0.2799108028411865,-0.0,0.0,0.18369304207468093,12.0,12.0,1.7830484628677368,0.8752738108237583,3.8,10.503285729885102,10.101371264457702,2.338685219533346,1.4,1.3,0.22140159606933593,0.1725017786026001,0.4,0.2552032947540283,0.2228175401687622,0.20330471377988565,1,1.0,1.0
2023-02-28,23483.0,23156.0,23552.0,23063.0,25534054046.06684,446010055987.85736,1.0,0.0,time,-0.0322,-0.015512159184465786,441.0,461.0,4.0,12.0,12.0,1.7323144674301147,0.8087763314445814,3.0,9.705315977334976,3.2166453015560466,2.369647981157817,2.3357813970546406,0.45619596888865693,0.09336739778518677,1.0,1.0,0.38684749603271484,0.38684749603271484,0.0,0.38684749603271484,0.38684749603271484,0.38684749603271484,-0.0,0.0,0.07978185970849112,12.0,12.0,1.7277713298797608,0.857191195587317,3.6,10.286294347047805,10.099984520673752,2.3432028285513264,1.2,1.3,0.24224553108215333,0.2131601095199585,0.2,0.25915045738220216,0.2447180151939392,0.09541774266207903,1,1.0,1.0
2023-03-01,23147.0,23634.0,23884.0,23079.0,32507897259.084335,456417315966.7193,1.0,0.0,lower,-0.0551,0.020432427000065534,442.0,462.0,4.0,12.0,12.0,1.7342448234558105,0.7302930156389872,2.0,8.763516187667847,2.9272833470541975,2.201706741626217,2.339219905829882,0.42515224034532556,0.1738688051700592,0.0,0.0,0.0,0.0,0.0,0.0,0.0,0.0,0.0,0.0,0.38684749603271484,12.0,12.0,1.7297902345657348,0.8170939793189366,3.2,9.80512775182724,9.920486336946487,2.3397848686570994,0.8,1.1,0.16716976165771485,0.16716976165771485,0.0,0.16716976165771485,0.2223692774772644,0.0,1,0.0,0.0
2023-03-02,23622.0,23464.0,23693.0,23227.0,27432755758.440197,453067155320.8529,1.0,0.0,lower,-0.0479,-0.0072190215416739565,443.0,463.0,4.0,12.0,12.0,1.832923173904419,0.7440683245658875,2.0,8.92881989479065,3.023269650703753,2.3002366711637365,2.327433883167674,0.4561165166744633,0.3956134617328644,0.0,0.0,0.0,0.0,0.0,0.0,0.0,0.0,0.0,0.0,0.0,12.0,12.0,1.7515763521194458,0.7869907443722088,2.8,9.443888932466507,9.804456669092179,2.3345937137306576,0.6,0.9,0.15026640892028809,0.15026640892028809,0.0,0.15026640892028809,0.17176446914672852,0.0,1,0.0,0.0
2023-03-03,23469.0,22367.0,23488.0,22215.0,34239649135.070206,431727585101.1504,1.0,0.0,time,-0.0297,-0.04788067334701684,444.0,464.0,4.0,12.0,12.0,1.9343183040618896,0.7466761494676272,3.0,8.960113793611526,2.978692011968474,2.2579164808702523,2.3506677918053716,0.4264487890277845,0.6855081021785736,0.0,0.0,0.0,0.0,0.0,0.0,0.0,0.0,0.0,0.0,0.0,12.0,12.0,1.7934096813201905,0.7625000352660815,2.6,9.150000423192978,9.796854734420776,2.3366348809607147,0.4,0.9,0.13335165977478028,0.13335165977478028,0.0,0.13335165977478028,0.17176446914672852,0.0,1,0.0,0.0
2023-03-04,22362.0,22348.0,22465.0,22158.0,13392431931.930376,431837491811.49384,1.0,0.0,lower,-0.0924,-0.000849826731230754,445.0,465.0,4.0,12.0,12.0,2.0018351078033447,0.8365950112541517,2.0,10.03914013504982,3.2614587639779002,2.4156239506936537,2.3698848524159093,0.43189685447494713,0.45446160435676575,0.0,0.0,0.0,0.0,0.0,0.0,0.0,0.0,0.0,0.0,0.0,12.0,12.0,1.8471271753311158,0.773281766474247,2.4,9.279381197690963,9.891333463788033,2.344597566054696,0.2,0.8,0.07736949920654297,0.07736949920654297,0.0,0.07736949920654297,0.16628639698028563,0.0,1,0.0,0.0
2023-03-05,22381.0,22422.0,22671.0,22267.0,16080097920.160833,433081135066.3954,1.0,0.0,lower,-0.0957,0.0033057881344994103,446.0,466.0,4.0,12.0,12.0,2.1131279468536377,0.833071157336235,3.0,9.99685388803482,3.292505487220594,2.4802908100320815,2.36087231748234,0.45757528935605346,0.40422436594963074,0.0,0.0,0.0,0.0,0.0,0.0,0.0,0.0,0.0,0.0,0.0,12.0,12.0,1.9232898712158204,0.7781407316525777,2.4,9.337688779830932,9.811991563439369,2.3496157501402353,0.0,0.6,0.0,0.0,0.0,0.0,0.12957522869110108,0.0,1,0.0,0.0
2023-03-06,22433.0,22415.0,22576.0,22356.0,21124920006.057713,432758824798.3097,1.0,0.0,lower,-0.0954,-0.0003122421239990614,447.0,467.0,4.0,12.0,12.0,2.23933482170105,0.835662896434466,3.0,10.027954757213593,3.3705435998751505,2.5836445131076076,2.3426738832545704,0.49837857439002853,0.5717251896858215,0.0,0.0,0.0,0.0,0.0,0.0,0.0,0.0,0.0,0.0,0.0,12.0,12.0,2.024307870864868,0.7992147078116735,2.6,9.590576493740082,9.697852122783662,2.350306545625173,0.0,0.4,0.0,0.0,0.0,0.0,0.08358488082885743,0.0,1,0.0,0.0
2023-03-07,22414.0,22217.0,22559.0,22011.0,27780357943.162678,427994888566.54205,1.0,0.0,lower,-0.0865,-0.008872616012412269,448.0,468.0,4.0,12.0,12.0,1.366821527481079,0.7379331439733505,3.0,8.855197727680206,2.7358090629229412,1.933901611079198,2.419261127085384,0.281381610551486,0.8747249841690063,0.0,0.0,0.0,0.0,0.0,0.0,0.0,0.0,0.0,0.0,0.0,12.0,12.0,1.9310875415802002,0.7979876716931661,2.8,9.575852060317994,9.50987049639225,2.3686719944087153,0.0,0.3,0.0,0.0,0.0,0.0,0.07513320446014404,0.0,1,0.0,0.0
2023-03-08,22202.0,21713.0,22292.0,21683.0,28493032424.783108,419694984165.3824,1.0,0.0,lower,-0.0636,-0.022946602083355635,449.0,469.0,4.0,12.0,12.0,1.2616047859191895,0.6881140048305193,3.0,8.257368057966232,2.5470556113011105,1.7964655846981044,2.4202925502697172,0.25908198241318026,0.3818132281303406,0.0,0.0,0.0,0.0,0.0,0.0,0.0,0.0,0.0,0.0,0.0,12.0,12.0,1.7965448379516602,0.7862752427657446,2.8,9.435302913188934,9.292651668190956,2.3825969461015846,0.0,0.2,0.0,0.0,0.0,0.0,0.06667582988739014,0.0,1,0.0,0.0
2023-03-09,21731.0,20376.0,21824.0,20207.0,40173833477.660774,392841773384.4403,1.0,1.0,upper,0.081,-0.06355342183447898,450.0,470.0,4.0,12.0,12.0,1.303942084312439,0.5937137405077616,3.0,7.12456488609314,2.281029088386607,1.6683528457562378,2.3858474620475527,0.2847720775832875,0.44192829728126526,0.0,0.0,0.0,0.0,0.0,0.0,0.0,0.0,0.0,0.0,0.0,12.0,12.0,1.656966233253479,0.7376989886164665,3.0,8.852387863397599,9.065884530544281,2.385789468027913,0.0,0.1,0.0,0.0,0.0,0.0,0.038684749603271486,0.0,1,0.0,0.0
2023-03-10,20368.0,20195.0,20368.0,19647.57,51593890225.48742,390202255053.33545,1.0,1.0,upper,0.09,-0.008922688661779721,451.0,471.0,4.0,12.0,12.0,1.1607458591461182,0.5134244027237097,3.0,6.161092832684517,2.0042029982551877,1.477813631073824,2.365576709473978,0.26670430731253464,0.5949288308620453,0.0,0.0,0.0,0.0,0.0,0.0,0.0,0.0,0.0,0.0,0.0,12.0,12.0,1.466489815711975,0.6737696376939615,3.0,8.085235652327537,8.711462216079235,2.3867303464262406,0.0,0.0,0.0,0.0,0.0,0.0,0.0,0.0,1,0.0,0.0
2023-03-11,20161.0,20522.0,20681.0,19950.03,37746654239.61721,394742728281.98926,1.0,1.0,upper,0.0739,0.016062432424641282,452.0,472.0,4.0,12.0,12.0,1.1092307567596436,0.5395610257983208,4.0,6.474732309579849,2.0946794748302224,1.5223933175070667,2.3643560937195423,0.27297266278704263,0.1755119413137436,0.0,0.0,0.0,0.0,0.0,0.0,0.0,0.0,0.0,0.0,0.0,12.0,12.0,1.2404690027236938,0.6145492635667325,3.2,7.3745911628007885,8.482583828270435,2.391066788519235,0.0,0.0,0.0,0.0,0.0,0.0,0.0,0.0,1,0.0,0.0
2023-03-12,20482.0,22096.0,22096.0,20335.0,36639901908.82403,425816781283.92786,1.0,1.0,upper,0.0901,0.0738991152269188,453.0,473.0,4.0,12.0,12.0,1.1380583047866821,0.5976575997968515,4.0,7.171891197562218,2.2951136237201992,1.644174748918782,2.3709646194805996,0.2859503550511962,0.11714912950992584,0.0,0.0,0.0,0.0,0.0,0.0,0.0,0.0,0.0,0.0,0.0,12.0,12.0,1.1947163581848144,0.5864941547314326,3.4,7.0379298567771915,8.306890958547593,2.381407486998278,0.0,0.0,0.0,0.0,0.0,0.0,0.0,0.0,1,0.0,0.0
2023-03-13,22192.0,24179.0,24469.0,21993.0,66799159801.958115,466509005562.78174,1.0,1.0,upper,0.1275,0.09008789117153757,454.0,474.0,4.0,12.0,12.0,2.0499048233032227,0.7472192173202833,2.0,8.966630607843399,3.0960823201796797,2.3755169187117717,2.294491314634309,0.4903814016097017,0.20339863002300262,0.0,0.0,0.0,0.0,0.0,0.0,0.0,0.0,0.0,0.0,0.0,12.0,12.0,1.352376365661621,0.5983151972293854,3.2,7.179782366752624,8.30754263997078,2.356247239871196,0.0,0.0,0.0,0.0,0.0,0.0,0.0,0.0,1,0.0,0.0
2023-03-14,24202.0,24759.0,26402.0,24102.0,70714394276.37074,478406045309.6089,1.0,1.0,upper,0.1038,0.023704571440183037,455.0,475.0,4.0,12.0,12.0,2.008519411087036,0.7394220990439256,2.0,8.873065188527107,3.046496789706086,2.3308198801092095,2.3012495952943706,0.47611292454584664,0.1765330284833908,0.0,0.0,0.0,0.0,0.0,0.0,0.0,0.0,0.0,0.0,0.0,12.0,12.0,1.4932918310165406,0.6274568689366181,3.0,7.529482427239418,8.190935145318509,2.3393276665205596,0.0,0.0,0.0,0.0,0.0,0.0,0.0,0.0,1,0.0,0.0
2023-03-15,24782.0,24471.0,25239.0,24178.0,63107437928.81401,472833547484.0809,1.0,1.0,upper,0.1155,-0.011700316292103788,456.0,476.0,4.0,12.0,12.0,1.977164626121521,0.6707938301066557,3.0,8.049525961279869,2.864832460021281,2.247000271524662,2.265202639306035,0.4837089925669585,0.1402358114719391,0.0,0.0,0.0,0.0,0.0,0.0,0.0,0.0,0.0,0.0,0.0,12.0,12.0,1.656575584411621,0.6589307544132075,3.0,7.907169052958489,7.996202352643013,2.3192528524869713,0.0,0.0,0.0,0.0,0.0,0.0,0.0,0.0,1,0.0,0.0
2023-03-16,24417.0,25161.0,25230.0,24322.0,60688056874.81415,486375597562.7987,1.0,1.0,upper,0.0877,0.0278064336838312,457.0,477.0,4.0,12.0,12.0,1.8592758178710938,0.7168095211187998,3.0,8.601714253425598,2.9947135100601003,2.278917697163229,2.275538142231836,0.4832630695368146,0.41361550986766815,0.0,0.0,0.0,0.0,0.0,0.0,0.0,0.0,0.0,0.0,0.0,12.0,12.0,1.8065845966339111,0.6943804534773033,2.8,8.332565441727638,7.853578302264213,2.3014892621894303,0.0,0.0,0.0,0.0,0.0,0.0,0.0,0.0,1,0.0,0.0
2023-03-17,25166.0,27467.0,27811.0,25052.0,64617615617.80156,530038219067.3334,1.0,0.0,time,-0.0007,0.08769010742562257,458.0,478.0,4.0,12.0,12.0,2.0359160900115967,0.7321532480418682,3.0,8.785838976502419,3.16182697180205,2.4478106894935747,2.2300264032571606,0.5450205849473204,0.5697894990444183,0.0,0.0,0.0,0.0,0.0,0.0,0.0,0.0,0.0,0.0,0.0,12.0,12.0,1.986156153678894,0.7212795831263066,2.6,8.655354997515678,7.846642427146435,2.2733016189447426,0.0,0.0,0.0,0.0,0.0,0.0,0.0,0.0,1,0.0,0.0
2023-03-18,27454.0,27108.0,27805.0,26685.0,46473651090.578415,523262280970.14777,1.0,1.0,time,0.0487,-0.013156396822140225,459.0,479.0,4.0,12.0,12.0,1.8018670082092285,0.6606667203207811,3.0,7.928000643849373,2.814599993644674,2.1693830656210626,2.250110678794867,0.47295233552578997,0.8568887859582901,0.0,0.0,0.0,0.0,0.0,0.0,0.0,0.0,0.0,0.0,0.0,12.0,12.0,1.9365485906600952,0.7039690837264061,2.8,8.447629004716873,7.813705685734749,2.2644254917768536,0.0,0.0,0.0,0.0,0.0,0.0,0.0,0.0,1,0.0,0.0
2023-03-19,27125.0,28187.0,28509.0,27010.0,46394763656.038155,546680822196.2155,1.0,0.0,time,-0.0212,0.03903199147250227,460.0,480.0,4.0,12.0,12.0,1.5677568912506104,0.5623002598683039,3.0,6.747603118419647,2.421650760482464,1.879179709583327,2.239137652555882,0.4153526030946229,0.8231337070465088,0.0,0.0,0.0,0.0,0.0,0.0,0.0,0.0,0.0,0.0,0.0,12.0,12.0,1.84839608669281,0.6685447158912818,3.0,8.022536590695381,7.7760095089674,2.252003103229156,0.0,0.0,0.0,0.0,0.0,0.0,0.0,0.0,1,0.0,0.0
2023-03-20,28133.0,27929.0,28504.0,27252.0,55315948514.426994,538935400013.3555,1.0,0.0,time,-0.0093,-0.009195303225456872,461.0,481.0,4.0,12.0,12.0,1.43202543258667,0.5530224709461132,3.0,6.636269651353359,2.3162535444874726,1.7584411468605419,2.2642048491493494,0.3758350970277882,0.5220782533288002,0.0,0.0,0.0,0.0,0.0,0.0,0.0,0.0,0.0,0.0,0.0,12.0,12.0,1.7393682479858399,0.6449904440591733,3.0,7.739885328710079,7.823527190834284,2.251803545197819,0.0,0.0,0.0,0.0,0.0,0.0,0.0,0.0,1,0.0,0.0
2023-03-21,27961.0,28264.0,28618.0,27542.0,34430928756.27183,545917428270.10583,1.0,0.0,time,-0.0077,0.01192333453593218,462.0,482.0,4.0,12.0,12.0,1.3233988285064697,0.5847429757316908,3.0,7.016915708780289,2.4498159125930488,1.831010708750095,2.2490091678396293,0.3977547227441683,0.44412725418806076,0.0,0.0,0.0,0.0,0.0,0.0,0.0,0.0,0.0,0.0,0.0,12.0,12.0,1.632192850112915,0.6185771349817515,3.0,7.422925619781017,7.877745530754328,2.2464977503193775,0.0,0.0,0.0,0.0,0.0,0.0,0.0,0.0,1,0.0,0.0
2023-03-22,28294.0,27449.0,28907.0,26980.0,35394833933.50181,530515158753.954,1.0,0.0,time,-0.0098,-0.02925917263738383,463.0,483.0,4.0,12.0,12.0,1.2688511610031128,0.5860952995717525,3.0,7.033143594861031,2.3806025180170516,1.7622779240468296,2.2992114487584137,0.3588379330825985,0.2870451956987381,0.0,0.0,0.0,0.0,0.0,0.0,0.0,0.0,0.0,0.0,0.0,12.0,12.0,1.4787798643112182,0.5893655452877283,3.0,7.0723865434527395,7.863870770484209,2.260334759419628,0.0,0.0,0.0,0.0,0.0,0.0,0.0,0.0,1,0.0,0.0
2023-03-23,27436.0,28460.0,28854.0,27365.0,20360807194.56342,549578396178.6341,1.0,0.0,time,-0.0419,0.03616985524224612,464.0,484.0,4.0,12.0,12.0,1.1990399360656738,0.543203804641962,3.0,6.518445655703545,2.229782389805476,1.6596625522434565,2.286537775995704,0.3453361919150413,0.33148568868637085,0.0,0.0,0.0,0.0,0.0,0.0,0.0,0.0,0.0,0.0,0.0,12.0,12.0,1.3582144498825073,0.5658729621519646,3.0,6.790475545823574,7.619052275270223,2.267620178859796,0.0,0.0,0.0,0.0,0.0,0.0,0.0,0.0,1,0.0,0.0
2023-03-24,28454.0,27595.0,28507.0,27210.0,21551272690.413612,533634255119.3758,1.0,1.0,time,0.0286,-0.030864995770241703,465.0,485.0,4.0,12.0,12.0,1.1783690452575684,0.5127330174048742,3.0,6.15279620885849,2.13880613777878,1.6110974035458605,2.2715219606304076,0.34396583276963444,0.11531595885753632,1.0,1.0,0.048317164182662964,0.048317164182662964,0.0,0.048317164182662964,0.048317164182662964,0.04831716418266297,-0.0,0.0,0.048317164182662964,12.0,12.0,1.2803368806838988,0.5559595136592785,3.0,6.671514163911342,7.347025377303362,2.274097040474701,0.2,0.1,0.009663432836532593,0.009663432836532593,0.0,0.009663432836532593,0.004831716418266296,-0.0,1,0.0,0.0
2023-03-25,27651.0,27670.0,27921.0,27403.0,15053754845.31385,534960802333.31067,1.0,1.0,time,0.0133,0.002714196907369908,466.0,486.0,4.0,12.0,12.0,1.166147232055664,0.5032537380854288,3.0,6.0390448570251465,2.0969821284049415,1.5807790414196692,2.2738458537097133,0.3364226196425943,0.11174213886260986,1.0,1.0,0.04781603813171387,0.04781603813171387,0.0,0.04781603813171387,0.04781603813171387,0.047816038131713874,-0.0,0.0,0.00616950392948817,12.0,12.0,1.2271612405776977,0.5460057670871417,3.0,6.5520692050457,7.14597726687789,2.2760252413867734,0.4,0.2,0.019226640462875366,0.019226640462875366,0.0,0.019226640462875366,0.009613320231437683,-0.0,1,0.0,0.0
2023-03-26,27668.0,28048.0,28246.0,27540.0,14450374261.063795,542675619058.77966,1.0,1.0,time,0.0166,0.01356853438004408,467.0,487.0,4.0,12.0,12.0,1.154880166053772,0.5071076961855093,3.0,6.085292354226112,2.064855223370716,1.5483520851235335,2.3100906025636223,0.3132794954342461,0.18005552887916565,1.0,1.0,0.04735401272773743,0.04735401272773743,0.0,0.04735401272773743,0.04735401272773743,0.047354012727737434,-0.0,0.0,0.005687645936308725,12.0,12.0,1.1934575080871581,0.5304787111779053,3.0,6.365744534134865,6.894335076957941,2.2882415283315725,0.6,0.3,0.028697443008422852,0.028697443008422852,0.0,0.028697443008422852,0.014348721504211426,-0.0,1,0.0,0.0
2023-03-27,28020.0,27182.0,28078.0,26720.0,18519053231.63728,525230880103.13837,1.0,1.0,time,0.0473,-0.031362338645723076,468.0,488.0,4.0,12.0,12.0,1.166542410850525,0.5240962070723375,3.0,6.28915448486805,2.101775803741927,1.567328511332714,2.3321857655348284,0.3056876834809915,0.1379423588514328,1.0,1.0,0.047832220792770386,0.047832220792770386,0.0,0.047832220792770386,0.047832220792770386,0.04783222079277039,-0.0,0.0,0.005887097240886418,12.0,12.0,1.1729957580566406,0.5180788926780224,3.0,6.216946712136268,6.644666627794504,2.294836391686855,0.8,0.4,0.03826388716697693,0.03826388716697693,0.0,0.03826388716697693,0.019131943583488464,-0.0,1,0.0,0.0
2023-03-28,27175.0,27291.0,27482.0,26705.0,17658503318.910484,528042785008.98267,1.0,1.0,time,0.0341,0.00400198797487886,469.0,489.0,4.0,12.0,12.0,1.1891283988952637,0.5080573012431463,3.0,6.096687614917755,2.0720202807212833,1.5686619208187205,2.3182773549425653,0.31567406550146465,0.11047638952732086,1.0,1.0,0.04875832796096802,0.04875832796096802,0.0,0.04875832796096802,0.04875832796096802,0.048758327960968025,-0.0,0.0,0.01140140018103926,12.0,12.0,1.1710134506225587,0.5110495919982592,3.0,6.132595103979111,6.461535324901343,2.3011843074762277,1.0,0.5,0.048015552759170535,0.048015552759170535,0.0,0.048015552759170535,0.024007776379585268,-0.0,1,0.0,0.0
2023-03-29,27280.0,28395.0,28629.0,27280.0,21097595427.489532,548808373530.0567,1.0,0.0,time,-0.0206,0.03965609582136128,470.0,490.0,4.0,12.0,12.0,1.1271319389343262,0.4543116291364034,3.0,5.451739549636841,1.7900617711517244,1.343483497964187,2.3636926958415483,0.24622693937977444,0.17431089282035828,1.0,1.0,0.05002257227897644,0.05002257227897644,0.0,0.05002257227897644,0.05002257227897644,0.05002257227897645,-0.0,0.0,0.015564330798573112,12.0,12.0,1.16076602935791,0.4993653143445651,3.0,5.992383772134781,6.331948968023061,2.3196184545184555,1.0,0.6,0.048356634378433225,0.048356634378433225,0.0,0.048356634378433225,0.02901003360748291,-0.0,1,0.0,0.0
2023-03-30,28387.0,28041.0,29007.0,27801.0,22702531379.35043,542369769760.28796,1.0,1.0,time,0.0048,-0.012545348460839793,471.0,491.0,4.0,12.0,12.0,1.2393971681594849,0.4872816987335682,3.0,5.847380384802818,1.9503237805251306,1.473348868885314,2.3421896941695532,0.2820226648447743,0.3082978129386902,1.0,1.0,0.05500498414039612,0.05500498414039612,0.0,0.05500498414039612,0.05500498414039612,0.055004984140396125,-0.0,0.0,0.0613389037863071,12.0,12.0,1.1754160165786742,0.49617090647419293,3.0,5.954050877690316,6.253060041368007,2.3332872226104238,1.0,0.7,0.04979442358016968,0.04979442358016968,0.0,0.04979442358016968,0.03451053202152252,-0.0,1,0.0,0.0
2023-03-31,28054.0,28517.0,28654.0,27626.0,19112345639.962193,551707238559.8757,1.0,0.0,time,-0.0113,0.016832675803938917,472.0,492.0,4.0,12.0,12.0,1.436995506286621,0.5410690531134605,3.0,6.4928286373615265,2.2110386345110307,1.6923524591303143,2.3196140474811395,0.3385783021763259,0.44184882938861847,1.0,1.0,0.0637744665145874,0.0637744665145874,0.0,0.0637744665145874,0.0637744665145874,0.06377446651458742,-0.0,0.0,0.10796265948488612,12.0,12.0,1.231839084625244,0.5029631778597832,3.0,6.035558134317398,6.200651334226132,2.3351919115939266,1.0,0.8,0.05307851433753967,0.05307851433753967,0.0,0.05307851433753967,0.04088797867298126,-0.0,1,0.0,0.0
2023-04-01,28513.0,28499.0,28741.0,28352.0,10085380788.870918,550949831049.3949,1.0,0.0,time,-0.0161,-0.0006314017327768083,473.0,493.0,4.0,12.0,12.0,1.8068870306015015,0.6203511357307434,2.0,7.444213628768921,2.6009916170826437,2.0487699007148334,2.3030774965431826,0.42299832672099175,0.8365900814533234,1.0,1.0,0.08019042015075684,0.08019042015075684,0.0,0.08019042015075684,0.08019042015075684,0.08019042015075685,-0.0,0.0,0.20209936100115294,12.0,12.0,1.3599080085754394,0.5222141635914643,2.8,6.266569963097572,6.24175833761692,2.329370257795598,1.0,0.9,0.059550154209136966,0.059550154209136966,0.0,0.059550154209136966,0.04890702068805695,-0.0,1,0.0,0.0
2023-04-02,28506.0,28237.0,28554.0,27954.0,11682876586.814528,545181408318.2205,1.0,0.0,time,-0.0108,-0.009235824252344224,474.0,494.0,4.0,12.0,12.0,1.5152792930603027,0.6269352734088898,2.0,7.523223280906677,2.4088630698946503,1.7794373104700887,2.3887637040362986,0.3008387227085478,0.8544624447822571,2.0,2.0,0.10223919153213501,0.056697309017181396,1.0,0.11339461803436279,0.1028459810862398,0.10228344165860823,0.32150225424351225,0.04554188251495361,1.0492033849406102,12.0,12.0,1.4251381874084472,0.545989758024613,2.6,6.551877096295357,6.342236100137233,2.3434675276143446,1.2,1.1,0.07024632692337036,0.06113795042037964,0.2,0.07247741222381592,0.060246482491493225,0.06430045084870245,1,0.0,0.0
2023-04-03,28243.0,27815.0,28457.0,27372.0,19711493345.476036,539350908801.9282,1.0,1.0,time,0.0055,-0.015057731160117414,475.0,495.0,4.0,12.0,12.0,1.7589952945709229,0.6948447450995445,2.0,8.338136941194534,2.7071668062836505,2.030340844126278,2.3781953677952496,0.3576592278895522,0.46153682470321655,1.0,1.0,0.16233021020889282,0.16233021020889282,0.0,0.16233021020889282,0.16233021020889282,0.16233021020889285,-0.0,0.0,0.327579309235158,12.0,12.0,1.5515108585357666,0.5940963812172413,2.4,7.1291565746068954,6.560770173370838,2.3463680620050846,1.2,1.1,0.09270785450935363,0.08359947800636292,0.2,0.0949389398097992,0.0716477870941162,0.06430045084870245,1,1.0,1.0
2023-04-04,27824.0,28175.0,28418.0,27732.0,14871614372.831093,544313567953.4008,1.0,1.0,time,0.0062,0.012859616398583374,476.0,496.0,4.0,12.0,12.0,2.037327766418457,0.770198680460453,2.0,9.242384165525436,3.04010228697427,2.312046200824769,2.3680849886740103,0.42068890194833136,0.7352519631385803,1.0,1.0,0.18801629543304443,0.18801629543304443,0.0,0.18801629543304443,0.18801629543304443,0.18801629543304446,-0.0,0.0,0.1677076783181488,12.0,12.0,1.7110969781875611,0.6506797775626183,2.2,7.808157330751419,6.881104104220867,2.351547120905976,1.2,1.1,0.1193101167678833,0.11020174026489257,0.2,0.12154120206832886,0.08566781282424926,0.06430045084870245,1,1.0,1.0
2023-04-05,28209.0,28197.0,28731.0,27884.0,16507617903.813946,545409754928.52686,1.0,1.0,upper,0.0505,0.0007805293804340541,477.0,497.0,4.0,12.0,12.0,2.8201417922973633,0.9363532289862633,1.0,11.23623874783516,3.8876849168848753,3.066000620682478,2.307506903151745,0.6186682996416673,1.3179127275943756,1.0,1.0,0.26025891304016113,0.26025891304016113,0.0,0.26025891304016113,0.26025891304016113,0.26025891304016113,-0.0,0.0,0.4716804422375601,12.0,12.0,1.9877262353897094,0.7297366127371788,1.8,8.756839352846146,7.396198743581772,2.3491256920400976,1.2,1.1,0.15860700607299805,0.1494986295700073,0.2,0.1608380913734436,0.10695830285549164,0.06430045084870245,1,1.0,1.0
2023-04-06,28186.0,28043.0,28186.0,27850.0,13079528995.139923,542601176317.4441,1.0,1.0,upper,0.056,-0.005476542848642742,478.0,498.0,4.0,12.0,12.0,1.793121576309204,1.2687907541791599,6.0,15.225489050149918,4.622567607138508,3.1585013102856467,2.4202038364600353,0.4133371855882286,2.3479825854301453,1.0,1.0,0.4408226013183594,0.4408226013183594,0.0,0.4408226013183594,0.4408226013183594,0.4408226013183594,-0.0,0.0,1.1789215420288601,12.0,12.0,1.98497314453125,0.8594245364268621,2.6,10.313094437122345,8.28983220010996,2.3725509600234678,1.2,1.1,0.23073344230651854,0.22162506580352784,0.2,0.23296452760696412,0.14625734090805054,0.06430045084870245,1,1.0,1.0
2023-04-07,28044.0,27934.0,28122.0,27824.0,10141276803.893911,540432353743.3232,1.0,1.0,upper,0.0599,-0.003894461574051678,479.0,499.0,4.0,12.0,12.0,1.8477164506912231,1.2415114839871724,5.0,14.89813780784607,4.572807641179663,3.1481195915970126,2.4075316474871524,0.4485495647795179,0.4063394367694855,1.0,1.0,0.28930675983428955,0.28930675983428955,0.0,0.28930675983428955,0.28930675983428955,0.28930675983428955,-0.0,0.0,0.11112831363631952,12.0,12.0,2.0514605760574343,0.9823397785425186,3.2,11.788077342510224,9.16997721940279,2.3763045487136383,1.0,1.1,0.2681469559669495,0.2681469559669495,0.0,0.2681469559669495,0.17031218409538268,-0.0,1,1.0,1.0
2023-04-08,27934.0,27968.0,28196.0,27904.0,8844199146.1801,541094458101.44714,1.0,1.0,upper,0.0587,0.0012164145895452675,480.0,500.0,4.0,12.0,12.0,2.083449602127075,1.294010194639365,4.0,15.528122335672379,4.902613242814625,3.4380881994815815,2.3730194541441736,0.573154138856065,0.7016700506210327,0.0,0.0,0.0,0.0,0.0,0.0,0.0,0.0,0.0,0.0,0.28930675983428955,12.0,12.0,2.1163514375686647,1.1021728684504828,3.6,13.226074421405793,10.177615498006343,2.3752693659834234,0.8,1.0,0.2356809139251709,0.2356809139251709,0.0,0.2356809139251709,0.16530992686748505,0.0,1,0.0,0.0
2023-04-09,27974.0,28351.0,28499.0,27879.0,11429030269.731691,548568597244.1978,1.0,1.0,upper,0.0451,0.013601303447152237,481.0,501.0,4.0,12.0,12.0,2.0524728298187256,1.1768520797292392,3.0,14.12222495675087,4.461992104964103,3.1412617694036764,2.375548141922104,0.5235777349166628,0.19060742855072021,1.0,1.0,0.26827549934387207,0.26827549934387207,0.0,0.26827549934387207,0.26827549934387207,0.26827549934387207,-0.0,0.0,0.26827549934387207,12.0,12.0,2.1193804502487184,1.18350354830424,3.8,14.202042579650879,11.00509995520115,2.376761996633042,0.8,1.0,0.2517327547073364,0.2517327547073364,0.0,0.2517327547073364,0.18663697838783264,-0.0,1,1.0,1.0
2023-04-10,28331.0,29658.0,29708.0,28224.0,17475381731.251884,574059578670.3654,1.0,1.0,time,0.0218,0.04506960063260001,482.0,502.0,4.0,12.0,12.0,2.5524094104766846,0.9635578542947769,2.0,11.562694251537323,3.9264284745211073,2.978923626584899,2.3091958296603443,0.596902818908593,1.386518806219101,1.0,1.0,0.1965193748474121,0.1965193748474121,0.0,0.1965193748474121,0.1965193748474121,0.19651937484741214,-0.0,0.0,0.6318301751986174,12.0,12.0,2.0658339738845823,1.1889444733659427,4.0,14.267333680391312,11.512086516618728,2.377099781934762,0.8,1.0,0.23898484706878662,0.23898484706878662,0.0,0.23898484706878662,0.1999114692211151,-0.0,1,1.0,1.0
2023-04-11,29679.0,30261.0,30532.0,29639.0,18320296514.777645,585359301945.2595,1.0,1.0,time,0.0015,0.02012785118793082,483.0,503.0,4.0,12.0,12.0,1.9344207048416138,0.7988983988761902,4.0,9.586780786514282,3.2560100725139045,2.4266104092797764,2.295564008700726,0.49520515711409263,1.2168008834123611,0.0,0.0,0.0,0.0,0.0,0.0,0.0,0.0,0.0,0.0,0.1965193748474121,12.0,12.0,2.0940937995910645,1.0949660023053487,3.6,13.139592027664184,11.726343232393265,2.3521718163829,0.6,0.9,0.15082032680511476,0.15082032680511476,0.0,0.15082032680511476,0.19189242720603944,0.0,1,0.0,0.0
2023-04-12,30246.0,29904.0,30426.0,29844.0,18407698928.06657,578850627447.6105,1.0,0.0,time,-0.0147,-0.011867504027600981,484.0,504.0,4.0,12.0,12.0,1.7566001415252686,0.6819058358669281,3.0,8.182870030403137,2.8394181812514656,2.1529412660709824,2.275520023445456,0.4548212817643225,0.648969829082489,0.0,0.0,0.0,0.0,0.0,0.0,0.0,0.0,0.0,0.0,0.0,12.0,12.0,2.0758705377578734,0.9830448726812999,3.2,11.796538472175598,11.792307907342911,2.325769491574561,0.4,0.7,0.09295897483825684,0.09295897483825684,0.0,0.09295897483825684,0.18055296540260315,0.0,1,0.0,0.0
2023-04-13,29908.0,30405.0,30540.0,29908.0,16404033694.47376,587939018759.4221,1.0,0.0,time,-0.0013,0.01661481785886609,485.0,505.0,4.0,12.0,12.0,1.5142608880996704,0.5607039419313272,3.0,6.728447303175926,2.3359171511510373,1.7889542493956172,2.282383787769854,0.3745933362854564,0.8198519200086594,0.0,0.0,0.0,0.0,0.0,0.0,0.0,0.0,0.0,0.0,0.0,12.0,12.0,1.9620327949523926,0.8363836221396923,3.0,10.036603465676308,11.63133894354105,2.307642358299697,0.4,0.6,0.09295897483825684,0.09295897483825684,0.0,0.09295897483825684,0.16431994438171388,0.0,1,0.0,0.0
2023-04-14,30429.0,30468.0,31015.0,30122.0,20984067684.216217,589051372432.549,1.0,0.0,lower,-0.0552,0.002069883938468572,486.0,506.0,4.0,12.0,12.0,1.3824653625488281,0.54857963634034,2.0,6.58295563608408,2.3556675548006907,1.82576223924388,2.2453115799255925,0.40185965832334525,0.7043593898415565,0.0,0.0,0.0,0.0,0.0,0.0,0.0,0.0,0.0,0.0,0.0,12.0,12.0,1.828031301498413,0.7107291334619126,2.8,8.52874960154295,11.365396090596914,2.2815950459003944,0.2,0.5,0.03930387496948242,0.03930387496948242,0.0,0.03930387496948242,0.14551831483840943,0.0,1,0.0,0.0
2023-04-15,30479.0,30312.0,30567.0,30266.0,11028264273.146706,586969785778.0928,1.0,0.0,lower,-0.05,-0.005133278794241989,487.0,507.0,4.0,12.0,12.0,1.3138219118118286,0.5648246860752503,3.0,6.777896232903004,2.389135369730169,1.813417253650919,2.2504330928804723,0.3957739993666051,0.33955657482147217,0.0,0.0,0.0,0.0,0.0,0.0,0.0,0.0,0.0,0.0,0.0,12.0,12.0,1.580313801765442,0.6309824998180071,3.0,7.571789997816086,10.919561839103698,2.2698424985444206,0.0,0.4,0.0,0.0,0.0,0.0,0.11949242353439331,0.0,1,0.0,0.0
2023-04-16,30330.0,30305.0,30535.0,30225.0,11188035367.077023,586268225587.8677,1.0,0.0,lower,-0.0498,-0.00023095831305128346,488.0,508.0,4.0,12.0,12.0,1.2544389963150024,0.5363794223715862,3.0,6.436553068459034,2.2871781381624943,1.744349401194158,2.242757637676452,0.38500532666924836,0.31996165215969086,0.0,0.0,0.0,0.0,0.0,0.0,0.0,0.0,0.0,0.0,0.0,12.0,12.0,1.4443174600601196,0.5784787045170864,2.8,6.941744454205036,10.040668240934611,2.2592812243395657,0.0,0.3,0.0,0.0,0.0,0.0,0.07541016340255738,0.0,1,0.0,0.0
2023-04-17,30314.0,29467.0,30314.0,29327.0,16771824487.579357,569958059900.5195,1.0,0.0,lower,-0.042,-0.028041722274548358,489.0,509.0,4.0,12.0,12.0,1.3172944784164429,0.6320215451220671,4.0,7.584258541464806,2.575266288170869,1.9096640052062557,2.29792288326783,0.39142705291104835,0.3036605641245842,0.0,0.0,0.0,0.0,0.0,0.0,0.0,0.0,0.0,0.0,0.0,12.0,12.0,1.3564563274383545,0.5685018463681142,3.0,6.82202215641737,9.309280314296483,2.26376179630404,0.0,0.2,0.0,0.0,0.0,0.0,0.04647948741912842,0.0,1,0.0,0.0
2023-04-18,29457.0,30366.0,30443.0,29277.0,18078539248.52104,587730212230.9563,1.0,0.0,lower,-0.0518,0.03005256833129586,490.0,510.0,4.0,12.0,12.0,1.584071397781372,0.6872048849860827,4.0,8.246458619832993,2.8750553085814086,2.1645904296340417,2.2660717772599694,0.46537944912523754,0.1668202131986618,0.0,0.0,0.0,0.0,0.0,0.0,0.0,0.0,0.0,0.0,0.0,12.0,12.0,1.3704184293746948,0.5938020349790653,3.2,7.1256244197487835,8.581113942712545,2.2604993942020633,0.0,0.2,0.0,0.0,0.0,0.0,0.04647948741912842,0.0,1,0.0,0.0
2023-04-19,30404.0,28833.0,30404.0,28713.0,24136616861.636356,558796473890.5958,1.0,0.0,lower,-0.0546,-0.05180299695073899,491.0,511.0,4.0,12.0,12.0,1.6653345823287964,0.8266263231635094,4.0,9.919515877962112,3.3528624867016004,2.470679113383394,2.3018581812884293,0.5034840213426978,0.22033366560935974,0.0,0.0,0.0,0.0,0.0,0.0,0.0,0.0,0.0,0.0,0.0,12.0,12.0,1.4269922733306886,0.6494113723436991,3.6,7.79293646812439,8.16084303483367,2.2718087144746306,0.0,0.1,0.0,0.0,0.0,0.0,0.01965193748474121,0.0,1,0.0,0.0
2023-04-20,28856.0,28256.0,29027.0,28110.0,21695904964.799046,546141074655.3764,1.0,1.0,time,0.0034,-0.020214740087707454,492.0,512.0,4.0,12.0,12.0,1.6809672117233276,0.8412240644296011,4.0,10.094688773155212,3.4000183901564567,2.4994117852185873,2.305436154813937,0.5056538617223424,0.09560385346412659,1.0,1.0,0.04341626167297363,0.04341626167297363,0.0,0.04341626167297363,0.04341626167297363,0.04341626167297364,-0.0,0.0,0.04341626167297363,12.0,12.0,1.5004213333129883,0.7046912480145693,3.8,8.456294976174831,8.014042486995459,2.2828093268613237,0.2,0.1,0.008683252334594726,0.008683252334594726,0.0,0.008683252334594726,0.004341626167297363,-0.0,1,0.0,0.0
2023-04-21,28236.0,27300.0,28355.0,27238.0,20420333533.71415,528357279464.0127,1.0,1.0,time,0.0378,-0.03441912223063544,493.0,513.0,4.0,12.0,12.0,1.579488754272461,0.8685852711399397,5.0,10.423023253679276,3.431240646697551,2.4729482247645684,2.3261573126009183,0.47610642163408157,0.4994160830974579,2.0,2.0,0.040795326232910156,0.027608752250671387,1.0,0.05521750450134277,0.04326959519635026,0.04138751678755961,0.5742964041564368,0.01318657398223877,2.8637979553022386,12.0,12.0,1.56543128490448,0.7711324177682399,4.2,9.25358901321888,8.097666733711957,2.2994892618462166,0.6,0.3,0.01684231758117676,0.014205002784729004,0.2,0.01972675323486328,0.00986337661743164,0.11485928083128735,1,0.0,0.0
2023-04-22,27285.0,27862.0,27915.0,27201.0,11700230849.968126,539454716829.9368,1.0,1.0,upper,0.0566,0.020377051093119224,494.0,514.0,4.0,12.0,12.0,1.5459842681884766,0.7757635364929835,3.0,9.309162437915802,3.078741566229199,2.249007049698823,2.3300586972396125,0.4336800718850067,0.27657678723335266,1.0,1.0,0.039929986000061035,0.039929986000061035,0.0,0.039929986000061035,0.039929986000061035,0.03992998600006104,-0.0,0.0,0.835619254518943,12.0,12.0,1.6111692428588866,0.7998808160424232,4.0,9.598569792509078,8.210295974463225,2.3059164246405732,0.8,0.4,0.024828314781188965,0.02219099998474121,0.2,0.027712750434875488,0.013856375217437744,0.11485928083128735,1,0.0,0.0
2023-04-23,27831.0,27607.0,27831.0,27432.0,11435645306.771605,533753154140.2553,1.0,1.0,upper,0.0658,-0.009194389529446897,495.0,515.0,4.0,12.0,12.0,1.5062377452850342,0.7896498342355093,3.0,9.47579801082611,3.059063128214515,2.208857909308285,2.362046934517714,0.39531684485396945,0.2216314971446991,1.0,1.0,0.03890347480773926,0.03890347480773926,0.0,0.03890347480773926,0.03890347480773926,0.038903474807739265,-0.0,0.0,0.06771457273141547,12.0,12.0,1.5956025123596191,0.8203698058923086,3.8,9.844437670707702,8.485031045228244,2.3251114560921224,1.0,0.5,0.03260900974273682,0.02997169494628906,0.2,0.03549344539642334,0.01774672269821167,0.11485928083128735,1,0.0,0.0
2023-04-24,27591.0,27512.0,27893.0,27197.0,16443099944.64734,532290845181.53394,1.0,1.0,upper,0.0692,-0.0034470906246211806,496.0,516.0,4.0,12.0,12.0,1.4840953350067139,0.7873182371258736,3.0,9.447818845510483,3.0329068409027125,2.1825292609307443,2.368541176147359,0.3829799632990556,0.185389906167984,2.0,2.0,0.03833138942718506,0.0364719033241272,1.0,0.0729438066482544,0.05164605349205195,0.04607085535248469,0.6918469291707998,0.0018594861030578613,2.5661182281217894,12.0,12.0,1.5593546628952026,0.8125081886847815,3.6,9.750098264217376,8.771517366170883,2.3384480550639077,1.4,0.7,0.040275287628173825,0.0372660756111145,0.4,0.05008220672607422,0.02504110336303711,0.2532286666654473,1,0.0,0.0
2023-04-25,27512.0,28351.0,28380.0,27224.0,17061823985.865345,548359667398.65234,1.0,1.0,time,0.035,0.030040029790312107,497.0,517.0,4.0,12.0,12.0,1.4906898736953735,0.8577955067157745,4.0,10.293546080589294,3.2924557534196763,2.3474495102412134,2.3672277532767834,0.4093192837021262,0.07857206463813782,2.0,2.0,0.5571880340576172,0.29784488677978516,1.0,0.5956897735595703,0.5585166866277753,0.5572493069637733,0.23953185435421195,0.25934314727783203,0.5229522227872397,12.0,12.0,1.5212991952896118,0.8158224771420161,3.6,9.789869725704193,9.123082350939512,2.350806374756478,1.6,0.9,0.14302964210510255,0.08815180063247681,0.6,0.16053690910339355,0.08461008071899415,0.3011350375362897,1,0.0,0.0
2023-04-26,28292.0,28352.0,30026.0,27697.0,30540034741.28477,548638734338.36755,1.0,0.0,time,-0.008,3.527150239334594e-05,498.0,518.0,4.0,12.0,12.0,1.4965381622314453,0.7970444733897845,2.0,9.564533680677414,3.038814636406602,2.1728375284946844,2.379836342487809,0.3664054770906821,0.3186691701412201,1.0,1.0,0.038652896881103516,0.038652896881103516,0.0,0.038652896881103516,0.038652896881103516,0.03865289688110352,-0.0,0.0,1.2647225054744184,12.0,12.0,1.5047090768814086,0.8015143175919851,3.0,9.61817181110382,9.43588041216135,2.3615421807338555,1.4,1.0,0.1426011562347412,0.09036062955856324,0.4,0.1572239875793457,0.08847537040710449,0.18627575670500235,1,0.0,0.0
2023-04-27,28454.0,29484.0,29869.0,28440.0,26238597379.49954,570258039118.5771,1.0,0.0,time,-0.0286,0.039150168904371827,499.0,519.0,4.0,12.0,12.0,1.5136343240737915,0.8846384733915329,3.0,10.615661680698395,3.2952023857944526,2.3152133645215485,2.4065148570402046,0.34968271572138926,0.1539681851863861,2.0,2.0,0.49265336990356445,0.26587390899658203,1.0,0.5317478179931641,0.49420210314077856,0.49273541804767884,0.2626520285841879,0.22677946090698242,2.6078454994908364,12.0,12.0,1.4982390880584717,0.823289304971695,3.0,9.87947165966034,9.739020726084709,2.376833412693974,1.6,1.2,0.2331458330154419,0.13554941415786742,0.6,0.2555875539779663,0.1416501522064209,0.2388061624218399,1,0.0,0.0
2023-04-28,29488.0,29340.0,29545.0,28969.0,18730801539.181553,568153896404.9741,1.0,0.0,time,-0.0121,-0.004895970612206698,500.0,520.0,4.0,12.0,12.0,1.548228144645691,0.9312967558701833,3.0,11.1755610704422,3.4253041335015073,2.390300970003859,2.4233655988715364,0.33228309178703036,0.38420790433883667,2.0,2.0,0.5039126873016357,0.27195030450820923,1.0,0.5439006090164185,0.5054968153278749,0.5039966105590192,0.2626519934774934,0.2319623827934265,0.1437935614119602,12.0,12.0,1.506637167930603,0.8516186892986297,3.0,10.219424271583557,10.03193097114563,2.3890971455647385,1.8,1.4,0.3261476755142212,0.18215878009796144,0.8,0.35658698081970214,0.19604021310806274,0.29133656111733863,1,0.0,0.0
2023-04-29,29336.0,29218.0,29429.0,29136.0,9711415138.827158,565714356650.6621,1.0,0.0,time,-0.0128,-0.004166815004513384,501.0,521.0,4.0,12.0,12.0,1.5903571844100952,0.9749804735183716,4.0,11.699765682220459,3.5877697968221924,2.5003009099754294,2.4217998630875286,0.34941010170527165,0.23705637454986572,2.0,2.0,0.7746937274932861,0.4078848958015442,1.0,0.8157697916030884,0.7757819374413112,0.7747322188799498,0.1995519094735832,0.36680883169174194,0.27886018223411774,12.0,12.0,1.5278895378112793,0.8891511365771294,3.2,10.669813638925552,10.209955951571464,2.3997488829527724,1.8,1.6,0.4734201431274414,0.25644137859344485,0.8,0.5051521778106689,0.27761719226837156,0.1928775571778953,1,0.0,0.0
2023-04-30,29269.0,29362.0,29945.0,29134.0,14707008604.647,568513467268.4124,1.0,1.0,time,0.0054,0.004916363606946335,502.0,522.0,4.0,12.0,12.0,1.6114168167114258,0.877754474679629,3.0,10.533053696155548,3.226853220761761,2.2608446448692523,2.426291114250877,0.3118689220515584,0.26135027408599854,1.0,1.0,0.08071494102478027,0.08071494102478027,0.0,0.08071494102478027,0.08071494102478027,0.08071494102478029,-0.0,0.0,2.0586529127773616,12.0,12.0,1.5520349264144897,0.8931429301699003,3.0,10.717715162038804,10.253792443871498,2.4115615551475913,1.6,1.6,0.378125524520874,0.21301538944244386,0.6,0.40215721130371096,0.28134706020355227,0.1449711863070529,1,0.0,0.0
2023-05-01,29272.0,28126.0,29333.0,27722.0,19980169281.008976,544421676291.20087,1.0,1.0,time,0.0267,-0.043006905869212624,503.0,523.0,4.0,12.0,12.0,1.5355967283248901,0.8591921826203665,4.0,10.310306191444397,3.1493903125353775,2.199076301814738,2.4288510213194523,0.2972267457374776,0.19947785139083862,1.0,1.0,0.37110352516174316,0.37110352516174316,0.0,0.37110352516174316,0.37110352516174316,0.37110352516174316,-0.0,0.0,0.5876736174439217,12.0,12.0,1.5598466396331787,0.9055724720160165,3.4,10.8668696641922,10.242520737648011,2.42136449091392,1.6,1.5,0.44461565017700194,0.2795055150985718,0.6,0.46864733695983884,0.3129356622695923,0.1449711863070529,1,1.0,1.0
2023-05-02,28107.0,28654.0,28882.0,27943.0,17699097406.188805,554886795897.9369,1.0,0.0,time,-0.0015,0.018598634023124585,504.0,524.0,4.0,12.0,12.0,1.3149278163909912,0.8374627828598022,4.0,10.049553394317627,3.0267546560648877,2.0796479234269496,2.441323241367885,0.24918480356070838,0.435422420501709,1.0,1.0,0.38187670707702637,0.38187670707702637,0.0,0.38187670707702637,0.38187670707702637,0.38187670707702637,-0.0,0.0,0.10395399689754699,12.0,12.0,1.5201053380966187,0.8961373339096704,3.6,10.753648006916046,10.316559833288192,2.428326167779456,1.4,1.5,0.42246031761169434,0.30270607471466066,0.4,0.4386731147766113,0.3471303343772888,0.09244078059021532,1,1.0,1.0
2023-05-03,28701.0,28988.0,29222.0,28190.0,19944381490.560024,561312171794.5802,1.0,0.0,time,-0.0456,0.011588901775854367,505.0,525.0,4.0,12.0,12.0,1.340431809425354,0.8641709238290787,4.0,10.370051085948944,3.1084571136790844,2.1255005514520606,2.4457287802421677,0.2416969522085566,0.22072046995162964,1.0,1.0,0.10729432106018066,0.10729432106018066,0.0,0.10729432106018066,0.10729432106018066,0.10729432106018068,-0.0,0.0,1.9631559480460479,12.0,12.0,1.4785460710525513,0.8827121675014495,3.8,10.592546010017395,10.405985140800476,2.432798804053582,1.2,1.5,0.3431366443634033,0.26977487802505495,0.2,0.35135185718536377,0.353969419002533,0.03991038189471664,1,0.0,0.0
2023-05-04,29005.0,28846.0,29434.0,28702.0,12676760580.080193,558634329303.2208,1.0,0.0,time,-0.0439,-0.004910616085716497,506.0,526.0,4.0,12.0,12.0,1.6563490629196167,0.9070249150196711,4.0,10.884298980236053,3.408754705744065,2.4015242103480356,2.3911801765544,0.3815842290520542,0.41154950857162476,2.0,2.0,0.11324918270111084,0.06590205430984497,1.0,0.13180410861968994,0.11475915065176084,0.11341496976946859,0.40637062380227434,0.04734712839126587,1.9143190785583422,12.0,12.0,1.4917444467544556,0.8691210558017095,3.8,10.429452669620513,10.549633154273033,2.426674866746956,1.2,1.5,0.21084773540496826,0.20137830972671508,0.2,0.21455872058868408,0.3598554491996765,0.08127412476045487,1,0.0,0.0
2023-05-05,28856.0,29520.0,29693.0,28851.0,4971523630.54862,571520224182.8824,1.0,0.0,lower,-0.0637,0.023096664570953367,507.0,527.0,4.0,12.0,12.0,1.50211763381958,0.8946308456361294,3.0,10.735570147633553,3.2993242052333795,2.287083873544829,2.411306419545707,0.32674761050841156,0.5095366984605789,1.0,1.0,0.12023639678955078,0.12023639678955078,0.0,0.12023639678955078,0.12023639678955078,0.1202363967895508,-0.0,0.0,1.764819682066655,12.0,12.0,1.4698846101760865,0.8724963299930095,3.8,10.469955959916115,10.593835560977459,2.4236779278059224,1.2,1.4,0.21875202655792236,0.20928260087966918,0.2,0.22246301174163818,0.31231011152267457,0.08127412476045487,1,0.0,0.0
2023-05-06,29524.0,28888.0,29741.0,28485.0,6463808309.438925,559078681902.6073,1.0,0.0,lower,-0.0667,-0.021641715757115116,508.0,528.0,4.0,12.0,12.0,1.6132639646530151,0.9861423497398695,3.0,11.833708196878433,3.616348703385333,2.4932966089014066,2.416540072375497,0.3425708122747675,0.46757979691028595,3.0,3.0,0.5300718545913696,0.24373594919840494,1.0,0.7312078475952148,0.5503053081051088,0.5330525050734765,0.7676563835741521,0.20380897374233908,4.2904166394237535,12.0,12.0,1.4854180574417115,0.8978863634169102,3.6,10.774636361002923,10.82075301259756,2.421215738017131,1.6,1.6,0.25054569244384767,0.18380908568700155,0.4,0.2944838762283325,0.38156560659408567,0.2348054014752853,1,0.0,0.0
2023-05-07,28895.0,28611.0,29093.0,28611.0,10199066943.170338,554373015261.6681,1.0,0.0,lower,-0.057,-0.009635024710271573,509.0,529.0,4.0,12.0,12.0,1.7671425342559814,1.0173471719026566,4.0,12.208166062831879,3.769452145630678,2.623817169683636,2.406565511091875,0.3860943602346153,0.57383993268013,3.0,3.0,0.6870959997177124,0.30247243245442706,1.0,0.9074172973632812,0.7059247358638815,0.6894327339473123,0.7126525899954308,0.2731672354192556,0.568621953007808,12.0,12.0,1.5758610010147094,0.933863241225481,3.6,11.206358894705772,10.980003450810909,2.414264191961929,2.0,1.7,0.3115895509719849,0.1679282307624817,0.6,0.3995919942855835,0.41913255453109743,0.37733591947437145,1,0.0,0.0
2023-05-08,28616.0,27697.0,28646.0,27351.0,21535578788.860283,536032086472.038,1.0,0.0,time,-0.033,-0.03246715518591003,510.0,530.0,4.0,12.0,12.0,1.834252953529358,0.9983792578180631,4.0,11.980551093816757,3.707737000468475,2.592002684740876,2.4053346415015437,0.385808669695529,0.3006919324398041,2.0,2.0,0.6783814430236816,0.4090188145637512,1.0,0.8180376291275024,0.6926075602792375,0.6803486613897268,0.45702757937749977,0.2693626284599304,0.5054285464253195,12.0,12.0,1.6746252298355102,0.960704908023278,3.6,11.528458896279336,11.060502453148365,2.4061853642138042,2.2,1.7,0.42580697536468504,0.2282731294631958,0.8,0.5417406558990479,0.4465462565422058,0.46874143534987145,1,0.0,0.0
2023-05-09,27691.0,27607.0,27820.0,27418.0,8876813250.933558,535037100026.6903,1.0,0.0,time,-0.0255,-0.0032547403243886578,511.0,531.0,4.0,12.0,12.0,1.4134221076965332,1.0290585433443387,6.0,12.348702520132065,3.7382992851518653,2.554498560568504,2.4271456468030745,0.32497996320379524,0.7899845838546753,3.0,3.0,0.7541989088058472,0.38322444756825763,1.0,1.149673342704773,0.8066126035114994,0.7643766942478453,0.8740829301672729,0.26460093253905376,3.022520751704614,12.0,12.0,1.6260398387908936,0.9851116336882114,4.0,11.821339604258537,11.125396136939525,2.4133784582635394,2.4,1.8,0.5539969205856323,0.2917376081148783,0.8,0.7453145027160645,0.4799366116523743,0.5622838966228711,1,0.0,0.0
2023-05-10,27652.0,27640.0,28281.0,27058.0,17159331951.189877,534937464538.75824,1.0,0.0,time,-0.015,0.0011946351448829462,512.0,532.0,4.0,12.0,12.0,1.5036802291870117,1.0241168191035588,4.0,12.289401829242706,3.7236815593588273,2.5466851390956644,2.426004510892254,0.3266013428043801,0.3395741283893585,3.0,3.0,0.5071957111358643,0.33900296688079834,1.0,1.017008900642395,0.6393293026650383,0.5646979328912946,0.9978345620695337,0.14602844766712772,0.5770042450957431,12.0,12.0,1.62635235786438,1.0110088283816974,4.2,12.132105940580368,11.301030950248242,2.416318076532849,2.8,2.0,0.631388783454895,0.3354909221331278,1.0,0.9246690034866333,0.5735660076141358,0.7618508090367778,1,0.0,0.0
2023-05-11,27621.0,27025.0,27623.0,26791.0,7754296234.077171,523414877659.3074,1.0,0.0,time,-0.0001,-0.02250163537419713,513.0,533.0,4.0,12.0,12.0,1.3838801383972168,0.9234861582517624,5.0,11.081833899021149,3.3532517948097382,2.292677334601131,2.4280448613818932,0.29016911528789857,0.5594698786735535,2.0,2.0,0.46678686141967773,0.302937388420105,1.0,0.60587477684021,0.48706819051346656,0.47086741152889444,0.538750735763182,0.16384947299957275,1.187682909268578,12.0,12.0,1.5804755926132201,0.9984775900840759,4.6,11.981731081008911,11.378183721005916,2.418619034334128,2.6,2.1,0.6187317848205567,0.3473312099774678,1.0,0.8996023893356323,0.5970431327819824,0.7160696794745839,1,0.0,0.0
2023-05-12,26992.0,26788.0,27052.0,25889.0,9157286238.193073,518816444750.7709,1.0,1.0,time,0.0222,-0.008808337477468254,514.0,534.0,4.0,12.0,12.0,1.3137915134429932,0.9153229519724846,4.0,10.983875423669815,3.318661203258774,2.262914239501124,2.428443385960292,0.2828013002568374,0.39199182391166687,1.0,1.0,0.443145751953125,0.443145751953125,0.0,0.443145751953125,0.443145751953125,0.443145751953125,-0.0,0.0,0.4150168601326247,12.0,12.0,1.4898053884506226,0.9780727460980415,4.6,11.736872953176498,11.471615923941135,2.4229946093078114,2.2,2.1,0.5699417352676391,0.3754658738772074,0.8,0.8067480802536011,0.6031700372695923,0.5735391614754978,1,1.0,1.0
2023-05-13,26795.0,26798.0,26981.0,26732.0,8365379054.202115,520426027097.3362,1.0,1.0,time,0.0017,0.00037323181861251395,515.0,535.0,4.0,12.0,12.0,1.0985549688339233,0.8150075227022171,5.0,9.780090272426605,2.9415877132492345,1.998917332246122,2.433851521182407,0.23841335428278107,0.6118955314159393,1.0,1.0,0.41233205795288086,0.41233205795288086,0.0,0.41233205795288086,0.41233205795288086,0.41233205795288086,-0.0,0.0,0.14167789532203148,12.0,12.0,1.3426657915115356,0.9413983990748724,4.8,11.296780788898468,11.412619842588901,2.4286979852439843,2.0,2.1,0.516731858253479,0.3761285225550334,0.6,0.7256069660186768,0.6336738109588623,0.4821336455999978,1,1.0,1.0
2023-05-14,26783.0,26912.0,27148.0,26704.0,6019488454.419681,521319019334.69617,1.0,0.0,time,-0.001,0.0042450259241211775,516.0,536.0,4.0,12.0,12.0,1.071191668510437,0.76106425623099,5.0,9.132771074771881,2.8318839447399036,1.950842449688477,2.3888219815582503,0.2984600826361983,0.2528917193412781,1.0,1.0,0.11404705047607422,0.11404705047607422,0.0,0.11404705047607422,0.11404705047607422,0.11404705047607423,-0.0,0.0,0.2423900905512609,12.0,12.0,1.2742197036743164,0.8877995416522027,4.6,10.653594499826431,11.237467052042485,2.421033252195019,1.6,2.0,0.3887014865875244,0.3222930431365967,0.4,0.518481707572937,0.6318981051445007,0.30731705956654315,1,0.0,0.0
2023-05-15,26933.0,27228.0,27642.0,26771.0,14570026781.747086,527655229433.8867,1.0,0.0,time,-0.0049,0.01167357179516745,517.0,537.0,4.0,12.0,12.0,1.0557786226272583,0.7395166456699371,5.0,8.874199748039246,2.7510981014452884,1.8961746393781262,2.3897001946837326,0.2895286878562131,0.12587463855743408,1.0,1.0,0.06648385524749756,0.06648385524749756,0.0,0.06648385524749756,0.06648385524749756,0.06648385524749757,-0.0,0.0,0.03384612441917421,12.0,12.0,1.1846393823623658,0.8308795069654783,4.8,9.97055408358574,11.051330012083053,2.4137723889533147,1.2,2.0,0.3005591154098511,0.2677892208099365,0.2,0.3283766984939575,0.6265228509902954,0.1077501471526364,1,0.0,0.0
2023-05-16,27170.0,27023.0,27300.0,26932.0,12927093920.902998,523965691858.8659,1.0,0.0,time,-0.0093,-0.007557500349395138,518.0,538.0,4.0,12.0,12.0,1.0156493186950684,0.7779230028390884,4.0,9.335076034069061,2.8246256226369733,1.9209745451065288,2.4219029796966107,0.2443596270361741,0.2992422878742218,1.0,1.0,0.0639568567276001,0.0639568567276001,0.0,0.0639568567276001,0.0639568567276001,0.06395685672760011,-0.0,0.0,0.07590761499821208,12.0,12.0,1.110993218421936,0.8017668758829435,4.6,9.621202510595321,10.801466795802117,2.4125440126162587,1.0,1.8,0.21999311447143555,0.21999311447143555,0.0,0.21999311447143555,0.559797751903534,-0.0,1,0.0,0.0
2023-05-17,27037.0,27390.0,27448.0,26590.0,12580626234.913448,530762551513.4872,1.0,0.0,time,-0.0192,0.013489628038676883,519.0,539.0,4.0,12.0,12.0,0.9945781230926514,0.7154838778078556,5.0,8.585806533694267,2.625819434936977,1.8004615317720583,2.4104091659872897,0.25032005380731215,0.10228870809078217,0.0,0.0,0.0,0.0,0.0,0.0,0.0,0.0,0.0,0.0,0.0639568567276001,12.0,12.0,1.0471505403518677,0.7617990610500177,4.8,9.141588732600212,10.439230842888355,2.408937168621658,0.8,1.5,0.13136396408081055,0.13136396408081055,0.0,0.13136396408081055,0.4690560221672058,0.0,1,0.0,0.0
2023-05-18,27394.0,26843.0,27425.0,26517.0,12599487111.93878,520544913836.41003,1.0,1.0,time,0.0141,-0.020172903945265698,520.0,540.0,4.0,12.0,12.0,1.0048905611038208,0.6700226366519928,4.0,8.040271639823914,2.5175063082540516,1.7517596168782898,2.3813744277090168,0.2814655112954758,0.06586046516895294,0.0,0.0,0.0,0.0,0.0,0.0,0.0,0.0,0.0,0.0,0.0,12.0,12.0,1.0284176588058471,0.7328020838399729,4.6,8.793625006079674,10.045202897489071,2.39844174992698,0.6,1.3,0.04889755249023438,0.04889755249023438,0.0,0.04889755249023438,0.38725225925445556,0.0,1,0.0,0.0
2023-05-19,26847.0,26884.0,27049.0,26763.0,11559136131.368769,521153640362.9618,1.0,0.0,time,-0.0205,0.0015262347779983767,521.0,541.0,4.0,12.0,12.0,1.024044394493103,0.7041588611900806,4.0,8.449906334280968,2.6253445852663084,1.8146361078346698,2.3888398198015164,0.2802317151152164,0.16593597829341888,0.0,0.0,0.0,0.0,0.0,0.0,0.0,0.0,0.0,0.0,0.0,12.0,12.0,1.0189882040023803,0.721421004831791,4.4,8.657052057981492,9.65532327890396,2.398445317575633,0.4,1.0,0.026088142395019533,0.026088142395019533,0.0,0.026088142395019533,0.27228492498397827,0.0,1,0.0,0.0
2023-05-20,26876.0,27094.0,27139.0,26845.0,3882362454.219783,525040003344.1629,1.0,0.0,time,-0.0231,0.0077809870508251345,522.0,542.0,4.0,12.0,12.0,1.0607775449752808,0.6782858210305373,4.0,8.139429852366447,2.5516832238969376,1.7786947161402957,2.381010235578506,0.28726112032206114,0.25747090578079224,0.0,0.0,0.0,0.0,0.0,0.0,0.0,0.0,0.0,0.0,0.0,12.0,12.0,1.019987988471985,0.709174839903911,4.2,8.510098078846932,9.240326081216335,2.396707325754588,0.2,0.7,0.01279137134552002,0.01279137134552002,0.0,0.01279137134552002,0.17058403491973878,0.0,1,0.0,0.0
2023-05-21,27101.0,26774.0,27261.0,26667.0,8125825605.684245,519171380714.0945,1.0,0.0,time,-0.0021,-0.011881033794838656,523.0,543.0,4.0,12.0,12.0,1.1157846450805664,0.6738356451193491,5.0,8.08602774143219,2.578483482462289,1.8207187275447656,2.3630718529648767,0.3162176662956942,0.31247763335704803,0.0,0.0,0.0,0.0,0.0,0.0,0.0,0.0,0.0,0.0,0.0,12.0,12.0,1.0400150537490844,0.6883573683599631,4.4,8.260288420319558,8.94074546545744,2.384941100408241,0.0,0.5,0.0,0.0,0.0,0.0,0.10999655723571777,0.0,1,0.0,0.0
2023-05-22,26749.0,26870.0,27027.0,26543.0,8025716966.179398,520821915713.9187,1.0,0.0,time,-0.0008,0.0035791552636938837,524.0,544.0,4.0,12.0,12.0,1.1022617816925049,0.6170691897471746,5.0,7.404830276966095,2.3941242317533473,1.7137542350978294,2.351551134594219,0.31125260612640404,0.15680235624313354,0.0,0.0,0.0,0.0,0.0,0.0,0.0,0.0,0.0,0.0,0.0,12.0,12.0,1.0615517854690553,0.6686744307478268,4.4,8.024093168973923,8.582840950787068,2.373169494129627,0.0,0.4,0.0,0.0,0.0,0.0,0.06568198204040528,0.0,1,0.0,0.0
2023-05-23,26863.0,27223.0,27420.0,26794.0,11685763863.312372,527528695688.7587,1.0,0.0,lower,-0.033,0.013051781601523788,525.0,545.0,4.0,12.0,12.0,1.1381237506866455,0.5834747925400734,4.0,7.001697510480881,2.284999487241658,1.6631202166595696,2.3497340895678187,0.3076671164232619,0.21668845415115356,0.0,0.0,0.0,0.0,0.0,0.0,0.0,0.0,0.0,0.0,0.0,12.0,12.0,1.0881984233856201,0.651364861925443,4.4,7.816378343105316,8.305001674592495,2.3668414265013875,0.0,0.3,0.0,0.0,0.0,0.0,0.02444877624511719,0.0,1,0.0,0.0
2023-05-24,27222.0,26339.0,27223.0,26114.0,17477200137.10873,510987979871.2201,1.0,1.0,upper,0.0651,-0.03301147370661379,526.0,546.0,4.0,12.0,12.0,1.1739827394485474,0.5620047549406687,3.0,6.744057059288025,2.1620497465888997,1.5610872015866573,2.3719086151071007,0.2714570211245959,0.22626176476478577,0.0,0.0,0.0,0.0,0.0,0.0,0.0,0.0,0.0,0.0,0.0,12.0,12.0,1.118186092376709,0.6229340406755606,4.2,7.475208488106728,8.06613027304411,2.3634551855625046,0.0,0.2,0.0,0.0,0.0,0.0,0.013044071197509766,0.0,1,0.0,0.0
2023-05-25,26325.0,26476.0,26558.0,25887.0,11953749225.494001,513295724355.69904,1.0,1.0,upper,0.0599,0.005187931734366705,527.0,547.0,4.0,12.0,12.0,1.2349177598953247,0.6195922071735064,3.0,7.435106486082077,2.3228497235174426,1.6549889317786357,2.4056464869387395,0.25640085799443857,0.42495524883270264,1.0,1.0,0.191667377948761,0.191667377948761,0.0,0.191667377948761,0.191667377948761,0.19166737794876101,-0.0,0.0,0.191667377948761,12.0,12.0,1.1530141353607177,0.6111953179041544,4.0,7.334343814849854,7.922220946848393,2.368382435834551,0.2,0.2,0.0383334755897522,0.0383334755897522,0.0,0.0383334755897522,0.025562423467636108,-0.0,1,1.0,1.0
2023-05-26,26476.0,26718.0,26857.0,26355.0,10994037071.45216,517973731437.9403,1.0,1.0,upper,0.0508,0.009098833310943988,528.0,548.0,4.0,12.0,12.0,1.5673909187316895,0.7182512258489927,2.0,8.619014710187912,2.757014731518461,2.005050867426506,2.3809403739237616,0.3428450024679331,0.4174104332923889,1.0,1.0,0.3331563472747803,0.3331563472747803,0.0,0.3331563472747803,0.3331563472747803,0.3331563472747803,-0.0,0.0,0.26560263655398003,12.0,12.0,1.2433353900909423,0.6200784340500831,3.4,7.440941208600998,7.850614814460277,2.3719561400263283,0.4,0.2,0.10496474504470825,0.10496474504470825,0.0,0.10496474504470825,0.052482372522354125,-0.0,1,1.0,1.0
2023-05-27,26719.0,26848.0,26852.0,26630.0,6029471707.897409,520461980942.25433,1.0,1.0,upper,0.0459,0.004853834717175385,529.0,549.0,4.0,12.0,12.0,1.983258605003357,0.781714454293251,1.0,9.380573451519012,3.0947564784412265,2.3190088075321573,2.350502313112495,0.4324915995563765,0.8548260033130646,2.0,2.0,0.421550989151001,0.21412143111228943,1.0,0.42824286222457886,0.42160410057235,0.4215515512606312,0.08049043240246315,0.20742955803871155,1.4760523914446058,12.0,12.0,1.4195347547531127,0.6530074869592984,2.6,7.836089843511582,7.930091506242752,2.371746375729983,0.8,0.4,0.18927494287490845,0.14778903126716614,0.2,0.190613317489624,0.095306658744812,0.01609808648049263,1,0.0,0.0
2023-05-28,26851.0,28110.0,28155.0,26806.0,13144599279.47902,544879177078.8053,1.0,0.0,lower,-0.0468,0.04593405463364474,530.0,550.0,4.0,12.0,12.0,2.37485671043396,0.9139136796196302,1.0,10.966964155435562,3.6406952953175256,2.746284423959206,2.3452473535295626,0.5189575823864334,0.8035418093204498,2.0,2.0,0.48963868618011475,0.24870574474334717,1.0,0.49741148948669434,0.4897003772465687,0.4896393390997839,0.08049107390355256,0.24093294143676758,0.46751619756935525,12.0,12.0,1.6668813467025756,0.7190952643752098,2.0,8.629143172502518,8.222760757803917,2.370849028522332,1.2,0.6,0.2872026801109314,0.19753018021583557,0.4,0.2900956153869629,0.14504780769348144,0.03219630126120314,1,0.0,0.0
2023-05-29,28096.0,27760.0,28355.0,27567.0,13483205892.539595,538430950369.49817,1.0,0.0,time,-0.0247,-0.012529249279836735,531.0,551.0,4.0,12.0,12.0,1.9166197776794434,0.94544601192077,3.0,11.34535214304924,3.5801740845949346,2.5473560211912893,2.386209685921676,0.4174554405884248,0.6964761316776276,2.0,2.0,0.3570977449417114,0.18239185214042664,1.0,0.36478370428085327,0.35718044937176857,0.35709893179581126,0.10217430083595022,0.1747058928012848,0.12948292367496111,12.0,12.0,1.815408754348755,0.7957835157712301,2.0,9.54940218925476,8.512305338680743,2.373709242685247,1.6,0.8,0.35862222909927366,0.2340085506439209,0.6,0.36305235624313353,0.18152617812156677,0.05263116142839319,1,0.0,0.0
2023-05-30,27737.0,27714.0,28044.0,27650.0,12766436369.815956,537414074116.4985,1.0,0.0,time,-0.0203,-0.0016584349620803625,532.0,552.0,4.0,12.0,12.0,1.4606871604919434,0.8639154583215714,6.0,10.366985499858856,3.2239894406355045,2.2528066187733775,2.399585717315164,0.3461585479475152,0.653691440820694,2.0,2.0,0.3478614091873169,0.17771068215370178,1.0,0.35542136430740356,0.3479435484718802,0.34786259939406255,0.10294294399804246,0.1701507270336151,0.05378522612516395,12.0,12.0,1.8605626344680786,0.844648166000843,2.6,10.135777992010116,8.735060903429986,2.3724970887605314,1.8,1.0,0.38986103534698485,0.23121721148490906,0.8,0.39580315351486206,0.21706831455230713,0.07321975022800167,1,0.0,0.0
2023-05-31,27708.0,27245.0,27806.0,26890.0,10001106221.647074,528464394082.93866,1.0,0.0,lower,-0.0548,-0.01706768264146165,533.0,553.0,4.0,12.0,12.0,1.4514251947402954,0.8086374824245771,5.0,9.703649789094925,3.132128322150368,2.2259103187159788,2.3429319515289846,0.40450513909312513,0.3084028661251068,1.0,1.0,0.00787055492401123,0.00787055492401123,0.0,0.00787055492401123,0.00787055492401123,0.007870554924011232,-0.0,0.0,0.8758482020154339,12.0,12.0,1.8373694896697998,0.86272541731596,3.2,10.352705007791519,8.896823108196259,2.3648954042815764,1.8,1.1,0.32480387687683104,0.16616005301475525,0.8,0.33074599504470825,0.21785537004470826,0.07321975022800167,1,0.0,0.0
2023-06-01,27236.0,26824.0,27308.0,26704.0,12156086970.872988,520271910707.11273,1.0,0.0,lower,-0.0392,-0.015573008871134261,534.0,554.0,4.0,12.0,12.0,2.0510261058807373,0.9450434048970541,3.0,11.340520858764648,3.7099932069052515,2.686722536763727,2.3316400799982735,0.5038820256774814,0.11642858386039734,1.0,1.0,0.007817864418029785,0.007817864418029785,0.0,0.007817864418029785,0.007817864418029785,0.007817864418029787,-0.0,0.0,0.008690085683186199,12.0,12.0,1.850922989845276,0.8953912074367206,3.6,10.744694489240647,9.290392166376114,2.361122957658732,1.6,1.2,0.2420572519302368,0.12489933967590332,0.6,0.24666099548339843,0.21863715648651122,0.057121663747509044,1,0.0,0.0
2023-06-02,26812.0,27248.0,27304.0,26716.0,15428145241.775957,528508990069.2122,1.0,0.0,lower,-0.0549,0.015683114756404958,535.0,555.0,4.0,12.0,12.0,1.6426804065704346,0.9747102123995622,4.0,11.696522548794746,3.7183499001973166,2.6060938940909297,2.355810257371194,0.4495744286197595,0.6722583323717117,0.0,0.0,0.0,0.0,0.0,0.0,0.0,0.0,0.0,0.0,0.007817864418029785,12.0,12.0,1.7044877290725708,0.907550513992707,4.2,10.890606167912484,9.7598746702075,2.3632355384270585,1.2,1.2,0.14412951469421387,0.07515819072723388,0.4,0.14717869758605956,0.21863715648651122,0.041023448966798534,1,0.0,0.0
2023-06-03,27252.0,27084.0,27310.0,26996.0,6673279605.629511,525209390395.50604,1.0,0.0,lower,-0.0488,-0.0060369762969334625,536.0,556.0,4.0,12.0,12.0,1.4628583192825317,0.9810107083370289,5.0,11.772128500044346,3.6818391524902356,2.5508451706633255,2.374998524253902,0.40899831156405664,0.35319866985082626,0.0,0.0,0.0,0.0,0.0,0.0,0.0,0.0,0.0,0.0,0.0,12.0,12.0,1.6137354373931885,0.9146634532759587,4.6,10.975961439311504,10.262681814283132,2.360993306093504,0.8,1.2,0.07270996570587158,0.03867982029914856,0.2,0.07422195672988892,0.21863715648651122,0.020588588799608492,1,0.0,0.0
2023-06-04,27079.0,27156.0,27368.0,26975.0,6098045626.047618,529630092281.38684,1.0,0.0,lower,-0.0515,0.0026548688160017747,537.0,557.0,4.0,12.0,12.0,1.4677461385726929,1.0081136946876843,6.0,12.097364336252213,3.7253287762374607,2.559053178480568,2.3951047970729964,0.3744502452552556,0.2659240886569023,0.0,0.0,0.0,0.0,0.0,0.0,0.0,0.0,0.0,0.0,0.0,12.0,12.0,1.6151472330093384,0.9435031005491812,4.6,11.322037206590176,10.728907599300147,2.36009712204507,0.4,1.1,0.003137683868408203,0.003137683868408203,0.0,0.003137683868408203,0.19947041869163512,0.0,1,0.0,0.0
2023-06-05,27126.0,25793.0,27126.0,25444.0,21208433571.87331,500593893699.2183,1.0,1.0,upper,0.0537,-0.05149487915462742,538.0,558.0,4.0,12.0,12.0,2.0196521282196045,1.004646584391594,2.0,12.055759012699127,3.7151871012917286,2.6252238947012647,2.4209586468094138,0.37537071489929374,1.0821321308612823,0.0,0.0,0.0,0.0,0.0,0.0,0.0,0.0,0.0,0.0,0.0,12.0,12.0,1.7287926197052002,0.9827049209425848,4.0,11.792459051311017,11.072582029551267,2.375702461101156,0.2,1.0,0.0015635728836059571,0.0015635728836059571,0.0,0.0015635728836059571,0.16615478396415712,0.0,1,0.0,0.0
2023-06-06,25743.0,27217.0,27291.0,25460.0,22188018260.83246,527295592028.08093,1.0,0.0,time,-0.0489,0.053738640786020565,539.0,559.0,4.0,12.0,12.0,2.0123260021209717,1.0507088899612427,2.0,12.608506679534912,3.8823610119057483,2.7267750050761306,2.4188164467768707,0.3899633497140879,0.09120672941207886,0.0,0.0,0.0,0.0,0.0,0.0,0.0,0.0,0.0,0.0,0.0,12.0,12.0,1.721052598953247,1.0038380179554225,3.8,12.046056215465068,11.395375352352858,2.3931377344568756,0.0,0.8,0.0,0.0,0.0,0.0,0.12333049774169921,0.0,1,0.0,0.0
2023-06-07,27228.0,26346.0,27300.0,26227.0,14723854336.09437,510979921090.6337,1.0,0.0,time,-0.0167,-0.032525317263158354,540.0,560.0,4.0,12.0,12.0,1.7493847608566284,1.0253548274437587,3.0,12.304257929325104,3.760038235745729,2.6104763901070425,2.424205070886668,0.35609657729367156,0.5225127339363098,1.0,1.0,0.017584562301635742,0.017584562301635742,0.0,0.017584562301635742,0.017584562301635742,0.017584562301635746,-0.0,0.0,0.017584562301635742,12.0,12.0,1.742393469810486,1.0139669409642615,3.6,12.16760329157114,11.529104729741812,2.4068166971599703,0.2,0.7,0.0035169124603271484,0.0035169124603271484,0.0,0.0035169124603271484,0.07534780502319335,-0.0,1,0.0,0.0
2023-06-08,26349.0,26508.0,26754.0,26252.0,10197924963.780262,514279355771.4992,-1.0,1.0,time,-0.0243,0.006130113418345137,541.0,561.0,4.0,12.0,12.0,1.4096996784210205,0.9644458989302317,3.0,11.57335078716278,3.468383955506556,2.3640574292451375,2.443790669795142,0.26892014912348794,0.6141827702522278,0.0,0.0,0.0,0.0,0.0,0.0,0.0,0.0,0.0,0.0,0.017584562301635742,12.0,12.0,1.7317617416381836,1.010653979082902,3.2,12.127847748994828,11.551904594153166,2.420575126268218,0.2,0.5,0.0035169124603271484,0.0035169124603271484,0.0,0.0035169124603271484,0.038869434595108034,0.0,-1,0.0,0.0
2023-06-09,26500.0,26470.0,26756.0,26388.0,10464066236.48124,513226142603.1213,-1.0,1.0,lower,-0.0528,-0.0014345579869704966,542.0,562.0,4.0,12.0,12.0,2.5968759059906006,1.1544332653284073,2.0,13.853199183940887,4.3771604870319925,3.1732701568903634,2.396896525403978,0.5137233334581661,0.2061399221420288,0.0,0.0,0.0,0.0,0.0,0.0,0.0,0.0,0.0,0.0,0.0,12.0,12.0,1.9575876951217652,1.0399178932110469,2.4,12.479014718532563,11.90052596256137,2.4209334719344144,0.2,0.3,0.0035169124603271484,0.0035169124603271484,0.0,0.0035169124603271484,0.003327298164367676,0.0,-1,0.0,0.0
2023-06-10,26479.0,25858.0,26519.0,25510.0,9755626714.244692,501653860264.2029,-1.0,1.0,time,-0.0114,-0.023391985406648393,543.0,563.0,4.0,12.0,12.0,2.38481068611145,1.0832839931050937,2.0,12.999407917261124,4.088090910911336,2.9465890525306166,2.400344815499247,0.46819126960955465,0.54559326171875,0.0,0.0,0.0,0.0,0.0,0.0,0.0,0.0,0.0,0.0,0.0,12.0,12.0,2.030619406700134,1.0556453749537469,2.4,12.66774449944496,12.230101775377989,2.4168107056723813,0.2,0.2,0.0035169124603271484,0.0035169124603271484,0.0,0.0035169124603271484,0.0025402426719665526,0.0,-1,0.0,0.0
2023-06-11,25854.0,25917.0,26164.0,25696.0,10439993428.365507,502683000962.43024,-1.0,0.0,time,0.0157,0.0022790932124953007,544.0,564.0,4.0,12.0,12.0,1.4570460319519043,1.0305630241831143,4.0,12.366756290197372,3.6784835826448288,2.4937225700223355,2.4522235846151137,0.2560142746713841,1.195184737443924,1.0,1.0,0.0951075553894043,0.0951075553894043,0.0,0.0951075553894043,0.0951075553894043,0.09510755538940431,-0.0,0.0,0.0951075553894043,12.0,12.0,1.9195634126663208,1.0516162017981212,2.8,12.619394421577454,12.33272531852126,2.4234921332400297,0.4,0.2,0.022538423538208008,0.022538423538208008,0.0,0.022538423538208008,0.011269211769104004,-0.0,-1,0.0,0.0
2023-06-12,25924.0,25910.0,26049.0,25681.0,9761691909.31603,502562686069.16986,-1.0,0.0,time,0.0226,-0.0002701294708382078,545.0,565.0,4.0,12.0,12.0,1.2854185104370117,0.9025404304265976,4.0,10.830485165119171,3.2804807308706403,2.2417880969589876,2.426360911873015,0.2867349360992417,0.5047107040882111,1.0,1.0,0.0167238712310791,0.0167238712310791,0.0,0.0167238712310791,0.0167238712310791,0.016723871231079105,-0.0,0.0,0.21861554434921546,12.0,12.0,1.8267701625823975,1.0270533223946887,3.0,12.324639868736266,12.246121580153703,2.4239233014372994,0.4,0.3,0.02236628532409668,0.02236628532409668,0.0,0.02236628532409668,0.012941598892211914,-0.0,-1,0.0,0.0
2023-06-13,25912.0,25872.0,26354.0,25739.0,9921875985.888603,501752262681.7188,-1.0,0.0,time,0.0177,-0.001467691739267535,546.0,566.0,4.0,12.0,12.0,1.9581633806228638,0.9932881941397985,3.0,11.919458329677582,3.7355967665423746,2.642113464787536,2.392080147094598,0.4198438164754268,0.28537797927856445,0.0,0.0,0.0,0.0,0.0,0.0,0.0,0.0,0.0,0.0,0.0167238712310791,12.0,12.0,1.936462903022766,1.0328217814366023,3.0,12.393861377239228,12.260854563117027,2.41358119689719,0.4,0.3,0.02236628532409668,0.02236628532409668,0.0,0.02236628532409668,0.012941598892211914,0.0,-1,0.0,0.0
2023-06-14,25940.0,25108.0,26047.0,24880.0,11982737579.702812,487262840554.6715,-1.0,0.0,upper,0.0474,-0.029974782379465725,547.0,567.0,4.0,12.0,12.0,1.7431567907333374,0.9276000695923964,3.0,11.131200835108757,3.4816216867244605,2.448287643063036,2.391324430535998,0.3869094317124114,0.6230377107858658,0.0,0.0,0.0,0.0,0.0,0.0,0.0,0.0,0.0,0.0,0.0,12.0,12.0,1.7657190799713134,0.9874551422894001,3.2,11.849461707472802,12.164238213002681,2.412466777923594,0.4,0.3,0.02236628532409668,0.02236628532409668,0.0,0.02236628532409668,0.012941598892211914,0.0,-1,0.0,0.0
2023-06-15,25113.0,25565.0,25694.0,24852.0,15184095954.029512,495788386559.10156,-1.0,0.0,upper,0.0464,0.018037708076677376,548.0,568.0,4.0,12.0,12.0,1.2224435806274414,0.902924157679081,5.0,10.835089892148972,3.2678122213768854,2.22314679271177,2.4294500285447054,0.27315018761577553,0.9213183969259262,0.0,0.0,0.0,0.0,0.0,0.0,0.0,0.0,0.0,0.0,0.0,12.0,12.0,1.5332456588745118,0.9513831752041977,3.8,11.41659810245037,12.042171300947667,2.418287820532686,0.4,0.3,0.02236628532409668,0.02236628532409668,0.0,0.02236628532409668,0.012941598892211914,0.0,-1,0.0,0.0
2023-06-16,25578.0,26327.0,26454.0,25292.0,13604025863.641972,510906153487.60516,-1.0,0.0,upper,0.0734,0.029370800011550104,549.0,569.0,4.0,12.0,12.0,1.2187188863754272,0.8714088921745619,4.0,10.456906706094742,3.1680464159142936,2.1606144525694497,2.4237700916149905,0.2775302693786505,0.07325166463851929,0.0,0.0,0.0,0.0,0.0,0.0,0.0,0.0,0.0,0.0,0.0,12.0,12.0,1.4855802297592162,0.919552348802487,3.8,11.034628185629845,11.82701130360365,2.4125971219326616,0.2,0.3,0.0033447742462158203,0.0033447742462158203,0.0,0.0033447742462158203,0.012941598892211914,0.0,-1,0.0,0.0
2023-06-17,26328.0,26501.0,26723.0,26183.0,9533422254.890303,514331114457.8236,-1.0,0.0,upper,0.0668,0.006587439585741206,550.0,570.0,4.0,12.0,12.0,1.2210066318511963,0.8106520337363085,5.0,9.727824404835701,3.0277617235566487,2.0965434532417384,2.3882055860575515,0.3267848957424661,0.038281023502349854,0.0,0.0,0.0,0.0,0.0,0.0,0.0,0.0,0.0,0.0,0.0,12.0,12.0,1.4726978540420532,0.9011746694644293,4.0,10.81409603357315,11.569367951154709,2.404966056769569,0.0,0.2,0.0,0.0,0.0,0.0,0.01118314266204834,0.0,-1,0.0,0.0
2023-06-18,26508.0,26333.0,26647.0,26333.0,8589379740.11672,511384956032.88007,-1.0,0.0,upper,0.0731,-0.006359562638306207,551.0,571.0,4.0,12.0,12.0,1.4078288078308105,0.9291934842864672,5.0,11.150321811437607,3.487571757526086,2.4222859061939785,2.381849911847926,0.3875511137265736,0.4045048803091049,0.0,0.0,0.0,0.0,0.0,0.0,0.0,0.0,0.0,0.0,0.0,12.0,12.0,1.3626309394836427,0.888355727493763,4.4,10.660268729925155,11.527065053582191,2.4029200097202343,0.0,0.2,0.0,0.0,0.0,0.0,0.01118314266204834,0.0,-1,0.0,0.0
2023-06-19,26340.0,26779.0,26936.0,26340.0,6651894946.454161,519667661979.1768,-1.0,0.0,upper,0.0563,0.016795092775397806,552.0,572.0,4.0,12.0,12.0,1.463908314704895,0.9364894330501556,4.0,11.237873196601868,3.4919203365512925,2.4192954882978586,2.3917011158113515,0.3729787905325259,0.37986060976982117,0.0,0.0,0.0,0.0,0.0,0.0,0.0,0.0,0.0,0.0,0.0,12.0,12.0,1.306781244277954,0.8901336001853147,4.6,10.681603202223778,11.26553245484829,2.402995346775305,0.0,0.2,0.0,0.0,0.0,0.0,0.01118314266204834,0.0,-1,0.0,0.0
2023-06-20,26787.0,28331.0,28331.0,26667.0,19958565664.552258,549330089183.52325,-1.0,0.0,upper,0.0606,0.05633861322349515,553.0,573.0,4.0,12.0,12.0,2.4083268642425537,0.9926697549720606,2.0,11.912037059664726,3.9193973432915006,2.8933781043318456,2.3379913958303153,0.542905503238899,0.5416709780693054,0.0,0.0,0.0,0.0,0.0,0.0,0.0,0.0,0.0,0.0,0.0,12.0,12.0,1.5439579010009765,0.9080827196439107,4.0,10.896992635726928,11.15679536908865,2.3847036202324268,0.0,0.2,0.0,0.0,0.0,0.0,0.01118314266204834,0.0,-1,0.0,0.0
2023-06-21,28334.0,30102.0,30664.0,28291.0,23757254196.777027,584070487996.789,-1.0,0.0,time,0.0061,0.0606350032403302,554.0,574.0,4.0,12.0,12.0,1.705101728439331,0.77267058690389,2.0,9.27204704284668,3.127626567442022,2.326473198620836,2.304663621959221,0.4670661904352481,2.109318658709526,0.0,0.0,0.0,0.0,0.0,0.0,0.0,0.0,0.0,0.0,0.0,12.0,12.0,1.6412344694137573,0.8883350585897765,3.6,10.660020703077317,10.84732444435358,2.3608823263012733,0.0,0.1,0.0,0.0,0.0,0.0,0.0016723871231079102,0.0,-1,0.0,0.0
2023-06-22,30070.0,29936.0,30442.0,29755.0,19613389213.798763,581473706978.9268,-1.0,0.0,time,0.025,-0.005529845198437141,555.0,575.0,4.0,12.0,12.0,1.4132963418960571,0.6696939269701639,2.0,8.036327123641968,2.6545820971515885,1.9494775271090983,2.3286121669138384,0.37248340462687,1.0235242545604706,0.0,0.0,0.0,0.0,0.0,0.0,0.0,0.0,0.0,0.0,0.0,12.0,12.0,1.6796924114227294,0.8601434372365475,3.0,10.32172124683857,10.56790864020586,2.3489636424725306,0.0,0.0,0.0,0.0,0.0,0.0,0.0,0.0,-1,0.0,0.0
2023-06-23,29939.0,30629.0,31257.0,29888.0,22630955878.97284,594588611688.3142,-1.0,1.0,time,-0.018,0.022885503049018693,556.0,576.0,4.0,12.0,12.0,1.1851625442504883,0.5590085374812285,2.0,6.708102449774742,2.219639398073687,1.6323149086275304,2.3269953420493326,0.3131709487588333,0.6779669970273972,0.0,0.0,0.0,0.0,0.0,0.0,0.0,0.0,0.0,0.0,0.0,12.0,12.0,1.635159158706665,0.7861064478754998,2.4,9.433277374505996,10.046773052215576,2.3379927285128117,0.0,0.0,0.0,0.0,0.0,0.0,0.0,0.0,-1,0.0,0.0
2023-06-24,30674.0,30538.0,30817.0,30352.0,11736119929.84371,592912110031.5245,-1.0,1.0,time,-0.0023,-0.0029754628194324736,557.0,577.0,4.0,12.0,12.0,1.0554656982421875,0.583320843676726,3.0,6.999850124120712,2.250269545640766,1.619208905469062,2.362912101222987,0.28585464663379334,0.4338579624891281,1.0,1.0,0.015565752983093262,0.015565752983093262,0.0,0.015565752983093262,0.015565752983093262,0.015565752983093265,-0.0,0.0,0.015565752983093262,12.0,12.0,1.5534706354141234,0.7154727300008138,2.2,8.585672760009766,9.633637981116772,2.332234925595139,0.2,0.1,0.0031131505966186523,0.0031131505966186523,0.0,0.0031131505966186523,0.0015565752983093262,-0.0,-1,0.0,0.0
2023-06-25,30547.0,30455.0,30984.0,30357.0,12076819255.30491,591387700082.1104,1.0,1.0,time,0.0009,-0.002721625472871986,558.0,578.0,4.0,12.0,12.0,0.9727842211723328,0.5738441335658232,4.0,6.886129602789879,2.226360372534921,1.5985188897233806,2.3522148665024125,0.28941254189289894,0.3810631185770035,0.0,0.0,0.0,0.0,0.0,0.0,0.0,0.0,0.0,0.0,0.015565752983093262,12.0,12.0,1.2663621068000794,0.6317076057195663,2.6,7.5804912686347965,9.238741952180863,2.3350796197295582,0.2,0.1,0.0031131505966186523,0.0031131505966186523,0.0,0.0031131505966186523,0.0015565752983093262,0.0,1,0.0,0.0
2023-06-26,30469.0,30286.0,30635.0,30011.0,16032184116.631308,587134340343.6245,1.0,1.0,time,0.0098,-0.005564624753984153,559.0,579.0,4.0,12.0,12.0,0.9328446984291077,0.5198993931214014,4.0,6.238792717456818,2.0611788374550253,1.4937251173350015,2.3217876539172098,0.28938349013555664,0.21231716871261597,0.0,0.0,0.0,0.0,0.0,0.0,0.0,0.0,0.0,0.0,0.0,12.0,12.0,1.1119107007980347,0.5811533669630686,3.0,6.9738404035568236,8.81693055331707,2.338504426121156,0.2,0.1,0.0031131505966186523,0.0031131505966186523,0.0,0.0031131505966186523,0.0015565752983093262,0.0,1,0.0,0.0
2023-06-27,30272.0,30694.0,30834.0,30254.0,14411853963.110468,595427193050.2291,1.0,0.0,time,-0.004,0.013381636218439496,560.0,580.0,4.0,12.0,12.0,0.8786852955818176,0.47558785292009514,4.0,5.7070542350411415,1.9061143932183597,1.392837927123607,2.3112651597397833,0.27674693763624014,0.32249822467565536,0.0,0.0,0.0,0.0,0.0,0.0,0.0,0.0,0.0,0.0,0.0,12.0,12.0,1.0049884915351868,0.5423321521530549,3.4,6.507985825836658,8.414853536337613,2.335035024686345,0.2,0.1,0.0031131505966186523,0.0031131505966186523,0.0,0.0031131505966186523,0.0015565752983093262,0.0,1,0.0,0.0
2023-06-28,30677.0,30083.0,30677.0,30017.0,8489428028.028098,584187696961.3756,1.0,1.0,time,0.0344,-0.020106967601819882,561.0,581.0,4.0,12.0,12.0,0.860791027545929,0.5018250017116467,5.0,6.021900020539761,1.9993592566409766,1.4444988692446998,2.3108511402675207,0.28511656227486265,0.07469700276851654,0.0,0.0,0.0,0.0,0.0,0.0,0.0,0.0,0.0,0.0,0.0,12.0,12.0,0.940114188194275,0.5308954449991384,4.0,6.3707453399896625,7.902011357247829,2.331806184329982,0.2,0.1,0.0031131505966186523,0.0031131505966186523,0.0,0.0031131505966186523,0.0015565752983093262,0.0,1,0.0,0.0
2023-06-29,30086.0,30467.0,30734.0,30062.0,12545425127.446297,591688337868.8445,1.0,1.0,time,0.0101,0.012683902500097141,562.0,582.0,4.0,12.0,12.0,0.8558939695358276,0.5537496159474055,6.0,6.644995391368866,2.128377056779345,1.5074012725148702,2.359725397306444,0.26619623868522246,0.10505605489015579,0.0,0.0,0.0,0.0,0.0,0.0,0.0,0.0,0.0,0.0,0.0,12.0,12.0,0.9001998424530029,0.5249811994532744,4.6,6.299774393439293,7.442723576724529,2.331168843546674,0.0,0.1,0.0,0.0,0.0,0.0,0.0015565752983093262,0.0,1,0.0,0.0
2023-06-30,30466.0,30481.0,31240.0,29771.0,21422361050.823097,591722375245.7673,1.0,1.0,time,0.0001,0.0004594080280314491,563.0,583.0,4.0,12.0,12.0,0.8268088102340698,0.5221558927247921,6.0,6.265870712697506,2.047869501987416,1.4593172345131205,2.3266471328261717,0.27718949316960817,0.12008346617221832,0.0,0.0,0.0,0.0,0.0,0.0,0.0,0.0,0.0,0.0,0.0,12.0,12.0,0.8710047602653503,0.5146435512850681,5.0,6.175722615420819,6.878106942027808,2.3260552968114263,0.0,0.1,0.0,0.0,0.0,0.0,0.0015565752983093262,0.0,1,0.0,0.0
2023-07-01,30463.0,30584.0,30625.0,30334.0,4210431244.4326854,593625140902.5646,1.0,0.0,time,-0.0196,0.003373457714899704,564.0,584.0,4.0,12.0,12.0,0.8304539322853088,0.52247836937507,6.0,6.269740432500839,2.0535769341207115,1.4648369477389922,2.323773749636202,0.2800854730813786,0.025772280991077423,0.0,0.0,0.0,0.0,0.0,0.0,0.0,0.0,0.0,0.0,0.0,12.0,12.0,0.8505266070365906,0.5151593465358018,5.4,6.181912158429623,6.577876280993223,2.326452515955224,0.0,0.1,0.0,0.0,0.0,0.0,0.0015565752983093262,0.0,1,0.0,0.0
2023-07-02,30588.0,30572.0,30743.0,30459.0,7236318143.905301,593627203721.8534,1.0,0.0,time,-0.0084,-0.00039243901347403836,565.0,585.0,4.0,12.0,12.0,0.8423265218734741,0.4847415549059709,5.0,5.816898658871651,1.935245492114319,1.4015460791939418,2.311649672107658,0.2777112730452397,0.08464016020298004,0.0,0.0,0.0,0.0,0.0,0.0,0.0,0.0,0.0,0.0,0.0,12.0,12.0,0.8432548522949219,0.516990086932977,5.6,6.203881043195724,6.355933434516191,2.326529418428799,0.0,0.1,0.0,0.0,0.0,0.0,0.0015565752983093262,0.0,1,0.0,0.0
2023-07-03,30623.0,31135.0,31384.0,30596.0,14755008156.77765,604507839820.0979,1.0,0.0,time,-0.0284,0.01824803094377766,566.0,586.0,4.0,12.0,12.0,0.8308717012405396,0.4452075306326151,4.0,5.342490367591381,1.7917721241076872,1.3150467727280208,2.3108310511872814,0.2633012217887658,0.07636735588312149,0.0,0.0,0.0,0.0,0.0,0.0,0.0,0.0,0.0,0.0,0.0,12.0,12.0,0.837270987033844,0.5056665927171707,5.4,6.067999112606048,6.219372226297855,2.326525400612751,0.0,0.1,0.0,0.0,0.0,0.0,0.0015565752983093262,0.0,1,0.0,0.0
2023-07-04,31159.0,30776.0,31319.0,30660.0,12403890725.264545,598449423994.1252,1.0,0.0,time,-0.0199,-0.011597422874421262,567.0,587.0,4.0,12.0,12.0,0.8633807301521301,0.43755155118803185,4.0,5.250618614256382,1.8266100682290844,1.36017460277212,2.2612044857287485,0.29426292409895755,0.20890861749649048,0.0,0.0,0.0,0.0,0.0,0.0,0.0,0.0,0.0,0.0,0.0,12.0,12.0,0.8387683391571045,0.48242697976529597,5.0,5.789123757183551,6.044449075311422,2.3068212182972125,0.0,0.0,0.0,0.0,0.0,0.0,0.0,0.0,1,0.0,0.0
2023-07-05,30764.0,30485.0,30874.0,30236.0,10260132141.46154,592386606697.3153,1.0,0.0,time,-0.003,-0.009500406090214563,568.0,588.0,4.0,12.0,12.0,0.9568490386009216,0.4489649428675572,4.0,5.3875793144106865,1.9582576552120345,1.486520581417873,2.2011969746195277,0.3435038579487025,0.46015655249357224,0.0,0.0,0.0,0.0,0.0,0.0,0.0,0.0,0.0,0.0,0.0,12.0,12.0,0.8647763848304748,0.46778878979384897,4.6,5.613465477526188,5.894594046473503,2.281731186655884,0.0,0.0,0.0,0.0,0.0,0.0,0.0,0.0,1,0.0,0.0
2023-07-06,30506.0,29990.0,31480.0,29968.0,21776707863.503353,583429029204.2451,1.0,1.0,time,0.0208,-0.016370766598861736,569.0,589.0,4.0,12.0,12.0,1.0469187498092651,0.4437872879207134,3.0,5.325447455048561,1.9592644002031447,1.5223162245004518,2.2068267625804685,0.35063645784762143,0.4688478782773018,0.0,0.0,0.0,0.0,0.0,0.0,0.0,0.0,0.0,0.0,0.0,12.0,12.0,0.9080693483352661,0.45205057350297767,4.0,5.424606882035732,5.803259520232677,2.258341789244737,0.0,0.0,0.0,0.0,0.0,0.0,0.0,0.0,1,0.0,0.0
2023-07-07,29945.0,30315.0,30422.0,29904.0,13018507892.814608,588811434763.8912,1.0,1.0,time,0.003,0.01077864676277632,570.0,590.0,4.0,12.0,12.0,1.1731328964233398,0.4339758325368166,2.0,5.207709990441799,1.914654764182491,1.523938362976612,2.2311601227898494,0.34228187546894173,0.5142999514937401,1.0,1.0,0.022039473056793213,0.022039473056793213,0.0,0.022039473056793213,0.022039473056793213,0.022039473056793216,-0.0,0.0,0.022039473056793213,12.0,12.0,0.9742306232452392,0.44189742902914686,3.4,5.302769148349762,5.753325095772743,2.242243879381175,0.2,0.1,0.004407894611358642,0.004407894611358642,0.0,0.004407894611358642,0.002203947305679321,-0.0,1,0.0,0.0
2023-07-08,30351.0,30264.0,30351.0,30090.0,5608541981.756295,587678367157.9867,1.0,1.0,upper,0.0383,-0.0016837521929659242,571.0,591.0,4.0,12.0,12.0,1.366434931755066,0.5171020751198133,3.0,6.205224901437759,2.2773348222946446,1.7992293406100468,2.227336007501826,0.40594737135466796,0.5798741653561592,1.0,1.0,0.05381426215171814,0.05381426215171814,0.0,0.05381426215171814,0.05381426215171814,0.05381426215171815,-0.0,0.0,0.122531428283094,12.0,12.0,1.0813432693481446,0.4562763379265865,3.2,5.475316055119038,5.7716575838625435,2.2255448706440837,0.4,0.2,0.01517074704170227,0.01517074704170227,0.0,0.01517074704170227,0.007585373520851135,-0.0,1,0.0,0.0
2023-07-09,30298.0,30170.0,30445.0,30096.0,7559670230.189486,585883986681.1711,1.0,1.0,upper,0.0414,-0.00311083415975839,572.0,592.0,4.0,12.0,12.0,1.8256278038024902,0.6353178707261881,2.0,7.623814448714256,2.891809594535131,2.3463016677155766,2.202109097852536,0.5415269436723001,1.3380303084850311,2.0,2.0,0.06349319219589233,0.03178127110004425,1.0,0.0635625422000885,0.06349323006941453,0.06349319222347041,0.00853209623170728,0.031711921095848083,0.6520786749783942,12.0,12.0,1.2737926840782166,0.49582960183421776,2.8,5.949955222010613,5.8695394895970825,2.213725793068842,0.8,0.4,0.027869385480880738,0.021527001261711122,0.2,0.027883255481719972,0.013941627740859986,0.001706419246341456,1,0.0,0.0
2023-07-10,30154.0,30394.0,30994.0,29988.0,12835219756.96589,590311894648.7518,1.0,1.0,upper,0.034,0.007397167340443769,573.0,593.0,4.0,12.0,12.0,3.2023212909698486,0.8804067100087801,1.0,10.564880520105362,3.9566965020080946,3.33421513213292,2.249109044428366,0.7276706849404979,2.1176712661981583,3.0,3.0,0.1113729476928711,0.05434093872706095,1.0,0.16302281618118286,0.12271554612369874,0.11493450933199922,0.6297146691074078,0.04546167761687879,1.5349008375796278,12.0,12.0,1.722887134552002,0.5821179552624622,2.2,6.985415463149548,6.299440470337868,2.223308207030609,1.4,0.7,0.05014397501945496,0.03239518900712331,0.4,0.06048781871795654,0.03024390935897827,0.12764935306782302,1,0.0,0.0
2023-07-11,30405.0,30621.0,30718.0,30372.0,11753418050.421658,594749192359.1351,1.0,0.0,time,-0.0126,0.007440827578057656,574.0,594.0,4.0,12.0,12.0,1.9222893714904785,1.3134854088226955,4.0,15.761824905872345,4.772557096388248,3.2766064365256438,2.431612600396113,0.41576978886602084,2.2999984323978424,3.0,3.0,0.2093498706817627,0.10214567184448242,1.0,0.30643701553344727,0.23067073922018463,0.21604459136537213,0.6297138924345936,0.08545520288959271,1.5511640509314466,12.0,12.0,1.8979612588882446,0.7560575794428587,2.4,9.072690953314304,7.248648917675018,2.268265374593738,2.0,1.0,0.09201394915580749,0.05282432337601979,0.6,0.121775221824646,0.060887610912323,0.25359213155474175,1,0.0,0.0
2023-07-12,30620.0,30407.0,30904.0,30250.0,13072555444.262321,590629381260.7114,1.0,1.0,upper,0.0336,-0.007013203025892321,575.0,595.0,4.0,12.0,12.0,1.9549098014831543,1.356412336230278,4.0,16.276948034763336,4.879418741257197,3.3238360268864895,2.442510024951036,0.37974488607482704,0.42098748683929443,3.0,3.0,0.5921661853790283,0.22050579388936362,1.0,0.6615173816680908,0.5961859222516928,0.5924798518065535,0.3379718712818853,0.2643036375552217,0.2649755049101652,12.0,12.0,2.0543166399002075,0.940544880181551,2.8,11.286538562178611,8.294653855264187,2.3105353550259755,2.4,1.3,0.20603929162025453,0.09251758754253388,0.8,0.24967080354690552,0.12703934907913209,0.32118650581111885,1,0.0,0.0
2023-07-13,30408.0,31446.0,31686.0,30262.0,21254274345.702217,610725509598.8464,1.0,0.0,lower,-0.0367,0.033598943984505525,576.0,596.0,4.0,12.0,12.0,1.6372807025909424,1.1187359889348347,4.0,13.424831867218018,4.012361751727866,2.7262664463660493,2.445724841511935,0.30002836969647223,0.992675244808197,2.0,2.0,0.057884931564331055,0.029041647911071777,1.0,0.058083295822143555,0.05788527144780498,0.0578849323408248,0.022805878324785207,0.028843283653259277,2.020819825682699,12.0,12.0,2.108485794067383,1.0608716629445554,3.0,12.730459955334663,9.10288800522685,2.354213121827997,2.6,1.5,0.2068534255027771,0.0875630646944046,1.0,0.2505246102809906,0.13284767866134645,0.32574768147607586,1,0.0,0.0
2023-07-14,31460.0,30312.0,31520.0,30024.0,21977151420.853252,588107447250.1327,1.0,0.0,time,-0.013,-0.03672811533178451,577.0,597.0,4.0,12.0,12.0,1.6287126541137695,1.185958797732989,3.0,14.231505572795868,4.20290576111929,2.8352198133195237,2.460748454606376,0.25600091109967976,0.2406446933746338,2.0,2.0,0.20724117755889893,0.13241159915924072,1.0,0.26482319831848145,0.215092061198818,0.20871249944440481,0.5236432153330645,0.0748295783996582,0.7102088947310207,12.0,12.0,2.0691027641296387,1.1709998483459154,3.2,14.051998180150985,10.000976701080798,2.405940993178765,2.6,1.7,0.2356030225753784,0.1076891303062439,1.0,0.2907767415046692,0.15932999849319457,0.4287699052963473,1,0.0,0.0
2023-07-15,30316.0,30298.0,30388.0,30275.0,6233916918.782722,588642134563.5204,1.0,0.0,time,-0.017,-0.00046196998016784756,578.0,598.0,4.0,12.0,12.0,1.5366390943527222,1.1449019213517506,3.0,13.738823056221008,4.023392634774092,2.6945093493539556,2.4698860798001046,0.19538069236221137,0.2952844500541687,0.0,0.0,0.0,0.0,0.0,0.0,0.0,0.0,0.0,0.0,0.26482319831848145,12.0,12.0,1.7359663248062134,1.2238988906145096,3.6,14.686786687374115,10.836101075261832,2.450096400253113,2.0,1.7,0.2133284330368042,0.09682094256083171,0.8,0.25817217826843264,0.15932999849319457,0.30282697147486576,1,0.0,0.0
2023-07-16,30306.0,30237.0,30442.0,30149.0,8356410453.563714,586391434733.7153,1.0,0.0,time,-0.0107,-0.002015363695281359,579.0,599.0,4.0,12.0,12.0,2.3251469135284424,1.1372451484203339,2.0,13.646941781044006,4.197414003428741,2.9754837072854947,2.426102037576417,0.4181672297969481,0.3524448871612549,1.0,1.0,0.005442261695861816,0.005442261695861816,0.0,0.005442261695861816,0.005442261695861816,0.005442261695861818,-0.0,0.0,0.005442261695861816,12.0,12.0,1.8165378332138062,1.1886508385340373,3.2,14.263810062408448,11.668250507861377,2.4489942876891737,1.6,1.8,0.172546911239624,0.0774802605311076,0.6,0.19797322750091553,0.15987422466278076,0.176884192987947,1,0.0,0.0
2023-07-17,30245.0,30148.0,30331.0,29793.0,10974383371.546566,585500720965.1113,1.0,0.0,time,-0.0146,-0.0029477540596271486,580.0,600.0,4.0,12.0,12.0,3.1734912395477295,1.184193268418312,1.0,14.210319221019745,4.646550163676903,3.5414400363722964,2.3776163809330972,0.6299910091923876,1.1077329516410828,1.0,1.0,0.005359530448913574,0.005359530448913574,0.0,0.005359530448913574,0.005359530448913574,0.005359530448913576,-0.0,0.0,0.03551686024291078,12.0,12.0,2.060254120826721,1.154207024971644,2.6,13.85048429965973,12.56851143091917,2.4360155588855856,1.2,1.8,0.055185580253601076,0.03445100784301758,0.4,0.06674165725708008,0.1582062304019928,0.10928981873156993,1,0.0,0.0
2023-07-18,30152.0,29848.0,30236.0,29720.0,13152758553.030825,579708613537.5165,1.0,1.0,time,0.007,-0.010000750062366778,581.0,601.0,4.0,12.0,12.0,2.986145496368408,1.1380296101172764,1.0,13.656355321407318,4.439981562083983,3.3603652859529305,2.381393383704669,0.5896396886801271,0.509127676486969,1.0,1.0,0.00504302978515625,0.00504302978515625,0.0,0.00504302978515625,0.00504302978515625,0.005043029785156252,-0.0,0.0,0.13558010575622714,12.0,12.0,2.3300270795822144,1.1580657492081325,2.0,13.896788990497589,13.313624472916127,2.4231492673241326,1.0,1.8,0.044617199897766115,0.029651284217834473,0.2,0.056133604049682616,0.1533291071653366,0.10472864306661289,1,0.0,0.0
2023-07-19,29855.0,29920.0,30176.0,29816.0,8545620844.326587,581327322356.8716,1.0,0.0,time,-0.0249,0.0024093171874198724,582.0,602.0,4.0,12.0,12.0,2.9109864234924316,1.062056655685107,1.0,12.744679868221283,4.209066848185605,3.2319017127495333,2.367749505871394,0.5902451223767616,0.2848626375198364,1.0,1.0,0.004916071891784668,0.004916071891784668,0.0,0.004916071891784668,0.004916071891784668,0.00491607189178467,-0.0,0.0,0.05439184649301891,12.0,12.0,2.5864818334579467,1.133285320798556,1.6,13.599423849582672,13.82571101486683,2.4045494775771363,0.8,1.7,0.004152178764343262,0.004152178764343262,0.0,0.004152178764343262,0.14746446013450623,-0.0,1,0.0,0.0
2023-07-20,29926.0,29787.0,30391.0,29688.0,11117456853.464512,579308712612.258,1.0,0.0,time,-0.0191,-0.004455096386709704,583.0,603.0,4.0,12.0,12.0,2.7308311462402344,1.000848613679409,2.0,12.010183364152908,4.1325371846210235,3.1923844923033036,2.308397012854071,0.6491974668919773,0.6625877618789673,1.0,1.0,0.004611968994140625,0.004611968994140625,0.0,0.004611968994140625,0.004611968994140625,0.004611968994140627,-0.0,0.0,0.13037647987030826,12.0,12.0,2.825320243835449,1.1044746592640877,1.4,13.253695911169052,13.970241299271583,2.3722516641879294,1.0,1.5,0.0050745725631713865,0.0050745725631713865,0.0,0.0050745725631713865,0.131623375415802,-0.0,1,0.0,0.0
2023-07-21,29794.0,29915.0,30012.0,29758.0,8492627980.9282,581397880391.4172,1.0,0.0,time,-0.0186,0.004287970122428343,584.0,604.0,4.0,12.0,12.0,2.647627115249634,1.109307033320268,3.0,13.311684399843216,4.545122392781861,3.4264888678794003,2.30267695832671,0.700677793002446,0.2998926639556885,2.0,2.0,0.004471302032470703,0.0031807422637939453,1.0,0.006361484527587891,0.004854413634047276,0.004581175717226613,0.6084121783471486,0.0012905597686767578,1.9762736435894954,12.0,12.0,2.8898162841796875,1.0988870362440746,1.6,13.186644434928894,13.72522724866867,2.3475666483379882,1.2,1.4,0.004880380630493164,0.004622268676757813,0.2,0.005258417129516602,0.10161582231521607,0.12168243566942971,1,0.0,0.0
2023-07-22,29904.0,29710.0,29981.0,29682.0,6745541064.873876,577068525402.119,1.0,0.0,time,-0.0173,-0.006876337367478857,585.0,605.0,4.0,12.0,12.0,2.522878646850586,1.1209789589047432,3.0,13.451747506856918,4.496400943274728,3.3299529441692433,2.321194513581188,0.6543760085631146,0.5062656998634338,2.0,2.0,0.03914177417755127,0.02047145366668701,1.0,0.04094290733337402,0.039183192396886495,0.03914304539864132,0.18042769378507698,0.018670320510864258,0.20963630830176505,12.0,12.0,2.7596937656402587,1.086244174341361,2.0,13.034930092096328,13.442707195878029,2.3362822748676066,1.4,1.3,0.011636829376220703,0.0076446533203125,0.4,0.012375092506408692,0.039558374881744386,0.1577679744264451,1,0.0,0.0
2023-07-23,29810.0,30058.0,30312.0,29776.0,7427606999.412798,584296796267.4817,1.0,0.0,lower,-0.0295,0.011645159037386395,586.0,606.0,4.0,12.0,12.0,2.524912118911743,1.1246204649408658,3.0,13.49544557929039,4.506084842776465,3.3346764684558803,2.3223283326062267,0.6536784586944672,0.04360759258270264,1.0,1.0,0.0018025636672973633,0.0018025636672973633,0.0,0.0018025636672973633,0.0018025636672973633,0.001802563667297364,-0.0,0.0,0.977519843495996,12.0,12.0,2.667447090148926,1.0835623453060785,2.4,13.002748143672942,13.449768567085266,2.324469264647918,1.4,1.2,0.010988736152648925,0.006996560096740723,0.4,0.011726999282836914,0.033930301666259766,0.1577679744264451,1,0.0,0.0
2023-07-24,30085.0,29185.0,30089.0,28983.0,15195244950.838041,567051778655.836,1.0,1.0,time,0.0059,-0.02947396985614826,587.0,607.0,4.0,12.0,12.0,2.4644253253936768,1.109603260954221,3.0,13.315239131450653,4.445545113280841,3.2815768601402917,2.3200360701901492,0.6447375818612993,0.390837699174881,0.0,0.0,0.0,0.0,0.0,0.0,0.0,0.0,0.0,0.0,0.0018025636672973633,12.0,12.0,2.578134870529175,1.0930716663599014,2.8,13.116859996318817,13.358141922950745,2.314926577511669,1.2,1.0,0.010005521774291991,0.006013345718383789,0.4,0.01074378490447998,0.007447981834411621,0.1577679744264451,1,0.0,0.0
2023-07-25,29177.0,29223.0,29304.0,29062.0,7929844775.363448,568019115128.7598,1.0,1.0,time,0.0019,0.0013011918011740045,588.0,608.0,4.0,12.0,12.0,2.6670467853546143,1.0079317726194859,3.0,12.09518127143383,4.252571983539002,3.2572828947310746,2.263705395628801,0.700788304703504,0.7819916158914566,0.0,0.0,0.0,0.0,0.0,0.0,0.0,0.0,0.0,0.0,0.0,12.0,12.0,2.5653779983520506,1.0944882981479167,3.0,13.133859577775002,13.193777744472026,2.305988254066615,1.0,1.0,0.009083127975463868,0.005090951919555664,0.4,0.009821391105651856,0.007447981834411621,0.1577679744264451,1,0.0,0.0
2023-07-26,29228.0,29364.0,29655.0,29129.0,13088677750.42505,570531781624.6747,1.0,0.0,time,-0.0045,0.004813363791606695,589.0,609.0,4.0,12.0,12.0,1.7478443384170532,0.820060865332683,3.0,9.840730383992195,3.2753321651829306,2.424701287361615,2.3281509096401103,0.47062041658499754,1.2352499067783356,0.0,0.0,0.0,0.0,0.0,0.0,0.0,0.0,0.0,0.0,0.0,12.0,12.0,2.3854214429855345,1.0366390645503996,3.0,12.439668774604797,12.813156604766846,2.311083044329295,0.6,0.9,0.008188867568969726,0.004454803466796875,0.2,0.008549094200134277,0.00690375566482544,0.036085538757015395,1,0.0,0.0
2023-07-27,29352.0,29200.0,29554.0,29095.0,9047649539.81237,567708714251.7643,1.0,1.0,time,0.0115,-0.005600724974298824,590.0,610.0,4.0,12.0,12.0,1.6320433616638184,0.7634495521585146,3.0,9.161394625902176,3.05357053595993,2.2625461564321823,2.326598144965822,0.4406463428675137,0.5285096317529678,0.0,0.0,0.0,0.0,0.0,0.0,0.0,0.0,0.0,0.0,0.0,12.0,12.0,2.2072543859481812,0.9651331832011542,3.0,11.581598198413849,12.30826414525509,2.3121637706062215,0.2,0.8,0.00036051273345947263,0.00036051273345947263,0.0,0.00036051273345947263,0.006367802619934082,0.0,1,0.0,0.0
2023-07-28,29201.0,29314.0,29507.0,29119.0,7682754827.0541115,569952119667.3986,1.0,0.0,time,-0.0057,0.0038965083308728256,591.0,611.0,4.0,12.0,12.0,1.9408936500549316,0.8149425213535627,2.0,9.779310256242752,3.283143935289734,2.450877123814896,2.3184349425865793,0.48386106326338996,0.2545943260192871,0.0,0.0,0.0,0.0,0.0,0.0,0.0,0.0,0.0,0.0,0.0,12.0,12.0,2.0904506921768187,0.9031975944836933,2.8,10.838371133804321,11.920559638738633,2.3113850926022925,0.0,0.7,0.0,0.0,0.0,0.0,0.005863499641418457,0.0,1,0.0,0.0
2023-07-29,29313.0,29357.0,29395.0,29268.0,4882536540.911603,570804910032.5747,1.0,0.0,time,-0.0062,0.0014658010839785315,592.0,612.0,4.0,12.0,12.0,2.1631367206573486,0.7702385994295279,2.0,9.242863193154335,3.2750120305547976,2.541989628294981,2.260365860129562,0.5482163350102411,0.4478747695684433,0.0,0.0,0.0,0.0,0.0,0.0,0.0,0.0,0.0,0.0,0.0,12.0,12.0,2.0301929712295532,0.8353246621787548,2.6,10.023895946145057,11.570377971231938,2.299451050590175,0.0,0.6,0.0,0.0,0.0,0.0,0.00537189245223999,0.0,1,0.0,0.0
2023-07-30,29357.0,29278.0,29437.0,29153.0,7872881636.625643,569135711632.8535,1.0,0.0,time,-0.0065,-0.0026946379398674228,593.0,613.0,4.0,12.0,12.0,1.4776573181152344,0.5870024723311266,2.0,7.044029667973518,2.355395092784354,1.7654271848155125,2.328498701234096,0.343150017344013,0.8696024417877197,0.0,0.0,0.0,0.0,0.0,0.0,0.0,0.0,0.0,0.0,0.0,12.0,12.0,1.7923150777816772,0.751138802121083,2.4,9.013665625452996,11.073762601613998,2.312409711711234,0.0,0.5,0.0,0.0,0.0,0.0,0.004910695552825928,0.0,1,0.0,0.0
2023-07-31,29280.0,29233.0,29494.0,29159.0,6641808341.386258,568333703606.0996,1.0,0.0,time,-0.0064,-0.0015381726127533279,594.0,614.0,4.0,12.0,12.0,1.4615209102630615,0.5971221687893072,2.0,7.165466025471687,2.35376111024011,1.7518312987545441,2.354073844129323,0.32423406547366934,0.17278240621089935,0.0,0.0,0.0,0.0,0.0,0.0,0.0,0.0,0.0,0.0,0.0,12.0,12.0,1.7350503921508789,0.7065510628124078,2.2,8.478612753748894,10.459140764176846,2.3175942986090763,0.0,0.3,0.0,0.0,0.0,0.0,0.004274547100067139,0.0,1,0.0,0.0
2023-08-01,29226.0,29537.0,29537.0,28773.0,15289922840.873833,572408929757.971,1.0,0.0,time,-0.0168,0.010345506598922317,595.0,615.0,4.0,12.0,12.0,1.9088778495788574,0.7042771577835083,3.0,8.4513258934021,2.8741372288924194,2.1981539696718846,2.3173569314910063,0.4386142031822114,0.5929712206125259,0.0,0.0,0.0,0.0,0.0,0.0,0.0,0.0,0.0,0.0,0.0,12.0,12.0,1.7904172897338868,0.6947165839374065,2.2,8.336599007248878,9.959098602831364,2.3157460559141136,0.0,0.1,0.0,0.0,0.0,0.0,0.00018025636672973632,0.0,1,0.0,0.0
2023-08-02,29694.0,29147.0,29975.0,29025.0,19266318894.086517,567074709353.651,1.0,1.0,time,0.0011,-0.013291723187070262,596.0,616.0,4.0,12.0,12.0,2.1457808017730713,0.710222934683164,1.0,8.522675216197968,2.9831608853098115,2.355831074599643,2.2957089543657596,0.4870189476330146,0.39244818687438965,0.0,0.0,0.0,0.0,0.0,0.0,0.0,0.0,0.0,0.0,0.0,12.0,12.0,1.8313947200775147,0.6737726666033268,2.0,8.085271999239922,9.461821566522122,2.3112008582699497,0.0,0.0,0.0,0.0,0.0,0.0,0.0,0.0,1,0.0,0.0
2023-08-03,29153.0,29176.0,29362.0,28993.0,12539132810.40034,567940644790.4882,1.0,1.0,time,0.0205,0.0009944619580603135,597.0,617.0,4.0,12.0,12.0,1.2696566581726074,0.7217029357949892,6.0,8.660435229539871,2.6916620321569695,1.887473953772987,2.4038982968080593,0.28792113574931577,1.2097647786140442,0.0,0.0,0.0,0.0,0.0,0.0,0.0,0.0,0.0,0.0,0.0,12.0,12.0,1.6526987075805664,0.6640655338764191,2.8,7.968786406517029,8.996341176331043,2.3399073456056487,0.0,0.0,0.0,0.0,0.0,0.0,0.0,0.0,1,0.0,0.0
2023-08-04,29173.0,29088.0,29296.0,28939.0,12112869085.655884,565073127339.627,1.0,1.0,upper,0.0235,-0.003020735511310775,598.0,618.0,4.0,12.0,12.0,2.1539793014526367,0.771957832078139,1.0,9.263493984937668,3.162041065203925,2.438893914397473,2.3193249707873744,0.48712395444713813,0.46660855412483215,0.0,0.0,0.0,0.0,0.0,0.0,0.0,0.0,0.0,0.0,0.0,12.0,12.0,1.7879631042480468,0.7010566058258215,2.6,8.412679269909859,8.713172447681426,2.3380725995163045,0.0,0.0,0.0,0.0,0.0,0.0,0.0,0.0,1,0.0,0.0
2023-08-05,29080.0,29047.0,29096.0,28967.0,5335308729.48437,564970113457.8998,1.0,1.0,upper,0.0249,-0.0014105102536368958,599.0,619.0,4.0,12.0,12.0,1.054782509803772,0.6745871926347414,4.0,8.095046311616898,2.5129491049682495,1.7653568140777869,2.4080141107760995,0.2667862188093158,1.322847455739975,0.0,0.0,0.0,0.0,0.0,0.0,0.0,0.0,0.0,0.0,0.0,12.0,12.0,1.706615424156189,0.7165496105949083,3.0,8.5985953271389,8.538604040443897,2.34886065284566,0.0,0.0,0.0,0.0,0.0,0.0,0.0,0.0,1,0.0,0.0
2023-08-06,29050.0,29044.0,29139.0,28973.0,5360283576.269965,564947914083.0184,1.0,1.0,upper,0.025,-0.00010328622343110811,600.0,620.0,4.0,12.0,12.0,1.1288126707077026,0.7276304513216019,4.0,8.731565415859222,2.7018420933087857,1.893923094810858,2.4116288305850837,0.2808614446201581,0.34846094250679016,1.0,1.0,0.015402913093566895,0.015402913093566895,0.0,0.015402913093566895,0.015402913093566895,0.015402913093566898,-0.0,0.0,0.015402913093566895,12.0,12.0,1.550602388381958,0.721220269302527,3.2,8.654643231630326,8.495621119439601,2.3677150326644756,0.2,0.1,0.003080582618713379,0.003080582618713379,0.0,0.003080582618713379,0.0015402913093566894,-0.0,1,0.0,0.0
2023-08-07,29043.0,29178.0,29188.0,28755.0,13252185122.112452,567529179865.8152,1.0,1.0,upper,0.0204,0.004603079131703505,601.0,621.0,4.0,12.0,12.0,1.2421751022338867,0.7499381775657336,4.0,8.999258130788803,2.849797599122997,2.032395680538879,2.3869149431126737,0.3381886941141776,0.526872456073761,1.0,1.0,0.08595329523086548,0.08595329523086548,0.0,0.08595329523086548,0.08595329523086548,0.08595329523086549,-0.0,0.0,0.05720128624987349,12.0,12.0,1.3698812484741212,0.729163317879041,3.8,8.749959814548493,8.417615906894207,2.385956230413858,0.4,0.2,0.020271241664886475,0.020271241664886475,0.0,0.020271241664886475,0.010135620832443237,-0.0,1,0.0,0.0
2023-08-08,29176.0,29780.0,30126.0,29113.0,14603570418.91888,579214283623.8071,1.0,0.0,time,-0.0168,0.020422026606159077,602.0,622.0,4.0,12.0,12.0,2.3285701274871826,0.8373136098186175,3.0,10.04776331782341,3.443173806226402,2.659810644946138,2.31638126878289,0.5355928868734942,0.12549671530723572,1.0,1.0,0.08709686994552612,0.08709686994552612,0.0,0.08709686994552612,0.08709686994552612,0.08709686994552614,-0.0,0.0,0.010575091415813762,12.0,12.0,1.5816639423370362,0.7522854526837667,3.2,9.0274254322052,8.498105919361114,2.3684528248088244,0.6,0.3,0.0376906156539917,0.0376906156539917,0.0,0.0376906156539917,0.01884530782699585,-0.0,1,0.0,0.0
2023-08-09,29764.0,29585.0,30062.0,29401.0,14633310097.491423,575535414817.4033,1.0,0.0,time,-0.0062,-0.0065695511272055,603.0,623.0,4.0,12.0,12.0,1.3362834453582764,0.7864824558297793,4.0,9.437789469957352,2.9643402407964605,2.1033782066347704,2.3962652614139235,0.3372260892522908,1.2855417728424072,2.0,2.0,0.3569861650466919,0.22478649020195007,1.0,0.44957298040390015,0.36879728905285314,0.3590501894457636,0.5085328271498996,0.13219967484474182,0.9069742232345721,12.0,12.0,1.4181247711181642,0.7551903774340947,3.8,9.062284529209137,8.737481899559498,2.383840882934134,1.0,0.5,0.10908784866333007,0.08264791369438171,0.2,0.12760521173477174,0.06380260586738587,0.10170656542997991,1,0.0,0.0
2023-08-10,29562.0,29424.0,29665.0,29366.0,8106253519.025447,572414205818.4142,1.0,0.0,time,-0.0087,-0.005456808266692103,604.0,624.0,4.0,12.0,12.0,1.3187587261199951,0.8632519319653511,5.0,10.359023183584213,3.179038741920374,2.2076224366675414,2.418197764946916,0.31142689700363346,0.2741793096065521,3.0,3.0,0.09700274467468262,0.06419237454732259,2.0,0.19257712364196777,0.13260536113722682,0.11812289128815742,0.7997124499618614,0.04172209227840447,1.2327196206694022,12.0,12.0,1.4709200143814087,0.7929233253002167,4.0,9.5150799036026,9.05683761537075,2.3858776137682973,1.6,0.8,0.1284883975982666,0.09548638860384623,0.6,0.16612063646316527,0.08306031823158264,0.2616490554223522,1,0.0,0.0
2023-08-11,29429.0,29397.0,29509.0,29303.0,4651950357.636653,571976559045.8302,1.0,0.0,lower,-0.0221,-0.0009180395401742106,605.0,625.0,4.0,12.0,12.0,1.5248092412948608,0.925695558389028,4.0,11.108346700668335,3.4734791093354715,2.4527752706068933,2.3998857351852148,0.3853688623833719,0.6423210203647614,2.0,2.0,0.10738140344619751,0.10364779829978943,1.0,0.20729559659957886,0.14667519149319777,0.13075727284749525,0.6924982464895806,0.003733605146408081,1.084268140738716,12.0,12.0,1.5501193284988404,0.832536346713702,4.0,9.990436160564423,9.322539696097374,2.383528994688324,1.8,1.0,0.14688409566879274,0.11313536564509075,0.8,0.20449917316436766,0.10378987789154052,0.40014870472026837,1,0.0,0.0
2023-08-12,29401.0,29412.0,29459.0,29353.0,3994297895.288944,572257798803.9086,1.0,0.0,lower,-0.0226,0.0005101260121847067,606.0,626.0,4.0,12.0,12.0,2.6800150871276855,1.1053699006636937,3.0,13.264438807964325,4.44494957042221,3.336609559663607,2.3317655118295657,0.6516303448580224,0.36554843187332153,2.0,2.0,0.11296743154525757,0.10573002696037292,1.0,0.21146005392074585,0.14987473853966515,0.1338327657232633,0.6908025269906917,0.0072374045848846436,0.3010536054823353,12.0,12.0,1.8376873254776,0.9036226913332939,3.8,10.843472295999527,9.79671605527401,2.3724991084317018,2.0,1.2,0.15228692293167115,0.11709071199099223,1.0,0.22960052490234376,0.12493588328361512,0.5383092101184067,1,0.0,0.0
2023-08-13,29414.0,29285.0,29445.0,29274.0,4755220448.634491,569687130446.7833,1.0,0.0,lower,-0.0183,-0.004327314792230269,607.0,627.0,4.0,12.0,12.0,2.027317523956299,1.21738796432813,3.0,14.608655571937561,4.492529755554007,3.1405512027588487,2.4193726260407766,0.4470665625540086,1.8033931851387024,1.0,1.0,0.1521351933479309,0.1521351933479309,0.0,0.1521351933479309,0.1521351933479309,0.15213519334793094,-0.0,0.0,1.9188212485584106,12.0,12.0,1.7774368047714233,0.9796375622351963,3.8,11.755650746822358,10.391538089513778,2.3930973798832795,2.0,1.3,0.1652945876121521,0.13009837667147317,1.0,0.2426081895828247,0.1401494026184082,0.5383092101184067,1,1.0,1.0
2023-08-14,29279.0,29401.0,29653.0,29144.0,12408355477.111338,572242735188.2397,1.0,0.0,lower,-0.0223,0.003953247829882986,608.0,628.0,4.0,12.0,12.0,2.0639519691467285,1.219634825984637,3.0,14.635617911815643,4.509682252785892,3.1625478984583153,2.418111238689924,0.45525860014182534,0.4328123927116394,1.0,1.0,0.15262198448181152,0.15262198448181152,0.0,0.15262198448181152,0.15262198448181152,0.15262198448181152,-0.0,0.0,0.004501692025190829,12.0,12.0,1.9229705095291139,1.0662680362661678,3.6,12.795216435194016,10.928750482201576,2.3974665753384796,1.8,1.4,0.12442175149917603,0.11566547552744547,0.8,0.18321799039840697,0.15541160106658936,0.4366026446884268,1,1.0,1.0
2023-08-15,29404.0,29170.0,29419.0,29119.0,11523395157.99864,567498309102.7323,1.0,0.0,lower,-0.0959,-0.007887903491998496,609.0,629.0,4.0,12.0,12.0,2.0461907386779785,1.222171738743782,2.0,14.666060864925385,4.488171117568916,3.1327530529950374,2.4257235683882508,0.43004213676993475,0.24898964166641235,1.0,1.0,0.20092082023620605,0.20092082023620605,0.0,0.20092082023620605,0.20092082023620605,0.20092082023620605,-0.0,0.0,0.9257705222824093,12.0,12.0,2.0684569120407104,1.138051997621854,3.0,13.656623971462249,11.585851937532425,2.398971736026746,1.4,1.5,0.1452053666114807,0.14301116466522218,0.4,0.18488672971725464,0.17550368309020997,0.27666015469605443,1,1.0,1.0
2023-08-16,29164.0,28754.0,29222.0,28710.0,14809979642.373245,559982624303.4923,1.0,0.0,lower,-0.0816,-0.014363895879229314,610.0,630.0,4.0,12.0,12.0,2.6324596405029297,1.1950175513823826,3.0,14.340210616588593,4.55854249017544,3.3101977224177235,2.390585799643162,0.5510222513195779,1.3063006401062012,1.0,1.0,0.16891765594482422,0.16891765594482422,0.0,0.16891765594482422,0.16891765594482422,0.16891765594482425,-0.0,0.0,0.3721973710943626,12.0,12.0,2.289986991882324,1.191916396220525,2.8,14.302996754646301,12.146716457605361,2.3971117489183356,1.2,1.5,0.15751261711120607,0.15606513619422913,0.2,0.17721114158630372,0.1908551573753357,0.13816050539813834,1,1.0,1.0
2023-08-17,28704.0,26502.0,28704.0,25649.0,29965585683.421356,516026928368.83746,1.0,0.0,time,-0.0178,-0.08155668615795632,611.0,631.0,4.0,12.0,12.0,3.5987868309020996,0.6974174665908018,1.0,8.369009599089622,3.922258198800775,3.6359577054806436,2.0050944136145787,0.891974210463729,3.808912515640259,1.0,1.0,0.057575494050979614,0.057575494050979614,0.0,0.057575494050979614,0.057575494050979614,0.05757549405097962,-0.0,0.0,1.2949138163962708,12.0,12.0,2.473741340637207,1.1103259094059468,2.4,13.32391091287136,12.083691604435444,2.3317775292753384,1.0,1.5,0.14643422961235047,0.14643422961235047,0.0,0.14643422961235047,0.1880173772573471,-0.0,1,0.0,0.0
2023-08-18,26646.0,26043.0,26753.0,25677.0,18062351745.50358,506815826635.9217,1.0,1.0,time,0.0155,-0.017471183764663747,612.0,632.0,4.0,12.0,12.0,2.4860987663269043,0.5076071644822756,1.0,6.091285973787308,2.7562085764110575,2.5205116434283275,2.0402644587873677,0.6126925082152436,1.5749226063489914,1.0,1.0,0.03977406024932861,0.03977406024932861,0.0,0.03977406024932861,0.03977406024932861,0.03977406024932862,-0.0,0.0,0.20703156273446988,12.0,12.0,2.5654975891113283,0.9683697494367758,2.0,11.62043699324131,11.688043870031834,2.2559558958246564,1.0,1.5,0.12396200299263001,0.12396200299263001,0.0,0.12396200299263001,0.18328509628772735,-0.0,1,0.0,0.0
2023-08-19,26048.0,26105.0,26248.0,25804.0,3355038748.9824667,508087686822.70435,1.0,1.0,time,0.0011,0.0023778487847350436,613.0,633.0,4.0,12.0,12.0,2.0702202320098877,0.43468667194247246,1.0,5.2162400633096695,2.3210906454230273,2.106171285220725,2.0586354299541205,0.5099045458953743,0.7062442600727081,1.0,1.0,0.03312060236930847,0.03312060236930847,0.0,0.03312060236930847,0.03312060236930847,0.03312060236930848,-0.0,0.0,0.07738018425548202,12.0,12.0,2.56675124168396,0.811380118628343,1.6,9.736561423540115,11.265888929367065,2.1840607340774962,1.0,1.4,0.10006172657012939,0.10006172657012939,0.0,0.10006172657012939,0.1416398584842682,-0.0,1,0.0,0.0
2023-08-20,26089.0,26161.0,26225.0,26024.0,8304370131.833873,509078930366.0949,-1.0,1.0,time,-0.0045,0.0021428852955701467,614.0,634.0,4.0,12.0,12.0,1.8449816703796387,0.4042780405531327,1.0,4.851336486637592,2.098092883549737,1.8831040546429765,2.0899454451355197,0.45099010882726,0.3859807923436165,0.0,0.0,0.0,0.0,0.0,0.0,0.0,0.0,0.0,0.0,0.03312060236930847,12.0,12.0,2.526509428024292,0.6478013789902131,1.4,7.773616547882557,10.715120259672403,2.1169051094269498,0.8,1.1,0.059877562522888186,0.059877562522888186,0.0,0.059877562522888186,0.12238214612007141,0.0,-1,0.0,0.0
2023-08-21,26193.0,26119.0,26206.0,25874.0,9377753161.447634,508491920831.3545,-1.0,1.0,time,-0.0045,-0.0016067333219422835,615.0,635.0,4.0,12.0,12.0,1.6949198246002197,0.4927724748849869,2.0,5.9132696986198425,2.5528297012842502,2.15335751525878,2.0179233196552615,0.5479539928762066,0.3089495524764061,0.0,0.0,0.0,0.0,0.0,0.0,0.0,0.0,0.0,0.0,0.0,12.0,12.0,2.33900146484375,0.5073523636907339,1.2,6.088228364288807,10.195612559467554,2.0423726134293694,0.6,0.9,0.02609403133392334,0.02609403133392334,0.0,0.02609403133392334,0.10165258646011352,0.0,-1,0.0,0.0
2023-08-22,26128.0,26034.0,26133.0,25575.0,13702941053.015312,506356213378.17975,-1.0,0.0,time,0.0019,-0.0032596427918748614,616.0,636.0,4.0,12.0,12.0,1.597548246383667,0.4679363475491603,2.0,5.615236170589924,2.411683832205526,2.0306768930189527,2.024220902086689,0.5154808274990891,0.2675866559147835,0.0,0.0,0.0,0.0,0.0,0.0,0.0,0.0,0.0,0.0,0.0,12.0,12.0,1.9387537479400634,0.46145613988240564,1.4,5.537473678588867,9.430692295730115,2.046197911123792,0.4,0.7,0.014578932523727417,0.014578932523727417,0.0,0.014578932523727417,0.08050658106803894,0.0,-1,0.0,0.0
2023-08-23,26029.0,26450.0,26668.0,25816.0,14600566342.214415,514955818082.43463,-1.0,1.0,time,-0.013,0.015852782260039673,617.0,637.0,4.0,12.0,12.0,1.5477545261383057,0.4727279283106327,2.0,5.6727351397275925,2.357496456156855,1.9703437919330757,2.077440766147829,0.489568620516554,0.19818230718374252,0.0,0.0,0.0,0.0,0.0,0.0,0.0,0.0,0.0,0.0,0.0,12.0,12.0,1.7510848999023438,0.454480292648077,1.6,5.453763511776924,8.537100252509116,2.053633172595884,0.2,0.6,0.0066241204738616945,0.0066241204738616945,0.0,0.0066241204738616945,0.06529306173324585,0.0,-1,0.0,0.0
2023-08-24,26426.0,26135.0,26536.0,25966.0,11961319630.81013,508906955118.32086,-1.0,0.0,upper,0.0593,-0.011980746139423272,618.0,638.0,4.0,12.0,12.0,1.4962308406829834,0.4705169660349687,2.0,5.646203592419624,2.297860472555481,1.908002835998201,2.1056272206029076,0.4675760336932625,0.1907447725534439,0.0,0.0,0.0,0.0,0.0,0.0,0.0,0.0,0.0,0.0,0.0,12.0,12.0,1.636287021636963,0.4616463514665763,1.8,5.5397562175989155,7.638158820569515,2.0630315307256413,0.0,0.5,0.0,0.0,0.0,0.0,0.050030863285064696,0.0,-1,0.0,0.0
2023-08-25,26138.0,26044.0,26200.0,25820.0,2582213805.5461373,507007928705.4434,-1.0,0.0,upper,0.0628,-0.003487996790269538,619.0,639.0,4.0,12.0,12.0,1.4542816877365112,0.5653441610435644,3.0,6.784129932522774,2.6574301304614565,2.111249737317779,2.1194569376448893,0.5185369364191725,0.1493217796087265,0.0,0.0,0.0,0.0,0.0,0.0,0.0,0.0,0.0,0.0,0.0,12.0,12.0,1.5581470251083374,0.49385957556466253,2.2,5.926314906775952,6.849965727329254,2.0689338292275155,0.0,0.4,0.0,0.0,0.0,0.0,0.029938781261444093,0.0,-1,0.0,0.0
2023-08-26,26043.0,26002.0,26087.0,25991.0,3420999388.355067,506086069151.6848,-1.0,0.0,upper,0.0644,-0.0016139572346387336,620.0,640.0,4.0,12.0,12.0,1.42404043674469,0.5683833733201027,3.0,6.820600479841232,2.616316799346976,2.0692401605918334,2.1555534369707705,0.49735950158012243,0.14821776747703552,0.0,0.0,0.0,0.0,0.0,0.0,0.0,0.0,0.0,0.0,0.0,12.0,12.0,1.5039711475372315,0.5089817552516858,2.4,6.107781063020229,6.098004713654518,2.096459852690617,0.0,0.3,0.0,0.0,0.0,0.0,0.01304701566696167,0.0,-1,0.0,0.0
2023-08-27,26002.0,26083.0,26152.0,25966.0,4743752357.401259,507835678906.77924,-1.0,0.0,upper,0.0613,0.003110302977801014,621.0,641.0,4.0,12.0,12.0,1.4102065563201904,0.571162232508262,3.0,6.853946790099144,2.599229254354646,2.0502743682278997,2.1744279994929245,0.48659335919628915,0.07173314690589905,0.0,0.0,0.0,0.0,0.0,0.0,0.0,0.0,0.0,0.0,0.0,12.0,12.0,1.466502809524536,0.5296269322435061,2.6,6.355523186922073,5.946498432755471,2.126501272171864,0.0,0.2,0.0,0.0,0.0,0.0,0.007289466261863708,0.0,-1,0.0,0.0
2023-08-28,26086.0,26109.0,26203.0,25886.0,9995933796.2508,508350651765.9018,-1.0,0.0,upper,0.0603,0.0009963213577082952,622.0,642.0,4.0,12.0,12.0,1.4139683246612549,0.5325167775154114,3.0,6.3902013301849365,2.5548115038207717,2.046248786807819,2.0945879010989077,0.5102427853507727,0.15161670744419098,0.0,0.0,0.0,0.0,0.0,0.0,0.0,0.0,0.0,0.0,0.0,12.0,12.0,1.4397455692291259,0.5415847020844617,2.8,6.499016425013542,5.9763899683952335,2.12993069916208,0.0,0.1,0.0,0.0,0.0,0.0,0.0033120602369308473,0.0,-1,0.0,0.0
2023-08-29,26110.0,27731.0,27999.0,25904.0,29462388818.839893,539045091002.16876,-1.0,1.0,lower,-0.0673,0.060270838528666965,623.0,643.0,4.0,12.0,12.0,1.4831007719039917,0.5255375131964684,3.0,6.30645015835762,2.48157211478723,1.99290863882698,2.1253229653042287,0.4868199553880971,0.2816336303949356,0.0,0.0,0.0,0.0,0.0,0.0,0.0,0.0,0.0,0.0,0.0,12.0,12.0,1.4371195554733276,0.5525888115167618,3.0,6.6310657382011415,6.085410977900028,2.133869848102344,0.0,0.0,0.0,0.0,0.0,0.0,0.0,0.0,-1,0.0,0.0
2023-08-30,27717.0,27297.0,27740.0,27082.0,16029914124.395369,531729400483.3156,-1.0,1.0,lower,-0.0515,-0.015774114961489907,624.0,644.0,4.0,12.0,12.0,1.563950538635254,0.529184759904941,3.0,6.350217118859291,2.5037955365569267,2.0350862499664495,2.134944360268054,0.4923205229230401,0.477899894118309,0.0,0.0,0.0,0.0,0.0,0.0,0.0,0.0,0.0,0.0,0.0,12.0,12.0,1.4590533256530762,0.5453569312890371,3.0,6.544283175468445,6.2352990411221985,2.136967332626977,0.0,0.0,0.0,0.0,0.0,0.0,0.0,0.0,-1,0.0,0.0
2023-08-31,27303.0,25927.0,27403.0,25833.0,20360682650.055054,505403246528.0237,-1.0,1.0,time,-0.0055,-0.05149190929029884,625.0,645.0,4.0,12.0,12.0,1.622352957725525,0.5423698965460062,3.0,6.508438758552074,2.5931437978922864,2.110739300104597,2.1136795690577497,0.515946823842287,0.25300051271915436,0.0,0.0,0.0,0.0,0.0,0.0,0.0,0.0,0.0,0.0,0.0,12.0,12.0,1.4987158298492431,0.5401542359342179,3.0,6.481850831210613,6.2948159471154215,2.128592559044373,0.0,0.0,0.0,0.0,0.0,0.0,0.0,0.0,-1,0.0,0.0
2023-09-01,25938.0,25812.0,26101.0,25438.0,15924588668.893366,502687549096.97003,-1.0,1.0,time,-0.0023,-0.004445396678771353,626.0,646.0,4.0,12.0,12.0,1.705597996711731,0.5572764767954747,3.0,6.687317721545696,2.7122804930989304,2.217110528174955,2.0853075242423786,0.5499833796102427,0.32215715944767,0.0,0.0,0.0,0.0,0.0,0.0,0.0,0.0,0.0,0.0,0.0,12.0,12.0,1.5577941179275512,0.5373770847916604,3.0,6.448525017499923,6.402024102210999,2.1107684639942637,0.0,0.0,0.0,0.0,0.0,0.0,0.0,0.0,-1,0.0,0.0
2023-09-02,25796.0,25854.0,25938.0,25756.0,8203515572.755595,503679892454.50775,-1.0,0.0,time,0.013,0.001625827788162602,627.0,647.0,4.0,12.0,12.0,1.8409067392349243,0.5370796173810959,3.0,6.444955408573151,2.514133186309178,2.05561224578111,2.148766367685636,0.48814371975427207,0.43693337589502335,0.0,0.0,0.0,0.0,0.0,0.0,0.0,0.0,0.0,0.0,0.0,12.0,12.0,1.6431818008422852,0.5382896527647972,3.0,6.459475833177566,6.4792461290955545,2.1216041573116096,0.0,0.0,0.0,0.0,0.0,0.0,0.0,0.0,-1,0.0,0.0
2023-09-03,25868.0,25960.0,26055.0,25808.0,8301138495.084562,505513039060.68445,-1.0,1.0,time,-0.002,0.004091563974133189,628.0,648.0,4.0,12.0,12.0,2.043219566345215,0.5603805320958296,2.0,6.724566385149956,2.641613841168608,2.202971433874807,2.156956338688773,0.5171885211433631,0.4887481927871704,0.0,0.0,0.0,0.0,0.0,0.0,0.0,0.0,0.0,0.0,0.0,12.0,12.0,1.7552055597305298,0.5452582565446695,2.8,6.5430990785360335,6.5870824083685875,2.1279308319885186,0.0,0.0,0.0,0.0,0.0,0.0,0.0,0.0,-1,0.0,0.0
2023-09-04,25969.0,25829.0,26061.0,25660.0,6700578092.438599,502409490053.88367,-1.0,0.0,time,0.0023,-0.005059000150433445,629.0,649.0,4.0,12.0,12.0,2.4298207759857178,0.63887736449639,2.0,7.66652837395668,3.103979490877282,2.613338659659994,2.1149257037099947,0.6282725813289266,0.9730500727891922,0.0,0.0,0.0,0.0,0.0,0.0,0.0,0.0,0.0,0.0,0.0,12.0,12.0,1.9283796072006225,0.5671967774629593,2.6,6.806361329555512,6.675322252511978,2.1239271006769065,0.0,0.0,0.0,0.0,0.0,0.0,0.0,0.0,-1,0.0,0.0
2023-09-05,25805.0,25784.0,25824.0,25603.0,7633735596.705433,501979376928.41833,-1.0,0.0,time,0.002,-0.0017437471723190615,630.0,650.0,4.0,12.0,12.0,3.1448123455047607,0.7805313703914484,3.0,9.36637644469738,3.9539913816440686,3.3710181798680448,2.0548496403924155,0.8328313756964724,1.3974894732236862,0.0,0.0,0.0,0.0,0.0,0.0,0.0,0.0,0.0,0.0,0.0,12.0,12.0,2.23287148475647,0.6148290722320476,2.6,7.377948866784573,6.929899848997593,2.1121611149438397,0.0,0.0,0.0,0.0,0.0,0.0,0.0,0.0,-1,0.0,0.0
2023-09-06,25770.0,25753.0,25918.0,25476.0,12225427270.62692,501615002105.18665,-1.0,1.0,time,-0.0244,-0.001203019335186138,631.0,651.0,4.0,12.0,12.0,2.7097957134246826,1.0061957662304242,3.0,12.074349194765091,4.511852411815746,3.5428758440110353,2.186561261471478,0.8270254503463602,1.1575344651937485,0.0,0.0,0.0,0.0,0.0,0.0,0.0,0.0,0.0,0.0,0.0,12.0,12.0,2.43371102809906,0.7046129301190376,2.6,8.455355161428452,7.451940089464188,2.1324118623896595,0.0,0.0,0.0,0.0,0.0,0.0,0.0,0.0,-1,0.0,0.0
2023-09-07,25749.0,26192.0,26401.0,25644.0,4521997781.160889,509837705629.17126,-1.0,1.0,time,-0.0125,0.016902895450828386,632.0,652.0,4.0,12.0,12.0,2.553830146789551,1.035460355381171,3.0,12.425524264574051,4.316661381405012,3.2608586245548823,2.2735322305946553,0.6932668864946736,0.2608121335506439,0.0,0.0,0.0,0.0,0.0,0.0,0.0,0.0,0.0,0.0,0.0,12.0,12.0,2.5762957096099854,0.8042890777190527,2.6,9.651468932628632,8.0554723829031,2.1573650349714635,0.0,0.0,0.0,0.0,0.0,0.0,0.0,0.0,-1,0.0,0.0
2023-09-08,26215.0,25907.0,26383.0,25696.0,8058794338.820984,504533063388.2184,-1.0,0.0,time,0.0121,-0.010940818169446847,633.0,653.0,4.0,12.0,12.0,2.540146589279175,1.048120267689228,3.0,12.577443212270737,4.31998514825555,3.249113350650605,2.28932397522248,0.6757464104391812,0.08001357316970825,0.0,0.0,0.0,0.0,0.0,0.0,0.0,0.0,0.0,0.0,0.0,12.0,12.0,2.6756811141967773,0.9018370248377323,2.8,10.822044298052788,8.682571688294411,2.1838385622782046,0.0,0.0,0.0,0.0,0.0,0.0,0.0,0.0,-1,0.0,0.0
2023-09-09,25900.0,25889.0,25921.0,25808.0,404806432.52168876,504373920218.6837,-1.0,0.0,time,0.0245,-0.0006950343935673922,634.0,654.0,4.0,12.0,12.0,2.5223214626312256,1.062445878982544,3.0,12.749350547790527,4.571423515672388,3.4936385236817618,2.2287051203281503,0.7827525157224883,0.15278106927871704,0.0,0.0,0.0,0.0,0.0,0.0,0.0,0.0,0.0,0.0,0.0,12.0,12.0,2.6941812515258787,0.986550727734963,3.0,11.838608732819557,9.322485031187535,2.206594445601836,0.0,0.0,0.0,0.0,0.0,0.0,0.0,0.0,-1,0.0,0.0
2023-09-10,25890.0,25835.0,25919.0,25669.0,6603006234.083502,503489661583.33154,-1.0,0.0,time,0.0305,-0.00208800632661692,635.0,655.0,4.0,12.0,12.0,2.9196250438690186,1.0525240028897922,3.0,12.630288034677505,4.759563501209092,3.7169412037424863,2.1548969300944645,0.8831649242983975,0.16988712549209595,0.0,0.0,0.0,0.0,0.0,0.0,0.0,0.0,0.0,0.0,0.0,12.0,12.0,2.6491437911987306,1.040949254234632,3.0,12.491391050815583,9.934669958800077,2.2266039035422454,0.0,0.0,0.0,0.0,0.0,0.0,0.0,0.0,-1,0.0,0.0
2023-09-11,25835.0,25133.0,25882.0,25006.0,14859931201.000029,489502952545.6269,-1.0,0.0,upper,0.0425,-0.027548438080765816,636.0,656.0,4.0,12.0,12.0,2.6705708503723145,1.004221857835849,3.0,12.05066229403019,4.476828533030411,3.451459018909284,2.1645119115173084,0.8134522746240151,0.93024542927742,0.0,0.0,0.0,0.0,0.0,0.0,0.0,0.0,0.0,0.0,0.0,12.0,12.0,2.6412988185882567,1.040554472555717,3.0,12.486653670668602,10.471004416048526,2.222194033551412,0.0,0.0,0.0,0.0,0.0,0.0,0.0,0.0,-1,0.0,0.0
2023-09-12,25163.0,25867.0,26380.0,25125.0,16825266473.048721,503997883573.3815,-1.0,0.0,time,0.025,0.028786301377587937,637.0,657.0,4.0,12.0,12.0,2.2814133167266846,0.7986882229646047,4.0,9.584258675575256,3.5877327088561493,2.7951946345213585,2.165479636681835,0.659355206506578,0.42382948100566864,0.0,0.0,0.0,0.0,0.0,0.0,0.0,0.0,0.0,0.0,0.0,12.0,12.0,2.5868154525756837,0.9932000460724038,3.2,11.918400552868842,10.784934742748737,2.200583514768848,0.0,0.0,0.0,0.0,0.0,0.0,0.0,0.0,-1,0.0,0.0
2023-09-13,25850.0,26223.0,26363.0,25820.0,12975855576.243193,510909474484.6564,-1.0,0.0,time,0.0196,0.013668863230490548,638.0,658.0,4.0,12.0,12.0,2.3570971488952637,0.8629614934325218,3.0,10.355537921190262,3.9744241513107763,3.1286208021685895,2.131791358742428,0.7560653005723627,0.45195242762565613,0.0,0.0,0.0,0.0,0.0,0.0,0.0,0.0,0.0,0.0,0.0,12.0,12.0,2.5502055644989015,0.9561682912210625,3.2,11.474019494652747,11.148031896352768,2.1690769914728376,0.0,0.0,0.0,0.0,0.0,0.0,0.0,0.0,-1,0.0,0.0
2023-09-14,26222.0,26531.0,26752.0,26178.0,11739428177.432598,516823786025.9003,-1.0,0.0,time,0.0256,0.011676972350352543,639.0,659.0,4.0,12.0,12.0,2.5925979614257812,0.9075370033582052,3.0,10.890444040298462,4.196198335302022,3.319209402744754,2.1284080363210403,0.8023195290125358,0.24168553948402405,0.0,0.0,0.0,0.0,0.0,0.0,0.0,0.0,0.0,0.0,0.0,12.0,12.0,2.5642608642578124,0.9251865160961946,3.2,11.102238193154335,11.470423462986947,2.149017574671415,0.0,0.0,0.0,0.0,0.0,0.0,0.0,0.0,-1,0.0,0.0
2023-09-15,26531.0,26635.0,26834.0,26227.0,9768889419.723415,518872387637.1001,-1.0,0.0,time,0.0179,0.003912279752149323,640.0,660.0,4.0,12.0,12.0,2.5324370861053467,0.94552614291509,4.0,11.346313714981079,4.297743131219549,3.3359044448802684,2.1358881664440768,0.803241338718433,0.42904824018478394,0.0,0.0,0.0,0.0,0.0,0.0,0.0,0.0,0.0,0.0,0.0,12.0,12.0,2.4868232727050783,0.903786944101254,3.4,10.84544332921505,11.668417190015315,2.1452158219413375,0.0,0.0,0.0,0.0,0.0,0.0,0.0,0.0,-1,0.0,0.0
2023-09-16,26610.0,26558.0,26732.0,26471.0,1224363671.9175522,517396850180.9239,-1.0,0.0,time,0.0001,-0.002895119800826687,641.0,661.0,4.0,12.0,12.0,2.291872262954712,0.7420998066663742,4.0,8.90519767999649,3.4037303909994847,2.694269668371121,2.1448567638008256,0.644000200437486,0.435714915394783,0.0,0.0,0.0,0.0,0.0,0.0,0.0,0.0,0.0,0.0,0.0,12.0,12.0,2.4110835552215577,0.8513625338673592,3.6,10.21635040640831,11.351502038538456,2.141284792398041,0.0,0.0,0.0,0.0,0.0,0.0,0.0,0.0,-1,0.0,0.0
2023-09-17,26554.0,26521.0,26612.0,26418.0,5791146184.464804,516614128895.5437,-1.0,0.0,time,0.0019,-0.001394148570731232,642.0,662.0,4.0,12.0,12.0,2.268221378326416,0.7741911821067333,4.0,9.2902941852808,3.43556024946597,2.685334147561512,2.190042340660894,0.6198528313431089,0.11432403326034546,0.0,0.0,0.0,0.0,0.0,0.0,0.0,0.0,0.0,0.0,0.0,12.0,12.0,2.4084451675415037,0.846463125695785,3.6,10.157557508349418,11.037979030609131,2.146197333193853,0.0,0.0,0.0,0.0,0.0,0.0,0.0,0.0,-1,0.0,0.0
2023-09-18,26538.0,26741.0,27405.0,26417.0,16477839825.058361,521346975856.46625,-1.0,1.0,time,-0.0063,0.008261096134952385,643.0,663.0,4.0,12.0,12.0,2.46146821975708,0.8045992056528727,3.0,9.655190467834473,3.584955432915434,2.828039966251016,2.1886321290943953,0.6508550065838448,0.41217029094696045,0.0,0.0,0.0,0.0,0.0,0.0,0.0,0.0,0.0,0.0,0.0,12.0,12.0,2.429319381713867,0.8347906681398551,3.6,10.01748801767826,10.745753756165504,2.1575654872642462,0.0,0.0,0.0,0.0,0.0,0.0,0.0,0.0,-1,0.0,0.0
2023-09-19,26769.0,27219.0,27454.0,26681.0,12615959842.229395,530357673731.022,-1.0,1.0,lower,-0.0362,0.017717290723244614,644.0,664.0,4.0,12.0,12.0,2.7419073581695557,0.933544248342514,4.0,11.202530980110168,4.152164590501305,3.242461990531636,2.182353707458621,0.7517985336983679,1.124224528670311,0.0,0.0,0.0,0.0,0.0,0.0,0.0,0.0,0.0,0.0,0.0,12.0,12.0,2.4591812610626222,0.8399921171367168,3.8,10.079905405640602,10.591071799397469,2.168354621491763,0.0,0.0,0.0,0.0,0.0,0.0,0.0,0.0,-1,0.0,0.0
2023-09-20,27213.0,27116.0,27373.0,26889.0,13497179076.831764,529168513966.1614,-1.0,1.0,lower,-0.0325,-0.0037912992868823388,645.0,665.0,4.0,12.0,12.0,1.6135772466659546,0.7755164094269276,3.0,9.30619691312313,3.2090321247663356,2.3916112702124224,2.2712437485916652,0.5066868495676214,1.3694732040166855,0.0,0.0,0.0,0.0,0.0,0.0,0.0,0.0,0.0,0.0,0.0,12.0,12.0,2.275409293174744,0.8059901704390843,3.6,9.671882045269012,10.258662687242031,2.1954257379212803,0.0,0.0,0.0,0.0,0.0,0.0,0.0,0.0,-1,0.0,0.0
2023-09-21,27125.0,26561.0,27133.0,26406.0,8169328790.751264,517743774814.63885,-1.0,1.0,time,-0.0135,-0.020679985066842533,646.0,666.0,4.0,12.0,12.0,1.5993493795394897,0.8192775622010231,3.0,9.831330746412277,3.284725363283334,2.4064173596854843,2.310119269050172,0.47739152564432674,0.06276126205921173,0.0,0.0,0.0,0.0,0.0,0.0,0.0,0.0,0.0,0.0,0.0,12.0,12.0,2.136904716491699,0.821425721546014,3.4,9.85710865855217,10.03672953248024,2.2284782389711495,0.0,0.0,0.0,0.0,0.0,0.0,0.0,0.0,-1,0.0,0.0
2023-09-22,26565.0,26572.0,26725.0,26498.0,9968041758.936823,518383856096.9625,-1.0,1.0,time,-0.0084,0.0004140553011180351,647.0,667.0,4.0,12.0,12.0,1.6023231744766235,0.8784743994474411,3.0,10.541692793369293,3.383166998003317,2.4379355196508117,2.369833283445642,0.4267329073480142,0.2675747573375702,0.0,0.0,0.0,0.0,0.0,0.0,0.0,0.0,0.0,0.0,0.0,12.0,12.0,2.0037250757217406,0.8422823650141555,3.2,10.10738838016987,10.132472944259643,2.264436427528099,0.0,0.0,0.0,0.0,0.0,0.0,0.0,0.0,-1,0.0,0.0
2023-09-23,26588.0,26574.0,26635.0,26521.0,6583511185.708387,517968304453.25476,-1.0,0.0,time,0.0162,7.52643661214209e-05,648.0,668.0,4.0,12.0,12.0,1.6081100702285767,0.9370368073383967,3.0,11.24444168806076,3.5209337303817296,2.4971543902660076,2.398960063381052,0.3937552744680143,0.034204185009002686,0.0,0.0,0.0,0.0,0.0,0.0,0.0,0.0,0.0,0.0,0.0,12.0,12.0,1.8330534458160401,0.8687698853512605,3.2,10.425238624215126,10.221363320946693,2.3065020143854307,0.0,0.0,0.0,0.0,0.0,0.0,0.0,0.0,-1,0.0,0.0
2023-09-24,26571.0,26250.0,26712.0,26250.0,7226298594.4955225,511787693512.02826,-1.0,0.0,time,0.0251,-0.012267305131483433,649.0,669.0,4.0,12.0,12.0,1.608274221420288,0.8693356687823931,2.0,10.432028025388718,3.2390128502864743,2.2945755956929395,2.411039356844123,0.3442709911432349,0.0762147605419159,0.0,0.0,0.0,0.0,0.0,0.0,0.0,0.0,0.0,0.0,0.0,12.0,12.0,1.6063268184661865,0.8559281694392362,2.8,10.271138033270836,10.17552171945572,2.352239144262531,0.0,0.0,0.0,0.0,0.0,0.0,0.0,0.0,-1,0.0,0.0
2023-09-25,26258.0,26299.0,26403.0,26023.0,11974957450.276283,512103393581.80255,-1.0,0.0,time,0.0252,0.0018649266095124137,650.0,670.0,4.0,12.0,12.0,1.6417384147644043,0.8818679998318354,2.0,10.582415997982025,3.29201465250656,2.336134411818273,2.4092057152464634,0.3541499732680424,0.185695618391037,0.0,0.0,0.0,0.0,0.0,0.0,0.0,0.0,0.0,0.0,0.0,12.0,12.0,1.6119590520858764,0.8771984875202179,2.6,10.526381850242615,10.099131947755813,2.3798315375934904,0.0,0.0,0.0,0.0,0.0,0.0,0.0,0.0,-1,0.0,0.0
2023-09-26,26297.0,26205.0,26387.0,26102.0,9786025048.05344,511054250889.6227,-1.0,0.0,upper,0.0302,-0.003580683393015545,651.0,671.0,4.0,12.0,12.0,1.687345266342163,0.8930826360980669,2.0,10.716991633176804,3.3555314836078405,2.3912924754559888,2.4017706802065373,0.3751035855472644,0.2844983637332916,0.0,0.0,0.0,0.0,0.0,0.0,0.0,0.0,0.0,0.0,0.0,12.0,12.0,1.629558229446411,0.8919595022996265,2.4,10.70351402759552,10.280311343073844,2.3981618198247636,0.0,0.0,0.0,0.0,0.0,0.0,0.0,0.0,-1,0.0,0.0
2023-09-27,26214.0,26350.0,26819.0,26145.0,12889674588.31686,513713645983.85016,-1.0,0.0,upper,0.0596,0.0055180427332417615,652.0,672.0,4.0,12.0,12.0,1.7510204315185547,0.989479993780454,2.0,11.873759925365448,3.6363345103717943,2.550365074320072,2.427377590027516,0.35048546976772904,0.4794441759586334,0.0,0.0,0.0,0.0,0.0,0.0,0.0,0.0,0.0,0.0,0.0,12.0,12.0,1.6592976808547975,0.9141606211662292,2.2,10.969927453994751,10.53865791708231,2.4096706811411384,0.0,0.0,0.0,0.0,0.0,0.0,0.0,0.0,-1,0.0,0.0
2023-09-28,26354.0,27009.0,27225.0,26323.0,16683207554.844349,526917684460.40546,-1.0,0.0,upper,0.0349,0.024701868807078017,653.0,673.0,4.0,12.0,12.0,1.578872799873352,0.9384739498297373,2.0,11.261687397956848,3.4316979344481116,2.394050966301408,2.431912826783924,0.317247335054094,0.499380886554718,0.0,0.0,0.0,0.0,0.0,0.0,0.0,0.0,0.0,0.0,0.0,12.0,12.0,1.6534502267837525,0.9144480496644973,2.0,10.973376595973969,10.699307610094547,2.4162612338217127,0.0,0.0,0.0,0.0,0.0,0.0,0.0,0.0,-1,0.0,0.0
2023-09-29,27021.0,26917.0,27215.0,26744.0,9059145545.41355,524946724658.764,-1.0,0.0,upper,0.0383,-0.0034120865355442773,654.0,674.0,4.0,12.0,12.0,1.5764111280441284,0.9376393258571625,3.0,11.25167191028595,3.380892600695784,2.3236879819663248,2.444559840615484,0.270866620423074,0.041075050830841064,1.0,1.0,0.29278063774108887,0.29278063774108887,0.0,0.29278063774108887,0.29278063774108887,0.29278063774108887,-0.0,0.0,0.29278063774108887,12.0,12.0,1.6470776081085206,0.9281087810794512,2.2,11.137305372953415,10.704221703112125,2.422965330575985,0.2,0.1,0.058556127548217776,0.058556127548217776,0.0,0.058556127548217776,0.029278063774108888,-0.0,-1,1.0,-1.0
2023-09-30,26907.0,26970.0,27087.0,26882.0,6295435107.555985,525936342995.4552,-1.0,0.0,upper,0.0363,0.0019670798927333643,655.0,675.0,4.0,12.0,12.0,1.5855867862701416,0.8914417338867983,4.0,10.697300806641579,3.2965829504812567,2.2948291707438413,2.4092822940816583,0.3330964287838302,0.08428812026977539,1.0,1.0,0.2944849729537964,0.2944849729537964,0.0,0.2944849729537964,0.2944849729537964,0.2944849729537964,-0.0,0.0,0.014169105907042881,12.0,12.0,1.635847282409668,0.9300235278904438,2.6,11.160282334685325,10.843332092463971,2.422980646343024,0.4,0.2,0.11745312213897705,0.11745312213897705,0.0,0.11745312213897705,0.05872656106948852,-0.0,-1,1.0,-1.0
2023-10-01,26966.0,27968.0,28042.0,26958.0,9358226524.285364,545302108027.2094,-1.0,1.0,time,-0.0004,0.036335862321486306,656.0,676.0,4.0,12.0,12.0,1.853238821029663,0.9021568981309732,3.0,10.825882777571678,3.451695985895056,2.472657035605033,2.372340173684598,0.4230406159480487,0.7690126001834869,1.0,1.0,0.2543303966522217,0.2543303966522217,0.0,0.2543303966522217,0.2543303966522217,0.2543303966522217,-0.0,0.0,0.3338614120311769,12.0,12.0,1.669025993347168,0.9318383802970251,2.8,11.182060563564301,10.94278729557991,2.417094545038636,0.6,0.3,0.1683192014694214,0.1683192014694214,0.0,0.1683192014694214,0.0841596007347107,-0.0,-1,1.0,-1.0
2023-10-02,27988.0,27615.0,28494.0,27383.0,18127133423.881855,538323470357.8827,-1.0,0.0,time,0.0131,-0.012701896119974116,657.0,677.0,4.0,12.0,12.0,1.6878857612609863,0.9885380367437998,3.0,11.862456440925598,3.7165771630035267,2.610591607052012,2.3881813423878313,0.41697885712666427,0.7007399946451187,2.0,2.0,0.2867063283920288,0.18875855207443237,1.0,0.37751710414886475,0.3007442696604479,0.2897115196672134,0.5517101383843321,0.09794777631759644,2.652987968252787,12.0,12.0,1.6563990592956543,0.9316499888896942,3.0,11.17979986667633,11.074863660335541,2.4092552955106994,1.0,0.5,0.22566046714782714,0.20607091188430787,0.2,0.24382262229919432,0.12191131114959716,0.11034202767686643,-1,0.0,0.0
2023-10-03,27501.0,27439.0,27666.0,27266.0,12676657038.293432,535605771922.47974,-1.0,0.0,time,0.0184,-0.006393744308222127,658.0,678.0,4.0,12.0,12.0,1.8113620281219482,0.9491346254944801,2.0,11.389615505933762,3.6577304933428447,2.625803852163303,2.3634204213512726,0.46266563828351676,0.54603511095047,1.0,1.0,0.294818639755249,0.294818639755249,0.0,0.294818639755249,0.294818639755249,0.294818639755249,-0.0,0.0,0.6615808371794801,12.0,12.0,1.7028969049453735,0.9337821240226427,3.0,11.205385488271713,11.089381042122842,2.395556814424169,1.2,0.6,0.28462419509887693,0.2650346398353577,0.2,0.30278635025024414,0.15139317512512207,0.11034202767686643,-1,1.0,-1.0
2023-10-04,27426.0,27792.0,27818.0,27265.0,10876597601.123325,541954661181.1118,-1.0,1.0,time,-0.0071,0.012782850453820467,659.0,679.0,4.0,12.0,12.0,1.7021905183792114,0.8516778995593389,4.0,10.220134794712067,3.321174760661945,2.3959104216636877,2.347855913353666,0.44025928493750893,0.5069671273231506,1.0,1.0,0.2770498991012573,0.2770498991012573,0.0,0.2770498991012573,0.2770498991012573,0.2770498991012573,-0.0,0.0,0.14773774543474882,12.0,12.0,1.7280527830123902,0.9165898387630781,3.2,10.999078065156937,11.068191719055175,2.3762160289718053,1.2,0.7,0.28147804737091064,0.26188849210739135,0.2,0.29964020252227785,0.1790981650352478,0.11034202767686643,-1,1.0,-1.0
2023-10-05,27782.0,27436.0,28081.0,27389.0,13376186563.311193,534851643044.50543,-1.0,1.0,time,-0.0016,-0.012892189861674157,660.0,680.0,4.0,12.0,12.0,1.9261164665222168,0.9720673648019632,4.0,11.664808377623558,3.8370489390293954,2.77048609938691,2.326319177953166,0.5310339772517867,0.1801355630159378,2.0,2.0,0.33302175998687744,0.17512643337249756,1.0,0.3502528667449951,0.3334672452653589,0.33303713632743637,0.19614163938060086,0.15789532661437988,2.3467953205257803,12.0,12.0,1.7961587190628052,0.9327149649461111,3.2,11.192579579353332,11.17643095701933,2.359623405746107,1.4,0.9,0.28918540477752686,0.2380167841911316,0.4,0.3107937812805176,0.2141234517097473,0.1495703555529866,-1,0.0,0.0
2023-10-06,27408.0,27958.0,28179.0,27243.0,13817979024.520027,545154869332.6545,-1.0,1.0,lower,-0.0407,0.018847364411861797,661.0,681.0,4.0,12.0,12.0,1.7724193334579468,0.979326069355011,4.0,11.751912832260132,3.8452281199004004,2.7499217262466775,2.326183901784561,0.5225597806832517,0.7434116452932358,1.0,1.0,0.3064478635787964,0.3064478635787964,0.0,0.3064478635787964,0.3064478635787964,0.3064478635787964,-0.0,0.0,0.828197805481222,12.0,12.0,1.779994821548462,0.9481487991909188,3.4,11.377785590291023,11.279923076927663,2.350392151366099,1.4,1.0,0.2996088981628418,0.24844027757644654,0.4,0.3212172746658325,0.24476823806762696,0.1495703555529866,-1,1.0,-1.0
2023-10-07,27955.0,27978.0,28025.0,27872.0,7226218924.820883,545619681437.3984,-1.0,1.0,lower,-0.0415,0.0007151030053019355,662.0,682.0,4.0,12.0,12.0,1.5550575256347656,0.8577853428820769,5.0,10.293424114584923,3.4340491830831614,2.4807671436600964,2.3027085774250042,0.4969192974613905,0.6767006069421768,1.0,1.0,0.2891765832901001,0.2891765832901001,0.0,0.2891765832901001,0.2891765832901001,0.2891765832901001,-0.0,0.0,0.11965750949172979,12.0,12.0,1.7534291744232178,0.9219982604185739,3.8,11.063979125022888,11.12188949584961,2.333297598373534,1.2,1.1,0.30010294914245605,0.2685238838195801,0.2,0.3035491704940796,0.273685896396637,0.03922832787612017,-1,1.0,-1.0
2023-10-08,27970.0,27948.0,28103.0,27770.0,7141598446.869208,544989660641.62256,-1.0,1.0,lower,-0.0404,-0.0010728463640345557,663.0,683.0,4.0,12.0,12.0,1.4387410879135132,0.8185793546338876,5.0,9.822952255606651,3.286603383915309,2.370759585522752,2.2960772919489845,0.47966098142069546,0.45737892389297485,1.0,1.0,0.21035337448120117,0.21035337448120117,0.0,0.21035337448120117,0.21035337448120117,0.21035337448120117,-0.0,0.0,0.05839014037683375,12.0,12.0,1.6789049863815309,0.8958872062464556,4.4,10.750646474957467,10.97801598161459,2.3198289724930765,1.2,1.2,0.28320989608764646,0.2516308307647705,0.2,0.28665611743927,0.29472123384475707,0.03922832787612017,-1,1.0,-1.0
2023-10-09,27939.0,27594.0,27992.0,27354.0,7640029989.224315,538282690587.88,-1.0,1.0,lower,-0.0318,-0.012747282904362535,664.0,684.0,4.0,12.0,12.0,1.706244945526123,0.8875498622655869,6.0,10.650598347187042,3.5932342279972205,2.5962872996907644,2.2806635510128235,0.5368422425907847,0.12638263404369354,0.0,0.0,0.0,0.0,0.0,0.0,0.0,0.0,0.0,0.0,0.21035337448120117,12.0,12.0,1.679715871810913,0.9030615987877052,4.8,10.836739185452462,10.9179086253047,2.3063905000249076,1.0,1.1,0.22779991626739501,0.19622085094451905,0.2,0.23124613761901855,0.2654431700706482,0.03922832787612017,-1,0.0,0.0
2023-10-10,27585.0,27392.0,27726.0,27297.0,10151720983.669058,535200388379.76337,-1.0,1.0,time,-0.0089,-0.0073473578265102245,665.0,685.0,4.0,12.0,12.0,1.4246108531951904,0.8497598121563593,5.0,10.197117745876312,3.4107669369751905,2.4508775995837357,2.2921891902351748,0.4973454733290692,0.31314003467559814,0.0,0.0,0.0,0.0,0.0,0.0,0.0,0.0,0.0,0.0,0.0,12.0,12.0,1.5794147491455077,0.8786000882585844,5.0,10.543201059103012,10.867890319228172,2.2995645024813096,0.6,1.0,0.16119556427001952,0.16119556427001952,0.0,0.16119556427001952,0.23599467277526856,0.0,-1,0.0,0.0
2023-10-11,27390.0,26842.0,27470.0,26570.0,14608441295.942532,523656381533.04626,-1.0,0.0,upper,0.0604,-0.02028317498371743,666.0,686.0,4.0,12.0,12.0,1.4170124530792236,0.8493641925354799,5.0,10.192370310425758,3.4059145987765964,2.444756969368787,2.2927622116683772,0.4952457197713553,0.08758680522441864,0.0,0.0,0.0,0.0,0.0,0.0,0.0,0.0,0.0,0.0,0.0,12.0,12.0,1.5083333730697632,0.8526077128946781,5.2,10.231292554736138,10.804539072513581,2.2928801644580727,0.4,0.9,0.09990599155426025,0.09990599155426025,0.0,0.09990599155426025,0.2105616331100464,0.0,-1,0.0,0.0
2023-10-12,26878.0,26729.0,26919.0,26571.0,10867640258.925844,521607675083.3507,-1.0,0.0,upper,0.0646,-0.004218706673123226,667.0,687.0,4.0,12.0,12.0,1.4688308238983154,0.9003615602850914,5.0,10.804338723421097,3.5206115314975555,2.5065437026163235,2.3327488262967857,0.47142463915645394,0.23360313475131989,0.0,0.0,0.0,0.0,0.0,0.0,0.0,0.0,0.0,0.0,0.0,12.0,12.0,1.4910880327224731,0.8611229563752809,5.2,10.333475476503372,10.69872730076313,2.2988882142324294,0.2,0.7,0.04207067489624024,0.04207067489624024,0.0,0.04207067489624024,0.1728099226951599,0.0,-1,0.0,0.0
2023-10-13,26759.0,26841.0,27101.0,26695.0,14344414895.617512,523655619453.7407,-1.0,0.0,upper,0.0604,0.004181450931077731,668.0,688.0,4.0,12.0,12.0,1.4537421464920044,0.8432088841994604,5.0,10.118506610393524,3.311060230575505,2.37691674372528,2.3338368467198873,0.45010232001400974,0.14719733595848083,0.0,0.0,0.0,0.0,0.0,0.0,0.0,0.0,0.0,0.0,0.0,12.0,12.0,1.4940882444381713,0.8660488622883957,5.2,10.392586347460746,10.571616411209106,2.30644012518661,0.0,0.6,0.0,0.0,0.0,0.0,0.143328058719635,0.0,-1,0.0,0.0
2023-10-14,26861.0,26863.0,26977.0,26816.0,5543160607.188677,523979202939.078,-1.0,0.0,upper,0.0596,0.0008193058703503588,669.0,689.0,4.0,12.0,12.0,1.4785887002944946,0.8318514923254648,4.0,9.982217907905579,3.264730266905588,2.3508416204115483,2.337340619279685,0.44297675373923356,0.24992245435714722,1.0,1.0,0.19462823867797852,0.19462823867797852,0.0,0.19462823867797852,0.19462823867797852,0.19462823867797854,-0.0,0.0,0.19462823867797852,12.0,12.0,1.4485569953918458,0.8549091883003712,4.8,10.258910259604454,10.547824722528457,2.317775538839982,0.2,0.6,0.0389256477355957,0.0389256477355957,0.0,0.0389256477355957,0.13508589267730714,-0.0,-1,1.0,-1.0
2023-10-15,26860.0,27150.0,27277.0,26816.0,6604845643.42894,529643463244.3381,-1.0,0.0,upper,0.049,0.010627171276025487,670.0,690.0,4.0,12.0,12.0,1.575179100036621,0.9762251948316892,4.0,11.71470233798027,3.6804631872419415,2.5873907094000996,2.3860917774230814,0.41928726234260505,0.316385954618454,1.0,1.0,0.20734262466430664,0.20734262466430664,0.0,0.20734262466430664,0.20734262466430664,0.20734262466430664,-0.0,0.0,0.1239623729834699,12.0,12.0,1.4786706447601319,0.8802022648354371,4.6,10.562427178025246,10.552814118564129,2.3365560562775634,0.4,0.5,0.08039417266845703,0.08039417266845703,0.0,0.08039417266845703,0.12079486846923829,-0.0,-1,1.0,-1.0
2023-10-16,27154.0,28513.0,29483.0,27131.0,22792799561.834,555338775502.1107,-1.0,0.0,upper,0.04,0.04898307724515241,671.0,691.0,4.0,12.0,12.0,1.993857502937317,1.0431297694643338,4.0,12.517557233572006,3.982765835694976,2.828946614249297,2.3708987366454175,0.4834758793247885,0.3449024260044098,1.0,1.0,0.197495698928833,0.197495698928833,0.0,0.197495698928833,0.197495698928833,0.19749569892883304,-0.0,0.0,0.09600641480328084,12.0,12.0,1.5940396547317506,0.918955380221208,4.4,11.027464562654496,10.629378558695317,2.3521833612729717,0.6,0.5,0.11989331245422363,0.11989331245422363,0.0,0.11989331245422363,0.10989965200424194,-0.0,-1,1.0,-1.0
2023-10-17,28518.0,28418.0,28613.0,28112.0,10403248077.491972,555003134086.2079,-1.0,0.0,upper,0.0433,-0.003337376409213261,672.0,692.0,4.0,12.0,12.0,1.755722165107727,0.9663372188806534,3.0,11.59604662656784,3.672063710916598,2.601802213390386,2.3783278122783105,0.43573314175676275,0.3982105553150177,1.0,1.0,0.20071947574615479,0.20071947574615479,0.0,0.20071947574615479,0.20071947574615479,0.2007194757461548,-0.0,0.0,0.031431344231680876,12.0,12.0,1.6514179229736328,0.9321505119403204,4.0,11.185806143283845,10.759640809893607,2.3612991584692766,0.8,0.5,0.16003720760345458,0.16003720760345458,0.0,0.16003720760345458,0.10105394124984741,-0.0,-1,1.0,-1.0
2023-10-18,28414.0,28328.0,28817.0,28202.0,13461030457.558897,553311088369.7102,-1.0,0.0,upper,0.0465,-0.003172032406280943,673.0,693.0,4.0,12.0,12.0,1.572906732559204,0.884578230480353,4.0,10.614938765764236,3.3714336086148444,2.3932904334332514,2.3756125135056374,0.4058756816256141,0.42811551690101624,1.0,1.0,0.20824801921844482,0.20824801921844482,0.0,0.20824801921844482,0.20824801921844482,0.20824801921844485,-0.0,0.0,0.07340304496175076,12.0,12.0,1.6752508401870727,0.9404243811964988,3.8,11.285092574357986,10.838839460909366,2.3696542918264263,1.0,0.5,0.20168681144714357,0.20168681144714357,0.0,0.20168681144714357,0.10084340572357178,-0.0,-1,1.0,-1.0
2023-10-19,28327.0,28716.0,28854.0,28188.0,11193923144.463654,559364043794.7655,-1.0,0.0,upper,0.0411,0.013603743904634065,674.0,694.0,4.0,12.0,12.0,1.4560877084732056,0.9140357325474421,4.0,10.968428790569305,3.3579035787674667,2.3278123721424464,2.420286393620742,0.3227461076213636,0.4473349153995514,2.0,2.0,0.19278168678283691,0.12506461143493652,1.0,0.25012922286987305,0.20113060098873506,0.1944586331435738,0.5383947519710035,0.06771707534790039,2.0303829466828036,12.0,12.0,1.6707506418228149,0.9568612292408943,3.8,11.482334750890733,10.870622505247592,2.386243446694638,1.2,0.7,0.20131750106811525,0.18777408599853515,0.2,0.21278700828552247,0.12585632801055907,0.1076789503942007,-1,0.0,0.0
2023-10-20,28723.0,29677.0,30074.0,28593.0,23561406297.715862,579536788709.3126,1.0,1.0,upper,0.1047,0.032917876309084944,675.0,695.0,4.0,12.0,12.0,2.3105242252349854,0.928628534078598,3.0,11.143542408943176,3.6710622952511485,2.7431573994270058,2.351572381641807,0.5105949898529363,0.7903497219085693,2.0,2.0,0.1587766408920288,0.10300421714782715,1.0,0.2060084342956543,0.16565284181407525,0.1601577772311745,0.5383941792419014,0.05577242374420166,0.7550167193893712,12.0,12.0,1.8178196668624877,0.9473418970902759,3.6,11.368102765083313,10.96526497155428,2.3793395675383833,1.4,0.9,0.19160430431365966,0.16690640449523925,0.4,0.21252017021179198,0.14645717144012452,0.21535778624258098,1,0.0,0.0
2023-10-21,29677.0,29920.0,30253.0,29484.0,7452489477.484937,583719549318.5221,1.0,1.0,upper,0.0966,0.00815481808295492,676.0,696.0,4.0,12.0,12.0,1.9883769750595093,0.7486167425910631,2.0,8.983400911092758,3.0410968037303343,2.3209999536264387,2.324898954588262,0.4585434768742405,0.9747155010700226,1.0,1.0,0.13663911819458008,0.13663911819458008,0.0,0.13663911819458008,0.13663911819458008,0.13663911819458008,-0.0,0.0,1.0400291431220117,12.0,12.0,1.8167235612869264,0.888439291715622,3.2,10.661271500587464,10.844368031620979,2.3701396111269517,1.4,1.0,0.17943298816680908,0.15473508834838867,0.4,0.2003488540649414,0.16012108325958252,0.21535778624258098,1,1.0,1.0
2023-10-22,29920.0,30019.0,30187.0,29741.0,11330304246.065748,583399133857.2509,1.0,1.0,upper,0.0933,0.003303361418295568,677.0,697.0,4.0,12.0,12.0,1.744558334350586,0.6313133599857489,2.0,7.575760319828987,2.696441855137779,2.1002534771269836,2.25935442313331,0.4553496802990091,0.7685661315917969,0.0,0.0,0.0,0.0,0.0,0.0,0.0,0.0,0.0,0.0,0.13663911819458008,12.0,12.0,1.814490795135498,0.8214345199366411,3.0,9.857214239239692,10.521510191261768,2.3463449332979516,1.2,1.0,0.13928909301757814,0.11459119319915771,0.4,0.16020495891571046,0.16012108325958252,0.21535778624258098,1,0.0,0.0
2023-10-23,29990.0,32953.0,34333.0,29916.0,35558857925.14893,641535355789.0791,1.0,1.0,time,0.034,0.09325178932038507,678.0,698.0,4.0,12.0,12.0,2.0845162868499756,0.5640110336244106,3.0,6.7681324034929276,2.7315999391240733,2.2765687515829858,2.1073361185495187,0.5510850565642996,1.0870114713907242,0.0,0.0,0.0,0.0,0.0,0.0,0.0,0.0,0.0,0.0,0.0,12.0,12.0,1.9168127059936524,0.7573210805654526,2.8,9.08785296678543,10.186472770571708,2.292689654306728,1.0,1.0,0.09763948917388916,0.07294158935546875,0.4,0.11855535507202149,0.16012108325958252,0.21535778624258098,1,0.0,0.0
2023-10-24,33071.0,33847.0,35066.0,32884.0,46464714676.18555,660676033939.1393,1.0,1.0,time,0.0207,0.026768065293318204,679.0,699.0,4.0,12.0,12.0,1.6069902181625366,0.5091515804330508,3.0,6.1098189651966095,2.339701400862222,1.8643226047840171,2.1470061584029905,0.44378848780574925,0.8733895197510719,0.0,0.0,0.0,0.0,0.0,0.0,0.0,0.0,0.0,0.0,0.0,12.0,12.0,1.9469932079315186,0.6763442501425743,2.6,8.116131001710892,9.799232876300811,2.2380336072631777,0.6,0.9,0.05908315181732178,0.047928667068481444,0.2,0.06852951049804687,0.14065825939178467,0.10767883584838027,1,0.0,0.0
2023-10-25,33908.0,34472.0,35012.0,33779.0,23840463172.498646,673948847498.8158,1.0,1.0,time,0.0008,0.01829703117526162,680.0,700.0,4.0,12.0,12.0,1.3318407535552979,0.42805430479347706,3.0,5.136651657521725,1.9491123460662667,1.547299702109973,2.1584590039776437,0.36517953157330973,0.6929862350225449,0.0,0.0,0.0,0.0,0.0,0.0,0.0,0.0,0.0,0.0,0.0,12.0,12.0,1.751256513595581,0.5762294042855501,2.6,6.914752851426601,9.141427808254956,2.1994109317303447,0.2,0.8,0.027327823638916015,0.027327823638916015,0.0,0.027327823638916015,0.119923996925354,0.0,1,0.0,0.0
2023-10-26,34498.0,34174.0,34819.0,33766.0,17712548549.578587,667401630872.5822,1.0,1.0,time,0.0145,-0.008682279287455266,681.0,701.0,4.0,12.0,12.0,1.1996071338653564,0.3720149475460251,3.0,4.464179370552301,1.7365921743218626,1.3900534804865636,2.123412217017586,0.33603210728836025,0.3855317495763302,0.0,0.0,0.0,0.0,0.0,0.0,0.0,0.0,0.0,0.0,0.0,12.0,12.0,1.5935025453567504,0.5009090452765425,2.8,6.01090854331851,8.336090021952987,2.1591135842162097,0.0,0.7,0.0,0.0,0.0,0.0,0.1001744270324707,0.0,1,0.0,0.0
2023-10-27,34150.0,33899.0,34215.0,33450.0,14148818689.499771,662119938018.2968,1.0,1.0,time,0.0449,-0.008079605599840904,682.0,702.0,4.0,12.0,12.0,1.1186565160751343,0.4206369516129295,4.0,5.047643419355154,1.9540676336200014,1.5274347006844016,2.1018706589046503,0.37584959048519395,0.30122823268175125,0.0,0.0,0.0,0.0,0.0,0.0,0.0,0.0,0.0,0.0,0.0,12.0,12.0,1.46832218170166,0.4587737636019786,3.2,5.505285163223744,7.681249701231718,2.127616831370478,0.0,0.6,0.0,0.0,0.0,0.0,0.08010247945785523,0.0,1,0.0,0.0
2023-10-28,33908.0,34093.0,34373.0,33874.0,8431785274.868206,665892923223.9833,1.0,1.0,time,0.0241,0.0057065691983208345,683.0,703.0,4.0,12.0,12.0,1.0573207139968872,0.397897238843143,4.0,4.774766866117716,1.847914473043523,1.4440970806037763,2.102046730429334,0.3553075366889642,0.2724732682108879,0.0,0.0,0.0,0.0,0.0,0.0,0.0,0.0,0.0,0.0,0.0,12.0,12.0,1.2628830671310425,0.42555100464572504,3.4,5.106612055748701,7.097232511267066,2.1265589537464407,0.0,0.5,0.0,0.0,0.0,0.0,0.059277677536010744,0.0,1,0.0,0.0
2023-10-29,34082.0,34556.0,34763.0,33950.0,10359013389.425524,674293769229.6088,1.0,1.0,time,0.0051,0.013489111872076095,684.0,704.0,4.0,12.0,12.0,1.0043001174926758,0.3900931629662712,4.0,4.681117955595255,1.7719749670581444,1.3749827363288933,2.134625602248992,0.3308855761896593,0.25816991925239563,0.0,0.0,0.0,0.0,0.0,0.0,0.0,0.0,0.0,0.0,0.0,12.0,12.0,1.1423450469970704,0.4017393211523692,3.6,4.8208718538284305,6.468501427769661,2.124082842515641,0.0,0.3,0.0,0.0,0.0,0.0,0.034264755249023435,0.0,1,0.0,0.0
2023-10-30,34525.0,34499.0,34839.0,34172.0,17075173423.648043,673508057017.6387,1.0,1.0,time,0.0158,-0.001650858386657933,685.0,705.0,4.0,12.0,12.0,0.9742600917816162,0.3758447701111436,4.0,4.510137241333723,1.7119996135331454,1.3320255496533402,2.1358688084230564,0.3209142125889278,0.18262360990047455,0.0,0.0,0.0,0.0,0.0,0.0,0.0,0.0,0.0,0.0,0.0,12.0,12.0,1.070828914642334,0.39129741421590253,3.8,4.69556897059083,5.8051609110087155,2.1195648034047236,0.0,0.1,0.0,0.0,0.0,0.0,0.013663911819458007,0.0,1,0.0,0.0
2023-10-31,34494.0,34672.0,34703.0,34108.0,16419150928.652367,676319525450.0793,1.0,1.0,time,0.0112,0.005002106684023471,686.0,706.0,4.0,12.0,12.0,0.9572249054908752,0.4288351694121957,4.0,5.146022032946348,1.9175333858409795,1.4560138423418556,2.138747930078728,0.3500165538367831,0.11210169643163681,0.0,0.0,0.0,0.0,0.0,0.0,0.0,0.0,0.0,0.0,0.0,12.0,12.0,1.0223524689674377,0.4026614585891366,4.0,4.831937503069639,5.421423023194075,2.122631946016952,0.0,0.0,0.0,0.0,0.0,0.0,0.0,0.0,1,0.0,0.0
2023-11-01,34669.0,35457.0,35521.0,34186.0,18642295524.912045,692543794894.7606,1.0,0.0,time,-0.0121,0.022388249904210032,687.0,707.0,4.0,12.0,12.0,0.9483368396759033,0.41246528799335164,4.0,4.949583455920219,1.863481876043155,1.4271627008105976,2.1309691626813128,0.3453299553504414,0.10095640644431114,0.0,0.0,0.0,0.0,0.0,0.0,0.0,0.0,0.0,0.0,0.0,12.0,12.0,0.9882885336875915,0.40102712586522105,4.0,4.812325510382652,5.158805336803198,2.1284516467722847,0.0,0.0,0.0,0.0,0.0,0.0,0.0,0.0,1,0.0,0.0
2023-11-02,35423.0,34924.0,35878.0,34465.0,20690186421.955303,681560028736.5514,1.0,1.0,time,0.0146,-0.015146422749651984,688.0,708.0,4.0,12.0,12.0,0.9678092002868652,0.4388085473328829,4.0,5.265702567994595,1.9241320280991903,1.4608719436115165,2.1787764602561346,0.3405447556254983,0.09763561189174652,0.0,0.0,0.0,0.0,0.0,0.0,0.0,0.0,0.0,0.0,0.0,12.0,12.0,0.9703862309455872,0.409209387563169,4.0,4.910512650758028,5.008562353253365,2.143797592737645,0.0,0.0,0.0,0.0,0.0,0.0,0.0,0.0,1,0.0,0.0
2023-11-03,34937.0,34731.0,34937.0,34123.0,17254049537.002068,677974451476.0634,1.0,1.0,time,0.0302,-0.005541612056860159,689.0,709.0,4.0,12.0,12.0,1.005549669265747,0.4608480893075466,4.0,5.530177071690559,1.9997562935357196,1.5173900665596383,2.204666366215204,0.3476652720307664,0.24339976906776428,0.0,0.0,0.0,0.0,0.0,0.0,0.0,0.0,0.0,0.0,0.0,12.0,12.0,0.9706361413002014,0.423360372831424,4.0,5.080324473977089,4.950598163902759,2.1578057455308874,0.0,0.0,0.0,0.0,0.0,0.0,0.0,0.0,1,0.0,0.0
2023-11-04,34725.0,35048.0,35261.0,34608.0,10001404422.938835,685385094861.7168,1.0,1.0,upper,0.0479,0.009085890619896248,690.0,710.0,4.0,12.0,12.0,1.0604193210601807,0.4058336056768894,3.0,4.870003268122673,1.82051144083922,1.425466376997694,2.1813322438366454,0.3338975541821715,0.31077705323696136,0.0,0.0,0.0,0.0,0.0,0.0,0.0,0.0,0.0,0.0,0.0,12.0,12.0,0.9878679871559143,0.4293581399445732,3.8,5.152297679334879,4.923933324962855,2.166898432613605,0.0,0.0,0.0,0.0,0.0,0.0,0.0,0.0,1,0.0,0.0
2023-11-05,35078.0,35062.0,35366.0,34572.0,12796779677.519655,684647430279.3319,1.0,1.0,upper,0.0475,0.0003993724200850263,691.0,711.0,4.0,12.0,12.0,1.1378812789916992,0.40091312987109023,2.0,4.810957558453083,1.8404487703336618,1.4779400299622483,2.1710367111738056,0.3486253509363937,0.42469580471515656,0.0,0.0,0.0,0.0,0.0,0.0,0.0,0.0,0.0,0.0,0.0,12.0,12.0,1.0239992618560791,0.42377373203635216,3.4,5.085284784436226,4.9586111437529325,2.1733561888326203,0.0,0.0,0.0,0.0,0.0,0.0,0.0,0.0,1,0.0,0.0
2023-11-06,35039.0,35031.0,35276.0,34779.0,12717348149.539808,683644463783.0627,1.0,1.0,upper,0.0484,-0.000884539169994861,692.0,712.0,4.0,12.0,12.0,1.196390986442566,0.41422380382816,2.0,4.97068564593792,1.9242185144155728,1.551710810088608,2.155038879709744,0.3700946472779221,0.2395905777812004,0.0,0.0,0.0,0.0,0.0,0.0,0.0,0.0,0.0,0.0,0.0,12.0,12.0,1.0736100912094115,0.4241254352033138,3.0,5.089505222439766,4.950915366411209,2.1781701322383067,0.0,0.0,0.0,0.0,0.0,0.0,0.0,0.0,1,0.0,0.0
2023-11-07,35058.0,35437.0,35871.0,34546.0,18582602380.374496,691660755958.351,1.0,1.0,upper,0.0369,0.011523088279302747,693.0,713.0,4.0,12.0,12.0,1.2838895320892334,0.4490710372726123,2.0,5.388852447271347,2.0693981418714604,1.6657593691175105,2.1683193911052134,0.3939576025597862,0.30300648510456085,0.0,0.0,0.0,0.0,0.0,0.0,0.0,0.0,0.0,0.0,0.0,12.0,12.0,1.1368261575698853,0.42617793319125974,2.6,5.114135198295116,5.012323924526572,2.1760787184081223,0.0,0.0,0.0,0.0,0.0,0.0,0.0,0.0,1,0.0,0.0
2023-11-08,35440.0,35795.0,35896.0,35187.0,14717120833.223528,699187515031.6934,1.0,1.0,upper,0.0424,0.010051746807158004,694.0,714.0,4.0,12.0,12.0,1.4161443710327148,0.400249811510245,3.0,4.80299773812294,1.8189353851662797,1.510618736311936,2.218586680947358,0.3398684789790215,0.4113961309194565,0.0,0.0,0.0,0.0,0.0,0.0,0.0,0.0,0.0,0.0,0.0,12.0,12.0,1.2189450979232788,0.4140582776317994,2.4,4.968699331581592,5.024511902779341,2.178862781354553,0.0,0.0,0.0,0.0,0.0,0.0,0.0,0.0,1,0.0,0.0
2023-11-09,35648.0,36768.0,37936.0,35606.0,38190964507.15763,717022051490.4104,1.0,0.0,time,-0.0338,0.02681968281819692,695.0,715.0,4.0,12.0,12.0,1.5802162885665894,0.4432076948384444,3.0,5.318492338061333,2.015701808399601,1.678745440240028,2.219911797452388,0.37703415530706336,0.3189776688814163,0.0,0.0,0.0,0.0,0.0,0.0,0.0,0.0,0.0,0.0,0.0,12.0,12.0,1.3229044914245605,0.4215330954641104,2.4,5.058397145569325,5.105347412452102,2.1865786920777017,0.0,0.0,0.0,0.0,0.0,0.0,0.0,0.0,1,0.0,0.0
2023-11-10,36698.0,37344.0,37472.0,36366.0,23152060053.421646,730760729870.4996,1.0,0.0,lower,-0.0494,0.015544354437800379,696.0,716.0,4.0,12.0,12.0,1.7149193286895752,0.4888262612124284,3.0,5.865915134549141,2.2050527959321173,1.8266017967552315,2.2269164751781645,0.40772176675573263,0.38235989212989807,0.0,0.0,0.0,0.0,0.0,0.0,0.0,0.0,0.0,0.0,0.0,12.0,12.0,1.4383121013641358,0.439115721732378,2.6,5.269388660788536,5.177336722612381,2.1977546448785734,0.0,0.0,0.0,0.0,0.0,0.0,0.0,0.0,1,0.0,0.0
2023-11-11,37319.0,37123.0,37404.0,36822.0,12033297219.971031,720323851790.6948,1.0,0.0,lower,-0.0434,-0.005935532486305057,697.0,717.0,4.0,12.0,12.0,1.9755090475082397,0.5732432566583157,3.0,6.878919079899788,2.553228602902001,2.1062629141838833,2.244496975371999,0.46329277307714445,0.6958042979240417,0.0,0.0,0.0,0.0,0.0,0.0,0.0,0.0,0.0,0.0,0.0,12.0,12.0,1.5941357135772705,0.4709196122984092,2.8,5.65103534758091,5.370270285010338,2.2156462640110246,0.0,0.0,0.0,0.0,0.0,0.0,0.0,0.0,1,0.0,0.0
2023-11-12,37152.0,37068.0,37231.0,36862.0,8831221164.408867,725016899532.0363,1.0,0.0,lower,-0.042,-0.0014826598933954614,698.0,718.0,4.0,12.0,12.0,1.0943355560302734,0.5695431257287661,2.0,6.8345175087451935,2.157099290755347,1.5510606659200943,2.3968047062438114,0.25174803630457315,1.4486734718084335,0.0,0.0,0.0,0.0,0.0,0.0,0.0,0.0,0.0,0.0,0.0,12.0,12.0,1.5562249183654786,0.49501402998963995,2.8,5.940168359875679,5.527151779085398,2.261343327038744,0.0,0.0,0.0,0.0,0.0,0.0,0.0,0.0,1,0.0,0.0
2023-11-13,37068.0,36549.0,37292.0,36437.0,18041088204.36723,714263437353.6985,1.0,1.0,upper,0.0364,-0.01410023768406489,699.0,719.0,4.0,12.0,12.0,1.1614289283752441,0.5965197881062826,3.0,7.158237457275391,2.2442748032095574,1.6046653577104781,2.4033449799287534,0.25277445498126816,0.2848062217235565,0.0,0.0,0.0,0.0,0.0,0.0,0.0,0.0,0.0,0.0,0.0,12.0,12.0,1.5052818298339843,0.5342680253088474,2.8,6.411216303706169,5.689957817643881,2.2982949868350233,0.0,0.0,0.0,0.0,0.0,0.0,0.0,0.0,1,0.0,0.0
2023-11-14,36499.0,35545.0,36748.0,35110.0,22330924588.059715,694845286838.959,1.0,1.0,upper,0.0643,-0.02785432665893369,700.0,720.0,4.0,12.0,12.0,1.2141374349594116,0.6597745418548584,3.0,7.917294502258301,2.508435724903184,1.7980726790929404,2.3893438298679186,0.2984153192299148,0.2536361813545227,1.0,1.0,0.043337106704711914,0.043337106704711914,0.0,0.043337106704711914,0.043337106704711914,0.04333710670471192,-0.0,0.0,0.043337106704711914,12.0,12.0,1.432066059112549,0.5775813947121302,2.8,6.930976736545563,5.994686941057443,2.3321813933181295,0.2,0.1,0.008667421340942384,0.008667421340942384,0.0,0.008667421340942384,0.004333710670471192,-0.0,1,0.0,0.0
2023-11-15,35541.0,37904.0,37904.0,35389.0,28479730068.295124,739215831747.2646,1.0,0.0,time,-0.011,0.0642571480349833,701.0,721.0,4.0,12.0,12.0,1.2673159837722778,0.6916336392362913,4.0,8.299603670835495,2.6085210349092476,1.8548059509668504,2.396353968184689,0.2977830444139348,0.36459821462631226,1.0,1.0,0.039002299308776855,0.039002299308776855,0.0,0.039002299308776855,0.039002299308776855,0.03900229930877686,-0.0,0.0,0.3000579749099346,12.0,12.0,1.3425453901290894,0.6181428703169028,3.0,7.417714443802834,6.3435515522956845,2.366068891919434,0.4,0.2,0.016467881202697755,0.016467881202697755,0.0,0.016467881202697755,0.008233940601348877,-0.0,1,0.0,0.0
2023-11-16,37904.0,36202.0,37904.0,35579.0,12023334732.149555,707488742969.5619,1.0,0.0,time,-0.0066,-0.04594228149206851,702.0,722.0,4.0,12.0,12.0,1.303267240524292,0.7379245484868685,4.0,8.855094581842422,2.737855813415347,1.9219980599748223,2.413270229594724,0.2830581188757332,0.2603083848953247,1.0,1.0,0.04010879993438721,0.04010879993438721,0.0,0.04010879993438721,0.04010879993438721,0.040108799934387214,-0.0,0.0,0.07658869784789671,12.0,12.0,1.2080970287322998,0.6510791286826134,3.2,7.81294954419136,6.731992445886135,2.399823542763979,0.6,0.3,0.024489641189575195,0.024489641189575195,0.0,0.024489641189575195,0.012244820594787598,-0.0,1,0.0,0.0
2023-11-17,36163.0,36528.0,36673.0,35946.0,22683923623.963726,714651953916.8749,1.0,1.0,time,0.0253,0.008964723863078493,703.0,723.0,4.0,12.0,12.0,1.3675949573516846,0.8094057018558184,5.0,9.712868422269821,2.998271525919708,2.0944087935568976,2.412511307811488,0.30659162045251304,0.32436320185661316,1.0,1.0,0.04208850860595703,0.04208850860595703,0.0,0.04208850860595703,0.04208850860595703,0.04208850860595704,-0.0,0.0,0.13704029437468995,12.0,12.0,1.262748908996582,0.6990516439080239,3.8,8.388619726896286,7.1643940433859825,2.4029648630775147,0.8,0.4,0.0329073429107666,0.0329073429107666,0.0,0.0329073429107666,0.0164536714553833,-0.0,1,0.0,0.0
2023-11-18,36619.0,36582.0,36826.0,36264.0,8877846889.346693,715117663450.342,1.0,1.0,time,0.0192,0.0014772263662943138,704.0,724.0,4.0,12.0,12.0,1.43783438205719,0.8883304124077162,5.0,10.659964948892593,3.2811408888829323,2.2798166650152387,2.4133832322545015,0.32867340342122847,0.38501396775245667,1.0,1.0,0.03983664512634277,0.03983664512634277,0.0,0.03983664512634277,0.03983664512634277,0.03983664512634278,-0.0,0.0,0.14128976085238665,12.0,12.0,1.3180299997329712,0.7574137687683106,4.2,9.088965225219727,7.750090764462948,2.4049725135426643,1.0,0.5,0.040874671936035153,0.040874671936035153,0.0,0.040874671936035153,0.020437335968017577,-0.0,1,0.0,0.0
2023-11-19,36588.0,37414.0,37516.0,36412.0,12599067947.734495,732521837352.2426,1.0,1.0,time,0.0086,0.022488649772978816,705.0,725.0,4.0,12.0,12.0,1.6286637783050537,0.9789552614092827,3.0,11.747463136911392,3.6093415532169395,2.5074132193126437,2.415638390728112,0.356733514181976,0.10536745190620422,2.0,2.0,0.06009209156036377,0.04978519678115845,1.0,0.0995703935623169,0.0718999012312017,0.06530620683547797,0.671561259267976,0.010306894779205322,2.738201654835771,12.0,12.0,1.4009352684020997,0.8212499126791954,4.2,9.854998952150344,8.392987844347953,2.410231425714703,1.2,0.7,0.044225668907165526,0.042164289951324464,0.2,0.052121329307556155,0.030394375324249268,0.13431225185359522,1,0.0,0.0
2023-11-20,37388.0,37489.0,37726.0,36942.0,16005284775.311718,732673492672.5168,1.0,1.0,time,0.0085,0.002002590685681773,706.0,726.0,4.0,12.0,12.0,1.6427483558654785,1.0329363842805226,3.0,12.395236611366272,3.755201591687877,2.5815233717275174,2.4312240529740454,0.32889310656718035,0.09173303842544556,2.0,2.0,0.06371676921844482,0.05176824331283569,1.0,0.10353648662567139,0.07513612030194226,0.06852829403022276,0.6662693253190481,0.01194852590560913,0.04286392971831847,12.0,12.0,1.4760217428207398,0.8895104616880417,4.0,10.674125540256501,9.045919992029667,2.417205442672574,1.4,0.9,0.04916856288909912,0.04471747875213623,0.4,0.06502816677093506,0.04074802398681641,0.26756611691740484,1,0.0,0.0
2023-11-21,37479.0,35965.0,37647.0,35945.0,18891503534.641026,702705880301.6978,1.0,1.0,time,0.0416,-0.04150131329307494,707.0,727.0,4.0,12.0,12.0,1.7331160306930542,1.0166908204555511,3.0,12.200289845466614,3.7338938402910604,2.5954727681937944,2.4223663011165004,0.358008440051877,0.4098072052001953,2.0,2.0,0.06722164154052734,0.05447709560394287,1.0,0.10895419120788574,0.07912240386351825,0.07220462482700939,0.6655272313501337,0.012744545936584473,0.2658306581207185,12.0,12.0,1.5619915008544922,0.9452637160817782,3.8,11.343164592981339,9.57805706858635,2.419024656976929,1.6,1.1,0.054591131210327146,0.047591137886047366,0.6,0.07879724502563476,0.05164344310760498,0.40067156318743163,1,0.0,0.0
2023-11-22,35788.0,37465.0,37795.0,35788.0,25245202377.321384,732259726682.3702,1.0,0.0,time,-0.0058,0.04086092049695443,708.0,728.0,4.0,12.0,12.0,1.6938430070877075,0.9451737801233927,2.0,11.342085361480713,3.4570739787841793,2.4010605699648484,2.42807405128472,0.3203017846752437,0.43962448835372925,0.0,0.0,0.0,0.0,0.0,0.0,0.0,0.0,0.0,0.0,0.10895419120788574,12.0,12.0,1.6272411108016969,0.972417331735293,3.2,11.669007980823517,10.028813853859901,2.422137205671576,1.4,1.1,0.04617342948913574,0.039173436164855954,0.6,0.07037954330444336,0.05164344310760498,0.40067156318743163,1,0.0,0.0
2023-11-23,37427.0,37293.0,37643.0,36972.0,11956046626.60703,728816537112.472,1.0,1.0,time,0.0136,-0.004601522338586015,709.0,729.0,4.0,12.0,12.0,1.5613378286361694,0.9946690599123637,2.0,11.936028718948364,3.5671227621091894,2.431099347315763,2.4479271879007634,0.26645298756599756,0.30391716957092285,0.0,0.0,0.0,0.0,0.0,0.0,0.0,0.0,0.0,0.0,0.0,12.0,12.0,1.6519418001174926,0.9936850612362227,2.6,11.924220734834671,10.506592980027198,2.429045996800828,1.2,1.1,0.03820610046386719,0.0312061071395874,0.6,0.0624122142791748,0.05164344310760498,0.40067156318743163,1,0.0,0.0
2023-11-24,37302.0,37739.0,38349.0,37264.0,22996708651.54232,737614054534.8141,1.0,1.0,time,0.0019,0.01188840102634161,710.0,730.0,4.0,12.0,12.0,1.260015845298767,1.0298885454734166,5.0,12.358662545681,3.6148410837019544,2.4162628613474344,2.47076211342342,0.1680850645881728,0.6742011904716492,1.0,1.0,0.18797028064727783,0.18797028064727783,0.0,0.18797028064727783,0.18797028064727783,0.18797028064727783,-0.0,0.0,0.18797028064727783,12.0,12.0,1.5782122135162353,1.0038717180490493,3.0,12.046460616588593,10.950729784369468,2.4400707413398903,1.0,1.1,0.06378173828125,0.05884312391281128,0.4,0.08009219169616699,0.06610676050186157,0.2663593113338364,1,1.0,1.0
2023-11-25,37731.0,37810.0,37883.0,37617.0,7505379785.011788,739536714717.2401,1.0,0.0,time,-0.0026,0.001879575398811952,711.0,731.0,4.0,12.0,12.0,1.2966094017028809,1.0279024690389633,5.0,12.33482962846756,3.6211627620386233,2.428941462960847,2.4670600226860344,0.19013546024225902,0.2690736651420593,2.0,2.0,0.3712329864501953,0.28233110904693604,1.0,0.5646622180938721,0.4186033897175154,0.3879715101031347,0.6427172432083627,0.08890187740325928,2.273616143702326,12.0,12.0,1.508984422683716,1.0028649350007375,3.4,12.03437922000885,11.354252380132674,2.4472379352822875,1.0,1.2,0.1252849817276001,0.10495569705963134,0.4,0.17231733798980714,0.11867275238037109,0.26164889491169924,1,0.0,0.0
2023-11-26,37800.0,37492.0,37825.0,37184.0,10229112671.374176,733376783676.3198,1.0,1.0,time,0.0314,-0.008446041018602102,712.0,732.0,4.0,12.0,12.0,1.4612512588500977,1.0420008848110835,4.0,12.504010617733002,3.731533148792922,2.537560182638623,2.4492684195344463,0.27312230367478385,0.4086955785751343,2.0,2.0,0.23117327690124512,0.21506625413894653,1.0,0.43013250827789307,0.3050014093463279,0.27247790772753666,0.6903400492780521,0.016107022762298584,0.2950268147132695,12.0,12.0,1.4546114683151246,1.007926947871844,3.6,12.095123374462128,11.719143983721732,2.4526183589658768,1.0,1.3,0.15807530879974366,0.1370735287666321,0.4,0.23655300140380858,0.15767512321472169,0.26661145849728296,1,0.0,0.0
2023-11-27,37472.0,37250.0,37568.0,36770.0,17979133247.880783,728040168286.0479,1.0,1.0,upper,0.0582,-0.006475632058670811,713.0,733.0,4.0,12.0,12.0,1.5931732654571533,1.0840930491685867,4.0,13.00911659002304,3.912845528864376,2.6839021340578344,2.442295261711908,0.3171838664568514,0.46363359689712524,2.0,2.0,0.4407954216003418,0.33271241188049316,1.0,0.6654248237609863,0.49473121189073127,0.45944048170574353,0.6394124704220239,0.10808300971984863,0.47172639273664974,12.0,12.0,1.4344775199890136,1.0357108016808827,4.0,12.428529620170593,12.048768800497054,2.4554626010513143,1.4,1.4,0.24623439311981202,0.2036160111427307,0.6,0.36963796615600586,0.2200087547302246,0.39449395258168773,1,0.0,0.0
2023-11-28,37247.0,37802.0,38351.0,36911.0,19715537240.688644,738816928726.5587,1.0,1.0,upper,0.0555,0.014710066453196084,714.0,734.0,4.0,12.0,12.0,1.716066837310791,1.1851254403591156,5.0,14.221505284309387,4.3150887074438655,2.977998418449086,2.4325337893073615,0.3835929744395877,0.5292884111404419,2.0,2.0,0.4747971296310425,0.35837703943252563,1.0,0.7167540788650513,0.5328934974162339,0.49488048187995104,0.6394126401324006,0.11642009019851685,0.3863936052426729,12.0,12.0,1.465423321723938,1.073802077770233,4.6,12.885624933242799,12.404922834038734,2.452383921332634,1.8,1.5,0.34119381904602053,0.2752914190292358,0.8,0.5129887819290161,0.2877004981040955,0.5223764806081679,1,0.0,0.0
2023-11-29,37843.0,37810.0,38329.0,37638.0,20964545194.804527,740494537382.5989,1.0,1.0,upper,0.0433,0.00021160662407695275,715.0,735.0,4.0,12.0,12.0,1.8129007816314697,1.1806832402944565,4.0,14.168198883533478,4.355769619709264,3.0408109519096143,2.41911619895617,0.4324902708959258,0.6945536732673645,1.0,1.0,0.5015889406204224,0.5015889406204224,0.0,0.5015889406204224,0.5015889406204224,0.5015889406204224,-0.0,0.0,0.3463243531921415,12.0,12.0,1.5760003089904786,1.103961016734441,4.4,13.247532200813293,12.646996408700943,2.4420547384391837,1.8,1.4,0.4039175510406494,0.33801515102386476,0.8,0.575712513923645,0.327902352809906,0.5223764806081679,1,1.0,1.0
2023-11-30,37864.0,37712.0,38144.0,37547.0,16566770727.560837,737659515838.6104,1.0,1.0,upper,0.0459,-0.0025952717090662156,716.0,736.0,4.0,12.0,12.0,2.1544625759124756,1.1420538648962975,4.0,13.70464637875557,4.388782735504483,3.150911342980762,2.372035031323794,0.5484804414294226,0.29296427965164185,1.0,1.0,0.4954417943954468,0.4954417943954468,0.0,0.4954417943954468,0.4954417943954468,0.4954417943954468,-0.0,0.0,0.03713896074567576,12.0,12.0,1.7475709438323974,1.1267912959059079,4.2,13.521495550870895,12.777937385439873,2.4230497401667357,1.6,1.3,0.4287593126296997,0.3806372880935669,0.6,0.56186842918396,0.3670928835868835,0.3938330319664954,1,1.0,1.0
2023-12-01,37720.0,38688.0,38899.0,37632.0,24470176251.56647,756249390093.0282,1.0,1.0,upper,0.0815,0.02555112823860685,717.0,737.0,4.0,12.0,12.0,2.248915910720825,1.0326536471645038,4.0,12.391843765974045,4.024689255461466,2.938192383909198,2.360305771457383,0.532419081723626,0.9279686212539673,1.0,1.0,0.44290661811828613,0.44290661811828613,0.0,0.44290661811828613,0.44290661811828613,0.44290661811828613,-0.0,0.0,0.3174012612698872,12.0,12.0,1.905103874206543,1.1249218483765921,4.2,13.499062180519104,12.797092777490615,2.4052572105513232,1.4,1.2,0.4711059808731079,0.42620536088943484,0.4,0.5644232511520386,0.4004881262779236,0.2557650221108849,1,1.0,1.0
2023-12-02,38696.0,39482.0,39680.0,38659.0,14892418344.328642,771834682369.2777,1.0,1.0,upper,0.0612,0.02031539741109396,718.0,738.0,4.0,12.0,12.0,1.876690149307251,0.927326592306296,5.0,11.127919107675552,3.5679573198976047,2.5609403394828965,2.3679248467214338,0.4482469679233769,1.356599360704422,1.0,1.0,0.36959946155548096,0.36959946155548096,0.0,0.36959946155548096,0.36959946155548096,0.36959946155548096,-0.0,0.0,0.4428967200740941,12.0,12.0,1.9618072509765625,1.093568557004134,4.4,13.122822684049606,12.7756761521101,2.390383127553229,1.2,1.3,0.45686678886413573,0.43358277082443236,0.2,0.5052581787109375,0.43744807243347167,0.12788252802648012,1,1.0,1.0
2023-12-03,39472.0,39960.0,40118.0,39309.0,14107800648.629307,782845232813.069,1.0,1.0,upper,0.0492,0.01203408193687661,719.0,739.0,4.0,12.0,12.0,1.6661872863769531,0.7778566777706146,5.0,9.334280133247375,3.037749205072292,2.2063893177437017,2.3524371293101,0.40488559074234026,0.9413852691650391,0.0,0.0,0.0,0.0,0.0,0.0,0.0,0.0,0.0,0.0,0.36959946155548096,12.0,12.0,1.951831340789795,1.0121148044864339,4.4,12.145377653837205,12.515501293540002,2.3743637955537764,0.8,1.3,0.36190736293792725,0.36190736293792725,0.0,0.36190736293792725,0.43744807243347167,0.0,1,0.0,0.0
2023-12-04,39999.0,41974.0,42403.0,39999.0,40273974905.38232,820527379429.3416,1.0,1.0,upper,0.0495,0.04917142519487672,720.0,740.0,4.0,12.0,12.0,1.4660913944244385,0.5980396320422491,3.0,7.1764755845069885,2.3931907343197234,1.783891353682407,2.3304937394130385,0.34587390198778045,1.5182833671569824,0.0,0.0,0.0,0.0,0.0,0.0,0.0,0.0,0.0,0.0,0.0,12.0,12.0,1.8824694633483887,0.8955860828359923,4.2,10.747032994031906,11.9972825974226,2.3566393036451503,0.6,1.2,0.26158957481384276,0.26158957481384276,0.0,0.26158957481384276,0.4186510443687439,0.0,1,0.0,0.0
2023-12-05,41985.0,44106.0,44368.0,41453.0,37740677039.99004,863171503830.3232,1.0,0.0,time,-0.0079,0.049545448644776106,721.0,741.0,4.0,12.0,12.0,1.2618613243103027,0.5138959822555383,3.0,6.16675178706646,2.1558216080203167,1.639442463069504,2.2708408909974684,0.3510101896273443,0.831441655755043,0.0,0.0,0.0,0.0,0.0,0.0,0.0,0.0,0.0,0.0,0.0,12.0,12.0,1.703949213027954,0.7699545063078405,4.0,9.239454075694084,11.38047481328249,2.336400475579885,0.4,1.0,0.16250121593475342,0.16250121593475342,0.0,0.16250121593475342,0.3621848225593567,0.0,1,0.0,0.0
2023-12-06,44082.0,43788.0,44282.0,43496.0,30306637687.601166,857037901744.5414,1.0,0.0,lower,-0.0609,-0.007236020377694704,722.0,742.0,4.0,12.0,12.0,1.061126470565796,0.45133129072686035,3.0,5.415975488722324,1.8559409932016828,1.3932833378395293,2.2914998176050854,0.2886921316293483,0.6500023975968361,0.0,0.0,0.0,0.0,0.0,0.0,0.0,0.0,0.0,0.0,0.0,12.0,12.0,1.4663913249969482,0.6536900350203116,3.8,7.84428042024374,10.671671300381423,2.3226392848094255,0.2,0.8,0.07391989231109619,0.07391989231109619,0.0,0.07391989231109619,0.3191715717315674,0.0,1,0.0,0.0
2023-12-07,43757.0,43270.0,44030.0,42908.0,27712048105.023373,848245522795.3333,1.0,0.0,lower,-0.049,-0.01190025300551746,723.0,743.0,4.0,12.0,12.0,0.985952615737915,0.4409990292042494,3.0,5.291988350450993,1.7609743437244245,1.3040550122974244,2.3292578731308984,0.2528617728698466,0.33041444420814514,0.0,0.0,0.0,0.0,0.0,0.0,0.0,0.0,0.0,0.0,0.0,12.0,12.0,1.288243818283081,0.5564245223999024,3.4,6.677094268798828,9.899958476424217,2.3149058900913184,0.0,0.6,0.0,0.0,0.0,0.0,0.25262908935546874,0.0,1,0.0,0.0
2023-12-08,43286.0,44202.0,44676.0,43134.0,24726661392.984177,863242780337.311,1.0,0.0,lower,-0.0703,0.02131048269193817,724.0,744.0,4.0,12.0,12.0,0.9061347842216492,0.42730734931925934,3.0,5.127688191831112,1.7322133616612891,1.2884432428592374,2.3092096750125046,0.2597216909390521,0.36684827506542206,0.0,0.0,0.0,0.0,0.0,0.0,0.0,0.0,0.0,0.0,0.0,12.0,12.0,1.1362333178520203,0.48631465670963137,3.0,5.835775880515575,8.990576767176389,2.3062603992317987,0.0,0.4,0.0,0.0,0.0,0.0,0.18095368146896362,0.0,1,0.0,0.0
2023-12-09,44158.0,43745.0,44346.0,43699.0,17074228506.041449,855611272269.695,1.0,0.0,lower,-0.0599,-0.010392716370503631,725.0,745.0,4.0,12.0,12.0,0.8799465894699097,0.4787084733446439,4.0,5.744501680135727,1.9125476000571742,1.389552105721559,2.3117860759117823,0.27506009844228296,0.18934454768896103,0.0,0.0,0.0,0.0,0.0,0.0,0.0,0.0,0.0,0.0,0.0,12.0,12.0,1.0190043568611145,0.46244842497011024,3.2,5.549381099641323,8.148207046836614,2.3025188665315475,0.0,0.3,0.0,0.0,0.0,0.0,0.13079478740692138,0.0,1,0.0,0.0
2023-12-10,43715.0,43758.0,44036.0,43591.0,11865167562.179707,856192504674.1926,1.0,0.0,lower,-0.0602,0.0002971326719231363,726.0,746.0,4.0,12.0,12.0,0.8464470505714417,0.47081252622107667,4.0,5.64975031465292,1.8559100970898603,1.3407612902969581,2.33026758237777,0.25567379449864613,0.17655637115240097,0.0,0.0,0.0,0.0,0.0,0.0,0.0,0.0,0.0,0.0,0.0,12.0,12.0,0.9359215021133422,0.45383173376321795,3.4,5.445980805158615,7.34271744042635,2.314404204807608,0.0,0.2,0.0,0.0,0.0,0.0,0.08125060796737671,0.0,1,0.0,0.0
2023-12-11,43786.0,41201.0,43819.0,40322.0,39734542163.66172,806178244439.1412,1.0,1.0,time,0.0251,-0.0602119253245666,727.0,747.0,4.0,12.0,12.0,0.9503132700920105,0.5477126700182756,5.0,6.572552040219307,2.1024483040913426,1.4967144243407955,2.3667898363559594,0.26147320522282685,0.13727618008852005,0.0,0.0,0.0,0.0,0.0,0.0,0.0,0.0,0.0,0.0,0.0,12.0,12.0,0.9137588620185852,0.47310800962150096,3.8,5.677296115458011,6.7607882678508755,2.329462208557783,0.0,0.1,0.0,0.0,0.0,0.0,0.036959946155548096,0.0,1,0.0,0.0
2023-12-12,41262.0,41451.0,42042.0,40720.0,24919333990.627098,812055172695.532,1.0,0.0,time,-0.001,0.00604947883705766,728.0,748.0,4.0,12.0,12.0,0.9965623617172241,0.5961843517919382,6.0,7.154212221503258,2.287312791997511,1.6217066682477972,2.3643450743918644,0.28380897809626704,0.3547428250312805,0.0,0.0,0.0,0.0,0.0,0.0,0.0,0.0,0.0,0.0,0.0,12.0,12.0,0.915880811214447,0.5041450741390388,4.4,6.049740889668465,6.363417579233646,2.336479648809976,0.0,0.0,0.0,0.0,0.0,0.0,0.0,0.0,1,0.0,0.0
2023-12-13,41459.0,42932.0,43304.0,40712.0,26301358636.124893,840112594142.6609,1.0,0.0,time,-0.0058,0.035105461876635866,729.0,749.0,4.0,12.0,12.0,1.0010626316070557,0.6496926608184973,6.0,7.796311929821968,2.4739811695744645,1.738067351121365,2.3686440694031794,0.29656030656400034,0.025623470544815063,0.0,0.0,0.0,0.0,0.0,0.0,0.0,0.0,0.0,0.0,0.0,12.0,12.0,0.9348663806915283,0.5486221364388864,5.0,6.583465637266636,6.209620758891106,2.3483665276881114,0.0,0.0,0.0,0.0,0.0,0.0,0.0,0.0,1,0.0,0.0
2023-12-14,42885.0,43010.0,43329.0,42068.0,22978695605.48269,841400560142.884,1.0,0.0,time,-0.0178,0.0018151781763669297,730.0,750.0,4.0,12.0,12.0,1.0184030532836914,0.6308590434491634,6.0,7.570308521389961,2.4558785791587354,1.736919019852575,2.332422282593592,0.32346329044055977,0.12878048419952393,0.0,0.0,0.0,0.0,0.0,0.0,0.0,0.0,0.0,0.0,0.0,12.0,12.0,0.9625576734542847,0.5790522504597903,5.4,6.948627005517483,6.249004052579403,2.3524937690244725,0.0,0.0,0.0,0.0,0.0,0.0,0.0,0.0,1,0.0,0.0
2023-12-15,43032.0,41992.0,43100.0,41761.0,17134765249.072596,821883086852.3783,1.0,1.0,time,0.0384,-0.023953522845646284,731.0,751.0,4.0,12.0,12.0,1.10745370388031,0.7260921833415827,5.0,8.713106200098991,2.754545357841205,1.9198141138432356,2.3649575163308607,0.3241658299759006,0.2285454422235489,0.0,0.0,0.0,0.0,0.0,0.0,0.0,0.0,0.0,0.0,0.0,12.0,12.0,1.0147590041160583,0.6301081818838915,5.6,7.561298182606697,6.503639493882656,2.3594317558150912,0.0,0.0,0.0,0.0,0.0,0.0,0.0,0.0,1,0.0,0.0
2023-12-16,41890.0,42247.0,42666.0,41760.0,13524832238.374014,825747211475.3832,1.0,1.0,time,0.0372,0.006054221414984989,732.0,752.0,4.0,12.0,12.0,1.085442304611206,0.7020385960737864,7.0,8.424463152885437,2.691252243682157,1.8912526462591501,2.3550684860670006,0.33273367160002604,0.2897813469171524,0.0,0.0,0.0,0.0,0.0,0.0,0.0,0.0,0.0,0.0,0.0,12.0,12.0,1.0417848110198975,0.6609733670949935,6.0,7.9316804051399235,6.804488260298967,2.3570874857572996,0.0,0.0,0.0,0.0,0.0,0.0,0.0,0.0,1,0.0,0.0
2023-12-17,42248.0,41411.0,42319.0,41305.0,16536428696.461372,810534011290.7083,1.0,1.0,upper,0.0523,-0.019986799342745214,733.0,753.0,4.0,12.0,12.0,1.151326060295105,0.6909953927000364,5.0,8.291944712400436,2.6399746874484817,1.8604935894774757,2.363605629037589,0.32142530982803486,0.25209856033325195,0.0,0.0,0.0,0.0,0.0,0.0,0.0,0.0,0.0,0.0,0.0,12.0,12.0,1.0727375507354737,0.6799355752766132,5.8,8.15922690331936,7.104483896493912,2.356939596686444,0.0,0.0,0.0,0.0,0.0,0.0,0.0,0.0,1,0.0,0.0
2023-12-18,41355.0,42684.0,42684.0,40571.0,26473040426.60815,834757901244.3383,1.0,1.0,time,0.0247,0.03027759673208007,734.0,754.0,4.0,12.0,12.0,1.2450443506240845,0.7171156791349252,5.0,8.605388149619102,2.7714498888149324,1.9716571929206275,2.352270710979981,0.3547153458618334,0.3790851980447769,0.0,0.0,0.0,0.0,0.0,0.0,0.0,0.0,0.0,0.0,0.0,12.0,12.0,1.1215338945388793,0.6934201789398988,5.6,8.321042147278785,7.452253892272711,2.3536649250018042,0.0,0.0,0.0,0.0,0.0,0.0,0.0,0.0,1,0.0,0.0
2023-12-19,42609.0,42250.0,43327.0,41837.0,23402523667.558952,827483345952.5029,1.0,1.0,time,0.0184,-0.010219788951135613,735.0,755.0,4.0,12.0,12.0,1.3545411825180054,0.8380279019474983,6.0,10.05633482336998,3.1737454392943447,2.22355672448739,2.373729357734402,0.3702669014971207,0.38877616822719574,1.0,1.0,0.2823982238769531,0.2823982238769531,0.0,0.2823982238769531,0.2823982238769531,0.2823982238769531,-0.0,0.0,0.2823982238769531,12.0,12.0,1.1887615203857422,0.7348539506395658,5.6,8.81824740767479,7.8834372065961364,2.361926340029967,0.2,0.1,0.05647964477539062,0.05647964477539062,0.0,0.05647964477539062,0.02823982238769531,-0.0,1,1.0,1.0
2023-12-20,42276.0,43634.0,44201.0,42246.0,28334648885.87903,854173854159.8182,1.0,1.0,time,0.0001,0.032232309166649646,736.0,756.0,4.0,12.0,12.0,1.4076532125473022,0.878616988658905,5.0,10.54340386390686,3.324776699695215,2.334137172646786,2.3771175921765604,0.3862777875350519,0.45400434732437134,3.0,3.0,0.3109344244003296,0.1618825594584147,1.0,0.48564767837524414,0.34389132762953456,0.3209166698113955,0.8219218679391003,0.11495413005250159,4.19990631015707,12.0,12.0,1.2488014221191406,0.7653589117030302,5.6,9.184306940436363,8.37280256152153,2.3643583551991068,0.8,0.4,0.11866652965545654,0.08885615666707355,0.2,0.15360918045043945,0.07680459022521972,0.16438437358782004,1,0.0,0.0
2023-12-21,43660.0,43850.0,44215.0,43366.0,21948638202.58336,858312140014.9476,1.0,0.0,time,-0.0309,0.004938055848359437,737.0,757.0,4.0,12.0,12.0,1.642470121383667,0.9702643069128195,4.0,11.643171682953835,3.6430393005266595,2.549911845469394,2.3879026429507904,0.40566626697668634,0.36525364220142365,3.0,3.0,0.36280274391174316,0.2200122276941935,1.0,0.6600366830825806,0.420135654524344,0.3794581733743773,0.9966993203191419,0.10214014424262698,0.3545168924429146,12.0,12.0,1.3602069854736327,0.8190040538708369,5.0,9.828048646450043,8.879864525794982,2.3709251865758647,1.4,0.7,0.19122707843780518,0.13285860220591225,0.4,0.28561651706695557,0.14280825853347778,0.3637242376516484,1,0.0,0.0
2023-12-22,43875.0,44004.0,44243.0,43467.0,20833936534.62855,861822676200.4246,1.0,0.0,time,-0.0134,0.0035058200589971468,738.0,758.0,4.0,12.0,12.0,1.895740270614624,1.1216113703946273,3.0,13.459336444735527,4.173018517495757,2.907823947595118,2.3994242427214885,0.4395014934540723,0.6195189654827118,4.0,4.0,0.4187471866607666,0.23670539259910583,1.0,0.9468215703964233,0.5190142124990549,0.44870945620414354,1.2959022743935038,0.1063696164724998,2.5011854829098215,12.0,12.0,1.5090898275375366,0.905127249409755,4.6,10.86152699291706,9.51037694811821,2.3780889093126443,2.2,1.1,0.2749765157699585,0.18019968072573342,0.6,0.47498083114624023,0.23749041557312012,0.6229046925303492,1,0.0,0.0
2023-12-23,43989.0,43752.0,44018.0,43375.0,9872050975.657969,856850313226.057,1.0,0.0,time,-0.0267,-0.005743212832717632,739.0,759.0,4.0,12.0,12.0,1.91469144821167,1.118333749473095,4.0,13.42000499367714,4.2021246233779905,2.950128259846973,2.38915372659043,0.469911946350325,0.6080235689878464,3.0,3.0,0.48574960231781006,0.2875589927037557,1.0,0.8626769781112671,0.5552989798003429,0.5049832566143254,0.9838067419549686,0.1417585201588789,0.7184232024086412,12.0,12.0,1.6430192470550538,0.9853708634773891,4.4,11.824450361728669,10.072746254503727,2.385465512434734,2.8,1.4,0.3721264362335205,0.23771147926648456,0.8,0.6475162267684936,0.3237581133842468,0.8196660409213429,1,0.0,0.0
2023-12-24,43730.0,43035.0,43943.0,42895.0,18313974069.822754,845029028630.4425,1.0,0.0,time,-0.0226,-0.016523587943033803,740.0,760.0,4.0,12.0,12.0,1.8099199533462524,1.2635091245174408,5.0,15.16210949420929,4.646684999784197,3.198328591459008,2.4114095204041677,0.4503903671958278,0.6878469288349152,4.0,4.0,0.25937914848327637,0.17735418677330017,1.0,0.7094167470932007,0.37255948479091133,0.30864044102325977,1.3345704908291067,0.0569704735885062,2.885041148322874,12.0,12.0,1.734095001220703,1.0704671079913777,4.2,12.84560529589653,10.83192635178566,2.3930015449686874,3.4,1.8,0.3675226211547852,0.21670267184575395,1.0,0.7329199314117432,0.3946997880935669,1.086580139087164,1,0.0,0.0
2023-12-25,42999.0,43638.0,43744.0,42770.0,18744716867.39297,854524607072.9797,1.0,0.0,time,-0.033,0.013914592299020836,741.0,761.0,4.0,12.0,12.0,1.8151612281799316,1.2280062685410182,4.0,14.736075222492218,4.504594222635892,3.099176165368403,2.415592900448863,0.42772424563927375,0.23172527551651,4.0,4.0,0.2641425132751465,0.17087209224700928,1.0,0.6834883689880371,0.3657741347906098,0.3074097608701588,1.3143788467568371,0.06519514944828597,0.3425742793016844,12.0,12.0,1.815596604347229,1.1403449639678,4.0,13.684139567613602,11.434223254024982,2.4006966066231477,3.6,2.2,0.3581642389297485,0.2185005784034729,1.0,0.7724880695343017,0.4630486249923706,1.1850715348507117,1,0.0,0.0
2023-12-26,43587.0,42516.0,43587.0,41820.0,20477744539.87234,832471600531.6842,1.0,0.0,time,-0.0073,-0.02604785472912336,742.0,762.0,4.0,12.0,12.0,1.8659143447875977,1.274677683909734,3.0,15.296132206916809,4.579923394733297,3.1218904172948663,2.445212600656548,0.35095820351046986,0.6021578311920166,4.0,4.0,0.2715282440185547,0.17564979195594788,1.0,0.7025991678237915,0.37600150161961166,0.3160052482017916,1.3143786187579685,0.0670181534428019,0.25899232205601636,12.0,12.0,1.8602854490280152,1.201227639367183,3.8,14.414731672406196,12.12139015942812,2.4121585981642992,3.8,2.6,0.33990933895111086,0.20962809125582377,1.0,0.7810005664825439,0.5333085417747497,1.248607394538477,1,0.0,0.0
2023-12-27,42503.0,43418.0,43662.0,42123.0,23244754807.443966,849194163327.4839,1.0,1.0,time,0.0171,0.02099362599522838,743.0,763.0,4.0,12.0,12.0,1.892536997795105,1.2484073862433434,4.0,14.98088863492012,4.568937156363633,3.1451373121102506,2.420927930014379,0.42553248157230095,0.33007556200027466,4.0,4.0,0.275402307510376,0.1836959421634674,1.0,0.7347837686538696,0.3885286920452058,0.32382775539764713,1.327878131531282,0.06320155827403011,0.17915945400870764,12.0,12.0,1.8596447944641112,1.2265868425369262,4.0,14.719042110443116,12.790284551680088,2.4164593356228776,3.8,3.0,0.3112403631210327,0.19902620116869607,1.0,0.7385930061340332,0.6067869186401367,1.2550025659660329,1,0.0,0.0
2023-12-28,43456.0,42601.0,43789.0,42324.0,20336573643.81929,836073458797.803,1.0,1.0,upper,0.0547,-0.018996374488349392,744.0,764.0,4.0,12.0,12.0,1.8924640417099,1.151044238358736,5.0,13.812530860304832,4.35779813181512,3.0442287100594494,2.3688650032890854,0.5075735163291818,0.19675731658935547,3.0,3.0,0.11557638645172119,0.08444730440775554,2.0,0.2533419132232666,0.16273723415327168,0.14340093131337636,0.9541129067870504,0.04118804727364639,0.6026319448168689,12.0,12.0,1.8551993131637574,1.2331289403140544,4.2,14.797547283768655,13.310998822748662,2.4124015909626086,3.8,3.3,0.23720571994781495,0.15840386350949603,1.2,0.6167259931564331,0.6321211099624634,1.2490637989324491,1,0.0,0.0
2023-12-29,42591.0,42075.0,43097.0,41614.0,24832397519.050613,822933961870.5416,1.0,1.0,upper,0.0486,-0.012423987101344607,745.0,765.0,4.0,12.0,12.0,1.6775461435317993,1.0825001274545987,5.0,12.990001529455185,4.074900092223772,2.8433485022025704,2.3787440198911605,0.4603560624066472,0.5574487298727036,2.0,2.0,0.11979186534881592,0.07349741458892822,1.0,0.14699482917785645,0.12284173657528996,0.12025765002505844,0.47898111302084045,0.046294450759887695,0.7794783430655706,12.0,12.0,1.8287245512008667,1.196927140901486,4.2,14.363125690817833,13.604365493357182,2.405868490860007,3.4,3.4,0.20928826332092285,0.13763250907262164,1.2,0.5042416095733643,0.6185807704925537,1.0779459233707958,1,0.0,0.0
2023-12-30,42092.0,42221.0,42610.0,41574.0,14727224645.41767,826609156660.5117,1.0,1.0,upper,0.0451,0.003463987519938259,746.0,766.0,4.0,12.0,12.0,1.711812138557434,1.0793267947932084,5.0,12.951921537518501,4.08373157598949,2.8638610566283007,2.374353182608876,0.47412266567055494,0.31288884580135345,2.0,2.0,0.1222386360168457,0.07499867677688599,1.0,0.14999735355377197,0.12535082981198706,0.12271394099070664,0.47898214568948405,0.04723995923995972,0.10864414029072571,12.0,12.0,1.8080547332763672,1.167191246151924,4.4,14.00629495382309,13.845217260718346,2.39762054729201,3.0,3.3,0.1809074878692627,0.118457825978597,1.2,0.3975434064865112,0.5850157380104065,0.9108665831573252,1,0.0,0.0
2023-12-31,42197.0,42208.0,42838.0,42008.0,14183728910.169804,827596236151.1959,1.0,1.0,upper,0.0454,-0.0003079510619037299,747.0,767.0,4.0,12.0,12.0,1.763097882270813,1.0948127284646034,5.0,13.137752741575241,4.134410076589074,2.910158269061465,2.384715936286603,0.47521642056575614,0.4984440952539444,1.0,1.0,0.1259009838104248,0.1259009838104248,0.0,0.1259009838104248,0.1259009838104248,0.12590098381042483,-0.0,0.0,0.3310765633957734,12.0,12.0,1.7874914407730103,1.131218255062898,4.8,13.574619060754776,13.994675366580486,2.385521214418021,2.4,3.1,0.15178203582763672,0.10850806434949241,1.0,0.28220376968383787,0.5316021680831909,0.6479908594057313,1,1.0,1.0
2024-01-01,42261.0,44169.0,44169.0,42242.0,16958999497.58364,863804922701.8125,1.0,0.0,time,-0.0048,0.04541340901647714,748.0,768.0,4.0,12.0,12.0,1.7855066061019897,0.9770783719917139,4.0,11.724940463900566,3.7840398495190177,2.702950194463167,2.35119594587256,0.48843046610035973,0.14389723539352417,1.0,1.0,0.12750113010406494,0.12750113010406494,0.0,0.12750113010406494,0.12750113010406494,0.12750113010406497,-0.0,0.0,0.036540379613616385,12.0,12.0,1.7660853624343873,1.076952452212572,4.8,12.923429426550864,13.82123576849699,2.371574817589657,1.8,2.8,0.12220180034637451,0.0972691019376119,0.8,0.16074724197387696,0.44967012405395507,0.38241523309947495,1,1.0,1.0
2024-01-02,44148.0,44995.0,45870.0,44148.0,39089952715.542786,878395004792.8407,1.0,0.0,lower,-0.0495,0.01852818693453057,749.0,769.0,4.0,12.0,12.0,1.6511732339859009,0.9607115151981512,5.0,11.528538182377815,3.6863196562138922,2.604736504820518,2.3574454632897694,0.4576528180634471,0.6605180203914642,0.0,0.0,0.0,0.0,0.0,0.0,0.0,0.0,0.0,0.0,0.12750113010406494,12.0,12.0,1.7178272008895874,1.0388859075804553,4.8,12.466630890965462,13.632089087367058,2.369290909589794,1.2,2.5,0.09908652305603027,0.0803796410560608,0.4,0.11007885932922364,0.36340242624282837,0.1915926517420649,1,0.0,0.0
2024-01-03,44952.0,42822.0,45469.0,41805.0,43146162597.56747,838208392904.1771,1.0,1.0,upper,0.0917,-0.04949938326892658,750.0,770.0,4.0,12.0,12.0,1.6093720197677612,0.9405076478918394,5.0,11.286091774702072,3.595073471800293,2.5350246862318886,2.362414699992429,0.4387384983037284,0.07007049024105072,2.0,2.0,0.15638089179992676,0.13722145557403564,1.0,0.2744429111480713,0.1959429093708217,0.17619499022930382,0.6833678011086985,0.019159436225891113,0.2744429111480713,12.0,12.0,1.7041923761367799,1.0104874116679032,4.8,12.125848940014839,13.244487315416336,2.366025045610048,1.2,2.3,0.10640432834625244,0.09312444925308228,0.4,0.1355684757232666,0.31990504264831543,0.23246998935963653,1,0.0,0.0
2024-01-04,42863.0,44196.0,44814.0,42675.0,26123887042.79777,866352960236.8643,1.0,1.0,upper,0.0602,0.03158229803394314,751.0,771.0,4.0,12.0,12.0,1.54216730594635,0.9098782216509184,4.0,10.91853865981102,3.3999198319571113,2.3828428403475153,2.3990334852295767,0.36798033517653506,0.44075459241867065,2.0,2.0,0.1297779083251953,0.07548922300338745,1.0,0.1509784460067749,0.13149816837983286,0.12996622457377227,0.40572690648181264,0.05428868532180786,0.15837450999346742,12.0,12.0,1.670263409614563,0.9765976970394453,4.6,11.719172364473343,12.862733659148216,2.3709611061341875,1.2,2.1,0.10791218280792236,0.09322255849838257,0.4,0.1357646942138672,0.2666540503501892,0.21781894151810227,1,0.0,0.0
2024-01-05,44174.0,44114.0,44281.0,43116.0,29364675804.010384,863690851062.0247,1.0,1.0,upper,0.062,-0.0018570948605323967,752.0,772.0,4.0,12.0,12.0,1.6501411199569702,0.9255987803141276,3.0,11.107185363769531,3.498855155278041,2.4808471723287897,2.388264525820798,0.40426787449533547,0.32480910420417786,2.0,2.0,0.13028526306152344,0.11023688316345215,1.0,0.2204737663269043,0.15845572218212878,0.14333951678325052,0.6765171024399103,0.02004837989807129,0.11471907474376117,12.0,12.0,1.6476720571517944,0.94275490740935,4.2,11.3130588889122,12.443838974833488,2.3716708240410265,1.4,1.9,0.10878903865814209,0.09008973836898804,0.6,0.1546792507171631,0.21844151020050048,0.35312236200608427,1,0.0,0.0
2024-01-06,44165.0,43956.0,44221.0,43479.0,11841102132.239353,861211168830.4689,1.0,1.0,upper,0.0656,-0.003588058805718564,753.0,773.0,4.0,12.0,12.0,1.6624928712844849,1.011468971769015,3.0,12.13762766122818,3.7453958723707466,2.608806793681682,2.409041435744681,0.3820074683556814,0.23568439483642578,1.0,1.0,0.19725704193115234,0.19725704193115234,0.0,0.19725704193115234,0.19725704193115234,0.19725704193115237,-0.0,0.0,0.39207224425771636,12.0,12.0,1.6230693101882934,0.9496330273648101,4.0,11.395596328377724,12.159512877464294,2.3832399220154508,1.4,1.6,0.12274022102355957,0.10404092073440552,0.6,0.16863043308258058,0.16468883752822877,0.35312236200608427,1,1.0,1.0
2024-01-07,44002.0,43884.0,44489.0,43687.0,15144653805.362787,856926317087.4954,1.0,1.0,upper,0.0672,-0.0016393446294331684,754.0,774.0,4.0,12.0,12.0,1.5487265586853027,1.0598079537351925,4.0,12.717695444822311,3.8602534865093125,2.6487849513164443,2.4260283310828905,0.3443886121935015,0.6671635210514069,1.0,1.0,0.442915678024292,0.442915678024292,0.0,0.442915678024292,0.442915678024292,0.442915678024292,-0.0,0.0,0.2122341834335945,12.0,12.0,1.6025799751281737,0.9694523150722185,3.8,11.633427780866622,12.050029335916042,2.396956495574075,1.6,1.4,0.21132335662841797,0.1926240563392639,0.6,0.25721356868743894,0.1836462140083313,0.35312236200608427,1,1.0,1.0
2024-01-08,43953.0,46936.0,47193.0,43248.0,40821502383.50064,919666641903.4098,1.0,0.0,lower,-0.0901,0.06723518266831421,755.0,775.0,4.0,12.0,12.0,2.5851809978485107,0.9284097949663798,2.0,11.140917539596558,3.767693421425592,2.901949342269412,2.329967957256379,0.5665816173317767,0.9245209395885468,0.0,0.0,0.0,0.0,0.0,0.0,0.0,0.0,0.0,0.0,0.442915678024292,12.0,12.0,1.7977417707443237,0.9670327444871265,3.2,11.60439293384552,11.865120936930179,2.3904671470268655,1.2,1.2,0.1800471782684326,0.1651797652244568,0.4,0.2023249864578247,0.16894673109054564,0.21644880178434459,1,0.0,0.0
2024-01-09,46967.0,46106.0,47680.0,45416.0,39887918405.77868,902166917320.3264,1.0,0.0,lower,-0.0722,-0.01784187824615453,756.0,776.0,4.0,12.0,12.0,2.0013344287872314,0.9407938681542873,2.0,11.289526417851448,3.709121546522501,2.7170005795692904,2.341637123483545,0.5112456534939107,1.0630699545145035,0.0,0.0,0.0,0.0,0.0,0.0,0.0,0.0,0.0,0.0,0.0,12.0,12.0,1.8895751953125,0.9732158737878004,2.8,11.678590485453606,11.698881424963474,2.3789878746776587,0.8,1.0,0.15409159660339355,0.15008192062377929,0.2,0.17212929725646972,0.15394699573516846,0.13530342048798205,1,0.0,0.0
2024-01-10,46141.0,46632.0,47599.0,44591.0,52030057180.57072,915259343942.0361,1.0,0.0,lower,-0.0836,0.011343907365844378,757.0,777.0,4.0,12.0,12.0,1.7756716012954712,0.8879133077959219,3.0,10.654959693551064,3.4311437232401203,2.475633299414173,2.362577958455379,0.43894444823129636,0.5592243373394012,0.0,0.0,0.0,0.0,0.0,0.0,0.0,0.0,0.0,0.0,0.0,12.0,12.0,1.9146812915802003,0.9656787792841592,2.8,11.588145351409912,11.450602120161056,2.373850561204575,0.4,0.9,0.12803454399108888,0.12803454399108888,0.0,0.12803454399108888,0.141356897354126,0.0,1,0.0,0.0
2024-01-11,46566.0,46314.0,48888.0,45662.0,49198128806.306175,909846384596.2129,1.0,0.0,lower,-0.0767,-0.006842709547476863,758.0,778.0,4.0,12.0,12.0,1.5488706827163696,0.8131354177991549,3.0,9.757625013589859,2.999245790512173,2.1080064663982783,2.422319395902511,0.297378101041995,0.7798544019460678,1.0,1.0,0.08010363578796387,0.08010363578796387,0.0,0.08010363578796387,0.08010363578796387,0.08010363578796388,-0.0,0.0,0.08010363578796387,12.0,12.0,1.8919568538665772,0.9260120684901872,2.8,11.112144821882248,11.253870575129985,2.376506153236141,0.4,0.9,0.10460386276245118,0.10460386276245118,0.0,0.10460386276245118,0.13661714792251586,-0.0,1,0.0,0.0
2024-01-12,46369.0,42894.0,46504.0,41730.0,45913301456.05085,838383512176.7352,1.0,0.0,time,-0.0042,-0.07671233518300202,759.0,779.0,4.0,12.0,12.0,2.1024820804595947,0.9356777047117552,3.0,11.228132456541061,3.6186659389072418,2.6500656806217737,2.3747107474619664,0.46447371402763743,0.2345207929611206,1.0,1.0,0.07909083366394043,0.07909083366394043,0.0,0.07909083366394043,0.07909083366394043,0.07909083366394044,-0.0,0.0,0.03031659591983273,12.0,12.0,2.0027079582214355,0.9011860186855,2.6,10.814232224225998,11.223830002546311,2.366242636511956,0.4,1.0,0.03183889389038086,0.03183889389038086,0.0,0.03183889389038086,0.1445262312889099,-0.0,1,0.0,0.0
2024-01-13,42871.0,42848.0,43213.0,42434.0,19424747840.478386,839198740717.084,1.0,0.0,time,-0.0377,-0.001072986504007795,760.0,780.0,4.0,12.0,12.0,1.7436213493347168,0.84060371418794,2.0,10.08724457025528,3.208459405468356,2.325041094662398,2.389109248970258,0.38889121281531913,0.7114366590976715,1.0,1.0,0.07813715934753418,0.07813715934753418,0.0,0.07813715934753418,0.07813715934753418,0.0781371593475342,-0.0,0.0,0.02854509189725266,12.0,12.0,1.8343960285186767,0.8836248025298119,2.6,10.603497630357742,11.10394528210163,2.3780708948547318,0.6,0.9,0.0474663257598877,0.0474663257598877,0.0,0.0474663257598877,0.1248956561088562,-0.0,1,0.0,0.0
2024-01-14,42823.0,41801.0,43088.0,41754.0,16968959097.076523,822907066751.3778,1.0,0.0,time,-0.0048,-0.024738706819236383,761.0,781.0,4.0,12.0,12.0,1.6796836853027344,0.8696703463792801,2.0,10.436044156551361,3.236132788898115,2.299582391793688,2.416210046410579,0.3411545704080979,0.47898006439208984,1.0,1.0,0.07527196407318115,0.07527196407318115,0.0,0.07527196407318115,0.07527196407318115,0.07527196407318117,-0.0,0.0,0.0857636888609439,12.0,12.0,1.7700658798217774,0.8694000981748105,2.6,10.432801178097725,11.055695831775665,2.3929854794401386,0.8,0.8,0.06252071857452393,0.06252071857452393,0.0,0.06252071857452393,0.11732500791549683,-0.0,1,0.0,0.0
2024-01-15,41747.0,42587.0,43313.0,41747.0,22634527323.56315,835225973285.8562,1.0,0.0,time,-0.0228,0.01862877969444427,762.0,782.0,4.0,12.0,12.0,1.6555496454238892,0.8133434231082598,2.0,9.760121077299118,3.1054421327671475,2.2383474113821333,2.3831949913487622,0.3769881245923437,0.1722043752670288,0.0,0.0,0.0,0.0,0.0,0.0,0.0,0.0,0.0,0.0,0.07527196407318115,12.0,12.0,1.746041488647461,0.854486121237278,2.4,10.253833454847335,10.920989403128624,2.3971088860188154,0.8,0.6,0.06252071857452393,0.06252071857452393,0.0,0.06252071857452393,0.09527763128280639,0.0,1,0.0,0.0
2024-01-16,42506.0,43148.0,43539.0,42170.0,22023116042.275295,845770850849.578,1.0,0.0,time,-0.0379,0.013087024129212593,763.0,783.0,4.0,12.0,12.0,2.432173490524292,0.957783098022143,3.0,11.493397176265717,3.889317457625403,2.942217288602668,2.319131359664523,0.5858475862590741,0.19973954558372498,0.0,0.0,0.0,0.0,0.0,0.0,0.0,0.0,0.0,0.0,0.0,12.0,12.0,1.9227020502090455,0.8834156572818757,2.4,10.600987887382507,10.856566354632378,2.3764712787712177,0.6,0.5,0.046499991416931154,0.046499991416931154,0.0,0.046499991416931154,0.07555192708969116,0.0,1,0.0,0.0
2024-01-17,43136.0,42714.0,43198.0,42221.0,21299064875.187115,836987995502.6503,1.0,0.0,lower,-0.0781,-0.010109331163391423,764.0,784.0,4.0,12.0,12.0,2.4634621143341064,0.9289290135105451,3.0,11.147148162126541,3.8297695458678507,2.9323386130111144,2.304936696837481,0.5994598560896823,0.11629125475883484,1.0,1.0,0.06017327308654785,0.06017327308654785,0.0,0.06017327308654785,0.06017327308654785,0.060173273086547865,-0.0,0.0,0.06017327308654785,12.0,12.0,1.9948980569839478,0.8820659190416336,2.4,10.584791028499604,10.699511626362801,2.3625164686463207,0.6,0.5,0.042716479301452635,0.042716479301452635,0.0,0.042716479301452635,0.03727768659591675,-0.0,1,0.0,0.0
2024-01-18,42753.0,41261.0,42883.0,40655.0,25160430945.289833,808845819110.2808,1.0,0.0,time,-0.0352,-0.034608991451670346,765.0,785.0,4.0,12.0,12.0,2.3531177043914795,0.9959915938476721,4.0,11.951899126172066,4.033879504646948,3.0031398988673974,2.3103307162155025,0.6033374399833531,0.45261014997959137,1.0,1.0,0.05747795104980469,0.05747795104980469,0.0,0.05747795104980469,0.05747795104980469,0.057477951049804694,-0.0,0.0,0.17046818846854028,12.0,12.0,2.1167973279953003,0.9131434949735799,2.8,10.95772193968296,10.780609785020351,2.3467607620953697,0.6,0.6,0.03858463764190674,0.03858463764190674,0.0,0.03858463764190674,0.04302548170089722,-0.0,1,0.0,0.0
2024-01-19,41260.0,41601.0,42094.0,40300.0,24407872954.726807,815241536115.3193,1.0,0.0,time,-0.0361,0.00820646154171603,766.0,786.0,4.0,12.0,12.0,2.3165366649627686,0.9443213356037935,3.0,11.331856027245522,4.060847249322377,3.150170385070989,2.25129721287694,0.6945962234643189,0.7940756678581238,1.0,1.0,0.05658435821533203,0.05658435821533203,0.0,0.05658435821533203,0.05658435821533203,0.05658435821533204,-0.0,0.0,0.056513015477633294,12.0,12.0,2.244167923927307,0.9280736928184826,3.0,11.136884313821792,10.78484274595976,2.313778195388642,0.6,0.7,0.03484711647033691,0.03484711647033691,0.0,0.03484711647033691,0.04868391752243042,-0.0,1,0.0,0.0
2024-01-20,41624.0,41626.0,41844.0,41423.0,9533488489.00503,817217622403.9753,1.0,0.0,time,-0.0414,0.0006007665962228821,767.0,787.0,4.0,12.0,12.0,2.274313449859619,0.941944253941377,3.0,11.303331047296524,4.047455687578882,3.121640615221845,2.2482486716994066,0.691302503281337,0.5372683852910995,1.0,1.0,0.05558156967163086,0.05558156967163086,0.0,0.05558156967163086,0.05558156967163086,0.055581569671630866,-0.0,0.0,0.06343193580325797,12.0,12.0,2.367920684814453,0.953793858985106,3.2,11.445526307821273,10.849679881334305,2.2867889314587706,0.8,0.8,0.04596343040466309,0.04596343040466309,0.0,0.04596343040466309,0.054242074489593506,-0.0,1,0.0,0.0
2024-01-21,41661.0,41542.0,41843.0,41513.0,8032696833.695371,814709364023.4832,1.0,1.0,time,0.0077,-0.0020200083821430453,768.0,788.0,4.0,12.0,12.0,2.2304232120513916,0.900231596082449,3.0,10.802779152989388,3.94072933391091,3.0563500608211767,2.2200038351385003,0.6954821207936791,0.19356875121593475,1.0,1.0,0.05450892448425293,0.05450892448425293,0.0,0.05450892448425293,0.05450892448425293,0.05450892448425294,-0.0,0.0,0.06783925568731224,12.0,12.0,2.3275706291198732,0.9422835585971674,3.2,11.307402703166009,10.954195295274257,2.266963426553566,1.0,0.8,0.05686521530151367,0.05686521530151367,0.0,0.05686521530151367,0.05168260335922241,-0.0,1,0.0,0.0
2024-01-22,41546.0,39505.0,41645.0,39505.0,31202848830.101707,775020895102.2928,1.0,1.0,upper,0.058,-0.050277717479220066,769.0,789.0,4.0,12.0,12.0,2.152245044708252,0.927410272260507,4.0,11.128923267126083,3.9463828711104063,2.9707274261432652,2.23432659682705,0.6616179668221132,0.8385629802942276,1.0,1.0,0.06537437438964844,0.06537437438964844,0.0,0.06537437438964844,0.06537437438964844,0.06537437438964845,-0.0,0.0,0.21888697098582804,12.0,12.0,2.265327215194702,0.9419798103471597,3.4,11.303757724165916,10.94427437633276,2.2528414065514797,1.0,0.8,0.05790543556213379,0.05790543556213379,0.0,0.05790543556213379,0.050310957431793216,-0.0,1,0.0,0.0
2024-01-23,39519.0,39833.0,40125.0,38520.0,29683327703.0343,779133357029.7626,1.0,1.0,upper,0.0558,0.008268468292908586,770.0,790.0,4.0,12.0,12.0,2.130150556564331,0.8059892815848192,3.0,9.67187137901783,3.5508491082194706,2.754999175872718,2.2065245725205425,0.6333182931320063,0.719700276851654,0.0,0.0,0.0,0.0,0.0,0.0,0.0,0.0,0.0,0.0,0.06537437438964844,12.0,12.0,2.2207337856292724,0.9039793478945892,3.2,10.847752174735069,10.902737057209015,2.2320801778124877,0.8,0.7,0.04640984535217285,0.04640984535217285,0.0,0.04640984535217285,0.042497241497039796,0.0,1,0.0,0.0
2024-01-24,39852.0,40124.0,40499.0,39544.0,22217129215.385582,786928905377.1826,1.0,1.0,upper,0.0754,0.007278944553633549,771.0,791.0,4.0,12.0,12.0,1.6110478639602661,0.6140573260684808,3.0,7.36868791282177,2.684613957496116,2.115548482066856,2.2372768204500377,0.4727891799737036,0.9481134861707687,0.0,0.0,0.0,0.0,0.0,0.0,0.0,0.0,0.0,0.0,0.0,12.0,12.0,2.079636025428772,0.8379265459875267,3.2,10.055118551850319,10.596001432836056,2.2292760993271075,0.6,0.6,0.03509297370910645,0.03509297370910645,0.0,0.03509297370910645,0.03497004508972168,0.0,1,0.0,0.0
2024-01-25,40062.0,39938.0,40262.0,39538.0,13376924612.77818,783180536824.566,1.0,1.0,upper,0.0532,-0.004646407400038829,772.0,792.0,4.0,12.0,12.0,1.5521953105926514,0.5637385149796804,3.0,6.7648621797561646,2.557885510734703,2.0339460698746024,2.174245222925281,0.47689664557852485,0.32269804179668427,0.0,0.0,0.0,0.0,0.0,0.0,0.0,0.0,0.0,0.0,0.0,12.0,12.0,1.9352123975753783,0.7622853981951873,3.2,9.147424778342247,10.29647554308176,2.214475409572282,0.4,0.6,0.023976659774780272,0.023976659774780272,0.0,0.023976659774780272,0.03497004508972168,0.0,1,0.0,0.0
2024-01-26,39917.0,41863.0,42195.0,39827.0,22681602408.52447,820989861818.084,1.0,1.0,time,0.0171,0.047074130291635645,773.0,793.0,4.0,12.0,12.0,1.572559118270874,0.6655542049556971,3.0,7.986650459468365,2.9093830363245097,2.2337764882644424,2.203186999609573,0.5122630228735284,0.04305946081876755,0.0,0.0,0.0,0.0,0.0,0.0,0.0,0.0,0.0,0.0,0.0,12.0,12.0,1.803639578819275,0.7153499199698369,3.2,8.584199039638042,9.945800871402025,2.211112042466497,0.2,0.6,0.013074874877929688,0.013074874877929688,0.0,0.013074874877929688,0.03497004508972168,0.0,1,0.0,0.0
2024-01-27,41863.0,42120.0,42174.0,41439.0,10694258830.371908,826254540126.2368,1.0,1.0,time,0.0223,0.0061203053529392745,774.0,794.0,4.0,12.0,12.0,1.5829824209213257,0.6578903955717882,3.0,7.894684746861458,2.912381864088068,2.2451438469315157,2.1846182412415605,0.5234605087971334,0.07863049954175949,0.0,0.0,0.0,0.0,0.0,0.0,0.0,0.0,0.0,0.0,0.0,12.0,12.0,1.6897870540618896,0.661445944632093,3.0,7.9373513355851175,9.620554529875516,2.201170371349399,0.0,0.5,0.0,0.0,0.0,0.0,0.028952717781066895,0.0,1,0.0,0.0
2024-01-28,42137.0,42027.0,42743.0,41735.0,13669905344.783924,824240091063.3245,1.0,1.0,time,0.0269,-0.0022104183836881438,775.0,795.0,4.0,12.0,12.0,1.5712571144104004,0.5322789500157038,3.0,6.387347400188446,2.4061174628274737,1.906653640180896,2.17471157552051,0.44623897534145285,0.14410866796970367,0.0,0.0,0.0,0.0,0.0,0.0,0.0,0.0,0.0,0.0,0.0,12.0,12.0,1.5780083656311035,0.6067038783182701,3.0,7.28044653981924,9.064099357277154,2.1948077719493924,0.0,0.4,0.0,0.0,0.0,0.0,0.023204922676086426,0.0,1,0.0,0.0
2024-01-29,42037.0,43268.0,43287.0,41806.0,20680322267.003654,849198976216.4734,1.0,0.0,time,-0.0067,0.029101062885956645,776.0,796.0,4.0,12.0,12.0,1.7532713413238525,0.603231493383646,3.0,7.238777920603752,2.707124883813084,2.1346711946068377,2.181142234883049,0.49681203028590515,0.6494611203670502,0.0,0.0,0.0,0.0,0.0,0.0,0.0,0.0,0.0,0.0,0.0,12.0,12.0,1.6064530611038208,0.6045387117813031,3.0,7.254464541375637,8.654791546612978,2.1835808548359945,0.0,0.3,0.0,0.0,0.0,0.0,0.017546486854553223,0.0,1,0.0,0.0
2024-01-30,43286.0,42892.0,43762.0,42792.0,24526664209.358597,839294111912.5715,1.0,0.0,time,-0.0069,-0.008728003410143955,777.0,797.0,4.0,12.0,12.0,1.9699527025222778,0.7476048109432062,3.0,8.971257731318474,3.3482585221038073,2.588385501381562,2.16371624329976,0.6126363583382646,0.6642065644264221,0.0,0.0,0.0,0.0,0.0,0.0,0.0,0.0,0.0,0.0,0.0,12.0,12.0,1.690004539489746,0.6413119709740082,3.0,7.695743651688099,8.421584215015173,2.18147505891089,0.0,0.2,0.0,0.0,0.0,0.0,0.011988329887390136,0.0,1,0.0,0.0
2024-01-31,42950.0,42583.0,43655.0,42289.0,22197944957.07849,835421372330.6442,1.0,1.0,time,0.0015,-0.007230215761482049,778.0,798.0,4.0,12.0,12.0,2.371445417404175,0.8724622981001934,3.0,10.46954757720232,3.9689881617249916,3.0863590164180983,2.1423546465127106,0.742663084706982,1.2533652260899544,1.0,1.0,0.01862204074859619,0.01862204074859619,0.0,0.01862204074859619,0.01862204074859619,0.018622040748596195,-0.0,0.0,0.01862204074859619,12.0,12.0,1.8497817993164063,0.6826935896029075,3.0,8.19232307523489,8.388261057436466,2.169308588291518,0.2,0.2,0.003724408149719238,0.003724408149719238,0.0,0.003724408149719238,0.008399641513824463,-0.0,1,0.0,0.0
2024-02-01,42572.0,43069.0,43250.0,41883.0,22443682768.722225,844585195327.6586,1.0,1.0,time,0.0004,0.011348368182878361,779.0,799.0,4.0,12.0,12.0,2.423013687133789,0.8961522231499354,3.0,10.753826677799225,4.02631356899663,3.1579392216730366,2.179926404446306,0.7401652558273458,1.2181877717375755,0.0,0.0,0.0,0.0,0.0,0.0,0.0,0.0,0.0,0.0,0.01862204074859619,12.0,12.0,2.017788052558899,0.730345955118537,3.0,8.764151461422443,8.35075139850378,2.1683702209324673,0.2,0.1,0.003724408149719238,0.003724408149719238,0.0,0.003724408149719238,0.001862204074859619,0.0,1,0.0,0.0
2024-02-02,43084.0,43171.0,43382.0,42586.0,18624791426.130833,846561992602.431,1.0,1.0,time,0.0246,0.002365492754225867,780.0,800.0,4.0,12.0,12.0,2.3947880268096924,0.9448409825563431,3.0,11.338091790676117,4.1095659379292,3.1637156909215625,2.2147122319168044,0.7173933376219002,0.14676392078399658,0.0,0.0,0.0,0.0,0.0,0.0,0.0,0.0,0.0,0.0,0.0,12.0,12.0,2.1824942350387575,0.8128583616266647,3.0,9.754300339519977,8.517373439669608,2.176370352211726,0.2,0.1,0.003724408149719238,0.003724408149719238,0.0,0.003724408149719238,0.001862204074859619,0.0,1,0.0,0.0
2024-02-03,43173.0,42977.0,43361.0,42884.0,7779819312.310763,842668526994.8004,1.0,1.0,upper,0.0535,-0.004503884662217411,781.0,801.0,4.0,12.0,12.0,2.3834009170532227,0.9498932411273321,3.0,11.398718893527985,4.135376527849434,3.179027043729808,2.2119624909854476,0.7230590681619881,0.15343773365020752,0.0,0.0,0.0,0.0,0.0,0.0,0.0,0.0,0.0,0.0,0.0,12.0,12.0,2.3085201501846315,0.882190711175402,3.0,10.586288534104824,8.92037653774023,2.182534403432206,0.2,0.1,0.003724408149719238,0.003724408149719238,0.0,0.003724408149719238,0.001862204074859619,0.0,1,0.0,0.0
2024-02-04,42991.0,42599.0,43110.0,42429.0,11250814654.362,835416357159.2295,1.0,1.0,upper,0.0623,-0.00883431004990589,782.0,802.0,4.0,12.0,12.0,2.3637101650238037,0.9158720163007578,3.0,10.990464195609093,4.052568220567611,3.1398532181108307,2.192828713031703,0.727865061867053,0.28501586616039276,2.0,2.0,0.05696368217468262,0.03568434715270996,1.0,0.07136869430541992,0.058756833316516835,0.057269101887074146,0.5029417800395978,0.021279335021972656,0.07136869430541992,12.0,12.0,2.3872716426849365,0.9158441522469124,3.0,10.990129826962947,9.342936739325523,2.1883568973785943,0.6,0.3,0.015117144584655762,0.01086127758026123,0.2,0.017998147010803222,0.008999073505401611,0.10058835600791956,1,0.0,0.0
2024-02-05,42575.0,42648.0,43520.0,42284.0,18682275991.626797,836630860392.2917,1.0,1.0,upper,0.0612,0.0011496006990618628,783.0,803.0,4.0,12.0,12.0,2.3602161407470703,0.9272864957650503,3.0,11.127437949180603,4.053734977283247,3.1355882405469178,2.2177606249500124,0.7138186232808541,0.1406480222940445,2.0,2.0,0.056879520416259766,0.035631537437438965,1.0,0.07126307487487793,0.05866997939021068,0.05718447782344453,0.5029390884824309,0.0212479829788208,0.009813366987429436,12.0,12.0,2.3850257873535154,0.9268089917798837,3.0,11.121707901358604,9.657015488296746,2.2034380930660546,0.8,0.5,0.022768640518188478,0.014263176918029785,0.4,0.02852635383605957,0.016125380992889404,0.20117617370440571,1,0.0,0.0
2024-02-06,42651.0,43088.0,43327.0,42524.0,17131113853.23615,845393687725.6221,1.0,1.0,upper,0.0509,0.010264156548783208,784.0,804.0,4.0,12.0,12.0,2.366154909133911,0.9899405812223753,3.0,11.879286974668503,4.199652668465093,3.1899484348258644,2.249462664919899,0.6998389269167137,0.04318678379058838,1.0,1.0,0.057022809982299805,0.057022809982299805,0.0,0.057022809982299805,0.057022809982299805,0.05702280998229981,-0.0,0.0,0.3032045120668225,12.0,12.0,2.37365403175354,0.9455666633943716,3.0,11.34679996073246,10.055475711077452,2.2173453451607736,1.0,0.6,0.034173202514648435,0.025667738914489747,0.4,0.03993091583251953,0.021827661991119386,0.20117617370440571,1,0.0,0.0
2024-02-07,43078.0,44247.0,44322.0,42759.0,21200879624.73537,868672050077.7697,1.0,1.0,upper,0.0634,0.026543036476231876,785.0,805.0,4.0,12.0,12.0,2.020211696624756,0.8167617134749889,2.0,9.801140561699867,3.3629650194903014,2.5328605930160846,2.2920476373886514,0.5247489370429288,0.8490872234106064,1.0,1.0,0.052849769592285156,0.052849769592285156,0.0,0.052849769592285156,0.052849769592285156,0.05284976959228516,-0.0,0.0,0.23210611084864965,12.0,12.0,2.2987387657165526,0.9199508095781008,2.8,11.03940971493721,10.396855027228593,2.2328124262551428,1.2,0.7,0.04474315643310547,0.036237692832946776,0.4,0.05050086975097656,0.0271126389503479,0.20117617370440571,1,0.0,0.0
2024-02-08,44318.0,45338.0,45559.0,44318.0,27709605138.49859,890468166608.419,1.0,1.0,upper,0.039,0.024357960400858525,786.0,806.0,4.0,12.0,12.0,1.7736982107162476,0.7554675576587518,2.0,9.065610691905022,3.0457707984796025,2.2591613177208236,2.3129300471422027,0.4498096809367011,0.8597471117973328,1.0,1.0,0.04640090465545654,0.04640090465545654,0.0,0.04640090465545654,0.04640090465545654,0.04640090465545655,-0.0,0.0,0.3587031344376531,12.0,12.0,2.1767982244491577,0.8810656728843849,2.6,10.572788074612617,10.57953830435872,2.2530059374864937,1.4,0.8,0.054023337364196775,0.04551787376403808,0.4,0.05978105068206787,0.031752729415893556,0.20117617370440571,1,0.0,0.0
2024-02-09,45306.0,47143.0,48018.0,45258.0,41993952311.122856,925541926938.6151,1.0,1.0,upper,0.0598,0.03904000275731804,787.0,807.0,4.0,12.0,12.0,1.4340171813964844,0.6894339968760809,3.0,8.27320796251297,2.6897231317784693,1.9449210910982744,2.3490090206263816,0.3571623922253763,1.1050752848386765,1.0,1.0,0.037514686584472656,0.037514686584472656,0.0,0.037514686584472656,0.037514686584472656,0.03751468658447266,-0.0,0.0,0.49427150466357994,12.0,12.0,1.9908596277236938,0.8357780689994495,2.6,10.029336827993394,10.50973332747817,2.2842419990054292,1.2,0.9,0.05013353824615478,0.04588394165039063,0.2,0.05301024913787842,0.03550419807434082,0.10058781769648617,1,0.0,0.0
2024-02-10,47151.0,47769.0,48106.0,46890.0,16461159742.317774,938210772985.4427,1.0,1.0,upper,0.0466,0.01319135783874706,788.0,808.0,4.0,12.0,12.0,1.2151063680648804,0.5647674426436424,3.0,6.777209311723709,2.228780794473953,1.6270225828309217,2.33831447286357,0.3082094334719311,0.9162989258766174,0.0,0.0,0.0,0.0,0.0,0.0,0.0,0.0,0.0,0.0,0.037514686584472656,12.0,12.0,1.7618376731872558,0.7632742583751678,2.6,9.159291100502013,10.140499500930309,2.308352768588141,0.8,0.8,0.03875763416290283,0.03875763416290283,0.0,0.03875763416290283,0.0336419939994812,0.0,1,0.0,0.0
2024-02-11,47770.0,48190.0,48487.0,47624.0,13196875460.84672,945579645769.01,1.0,1.0,upper,0.0379,0.008774637109842694,789.0,809.0,4.0,12.0,12.0,0.8228507041931152,0.4528523509701093,3.0,5.434228211641312,1.730604227723741,1.232414466082858,2.3737314906443814,0.21096760645207782,0.8453654646873474,0.0,0.0,0.0,0.0,0.0,0.0,0.0,0.0,0.0,0.0,0.0,12.0,12.0,1.4531768321990968,0.6558566123247147,2.6,7.870279347896576,9.608539654314518,2.333206533733038,0.6,0.8,0.027353072166442872,0.027353072166442872,0.0,0.027353072166442872,0.0336419939994812,0.0,1,0.0,0.0
2024-02-12,48296.0,50050.0,50260.0,47729.0,37684440686.70893,981463410832.9637,1.0,1.0,upper,0.0414,0.03787097510898822,790.0,810.0,4.0,12.0,12.0,0.8244934678077698,0.4554426620403926,3.0,5.465311944484711,1.7359965948415679,1.2325348417311772,2.374955010246876,0.20907493800554056,0.2822193056344986,0.0,0.0,0.0,0.0,0.0,0.0,0.0,0.0,0.0,0.0,0.0,12.0,12.0,1.2140331864356995,0.5835928020377954,2.8,7.003113624453545,9.021261669695377,2.3497880083046825,0.4,0.8,0.01678311824798584,0.01678311824798584,0.0,0.01678311824798584,0.0336419939994812,0.0,1,0.0,0.0
2024-02-13,49962.0,49732.0,50241.0,48385.0,37331081151.024765,974585308372.1277,1.0,1.0,upper,0.0405,-0.0063739166705384384,791.0,811.0,4.0,12.0,12.0,0.7753344774246216,0.4654567427933216,4.0,5.585480913519859,1.7450858510926675,1.22147158087982,2.391460368618815,0.19268386776068366,0.2313549667596817,0.0,0.0,0.0,0.0,0.0,0.0,0.0,0.0,0.0,0.0,0.0,12.0,12.0,1.0143604397773742,0.5255906390647094,3.2,6.3070876687765125,8.439937871694564,2.365494072600005,0.2,0.8,0.007502937316894531,0.007502937316894531,0.0,0.007502937316894531,0.0336419939994812,0.0,1,0.0,0.0
2024-02-14,49758.0,51790.0,51937.0,49320.0,41805076939.80903,1017596576729.7906,1.0,0.0,time,-0.0005,0.040548491345109024,792.0,812.0,4.0,12.0,12.0,0.7015783786773682,0.4455972562233607,5.0,5.347167074680328,1.6792691081395228,1.1765421426234262,2.383334952803025,0.19088865875737174,0.3007592707872391,0.0,0.0,0.0,0.0,0.0,0.0,0.0,0.0,0.0,0.0,0.0,12.0,12.0,0.867872679233551,0.4768232909341653,3.6,5.721879491209984,7.875608159601688,2.3723592590353335,0.0,0.6,0.0,0.0,0.0,0.0,0.02650512456893921,0.0,1,0.0,0.0
2024-02-15,51821.0,51958.0,52801.0,51384.0,31991869491.056656,1020725811639.5323,1.0,1.0,time,0.0063,0.003238619478759235,793.0,813.0,4.0,12.0,12.0,0.6615570783615112,0.401937756066521,4.0,4.823253072798252,1.5150354866124864,1.0652504886105882,2.385788838012639,0.1724057734613441,0.22943436354398727,0.0,0.0,0.0,0.0,0.0,0.0,0.0,0.0,0.0,0.0,0.0,12.0,12.0,0.7571628212928772,0.444257353618741,3.8,5.331088243424892,7.245189671963454,2.3818541320651474,0.0,0.4,0.0,0.0,0.0,0.0,0.019378817081451415,0.0,1,0.0,0.0
2024-02-16,51941.0,52166.0,52443.0,51678.0,24850432117.896576,1024019280535.48,1.0,0.0,time,-0.0062,0.003995241763163956,794.0,814.0,4.0,12.0,12.0,0.618882954120636,0.4173128778735797,5.0,5.007754534482956,1.538962245416551,1.067304826615867,2.4134877161797137,0.15237134910802685,0.22804265469312668,0.0,0.0,0.0,0.0,0.0,0.0,0.0,0.0,0.0,0.0,0.0,12.0,12.0,0.7163692712783813,0.43714945899943514,4.2,5.245793507993222,6.558036427944899,2.3898053771722134,0.0,0.3,0.0,0.0,0.0,0.0,0.013676536083221436,0.0,1,0.0,0.0
2024-02-17,52176.0,51685.0,52201.0,50675.0,19851884283.15723,1015778284418.9253,1.0,0.0,time,-0.0071,-0.009263337657275253,795.0,815.0,4.0,12.0,12.0,0.5973027348518372,0.4344455301761627,6.0,5.213346362113953,1.5663763518737495,1.0707164617785287,2.441714726712297,0.12537272810462366,0.18336203694343567,0.0,0.0,0.0,0.0,0.0,0.0,0.0,0.0,0.0,0.0,0.0,12.0,12.0,0.6709311246871948,0.4329500326265891,4.8,5.19540039151907,6.099257007986307,2.403157320465298,0.0,0.2,0.0,0.0,0.0,0.0,0.00839155912399292,0.0,1,0.0,0.0
2024-02-18,51657.0,52138.0,52377.0,51215.0,17025880430.565874,1023586119011.2284,1.0,0.0,time,-0.0252,0.008726445483004169,796.0,816.0,4.0,12.0,12.0,0.5830882787704468,0.44299640382329625,4.0,5.315956845879555,1.5968141698957259,1.0894552205933599,2.440813880423965,0.12743159196712195,0.11067785322666168,0.0,0.0,0.0,0.0,0.0,0.0,0.0,0.0,0.0,0.0,0.0,12.0,12.0,0.6324818849563598,0.4284579648325841,4.8,5.141495577991009,5.724291623383761,2.413028022826328,0.0,0.1,0.0,0.0,0.0,0.0,0.0037514686584472655,0.0,1,0.0,0.0
2024-02-19,52117.0,51764.0,52468.0,51723.0,22555121071.55909,1016146442771.5667,1.0,0.0,time,-0.0041,-0.007199122544028511,797.0,817.0,4.0,12.0,12.0,0.5715181827545166,0.4202069702247779,5.0,5.042483642697334,1.5395053039586144,1.0591612270407715,2.4189587451644474,0.1446806273057022,0.07344299554824829,0.0,0.0,0.0,0.0,0.0,0.0,0.0,0.0,0.0,0.0,0.0,12.0,12.0,0.6064698457717895,0.42337990763286754,4.8,5.08055889159441,5.4012191914021965,2.4201527812986123,0.0,0.0,0.0,0.0,0.0,0.0,0.0,0.0,1,0.0,0.0
2024-02-20,51784.0,52287.0,52902.0,50953.0,34499627551.319275,1026424315285.75,1.0,0.0,time,-0.0103,0.010052847248230645,798.0,818.0,4.0,12.0,12.0,0.5652968287467957,0.43166270355383557,4.0,5.179952442646027,1.572898404810944,1.0759418796440448,2.423568531542368,0.14083593178587095,0.04575665295124054,0.0,0.0,0.0,0.0,0.0,0.0,0.0,0.0,0.0,0.0,0.0,12.0,12.0,0.5872177958488465,0.42932489713033045,4.8,5.151898765563965,5.241493504494429,2.427708720004558,0.0,0.0,0.0,0.0,0.0,0.0,0.0,0.0,1,0.0,0.0
2024-02-21,52230.0,51843.0,52376.0,50706.0,30624246621.0974,1018869881156.3213,1.0,1.0,upper,0.0496,-0.008527853467689944,799.0,819.0,4.0,12.0,12.0,0.5729445815086365,0.4045434532066186,5.0,4.8545214384794235,1.5001116611717729,1.0404086627039317,2.4047541094564315,0.15450731633041112,0.04412268102169037,0.0,0.0,0.0,0.0,0.0,0.0,0.0,0.0,0.0,0.0,0.0,12.0,12.0,0.5780301213264465,0.42677101219693825,4.8,5.1212521463632585,5.18352282717824,2.425961998659902,0.0,0.0,0.0,0.0,0.0,0.0,0.0,0.0,1,0.0,0.0
2024-02-22,51863.0,51320.0,51992.0,50883.0,23733644208.80861,1007314397269.4122,1.0,1.0,upper,0.0597,-0.010139380992528705,800.0,820.0,4.0,12.0,12.0,0.5870615839958191,0.4416375458240509,5.0,5.299650549888611,1.613308823312924,1.1060351839071207,2.420924963505153,0.14782892612787352,0.090102419257164,0.0,0.0,0.0,0.0,0.0,0.0,0.0,0.0,0.0,0.0,0.0,12.0,12.0,0.5759818911552429,0.42820941532651585,4.6,5.13851298391819,5.1669566877186295,2.421804046018473,0.0,0.0,0.0,0.0,0.0,0.0,0.0,0.0,1,0.0,0.0
2024-02-23,51295.0,50841.0,51493.0,50660.0,22637679779.740997,999139504635.63,1.0,1.0,upper,0.0691,-0.009377424068091266,801.0,821.0,4.0,12.0,12.0,0.6107084155082703,0.44512510175506276,5.0,5.341501221060753,1.6513907134884334,1.1413652755026422,2.4006046002994212,0.17064949800843673,0.15584099292755127,0.0,0.0,0.0,0.0,0.0,0.0,0.0,0.0,0.0,0.0,0.0,12.0,12.0,0.5815059185028076,0.4286351549128692,4.8,5.14362185895443,5.142558718472719,2.4137621899935637,0.0,0.0,0.0,0.0,0.0,0.0,0.0,0.0,1,0.0,0.0
2024-02-24,50732.0,51553.0,51697.0,50598.0,15528276123.53668,1012485917140.1924,1.0,1.0,upper,0.0552,0.013907289016592541,802.0,822.0,4.0,12.0,12.0,0.6437241435050964,0.42715636889139813,6.0,5.125876426696777,1.624077039791596,1.1397008128343515,2.370379050400658,0.1932346305583843,0.19702951610088348,0.0,0.0,0.0,0.0,0.0,0.0,0.0,0.0,0.0,0.0,0.0,12.0,12.0,0.5959471106529236,0.43002503464619324,5.0,5.160300415754318,5.120429653674364,2.4040462510408065,0.0,0.0,0.0,0.0,0.0,0.0,0.0,0.0,1,0.0,0.0
2024-02-25,51558.0,51752.0,51918.0,51308.0,15455098216.48263,1016549456019.3263,1.0,1.0,upper,0.0513,0.00385267404574741,803.0,823.0,4.0,12.0,12.0,0.7010098695755005,0.4242350397010644,5.0,5.090820476412773,1.6503288464635508,1.1780501839753417,2.345887424477888,0.21677193748033702,0.2563546299934387,0.0,0.0,0.0,0.0,0.0,0.0,0.0,0.0,0.0,0.0,0.0,12.0,12.0,0.6230897188186646,0.42853950187563894,5.2,5.142474022507668,5.147186394035816,2.38851002962791,0.0,0.0,0.0,0.0,0.0,0.0,0.0,0.0,1,0.0,0.0
2024-02-26,51725.0,54478.0,54925.0,50927.0,35407941475.56789,1071049856128.8474,1.0,1.0,upper,0.0453,0.051333871706187605,804.0,824.0,4.0,12.0,12.0,0.966289222240448,0.4747374964257081,4.0,5.696849957108498,1.87783011242302,1.360404494574406,2.328335775347885,0.2616832762730646,0.26067206263542175,0.0,0.0,0.0,0.0,0.0,0.0,0.0,0.0,0.0,0.0,0.0,12.0,12.0,0.7017586469650269,0.44257831051945684,5.0,5.3109397262334825,5.2160959362983705,2.373226362806201,0.0,0.0,0.0,0.0,0.0,0.0,0.0,0.0,1,0.0,0.0
2024-02-27,54528.0,57004.0,57469.0,54478.0,51983799587.1939,1118963733317.3013,1.0,1.0,upper,0.093,0.04532449036309379,805.0,825.0,4.0,12.0,12.0,0.9929994344711304,0.5276866319278876,4.0,6.332239583134651,2.0909997232358943,1.5065432712600095,2.3198963362039575,0.2930929409459013,0.2604178786277771,0.0,0.0,0.0,0.0,0.0,0.0,0.0,0.0,0.0,0.0,0.0,12.0,12.0,0.7829462170600892,0.45978812774022426,4.8,5.51745753288269,5.327985258400441,2.353020637345962,0.0,0.0,0.0,0.0,0.0,0.0,0.0,0.0,1,0.0,0.0
2024-02-28,57050.0,62559.0,63637.0,56741.0,87218855804.01622,1225273849241.6978,1.0,1.0,upper,0.0861,0.09298867064360246,806.0,826.0,4.0,12.0,12.0,1.6273760795593262,0.5157878957688808,3.0,6.18945474922657,2.278458081709795,1.8115578583662821,2.2120247470568706,0.4081385987064118,0.4497203081846237,0.0,0.0,0.0,0.0,0.0,0.0,0.0,0.0,0.0,0.0,0.0,12.0,12.0,0.9862797498703003,0.4739206865429878,4.4,5.687048238515854,5.415335048735142,2.3153046666974517,0.0,0.0,0.0,0.0,0.0,0.0,0.0,0.0,1,0.0,0.0
2024-02-29,62519.0,61298.0,63435.0,60562.0,67692687247.36391,1206725326872.1362,1.0,1.0,upper,0.1065,-0.020362895472062142,807.0,827.0,4.0,12.0,12.0,1.1734529733657837,0.43690376232067746,3.0,5.242845147848129,1.8496956677153238,1.4132014465128149,2.253281599707456,0.30696841487972903,0.6963997781276703,0.0,0.0,0.0,0.0,0.0,0.0,0.0,0.0,0.0,0.0,0.0,12.0,12.0,1.0922255158424377,0.4758701652288437,3.8,5.710441982746124,5.435371199250222,2.2918851765588113,0.0,0.0,0.0,0.0,0.0,0.0,0.0,0.0,1,0.0,0.0
2024-03-01,61201.0,62427.0,63136.0,60833.0,36699193361.155365,1227712629022.1812,1.0,1.0,upper,0.0883,0.0182506581162462,808.0,828.0,4.0,12.0,12.0,1.0643491744995117,0.4124088374276956,4.0,4.948906049132347,1.7488444676113235,1.3272480879643613,2.2451694944079224,0.291187851972052,0.2918076664209366,0.0,0.0,0.0,0.0,0.0,0.0,0.0,0.0,0.0,0.0,0.0,12.0,12.0,1.16489337682724,0.47350492477416994,3.6,5.682059097290039,5.412266559898853,2.2717415905448184,0.0,0.0,0.0,0.0,0.0,0.0,0.0,0.0,1,0.0,0.0
2024-03-02,62418.0,62068.0,62437.0,61721.0,25198213831.25236,1219383305483.4985,1.0,1.0,upper,0.094,-0.005767315877514642,809.0,829.0,4.0,12.0,12.0,1.005629539489746,0.4279912294199069,5.0,5.135894753038883,1.7509307293843326,1.2966101562075085,2.2836865501802235,0.2688928704859351,0.21350153535604477,0.0,0.0,0.0,0.0,0.0,0.0,0.0,0.0,0.0,0.0,0.0,12.0,12.0,1.1727614402770996,0.46415567137300967,3.8,5.569868056476116,5.4404038913548,2.262811745511286,0.0,0.0,0.0,0.0,0.0,0.0,0.0,0.0,1,0.0,0.0
2024-03-03,62025.0,63053.0,63234.0,61483.0,27108369390.44353,1236312176673.4497,1.0,1.0,upper,0.0783,0.015745084342432273,810.0,830.0,4.0,12.0,12.0,1.2350863218307495,0.48037819874783355,2.0,5.764538384974003,2.0410800825684126,1.5471099545491989,2.234723868221949,0.3411804675767799,0.21199265122413635,0.0,0.0,0.0,0.0,0.0,0.0,0.0,0.0,0.0,0.0,0.0,12.0,12.0,1.2211788177490235,0.45469398473699885,3.4,5.456327816843986,5.486892674863339,2.245777251914884,0.0,0.0,0.0,0.0,0.0,0.0,0.0,0.0,1,0.0,0.0
2024-03-04,63169.0,68187.0,68551.0,62883.0,74551714626.1156,1333913436699.1726,1.0,1.0,time,0.0047,0.07827828828046196,811.0,831.0,4.0,12.0,12.0,1.0653581619262695,0.4888939708471298,3.0,5.866727650165558,2.022618065906395,1.4980921749089897,2.259534524617692,0.319214669640306,0.4669901207089424,0.0,0.0,0.0,0.0,0.0,0.0,0.0,0.0,0.0,0.0,0.0,12.0,12.0,1.1087752342224122,0.44931519975264866,3.4,5.391782397031784,5.539415317773819,2.2552792074270487,0.0,0.0,0.0,0.0,0.0,0.0,0.0,0.0,1,0.0,0.0
2024-03-05,68340.0,64292.0,68913.0,60861.0,96403762012.66058,1264870242318.5977,1.0,1.0,time,0.0718,-0.05881872413723732,812.0,832.0,4.0,12.0,12.0,1.032307744026184,0.48603981484969455,3.0,5.832477778196335,1.9778631526577988,1.4451498886221128,2.274896078571791,0.299600599578275,0.28275442123413086,0.0,0.0,0.0,0.0,0.0,0.0,0.0,0.0,0.0,0.0,0.0,12.0,12.0,1.0805461883544922,0.45914241025845204,3.4,5.509708923101425,5.610075452923775,2.259602103199916,0.0,0.0,0.0,0.0,0.0,0.0,0.0,0.0,1,0.0,0.0
2024-03-06,63789.0,66146.0,67510.0,62933.0,73151905042.04068,1297845751759.601,1.0,1.0,upper,0.0866,0.02842921339387151,813.0,833.0,4.0,12.0,12.0,0.9765987992286682,0.5043895288060108,3.0,6.052674345672131,1.9509125638068756,1.3954230179134202,2.352252628504137,0.2505251601452637,0.2758200690150261,0.0,0.0,0.0,0.0,0.0,0.0,0.0,0.0,0.0,0.0,0.0,12.0,12.0,1.0629961133003234,0.47753854853411515,3.2,5.730462582409382,5.70626083984971,2.2810187300191584,0.0,0.0,0.0,0.0,0.0,0.0,0.0,0.0,1,0.0,0.0
2024-03-07,66090.0,66945.0,68006.0,65722.0,48853892626.0196,1317508010581.0813,1.0,1.0,upper,0.0746,0.01200696664857696,814.0,834.0,4.0,12.0,12.0,0.9327967166900635,0.546141811956962,4.0,6.553701743483543,2.0751564190832026,1.4677111736145052,2.37461928035382,0.24614081648022423,0.2633044943213463,0.0,0.0,0.0,0.0,0.0,0.0,0.0,0.0,0.0,0.0,0.0,12.0,12.0,1.048429548740387,0.5011686650415261,3.0,6.0140239804983135,5.791946018487215,2.299205276053878,0.0,0.0,0.0,0.0,0.0,0.0,0.0,0.0,1,0.0,0.0
2024-03-08,66949.0,68315.0,69428.0,66610.0,63346588227.32869,1340971395884.519,1.0,1.0,time,0.0677,0.020257975041108364,815.0,835.0,4.0,12.0,12.0,0.88921058177948,0.5827473277846972,4.0,6.992967933416367,2.1513260329579547,1.4972878634551934,2.4148455065060705,0.21468393892731133,0.34633077681064606,0.0,0.0,0.0,0.0,0.0,0.0,0.0,0.0,0.0,0.0,0.0,12.0,12.0,0.979254400730133,0.5216424908488989,3.4,6.2597098901867865,5.858018853515387,2.335229603710702,0.0,0.0,0.0,0.0,0.0,0.0,0.0,0.0,1,0.0,0.0
2024-03-09,68315.0,68508.0,68670.0,68053.0,21359706190.81524,1346027264110.4956,1.0,1.0,time,0.0416,0.002821164979671267,816.0,836.0,4.0,12.0,12.0,0.8641558885574341,0.5383352326850096,4.0,6.460022792220116,1.9935277615289138,1.3918602213938078,2.4118887038797694,0.20340744475604458,0.17791996896266937,0.0,0.0,0.0,0.0,0.0,0.0,0.0,0.0,0.0,0.0,0.0,12.0,12.0,0.939013946056366,0.5315307432164749,3.6,6.378368918597698,5.885075657814741,2.365700439563118,0.0,0.0,0.0,0.0,0.0,0.0,0.0,0.0,1,0.0,0.0
2024-03-10,68484.0,69076.0,70009.0,68351.0,36660543917.16198,1357390358031.5388,1.0,1.0,time,0.0061,0.008256820952301172,817.0,837.0,4.0,12.0,12.0,0.8453227877616882,0.4972330629825592,4.0,5.9667967557907104,1.8693705310556068,1.322578919256695,2.3970767041752348,0.20969373605787342,0.15778414905071259,0.0,0.0,0.0,0.0,0.0,0.0,0.0,0.0,0.0,0.0,0.0,12.0,12.0,0.9016169548034668,0.5337693928430478,3.8,6.405232714116574,5.957470818608999,2.3901365646838064,0.0,0.0,0.0,0.0,0.0,0.0,0.0,0.0,1,0.0,0.0
2024-03-11,69046.0,72131.0,72711.0,67785.0,66653067165.93465,1417772589113.9521,1.0,0.0,lower,-0.0996,0.043276562553980276,818.0,838.0,4.0,12.0,12.0,0.8167659640312195,0.4675050228834152,3.0,5.610060274600983,1.758182799316458,1.2480944623254981,2.39875870857886,0.1975844542547114,0.19269070029258728,0.0,0.0,0.0,0.0,0.0,0.0,0.0,0.0,0.0,0.0,0.0,12.0,12.0,0.8696503877639771,0.5263924916585287,3.8,6.316709899902344,6.023586241155863,2.3994377806987512,0.0,0.0,0.0,0.0,0.0,0.0,0.0,0.0,1,0.0,0.0
2024-03-12,72109.0,71467.0,72734.0,69368.0,64599341551.27301,1403692914139.1924,1.0,0.0,lower,-0.0904,-0.009248105579639428,819.0,839.0,4.0,12.0,12.0,0.806915283203125,0.5091113050778707,4.0,6.109335660934448,1.8856145385404957,1.320734155663608,2.4149948596062796,0.19261583883864392,0.14258918166160583,0.0,0.0,0.0,0.0,0.0,0.0,0.0,0.0,0.0,0.0,0.0,12.0,12.0,0.8444741010665894,0.5189863902827104,3.8,6.227836683392525,6.120930331945419,2.407512896549243,0.0,0.0,0.0,0.0,0.0,0.0,0.0,0.0,1,0.0,0.0
2024-03-13,71444.0,73098.0,73604.0,71337.0,51906601043.53671,1436631290571.5388,1.0,0.0,lower,-0.1129,0.02256520190356092,820.0,840.0,4.0,12.0,12.0,0.802283525466919,0.4838033566872279,4.0,5.805640280246735,1.7944283344298007,1.2603093829934202,2.4144378255613645,0.18510915520816354,0.0871412456035614,0.0,0.0,0.0,0.0,0.0,0.0,0.0,0.0,0.0,0.0,0.0,12.0,12.0,0.8270886898040771,0.4991975960632165,3.8,5.990371152758598,6.125040521472693,2.4074313603603015,0.0,0.0,0.0,0.0,0.0,0.0,0.0,0.0,1,0.0,0.0
2024-03-14,73091.0,71420.0,73738.0,68862.0,63073551321.74747,1403843488135.24,1.0,0.0,lower,-0.0897,-0.023223064434023003,821.0,841.0,4.0,12.0,12.0,0.8311737179756165,0.4759404957294464,3.0,5.711285948753357,1.7813945608690451,1.2644575582018713,2.407229709734842,0.1947507628978476,0.25629281997680664,0.0,0.0,0.0,0.0,0.0,0.0,0.0,0.0,0.0,0.0,0.0,12.0,12.0,0.8204922556877137,0.4867186486721039,3.6,5.840623784065246,6.109496351331472,2.4064995615313167,0.0,0.0,0.0,0.0,0.0,0.0,0.0,0.0,1,0.0,0.0
2024-03-15,71385.0,69498.0,72288.0,65848.0,81204427005.22603,1367669237527.8738,1.0,0.0,lower,-0.0624,-0.027279966988038345,822.0,842.0,4.0,12.0,12.0,0.900651752948761,0.4895156646768252,3.0,5.8741879761219025,1.805438035590719,1.2694188722518938,2.4234941142596544,0.17890860534309747,0.3343684673309326,0.0,0.0,0.0,0.0,0.0,0.0,0.0,0.0,0.0,0.0,0.0,12.0,12.0,0.8315580487251282,0.48517516901095703,3.4,5.822102028131485,6.113667371124029,2.4117830435482004,0.0,0.0,0.0,0.0,0.0,0.0,0.0,0.0,1,0.0,0.0
2024-03-16,69441.0,65292.0,70034.0,65015.0,49265436012.59228,1282404282863.459,1.0,1.0,time,0.0037,-0.062428457886475414,823.0,843.0,4.0,12.0,12.0,1.0136888027191162,0.5701326032479604,3.0,6.841591238975525,2.1077205460800297,1.4796437425414497,2.419186663503967,0.21249934841710774,0.2819705009460449,0.0,0.0,0.0,0.0,0.0,0.0,0.0,0.0,0.0,0.0,0.0,12.0,12.0,0.8709426164627075,0.5057006850838661,3.4,6.068408221006393,6.192559060454369,2.415868634533221,0.0,0.0,0.0,0.0,0.0,0.0,0.0,0.0,1,0.0,0.0
2024-03-17,65323.0,68425.0,68804.0,64866.0,47190980586.56393,1344508983079.8567,1.0,0.0,lower,-0.0965,0.046868737634954104,824.0,844.0,4.0,12.0,12.0,1.1916635036468506,0.6058547620971998,3.0,7.270257145166397,2.2282968176731495,1.5700093177622154,2.4284299601252917,0.21613784077567103,0.5389744639396667,0.0,0.0,0.0,0.0,0.0,0.0,0.0,0.0,0.0,0.0,0.0,12.0,12.0,0.9478922605514526,0.525049376487732,3.2,6.300592517852783,6.264214600622654,2.418555654637024,0.0,0.0,0.0,0.0,0.0,0.0,0.0,0.0,1,0.0,0.0
2024-03-18,68425.0,67709.0,68834.0,66605.0,51101822566.75771,1331771923948.0378,1.0,0.0,lower,-0.0859,-0.010519144405477394,825.0,845.0,4.0,12.0,12.0,1.4112313985824585,0.6711272845665613,3.0,8.053527414798737,2.490753349039291,1.7791505268884726,2.422580805117923,0.2580229738922177,0.6062991917133331,0.0,0.0,0.0,0.0,0.0,0.0,0.0,0.0,0.0,0.0,0.0,12.0,12.0,1.0696818351745605,0.5625141620635986,3.0,6.750169944763184,6.370270548760891,2.4201842505483357,0.0,0.0,0.0,0.0,0.0,0.0,0.0,0.0,1,0.0,0.0
2024-03-19,67600.0,62133.0,68182.0,61593.0,80179417876.47993,1223867418062.399,1.0,1.0,upper,0.0876,-0.08594186175914183,826.0,846.0,4.0,12.0,12.0,1.490007758140564,0.7488342374563217,3.0,8.98601084947586,2.7540437991888864,1.9454121141049798,2.4300445146123595,0.2670400509301409,0.38279175758361816,0.0,0.0,0.0,0.0,0.0,0.0,0.0,0.0,0.0,0.0,0.0,12.0,12.0,1.20144864320755,0.6170929104089737,3.0,7.405114924907684,6.622869354486466,2.424747211523839,0.0,0.0,0.0,0.0,0.0,0.0,0.0,0.0,1,0.0,0.0
2024-03-20,61866.0,67819.0,68034.0,60914.0,70836803714.91411,1332594162507.5205,1.0,1.0,time,0.0308,0.08756514291365673,827.0,847.0,4.0,12.0,12.0,1.6703754663467407,0.8675314635038376,3.0,10.410377562046051,3.2576786972285277,2.3318245080314584,2.407309051351021,0.3629899461816209,0.23533010482788086,0.0,0.0,0.0,0.0,0.0,0.0,0.0,0.0,0.0,0.0,0.0,12.0,12.0,1.355393385887146,0.6926960701743762,3.0,8.312352842092514,7.067227435112,2.421510198942112,0.0,0.0,0.0,0.0,0.0,0.0,0.0,0.0,1,0.0,0.0
2024-03-21,67855.0,65536.0,68120.0,64760.0,48393664548.05336,1287348061971.4202,1.0,1.0,time,0.0671,-0.034242781698792385,828.0,848.0,4.0,12.0,12.0,1.655461072921753,0.9249768952528635,4.0,11.099722743034363,3.3891622770294467,2.365133013856854,2.42919553675163,0.31877811758597596,0.43803441524505615,2.0,2.0,0.25355637073516846,0.1591452956199646,1.0,0.3182905912399292,0.2616894198181294,0.25495511358232054,0.5050537480022272,0.09441107511520386,0.3182905912399292,12.0,12.0,1.4837478399276733,0.7636649285753567,3.2,9.163979142904282,7.6161936819553375,2.423511973591645,0.4,0.2,0.05071127414703369,0.03182905912399292,0.2,0.06365811824798584,0.03182905912399292,0.10101074960044545,1,0.0,0.0
2024-03-22,65492.0,63509.0,66596.0,62450.0,42436600223.53738,1247366367469.2778,1.0,1.0,upper,0.0964,-0.031417981837948514,829.0,849.0,4.0,12.0,12.0,1.6480923891067505,0.926800529162089,3.0,11.121606349945068,3.376903820876378,2.35007190575772,2.436108283363231,0.30220974576000786,0.17542129755020142,2.0,2.0,0.2592473030090332,0.16271716356277466,1.0,0.3254343271255493,0.2675628641625324,0.2606774321216247,0.5050533466022801,0.09653013944625854,0.11586417300689184,12.0,12.0,1.5750336170196533,0.8278540819883347,3.2,9.934248983860016,8.1174207508564,2.4250476382392328,0.8,0.4,0.10256073474884034,0.06437249183654785,0.4,0.1287449836730957,0.06437249183654785,0.20202141892090147,1,0.0,0.0
2024-03-23,63659.0,64286.0,65937.0,63169.0,25489933245.687557,1264722355270.5166,1.0,1.0,upper,0.0952,0.012160250004580741,830.0,850.0,4.0,12.0,12.0,1.7279295921325684,1.0223041027784348,4.0,12.267649233341217,3.773763378354333,2.649992650618833,2.4219351618385225,0.37638874995551064,0.4769824147224426,2.0,2.0,0.2718057632446289,0.1705995798110962,1.0,0.3411991596221924,0.28052418147783426,0.27330517969932894,0.5050537923319045,0.10120618343353271,0.2556841733364962,12.0,12.0,1.6383732557296753,0.8980894456307092,3.4,10.777073347568512,8.763621646165848,2.4249185095833528,1.2,0.6,0.1569218873977661,0.09849240779876708,0.6,0.19698481559753417,0.09849240779876708,0.30303217738728233,1,0.0,0.0
2024-03-24,64018.0,67311.0,67590.0,63873.0,28098318940.431744,1323456466317.511,1.0,1.0,time,0.038,0.04598179240212991,831.0,851.0,4.0,12.0,12.0,1.8288542032241821,1.1455658078193665,4.0,13.746789693832397,4.2102530834060214,2.934351691575783,2.4240856257748815,0.40603558811511636,0.49692386388778687,2.0,2.0,0.28768110275268555,0.1805638074874878,1.0,0.3611276149749756,0.2969087520411283,0.2892680994334639,0.505053975365514,0.10711729526519775,0.32321849635608524,12.0,12.0,1.706142544746399,0.9774357597033182,3.6,11.72922911643982,9.567172020673752,2.423726731815857,1.6,0.8,0.21445810794830322,0.13460516929626465,0.8,0.2692103385925293,0.13460516929626465,0.40404297246038523,1,0.0,0.0
2024-03-25,67232.0,69939.0,71007.0,66475.0,44820310272.647514,1371797489739.3416,1.0,0.0,time,-0.0034,0.03829976301757465,832.0,852.0,4.0,12.0,12.0,1.783467411994934,1.153323471546173,4.0,13.839881658554077,4.182116530882477,2.877398533186047,2.436968314832796,0.35686579149225145,0.19531673192977905,2.0,2.0,0.4824258089065552,0.2774333357810974,1.0,0.5548666715621948,0.48783433630837975,0.48296965876499487,0.38744121328659553,0.20499247312545776,0.2667017822884358,12.0,12.0,1.7287609338760377,1.0345941613117853,3.8,12.415129935741424,10.363741388916969,2.4296585845122123,2.0,1.0,0.3109432697296143,0.19009183645248412,1.0,0.38018367290496824,0.19009183645248412,0.4815312151177043,1,0.0,0.0
2024-03-26,69946.0,70082.0,71419.0,69567.0,36257324508.56845,1375728580463.2524,1.0,1.0,time,0.0165,0.002042551470372645,833.0,853.0,4.0,12.0,12.0,1.826921820640564,1.1692674557367961,4.0,14.031209468841553,4.255317378510708,2.9355834758460695,2.432963051576676,0.37655116908958913,0.2787533402442932,2.0,2.0,0.49418020248413086,0.2841929793357849,1.0,0.5683859586715698,0.4997204886520126,0.4947373001630417,0.38744080314116225,0.20998722314834595,0.1376574731906866,12.0,12.0,1.7630530834197997,1.0834522734085719,3.8,13.001427280902863,11.082703211903572,2.4304120874772215,2.0,1.2,0.35906803607940674,0.2151013731956482,1.0,0.4302027463912964,0.24693043231964112,0.45800862614549126,1,0.0,0.0
2024-03-27,69979.0,69436.0,71528.0,68490.0,41441040887.822266,1360261687784.1018,1.0,1.0,time,0.005,-0.009260520027394484,834.0,854.0,4.0,12.0,12.0,1.8607255220413208,1.2497518559296925,5.0,14.997022271156311,4.603690000459807,3.2012981566857692,2.4189950411943806,0.45197761776599477,0.20277094841003418,2.0,2.0,0.4973304271697998,0.2860046625137329,1.0,0.5720093250274658,0.5029060464680568,0.49789107853749,0.38744110897089035,0.2113257646560669,0.03689292755455771,12.0,12.0,1.805579710006714,1.1480425387620925,4.2,13.776510465145112,11.855379724502564,2.426989439043451,2.0,1.4,0.4066846609115601,0.23975887298583984,1.0,0.4795177459716797,0.3041313648223877,0.43448617861921335,1,0.0,0.0
2024-03-28,69402.0,70710.0,71552.0,68991.0,30455289338.47621,1390869723348.0437,1.0,0.0,lower,-0.0775,0.01818154060984668,835.0,855.0,4.0,12.0,12.0,1.8375953435897827,1.2201355695724487,5.0,14.641626834869385,4.49468102544467,3.126837480144454,2.419176347267843,0.44134149880994933,0.2403917908668518,2.0,2.0,0.49114811420440674,0.28244930505752563,1.0,0.5648986101150513,0.49665441277976274,0.49170179456882446,0.3874409081827811,0.2086988091468811,0.07240085858411963,12.0,12.0,1.8275128602981567,1.1876088321208953,4.4,14.251305985450745,12.514189666509628,2.426437676129315,2.0,1.6,0.45055313110351564,0.2621288180351257,1.0,0.5242576360702514,0.36062122583389283,0.4109636017893886,1,0.0,0.0
2024-03-29,70744.0,69919.0,70908.0,69197.0,25785951735.485695,1374646886107.8396,1.0,0.0,time,-0.0558,-0.011249576430641365,836.0,856.0,4.0,12.0,12.0,1.8252102136611938,1.1948593606551488,4.0,14.338312327861786,4.360356266689897,3.013199168378988,2.429536032223137,0.39585772607498404,0.16355520486831665,1.0,1.0,0.39135122299194336,0.39135122299194336,0.0,0.39135122299194336,0.39135122299194336,0.39135122299194336,-0.0,0.0,0.3904073213484619,12.0,12.0,1.8267840623855591,1.197467542688052,4.4,14.369610512256623,13.049419814348221,2.4275277574189666,1.8,1.7,0.4712871551513672,0.30428630113601685,0.8,0.530302357673645,0.39975634813308714,0.3099528067162859,1,1.0,1.0
2024-03-30,69906.0,69702.0,70343.0,69622.0,16408802301.837431,1370247487960.0945,1.0,0.0,time,-0.0168,-0.003108417426115292,837.0,857.0,4.0,12.0,12.0,1.8171451091766357,1.1934526364008586,4.0,14.321431636810303,4.348488556120262,3.0023547406164894,2.431481029975409,0.3891660291275608,0.09760099649429321,1.0,1.0,0.3896219730377197,0.3896219730377197,0.0,0.3896219730377197,0.3896219730377197,0.3896219730377197,-0.0,0.0,0.013280574546348324,12.0,12.0,1.8335196018218993,1.205493375658989,4.4,14.465920507907867,13.440525221824647,2.426430300447489,1.6,1.8,0.4527263879776001,0.3267240285873413,0.6,0.49725341796875,0.4387185454368591,0.2324645640589668,1,1.0,1.0
2024-03-31,69622.0,71247.0,71315.0,69622.0,19723005998.21497,1401370211582.3662,1.0,0.0,lower,-0.085,0.021923701239757808,838.0,858.0,4.0,12.0,12.0,1.7812209129333496,1.0917289555072784,3.0,13.100747466087341,4.024110053269917,2.809255867493079,2.420240761438825,0.3969672922412137,0.3436131477355957,0.0,0.0,0.0,0.0,0.0,0.0,0.0,0.0,0.0,0.0,0.3896219730377197,12.0,12.0,1.8243794202804566,1.1899856756130853,4.2,14.279828107357025,13.640627694129943,2.423885842419919,1.2,1.6,0.3538903474807739,0.26988543272018434,0.4,0.38357622623443605,0.4068894863128662,0.1549764034307343,1,0.0,0.0
2024-04-01,71344.0,69786.0,71344.0,68257.0,36040088988.53872,1373784286061.3486,1.0,0.0,time,-0.0113,-0.020719296414193802,839.0,859.0,4.0,12.0,12.0,1.8404508829116821,1.115109036366145,3.0,13.381308436393738,4.128893775841257,2.8914071533312837,2.415155647875548,0.42092614715999416,0.35967302322387695,0.0,0.0,0.0,0.0,0.0,0.0,0.0,0.0,0.0,0.0,0.0,12.0,12.0,1.8203244924545288,1.1630571117003758,3.8,13.95668534040451,13.86659790277481,2.4231179637561526,0.8,1.4,0.25442426204681395,0.21268450021743773,0.2,0.2691743612289429,0.37434605360031126,0.07748818163655621,1,0.0,0.0
2024-04-02,69674.0,65440.0,69674.0,64693.0,45161133992.09071,1288360536576.547,1.0,1.0,time,0.0588,-0.06429972429046517,840.0,860.0,4.0,12.0,12.0,2.1160247325897217,1.1585705081621807,3.0,13.902846097946167,4.3644510640931875,3.1036217349410116,2.3980531589591276,0.4950593922505728,0.31846070289611816,1.0,1.0,0.40412449836730957,0.40412449836730957,0.0,0.40412449836730957,0.40412449836730957,0.40412449836730957,-0.0,0.0,0.40412449836730957,12.0,12.0,1.8760103702545166,1.1507440994183225,3.4,13.808929193019868,14.030117589235306,2.4188933260944094,0.6,1.3,0.23701953887939453,0.23701953887939453,0.0,0.23701953887939453,0.380638587474823,-0.0,1,1.0,1.0
2024-04-03,65450.0,66124.0,66945.0,64673.0,35559952961.797325,1301670235623.7266,1.0,1.0,upper,0.0799,0.010398074896274158,841.0,861.0,4.0,12.0,12.0,2.2714099884033203,1.1662067671616871,3.0,13.994481205940247,4.507046070113735,3.2426485402657543,2.3614825455355453,0.5768452704757646,0.6228722929954529,1.0,1.0,0.45770740509033203,0.45770740509033203,0.0,0.45770740509033203,0.45770740509033203,0.45770740509033203,-0.0,0.0,0.27031634168306956,12.0,12.0,1.9652503252029419,1.1450135807196298,3.2,13.740162968635559,14.05488674044609,2.405282628756891,0.6,1.2,0.2502907752990723,0.2502907752990723,0.0,0.2502907752990723,0.39029656648635863,-0.0,1,1.0,1.0
2024-04-04,65978.0,68542.0,69199.0,65135.0,37516850709.63811,1348455954443.3696,1.0,1.0,time,0.009,0.03591492887081997,842.0,862.0,4.0,12.0,12.0,2.4854538440704346,1.1453655039270718,2.0,13.744386047124863,4.462732561573499,3.263288036638656,2.359832628127019,0.5897482701044983,0.797841876745224,0.0,0.0,0.0,0.0,0.0,0.0,0.0,0.0,0.0,0.0,0.45770740509033203,12.0,12.0,2.098912072181702,1.1353961542248725,2.8,13.624753850698472,14.04533717930317,2.390952948387213,0.4,1.0,0.17236638069152832,0.17236638069152832,0.0,0.17236638069152832,0.33480989933013916,0.0,1,0.0,0.0
2024-04-05,68456.0,67979.0,68679.0,66174.0,35132808695.80448,1337452583876.3916,1.0,1.0,time,0.0368,-0.008247862110696915,843.0,863.0,4.0,12.0,12.0,2.100841522216797,0.9846834316849709,3.0,11.81620118021965,3.735815371801923,2.69049970631812,2.3916114660602976,0.43980099330766,0.6600311398506165,0.0,0.0,0.0,0.0,0.0,0.0,0.0,0.0,0.0,0.0,0.0,12.0,12.0,2.162836194038391,1.1139870494604112,2.8,13.367844593524932,13.82383635044098,2.3852270893115075,0.4,0.8,0.17236638069152832,0.17236638069152832,0.0,0.17236638069152832,0.27797130346298216,0.0,1,0.0,0.0
2024-04-06,67862.0,69001.0,69577.0,67509.0,19119438138.850826,1358548956714.7139,1.0,1.0,time,0.0159,0.014922163294974915,844.0,864.0,4.0,12.0,12.0,2.3332607746124268,0.9635796149571737,2.0,11.562955379486084,3.7331751212244333,2.7667679386742825,2.3772401583693243,0.48259441160917593,0.4500264823436737,2.0,2.0,0.23316717147827148,0.14749187231063843,1.0,0.29498374462127686,0.24122234260184564,0.23460656806714938,0.5133721278261033,0.08567529916763306,0.29498374462127686,12.0,12.0,2.26139817237854,1.083681165178617,2.6,13.004173982143403,13.480429661273956,2.3776439914102627,0.8,0.8,0.21899981498718263,0.201864755153656,0.2,0.2313631296157837,0.25026874542236327,0.10267442556522066,1,0.0,0.0
2024-04-07,68896.0,69402.0,70231.0,68863.0,17935478429.01022,1367272232852.0764,1.0,0.0,time,-0.0315,0.00579468829545578,845.0,865.0,4.0,12.0,12.0,2.3141658306121826,0.975509986281395,3.0,11.70611983537674,3.818969142011811,2.816086596756823,2.3557886451255894,0.5135731453601731,0.16975587606430054,2.0,2.0,0.28464627265930176,0.27059298753738403,1.0,0.5411859750747681,0.3831920138184636,0.3418428968990699,0.6917979441715892,0.014053285121917725,0.24846404836308647,12.0,12.0,2.301026391983032,1.0470690608024598,2.6,12.564828729629516,13.186878961324691,2.369191088643555,1.0,0.8,0.19510416984558104,0.1751584529876709,0.4,0.2587754249572754,0.24789748191833497,0.2410340143995385,1,0.0,0.0
2024-04-08,69375.0,71624.0,72632.0,69118.0,33111949671.02105,1410324678268.6392,1.0,0.0,lower,-0.063,0.03151452779053547,846.0,866.0,4.0,12.0,12.0,2.2798736095428467,0.9508148009578387,3.0,11.409777611494064,3.7499846742561136,2.7770875380051687,2.3472179627484198,0.5175100344043098,0.36702701449394226,1.0,1.0,0.30906248092651367,0.30906248092651367,0.0,0.30906248092651367,0.30906248092651367,0.30906248092651367,-0.0,0.0,1.4082231851214684,12.0,12.0,2.3027191162109375,1.0039906675616899,2.6,12.04788801074028,12.89402548968792,2.36633817208613,1.0,0.8,0.1653751850128174,0.14542946815490723,0.4,0.22904644012451172,0.239668607711792,0.2410340143995385,1,1.0,1.0
2024-04-09,71629.0,69159.0,71743.0,68208.0,36488482038.859055,1361830648708.6648,1.0,0.0,lower,-0.0712,-0.03502201184628626,847.0,867.0,4.0,12.0,12.0,1.3206204175949097,0.8838444625337919,4.0,10.606133550405502,3.21185014619912,2.1972121619907288,2.427705317330678,0.2801501017638493,1.716392308473587,1.0,1.0,0.08131158351898193,0.08131158351898193,0.0,0.08131158351898193,0.08131158351898193,0.08131158351898195,-0.0,0.0,0.16247998152699059,12.0,12.0,2.0697524309158326,0.9516864592830341,3.0,11.420237511396408,12.52249568104744,2.379912709926862,1.2,0.8,0.18163750171661378,0.1616917848587036,0.4,0.2453087568283081,0.2088375687599182,0.2410340143995385,1,0.0,0.0
2024-04-10,69112.0,70528.0,70938.0,67569.0,38378062633.13138,1387722485989.3584,1.0,0.0,lower,-0.0908,0.01960159260482598,848.0,868.0,4.0,12.0,12.0,1.2968305349349976,0.7967360268036524,3.0,9.56083232164383,2.928766600269854,2.0265688767498733,2.417282349016877,0.28287427153740236,0.18117740750312805,0.0,0.0,0.0,0.0,0.0,0.0,0.0,0.0,0.0,0.0,0.08131158351898193,12.0,12.0,1.9089502334594726,0.9140969783067703,3.0,10.969163739681244,12.168504166603089,2.3850468865181775,1.2,0.8,0.18163750171661378,0.1616917848587036,0.4,0.2453087568283081,0.2088375687599182,0.2410340143995385,1,0.0,0.0
2024-04-11,70602.0,70107.0,71221.0,69581.0,30118549149.510498,1379324055321.196,1.0,0.0,lower,-0.0848,-0.005987147688615482,849.0,869.0,4.0,12.0,12.0,1.3452644348144531,0.8123152976234754,3.0,9.747783571481705,3.003235755411883,2.0858789996070173,2.4104011934971954,0.30292343498357804,0.28695347905158997,0.0,0.0,0.0,0.0,0.0,0.0,0.0,0.0,0.0,0.0,0.0,12.0,12.0,1.711350965499878,0.8838441148400307,3.2,10.606129378080368,11.805151680111885,2.3916790935437517,0.8,0.8,0.13500406742095947,0.13219341039657592,0.2,0.18631200790405272,0.2088375687599182,0.13835958883431784,1,0.0,0.0
2024-04-12,70000.0,67252.0,71212.0,65771.0,43471949726.09197,1321648247460.1611,1.0,0.0,lower,-0.0922,-0.041575888585097386,850.0,870.0,4.0,12.0,12.0,1.5658984184265137,0.9351766655842463,3.0,11.222119987010956,3.4626248855265422,2.4096552821457187,2.4094173680265203,0.35297619698175936,0.4103471040725708,1.0,1.0,0.12058711051940918,0.12058711051940918,0.0,0.12058711051940918,0.12058711051940918,0.1205871105194092,-0.0,0.0,0.12058711051940918,12.0,12.0,1.5616974830627441,0.875777450700601,3.2,10.509329408407211,11.537079069018365,2.402404838123938,0.6,0.8,0.10219223499298095,0.10219223499298095,0.0,0.10219223499298095,0.18048382997512818,-0.0,1,0.0,0.0
2024-04-13,67197.0,64405.0,67936.0,61514.0,49214481480.20075,1270009515097.3306,1.0,0.0,time,-0.0147,-0.04325548796863056,851.0,871.0,4.0,12.0,12.0,1.5777413845062256,0.9834734871983528,4.0,11.801681846380234,3.630374242790185,2.5136056769658763,2.410638053134948,0.36205155508220865,0.18326744437217712,1.0,1.0,0.12149918079376221,0.12149918079376221,0.0,0.12149918079376221,0.12149918079376221,0.12149918079376222,-0.0,0.0,0.0161941182538203,12.0,12.0,1.4212710380554199,0.8823091879487037,3.4,10.587710255384446,11.317799133062362,2.4150888562012436,0.6,0.8,0.06467957496643066,0.06467957496643066,0.0,0.06467957496643066,0.14686300754547119,-0.0,1,0.0,0.0
2024-04-14,63957.0,65753.0,65753.0,62138.0,40292911692.95434,1293286386553.3967,1.0,0.0,lower,-0.0697,0.02071402754535155,852.0,872.0,4.0,12.0,12.0,2.0794837474823,0.9629554525017738,3.0,11.555465430021286,3.713484635493123,2.688777607350378,2.3696373243187945,0.47104225712851744,0.525057852268219,1.0,1.0,0.4601426124572754,0.4601426124572754,0.0,0.4601426124572754,0.4601426124572754,0.4601426124572754,-0.0,0.0,0.43362762199637966,12.0,12.0,1.573043704032898,0.8981313859423002,3.2,10.777576631307602,11.098907071352006,2.403475257598867,0.6,0.9,0.14044578075408937,0.14044578075408937,0.0,0.14044578075408937,0.19287726879119874,-0.0,1,1.0,1.0
2024-04-15,65680.0,63431.0,66798.0,62629.0,42796604938.03423,1247928896840.997,1.0,1.0,time,0.0228,-0.03595259646118077,853.0,873.0,4.0,12.0,12.0,1.8017398118972778,0.8895048275589943,2.0,10.674057930707932,3.338058474470551,2.3748415667985188,2.401513509624637,0.3705860583786612,0.8340210020542145,1.0,1.0,0.39868420362472534,0.39868420362472534,0.0,0.39868420362472534,0.39868420362472534,0.39868420362472534,-0.0,0.0,0.24354675415539523,12.0,12.0,1.674025559425354,0.9166851460933685,3.0,11.000221753120423,10.984692746400833,2.4003214897204193,0.8,1.0,0.22018262147903442,0.22018262147903442,0.0,0.22018262147903442,0.23274568915367128,-0.0,1,1.0,1.0
2024-04-16,63409.0,63721.0,64329.0,61714.0,42157169474.39519,1253670904297.4917,1.0,1.0,time,0.0189,0.004561477646243047,854.0,874.0,4.0,12.0,12.0,1.6581445932388306,0.8964830885330836,3.0,10.757797062397003,3.370304342326127,2.3867150028259188,2.39592833441088,0.37801766091817146,0.5196330845355988,1.0,1.0,0.004118919372558594,0.004118919372558594,0.0,0.004118919372558594,0.004118919372558594,0.004118919372558595,-0.0,0.0,0.30892331842419507,12.0,12.0,1.7366015911102295,0.9335187042752902,3.0,11.202224451303483,10.904176914691925,2.397426917903156,1.0,0.9,0.22100640535354615,0.22100640535354615,0.0,0.22100640535354615,0.20365920662879944,-0.0,1,0.0,0.0
2024-04-17,63814.0,61329.0,64414.0,60062.0,41123362075.93534,1207185042484.4346,1.0,1.0,upper,0.0861,-0.038261364307484544,855.0,875.0,4.0,12.0,12.0,1.5766806602478027,0.8821221192677816,3.0,10.585465431213379,3.3365301217970287,2.359766471442497,2.384556211479304,0.38673419532898695,0.4643644690513611,0.0,0.0,0.0,0.0,0.0,0.0,0.0,0.0,0.0,0.0,0.004118919372558594,12.0,12.0,1.7387580394744873,0.9229077950119973,3.0,11.074893540143966,10.79211147427559,2.392454686593713,0.8,0.7,0.1968889832496643,0.1968889832496643,0.0,0.1968889832496643,0.14954060912132264,0.0,1,0.0,0.0
2024-04-18,61272.0,63462.0,63989.0,60862.0,35901618166.42319,1249565911947.3347,1.0,1.0,time,0.0454,0.03418848730299043,856.0,876.0,4.0,12.0,12.0,1.480655312538147,0.8407435243328413,3.0,10.088922291994095,3.185973993285018,2.2569245303368364,2.383086388248114,0.3728532107721485,0.3468179404735565,1.0,1.0,0.0880889892578125,0.0880889892578125,0.0,0.0880889892578125,0.0880889892578125,0.08808898925781251,-0.0,0.0,0.0880889892578125,12.0,12.0,1.7193408250808715,0.8943618024388948,2.8,10.732341629266738,10.660025942325593,2.3869443536163457,0.8,0.7,0.19020694494247437,0.19020694494247437,0.0,0.19020694494247437,0.12744325995445252,-0.0,1,0.0,0.0
2024-04-19,63517.0,63989.0,65416.0,60022.0,52227787323.81757,1263308149913.607,1.0,1.0,time,0.0045,0.008269892013500485,857.0,877.0,4.0,12.0,12.0,1.4600286483764648,0.8742130671938261,3.0,10.490556806325912,3.2351782832563756,2.260760909072349,2.413168841734775,0.32855703236835804,0.13815930485725403,0.0,0.0,0.0,0.0,0.0,0.0,0.0,0.0,0.0,0.0,0.0880889892578125,12.0,12.0,1.5954498052597046,0.8766133253773052,2.8,10.519359904527665,10.648468267917632,2.395650657099542,0.6,0.6,0.09817842245101929,0.09817842245101929,0.0,0.09817842245101929,0.11931210160255432,0.0,1,0.0,0.0
2024-04-20,63841.0,64894.0,65377.0,63230.0,16601830590.687477,1277940837359.7852,1.0,0.0,time,-0.0063,0.014043975925856917,858.0,878.0,4.0,12.0,12.0,1.4668346643447876,0.9106065928936005,3.0,10.927279114723206,3.348187692529031,2.323220827255876,2.4185610467630245,0.32402525880803634,0.04964640736579895,0.0,0.0,0.0,0.0,0.0,0.0,0.0,0.0,0.0,0.0,0.0,12.0,12.0,1.5284687757492066,0.8808336784442264,3.0,10.570004141330719,10.78511294722557,2.39906016452722,0.4,0.6,0.01844158172607422,0.01844158172607422,0.0,0.01844158172607422,0.11931210160255432,0.0,1,0.0,0.0
2024-04-21,64976.0,64936.0,65674.0,64365.0,19592118541.18973,1279763566407.3762,1.0,0.0,time,-0.0176,0.0006469999455460945,859.0,879.0,4.0,12.0,12.0,1.5345945358276367,0.9764316752552986,4.0,11.717180103063583,3.598041303114408,2.496849554458173,2.4152190479965867,0.35412749841627217,0.34296515583992004,0.0,0.0,0.0,0.0,0.0,0.0,0.0,0.0,0.0,0.0,0.0,12.0,12.0,1.5037587642669679,0.8968233957886695,3.2,10.761880749464035,10.982052600383758,2.4029183072443607,0.2,0.6,0.0176177978515625,0.0176177978515625,0.0,0.0176177978515625,0.11931210160255432,0.0,1,0.0,0.0
2024-04-22,64919.0,66842.0,67208.0,64565.0,27748586313.20611,1317058642854.2856,1.0,0.0,time,-0.051,0.028929456022932388,860.0,880.0,4.0,12.0,12.0,1.6025428771972656,0.9434622873862585,4.0,11.321547448635101,3.4536958779139533,2.392574308031339,2.424450816617449,0.3223044839483441,0.3650799095630646,0.0,0.0,0.0,0.0,0.0,0.0,0.0,0.0,0.0,0.0,0.0,12.0,12.0,1.5089312076568604,0.909091429412365,3.4,10.90909715294838,10.991995346546172,2.4108972282719896,0.2,0.5,0.0176177978515625,0.0176177978515625,0.0,0.0176177978515625,0.1072533905506134,0.0,1,0.0,0.0
2024-04-23,66840.0,66407.0,67166.0,65889.0,23232230785.201836,1306843409278.049,1.0,0.0,time,-0.0522,-0.006529152869147214,861.0,881.0,4.0,12.0,12.0,1.6092619895935059,0.9943468223015467,3.0,11.93216186761856,3.5664136068553502,2.4412848282672597,2.450731296484511,0.2668643192880331,0.40885770320892334,0.0,0.0,0.0,0.0,0.0,0.0,0.0,0.0,0.0,0.0,0.0,12.0,12.0,1.534652543067932,0.9398120890061061,3.4,11.277745068073273,11.005043348670005,2.4244262099192695,0.0,0.4,0.0,0.0,0.0,0.0,0.09510347247123718,0.0,1,0.0,0.0
2024-04-24,66429.0,64280.0,67058.0,63571.0,30939903322.025898,1265541377860.928,1.0,0.0,time,-0.0075,-0.03255393174334784,862.0,882.0,4.0,12.0,12.0,1.3207091093063354,0.9170953085025152,4.0,11.005143702030182,3.244388057714966,2.1897636254576054,2.4640483986807267,0.19001934342666477,0.42368483543395996,0.0,0.0,0.0,0.0,0.0,0.0,0.0,0.0,0.0,0.0,0.0,12.0,12.0,1.5067886352539062,0.9483885372678438,3.6,11.380662447214126,10.950011175870895,2.434602121308459,0.0,0.3,0.0,0.0,0.0,0.0,0.049089211225509646,0.0,1,0.0,0.0
2024-04-25,64247.0,64486.0,65069.0,62924.0,24705345525.57077,1269387456067.624,1.0,0.0,lower,-0.0597,0.003199605109163108,863.0,883.0,4.0,12.0,12.0,1.3235799074172974,0.9339313556750616,4.0,11.207176268100739,3.2942495498202486,2.217269860333919,2.4670148215679957,0.17919885861202084,0.033818185329437256,0.0,0.0,0.0,0.0,0.0,0.0,0.0,0.0,0.0,0.0,0.0,12.0,12.0,1.4781376838684082,0.9530534898241362,3.8,11.436641877889633,11.003323009610176,2.4442928762694534,0.0,0.2,0.0,0.0,0.0,0.0,0.00922079086303711,0.0,1,0.0,0.0
2024-04-26,64496.0,63802.0,64728.0,63353.0,23302057197.884678,1255539337969.4697,1.0,0.0,lower,-0.0902,-0.010663608156685551,864.0,884.0,4.0,12.0,12.0,1.3117395639419556,0.9337728420893351,4.0,11.205274105072021,3.288936037343736,2.2105930375750598,2.4684532032994912,0.17173613729963405,0.14057743549346924,0.0,0.0,0.0,0.0,0.0,0.0,0.0,0.0,0.0,0.0,0.0,12.0,12.0,1.433566689491272,0.9445217231909433,3.8,11.33426067829132,11.048070713877678,2.454939707330035,0.0,0.1,0.0,0.0,0.0,0.0,0.00880889892578125,0.0,1,0.0,0.0
2024-04-27,63752.0,63517.0,63787.0,62528.0,19190483386.063873,1249495302303.4912,1.0,0.0,lower,-0.0857,-0.004476951217387518,865.0,885.0,4.0,12.0,12.0,1.323335886001587,0.8824684396386147,4.0,10.589621275663376,3.1887039300183715,2.175076201784469,2.434731364753509,0.26185654307528633,0.12954694032669067,0.0,0.0,0.0,0.0,0.0,0.0,0.0,0.0,0.0,0.0,0.0,12.0,12.0,1.3777252912521363,0.9323229536414146,3.8,11.187875443696976,11.048486298322677,2.456995816957247,0.0,0.1,0.0,0.0,0.0,0.0,0.00880889892578125,0.0,1,0.0,0.0
2024-04-28,63395.0,63030.0,64258.0,62837.0,16180294651.046635,1240724751365.882,1.0,0.0,lower,-0.078,-0.007696783079383259,866.0,886.0,4.0,12.0,12.0,1.17673921585083,0.8445536096890768,3.0,10.134643316268921,3.0374114634726634,2.0635023519456404,2.4401281197345694,0.23569379902197854,0.2884571850299835,2.0,2.0,0.2461249828338623,0.14947277307510376,1.0,0.2989455461502075,0.2517290588788371,0.24693324270330014,0.46633643846523115,0.09665220975875854,0.2989455461502075,12.0,12.0,1.291220736503601,0.9023643111189207,3.8,10.828371733427048,11.05305840075016,2.4548751816072585,0.4,0.2,0.04922499656677246,0.029894554615020753,0.2,0.05978910923004151,0.029894554615020753,0.09326728769304624,1,0.0,0.0
2024-04-29,63133.0,63798.0,64110.0,61890.0,27242983698.21234,1257159131219.0603,1.0,0.0,lower,-0.049,0.012111038371985319,867.0,887.0,4.0,12.0,12.0,1.3500663042068481,0.9145109057426453,3.0,10.974130868911743,3.3698859933921663,2.3223678539730614,2.40946243571452,0.3316837409081511,0.8027383685112,1.0,1.0,0.27319931983947754,0.27319931983947754,0.0,0.27319931983947754,0.27319931983947754,0.27319931983947754,-0.0,0.0,0.21441404119083435,12.0,12.0,1.2970921754837037,0.9018474305669466,3.6,10.82216916680336,11.101415807008744,2.443957989014017,0.6,0.3,0.10386486053466797,0.08453441858291626,0.2,0.11442897319793702,0.05721448659896851,0.09326728769304624,1,1.0,1.0
2024-04-30,63827.0,60749.0,64555.0,59131.0,39533113322.04938,1197773959985.8767,1.0,1.0,upper,0.0523,-0.04897122071717829,868.0,888.0,4.0,12.0,12.0,1.3459135293960571,0.9176123589277267,3.0,11.011348307132721,3.38597849158797,2.335975072422131,2.4078986394913926,0.3367369213512555,0.08402782678604126,1.0,1.0,0.27235889434814453,0.27235889434814453,0.0,0.27235889434814453,0.27235889434814453,0.27235889434814453,-0.0,0.0,0.005592016030983965,12.0,12.0,1.3015588998794556,0.8985836312174798,3.4,10.783003574609756,11.109822726249694,2.4321347525986967,0.8,0.4,0.15833663940429688,0.13900619745254517,0.2,0.1689007520675659,0.08445037603378296,0.09326728769304624,1,1.0,1.0
2024-05-01,60570.0,58298.0,60693.0,56637.0,51109380171.692604,1151677489315.1536,1.0,1.0,upper,0.075,-0.041182833729144164,869.0,889.0,4.0,12.0,12.0,1.33305025100708,0.9119190697868665,3.0,10.943028837442398,3.365022929649313,2.321054383203281,2.4077167588525197,0.3346917286815732,0.07830336689949036,1.0,1.0,0.26975584030151367,0.26975584030151367,0.0,0.26975584030151367,0.26975584030151367,0.26975584030151367,-0.0,0.0,0.017321467718329805,12.0,12.0,1.3058210372924806,0.894212876756986,3.2,10.730554521083832,11.032407599687577,2.419987463709302,1.0,0.5,0.2122878074645996,0.1929573655128479,0.2,0.22285192012786864,0.11142596006393432,0.09326728769304624,1,1.0,1.0
2024-05-02,58306.0,59135.0,59633.0,56990.0,28255509745.49032,1164721402399.166,1.0,1.0,upper,0.0608,0.014255178252398557,870.0,890.0,4.0,12.0,12.0,1.4243934154510498,0.9491827487945557,3.0,11.390192985534668,3.492775407467647,2.406203789005446,2.4115654904472743,0.34011093284649113,0.47967806458473206,1.0,1.0,0.28824007511138916,0.28824007511138916,0.0,0.28824007511138916,0.28824007511138916,0.28824007511138916,-0.0,0.0,0.12300142089362794,12.0,12.0,1.326032543182373,0.9075557385881743,3.0,10.89066886305809,11.039272153377533,2.415354288848055,1.2,0.6,0.2699358224868774,0.2506053805351257,0.2,0.2804999351501465,0.14024996757507324,0.09326728769304624,1,1.0,1.0
2024-05-03,59102.0,62839.0,63160.0,58842.0,33591665812.212433,1239817041554.716,1.0,0.0,time,-0.0262,0.06075293412678444,871.0,891.0,4.0,12.0,12.0,1.5222573280334473,0.9417134275039037,5.0,11.300561130046844,3.552275406005385,2.4853831025181363,2.380985237158433,0.4058705053767068,0.4690675735473633,1.0,1.0,0.07569146156311035,0.07569146156311035,0.0,0.07569146156311035,0.07569146156311035,0.07569146156311037,-0.0,0.0,0.38302454855591617,12.0,12.0,1.3951361656188965,0.9269877021511397,3.4,11.123852425813675,10.97611207962036,2.403525712332828,1.0,0.7,0.23584911823272706,0.23584911823272706,0.0,0.23584911823272706,0.1478191137313843,-0.0,1,0.0,0.0
2024-05-04,62889.0,63820.0,64349.0,62660.0,20510614461.479218,1257549583083.3145,1.0,0.0,time,-0.0106,0.01549072102023268,872.0,892.0,4.0,12.0,12.0,1.5832312107086182,0.9502105837066969,5.0,11.402527004480362,3.5909002987823753,2.5168439589103784,2.3791104876783473,0.41430294020365244,0.09086737036705017,0.0,0.0,0.0,0.0,0.0,0.0,0.0,0.0,0.0,0.0,0.07569146156311035,12.0,12.0,1.4417691469192504,0.9341276377439499,3.8,11.2095316529274,11.01585040986538,2.3974553227255937,0.8,0.7,0.18120925426483153,0.18120925426483153,0.0,0.18120925426483153,0.1478191137313843,0.0,1,0.0,0.0
2024-05-05,63917.0,64010.0,64509.0,63005.0,18115695040.201984,1259667234461.2874,1.0,0.0,time,-0.05,0.002972700303814642,873.0,893.0,4.0,12.0,12.0,1.6303907632827759,0.9807693039377531,5.0,11.769231647253036,3.7067672481590344,2.597779638371687,2.3788522245675496,0.4279040294920079,0.25402969121932983,0.0,0.0,0.0,0.0,0.0,0.0,0.0,0.0,0.0,0.0,0.0,12.0,12.0,1.4986645936965943,0.9467590267459552,4.2,11.361108320951463,11.072055947780608,2.3916460397408246,0.6,0.7,0.12673747539520264,0.12673747539520264,0.0,0.12673747539520264,0.1478191137313843,0.0,1,0.0,0.0
2024-05-06,64028.0,63172.0,65489.0,62861.0,17917770174.27797,1244417948315.7583,1.0,0.0,time,-0.0386,-0.013178156146103905,874.0,894.0,4.0,12.0,12.0,1.6300790309906006,0.9133499438563982,5.0,10.96019932627678,3.489478309797243,2.4772189106533813,2.371432078399868,0.4248491335399343,0.020329535007476807,0.0,0.0,0.0,0.0,0.0,0.0,0.0,0.0,0.0,0.0,0.0,12.0,12.0,1.5580703496932984,0.9470452015598616,4.6,11.364542418718338,11.047548469901084,2.384389103650294,0.4,0.7,0.07278630733489991,0.07278630733489991,0.0,0.07278630733489991,0.1478191137313843,0.0,1,0.0,0.0
2024-05-07,63159.0,62363.0,64413.0,62303.0,19925137720.849453,1229336706399.346,1.0,0.0,time,-0.0138,-0.012889014213988168,875.0,895.0,4.0,12.0,12.0,1.5049552917480469,0.9158506542444229,5.0,10.990207850933075,3.4778414746614676,2.4494401746880166,2.375750985545008,0.41129797312048216,0.3280465304851532,1.0,1.0,0.15265285968780518,0.15265285968780518,0.0,0.15265285968780518,0.15265285968780518,0.15265285968780518,-0.0,0.0,0.15265285968780518,12.0,12.0,1.5741827249526978,0.940378782649835,5.0,11.28454539179802,11.087607127428054,2.377226202669841,0.4,0.8,0.04566886425018311,0.04566886425018311,0.0,0.04566886425018311,0.1630843997001648,-0.0,1,1.0,1.0
2024-05-08,62333.0,61216.0,62947.0,60842.0,20303831135.373127,1203918522476.5405,1.0,1.0,time,0.0268,-0.01856355753597771,876.0,896.0,4.0,12.0,12.0,1.6811537742614746,0.9324008921782175,5.0,11.18881070613861,3.5700461097433958,2.5334580268112097,2.367210050597878,0.4390114027445756,0.06903094053268433,1.0,1.0,0.15224766731262207,0.15224766731262207,0.0,0.15224766731262207,0.15224766731262207,0.1522476673126221,-0.0,0.0,0.006375420160618336,12.0,12.0,1.6059620141983033,0.9385162755846977,5.0,11.262195307016373,11.193023866415023,2.37447116535773,0.4,0.7,0.06098010540008545,0.06098010540008545,0.0,0.06098010540008545,0.14841461181640625,-0.0,1,1.0,1.0
2024-05-09,61188.0,63149.0,63337.0,60687.0,25837724247.550426,1240910691253.6274,1.0,0.0,time,-0.0253,0.031088420100530468,877.0,897.0,4.0,12.0,12.0,1.681307315826416,1.0307858511805534,4.0,12.369430214166641,3.8732714465028764,2.710237347648717,2.3878560077619317,0.43320492132921995,0.028630375862121582,1.0,1.0,0.15226149559020996,0.15226149559020996,0.0,0.15226149559020996,0.15226149559020996,0.15226149559021,-0.0,0.0,0.00021870795261531148,12.0,12.0,1.6255772352218627,0.9546313290794689,4.8,11.455575948953628,11.332553800940513,2.376220269374447,0.6,0.7,0.09143240451812744,0.09143240451812744,0.0,0.09143240451812744,0.1363208293914795,-0.0,1,1.0,1.0
2024-05-10,63065.0,60888.0,63458.0,60321.0,23987518755.480534,1199393711200.297,1.0,1.0,upper,0.084,-0.03646090239328238,878.0,898.0,4.0,12.0,12.0,1.6370017528533936,0.9649255548914274,5.0,11.579106658697128,3.620908340705658,2.5362749492922774,2.3910843861264244,0.4018707601125697,0.3694203495979309,1.0,1.0,0.14824914932250977,0.14824914932250977,0.0,0.14824914932250977,0.14824914932250977,0.1482491493225098,-0.0,0.0,0.06311363275225874,12.0,12.0,1.6268994331359863,0.951462579270204,4.8,11.417550951242447,11.389329636096955,2.378666701686222,0.8,0.7,0.1210822343826294,0.1210822343826294,0.0,0.1210822343826294,0.12390985488891601,-0.0,1,1.0,1.0
2024-05-11,60790.0,60777.0,61427.0,60532.0,12120618802.065384,1197102943502.2341,1.0,1.0,upper,0.0858,-0.0018246830361661258,879.0,899.0,4.0,12.0,12.0,1.233276128768921,0.9626208891471227,6.0,11.551450669765472,3.4372206483751304,2.3296853138493674,2.4520026893933546,0.24062731746894178,1.1852807700634003,1.0,1.0,0.20419621467590332,0.20419621467590332,0.0,0.20419621467590332,0.20419621467590332,0.20419621467590335,-0.0,0.0,0.07226705502419174,12.0,12.0,1.5475388526916505,0.9613167683283488,5.0,11.535801219940186,11.450171819329261,2.3947808238849193,1.0,0.7,0.16192147731781006,0.16192147731781006,0.0,0.16192147731781006,0.11735389232635499,-0.0,1,1.0,1.0
2024-05-12,60795.0,61507.0,61759.0,60698.0,13045696108.912676,1211277523448.5786,-1.0,0.0,upper,0.0738,0.01193956154462499,880.0,900.0,4.0,12.0,12.0,1.2507764101028442,0.9822038412094116,6.0,11.78644609451294,3.4859431839097117,2.352368622894812,2.458922449189917,0.2189191732901098,0.1115618348121643,1.0,1.0,0.20709383487701416,0.20709383487701416,0.0,0.20709383487701416,0.20709383487701416,0.2070938348770142,-0.0,0.0,0.03226354733755232,12.0,12.0,1.49670307636261,0.9745874057213465,5.2,11.695048868656158,11.489797130227089,2.4114151166139015,1.0,0.7,0.17280967235565187,0.17280967235565187,0.0,0.17280967235565187,0.10923926830291748,-0.0,-1,1.0,-1.0
2024-05-13,61484.0,62879.0,63340.0,60777.0,27740460083.601814,1238994152713.125,1.0,1.0,upper,0.0518,0.0220612552130548,881.0,901.0,4.0,12.0,12.0,1.3926581144332886,0.9888381510972977,5.0,11.866057813167572,3.6166218926471636,2.483078395889081,2.419731085940553,0.33495562462169104,0.6156070232391357,0.0,0.0,0.0,0.0,0.0,0.0,0.0,0.0,0.0,0.0,0.20709383487701416,12.0,12.0,1.4390039443969727,0.9858748575051626,5.2,11.83049829006195,11.546346798539162,2.4219193236824363,0.8,0.6,0.14236013889312743,0.14236013889312743,0.0,0.14236013889312743,0.10167012214660645,0.0,1,0.0,0.0
2024-05-14,62905.0,61569.0,63088.0,61109.0,21581895152.31416,1212998352772.157,1.0,1.0,upper,0.0728,-0.021053747571523763,882.0,902.0,4.0,12.0,12.0,1.5609745979309082,1.026522325972716,4.0,12.318267911672592,3.8215368569660044,2.657504874970391,2.3996117922364673,0.4040592902558144,0.6527788043022156,0.0,0.0,0.0,0.0,0.0,0.0,0.0,0.0,0.0,0.0,0.0,12.0,12.0,1.414937400817871,0.9850221524635951,5.2,11.82026582956314,11.637920889258385,2.424270480577343,0.6,0.6,0.11190783977508545,0.11190783977508545,0.0,0.11190783977508545,0.10167012214660645,0.0,1,0.0,0.0
2024-05-15,61540.0,66221.0,66413.0,61377.0,38101793065.15294,1307048849176.4167,1.0,1.0,upper,0.0757,0.07283913606789016,883.0,903.0,4.0,12.0,12.0,1.5477546453475952,0.9637324859698614,4.0,11.564789831638336,3.611993657772142,2.5253125824168823,2.392158493015978,0.39802999568943614,0.35538095235824585,0.0,0.0,0.0,0.0,0.0,0.0,0.0,0.0,0.0,0.0,0.0,12.0,12.0,1.3970879793167115,0.9847835386792818,5.0,11.817402464151382,11.617476707696914,2.424485301955254,0.4,0.6,0.08225800991058349,0.08225800991058349,0.0,0.08225800991058349,0.10167012214660645,0.0,1,0.0,0.0
2024-05-16,66229.0,65261.0,66568.0,64596.0,29114585833.349678,1286278919684.0837,1.0,1.0,upper,0.0903,-0.014603018813100575,884.0,904.0,4.0,12.0,12.0,1.5072219371795654,0.9770147825280825,4.0,11.72417739033699,3.6037359190500644,2.493851349573384,2.4110197413484094,0.35733014040599953,0.29379376769065857,1.0,1.0,0.15968632698059082,0.15968632698059082,0.0,0.15968632698059082,0.15968632698059082,0.15968632698059082,-0.0,0.0,0.15968632698059082,12.0,12.0,1.4518771409988402,0.9876623173554739,4.6,11.851947808265686,11.693874514102935,2.4162887123462644,0.4,0.7,0.073356032371521,0.073356032371521,0.0,0.073356032371521,0.11763875484466553,-0.0,1,1.0,1.0
2024-05-17,65216.0,67053.0,67422.0,65157.0,25397793918.993534,1319238394090.13,1.0,1.0,upper,0.0632,0.02708873708619805,885.0,905.0,4.0,12.0,12.0,1.6880993843078613,0.9209359710415205,5.0,11.051231652498245,3.4488686109633027,2.421654079637622,2.3953608390141237,0.378287582687837,0.9422464072704315,2.0,2.0,0.14237523078918457,0.0907672643661499,1.0,0.1815345287322998,0.14766230716628817,0.14335590911049287,0.521427821607934,0.05160796642303467,3.132867183833692,12.0,12.0,1.5393417358398438,0.9754087433218956,4.4,11.704904919862747,11.699976894259454,2.4035763903111063,0.6,0.8,0.06041231155395508,0.05009071826934815,0.2,0.06824417114257812,0.12052692174911499,0.1042855643215868,1,0.0,0.0
2024-05-18,67059.0,66913.0,67377.0,66693.0,13025487675.845129,1319928522881.6436,1.0,1.0,upper,0.0653,-0.0020900833191291155,886.0,906.0,4.0,12.0,12.0,1.5542042255401611,0.8606793060898781,5.0,10.328151673078537,3.2049244644614987,2.240694694822238,2.401340873526706,0.33940074736310066,0.62327441573143,2.0,2.0,0.13070368766784668,0.08332645893096924,1.0,0.16665291786193848,0.13555737206630195,0.1316039806035729,0.5214284743301308,0.04737722873687744,0.3463783082926998,12.0,12.0,1.5716509580612184,0.9497769743204116,4.4,11.39732369184494,11.613910990953446,2.3998983478283367,1.0,0.9,0.08655304908752441,0.06675601005554199,0.4,0.10157475471496583,0.12196744680404663,0.20857125918761293,1,0.0,0.0
2024-05-19,66940.0,66253.0,67698.0,66000.0,9072734600.009218,1304727108597.6987,1.0,1.0,upper,0.0752,-0.009912521276984262,887.0,907.0,4.0,12.0,12.0,1.7500507831573486,0.8985541065533956,2.0,10.782649278640747,3.4662495142937937,2.498941760156519,2.3650810236519253,0.44027376961143067,0.35684874653816223,2.0,2.0,0.12430286407470703,0.1231151819229126,1.0,0.2462303638458252,0.17411926147790519,0.1551298434347355,0.6931006483179065,0.0011876821517944336,0.21347518478410582,12.0,12.0,1.6094661951065063,0.9241833304365477,4.0,11.090199965238572,11.455232897400856,2.3929921941114283,1.4,1.0,0.11141362190246581,0.09137904644012451,0.6,0.15082082748413086,0.13136433362960814,0.34719138885119427,1,0.0,0.0
2024-05-20,66273.0,71430.0,71619.0,66118.0,35923476641.4359,1406288649446.611,1.0,,,,0.07523720230692657,888.0,908.0,4.0,12.0,12.0,1.7534376382827759,0.8599581445256869,3.0,10.319497734308243,3.305119555129473,2.384872981900187,2.373251872366433,0.4132673821376118,1.0774906277656555,2.0,2.0,0.09911668300628662,0.09816968441009521,1.0,0.19633936882019043,0.13883935856607002,0.12369756049493037,0.6931006518918459,0.0009469985961914062,1.0344780318099724,12.0,12.0,1.6506027936935426,0.9034284621477127,3.8,10.841141545772553,11.329272004961968,2.389210869981519,1.8,1.1,0.13123695850372313,0.11101298332214356,0.8,0.19008870124816896,0.1361733555793762,0.48581151922956345,1,0.0,0.0
2024-05-21,71464.0,70190.0,71650.0,69212.0,41105056578.01701,1382275470797.567,1.0,,,,-0.017512098424550978,889.0,909.0,4.0,12.0,12.0,1.3883050680160522,0.8201758190989494,4.0,9.842109829187393,3.0898258810772545,2.1781472666476427,2.389280085919693,0.3505666228359502,0.8085300326347351,2.0,2.0,0.22468781471252441,0.15682506561279297,1.0,0.31365013122558594,0.24165865976550446,0.229243586402258,0.5963542276528043,0.06786274909973145,0.2994110303662352,12.0,12.0,1.6268194198608399,0.872060669461886,3.8,10.464728033542633,11.15833792090416,2.3848629388957763,2.0,1.2,0.14423725605010987,0.11044073104858398,1.0,0.22088146209716797,0.14711874723434448,0.6050823647601243,1,0.0,0.0
2024-05-22,70139.0,69181.0,70585.0,69030.0,31059440495.91766,1362228629448.754,1.0,,,,-0.01447959229296992,890.0,910.0,4.0,12.0,12.0,1.29450523853302,0.7715063902239004,4.0,9.258076682686806,2.8982871881805674,2.0422072052092197,2.393970173084583,0.3237029635452668,0.19930939376354218,0.0,0.0,0.0,0.0,0.0,0.0,0.0,0.0,0.0,0.0,0.31365013122558594,12.0,12.0,1.5481005907058716,0.842174753298362,3.6,10.106097039580344,10.905500979721547,2.384584805709868,1.6,1.1,0.11576220989227295,0.09228727817535401,0.8,0.18457455635070802,0.12640936374664308,0.5007968004385376,1,0.0,0.0
2024-05-23,69125.0,67906.0,70029.0,66725.0,39235702119.25446,1336347300306.381,1.0,,,,-0.01860186254568336,891.0,911.0,4.0,12.0,12.0,1.3478118181228638,0.8122408327956995,4.0,9.746889993548393,3.062859260197978,2.164503178833313,2.3899126692290933,0.34931895671586066,0.37806323170661926,1.0,1.0,0.07309460639953613,0.07309460639953613,0.0,0.07309460639953613,0.07309460639953613,0.07309460639953615,-0.0,0.0,0.07309460639953613,12.0,12.0,1.506822109222412,0.8324870586395263,3.4,9.989844703674317,10.693584197759629,2.3822991648503455,1.4,1.2,0.10424039363861085,0.09024090766906738,0.6,0.16586289405822754,0.13371882438659669,0.39651110557251135,1,0.0,0.0
2024-05-24,67938.0,68540.0,69180.0,66666.0,28127411967.182774,1350764328536.3708,1.0,,,,0.009293120542785931,892.0,912.0,4.0,12.0,12.0,1.654667854309082,0.8870526390771071,4.0,10.644631668925285,3.377151878976031,2.4001836029269183,2.377330435202357,0.40443439926925634,0.1624389886856079,1.0,1.0,0.07138144969940186,0.07138144969940186,0.0,0.07138144969940186,0.07138144969940186,0.07138144969940187,-0.0,0.0,0.05088996507501348,12.0,12.0,1.4877455234527588,0.8301867651442688,3.8,9.962241181731224,10.526220573484897,2.3847490471604322,1.2,1.3,0.09365611076354981,0.07989416122436524,0.4,0.13089311122894287,0.14085696935653685,0.25789097590893,1,0.0,0.0
2024-05-25,68517.0,69268.0,69572.0,68514.0,15929396750.116022,1363997851294.8164,1.0,,,,0.010565522643441657,893.0,913.0,4.0,12.0,12.0,1.2917797565460205,0.8793549239635468,4.0,10.552259087562561,3.216571351510674,2.2262623383536586,2.4268908622290573,0.2982099752093009,0.8203287869691849,2.0,2.0,0.06885802745819092,0.04247766733169556,1.0,0.08495533466339111,0.07071457589982114,0.06915003151825463,0.4854675737579305,0.02638036012649536,2.1204509967015537,12.0,12.0,1.3954139471054077,0.8340661210318405,4.0,10.008793452382088,10.42496749907732,2.395476845132957,1.2,1.5,0.08760437965393067,0.0687557578086853,0.4,0.108616304397583,0.149352502822876,0.21636436028214695,1,0.0,0.0
2024-05-26,69305.0,68509.0,69441.0,68309.0,11243743771.147913,1349351520129.172,1.0,,,,-0.011017915590908704,894.0,914.0,4.0,12.0,12.0,1.2614010572433472,0.802630697687467,3.0,9.631568372249603,2.971676220251903,2.076908618400581,2.413696408069886,0.30280179374845684,0.18959194421768188,1.0,1.0,0.06762814521789551,0.06762814521789551,0.0,0.06762814521789551,0.06762814521789551,0.06762814521789552,-0.0,0.0,0.29939601812686206,12.0,12.0,1.3700331449508667,0.8305570967495441,3.8,9.96668516099453,10.215706597268582,2.400360109562995,1.0,1.5,0.056192445755004886,0.05091637372970581,0.2,0.05941190719604492,0.14014668464660646,0.09709351475158609,1,0.0,0.0
2024-05-27,68506.0,69367.0,70602.0,68256.0,18983806932.464344,1366931305389.0393,1.0,,,,0.012446126602965369,895.0,915.0,4.0,12.0,12.0,1.2252304553985596,0.6916945402820905,3.0,8.300334483385086,2.5443074363691314,1.7793965783003463,2.424330325228372,0.24701624205886924,0.14160951972007751,1.0,1.0,0.06644666194915771,0.06644666194915771,0.0,0.06644666194915771,0.06644666194915771,0.06644666194915773,-0.0,0.0,0.03509458355139049,12.0,12.0,1.3561781883239745,0.8145947267611822,3.6,9.775136721134185,9.940616880357265,2.406432139991753,1.2,1.4,0.06948177814483643,0.06420570611953735,0.2,0.07270123958587646,0.12863789796829223,0.09709351475158609,1,0.0,0.0
2024-05-28,69401.0,68317.0,69466.0,67201.0,31278122196.184998,1347542673428.3018,1.0,,,,-0.015252612592788917,896.0,916.0,4.0,12.0,12.0,1.35779869556427,0.7783884728948275,3.0,9.34066167473793,2.8888502810019236,2.0292199301756364,2.41305636239996,0.29927587178866627,0.10984441637992859,1.0,1.0,0.06733524799346924,0.06733524799346924,0.0,0.06733524799346924,0.06733524799346924,0.06733524799346925,-0.0,0.0,0.026395452745274724,12.0,12.0,1.358175563812256,0.8078242547810077,3.4,9.693891057372094,9.841867880523205,2.411060878625926,1.2,1.3,0.06832990646362305,0.06305383443832398,0.2,0.07154936790466308,0.11870613098144531,0.09709351475158609,1,0.0,0.0
2024-05-29,68302.0,67577.0,68831.0,67123.0,24320692137.62038,1331734029835.3335,1.0,,,,-0.010890949040277735,897.0,917.0,4.0,12.0,12.0,1.305162787437439,0.7862812951207161,4.0,9.435375541448593,2.88048475736668,1.9991439569733278,2.4259082312148683,0.27054468773526347,0.3152592182159424,1.0,1.0,0.07078158855438232,0.07078158855438232,0.0,0.07078158855438232,0.07078158855438232,0.07078158855438234,-0.0,0.0,0.10237656043596748,12.0,12.0,1.2882745504379272,0.7876699859897296,3.4,9.452039831876755,9.70714050680399,2.4207764378284287,1.2,1.2,0.06820993423461914,0.06293386220932007,0.2,0.07142939567565917,0.10116125345230102,0.09709351475158609,1,0.0,0.0
2024-05-30,67567.0,68372.0,69467.0,67121.0,25344376897.716885,1346147846430.124,1.0,,,,0.011695695625127171,898.0,918.0,4.0,12.0,12.0,1.4941540956497192,0.7562915335098902,3.0,9.075498402118683,2.824872176413685,2.0074136518208605,2.410046841909304,0.3049836346936358,0.33891114592552185,0.0,0.0,0.0,0.0,0.0,0.0,0.0,0.0,0.0,0.0,0.07078158855438232,12.0,12.0,1.328749418258667,0.7630573078989983,3.2,9.15668769478798,9.582740573585033,2.417407633764478,0.8,1.0,0.054438328742980956,0.054438328742980956,0.0,0.054438328742980956,0.08152731657028198,0.0,1,0.0,0.0
2024-05-31,68363.0,67475.0,69009.0,66722.0,19685305476.459476,1331606411822.8157,1.0,,,,-0.013206225189953243,899.0,919.0,4.0,12.0,12.0,1.241499662399292,0.7146584565440813,3.0,8.575901478528976,2.6096907605499946,1.8166807944435095,2.4329847165820504,0.23833543441621421,0.6261342465877533,0.0,0.0,0.0,0.0,0.0,0.0,0.0,0.0,0.0,0.0,0.0,12.0,12.0,1.324769139289856,0.7454628596703211,3.2,8.945554316043854,9.456119738519192,2.421265295466911,0.6,0.8,0.04091269969940185,0.04091269969940185,0.0,0.04091269969940185,0.05016230344772339,0.0,1,0.0,0.0
2024-06-01,67481.0,67704.0,67817.0,67409.0,10724053324.55672,1333649555935.3525,1.0,,,,0.0033881034637365456,900.0,920.0,4.0,12.0,12.0,1.4087051153182983,0.7223647211988767,4.0,8.66837665438652,2.6749801470025485,1.8893540396646034,2.4194182056372684,0.2729147152599457,0.5291939377784729,0.0,0.0,0.0,0.0,0.0,0.0,0.0,0.0,0.0,0.0,0.0,12.0,12.0,1.3614640712738038,0.7515968958536784,3.4,9.01916275024414,9.397149735689164,2.4202828715486904,0.4,0.8,0.027623367309570313,0.027623367309570313,0.0,0.027623367309570313,0.05016230344772339,0.0,1,0.0,0.0
2024-06-02,67729.0,67740.0,68353.0,67374.0,16137350587.750422,1335930570689.7126,1.0,,,,0.000531585021820729,901.0,921.0,4.0,12.0,12.0,1.6291085481643677,0.777058074871699,3.0,9.324696898460388,2.901293847377848,2.0741103976804407,2.413681551157591,0.3124733279488056,0.5775282382965088,0.0,0.0,0.0,0.0,0.0,0.0,0.0,0.0,0.0,0.0,0.0,12.0,12.0,1.4157260417938233,0.7513308162490526,3.4,9.015969794988631,9.354930426180363,2.4204079093002164,0.2,0.7,0.014156317710876465,0.014156317710876465,0.0,0.014156317710876465,0.04285284280776978,0.0,1,0.0,0.0
2024-06-03,67750.0,68808.0,70188.0,67566.0,29862293749.910686,1355484820107.0864,1.0,,,,0.01564316985955274,902.0,922.0,4.0,12.0,12.0,2.4588820934295654,0.891088197628657,2.0,10.693058371543884,3.578846061093559,2.754330821697858,2.349055077679251,0.5227874821225018,0.8225584626197815,0.0,0.0,0.0,0.0,0.0,0.0,0.0,0.0,0.0,0.0,0.0,12.0,12.0,1.6464699029922485,0.7722921967506409,3.0,9.26750636100769,9.359773096442222,2.4050372785930927,0.0,0.6,0.0,0.0,0.0,0.0,0.03571469783782959,0.0,1,0.0,0.0
2024-06-04,68810.0,70600.0,71018.0,68544.0,31561053725.144592,1390853496950.4385,1.0,,,,0.025710127250018054,903.0,923.0,4.0,12.0,12.0,1.5694471597671509,1.0375064859787624,3.0,12.450077831745148,3.7682331986351527,2.5973403628081924,2.4353209681313244,0.3269231481964477,1.294865369796753,0.0,0.0,0.0,0.0,0.0,0.0,0.0,0.0,0.0,0.0,0.0,12.0,12.0,1.661528515815735,0.8285351872444153,3.0,9.942422246932983,9.54955497086048,2.410092103837497,0.0,0.4,0.0,0.0,0.0,0.0,0.027219164371490478,0.0,1,0.0,0.0
2024-06-05,70542.0,71185.0,71741.0,70409.0,32560403314.989147,1400297735227.1965,1.0,,,,0.008251977566512705,904.0,924.0,4.0,12.0,12.0,1.5103462934494019,0.9446011185646057,3.0,11.335213422775269,3.4196008515896295,2.356485793403682,2.440181418904819,0.2867075609208894,0.29871928691864014,0.0,0.0,0.0,0.0,0.0,0.0,0.0,0.0,0.0,0.0,0.0,12.0,12.0,1.7152978420257567,0.8745237196485203,3.0,10.494284635782241,9.719919475913049,2.4115314443020504,0.0,0.3,0.0,0.0,0.0,0.0,0.020456349849700926,0.0,1,0.0,0.0
2024-06-06,71054.0,70760.0,71595.0,70066.0,23612879689.560955,1394881646977.521,1.0,,,,-0.005988252774124593,905.0,925.0,4.0,12.0,12.0,1.3604596853256226,0.9138572613398234,4.0,10.96628713607788,3.268706798835127,2.2245096743201938,2.4516980214551296,0.23502180883000262,0.5706383585929871,1.0,1.0,0.1343986988067627,0.1343986988067627,0.0,0.1343986988067627,0.1343986988067627,0.1343986988067627,-0.0,0.0,0.1343986988067627,12.0,12.0,1.7056487560272218,0.9128222276767095,3.0,10.953866732120513,9.986514741182328,2.417987407465623,0.2,0.3,0.02687973976135254,0.02687973976135254,0.0,0.02687973976135254,0.027251553535461426,-0.0,1,1.0,1.0
2024-06-07,70774.0,69325.0,71931.0,68856.0,18597495569.911568,1366366925856.506,1.0,,,,-0.02048827778974284,906.0,926.0,4.0,12.0,12.0,1.4055395126342773,0.9089026500781378,5.0,10.906831800937653,3.2863765392842788,2.255399853999868,2.439741474962411,0.271879634846221,0.23908424377441406,2.0,2.0,0.25200533866882324,0.16292428970336914,1.0,0.3258485794067383,0.2626014373918505,0.2541013055728506,0.5351577579262529,0.0890810489654541,1.9292198068232271,12.0,12.0,1.6609349489212035,0.9391911427179973,3.4,11.270293712615967,10.1431317538023,2.423199392226587,0.6,0.4,0.07728080749511719,0.05946459770202637,0.2,0.0920494556427002,0.05310288667678833,0.10703155158525057,1,0.0,0.0
2024-06-08,69339.0,69315.0,69544.0,69206.0,10688301508.476225,1366065699664.3162,1.0,,,,-0.00014425851150236686,907.0,927.0,4.0,12.0,12.0,1.533944010734558,1.0086054752270381,4.0,12.103265702724457,3.6950662922924833,2.562211753279939,2.4255965602239162,0.34714248378014834,0.4660002589225769,0.0,0.0,0.0,0.0,0.0,0.0,0.0,0.0,0.0,0.0,0.3258485794067383,12.0,12.0,1.475947332382202,0.9626945982376733,3.8,11.552335178852081,10.409920769929887,2.43850768873552,0.6,0.3,0.07728080749511719,0.05946459770202637,0.2,0.0920494556427002,0.0460247278213501,0.10703155158525057,1,0.0,0.0
2024-06-09,69305.0,69654.0,69829.0,69158.0,10461044041.080194,1372556186704.501,1.0,,,,0.004878795593614256,908.0,928.0,4.0,12.0,12.0,1.7185760736465454,1.0431664288043976,4.0,12.517997145652771,3.8439986637857397,2.685032055180864,2.4210391049363906,0.37837055789401186,0.7094765901565552,0.0,0.0,0.0,0.0,0.0,0.0,0.0,0.0,0.0,0.0,0.0,12.0,12.0,1.505773115158081,0.9638265868028005,4.0,11.565919041633606,10.754170644283295,2.4356513160965334,0.6,0.3,0.07728080749511719,0.05946459770202637,0.2,0.0920494556427002,0.0460247278213501,0.10703155158525057,1,0.0,0.0
2024-06-10,69649.0,69493.0,70127.0,69240.0,19335866773.67523,1369378888543.5317,1.0,,,,-0.002314100510209583,909.0,929.0,4.0,12.0,12.0,1.909739375114441,1.0386489282051723,3.0,12.463787138462067,3.9639862831305104,2.831811625229479,2.377607795743606,0.48025063769746,0.8047411441802979,0.0,0.0,0.0,0.0,0.0,0.0,0.0,0.0,0.0,0.0,0.0,12.0,12.0,1.585651731491089,0.9826361487309139,4.0,11.791633784770966,11.142959210276604,2.423136591464291,0.6,0.3,0.07728080749511719,0.05946459770202637,0.2,0.0920494556427002,0.0460247278213501,0.10703155158525057,1,0.0,0.0
2024-06-11,69520.0,67329.0,69543.0,66208.0,38513044382.60802,1327665028180.2761,1.0,,,,-0.03163497784725697,910.0,930.0,4.0,12.0,12.0,1.8672521114349365,0.959890753030777,2.0,11.518689036369324,3.6783620132421952,2.653748548637329,2.378044988710458,0.4540249632835247,0.5102443695068359,0.0,0.0,0.0,0.0,0.0,0.0,0.0,0.0,0.0,0.0,0.0,12.0,12.0,1.6870102167129517,0.9918428470691045,3.6,11.902114164829253,11.427990448474883,2.4084059849153565,0.4,0.3,0.05040106773376465,0.032584857940673825,0.2,0.06516971588134765,0.0460247278213501,0.10703155158525057,1,0.0,0.0
2024-06-12,67289.0,68225.0,69945.0,66910.0,36027809551.45211,1345244310606.6865,1.0,,,,0.013220016367914825,911.0,931.0,4.0,12.0,12.0,1.856162190437317,1.0584811021884282,3.0,12.701773226261139,4.065637733735855,2.9132505005182807,2.3694373682028487,0.5070193337615819,0.12632322311401367,0.0,0.0,0.0,0.0,0.0,0.0,0.0,0.0,0.0,0.0,0.0,12.0,12.0,1.7771347522735597,1.0217585374911626,3.2,12.26110244989395,11.765698081254959,2.394345163563444,0.0,0.3,0.0,0.0,0.0,0.0,0.0460247278213501,0.0,1,0.0,0.0
2024-06-13,68250.0,66700.0,68507.0,66426.0,29654777884.381138,1317161415434.6978,1.0,,,,-0.02260611367282414,912.0,932.0,4.0,12.0,12.0,1.7325234413146973,1.0422586376468341,4.0,12.507103651762009,3.9818662291156257,2.827741963633955,2.3712457645746077,0.48473548229750013,0.6677853167057037,0.0,0.0,0.0,0.0,0.0,0.0,0.0,0.0,0.0,0.0,0.0,12.0,12.0,1.8168506383895875,1.028489169975122,3.2,12.341870039701462,11.947102609276772,2.383475004433582,0.0,0.3,0.0,0.0,0.0,0.0,0.0460247278213501,0.0,1,0.0,0.0
2024-06-14,66746.0,66011.0,67265.0,65019.0,27966992832.749634,1301949410096.3496,1.0,,,,-0.010383558115831696,913.0,933.0,4.0,12.0,12.0,1.5440667867660522,0.9860144555568695,5.0,11.832173466682434,3.7666199825437574,2.6569177068545042,2.365975306021746,0.4583241224007143,0.975603848695755,0.0,0.0,0.0,0.0,0.0,0.0,0.0,0.0,0.0,0.0,0.0,12.0,12.0,1.7819487810134889,1.0170587753256162,3.4,12.204705303907394,11.885312172770501,2.372462244650653,0.0,0.3,0.0,0.0,0.0,0.0,0.0460247278213501,0.0,1,0.0,0.0
2024-06-15,66012.0,66190.0,66438.0,65931.0,13472726244.723091,1304370314917.9756,1.0,,,,0.002707999325085059,914.0,934.0,4.0,12.0,12.0,1.6937540769577026,0.9694889659682909,5.0,11.633867591619492,3.7430507270781574,2.6573408973464248,2.3524800116624585,0.47710258190012,0.53236523270607,0.0,0.0,0.0,0.0,0.0,0.0,0.0,0.0,0.0,0.0,0.0,12.0,12.0,1.738751721382141,1.00322678287824,3.8,12.038721394538879,11.915177589654922,2.3674366878344237,0.0,0.3,0.0,0.0,0.0,0.0,0.0460247278213501,0.0,1,0.0,0.0
2024-06-16,66188.0,66616.0,66993.0,65989.0,12650130203.722813,1313849391756.9756,1.0,,,,0.006415394802686814,915.0,935.0,4.0,12.0,12.0,1.4555506706237793,0.9125071776409944,5.0,10.950086131691933,3.47324859644193,2.447570024551179,2.370906801709836,0.41547398852894885,0.5667593032121658,1.0,1.0,0.21717405319213867,0.21717405319213867,0.0,0.21717405319213867,0.21717405319213867,0.21717405319213867,-0.0,0.0,0.21717405319213867,12.0,12.0,1.6564114332199096,0.9937500678002834,4.4,11.9250008136034,11.913557489216327,2.3660090504342994,0.2,0.3,0.04343481063842773,0.04343481063842773,0.0,0.04343481063842773,0.0543022632598877,-0.0,1,1.0,1.0
2024-06-17,66642.0,66460.0,67179.0,65086.0,29409728999.276093,1309329377372.7744,1.0,,,,-0.0023445260070699514,916.0,936.0,4.0,12.0,12.0,1.41549813747406,0.8614197534819444,5.0,10.337037041783333,3.3156413831560116,2.3551066517551256,2.3589780473702433,0.4172279434383945,0.3206690549850464,1.0,1.0,0.21119797229766846,0.21119797229766846,0.0,0.21119797229766846,0.21119797229766846,0.21119797229766848,-0.0,0.0,0.058547072714495746,12.0,12.0,1.5682786226272583,0.9543377980589867,4.8,11.45205357670784,11.856578013300895,2.3639171862677784,0.4,0.2,0.08567440509796143,0.08567440509796143,0.0,0.08567440509796143,0.04283720254898071,-0.0,1,1.0,1.0
2024-06-18,66469.0,65109.0,66529.0,64149.0,41386972050.31837,1282295865979.065,1.0,,,,-0.02053747441948969,917.0,937.0,4.0,12.0,12.0,1.2893259525299072,0.8188428406914076,5.0,9.82611408829689,3.1174465230522532,2.192623373627054,2.3688458904494607,0.3733217614730062,0.5487618297338486,1.0,1.0,0.19237267971038818,0.19237267971038818,0.0,0.19237267971038818,0.19237267971038818,0.1923726797103882,-0.0,0.0,0.18443295066707305,12.0,12.0,1.4796391248703002,0.9096546386679014,5.0,10.915855664014817,11.62886285185814,2.363437211442749,0.6,0.3,0.12414894104003907,0.12414894104003907,0.0,0.12414894104003907,0.062074470520019534,-0.0,1,1.0,1.0
2024-06-19,65159.0,64907.0,65633.0,64705.0,21680698980.889107,1278699763341.0723,1.0,,,,-0.0031073123697448386,918.0,938.0,4.0,12.0,12.0,1.231722354888916,0.7664725507299105,4.0,9.197670608758926,2.9288155303360415,2.0654788020701043,2.3645662937012664,0.35686112593797215,0.2907384932041168,1.0,1.0,0.17760050296783447,0.17760050296783447,0.0,0.17760050296783447,0.17760050296783447,0.1776005029678345,-0.0,0.0,0.14472265092937645,12.0,12.0,1.417170238494873,0.8657462577025095,4.8,10.388955092430114,11.296830198168754,2.3631554089786526,0.8,0.4,0.15966904163360596,0.15966904163360596,0.0,0.15966904163360596,0.07983452081680298,-0.0,1,1.0,1.0
2024-06-20,64962.0,64845.0,66437.0,64545.0,26001551474.84426,1279317116821.3782,1.0,,,,-0.0009556693495088348,919.0,939.0,4.0,12.0,12.0,1.4338308572769165,0.6668125142653784,3.0,8.00175017118454,2.59447027377857,1.8807726396139002,2.3545112400149812,0.3410289395527482,0.6407181918621063,1.0,1.0,0.16633820533752441,0.16633820533752441,0.0,0.16633820533752441,0.16633820533752441,0.16633820533752441,-0.0,0.0,0.11033731706464787,12.0,12.0,1.365185594558716,0.805210967361927,4.4,9.662531608343125,10.850626501441003,2.363561654649158,1.0,0.5,0.19293668270111083,0.19293668270111083,0.0,0.19293668270111083,0.09646834135055542,-0.0,1,1.0,1.0
2024-06-21,64809.0,64072.0,65000.0,63358.0,24694310198.90943,1263258746635.2896,-1.0,,,,-0.011992355766323664,920.0,940.0,4.0,12.0,12.0,1.3676868677139282,0.6473228422303995,3.0,7.767874106764793,2.466102424123765,1.7749467270845642,2.385367375604557,0.29627391906114503,0.3279668986797333,1.0,1.0,0.1531752347946167,0.1531752347946167,0.0,0.1531752347946167,0.1531752347946167,0.15317523479461673,-0.0,0.0,0.12895831179375922,12.0,12.0,1.3476128339767457,0.752174100279808,4.0,9.026089203357696,10.475545008480548,2.3664537694281016,1.0,0.6,0.18013691902160645,0.18013691902160645,0.0,0.18013691902160645,0.1117858648300171,-0.0,-1,1.0,-1.0
2024-06-22,64121.0,64240.0,64484.0,63912.0,6340606686.24879,1266336092890.8738,-1.0,,,,0.002618618617125161,921.0,941.0,4.0,12.0,12.0,1.2886711359024048,0.650848795970281,2.0,7.810185551643372,2.417836583912665,1.7113345473895252,2.415510545403822,0.2521051176121601,0.4366607517004013,1.0,1.0,0.14432573318481445,0.14432573318481445,0.0,0.14432573318481445,0.14432573318481445,0.14432573318481445,-0.0,0.0,0.08669821653703946,12.0,12.0,1.3222474336624146,0.7100599087774754,3.4,8.520718905329705,9.986386241018772,2.3777602690348174,1.0,0.7,0.16676247119903564,0.16676247119903564,0.0,0.16676247119903564,0.12621843814849854,-0.0,-1,1.0,-1.0
2024-06-23,64260.0,63221.0,64496.0,63221.0,10748270931.518738,1248188877658.2324,-1.0,,,,-0.015989545196950457,922.0,942.0,4.0,12.0,12.0,0.848829984664917,0.5388498157262802,4.0,6.4661977887153625,1.9404330365157727,1.3290463741038723,2.4449216257326962,0.15301712385189337,0.6650227308273315,1.0,1.0,0.1332179307937622,0.1332179307937622,0.0,0.1332179307937622,0.1332179307937622,0.13321793079376223,-0.0,0.0,0.1088233332466398,12.0,12.0,1.2341482400894166,0.6540613037844499,3.2,7.848735645413399,9.382295654714108,2.3929754160914647,1.0,0.8,0.15493152141571045,0.15493152141571045,0.0,0.15493152141571045,0.13954023122787476,-0.0,-1,1.0,-1.0
2024-06-24,63161.0,60363.0,63284.0,59086.0,42036553106.89028,1188964670369.4045,-1.0,,,,-0.046260189987736115,923.0,943.0,4.0,12.0,12.0,1.0495191812515259,0.5071392556031545,2.0,6.085671067237854,1.9008913966828374,1.3586810113931929,2.4078202437549896,0.20958399412052914,0.4397241175174713,0.0,0.0,0.0,0.0,0.0,0.0,0.0,0.0,0.0,0.0,0.1332179307937622,12.0,12.0,1.1977076053619384,0.6021946447590987,2.8,7.226335737109184,8.807645414769649,2.4016262061022093,0.8,0.8,0.11941142082214355,0.11941142082214355,0.0,0.11941142082214355,0.13954023122787476,0.0,-1,0.0,0.0
2024-06-25,60256.0,61770.0,62245.0,60256.0,21105562261.648533,1217935012739.8113,-1.0,,,,0.023041475253988204,924.0,944.0,4.0,12.0,12.0,0.7126853466033936,0.4570338974396388,5.0,5.484406769275665,1.6489378901901564,1.1304326045456876,2.4425616669901746,0.13305273540917567,0.44896209239959717,0.0,0.0,0.0,0.0,0.0,0.0,0.0,0.0,0.0,0.0,0.0,12.0,12.0,1.0534785032272338,0.5602389213939507,3.2,6.722867056727409,8.192699332535266,2.419236291497248,0.6,0.8,0.08614377975463867,0.08614377975463867,0.0,0.08614377975463867,0.13954023122787476,0.0,-1,0.0,0.0
2024-06-26,61817.0,60750.0,62378.0,60694.0,22908540918.971207,1198205485427.564,-1.0,,,,-0.016650727487149974,925.0,945.0,4.0,12.0,12.0,0.7018558979034424,0.4745822226007779,4.0,5.694986671209335,1.7006895325682188,1.1578997616822184,2.448978362751257,0.12569985881813014,0.10295230150222778,0.0,0.0,0.0,0.0,0.0,0.0,0.0,0.0,0.0,0.0,0.0,12.0,12.0,0.9203123092651367,0.5256907974680265,3.4,6.308289569616318,7.667189386487007,2.431958488926588,0.4,0.7,0.05550873279571533,0.05550873279571533,0.0,0.05550873279571533,0.11782282590866089,0.0,-1,0.0,0.0
2024-06-27,60820.0,61563.0,62315.0,60606.0,18855138893.067604,1213931985719.8025,-1.0,,,,0.013293958506079078,926.0,946.0,4.0,12.0,12.0,0.60386723279953,0.4646369044979413,5.0,5.575642853975296,1.6522774322114573,1.117080159045576,2.456981429986298,0.10776953679733194,0.18639254570007324,0.0,0.0,0.0,0.0,0.0,0.0,0.0,0.0,0.0,0.0,0.0,12.0,12.0,0.7833515286445618,0.4884484191735585,4.0,5.861381030082702,7.191049967706204,2.440252665843083,0.2,0.6,0.026643586158752442,0.026643586158752442,0.0,0.026643586158752442,0.09670302867889405,0.0,-1,0.0,0.0
2024-06-28,61554.0,60317.0,62066.0,60041.0,24399416695.150173,1189569860170.9426,-1.0,,,,-0.020447053011860523,927.0,947.0,4.0,12.0,12.0,1.0817023515701294,0.5374810323119164,1.0,6.449772387742996,1.967003061616616,1.3849532243055436,2.43482860823734,0.18313718065704684,0.15761563181877136,0.0,0.0,0.0,0.0,0.0,0.0,0.0,0.0,0.0,0.0,0.0,12.0,12.0,0.8299260020256043,0.48817466249068586,3.4,5.858095949888229,6.853415797650814,2.4382340623440113,0.0,0.5,0.0,0.0,0.0,0.0,0.07746576070785523,0.0,-1,0.0,0.0
2024-06-29,60324.0,60864.0,61149.0,60316.0,11435110883.886795,1199792912680.844,-1.0,,,,0.009027879208048713,928.0,948.0,4.0,12.0,12.0,0.6351108551025391,0.5080769608418146,5.0,6.096923530101776,1.7896818475803862,1.2002733097532223,2.4671690646875017,0.09365483521050685,0.4997009336948395,0.0,0.0,0.0,0.0,0.0,0.0,0.0,0.0,0.0,0.0,0.0,12.0,12.0,0.7470443367958068,0.4883622035384178,4.0,5.860346442461013,6.543341089785099,2.450103826530514,0.0,0.4,0.0,0.0,0.0,0.0,0.059705710411071776,0.0,-1,0.0,0.0
2024-06-30,60890.0,62734.0,62884.0,60645.0,17373592048.120487,1236676710888.4822,-1.0,,,,0.030261698496339483,929.0,949.0,4.0,12.0,12.0,0.8038094639778137,0.5651416828234991,5.0,6.7817001938819885,2.0038615658672216,1.3528744844737604,2.460636029948017,0.12343679731780308,0.12975075840950012,0.0,0.0,0.0,0.0,0.0,0.0,0.0,0.0,0.0,0.0,0.0,12.0,12.0,0.7652691602706909,0.5099837606151899,4.0,6.119805127382278,6.421336092054844,2.4537186991220827,0.0,0.3,0.0,0.0,0.0,0.0,0.04307188987731934,0.0,-1,0.0,0.0
2024-07-01,62671.0,62820.0,63791.0,62503.0,25573074910.689686,1238799172479.871,-1.0,,,,0.0013699286912359347,930.0,950.0,4.0,12.0,12.0,0.8849258422851562,0.6179240892330805,5.0,7.4150890707969666,2.1929481779241127,1.4819804203407103,2.459846406159462,0.1375559129973155,0.23668494820594788,0.0,0.0,0.0,0.0,0.0,0.0,0.0,0.0,0.0,0.0,0.0,12.0,12.0,0.8018831491470337,0.5386521339416503,4.2,6.463825607299805,6.386057588458061,2.455892307803724,0.0,0.2,0.0,0.0,0.0,0.0,0.027754366397857666,0.0,-1,0.0,0.0
2024-07-02,62869.0,62043.0,63183.0,61778.0,18100530101.689426,1222901857941.0586,-1.0,,,,-0.01244580107185145,931.0,951.0,4.0,12.0,12.0,1.3766307830810547,0.7412076766292254,2.0,8.894492119550705,2.680891440889101,1.859904691831467,2.4447043836131566,0.22258202216698098,0.19687166810035706,0.0,0.0,0.0,0.0,0.0,0.0,0.0,0.0,0.0,0.0,0.0,12.0,12.0,0.9564358592033386,0.5939662883679072,3.6,7.127595460414886,6.494488245248794,2.4534368985290955,0.0,0.1,0.0,0.0,0.0,0.0,0.013321793079376221,0.0,-1,0.0,0.0
2024-07-03,62059.0,60245.0,62203.0,59427.0,30348692427.02443,1186937170314.9272,-1.0,,,,-0.029408111663409283,932.0,952.0,4.0,12.0,12.0,1.1434745788574219,0.7745415642857552,3.0,9.294498771429062,2.760397488448835,1.874872303020313,2.456115407185101,0.18726511433436188,0.4246537685394287,0.0,0.0,0.0,0.0,0.0,0.0,0.0,0.0,0.0,0.0,0.0,12.0,12.0,0.9687903046607971,0.6413783947626749,4.0,7.6965407371521,6.7773183435201645,2.457694258318648,0.0,0.0,0.0,0.0,0.0,0.0,0.0,0.0,-1,0.0,0.0
2024-07-04,60156.0,57189.0,60407.0,56811.0,43112005394.93119,1130121668991.0515,-1.0,,,,-0.05205800917529046,933.0,953.0,4.0,12.0,12.0,1.5075236558914185,0.7732173850138983,3.0,9.278608620166779,2.845721835787156,2.0029692259938,2.4266009280573066,0.27745138805789776,0.426911860704422,0.0,0.0,0.0,0.0,0.0,0.0,0.0,0.0,0.0,0.0,0.0,12.0,12.0,1.143272864818573,0.6944064795970917,3.6,8.3328777551651,7.096612098813057,2.4495806309926085,0.0,0.0,0.0,0.0,0.0,0.0,0.0,0.0,-1,0.0,0.0
2024-07-05,57084.0,56740.0,57488.0,53898.0,60081357583.2773,1118490666778.4585,-1.0,,,,-0.007882142819243924,934.0,954.0,4.0,12.0,12.0,1.3771086931228638,0.7025863056381544,3.0,8.431035667657852,2.5931910545322894,1.827881149121367,2.422819341810685,0.2583778955430472,0.4836540222167969,0.0,0.0,0.0,0.0,0.0,0.0,0.0,0.0,0.0,0.0,0.0,12.0,12.0,1.257932710647583,0.7218954041600227,3.2,8.662744849920273,7.391274988651276,2.4420172933651423,0.0,0.0,0.0,0.0,0.0,0.0,0.0,0.0,-1,0.0,0.0
2024-07-06,56629.0,58230.0,58430.0,56089.0,21293913670.919975,1147176330416.144,-1.0,,,,0.025921256468323297,935.0,955.0,4.0,12.0,12.0,1.0099338293075562,0.6567299887537956,4.0,7.8807598650455475,2.3734883203442054,1.6300093071405626,2.440793245267451,0.1953448807595665,0.41024693846702576,0.0,0.0,0.0,0.0,0.0,0.0,0.0,0.0,0.0,0.0,0.0,12.0,12.0,1.282934308052063,0.7296565840641657,3.0,8.75587900876999,7.609852308034897,2.43820666118674,0.0,0.0,0.0,0.0,0.0,0.0,0.0,0.0,-1,0.0,0.0
2024-07-07,58336.0,55880.0,58368.0,55810.0,20211914621.326435,1100452083927.7026,-1.0,,,,-0.04119415146026747,936.0,956.0,4.0,12.0,12.0,0.9867172837257385,0.6652255629499754,4.0,7.982706755399704,2.416304019061014,1.66327395041668,2.4343353551538387,0.2098063625713542,0.25276318192481995,0.0,0.0,0.0,0.0,0.0,0.0,0.0,0.0,0.0,0.0,0.0,12.0,12.0,1.2049516081809997,0.7144601613283157,3.4,8.57352193593979,7.850558698177338,2.4361328554948765,0.0,0.0,0.0,0.0,0.0,0.0,0.0,0.0,-1,0.0,0.0
2024-07-08,55843.0,56665.0,57880.0,54321.0,41614266908.30467,1117615464651.686,-1.0,,,,0.013950201796150726,937.0,957.0,4.0,12.0,12.0,1.303016185760498,0.7296621998151144,4.0,8.755946397781372,2.6982832230912073,1.8873748028851145,2.415595443844772,0.27261835991410727,0.06556472182273865,0.0,0.0,0.0,0.0,0.0,0.0,0.0,0.0,0.0,0.0,0.0,12.0,12.0,1.236859929561615,0.7054842884341876,3.6,8.46581146121025,8.081176099181175,2.428028862826811,0.0,0.0,0.0,0.0,0.0,0.0,0.0,0.0,-1,0.0,0.0
2024-07-09,56706.0,57988.0,58160.0,56306.0,28413854577.262756,1144794688186.9604,-1.0,,,,0.02307935640373925,938.0,958.0,4.0,12.0,12.0,1.3347067832946777,0.7498530422647794,4.0,8.998236507177353,2.769154104249563,1.9351972304661207,2.417172560442033,0.27701676139980835,0.1830330193042755,1.0,1.0,0.0210115909576416,0.0210115909576416,0.0,0.0210115909576416,0.0210115909576416,0.021011590957641605,-0.0,0.0,0.0210115909576416,12.0,12.0,1.2022965550422668,0.7008114198843638,3.8,8.409737038612366,8.371307396888733,2.426143189303756,0.2,0.1,0.00420231819152832,0.00420231819152832,0.0,0.00420231819152832,0.00210115909576416,-0.0,-1,0.0,0.0
2024-07-10,58025.0,57704.0,59322.0,57146.0,25987656347.278587,1139350681822.5857,-1.0,,,,-0.004909597387279533,939.0,959.0,4.0,12.0,12.0,1.1112325191497803,0.744931826988856,5.0,8.939181923866272,2.719786583168124,1.8772675740325584,2.4278907902878606,0.24801846968352326,0.4230026304721832,1.0,1.0,0.20567333698272705,0.20567333698272705,0.0,0.20567333698272705,0.20567333698272705,0.20567333698272708,-0.0,0.0,0.39424843169206625,12.0,12.0,1.1491213202476502,0.7092805241545042,4.2,8.511366289854049,8.587055569887161,2.4271574789991908,0.4,0.2,0.04533698558807373,0.04533698558807373,0.0,0.04533698558807373,0.022668492794036866,-0.0,-1,1.0,-1.0
2024-07-11,57635.0,57388.0,59314.0,57127.0,29196653598.752666,1130276546536.143,-1.0,,,,-0.005491272965227916,940.0,960.0,4.0,12.0,12.0,1.158892273902893,0.8122278451919556,5.0,9.746734142303467,2.9644675981062965,2.0407017352270778,2.4265799998416027,0.2694901467215619,0.26840752363204956,1.0,1.0,0.2144944667816162,0.2144944667816162,0.0,0.2144944667816162,0.2144944667816162,0.21449446678161624,-0.0,0.0,0.0899486029638384,12.0,12.0,1.1789130091667175,0.7403800954421362,4.4,8.884561145305634,8.820220077037812,2.424314829914022,0.6,0.3,0.08823587894439697,0.08823587894439697,0.0,0.08823587894439697,0.044117939472198484,-0.0,-1,1.0,-1.0
2024-07-12,57338.0,57899.0,58536.0,56608.0,25504482306.198975,1141567375406.1943,-1.0,,,,0.00886489103649031,941.0,961.0,4.0,12.0,12.0,1.3106287717819214,0.9042685528596243,6.0,10.85122263431549,3.3262997948888526,2.2993000836194404,2.4165800481708186,0.32298747875466655,0.43490999937057495,1.0,1.0,0.2248438596725464,0.2248438596725464,0.0,0.2248438596725464,0.2248438596725464,0.22484385967254641,-0.0,0.0,0.10553206649922162,12.0,12.0,1.2436953067779541,0.788188693424066,4.8,9.458264321088791,9.01589312851429,2.4207637685174173,0.8,0.4,0.13320465087890626,0.13320465087890626,0.0,0.13320465087890626,0.06660232543945313,-0.0,-1,1.0,-1.0
2024-07-13,57902.0,59153.0,59796.0,57795.0,16765547593.243273,1168371787725.7102,-1.0,,,,0.021427194377878555,942.0,962.0,4.0,12.0,12.0,1.431032657623291,1.0086424102385838,6.0,12.103708922863007,3.681696942209786,2.5311813629896105,2.4252470574403975,0.3349848545698358,0.5671879649162292,2.0,2.0,0.24549973011016846,0.19348055124282837,1.0,0.38696110248565674,0.28333979134340115,0.26025185826011465,0.6565557976935411,0.05201917886734009,2.713968660613346,12.0,12.0,1.2692986011505127,0.8439847355087597,5.2,10.127816826105118,9.296814143657684,2.4226940912365427,1.2,0.6,0.18230459690093995,0.17190076112747193,0.2,0.2105968713760376,0.1052984356880188,0.13131115953870823,-1,0.0,0.0
2024-07-14,59244.0,60942.0,61533.0,59238.0,21295520563.65442,1204059167828.704,-1.0,,,,0.02979528453490654,943.0,963.0,4.0,12.0,12.0,1.517296552658081,1.0420806805292766,5.0,12.504968166351318,3.794644644602203,2.606752768661561,2.4286162637776583,0.3376564133874181,0.46178823709487915,2.0,2.0,0.7033869028091431,0.4818428158760071,1.0,0.9636856317520142,0.750005708866748,0.7150740967928807,0.5833657452902141,0.221544086933136,0.7932528348859624,12.0,12.0,1.3058165550231933,0.9024302631616592,5.4,10.829163157939911,9.619450098276138,2.4249828319036673,1.4,0.8,0.31877965927124025,0.26406700611114503,0.4,0.39913167953491213,0.2016669988632202,0.24798430859675102,-1,0.0,0.0
2024-07-15,60668.0,64835.0,64835.0,60668.0,37810068492.862465,1277806993830.5176,-1.0,,,,0.06192298881542849,944.0,964.0,4.0,12.0,12.0,1.9063431024551392,0.9951263392964999,3.0,11.941516071557999,3.721102971069768,2.625304704966948,2.402433433400585,0.40448425467546784,0.5903172791004181,3.0,3.0,0.2293260097503662,0.11144574483235677,1.0,0.3343372344970703,0.2494052689532417,0.23510630028517474,0.7010970367508749,0.09118209995739752,3.049858612351826,12.0,12.0,1.4648386716842652,0.9524691656231881,5.0,11.429629987478256,9.970498138666153,2.4198913605262122,1.8,1.1,0.3235101938247681,0.24522148768107094,0.6,0.42486445903778075,0.23510072231292725,0.38820371594692604,-1,0.0,0.0
2024-07-16,64834.0,65162.0,65306.0,62602.0,40914441633.09575,1284899538175.1812,-1.0,,,,0.005030895939057979,945.0,965.0,4.0,12.0,12.0,1.7141066789627075,0.847925049563249,5.0,10.175100594758987,3.230912679816532,2.311674130684708,2.3819259431764213,0.3884878878932593,0.6861979067325592,1.0,1.0,0.0065822601318359375,0.0065822601318359375,0.0,0.0065822601318359375,0.0065822601318359375,0.006582260131835939,-0.0,0.0,1.018141528050202,12.0,12.0,1.575881552696228,0.9596086064974466,5.0,11.51530327796936,10.199932211637497,2.410960549193176,1.8,1.2,0.281927752494812,0.2036390463511149,0.6,0.3832820177078247,0.23575894832611083,0.38820371594692604,-1,0.0,0.0
2024-07-17,65008.0,64136.0,66059.0,63952.0,33459451713.593426,1266016458007.3477,-1.0,,,,-0.015870648199255148,946.0,966.0,4.0,12.0,12.0,1.2658207416534424,0.8305752351880074,5.0,9.966902822256088,3.0189635709291607,2.0752439056662033,2.4318754816126362,0.2639252398732745,0.7019971311092377,1.0,1.0,0.006228804588317871,0.006228804588317871,0.0,0.006228804588317871,0.006228804588317871,0.006228804588317873,-0.0,0.0,0.15874419432262488,12.0,12.0,1.5669199466705321,0.9448699429631233,4.8,11.33843931555748,10.398351818323135,2.4140196358815396,1.8,1.3,0.2382047414779663,0.1599160353342692,0.6,0.339559006690979,0.23638182878494263,0.38820371594692604,-1,0.0,0.0
2024-07-18,64101.0,63960.0,65099.0,63229.0,25976148878.632153,1261456293182.2588,-1.0,,,,-0.0027479407748970067,947.0,967.0,4.0,12.0,12.0,1.2184112071990967,0.7975516319274902,5.0,9.570619583129883,2.908608813622749,2.0047507300097984,2.428398634257163,0.2625106289279063,0.3250633776187897,1.0,1.0,0.005995512008666992,0.005995512008666992,0.0,0.005995512008666992,0.005995512008666992,0.005995512008666994,-0.0,0.0,0.10477795390040393,12.0,12.0,1.5243956565856933,0.9026517873009047,4.6,10.831821447610855,10.479819136857987,2.4146499512448925,1.6,1.4,0.19030389785766602,0.12241902748743694,0.4,0.2633658885955811,0.23698137998580932,0.25689255640821784,-1,0.0,0.0
2024-07-19,63976.0,66690.0,67386.0,63285.0,36994610752.230415,1316147398343.7175,-1.0,,,,0.041797128678461457,948.0,968.0,4.0,12.0,12.0,1.4865152835845947,0.7635288933912913,4.0,9.162346720695496,2.860547825760866,2.0273998162190963,2.4028112739525933,0.31451250782563717,0.38726162910461426,0.0,0.0,0.0,0.0,0.0,0.0,0.0,0.0,0.0,0.0,0.005995512008666992,12.0,12.0,1.518239402770996,0.8469414298733074,4.4,10.16329715847969,10.496230158209801,2.40948895327988,1.2,1.3,0.049626517295837405,0.02605046431223551,0.2,0.07062876224517822,0.23488022089004518,0.14021940735017496,-1,0.0,0.0
2024-07-20,66710.0,67206.0,67684.0,66299.0,17353396168.041622,1325658979467.9998,-1.0,,,,0.007707512613442513,949.0,969.0,4.0,12.0,12.0,1.3556722402572632,0.644968164463838,3.0,7.739617973566055,2.479235349413046,1.7898334441667896,2.373324484079202,0.31021507589050235,0.46191781759262085,0.0,0.0,0.0,0.0,0.0,0.0,0.0,0.0,0.0,0.0,0.0,12.0,12.0,1.408105230331421,0.7769097949067751,4.4,9.322917538881303,10.376273763179778,2.4036671634156033,0.6,1.2,0.0037613153457641602,0.0037613153457641602,0.0,0.0037613153457641602,0.21431288719177247,0.0,-1,0.0,0.0
2024-07-21,67138.0,68088.0,68300.0,65884.0,27078771827.95196,1343346742483.077,-1.0,,,,0.013038456917002566,950.0,970.0,4.0,12.0,12.0,1.2441195249557495,0.6033018479744593,3.0,7.239622175693512,2.3006653226251106,1.6517254796639251,2.381919515214917,0.27769640039332694,0.45918741822242737,0.0,0.0,0.0,0.0,0.0,0.0,0.0,0.0,0.0,0.0,0.0,12.0,12.0,1.3141077995300292,0.7279851545890172,4.0,8.735821855068206,10.125562566518784,2.403665877823302,0.4,1.1,0.0024448633193969727,0.0024448633193969727,0.0,0.0024448633193969727,0.19286344051361085,0.0,-1,0.0,0.0
2024-07-22,68168.0,67608.0,68480.0,66674.0,43157593651.80313,1333201881091.7786,-1.0,,,,-0.007074666932478787,951.0,971.0,4.0,12.0,12.0,1.1716711521148682,0.5753781286378702,4.0,6.904537543654442,2.1900359032311876,1.5684357037215748,2.3832098359732896,0.2619696812075515,0.31532271206378937,0.0,0.0,0.0,0.0,0.0,0.0,0.0,0.0,0.0,0.0,0.0,12.0,12.0,1.2952778816223145,0.6769457332789898,3.8,8.123348799347877,9.730894057452678,2.3939327486954327,0.2,1.0,0.0011991024017333984,0.0011991024017333984,0.0,0.0011991024017333984,0.1703790545463562,0.0,-1,0.0,0.0
2024-07-23,67550.0,65942.0,67770.0,65495.0,36100536095.18872,1300963591115.5374,-1.0,,,,-0.024950751454980602,952.0,972.0,4.0,12.0,12.0,1.2031991481781006,0.599898292372624,4.0,7.198779508471489,2.3382405959988084,1.7006119071231245,2.3565925960105365,0.3094125550240028,0.18305420875549316,0.0,0.0,0.0,0.0,0.0,0.0,0.0,0.0,0.0,0.0,0.0,12.0,12.0,1.2922354698181153,0.6374150653680166,3.6,7.6489807844161986,9.240401116013526,2.379571541046108,0.0,0.8,0.0,0.0,0.0,0.0,0.13168294429779054,0.0,-1,0.0,0.0
2024-07-24,65908.0,65404.0,67073.0,65234.0,28680123269.715443,1290447066028.3152,1.0,,,,-0.008192149114860558,953.0,973.0,4.0,12.0,12.0,1.1820287704467773,0.5427667933205763,3.0,6.513201519846916,2.179632326701603,1.6196159633854406,2.3240325459495326,0.31828283758640263,0.15475542843341827,0.0,0.0,0.0,0.0,0.0,0.0,0.0,0.0,0.0,0.0,0.0,12.0,12.0,1.2313381671905517,0.5932626453538735,3.4,7.119151744246483,8.641224451363087,2.3638157954454955,0.0,0.6,0.0,0.0,0.0,0.0,0.03531438112258911,0.0,1,0.0,0.0
2024-07-25,65365.0,65750.0,66041.0,63515.0,35836896135.542854,1297125144853.139,1.0,,,,0.0052762523855340426,954.0,974.0,4.0,12.0,12.0,1.1925625801086426,0.5381196141242981,3.0,6.457435369491577,2.1789112203233234,1.627578684311337,2.315190287483012,0.3256764085186746,0.048560336232185364,0.0,0.0,0.0,0.0,0.0,0.0,0.0,0.0,0.0,0.0,0.0,12.0,12.0,1.1987162351608276,0.5718929352859655,3.4,6.862715223431588,8.092816381156444,2.3521889561262577,0.0,0.3,0.0,0.0,0.0,0.0,0.0018806576728820801,0.0,1,0.0,0.0
2024-07-26,65806.0,67920.0,68223.0,65806.0,30821370069.206276,1339927966898.6016,1.0,,,,0.03247087094521791,955.0,975.0,4.0,12.0,12.0,1.128007173538208,0.5300654185314974,3.0,6.360785022377968,2.1348239125808126,1.58851596225465,2.3211097076907925,0.3143566131337668,0.09220720827579498,0.0,0.0,0.0,0.0,0.0,0.0,0.0,0.0,0.0,0.0,0.0,12.0,12.0,1.1754937648773194,0.5572456493973732,3.4,6.686947792768478,7.711384823918342,2.3400269946214327,0.0,0.2,0.0,0.0,0.0,0.0,0.0012224316596984863,0.0,1,0.0,0.0
2024-07-27,67935.0,68055.0,69371.0,66608.0,30976752616.761925,1342889431798.832,1.0,,,,0.001985659780945051,956.0,976.0,4.0,12.0,12.0,1.1189229488372803,0.5139363296329975,3.0,6.16723595559597,2.0663117406648235,1.5423056832788242,2.3258867187887837,0.30277571437859835,0.18432459235191345,0.0,0.0,0.0,0.0,0.0,0.0,0.0,0.0,0.0,0.0,0.0,12.0,12.0,1.1649441242218017,0.5449572895963988,3.2,6.539487475156784,7.331418137252331,2.3285623711845314,0.0,0.1,0.0,0.0,0.0,0.0,0.0005995512008666992,0.0,1,0.0,0.0
2024-07-28,67777.0,68242.0,68294.0,67042.0,17175244020.36542,1346263382369.5552,1.0,,,,0.0027440092934702294,957.0,977.0,4.0,12.0,12.0,1.1692979335784912,0.5325029343366623,3.0,6.3900352120399475,2.153844526982469,1.6107505096354604,2.3167162412044515,0.32097945747955947,0.25302502512931824,0.0,0.0,0.0,0.0,0.0,0.0,0.0,0.0,0.0,0.0,0.0,12.0,12.0,1.15816388130188,0.5314782179892064,3.0,6.377738615870475,7.013359700143337,2.3205871002233143,0.0,0.0,0.0,0.0,0.0,0.0,0.0,0.0,1,0.0,0.0
2024-07-29,68261.0,66770.0,69908.0,66648.0,42529043667.45024,1317581413497.2551,1.0,,,,-0.021806333207729556,958.0,978.0,4.0,12.0,12.0,1.2508612871170044,0.562183095763127,3.0,6.746197149157524,2.2843960057767063,1.7153803840396513,2.312935085451733,0.34470604787108244,0.3383431136608124,0.0,0.0,0.0,0.0,0.0,0.0,0.0,0.0,0.0,0.0,0.0,12.0,12.0,1.1719303846359252,0.5353614784777164,3.0,6.4243377417325975,6.77174474298954,2.3183676081237548,0.0,0.0,0.0,0.0,0.0,0.0,0.0,0.0,1,0.0,0.0
2024-07-30,66812.0,66219.0,66970.0,65563.0,28892376510.689587,1306758338817.987,1.0,,,,-0.008286447042593001,959.0,979.0,4.0,12.0,12.0,1.3336732387542725,0.604895090063413,2.0,7.258741080760956,2.445619347016947,1.8300230082418918,2.317721629485125,0.36403721772982955,0.3082224726676941,1.0,1.0,0.03824508190155029,0.03824508190155029,0.0,0.03824508190155029,0.03824508190155029,0.0382450819015503,-0.0,0.0,0.03824508190155029,12.0,12.0,1.2001525163650513,0.5487165736655395,2.8,6.584598883986473,6.72365705370903,2.318873876524177,0.2,0.1,0.007649016380310058,0.007649016380310058,0.0,0.007649016380310058,0.003824508190155029,-0.0,1,0.0,0.0
2024-07-31,66192.0,64680.0,66807.0,64543.0,31403681581.194077,1275401473742.0508,1.0,,,,-0.023515396118278305,960.0,980.0,4.0,12.0,12.0,1.4684507846832275,0.5707107943793138,1.0,6.848529532551765,2.263882058440225,1.7024724750177282,2.349564269918881,0.3184117152203446,0.5891882330179214,1.0,1.0,0.04229164123535156,0.04229164123535156,0.0,0.04229164123535156,0.04229164123535156,0.04229164123535157,-0.0,0.0,0.12473885629354012,12.0,12.0,1.2682412385940551,0.5568456488351027,2.4,6.682147786021233,6.6845477893948555,2.324564788969795,0.4,0.2,0.016107344627380372,0.016107344627380372,0.0,0.016107344627380372,0.008053672313690186,-0.0,1,0.0,0.0
2024-08-01,64587.0,65358.0,65454.0,62304.0,38911302447.60912,1289157073527.528,1.0,,,,0.010427815619457383,961.0,981.0,4.0,12.0,12.0,1.715484619140625,0.6586495091517767,1.0,7.90379410982132,2.6265097123903254,1.983023886107923,2.3446382694134833,0.3755799025518398,0.6893201619386673,1.0,1.0,0.04940629005432129,0.04940629005432129,0.0,0.04940629005432129,0.04940629005432129,0.049406290054321296,-0.0,0.0,0.21931370645274517,12.0,12.0,1.3875535726547241,0.5857882847388585,2.0,7.0294594168663025,6.7844734460115435,2.328315099094735,0.6,0.3,0.02598860263824463,0.02598860263824463,0.0,0.02598860263824463,0.012994301319122315,-0.0,1,0.0,0.0
2024-08-02,65350.0,61407.0,65505.0,61252.0,39004321616.3716,1211854070245.47,1.0,,,,-0.06235601515885747,962.0,982.0,4.0,12.0,12.0,1.9777058362960815,0.8175665686527888,2.0,9.810798823833466,3.2759504015664906,2.447208656450478,2.330909282187668,0.4752955136350531,0.6959346234798431,1.0,1.0,0.05695831775665283,0.05695831775665283,0.0,0.05695831775665283,0.05695831775665283,0.05695831775665284,-0.0,0.0,0.23279674335876854,12.0,12.0,1.5492351531982422,0.6428010116020838,1.8,7.713612139225006,7.045675377547741,2.3311537072913784,0.8,0.4,0.0373802661895752,0.0373802661895752,0.0,0.0373802661895752,0.0186901330947876,-0.0,1,0.0,0.0
2024-08-03,61463.0,60739.0,62161.0,59910.0,32885545023.712658,1197962170718.7737,1.0,,,,-0.010937839302839961,963.0,983.0,4.0,12.0,12.0,2.137932062149048,0.9016671702265739,2.0,10.820006042718887,3.598138070889361,2.672694380459726,2.3328640089625035,0.5156349925747415,0.6507482528686523,1.0,1.0,0.06157279014587402,0.06157279014587402,0.0,0.06157279014587402,0.06157279014587402,0.06157279014587403,-0.0,0.0,0.1422467113473987,12.0,12.0,1.7266493082046508,0.7106978264947733,1.6,8.528373917937278,7.476355829834938,2.335139491993532,1.0,0.5,0.04969482421875,0.04969482421875,0.0,0.04969482421875,0.024847412109375,-0.0,1,0.0,0.0
2024-08-04,60658.0,58006.0,61048.0,57399.0,33664501541.451115,1147854905921.6433,1.0,,,,-0.046039542394788496,964.0,984.0,4.0,12.0,12.0,1.3721940517425537,0.7276420121391615,3.0,8.731704145669937,2.785830570971727,1.9881658583870587,2.3724955915319685,0.3424540353830385,1.6911362409591675,1.0,1.0,0.05324900150299072,0.05324900150299072,0.0,0.05324900150299072,0.05324900150299072,0.05324900150299073,-0.0,0.0,0.25658899810394764,12.0,12.0,1.7343534708023072,0.7352472109099228,1.8,8.822966530919075,7.703782707452774,2.346094284402901,1.0,0.6,0.052695608139038085,0.052695608139038085,0.0,0.052695608139038085,0.030172312259674074,-0.0,1,0.0,0.0
2024-08-05,58164.0,53956.0,58164.0,49221.0,120245972389.37173,1064889039013.8289,-1.0,,,,-0.07237755386444424,965.0,985.0,4.0,12.0,12.0,1.1636643409729004,0.606390293687582,3.0,7.276683524250984,2.323154440738853,1.6602998580437798,2.371686209912646,0.2864344451153572,0.45020097494125366,1.0,1.0,0.03102290630340576,0.03102290630340576,0.0,0.03102290630340576,0.03102290630340576,0.03102290630340577,-0.0,0.0,0.33791161077638565,12.0,12.0,1.6733961820602417,0.7423831107715765,2.2,8.90859732925892,7.795372557640076,2.350518672401654,1.0,0.7,0.050441861152648926,0.050441861152648926,0.0,0.050441861152648926,0.033274602890014646,-0.0,-1,0.0,0.0
2024-08-06,54052.0,55960.0,57015.0,54052.0,52620100833.47091,1104019419316.6865,-1.0,,,,0.03646825018984722,966.0,986.0,4.0,12.0,12.0,1.0269438028335571,0.5976695691545805,4.0,7.172034829854965,2.2727732922687345,1.61043660833832,2.377212108258958,0.2706460590465282,0.5824047476053238,1.0,1.0,0.14229673147201538,0.14229673147201538,0.0,0.14229673147201538,0.14229673147201538,0.1422967314720154,-0.0,0.0,0.10657631626235352,12.0,12.0,1.5356880187988282,0.7301871227721374,2.8,8.762245473265647,7.895852445065975,2.3570334401707487,1.0,0.8,0.06901994943618775,0.06901994943618775,0.0,0.06901994943618775,0.047504276037216187,-0.0,-1,1.0,-1.0
2024-08-07,56131.0,55100.0,57607.0,54583.0,41605918903.41173,1088566703585.4303,-1.0,,,,-0.015487433638411664,967.0,987.0,4.0,12.0,12.0,0.9205483794212341,0.5481284906466802,5.0,6.577541887760162,2.0833692764516263,1.4710538636304245,2.3751311118924647,0.24750243011589457,0.5579537153244019,1.0,1.0,0.12755423784255981,0.12755423784255981,0.0,0.12755423784255981,0.12755423784255981,0.12755423784255984,-0.0,0.0,0.12802134160477321,12.0,12.0,1.3242565274238587,0.6762995071709157,3.4,8.115594086050987,7.914603112637996,2.365877806111708,1.0,0.9,0.08313913345336914,0.08313913345336914,0.0,0.08313913345336914,0.06025969982147217,-0.0,-1,1.0,-1.0
2024-08-08,55083.0,61859.0,62491.0,54849.0,49201548320.290726,1218342891278.6091,-1.0,,,,0.1157078854323119,968.0,988.0,4.0,12.0,12.0,1.587181568145752,0.6218096824983755,3.0,7.461716189980507,2.52333302115365,1.8976229840130314,2.311039221831749,0.3794120627870222,0.0540071576833725,0.0,0.0,0.0,0.0,0.0,0.0,0.0,0.0,0.0,0.0,0.12755423784255981,12.0,12.0,1.2141064286231995,0.6203280096252759,3.6,7.443936115503311,7.986155016720295,2.3615128486855577,0.8,0.9,0.07082457542419433,0.07082457542419433,0.0,0.07082457542419433,0.06025969982147217,0.0,-1,0.0,0.0
2024-08-09,61570.0,60913.0,61668.0,59604.0,33804208928.47938,1198300504959.2505,-1.0,,,,-0.015410984959452437,969.0,989.0,4.0,12.0,12.0,1.5890027284622192,0.6865752600133419,4.0,8.238903120160103,2.6900156102059345,1.9731918483805946,2.3513291496385755,0.3628081369910445,0.03465057909488678,0.0,0.0,0.0,0.0,0.0,0.0,0.0,0.0,0.0,0.0,0.0,12.0,12.0,1.2574681639671326,0.6121146592001121,3.8,7.345375910401344,8.08417122066021,2.357279560306879,0.6,0.8,0.06017477512359619,0.06017477512359619,0.0,0.06017477512359619,0.05643519163131714,0.0,-1,0.0,0.0
2024-08-10,60847.0,60888.0,61495.0,60261.0,13418919090.197285,1201818989571.278,-1.0,,,,-0.0004105056666377574,970.0,990.0,4.0,12.0,12.0,1.6038975715637207,0.734849306444327,4.0,8.818191677331924,2.8320234430021296,2.045565827418851,2.3661943635218368,0.35827302711911585,0.1776733249425888,0.0,0.0,0.0,0.0,0.0,0.0,0.0,0.0,0.0,0.0,0.0,12.0,12.0,1.3455148100852967,0.637806461751461,4.0,7.653677541017532,8.281137435138225,2.3561811910287167,0.4,0.7,0.05397019386291504,0.05397019386291504,0.0,0.05397019386291504,0.052206027507781985,0.0,-1,0.0,0.0
2024-08-11,60951.0,58804.0,61562.0,58372.0,21715994493.456894,1159146815397.6223,-1.0,,,,-0.03482623116337066,971.0,991.0,4.0,12.0,12.0,1.6180256605148315,0.7424887505670389,4.0,8.909865006804466,2.8595511078471856,2.0644974324636496,2.3669177976837674,0.3607351292577004,0.06700088083744049,0.0,0.0,0.0,0.0,0.0,0.0,0.0,0.0,0.0,0.0,0.0,12.0,12.0,1.4637311816215515,0.6667702980339527,4.0,8.001243576407433,8.38174452483654,2.354122328913679,0.2,0.6,0.025510847568511963,0.025510847568511963,0.0,0.025510847568511963,0.047265398502349856,0.0,-1,0.0,0.0
2024-08-12,58698.0,59350.0,60499.0,57815.0,39403296385.84335,1171441797233.8909,-1.0,,,,0.009242241253957164,972.0,992.0,4.0,12.0,12.0,1.6462790966033936,0.8461466804146767,2.0,10.15376016497612,3.2852044330000494,2.3706882505369253,2.353552851557756,0.42827149773652656,0.1120031327009201,0.0,0.0,0.0,0.0,0.0,0.0,0.0,0.0,0.0,0.0,0.0,12.0,12.0,1.6088773250579833,0.726373935987552,3.4,8.716487231850625,8.416040658950806,2.349806676846737,0.0,0.5,0.0,0.0,0.0,0.0,0.04156956672668457,0.0,-1,0.0,0.0
2024-08-13,59347.0,60601.0,61540.0,58452.0,31955576195.246292,1195798013190.8457,-1.0,,,,0.02085927353360594,973.0,993.0,4.0,12.0,12.0,1.6680597066879272,0.9386559302608172,2.0,11.263871163129807,3.517522763578942,2.4833209161541014,2.398422387807389,0.3873055347881518,0.25109782814979553,0.0,0.0,0.0,0.0,0.0,0.0,0.0,0.0,0.0,0.0,0.0,12.0,12.0,1.6250529527664184,0.7897431855400403,3.2,9.476918226480484,8.460427170991897,2.3672833100418647,0.0,0.4,0.0,0.0,0.0,0.0,0.03541228771209717,0.0,-1,0.0,0.0
2024-08-14,60611.0,58739.0,61538.0,58608.0,28079911397.67297,1159479277227.7532,-1.0,,,,-0.031207493138049436,974.0,994.0,4.0,12.0,12.0,1.6692403554916382,0.8711185728510221,2.0,10.453422874212265,3.329385460190123,2.395569823915017,2.380807739144477,0.40606205672423396,0.039282023906707764,0.0,0.0,0.0,0.0,0.0,0.0,0.0,0.0,0.0,0.0,0.0,12.0,12.0,1.6411004781723022,0.8266518481075764,2.8,9.919822177290916,8.632599043846131,2.373179027943045,0.0,0.3,0.0,0.0,0.0,0.0,0.030087387561798094,0.0,-1,0.0,0.0
2024-08-15,58732.0,57624.0,59834.0,56647.0,33490251842.381626,1137141836825.8655,-1.0,,,,-0.0191647538641718,975.0,995.0,4.0,12.0,12.0,1.6695343255996704,0.8721926137804985,2.0,10.466311365365982,3.322101119507697,2.3841768708934943,2.38445702060688,0.3987184033286316,0.03429347276687622,1.0,1.0,0.07742857933044434,0.07742857933044434,0.0,0.07742857933044434,0.07742857933044434,0.07742857933044435,-0.0,0.0,0.07742857933044434,12.0,12.0,1.6542278289794923,0.8541205095748108,2.4,10.249446114897728,8.95156182795763,2.3768315593600535,0.2,0.3,0.015485715866088868,0.015485715866088868,0.0,0.015485715866088868,0.034727954864501955,-0.0,-1,0.0,0.0
2024-08-16,57506.0,58882.0,59823.0,57097.0,30368238897.207172,1162716063850.1133,-1.0,,,,0.021596293647984655,976.0,996.0,4.0,12.0,12.0,1.4674005508422852,0.8664559746781985,3.0,10.397471696138382,3.1818137315951,2.204136503506749,2.419443986038285,0.3048205961299985,0.5959803462028503,1.0,1.0,0.011767983436584473,0.011767983436584473,0.0,0.011767983436584473,0.011767983436584473,0.011767983436584476,-0.0,0.0,0.05742191814404157,12.0,12.0,1.624102807044983,0.8789139543970427,2.2,10.54696745276451,9.274105514585973,2.387336797030957,0.4,0.3,0.01783931255340576,0.01783931255340576,0.0,0.01783931255340576,0.021675080060958862,-0.0,-1,0.0,0.0
2024-08-17,58873.0,59431.0,59650.0,58850.0,12467437134.05582,1173270497431.1711,-1.0,,,,0.00928053452055195,977.0,997.0,4.0,12.0,12.0,1.5871455669403076,0.8635993326703707,5.0,10.363191992044449,3.2247363501367237,2.269463604458086,2.4033531360186586,0.34752444029504403,0.5356028974056244,0.0,0.0,0.0,0.0,0.0,0.0,0.0,0.0,0.0,0.0,0.011767983436584473,12.0,12.0,1.6122761011123656,0.8824044848481813,2.8,10.588853818178176,9.6526705250144,2.397296853923138,0.4,0.2,0.01783931255340576,0.01783931255340576,0.0,0.01783931255340576,0.00891965627670288,0.0,-1,0.0,0.0
2024-08-18,59510.0,58438.0,60334.0,58438.0,17656027563.72502,1156217205294.1643,-1.0,,,,-0.016849612593563584,978.0,998.0,4.0,12.0,12.0,1.769507646560669,0.869861458738645,4.0,10.438337504863739,3.3042064998185596,2.363436288163355,2.3862355848636203,0.3913516220161584,0.5917659997940063,0.0,0.0,0.0,0.0,0.0,0.0,0.0,0.0,0.0,0.0,0.0,12.0,12.0,1.632565689086914,0.8686455905437469,3.2,10.423747086524964,9.950332656502724,2.3948594933343843,0.4,0.2,0.01783931255340576,0.01783931255340576,0.0,0.01783931255340576,0.00891965627670288,0.0,-1,0.0,0.0
2024-08-19,58432.0,59575.0,59575.0,57918.0,24031330179.258953,1176063402361.815,-1.0,,,,0.01926965982277101,979.0,999.0,4.0,12.0,12.0,1.9694993495941162,0.9962210357189178,3.0,11.954652428627014,3.7178403128763997,2.6344655894031597,2.4084266998262844,0.39925559565504776,0.7529822587966919,1.0,1.0,0.019791483879089355,0.019791483879089355,0.0,0.019791483879089355,0.019791483879089355,0.01979148387908936,-0.0,0.0,0.019791483879089355,12.0,12.0,1.6926174879074096,0.8936660831173262,3.4,10.723992997407914,10.321907587349415,2.4003832854707454,0.6,0.3,0.021797609329223634,0.021797609329223634,0.0,0.021797609329223634,0.010898804664611817,-0.0,-1,0.0,0.0
2024-08-20,59451.0,59060.0,61361.0,58710.0,31470716090.619144,1166088863323.0896,-1.0,,,,-0.008682146669029226,980.0,1000.0,4.0,12.0,12.0,1.5862579345703125,0.960057000319163,4.0,11.520684003829956,3.538904010519555,2.4662955078180855,2.418597878281,0.3492048430994622,0.9960601925849915,1.0,1.0,0.02245652675628662,0.02245652675628662,0.0,0.02245652675628662,0.02245652675628662,0.022456526756286625,-0.0,0.0,0.27668817104957744,12.0,12.0,1.675962209701538,0.9112389604250589,3.8,10.934867525100708,10.592156819999218,2.4072114570055696,0.6,0.4,0.01080319881439209,0.01080319881439209,0.0,0.01080319881439209,0.013144457340240478,-0.0,-1,0.0,0.0
2024-08-21,59029.0,61145.0,61830.0,58905.0,32960965010.60808,1207099049402.5117,-1.0,,,,0.03469421632555648,981.0,1001.0,4.0,12.0,12.0,1.8273468017578125,0.9947302391131719,3.0,11.936762869358063,3.66180789878229,2.561695755426377,2.4227688524048703,0.3576518447119806,0.7219019532203674,1.0,1.0,0.02460634708404541,0.02460634708404541,0.0,0.02460634708404541,0.02460634708404541,0.024606347084045414,-0.0,0.0,0.22320123083230353,12.0,12.0,1.7479514598846435,0.9368938133120537,3.8,11.242725759744644,10.894846606254578,2.407876430278887,0.6,0.5,0.013370871543884277,0.013370871543884277,0.0,0.013370871543884277,0.01560509204864502,-0.0,-1,0.0,0.0
2024-08-22,61176.0,60388.0,61386.0,59901.0,28170302505.847404,1192308382713.8381,-1.0,,,,-0.012457682935843551,982.0,1002.0,4.0,12.0,12.0,1.6078397035598755,1.050672560930252,4.0,12.608070731163025,3.822033042212719,2.6342668475998825,2.4327729991924008,0.336771759042753,0.5911896228790283,2.0,2.0,0.12322711944580078,0.07626867294311523,1.0,0.15253734588623047,0.12666496098329214,0.12377740198531546,0.4893271633772539,0.04695844650268555,2.1355264952091164,12.0,12.0,1.752090287208557,0.9743084589640298,3.6,11.691701507568359,11.140277662873268,2.4137604029136353,1.0,0.7,0.03801629543304443,0.028624606132507325,0.2,0.04387834072113037,0.030858826637268067,0.09786543267545078,-1,0.0,0.0
2024-08-23,60379.0,64050.0,64828.0,60379.0,45038665759.42134,1261916434075.0183,-1.0,,,,0.05887361863725357,983.0,1003.0,4.0,12.0,12.0,1.778229832649231,1.0132055282592773,4.0,12.158466339111328,3.7504257754689867,2.624869785587107,2.4147617058912116,0.3815176041547989,0.6538184881210327,3.0,3.0,0.11168676614761353,0.050523340702056885,1.0,0.15157002210617065,0.11557254882775615,0.11224803833256747,0.7439062851074304,0.04358589288388207,1.8947471222228247,12.0,12.0,1.7538347244262695,1.0029772728681565,3.6,12.035727274417876,11.229737180471421,2.4194656271191533,1.6,1.0,0.060353648662567136,0.0387292742729187,0.4,0.0741923451423645,0.04601582884788513,0.24664668969693687,-1,0.0,0.0
2024-08-24,64099.0,64157.0,64438.0,63651.0,22029153446.354362,1264961887998.9824,-1.0,,,,0.0016691760175834077,984.0,1004.0,4.0,12.0,12.0,1.4157755374908447,0.8419224644700686,4.0,10.103069573640823,3.09941603394592,2.161793661215451,2.4215981931062074,0.3028171226621786,0.6988451480865479,3.0,3.0,0.10180890560150146,0.046054959297180176,1.0,0.13816487789154053,0.10535103015675289,0.1023205386368852,0.7439074296568179,0.0397310194830785,0.6645313303868784,12.0,12.0,1.6430899620056152,0.9721175586183867,3.8,11.665410703420639,11.194701850414276,2.422099925775138,2.0,1.3,0.07675713300704956,0.043981969356536865,0.6,0.09786702394485473,0.05983231663703918,0.3954281756283004,-1,0.0,0.0
2024-08-25,64187.0,64266.0,64894.0,63834.0,17875230147.044323,1269291077270.1143,-1.0,,,,0.0016975156502209042,985.0,1005.0,4.0,12.0,12.0,1.4907212257385254,0.8010972514748573,3.0,9.613167017698288,2.994813752041993,2.1222882126559246,2.40741106266667,0.32504201440903396,0.38095521926879883,3.0,3.0,0.09460413455963135,0.061668992042541504,1.0,0.1850069761276245,0.11860354417289713,0.10540742351615622,0.9670845640454584,0.02976355126517006,0.4508869985339867,12.0,12.0,1.6239826202392578,0.9403256088495254,3.6,11.283907306194305,11.109387415647507,2.419862562652272,2.4,1.5,0.0911866545677185,0.05182446241378784,0.8,0.13037711381912231,0.0705901563167572,0.5888450884373921,-1,0.0,0.0
2024-08-26,64286.0,62923.0,64422.0,62883.0,17894692681.091812,1242487823611.2612,-1.0,,,,-0.021118963363972062,986.0,1006.0,4.0,12.0,12.0,1.6423490047454834,0.8140480369329453,3.0,9.768576443195343,3.037917430474793,2.1650213701727337,2.4132836306267085,0.32619675008216364,0.5228948891162872,2.0,2.0,0.10422682762145996,0.06450885534286499,1.0,0.12901771068572998,0.10713458582147896,0.10469226125383549,0.4893269583091233,0.03971797227859497,0.6213598800509146,12.0,12.0,1.586983060836792,0.9041891684134802,3.6,10.850270020961762,11.046497890353203,2.4179655182966395,2.6,1.6,0.10711075067520141,0.05980496406555176,1.0,0.15125938653945922,0.08231512904167175,0.6867104800992168,-1,0.0,0.0
2024-08-27,62872.0,59527.0,63202.0,58060.0,38131727427.91789,1176762244308.0742,-1.0,,,,-0.05548176551008041,987.0,1007.0,4.0,12.0,12.0,1.952917456626892,0.9387680441141129,3.0,11.265216529369354,3.5950450671050684,2.6113820507454872,2.386472005910522,0.4424292548644022,0.4219106435775757,1.0,1.0,0.11261188983917236,0.11261188983917236,0.0,0.11261188983917236,0.11261188983917236,0.11261188983917238,-0.0,0.0,1.1844255323882016,12.0,12.0,1.6559986114501952,0.8818082650502523,3.4,10.581699180603028,11.136700344085693,2.408705319640264,2.4,1.7,0.10498770475387573,0.06707360744476318,0.8,0.1432742953300476,0.093576318025589,0.5888450474237661,-1,0.0,0.0
2024-08-28,59404.0,59015.0,60230.0,57968.0,42018989572.42786,1166032395735.947,-1.0,,,,-0.008638342255462835,988.0,1008.0,4.0,12.0,12.0,1.9169236421585083,0.9269617795944214,2.0,11.123541355133057,3.502880111300202,2.5178443733046048,2.3984424346102484,0.40404943841443414,0.5880551338195801,1.0,1.0,0.12991690635681152,0.12991690635681152,0.0,0.12991690635681152,0.12991690635681152,0.12991690635681152,-0.0,0.0,0.23131684583966822,12.0,12.0,1.6837373733520509,0.8645595153172811,3.0,10.374714183807374,11.205220729112625,2.4054414653840714,2.0,1.8,0.10863373279571534,0.08295232057571411,0.6,0.13894367218017578,0.10656800866127014,0.44006379040227994,-1,1.0,-1.0
2024-08-29,59042.0,59352.0,61150.0,58816.0,32563333956.986053,1171762256043.917,-1.0,,,,0.005694170006192358,989.0,1009.0,4.0,12.0,12.0,1.9153838157653809,0.9672810733318329,2.0,11.607372879981995,3.622068793898708,2.577200949405804,2.405932259012379,0.3970506107352741,0.09414273500442505,1.0,1.0,0.13078439235687256,0.13078439235687256,0.0,0.13078439235687256,0.13078439235687256,0.1307843923568726,-0.0,0.0,0.011595408429291965,12.0,12.0,1.783659029006958,0.889631237089634,2.6,10.675574845075607,11.170492774248123,2.402308278565305,1.6,1.8,0.11442883014678955,0.09989820718765259,0.4,0.1374675750732422,0.11766729950904846,0.2912823044709164,-1,1.0,-1.0
2024-08-30,59374.0,59156.0,59820.0,57905.0,44038496614.947586,1168247205700.9673,-1.0,,,,-0.003307796582702162,990.0,1010.0,4.0,12.0,12.0,2.0860605239868164,0.9521296272675196,2.0,11.425555527210236,3.630802323848472,2.636933805294077,2.3907173131067174,0.43818903734731857,0.3430684804916382,0.0,0.0,0.0,0.0,0.0,0.0,0.0,0.0,0.0,0.0,0.13078439235687256,12.0,12.0,1.9027268886566162,0.9198377122481665,2.4,11.038052546977998,11.160979926586151,2.398969528653315,1.0,1.7,0.09550800323486328,0.08756440877914429,0.2,0.10046617984771729,0.1154216468334198,0.09786539166182466,-1,0.0,0.0
2024-08-31,59110.0,58960.0,59404.0,58797.0,11399086336.303324,1164278309271.2642,-1.0,,,,-0.0033187744234414816,991.0,1011.0,4.0,12.0,12.0,2.1021971702575684,1.049241488178571,3.0,12.590897858142853,4.084599757308445,2.985670066153284,2.364067438200755,0.5379794583456093,0.1078687310218811,0.0,0.0,0.0,0.0,0.0,0.0,0.0,0.0,0.0,0.0,0.0,12.0,12.0,1.9946965217590331,0.9668764024972916,2.4,11.602516829967499,11.22639342546463,2.3891262901681243,0.6,1.6,0.07466263771057129,0.07466263771057129,0.0,0.07466263771057129,0.11296101212501526,0.0,-1,0.0,0.0
2024-09-01,58957.0,57358.0,59038.0,57258.0,25465621877.97047,1133133027660.6194,-1.0,,,,-0.027546919701088562,992.0,1012.0,4.0,12.0,12.0,2.0277771949768066,1.036749283472697,3.0,12.440991401672363,3.9928425363441136,2.8979568787115624,2.3758376950504267,0.50370316975585,0.3866591453552246,0.0,0.0,0.0,0.0,0.0,0.0,0.0,0.0,0.0,0.0,0.0,12.0,12.0,2.009668469429016,0.9864726503690084,2.4,11.837671804428101,11.209685492515565,2.3869994279961055,0.4,1.4,0.05214025974273682,0.05214025974273682,0.0,0.05214025974273682,0.09770727753639222,0.0,-1,0.0,0.0
2024-09-02,57298.0,59109.0,59337.0,57276.0,28012782290.96625,1168410293915.9832,-1.0,,,,0.030070868901947684,993.0,1013.0,4.0,12.0,12.0,2.022862195968628,0.9841951926549276,3.0,11.81034231185913,3.913742534133628,2.873699617347177,2.3256820594519647,0.5548046575556925,0.039508312940597534,0.0,0.0,0.0,0.0,0.0,0.0,0.0,0.0,0.0,0.0,0.0,12.0,12.0,2.03085618019104,0.9979193329811096,2.6,11.975031995773316,11.174873089790344,2.3724473529644485,0.2,1.1,0.02615687847137451,0.02615687847137451,0.0,0.02615687847137451,0.08255027532577515,0.0,-1,0.0,0.0
2024-09-03,59120.0,57505.0,59813.0,57505.0,26829983370.35861,1137361604370.578,-1.0,,,,-0.027511296537395757,994.0,1014.0,4.0,12.0,12.0,2.363831043243408,0.9885271477202574,3.0,11.86232577264309,4.1582030193829596,3.181080253812095,2.267912828806119,0.6809565140940955,1.0403267294168472,0.0,0.0,0.0,0.0,0.0,0.0,0.0,0.0,0.0,0.0,0.0,12.0,12.0,2.1205456256866455,1.0021685478587945,2.8,12.026022574305534,11.35079870969057,2.344843466923197,0.0,0.8,0.0,0.0,0.0,0.0,0.0687337875366211,0.0,-1,0.0,0.0
2024-09-04,57519.0,57988.0,58514.0,55747.0,37550380696.7459,1144983177152.221,-1.0,,,,0.008364192044106223,995.0,1015.0,4.0,12.0,12.0,2.337435245513916,0.9611360828081766,3.0,11.53363299369812,3.996255368491008,3.0312442586727633,2.2796983193586886,0.6380090212321354,0.20661936700344086,0.0,0.0,0.0,0.0,0.0,0.0,0.0,0.0,0.0,0.0,0.0,12.0,12.0,2.1708205699920655,1.0039698389669258,3.0,12.047638067603112,11.542845307290554,2.322639668173591,0.0,0.5,0.0,0.0,0.0,0.0,0.050233089923858644,0.0,-1,0.0,0.0
2024-09-05,57978.0,56132.0,58272.0,55791.0,30005773445.693718,1109212553022.4158,-1.0,,,,-0.03253003269976173,996.0,1016.0,4.0,12.0,12.0,2.2337777614593506,0.9711387505133947,3.0,11.653665006160736,3.958384368517962,2.952614950982304,2.2967433303971703,0.6021822215868118,0.42206740379333496,0.0,0.0,0.0,0.0,0.0,0.0,0.0,0.0,0.0,0.0,0.0,12.0,12.0,2.1971366882324217,0.9883492914338907,3.0,11.860191497206689,11.731354163587094,2.3091748466128736,0.0,0.3,0.0,0.0,0.0,0.0,0.03733131885528564,0.0,-1,0.0,0.0
2024-09-06,56164.0,53923.0,56894.0,52690.0,50260816556.81667,1065462041080.5197,-1.0,,,,-0.04014895685037698,997.0,1017.0,4.0,12.0,12.0,1.9447537660598755,0.8773782178759575,3.0,10.52853861451149,3.5475507933109385,2.6199846469087937,2.301220430277899,0.5281734393709114,0.8124589025974274,0.0,0.0,0.0,0.0,0.0,0.0,0.0,0.0,0.0,0.0,0.0,12.0,12.0,2.1805320024490356,0.9564750783145428,3.0,11.477700939774513,11.657686372101306,2.294251393658368,0.0,0.2,0.0,0.0,0.0,0.0,0.02607012987136841,0.0,-1,0.0,0.0
2024-09-07,53955.0,54151.0,54815.0,53745.0,17048448412.007126,1068954727890.2039,-1.0,,,,0.004219337458653467,998.0,1018.0,4.0,12.0,12.0,1.769086241722107,0.7668218786517779,3.0,9.201862543821335,3.130481639583287,2.337197086134938,2.295018233888757,0.4781671406544262,0.7442496120929718,0.0,0.0,0.0,0.0,0.0,0.0,0.0,0.0,0.0,0.0,0.0,12.0,12.0,2.1297768115997315,0.9130004155139128,3.0,10.956004986166954,11.465518490970135,2.288118628545727,0.0,0.1,0.0,0.0,0.0,0.0,0.013078439235687255,0.0,-1,0.0,0.0
2024-09-08,54150.0,54792.0,55231.0,53723.0,18644823662.23431,1085390277573.522,-1.0,,,,0.01176775739843821,999.0,1019.0,4.0,12.0,12.0,1.4292434453964233,0.5903381326546272,3.0,7.084057591855526,2.405642538153291,1.8087017806999661,2.3050306363710993,0.3657329047017308,0.7880022898316383,0.0,0.0,0.0,0.0,0.0,0.0,0.0,0.0,0.0,0.0,0.0,12.0,12.0,1.9428592920303345,0.8333626125007868,3.0,10.000351350009442,11.013186962157487,2.2955421900587227,0.0,0.0,0.0,0.0,0.0,0.0,0.0,0.0,-1,0.0,0.0
2024-09-09,54865.0,57049.0,57897.0,54599.0,35655419448.07046,1126840069631.8132,-1.0,,,,0.04036634977506867,1000.0,1020.0,4.0,12.0,12.0,1.4138014316558838,0.637056545043985,3.0,7.644678540527821,2.5124352786342934,1.8428237403253784,2.3382528043458395,0.3466793103053638,0.09923596680164337,0.0,0.0,0.0,0.0,0.0,0.0,0.0,0.0,0.0,0.0,0.0,12.0,12.0,1.758132529258728,0.7685467049479484,3.0,9.222560459375382,10.635099263489247,2.3072530870561527,0.0,0.0,0.0,0.0,0.0,0.0,0.0,0.0,-1,0.0,0.0
2024-09-10,57023.0,57624.0,58043.0,56448.0,29676093302.30697,1137928777838.5286,-1.0,,,,0.01002859991638889,1001.0,1021.0,4.0,12.0,12.0,1.406569480895996,0.6631980501115322,3.0,7.9583766013383865,2.607680085150459,1.8965396124965546,2.3368095243292593,0.3561385009643304,0.08180471509695053,0.0,0.0,0.0,0.0,0.0,0.0,0.0,0.0,0.0,0.0,0.0,12.0,12.0,1.5926908731460572,0.706958564867576,3.0,8.483502778410912,10.1718471378088,2.315266325842571,0.0,0.0,0.0,0.0,0.0,0.0,0.0,0.0,-1,0.0,0.0
2024-09-11,57654.0,57382.0,57975.0,55573.0,37765652735.2964,1134292554478.847,-1.0,,,,-0.004208482290980426,1002.0,1022.0,4.0,12.0,12.0,1.4171465635299683,0.6463961141804854,3.0,7.756753370165825,2.5410870447779432,1.8574900950353803,2.340680425814063,0.34679342217987247,0.18348997831344604,0.0,0.0,0.0,0.0,0.0,0.0,0.0,0.0,0.0,0.0,0.0,12.0,12.0,1.4871694326400757,0.6607621441284816,3.0,7.929145729541778,9.703423334658146,2.323158324949804,0.0,0.0,0.0,0.0,0.0,0.0,0.0,0.0,-1,0.0,0.0
2024-09-12,57355.0,58107.0,58436.0,57293.0,34177859933.02337,1148469900814.253,-1.0,,,,0.012555473232130406,1003.0,1023.0,4.0,12.0,12.0,1.1608597040176392,0.5526229583968719,3.0,6.631475500762463,2.1219350884103907,1.5263144966001756,2.3683183904517064,0.26424466403623664,0.3660486415028572,0.0,0.0,0.0,0.0,0.0,0.0,0.0,0.0,0.0,0.0,0.0,12.0,12.0,1.365524125099182,0.6179223600775003,3.0,7.415068320930004,9.185536653548478,2.3378183562623933,0.0,0.0,0.0,0.0,0.0,0.0,0.0,0.0,-1,0.0,0.0
2024-09-13,58147.0,60621.0,60655.0,57669.0,31919740723.76027,1197832322916.0117,-1.0,,,,0.04235522917125705,1004.0,1024.0,4.0,12.0,12.0,1.403525471687317,0.7059858640034994,3.0,8.471830368041992,2.6892601239679568,1.9360855460284998,2.38776507724467,0.3228941431660098,0.609901674091816,0.0,0.0,0.0,0.0,0.0,0.0,0.0,0.0,0.0,0.0,0.0,12.0,12.0,1.3603805303573608,0.6410519063472748,3.0,7.692622876167297,8.846487113088369,2.3543652444371075,0.0,0.0,0.0,0.0,0.0,0.0,0.0,0.0,-1,0.0,0.0
2024-09-14,60545.0,60003.0,60644.0,59621.0,15800120841.166773,1185255944124.8464,-1.0,,,,-0.010246806727326507,1005.0,1025.0,4.0,12.0,12.0,1.560880184173584,0.8333494737744331,3.0,10.000193685293198,3.1314074557973015,2.2217922232379705,2.3990047268283905,0.35024473692708014,0.5451733767986298,0.0,0.0,0.0,0.0,0.0,0.0,0.0,0.0,0.0,0.0,0.0,12.0,12.0,1.3897962808609008,0.6803104920933644,3.0,8.163725905120373,8.693143182247876,2.366515628933618,0.0,0.0,0.0,0.0,0.0,0.0,0.0,0.0,-1,0.0,0.0
2024-09-15,60014.0,59215.0,60367.0,58669.0,17289597542.866756,1169677517083.0613,-1.0,,,,-0.01321967279868397,1006.0,1026.0,4.0,12.0,12.0,1.8375244140625,0.9315568457047144,3.0,11.178682148456573,3.571076637865803,2.569095097368427,2.376558991124105,0.4414946651394481,0.8562412559986115,0.0,0.0,0.0,0.0,0.0,0.0,0.0,0.0,0.0,0.0,0.0,12.0,12.0,1.4759872674942016,0.7339822512120009,3.0,8.80778701454401,8.64564489647746,2.3744655222925872,0.0,0.0,0.0,0.0,0.0,0.0,0.0,0.0,-1,0.0,0.0
2024-09-16,59142.0,58211.0,59186.0,57559.0,32196570894.402115,1150499194409.9338,-1.0,,,,-0.01710054785853936,1007.0,1027.0,4.0,12.0,12.0,1.911589503288269,0.9721527794996897,4.0,11.665833353996277,3.6536977606227232,2.5973313145045367,2.400071550396976,0.4091184634585108,0.9543905854225159,1.0,1.0,0.017526626586914062,0.017526626586914062,0.0,0.017526626586914062,0.017526626586914062,0.017526626586914066,-0.0,0.0,0.017526626586914062,12.0,12.0,1.5748758554458617,0.7991335842758417,3.2,9.5896030113101,8.75937437042594,2.3863437472091698,0.2,0.1,0.0035053253173828124,0.0035053253173828124,0.0,0.0035053253173828124,0.0017526626586914062,-0.0,-1,0.0,0.0
2024-09-17,58195.0,60317.0,61243.0,57634.0,34191170117.78261,1191818552363.6113,-1.0,,,,0.035539647399957346,1008.0,1028.0,4.0,12.0,12.0,2.0091190338134766,1.0040324827035267,3.0,12.048389792442322,3.864376892510705,2.799601432261501,2.375619466898475,0.48617846958747213,0.313804566860199,1.0,1.0,0.017126083374023438,0.017126083374023438,0.0,0.017126083374023438,0.017126083374023438,0.01712608337402344,-0.0,0.0,0.06952062344198859,12.0,12.0,1.7445277214050292,0.8894154891371727,3.2,10.672985869646073,9.044027095288039,2.3878039624985234,0.4,0.2,0.0069305419921875,0.0069305419921875,0.0,0.0069305419921875,0.00346527099609375,-0.0,-1,0.0,0.0
2024-09-18,60320.0,61440.0,61440.0,59212.0,40445339415.1129,1211837853548.9263,-1.0,,,,0.018447101124540285,1009.0,1029.0,4.0,12.0,12.0,1.7385674715042114,0.9643522972861925,3.0,11.572227567434311,3.7266893583956433,2.6916292894464005,2.3678505943204455,0.47683936276673644,0.8216884732246399,1.0,1.0,0.015940189361572266,0.015940189361572266,0.0,0.015940189361572266,0.015940189361572266,0.01594018936157227,-0.0,0.0,0.2057752670846918,12.0,12.0,1.8115361213684082,0.9410887757937113,3.2,11.293065309524536,9.492844092845917,2.3838210659136783,0.6,0.3,0.010118579864501953,0.010118579864501953,0.0,0.010118579864501953,0.005059289932250977,-0.0,-1,0.0,0.0
2024-09-19,61827.0,62967.0,63858.0,61597.0,41959080716.28771,1243871590271.4927,-1.0,,,,0.024549690792172042,1010.0,1030.0,4.0,12.0,12.0,1.5435889959335327,0.8660625889897346,3.0,10.392751067876816,3.334376245952822,2.400466953656484,2.3712433280330893,0.42004881194562854,1.0219247043132782,1.0,1.0,0.01415252685546875,0.01415252685546875,0.0,0.01415252685546875,0.01415252685546875,0.014152526855468753,-0.0,0.0,0.31023069149970806,12.0,12.0,1.808077883720398,0.9476313988367716,3.2,11.37157678604126,9.767651345580816,2.378268786154618,0.8,0.4,0.012949085235595703,0.012949085235595703,0.0,0.012949085235595703,0.006474542617797852,-0.0,-1,0.0,0.0
2024-09-20,62976.0,63128.0,64082.0,62340.0,35587830476.533394,1246475981189.1353,-1.0,,,,0.0025536315871451496,1011.0,1031.0,4.0,12.0,12.0,1.3989113569259644,0.7987764204541842,3.0,9.58531704545021,3.0433872879928994,2.1799158419790534,2.3849363058415527,0.36579604360827206,0.738539308309555,1.0,1.0,0.012826085090637207,0.012826085090637207,0.0,0.012826085090637207,0.012826085090637207,0.01282608509063721,-0.0,0.0,0.23019678632106877,12.0,12.0,1.7203552722930908,0.9210753137866655,3.2,11.052903765439988,9.930345389991999,2.3799442490981075,1.0,0.5,0.015514302253723144,0.015514302253723144,0.0,0.015514302253723144,0.007757151126861572,-0.0,-1,0.0,0.0
2024-09-21,63218.0,63403.0,63564.0,62814.0,12938083115.659332,1254104417392.48,-1.0,,,,0.0043467677169435545,1012.0,1032.0,4.0,12.0,12.0,1.2831331491470337,0.7313808128237724,3.0,8.77656975388527,2.784668170320141,1.9935906586454093,2.385680662117551,0.3335868325729921,0.5789805054664612,1.0,1.0,0.0117645263671875,0.0117645263671875,0.0,0.0117645263671875,0.0117645263671875,0.011764526367187503,-0.0,0.0,0.18421503605897366,12.0,12.0,1.5946640014648437,0.8729209204514821,3.0,10.475051045417786,10.032327028363943,2.377066071442223,1.0,0.6,0.014361882209777832,0.014361882209777832,0.0,0.014361882209777832,0.008933603763580322,-0.0,-1,0.0,0.0
2024-09-22,63406.0,63583.0,63938.0,62479.0,20349365412.816723,1255899286380.1958,-1.0,,,,0.0028349600830795663,1013.0,1033.0,4.0,12.0,12.0,1.34494948387146,0.680955578883489,3.0,8.171466946601868,2.637180265138984,1.915277304335833,2.368966591201564,0.34038137261606427,0.45512649416923523,0.0,0.0,0.0,0.0,0.0,0.0,0.0,0.0,0.0,0.0,0.0117645263671875,12.0,12.0,1.4618300914764404,0.8083055396874747,3.0,9.699666476249694,10.186326172947883,2.3757354963028403,0.8,0.6,0.010936665534973144,0.010936665534973144,0.0,0.010936665534973144,0.008933603763580322,0.0,-1,0.0,0.0
2024-09-23,63614.0,63327.0,64688.0,62921.0,23998847798.757656,1251095079247.0432,1.0,,,,-0.004034360526713745,1014.0,1034.0,4.0,12.0,12.0,1.2771281003952026,0.6532141789793968,3.0,7.838570147752762,2.5210835583317603,1.8255590232307806,2.3720926394076702,0.32088382433704377,0.37130483984947205,0.0,0.0,0.0,0.0,0.0,0.0,0.0,0.0,0.0,0.0,0.0,12.0,12.0,1.3695422172546388,0.7460779160261154,3.0,8.952934992313384,10.12300015091896,2.3765839053202855,0.6,0.6,0.007748627662658691,0.007748627662658691,0.0,0.007748627662658691,0.008933603763580322,0.0,1,0.0,0.0
2024-09-24,63340.0,64334.0,64612.0,62742.0,31490984593.70592,1271183646356.5713,1.0,,,,0.01577648438534086,1015.0,1035.0,4.0,12.0,12.0,1.2072696685791016,0.6266055107116699,3.0,7.519266128540039,2.40118582770559,1.731410010318503,2.380449546891694,0.29637810683362287,0.3587867021560669,0.0,0.0,0.0,0.0,0.0,0.0,0.0,0.0,0.0,0.0,0.0,12.0,12.0,1.3022783517837524,0.6981865003705024,3.0,8.378238004446029,9.874907395243644,2.3784251490920063,0.4,0.6,0.004918122291564941,0.004918122291564941,0.0,0.004918122291564941,0.008933603763580322,0.0,1,0.0,0.0
2024-09-25,64269.0,63152.0,64755.0,62938.0,26087643765.748165,1245721254991.302,1.0,,,,-0.018543743956892764,1016.0,1036.0,4.0,12.0,12.0,1.0381896495819092,0.5438801720738411,3.0,6.526562064886093,2.058591851419053,1.4795077979086093,2.397347358518,0.2394668926017526,0.2801241874694824,0.0,0.0,0.0,0.0,0.0,0.0,0.0,0.0,0.0,0.0,0.0,12.0,12.0,1.2301340103149414,0.6472072506944339,3.0,7.766487008333206,9.409695386886597,2.380907359627296,0.2,0.6,0.0023529052734375,0.0023529052734375,0.0,0.0023529052734375,0.008933603763580322,0.0,1,0.0,0.0
2024-09-26,63146.0,65131.0,65743.0,62812.0,37995568903.94455,1287151352432.846,1.0,,,,0.03085610742751834,1017.0,1037.0,4.0,12.0,12.0,1.1816136837005615,0.5405322661002477,3.0,6.486387193202972,2.0837114820783267,1.526259145715985,2.381155712355885,0.2639052816509849,0.21098724007606506,0.0,0.0,0.0,0.0,0.0,0.0,0.0,0.0,0.0,0.0,0.0,12.0,12.0,1.209830117225647,0.609037541349729,3.0,7.3084504961967465,8.891750770807267,2.380002369674963,0.0,0.5,0.0,0.0,0.0,0.0,0.007180941104888916,0.0,1,0.0,0.0
2024-09-27,65178.0,65791.0,66439.0,64853.0,32664917503.931107,1299708226182.0723,1.0,,,,0.010082424512780824,1018.0,1038.0,4.0,12.0,12.0,1.2130718231201172,0.5759433805942535,2.0,6.9113205671310425,2.1843120689251334,1.582644609668793,2.3994732590069905,0.2566920792583905,0.22949734330177307,0.0,0.0,0.0,0.0,0.0,0.0,0.0,0.0,0.0,0.0,0.0,12.0,12.0,1.1834545850753784,0.5880351016918818,2.8,7.056421220302582,8.378043848276139,2.386103703236048,0.0,0.4,0.0,0.0,0.0,0.0,0.005468332767486572,0.0,1,0.0,0.0
2024-09-28,65797.0,65934.0,66223.0,65440.0,15342911002.84781,1303217687717.8518,1.0,,,,0.0021711908320515123,1019.0,1039.0,4.0,12.0,12.0,1.2736845016479492,0.5949980939428011,2.0,7.139977127313614,2.2736400742758622,1.6552965040917096,2.390886739771284,0.2770629299464821,0.25419288873672485,0.0,0.0,0.0,0.0,0.0,0.0,0.0,0.0,0.0,0.0,0.0,12.0,12.0,1.1827658653259276,0.5763918846845627,2.6,6.916702616214752,7.934818804264069,2.3898625233087705,0.0,0.3,0.0,0.0,0.0,0.0,0.0038743138313293455,0.0,1,0.0,0.0
2024-09-29,65869.0,65664.0,66000.0,65444.0,12948707838.938381,1297825615076.3352,1.0,,,,-0.004103411584592342,1020.0,1040.0,4.0,12.0,12.0,1.1301451921463013,0.5386460820833842,2.0,6.46375298500061,2.0284500166376125,1.4515139677028868,2.3987820964634814,0.22966175292368782,0.444003701210022,0.0,0.0,0.0,0.0,0.0,0.0,0.0,0.0,0.0,0.0,0.0,12.0,12.0,1.1673409700393678,0.5587999989589055,2.4,6.705599987506867,7.541918995976448,2.3935290332231283,0.0,0.2,0.0,0.0,0.0,0.0,0.0024590611457824705,0.0,1,0.0,0.0
2024-09-30,65603.0,63243.0,65603.0,62970.0,35124446789.27111,1249577803402.1707,1.0,,,,-0.037566380561969655,1021.0,1041.0,4.0,12.0,12.0,1.205165147781372,0.6182935970524946,3.0,7.419523164629936,2.3448553199025812,1.6751858884515718,2.3874271375040794,0.2755150941724254,0.30901359021663666,0.0,0.0,0.0,0.0,0.0,0.0,0.0,0.0,0.0,0.0,0.0,12.0,12.0,1.2007360696792602,0.5736826839546362,2.4,6.884192207455635,7.325339607894421,2.391544989020344,0.0,0.1,0.0,0.0,0.0,0.0,0.00117645263671875,0.0,1,0.0,0.0
2024-10-01,63357.0,60873.0,64131.0,60315.0,54251488433.95029,1202927109017.5488,1.0,,,,-0.038194722892683136,1022.0,1042.0,4.0,12.0,12.0,1.283631443977356,0.68254254758358,4.0,8.19051057100296,2.5904173984572956,1.8437968338751147,2.3839271532480026,0.30549009082233486,0.3827083557844162,0.0,0.0,0.0,0.0,0.0,0.0,0.0,0.0,0.0,0.0,0.0,12.0,12.0,1.221139621734619,0.6020847402513028,2.6,7.225016883015632,7.266733689606189,2.392099277198768,0.0,0.0,0.0,0.0,0.0,0.0,0.0,0.0,1,0.0,0.0
2024-10-02,60800.0,60656.0,62311.0,60080.0,41870731291.86736,1198652098493.4897,1.0,,,,-0.0035711678796178713,1023.0,1043.0,4.0,12.0,12.0,1.3953700065612793,0.7345785945653915,4.0,8.814943134784698,2.80061177983559,1.999080070173377,2.378683137623999,0.33765833350566565,0.4156843423843384,0.0,0.0,0.0,0.0,0.0,0.0,0.0,0.0,0.0,0.0,0.0,12.0,12.0,1.2575992584228515,0.6338117830455303,3.0,7.605741396546364,7.331081308424473,2.387941252922169,0.0,0.0,0.0,0.0,0.0,0.0,0.0,0.0,1,0.0,0.0
2024-10-03,60627.0,60728.0,61432.0,59954.0,37711138441.76231,1200491237695.5154,1.0,,,,0.0011863179404880439,1024.0,1044.0,4.0,12.0,12.0,1.2952824831008911,0.6742426473647356,3.0,8.090911768376827,2.611834189612032,1.8702651017985115,2.3496787479237744,0.3374462998909915,0.47335185110569,0.0,0.0,0.0,0.0,0.0,0.0,0.0,0.0,0.0,0.0,0.0,12.0,12.0,1.26191885471344,0.6496606937299172,3.2,7.795928324759006,7.356315470486879,2.3796996545526676,0.0,0.0,0.0,0.0,0.0,0.0,0.0,0.0,1,0.0,0.0
2024-10-04,60749.0,62103.0,62451.0,60470.0,30349059838.684578,1226663492771.043,1.0,,,,0.022389420236859147,1025.0,1045.0,4.0,12.0,12.0,1.3173916339874268,0.7398137940714756,4.0,8.877765528857708,2.8732569508822583,2.0498416712813117,2.3421263776565464,0.37502356670526166,0.1560017168521881,0.0,0.0,0.0,0.0,0.0,0.0,0.0,0.0,0.0,0.0,0.0,12.0,12.0,1.299368143081665,0.6898942361275354,3.6,8.278730833530426,7.492165410518647,2.3683685107912806,0.0,0.0,0.0,0.0,0.0,0.0,0.0,0.0,1,0.0,0.0
2024-10-05,62094.0,62092.0,62372.0,61721.0,11095453162.990673,1226761949791.163,1.0,,,,-0.00017714078712930136,1026.0,1046.0,4.0,12.0,12.0,1.3628486394882202,0.7942177218695482,5.0,9.530612662434578,3.0874521251799676,2.1965742904250645,2.3382350184364458,0.4044522168417465,0.24944474548101425,0.0,0.0,0.0,0.0,0.0,0.0,0.0,0.0,0.0,0.0,0.0,12.0,12.0,1.3309048414230347,0.7250790610909462,4.0,8.700948733091355,7.792570470273494,2.358530086977754,0.0,0.0,0.0,0.0,0.0,0.0,0.0,0.0,1,0.0,0.0
2024-10-06,62069.0,62812.0,62911.0,61829.0,14592422860.685436,1241834324867.657,1.0,,,,0.011528981858510463,1027.0,1047.0,4.0,12.0,12.0,1.464674949645996,0.877901674558719,6.0,10.534820094704628,3.436426437569133,2.4409997228002163,2.324528688505334,0.4619244579751872,0.4821368157863617,0.0,0.0,0.0,0.0,0.0,0.0,0.0,0.0,0.0,0.0,0.0,12.0,12.0,1.3671135425567627,0.7641508864859741,4.4,9.169810637831688,8.197413760423661,2.34665039402922,0.0,0.0,0.0,0.0,0.0,0.0,0.0,0.0,1,0.0,0.0
2024-10-07,62816.0,62287.0,64500.0,62100.0,33878876147.30253,1231091696620.0955,1.0,,,,-0.008393401740198805,1028.0,1048.0,4.0,12.0,12.0,1.7180837392807007,0.9126015541454157,5.0,10.951218649744987,3.746208838046236,2.726071457869572,2.2591304027642827,0.5802285109271027,0.9635293781757355,0.0,0.0,0.0,0.0,0.0,0.0,0.0,0.0,0.0,0.0,0.0,12.0,12.0,1.431656289100647,0.7997554784019789,4.6,9.597065740823746,8.601403568685054,2.322739847057277,0.0,0.0,0.0,0.0,0.0,0.0,0.0,0.0,1,0.0,0.0
2024-10-08,62211.0,62185.0,63130.0,61854.0,28626429276.55382,1229717180592.4397,1.0,,,,-0.0016389231768042423,1029.0,1049.0,4.0,12.0,12.0,1.8277498483657837,0.9668070177237192,5.0,11.601684212684631,3.9677104829440957,2.88800422710788,2.2598527957793784,0.6141482422989367,0.4271332770586014,0.0,0.0,0.0,0.0,0.0,0.0,0.0,0.0,0.0,0.0,0.0,12.0,12.0,1.5381497621536255,0.8582683524737756,5.0,10.299220229685307,9.047574277222157,2.3047746566283975,0.0,0.0,0.0,0.0,0.0,0.0,0.0,0.0,1,0.0,0.0
2024-10-09,62126.0,60597.0,62500.0,60401.0,28530748117.898792,1197736450280.4102,1.0,,,,-0.025868426206341093,1030.0,1050.0,4.0,12.0,12.0,1.7746397256851196,0.9961710001031557,6.0,11.95405200123787,4.098035210751832,2.9725707154750167,2.2511659281059138,0.6380708327453124,0.5887519717216492,0.0,0.0,0.0,0.0,0.0,0.0,0.0,0.0,0.0,0.0,0.0,12.0,12.0,1.629599380493164,0.9095397936801115,5.4,10.914477524161338,9.596604178845883,2.2865825667182706,0.0,0.0,0.0,0.0,0.0,0.0,0.0,0.0,1,0.0,0.0
2024-10-10,60583.0,60195.0,61247.0,58935.0,29481971885.649742,1189691671375.1472,1.0,,,,-0.006656094512373476,1031.0,1051.0,4.0,12.0,12.0,1.6598953008651733,0.9598585913578669,6.0,11.518303096294403,3.8759022915231673,2.791657853216316,2.278514272072413,0.5749403149162846,0.5227625072002411,1.0,1.0,0.01241922378540039,0.01241922378540039,0.0,0.01241922378540039,0.01241922378540039,0.012419223785400394,-0.0,0.0,0.01241922378540039,12.0,12.0,1.6890087127685547,0.9426679675777754,5.6,11.312015610933305,10.00648217201233,2.2746384174454644,0.2,0.1,0.002483844757080078,0.002483844757080078,0.0,0.002483844757080078,0.001241922378540039,-0.0,1,0.0,0.0
2024-10-11,60278.0,62392.0,63362.0,60042.0,32008659336.482643,1233357176570.333,1.0,,,,0.035847769641207124,1032.0,1052.0,4.0,12.0,12.0,1.8194066286087036,0.984164131184419,6.0,11.809969574213028,3.944081102217317,2.826453216758842,2.28593290772053,0.5724819717356449,0.3151567280292511,1.0,1.0,0.01239919662475586,0.01239919662475586,0.0,0.01239919662475586,0.01239919662475586,0.012399196624755863,-0.0,0.0,0.00514395806021436,12.0,12.0,1.7599550485610962,0.9639204589029153,5.6,11.567045506834983,10.368428072333336,2.2669192612885034,0.4,0.2,0.00496368408203125,0.00496368408203125,0.0,0.00496368408203125,0.002481842041015625,-0.0,1,0.0,0.0
2024-10-12,62465.0,63208.0,63417.0,62465.0,17665963646.417107,1249002272717.2275,1.0,,,,0.012993813392235293,1033.0,1053.0,4.0,12.0,12.0,1.5673326253890991,0.8630381599068642,4.0,10.35645791888237,3.431782933282956,2.4638155245007547,2.3037028066232197,0.48640824037933544,0.29459673166275024,1.0,1.0,0.012415885925292969,0.012415885925292969,0.0,0.012415885925292969,0.012415885925292969,0.012415885925292972,-0.0,0.0,0.004257185231046151,12.0,12.0,1.7298048257827758,0.9540077800552049,5.4,11.44809336066246,10.522579550743103,2.275833742060291,0.6,0.3,0.007446861267089844,0.007446861267089844,0.0,0.007446861267089844,0.003723430633544922,-0.0,1,0.0,0.0
2024-10-13,63192.0,62830.0,63279.0,62060.0,16784552979.060463,1241241970951.0295,1.0,,,,-0.005998209005576454,1034.0,1054.0,4.0,12.0,12.0,1.8446292877197266,0.8483642066518465,3.0,10.180370479822159,3.4096060887027706,2.4867304009108646,2.2973160574830582,0.4990617659320672,0.16338717937469482,1.0,1.0,0.01246953010559082,0.01246953010559082,0.0,0.01246953010559082,0.01246953010559082,0.012469530105590824,-0.0,0.0,0.013632198043779098,12.0,12.0,1.7331807136535644,0.9303192178408304,5.0,11.163830614089965,10.731525421887635,2.283326394401027,0.8,0.4,0.009940767288208007,0.009940767288208007,0.0,0.009940767288208007,0.004970383644104004,-0.0,1,0.0,0.0
2024-10-14,62872.0,66050.0,66486.0,62465.0,46553796134.14602,1306085613997.8015,1.0,,,,0.0499793645534787,1035.0,1055.0,4.0,12.0,12.0,1.8042161464691162,0.934734063843886,4.0,11.216808766126633,3.658927906397769,2.6358079698667223,2.3359967326368487,0.49185195798592773,0.4763912260532379,1.0,1.0,0.01158595085144043,0.01158595085144043,0.0,0.01158595085144043,0.01158595085144043,0.011585950851440433,-0.0,0.0,0.22463413054164777,12.0,12.0,1.7390959978103637,0.9180318305889765,4.6,11.01638196706772,10.965429745614529,2.3002925553072138,1.0,0.5,0.012257957458496093,0.012257957458496093,0.0,0.012257957458496093,0.006128978729248047,-0.0,1,0.0,0.0
2024-10-15,66053.0,66962.0,67803.0,64886.0,51797932876.82809,1323774576161.621,1.0,,,,0.013713263345084081,1036.0,1056.0,4.0,12.0,12.0,1.6973624229431152,0.9169696929554144,4.0,11.003636315464973,3.5692613755818923,2.552489301262407,2.338602683779746,0.4698958886139726,0.5798251777887344,1.0,1.0,0.01060628890991211,0.01060628890991211,0.0,0.01060628890991211,0.01060628890991211,0.010606288909912113,-0.0,0.0,0.24911362020056504,12.0,12.0,1.7465894222259521,0.909454050908486,4.2,10.913448610901833,11.112732110917568,2.3123102376486804,1.0,0.6,0.011895370483398438,0.011895370483398438,0.0,0.011895370483398438,0.007189607620239258,-0.0,1,0.0,0.0
2024-10-16,67103.0,67648.0,68257.0,66782.0,40640495380.19594,1337304399194.887,1.0,,,,0.010192495934353887,1037.0,1057.0,4.0,12.0,12.0,1.4874787330627441,0.7383701391518116,4.0,8.86044166982174,2.868051708402765,2.055561049198235,2.3450093802093654,0.3745480669397043,0.8287120163440704,0.0,0.0,0.0,0.0,0.0,0.0,0.0,0.0,0.0,0.0,0.01060628890991211,12.0,12.0,1.6802038431167603,0.8602952525019646,3.8,10.323543030023576,10.94529426842928,2.324125532146448,0.8,0.6,0.009415531158447265,0.009415531158447265,0.0,0.009415531158447265,0.007189607620239258,0.0,1,0.0,0.0
2024-10-17,67620.0,67328.0,67928.0,66739.0,34512072357.92087,1330387728623.8188,1.0,,,,-0.004741592572582441,1038.0,1058.0,4.0,12.0,12.0,1.4052839279174805,0.6898999301095804,3.0,8.278799161314964,2.696536343038623,1.9458974794643282,2.340145579830654,0.3605280024429059,0.4142591953277588,0.0,0.0,0.0,0.0,0.0,0.0,0.0,0.0,0.0,0.0,0.0,12.0,12.0,1.6477941036224366,0.8256676065425077,3.6,9.908011278510093,10.678052319586277,2.3314140867879347,0.6,0.6,0.006932353973388672,0.006932353973388672,0.0,0.006932353973388672,0.007189607620239258,0.0,1,0.0,0.0
2024-10-18,67344.0,68466.0,68970.0,67164.0,39984956633.228035,1353541799303.4875,1.0,,,,0.016761074005407692,1039.0,1059.0,4.0,12.0,12.0,1.3460890054702759,0.7419993380705515,4.0,8.903992056846619,2.8344112703773146,2.023569022732046,2.3758994862004963,0.34485879202898645,0.5132965296506882,0.0,0.0,0.0,0.0,0.0,0.0,0.0,0.0,0.0,0.0,0.0,12.0,12.0,1.5480860471725464,0.8043946328262488,3.8,9.652735593914986,10.408283104002475,2.347130772531422,0.4,0.6,0.004438447952270508,0.004438447952270508,0.0,0.004438447952270508,0.007189607620239258,0.0,1,0.0,0.0
2024-10-19,68412.0,68389.0,68660.0,68047.0,14110889435.452631,1351942347611.1997,1.0,,,,-0.001125278698258999,1040.0,1060.0,4.0,12.0,12.0,1.2675281763076782,0.7535325735807419,3.0,9.042390882968903,2.800902588238999,1.9646303670663443,2.4092072858236033,0.2931608255203576,0.45595479011535645,0.0,0.0,0.0,0.0,0.0,0.0,0.0,0.0,0.0,0.0,0.0,12.0,12.0,1.4407484531402588,0.7681543347736199,3.6,9.21785201728344,10.117116992175578,2.361772883168773,0.2,0.6,0.002121257781982422,0.002121257781982422,0.0,0.002121257781982422,0.007189607620239258,0.0,1,0.0,0.0
2024-10-20,68362.0,68963.0,69317.0,68088.0,17253863432.786995,1362381684459.9053,1.0,,,,0.008358135907128455,1041.0,1061.0,4.0,12.0,12.0,1.1804802417755127,0.6567176133394241,4.0,7.88061136007309,2.4622211660617728,1.745973959175491,2.4028405228064416,0.2719063543697602,0.49021241068840027,0.0,0.0,0.0,0.0,0.0,0.0,0.0,0.0,0.0,0.0,0.0,12.0,12.0,1.3373720169067382,0.7161039188504219,3.6,8.593247026205063,9.753347818553447,2.374620450974112,0.0,0.5,0.0,0.0,0.0,0.0,0.005947685241699219,0.0,1,0.0,0.0
2024-10-21,68999.0,67395.0,69432.0,66839.0,40485496091.95008,1332326858574.4448,1.0,,,,-0.022999297699234176,1042.0,1062.0,4.0,12.0,12.0,1.143503189086914,0.625403900941213,4.0,7.504846811294556,2.3608868173363096,1.6822233770714605,2.3954017245144192,0.2708360655025058,0.1602451205253601,0.0,0.0,0.0,0.0,0.0,0.0,0.0,0.0,0.0,0.0,0.0,12.0,12.0,1.2685769081115723,0.6935106712083022,3.6,8.322128054499625,9.3228355422616,2.384698919835123,0.0,0.4,0.0,0.0,0.0,0.0,0.004707765579223633,0.0,1,0.0,0.0
2024-10-22,67333.0,67351.0,67740.0,66669.0,31398389967.38113,1331426858508.4004,1.0,,,,-0.0006530806341395333,1043.0,1063.0,4.0,12.0,12.0,1.1454510688781738,0.7087481021881104,3.0,8.504977226257324,2.640745165854174,1.854811587555169,2.4069804849575993,0.28072058508999237,0.1326967477798462,0.0,0.0,0.0,0.0,0.0,0.0,0.0,0.0,0.0,0.0,0.0,12.0,12.0,1.2166103363037108,0.6972803056240082,3.6,8.367363667488098,9.137687472999096,2.3980659008605123,0.0,0.3,0.0,0.0,0.0,0.0,0.003466176986694336,0.0,1,0.0,0.0
2024-10-23,67395.0,66684.0,67395.0,65162.0,32676918488.059,1318285437546.2786,1.0,,,,-0.009952706470308891,1044.0,1064.0,4.0,12.0,12.0,1.175390601158142,0.6951575304071108,3.0,8.34189036488533,2.6260151287160047,1.8654659829905276,2.3930651948500774,0.3023556888920696,0.1792871356010437,0.0,0.0,0.0,0.0,0.0,0.0,0.0,0.0,0.0,0.0,0.0,12.0,12.0,1.1824706554412843,0.6879119440913201,3.4,8.254943329095841,8.953839461505414,2.401499042590428,0.0,0.2,0.0,0.0,0.0,0.0,0.002219223976135254,0.0,1,0.0,0.0
2024-10-24,66634.0,68214.0,68821.0,66483.0,35892606570.03549,1347888109010.5889,1.0,,,,0.02268477828924007,1045.0,1065.0,4.0,12.0,12.0,1.1908831596374512,0.7092300628622373,3.0,8.510760754346848,2.6735357421565724,1.8956731943806178,2.3950212553147643,0.3043717545724058,0.08731678128242493,0.0,0.0,0.0,0.0,0.0,0.0,0.0,0.0,0.0,0.0,0.0,12.0,12.0,1.1671416521072389,0.6790514419476191,3.4,8.148617303371429,8.683234660327434,2.3986618364886603,0.0,0.1,0.0,0.0,0.0,0.0,0.001060628890991211,0.0,1,0.0,0.0
2024-10-25,68164.0,66586.0,68655.0,65564.0,48426924850.053406,1313975091942.221,1.0,,,,-0.024155477136154287,1046.0,1066.0,4.0,12.0,12.0,1.2135204076766968,0.7059891372919083,3.0,8.4718696475029,2.6890866630507464,1.9192763694528985,2.383085661547009,0.3227665742849006,0.11706507205963135,0.0,0.0,0.0,0.0,0.0,0.0,0.0,0.0,0.0,0.0,0.0,12.0,12.0,1.1737496852874756,0.688905746738116,3.2,8.26686896085739,8.430057993531227,2.3947108642367736,0.0,0.0,0.0,0.0,0.0,0.0,0.0,0.0,1,0.0,0.0
2024-10-26,66649.0,67018.0,67276.0,66408.0,21169467789.89267,1325192118637.2595,1.0,,,,0.006466894786760407,1047.0,1067.0,4.0,12.0,12.0,1.2404589653015137,0.6583568180600802,4.0,7.9002818167209625,2.5122048557154977,1.808218301059273,2.386138586680893,0.3041338573783758,0.15307757258415222,0.0,0.0,0.0,0.0,0.0,0.0,0.0,0.0,0.0,0.0,0.0,12.0,12.0,1.1931408405303956,0.6954963301618894,3.2,8.345955961942673,8.33404200822115,2.392858236670069,0.0,0.0,0.0,0.0,0.0,0.0,0.0,0.0,1,0.0,0.0
2024-10-27,67016.0,67939.0,68210.0,66851.0,16533385730.434193,1343350549900.1233,1.0,,,,0.013649003728892845,1048.0,1068.0,4.0,12.0,12.0,1.2465803623199463,0.6224470188220342,3.0,7.46936422586441,2.4009376403028178,1.752469210319778,2.379093764962026,0.30485215784835884,0.04595667123794556,0.0,0.0,0.0,0.0,0.0,0.0,0.0,0.0,0.0,0.0,0.0,12.0,12.0,1.21336669921875,0.6782361134886742,3.2,8.13883336186409,8.253098514676093,2.3872808926709537,0.0,0.0,0.0,0.0,0.0,0.0,0.0,0.0,1,0.0,0.0
2024-10-28,67960.0,69845.0,70192.0,67558.0,41990540384.96554,1380874923096.4146,1.0,,,,0.02766825742499084,1049.0,1069.0,4.0,12.0,12.0,1.2329926490783691,0.6501446465651194,3.0,7.801735758781433,2.4755840548365597,1.7820361124702218,2.3894695653988927,0.2966844107624596,0.07371139526367188,0.0,0.0,0.0,0.0,0.0,0.0,0.0,0.0,0.0,0.0,0.0,12.0,12.0,1.2248871088027955,0.6692335367202759,3.2,8.03080244064331,8.142872884869576,2.3865617667807166,0.0,0.0,0.0,0.0,0.0,0.0,0.0,0.0,1,0.0,0.0
2024-10-29,69936.0,72781.0,73562.0,69721.0,65487782004.97014,1439310420089.3665,1.0,,,,0.04117643094857816,1050.0,1070.0,4.0,12.0,12.0,1.234514594078064,0.6608152166008949,3.0,7.929782599210739,2.55117090407133,1.84217653400281,2.370068210693273,0.3251092093287879,0.21245771646499634,0.0,0.0,0.0,0.0,0.0,0.0,0.0,0.0,0.0,0.0,0.0,12.0,12.0,1.2336133956909179,0.6595505674680073,3.2,7.914606809616089,8.03161205649376,2.3815711578564187,0.0,0.0,0.0,0.0,0.0,0.0,0.0,0.0,1,0.0,0.0
2024-10-30,72708.0,72343.0,72860.0,71430.0,43498144313.67304,1431085552900.1965,1.0,,,,-0.006036235631850341,1051.0,1071.0,4.0,12.0,12.0,1.145621657371521,0.5804264458517233,4.0,6.96511735022068,2.2491479017400833,1.6328636539698504,2.366663325676864,0.2909650573770352,0.19519856572151184,0.0,0.0,0.0,0.0,0.0,0.0,0.0,0.0,0.0,0.0,0.0,12.0,12.0,1.2200336456298828,0.6344380291799704,3.4,7.613256350159645,7.940062655508518,2.3782866906823896,0.0,0.0,0.0,0.0,0.0,0.0,0.0,0.0,1,0.0,0.0
2024-10-31,72343.0,70265.0,72635.0,69706.0,45907074188.570145,1390195908292.9321,1.0,,,,-0.02914488794353375,1052.0,1072.0,4.0,12.0,12.0,1.3067203760147095,0.6335283194979032,4.0,7.602339833974838,2.418150362030367,1.7402271456376035,2.383842844725033,0.29313728213323914,0.6979114562273026,0.0,0.0,0.0,0.0,0.0,0.0,0.0,0.0,0.0,0.0,0.0,12.0,12.0,1.2332859277725219,0.6294723294675351,3.4,7.55366795361042,7.9498119577765465,2.377827542291218,0.0,0.0,0.0,0.0,0.0,0.0,0.0,0.0,1,0.0,0.0
2024-11-01,70180.0,69508.0,71500.0,68840.0,54863092261.31101,1374687306836.925,1.0,,,,-0.010831954692700341,1053.0,1073.0,4.0,12.0,12.0,1.4439210891723633,0.7198270981510481,3.0,8.637925177812576,2.708973652076125,1.9290162179144215,2.398220648173803,0.3056039965996241,0.5483233332633972,0.0,0.0,0.0,0.0,0.0,0.0,0.0,0.0,0.0,0.0,0.0,12.0,12.0,1.2727540731430054,0.6489483453333378,3.4,7.787380144000053,7.963106752932072,2.381652918933573,0.0,0.0,0.0,0.0,0.0,0.0,0.0,0.0,1,0.0,0.0
2024-11-02,69473.0,69299.0,69863.0,69105.0,14709379754.965973,1370516856365.7996,1.0,,,,-0.003011377782694034,1054.0,1074.0,4.0,12.0,12.0,1.6272289752960205,0.8701177015900612,4.0,10.441412419080734,3.330320473618686,2.3907081454328587,2.3773742092088437,0.4088374454433104,0.7133526802062988,0.0,0.0,0.0,0.0,0.0,0.0,0.0,0.0,0.0,0.0,0.0,12.0,12.0,1.3516013383865357,0.6929429563383261,3.6,8.315315476059913,8.173058958351612,2.3792338476955637,0.0,0.0,0.0,0.0,0.0,0.0,0.0,0.0,1,0.0,0.0
2024-11-03,69346.0,68804.0,69362.0,67570.0,37659435506.757034,1362302032218.0198,1.0,,,,-0.0071685932931694245,1055.0,1075.0,4.0,12.0,12.0,1.6559553146362305,0.9070919081568718,3.0,10.885102897882462,3.41219626677955,2.4138823179572246,2.3955683986075074,0.383980750917304,0.8082846403121948,0.0,0.0,0.0,0.0,0.0,0.0,0.0,0.0,0.0,0.0,0.0,12.0,12.0,1.435889482498169,0.7421982946495216,3.6,8.906379535794258,8.410493172705173,2.3843338852784104,0.0,0.0,0.0,0.0,0.0,0.0,0.0,0.0,1,0.0,0.0
2024-11-04,68736.0,67793.0,69318.0,66854.0,46183110993.79166,1340192510479.9568,1.0,,,,-0.01480293800566776,1056.0,1076.0,4.0,12.0,12.0,1.5099642276763916,0.944897398352623,3.0,11.338768780231476,3.5062989281604557,2.4483046226151197,2.4087247943433736,0.36287728098450556,0.4408656060695648,0.0,0.0,0.0,0.0,0.0,0.0,0.0,0.0,0.0,0.0,0.0,12.0,12.0,1.508757996559143,0.8150924851497015,3.4,9.781109821796417,8.69718308597803,2.392746179011712,0.0,0.0,0.0,0.0,0.0,0.0,0.0,0.0,1,0.0,0.0
2024-11-05,67800.0,69335.0,70555.0,67448.0,40025021601.49395,1370963795352.6948,1.0,,,,0.02249088442735087,1057.0,1077.0,4.0,12.0,12.0,1.5397045612335205,1.0061480551958084,4.0,12.073776662349701,3.712392011093012,2.5761903800911456,2.4134260485510945,0.36899046242591993,0.30577701330184937,0.0,0.0,0.0,0.0,0.0,0.0,0.0,0.0,0.0,0.0,0.0,12.0,12.0,1.5553548336029053,0.8896164322892826,3.4,10.67539718747139,9.114532570540906,2.3986628197769244,0.0,0.0,0.0,0.0,0.0,0.0,0.0,0.0,1,0.0,0.0
2024-11-06,69426.0,75621.0,76244.0,69426.0,128492534668.23851,1496392703840.9058,1.0,,,,0.0867841931843337,1058.0,1078.0,4.0,12.0,12.0,3.0677707195281982,0.9679537117481232,1.0,11.615444540977478,4.12860624466669,3.310751079691729,2.2826078903776823,0.6953522408617306,1.4598837494850159,1.0,1.0,0.007208108901977539,0.007208108901977539,0.0,0.007208108901977539,0.007208108901977539,0.007208108901977541,-0.0,0.0,0.007208108901977539,12.0,12.0,1.8801247596740722,0.9392417550086976,3.0,11.27090106010437,9.529140602052212,2.3755402682177005,0.2,0.1,0.001441621780395508,0.001441621780395508,0.0,0.001441621780395508,0.000720810890197754,-0.0,1,0.0,0.0
2024-11-07,75640.0,75987.0,76873.0,74444.0,66590396087.4524,1502620808927.6982,1.0,,,,0.004828250633421185,1059.0,1079.0,4.0,12.0,12.0,2.4324147701263428,0.7854788079857826,1.0,9.425745695829391,3.3399149058493873,2.6540104413984715,2.2786921390338284,0.5591144847567544,1.6753696501255035,1.0,1.0,0.006047964096069336,0.006047964096069336,0.0,0.006047964096069336,0.006047964096069336,0.006047964096069338,-0.0,0.0,0.3214714132710932,12.0,12.0,2.0411619186401366,0.9223139762878418,2.4,11.067767715454101,9.691541595757007,2.355803854182697,0.4,0.2,0.002651214599609375,0.002651214599609375,0.0,0.002651214599609375,0.0013256072998046875,-0.0,1,0.0,0.0
2024-11-08,75895.0,76550.0,77240.0,75684.0,50687468387.720375,1514048743889.1255,1.0,,,,0.007381849080110451,1060.0,1080.0,4.0,12.0,12.0,1.637967586517334,0.6767559659977754,1.0,8.121071591973305,2.667606530877898,1.970888782707908,2.344494204267552,0.36743944551216284,1.5461077392101288,0.0,0.0,0.0,0.0,0.0,0.0,0.0,0.0,0.0,0.0,0.006047964096069336,12.0,12.0,2.0375643730163575,0.8762467878560225,2.0,10.514961454272271,9.710670495033265,2.345589015314706,0.4,0.2,0.002651214599609375,0.002651214599609375,0.0,0.002651214599609375,0.0013256072998046875,0.0,1,0.0,0.0
2024-11-09,76513.0,76630.0,76948.0,75868.0,31430906055.796104,1519470275068.1016,1.0,,,,0.001044522878620216,1061.0,1081.0,4.0,12.0,12.0,1.4842896461486816,0.593248538672924,1.0,7.1189824640750885,2.3526612447917246,1.7539939214977143,2.34167052270303,0.33061672032408224,0.5658771842718124,0.0,0.0,0.0,0.0,0.0,0.0,0.0,0.0,0.0,0.0,0.0,12.0,12.0,2.0324294567108154,0.8059170159200827,1.6,9.671004191040993,9.726057006418705,2.332178160986637,0.4,0.2,0.002651214599609375,0.002651214599609375,0.0,0.002651214599609375,0.0013256072998046875,0.0,1,0.0,0.0
2024-11-10,76753.0,80467.0,81359.0,76550.0,93473126207.67865,1590846468754.067,1.0,,,,0.048858517506499666,1062.0,1082.0,4.0,12.0,12.0,1.873923659324646,0.6230034505327543,2.0,7.476041406393051,2.7003255927443064,2.1360312864365696,2.2450111727715267,0.4685223860109988,0.842173844575882,0.0,0.0,0.0,0.0,0.0,0.0,0.0,0.0,0.0,0.0,0.0,12.0,12.0,2.0992732763290407,0.7292880949874719,1.2,8.751457139849663,9.713427163660526,2.2984951858307237,0.4,0.2,0.002651214599609375,0.002651214599609375,0.0,0.002651214599609375,0.0013256072998046875,0.0,1,0.0,0.0
2024-11-11,80457.0,88637.0,89561.0,80431.0,133959805308.72511,1756619702929.0437,1.0,,,,0.09670221517207112,1063.0,1083.0,4.0,12.0,12.0,1.519608736038208,0.5758381287256876,3.0,6.910057544708252,2.5045760705216535,1.9509604026995624,2.2310934880304303,0.43720958809801846,1.2029219567775726,0.0,0.0,0.0,0.0,0.0,0.0,0.0,0.0,0.0,0.0,0.0,12.0,12.0,1.7896408796310426,0.6508649783829848,1.6,7.810379740595818,9.540640400350094,2.2881923053612736,0.2,0.2,0.001209592819213867,0.001209592819213867,0.0,0.001209592819213867,0.0013256072998046875,0.0,1,0.0,0.0
2024-11-12,88822.0,88265.0,89864.0,85315.0,152356811694.44943,1741113172482.1243,1.0,,,,-0.0042057246196373355,1064.0,1084.0,4.0,12.0,12.0,1.2633988857269287,0.4960019141435623,3.0,5.952022969722748,2.2143322951574795,1.7285346300489675,2.1904337805787684,0.4032216850328177,0.8415872305631638,1.0,1.0,0.03206217288970947,0.03206217288970947,0.0,0.03206217288970947,0.03206217288970947,0.03206217288970948,-0.0,0.0,0.03206217288970947,12.0,12.0,1.5558377027511596,0.5929695996145408,2.0,7.115635195374489,9.091701455414295,2.2705406336702616,0.2,0.3,0.006412434577941895,0.006412434577941895,0.0,0.006412434577941895,0.004531824588775634,-0.0,1,0.0,0.0
2024-11-13,87977.0,90488.0,93477.0,86353.0,136046309843.60645,1790737763695.3328,1.0,,,,0.024873592187833485,1065.0,1085.0,4.0,12.0,12.0,1.1097851991653442,0.429581830278039,3.0,5.154981963336468,1.933051418758626,1.5151188111216771,2.1818516751513144,0.3561602168388522,0.4338222146034241,1.0,1.0,0.006701469421386719,0.006701469421386719,0.0,0.006701469421386719,0.006701469421386719,0.0067014694213867205,-0.0,0.0,0.18141381950805138,12.0,12.0,1.4502012252807617,0.5435347724705935,2.4,6.522417269647121,8.518689361959696,2.238012127847014,0.4,0.4,0.007752728462219238,0.007752728462219238,0.0,0.007752728462219238,0.005201971530914307,-0.0,1,0.0,0.0
2024-11-14,90540.0,87408.0,91711.0,86995.0,99649391847.08359,1726797438787.217,1.0,,,,-0.03463043357571808,1066.0,1086.0,4.0,12.0,12.0,1.0482631921768188,0.4831912616888682,4.0,5.7982951402664185,2.106913749030272,1.5994502117441596,2.1994816300051716,0.369391391501281,0.17157215625047684,0.0,0.0,0.0,0.0,0.0,0.0,0.0,0.0,0.0,0.0,0.006701469421386719,12.0,12.0,1.3629959344863891,0.5215233170737823,3.0,6.258279804885388,7.96464199796319,2.2095743493074425,0.4,0.4,0.007752728462219238,0.007752728462219238,0.0,0.007752728462219238,0.005201971530914307,0.0,1,0.0,0.0
2024-11-15,87361.0,90948.0,91777.0,87162.0,84382485697.84985,1799276211921.9302,1.0,,,,0.039701102964530534,1067.0,1087.0,4.0,12.0,12.0,1.0972505807876587,0.5371629459162554,5.0,6.445955350995064,2.2606310405895518,1.6762960015598338,2.2388281048387793,0.3705766155704558,0.2104058861732483,0.0,0.0,0.0,0.0,0.0,0.0,0.0,0.0,0.0,0.0,0.0,12.0,12.0,1.2076613187789917,0.5043552161504825,3.6,6.05226259380579,7.401859866827726,2.208337735720893,0.4,0.4,0.007752728462219238,0.007752728462219238,0.0,0.007752728462219238,0.005201971530914307,0.0,1,0.0,0.0
2024-11-16,91059.0,90606.0,91715.0,90160.0,49255174407.368774,1790415769635.4927,1.0,,,,-0.00376747859618528,1068.0,1088.0,4.0,12.0,12.0,1.006142020225525,0.49627269121507805,5.0,5.955272294580936,2.1357141032227576,1.5909614117500492,2.199136671274711,0.36581367321747216,0.23785118758678436,0.0,0.0,0.0,0.0,0.0,0.0,0.0,0.0,0.0,0.0,0.0,12.0,12.0,1.104967975616455,0.4884421286483606,4.0,5.861305543780327,6.835842642188072,2.201946372369749,0.4,0.3,0.007752728462219238,0.007752728462219238,0.0,0.007752728462219238,0.004481160640716552,0.0,1,0.0,0.0
2024-11-17,90597.0,89841.0,91439.0,88774.0,48556083101.64749,1776887033229.9082,1.0,,,,-0.008478994754090712,1069.0,1089.0,4.0,12.0,12.0,0.9881870150566101,0.48435456057389575,5.0,5.812254726886749,2.092679497433648,1.5613821643500843,2.1938559476226676,0.3610303997812333,0.1264130398631096,0.0,0.0,0.0,0.0,0.0,0.0,0.0,0.0,0.0,0.0,0.0,12.0,12.0,1.0499256014823914,0.48611265793442726,4.4,5.833351895213127,6.474493545293808,2.202630805778529,0.2,0.2,0.0013402938842773438,0.0013402938842773438,0.0,0.0013402938842773438,0.003876364231109619,0.0,1,0.0,0.0
2024-11-18,89877.0,90535.0,92653.0,89443.0,77391724184.19348,1790917617392.4407,1.0,,,,0.007695075004989426,1070.0,1090.0,4.0,12.0,12.0,0.9685006737709045,0.44681005614499253,4.0,5.36172067373991,1.9462389182626727,1.470741872578891,2.194009264918828,0.3406091616125392,0.13060908019542694,0.0,0.0,0.0,0.0,0.0,0.0,0.0,0.0,0.0,0.0,0.0,12.0,12.0,1.0216686964035033,0.489558303107818,4.6,5.874699637293816,6.1985584534704685,2.2050623237320313,0.0,0.2,0.0,0.0,0.0,0.0,0.003876364231109619,0.0,1,0.0,0.0
2024-11-19,90520.0,92252.0,94041.0,90457.0,80493234958.49161,1825195454018.501,1.0,,,,0.018787446629820254,1071.0,1091.0,4.0,12.0,12.0,1.0011578798294067,0.5083711699893078,5.0,6.100454039871693,2.129436614923037,1.5708402546264097,2.2403474745454908,0.3455919244884192,0.16216164082288742,0.0,0.0,0.0,0.0,0.0,0.0,0.0,0.0,0.0,0.0,0.0,12.0,12.0,1.012247633934021,0.4945942847679059,4.8,5.935131417214871,6.096705611050129,2.2132354926400954,0.0,0.2,0.0,0.0,0.0,0.0,0.003876364231109619,0.0,1,0.0,0.0
2024-11-20,92421.0,94217.0,94891.0,91663.0,80747272080.24826,1862618759426.145,1.0,,,,0.021076669488959685,1072.0,1092.0,4.0,12.0,12.0,0.9686926007270813,0.4887741232911746,5.0,5.865289479494095,2.05611296418991,1.5190032503302835,2.2341125732201967,0.3367490161234255,0.20173584669828415,0.0,0.0,0.0,0.0,0.0,0.0,0.0,0.0,0.0,0.0,0.0,12.0,12.0,0.9865360379219055,0.48491652024288967,4.8,5.8189982429146765,5.935630418360233,2.212292386316379,0.0,0.2,0.0,0.0,0.0,0.0,0.003876364231109619,0.0,1,0.0,0.0
2024-11-21,94366.0,98509.0,98831.0,94159.0,118163852022.3175,1948284556982.0486,1.0,,,,0.0445472821709978,1073.0,1093.0,4.0,12.0,12.0,0.9322388768196106,0.4975729851673047,5.0,5.970875822007656,2.0340244242780856,1.4805993036595388,2.2693782124900594,0.3117569635335839,0.20316094905138016,0.0,0.0,0.0,0.0,0.0,0.0,0.0,0.0,0.0,0.0,0.0,12.0,12.0,0.9717554092407227,0.485176579033335,4.8,5.82211894840002,5.841712246090173,2.2263406945594486,0.0,0.2,0.0,0.0,0.0,0.0,0.003876364231109619,0.0,1,0.0,0.0
2024-11-22,98455.0,98927.0,99645.0,97394.0,85746174563.98602,1958091000957.8345,1.0,,,,0.004234289841102659,1074.0,1094.0,4.0,12.0,12.0,0.9180076122283936,0.4537974502891302,4.0,5.4455694034695625,1.8838926140265844,1.3942312164050812,2.2597835251757643,0.2997034465541076,0.13951334357261658,0.0,0.0,0.0,0.0,0.0,0.0,0.0,0.0,0.0,0.0,0.0,12.0,12.0,0.9577195286750794,0.47906515697638197,4.6,5.748781883716584,5.791066889464855,2.2395262100700677,0.0,0.1,0.0,0.0,0.0,0.0,0.0006701469421386719,0.0,1,0.0,0.0
2024-11-23,99021.0,97679.0,99021.0,97262.0,47414200206.70341,1931255637661.502,1.0,,,,-0.012695612163678227,1075.0,1095.0,4.0,12.0,12.0,0.9316502809524536,0.41333172967036563,3.0,4.959980756044388,1.7436701598516688,1.3179578168859638,2.2535786817026273,0.28726703624119343,0.07617928832769394,0.0,0.0,0.0,0.0,0.0,0.0,0.0,0.0,0.0,0.0,0.0,12.0,12.0,0.9503494501113892,0.4723694916814566,4.4,5.668433900177479,5.771566768735648,2.2514400934268277,0.0,0.0,0.0,0.0,0.0,0.0,0.0,0.0,1,0.0,0.0
2024-11-24,97770.0,98016.0,98648.0,95803.0,50665680246.86775,1939446484727.4285,1.0,,,,0.0034441384105566744,1076.0,1096.0,4.0,12.0,12.0,0.9678522348403931,0.44259006530046463,3.0,5.311080783605576,1.8296302268506353,1.3730389969644952,2.2831161122284698,0.2882295347134341,0.2063133716583252,0.0,0.0,0.0,0.0,0.0,0.0,0.0,0.0,0.0,0.0,0.0,12.0,12.0,0.9436883211135865,0.4592132707436879,4.0,5.510559248924255,5.722845333069563,2.2599938209634236,0.0,0.0,0.0,0.0,0.0,0.0,0.0,0.0,1,0.0,0.0
2024-11-25,98026.0,93005.0,98882.0,92775.0,89476321216.0935,1838788677873.8657,1.0,,,,-0.05247747550145058,1077.0,1097.0,4.0,12.0,12.0,1.0728669166564941,0.529413211469849,4.0,6.352958537638187,2.1513701200212267,1.584520969220473,2.2942424689944416,0.32468615764230946,0.3167990818619728,0.0,0.0,0.0,0.0,0.0,0.0,0.0,0.0,0.0,0.0,0.0,12.0,12.0,0.964523184299469,0.4673410883794228,3.8,5.608093060553074,5.713545651733876,2.2720198001182728,0.0,0.0,0.0,0.0,0.0,0.0,0.0,0.0,1,0.0,0.0
2024-11-26,92952.0,91932.0,94962.0,90752.0,97389239315.52954,1819990514406.0881,1.0,,,,-0.01160408182622995,1078.0,1098.0,4.0,12.0,12.0,1.2244571447372437,0.5295202688624462,3.0,6.354243226349354,2.213552497516038,1.6712198578075994,2.2679315877144806,0.3576676853385931,0.5095783025026321,0.0,0.0,0.0,0.0,0.0,0.0,0.0,0.0,0.0,0.0,0.0,12.0,12.0,1.0229668378829957,0.47373054511845114,3.4,5.684766541421413,5.753442744910717,2.2717304751631566,0.0,0.0,0.0,0.0,0.0,0.0,0.0,0.0,1,0.0,0.0
2024-11-27,91966.0,95981.0,97360.0,91796.0,81469353259.75,1899088665519.225,1.0,,,,0.04310108189039736,1079.0,1099.0,4.0,12.0,12.0,1.3097968101501465,0.4838250260800123,2.0,5.805900312960148,1.9747253814514594,1.5067405079097158,2.3121313691377354,0.3014548697307659,0.6228903830051422,0.0,0.0,0.0,0.0,0.0,0.0,0.0,0.0,0.0,0.0,0.0,12.0,12.0,1.1013246774673462,0.4797360602766275,3.0,5.756832723319531,5.752807303518057,2.2822000439555508,0.0,0.0,0.0,0.0,0.0,0.0,0.0,0.0,1,0.0,0.0
2024-11-28,95951.0,95662.0,96614.0,94716.0,49067932024.40325,1892297852304.72,1.0,,,,-0.003329109799181653,1080.0,1100.0,4.0,12.0,12.0,1.442688226699829,0.5510011787215868,2.0,6.612014144659042,2.1980729224297955,1.6641893870334308,2.347160636948584,0.31468198032406797,0.48310139030218124,0.0,0.0,0.0,0.0,0.0,0.0,0.0,0.0,0.0,0.0,0.0,12.0,12.0,1.2035322666168213,0.5072699500868717,2.8,6.087239401042462,5.87783665060997,2.3009164350047424,0.0,0.0,0.0,0.0,0.0,0.0,0.0,0.0,1,0.0,0.0
2024-11-29,95649.0,97453.0,98685.0,95318.0,74670031635.5065,1926826079390.2441,1.0,,,,0.01854906508377892,1081.0,1101.0,4.0,12.0,12.0,1.629241943359375,0.7037456134955088,2.0,8.444947361946106,2.7874518989701187,2.060914143150613,2.342258469077678,0.39017020077803644,0.6013043522834778,0.0,0.0,0.0,0.0,0.0,0.0,0.0,0.0,0.0,0.0,0.0,12.0,12.0,1.3358102083206176,0.5595010597258806,2.6,6.714012716710568,6.112285982817411,2.3127449063745837,0.0,0.0,0.0,0.0,0.0,0.0,0.0,0.0,1,0.0,0.0
2024-11-30,97509.0,96513.0,97509.0,96157.0,43580019720.720634,1910022814269.8855,1.0,,,,-0.009692496200086116,1082.0,1102.0,4.0,12.0,12.0,2.0170300006866455,0.8066976616779963,2.0,9.680371940135956,3.285806122959785,2.4823056288399887,2.314121885742493,0.49894793227007916,0.59849813580513,0.0,0.0,0.0,0.0,0.0,0.0,0.0,0.0,0.0,0.0,0.0,12.0,12.0,1.524642825126648,0.6149579497675102,2.2,7.379495397210121,6.4937942288815975,2.316720789724194,0.0,0.0,0.0,0.0,0.0,0.0,0.0,0.0,1,0.0,0.0
2024-12-01,96450.0,97312.0,97838.0,95833.0,49147687432.565895,1925808416477.5068,1.0,,,,0.008244597197361479,1083.0,1103.0,4.0,12.0,12.0,1.2779278755187988,0.7977334062258402,4.0,9.572800874710083,2.962556881421005,2.0711070021886817,2.408918852937139,0.3082477665167492,1.3689151108264923,0.0,0.0,0.0,0.0,0.0,0.0,0.0,0.0,0.0,0.0,0.0,12.0,12.0,1.535336971282959,0.6686005772401888,2.4,8.023206926882267,6.853986734151841,2.344918242768726,0.0,0.0,0.0,0.0,0.0,0.0,0.0,0.0,1,0.0,0.0
2024-12-02,97236.0,95833.0,98146.0,94498.0,101019861361.49252,1896576914275.523,1.0,,,,-0.015315218192577479,1084.0,1104.0,4.0,12.0,12.0,1.3287962675094604,0.8181551719705263,4.0,9.817862063646317,3.057965669110784,2.145902944087265,2.401133846247478,0.331488990314247,0.34471914172172546,0.0,0.0,0.0,0.0,0.0,0.0,0.0,0.0,0.0,0.0,0.0,12.0,12.0,1.5391368627548219,0.7354666064182916,2.8,8.825599277019501,7.291216000169515,2.3627187381906745,0.0,0.0,0.0,0.0,0.0,0.0,0.0,0.0,1,0.0,0.0
2024-12-03,95862.0,96032.0,96260.0,93697.0,87935752287.975,1900922167493.3643,1.0,,,,0.0020743759555798837,1085.0,1105.0,4.0,12.0,12.0,1.3099217414855957,0.7554873091479143,4.0,9.065847709774971,2.9021386005129717,2.0721170823941484,2.3676587928225743,0.3620860354925696,0.4271271526813507,0.0,0.0,0.0,0.0,0.0,0.0,0.0,0.0,0.0,0.0,0.0,12.0,12.0,1.512583565711975,0.7763638325035571,3.2,9.316365990042687,7.701802695542574,2.3668183693654727,0.0,0.0,0.0,0.0,0.0,0.0,0.0,0.0,1,0.0,0.0
2024-12-04,95955.0,98881.0,99330.0,94870.0,98230784298.0459,1957276192604.2603,1.0,,,,0.02923563766889366,1086.0,1106.0,4.0,12.0,12.0,1.29865562915802,0.7475605321427187,5.0,8.970726385712624,2.8615107540868454,2.0363544263051896,2.3710183817067785,0.35143548544322817,0.1347283124923706,0.0,0.0,0.0,0.0,0.0,0.0,0.0,0.0,0.0,0.0,0.0,12.0,12.0,1.4464663028717042,0.7851268162329992,3.8,9.42152179479599,8.067767255753278,2.3725703518912926,0.0,0.0,0.0,0.0,0.0,0.0,0.0,0.0,1,0.0,0.0
2024-12-05,98762.0,97202.0,103679.0,92980.0,190460293531.53802,1920742551503.6094,1.0,,,,-0.017125819540455396,1087.0,1107.0,4.0,12.0,12.0,1.3228613138198853,0.7349227989713351,4.0,8.819073587656021,2.7479964619716144,1.9339133759577725,2.4013891562761533,0.2986282959402562,0.463151291012764,0.0,0.0,0.0,0.0,0.0,0.0,0.0,0.0,0.0,0.0,0.0,12.0,12.0,1.307632565498352,0.7707718436916668,4.2,9.249262124300003,8.314378760755062,2.3900238059980246,0.0,0.0,0.0,0.0,0.0,0.0,0.0,0.0,1,0.0,0.0
2024-12-06,97072.0,99974.0,102034.0,96589.0,115812632020.44765,1978389972043.7947,1.0,,,,0.028118864795836702,1088.0,1108.0,4.0,12.0,12.0,1.314210295677185,0.7618409941593806,5.0,9.142091929912567,2.848586067256818,1.9972897568753183,2.3988606080622827,0.3095187363726445,0.08945932984352112,1.0,1.0,0.17091310024261475,0.17091310024261475,0.0,0.17091310024261475,0.17091310024261475,0.17091310024261477,-0.0,0.0,0.17091310024261475,12.0,12.0,1.3148890495300294,0.7635933612783751,4.4,9.1631203353405,8.593163631111384,2.3880121570230535,0.2,0.1,0.034182620048522946,0.034182620048522946,0.0,0.034182620048522946,0.017091310024261473,-0.0,1,1.0,1.0
2024-12-07,99928.0,99782.0,100537.0,99183.0,61061136199.7846,1974739091620.7542,1.0,,,,-0.0019223458532070365,1089.0,1109.0,4.0,12.0,12.0,1.3523268699645996,0.7363775968551636,3.0,8.836531162261963,2.7571994584630213,1.9458415111521523,2.4011398773510897,0.3020934281457957,0.2570941150188446,2.0,2.0,0.17587018013000488,0.10111713409423828,1.0,0.20223426818847656,0.17783527602282742,0.17606744309578173,0.3870782569252204,0.0747530460357666,1.6177751460104035,12.0,12.0,1.319595170021057,0.7472378462553024,4.2,8.96685415506363,8.896226716041564,2.3880133632437754,0.6,0.3,0.06935665607452393,0.054406046867370605,0.2,0.07462947368621826,0.03731473684310913,0.07741565138504408,1,0.0,0.0
2024-12-08,99893.0,101235.0,101235.0,98903.0,62677764785.05408,2003238967638.8286,1.0,,,,0.014456740534455061,1090.0,1110.0,4.0,12.0,12.0,1.6554522514343262,0.8524559140205383,4.0,10.22947096824646,3.2121922352172234,2.2789554581067226,2.3935596648338504,0.36492075986971984,0.4618670344352722,2.0,2.0,0.1845555305480957,0.10611087083816528,1.0,0.21222174167633057,0.18661769233939518,0.18476253831461373,0.3870792861091392,0.07844465970993042,0.1784585383410357,12.0,12.0,1.3887012720108032,0.7666315672298273,4.2,9.199578806757927,9.257972398400307,2.393193537646031,1.0,0.5,0.10626776218414306,0.07562822103500366,0.4,0.11707382202148438,0.05853691101074219,0.15483150860687195,1,0.0,0.0
2024-12-09,101200.0,97354.0,101200.0,94726.0,146846843211.51685,1926047690157.6282,1.0,,,,-0.03909072703474646,1091.0,1111.0,4.0,12.0,12.0,1.3784458637237549,0.8317801554997762,5.0,9.981361865997314,3.109872880114769,2.188101755525717,2.4022889570280923,0.3377635520935892,0.9235174655914307,2.0,2.0,0.21075820922851562,0.12117618322372437,1.0,0.24235236644744873,0.21311314724245764,0.21099460681260943,0.3870791139531405,0.08958202600479126,0.5344421658447932,12.0,12.0,1.4046593189239502,0.7834754919012388,4.2,9.401705902814864,9.411613848805427,2.3994476527102937,1.4,0.7,0.14841940402984619,0.09986345767974854,0.6,0.16554429531097412,0.08277214765548706,0.23224733139750003,1,0.0,0.0
2024-12-10,97371.0,96650.0,98328.0,94387.0,125835977742.51114,1913115778728.2837,1.0,,,,-0.007257614174393124,1092.0,1112.0,4.0,12.0,12.0,1.5213043689727783,0.9932496746381124,4.0,11.918996095657349,3.6404360156398043,2.5240767295133986,2.4250541059839428,0.3432971732506716,0.718520998954773,2.0,2.0,0.23260056972503662,0.13373452425003052,1.0,0.26746904850006104,0.23519956600405525,0.2328614667713175,0.3870790898306759,0.0988660454750061,0.448798748286585,12.0,12.0,1.4443479299545288,0.8351408670345943,4.2,10.02169040441513,9.635476264357568,2.4041806426518515,1.8,0.9,0.1949395179748535,0.12661036252975463,0.8,0.21903810501098633,0.10951905250549317,0.3096631493636352,1,0.0,0.0
2024-12-11,96643.0,101124.0,101960.0,95741.0,118484957960.76833,2001746436338.842,1.0,,,,0.0452512809238768,1093.0,1113.0,4.0,12.0,12.0,1.4763423204421997,0.9785232419768969,5.0,11.742278903722763,3.6259799185528805,2.527075333117863,2.4106935452403864,0.3716671392389784,0.2651686668395996,3.0,3.0,0.22572612762451172,0.10906708240509033,1.0,0.327201247215271,0.2380589856837932,0.22798127855082273,0.8166349056163262,0.08363650572909767,2.143340421702783,12.0,12.0,1.4767743349075317,0.8784773165980975,4.2,10.54172779917717,9.852424067258834,2.406547230087472,2.2,1.2,0.2059021234512329,0.11424115896224976,1.0,0.25029573440551756,0.14223917722702026,0.4729901304869005,1,0.0,0.0
2024-12-12,101205.0,100001.0,102528.0,99410.0,100092043319.81221,1979166149963.3093,1.0,,,,-0.01116730064012489,1094.0,1114.0,4.0,12.0,12.0,1.6844513416290283,1.0519525334239006,5.0,12.623430401086807,3.9104656939708318,2.725383268130588,2.4048759429910396,0.4095213011146091,0.21402978897094727,3.0,3.0,0.22016358375549316,0.10637935002644856,1.0,0.3191380500793457,0.2321925215333123,0.22236316041951415,0.8166348633627669,0.08157546346757442,0.18467264761048383,12.0,12.0,1.5431992292404175,0.9415923039118448,4.6,11.299107646942138,10.132980901002885,2.4072944432154624,2.4,1.5,0.21476080417633056,0.11529360214869182,1.0,0.2736764907836914,0.17415298223495485,0.5589014517744098,1,0.0,0.0
2024-12-13,100006.0,101352.0,101845.0,99261.0,78802903278.85962,2005406021235.8357,1.0,,,,0.01341942036166043,1095.0,1115.0,4.0,12.0,12.0,1.387763261795044,0.878096508483092,4.0,10.537158101797104,3.2426111429518363,2.26081037855173,2.41640424636917,0.3242793659116899,0.659316897392273,3.0,3.0,0.20866751670837402,0.10082471370697021,1.0,0.30247414112091064,0.22006840401593067,0.2107522554800985,0.8166355097016033,0.07731587539404261,0.3808695693155876,12.0,12.0,1.4896614313125611,0.9467204228043556,4.6,11.360645073652268,10.280111940205098,2.4118633595225263,2.6,1.8,0.21958320140838622,0.11423637072245281,1.0,0.29172697067260744,0.2044003963470459,0.6448126964929026,1,0.0,0.0
2024-12-14,101366.0,101367.0,102658.0,100682.0,57321924844.41535,2007646386698.8667,1.0,,,,0.000147988102026799,1096.0,1116.0,4.0,12.0,12.0,1.3173203468322754,0.9154122074445089,4.0,10.984946489334106,3.3247623513657225,2.2809001255394916,2.431910034040514,0.2884282953349331,0.2862931787967682,3.0,3.0,0.198075532913208,0.09570682048797607,1.0,0.2871204614639282,0.2088976999364764,0.20005444818110893,0.8166352158063034,0.07339133140227826,0.351641537044896,12.0,12.0,1.477436327934265,0.9634468331933022,4.4,11.561361998319626,10.481533950567245,2.4177875749250104,2.8,2.1,0.2170466661453247,0.10914249817530315,1.0,0.30068058967590333,0.2331124424934387,0.7307239168635352,1,0.0,0.0
2024-12-15,101393.0,104722.0,105004.0,101274.0,70645074624.52869,2075487816560.1924,1.0,,,,0.032561625566001055,1097.0,1117.0,4.0,12.0,12.0,1.6175947189331055,0.8635171900192896,4.0,10.362206280231476,3.211817747555751,2.256139261576437,2.4081332856832462,0.3376178799086794,0.7192615270614624,3.0,3.0,0.17148840427398682,0.08286039034525554,1.0,0.2485811710357666,0.1808579580140965,0.17320169870670946,0.8166356902542581,0.06354019229989875,0.7460002970642079,12.0,12.0,1.4966943979263305,0.9375003362695375,4.4,11.25000403523445,10.635847219824791,2.4144034108648715,3.0,2.4,0.20482423305511474,0.09896767139434814,1.0,0.29690301418304443,0.25797055959701537,0.8166352369482516,1,0.0,0.0
2024-12-16,104351.0,106074.0,107822.0,103433.0,115184737759.33566,2097460193710.789,1.0,,,,0.012827743784161077,1098.0,1118.0,4.0,12.0,12.0,1.4993696212768555,0.7962278177340826,3.0,9.55473381280899,2.9831646375162086,2.1099380710122673,2.4014650233605472,0.3280658472680269,0.4559786319732666,2.0,2.0,0.047629714012145996,0.03572908043861389,1.0,0.07145816087722778,0.05325771809682464,0.049540041293938804,0.6366020136001177,0.011900633573532104,0.3581242542096081,12.0,12.0,1.5012998580932617,0.9010412514209747,4.0,10.812495017051697,10.677111408114433,2.4125577064889034,2.8,2.5,0.1692049503326416,0.08430007100105286,1.0,0.2457543969154358,0.2480250656604767,0.78062865854501,1,0.0,0.0
2024-12-17,106090.0,106035.0,108135.0,105525.0,93417826250.1972,2100629850064.9119,1.0,,,,-0.00036773546091395853,1099.0,1119.0,4.0,12.0,12.0,1.5032745599746704,0.7676524048050245,2.0,9.211828857660294,2.8589087148910126,2.0196300826787947,2.4096444028473467,0.30302316534721346,0.19243058562278748,3.0,3.0,0.04775381088256836,0.02854756514231364,1.0,0.08564269542694092,0.055200879711560645,0.05003700520942023,0.9778970192566401,0.014168588429648,1.422438765536783,12.0,12.0,1.4650645017623902,0.8441812256971994,3.4,10.130174708366393,10.714641177654267,2.413511398460165,2.8,2.6,0.13472299575805663,0.06873371402422587,1.0,0.19905532598495485,0.23636590838432311,0.8128810897237845,1,0.0,0.0
2024-12-18,106154.0,100356.0,106477.0,100237.0,113692025885.44745,1985284833093.572,1.0,,,,-0.05504536410363802,1100.0,1120.0,4.0,12.0,12.0,1.5445607900619507,0.7858671620488167,2.0,9.4304059445858,2.906747930539717,2.0488806937063777,2.4189508314816432,0.2941282564711348,0.27192041277885437,2.0,2.0,0.22543013095855713,0.119906485080719,1.0,0.239812970161438,0.22588849020596014,0.22544964517421556,0.2268993748478262,0.10552364587783813,0.7920429449430207,12.0,12.0,1.4964240074157715,0.8257353564103445,3.0,9.908824276924133,10.6347346752882,2.4140207154826596,2.6,2.6,0.13807551860809325,0.07255006829897563,1.0,0.1865230917930603,0.23912503123283385,0.694933862753029,1,0.0,0.0
2024-12-19,100139.0,97851.0,102759.0,95718.0,100611554887.24123,1937022229972.2085,1.0,,,,-0.025277950673457325,1101.0,1121.0,4.0,12.0,12.0,1.594457983970642,0.8902504915992419,2.0,10.683005899190903,3.3229552558647533,2.3489994375218424,2.407070220631579,0.3572441250936216,0.20696216821670532,2.0,2.0,0.2327127456665039,0.12378019094467163,1.0,0.24756038188934326,0.23318592216737422,0.2327328909213266,0.22690097762829395,0.10893255472183228,0.143148355878786,12.0,12.0,1.5518515348434447,0.820703013241291,2.6,9.848436158895492,10.704899078607559,2.4090527528008723,2.4,2.6,0.14500296115875244,0.07816474239031475,1.0,0.17861107587814332,0.2396458327770233,0.5769870151174271,1,0.0,0.0
2024-12-20,97491.0,97691.0,98059.0,92245.0,112340864006.62827,1932373308116.0107,1.0,,,,-0.0016364774391941256,1102.0,1122.0,4.0,12.0,12.0,1.5986592769622803,0.9203241417805353,3.0,11.043889701366425,3.455120803325096,2.4427418330243262,2.3983415781288238,0.38448032613742733,0.11498686671257019,2.0,2.0,0.23332583904266357,0.12410628795623779,1.0,0.24821257591247559,0.23380026111960175,0.23334603730525896,0.2269008088536932,0.10921955108642578,0.012052707244665367,12.0,12.0,1.5480644464492799,0.8320644035935402,2.4,9.984772843122482,10.617388439178466,2.407094411289988,2.2,2.6,0.1573704481124878,0.0864139219125112,1.0,0.1785373568534851,0.23772018551826476,0.45904003883731426,1,0.0,0.0
2024-12-21,97466.0,97203.0,99496.0,96562.0,53058382639.48845,1922768195068.165,1.0,,,,-0.0050078608871029105,1103.0,1123.0,4.0,12.0,12.0,1.6154230833053589,0.9622358232736588,3.0,11.546829879283905,3.5647449713035306,2.4984851595571467,2.414349660511345,0.36476400536741793,0.33639055490493774,2.0,2.0,0.23577260971069336,0.12540769577026367,1.0,0.25081539154052734,0.23625200268986277,0.23579301951873585,0.2269001409303381,0.11036491394042969,0.048093175418382005,12.0,12.0,1.5712751388549804,0.8652660047014555,2.4,10.383192056417466,10.597843536734581,2.4096713387201474,2.2,2.5,0.19499902725219725,0.10434964497884117,1.0,0.214408802986145,0.23008159995079042,0.3770996643033583,1,0.0,0.0
2024-12-22,97244.0,95094.0,97377.0,94099.0,44619017105.36954,1884599149192.4587,1.0,,,,-0.02193569910929125,1104.0,1124.0,4.0,12.0,12.0,1.6694910526275635,0.9783820062875748,4.0,11.740584075450897,3.67127749461803,2.5933785963918745,2.3994113224650895,0.4073800682165284,0.42879021167755127,1.0,1.0,0.014458060264587402,0.014458060264587402,0.0,0.014458060264587402,0.014458060264587402,0.014458060264587406,-0.0,0.0,0.48531178566622846,12.0,12.0,1.604518437385559,0.9074119249979654,2.8,10.888943099975586,10.50955890417099,2.4076247226436958,1.8,2.3,0.18833987712860106,0.1015317440032959,0.8,0.2001718759536743,0.19961360096931458,0.1815202604520303,1,0.0,0.0
2024-12-23,95110.0,94645.0,96386.0,92442.0,64937790292.61125,1874912975786.6604,1.0,,,,-0.00473282602016061,1105.0,1125.0,4.0,12.0,12.0,1.6282868385314941,0.9586563954750696,4.0,11.503876745700836,3.599878194103105,2.5433107081765685,2.3983908561407112,0.4011294468285762,0.19670289754867554,1.0,1.0,0.014101147651672363,0.014101147651672363,0.0,0.014101147651672363,0.014101147651672363,0.014101147651672367,-0.0,0.0,0.060252483075109685,12.0,12.0,1.6212636470794677,0.941969771683216,3.2,11.303637260198593,10.606230768561364,2.4035127275755093,1.6,2.1,0.14607408046722412,0.08037067651748657,0.6,0.1550295114517212,0.17077630162239074,0.13614038548246504,1,0.0,0.0
2024-12-24,94784.0,98696.0,99304.0,93580.0,49169088282.15742,1951173788529.116,1.0,,,,0.04191136871098075,1106.0,1126.0,4.0,12.0,12.0,1.6765227317810059,1.0917494570215542,6.0,13.100993484258652,4.043968535774781,2.810461451453016,2.408537304879099,0.4133883359358892,0.3516196608543396,1.0,1.0,0.21985292434692383,0.21985292434692383,0.0,0.21985292434692383,0.21985292434692383,0.21985292434692386,-0.0,0.0,0.8779607794898624,12.0,12.0,1.6376765966415405,0.9822695647676785,4.0,11.787234777212143,10.817835468053818,2.4038061444250136,1.4,1.9,0.1435021162033081,0.09958522319793701,0.4,0.1494880199432373,0.16404954791069032,0.09076018995680626,1,1.0,1.0
2024-12-25,98637.0,99345.0,99345.0,97695.0,33963749856.44743,1966481159354.1177,1.0,,,,0.006554221835888972,1107.0,1127.0,4.0,12.0,12.0,1.9899905920028687,1.1088745519518852,4.0,13.306494623422623,4.266214215038073,3.030270054964406,2.358127324607911,0.5358288334436498,0.26560795307159424,2.0,2.0,0.3262655735015869,0.17633700370788574,1.0,0.3526740074157715,0.3273325981843533,0.3263232352004434,0.26608433867285286,0.14992856979370117,2.6918425558721344,12.0,12.0,1.7159428596496582,1.0199796468019486,4.2,12.239755761623382,11.112264302372932,2.3957632937208313,1.4,1.8,0.16209006309509277,0.1100313663482666,0.4,0.1703803062438965,0.1744588315486908,0.09859689592063818,1,0.0,0.0
2024-12-26,99365.0,95678.0,99887.0,95134.0,45049342388.18843,1894744251986.1084,1.0,,,,-0.037610253631235206,1108.0,1128.0,4.0,12.0,12.0,1.8737074136734009,1.1779080579678218,5.0,14.134896695613861,4.521488672004412,3.1849700451633822,2.3547452921188508,0.5623056030574712,0.30935904383659363,2.0,2.0,0.40905284881591797,0.29240357875823975,1.0,0.5848071575164795,0.44521209569286246,0.41959414780151877,0.6113158990035426,0.11664927005767822,0.5758357728083875,12.0,12.0,1.7675997257232665,1.0631140937407813,4.6,12.757369124889374,11.57028059065342,2.383842420042332,1.4,1.8,0.1967461109161377,0.14343054294586183,0.4,0.23717865943908692,0.22579373121261598,0.17548004753527907,1,0.0,0.0
2024-12-27,95688.0,94332.0,97134.0,93369.0,41498540807.666954,1867708753554.924,1.0,,,,-0.014167912374197494,1109.0,1129.0,4.0,12.0,12.0,1.8302714824676514,1.0475887780388196,4.0,12.571065336465836,4.040723782794287,2.8691311603324836,2.353561106173985,0.5130092359763911,0.5452471673488617,1.0,1.0,0.12106537818908691,0.12106537818908691,0.0,0.12106537818908691,0.12106537818908691,0.12106537818908693,-0.0,0.0,1.535996725760878,12.0,12.0,1.7997558116912842,1.0769554480910302,4.6,12.923465377092361,11.906204238533974,2.3746723767841114,1.4,1.6,0.2180675745010376,0.16475200653076172,0.4,0.25850012302398684,0.22933599948883057,0.17548004753527907,1,0.0,0.0
2024-12-28,94188.0,95185.0,95276.0,94039.0,22429850903.940086,1885556552231.4314,1.0,,,,0.009001891758132293,1110.0,1130.0,4.0,12.0,12.0,1.7080023288726807,1.0637266983588536,3.0,12.764720380306244,4.023269104487815,2.8114056176920648,2.3729093188037713,0.46623674436108203,0.5710543692111969,3.0,3.0,0.2920790910720825,0.18212199211120605,1.0,0.5463659763336182,0.3664923562977338,0.32831261376641996,0.8799978938518873,0.1077209159402241,4.4400819562999905,12.0,12.0,1.8156989097595215,1.0979695086677868,4.4,13.175634104013444,12.239635682106018,2.3695760693167234,1.8,1.7,0.27366316318511963,0.19835617542266845,0.6,0.36495308876037597,0.2599913001060486,0.35147962630565655,1,0.0,0.0
2024-12-29,95069.0,93663.0,95113.0,92869.0,24065314499.502274,1854872605738.8086,1.0,,,,-0.016119132365810366,1111.0,1131.0,4.0,12.0,12.0,1.6351745128631592,0.9634135129551092,3.0,11.560962155461311,3.7110066243855306,2.627456135790902,2.353131285350408,0.4684711840034594,0.3316504806280136,2.0,2.0,0.2796250581741333,0.15696465969085693,1.0,0.31392931938171387,0.28172141469168677,0.2797970483680494,0.3449944193063573,0.12266039848327637,1.3346863666352802,12.0,12.0,1.807429265975952,1.0723023198544979,3.8,12.867627838253975,12.32743130773306,2.358494865410985,2.0,1.7,0.2856175899505615,0.18577852249145507,0.8,0.383768367767334,0.26662819385528563,0.42047851016692805,1,0.0,0.0
2024-12-30,93467.0,92627.0,94838.0,91375.0,57595164139.4709,1833188187477.531,1.0,,,,-0.011122558166159108,1112.0,1132.0,4.0,12.0,12.0,1.540511131286621,0.8572603265444437,5.0,10.287123918533325,3.284188180402193,2.3238352527330774,2.36225873193707,0.40488154591687175,0.4953912943601608,3.0,3.0,0.2634369134902954,0.13134682178497314,1.0,0.39404046535491943,0.28302555283867575,0.26807709743319447,0.8206501426596602,0.09720682551583429,1.9470246876820312,12.0,12.0,1.7175333738327025,1.0219794747730095,4.0,12.263753697276115,12.251754729449749,2.359321146876817,2.2,1.8,0.2730518579483032,0.17678048610687255,0.8,0.39204165935516355,0.28121098279953005,0.5313916709642894,1,0.0,0.0
2024-12-31,92666.0,93508.0,95988.0,91942.0,45327464907.74362,1851839954625.13,1.0,,,,0.009466318306008806,1113.0,1133.0,4.0,12.0,12.0,1.3026165962219238,0.7383757208784422,5.0,8.860508650541306,2.830703177721213,2.00643154783482,2.3643318221284533,0.35005904480147626,0.4574970304965973,2.0,2.0,0.0950545072555542,0.06315529346466064,1.0,0.1263105869293213,0.10006149042548328,0.0961679288780629,0.5595209261685333,0.031899213790893555,0.6892566608283864,12.0,12.0,1.6033152103424073,0.9340730073551337,4.0,11.208876088261604,11.983122606575488,2.361238452878738,2.2,1.8,0.21025218963623046,0.13093082904815673,0.8,0.30034234523773196,0.2687605023384094,0.5210326763972877,1,0.0,0.0
