Data,ETH,USDT,MKR,SNX,AAVE,UNI,ETHDYDX,ATOM,SCRT,SAND,HNT,MATIC,NEAR,MANA,CRV,GMX,OP,GALA,FLOW,LDO,FXS,NMR,GNS,INJ,ARB,PENDLE,RDNT,SOL,LINK,AVAX,KUJI,PRIME,AKT,RENDER,BEAM,MUBI,ONDO,ETHFI,AERO,MORPHO,VIRTUAL,ENA,DEEP,RAY,SYRUP,EUL,WELL,AIOZ,ZBCN,LQTY,ZEC
2022-09-29,15.00%,0.00%,2.50%,2.50%,5.00%,10.00%,5.00%,7.50%,2.50%,5.00%,5.00%,12.50%,2.50%,5.00%,5.00%,5.00%,5.00%,2.50%,2.50%,0.00%,0.00%,0.00%,0.00%,0.00%,0.00%,0.00%,0.00%,0.00%,0.00%,0.00%,0.00%,0.00%,0.00%,0.00%,0.00%,0.00%,0.00%,0.00%,0.00%,0.00%,0.00%,0.00%,0.00%,0.00%,0.00%,0.00%,0.00%,0.00%,0.00%,0.00%,0.00%
2022-09-30,15.00%,0.00%,2.50%,2.50%,5.00%,10.00%,5.00%,7.50%,2.50%,5.00%,5.00%,12.50%,2.50%,5.00%,5.00%,5.00%,5.00%,2.50%,2.50%,0.00%,0.00%,0.00%,0.00%,0.00%,0.00%,0.00%,0.00%,0.00%,0.00%,0.00%,0.00%,0.00%,0.00%,0.00%,0.00%,0.00%,0.00%,0.00%,0.00%,0.00%,0.00%,0.00%,0.00%,0.00%,0.00%,0.00%,0.00%,0.00%,0.00%,0.00%,0.00%
2022-10-01,15.00%,0.00%,2.50%,2.50%,5.00%,10.00%,5.00%,7.50%,2.50%,5.00%,5.00%,12.50%,2.50%,5.00%,5.00%,5.00%,5.00%,2.50%,2.50%,0.00%,0.00%,0.00%,0.00%,0.00%,0.00%,0.00%,0.00%,0.00%,0.00%,0.00%,0.00%,0.00%,0.00%,0.00%,0.00%,0.00%,0.00%,0.00%,0.00%,0.00%,0.00%,0.00%,0.00%,0.00%,0.00%,0.00%,0.00%,0.00%,0.00%,0.00%,0.00%
2022-10-02,15.00%,0.00%,2.50%,2.50%,5.00%,10.00%,5.00%,7.50%,2.50%,5.00%,5.00%,12.50%,2.50%,5.00%,5.00%,5.00%,5.00%,2.50%,2.50%,0.00%,0.00%,0.00%,0.00%,0.00%,0.00%,0.00%,0.00%,0.00%,0.00%,0.00%,0.00%,0.00%,0.00%,0.00%,0.00%,0.00%,0.00%,0.00%,0.00%,0.00%,0.00%,0.00%,0.00%,0.00%,0.00%,0.00%,0.00%,0.00%,0.00%,0.00%,0.00%
2022-10-03,15.00%,0.00%,2.50%,2.50%,5.00%,10.00%,5.00%,7.50%,2.50%,5.00%,5.00%,12.50%,2.50%,5.00%,5.00%,5.00%,5.00%,2.50%,2.50%,0.00%,0.00%,0.00%,0.00%,0.00%,0.00%,0.00%,0.00%,0.00%,0.00%,0.00%,0.00%,0.00%,0.00%,0.00%,0.00%,0.00%,0.00%,0.00%,0.00%,0.00%,0.00%,0.00%,0.00%,0.00%,0.00%,0.00%,0.00%,0.00%,0.00%,0.00%,0.00%
2022-10-04,15.00%,0.00%,2.50%,2.50%,5.00%,10.00%,5.00%,7.50%,2.50%,5.00%,5.00%,12.50%,2.50%,5.00%,5.00%,5.00%,5.00%,2.50%,2.50%,0.00%,0.00%,0.00%,0.00%,0.00%,0.00%,0.00%,0.00%,0.00%,0.00%,0.00%,0.00%,0.00%,0.00%,0.00%,0.00%,0.00%,0.00%,0.00%,0.00%,0.00%,0.00%,0.00%,0.00%,0.00%,0.00%,0.00%,0.00%,0.00%,0.00%,0.00%,0.00%
2022-10-05,15.00%,0.00%,2.50%,2.50%,5.00%,10.00%,5.00%,7.50%,2.50%,5.00%,5.00%,12.50%,2.50%,5.00%,5.00%,5.00%,5.00%,2.50%,2.50%,0.00%,0.00%,0.00%,0.00%,0.00%,0.00%,0.00%,0.00%,0.00%,0.00%,0.00%,0.00%,0.00%,0.00%,0.00%,0.00%,0.00%,0.00%,0.00%,0.00%,0.00%,0.00%,0.00%,0.00%,0.00%,0.00%,0.00%,0.00%,0.00%,0.00%,0.00%,0.00%
2022-10-06,15.00%,0.00%,2.50%,2.50%,5.00%,10.00%,5.00%,7.50%,2.50%,5.00%,5.00%,12.50%,2.50%,5.00%,5.00%,5.00%,5.00%,2.50%,2.50%,0.00%,0.00%,0.00%,0.00%,0.00%,0.00%,0.00%,0.00%,0.00%,0.00%,0.00%,0.00%,0.00%,0.00%,0.00%,0.00%,0.00%,0.00%,0.00%,0.00%,0.00%,0.00%,0.00%,0.00%,0.00%,0.00%,0.00%,0.00%,0.00%,0.00%,0.00%,0.00%
2022-10-07,15.00%,0.00%,2.50%,2.50%,5.00%,10.00%,5.00%,7.50%,2.50%,5.00%,5.00%,12.50%,2.50%,5.00%,5.00%,5.00%,5.00%,2.50%,2.50%,0.00%,0.00%,0.00%,0.00%,0.00%,0.00%,0.00%,0.00%,0.00%,0.00%,0.00%,0.00%,0.00%,0.00%,0.00%,0.00%,0.00%,0.00%,0.00%,0.00%,0.00%,0.00%,0.00%,0.00%,0.00%,0.00%,0.00%,0.00%,0.00%,0.00%,0.00%,0.00%
2022-10-08,15.00%,0.00%,2.50%,2.50%,5.00%,10.00%,5.00%,7.50%,2.50%,5.00%,5.00%,12.50%,2.50%,5.00%,5.00%,5.00%,5.00%,2.50%,2.50%,0.00%,0.00%,0.00%,0.00%,0.00%,0.00%,0.00%,0.00%,0.00%,0.00%,0.00%,0.00%,0.00%,0.00%,0.00%,0.00%,0.00%,0.00%,0.00%,0.00%,0.00%,0.00%,0.00%,0.00%,0.00%,0.00%,0.00%,0.00%,0.00%,0.00%,0.00%,0.00%
2022-10-09,15.00%,0.00%,2.50%,2.50%,5.00%,10.00%,5.00%,7.50%,2.50%,5.00%,5.00%,12.50%,2.50%,5.00%,5.00%,5.00%,5.00%,2.50%,2.50%,0.00%,0.00%,0.00%,0.00%,0.00%,0.00%,0.00%,0.00%,0.00%,0.00%,0.00%,0.00%,0.00%,0.00%,0.00%,0.00%,0.00%,0.00%,0.00%,0.00%,0.00%,0.00%,0.00%,0.00%,0.00%,0.00%,0.00%,0.00%,0.00%,0.00%,0.00%,0.00%
2022-10-10,15.00%,0.00%,2.50%,2.50%,5.00%,10.00%,5.00%,7.50%,2.50%,5.00%,5.00%,12.50%,2.50%,5.00%,5.00%,5.00%,5.00%,2.50%,2.50%,0.00%,0.00%,0.00%,0.00%,0.00%,0.00%,0.00%,0.00%,0.00%,0.00%,0.00%,0.00%,0.00%,0.00%,0.00%,0.00%,0.00%,0.00%,0.00%,0.00%,0.00%,0.00%,0.00%,0.00%,0.00%,0.00%,0.00%,0.00%,0.00%,0.00%,0.00%,0.00%
2022-10-11,15.00%,0.00%,2.50%,2.50%,5.00%,10.00%,5.00%,7.50%,2.50%,5.00%,5.00%,12.50%,2.50%,5.00%,5.00%,5.00%,5.00%,2.50%,2.50%,0.00%,0.00%,0.00%,0.00%,0.00%,0.00%,0.00%,0.00%,0.00%,0.00%,0.00%,0.00%,0.00%,0.00%,0.00%,0.00%,0.00%,0.00%,0.00%,0.00%,0.00%,0.00%,0.00%,0.00%,0.00%,0.00%,0.00%,0.00%,0.00%,0.00%,0.00%,0.00%
2022-10-12,15.00%,0.00%,2.50%,2.50%,5.00%,10.00%,5.00%,7.50%,2.50%,5.00%,5.00%,12.50%,2.50%,5.00%,5.00%,5.00%,5.00%,2.50%,2.50%,0.00%,0.00%,0.00%,0.00%,0.00%,0.00%,0.00%,0.00%,0.00%,0.00%,0.00%,0.00%,0.00%,0.00%,0.00%,0.00%,0.00%,0.00%,0.00%,0.00%,0.00%,0.00%,0.00%,0.00%,0.00%,0.00%,0.00%,0.00%,0.00%,0.00%,0.00%,0.00%
2022-10-13,15.00%,0.00%,2.50%,2.50%,5.00%,10.00%,5.00%,7.50%,2.50%,5.00%,5.00%,12.50%,2.50%,5.00%,5.00%,5.00%,5.00%,2.50%,2.50%,0.00%,0.00%,0.00%,0.00%,0.00%,0.00%,0.00%,0.00%,0.00%,0.00%,0.00%,0.00%,0.00%,0.00%,0.00%,0.00%,0.00%,0.00%,0.00%,0.00%,0.00%,0.00%,0.00%,0.00%,0.00%,0.00%,0.00%,0.00%,0.00%,0.00%,0.00%,0.00%
2022-10-14,15.00%,0.00%,2.50%,2.50%,5.00%,10.00%,5.00%,7.50%,2.50%,5.00%,5.00%,12.50%,2.50%,5.00%,5.00%,5.00%,5.00%,2.50%,2.50%,0.00%,0.00%,0.00%,0.00%,0.00%,0.00%,0.00%,0.00%,0.00%,0.00%,0.00%,0.00%,0.00%,0.00%,0.00%,0.00%,0.00%,0.00%,0.00%,0.00%,0.00%,0.00%,0.00%,0.00%,0.00%,0.00%,0.00%,0.00%,0.00%,0.00%,0.00%,0.00%
2022-10-15,15.00%,0.00%,2.50%,2.50%,5.00%,10.00%,5.00%,7.50%,2.50%,5.00%,5.00%,12.50%,2.50%,5.00%,5.00%,5.00%,5.00%,2.50%,2.50%,0.00%,0.00%,0.00%,0.00%,0.00%,0.00%,0.00%,0.00%,0.00%,0.00%,0.00%,0.00%,0.00%,0.00%,0.00%,0.00%,0.00%,0.00%,0.00%,0.00%,0.00%,0.00%,0.00%,0.00%,0.00%,0.00%,0.00%,0.00%,0.00%,0.00%,0.00%,0.00%
2022-10-16,15.00%,0.00%,2.50%,2.50%,5.00%,10.00%,5.00%,7.50%,2.50%,5.00%,5.00%,12.50%,2.50%,5.00%,5.00%,5.00%,5.00%,2.50%,2.50%,0.00%,0.00%,0.00%,0.00%,0.00%,0.00%,0.00%,0.00%,0.00%,0.00%,0.00%,0.00%,0.00%,0.00%,0.00%,0.00%,0.00%,0.00%,0.00%,0.00%,0.00%,0.00%,0.00%,0.00%,0.00%,0.00%,0.00%,0.00%,0.00%,0.00%,0.00%,0.00%
2022-10-17,15.00%,0.00%,2.50%,2.50%,5.00%,10.00%,5.00%,7.50%,2.50%,5.00%,5.00%,12.50%,2.50%,5.00%,5.00%,5.00%,5.00%,2.50%,2.50%,0.00%,0.00%,0.00%,0.00%,0.00%,0.00%,0.00%,0.00%,0.00%,0.00%,0.00%,0.00%,0.00%,0.00%,0.00%,0.00%,0.00%,0.00%,0.00%,0.00%,0.00%,0.00%,0.00%,0.00%,0.00%,0.00%,0.00%,0.00%,0.00%,0.00%,0.00%,0.00%
2022-10-18,15.00%,0.00%,2.50%,2.50%,5.00%,10.00%,5.00%,7.50%,2.50%,5.00%,5.00%,12.50%,2.50%,5.00%,5.00%,5.00%,5.00%,2.50%,2.50%,0.00%,0.00%,0.00%,0.00%,0.00%,0.00%,0.00%,0.00%,0.00%,0.00%,0.00%,0.00%,0.00%,0.00%,0.00%,0.00%,0.00%,0.00%,0.00%,0.00%,0.00%,0.00%,0.00%,0.00%,0.00%,0.00%,0.00%,0.00%,0.00%,0.00%,0.00%,0.00%
2022-10-19,15.00%,0.00%,2.50%,2.50%,5.00%,10.00%,5.00%,7.50%,2.50%,5.00%,5.00%,12.50%,2.50%,5.00%,5.00%,5.00%,5.00%,2.50%,2.50%,0.00%,0.00%,0.00%,0.00%,0.00%,0.00%,0.00%,0.00%,0.00%,0.00%,0.00%,0.00%,0.00%,0.00%,0.00%,0.00%,0.00%,0.00%,0.00%,0.00%,0.00%,0.00%,0.00%,0.00%,0.00%,0.00%,0.00%,0.00%,0.00%,0.00%,0.00%,0.00%
2022-10-20,15.00%,0.00%,2.50%,2.50%,5.00%,10.00%,5.00%,7.50%,2.50%,5.00%,5.00%,12.50%,2.50%,5.00%,5.00%,5.00%,5.00%,2.50%,2.50%,0.00%,0.00%,0.00%,0.00%,0.00%,0.00%,0.00%,0.00%,0.00%,0.00%,0.00%,0.00%,0.00%,0.00%,0.00%,0.00%,0.00%,0.00%,0.00%,0.00%,0.00%,0.00%,0.00%,0.00%,0.00%,0.00%,0.00%,0.00%,0.00%,0.00%,0.00%,0.00%
2022-10-21,15.00%,0.00%,2.50%,2.50%,5.00%,10.00%,5.00%,7.50%,2.50%,5.00%,5.00%,12.50%,2.50%,5.00%,5.00%,5.00%,5.00%,2.50%,2.50%,0.00%,0.00%,0.00%,0.00%,0.00%,0.00%,0.00%,0.00%,0.00%,0.00%,0.00%,0.00%,0.00%,0.00%,0.00%,0.00%,0.00%,0.00%,0.00%,0.00%,0.00%,0.00%,0.00%,0.00%,0.00%,0.00%,0.00%,0.00%,0.00%,0.00%,0.00%,0.00%
2022-10-22,15.00%,0.00%,2.50%,2.50%,5.00%,10.00%,5.00%,7.50%,2.50%,5.00%,5.00%,12.50%,2.50%,5.00%,5.00%,5.00%,5.00%,2.50%,2.50%,0.00%,0.00%,0.00%,0.00%,0.00%,0.00%,0.00%,0.00%,0.00%,0.00%,0.00%,0.00%,0.00%,0.00%,0.00%,0.00%,0.00%,0.00%,0.00%,0.00%,0.00%,0.00%,0.00%,0.00%,0.00%,0.00%,0.00%,0.00%,0.00%,0.00%,0.00%,0.00%
2022-10-23,15.00%,0.00%,2.50%,2.50%,5.00%,10.00%,5.00%,7.50%,2.50%,5.00%,5.00%,12.50%,2.50%,5.00%,5.00%,5.00%,5.00%,2.50%,2.50%,0.00%,0.00%,0.00%,0.00%,0.00%,0.00%,0.00%,0.00%,0.00%,0.00%,0.00%,0.00%,0.00%,0.00%,0.00%,0.00%,0.00%,0.00%,0.00%,0.00%,0.00%,0.00%,0.00%,0.00%,0.00%,0.00%,0.00%,0.00%,0.00%,0.00%,0.00%,0.00%
2022-10-24,15.00%,0.00%,2.50%,2.50%,5.00%,10.00%,5.00%,7.50%,2.50%,5.00%,5.00%,12.50%,2.50%,5.00%,5.00%,5.00%,5.00%,2.50%,2.50%,0.00%,0.00%,0.00%,0.00%,0.00%,0.00%,0.00%,0.00%,0.00%,0.00%,0.00%,0.00%,0.00%,0.00%,0.00%,0.00%,0.00%,0.00%,0.00%,0.00%,0.00%,0.00%,0.00%,0.00%,0.00%,0.00%,0.00%,0.00%,0.00%,0.00%,0.00%,0.00%
2022-10-25,15.00%,0.00%,2.50%,2.50%,5.00%,10.00%,5.00%,7.50%,2.50%,5.00%,5.00%,12.50%,2.50%,5.00%,5.00%,5.00%,5.00%,2.50%,2.50%,0.00%,0.00%,0.00%,0.00%,0.00%,0.00%,0.00%,0.00%,0.00%,0.00%,0.00%,0.00%,0.00%,0.00%,0.00%,0.00%,0.00%,0.00%,0.00%,0.00%,0.00%,0.00%,0.00%,0.00%,0.00%,0.00%,0.00%,0.00%,0.00%,0.00%,0.00%,0.00%
2022-10-26,15.00%,0.00%,2.50%,2.50%,5.00%,10.00%,5.00%,7.50%,2.50%,5.00%,5.00%,12.50%,2.50%,5.00%,5.00%,5.00%,5.00%,2.50%,2.50%,0.00%,0.00%,0.00%,0.00%,0.00%,0.00%,0.00%,0.00%,0.00%,0.00%,0.00%,0.00%,0.00%,0.00%,0.00%,0.00%,0.00%,0.00%,0.00%,0.00%,0.00%,0.00%,0.00%,0.00%,0.00%,0.00%,0.00%,0.00%,0.00%,0.00%,0.00%,0.00%
2022-10-27,15.00%,0.00%,2.50%,2.50%,5.00%,10.00%,5.00%,7.50%,2.50%,5.00%,5.00%,12.50%,2.50%,5.00%,5.00%,5.00%,5.00%,2.50%,2.50%,0.00%,0.00%,0.00%,0.00%,0.00%,0.00%,0.00%,0.00%,0.00%,0.00%,0.00%,0.00%,0.00%,0.00%,0.00%,0.00%,0.00%,0.00%,0.00%,0.00%,0.00%,0.00%,0.00%,0.00%,0.00%,0.00%,0.00%,0.00%,0.00%,0.00%,0.00%,0.00%
2022-10-28,15.00%,0.00%,2.50%,2.50%,5.00%,10.00%,5.00%,7.50%,2.50%,5.00%,5.00%,12.50%,2.50%,5.00%,5.00%,5.00%,5.00%,2.50%,2.50%,0.00%,0.00%,0.00%,0.00%,0.00%,0.00%,0.00%,0.00%,0.00%,0.00%,0.00%,0.00%,0.00%,0.00%,0.00%,0.00%,0.00%,0.00%,0.00%,0.00%,0.00%,0.00%,0.00%,0.00%,0.00%,0.00%,0.00%,0.00%,0.00%,0.00%,0.00%,0.00%
2022-10-29,15.00%,0.00%,2.50%,2.50%,5.00%,10.00%,5.00%,7.50%,2.50%,5.00%,5.00%,12.50%,2.50%,5.00%,5.00%,5.00%,5.00%,2.50%,2.50%,0.00%,0.00%,0.00%,0.00%,0.00%,0.00%,0.00%,0.00%,0.00%,0.00%,0.00%,0.00%,0.00%,0.00%,0.00%,0.00%,0.00%,0.00%,0.00%,0.00%,0.00%,0.00%,0.00%,0.00%,0.00%,0.00%,0.00%,0.00%,0.00%,0.00%,0.00%,0.00%
2022-10-30,15.00%,0.00%,2.50%,2.50%,5.00%,10.00%,5.00%,7.50%,2.50%,5.00%,5.00%,12.50%,2.50%,5.00%,5.00%,5.00%,5.00%,2.50%,2.50%,0.00%,0.00%,0.00%,0.00%,0.00%,0.00%,0.00%,0.00%,0.00%,0.00%,0.00%,0.00%,0.00%,0.00%,0.00%,0.00%,0.00%,0.00%,0.00%,0.00%,0.00%,0.00%,0.00%,0.00%,0.00%,0.00%,0.00%,0.00%,0.00%,0.00%,0.00%,0.00%
2022-10-31,15.00%,0.00%,2.50%,2.50%,5.00%,10.00%,5.00%,7.50%,2.50%,5.00%,5.00%,12.50%,2.50%,5.00%,5.00%,5.00%,5.00%,2.50%,2.50%,0.00%,0.00%,0.00%,0.00%,0.00%,0.00%,0.00%,0.00%,0.00%,0.00%,0.00%,0.00%,0.00%,0.00%,0.00%,0.00%,0.00%,0.00%,0.00%,0.00%,0.00%,0.00%,0.00%,0.00%,0.00%,0.00%,0.00%,0.00%,0.00%,0.00%,0.00%,0.00%
2022-11-01,15.00%,0.00%,2.50%,2.50%,5.00%,10.00%,5.00%,7.50%,2.50%,5.00%,5.00%,12.50%,2.50%,5.00%,5.00%,5.00%,5.00%,2.50%,2.50%,0.00%,0.00%,0.00%,0.00%,0.00%,0.00%,0.00%,0.00%,0.00%,0.00%,0.00%,0.00%,0.00%,0.00%,0.00%,0.00%,0.00%,0.00%,0.00%,0.00%,0.00%,0.00%,0.00%,0.00%,0.00%,0.00%,0.00%,0.00%,0.00%,0.00%,0.00%,0.00%
2022-11-02,15.00%,0.00%,2.50%,2.50%,5.00%,10.00%,5.00%,7.50%,2.50%,5.00%,5.00%,12.50%,2.50%,5.00%,5.00%,5.00%,5.00%,2.50%,2.50%,0.00%,0.00%,0.00%,0.00%,0.00%,0.00%,0.00%,0.00%,0.00%,0.00%,0.00%,0.00%,0.00%,0.00%,0.00%,0.00%,0.00%,0.00%,0.00%,0.00%,0.00%,0.00%,0.00%,0.00%,0.00%,0.00%,0.00%,0.00%,0.00%,0.00%,0.00%,0.00%
2022-11-03,15.00%,0.00%,2.50%,2.50%,5.00%,10.00%,5.00%,7.50%,2.50%,5.00%,5.00%,12.50%,2.50%,5.00%,5.00%,5.00%,5.00%,2.50%,2.50%,0.00%,0.00%,0.00%,0.00%,0.00%,0.00%,0.00%,0.00%,0.00%,0.00%,0.00%,0.00%,0.00%,0.00%,0.00%,0.00%,0.00%,0.00%,0.00%,0.00%,0.00%,0.00%,0.00%,0.00%,0.00%,0.00%,0.00%,0.00%,0.00%,0.00%,0.00%,0.00%
2022-11-04,15.00%,0.00%,2.50%,2.50%,5.00%,10.00%,5.00%,7.50%,2.50%,5.00%,5.00%,12.50%,2.50%,5.00%,5.00%,5.00%,5.00%,2.50%,2.50%,0.00%,0.00%,0.00%,0.00%,0.00%,0.00%,0.00%,0.00%,0.00%,0.00%,0.00%,0.00%,0.00%,0.00%,0.00%,0.00%,0.00%,0.00%,0.00%,0.00%,0.00%,0.00%,0.00%,0.00%,0.00%,0.00%,0.00%,0.00%,0.00%,0.00%,0.00%,0.00%
2022-11-05,15.00%,0.00%,2.50%,2.50%,5.00%,10.00%,5.00%,7.50%,2.50%,5.00%,5.00%,12.50%,2.50%,5.00%,5.00%,5.00%,5.00%,2.50%,2.50%,0.00%,0.00%,0.00%,0.00%,0.00%,0.00%,0.00%,0.00%,0.00%,0.00%,0.00%,0.00%,0.00%,0.00%,0.00%,0.00%,0.00%,0.00%,0.00%,0.00%,0.00%,0.00%,0.00%,0.00%,0.00%,0.00%,0.00%,0.00%,0.00%,0.00%,0.00%,0.00%
2022-11-06,15.00%,0.00%,2.50%,2.50%,5.00%,10.00%,5.00%,7.50%,2.50%,5.00%,5.00%,12.50%,2.50%,5.00%,5.00%,5.00%,5.00%,2.50%,2.50%,0.00%,0.00%,0.00%,0.00%,0.00%,0.00%,0.00%,0.00%,0.00%,0.00%,0.00%,0.00%,0.00%,0.00%,0.00%,0.00%,0.00%,0.00%,0.00%,0.00%,0.00%,0.00%,0.00%,0.00%,0.00%,0.00%,0.00%,0.00%,0.00%,0.00%,0.00%,0.00%
2022-11-07,15.00%,0.00%,2.50%,2.50%,5.00%,10.00%,5.00%,7.50%,2.50%,5.00%,5.00%,12.50%,2.50%,5.00%,5.00%,5.00%,5.00%,2.50%,2.50%,0.00%,0.00%,0.00%,0.00%,0.00%,0.00%,0.00%,0.00%,0.00%,0.00%,0.00%,0.00%,0.00%,0.00%,0.00%,0.00%,0.00%,0.00%,0.00%,0.00%,0.00%,0.00%,0.00%,0.00%,0.00%,0.00%,0.00%,0.00%,0.00%,0.00%,0.00%,0.00%
2022-11-08,15.00%,0.00%,2.50%,2.50%,5.00%,10.00%,5.00%,7.50%,2.50%,5.00%,5.00%,12.50%,2.50%,5.00%,5.00%,5.00%,5.00%,2.50%,2.50%,0.00%,0.00%,0.00%,0.00%,0.00%,0.00%,0.00%,0.00%,0.00%,0.00%,0.00%,0.00%,0.00%,0.00%,0.00%,0.00%,0.00%,0.00%,0.00%,0.00%,0.00%,0.00%,0.00%,0.00%,0.00%,0.00%,0.00%,0.00%,0.00%,0.00%,0.00%,0.00%
2022-11-09,15.00%,0.00%,2.50%,2.50%,5.00%,10.00%,5.00%,7.50%,2.50%,5.00%,5.00%,12.50%,2.50%,5.00%,5.00%,5.00%,5.00%,2.50%,2.50%,0.00%,0.00%,0.00%,0.00%,0.00%,0.00%,0.00%,0.00%,0.00%,0.00%,0.00%,0.00%,0.00%,0.00%,0.00%,0.00%,0.00%,0.00%,0.00%,0.00%,0.00%,0.00%,0.00%,0.00%,0.00%,0.00%,0.00%,0.00%,0.00%,0.00%,0.00%,0.00%
2022-11-10,15.00%,0.00%,2.50%,2.50%,5.00%,10.00%,5.00%,7.50%,2.50%,5.00%,5.00%,12.50%,2.50%,5.00%,5.00%,5.00%,5.00%,2.50%,2.50%,0.00%,0.00%,0.00%,0.00%,0.00%,0.00%,0.00%,0.00%,0.00%,0.00%,0.00%,0.00%,0.00%,0.00%,0.00%,0.00%,0.00%,0.00%,0.00%,0.00%,0.00%,0.00%,0.00%,0.00%,0.00%,0.00%,0.00%,0.00%,0.00%,0.00%,0.00%,0.00%
2022-11-11,27.50%,0.00%,2.50%,2.50%,5.00%,10.00%,5.00%,5.00%,0.00%,5.00%,5.00%,7.50%,0.00%,5.00%,5.00%,5.00%,5.00%,2.50%,2.50%,0.00%,0.00%,0.00%,0.00%,0.00%,0.00%,0.00%,0.00%,0.00%,0.00%,0.00%,0.00%,0.00%,0.00%,0.00%,0.00%,0.00%,0.00%,0.00%,0.00%,0.00%,0.00%,0.00%,0.00%,0.00%,0.00%,0.00%,0.00%,0.00%,0.00%,0.00%,0.00%
2022-11-12,27.50%,0.00%,2.50%,2.50%,5.00%,10.00%,5.00%,5.00%,0.00%,5.00%,5.00%,7.50%,0.00%,5.00%,5.00%,5.00%,5.00%,2.50%,2.50%,0.00%,0.00%,0.00%,0.00%,0.00%,0.00%,0.00%,0.00%,0.00%,0.00%,0.00%,0.00%,0.00%,0.00%,0.00%,0.00%,0.00%,0.00%,0.00%,0.00%,0.00%,0.00%,0.00%,0.00%,0.00%,0.00%,0.00%,0.00%,0.00%,0.00%,0.00%,0.00%
2022-11-13,27.50%,0.00%,2.50%,2.50%,5.00%,10.00%,5.00%,5.00%,0.00%,5.00%,5.00%,7.50%,0.00%,5.00%,5.00%,5.00%,5.00%,2.50%,2.50%,0.00%,0.00%,0.00%,0.00%,0.00%,0.00%,0.00%,0.00%,0.00%,0.00%,0.00%,0.00%,0.00%,0.00%,0.00%,0.00%,0.00%,0.00%,0.00%,0.00%,0.00%,0.00%,0.00%,0.00%,0.00%,0.00%,0.00%,0.00%,0.00%,0.00%,0.00%,0.00%
2022-11-14,27.50%,0.00%,2.50%,2.50%,5.00%,10.00%,5.00%,5.00%,0.00%,5.00%,5.00%,7.50%,0.00%,5.00%,5.00%,5.00%,5.00%,2.50%,2.50%,0.00%,0.00%,0.00%,0.00%,0.00%,0.00%,0.00%,0.00%,0.00%,0.00%,0.00%,0.00%,0.00%,0.00%,0.00%,0.00%,0.00%,0.00%,0.00%,0.00%,0.00%,0.00%,0.00%,0.00%,0.00%,0.00%,0.00%,0.00%,0.00%,0.00%,0.00%,0.00%
2022-11-15,27.50%,0.00%,2.50%,2.50%,5.00%,10.00%,5.00%,5.00%,0.00%,5.00%,5.00%,7.50%,0.00%,5.00%,5.00%,5.00%,5.00%,2.50%,2.50%,0.00%,0.00%,0.00%,0.00%,0.00%,0.00%,0.00%,0.00%,0.00%,0.00%,0.00%,0.00%,0.00%,0.00%,0.00%,0.00%,0.00%,0.00%,0.00%,0.00%,0.00%,0.00%,0.00%,0.00%,0.00%,0.00%,0.00%,0.00%,0.00%,0.00%,0.00%,0.00%
2022-11-16,27.50%,0.00%,2.50%,2.50%,5.00%,10.00%,5.00%,5.00%,0.00%,5.00%,5.00%,7.50%,0.00%,5.00%,5.00%,5.00%,5.00%,2.50%,2.50%,0.00%,0.00%,0.00%,0.00%,0.00%,0.00%,0.00%,0.00%,0.00%,0.00%,0.00%,0.00%,0.00%,0.00%,0.00%,0.00%,0.00%,0.00%,0.00%,0.00%,0.00%,0.00%,0.00%,0.00%,0.00%,0.00%,0.00%,0.00%,0.00%,0.00%,0.00%,0.00%
2022-11-17,27.50%,0.00%,2.50%,2.50%,5.00%,10.00%,5.00%,5.00%,0.00%,5.00%,5.00%,7.50%,0.00%,5.00%,5.00%,5.00%,5.00%,2.50%,2.50%,0.00%,0.00%,0.00%,0.00%,0.00%,0.00%,0.00%,0.00%,0.00%,0.00%,0.00%,0.00%,0.00%,0.00%,0.00%,0.00%,0.00%,0.00%,0.00%,0.00%,0.00%,0.00%,0.00%,0.00%,0.00%,0.00%,0.00%,0.00%,0.00%,0.00%,0.00%,0.00%
2022-11-18,27.50%,0.00%,2.50%,2.50%,5.00%,10.00%,5.00%,5.00%,0.00%,5.00%,5.00%,7.50%,0.00%,5.00%,5.00%,5.00%,5.00%,2.50%,2.50%,0.00%,0.00%,0.00%,0.00%,0.00%,0.00%,0.00%,0.00%,0.00%,0.00%,0.00%,0.00%,0.00%,0.00%,0.00%,0.00%,0.00%,0.00%,0.00%,0.00%,0.00%,0.00%,0.00%,0.00%,0.00%,0.00%,0.00%,0.00%,0.00%,0.00%,0.00%,0.00%
2022-11-19,27.50%,0.00%,2.50%,2.50%,5.00%,10.00%,5.00%,5.00%,0.00%,5.00%,5.00%,7.50%,0.00%,5.00%,5.00%,5.00%,5.00%,2.50%,2.50%,0.00%,0.00%,0.00%,0.00%,0.00%,0.00%,0.00%,0.00%,0.00%,0.00%,0.00%,0.00%,0.00%,0.00%,0.00%,0.00%,0.00%,0.00%,0.00%,0.00%,0.00%,0.00%,0.00%,0.00%,0.00%,0.00%,0.00%,0.00%,0.00%,0.00%,0.00%,0.00%
2022-11-20,27.50%,0.00%,2.50%,2.50%,5.00%,10.00%,5.00%,5.00%,0.00%,5.00%,5.00%,7.50%,0.00%,5.00%,5.00%,5.00%,5.00%,2.50%,2.50%,0.00%,0.00%,0.00%,0.00%,0.00%,0.00%,0.00%,0.00%,0.00%,0.00%,0.00%,0.00%,0.00%,0.00%,0.00%,0.00%,0.00%,0.00%,0.00%,0.00%,0.00%,0.00%,0.00%,0.00%,0.00%,0.00%,0.00%,0.00%,0.00%,0.00%,0.00%,0.00%
2022-11-21,27.50%,0.00%,2.50%,2.50%,5.00%,10.00%,5.00%,5.00%,0.00%,5.00%,5.00%,7.50%,0.00%,5.00%,5.00%,5.00%,5.00%,2.50%,2.50%,0.00%,0.00%,0.00%,0.00%,0.00%,0.00%,0.00%,0.00%,0.00%,0.00%,0.00%,0.00%,0.00%,0.00%,0.00%,0.00%,0.00%,0.00%,0.00%,0.00%,0.00%,0.00%,0.00%,0.00%,0.00%,0.00%,0.00%,0.00%,0.00%,0.00%,0.00%,0.00%
2022-11-22,27.50%,0.00%,2.50%,2.50%,5.00%,10.00%,5.00%,5.00%,0.00%,5.00%,5.00%,7.50%,0.00%,5.00%,5.00%,5.00%,5.00%,2.50%,2.50%,0.00%,0.00%,0.00%,0.00%,0.00%,0.00%,0.00%,0.00%,0.00%,0.00%,0.00%,0.00%,0.00%,0.00%,0.00%,0.00%,0.00%,0.00%,0.00%,0.00%,0.00%,0.00%,0.00%,0.00%,0.00%,0.00%,0.00%,0.00%,0.00%,0.00%,0.00%,0.00%
2022-11-23,27.50%,0.00%,2.50%,2.50%,5.00%,10.00%,5.00%,5.00%,0.00%,5.00%,5.00%,7.50%,0.00%,5.00%,5.00%,5.00%,5.00%,2.50%,2.50%,0.00%,0.00%,0.00%,0.00%,0.00%,0.00%,0.00%,0.00%,0.00%,0.00%,0.00%,0.00%,0.00%,0.00%,0.00%,0.00%,0.00%,0.00%,0.00%,0.00%,0.00%,0.00%,0.00%,0.00%,0.00%,0.00%,0.00%,0.00%,0.00%,0.00%,0.00%,0.00%
2022-11-24,27.50%,0.00%,2.50%,2.50%,5.00%,10.00%,5.00%,5.00%,0.00%,5.00%,5.00%,7.50%,0.00%,5.00%,5.00%,5.00%,5.00%,2.50%,2.50%,0.00%,0.00%,0.00%,0.00%,0.00%,0.00%,0.00%,0.00%,0.00%,0.00%,0.00%,0.00%,0.00%,0.00%,0.00%,0.00%,0.00%,0.00%,0.00%,0.00%,0.00%,0.00%,0.00%,0.00%,0.00%,0.00%,0.00%,0.00%,0.00%,0.00%,0.00%,0.00%
2022-11-25,27.50%,0.00%,2.50%,2.50%,5.00%,10.00%,5.00%,5.00%,0.00%,5.00%,5.00%,7.50%,0.00%,5.00%,5.00%,5.00%,5.00%,2.50%,2.50%,0.00%,0.00%,0.00%,0.00%,0.00%,0.00%,0.00%,0.00%,0.00%,0.00%,0.00%,0.00%,0.00%,0.00%,0.00%,0.00%,0.00%,0.00%,0.00%,0.00%,0.00%,0.00%,0.00%,0.00%,0.00%,0.00%,0.00%,0.00%,0.00%,0.00%,0.00%,0.00%
2022-11-26,27.50%,0.00%,2.50%,2.50%,5.00%,10.00%,5.00%,5.00%,0.00%,5.00%,5.00%,7.50%,0.00%,5.00%,5.00%,5.00%,5.00%,2.50%,2.50%,0.00%,0.00%,0.00%,0.00%,0.00%,0.00%,0.00%,0.00%,0.00%,0.00%,0.00%,0.00%,0.00%,0.00%,0.00%,0.00%,0.00%,0.00%,0.00%,0.00%,0.00%,0.00%,0.00%,0.00%,0.00%,0.00%,0.00%,0.00%,0.00%,0.00%,0.00%,0.00%
2022-11-27,27.50%,0.00%,2.50%,2.50%,5.00%,10.00%,5.00%,5.00%,0.00%,5.00%,5.00%,7.50%,0.00%,5.00%,5.00%,5.00%,5.00%,2.50%,2.50%,0.00%,0.00%,0.00%,0.00%,0.00%,0.00%,0.00%,0.00%,0.00%,0.00%,0.00%,0.00%,0.00%,0.00%,0.00%,0.00%,0.00%,0.00%,0.00%,0.00%,0.00%,0.00%,0.00%,0.00%,0.00%,0.00%,0.00%,0.00%,0.00%,0.00%,0.00%,0.00%
2022-11-28,27.50%,0.00%,2.50%,2.50%,5.00%,10.00%,5.00%,5.00%,0.00%,5.00%,5.00%,7.50%,0.00%,5.00%,5.00%,5.00%,5.00%,2.50%,2.50%,0.00%,0.00%,0.00%,0.00%,0.00%,0.00%,0.00%,0.00%,0.00%,0.00%,0.00%,0.00%,0.00%,0.00%,0.00%,0.00%,0.00%,0.00%,0.00%,0.00%,0.00%,0.00%,0.00%,0.00%,0.00%,0.00%,0.00%,0.00%,0.00%,0.00%,0.00%,0.00%
2022-11-29,27.50%,0.00%,2.50%,2.50%,5.00%,10.00%,5.00%,5.00%,0.00%,5.00%,5.00%,7.50%,0.00%,5.00%,5.00%,5.00%,5.00%,2.50%,2.50%,0.00%,0.00%,0.00%,0.00%,0.00%,0.00%,0.00%,0.00%,0.00%,0.00%,0.00%,0.00%,0.00%,0.00%,0.00%,0.00%,0.00%,0.00%,0.00%,0.00%,0.00%,0.00%,0.00%,0.00%,0.00%,0.00%,0.00%,0.00%,0.00%,0.00%,0.00%,0.00%
2022-11-30,27.50%,0.00%,2.50%,2.50%,5.00%,10.00%,5.00%,5.00%,0.00%,5.00%,5.00%,7.50%,0.00%,5.00%,5.00%,5.00%,5.00%,2.50%,2.50%,0.00%,0.00%,0.00%,0.00%,0.00%,0.00%,0.00%,0.00%,0.00%,0.00%,0.00%,0.00%,0.00%,0.00%,0.00%,0.00%,0.00%,0.00%,0.00%,0.00%,0.00%,0.00%,0.00%,0.00%,0.00%,0.00%,0.00%,0.00%,0.00%,0.00%,0.00%,0.00%
2022-12-01,27.50%,0.00%,2.50%,2.50%,5.00%,10.00%,5.00%,5.00%,0.00%,5.00%,5.00%,7.50%,0.00%,5.00%,5.00%,5.00%,5.00%,2.50%,2.50%,0.00%,0.00%,0.00%,0.00%,0.00%,0.00%,0.00%,0.00%,0.00%,0.00%,0.00%,0.00%,0.00%,0.00%,0.00%,0.00%,0.00%,0.00%,0.00%,0.00%,0.00%,0.00%,0.00%,0.00%,0.00%,0.00%,0.00%,0.00%,0.00%,0.00%,0.00%,0.00%
2022-12-02,27.50%,0.00%,2.50%,2.50%,5.00%,10.00%,5.00%,5.00%,0.00%,5.00%,5.00%,7.50%,0.00%,5.00%,5.00%,5.00%,5.00%,2.50%,2.50%,0.00%,0.00%,0.00%,0.00%,0.00%,0.00%,0.00%,0.00%,0.00%,0.00%,0.00%,0.00%,0.00%,0.00%,0.00%,0.00%,0.00%,0.00%,0.00%,0.00%,0.00%,0.00%,0.00%,0.00%,0.00%,0.00%,0.00%,0.00%,0.00%,0.00%,0.00%,0.00%
2022-12-03,27.50%,0.00%,2.50%,2.50%,5.00%,10.00%,5.00%,5.00%,0.00%,5.00%,5.00%,7.50%,0.00%,5.00%,5.00%,5.00%,5.00%,2.50%,2.50%,0.00%,0.00%,0.00%,0.00%,0.00%,0.00%,0.00%,0.00%,0.00%,0.00%,0.00%,0.00%,0.00%,0.00%,0.00%,0.00%,0.00%,0.00%,0.00%,0.00%,0.00%,0.00%,0.00%,0.00%,0.00%,0.00%,0.00%,0.00%,0.00%,0.00%,0.00%,0.00%
2022-12-04,27.50%,0.00%,2.50%,2.50%,5.00%,10.00%,5.00%,5.00%,0.00%,5.00%,5.00%,7.50%,0.00%,5.00%,5.00%,5.00%,5.00%,2.50%,2.50%,0.00%,0.00%,0.00%,0.00%,0.00%,0.00%,0.00%,0.00%,0.00%,0.00%,0.00%,0.00%,0.00%,0.00%,0.00%,0.00%,0.00%,0.00%,0.00%,0.00%,0.00%,0.00%,0.00%,0.00%,0.00%,0.00%,0.00%,0.00%,0.00%,0.00%,0.00%,0.00%
2022-12-05,27.50%,0.00%,2.50%,2.50%,5.00%,10.00%,5.00%,5.00%,0.00%,5.00%,5.00%,7.50%,0.00%,5.00%,5.00%,5.00%,5.00%,2.50%,2.50%,0.00%,0.00%,0.00%,0.00%,0.00%,0.00%,0.00%,0.00%,0.00%,0.00%,0.00%,0.00%,0.00%,0.00%,0.00%,0.00%,0.00%,0.00%,0.00%,0.00%,0.00%,0.00%,0.00%,0.00%,0.00%,0.00%,0.00%,0.00%,0.00%,0.00%,0.00%,0.00%
2022-12-06,27.50%,0.00%,2.50%,2.50%,5.00%,10.00%,5.00%,5.00%,0.00%,5.00%,5.00%,7.50%,0.00%,5.00%,5.00%,5.00%,5.00%,2.50%,2.50%,0.00%,0.00%,0.00%,0.00%,0.00%,0.00%,0.00%,0.00%,0.00%,0.00%,0.00%,0.00%,0.00%,0.00%,0.00%,0.00%,0.00%,0.00%,0.00%,0.00%,0.00%,0.00%,0.00%,0.00%,0.00%,0.00%,0.00%,0.00%,0.00%,0.00%,0.00%,0.00%
2022-12-07,27.50%,0.00%,2.50%,2.50%,5.00%,10.00%,5.00%,5.00%,0.00%,5.00%,5.00%,7.50%,0.00%,5.00%,5.00%,5.00%,5.00%,2.50%,2.50%,0.00%,0.00%,0.00%,0.00%,0.00%,0.00%,0.00%,0.00%,0.00%,0.00%,0.00%,0.00%,0.00%,0.00%,0.00%,0.00%,0.00%,0.00%,0.00%,0.00%,0.00%,0.00%,0.00%,0.00%,0.00%,0.00%,0.00%,0.00%,0.00%,0.00%,0.00%,0.00%
2022-12-08,27.50%,0.00%,2.50%,2.50%,5.00%,10.00%,5.00%,5.00%,0.00%,5.00%,5.00%,7.50%,0.00%,5.00%,5.00%,5.00%,5.00%,2.50%,2.50%,0.00%,0.00%,0.00%,0.00%,0.00%,0.00%,0.00%,0.00%,0.00%,0.00%,0.00%,0.00%,0.00%,0.00%,0.00%,0.00%,0.00%,0.00%,0.00%,0.00%,0.00%,0.00%,0.00%,0.00%,0.00%,0.00%,0.00%,0.00%,0.00%,0.00%,0.00%,0.00%
2022-12-09,27.50%,0.00%,2.50%,2.50%,5.00%,10.00%,5.00%,5.00%,0.00%,5.00%,5.00%,7.50%,0.00%,5.00%,5.00%,5.00%,5.00%,2.50%,2.50%,0.00%,0.00%,0.00%,0.00%,0.00%,0.00%,0.00%,0.00%,0.00%,0.00%,0.00%,0.00%,0.00%,0.00%,0.00%,0.00%,0.00%,0.00%,0.00%,0.00%,0.00%,0.00%,0.00%,0.00%,0.00%,0.00%,0.00%,0.00%,0.00%,0.00%,0.00%,0.00%
2022-12-10,27.50%,0.00%,2.50%,2.50%,5.00%,10.00%,5.00%,5.00%,0.00%,5.00%,5.00%,7.50%,0.00%,5.00%,5.00%,5.00%,5.00%,2.50%,2.50%,0.00%,0.00%,0.00%,0.00%,0.00%,0.00%,0.00%,0.00%,0.00%,0.00%,0.00%,0.00%,0.00%,0.00%,0.00%,0.00%,0.00%,0.00%,0.00%,0.00%,0.00%,0.00%,0.00%,0.00%,0.00%,0.00%,0.00%,0.00%,0.00%,0.00%,0.00%,0.00%
2022-12-11,27.50%,0.00%,2.50%,2.50%,5.00%,10.00%,5.00%,5.00%,0.00%,5.00%,5.00%,7.50%,0.00%,5.00%,5.00%,5.00%,5.00%,2.50%,2.50%,0.00%,0.00%,0.00%,0.00%,0.00%,0.00%,0.00%,0.00%,0.00%,0.00%,0.00%,0.00%,0.00%,0.00%,0.00%,0.00%,0.00%,0.00%,0.00%,0.00%,0.00%,0.00%,0.00%,0.00%,0.00%,0.00%,0.00%,0.00%,0.00%,0.00%,0.00%,0.00%
2022-12-12,27.50%,0.00%,2.50%,2.50%,5.00%,10.00%,5.00%,5.00%,0.00%,5.00%,5.00%,7.50%,0.00%,5.00%,5.00%,5.00%,5.00%,2.50%,2.50%,0.00%,0.00%,0.00%,0.00%,0.00%,0.00%,0.00%,0.00%,0.00%,0.00%,0.00%,0.00%,0.00%,0.00%,0.00%,0.00%,0.00%,0.00%,0.00%,0.00%,0.00%,0.00%,0.00%,0.00%,0.00%,0.00%,0.00%,0.00%,0.00%,0.00%,0.00%,0.00%
2022-12-13,27.50%,0.00%,2.50%,2.50%,5.00%,10.00%,5.00%,5.00%,0.00%,5.00%,5.00%,7.50%,0.00%,5.00%,5.00%,5.00%,5.00%,2.50%,2.50%,0.00%,0.00%,0.00%,0.00%,0.00%,0.00%,0.00%,0.00%,0.00%,0.00%,0.00%,0.00%,0.00%,0.00%,0.00%,0.00%,0.00%,0.00%,0.00%,0.00%,0.00%,0.00%,0.00%,0.00%,0.00%,0.00%,0.00%,0.00%,0.00%,0.00%,0.00%,0.00%
2022-12-14,27.50%,0.00%,2.50%,2.50%,5.00%,10.00%,5.00%,5.00%,0.00%,5.00%,5.00%,7.50%,0.00%,5.00%,5.00%,5.00%,5.00%,2.50%,2.50%,0.00%,0.00%,0.00%,0.00%,0.00%,0.00%,0.00%,0.00%,0.00%,0.00%,0.00%,0.00%,0.00%,0.00%,0.00%,0.00%,0.00%,0.00%,0.00%,0.00%,0.00%,0.00%,0.00%,0.00%,0.00%,0.00%,0.00%,0.00%,0.00%,0.00%,0.00%,0.00%
2022-12-15,27.50%,0.00%,2.50%,2.50%,5.00%,10.00%,5.00%,5.00%,0.00%,5.00%,5.00%,7.50%,0.00%,5.00%,5.00%,5.00%,5.00%,2.50%,2.50%,0.00%,0.00%,0.00%,0.00%,0.00%,0.00%,0.00%,0.00%,0.00%,0.00%,0.00%,0.00%,0.00%,0.00%,0.00%,0.00%,0.00%,0.00%,0.00%,0.00%,0.00%,0.00%,0.00%,0.00%,0.00%,0.00%,0.00%,0.00%,0.00%,0.00%,0.00%,0.00%
2022-12-16,27.50%,0.00%,2.50%,2.50%,5.00%,10.00%,5.00%,5.00%,0.00%,5.00%,5.00%,7.50%,0.00%,5.00%,5.00%,5.00%,5.00%,2.50%,2.50%,0.00%,0.00%,0.00%,0.00%,0.00%,0.00%,0.00%,0.00%,0.00%,0.00%,0.00%,0.00%,0.00%,0.00%,0.00%,0.00%,0.00%,0.00%,0.00%,0.00%,0.00%,0.00%,0.00%,0.00%,0.00%,0.00%,0.00%,0.00%,0.00%,0.00%,0.00%,0.00%
2022-12-17,27.50%,0.00%,2.50%,2.50%,5.00%,10.00%,5.00%,5.00%,0.00%,5.00%,5.00%,7.50%,0.00%,5.00%,5.00%,5.00%,5.00%,2.50%,2.50%,0.00%,0.00%,0.00%,0.00%,0.00%,0.00%,0.00%,0.00%,0.00%,0.00%,0.00%,0.00%,0.00%,0.00%,0.00%,0.00%,0.00%,0.00%,0.00%,0.00%,0.00%,0.00%,0.00%,0.00%,0.00%,0.00%,0.00%,0.00%,0.00%,0.00%,0.00%,0.00%
2022-12-18,27.50%,0.00%,2.50%,2.50%,5.00%,10.00%,5.00%,5.00%,0.00%,5.00%,5.00%,7.50%,0.00%,5.00%,5.00%,5.00%,5.00%,2.50%,2.50%,0.00%,0.00%,0.00%,0.00%,0.00%,0.00%,0.00%,0.00%,0.00%,0.00%,0.00%,0.00%,0.00%,0.00%,0.00%,0.00%,0.00%,0.00%,0.00%,0.00%,0.00%,0.00%,0.00%,0.00%,0.00%,0.00%,0.00%,0.00%,0.00%,0.00%,0.00%,0.00%
2022-12-19,27.50%,0.00%,2.50%,2.50%,5.00%,10.00%,5.00%,5.00%,0.00%,5.00%,5.00%,7.50%,0.00%,5.00%,5.00%,5.00%,5.00%,2.50%,2.50%,0.00%,0.00%,0.00%,0.00%,0.00%,0.00%,0.00%,0.00%,0.00%,0.00%,0.00%,0.00%,0.00%,0.00%,0.00%,0.00%,0.00%,0.00%,0.00%,0.00%,0.00%,0.00%,0.00%,0.00%,0.00%,0.00%,0.00%,0.00%,0.00%,0.00%,0.00%,0.00%
2022-12-20,27.50%,0.00%,2.50%,2.50%,5.00%,10.00%,5.00%,5.00%,0.00%,5.00%,5.00%,7.50%,0.00%,5.00%,5.00%,5.00%,5.00%,2.50%,2.50%,0.00%,0.00%,0.00%,0.00%,0.00%,0.00%,0.00%,0.00%,0.00%,0.00%,0.00%,0.00%,0.00%,0.00%,0.00%,0.00%,0.00%,0.00%,0.00%,0.00%,0.00%,0.00%,0.00%,0.00%,0.00%,0.00%,0.00%,0.00%,0.00%,0.00%,0.00%,0.00%
2022-12-21,27.50%,0.00%,2.50%,2.50%,5.00%,10.00%,5.00%,5.00%,0.00%,5.00%,5.00%,7.50%,0.00%,5.00%,5.00%,5.00%,5.00%,2.50%,2.50%,0.00%,0.00%,0.00%,0.00%,0.00%,0.00%,0.00%,0.00%,0.00%,0.00%,0.00%,0.00%,0.00%,0.00%,0.00%,0.00%,0.00%,0.00%,0.00%,0.00%,0.00%,0.00%,0.00%,0.00%,0.00%,0.00%,0.00%,0.00%,0.00%,0.00%,0.00%,0.00%
2022-12-22,27.50%,0.00%,2.50%,2.50%,5.00%,10.00%,5.00%,5.00%,0.00%,5.00%,5.00%,7.50%,0.00%,5.00%,5.00%,5.00%,5.00%,2.50%,2.50%,0.00%,0.00%,0.00%,0.00%,0.00%,0.00%,0.00%,0.00%,0.00%,0.00%,0.00%,0.00%,0.00%,0.00%,0.00%,0.00%,0.00%,0.00%,0.00%,0.00%,0.00%,0.00%,0.00%,0.00%,0.00%,0.00%,0.00%,0.00%,0.00%,0.00%,0.00%,0.00%
2022-12-23,27.50%,0.00%,2.50%,2.50%,5.00%,10.00%,5.00%,5.00%,0.00%,5.00%,5.00%,7.50%,0.00%,5.00%,5.00%,5.00%,5.00%,2.50%,2.50%,0.00%,0.00%,0.00%,0.00%,0.00%,0.00%,0.00%,0.00%,0.00%,0.00%,0.00%,0.00%,0.00%,0.00%,0.00%,0.00%,0.00%,0.00%,0.00%,0.00%,0.00%,0.00%,0.00%,0.00%,0.00%,0.00%,0.00%,0.00%,0.00%,0.00%,0.00%,0.00%
2022-12-24,27.50%,0.00%,2.50%,2.50%,5.00%,10.00%,5.00%,5.00%,0.00%,5.00%,5.00%,7.50%,0.00%,5.00%,5.00%,5.00%,5.00%,2.50%,2.50%,0.00%,0.00%,0.00%,0.00%,0.00%,0.00%,0.00%,0.00%,0.00%,0.00%,0.00%,0.00%,0.00%,0.00%,0.00%,0.00%,0.00%,0.00%,0.00%,0.00%,0.00%,0.00%,0.00%,0.00%,0.00%,0.00%,0.00%,0.00%,0.00%,0.00%,0.00%,0.00%
2022-12-25,27.50%,0.00%,2.50%,2.50%,5.00%,10.00%,5.00%,5.00%,0.00%,5.00%,5.00%,7.50%,0.00%,5.00%,5.00%,5.00%,5.00%,2.50%,2.50%,0.00%,0.00%,0.00%,0.00%,0.00%,0.00%,0.00%,0.00%,0.00%,0.00%,0.00%,0.00%,0.00%,0.00%,0.00%,0.00%,0.00%,0.00%,0.00%,0.00%,0.00%,0.00%,0.00%,0.00%,0.00%,0.00%,0.00%,0.00%,0.00%,0.00%,0.00%,0.00%
2022-12-26,27.50%,0.00%,2.50%,2.50%,5.00%,10.00%,5.00%,5.00%,0.00%,5.00%,5.00%,7.50%,0.00%,5.00%,5.00%,5.00%,5.00%,2.50%,2.50%,0.00%,0.00%,0.00%,0.00%,0.00%,0.00%,0.00%,0.00%,0.00%,0.00%,0.00%,0.00%,0.00%,0.00%,0.00%,0.00%,0.00%,0.00%,0.00%,0.00%,0.00%,0.00%,0.00%,0.00%,0.00%,0.00%,0.00%,0.00%,0.00%,0.00%,0.00%,0.00%
2022-12-27,27.50%,0.00%,2.50%,2.50%,5.00%,10.00%,5.00%,5.00%,0.00%,5.00%,5.00%,7.50%,0.00%,5.00%,5.00%,5.00%,5.00%,2.50%,2.50%,0.00%,0.00%,0.00%,0.00%,0.00%,0.00%,0.00%,0.00%,0.00%,0.00%,0.00%,0.00%,0.00%,0.00%,0.00%,0.00%,0.00%,0.00%,0.00%,0.00%,0.00%,0.00%,0.00%,0.00%,0.00%,0.00%,0.00%,0.00%,0.00%,0.00%,0.00%,0.00%
2022-12-28,27.50%,0.00%,2.50%,2.50%,5.00%,10.00%,5.00%,5.00%,0.00%,5.00%,5.00%,7.50%,0.00%,5.00%,5.00%,5.00%,5.00%,2.50%,2.50%,0.00%,0.00%,0.00%,0.00%,0.00%,0.00%,0.00%,0.00%,0.00%,0.00%,0.00%,0.00%,0.00%,0.00%,0.00%,0.00%,0.00%,0.00%,0.00%,0.00%,0.00%,0.00%,0.00%,0.00%,0.00%,0.00%,0.00%,0.00%,0.00%,0.00%,0.00%,0.00%
2022-12-29,27.50%,0.00%,2.50%,2.50%,5.00%,10.00%,5.00%,5.00%,0.00%,5.00%,5.00%,7.50%,0.00%,5.00%,5.00%,5.00%,5.00%,2.50%,2.50%,0.00%,0.00%,0.00%,0.00%,0.00%,0.00%,0.00%,0.00%,0.00%,0.00%,0.00%,0.00%,0.00%,0.00%,0.00%,0.00%,0.00%,0.00%,0.00%,0.00%,0.00%,0.00%,0.00%,0.00%,0.00%,0.00%,0.00%,0.00%,0.00%,0.00%,0.00%,0.00%
2022-12-30,27.50%,0.00%,2.50%,2.50%,5.00%,10.00%,5.00%,5.00%,0.00%,5.00%,5.00%,7.50%,0.00%,5.00%,5.00%,5.00%,5.00%,2.50%,2.50%,0.00%,0.00%,0.00%,0.00%,0.00%,0.00%,0.00%,0.00%,0.00%,0.00%,0.00%,0.00%,0.00%,0.00%,0.00%,0.00%,0.00%,0.00%,0.00%,0.00%,0.00%,0.00%,0.00%,0.00%,0.00%,0.00%,0.00%,0.00%,0.00%,0.00%,0.00%,0.00%
2022-12-31,27.50%,0.00%,2.50%,2.50%,5.00%,10.00%,5.00%,5.00%,0.00%,5.00%,5.00%,7.50%,0.00%,5.00%,5.00%,5.00%,5.00%,2.50%,2.50%,0.00%,0.00%,0.00%,0.00%,0.00%,0.00%,0.00%,0.00%,0.00%,0.00%,0.00%,0.00%,0.00%,0.00%,0.00%,0.00%,0.00%,0.00%,0.00%,0.00%,0.00%,0.00%,0.00%,0.00%,0.00%,0.00%,0.00%,0.00%,0.00%,0.00%,0.00%,0.00%
2023-01-01,27.50%,0.00%,2.50%,2.50%,5.00%,10.00%,5.00%,5.00%,0.00%,5.00%,5.00%,7.50%,0.00%,5.00%,5.00%,5.00%,5.00%,2.50%,2.50%,0.00%,0.00%,0.00%,0.00%,0.00%,0.00%,0.00%,0.00%,0.00%,0.00%,0.00%,0.00%,0.00%,0.00%,0.00%,0.00%,0.00%,0.00%,0.00%,0.00%,0.00%,0.00%,0.00%,0.00%,0.00%,0.00%,0.00%,0.00%,0.00%,0.00%,0.00%,0.00%
2023-01-02,27.50%,0.00%,2.50%,2.50%,5.00%,10.00%,5.00%,5.00%,0.00%,5.00%,5.00%,7.50%,0.00%,5.00%,5.00%,5.00%,5.00%,2.50%,2.50%,0.00%,0.00%,0.00%,0.00%,0.00%,0.00%,0.00%,0.00%,0.00%,0.00%,0.00%,0.00%,0.00%,0.00%,0.00%,0.00%,0.00%,0.00%,0.00%,0.00%,0.00%,0.00%,0.00%,0.00%,0.00%,0.00%,0.00%,0.00%,0.00%,0.00%,0.00%,0.00%
2023-01-03,27.50%,0.00%,2.50%,2.50%,5.00%,10.00%,5.00%,5.00%,0.00%,5.00%,5.00%,7.50%,0.00%,5.00%,5.00%,5.00%,5.00%,2.50%,2.50%,0.00%,0.00%,0.00%,0.00%,0.00%,0.00%,0.00%,0.00%,0.00%,0.00%,0.00%,0.00%,0.00%,0.00%,0.00%,0.00%,0.00%,0.00%,0.00%,0.00%,0.00%,0.00%,0.00%,0.00%,0.00%,0.00%,0.00%,0.00%,0.00%,0.00%,0.00%,0.00%
2023-01-04,27.50%,0.00%,2.50%,2.50%,5.00%,10.00%,5.00%,5.00%,0.00%,5.00%,5.00%,7.50%,0.00%,5.00%,5.00%,5.00%,5.00%,2.50%,2.50%,0.00%,0.00%,0.00%,0.00%,0.00%,0.00%,0.00%,0.00%,0.00%,0.00%,0.00%,0.00%,0.00%,0.00%,0.00%,0.00%,0.00%,0.00%,0.00%,0.00%,0.00%,0.00%,0.00%,0.00%,0.00%,0.00%,0.00%,0.00%,0.00%,0.00%,0.00%,0.00%
2023-01-05,27.50%,0.00%,2.50%,2.50%,5.00%,10.00%,5.00%,5.00%,0.00%,5.00%,5.00%,7.50%,0.00%,5.00%,5.00%,5.00%,5.00%,2.50%,2.50%,0.00%,0.00%,0.00%,0.00%,0.00%,0.00%,0.00%,0.00%,0.00%,0.00%,0.00%,0.00%,0.00%,0.00%,0.00%,0.00%,0.00%,0.00%,0.00%,0.00%,0.00%,0.00%,0.00%,0.00%,0.00%,0.00%,0.00%,0.00%,0.00%,0.00%,0.00%,0.00%
2023-01-06,27.50%,0.00%,2.50%,2.50%,5.00%,10.00%,5.00%,5.00%,0.00%,5.00%,5.00%,7.50%,0.00%,5.00%,5.00%,5.00%,5.00%,2.50%,2.50%,0.00%,0.00%,0.00%,0.00%,0.00%,0.00%,0.00%,0.00%,0.00%,0.00%,0.00%,0.00%,0.00%,0.00%,0.00%,0.00%,0.00%,0.00%,0.00%,0.00%,0.00%,0.00%,0.00%,0.00%,0.00%,0.00%,0.00%,0.00%,0.00%,0.00%,0.00%,0.00%
2023-01-07,27.50%,0.00%,2.50%,2.50%,5.00%,10.00%,5.00%,5.00%,0.00%,5.00%,5.00%,7.50%,0.00%,5.00%,5.00%,5.00%,5.00%,2.50%,2.50%,0.00%,0.00%,0.00%,0.00%,0.00%,0.00%,0.00%,0.00%,0.00%,0.00%,0.00%,0.00%,0.00%,0.00%,0.00%,0.00%,0.00%,0.00%,0.00%,0.00%,0.00%,0.00%,0.00%,0.00%,0.00%,0.00%,0.00%,0.00%,0.00%,0.00%,0.00%,0.00%
2023-01-08,27.50%,0.00%,2.50%,2.50%,5.00%,10.00%,5.00%,5.00%,0.00%,5.00%,5.00%,7.50%,0.00%,5.00%,5.00%,5.00%,5.00%,2.50%,2.50%,0.00%,0.00%,0.00%,0.00%,0.00%,0.00%,0.00%,0.00%,0.00%,0.00%,0.00%,0.00%,0.00%,0.00%,0.00%,0.00%,0.00%,0.00%,0.00%,0.00%,0.00%,0.00%,0.00%,0.00%,0.00%,0.00%,0.00%,0.00%,0.00%,0.00%,0.00%,0.00%
2023-01-09,27.50%,0.00%,2.50%,2.50%,5.00%,10.00%,5.00%,5.00%,0.00%,5.00%,5.00%,7.50%,0.00%,5.00%,5.00%,5.00%,5.00%,2.50%,2.50%,0.00%,0.00%,0.00%,0.00%,0.00%,0.00%,0.00%,0.00%,0.00%,0.00%,0.00%,0.00%,0.00%,0.00%,0.00%,0.00%,0.00%,0.00%,0.00%,0.00%,0.00%,0.00%,0.00%,0.00%,0.00%,0.00%,0.00%,0.00%,0.00%,0.00%,0.00%,0.00%
2023-01-10,27.50%,0.00%,2.50%,2.50%,5.00%,10.00%,5.00%,5.00%,0.00%,5.00%,5.00%,7.50%,0.00%,5.00%,5.00%,5.00%,5.00%,2.50%,2.50%,0.00%,0.00%,0.00%,0.00%,0.00%,0.00%,0.00%,0.00%,0.00%,0.00%,0.00%,0.00%,0.00%,0.00%,0.00%,0.00%,0.00%,0.00%,0.00%,0.00%,0.00%,0.00%,0.00%,0.00%,0.00%,0.00%,0.00%,0.00%,0.00%,0.00%,0.00%,0.00%
2023-01-11,27.50%,0.00%,2.50%,2.50%,5.00%,10.00%,5.00%,5.00%,0.00%,5.00%,5.00%,7.50%,0.00%,5.00%,5.00%,5.00%,5.00%,2.50%,2.50%,0.00%,0.00%,0.00%,0.00%,0.00%,0.00%,0.00%,0.00%,0.00%,0.00%,0.00%,0.00%,0.00%,0.00%,0.00%,0.00%,0.00%,0.00%,0.00%,0.00%,0.00%,0.00%,0.00%,0.00%,0.00%,0.00%,0.00%,0.00%,0.00%,0.00%,0.00%,0.00%
2023-01-12,27.50%,0.00%,2.50%,2.50%,5.00%,10.00%,5.00%,5.00%,0.00%,5.00%,5.00%,7.50%,0.00%,5.00%,5.00%,5.00%,5.00%,2.50%,2.50%,0.00%,0.00%,0.00%,0.00%,0.00%,0.00%,0.00%,0.00%,0.00%,0.00%,0.00%,0.00%,0.00%,0.00%,0.00%,0.00%,0.00%,0.00%,0.00%,0.00%,0.00%,0.00%,0.00%,0.00%,0.00%,0.00%,0.00%,0.00%,0.00%,0.00%,0.00%,0.00%
2023-01-13,27.50%,0.00%,2.50%,2.50%,5.00%,10.00%,5.00%,5.00%,0.00%,5.00%,5.00%,7.50%,0.00%,5.00%,5.00%,5.00%,5.00%,2.50%,2.50%,0.00%,0.00%,0.00%,0.00%,0.00%,0.00%,0.00%,0.00%,0.00%,0.00%,0.00%,0.00%,0.00%,0.00%,0.00%,0.00%,0.00%,0.00%,0.00%,0.00%,0.00%,0.00%,0.00%,0.00%,0.00%,0.00%,0.00%,0.00%,0.00%,0.00%,0.00%,0.00%
2023-01-14,27.50%,0.00%,2.50%,2.50%,5.00%,10.00%,5.00%,5.00%,0.00%,5.00%,5.00%,7.50%,0.00%,5.00%,5.00%,5.00%,5.00%,2.50%,2.50%,0.00%,0.00%,0.00%,0.00%,0.00%,0.00%,0.00%,0.00%,0.00%,0.00%,0.00%,0.00%,0.00%,0.00%,0.00%,0.00%,0.00%,0.00%,0.00%,0.00%,0.00%,0.00%,0.00%,0.00%,0.00%,0.00%,0.00%,0.00%,0.00%,0.00%,0.00%,0.00%
2023-01-15,27.50%,0.00%,2.50%,2.50%,5.00%,10.00%,5.00%,5.00%,0.00%,5.00%,5.00%,7.50%,0.00%,5.00%,5.00%,5.00%,5.00%,2.50%,2.50%,0.00%,0.00%,0.00%,0.00%,0.00%,0.00%,0.00%,0.00%,0.00%,0.00%,0.00%,0.00%,0.00%,0.00%,0.00%,0.00%,0.00%,0.00%,0.00%,0.00%,0.00%,0.00%,0.00%,0.00%,0.00%,0.00%,0.00%,0.00%,0.00%,0.00%,0.00%,0.00%
2023-01-16,27.50%,0.00%,2.50%,2.50%,5.00%,10.00%,5.00%,5.00%,0.00%,5.00%,5.00%,7.50%,0.00%,5.00%,5.00%,5.00%,5.00%,2.50%,2.50%,0.00%,0.00%,0.00%,0.00%,0.00%,0.00%,0.00%,0.00%,0.00%,0.00%,0.00%,0.00%,0.00%,0.00%,0.00%,0.00%,0.00%,0.00%,0.00%,0.00%,0.00%,0.00%,0.00%,0.00%,0.00%,0.00%,0.00%,0.00%,0.00%,0.00%,0.00%,0.00%
2023-01-17,27.50%,0.00%,2.50%,2.50%,5.00%,10.00%,5.00%,5.00%,0.00%,5.00%,5.00%,7.50%,0.00%,5.00%,5.00%,5.00%,5.00%,2.50%,2.50%,0.00%,0.00%,0.00%,0.00%,0.00%,0.00%,0.00%,0.00%,0.00%,0.00%,0.00%,0.00%,0.00%,0.00%,0.00%,0.00%,0.00%,0.00%,0.00%,0.00%,0.00%,0.00%,0.00%,0.00%,0.00%,0.00%,0.00%,0.00%,0.00%,0.00%,0.00%,0.00%
2023-01-18,27.50%,0.00%,2.50%,2.50%,5.00%,10.00%,5.00%,5.00%,0.00%,5.00%,5.00%,7.50%,0.00%,5.00%,5.00%,5.00%,5.00%,2.50%,2.50%,0.00%,0.00%,0.00%,0.00%,0.00%,0.00%,0.00%,0.00%,0.00%,0.00%,0.00%,0.00%,0.00%,0.00%,0.00%,0.00%,0.00%,0.00%,0.00%,0.00%,0.00%,0.00%,0.00%,0.00%,0.00%,0.00%,0.00%,0.00%,0.00%,0.00%,0.00%,0.00%
2023-01-19,27.50%,0.00%,2.50%,2.50%,5.00%,10.00%,5.00%,5.00%,0.00%,5.00%,5.00%,7.50%,0.00%,5.00%,5.00%,5.00%,5.00%,2.50%,2.50%,0.00%,0.00%,0.00%,0.00%,0.00%,0.00%,0.00%,0.00%,0.00%,0.00%,0.00%,0.00%,0.00%,0.00%,0.00%,0.00%,0.00%,0.00%,0.00%,0.00%,0.00%,0.00%,0.00%,0.00%,0.00%,0.00%,0.00%,0.00%,0.00%,0.00%,0.00%,0.00%
2023-01-20,27.50%,0.00%,2.50%,2.50%,5.00%,10.00%,5.00%,5.00%,0.00%,5.00%,5.00%,7.50%,0.00%,5.00%,5.00%,5.00%,5.00%,2.50%,2.50%,0.00%,0.00%,0.00%,0.00%,0.00%,0.00%,0.00%,0.00%,0.00%,0.00%,0.00%,0.00%,0.00%,0.00%,0.00%,0.00%,0.00%,0.00%,0.00%,0.00%,0.00%,0.00%,0.00%,0.00%,0.00%,0.00%,0.00%,0.00%,0.00%,0.00%,0.00%,0.00%
2023-01-21,27.50%,0.00%,2.50%,2.50%,5.00%,10.00%,5.00%,5.00%,0.00%,5.00%,5.00%,7.50%,0.00%,5.00%,5.00%,5.00%,5.00%,2.50%,2.50%,0.00%,0.00%,0.00%,0.00%,0.00%,0.00%,0.00%,0.00%,0.00%,0.00%,0.00%,0.00%,0.00%,0.00%,0.00%,0.00%,0.00%,0.00%,0.00%,0.00%,0.00%,0.00%,0.00%,0.00%,0.00%,0.00%,0.00%,0.00%,0.00%,0.00%,0.00%,0.00%
2023-01-22,27.50%,0.00%,2.50%,2.50%,5.00%,10.00%,5.00%,5.00%,0.00%,5.00%,5.00%,7.50%,0.00%,5.00%,5.00%,5.00%,5.00%,2.50%,2.50%,0.00%,0.00%,0.00%,0.00%,0.00%,0.00%,0.00%,0.00%,0.00%,0.00%,0.00%,0.00%,0.00%,0.00%,0.00%,0.00%,0.00%,0.00%,0.00%,0.00%,0.00%,0.00%,0.00%,0.00%,0.00%,0.00%,0.00%,0.00%,0.00%,0.00%,0.00%,0.00%
2023-01-23,27.50%,0.00%,2.50%,2.50%,5.00%,10.00%,5.00%,5.00%,0.00%,5.00%,5.00%,7.50%,0.00%,5.00%,5.00%,5.00%,5.00%,2.50%,2.50%,0.00%,0.00%,0.00%,0.00%,0.00%,0.00%,0.00%,0.00%,0.00%,0.00%,0.00%,0.00%,0.00%,0.00%,0.00%,0.00%,0.00%,0.00%,0.00%,0.00%,0.00%,0.00%,0.00%,0.00%,0.00%,0.00%,0.00%,0.00%,0.00%,0.00%,0.00%,0.00%
2023-01-24,27.50%,0.00%,2.50%,2.50%,5.00%,10.00%,5.00%,5.00%,0.00%,5.00%,5.00%,7.50%,0.00%,5.00%,5.00%,5.00%,5.00%,2.50%,2.50%,0.00%,0.00%,0.00%,0.00%,0.00%,0.00%,0.00%,0.00%,0.00%,0.00%,0.00%,0.00%,0.00%,0.00%,0.00%,0.00%,0.00%,0.00%,0.00%,0.00%,0.00%,0.00%,0.00%,0.00%,0.00%,0.00%,0.00%,0.00%,0.00%,0.00%,0.00%,0.00%
2023-01-25,22.50%,0.00%,2.50%,2.50%,5.00%,10.00%,2.50%,5.00%,0.00%,5.00%,5.00%,10.00%,0.00%,5.00%,5.00%,7.50%,5.00%,2.50%,0.00%,2.50%,2.50%,0.00%,0.00%,0.00%,0.00%,0.00%,0.00%,0.00%,0.00%,0.00%,0.00%,0.00%,0.00%,0.00%,0.00%,0.00%,0.00%,0.00%,0.00%,0.00%,0.00%,0.00%,0.00%,0.00%,0.00%,0.00%,0.00%,0.00%,0.00%,0.00%,0.00%
2023-01-26,22.50%,0.00%,2.50%,2.50%,5.00%,10.00%,2.50%,5.00%,0.00%,5.00%,5.00%,10.00%,0.00%,5.00%,5.00%,7.50%,5.00%,2.50%,0.00%,2.50%,2.50%,0.00%,0.00%,0.00%,0.00%,0.00%,0.00%,0.00%,0.00%,0.00%,0.00%,0.00%,0.00%,0.00%,0.00%,0.00%,0.00%,0.00%,0.00%,0.00%,0.00%,0.00%,0.00%,0.00%,0.00%,0.00%,0.00%,0.00%,0.00%,0.00%,0.00%
2023-01-27,22.50%,0.00%,2.50%,2.50%,5.00%,10.00%,2.50%,5.00%,0.00%,5.00%,5.00%,10.00%,0.00%,5.00%,5.00%,7.50%,5.00%,2.50%,0.00%,2.50%,2.50%,0.00%,0.00%,0.00%,0.00%,0.00%,0.00%,0.00%,0.00%,0.00%,0.00%,0.00%,0.00%,0.00%,0.00%,0.00%,0.00%,0.00%,0.00%,0.00%,0.00%,0.00%,0.00%,0.00%,0.00%,0.00%,0.00%,0.00%,0.00%,0.00%,0.00%
2023-01-28,22.50%,0.00%,2.50%,2.50%,5.00%,10.00%,2.50%,5.00%,0.00%,5.00%,5.00%,10.00%,0.00%,5.00%,5.00%,7.50%,5.00%,2.50%,0.00%,2.50%,2.50%,0.00%,0.00%,0.00%,0.00%,0.00%,0.00%,0.00%,0.00%,0.00%,0.00%,0.00%,0.00%,0.00%,0.00%,0.00%,0.00%,0.00%,0.00%,0.00%,0.00%,0.00%,0.00%,0.00%,0.00%,0.00%,0.00%,0.00%,0.00%,0.00%,0.00%
2023-01-29,22.50%,0.00%,2.50%,2.50%,5.00%,10.00%,2.50%,5.00%,0.00%,5.00%,5.00%,10.00%,0.00%,5.00%,5.00%,7.50%,5.00%,2.50%,0.00%,2.50%,2.50%,0.00%,0.00%,0.00%,0.00%,0.00%,0.00%,0.00%,0.00%,0.00%,0.00%,0.00%,0.00%,0.00%,0.00%,0.00%,0.00%,0.00%,0.00%,0.00%,0.00%,0.00%,0.00%,0.00%,0.00%,0.00%,0.00%,0.00%,0.00%,0.00%,0.00%
2023-01-30,22.50%,0.00%,2.50%,2.50%,5.00%,10.00%,2.50%,5.00%,0.00%,5.00%,5.00%,10.00%,0.00%,5.00%,5.00%,7.50%,5.00%,2.50%,0.00%,2.50%,2.50%,0.00%,0.00%,0.00%,0.00%,0.00%,0.00%,0.00%,0.00%,0.00%,0.00%,0.00%,0.00%,0.00%,0.00%,0.00%,0.00%,0.00%,0.00%,0.00%,0.00%,0.00%,0.00%,0.00%,0.00%,0.00%,0.00%,0.00%,0.00%,0.00%,0.00%
2023-01-31,22.50%,0.00%,2.50%,2.50%,5.00%,10.00%,2.50%,5.00%,0.00%,5.00%,5.00%,10.00%,0.00%,5.00%,5.00%,7.50%,5.00%,2.50%,0.00%,2.50%,2.50%,0.00%,0.00%,0.00%,0.00%,0.00%,0.00%,0.00%,0.00%,0.00%,0.00%,0.00%,0.00%,0.00%,0.00%,0.00%,0.00%,0.00%,0.00%,0.00%,0.00%,0.00%,0.00%,0.00%,0.00%,0.00%,0.00%,0.00%,0.00%,0.00%,0.00%
2023-02-01,22.50%,0.00%,2.50%,2.50%,5.00%,10.00%,2.50%,5.00%,0.00%,5.00%,5.00%,10.00%,0.00%,5.00%,5.00%,7.50%,5.00%,2.50%,0.00%,2.50%,2.50%,0.00%,0.00%,0.00%,0.00%,0.00%,0.00%,0.00%,0.00%,0.00%,0.00%,0.00%,0.00%,0.00%,0.00%,0.00%,0.00%,0.00%,0.00%,0.00%,0.00%,0.00%,0.00%,0.00%,0.00%,0.00%,0.00%,0.00%,0.00%,0.00%,0.00%
2023-02-02,22.50%,0.00%,2.50%,2.50%,5.00%,10.00%,2.50%,5.00%,0.00%,5.00%,5.00%,10.00%,0.00%,5.00%,5.00%,7.50%,5.00%,2.50%,0.00%,2.50%,2.50%,0.00%,0.00%,0.00%,0.00%,0.00%,0.00%,0.00%,0.00%,0.00%,0.00%,0.00%,0.00%,0.00%,0.00%,0.00%,0.00%,0.00%,0.00%,0.00%,0.00%,0.00%,0.00%,0.00%,0.00%,0.00%,0.00%,0.00%,0.00%,0.00%,0.00%
2023-02-03,22.50%,0.00%,2.50%,2.50%,5.00%,10.00%,2.50%,5.00%,0.00%,5.00%,5.00%,10.00%,0.00%,5.00%,5.00%,7.50%,5.00%,2.50%,0.00%,2.50%,2.50%,0.00%,0.00%,0.00%,0.00%,0.00%,0.00%,0.00%,0.00%,0.00%,0.00%,0.00%,0.00%,0.00%,0.00%,0.00%,0.00%,0.00%,0.00%,0.00%,0.00%,0.00%,0.00%,0.00%,0.00%,0.00%,0.00%,0.00%,0.00%,0.00%,0.00%
2023-02-04,22.50%,0.00%,2.50%,2.50%,5.00%,10.00%,2.50%,5.00%,0.00%,5.00%,5.00%,10.00%,0.00%,5.00%,5.00%,7.50%,5.00%,2.50%,0.00%,2.50%,2.50%,0.00%,0.00%,0.00%,0.00%,0.00%,0.00%,0.00%,0.00%,0.00%,0.00%,0.00%,0.00%,0.00%,0.00%,0.00%,0.00%,0.00%,0.00%,0.00%,0.00%,0.00%,0.00%,0.00%,0.00%,0.00%,0.00%,0.00%,0.00%,0.00%,0.00%
2023-02-05,22.50%,0.00%,2.50%,2.50%,5.00%,10.00%,2.50%,5.00%,0.00%,5.00%,5.00%,10.00%,0.00%,5.00%,5.00%,7.50%,5.00%,2.50%,0.00%,2.50%,2.50%,0.00%,0.00%,0.00%,0.00%,0.00%,0.00%,0.00%,0.00%,0.00%,0.00%,0.00%,0.00%,0.00%,0.00%,0.00%,0.00%,0.00%,0.00%,0.00%,0.00%,0.00%,0.00%,0.00%,0.00%,0.00%,0.00%,0.00%,0.00%,0.00%,0.00%
2023-02-06,22.50%,0.00%,2.50%,2.50%,5.00%,10.00%,2.50%,5.00%,0.00%,5.00%,5.00%,10.00%,0.00%,5.00%,5.00%,7.50%,5.00%,2.50%,0.00%,2.50%,2.50%,0.00%,0.00%,0.00%,0.00%,0.00%,0.00%,0.00%,0.00%,0.00%,0.00%,0.00%,0.00%,0.00%,0.00%,0.00%,0.00%,0.00%,0.00%,0.00%,0.00%,0.00%,0.00%,0.00%,0.00%,0.00%,0.00%,0.00%,0.00%,0.00%,0.00%
2023-02-07,22.50%,0.00%,2.50%,2.50%,5.00%,10.00%,2.50%,5.00%,0.00%,5.00%,5.00%,10.00%,0.00%,5.00%,5.00%,7.50%,5.00%,2.50%,0.00%,2.50%,2.50%,0.00%,0.00%,0.00%,0.00%,0.00%,0.00%,0.00%,0.00%,0.00%,0.00%,0.00%,0.00%,0.00%,0.00%,0.00%,0.00%,0.00%,0.00%,0.00%,0.00%,0.00%,0.00%,0.00%,0.00%,0.00%,0.00%,0.00%,0.00%,0.00%,0.00%
2023-02-08,19.50%,0.00%,2.50%,2.50%,5.00%,10.00%,2.50%,5.00%,0.00%,5.00%,5.00%,10.00%,0.00%,5.00%,5.00%,7.50%,5.00%,2.50%,0.00%,2.50%,2.50%,1.00%,1.00%,1.00%,0.00%,0.00%,0.00%,0.00%,0.00%,0.00%,0.00%,0.00%,0.00%,0.00%,0.00%,0.00%,0.00%,0.00%,0.00%,0.00%,0.00%,0.00%,0.00%,0.00%,0.00%,0.00%,0.00%,0.00%,0.00%,0.00%,0.00%
2023-02-09,19.50%,0.00%,2.50%,2.50%,5.00%,10.00%,2.50%,5.00%,0.00%,5.00%,5.00%,10.00%,0.00%,5.00%,5.00%,7.50%,5.00%,2.50%,0.00%,2.50%,2.50%,1.00%,1.00%,1.00%,0.00%,0.00%,0.00%,0.00%,0.00%,0.00%,0.00%,0.00%,0.00%,0.00%,0.00%,0.00%,0.00%,0.00%,0.00%,0.00%,0.00%,0.00%,0.00%,0.00%,0.00%,0.00%,0.00%,0.00%,0.00%,0.00%,0.00%
2023-02-10,19.50%,0.00%,2.50%,2.50%,5.00%,10.00%,2.50%,5.00%,0.00%,5.00%,5.00%,10.00%,0.00%,5.00%,5.00%,7.50%,5.00%,2.50%,0.00%,2.50%,2.50%,1.00%,1.00%,1.00%,0.00%,0.00%,0.00%,0.00%,0.00%,0.00%,0.00%,0.00%,0.00%,0.00%,0.00%,0.00%,0.00%,0.00%,0.00%,0.00%,0.00%,0.00%,0.00%,0.00%,0.00%,0.00%,0.00%,0.00%,0.00%,0.00%,0.00%
2023-02-11,19.50%,0.00%,2.50%,2.50%,5.00%,10.00%,2.50%,5.00%,0.00%,5.00%,5.00%,10.00%,0.00%,5.00%,5.00%,7.50%,5.00%,2.50%,0.00%,2.50%,2.50%,1.00%,1.00%,1.00%,0.00%,0.00%,0.00%,0.00%,0.00%,0.00%,0.00%,0.00%,0.00%,0.00%,0.00%,0.00%,0.00%,0.00%,0.00%,0.00%,0.00%,0.00%,0.00%,0.00%,0.00%,0.00%,0.00%,0.00%,0.00%,0.00%,0.00%
2023-02-12,19.50%,0.00%,2.50%,2.50%,5.00%,10.00%,2.50%,5.00%,0.00%,5.00%,5.00%,10.00%,0.00%,5.00%,5.00%,7.50%,5.00%,2.50%,0.00%,2.50%,2.50%,1.00%,1.00%,1.00%,0.00%,0.00%,0.00%,0.00%,0.00%,0.00%,0.00%,0.00%,0.00%,0.00%,0.00%,0.00%,0.00%,0.00%,0.00%,0.00%,0.00%,0.00%,0.00%,0.00%,0.00%,0.00%,0.00%,0.00%,0.00%,0.00%,0.00%
2023-02-13,19.50%,0.00%,2.50%,2.50%,5.00%,10.00%,2.50%,5.00%,0.00%,5.00%,5.00%,10.00%,0.00%,5.00%,5.00%,7.50%,5.00%,2.50%,0.00%,2.50%,2.50%,1.00%,1.00%,1.00%,0.00%,0.00%,0.00%,0.00%,0.00%,0.00%,0.00%,0.00%,0.00%,0.00%,0.00%,0.00%,0.00%,0.00%,0.00%,0.00%,0.00%,0.00%,0.00%,0.00%,0.00%,0.00%,0.00%,0.00%,0.00%,0.00%,0.00%
2023-02-14,19.50%,0.00%,2.50%,2.50%,5.00%,10.00%,2.50%,5.00%,0.00%,5.00%,5.00%,10.00%,0.00%,5.00%,5.00%,7.50%,5.00%,2.50%,0.00%,2.50%,2.50%,1.00%,1.00%,1.00%,0.00%,0.00%,0.00%,0.00%,0.00%,0.00%,0.00%,0.00%,0.00%,0.00%,0.00%,0.00%,0.00%,0.00%,0.00%,0.00%,0.00%,0.00%,0.00%,0.00%,0.00%,0.00%,0.00%,0.00%,0.00%,0.00%,0.00%
2023-02-15,19.50%,0.00%,2.50%,2.50%,5.00%,10.00%,2.50%,5.00%,0.00%,5.00%,5.00%,10.00%,0.00%,5.00%,5.00%,7.50%,5.00%,2.50%,0.00%,2.50%,2.50%,1.00%,1.00%,1.00%,0.00%,0.00%,0.00%,0.00%,0.00%,0.00%,0.00%,0.00%,0.00%,0.00%,0.00%,0.00%,0.00%,0.00%,0.00%,0.00%,0.00%,0.00%,0.00%,0.00%,0.00%,0.00%,0.00%,0.00%,0.00%,0.00%,0.00%
2023-02-16,19.50%,0.00%,2.50%,2.50%,5.00%,10.00%,2.50%,5.00%,0.00%,5.00%,5.00%,10.00%,0.00%,5.00%,5.00%,7.50%,5.00%,2.50%,0.00%,2.50%,2.50%,1.00%,1.00%,1.00%,0.00%,0.00%,0.00%,0.00%,0.00%,0.00%,0.00%,0.00%,0.00%,0.00%,0.00%,0.00%,0.00%,0.00%,0.00%,0.00%,0.00%,0.00%,0.00%,0.00%,0.00%,0.00%,0.00%,0.00%,0.00%,0.00%,0.00%
2023-02-17,19.50%,0.00%,2.50%,2.50%,5.00%,10.00%,2.50%,5.00%,0.00%,5.00%,5.00%,10.00%,0.00%,5.00%,5.00%,7.50%,5.00%,2.50%,0.00%,2.50%,2.50%,1.00%,1.00%,1.00%,0.00%,0.00%,0.00%,0.00%,0.00%,0.00%,0.00%,0.00%,0.00%,0.00%,0.00%,0.00%,0.00%,0.00%,0.00%,0.00%,0.00%,0.00%,0.00%,0.00%,0.00%,0.00%,0.00%,0.00%,0.00%,0.00%,0.00%
2023-02-18,19.50%,0.00%,2.50%,2.50%,5.00%,10.00%,2.50%,5.00%,0.00%,5.00%,5.00%,10.00%,0.00%,5.00%,5.00%,7.50%,5.00%,2.50%,0.00%,2.50%,2.50%,1.00%,1.00%,1.00%,0.00%,0.00%,0.00%,0.00%,0.00%,0.00%,0.00%,0.00%,0.00%,0.00%,0.00%,0.00%,0.00%,0.00%,0.00%,0.00%,0.00%,0.00%,0.00%,0.00%,0.00%,0.00%,0.00%,0.00%,0.00%,0.00%,0.00%
2023-02-19,19.50%,0.00%,2.50%,2.50%,5.00%,10.00%,2.50%,5.00%,0.00%,5.00%,5.00%,10.00%,0.00%,5.00%,5.00%,7.50%,5.00%,2.50%,0.00%,2.50%,2.50%,1.00%,1.00%,1.00%,0.00%,0.00%,0.00%,0.00%,0.00%,0.00%,0.00%,0.00%,0.00%,0.00%,0.00%,0.00%,0.00%,0.00%,0.00%,0.00%,0.00%,0.00%,0.00%,0.00%,0.00%,0.00%,0.00%,0.00%,0.00%,0.00%,0.00%
2023-02-20,19.50%,0.00%,2.50%,2.50%,5.00%,10.00%,2.50%,5.00%,0.00%,5.00%,5.00%,10.00%,0.00%,5.00%,5.00%,7.50%,5.00%,2.50%,0.00%,2.50%,2.50%,1.00%,1.00%,1.00%,0.00%,0.00%,0.00%,0.00%,0.00%,0.00%,0.00%,0.00%,0.00%,0.00%,0.00%,0.00%,0.00%,0.00%,0.00%,0.00%,0.00%,0.00%,0.00%,0.00%,0.00%,0.00%,0.00%,0.00%,0.00%,0.00%,0.00%
2023-02-21,19.50%,0.00%,2.50%,2.50%,5.00%,10.00%,2.50%,5.00%,0.00%,5.00%,5.00%,10.00%,0.00%,5.00%,5.00%,7.50%,5.00%,2.50%,0.00%,2.50%,2.50%,1.00%,1.00%,1.00%,0.00%,0.00%,0.00%,0.00%,0.00%,0.00%,0.00%,0.00%,0.00%,0.00%,0.00%,0.00%,0.00%,0.00%,0.00%,0.00%,0.00%,0.00%,0.00%,0.00%,0.00%,0.00%,0.00%,0.00%,0.00%,0.00%,0.00%
2023-02-22,19.50%,0.00%,2.50%,2.50%,5.00%,10.00%,2.50%,5.00%,0.00%,5.00%,5.00%,10.00%,0.00%,5.00%,5.00%,7.50%,5.00%,2.50%,0.00%,2.50%,2.50%,1.00%,1.00%,1.00%,0.00%,0.00%,0.00%,0.00%,0.00%,0.00%,0.00%,0.00%,0.00%,0.00%,0.00%,0.00%,0.00%,0.00%,0.00%,0.00%,0.00%,0.00%,0.00%,0.00%,0.00%,0.00%,0.00%,0.00%,0.00%,0.00%,0.00%
2023-02-23,19.50%,0.00%,2.50%,2.50%,5.00%,10.00%,2.50%,5.00%,0.00%,5.00%,5.00%,10.00%,0.00%,5.00%,5.00%,7.50%,5.00%,2.50%,0.00%,2.50%,2.50%,1.00%,1.00%,1.00%,0.00%,0.00%,0.00%,0.00%,0.00%,0.00%,0.00%,0.00%,0.00%,0.00%,0.00%,0.00%,0.00%,0.00%,0.00%,0.00%,0.00%,0.00%,0.00%,0.00%,0.00%,0.00%,0.00%,0.00%,0.00%,0.00%,0.00%
2023-02-24,19.50%,0.00%,2.50%,2.50%,5.00%,10.00%,2.50%,5.00%,0.00%,5.00%,5.00%,10.00%,0.00%,5.00%,5.00%,7.50%,5.00%,2.50%,0.00%,2.50%,2.50%,1.00%,1.00%,1.00%,0.00%,0.00%,0.00%,0.00%,0.00%,0.00%,0.00%,0.00%,0.00%,0.00%,0.00%,0.00%,0.00%,0.00%,0.00%,0.00%,0.00%,0.00%,0.00%,0.00%,0.00%,0.00%,0.00%,0.00%,0.00%,0.00%,0.00%
2023-02-25,19.50%,0.00%,2.50%,2.50%,5.00%,10.00%,2.50%,5.00%,0.00%,5.00%,5.00%,10.00%,0.00%,5.00%,5.00%,7.50%,5.00%,2.50%,0.00%,2.50%,2.50%,1.00%,1.00%,1.00%,0.00%,0.00%,0.00%,0.00%,0.00%,0.00%,0.00%,0.00%,0.00%,0.00%,0.00%,0.00%,0.00%,0.00%,0.00%,0.00%,0.00%,0.00%,0.00%,0.00%,0.00%,0.00%,0.00%,0.00%,0.00%,0.00%,0.00%
2023-02-26,19.50%,0.00%,2.50%,2.50%,5.00%,10.00%,2.50%,5.00%,0.00%,5.00%,5.00%,10.00%,0.00%,5.00%,5.00%,7.50%,5.00%,2.50%,0.00%,2.50%,2.50%,1.00%,1.00%,1.00%,0.00%,0.00%,0.00%,0.00%,0.00%,0.00%,0.00%,0.00%,0.00%,0.00%,0.00%,0.00%,0.00%,0.00%,0.00%,0.00%,0.00%,0.00%,0.00%,0.00%,0.00%,0.00%,0.00%,0.00%,0.00%,0.00%,0.00%
2023-02-27,19.50%,0.00%,2.50%,2.50%,5.00%,10.00%,2.50%,5.00%,0.00%,5.00%,5.00%,10.00%,0.00%,5.00%,5.00%,7.50%,5.00%,2.50%,0.00%,2.50%,2.50%,1.00%,1.00%,1.00%,0.00%,0.00%,0.00%,0.00%,0.00%,0.00%,0.00%,0.00%,0.00%,0.00%,0.00%,0.00%,0.00%,0.00%,0.00%,0.00%,0.00%,0.00%,0.00%,0.00%,0.00%,0.00%,0.00%,0.00%,0.00%,0.00%,0.00%
2023-02-28,19.50%,0.00%,2.50%,2.50%,5.00%,10.00%,2.50%,5.00%,0.00%,5.00%,5.00%,10.00%,0.00%,5.00%,5.00%,7.50%,5.00%,2.50%,0.00%,2.50%,2.50%,1.00%,1.00%,1.00%,0.00%,0.00%,0.00%,0.00%,0.00%,0.00%,0.00%,0.00%,0.00%,0.00%,0.00%,0.00%,0.00%,0.00%,0.00%,0.00%,0.00%,0.00%,0.00%,0.00%,0.00%,0.00%,0.00%,0.00%,0.00%,0.00%,0.00%
2023-03-01,19.50%,0.00%,2.50%,2.50%,5.00%,10.00%,2.50%,5.00%,0.00%,5.00%,5.00%,10.00%,0.00%,5.00%,5.00%,7.50%,5.00%,2.50%,0.00%,2.50%,2.50%,1.00%,1.00%,1.00%,0.00%,0.00%,0.00%,0.00%,0.00%,0.00%,0.00%,0.00%,0.00%,0.00%,0.00%,0.00%,0.00%,0.00%,0.00%,0.00%,0.00%,0.00%,0.00%,0.00%,0.00%,0.00%,0.00%,0.00%,0.00%,0.00%,0.00%
2023-03-02,19.50%,0.00%,2.50%,2.50%,5.00%,10.00%,2.50%,5.00%,0.00%,5.00%,5.00%,10.00%,0.00%,5.00%,5.00%,7.50%,5.00%,2.50%,0.00%,2.50%,2.50%,1.00%,1.00%,1.00%,0.00%,0.00%,0.00%,0.00%,0.00%,0.00%,0.00%,0.00%,0.00%,0.00%,0.00%,0.00%,0.00%,0.00%,0.00%,0.00%,0.00%,0.00%,0.00%,0.00%,0.00%,0.00%,0.00%,0.00%,0.00%,0.00%,0.00%
2023-03-03,19.50%,0.00%,2.50%,2.50%,5.00%,10.00%,2.50%,5.00%,0.00%,5.00%,5.00%,10.00%,0.00%,5.00%,5.00%,7.50%,5.00%,2.50%,0.00%,2.50%,2.50%,1.00%,1.00%,1.00%,0.00%,0.00%,0.00%,0.00%,0.00%,0.00%,0.00%,0.00%,0.00%,0.00%,0.00%,0.00%,0.00%,0.00%,0.00%,0.00%,0.00%,0.00%,0.00%,0.00%,0.00%,0.00%,0.00%,0.00%,0.00%,0.00%,0.00%
2023-03-04,19.50%,0.00%,2.50%,2.50%,5.00%,10.00%,2.50%,5.00%,0.00%,5.00%,5.00%,10.00%,0.00%,5.00%,5.00%,7.50%,5.00%,2.50%,0.00%,2.50%,2.50%,1.00%,1.00%,1.00%,0.00%,0.00%,0.00%,0.00%,0.00%,0.00%,0.00%,0.00%,0.00%,0.00%,0.00%,0.00%,0.00%,0.00%,0.00%,0.00%,0.00%,0.00%,0.00%,0.00%,0.00%,0.00%,0.00%,0.00%,0.00%,0.00%,0.00%
2023-03-05,19.50%,0.00%,2.50%,2.50%,5.00%,10.00%,2.50%,5.00%,0.00%,5.00%,5.00%,10.00%,0.00%,5.00%,5.00%,7.50%,5.00%,2.50%,0.00%,2.50%,2.50%,1.00%,1.00%,1.00%,0.00%,0.00%,0.00%,0.00%,0.00%,0.00%,0.00%,0.00%,0.00%,0.00%,0.00%,0.00%,0.00%,0.00%,0.00%,0.00%,0.00%,0.00%,0.00%,0.00%,0.00%,0.00%,0.00%,0.00%,0.00%,0.00%,0.00%
2023-03-06,19.50%,0.00%,2.50%,2.50%,5.00%,10.00%,2.50%,5.00%,0.00%,5.00%,5.00%,10.00%,0.00%,5.00%,5.00%,7.50%,5.00%,2.50%,0.00%,2.50%,2.50%,1.00%,1.00%,1.00%,0.00%,0.00%,0.00%,0.00%,0.00%,0.00%,0.00%,0.00%,0.00%,0.00%,0.00%,0.00%,0.00%,0.00%,0.00%,0.00%,0.00%,0.00%,0.00%,0.00%,0.00%,0.00%,0.00%,0.00%,0.00%,0.00%,0.00%
2023-03-07,19.50%,0.00%,2.50%,2.50%,5.00%,10.00%,2.50%,5.00%,0.00%,5.00%,5.00%,10.00%,0.00%,5.00%,5.00%,7.50%,5.00%,2.50%,0.00%,2.50%,2.50%,1.00%,1.00%,1.00%,0.00%,0.00%,0.00%,0.00%,0.00%,0.00%,0.00%,0.00%,0.00%,0.00%,0.00%,0.00%,0.00%,0.00%,0.00%,0.00%,0.00%,0.00%,0.00%,0.00%,0.00%,0.00%,0.00%,0.00%,0.00%,0.00%,0.00%
2023-03-08,19.50%,0.00%,2.50%,2.50%,5.00%,10.00%,2.50%,5.00%,0.00%,5.00%,5.00%,10.00%,0.00%,5.00%,5.00%,7.50%,5.00%,2.50%,0.00%,2.50%,2.50%,1.00%,1.00%,1.00%,0.00%,0.00%,0.00%,0.00%,0.00%,0.00%,0.00%,0.00%,0.00%,0.00%,0.00%,0.00%,0.00%,0.00%,0.00%,0.00%,0.00%,0.00%,0.00%,0.00%,0.00%,0.00%,0.00%,0.00%,0.00%,0.00%,0.00%
2023-03-09,19.50%,0.00%,2.50%,2.50%,5.00%,10.00%,2.50%,5.00%,0.00%,5.00%,5.00%,10.00%,0.00%,5.00%,5.00%,7.50%,5.00%,2.50%,0.00%,2.50%,2.50%,1.00%,1.00%,1.00%,0.00%,0.00%,0.00%,0.00%,0.00%,0.00%,0.00%,0.00%,0.00%,0.00%,0.00%,0.00%,0.00%,0.00%,0.00%,0.00%,0.00%,0.00%,0.00%,0.00%,0.00%,0.00%,0.00%,0.00%,0.00%,0.00%,0.00%
2023-03-10,19.50%,0.00%,2.50%,2.50%,5.00%,10.00%,2.50%,5.00%,0.00%,5.00%,5.00%,10.00%,0.00%,5.00%,5.00%,7.50%,5.00%,2.50%,0.00%,2.50%,2.50%,1.00%,1.00%,1.00%,0.00%,0.00%,0.00%,0.00%,0.00%,0.00%,0.00%,0.00%,0.00%,0.00%,0.00%,0.00%,0.00%,0.00%,0.00%,0.00%,0.00%,0.00%,0.00%,0.00%,0.00%,0.00%,0.00%,0.00%,0.00%,0.00%,0.00%
2023-03-11,19.50%,0.00%,2.50%,2.50%,5.00%,10.00%,2.50%,5.00%,0.00%,5.00%,5.00%,10.00%,0.00%,5.00%,5.00%,7.50%,5.00%,2.50%,0.00%,2.50%,2.50%,1.00%,1.00%,1.00%,0.00%,0.00%,0.00%,0.00%,0.00%,0.00%,0.00%,0.00%,0.00%,0.00%,0.00%,0.00%,0.00%,0.00%,0.00%,0.00%,0.00%,0.00%,0.00%,0.00%,0.00%,0.00%,0.00%,0.00%,0.00%,0.00%,0.00%
2023-03-12,19.50%,0.00%,2.50%,2.50%,5.00%,10.00%,2.50%,5.00%,0.00%,5.00%,5.00%,10.00%,0.00%,5.00%,5.00%,7.50%,5.00%,2.50%,0.00%,2.50%,2.50%,1.00%,1.00%,1.00%,0.00%,0.00%,0.00%,0.00%,0.00%,0.00%,0.00%,0.00%,0.00%,0.00%,0.00%,0.00%,0.00%,0.00%,0.00%,0.00%,0.00%,0.00%,0.00%,0.00%,0.00%,0.00%,0.00%,0.00%,0.00%,0.00%,0.00%
2023-03-13,19.50%,0.00%,2.50%,2.50%,5.00%,10.00%,2.50%,5.00%,0.00%,5.00%,5.00%,10.00%,0.00%,5.00%,5.00%,7.50%,5.00%,2.50%,0.00%,2.50%,2.50%,1.00%,1.00%,1.00%,0.00%,0.00%,0.00%,0.00%,0.00%,0.00%,0.00%,0.00%,0.00%,0.00%,0.00%,0.00%,0.00%,0.00%,0.00%,0.00%,0.00%,0.00%,0.00%,0.00%,0.00%,0.00%,0.00%,0.00%,0.00%,0.00%,0.00%
2023-03-14,19.50%,0.00%,2.50%,2.50%,5.00%,10.00%,2.50%,5.00%,0.00%,5.00%,5.00%,10.00%,0.00%,5.00%,5.00%,7.50%,5.00%,2.50%,0.00%,2.50%,2.50%,1.00%,1.00%,1.00%,0.00%,0.00%,0.00%,0.00%,0.00%,0.00%,0.00%,0.00%,0.00%,0.00%,0.00%,0.00%,0.00%,0.00%,0.00%,0.00%,0.00%,0.00%,0.00%,0.00%,0.00%,0.00%,0.00%,0.00%,0.00%,0.00%,0.00%
2023-03-15,19.50%,0.00%,2.50%,2.50%,5.00%,10.00%,2.50%,5.00%,0.00%,5.00%,5.00%,10.00%,0.00%,5.00%,5.00%,7.50%,5.00%,2.50%,0.00%,2.50%,2.50%,1.00%,1.00%,1.00%,0.00%,0.00%,0.00%,0.00%,0.00%,0.00%,0.00%,0.00%,0.00%,0.00%,0.00%,0.00%,0.00%,0.00%,0.00%,0.00%,0.00%,0.00%,0.00%,0.00%,0.00%,0.00%,0.00%,0.00%,0.00%,0.00%,0.00%
2023-03-16,19.50%,0.00%,2.50%,2.50%,5.00%,10.00%,2.50%,5.00%,0.00%,5.00%,5.00%,10.00%,0.00%,5.00%,5.00%,7.50%,5.00%,2.50%,0.00%,2.50%,2.50%,1.00%,1.00%,1.00%,0.00%,0.00%,0.00%,0.00%,0.00%,0.00%,0.00%,0.00%,0.00%,0.00%,0.00%,0.00%,0.00%,0.00%,0.00%,0.00%,0.00%,0.00%,0.00%,0.00%,0.00%,0.00%,0.00%,0.00%,0.00%,0.00%,0.00%
2023-03-17,19.50%,0.00%,2.50%,2.50%,5.00%,10.00%,2.50%,5.00%,0.00%,5.00%,5.00%,10.00%,0.00%,5.00%,5.00%,7.50%,5.00%,2.50%,0.00%,2.50%,2.50%,1.00%,1.00%,1.00%,0.00%,0.00%,0.00%,0.00%,0.00%,0.00%,0.00%,0.00%,0.00%,0.00%,0.00%,0.00%,0.00%,0.00%,0.00%,0.00%,0.00%,0.00%,0.00%,0.00%,0.00%,0.00%,0.00%,0.00%,0.00%,0.00%,0.00%
2023-03-18,19.50%,0.00%,2.50%,2.50%,5.00%,10.00%,2.50%,5.00%,0.00%,5.00%,5.00%,10.00%,0.00%,5.00%,5.00%,7.50%,5.00%,2.50%,0.00%,2.50%,2.50%,1.00%,1.00%,1.00%,0.00%,0.00%,0.00%,0.00%,0.00%,0.00%,0.00%,0.00%,0.00%,0.00%,0.00%,0.00%,0.00%,0.00%,0.00%,0.00%,0.00%,0.00%,0.00%,0.00%,0.00%,0.00%,0.00%,0.00%,0.00%,0.00%,0.00%
2023-03-19,19.50%,0.00%,2.50%,2.50%,5.00%,10.00%,2.50%,5.00%,0.00%,5.00%,5.00%,10.00%,0.00%,5.00%,5.00%,7.50%,5.00%,2.50%,0.00%,2.50%,2.50%,1.00%,1.00%,1.00%,0.00%,0.00%,0.00%,0.00%,0.00%,0.00%,0.00%,0.00%,0.00%,0.00%,0.00%,0.00%,0.00%,0.00%,0.00%,0.00%,0.00%,0.00%,0.00%,0.00%,0.00%,0.00%,0.00%,0.00%,0.00%,0.00%,0.00%
2023-03-20,19.50%,0.00%,2.50%,2.50%,5.00%,10.00%,2.50%,5.00%,0.00%,5.00%,5.00%,10.00%,0.00%,5.00%,5.00%,7.50%,5.00%,2.50%,0.00%,2.50%,2.50%,1.00%,1.00%,1.00%,0.00%,0.00%,0.00%,0.00%,0.00%,0.00%,0.00%,0.00%,0.00%,0.00%,0.00%,0.00%,0.00%,0.00%,0.00%,0.00%,0.00%,0.00%,0.00%,0.00%,0.00%,0.00%,0.00%,0.00%,0.00%,0.00%,0.00%
2023-03-21,20.00%,0.00%,2.50%,2.50%,5.00%,10.00%,2.50%,5.00%,0.00%,5.00%,0.00%,10.00%,0.00%,5.00%,5.00%,7.50%,5.00%,2.50%,0.00%,2.50%,2.50%,2.50%,2.50%,2.50%,0.00%,0.00%,0.00%,0.00%,0.00%,0.00%,0.00%,0.00%,0.00%,0.00%,0.00%,0.00%,0.00%,0.00%,0.00%,0.00%,0.00%,0.00%,0.00%,0.00%,0.00%,0.00%,0.00%,0.00%,0.00%,0.00%,0.00%
2023-03-22,20.00%,0.00%,2.50%,2.50%,5.00%,10.00%,2.50%,5.00%,0.00%,5.00%,0.00%,10.00%,0.00%,5.00%,5.00%,7.50%,5.00%,2.50%,0.00%,2.50%,2.50%,2.50%,2.50%,2.50%,0.00%,0.00%,0.00%,0.00%,0.00%,0.00%,0.00%,0.00%,0.00%,0.00%,0.00%,0.00%,0.00%,0.00%,0.00%,0.00%,0.00%,0.00%,0.00%,0.00%,0.00%,0.00%,0.00%,0.00%,0.00%,0.00%,0.00%
2023-03-23,20.00%,0.00%,2.50%,2.50%,5.00%,10.00%,2.50%,5.00%,0.00%,5.00%,0.00%,10.00%,0.00%,5.00%,5.00%,7.50%,5.00%,2.50%,0.00%,2.50%,2.50%,2.50%,2.50%,2.50%,0.00%,0.00%,0.00%,0.00%,0.00%,0.00%,0.00%,0.00%,0.00%,0.00%,0.00%,0.00%,0.00%,0.00%,0.00%,0.00%,0.00%,0.00%,0.00%,0.00%,0.00%,0.00%,0.00%,0.00%,0.00%,0.00%,0.00%
2023-03-24,20.00%,0.00%,2.50%,2.50%,5.00%,10.00%,2.50%,5.00%,0.00%,5.00%,0.00%,10.00%,0.00%,5.00%,5.00%,7.50%,5.00%,2.50%,0.00%,2.50%,2.50%,2.50%,2.50%,2.50%,0.00%,0.00%,0.00%,0.00%,0.00%,0.00%,0.00%,0.00%,0.00%,0.00%,0.00%,0.00%,0.00%,0.00%,0.00%,0.00%,0.00%,0.00%,0.00%,0.00%,0.00%,0.00%,0.00%,0.00%,0.00%,0.00%,0.00%
2023-03-25,20.00%,0.00%,2.50%,2.50%,5.00%,10.00%,2.50%,5.00%,0.00%,2.50%,0.00%,10.00%,0.00%,2.50%,5.00%,7.50%,5.00%,2.50%,0.00%,2.50%,2.50%,2.50%,2.50%,2.50%,5.00%,0.00%,0.00%,0.00%,0.00%,0.00%,0.00%,0.00%,0.00%,0.00%,0.00%,0.00%,0.00%,0.00%,0.00%,0.00%,0.00%,0.00%,0.00%,0.00%,0.00%,0.00%,0.00%,0.00%,0.00%,0.00%,0.00%
2023-03-26,20.00%,0.00%,2.50%,2.50%,5.00%,10.00%,2.50%,5.00%,0.00%,2.50%,0.00%,10.00%,0.00%,2.50%,5.00%,7.50%,5.00%,2.50%,0.00%,2.50%,2.50%,2.50%,2.50%,2.50%,5.00%,0.00%,0.00%,0.00%,0.00%,0.00%,0.00%,0.00%,0.00%,0.00%,0.00%,0.00%,0.00%,0.00%,0.00%,0.00%,0.00%,0.00%,0.00%,0.00%,0.00%,0.00%,0.00%,0.00%,0.00%,0.00%,0.00%
2023-03-27,20.00%,0.00%,2.50%,2.50%,5.00%,10.00%,2.50%,5.00%,0.00%,2.50%,0.00%,10.00%,0.00%,2.50%,5.00%,7.50%,5.00%,2.50%,0.00%,2.50%,2.50%,2.50%,2.50%,2.50%,5.00%,0.00%,0.00%,0.00%,0.00%,0.00%,0.00%,0.00%,0.00%,0.00%,0.00%,0.00%,0.00%,0.00%,0.00%,0.00%,0.00%,0.00%,0.00%,0.00%,0.00%,0.00%,0.00%,0.00%,0.00%,0.00%,0.00%
2023-03-28,20.00%,0.00%,2.50%,2.50%,5.00%,10.00%,2.50%,5.00%,0.00%,2.50%,0.00%,10.00%,0.00%,2.50%,5.00%,7.50%,5.00%,2.50%,0.00%,2.50%,2.50%,2.50%,2.50%,2.50%,5.00%,0.00%,0.00%,0.00%,0.00%,0.00%,0.00%,0.00%,0.00%,0.00%,0.00%,0.00%,0.00%,0.00%,0.00%,0.00%,0.00%,0.00%,0.00%,0.00%,0.00%,0.00%,0.00%,0.00%,0.00%,0.00%,0.00%
2023-03-29,20.00%,0.00%,2.50%,2.50%,5.00%,10.00%,2.50%,5.00%,0.00%,2.50%,0.00%,10.00%,0.00%,2.50%,5.00%,7.50%,5.00%,2.50%,0.00%,2.50%,2.50%,2.50%,2.50%,2.50%,5.00%,0.00%,0.00%,0.00%,0.00%,0.00%,0.00%,0.00%,0.00%,0.00%,0.00%,0.00%,0.00%,0.00%,0.00%,0.00%,0.00%,0.00%,0.00%,0.00%,0.00%,0.00%,0.00%,0.00%,0.00%,0.00%,0.00%
2023-03-30,20.00%,0.00%,2.50%,2.50%,5.00%,10.00%,2.50%,5.00%,0.00%,2.50%,0.00%,10.00%,0.00%,2.50%,5.00%,7.50%,5.00%,2.50%,0.00%,2.50%,2.50%,2.50%,2.50%,2.50%,5.00%,0.00%,0.00%,0.00%,0.00%,0.00%,0.00%,0.00%,0.00%,0.00%,0.00%,0.00%,0.00%,0.00%,0.00%,0.00%,0.00%,0.00%,0.00%,0.00%,0.00%,0.00%,0.00%,0.00%,0.00%,0.00%,0.00%
2023-03-31,20.00%,0.00%,2.50%,2.50%,5.00%,10.00%,2.50%,5.00%,0.00%,2.50%,0.00%,10.00%,0.00%,2.50%,5.00%,7.50%,5.00%,2.50%,0.00%,2.50%,2.50%,2.50%,2.50%,2.50%,5.00%,0.00%,0.00%,0.00%,0.00%,0.00%,0.00%,0.00%,0.00%,0.00%,0.00%,0.00%,0.00%,0.00%,0.00%,0.00%,0.00%,0.00%,0.00%,0.00%,0.00%,0.00%,0.00%,0.00%,0.00%,0.00%,0.00%
2023-04-01,20.00%,0.00%,2.50%,2.50%,5.00%,10.00%,2.50%,5.00%,0.00%,2.50%,0.00%,10.00%,0.00%,2.50%,5.00%,7.50%,5.00%,2.50%,0.00%,2.50%,2.50%,2.50%,2.50%,2.50%,5.00%,0.00%,0.00%,0.00%,0.00%,0.00%,0.00%,0.00%,0.00%,0.00%,0.00%,0.00%,0.00%,0.00%,0.00%,0.00%,0.00%,0.00%,0.00%,0.00%,0.00%,0.00%,0.00%,0.00%,0.00%,0.00%,0.00%
2023-04-02,20.00%,0.00%,2.50%,2.50%,5.00%,10.00%,2.50%,5.00%,0.00%,2.50%,0.00%,10.00%,0.00%,2.50%,5.00%,7.50%,5.00%,2.50%,0.00%,2.50%,2.50%,2.50%,2.50%,2.50%,5.00%,0.00%,0.00%,0.00%,0.00%,0.00%,0.00%,0.00%,0.00%,0.00%,0.00%,0.00%,0.00%,0.00%,0.00%,0.00%,0.00%,0.00%,0.00%,0.00%,0.00%,0.00%,0.00%,0.00%,0.00%,0.00%,0.00%
2023-04-03,20.00%,0.00%,2.50%,2.50%,5.00%,10.00%,2.50%,5.00%,0.00%,2.50%,0.00%,10.00%,0.00%,2.50%,5.00%,7.50%,5.00%,2.50%,0.00%,2.50%,2.50%,2.50%,2.50%,2.50%,5.00%,0.00%,0.00%,0.00%,0.00%,0.00%,0.00%,0.00%,0.00%,0.00%,0.00%,0.00%,0.00%,0.00%,0.00%,0.00%,0.00%,0.00%,0.00%,0.00%,0.00%,0.00%,0.00%,0.00%,0.00%,0.00%,0.00%
2023-04-04,20.00%,0.00%,2.50%,2.50%,5.00%,10.00%,2.50%,5.00%,0.00%,2.50%,0.00%,10.00%,0.00%,2.50%,5.00%,7.50%,5.00%,2.50%,0.00%,2.50%,2.50%,2.50%,2.50%,2.50%,5.00%,0.00%,0.00%,0.00%,0.00%,0.00%,0.00%,0.00%,0.00%,0.00%,0.00%,0.00%,0.00%,0.00%,0.00%,0.00%,0.00%,0.00%,0.00%,0.00%,0.00%,0.00%,0.00%,0.00%,0.00%,0.00%,0.00%
2023-04-05,20.00%,0.00%,2.50%,2.50%,5.00%,10.00%,2.50%,5.00%,0.00%,2.50%,0.00%,10.00%,0.00%,2.50%,5.00%,7.50%,5.00%,2.50%,0.00%,2.50%,2.50%,2.50%,2.50%,2.50%,5.00%,0.00%,0.00%,0.00%,0.00%,0.00%,0.00%,0.00%,0.00%,0.00%,0.00%,0.00%,0.00%,0.00%,0.00%,0.00%,0.00%,0.00%,0.00%,0.00%,0.00%,0.00%,0.00%,0.00%,0.00%,0.00%,0.00%
2023-04-06,20.00%,0.00%,2.50%,2.50%,5.00%,10.00%,2.50%,5.00%,0.00%,2.50%,0.00%,10.00%,0.00%,2.50%,5.00%,7.50%,5.00%,2.50%,0.00%,2.50%,2.50%,2.50%,2.50%,2.50%,5.00%,0.00%,0.00%,0.00%,0.00%,0.00%,0.00%,0.00%,0.00%,0.00%,0.00%,0.00%,0.00%,0.00%,0.00%,0.00%,0.00%,0.00%,0.00%,0.00%,0.00%,0.00%,0.00%,0.00%,0.00%,0.00%,0.00%
2023-04-07,20.00%,0.00%,2.50%,2.50%,5.00%,10.00%,2.50%,5.00%,0.00%,2.50%,0.00%,10.00%,0.00%,2.50%,5.00%,7.50%,5.00%,2.50%,0.00%,2.50%,2.50%,2.50%,2.50%,2.50%,5.00%,0.00%,0.00%,0.00%,0.00%,0.00%,0.00%,0.00%,0.00%,0.00%,0.00%,0.00%,0.00%,0.00%,0.00%,0.00%,0.00%,0.00%,0.00%,0.00%,0.00%,0.00%,0.00%,0.00%,0.00%,0.00%,0.00%
2023-04-08,20.00%,0.00%,2.50%,2.50%,5.00%,10.00%,2.50%,5.00%,0.00%,2.50%,0.00%,10.00%,0.00%,2.50%,5.00%,7.50%,5.00%,2.50%,0.00%,2.50%,2.50%,2.50%,2.50%,2.50%,5.00%,0.00%,0.00%,0.00%,0.00%,0.00%,0.00%,0.00%,0.00%,0.00%,0.00%,0.00%,0.00%,0.00%,0.00%,0.00%,0.00%,0.00%,0.00%,0.00%,0.00%,0.00%,0.00%,0.00%,0.00%,0.00%,0.00%
2023-04-09,20.00%,0.00%,2.50%,2.50%,5.00%,10.00%,2.50%,5.00%,0.00%,2.50%,0.00%,10.00%,0.00%,2.50%,5.00%,7.50%,5.00%,2.50%,0.00%,2.50%,2.50%,2.50%,2.50%,2.50%,5.00%,0.00%,0.00%,0.00%,0.00%,0.00%,0.00%,0.00%,0.00%,0.00%,0.00%,0.00%,0.00%,0.00%,0.00%,0.00%,0.00%,0.00%,0.00%,0.00%,0.00%,0.00%,0.00%,0.00%,0.00%,0.00%,0.00%
2023-04-10,20.00%,0.00%,2.50%,2.50%,5.00%,10.00%,2.50%,5.00%,0.00%,2.50%,0.00%,10.00%,0.00%,2.50%,5.00%,7.50%,5.00%,2.50%,0.00%,2.50%,2.50%,2.50%,2.50%,2.50%,5.00%,0.00%,0.00%,0.00%,0.00%,0.00%,0.00%,0.00%,0.00%,0.00%,0.00%,0.00%,0.00%,0.00%,0.00%,0.00%,0.00%,0.00%,0.00%,0.00%,0.00%,0.00%,0.00%,0.00%,0.00%,0.00%,0.00%
2023-04-11,20.00%,0.00%,2.50%,2.50%,5.00%,10.00%,2.50%,5.00%,0.00%,2.50%,0.00%,10.00%,0.00%,2.50%,5.00%,7.50%,5.00%,2.50%,0.00%,2.50%,2.50%,2.50%,2.50%,2.50%,5.00%,0.00%,0.00%,0.00%,0.00%,0.00%,0.00%,0.00%,0.00%,0.00%,0.00%,0.00%,0.00%,0.00%,0.00%,0.00%,0.00%,0.00%,0.00%,0.00%,0.00%,0.00%,0.00%,0.00%,0.00%,0.00%,0.00%
2023-04-12,20.00%,0.00%,2.50%,2.50%,5.00%,10.00%,2.50%,5.00%,0.00%,2.50%,0.00%,10.00%,0.00%,2.50%,5.00%,7.50%,5.00%,2.50%,0.00%,2.50%,2.50%,2.50%,2.50%,2.50%,5.00%,0.00%,0.00%,0.00%,0.00%,0.00%,0.00%,0.00%,0.00%,0.00%,0.00%,0.00%,0.00%,0.00%,0.00%,0.00%,0.00%,0.00%,0.00%,0.00%,0.00%,0.00%,0.00%,0.00%,0.00%,0.00%,0.00%
2023-04-13,20.00%,0.00%,2.50%,2.50%,5.00%,10.00%,2.50%,5.00%,0.00%,2.50%,0.00%,10.00%,0.00%,2.50%,5.00%,7.50%,5.00%,2.50%,0.00%,2.50%,2.50%,2.50%,2.50%,2.50%,5.00%,0.00%,0.00%,0.00%,0.00%,0.00%,0.00%,0.00%,0.00%,0.00%,0.00%,0.00%,0.00%,0.00%,0.00%,0.00%,0.00%,0.00%,0.00%,0.00%,0.00%,0.00%,0.00%,0.00%,0.00%,0.00%,0.00%
2023-04-14,20.00%,0.00%,2.50%,2.50%,5.00%,10.00%,2.50%,5.00%,0.00%,2.50%,0.00%,10.00%,0.00%,2.50%,5.00%,7.50%,5.00%,2.50%,0.00%,2.50%,2.50%,2.50%,2.50%,2.50%,5.00%,0.00%,0.00%,0.00%,0.00%,0.00%,0.00%,0.00%,0.00%,0.00%,0.00%,0.00%,0.00%,0.00%,0.00%,0.00%,0.00%,0.00%,0.00%,0.00%,0.00%,0.00%,0.00%,0.00%,0.00%,0.00%,0.00%
2023-04-15,20.00%,0.00%,2.50%,2.50%,5.00%,10.00%,2.50%,5.00%,0.00%,2.50%,0.00%,10.00%,0.00%,2.50%,5.00%,7.50%,5.00%,2.50%,0.00%,2.50%,2.50%,2.50%,2.50%,2.50%,5.00%,0.00%,0.00%,0.00%,0.00%,0.00%,0.00%,0.00%,0.00%,0.00%,0.00%,0.00%,0.00%,0.00%,0.00%,0.00%,0.00%,0.00%,0.00%,0.00%,0.00%,0.00%,0.00%,0.00%,0.00%,0.00%,0.00%
2023-04-16,20.00%,0.00%,2.50%,2.50%,5.00%,10.00%,2.50%,5.00%,0.00%,2.50%,0.00%,10.00%,0.00%,2.50%,5.00%,7.50%,5.00%,2.50%,0.00%,2.50%,2.50%,2.50%,2.50%,2.50%,5.00%,0.00%,0.00%,0.00%,0.00%,0.00%,0.00%,0.00%,0.00%,0.00%,0.00%,0.00%,0.00%,0.00%,0.00%,0.00%,0.00%,0.00%,0.00%,0.00%,0.00%,0.00%,0.00%,0.00%,0.00%,0.00%,0.00%
2023-04-17,20.00%,0.00%,2.50%,2.50%,5.00%,10.00%,2.50%,5.00%,0.00%,2.50%,0.00%,10.00%,0.00%,2.50%,5.00%,7.50%,5.00%,2.50%,0.00%,2.50%,2.50%,2.50%,2.50%,2.50%,5.00%,0.00%,0.00%,0.00%,0.00%,0.00%,0.00%,0.00%,0.00%,0.00%,0.00%,0.00%,0.00%,0.00%,0.00%,0.00%,0.00%,0.00%,0.00%,0.00%,0.00%,0.00%,0.00%,0.00%,0.00%,0.00%,0.00%
2023-04-18,20.00%,0.00%,2.50%,2.50%,5.00%,10.00%,2.50%,5.00%,0.00%,2.50%,0.00%,10.00%,0.00%,2.50%,5.00%,7.50%,5.00%,2.50%,0.00%,2.50%,2.50%,2.50%,2.50%,2.50%,5.00%,0.00%,0.00%,0.00%,0.00%,0.00%,0.00%,0.00%,0.00%,0.00%,0.00%,0.00%,0.00%,0.00%,0.00%,0.00%,0.00%,0.00%,0.00%,0.00%,0.00%,0.00%,0.00%,0.00%,0.00%,0.00%,0.00%
2023-04-19,20.00%,0.00%,2.50%,2.50%,5.00%,10.00%,2.50%,5.00%,0.00%,2.50%,0.00%,10.00%,0.00%,2.50%,5.00%,7.50%,5.00%,2.50%,0.00%,2.50%,2.50%,2.50%,2.50%,2.50%,5.00%,0.00%,0.00%,0.00%,0.00%,0.00%,0.00%,0.00%,0.00%,0.00%,0.00%,0.00%,0.00%,0.00%,0.00%,0.00%,0.00%,0.00%,0.00%,0.00%,0.00%,0.00%,0.00%,0.00%,0.00%,0.00%,0.00%
2023-04-20,20.00%,0.00%,2.50%,2.50%,5.00%,10.00%,2.50%,5.00%,0.00%,2.50%,0.00%,10.00%,0.00%,2.50%,5.00%,7.50%,5.00%,2.50%,0.00%,2.50%,2.50%,2.50%,2.50%,2.50%,5.00%,0.00%,0.00%,0.00%,0.00%,0.00%,0.00%,0.00%,0.00%,0.00%,0.00%,0.00%,0.00%,0.00%,0.00%,0.00%,0.00%,0.00%,0.00%,0.00%,0.00%,0.00%,0.00%,0.00%,0.00%,0.00%,0.00%
2023-04-21,20.00%,0.00%,2.50%,2.50%,5.00%,10.00%,2.50%,5.00%,0.00%,2.50%,0.00%,10.00%,0.00%,2.50%,5.00%,7.50%,5.00%,2.50%,0.00%,2.50%,2.50%,2.50%,2.50%,2.50%,5.00%,0.00%,0.00%,0.00%,0.00%,0.00%,0.00%,0.00%,0.00%,0.00%,0.00%,0.00%,0.00%,0.00%,0.00%,0.00%,0.00%,0.00%,0.00%,0.00%,0.00%,0.00%,0.00%,0.00%,0.00%,0.00%,0.00%
2023-04-22,20.00%,0.00%,2.50%,2.50%,5.00%,10.00%,2.50%,5.00%,0.00%,2.50%,0.00%,10.00%,0.00%,2.50%,5.00%,7.50%,5.00%,2.50%,0.00%,2.50%,2.50%,2.50%,2.50%,2.50%,5.00%,0.00%,0.00%,0.00%,0.00%,0.00%,0.00%,0.00%,0.00%,0.00%,0.00%,0.00%,0.00%,0.00%,0.00%,0.00%,0.00%,0.00%,0.00%,0.00%,0.00%,0.00%,0.00%,0.00%,0.00%,0.00%,0.00%
2023-04-23,20.00%,0.00%,2.50%,2.50%,5.00%,10.00%,2.50%,5.00%,0.00%,2.50%,0.00%,10.00%,0.00%,2.50%,5.00%,7.50%,5.00%,2.50%,0.00%,2.50%,2.50%,2.50%,2.50%,2.50%,5.00%,0.00%,0.00%,0.00%,0.00%,0.00%,0.00%,0.00%,0.00%,0.00%,0.00%,0.00%,0.00%,0.00%,0.00%,0.00%,0.00%,0.00%,0.00%,0.00%,0.00%,0.00%,0.00%,0.00%,0.00%,0.00%,0.00%
2023-04-24,20.00%,0.00%,2.50%,2.50%,5.00%,10.00%,2.50%,5.00%,0.00%,2.50%,0.00%,10.00%,0.00%,2.50%,5.00%,7.50%,5.00%,2.50%,0.00%,2.50%,2.50%,2.50%,2.50%,2.50%,5.00%,0.00%,0.00%,0.00%,0.00%,0.00%,0.00%,0.00%,0.00%,0.00%,0.00%,0.00%,0.00%,0.00%,0.00%,0.00%,0.00%,0.00%,0.00%,0.00%,0.00%,0.00%,0.00%,0.00%,0.00%,0.00%,0.00%
2023-04-25,20.00%,0.00%,2.50%,2.50%,5.00%,10.00%,2.50%,5.00%,0.00%,2.50%,0.00%,10.00%,0.00%,2.50%,5.00%,7.50%,5.00%,2.50%,0.00%,2.50%,2.50%,2.50%,2.50%,2.50%,5.00%,0.00%,0.00%,0.00%,0.00%,0.00%,0.00%,0.00%,0.00%,0.00%,0.00%,0.00%,0.00%,0.00%,0.00%,0.00%,0.00%,0.00%,0.00%,0.00%,0.00%,0.00%,0.00%,0.00%,0.00%,0.00%,0.00%
2023-04-26,20.00%,0.00%,2.50%,2.50%,5.00%,10.00%,2.50%,5.00%,0.00%,2.50%,0.00%,10.00%,0.00%,2.50%,5.00%,7.50%,5.00%,2.50%,0.00%,2.50%,2.50%,2.50%,2.50%,2.50%,5.00%,0.00%,0.00%,0.00%,0.00%,0.00%,0.00%,0.00%,0.00%,0.00%,0.00%,0.00%,0.00%,0.00%,0.00%,0.00%,0.00%,0.00%,0.00%,0.00%,0.00%,0.00%,0.00%,0.00%,0.00%,0.00%,0.00%
2023-04-27,20.00%,0.00%,0.00%,2.50%,5.00%,7.50%,2.50%,5.00%,0.00%,2.50%,0.00%,10.00%,0.00%,2.50%,5.00%,7.50%,5.00%,2.50%,0.00%,5.00%,2.50%,2.50%,2.50%,2.50%,7.50%,0.00%,0.00%,0.00%,0.00%,0.00%,0.00%,0.00%,0.00%,0.00%,0.00%,0.00%,0.00%,0.00%,0.00%,0.00%,0.00%,0.00%,0.00%,0.00%,0.00%,0.00%,0.00%,0.00%,0.00%,0.00%,0.00%
2023-04-28,20.00%,0.00%,0.00%,2.50%,5.00%,7.50%,2.50%,5.00%,0.00%,2.50%,0.00%,10.00%,0.00%,2.50%,5.00%,7.50%,5.00%,2.50%,0.00%,5.00%,2.50%,2.50%,2.50%,2.50%,7.50%,0.00%,0.00%,0.00%,0.00%,0.00%,0.00%,0.00%,0.00%,0.00%,0.00%,0.00%,0.00%,0.00%,0.00%,0.00%,0.00%,0.00%,0.00%,0.00%,0.00%,0.00%,0.00%,0.00%,0.00%,0.00%,0.00%
2023-04-29,20.00%,0.00%,0.00%,2.50%,5.00%,7.50%,2.50%,5.00%,0.00%,2.50%,0.00%,10.00%,0.00%,2.50%,5.00%,7.50%,5.00%,2.50%,0.00%,5.00%,2.50%,2.50%,2.50%,2.50%,7.50%,0.00%,0.00%,0.00%,0.00%,0.00%,0.00%,0.00%,0.00%,0.00%,0.00%,0.00%,0.00%,0.00%,0.00%,0.00%,0.00%,0.00%,0.00%,0.00%,0.00%,0.00%,0.00%,0.00%,0.00%,0.00%,0.00%
2023-04-30,20.00%,0.00%,0.00%,2.50%,5.00%,7.50%,2.50%,5.00%,0.00%,2.50%,0.00%,10.00%,0.00%,2.50%,5.00%,7.50%,5.00%,2.50%,0.00%,5.00%,2.50%,2.50%,2.50%,2.50%,7.50%,0.00%,0.00%,0.00%,0.00%,0.00%,0.00%,0.00%,0.00%,0.00%,0.00%,0.00%,0.00%,0.00%,0.00%,0.00%,0.00%,0.00%,0.00%,0.00%,0.00%,0.00%,0.00%,0.00%,0.00%,0.00%,0.00%
2023-05-01,20.00%,0.00%,0.00%,2.50%,5.00%,7.50%,2.50%,5.00%,0.00%,2.50%,0.00%,10.00%,0.00%,2.50%,5.00%,7.50%,5.00%,2.50%,0.00%,5.00%,2.50%,2.50%,2.50%,2.50%,7.50%,0.00%,0.00%,0.00%,0.00%,0.00%,0.00%,0.00%,0.00%,0.00%,0.00%,0.00%,0.00%,0.00%,0.00%,0.00%,0.00%,0.00%,0.00%,0.00%,0.00%,0.00%,0.00%,0.00%,0.00%,0.00%,0.00%
2023-05-02,20.00%,0.00%,0.00%,2.50%,5.00%,7.50%,2.50%,5.00%,0.00%,2.50%,0.00%,10.00%,0.00%,2.50%,5.00%,7.50%,5.00%,2.50%,0.00%,5.00%,2.50%,2.50%,2.50%,2.50%,7.50%,0.00%,0.00%,0.00%,0.00%,0.00%,0.00%,0.00%,0.00%,0.00%,0.00%,0.00%,0.00%,0.00%,0.00%,0.00%,0.00%,0.00%,0.00%,0.00%,0.00%,0.00%,0.00%,0.00%,0.00%,0.00%,0.00%
2023-05-03,20.00%,0.00%,0.00%,2.50%,5.00%,7.50%,2.50%,5.00%,0.00%,2.50%,0.00%,10.00%,0.00%,2.50%,5.00%,7.50%,5.00%,2.50%,0.00%,5.00%,2.50%,2.50%,2.50%,2.50%,7.50%,0.00%,0.00%,0.00%,0.00%,0.00%,0.00%,0.00%,0.00%,0.00%,0.00%,0.00%,0.00%,0.00%,0.00%,0.00%,0.00%,0.00%,0.00%,0.00%,0.00%,0.00%,0.00%,0.00%,0.00%,0.00%,0.00%
2023-05-04,20.00%,0.00%,0.00%,2.50%,5.00%,7.50%,2.50%,5.00%,0.00%,2.50%,0.00%,10.00%,0.00%,2.50%,5.00%,7.50%,5.00%,2.50%,0.00%,5.00%,2.50%,2.50%,2.50%,2.50%,7.50%,0.00%,0.00%,0.00%,0.00%,0.00%,0.00%,0.00%,0.00%,0.00%,0.00%,0.00%,0.00%,0.00%,0.00%,0.00%,0.00%,0.00%,0.00%,0.00%,0.00%,0.00%,0.00%,0.00%,0.00%,0.00%,0.00%
2023-05-05,20.00%,0.00%,0.00%,2.50%,5.00%,7.50%,2.50%,5.00%,0.00%,2.50%,0.00%,10.00%,0.00%,2.50%,5.00%,7.50%,5.00%,2.50%,0.00%,5.00%,2.50%,2.50%,2.50%,2.50%,7.50%,0.00%,0.00%,0.00%,0.00%,0.00%,0.00%,0.00%,0.00%,0.00%,0.00%,0.00%,0.00%,0.00%,0.00%,0.00%,0.00%,0.00%,0.00%,0.00%,0.00%,0.00%,0.00%,0.00%,0.00%,0.00%,0.00%
2023-05-06,20.00%,0.00%,0.00%,2.50%,5.00%,7.50%,2.50%,5.00%,0.00%,2.50%,0.00%,10.00%,0.00%,2.50%,5.00%,7.50%,5.00%,2.50%,0.00%,5.00%,2.50%,2.50%,2.50%,2.50%,7.50%,0.00%,0.00%,0.00%,0.00%,0.00%,0.00%,0.00%,0.00%,0.00%,0.00%,0.00%,0.00%,0.00%,0.00%,0.00%,0.00%,0.00%,0.00%,0.00%,0.00%,0.00%,0.00%,0.00%,0.00%,0.00%,0.00%
2023-05-07,20.00%,0.00%,0.00%,2.50%,5.00%,7.50%,2.50%,5.00%,0.00%,2.50%,0.00%,10.00%,0.00%,2.50%,5.00%,7.50%,5.00%,2.50%,0.00%,5.00%,2.50%,2.50%,2.50%,2.50%,7.50%,0.00%,0.00%,0.00%,0.00%,0.00%,0.00%,0.00%,0.00%,0.00%,0.00%,0.00%,0.00%,0.00%,0.00%,0.00%,0.00%,0.00%,0.00%,0.00%,0.00%,0.00%,0.00%,0.00%,0.00%,0.00%,0.00%
2023-05-08,20.00%,0.00%,0.00%,2.50%,5.00%,7.50%,2.50%,5.00%,0.00%,2.50%,0.00%,10.00%,0.00%,2.50%,5.00%,7.50%,5.00%,2.50%,0.00%,5.00%,2.50%,2.50%,2.50%,2.50%,7.50%,0.00%,0.00%,0.00%,0.00%,0.00%,0.00%,0.00%,0.00%,0.00%,0.00%,0.00%,0.00%,0.00%,0.00%,0.00%,0.00%,0.00%,0.00%,0.00%,0.00%,0.00%,0.00%,0.00%,0.00%,0.00%,0.00%
2023-05-09,20.00%,0.00%,0.00%,2.50%,5.00%,7.50%,2.50%,5.00%,0.00%,2.50%,0.00%,10.00%,0.00%,2.50%,5.00%,7.50%,5.00%,2.50%,0.00%,5.00%,2.50%,2.50%,2.50%,2.50%,7.50%,0.00%,0.00%,0.00%,0.00%,0.00%,0.00%,0.00%,0.00%,0.00%,0.00%,0.00%,0.00%,0.00%,0.00%,0.00%,0.00%,0.00%,0.00%,0.00%,0.00%,0.00%,0.00%,0.00%,0.00%,0.00%,0.00%
2023-05-10,20.00%,0.00%,0.00%,2.50%,5.00%,7.50%,2.50%,5.00%,0.00%,2.50%,0.00%,10.00%,0.00%,2.50%,5.00%,7.50%,5.00%,2.50%,0.00%,5.00%,2.50%,2.50%,2.50%,2.50%,7.50%,0.00%,0.00%,0.00%,0.00%,0.00%,0.00%,0.00%,0.00%,0.00%,0.00%,0.00%,0.00%,0.00%,0.00%,0.00%,0.00%,0.00%,0.00%,0.00%,0.00%,0.00%,0.00%,0.00%,0.00%,0.00%,0.00%
2023-05-11,20.00%,0.00%,0.00%,2.50%,5.00%,7.50%,2.50%,5.00%,0.00%,2.50%,0.00%,10.00%,0.00%,2.50%,5.00%,7.50%,5.00%,2.50%,0.00%,5.00%,2.50%,2.50%,2.50%,2.50%,7.50%,0.00%,0.00%,0.00%,0.00%,0.00%,0.00%,0.00%,0.00%,0.00%,0.00%,0.00%,0.00%,0.00%,0.00%,0.00%,0.00%,0.00%,0.00%,0.00%,0.00%,0.00%,0.00%,0.00%,0.00%,0.00%,0.00%
2023-05-12,20.00%,0.00%,0.00%,2.50%,5.00%,7.50%,2.50%,5.00%,0.00%,2.50%,0.00%,10.00%,0.00%,2.50%,5.00%,7.50%,5.00%,2.50%,0.00%,5.00%,2.50%,2.50%,2.50%,2.50%,7.50%,0.00%,0.00%,0.00%,0.00%,0.00%,0.00%,0.00%,0.00%,0.00%,0.00%,0.00%,0.00%,0.00%,0.00%,0.00%,0.00%,0.00%,0.00%,0.00%,0.00%,0.00%,0.00%,0.00%,0.00%,0.00%,0.00%
2023-05-13,20.00%,0.00%,0.00%,2.50%,5.00%,7.50%,2.50%,5.00%,0.00%,2.50%,0.00%,10.00%,0.00%,2.50%,5.00%,7.50%,5.00%,2.50%,0.00%,5.00%,2.50%,2.50%,2.50%,2.50%,7.50%,0.00%,0.00%,0.00%,0.00%,0.00%,0.00%,0.00%,0.00%,0.00%,0.00%,0.00%,0.00%,0.00%,0.00%,0.00%,0.00%,0.00%,0.00%,0.00%,0.00%,0.00%,0.00%,0.00%,0.00%,0.00%,0.00%
2023-05-14,20.00%,0.00%,0.00%,2.50%,5.00%,7.50%,2.50%,5.00%,0.00%,2.50%,0.00%,10.00%,0.00%,2.50%,5.00%,7.50%,5.00%,2.50%,0.00%,5.00%,2.50%,2.50%,2.50%,2.50%,7.50%,0.00%,0.00%,0.00%,0.00%,0.00%,0.00%,0.00%,0.00%,0.00%,0.00%,0.00%,0.00%,0.00%,0.00%,0.00%,0.00%,0.00%,0.00%,0.00%,0.00%,0.00%,0.00%,0.00%,0.00%,0.00%,0.00%
2023-05-15,20.00%,0.00%,0.00%,2.50%,5.00%,7.50%,2.50%,5.00%,0.00%,2.50%,0.00%,10.00%,0.00%,2.50%,5.00%,7.50%,5.00%,2.50%,0.00%,5.00%,2.50%,2.50%,2.50%,2.50%,7.50%,0.00%,0.00%,0.00%,0.00%,0.00%,0.00%,0.00%,0.00%,0.00%,0.00%,0.00%,0.00%,0.00%,0.00%,0.00%,0.00%,0.00%,0.00%,0.00%,0.00%,0.00%,0.00%,0.00%,0.00%,0.00%,0.00%
2023-05-16,20.00%,0.00%,0.00%,2.50%,5.00%,7.50%,2.50%,5.00%,0.00%,2.50%,0.00%,10.00%,0.00%,2.50%,5.00%,7.50%,5.00%,2.50%,0.00%,5.00%,2.50%,2.50%,2.50%,2.50%,7.50%,0.00%,0.00%,0.00%,0.00%,0.00%,0.00%,0.00%,0.00%,0.00%,0.00%,0.00%,0.00%,0.00%,0.00%,0.00%,0.00%,0.00%,0.00%,0.00%,0.00%,0.00%,0.00%,0.00%,0.00%,0.00%,0.00%
2023-05-17,20.00%,0.00%,0.00%,2.50%,5.00%,7.50%,2.50%,5.00%,0.00%,2.50%,0.00%,10.00%,0.00%,2.50%,5.00%,7.50%,5.00%,2.50%,0.00%,5.00%,2.50%,2.50%,2.50%,2.50%,7.50%,0.00%,0.00%,0.00%,0.00%,0.00%,0.00%,0.00%,0.00%,0.00%,0.00%,0.00%,0.00%,0.00%,0.00%,0.00%,0.00%,0.00%,0.00%,0.00%,0.00%,0.00%,0.00%,0.00%,0.00%,0.00%,0.00%
2023-05-18,20.00%,0.00%,0.00%,2.50%,5.00%,7.50%,2.50%,5.00%,0.00%,2.50%,0.00%,10.00%,0.00%,2.50%,5.00%,7.50%,5.00%,2.50%,0.00%,5.00%,2.50%,2.50%,2.50%,2.50%,7.50%,0.00%,0.00%,0.00%,0.00%,0.00%,0.00%,0.00%,0.00%,0.00%,0.00%,0.00%,0.00%,0.00%,0.00%,0.00%,0.00%,0.00%,0.00%,0.00%,0.00%,0.00%,0.00%,0.00%,0.00%,0.00%,0.00%
2023-05-19,20.00%,0.00%,0.00%,2.50%,5.00%,7.50%,2.50%,5.00%,0.00%,2.50%,0.00%,10.00%,0.00%,2.50%,5.00%,7.50%,5.00%,2.50%,0.00%,5.00%,2.50%,2.50%,2.50%,2.50%,7.50%,0.00%,0.00%,0.00%,0.00%,0.00%,0.00%,0.00%,0.00%,0.00%,0.00%,0.00%,0.00%,0.00%,0.00%,0.00%,0.00%,0.00%,0.00%,0.00%,0.00%,0.00%,0.00%,0.00%,0.00%,0.00%,0.00%
2023-05-20,20.00%,0.00%,0.00%,2.50%,5.00%,7.50%,2.50%,5.00%,0.00%,2.50%,0.00%,10.00%,0.00%,2.50%,5.00%,7.50%,5.00%,2.50%,0.00%,5.00%,2.50%,2.50%,2.50%,2.50%,7.50%,0.00%,0.00%,0.00%,0.00%,0.00%,0.00%,0.00%,0.00%,0.00%,0.00%,0.00%,0.00%,0.00%,0.00%,0.00%,0.00%,0.00%,0.00%,0.00%,0.00%,0.00%,0.00%,0.00%,0.00%,0.00%,0.00%
2023-05-21,20.00%,0.00%,0.00%,2.50%,5.00%,7.50%,2.50%,5.00%,0.00%,2.50%,0.00%,10.00%,0.00%,2.50%,5.00%,7.50%,5.00%,2.50%,0.00%,5.00%,2.50%,2.50%,2.50%,2.50%,7.50%,0.00%,0.00%,0.00%,0.00%,0.00%,0.00%,0.00%,0.00%,0.00%,0.00%,0.00%,0.00%,0.00%,0.00%,0.00%,0.00%,0.00%,0.00%,0.00%,0.00%,0.00%,0.00%,0.00%,0.00%,0.00%,0.00%
2023-05-22,20.00%,0.00%,0.00%,2.50%,5.00%,7.50%,2.50%,5.00%,0.00%,2.50%,0.00%,10.00%,0.00%,2.50%,5.00%,7.50%,5.00%,2.50%,0.00%,5.00%,2.50%,2.50%,2.50%,2.50%,7.50%,0.00%,0.00%,0.00%,0.00%,0.00%,0.00%,0.00%,0.00%,0.00%,0.00%,0.00%,0.00%,0.00%,0.00%,0.00%,0.00%,0.00%,0.00%,0.00%,0.00%,0.00%,0.00%,0.00%,0.00%,0.00%,0.00%
2023-05-23,20.00%,0.00%,0.00%,2.50%,5.00%,7.50%,2.50%,5.00%,0.00%,2.50%,0.00%,10.00%,0.00%,2.50%,5.00%,7.50%,5.00%,2.50%,0.00%,5.00%,2.50%,2.50%,2.50%,2.50%,7.50%,0.00%,0.00%,0.00%,0.00%,0.00%,0.00%,0.00%,0.00%,0.00%,0.00%,0.00%,0.00%,0.00%,0.00%,0.00%,0.00%,0.00%,0.00%,0.00%,0.00%,0.00%,0.00%,0.00%,0.00%,0.00%,0.00%
2023-05-24,20.00%,0.00%,0.00%,2.50%,5.00%,7.50%,2.50%,5.00%,0.00%,2.50%,0.00%,10.00%,0.00%,2.50%,5.00%,7.50%,5.00%,2.50%,0.00%,5.00%,2.50%,2.50%,2.50%,2.50%,7.50%,0.00%,0.00%,0.00%,0.00%,0.00%,0.00%,0.00%,0.00%,0.00%,0.00%,0.00%,0.00%,0.00%,0.00%,0.00%,0.00%,0.00%,0.00%,0.00%,0.00%,0.00%,0.00%,0.00%,0.00%,0.00%,0.00%
2023-05-25,20.00%,0.00%,0.00%,2.50%,5.00%,7.50%,2.50%,5.00%,0.00%,2.50%,0.00%,10.00%,0.00%,2.50%,5.00%,7.50%,5.00%,2.50%,0.00%,5.00%,2.50%,2.50%,2.50%,2.50%,7.50%,0.00%,0.00%,0.00%,0.00%,0.00%,0.00%,0.00%,0.00%,0.00%,0.00%,0.00%,0.00%,0.00%,0.00%,0.00%,0.00%,0.00%,0.00%,0.00%,0.00%,0.00%,0.00%,0.00%,0.00%,0.00%,0.00%
2023-05-26,20.00%,0.00%,0.00%,2.50%,5.00%,7.50%,2.50%,5.00%,0.00%,2.50%,0.00%,10.00%,0.00%,2.50%,5.00%,7.50%,5.00%,2.50%,0.00%,5.00%,2.50%,2.50%,2.50%,2.50%,7.50%,0.00%,0.00%,0.00%,0.00%,0.00%,0.00%,0.00%,0.00%,0.00%,0.00%,0.00%,0.00%,0.00%,0.00%,0.00%,0.00%,0.00%,0.00%,0.00%,0.00%,0.00%,0.00%,0.00%,0.00%,0.00%,0.00%
2023-05-27,20.00%,0.00%,0.00%,2.50%,5.00%,7.50%,2.50%,5.00%,0.00%,2.50%,0.00%,10.00%,0.00%,2.50%,5.00%,7.50%,5.00%,2.50%,0.00%,5.00%,2.50%,2.50%,2.50%,2.50%,7.50%,0.00%,0.00%,0.00%,0.00%,0.00%,0.00%,0.00%,0.00%,0.00%,0.00%,0.00%,0.00%,0.00%,0.00%,0.00%,0.00%,0.00%,0.00%,0.00%,0.00%,0.00%,0.00%,0.00%,0.00%,0.00%,0.00%
2023-05-28,20.00%,0.00%,0.00%,2.50%,5.00%,7.50%,2.50%,5.00%,0.00%,2.50%,0.00%,10.00%,0.00%,2.50%,5.00%,7.50%,5.00%,2.50%,0.00%,5.00%,2.50%,2.50%,2.50%,2.50%,7.50%,0.00%,0.00%,0.00%,0.00%,0.00%,0.00%,0.00%,0.00%,0.00%,0.00%,0.00%,0.00%,0.00%,0.00%,0.00%,0.00%,0.00%,0.00%,0.00%,0.00%,0.00%,0.00%,0.00%,0.00%,0.00%,0.00%
2023-05-29,20.00%,0.00%,0.00%,2.50%,5.00%,7.50%,2.50%,5.00%,0.00%,2.50%,0.00%,10.00%,0.00%,2.50%,5.00%,7.50%,5.00%,2.50%,0.00%,5.00%,2.50%,2.50%,2.50%,2.50%,7.50%,0.00%,0.00%,0.00%,0.00%,0.00%,0.00%,0.00%,0.00%,0.00%,0.00%,0.00%,0.00%,0.00%,0.00%,0.00%,0.00%,0.00%,0.00%,0.00%,0.00%,0.00%,0.00%,0.00%,0.00%,0.00%,0.00%
2023-05-30,20.00%,0.00%,0.00%,2.50%,5.00%,7.50%,2.50%,5.00%,0.00%,2.50%,0.00%,10.00%,0.00%,2.50%,5.00%,7.50%,5.00%,2.50%,0.00%,5.00%,2.50%,2.50%,2.50%,2.50%,7.50%,0.00%,0.00%,0.00%,0.00%,0.00%,0.00%,0.00%,0.00%,0.00%,0.00%,0.00%,0.00%,0.00%,0.00%,0.00%,0.00%,0.00%,0.00%,0.00%,0.00%,0.00%,0.00%,0.00%,0.00%,0.00%,0.00%
2023-05-31,20.00%,0.00%,0.00%,2.50%,5.00%,7.50%,2.50%,5.00%,0.00%,2.50%,0.00%,10.00%,0.00%,2.50%,5.00%,7.50%,5.00%,2.50%,0.00%,5.00%,2.50%,2.50%,2.50%,2.50%,7.50%,0.00%,0.00%,0.00%,0.00%,0.00%,0.00%,0.00%,0.00%,0.00%,0.00%,0.00%,0.00%,0.00%,0.00%,0.00%,0.00%,0.00%,0.00%,0.00%,0.00%,0.00%,0.00%,0.00%,0.00%,0.00%,0.00%
2023-06-01,20.00%,0.00%,0.00%,2.50%,5.00%,7.50%,2.50%,5.00%,0.00%,2.50%,0.00%,10.00%,0.00%,2.50%,5.00%,7.50%,5.00%,2.50%,0.00%,5.00%,2.50%,2.50%,2.50%,2.50%,7.50%,0.00%,0.00%,0.00%,0.00%,0.00%,0.00%,0.00%,0.00%,0.00%,0.00%,0.00%,0.00%,0.00%,0.00%,0.00%,0.00%,0.00%,0.00%,0.00%,0.00%,0.00%,0.00%,0.00%,0.00%,0.00%,0.00%
2023-06-02,20.00%,0.00%,0.00%,2.50%,5.00%,7.50%,2.50%,5.00%,0.00%,2.50%,0.00%,10.00%,0.00%,2.50%,5.00%,7.50%,5.00%,2.50%,0.00%,5.00%,2.50%,2.50%,2.50%,2.50%,7.50%,0.00%,0.00%,0.00%,0.00%,0.00%,0.00%,0.00%,0.00%,0.00%,0.00%,0.00%,0.00%,0.00%,0.00%,0.00%,0.00%,0.00%,0.00%,0.00%,0.00%,0.00%,0.00%,0.00%,0.00%,0.00%,0.00%
2023-06-03,20.00%,0.00%,0.00%,2.50%,5.00%,7.50%,2.50%,5.00%,0.00%,2.50%,0.00%,10.00%,0.00%,2.50%,5.00%,7.50%,5.00%,2.50%,0.00%,5.00%,2.50%,2.50%,2.50%,2.50%,7.50%,0.00%,0.00%,0.00%,0.00%,0.00%,0.00%,0.00%,0.00%,0.00%,0.00%,0.00%,0.00%,0.00%,0.00%,0.00%,0.00%,0.00%,0.00%,0.00%,0.00%,0.00%,0.00%,0.00%,0.00%,0.00%,0.00%
2023-06-04,20.00%,0.00%,0.00%,2.50%,5.00%,7.50%,2.50%,5.00%,0.00%,2.50%,0.00%,10.00%,0.00%,2.50%,5.00%,7.50%,5.00%,2.50%,0.00%,5.00%,2.50%,2.50%,2.50%,2.50%,7.50%,0.00%,0.00%,0.00%,0.00%,0.00%,0.00%,0.00%,0.00%,0.00%,0.00%,0.00%,0.00%,0.00%,0.00%,0.00%,0.00%,0.00%,0.00%,0.00%,0.00%,0.00%,0.00%,0.00%,0.00%,0.00%,0.00%
2023-06-05,20.00%,0.00%,0.00%,2.50%,5.00%,7.50%,2.50%,5.00%,0.00%,2.50%,0.00%,10.00%,0.00%,2.50%,5.00%,7.50%,5.00%,2.50%,0.00%,5.00%,2.50%,2.50%,2.50%,2.50%,7.50%,0.00%,0.00%,0.00%,0.00%,0.00%,0.00%,0.00%,0.00%,0.00%,0.00%,0.00%,0.00%,0.00%,0.00%,0.00%,0.00%,0.00%,0.00%,0.00%,0.00%,0.00%,0.00%,0.00%,0.00%,0.00%,0.00%
2023-06-06,20.00%,0.00%,0.00%,5.00%,5.00%,2.50%,5.00%,5.00%,0.00%,2.50%,0.00%,10.00%,0.00%,2.50%,5.00%,5.00%,5.00%,2.50%,0.00%,7.50%,2.50%,2.50%,2.50%,2.50%,7.50%,0.00%,0.00%,0.00%,0.00%,0.00%,0.00%,0.00%,0.00%,0.00%,0.00%,0.00%,0.00%,0.00%,0.00%,0.00%,0.00%,0.00%,0.00%,0.00%,0.00%,0.00%,0.00%,0.00%,0.00%,0.00%,0.00%
2023-06-07,26.50%,0.00%,0.00%,5.00%,5.00%,2.50%,5.00%,5.00%,0.00%,2.00%,0.00%,5.00%,0.00%,2.00%,5.00%,5.00%,5.00%,2.00%,0.00%,7.50%,2.50%,2.50%,2.50%,2.50%,7.50%,0.00%,0.00%,0.00%,0.00%,0.00%,0.00%,0.00%,0.00%,0.00%,0.00%,0.00%,0.00%,0.00%,0.00%,0.00%,0.00%,0.00%,0.00%,0.00%,0.00%,0.00%,0.00%,0.00%,0.00%,0.00%,0.00%
2023-06-08,26.50%,0.00%,0.00%,5.00%,5.00%,2.50%,5.00%,5.00%,0.00%,2.00%,0.00%,5.00%,0.00%,2.00%,5.00%,5.00%,5.00%,2.00%,0.00%,7.50%,2.50%,2.50%,2.50%,2.50%,7.50%,0.00%,0.00%,0.00%,0.00%,0.00%,0.00%,0.00%,0.00%,0.00%,0.00%,0.00%,0.00%,0.00%,0.00%,0.00%,0.00%,0.00%,0.00%,0.00%,0.00%,0.00%,0.00%,0.00%,0.00%,0.00%,0.00%
2023-06-09,26.50%,0.00%,0.00%,5.00%,5.00%,2.50%,5.00%,5.00%,0.00%,2.00%,0.00%,5.00%,0.00%,2.00%,5.00%,5.00%,5.00%,2.00%,0.00%,7.50%,2.50%,2.50%,2.50%,2.50%,7.50%,0.00%,0.00%,0.00%,0.00%,0.00%,0.00%,0.00%,0.00%,0.00%,0.00%,0.00%,0.00%,0.00%,0.00%,0.00%,0.00%,0.00%,0.00%,0.00%,0.00%,0.00%,0.00%,0.00%,0.00%,0.00%,0.00%
2023-06-10,26.50%,0.00%,0.00%,5.00%,5.00%,2.50%,5.00%,5.00%,0.00%,2.00%,0.00%,5.00%,0.00%,2.00%,5.00%,5.00%,5.00%,2.00%,0.00%,7.50%,2.50%,2.50%,2.50%,2.50%,7.50%,0.00%,0.00%,0.00%,0.00%,0.00%,0.00%,0.00%,0.00%,0.00%,0.00%,0.00%,0.00%,0.00%,0.00%,0.00%,0.00%,0.00%,0.00%,0.00%,0.00%,0.00%,0.00%,0.00%,0.00%,0.00%,0.00%
2023-06-11,26.50%,0.00%,0.00%,5.00%,5.00%,2.50%,5.00%,5.00%,0.00%,2.00%,0.00%,5.00%,0.00%,2.00%,5.00%,5.00%,5.00%,2.00%,0.00%,7.50%,2.50%,2.50%,2.50%,2.50%,7.50%,0.00%,0.00%,0.00%,0.00%,0.00%,0.00%,0.00%,0.00%,0.00%,0.00%,0.00%,0.00%,0.00%,0.00%,0.00%,0.00%,0.00%,0.00%,0.00%,0.00%,0.00%,0.00%,0.00%,0.00%,0.00%,0.00%
2023-06-12,26.50%,0.00%,0.00%,5.00%,5.00%,2.50%,5.00%,5.00%,0.00%,2.00%,0.00%,5.00%,0.00%,2.00%,5.00%,5.00%,5.00%,2.00%,0.00%,7.50%,2.50%,2.50%,2.50%,2.50%,7.50%,0.00%,0.00%,0.00%,0.00%,0.00%,0.00%,0.00%,0.00%,0.00%,0.00%,0.00%,0.00%,0.00%,0.00%,0.00%,0.00%,0.00%,0.00%,0.00%,0.00%,0.00%,0.00%,0.00%,0.00%,0.00%,0.00%
2023-06-13,26.50%,0.00%,0.00%,5.00%,5.00%,2.50%,5.00%,5.00%,0.00%,2.00%,0.00%,5.00%,0.00%,2.00%,5.00%,5.00%,5.00%,2.00%,0.00%,7.50%,2.50%,2.50%,2.50%,2.50%,7.50%,0.00%,0.00%,0.00%,0.00%,0.00%,0.00%,0.00%,0.00%,0.00%,0.00%,0.00%,0.00%,0.00%,0.00%,0.00%,0.00%,0.00%,0.00%,0.00%,0.00%,0.00%,0.00%,0.00%,0.00%,0.00%,0.00%
2023-06-14,26.50%,0.00%,0.00%,5.00%,5.00%,2.50%,5.00%,5.00%,0.00%,2.00%,0.00%,5.00%,0.00%,2.00%,5.00%,5.00%,5.00%,2.00%,0.00%,7.50%,2.50%,2.50%,2.50%,2.50%,7.50%,0.00%,0.00%,0.00%,0.00%,0.00%,0.00%,0.00%,0.00%,0.00%,0.00%,0.00%,0.00%,0.00%,0.00%,0.00%,0.00%,0.00%,0.00%,0.00%,0.00%,0.00%,0.00%,0.00%,0.00%,0.00%,0.00%
2023-06-15,26.50%,0.00%,0.00%,5.00%,5.00%,2.50%,5.00%,5.00%,0.00%,2.00%,0.00%,5.00%,0.00%,2.00%,5.00%,5.00%,5.00%,2.00%,0.00%,7.50%,2.50%,2.50%,2.50%,2.50%,7.50%,0.00%,0.00%,0.00%,0.00%,0.00%,0.00%,0.00%,0.00%,0.00%,0.00%,0.00%,0.00%,0.00%,0.00%,0.00%,0.00%,0.00%,0.00%,0.00%,0.00%,0.00%,0.00%,0.00%,0.00%,0.00%,0.00%
2023-06-16,26.50%,0.00%,0.00%,5.00%,5.00%,2.50%,5.00%,5.00%,0.00%,2.00%,0.00%,5.00%,0.00%,2.00%,5.00%,5.00%,5.00%,2.00%,0.00%,7.50%,2.50%,2.50%,2.50%,2.50%,7.50%,0.00%,0.00%,0.00%,0.00%,0.00%,0.00%,0.00%,0.00%,0.00%,0.00%,0.00%,0.00%,0.00%,0.00%,0.00%,0.00%,0.00%,0.00%,0.00%,0.00%,0.00%,0.00%,0.00%,0.00%,0.00%,0.00%
2023-06-17,26.50%,0.00%,0.00%,5.00%,5.00%,2.50%,5.00%,5.00%,0.00%,2.00%,0.00%,5.00%,0.00%,2.00%,5.00%,5.00%,5.00%,2.00%,0.00%,7.50%,2.50%,2.50%,2.50%,2.50%,7.50%,0.00%,0.00%,0.00%,0.00%,0.00%,0.00%,0.00%,0.00%,0.00%,0.00%,0.00%,0.00%,0.00%,0.00%,0.00%,0.00%,0.00%,0.00%,0.00%,0.00%,0.00%,0.00%,0.00%,0.00%,0.00%,0.00%
2023-06-18,26.50%,0.00%,0.00%,5.00%,5.00%,2.50%,5.00%,5.00%,0.00%,2.00%,0.00%,5.00%,0.00%,2.00%,5.00%,5.00%,5.00%,2.00%,0.00%,7.50%,2.50%,2.50%,2.50%,2.50%,7.50%,0.00%,0.00%,0.00%,0.00%,0.00%,0.00%,0.00%,0.00%,0.00%,0.00%,0.00%,0.00%,0.00%,0.00%,0.00%,0.00%,0.00%,0.00%,0.00%,0.00%,0.00%,0.00%,0.00%,0.00%,0.00%,0.00%
2023-06-19,26.50%,0.00%,0.00%,5.00%,5.00%,2.50%,5.00%,5.00%,0.00%,2.00%,0.00%,5.00%,0.00%,2.00%,5.00%,5.00%,5.00%,2.00%,0.00%,7.50%,2.50%,2.50%,2.50%,2.50%,7.50%,0.00%,0.00%,0.00%,0.00%,0.00%,0.00%,0.00%,0.00%,0.00%,0.00%,0.00%,0.00%,0.00%,0.00%,0.00%,0.00%,0.00%,0.00%,0.00%,0.00%,0.00%,0.00%,0.00%,0.00%,0.00%,0.00%
2023-06-20,26.50%,0.00%,0.00%,5.00%,5.00%,2.50%,5.00%,5.00%,0.00%,2.00%,0.00%,5.00%,0.00%,2.00%,5.00%,5.00%,5.00%,2.00%,0.00%,7.50%,2.50%,2.50%,2.50%,2.50%,7.50%,0.00%,0.00%,0.00%,0.00%,0.00%,0.00%,0.00%,0.00%,0.00%,0.00%,0.00%,0.00%,0.00%,0.00%,0.00%,0.00%,0.00%,0.00%,0.00%,0.00%,0.00%,0.00%,0.00%,0.00%,0.00%,0.00%
2023-06-21,28.00%,0.00%,0.00%,5.00%,5.00%,2.50%,5.00%,5.00%,0.00%,0.00%,0.00%,5.00%,0.00%,0.00%,2.50%,5.00%,5.00%,2.00%,0.00%,7.50%,2.50%,2.50%,2.50%,2.50%,7.50%,5.00%,0.00%,0.00%,0.00%,0.00%,0.00%,0.00%,0.00%,0.00%,0.00%,0.00%,0.00%,0.00%,0.00%,0.00%,0.00%,0.00%,0.00%,0.00%,0.00%,0.00%,0.00%,0.00%,0.00%,0.00%,0.00%
2023-06-22,28.00%,0.00%,0.00%,5.00%,5.00%,2.50%,5.00%,5.00%,0.00%,0.00%,0.00%,5.00%,0.00%,0.00%,2.50%,5.00%,5.00%,2.00%,0.00%,7.50%,2.50%,2.50%,2.50%,2.50%,7.50%,5.00%,0.00%,0.00%,0.00%,0.00%,0.00%,0.00%,0.00%,0.00%,0.00%,0.00%,0.00%,0.00%,0.00%,0.00%,0.00%,0.00%,0.00%,0.00%,0.00%,0.00%,0.00%,0.00%,0.00%,0.00%,0.00%
2023-06-23,28.00%,0.00%,0.00%,5.00%,5.00%,2.50%,5.00%,5.00%,0.00%,0.00%,0.00%,5.00%,0.00%,0.00%,2.50%,5.00%,5.00%,2.00%,0.00%,7.50%,2.50%,2.50%,2.50%,2.50%,7.50%,5.00%,0.00%,0.00%,0.00%,0.00%,0.00%,0.00%,0.00%,0.00%,0.00%,0.00%,0.00%,0.00%,0.00%,0.00%,0.00%,0.00%,0.00%,0.00%,0.00%,0.00%,0.00%,0.00%,0.00%,0.00%,0.00%
2023-06-24,28.00%,0.00%,0.00%,5.00%,5.00%,2.50%,5.00%,5.00%,0.00%,0.00%,0.00%,5.00%,0.00%,0.00%,2.50%,5.00%,5.00%,2.00%,0.00%,7.50%,2.50%,2.50%,2.50%,2.50%,7.50%,5.00%,0.00%,0.00%,0.00%,0.00%,0.00%,0.00%,0.00%,0.00%,0.00%,0.00%,0.00%,0.00%,0.00%,0.00%,0.00%,0.00%,0.00%,0.00%,0.00%,0.00%,0.00%,0.00%,0.00%,0.00%,0.00%
2023-06-25,28.00%,0.00%,0.00%,5.00%,5.00%,2.50%,5.00%,5.00%,0.00%,0.00%,0.00%,5.00%,0.00%,0.00%,2.50%,5.00%,5.00%,2.00%,0.00%,7.50%,2.50%,2.50%,2.50%,2.50%,7.50%,5.00%,0.00%,0.00%,0.00%,0.00%,0.00%,0.00%,0.00%,0.00%,0.00%,0.00%,0.00%,0.00%,0.00%,0.00%,0.00%,0.00%,0.00%,0.00%,0.00%,0.00%,0.00%,0.00%,0.00%,0.00%,0.00%
2023-06-26,28.00%,0.00%,0.00%,5.00%,5.00%,2.50%,5.00%,5.00%,0.00%,0.00%,0.00%,5.00%,0.00%,0.00%,2.50%,5.00%,5.00%,2.00%,0.00%,7.50%,2.50%,2.50%,2.50%,2.50%,7.50%,5.00%,0.00%,0.00%,0.00%,0.00%,0.00%,0.00%,0.00%,0.00%,0.00%,0.00%,0.00%,0.00%,0.00%,0.00%,0.00%,0.00%,0.00%,0.00%,0.00%,0.00%,0.00%,0.00%,0.00%,0.00%,0.00%
2023-06-27,28.00%,0.00%,0.00%,5.00%,5.00%,2.50%,5.00%,5.00%,0.00%,0.00%,0.00%,5.00%,0.00%,0.00%,2.50%,5.00%,5.00%,2.00%,0.00%,7.50%,2.50%,2.50%,2.50%,2.50%,7.50%,5.00%,0.00%,0.00%,0.00%,0.00%,0.00%,0.00%,0.00%,0.00%,0.00%,0.00%,0.00%,0.00%,0.00%,0.00%,0.00%,0.00%,0.00%,0.00%,0.00%,0.00%,0.00%,0.00%,0.00%,0.00%,0.00%
2023-06-28,28.00%,0.00%,0.00%,5.00%,5.00%,2.50%,5.00%,5.00%,0.00%,0.00%,0.00%,5.00%,0.00%,0.00%,2.50%,5.00%,5.00%,2.00%,0.00%,7.50%,2.50%,2.50%,2.50%,2.50%,7.50%,5.00%,0.00%,0.00%,0.00%,0.00%,0.00%,0.00%,0.00%,0.00%,0.00%,0.00%,0.00%,0.00%,0.00%,0.00%,0.00%,0.00%,0.00%,0.00%,0.00%,0.00%,0.00%,0.00%,0.00%,0.00%,0.00%
2023-06-29,28.00%,0.00%,0.00%,5.00%,5.00%,2.50%,5.00%,5.00%,0.00%,0.00%,0.00%,5.00%,0.00%,0.00%,2.50%,5.00%,5.00%,2.00%,0.00%,7.50%,2.50%,2.50%,2.50%,2.50%,7.50%,5.00%,0.00%,0.00%,0.00%,0.00%,0.00%,0.00%,0.00%,0.00%,0.00%,0.00%,0.00%,0.00%,0.00%,0.00%,0.00%,0.00%,0.00%,0.00%,0.00%,0.00%,0.00%,0.00%,0.00%,0.00%,0.00%
2023-06-30,28.00%,0.00%,0.00%,5.00%,5.00%,2.50%,5.00%,5.00%,0.00%,0.00%,0.00%,5.00%,0.00%,0.00%,2.50%,5.00%,5.00%,2.00%,0.00%,7.50%,2.50%,2.50%,2.50%,2.50%,7.50%,5.00%,0.00%,0.00%,0.00%,0.00%,0.00%,0.00%,0.00%,0.00%,0.00%,0.00%,0.00%,0.00%,0.00%,0.00%,0.00%,0.00%,0.00%,0.00%,0.00%,0.00%,0.00%,0.00%,0.00%,0.00%,0.00%
2023-07-01,28.00%,0.00%,0.00%,5.00%,5.00%,2.50%,5.00%,5.00%,0.00%,0.00%,0.00%,5.00%,0.00%,0.00%,2.50%,5.00%,5.00%,2.00%,0.00%,7.50%,2.50%,2.50%,2.50%,2.50%,7.50%,5.00%,0.00%,0.00%,0.00%,0.00%,0.00%,0.00%,0.00%,0.00%,0.00%,0.00%,0.00%,0.00%,0.00%,0.00%,0.00%,0.00%,0.00%,0.00%,0.00%,0.00%,0.00%,0.00%,0.00%,0.00%,0.00%
2023-07-02,28.00%,0.00%,0.00%,5.00%,5.00%,2.50%,5.00%,5.00%,0.00%,0.00%,0.00%,5.00%,0.00%,0.00%,2.50%,5.00%,5.00%,2.00%,0.00%,7.50%,2.50%,2.50%,2.50%,2.50%,7.50%,5.00%,0.00%,0.00%,0.00%,0.00%,0.00%,0.00%,0.00%,0.00%,0.00%,0.00%,0.00%,0.00%,0.00%,0.00%,0.00%,0.00%,0.00%,0.00%,0.00%,0.00%,0.00%,0.00%,0.00%,0.00%,0.00%
2023-07-03,28.00%,0.00%,0.00%,5.00%,5.00%,2.50%,5.00%,5.00%,0.00%,0.00%,0.00%,5.00%,0.00%,0.00%,2.50%,5.00%,5.00%,2.00%,0.00%,7.50%,2.50%,2.50%,2.50%,2.50%,7.50%,5.00%,0.00%,0.00%,0.00%,0.00%,0.00%,0.00%,0.00%,0.00%,0.00%,0.00%,0.00%,0.00%,0.00%,0.00%,0.00%,0.00%,0.00%,0.00%,0.00%,0.00%,0.00%,0.00%,0.00%,0.00%,0.00%
2023-07-04,23.00%,0.00%,0.00%,5.00%,5.00%,2.50%,5.00%,5.00%,0.00%,0.00%,0.00%,5.00%,0.00%,0.00%,2.50%,5.00%,5.00%,2.00%,0.00%,7.50%,2.50%,2.50%,2.50%,2.50%,7.50%,10.00%,0.00%,0.00%,0.00%,0.00%,0.00%,0.00%,0.00%,0.00%,0.00%,0.00%,0.00%,0.00%,0.00%,0.00%,0.00%,0.00%,0.00%,0.00%,0.00%,0.00%,0.00%,0.00%,0.00%,0.00%,0.00%
2023-07-05,23.00%,0.00%,0.00%,5.00%,5.00%,2.50%,5.00%,5.00%,0.00%,0.00%,0.00%,5.00%,0.00%,0.00%,2.50%,5.00%,5.00%,2.00%,0.00%,7.50%,2.50%,2.50%,2.50%,2.50%,7.50%,10.00%,0.00%,0.00%,0.00%,0.00%,0.00%,0.00%,0.00%,0.00%,0.00%,0.00%,0.00%,0.00%,0.00%,0.00%,0.00%,0.00%,0.00%,0.00%,0.00%,0.00%,0.00%,0.00%,0.00%,0.00%,0.00%
2023-07-06,23.00%,0.00%,0.00%,5.00%,5.00%,2.50%,5.00%,5.00%,0.00%,0.00%,0.00%,5.00%,0.00%,0.00%,2.50%,5.00%,5.00%,2.00%,0.00%,7.50%,2.50%,2.50%,2.50%,2.50%,7.50%,10.00%,0.00%,0.00%,0.00%,0.00%,0.00%,0.00%,0.00%,0.00%,0.00%,0.00%,0.00%,0.00%,0.00%,0.00%,0.00%,0.00%,0.00%,0.00%,0.00%,0.00%,0.00%,0.00%,0.00%,0.00%,0.00%
2023-07-07,23.00%,0.00%,0.00%,5.00%,5.00%,2.50%,5.00%,5.00%,0.00%,0.00%,0.00%,5.00%,0.00%,0.00%,2.50%,5.00%,5.00%,2.00%,0.00%,7.50%,2.50%,2.50%,2.50%,2.50%,7.50%,10.00%,0.00%,0.00%,0.00%,0.00%,0.00%,0.00%,0.00%,0.00%,0.00%,0.00%,0.00%,0.00%,0.00%,0.00%,0.00%,0.00%,0.00%,0.00%,0.00%,0.00%,0.00%,0.00%,0.00%,0.00%,0.00%
2023-07-08,23.00%,0.00%,0.00%,5.00%,5.00%,2.50%,5.00%,5.00%,0.00%,0.00%,0.00%,5.00%,0.00%,0.00%,2.50%,5.00%,5.00%,2.00%,0.00%,7.50%,2.50%,2.50%,2.50%,2.50%,7.50%,10.00%,0.00%,0.00%,0.00%,0.00%,0.00%,0.00%,0.00%,0.00%,0.00%,0.00%,0.00%,0.00%,0.00%,0.00%,0.00%,0.00%,0.00%,0.00%,0.00%,0.00%,0.00%,0.00%,0.00%,0.00%,0.00%
2023-07-09,23.00%,0.00%,0.00%,5.00%,5.00%,2.50%,5.00%,5.00%,0.00%,0.00%,0.00%,5.00%,0.00%,0.00%,2.50%,5.00%,5.00%,2.00%,0.00%,7.50%,2.50%,2.50%,2.50%,2.50%,7.50%,10.00%,0.00%,0.00%,0.00%,0.00%,0.00%,0.00%,0.00%,0.00%,0.00%,0.00%,0.00%,0.00%,0.00%,0.00%,0.00%,0.00%,0.00%,0.00%,0.00%,0.00%,0.00%,0.00%,0.00%,0.00%,0.00%
2023-07-10,23.00%,0.00%,0.00%,5.00%,5.00%,2.50%,5.00%,5.00%,0.00%,0.00%,0.00%,5.00%,0.00%,0.00%,2.50%,5.00%,5.00%,2.00%,0.00%,7.50%,2.50%,2.50%,2.50%,2.50%,7.50%,10.00%,0.00%,0.00%,0.00%,0.00%,0.00%,0.00%,0.00%,0.00%,0.00%,0.00%,0.00%,0.00%,0.00%,0.00%,0.00%,0.00%,0.00%,0.00%,0.00%,0.00%,0.00%,0.00%,0.00%,0.00%,0.00%
2023-07-11,23.00%,0.00%,0.00%,5.00%,5.00%,2.50%,5.00%,5.00%,0.00%,0.00%,0.00%,5.00%,0.00%,0.00%,2.50%,5.00%,5.00%,2.00%,0.00%,7.50%,2.50%,2.50%,2.50%,2.50%,7.50%,10.00%,0.00%,0.00%,0.00%,0.00%,0.00%,0.00%,0.00%,0.00%,0.00%,0.00%,0.00%,0.00%,0.00%,0.00%,0.00%,0.00%,0.00%,0.00%,0.00%,0.00%,0.00%,0.00%,0.00%,0.00%,0.00%
2023-07-12,23.00%,0.00%,0.00%,5.00%,5.00%,2.50%,5.00%,5.00%,0.00%,0.00%,0.00%,5.00%,0.00%,0.00%,2.50%,5.00%,5.00%,2.00%,0.00%,7.50%,2.50%,2.50%,2.50%,2.50%,7.50%,10.00%,0.00%,0.00%,0.00%,0.00%,0.00%,0.00%,0.00%,0.00%,0.00%,0.00%,0.00%,0.00%,0.00%,0.00%,0.00%,0.00%,0.00%,0.00%,0.00%,0.00%,0.00%,0.00%,0.00%,0.00%,0.00%
2023-07-13,23.00%,0.00%,0.00%,5.00%,5.00%,2.50%,5.00%,5.00%,0.00%,0.00%,0.00%,5.00%,0.00%,0.00%,2.50%,5.00%,5.00%,2.00%,0.00%,7.50%,2.50%,2.50%,2.50%,2.50%,7.50%,10.00%,0.00%,0.00%,0.00%,0.00%,0.00%,0.00%,0.00%,0.00%,0.00%,0.00%,0.00%,0.00%,0.00%,0.00%,0.00%,0.00%,0.00%,0.00%,0.00%,0.00%,0.00%,0.00%,0.00%,0.00%,0.00%
2023-07-14,23.00%,0.00%,0.00%,5.00%,5.00%,2.50%,5.00%,5.00%,0.00%,0.00%,0.00%,5.00%,0.00%,0.00%,2.50%,5.00%,5.00%,2.00%,0.00%,7.50%,2.50%,2.50%,2.50%,2.50%,7.50%,10.00%,0.00%,0.00%,0.00%,0.00%,0.00%,0.00%,0.00%,0.00%,0.00%,0.00%,0.00%,0.00%,0.00%,0.00%,0.00%,0.00%,0.00%,0.00%,0.00%,0.00%,0.00%,0.00%,0.00%,0.00%,0.00%
2023-07-15,23.00%,0.00%,0.00%,5.00%,5.00%,2.50%,5.00%,5.00%,0.00%,0.00%,0.00%,5.00%,0.00%,0.00%,2.50%,5.00%,5.00%,2.00%,0.00%,7.50%,2.50%,2.50%,2.50%,2.50%,7.50%,10.00%,0.00%,0.00%,0.00%,0.00%,0.00%,0.00%,0.00%,0.00%,0.00%,0.00%,0.00%,0.00%,0.00%,0.00%,0.00%,0.00%,0.00%,0.00%,0.00%,0.00%,0.00%,0.00%,0.00%,0.00%,0.00%
2023-07-16,23.00%,0.00%,0.00%,5.00%,5.00%,2.50%,5.00%,5.00%,0.00%,0.00%,0.00%,5.00%,0.00%,0.00%,2.50%,5.00%,5.00%,2.00%,0.00%,7.50%,2.50%,2.50%,2.50%,2.50%,7.50%,10.00%,0.00%,0.00%,0.00%,0.00%,0.00%,0.00%,0.00%,0.00%,0.00%,0.00%,0.00%,0.00%,0.00%,0.00%,0.00%,0.00%,0.00%,0.00%,0.00%,0.00%,0.00%,0.00%,0.00%,0.00%,0.00%
2023-07-17,23.00%,0.00%,0.00%,5.00%,5.00%,2.50%,5.00%,5.00%,0.00%,0.00%,0.00%,5.00%,0.00%,0.00%,2.50%,5.00%,5.00%,2.00%,0.00%,7.50%,2.50%,2.50%,2.50%,2.50%,7.50%,10.00%,0.00%,0.00%,0.00%,0.00%,0.00%,0.00%,0.00%,0.00%,0.00%,0.00%,0.00%,0.00%,0.00%,0.00%,0.00%,0.00%,0.00%,0.00%,0.00%,0.00%,0.00%,0.00%,0.00%,0.00%,0.00%
2023-07-18,23.00%,0.00%,0.00%,5.00%,5.00%,2.50%,5.00%,5.00%,0.00%,0.00%,0.00%,5.00%,0.00%,0.00%,2.50%,5.00%,5.00%,2.00%,0.00%,7.50%,2.50%,2.50%,2.50%,2.50%,7.50%,10.00%,0.00%,0.00%,0.00%,0.00%,0.00%,0.00%,0.00%,0.00%,0.00%,0.00%,0.00%,0.00%,0.00%,0.00%,0.00%,0.00%,0.00%,0.00%,0.00%,0.00%,0.00%,0.00%,0.00%,0.00%,0.00%
2023-07-19,23.00%,0.00%,0.00%,5.00%,5.00%,2.50%,5.00%,5.00%,0.00%,0.00%,0.00%,5.00%,0.00%,0.00%,2.50%,5.00%,5.00%,2.00%,0.00%,7.50%,2.50%,2.50%,2.50%,2.50%,7.50%,10.00%,0.00%,0.00%,0.00%,0.00%,0.00%,0.00%,0.00%,0.00%,0.00%,0.00%,0.00%,0.00%,0.00%,0.00%,0.00%,0.00%,0.00%,0.00%,0.00%,0.00%,0.00%,0.00%,0.00%,0.00%,0.00%
2023-07-20,23.00%,0.00%,0.00%,5.00%,5.00%,2.50%,5.00%,5.00%,0.00%,0.00%,0.00%,5.00%,0.00%,0.00%,2.50%,5.00%,5.00%,2.00%,0.00%,7.50%,2.50%,2.50%,2.50%,2.50%,7.50%,10.00%,0.00%,0.00%,0.00%,0.00%,0.00%,0.00%,0.00%,0.00%,0.00%,0.00%,0.00%,0.00%,0.00%,0.00%,0.00%,0.00%,0.00%,0.00%,0.00%,0.00%,0.00%,0.00%,0.00%,0.00%,0.00%
2023-07-21,23.00%,0.00%,0.00%,5.00%,5.00%,2.50%,5.00%,5.00%,0.00%,0.00%,0.00%,5.00%,0.00%,0.00%,2.50%,5.00%,5.00%,2.00%,0.00%,7.50%,2.50%,2.50%,2.50%,2.50%,7.50%,10.00%,0.00%,0.00%,0.00%,0.00%,0.00%,0.00%,0.00%,0.00%,0.00%,0.00%,0.00%,0.00%,0.00%,0.00%,0.00%,0.00%,0.00%,0.00%,0.00%,0.00%,0.00%,0.00%,0.00%,0.00%,0.00%
2023-07-22,23.00%,0.00%,0.00%,5.00%,5.00%,2.50%,5.00%,5.00%,0.00%,0.00%,0.00%,5.00%,0.00%,0.00%,2.50%,5.00%,5.00%,2.00%,0.00%,7.50%,2.50%,2.50%,2.50%,2.50%,7.50%,10.00%,0.00%,0.00%,0.00%,0.00%,0.00%,0.00%,0.00%,0.00%,0.00%,0.00%,0.00%,0.00%,0.00%,0.00%,0.00%,0.00%,0.00%,0.00%,0.00%,0.00%,0.00%,0.00%,0.00%,0.00%,0.00%
2023-07-23,23.00%,0.00%,0.00%,5.00%,5.00%,2.50%,5.00%,5.00%,0.00%,0.00%,0.00%,5.00%,0.00%,0.00%,2.50%,5.00%,5.00%,2.00%,0.00%,7.50%,2.50%,2.50%,2.50%,2.50%,7.50%,10.00%,0.00%,0.00%,0.00%,0.00%,0.00%,0.00%,0.00%,0.00%,0.00%,0.00%,0.00%,0.00%,0.00%,0.00%,0.00%,0.00%,0.00%,0.00%,0.00%,0.00%,0.00%,0.00%,0.00%,0.00%,0.00%
2023-07-24,23.00%,0.00%,0.00%,5.00%,5.00%,2.50%,5.00%,5.00%,0.00%,0.00%,0.00%,5.00%,0.00%,0.00%,2.50%,5.00%,5.00%,2.00%,0.00%,7.50%,2.50%,2.50%,2.50%,2.50%,7.50%,10.00%,0.00%,0.00%,0.00%,0.00%,0.00%,0.00%,0.00%,0.00%,0.00%,0.00%,0.00%,0.00%,0.00%,0.00%,0.00%,0.00%,0.00%,0.00%,0.00%,0.00%,0.00%,0.00%,0.00%,0.00%,0.00%
2023-07-25,23.00%,0.00%,0.00%,5.00%,5.00%,2.50%,5.00%,5.00%,0.00%,0.00%,0.00%,5.00%,0.00%,0.00%,2.50%,5.00%,5.00%,2.00%,0.00%,7.50%,2.50%,2.50%,2.50%,2.50%,7.50%,10.00%,0.00%,0.00%,0.00%,0.00%,0.00%,0.00%,0.00%,0.00%,0.00%,0.00%,0.00%,0.00%,0.00%,0.00%,0.00%,0.00%,0.00%,0.00%,0.00%,0.00%,0.00%,0.00%,0.00%,0.00%,0.00%
2023-07-26,23.00%,0.00%,0.00%,5.00%,5.00%,2.50%,5.00%,5.00%,0.00%,0.00%,0.00%,5.00%,0.00%,0.00%,2.50%,5.00%,5.00%,2.00%,0.00%,7.50%,2.50%,2.50%,2.50%,2.50%,7.50%,10.00%,0.00%,0.00%,0.00%,0.00%,0.00%,0.00%,0.00%,0.00%,0.00%,0.00%,0.00%,0.00%,0.00%,0.00%,0.00%,0.00%,0.00%,0.00%,0.00%,0.00%,0.00%,0.00%,0.00%,0.00%,0.00%
2023-07-27,23.00%,0.00%,0.00%,5.00%,5.00%,2.50%,5.00%,5.00%,0.00%,0.00%,0.00%,5.00%,0.00%,0.00%,2.50%,5.00%,5.00%,2.00%,0.00%,7.50%,2.50%,2.50%,2.50%,2.50%,7.50%,10.00%,0.00%,0.00%,0.00%,0.00%,0.00%,0.00%,0.00%,0.00%,0.00%,0.00%,0.00%,0.00%,0.00%,0.00%,0.00%,0.00%,0.00%,0.00%,0.00%,0.00%,0.00%,0.00%,0.00%,0.00%,0.00%
2023-07-28,23.00%,0.00%,0.00%,5.00%,5.00%,2.50%,5.00%,5.00%,0.00%,0.00%,0.00%,5.00%,0.00%,0.00%,2.50%,5.00%,5.00%,2.00%,0.00%,7.50%,2.50%,2.50%,2.50%,2.50%,7.50%,10.00%,0.00%,0.00%,0.00%,0.00%,0.00%,0.00%,0.00%,0.00%,0.00%,0.00%,0.00%,0.00%,0.00%,0.00%,0.00%,0.00%,0.00%,0.00%,0.00%,0.00%,0.00%,0.00%,0.00%,0.00%,0.00%
2023-07-29,23.00%,0.00%,0.00%,5.00%,5.00%,2.50%,5.00%,5.00%,0.00%,0.00%,0.00%,5.00%,0.00%,0.00%,2.50%,5.00%,5.00%,2.00%,0.00%,7.50%,2.50%,2.50%,2.50%,2.50%,7.50%,10.00%,0.00%,0.00%,0.00%,0.00%,0.00%,0.00%,0.00%,0.00%,0.00%,0.00%,0.00%,0.00%,0.00%,0.00%,0.00%,0.00%,0.00%,0.00%,0.00%,0.00%,0.00%,0.00%,0.00%,0.00%,0.00%
2023-07-30,23.00%,0.00%,0.00%,5.00%,5.00%,2.50%,5.00%,5.00%,0.00%,0.00%,0.00%,5.00%,0.00%,0.00%,2.50%,5.00%,5.00%,2.00%,0.00%,7.50%,2.50%,2.50%,2.50%,2.50%,7.50%,10.00%,0.00%,0.00%,0.00%,0.00%,0.00%,0.00%,0.00%,0.00%,0.00%,0.00%,0.00%,0.00%,0.00%,0.00%,0.00%,0.00%,0.00%,0.00%,0.00%,0.00%,0.00%,0.00%,0.00%,0.00%,0.00%
2023-07-31,23.00%,0.00%,0.00%,5.00%,5.00%,2.50%,5.00%,5.00%,0.00%,0.00%,0.00%,5.00%,0.00%,0.00%,2.50%,5.00%,5.00%,2.00%,0.00%,7.50%,2.50%,2.50%,2.50%,2.50%,7.50%,10.00%,0.00%,0.00%,0.00%,0.00%,0.00%,0.00%,0.00%,0.00%,0.00%,0.00%,0.00%,0.00%,0.00%,0.00%,0.00%,0.00%,0.00%,0.00%,0.00%,0.00%,0.00%,0.00%,0.00%,0.00%,0.00%
2023-08-01,23.00%,0.00%,0.00%,5.00%,5.00%,2.50%,5.00%,5.00%,0.00%,0.00%,0.00%,5.00%,0.00%,0.00%,2.50%,5.00%,5.00%,2.00%,0.00%,7.50%,2.50%,2.50%,2.50%,2.50%,7.50%,10.00%,0.00%,0.00%,0.00%,0.00%,0.00%,0.00%,0.00%,0.00%,0.00%,0.00%,0.00%,0.00%,0.00%,0.00%,0.00%,0.00%,0.00%,0.00%,0.00%,0.00%,0.00%,0.00%,0.00%,0.00%,0.00%
2023-08-02,23.00%,0.00%,0.00%,5.00%,5.00%,2.50%,5.00%,5.00%,0.00%,0.00%,0.00%,5.00%,0.00%,0.00%,2.50%,5.00%,5.00%,2.00%,0.00%,7.50%,2.50%,2.50%,2.50%,2.50%,7.50%,10.00%,0.00%,0.00%,0.00%,0.00%,0.00%,0.00%,0.00%,0.00%,0.00%,0.00%,0.00%,0.00%,0.00%,0.00%,0.00%,0.00%,0.00%,0.00%,0.00%,0.00%,0.00%,0.00%,0.00%,0.00%,0.00%
2023-08-03,23.00%,0.00%,0.00%,5.00%,5.00%,2.50%,5.00%,5.00%,0.00%,0.00%,0.00%,5.00%,0.00%,0.00%,2.50%,5.00%,5.00%,2.00%,0.00%,7.50%,2.50%,2.50%,2.50%,2.50%,7.50%,10.00%,0.00%,0.00%,0.00%,0.00%,0.00%,0.00%,0.00%,0.00%,0.00%,0.00%,0.00%,0.00%,0.00%,0.00%,0.00%,0.00%,0.00%,0.00%,0.00%,0.00%,0.00%,0.00%,0.00%,0.00%,0.00%
2023-08-04,23.00%,0.00%,0.00%,5.00%,5.00%,2.50%,5.00%,5.00%,0.00%,0.00%,0.00%,5.00%,0.00%,0.00%,2.50%,5.00%,5.00%,2.00%,0.00%,7.50%,2.50%,2.50%,2.50%,2.50%,7.50%,10.00%,0.00%,0.00%,0.00%,0.00%,0.00%,0.00%,0.00%,0.00%,0.00%,0.00%,0.00%,0.00%,0.00%,0.00%,0.00%,0.00%,0.00%,0.00%,0.00%,0.00%,0.00%,0.00%,0.00%,0.00%,0.00%
2023-08-05,23.00%,0.00%,0.00%,5.00%,5.00%,2.50%,5.00%,5.00%,0.00%,0.00%,0.00%,5.00%,0.00%,0.00%,2.50%,5.00%,5.00%,2.00%,0.00%,7.50%,2.50%,2.50%,2.50%,2.50%,7.50%,10.00%,0.00%,0.00%,0.00%,0.00%,0.00%,0.00%,0.00%,0.00%,0.00%,0.00%,0.00%,0.00%,0.00%,0.00%,0.00%,0.00%,0.00%,0.00%,0.00%,0.00%,0.00%,0.00%,0.00%,0.00%,0.00%
2023-08-06,23.00%,0.00%,0.00%,5.00%,5.00%,2.50%,5.00%,5.00%,0.00%,0.00%,0.00%,5.00%,0.00%,0.00%,2.50%,5.00%,5.00%,2.00%,0.00%,7.50%,2.50%,2.50%,2.50%,2.50%,7.50%,10.00%,0.00%,0.00%,0.00%,0.00%,0.00%,0.00%,0.00%,0.00%,0.00%,0.00%,0.00%,0.00%,0.00%,0.00%,0.00%,0.00%,0.00%,0.00%,0.00%,0.00%,0.00%,0.00%,0.00%,0.00%,0.00%
2023-08-07,23.00%,0.00%,0.00%,5.00%,5.00%,2.50%,5.00%,5.00%,0.00%,0.00%,0.00%,5.00%,0.00%,0.00%,2.50%,5.00%,5.00%,2.00%,0.00%,7.50%,2.50%,2.50%,2.50%,2.50%,7.50%,10.00%,0.00%,0.00%,0.00%,0.00%,0.00%,0.00%,0.00%,0.00%,0.00%,0.00%,0.00%,0.00%,0.00%,0.00%,0.00%,0.00%,0.00%,0.00%,0.00%,0.00%,0.00%,0.00%,0.00%,0.00%,0.00%
2023-08-08,23.00%,0.00%,0.00%,5.00%,5.00%,2.50%,5.00%,5.00%,0.00%,0.00%,0.00%,5.00%,0.00%,0.00%,2.50%,5.00%,5.00%,2.00%,0.00%,7.50%,2.50%,2.50%,2.50%,2.50%,7.50%,10.00%,0.00%,0.00%,0.00%,0.00%,0.00%,0.00%,0.00%,0.00%,0.00%,0.00%,0.00%,0.00%,0.00%,0.00%,0.00%,0.00%,0.00%,0.00%,0.00%,0.00%,0.00%,0.00%,0.00%,0.00%,0.00%
2023-08-09,23.00%,0.00%,0.00%,5.00%,5.00%,2.50%,5.00%,5.00%,0.00%,0.00%,0.00%,5.00%,0.00%,0.00%,2.50%,5.00%,5.00%,2.00%,0.00%,7.50%,2.50%,2.50%,2.50%,2.50%,7.50%,10.00%,0.00%,0.00%,0.00%,0.00%,0.00%,0.00%,0.00%,0.00%,0.00%,0.00%,0.00%,0.00%,0.00%,0.00%,0.00%,0.00%,0.00%,0.00%,0.00%,0.00%,0.00%,0.00%,0.00%,0.00%,0.00%
2023-08-10,23.00%,0.00%,0.00%,5.00%,5.00%,2.50%,5.00%,5.00%,0.00%,0.00%,0.00%,5.00%,0.00%,0.00%,2.50%,5.00%,5.00%,2.00%,0.00%,7.50%,2.50%,2.50%,2.50%,2.50%,7.50%,10.00%,0.00%,0.00%,0.00%,0.00%,0.00%,0.00%,0.00%,0.00%,0.00%,0.00%,0.00%,0.00%,0.00%,0.00%,0.00%,0.00%,0.00%,0.00%,0.00%,0.00%,0.00%,0.00%,0.00%,0.00%,0.00%
2023-08-11,23.00%,0.00%,0.00%,5.00%,5.00%,2.50%,5.00%,5.00%,0.00%,0.00%,0.00%,5.00%,0.00%,0.00%,2.50%,5.00%,5.00%,2.00%,0.00%,7.50%,2.50%,2.50%,2.50%,2.50%,7.50%,10.00%,0.00%,0.00%,0.00%,0.00%,0.00%,0.00%,0.00%,0.00%,0.00%,0.00%,0.00%,0.00%,0.00%,0.00%,0.00%,0.00%,0.00%,0.00%,0.00%,0.00%,0.00%,0.00%,0.00%,0.00%,0.00%
2023-08-12,23.00%,0.00%,0.00%,5.00%,5.00%,2.50%,5.00%,5.00%,0.00%,0.00%,0.00%,5.00%,0.00%,0.00%,2.50%,5.00%,5.00%,2.00%,0.00%,7.50%,2.50%,2.50%,2.50%,2.50%,7.50%,10.00%,0.00%,0.00%,0.00%,0.00%,0.00%,0.00%,0.00%,0.00%,0.00%,0.00%,0.00%,0.00%,0.00%,0.00%,0.00%,0.00%,0.00%,0.00%,0.00%,0.00%,0.00%,0.00%,0.00%,0.00%,0.00%
2023-08-13,23.00%,0.00%,0.00%,5.00%,5.00%,2.50%,5.00%,5.00%,0.00%,0.00%,0.00%,5.00%,0.00%,0.00%,2.50%,5.00%,5.00%,2.00%,0.00%,7.50%,2.50%,2.50%,2.50%,2.50%,7.50%,10.00%,0.00%,0.00%,0.00%,0.00%,0.00%,0.00%,0.00%,0.00%,0.00%,0.00%,0.00%,0.00%,0.00%,0.00%,0.00%,0.00%,0.00%,0.00%,0.00%,0.00%,0.00%,0.00%,0.00%,0.00%,0.00%
2023-08-14,23.00%,0.00%,0.00%,5.00%,5.00%,2.50%,5.00%,5.00%,0.00%,0.00%,0.00%,5.00%,0.00%,0.00%,2.50%,5.00%,5.00%,2.00%,0.00%,7.50%,2.50%,2.50%,2.50%,2.50%,7.50%,10.00%,0.00%,0.00%,0.00%,0.00%,0.00%,0.00%,0.00%,0.00%,0.00%,0.00%,0.00%,0.00%,0.00%,0.00%,0.00%,0.00%,0.00%,0.00%,0.00%,0.00%,0.00%,0.00%,0.00%,0.00%,0.00%
2023-08-15,23.00%,0.00%,0.00%,5.00%,5.00%,2.50%,5.00%,5.00%,0.00%,0.00%,0.00%,5.00%,0.00%,0.00%,2.50%,5.00%,5.00%,2.00%,0.00%,7.50%,2.50%,2.50%,2.50%,2.50%,7.50%,10.00%,0.00%,0.00%,0.00%,0.00%,0.00%,0.00%,0.00%,0.00%,0.00%,0.00%,0.00%,0.00%,0.00%,0.00%,0.00%,0.00%,0.00%,0.00%,0.00%,0.00%,0.00%,0.00%,0.00%,0.00%,0.00%
2023-08-16,23.00%,0.00%,0.00%,5.00%,5.00%,2.50%,5.00%,5.00%,0.00%,0.00%,0.00%,5.00%,0.00%,0.00%,2.50%,5.00%,5.00%,2.00%,0.00%,7.50%,2.50%,2.50%,2.50%,2.50%,7.50%,10.00%,0.00%,0.00%,0.00%,0.00%,0.00%,0.00%,0.00%,0.00%,0.00%,0.00%,0.00%,0.00%,0.00%,0.00%,0.00%,0.00%,0.00%,0.00%,0.00%,0.00%,0.00%,0.00%,0.00%,0.00%,0.00%
2023-08-17,23.00%,0.00%,0.00%,5.00%,5.00%,2.50%,5.00%,5.00%,0.00%,0.00%,0.00%,5.00%,0.00%,0.00%,2.50%,5.00%,5.00%,2.00%,0.00%,7.50%,2.50%,2.50%,2.50%,2.50%,7.50%,10.00%,0.00%,0.00%,0.00%,0.00%,0.00%,0.00%,0.00%,0.00%,0.00%,0.00%,0.00%,0.00%,0.00%,0.00%,0.00%,0.00%,0.00%,0.00%,0.00%,0.00%,0.00%,0.00%,0.00%,0.00%,0.00%
2023-08-18,23.00%,0.00%,0.00%,5.00%,5.00%,2.50%,5.00%,5.00%,0.00%,0.00%,0.00%,5.00%,0.00%,0.00%,2.50%,5.00%,5.00%,2.00%,0.00%,7.50%,2.50%,2.50%,2.50%,2.50%,7.50%,10.00%,0.00%,0.00%,0.00%,0.00%,0.00%,0.00%,0.00%,0.00%,0.00%,0.00%,0.00%,0.00%,0.00%,0.00%,0.00%,0.00%,0.00%,0.00%,0.00%,0.00%,0.00%,0.00%,0.00%,0.00%,0.00%
2023-08-19,23.00%,0.00%,0.00%,5.00%,5.00%,2.50%,5.00%,5.00%,0.00%,0.00%,0.00%,5.00%,0.00%,0.00%,2.50%,5.00%,5.00%,2.00%,0.00%,7.50%,2.50%,2.50%,2.50%,2.50%,7.50%,10.00%,0.00%,0.00%,0.00%,0.00%,0.00%,0.00%,0.00%,0.00%,0.00%,0.00%,0.00%,0.00%,0.00%,0.00%,0.00%,0.00%,0.00%,0.00%,0.00%,0.00%,0.00%,0.00%,0.00%,0.00%,0.00%
2023-08-20,23.00%,0.00%,0.00%,5.00%,5.00%,2.50%,5.00%,5.00%,0.00%,0.00%,0.00%,5.00%,0.00%,0.00%,2.50%,5.00%,5.00%,2.00%,0.00%,7.50%,2.50%,2.50%,2.50%,2.50%,7.50%,10.00%,0.00%,0.00%,0.00%,0.00%,0.00%,0.00%,0.00%,0.00%,0.00%,0.00%,0.00%,0.00%,0.00%,0.00%,0.00%,0.00%,0.00%,0.00%,0.00%,0.00%,0.00%,0.00%,0.00%,0.00%,0.00%
2023-08-21,23.00%,0.00%,0.00%,5.00%,5.00%,2.50%,5.00%,5.00%,0.00%,0.00%,0.00%,5.00%,0.00%,0.00%,2.50%,5.00%,5.00%,2.00%,0.00%,7.50%,2.50%,2.50%,2.50%,2.50%,7.50%,10.00%,0.00%,0.00%,0.00%,0.00%,0.00%,0.00%,0.00%,0.00%,0.00%,0.00%,0.00%,0.00%,0.00%,0.00%,0.00%,0.00%,0.00%,0.00%,0.00%,0.00%,0.00%,0.00%,0.00%,0.00%,0.00%
2023-08-22,23.00%,0.00%,0.00%,5.00%,5.00%,2.50%,5.00%,5.00%,0.00%,0.00%,0.00%,5.00%,0.00%,0.00%,2.50%,5.00%,5.00%,2.00%,0.00%,7.50%,2.50%,2.50%,2.50%,2.50%,7.50%,10.00%,0.00%,0.00%,0.00%,0.00%,0.00%,0.00%,0.00%,0.00%,0.00%,0.00%,0.00%,0.00%,0.00%,0.00%,0.00%,0.00%,0.00%,0.00%,0.00%,0.00%,0.00%,0.00%,0.00%,0.00%,0.00%
2023-08-23,23.00%,0.00%,0.00%,5.00%,5.00%,2.50%,5.00%,5.00%,0.00%,0.00%,0.00%,5.00%,0.00%,0.00%,2.50%,5.00%,5.00%,2.00%,0.00%,7.50%,2.50%,2.50%,2.50%,2.50%,7.50%,10.00%,0.00%,0.00%,0.00%,0.00%,0.00%,0.00%,0.00%,0.00%,0.00%,0.00%,0.00%,0.00%,0.00%,0.00%,0.00%,0.00%,0.00%,0.00%,0.00%,0.00%,0.00%,0.00%,0.00%,0.00%,0.00%
2023-08-24,28.00%,0.00%,0.00%,5.00%,5.00%,2.50%,5.00%,0.00%,0.00%,0.00%,0.00%,5.00%,0.00%,0.00%,2.50%,5.00%,5.00%,2.00%,0.00%,7.50%,2.50%,2.50%,2.50%,2.50%,7.50%,10.00%,0.00%,0.00%,0.00%,0.00%,0.00%,0.00%,0.00%,0.00%,0.00%,0.00%,0.00%,0.00%,0.00%,0.00%,0.00%,0.00%,0.00%,0.00%,0.00%,0.00%,0.00%,0.00%,0.00%,0.00%,0.00%
2023-08-25,28.00%,0.00%,0.00%,5.00%,5.00%,2.50%,5.00%,0.00%,0.00%,0.00%,0.00%,5.00%,0.00%,0.00%,2.50%,5.00%,5.00%,2.00%,0.00%,7.50%,2.50%,2.50%,2.50%,2.50%,7.50%,10.00%,0.00%,0.00%,0.00%,0.00%,0.00%,0.00%,0.00%,0.00%,0.00%,0.00%,0.00%,0.00%,0.00%,0.00%,0.00%,0.00%,0.00%,0.00%,0.00%,0.00%,0.00%,0.00%,0.00%,0.00%,0.00%
2023-08-26,28.00%,0.00%,0.00%,5.00%,5.00%,2.50%,5.00%,0.00%,0.00%,0.00%,0.00%,5.00%,0.00%,0.00%,2.50%,5.00%,5.00%,2.00%,0.00%,7.50%,2.50%,2.50%,2.50%,2.50%,7.50%,10.00%,0.00%,0.00%,0.00%,0.00%,0.00%,0.00%,0.00%,0.00%,0.00%,0.00%,0.00%,0.00%,0.00%,0.00%,0.00%,0.00%,0.00%,0.00%,0.00%,0.00%,0.00%,0.00%,0.00%,0.00%,0.00%
2023-08-27,28.00%,0.00%,0.00%,5.00%,5.00%,2.50%,5.00%,0.00%,0.00%,0.00%,0.00%,5.00%,0.00%,0.00%,2.50%,5.00%,5.00%,2.00%,0.00%,7.50%,2.50%,2.50%,2.50%,2.50%,7.50%,10.00%,0.00%,0.00%,0.00%,0.00%,0.00%,0.00%,0.00%,0.00%,0.00%,0.00%,0.00%,0.00%,0.00%,0.00%,0.00%,0.00%,0.00%,0.00%,0.00%,0.00%,0.00%,0.00%,0.00%,0.00%,0.00%
2023-08-28,28.00%,0.00%,0.00%,5.00%,5.00%,2.50%,5.00%,0.00%,0.00%,0.00%,0.00%,5.00%,0.00%,0.00%,2.50%,5.00%,5.00%,2.00%,0.00%,7.50%,2.50%,2.50%,2.50%,2.50%,7.50%,10.00%,0.00%,0.00%,0.00%,0.00%,0.00%,0.00%,0.00%,0.00%,0.00%,0.00%,0.00%,0.00%,0.00%,0.00%,0.00%,0.00%,0.00%,0.00%,0.00%,0.00%,0.00%,0.00%,0.00%,0.00%,0.00%
2023-08-29,28.00%,0.00%,0.00%,5.00%,5.00%,2.50%,5.00%,0.00%,0.00%,0.00%,0.00%,5.00%,0.00%,0.00%,2.50%,5.00%,5.00%,2.00%,0.00%,7.50%,2.50%,2.50%,2.50%,2.50%,7.50%,10.00%,0.00%,0.00%,0.00%,0.00%,0.00%,0.00%,0.00%,0.00%,0.00%,0.00%,0.00%,0.00%,0.00%,0.00%,0.00%,0.00%,0.00%,0.00%,0.00%,0.00%,0.00%,0.00%,0.00%,0.00%,0.00%
2023-08-30,28.00%,0.00%,0.00%,5.00%,5.00%,2.50%,5.00%,0.00%,0.00%,0.00%,0.00%,5.00%,0.00%,0.00%,2.50%,5.00%,5.00%,2.00%,0.00%,7.50%,2.50%,2.50%,2.50%,2.50%,7.50%,10.00%,0.00%,0.00%,0.00%,0.00%,0.00%,0.00%,0.00%,0.00%,0.00%,0.00%,0.00%,0.00%,0.00%,0.00%,0.00%,0.00%,0.00%,0.00%,0.00%,0.00%,0.00%,0.00%,0.00%,0.00%,0.00%
2023-08-31,28.00%,0.00%,0.00%,5.00%,5.00%,2.50%,5.00%,0.00%,0.00%,0.00%,0.00%,5.00%,0.00%,0.00%,2.50%,5.00%,5.00%,2.00%,0.00%,7.50%,2.50%,2.50%,2.50%,2.50%,7.50%,10.00%,0.00%,0.00%,0.00%,0.00%,0.00%,0.00%,0.00%,0.00%,0.00%,0.00%,0.00%,0.00%,0.00%,0.00%,0.00%,0.00%,0.00%,0.00%,0.00%,0.00%,0.00%,0.00%,0.00%,0.00%,0.00%
2023-09-01,28.00%,0.00%,0.00%,5.00%,5.00%,2.50%,5.00%,0.00%,0.00%,0.00%,0.00%,5.00%,0.00%,0.00%,2.50%,5.00%,5.00%,2.00%,0.00%,7.50%,2.50%,2.50%,2.50%,2.50%,7.50%,10.00%,0.00%,0.00%,0.00%,0.00%,0.00%,0.00%,0.00%,0.00%,0.00%,0.00%,0.00%,0.00%,0.00%,0.00%,0.00%,0.00%,0.00%,0.00%,0.00%,0.00%,0.00%,0.00%,0.00%,0.00%,0.00%
2023-09-02,28.00%,2.50%,0.00%,5.00%,5.00%,2.50%,5.00%,0.00%,0.00%,0.00%,0.00%,5.00%,0.00%,0.00%,2.50%,5.00%,5.00%,2.00%,0.00%,7.50%,2.50%,0.00%,2.50%,2.50%,7.50%,10.00%,0.00%,0.00%,0.00%,0.00%,0.00%,0.00%,0.00%,0.00%,0.00%,0.00%,0.00%,0.00%,0.00%,0.00%,0.00%,0.00%,0.00%,0.00%,0.00%,0.00%,0.00%,0.00%,0.00%,0.00%,0.00%
2023-09-03,28.00%,2.50%,0.00%,5.00%,5.00%,2.50%,5.00%,0.00%,0.00%,0.00%,0.00%,5.00%,0.00%,0.00%,2.50%,5.00%,5.00%,2.00%,0.00%,7.50%,2.50%,0.00%,2.50%,2.50%,7.50%,10.00%,0.00%,0.00%,0.00%,0.00%,0.00%,0.00%,0.00%,0.00%,0.00%,0.00%,0.00%,0.00%,0.00%,0.00%,0.00%,0.00%,0.00%,0.00%,0.00%,0.00%,0.00%,0.00%,0.00%,0.00%,0.00%
2023-09-04,28.00%,2.50%,0.00%,5.00%,5.00%,2.50%,5.00%,0.00%,0.00%,0.00%,0.00%,5.00%,0.00%,0.00%,2.50%,5.00%,5.00%,2.00%,0.00%,7.50%,2.50%,0.00%,2.50%,2.50%,7.50%,10.00%,0.00%,0.00%,0.00%,0.00%,0.00%,0.00%,0.00%,0.00%,0.00%,0.00%,0.00%,0.00%,0.00%,0.00%,0.00%,0.00%,0.00%,0.00%,0.00%,0.00%,0.00%,0.00%,0.00%,0.00%,0.00%
2023-09-05,30.00%,0.00%,0.00%,5.00%,5.00%,2.50%,5.00%,0.00%,0.00%,0.00%,0.00%,5.00%,0.00%,0.00%,2.50%,5.00%,5.00%,0.00%,0.00%,7.50%,5.00%,0.00%,2.50%,2.50%,7.50%,10.00%,0.00%,0.00%,0.00%,0.00%,0.00%,0.00%,0.00%,0.00%,0.00%,0.00%,0.00%,0.00%,0.00%,0.00%,0.00%,0.00%,0.00%,0.00%,0.00%,0.00%,0.00%,0.00%,0.00%,0.00%,0.00%
2023-09-06,30.00%,0.00%,0.00%,5.00%,5.00%,2.50%,5.00%,0.00%,0.00%,0.00%,0.00%,5.00%,0.00%,0.00%,2.50%,5.00%,5.00%,0.00%,0.00%,7.50%,5.00%,0.00%,2.50%,2.50%,7.50%,10.00%,0.00%,0.00%,0.00%,0.00%,0.00%,0.00%,0.00%,0.00%,0.00%,0.00%,0.00%,0.00%,0.00%,0.00%,0.00%,0.00%,0.00%,0.00%,0.00%,0.00%,0.00%,0.00%,0.00%,0.00%,0.00%
2023-09-07,30.00%,0.00%,0.00%,5.00%,5.00%,2.50%,5.00%,0.00%,0.00%,0.00%,0.00%,5.00%,0.00%,0.00%,2.50%,5.00%,5.00%,0.00%,0.00%,7.50%,5.00%,0.00%,2.50%,2.50%,7.50%,10.00%,0.00%,0.00%,0.00%,0.00%,0.00%,0.00%,0.00%,0.00%,0.00%,0.00%,0.00%,0.00%,0.00%,0.00%,0.00%,0.00%,0.00%,0.00%,0.00%,0.00%,0.00%,0.00%,0.00%,0.00%,0.00%
2023-09-08,30.00%,0.00%,0.00%,5.00%,5.00%,2.50%,5.00%,0.00%,0.00%,0.00%,0.00%,5.00%,0.00%,0.00%,2.50%,5.00%,5.00%,0.00%,0.00%,7.50%,5.00%,0.00%,2.50%,2.50%,7.50%,10.00%,0.00%,0.00%,0.00%,0.00%,0.00%,0.00%,0.00%,0.00%,0.00%,0.00%,0.00%,0.00%,0.00%,0.00%,0.00%,0.00%,0.00%,0.00%,0.00%,0.00%,0.00%,0.00%,0.00%,0.00%,0.00%
2023-09-09,30.00%,0.00%,0.00%,5.00%,5.00%,2.50%,5.00%,0.00%,0.00%,0.00%,0.00%,5.00%,0.00%,0.00%,2.50%,5.00%,5.00%,0.00%,0.00%,7.50%,5.00%,0.00%,2.50%,2.50%,7.50%,10.00%,0.00%,0.00%,0.00%,0.00%,0.00%,0.00%,0.00%,0.00%,0.00%,0.00%,0.00%,0.00%,0.00%,0.00%,0.00%,0.00%,0.00%,0.00%,0.00%,0.00%,0.00%,0.00%,0.00%,0.00%,0.00%
2023-09-10,30.00%,0.00%,0.00%,5.00%,5.00%,2.50%,5.00%,0.00%,0.00%,0.00%,0.00%,5.00%,0.00%,0.00%,2.50%,5.00%,5.00%,0.00%,0.00%,7.50%,5.00%,0.00%,2.50%,2.50%,7.50%,10.00%,0.00%,0.00%,0.00%,0.00%,0.00%,0.00%,0.00%,0.00%,0.00%,0.00%,0.00%,0.00%,0.00%,0.00%,0.00%,0.00%,0.00%,0.00%,0.00%,0.00%,0.00%,0.00%,0.00%,0.00%,0.00%
2023-09-11,30.00%,0.00%,0.00%,5.00%,5.00%,2.50%,5.00%,0.00%,0.00%,0.00%,0.00%,5.00%,0.00%,0.00%,2.50%,5.00%,5.00%,0.00%,0.00%,7.50%,5.00%,0.00%,2.50%,2.50%,7.50%,10.00%,0.00%,0.00%,0.00%,0.00%,0.00%,0.00%,0.00%,0.00%,0.00%,0.00%,0.00%,0.00%,0.00%,0.00%,0.00%,0.00%,0.00%,0.00%,0.00%,0.00%,0.00%,0.00%,0.00%,0.00%,0.00%
2023-09-12,30.00%,0.00%,0.00%,5.00%,5.00%,2.50%,5.00%,0.00%,0.00%,0.00%,0.00%,5.00%,0.00%,0.00%,2.50%,5.00%,5.00%,0.00%,0.00%,7.50%,5.00%,0.00%,2.50%,2.50%,7.50%,10.00%,0.00%,0.00%,0.00%,0.00%,0.00%,0.00%,0.00%,0.00%,0.00%,0.00%,0.00%,0.00%,0.00%,0.00%,0.00%,0.00%,0.00%,0.00%,0.00%,0.00%,0.00%,0.00%,0.00%,0.00%,0.00%
2023-09-13,30.00%,0.00%,0.00%,5.00%,5.00%,2.50%,5.00%,0.00%,0.00%,0.00%,0.00%,5.00%,0.00%,0.00%,2.50%,5.00%,5.00%,0.00%,0.00%,7.50%,5.00%,0.00%,2.50%,2.50%,7.50%,10.00%,0.00%,0.00%,0.00%,0.00%,0.00%,0.00%,0.00%,0.00%,0.00%,0.00%,0.00%,0.00%,0.00%,0.00%,0.00%,0.00%,0.00%,0.00%,0.00%,0.00%,0.00%,0.00%,0.00%,0.00%,0.00%
2023-09-14,30.00%,0.00%,0.00%,5.00%,5.00%,2.50%,5.00%,0.00%,0.00%,0.00%,0.00%,5.00%,0.00%,0.00%,2.50%,5.00%,5.00%,0.00%,0.00%,7.50%,5.00%,0.00%,2.50%,2.50%,7.50%,10.00%,0.00%,0.00%,0.00%,0.00%,0.00%,0.00%,0.00%,0.00%,0.00%,0.00%,0.00%,0.00%,0.00%,0.00%,0.00%,0.00%,0.00%,0.00%,0.00%,0.00%,0.00%,0.00%,0.00%,0.00%,0.00%
2023-09-15,30.00%,0.00%,0.00%,5.00%,5.00%,2.50%,5.00%,0.00%,0.00%,0.00%,0.00%,5.00%,0.00%,0.00%,2.50%,5.00%,5.00%,0.00%,0.00%,7.50%,5.00%,0.00%,2.50%,2.50%,7.50%,10.00%,0.00%,0.00%,0.00%,0.00%,0.00%,0.00%,0.00%,0.00%,0.00%,0.00%,0.00%,0.00%,0.00%,0.00%,0.00%,0.00%,0.00%,0.00%,0.00%,0.00%,0.00%,0.00%,0.00%,0.00%,0.00%
2023-09-16,25.00%,0.00%,5.00%,5.00%,5.00%,2.50%,5.00%,0.00%,0.00%,0.00%,0.00%,5.00%,0.00%,0.00%,2.50%,5.00%,5.00%,0.00%,0.00%,7.50%,5.00%,0.00%,2.50%,2.50%,7.50%,10.00%,0.00%,0.00%,0.00%,0.00%,0.00%,0.00%,0.00%,0.00%,0.00%,0.00%,0.00%,0.00%,0.00%,0.00%,0.00%,0.00%,0.00%,0.00%,0.00%,0.00%,0.00%,0.00%,0.00%,0.00%,0.00%
2023-09-17,25.00%,0.00%,5.00%,5.00%,5.00%,2.50%,5.00%,0.00%,0.00%,0.00%,0.00%,5.00%,0.00%,0.00%,2.50%,5.00%,5.00%,0.00%,0.00%,7.50%,5.00%,0.00%,2.50%,2.50%,7.50%,10.00%,0.00%,0.00%,0.00%,0.00%,0.00%,0.00%,0.00%,0.00%,0.00%,0.00%,0.00%,0.00%,0.00%,0.00%,0.00%,0.00%,0.00%,0.00%,0.00%,0.00%,0.00%,0.00%,0.00%,0.00%,0.00%
2023-09-18,25.00%,0.00%,5.00%,5.00%,5.00%,2.50%,5.00%,0.00%,0.00%,0.00%,0.00%,5.00%,0.00%,0.00%,2.50%,5.00%,5.00%,0.00%,0.00%,7.50%,5.00%,0.00%,2.50%,2.50%,7.50%,10.00%,0.00%,0.00%,0.00%,0.00%,0.00%,0.00%,0.00%,0.00%,0.00%,0.00%,0.00%,0.00%,0.00%,0.00%,0.00%,0.00%,0.00%,0.00%,0.00%,0.00%,0.00%,0.00%,0.00%,0.00%,0.00%
2023-09-19,25.00%,0.00%,5.00%,5.00%,5.00%,2.50%,5.00%,0.00%,0.00%,0.00%,0.00%,5.00%,0.00%,0.00%,2.50%,5.00%,5.00%,0.00%,0.00%,7.50%,5.00%,0.00%,2.50%,2.50%,7.50%,10.00%,0.00%,0.00%,0.00%,0.00%,0.00%,0.00%,0.00%,0.00%,0.00%,0.00%,0.00%,0.00%,0.00%,0.00%,0.00%,0.00%,0.00%,0.00%,0.00%,0.00%,0.00%,0.00%,0.00%,0.00%,0.00%
2023-09-20,25.00%,0.00%,5.00%,5.00%,5.00%,2.50%,5.00%,0.00%,0.00%,0.00%,0.00%,5.00%,0.00%,0.00%,2.50%,5.00%,5.00%,0.00%,0.00%,7.50%,5.00%,0.00%,2.50%,2.50%,7.50%,10.00%,0.00%,0.00%,0.00%,0.00%,0.00%,0.00%,0.00%,0.00%,0.00%,0.00%,0.00%,0.00%,0.00%,0.00%,0.00%,0.00%,0.00%,0.00%,0.00%,0.00%,0.00%,0.00%,0.00%,0.00%,0.00%
2023-09-21,25.00%,0.00%,5.00%,5.00%,5.00%,2.50%,5.00%,0.00%,0.00%,0.00%,0.00%,5.00%,0.00%,0.00%,2.50%,5.00%,5.00%,0.00%,0.00%,7.50%,5.00%,0.00%,2.50%,2.50%,7.50%,10.00%,0.00%,0.00%,0.00%,0.00%,0.00%,0.00%,0.00%,0.00%,0.00%,0.00%,0.00%,0.00%,0.00%,0.00%,0.00%,0.00%,0.00%,0.00%,0.00%,0.00%,0.00%,0.00%,0.00%,0.00%,0.00%
2023-09-22,25.00%,0.00%,5.00%,5.00%,5.00%,2.50%,5.00%,0.00%,0.00%,0.00%,0.00%,5.00%,0.00%,0.00%,2.50%,5.00%,5.00%,0.00%,0.00%,7.50%,5.00%,0.00%,2.50%,2.50%,7.50%,10.00%,0.00%,0.00%,0.00%,0.00%,0.00%,0.00%,0.00%,0.00%,0.00%,0.00%,0.00%,0.00%,0.00%,0.00%,0.00%,0.00%,0.00%,0.00%,0.00%,0.00%,0.00%,0.00%,0.00%,0.00%,0.00%
2023-09-23,25.00%,0.00%,5.00%,5.00%,5.00%,2.50%,5.00%,0.00%,0.00%,0.00%,0.00%,5.00%,0.00%,0.00%,2.50%,5.00%,5.00%,0.00%,0.00%,7.50%,5.00%,0.00%,2.50%,2.50%,7.50%,10.00%,0.00%,0.00%,0.00%,0.00%,0.00%,0.00%,0.00%,0.00%,0.00%,0.00%,0.00%,0.00%,0.00%,0.00%,0.00%,0.00%,0.00%,0.00%,0.00%,0.00%,0.00%,0.00%,0.00%,0.00%,0.00%
2023-09-24,25.00%,0.00%,5.00%,5.00%,5.00%,2.50%,5.00%,0.00%,0.00%,0.00%,0.00%,5.00%,0.00%,0.00%,2.50%,5.00%,5.00%,0.00%,0.00%,7.50%,5.00%,0.00%,2.50%,2.50%,7.50%,10.00%,0.00%,0.00%,0.00%,0.00%,0.00%,0.00%,0.00%,0.00%,0.00%,0.00%,0.00%,0.00%,0.00%,0.00%,0.00%,0.00%,0.00%,0.00%,0.00%,0.00%,0.00%,0.00%,0.00%,0.00%,0.00%
2023-09-25,25.00%,0.00%,5.00%,5.00%,5.00%,2.50%,5.00%,0.00%,0.00%,0.00%,0.00%,5.00%,0.00%,0.00%,2.50%,5.00%,5.00%,0.00%,0.00%,7.50%,5.00%,0.00%,2.50%,2.50%,7.50%,10.00%,0.00%,0.00%,0.00%,0.00%,0.00%,0.00%,0.00%,0.00%,0.00%,0.00%,0.00%,0.00%,0.00%,0.00%,0.00%,0.00%,0.00%,0.00%,0.00%,0.00%,0.00%,0.00%,0.00%,0.00%,0.00%
2023-09-26,25.00%,0.00%,5.00%,5.00%,5.00%,2.50%,5.00%,0.00%,0.00%,0.00%,0.00%,5.00%,0.00%,0.00%,2.50%,5.00%,5.00%,0.00%,0.00%,7.50%,5.00%,0.00%,2.50%,2.50%,7.50%,10.00%,0.00%,0.00%,0.00%,0.00%,0.00%,0.00%,0.00%,0.00%,0.00%,0.00%,0.00%,0.00%,0.00%,0.00%,0.00%,0.00%,0.00%,0.00%,0.00%,0.00%,0.00%,0.00%,0.00%,0.00%,0.00%
2023-09-27,25.00%,0.00%,5.00%,5.00%,5.00%,2.50%,5.00%,0.00%,0.00%,0.00%,0.00%,5.00%,0.00%,0.00%,2.50%,5.00%,5.00%,0.00%,0.00%,7.50%,5.00%,0.00%,2.50%,2.50%,7.50%,10.00%,0.00%,0.00%,0.00%,0.00%,0.00%,0.00%,0.00%,0.00%,0.00%,0.00%,0.00%,0.00%,0.00%,0.00%,0.00%,0.00%,0.00%,0.00%,0.00%,0.00%,0.00%,0.00%,0.00%,0.00%,0.00%
2023-09-28,25.00%,0.00%,5.00%,5.00%,5.00%,2.50%,5.00%,0.00%,0.00%,0.00%,0.00%,5.00%,0.00%,0.00%,2.50%,5.00%,5.00%,0.00%,0.00%,7.50%,5.00%,0.00%,2.50%,2.50%,7.50%,10.00%,0.00%,0.00%,0.00%,0.00%,0.00%,0.00%,0.00%,0.00%,0.00%,0.00%,0.00%,0.00%,0.00%,0.00%,0.00%,0.00%,0.00%,0.00%,0.00%,0.00%,0.00%,0.00%,0.00%,0.00%,0.00%
2023-09-29,25.00%,0.00%,5.00%,5.00%,5.00%,2.50%,5.00%,0.00%,0.00%,0.00%,0.00%,5.00%,0.00%,0.00%,2.50%,5.00%,5.00%,0.00%,0.00%,7.50%,5.00%,0.00%,2.50%,2.50%,7.50%,10.00%,0.00%,0.00%,0.00%,0.00%,0.00%,0.00%,0.00%,0.00%,0.00%,0.00%,0.00%,0.00%,0.00%,0.00%,0.00%,0.00%,0.00%,0.00%,0.00%,0.00%,0.00%,0.00%,0.00%,0.00%,0.00%
2023-09-30,25.00%,0.00%,5.00%,5.00%,5.00%,2.50%,5.00%,0.00%,0.00%,0.00%,0.00%,5.00%,0.00%,0.00%,2.50%,5.00%,5.00%,0.00%,0.00%,7.50%,5.00%,0.00%,2.50%,2.50%,7.50%,10.00%,0.00%,0.00%,0.00%,0.00%,0.00%,0.00%,0.00%,0.00%,0.00%,0.00%,0.00%,0.00%,0.00%,0.00%,0.00%,0.00%,0.00%,0.00%,0.00%,0.00%,0.00%,0.00%,0.00%,0.00%,0.00%
2023-10-01,25.00%,0.00%,5.00%,5.00%,5.00%,2.50%,5.00%,0.00%,0.00%,0.00%,0.00%,5.00%,0.00%,0.00%,2.50%,5.00%,5.00%,0.00%,0.00%,7.50%,5.00%,0.00%,2.50%,2.50%,7.50%,10.00%,0.00%,0.00%,0.00%,0.00%,0.00%,0.00%,0.00%,0.00%,0.00%,0.00%,0.00%,0.00%,0.00%,0.00%,0.00%,0.00%,0.00%,0.00%,0.00%,0.00%,0.00%,0.00%,0.00%,0.00%,0.00%
2023-10-02,25.00%,0.00%,5.00%,5.00%,5.00%,2.50%,5.00%,0.00%,0.00%,0.00%,0.00%,5.00%,0.00%,0.00%,2.50%,5.00%,5.00%,0.00%,0.00%,7.50%,5.00%,0.00%,2.50%,2.50%,7.50%,10.00%,0.00%,0.00%,0.00%,0.00%,0.00%,0.00%,0.00%,0.00%,0.00%,0.00%,0.00%,0.00%,0.00%,0.00%,0.00%,0.00%,0.00%,0.00%,0.00%,0.00%,0.00%,0.00%,0.00%,0.00%,0.00%
2023-10-03,25.00%,0.00%,5.00%,5.00%,5.00%,2.50%,5.00%,0.00%,0.00%,0.00%,0.00%,5.00%,0.00%,0.00%,2.50%,5.00%,5.00%,0.00%,0.00%,7.50%,5.00%,0.00%,2.50%,2.50%,7.50%,10.00%,0.00%,0.00%,0.00%,0.00%,0.00%,0.00%,0.00%,0.00%,0.00%,0.00%,0.00%,0.00%,0.00%,0.00%,0.00%,0.00%,0.00%,0.00%,0.00%,0.00%,0.00%,0.00%,0.00%,0.00%,0.00%
2023-10-04,25.00%,0.00%,5.00%,5.00%,5.00%,2.50%,5.00%,0.00%,0.00%,0.00%,0.00%,5.00%,0.00%,0.00%,2.50%,5.00%,5.00%,0.00%,0.00%,7.50%,5.00%,0.00%,2.50%,2.50%,7.50%,10.00%,0.00%,0.00%,0.00%,0.00%,0.00%,0.00%,0.00%,0.00%,0.00%,0.00%,0.00%,0.00%,0.00%,0.00%,0.00%,0.00%,0.00%,0.00%,0.00%,0.00%,0.00%,0.00%,0.00%,0.00%,0.00%
2023-10-05,25.00%,0.00%,5.00%,5.00%,5.00%,2.50%,5.00%,0.00%,0.00%,0.00%,0.00%,5.00%,0.00%,0.00%,2.50%,5.00%,5.00%,0.00%,0.00%,7.50%,5.00%,0.00%,2.50%,2.50%,7.50%,10.00%,0.00%,0.00%,0.00%,0.00%,0.00%,0.00%,0.00%,0.00%,0.00%,0.00%,0.00%,0.00%,0.00%,0.00%,0.00%,0.00%,0.00%,0.00%,0.00%,0.00%,0.00%,0.00%,0.00%,0.00%,0.00%
2023-10-06,25.00%,0.00%,5.00%,5.00%,5.00%,2.50%,5.00%,0.00%,0.00%,0.00%,0.00%,5.00%,0.00%,0.00%,2.50%,5.00%,5.00%,0.00%,0.00%,7.50%,5.00%,0.00%,2.50%,2.50%,7.50%,10.00%,0.00%,0.00%,0.00%,0.00%,0.00%,0.00%,0.00%,0.00%,0.00%,0.00%,0.00%,0.00%,0.00%,0.00%,0.00%,0.00%,0.00%,0.00%,0.00%,0.00%,0.00%,0.00%,0.00%,0.00%,0.00%
2023-10-07,25.00%,0.00%,5.00%,5.00%,5.00%,2.50%,5.00%,0.00%,0.00%,0.00%,0.00%,5.00%,0.00%,0.00%,2.50%,5.00%,5.00%,0.00%,0.00%,7.50%,5.00%,0.00%,2.50%,2.50%,7.50%,10.00%,0.00%,0.00%,0.00%,0.00%,0.00%,0.00%,0.00%,0.00%,0.00%,0.00%,0.00%,0.00%,0.00%,0.00%,0.00%,0.00%,0.00%,0.00%,0.00%,0.00%,0.00%,0.00%,0.00%,0.00%,0.00%
2023-10-08,25.00%,0.00%,5.00%,5.00%,5.00%,2.50%,5.00%,0.00%,0.00%,0.00%,0.00%,5.00%,0.00%,0.00%,2.50%,5.00%,5.00%,0.00%,0.00%,7.50%,5.00%,0.00%,2.50%,2.50%,7.50%,10.00%,0.00%,0.00%,0.00%,0.00%,0.00%,0.00%,0.00%,0.00%,0.00%,0.00%,0.00%,0.00%,0.00%,0.00%,0.00%,0.00%,0.00%,0.00%,0.00%,0.00%,0.00%,0.00%,0.00%,0.00%,0.00%
2023-10-09,25.00%,0.00%,5.00%,5.00%,5.00%,2.50%,5.00%,0.00%,0.00%,0.00%,0.00%,5.00%,0.00%,0.00%,2.50%,5.00%,5.00%,0.00%,0.00%,7.50%,5.00%,0.00%,2.50%,2.50%,7.50%,10.00%,0.00%,0.00%,0.00%,0.00%,0.00%,0.00%,0.00%,0.00%,0.00%,0.00%,0.00%,0.00%,0.00%,0.00%,0.00%,0.00%,0.00%,0.00%,0.00%,0.00%,0.00%,0.00%,0.00%,0.00%,0.00%
2023-10-10,25.00%,0.00%,5.00%,5.00%,5.00%,2.50%,5.00%,0.00%,0.00%,0.00%,0.00%,5.00%,0.00%,0.00%,2.50%,5.00%,5.00%,0.00%,0.00%,7.50%,5.00%,0.00%,2.50%,2.50%,7.50%,10.00%,0.00%,0.00%,0.00%,0.00%,0.00%,0.00%,0.00%,0.00%,0.00%,0.00%,0.00%,0.00%,0.00%,0.00%,0.00%,0.00%,0.00%,0.00%,0.00%,0.00%,0.00%,0.00%,0.00%,0.00%,0.00%
2023-10-11,20.00%,0.00%,5.00%,5.00%,5.00%,2.50%,5.00%,0.00%,0.00%,0.00%,0.00%,5.00%,0.00%,0.00%,2.50%,5.00%,5.00%,0.00%,0.00%,7.50%,5.00%,2.50%,2.50%,2.50%,7.50%,10.00%,2.50%,0.00%,0.00%,0.00%,0.00%,0.00%,0.00%,0.00%,0.00%,0.00%,0.00%,0.00%,0.00%,0.00%,0.00%,0.00%,0.00%,0.00%,0.00%,0.00%,0.00%,0.00%,0.00%,0.00%,0.00%
2023-10-12,20.00%,0.00%,5.00%,5.00%,5.00%,2.50%,5.00%,0.00%,0.00%,0.00%,0.00%,5.00%,0.00%,0.00%,2.50%,5.00%,5.00%,0.00%,0.00%,7.50%,5.00%,2.50%,2.50%,2.50%,7.50%,10.00%,2.50%,0.00%,0.00%,0.00%,0.00%,0.00%,0.00%,0.00%,0.00%,0.00%,0.00%,0.00%,0.00%,0.00%,0.00%,0.00%,0.00%,0.00%,0.00%,0.00%,0.00%,0.00%,0.00%,0.00%,0.00%
2023-10-13,20.00%,0.00%,5.00%,5.00%,5.00%,2.50%,5.00%,0.00%,0.00%,0.00%,0.00%,5.00%,0.00%,0.00%,2.50%,5.00%,5.00%,0.00%,0.00%,7.50%,5.00%,2.50%,2.50%,2.50%,7.50%,10.00%,2.50%,0.00%,0.00%,0.00%,0.00%,0.00%,0.00%,0.00%,0.00%,0.00%,0.00%,0.00%,0.00%,0.00%,0.00%,0.00%,0.00%,0.00%,0.00%,0.00%,0.00%,0.00%,0.00%,0.00%,0.00%
2023-10-14,20.00%,0.00%,5.00%,5.00%,5.00%,2.50%,5.00%,0.00%,0.00%,0.00%,0.00%,5.00%,0.00%,0.00%,2.50%,5.00%,5.00%,0.00%,0.00%,7.50%,5.00%,2.50%,2.50%,2.50%,7.50%,10.00%,2.50%,0.00%,0.00%,0.00%,0.00%,0.00%,0.00%,0.00%,0.00%,0.00%,0.00%,0.00%,0.00%,0.00%,0.00%,0.00%,0.00%,0.00%,0.00%,0.00%,0.00%,0.00%,0.00%,0.00%,0.00%
2023-10-15,20.00%,0.00%,5.00%,5.00%,5.00%,2.50%,5.00%,0.00%,0.00%,0.00%,0.00%,5.00%,0.00%,0.00%,2.50%,5.00%,5.00%,0.00%,0.00%,7.50%,5.00%,2.50%,2.50%,2.50%,7.50%,10.00%,2.50%,0.00%,0.00%,0.00%,0.00%,0.00%,0.00%,0.00%,0.00%,0.00%,0.00%,0.00%,0.00%,0.00%,0.00%,0.00%,0.00%,0.00%,0.00%,0.00%,0.00%,0.00%,0.00%,0.00%,0.00%
2023-10-16,20.00%,0.00%,5.00%,5.00%,5.00%,2.50%,5.00%,0.00%,0.00%,0.00%,0.00%,5.00%,0.00%,0.00%,2.50%,5.00%,5.00%,0.00%,0.00%,7.50%,5.00%,2.50%,2.50%,2.50%,7.50%,10.00%,2.50%,0.00%,0.00%,0.00%,0.00%,0.00%,0.00%,0.00%,0.00%,0.00%,0.00%,0.00%,0.00%,0.00%,0.00%,0.00%,0.00%,0.00%,0.00%,0.00%,0.00%,0.00%,0.00%,0.00%,0.00%
2023-10-17,20.00%,0.00%,5.00%,5.00%,5.00%,2.50%,5.00%,0.00%,0.00%,0.00%,0.00%,5.00%,0.00%,0.00%,2.50%,5.00%,5.00%,0.00%,0.00%,7.50%,5.00%,2.50%,2.50%,2.50%,7.50%,10.00%,2.50%,0.00%,0.00%,0.00%,0.00%,0.00%,0.00%,0.00%,0.00%,0.00%,0.00%,0.00%,0.00%,0.00%,0.00%,0.00%,0.00%,0.00%,0.00%,0.00%,0.00%,0.00%,0.00%,0.00%,0.00%
2023-10-18,20.00%,0.00%,5.00%,5.00%,5.00%,2.50%,5.00%,0.00%,0.00%,0.00%,0.00%,5.00%,0.00%,0.00%,2.50%,5.00%,5.00%,0.00%,0.00%,7.50%,5.00%,2.50%,2.50%,2.50%,7.50%,10.00%,2.50%,0.00%,0.00%,0.00%,0.00%,0.00%,0.00%,0.00%,0.00%,0.00%,0.00%,0.00%,0.00%,0.00%,0.00%,0.00%,0.00%,0.00%,0.00%,0.00%,0.00%,0.00%,0.00%,0.00%,0.00%
2023-10-19,20.00%,0.00%,5.00%,5.00%,5.00%,2.50%,5.00%,0.00%,0.00%,0.00%,0.00%,5.00%,0.00%,0.00%,2.50%,5.00%,5.00%,0.00%,0.00%,7.50%,5.00%,2.50%,2.50%,2.50%,7.50%,10.00%,2.50%,0.00%,0.00%,0.00%,0.00%,0.00%,0.00%,0.00%,0.00%,0.00%,0.00%,0.00%,0.00%,0.00%,0.00%,0.00%,0.00%,0.00%,0.00%,0.00%,0.00%,0.00%,0.00%,0.00%,0.00%
2023-10-20,20.00%,0.00%,5.00%,5.00%,5.00%,2.50%,5.00%,0.00%,0.00%,0.00%,0.00%,5.00%,0.00%,0.00%,2.50%,5.00%,5.00%,0.00%,0.00%,7.50%,5.00%,2.50%,2.50%,2.50%,7.50%,10.00%,2.50%,0.00%,0.00%,0.00%,0.00%,0.00%,0.00%,0.00%,0.00%,0.00%,0.00%,0.00%,0.00%,0.00%,0.00%,0.00%,0.00%,0.00%,0.00%,0.00%,0.00%,0.00%,0.00%,0.00%,0.00%
2023-10-21,20.00%,0.00%,5.00%,5.00%,5.00%,2.50%,5.00%,0.00%,0.00%,0.00%,0.00%,5.00%,0.00%,0.00%,2.50%,5.00%,5.00%,0.00%,0.00%,7.50%,5.00%,2.50%,2.50%,2.50%,7.50%,10.00%,2.50%,0.00%,0.00%,0.00%,0.00%,0.00%,0.00%,0.00%,0.00%,0.00%,0.00%,0.00%,0.00%,0.00%,0.00%,0.00%,0.00%,0.00%,0.00%,0.00%,0.00%,0.00%,0.00%,0.00%,0.00%
2023-10-22,20.00%,0.00%,5.00%,5.00%,5.00%,2.50%,5.00%,0.00%,0.00%,0.00%,0.00%,5.00%,0.00%,0.00%,2.50%,5.00%,5.00%,0.00%,0.00%,7.50%,5.00%,2.50%,2.50%,2.50%,7.50%,10.00%,2.50%,0.00%,0.00%,0.00%,0.00%,0.00%,0.00%,0.00%,0.00%,0.00%,0.00%,0.00%,0.00%,0.00%,0.00%,0.00%,0.00%,0.00%,0.00%,0.00%,0.00%,0.00%,0.00%,0.00%,0.00%
2023-10-23,18.75%,0.00%,5.00%,5.00%,5.00%,1.25%,5.00%,0.00%,0.00%,0.00%,0.00%,5.00%,0.00%,0.00%,1.25%,5.00%,5.00%,0.00%,0.00%,6.25%,5.00%,2.50%,2.50%,2.50%,7.50%,10.00%,2.50%,2.50%,2.50%,0.00%,0.00%,0.00%,0.00%,0.00%,0.00%,0.00%,0.00%,0.00%,0.00%,0.00%,0.00%,0.00%,0.00%,0.00%,0.00%,0.00%,0.00%,0.00%,0.00%,0.00%,0.00%
2023-10-24,17.50%,0.00%,5.00%,5.00%,5.00%,0.00%,5.00%,0.00%,0.00%,0.00%,0.00%,5.00%,0.00%,0.00%,0.00%,5.00%,5.00%,0.00%,0.00%,5.00%,5.00%,2.50%,2.50%,2.50%,7.50%,10.00%,2.50%,5.00%,5.00%,0.00%,0.00%,0.00%,0.00%,0.00%,0.00%,0.00%,0.00%,0.00%,0.00%,0.00%,0.00%,0.00%,0.00%,0.00%,0.00%,0.00%,0.00%,0.00%,0.00%,0.00%,0.00%
2023-10-25,17.50%,0.00%,5.00%,5.00%,5.00%,0.00%,5.00%,0.00%,0.00%,0.00%,0.00%,5.00%,0.00%,0.00%,0.00%,5.00%,5.00%,0.00%,0.00%,5.00%,5.00%,2.50%,2.50%,2.50%,7.50%,10.00%,2.50%,5.00%,5.00%,0.00%,0.00%,0.00%,0.00%,0.00%,0.00%,0.00%,0.00%,0.00%,0.00%,0.00%,0.00%,0.00%,0.00%,0.00%,0.00%,0.00%,0.00%,0.00%,0.00%,0.00%,0.00%
2023-10-26,17.50%,0.00%,5.00%,5.00%,5.00%,0.00%,5.00%,0.00%,0.00%,0.00%,0.00%,5.00%,0.00%,0.00%,0.00%,5.00%,5.00%,0.00%,0.00%,5.00%,5.00%,2.50%,2.50%,2.50%,7.50%,10.00%,2.50%,5.00%,5.00%,0.00%,0.00%,0.00%,0.00%,0.00%,0.00%,0.00%,0.00%,0.00%,0.00%,0.00%,0.00%,0.00%,0.00%,0.00%,0.00%,0.00%,0.00%,0.00%,0.00%,0.00%,0.00%
2023-10-27,17.50%,0.00%,5.00%,5.00%,5.00%,0.00%,5.00%,0.00%,0.00%,0.00%,0.00%,5.00%,0.00%,0.00%,0.00%,5.00%,5.00%,0.00%,0.00%,5.00%,5.00%,2.50%,2.50%,2.50%,7.50%,10.00%,2.50%,5.00%,5.00%,0.00%,0.00%,0.00%,0.00%,0.00%,0.00%,0.00%,0.00%,0.00%,0.00%,0.00%,0.00%,0.00%,0.00%,0.00%,0.00%,0.00%,0.00%,0.00%,0.00%,0.00%,0.00%
2023-10-28,17.50%,0.00%,5.00%,5.00%,5.00%,0.00%,5.00%,0.00%,0.00%,0.00%,0.00%,5.00%,0.00%,0.00%,0.00%,5.00%,5.00%,0.00%,0.00%,5.00%,5.00%,2.50%,2.50%,2.50%,7.50%,10.00%,2.50%,5.00%,5.00%,0.00%,0.00%,0.00%,0.00%,0.00%,0.00%,0.00%,0.00%,0.00%,0.00%,0.00%,0.00%,0.00%,0.00%,0.00%,0.00%,0.00%,0.00%,0.00%,0.00%,0.00%,0.00%
2023-10-29,17.50%,0.00%,5.00%,5.00%,5.00%,0.00%,5.00%,0.00%,0.00%,0.00%,0.00%,5.00%,0.00%,0.00%,0.00%,5.00%,5.00%,0.00%,0.00%,5.00%,5.00%,2.50%,2.50%,2.50%,7.50%,10.00%,2.50%,5.00%,5.00%,0.00%,0.00%,0.00%,0.00%,0.00%,0.00%,0.00%,0.00%,0.00%,0.00%,0.00%,0.00%,0.00%,0.00%,0.00%,0.00%,0.00%,0.00%,0.00%,0.00%,0.00%,0.00%
2023-10-30,17.50%,0.00%,5.00%,5.00%,5.00%,0.00%,5.00%,0.00%,0.00%,0.00%,0.00%,5.00%,0.00%,0.00%,0.00%,5.00%,5.00%,0.00%,0.00%,5.00%,5.00%,2.50%,2.50%,2.50%,7.50%,10.00%,2.50%,5.00%,5.00%,0.00%,0.00%,0.00%,0.00%,0.00%,0.00%,0.00%,0.00%,0.00%,0.00%,0.00%,0.00%,0.00%,0.00%,0.00%,0.00%,0.00%,0.00%,0.00%,0.00%,0.00%,0.00%
2023-10-31,17.50%,0.00%,5.00%,5.00%,5.00%,0.00%,5.00%,0.00%,0.00%,0.00%,0.00%,5.00%,0.00%,0.00%,0.00%,5.00%,5.00%,0.00%,0.00%,5.00%,5.00%,2.50%,2.50%,2.50%,7.50%,10.00%,2.50%,5.00%,5.00%,0.00%,0.00%,0.00%,0.00%,0.00%,0.00%,0.00%,0.00%,0.00%,0.00%,0.00%,0.00%,0.00%,0.00%,0.00%,0.00%,0.00%,0.00%,0.00%,0.00%,0.00%,0.00%
2023-11-01,17.50%,0.00%,5.00%,5.00%,5.00%,0.00%,5.00%,0.00%,0.00%,0.00%,0.00%,5.00%,0.00%,0.00%,0.00%,5.00%,5.00%,0.00%,0.00%,5.00%,5.00%,2.50%,2.50%,2.50%,7.50%,10.00%,2.50%,5.00%,5.00%,0.00%,0.00%,0.00%,0.00%,0.00%,0.00%,0.00%,0.00%,0.00%,0.00%,0.00%,0.00%,0.00%,0.00%,0.00%,0.00%,0.00%,0.00%,0.00%,0.00%,0.00%,0.00%
2023-11-02,17.50%,0.00%,5.00%,5.00%,5.00%,0.00%,5.00%,0.00%,0.00%,0.00%,0.00%,5.00%,0.00%,0.00%,0.00%,5.00%,5.00%,0.00%,0.00%,5.00%,5.00%,2.50%,2.50%,2.50%,7.50%,10.00%,2.50%,5.00%,5.00%,0.00%,0.00%,0.00%,0.00%,0.00%,0.00%,0.00%,0.00%,0.00%,0.00%,0.00%,0.00%,0.00%,0.00%,0.00%,0.00%,0.00%,0.00%,0.00%,0.00%,0.00%,0.00%
2023-11-03,17.50%,0.00%,5.00%,5.00%,5.00%,0.00%,5.00%,0.00%,0.00%,0.00%,0.00%,5.00%,0.00%,0.00%,0.00%,5.00%,5.00%,0.00%,0.00%,5.00%,5.00%,2.50%,2.50%,2.50%,7.50%,10.00%,2.50%,5.00%,5.00%,0.00%,0.00%,0.00%,0.00%,0.00%,0.00%,0.00%,0.00%,0.00%,0.00%,0.00%,0.00%,0.00%,0.00%,0.00%,0.00%,0.00%,0.00%,0.00%,0.00%,0.00%,0.00%
2023-11-04,17.50%,0.00%,5.00%,5.00%,5.00%,0.00%,5.00%,0.00%,0.00%,0.00%,0.00%,5.00%,0.00%,0.00%,0.00%,5.00%,5.00%,0.00%,0.00%,5.00%,5.00%,2.50%,2.50%,2.50%,7.50%,10.00%,2.50%,5.00%,5.00%,0.00%,0.00%,0.00%,0.00%,0.00%,0.00%,0.00%,0.00%,0.00%,0.00%,0.00%,0.00%,0.00%,0.00%,0.00%,0.00%,0.00%,0.00%,0.00%,0.00%,0.00%,0.00%
2023-11-05,17.50%,0.00%,5.00%,5.00%,5.00%,0.00%,5.00%,0.00%,0.00%,0.00%,0.00%,5.00%,0.00%,0.00%,0.00%,5.00%,5.00%,0.00%,0.00%,5.00%,5.00%,2.50%,2.50%,2.50%,7.50%,10.00%,2.50%,5.00%,5.00%,0.00%,0.00%,0.00%,0.00%,0.00%,0.00%,0.00%,0.00%,0.00%,0.00%,0.00%,0.00%,0.00%,0.00%,0.00%,0.00%,0.00%,0.00%,0.00%,0.00%,0.00%,0.00%
2023-11-06,17.50%,0.00%,5.00%,5.00%,5.00%,0.00%,5.00%,0.00%,0.00%,0.00%,0.00%,5.00%,0.00%,0.00%,0.00%,5.00%,5.00%,0.00%,0.00%,5.00%,5.00%,2.50%,2.50%,2.50%,7.50%,10.00%,2.50%,5.00%,5.00%,0.00%,0.00%,0.00%,0.00%,0.00%,0.00%,0.00%,0.00%,0.00%,0.00%,0.00%,0.00%,0.00%,0.00%,0.00%,0.00%,0.00%,0.00%,0.00%,0.00%,0.00%,0.00%
2023-11-07,17.50%,0.00%,5.00%,5.00%,5.00%,0.00%,5.00%,0.00%,0.00%,0.00%,0.00%,5.00%,0.00%,0.00%,0.00%,5.00%,5.00%,0.00%,0.00%,5.00%,5.00%,2.50%,2.50%,2.50%,7.50%,10.00%,2.50%,5.00%,5.00%,0.00%,0.00%,0.00%,0.00%,0.00%,0.00%,0.00%,0.00%,0.00%,0.00%,0.00%,0.00%,0.00%,0.00%,0.00%,0.00%,0.00%,0.00%,0.00%,0.00%,0.00%,0.00%
2023-11-08,17.50%,0.00%,5.00%,5.00%,5.00%,0.00%,5.00%,0.00%,0.00%,0.00%,0.00%,5.00%,0.00%,0.00%,0.00%,5.00%,5.00%,0.00%,0.00%,5.00%,5.00%,2.50%,2.50%,2.50%,7.50%,10.00%,2.50%,5.00%,5.00%,0.00%,0.00%,0.00%,0.00%,0.00%,0.00%,0.00%,0.00%,0.00%,0.00%,0.00%,0.00%,0.00%,0.00%,0.00%,0.00%,0.00%,0.00%,0.00%,0.00%,0.00%,0.00%
2023-11-09,17.50%,0.00%,5.00%,5.00%,5.00%,0.00%,5.00%,0.00%,0.00%,0.00%,0.00%,5.00%,0.00%,0.00%,0.00%,5.00%,5.00%,0.00%,0.00%,5.00%,5.00%,2.50%,2.50%,2.50%,7.50%,10.00%,2.50%,5.00%,5.00%,0.00%,0.00%,0.00%,0.00%,0.00%,0.00%,0.00%,0.00%,0.00%,0.00%,0.00%,0.00%,0.00%,0.00%,0.00%,0.00%,0.00%,0.00%,0.00%,0.00%,0.00%,0.00%
2023-11-10,17.50%,0.00%,5.00%,5.00%,5.00%,0.00%,5.00%,0.00%,0.00%,0.00%,0.00%,5.00%,0.00%,0.00%,0.00%,5.00%,5.00%,0.00%,0.00%,5.00%,5.00%,2.50%,2.50%,2.50%,7.50%,10.00%,2.50%,5.00%,5.00%,0.00%,0.00%,0.00%,0.00%,0.00%,0.00%,0.00%,0.00%,0.00%,0.00%,0.00%,0.00%,0.00%,0.00%,0.00%,0.00%,0.00%,0.00%,0.00%,0.00%,0.00%,0.00%
2023-11-11,17.50%,0.00%,5.00%,5.00%,5.00%,0.00%,5.00%,0.00%,0.00%,0.00%,0.00%,5.00%,0.00%,0.00%,0.00%,5.00%,5.00%,0.00%,0.00%,5.00%,5.00%,2.50%,2.50%,2.50%,7.50%,10.00%,2.50%,5.00%,5.00%,0.00%,0.00%,0.00%,0.00%,0.00%,0.00%,0.00%,0.00%,0.00%,0.00%,0.00%,0.00%,0.00%,0.00%,0.00%,0.00%,0.00%,0.00%,0.00%,0.00%,0.00%,0.00%
2023-11-12,17.50%,0.00%,5.00%,5.00%,5.00%,0.00%,5.00%,0.00%,0.00%,0.00%,0.00%,5.00%,0.00%,0.00%,0.00%,5.00%,5.00%,0.00%,0.00%,5.00%,5.00%,2.50%,2.50%,2.50%,7.50%,10.00%,2.50%,5.00%,5.00%,0.00%,0.00%,0.00%,0.00%,0.00%,0.00%,0.00%,0.00%,0.00%,0.00%,0.00%,0.00%,0.00%,0.00%,0.00%,0.00%,0.00%,0.00%,0.00%,0.00%,0.00%,0.00%
2023-11-13,17.50%,0.00%,5.00%,5.00%,5.00%,0.00%,5.00%,0.00%,0.00%,0.00%,0.00%,5.00%,0.00%,0.00%,0.00%,5.00%,5.00%,0.00%,0.00%,5.00%,5.00%,2.50%,2.50%,2.50%,7.50%,10.00%,2.50%,5.00%,5.00%,0.00%,0.00%,0.00%,0.00%,0.00%,0.00%,0.00%,0.00%,0.00%,0.00%,0.00%,0.00%,0.00%,0.00%,0.00%,0.00%,0.00%,0.00%,0.00%,0.00%,0.00%,0.00%
2023-11-14,17.50%,0.00%,5.00%,5.00%,5.00%,0.00%,5.00%,0.00%,0.00%,0.00%,0.00%,5.00%,0.00%,0.00%,0.00%,5.00%,5.00%,0.00%,0.00%,5.00%,5.00%,2.50%,2.50%,2.50%,7.50%,10.00%,2.50%,5.00%,5.00%,0.00%,0.00%,0.00%,0.00%,0.00%,0.00%,0.00%,0.00%,0.00%,0.00%,0.00%,0.00%,0.00%,0.00%,0.00%,0.00%,0.00%,0.00%,0.00%,0.00%,0.00%,0.00%
2023-11-15,17.50%,0.00%,5.00%,5.00%,5.00%,0.00%,5.00%,0.00%,0.00%,0.00%,0.00%,5.00%,0.00%,0.00%,0.00%,5.00%,5.00%,0.00%,0.00%,5.00%,5.00%,2.50%,2.50%,2.50%,7.50%,10.00%,2.50%,5.00%,5.00%,0.00%,0.00%,0.00%,0.00%,0.00%,0.00%,0.00%,0.00%,0.00%,0.00%,0.00%,0.00%,0.00%,0.00%,0.00%,0.00%,0.00%,0.00%,0.00%,0.00%,0.00%,0.00%
2023-11-16,17.50%,0.00%,5.00%,5.00%,5.00%,0.00%,5.00%,0.00%,0.00%,0.00%,0.00%,5.00%,0.00%,0.00%,0.00%,5.00%,5.00%,0.00%,0.00%,5.00%,5.00%,2.50%,2.50%,2.50%,7.50%,10.00%,2.50%,5.00%,5.00%,0.00%,0.00%,0.00%,0.00%,0.00%,0.00%,0.00%,0.00%,0.00%,0.00%,0.00%,0.00%,0.00%,0.00%,0.00%,0.00%,0.00%,0.00%,0.00%,0.00%,0.00%,0.00%
2023-11-17,15.00%,0.00%,5.00%,5.00%,5.00%,0.00%,5.00%,0.00%,0.00%,0.00%,0.00%,5.00%,0.00%,0.00%,0.00%,5.00%,5.00%,0.00%,0.00%,5.00%,5.00%,2.50%,2.50%,2.50%,5.00%,10.00%,2.50%,7.50%,5.00%,2.50%,0.00%,0.00%,0.00%,0.00%,0.00%,0.00%,0.00%,0.00%,0.00%,0.00%,0.00%,0.00%,0.00%,0.00%,0.00%,0.00%,0.00%,0.00%,0.00%,0.00%,0.00%
2023-11-18,15.00%,0.00%,5.00%,5.00%,5.00%,0.00%,5.00%,0.00%,0.00%,0.00%,0.00%,5.00%,0.00%,0.00%,0.00%,5.00%,5.00%,0.00%,0.00%,5.00%,5.00%,2.50%,2.50%,2.50%,5.00%,10.00%,2.50%,7.50%,5.00%,2.50%,0.00%,0.00%,0.00%,0.00%,0.00%,0.00%,0.00%,0.00%,0.00%,0.00%,0.00%,0.00%,0.00%,0.00%,0.00%,0.00%,0.00%,0.00%,0.00%,0.00%,0.00%
2023-11-19,15.00%,0.00%,5.00%,5.00%,5.00%,0.00%,5.00%,0.00%,0.00%,0.00%,0.00%,5.00%,0.00%,0.00%,0.00%,5.00%,5.00%,0.00%,0.00%,5.00%,5.00%,2.50%,2.50%,2.50%,5.00%,10.00%,2.50%,7.50%,5.00%,2.50%,0.00%,0.00%,0.00%,0.00%,0.00%,0.00%,0.00%,0.00%,0.00%,0.00%,0.00%,0.00%,0.00%,0.00%,0.00%,0.00%,0.00%,0.00%,0.00%,0.00%,0.00%
2023-11-20,15.00%,0.00%,5.00%,5.00%,5.00%,0.00%,5.00%,0.00%,0.00%,0.00%,0.00%,5.00%,0.00%,0.00%,0.00%,5.00%,5.00%,0.00%,0.00%,5.00%,5.00%,2.50%,2.50%,2.50%,5.00%,10.00%,2.50%,7.50%,5.00%,2.50%,0.00%,0.00%,0.00%,0.00%,0.00%,0.00%,0.00%,0.00%,0.00%,0.00%,0.00%,0.00%,0.00%,0.00%,0.00%,0.00%,0.00%,0.00%,0.00%,0.00%,0.00%
2023-11-21,15.00%,0.00%,5.00%,5.00%,5.00%,0.00%,5.00%,0.00%,0.00%,0.00%,0.00%,5.00%,0.00%,0.00%,0.00%,5.00%,5.00%,0.00%,0.00%,5.00%,5.00%,2.50%,2.50%,2.50%,5.00%,10.00%,2.50%,7.50%,5.00%,2.50%,0.00%,0.00%,0.00%,0.00%,0.00%,0.00%,0.00%,0.00%,0.00%,0.00%,0.00%,0.00%,0.00%,0.00%,0.00%,0.00%,0.00%,0.00%,0.00%,0.00%,0.00%
2023-11-22,15.00%,0.00%,5.00%,5.00%,5.00%,0.00%,5.00%,0.00%,0.00%,0.00%,0.00%,5.00%,0.00%,0.00%,0.00%,5.00%,5.00%,0.00%,0.00%,5.00%,5.00%,2.50%,2.50%,2.50%,5.00%,10.00%,2.50%,7.50%,5.00%,2.50%,0.00%,0.00%,0.00%,0.00%,0.00%,0.00%,0.00%,0.00%,0.00%,0.00%,0.00%,0.00%,0.00%,0.00%,0.00%,0.00%,0.00%,0.00%,0.00%,0.00%,0.00%
2023-11-23,15.00%,0.00%,5.00%,5.00%,5.00%,0.00%,5.00%,0.00%,0.00%,0.00%,0.00%,5.00%,0.00%,0.00%,0.00%,5.00%,5.00%,0.00%,0.00%,5.00%,5.00%,2.50%,2.50%,2.50%,5.00%,10.00%,2.50%,7.50%,5.00%,2.50%,0.00%,0.00%,0.00%,0.00%,0.00%,0.00%,0.00%,0.00%,0.00%,0.00%,0.00%,0.00%,0.00%,0.00%,0.00%,0.00%,0.00%,0.00%,0.00%,0.00%,0.00%
2023-11-24,15.00%,0.00%,5.00%,5.00%,5.00%,0.00%,5.00%,0.00%,0.00%,0.00%,0.00%,5.00%,0.00%,0.00%,0.00%,5.00%,5.00%,0.00%,0.00%,5.00%,5.00%,2.50%,2.50%,2.50%,5.00%,10.00%,2.50%,7.50%,5.00%,2.50%,0.00%,0.00%,0.00%,0.00%,0.00%,0.00%,0.00%,0.00%,0.00%,0.00%,0.00%,0.00%,0.00%,0.00%,0.00%,0.00%,0.00%,0.00%,0.00%,0.00%,0.00%
2023-11-25,15.00%,0.00%,5.00%,5.00%,5.00%,0.00%,5.00%,0.00%,0.00%,0.00%,0.00%,5.00%,0.00%,0.00%,0.00%,5.00%,5.00%,0.00%,0.00%,5.00%,5.00%,2.50%,2.50%,2.50%,5.00%,10.00%,2.50%,7.50%,5.00%,2.50%,0.00%,0.00%,0.00%,0.00%,0.00%,0.00%,0.00%,0.00%,0.00%,0.00%,0.00%,0.00%,0.00%,0.00%,0.00%,0.00%,0.00%,0.00%,0.00%,0.00%,0.00%
2023-11-26,15.00%,0.00%,5.00%,5.00%,5.00%,0.00%,5.00%,0.00%,0.00%,0.00%,0.00%,5.00%,0.00%,0.00%,0.00%,5.00%,5.00%,0.00%,0.00%,5.00%,5.00%,2.50%,2.50%,2.50%,5.00%,10.00%,2.50%,7.50%,5.00%,2.50%,0.00%,0.00%,0.00%,0.00%,0.00%,0.00%,0.00%,0.00%,0.00%,0.00%,0.00%,0.00%,0.00%,0.00%,0.00%,0.00%,0.00%,0.00%,0.00%,0.00%,0.00%
2023-11-27,15.00%,0.00%,5.00%,5.00%,5.00%,0.00%,5.00%,0.00%,0.00%,0.00%,0.00%,5.00%,0.00%,0.00%,0.00%,5.00%,5.00%,0.00%,0.00%,5.00%,5.00%,2.50%,2.50%,2.50%,5.00%,10.00%,2.50%,7.50%,5.00%,2.50%,0.00%,0.00%,0.00%,0.00%,0.00%,0.00%,0.00%,0.00%,0.00%,0.00%,0.00%,0.00%,0.00%,0.00%,0.00%,0.00%,0.00%,0.00%,0.00%,0.00%,0.00%
2023-11-28,15.00%,0.00%,5.00%,5.00%,5.00%,0.00%,5.00%,0.00%,0.00%,0.00%,0.00%,5.00%,0.00%,0.00%,0.00%,5.00%,5.00%,0.00%,0.00%,5.00%,5.00%,2.50%,2.50%,2.50%,5.00%,10.00%,2.50%,7.50%,5.00%,2.50%,0.00%,0.00%,0.00%,0.00%,0.00%,0.00%,0.00%,0.00%,0.00%,0.00%,0.00%,0.00%,0.00%,0.00%,0.00%,0.00%,0.00%,0.00%,0.00%,0.00%,0.00%
2023-11-29,15.00%,0.00%,5.00%,5.00%,5.00%,0.00%,5.00%,0.00%,0.00%,0.00%,0.00%,5.00%,0.00%,0.00%,0.00%,5.00%,5.00%,0.00%,0.00%,5.00%,5.00%,2.50%,2.50%,2.50%,5.00%,10.00%,2.50%,7.50%,5.00%,2.50%,0.00%,0.00%,0.00%,0.00%,0.00%,0.00%,0.00%,0.00%,0.00%,0.00%,0.00%,0.00%,0.00%,0.00%,0.00%,0.00%,0.00%,0.00%,0.00%,0.00%,0.00%
2023-11-30,15.00%,0.00%,5.00%,5.00%,5.00%,0.00%,5.00%,0.00%,0.00%,0.00%,0.00%,5.00%,0.00%,0.00%,0.00%,5.00%,5.00%,0.00%,0.00%,5.00%,5.00%,2.50%,2.50%,2.50%,5.00%,10.00%,2.50%,7.50%,5.00%,2.50%,0.00%,0.00%,0.00%,0.00%,0.00%,0.00%,0.00%,0.00%,0.00%,0.00%,0.00%,0.00%,0.00%,0.00%,0.00%,0.00%,0.00%,0.00%,0.00%,0.00%,0.00%
2023-12-01,15.00%,0.00%,5.00%,5.00%,5.00%,0.00%,5.00%,0.00%,0.00%,0.00%,0.00%,5.00%,0.00%,0.00%,0.00%,5.00%,5.00%,0.00%,0.00%,5.00%,5.00%,2.50%,2.50%,2.50%,5.00%,10.00%,2.50%,7.50%,5.00%,2.50%,0.00%,0.00%,0.00%,0.00%,0.00%,0.00%,0.00%,0.00%,0.00%,0.00%,0.00%,0.00%,0.00%,0.00%,0.00%,0.00%,0.00%,0.00%,0.00%,0.00%,0.00%
2023-12-02,15.00%,0.00%,5.00%,5.00%,5.00%,0.00%,5.00%,0.00%,0.00%,0.00%,0.00%,5.00%,0.00%,0.00%,0.00%,5.00%,5.00%,0.00%,0.00%,5.00%,5.00%,2.50%,2.50%,2.50%,5.00%,10.00%,2.50%,7.50%,5.00%,2.50%,0.00%,0.00%,0.00%,0.00%,0.00%,0.00%,0.00%,0.00%,0.00%,0.00%,0.00%,0.00%,0.00%,0.00%,0.00%,0.00%,0.00%,0.00%,0.00%,0.00%,0.00%
2023-12-03,15.00%,0.00%,5.00%,5.00%,5.00%,0.00%,5.00%,0.00%,0.00%,0.00%,0.00%,5.00%,0.00%,0.00%,0.00%,5.00%,5.00%,0.00%,0.00%,5.00%,5.00%,2.50%,2.50%,2.50%,5.00%,10.00%,2.50%,7.50%,5.00%,2.50%,0.00%,0.00%,0.00%,0.00%,0.00%,0.00%,0.00%,0.00%,0.00%,0.00%,0.00%,0.00%,0.00%,0.00%,0.00%,0.00%,0.00%,0.00%,0.00%,0.00%,0.00%
2023-12-04,15.00%,0.00%,5.00%,5.00%,5.00%,0.00%,5.00%,0.00%,0.00%,0.00%,0.00%,5.00%,0.00%,0.00%,0.00%,5.00%,5.00%,0.00%,0.00%,5.00%,5.00%,2.50%,2.50%,2.50%,5.00%,10.00%,2.50%,7.50%,5.00%,2.50%,0.00%,0.00%,0.00%,0.00%,0.00%,0.00%,0.00%,0.00%,0.00%,0.00%,0.00%,0.00%,0.00%,0.00%,0.00%,0.00%,0.00%,0.00%,0.00%,0.00%,0.00%
2023-12-05,15.00%,0.00%,5.00%,5.00%,5.00%,0.00%,5.00%,0.00%,0.00%,0.00%,0.00%,5.00%,0.00%,0.00%,0.00%,5.00%,5.00%,0.00%,0.00%,5.00%,5.00%,2.50%,2.50%,2.50%,5.00%,10.00%,2.50%,7.50%,5.00%,2.50%,0.00%,0.00%,0.00%,0.00%,0.00%,0.00%,0.00%,0.00%,0.00%,0.00%,0.00%,0.00%,0.00%,0.00%,0.00%,0.00%,0.00%,0.00%,0.00%,0.00%,0.00%
2023-12-06,15.00%,0.00%,5.00%,5.00%,5.00%,0.00%,5.00%,0.00%,0.00%,0.00%,0.00%,5.00%,0.00%,0.00%,0.00%,5.00%,5.00%,0.00%,0.00%,5.00%,5.00%,2.50%,2.50%,2.50%,5.00%,10.00%,2.50%,7.50%,5.00%,2.50%,0.00%,0.00%,0.00%,0.00%,0.00%,0.00%,0.00%,0.00%,0.00%,0.00%,0.00%,0.00%,0.00%,0.00%,0.00%,0.00%,0.00%,0.00%,0.00%,0.00%,0.00%
2023-12-07,15.00%,0.00%,5.00%,5.00%,5.00%,0.00%,5.00%,0.00%,0.00%,0.00%,0.00%,5.00%,0.00%,0.00%,0.00%,5.00%,5.00%,0.00%,0.00%,5.00%,5.00%,2.50%,2.50%,2.50%,5.00%,10.00%,2.50%,7.50%,5.00%,2.50%,0.00%,0.00%,0.00%,0.00%,0.00%,0.00%,0.00%,0.00%,0.00%,0.00%,0.00%,0.00%,0.00%,0.00%,0.00%,0.00%,0.00%,0.00%,0.00%,0.00%,0.00%
2023-12-08,15.00%,0.00%,5.00%,5.00%,5.00%,0.00%,5.00%,0.00%,0.00%,0.00%,0.00%,5.00%,0.00%,0.00%,0.00%,5.00%,5.00%,0.00%,0.00%,5.00%,5.00%,2.50%,2.50%,2.50%,5.00%,10.00%,2.50%,7.50%,5.00%,2.50%,0.00%,0.00%,0.00%,0.00%,0.00%,0.00%,0.00%,0.00%,0.00%,0.00%,0.00%,0.00%,0.00%,0.00%,0.00%,0.00%,0.00%,0.00%,0.00%,0.00%,0.00%
2023-12-09,15.00%,0.00%,5.00%,5.00%,5.00%,0.00%,5.00%,0.00%,0.00%,0.00%,0.00%,5.00%,0.00%,0.00%,0.00%,5.00%,5.00%,0.00%,0.00%,5.00%,5.00%,2.50%,2.50%,2.50%,5.00%,10.00%,2.50%,7.50%,5.00%,2.50%,0.00%,0.00%,0.00%,0.00%,0.00%,0.00%,0.00%,0.00%,0.00%,0.00%,0.00%,0.00%,0.00%,0.00%,0.00%,0.00%,0.00%,0.00%,0.00%,0.00%,0.00%
2023-12-10,15.00%,0.00%,5.00%,5.00%,5.00%,0.00%,5.00%,0.00%,0.00%,0.00%,0.00%,5.00%,0.00%,0.00%,0.00%,5.00%,5.00%,0.00%,0.00%,5.00%,5.00%,2.50%,2.50%,2.50%,5.00%,10.00%,2.50%,7.50%,5.00%,2.50%,0.00%,0.00%,0.00%,0.00%,0.00%,0.00%,0.00%,0.00%,0.00%,0.00%,0.00%,0.00%,0.00%,0.00%,0.00%,0.00%,0.00%,0.00%,0.00%,0.00%,0.00%
2023-12-11,15.00%,0.00%,5.00%,5.00%,5.00%,0.00%,5.00%,0.00%,0.00%,0.00%,0.00%,5.00%,0.00%,0.00%,0.00%,5.00%,5.00%,0.00%,0.00%,5.00%,5.00%,2.50%,2.50%,2.50%,5.00%,10.00%,2.50%,7.50%,5.00%,2.50%,0.00%,0.00%,0.00%,0.00%,0.00%,0.00%,0.00%,0.00%,0.00%,0.00%,0.00%,0.00%,0.00%,0.00%,0.00%,0.00%,0.00%,0.00%,0.00%,0.00%,0.00%
2023-12-12,15.00%,0.00%,5.00%,5.00%,5.00%,0.00%,5.00%,0.00%,0.00%,0.00%,0.00%,5.00%,0.00%,0.00%,0.00%,5.00%,5.00%,0.00%,0.00%,5.00%,5.00%,2.50%,2.50%,2.50%,5.00%,10.00%,2.50%,7.50%,5.00%,2.50%,0.00%,0.00%,0.00%,0.00%,0.00%,0.00%,0.00%,0.00%,0.00%,0.00%,0.00%,0.00%,0.00%,0.00%,0.00%,0.00%,0.00%,0.00%,0.00%,0.00%,0.00%
2023-12-13,15.00%,0.00%,5.00%,5.00%,5.00%,0.00%,5.00%,0.00%,0.00%,0.00%,0.00%,5.00%,0.00%,0.00%,0.00%,5.00%,5.00%,0.00%,0.00%,5.00%,5.00%,2.50%,2.50%,2.50%,5.00%,10.00%,2.50%,7.50%,5.00%,2.50%,0.00%,0.00%,0.00%,0.00%,0.00%,0.00%,0.00%,0.00%,0.00%,0.00%,0.00%,0.00%,0.00%,0.00%,0.00%,0.00%,0.00%,0.00%,0.00%,0.00%,0.00%
2023-12-14,15.00%,0.00%,5.00%,5.00%,5.00%,0.00%,5.00%,0.00%,0.00%,0.00%,0.00%,5.00%,0.00%,0.00%,0.00%,5.00%,5.00%,0.00%,0.00%,5.00%,5.00%,2.50%,2.50%,2.50%,5.00%,10.00%,2.50%,7.50%,5.00%,2.50%,0.00%,0.00%,0.00%,0.00%,0.00%,0.00%,0.00%,0.00%,0.00%,0.00%,0.00%,0.00%,0.00%,0.00%,0.00%,0.00%,0.00%,0.00%,0.00%,0.00%,0.00%
2023-12-15,15.00%,0.00%,5.00%,5.00%,5.00%,0.00%,5.00%,0.00%,0.00%,0.00%,0.00%,5.00%,0.00%,0.00%,0.00%,5.00%,5.00%,0.00%,0.00%,5.00%,5.00%,2.50%,2.50%,2.50%,5.00%,10.00%,2.50%,7.50%,5.00%,2.50%,0.00%,0.00%,0.00%,0.00%,0.00%,0.00%,0.00%,0.00%,0.00%,0.00%,0.00%,0.00%,0.00%,0.00%,0.00%,0.00%,0.00%,0.00%,0.00%,0.00%,0.00%
2023-12-16,15.00%,0.00%,5.00%,5.00%,5.00%,0.00%,5.00%,0.00%,0.00%,0.00%,0.00%,5.00%,0.00%,0.00%,0.00%,5.00%,5.00%,0.00%,0.00%,5.00%,5.00%,2.50%,2.50%,2.50%,5.00%,10.00%,2.50%,7.50%,5.00%,2.50%,0.00%,0.00%,0.00%,0.00%,0.00%,0.00%,0.00%,0.00%,0.00%,0.00%,0.00%,0.00%,0.00%,0.00%,0.00%,0.00%,0.00%,0.00%,0.00%,0.00%,0.00%
2023-12-17,15.00%,0.00%,5.00%,5.00%,5.00%,0.00%,5.00%,0.00%,0.00%,0.00%,0.00%,5.00%,0.00%,0.00%,0.00%,5.00%,5.00%,0.00%,0.00%,5.00%,5.00%,2.50%,2.50%,2.50%,5.00%,10.00%,2.50%,7.50%,5.00%,2.50%,0.00%,0.00%,0.00%,0.00%,0.00%,0.00%,0.00%,0.00%,0.00%,0.00%,0.00%,0.00%,0.00%,0.00%,0.00%,0.00%,0.00%,0.00%,0.00%,0.00%,0.00%
2023-12-18,15.00%,0.00%,5.00%,5.00%,5.00%,0.00%,5.00%,0.00%,0.00%,0.00%,0.00%,5.00%,0.00%,0.00%,0.00%,5.00%,5.00%,0.00%,0.00%,5.00%,5.00%,2.50%,2.50%,2.50%,5.00%,10.00%,2.50%,7.50%,5.00%,2.50%,0.00%,0.00%,0.00%,0.00%,0.00%,0.00%,0.00%,0.00%,0.00%,0.00%,0.00%,0.00%,0.00%,0.00%,0.00%,0.00%,0.00%,0.00%,0.00%,0.00%,0.00%
2023-12-19,15.00%,0.00%,5.00%,5.00%,5.00%,0.00%,5.00%,0.00%,0.00%,0.00%,0.00%,5.00%,0.00%,0.00%,0.00%,5.00%,5.00%,0.00%,0.00%,5.00%,5.00%,2.50%,2.50%,2.50%,5.00%,10.00%,2.50%,7.50%,5.00%,2.50%,0.00%,0.00%,0.00%,0.00%,0.00%,0.00%,0.00%,0.00%,0.00%,0.00%,0.00%,0.00%,0.00%,0.00%,0.00%,0.00%,0.00%,0.00%,0.00%,0.00%,0.00%
2023-12-20,15.00%,0.00%,5.00%,5.00%,5.00%,0.00%,5.00%,0.00%,0.00%,0.00%,0.00%,5.00%,0.00%,0.00%,0.00%,5.00%,5.00%,0.00%,0.00%,5.00%,5.00%,2.50%,2.50%,2.50%,5.00%,10.00%,2.50%,7.50%,5.00%,2.50%,0.00%,0.00%,0.00%,0.00%,0.00%,0.00%,0.00%,0.00%,0.00%,0.00%,0.00%,0.00%,0.00%,0.00%,0.00%,0.00%,0.00%,0.00%,0.00%,0.00%,0.00%
2023-12-21,15.00%,0.00%,5.00%,5.00%,5.00%,0.00%,5.00%,0.00%,0.00%,0.00%,0.00%,5.00%,0.00%,0.00%,0.00%,5.00%,5.00%,0.00%,0.00%,5.00%,5.00%,2.50%,2.50%,2.50%,5.00%,10.00%,2.50%,7.50%,5.00%,2.50%,0.00%,0.00%,0.00%,0.00%,0.00%,0.00%,0.00%,0.00%,0.00%,0.00%,0.00%,0.00%,0.00%,0.00%,0.00%,0.00%,0.00%,0.00%,0.00%,0.00%,0.00%
2023-12-22,15.00%,0.00%,5.00%,5.00%,5.00%,0.00%,5.00%,0.00%,0.00%,0.00%,0.00%,5.00%,0.00%,0.00%,0.00%,5.00%,5.00%,0.00%,0.00%,5.00%,5.00%,2.50%,2.50%,2.50%,5.00%,10.00%,2.50%,7.50%,5.00%,2.50%,0.00%,0.00%,0.00%,0.00%,0.00%,0.00%,0.00%,0.00%,0.00%,0.00%,0.00%,0.00%,0.00%,0.00%,0.00%,0.00%,0.00%,0.00%,0.00%,0.00%,0.00%
2023-12-23,5.00%,0.00%,2.50%,5.00%,5.00%,0.00%,5.00%,0.00%,0.00%,0.00%,5.00%,5.00%,0.00%,0.00%,0.00%,2.50%,7.50%,0.00%,0.00%,0.00%,5.00%,0.00%,0.00%,2.50%,5.00%,7.50%,2.50%,7.50%,5.00%,5.00%,2.50%,2.50%,2.50%,2.50%,2.50%,5.00%,0.00%,0.00%,0.00%,0.00%,0.00%,0.00%,0.00%,0.00%,0.00%,0.00%,0.00%,0.00%,0.00%,0.00%,0.00%
2023-12-24,5.00%,0.00%,2.50%,5.00%,5.00%,0.00%,5.00%,0.00%,0.00%,0.00%,5.00%,5.00%,0.00%,0.00%,0.00%,2.50%,7.50%,0.00%,0.00%,0.00%,5.00%,0.00%,0.00%,2.50%,5.00%,7.50%,2.50%,7.50%,5.00%,5.00%,2.50%,2.50%,2.50%,2.50%,2.50%,5.00%,0.00%,0.00%,0.00%,0.00%,0.00%,0.00%,0.00%,0.00%,0.00%,0.00%,0.00%,0.00%,0.00%,0.00%,0.00%
2023-12-25,5.00%,0.00%,2.50%,5.00%,5.00%,0.00%,5.00%,0.00%,0.00%,0.00%,5.00%,5.00%,0.00%,0.00%,0.00%,2.50%,7.50%,0.00%,0.00%,0.00%,5.00%,0.00%,0.00%,2.50%,5.00%,7.50%,2.50%,7.50%,5.00%,5.00%,2.50%,2.50%,2.50%,2.50%,2.50%,5.00%,0.00%,0.00%,0.00%,0.00%,0.00%,0.00%,0.00%,0.00%,0.00%,0.00%,0.00%,0.00%,0.00%,0.00%,0.00%
2023-12-26,5.00%,0.00%,2.50%,5.00%,5.00%,0.00%,5.00%,0.00%,0.00%,0.00%,5.00%,5.00%,0.00%,0.00%,0.00%,2.50%,7.50%,0.00%,0.00%,0.00%,5.00%,0.00%,0.00%,2.50%,5.00%,7.50%,2.50%,7.50%,5.00%,5.00%,2.50%,2.50%,2.50%,2.50%,2.50%,5.00%,0.00%,0.00%,0.00%,0.00%,0.00%,0.00%,0.00%,0.00%,0.00%,0.00%,0.00%,0.00%,0.00%,0.00%,0.00%
2023-12-27,5.00%,0.00%,2.50%,5.00%,5.00%,0.00%,5.00%,0.00%,0.00%,0.00%,5.00%,5.00%,0.00%,0.00%,0.00%,2.50%,7.50%,0.00%,0.00%,0.00%,5.00%,0.00%,0.00%,2.50%,5.00%,7.50%,2.50%,7.50%,5.00%,5.00%,2.50%,2.50%,2.50%,2.50%,2.50%,5.00%,0.00%,0.00%,0.00%,0.00%,0.00%,0.00%,0.00%,0.00%,0.00%,0.00%,0.00%,0.00%,0.00%,0.00%,0.00%
2023-12-28,5.00%,0.00%,2.50%,5.00%,5.00%,0.00%,5.00%,0.00%,0.00%,0.00%,5.00%,5.00%,0.00%,0.00%,0.00%,2.50%,7.50%,0.00%,0.00%,0.00%,5.00%,0.00%,0.00%,2.50%,5.00%,7.50%,2.50%,7.50%,5.00%,5.00%,2.50%,2.50%,2.50%,2.50%,2.50%,5.00%,0.00%,0.00%,0.00%,0.00%,0.00%,0.00%,0.00%,0.00%,0.00%,0.00%,0.00%,0.00%,0.00%,0.00%,0.00%
2023-12-29,5.00%,0.00%,2.50%,5.00%,5.00%,0.00%,5.00%,0.00%,0.00%,0.00%,5.00%,5.00%,0.00%,0.00%,0.00%,2.50%,7.50%,0.00%,0.00%,0.00%,5.00%,0.00%,0.00%,2.50%,5.00%,7.50%,2.50%,7.50%,5.00%,5.00%,2.50%,2.50%,2.50%,2.50%,2.50%,5.00%,0.00%,0.00%,0.00%,0.00%,0.00%,0.00%,0.00%,0.00%,0.00%,0.00%,0.00%,0.00%,0.00%,0.00%,0.00%
2023-12-30,5.00%,0.00%,2.50%,5.00%,5.00%,0.00%,5.00%,0.00%,0.00%,0.00%,5.00%,5.00%,0.00%,0.00%,0.00%,2.50%,7.50%,0.00%,0.00%,0.00%,5.00%,0.00%,0.00%,2.50%,5.00%,7.50%,2.50%,7.50%,5.00%,5.00%,2.50%,2.50%,2.50%,2.50%,2.50%,5.00%,0.00%,0.00%,0.00%,0.00%,0.00%,0.00%,0.00%,0.00%,0.00%,0.00%,0.00%,0.00%,0.00%,0.00%,0.00%
2023-12-31,5.00%,0.00%,2.50%,5.00%,5.00%,0.00%,5.00%,0.00%,0.00%,0.00%,5.00%,5.00%,0.00%,0.00%,0.00%,2.50%,7.50%,0.00%,0.00%,0.00%,5.00%,0.00%,0.00%,2.50%,5.00%,7.50%,2.50%,7.50%,5.00%,5.00%,2.50%,2.50%,2.50%,2.50%,2.50%,5.00%,0.00%,0.00%,0.00%,0.00%,0.00%,0.00%,0.00%,0.00%,0.00%,0.00%,0.00%,0.00%,0.00%,0.00%,0.00%
2024-01-01,5.00%,0.00%,2.50%,5.00%,5.00%,0.00%,5.00%,0.00%,0.00%,0.00%,5.00%,5.00%,0.00%,0.00%,0.00%,2.50%,7.50%,0.00%,0.00%,0.00%,5.00%,0.00%,0.00%,2.50%,5.00%,7.50%,2.50%,7.50%,5.00%,5.00%,2.50%,2.50%,2.50%,2.50%,2.50%,5.00%,0.00%,0.00%,0.00%,0.00%,0.00%,0.00%,0.00%,0.00%,0.00%,0.00%,0.00%,0.00%,0.00%,0.00%,0.00%
2024-01-02,5.00%,0.00%,2.50%,5.00%,5.00%,0.00%,5.00%,0.00%,0.00%,0.00%,5.00%,5.00%,0.00%,0.00%,0.00%,2.50%,7.50%,0.00%,0.00%,0.00%,5.00%,0.00%,0.00%,2.50%,5.00%,7.50%,2.50%,7.50%,5.00%,5.00%,2.50%,2.50%,2.50%,2.50%,2.50%,5.00%,0.00%,0.00%,0.00%,0.00%,0.00%,0.00%,0.00%,0.00%,0.00%,0.00%,0.00%,0.00%,0.00%,0.00%,0.00%
2024-01-03,5.00%,0.00%,2.50%,5.00%,5.00%,0.00%,5.00%,0.00%,0.00%,0.00%,5.00%,5.00%,0.00%,0.00%,0.00%,2.50%,7.50%,0.00%,0.00%,0.00%,5.00%,0.00%,0.00%,2.50%,5.00%,7.50%,2.50%,7.50%,5.00%,5.00%,2.50%,2.50%,2.50%,2.50%,2.50%,5.00%,0.00%,0.00%,0.00%,0.00%,0.00%,0.00%,0.00%,0.00%,0.00%,0.00%,0.00%,0.00%,0.00%,0.00%,0.00%
2024-01-04,5.00%,0.00%,2.50%,5.00%,5.00%,0.00%,5.00%,0.00%,0.00%,0.00%,5.00%,5.00%,0.00%,0.00%,0.00%,2.50%,7.50%,0.00%,0.00%,0.00%,5.00%,0.00%,0.00%,2.50%,5.00%,7.50%,2.50%,7.50%,5.00%,5.00%,2.50%,2.50%,2.50%,2.50%,2.50%,5.00%,0.00%,0.00%,0.00%,0.00%,0.00%,0.00%,0.00%,0.00%,0.00%,0.00%,0.00%,0.00%,0.00%,0.00%,0.00%
2024-01-05,5.00%,0.00%,2.50%,5.00%,5.00%,0.00%,5.00%,0.00%,0.00%,0.00%,5.00%,5.00%,0.00%,0.00%,0.00%,2.50%,7.50%,0.00%,0.00%,0.00%,5.00%,0.00%,0.00%,2.50%,5.00%,7.50%,2.50%,7.50%,5.00%,5.00%,2.50%,2.50%,2.50%,2.50%,2.50%,5.00%,0.00%,0.00%,0.00%,0.00%,0.00%,0.00%,0.00%,0.00%,0.00%,0.00%,0.00%,0.00%,0.00%,0.00%,0.00%
2024-01-06,5.00%,0.00%,2.50%,5.00%,5.00%,0.00%,5.00%,0.00%,0.00%,0.00%,5.00%,5.00%,0.00%,0.00%,0.00%,2.50%,7.50%,0.00%,0.00%,0.00%,5.00%,0.00%,0.00%,2.50%,5.00%,7.50%,2.50%,7.50%,5.00%,5.00%,2.50%,2.50%,2.50%,2.50%,2.50%,5.00%,0.00%,0.00%,0.00%,0.00%,0.00%,0.00%,0.00%,0.00%,0.00%,0.00%,0.00%,0.00%,0.00%,0.00%,0.00%
2024-01-07,5.00%,0.00%,2.50%,5.00%,5.00%,0.00%,5.00%,0.00%,0.00%,0.00%,5.00%,5.00%,0.00%,0.00%,0.00%,2.50%,7.50%,0.00%,0.00%,0.00%,5.00%,0.00%,0.00%,2.50%,5.00%,7.50%,2.50%,7.50%,5.00%,5.00%,2.50%,2.50%,2.50%,2.50%,2.50%,5.00%,0.00%,0.00%,0.00%,0.00%,0.00%,0.00%,0.00%,0.00%,0.00%,0.00%,0.00%,0.00%,0.00%,0.00%,0.00%
2024-01-08,5.00%,0.00%,2.50%,5.00%,5.00%,0.00%,5.00%,0.00%,0.00%,0.00%,5.00%,5.00%,0.00%,0.00%,0.00%,2.50%,7.50%,0.00%,0.00%,0.00%,5.00%,0.00%,0.00%,2.50%,5.00%,7.50%,2.50%,7.50%,5.00%,5.00%,2.50%,2.50%,2.50%,2.50%,2.50%,5.00%,0.00%,0.00%,0.00%,0.00%,0.00%,0.00%,0.00%,0.00%,0.00%,0.00%,0.00%,0.00%,0.00%,0.00%,0.00%
2024-01-09,5.00%,0.00%,2.50%,5.00%,5.00%,0.00%,5.00%,0.00%,0.00%,0.00%,5.00%,5.00%,0.00%,0.00%,0.00%,2.50%,7.50%,0.00%,0.00%,0.00%,5.00%,0.00%,0.00%,2.50%,5.00%,7.50%,2.50%,7.50%,5.00%,5.00%,2.50%,2.50%,2.50%,2.50%,2.50%,5.00%,0.00%,0.00%,0.00%,0.00%,0.00%,0.00%,0.00%,0.00%,0.00%,0.00%,0.00%,0.00%,0.00%,0.00%,0.00%
2024-01-10,5.00%,0.00%,2.50%,5.00%,5.00%,0.00%,5.00%,0.00%,0.00%,0.00%,5.00%,5.00%,0.00%,0.00%,0.00%,2.50%,7.50%,0.00%,0.00%,0.00%,5.00%,0.00%,0.00%,2.50%,5.00%,7.50%,2.50%,7.50%,5.00%,5.00%,2.50%,2.50%,2.50%,2.50%,2.50%,5.00%,0.00%,0.00%,0.00%,0.00%,0.00%,0.00%,0.00%,0.00%,0.00%,0.00%,0.00%,0.00%,0.00%,0.00%,0.00%
2024-01-11,5.00%,0.00%,2.50%,5.00%,5.00%,0.00%,5.00%,0.00%,0.00%,0.00%,5.00%,5.00%,0.00%,0.00%,0.00%,2.50%,7.50%,0.00%,0.00%,0.00%,5.00%,0.00%,0.00%,2.50%,5.00%,7.50%,2.50%,7.50%,5.00%,5.00%,2.50%,2.50%,2.50%,2.50%,2.50%,5.00%,0.00%,0.00%,0.00%,0.00%,0.00%,0.00%,0.00%,0.00%,0.00%,0.00%,0.00%,0.00%,0.00%,0.00%,0.00%
2024-01-12,5.00%,0.00%,2.50%,5.00%,5.00%,0.00%,5.00%,0.00%,0.00%,0.00%,5.00%,5.00%,0.00%,0.00%,0.00%,2.50%,7.50%,0.00%,0.00%,0.00%,5.00%,0.00%,0.00%,2.50%,5.00%,7.50%,2.50%,7.50%,5.00%,5.00%,2.50%,2.50%,2.50%,2.50%,2.50%,5.00%,0.00%,0.00%,0.00%,0.00%,0.00%,0.00%,0.00%,0.00%,0.00%,0.00%,0.00%,0.00%,0.00%,0.00%,0.00%
2024-01-13,5.00%,0.00%,2.50%,5.00%,5.00%,0.00%,5.00%,0.00%,0.00%,0.00%,5.00%,5.00%,0.00%,0.00%,0.00%,2.50%,7.50%,0.00%,0.00%,0.00%,5.00%,0.00%,0.00%,2.50%,5.00%,7.50%,2.50%,7.50%,5.00%,5.00%,2.50%,2.50%,2.50%,2.50%,2.50%,5.00%,0.00%,0.00%,0.00%,0.00%,0.00%,0.00%,0.00%,0.00%,0.00%,0.00%,0.00%,0.00%,0.00%,0.00%,0.00%
2024-01-14,5.00%,0.00%,2.50%,5.00%,5.00%,0.00%,5.00%,0.00%,0.00%,0.00%,5.00%,5.00%,0.00%,0.00%,0.00%,2.50%,7.50%,0.00%,0.00%,0.00%,5.00%,0.00%,0.00%,2.50%,5.00%,7.50%,2.50%,7.50%,5.00%,5.00%,2.50%,2.50%,2.50%,2.50%,2.50%,5.00%,0.00%,0.00%,0.00%,0.00%,0.00%,0.00%,0.00%,0.00%,0.00%,0.00%,0.00%,0.00%,0.00%,0.00%,0.00%
2024-01-15,5.00%,0.00%,2.50%,5.00%,5.00%,0.00%,5.00%,0.00%,0.00%,0.00%,5.00%,5.00%,0.00%,0.00%,0.00%,2.50%,7.50%,0.00%,0.00%,0.00%,5.00%,0.00%,0.00%,2.50%,5.00%,7.50%,2.50%,7.50%,5.00%,5.00%,2.50%,2.50%,2.50%,2.50%,2.50%,5.00%,0.00%,0.00%,0.00%,0.00%,0.00%,0.00%,0.00%,0.00%,0.00%,0.00%,0.00%,0.00%,0.00%,0.00%,0.00%
2024-01-16,5.00%,0.00%,2.50%,5.00%,5.00%,0.00%,5.00%,0.00%,0.00%,0.00%,5.00%,5.00%,0.00%,0.00%,0.00%,2.50%,7.50%,0.00%,0.00%,0.00%,5.00%,0.00%,0.00%,2.50%,5.00%,7.50%,2.50%,7.50%,5.00%,5.00%,2.50%,2.50%,2.50%,2.50%,2.50%,5.00%,0.00%,0.00%,0.00%,0.00%,0.00%,0.00%,0.00%,0.00%,0.00%,0.00%,0.00%,0.00%,0.00%,0.00%,0.00%
2024-01-17,5.00%,0.00%,2.50%,5.00%,5.00%,0.00%,5.00%,0.00%,0.00%,0.00%,5.00%,5.00%,0.00%,0.00%,0.00%,2.50%,7.50%,0.00%,0.00%,0.00%,5.00%,0.00%,0.00%,2.50%,5.00%,7.50%,2.50%,7.50%,5.00%,5.00%,2.50%,2.50%,2.50%,2.50%,2.50%,5.00%,0.00%,0.00%,0.00%,0.00%,0.00%,0.00%,0.00%,0.00%,0.00%,0.00%,0.00%,0.00%,0.00%,0.00%,0.00%
2024-01-18,5.00%,0.00%,2.50%,5.00%,5.00%,0.00%,5.00%,0.00%,0.00%,0.00%,5.00%,5.00%,0.00%,0.00%,0.00%,2.50%,7.50%,0.00%,0.00%,0.00%,5.00%,0.00%,0.00%,2.50%,5.00%,7.50%,2.50%,7.50%,5.00%,5.00%,2.50%,2.50%,2.50%,2.50%,2.50%,5.00%,0.00%,0.00%,0.00%,0.00%,0.00%,0.00%,0.00%,0.00%,0.00%,0.00%,0.00%,0.00%,0.00%,0.00%,0.00%
2024-01-19,5.00%,0.00%,2.50%,5.00%,5.00%,0.00%,5.00%,0.00%,0.00%,0.00%,5.00%,5.00%,0.00%,0.00%,0.00%,2.50%,7.50%,0.00%,0.00%,0.00%,5.00%,0.00%,0.00%,2.50%,5.00%,7.50%,2.50%,7.50%,5.00%,5.00%,2.50%,2.50%,2.50%,2.50%,2.50%,5.00%,0.00%,0.00%,0.00%,0.00%,0.00%,0.00%,0.00%,0.00%,0.00%,0.00%,0.00%,0.00%,0.00%,0.00%,0.00%
2024-01-20,5.00%,0.00%,2.50%,5.00%,5.00%,0.00%,5.00%,0.00%,0.00%,0.00%,5.00%,5.00%,0.00%,0.00%,0.00%,2.50%,7.50%,0.00%,0.00%,0.00%,5.00%,0.00%,0.00%,2.50%,5.00%,7.50%,2.50%,7.50%,5.00%,5.00%,2.50%,2.50%,2.50%,2.50%,2.50%,5.00%,0.00%,0.00%,0.00%,0.00%,0.00%,0.00%,0.00%,0.00%,0.00%,0.00%,0.00%,0.00%,0.00%,0.00%,0.00%
2024-01-21,5.00%,0.00%,2.50%,5.00%,5.00%,0.00%,5.00%,0.00%,0.00%,0.00%,5.00%,5.00%,0.00%,0.00%,0.00%,2.50%,7.50%,0.00%,0.00%,0.00%,5.00%,0.00%,0.00%,2.50%,5.00%,7.50%,2.50%,7.50%,5.00%,5.00%,2.50%,2.50%,2.50%,2.50%,2.50%,5.00%,0.00%,0.00%,0.00%,0.00%,0.00%,0.00%,0.00%,0.00%,0.00%,0.00%,0.00%,0.00%,0.00%,0.00%,0.00%
2024-01-22,5.00%,0.00%,2.50%,5.00%,5.00%,0.00%,5.00%,0.00%,0.00%,0.00%,5.00%,5.00%,0.00%,0.00%,0.00%,2.50%,7.50%,0.00%,0.00%,0.00%,5.00%,0.00%,0.00%,2.50%,5.00%,7.50%,2.50%,7.50%,5.00%,5.00%,2.50%,2.50%,2.50%,2.50%,2.50%,5.00%,0.00%,0.00%,0.00%,0.00%,0.00%,0.00%,0.00%,0.00%,0.00%,0.00%,0.00%,0.00%,0.00%,0.00%,0.00%
2024-01-23,5.00%,0.00%,2.50%,5.00%,5.00%,0.00%,5.00%,0.00%,0.00%,0.00%,5.00%,5.00%,0.00%,0.00%,0.00%,2.50%,7.50%,0.00%,0.00%,0.00%,5.00%,0.00%,0.00%,2.50%,5.00%,7.50%,2.50%,7.50%,5.00%,5.00%,2.50%,2.50%,2.50%,2.50%,2.50%,5.00%,0.00%,0.00%,0.00%,0.00%,0.00%,0.00%,0.00%,0.00%,0.00%,0.00%,0.00%,0.00%,0.00%,0.00%,0.00%
2024-01-24,5.00%,0.00%,2.50%,5.00%,5.00%,0.00%,5.00%,0.00%,0.00%,0.00%,5.00%,5.00%,0.00%,0.00%,0.00%,2.50%,7.50%,0.00%,0.00%,0.00%,5.00%,0.00%,0.00%,2.50%,5.00%,7.50%,2.50%,7.50%,5.00%,5.00%,2.50%,2.50%,2.50%,2.50%,2.50%,5.00%,0.00%,0.00%,0.00%,0.00%,0.00%,0.00%,0.00%,0.00%,0.00%,0.00%,0.00%,0.00%,0.00%,0.00%,0.00%
2024-01-25,5.00%,0.00%,2.50%,5.00%,5.00%,0.00%,5.00%,0.00%,0.00%,0.00%,5.00%,5.00%,0.00%,0.00%,0.00%,2.50%,7.50%,0.00%,0.00%,0.00%,5.00%,0.00%,0.00%,2.50%,5.00%,7.50%,2.50%,7.50%,5.00%,5.00%,2.50%,2.50%,2.50%,2.50%,2.50%,5.00%,0.00%,0.00%,0.00%,0.00%,0.00%,0.00%,0.00%,0.00%,0.00%,0.00%,0.00%,0.00%,0.00%,0.00%,0.00%
2024-01-26,5.00%,0.00%,2.50%,5.00%,5.00%,0.00%,5.00%,0.00%,0.00%,0.00%,5.00%,5.00%,0.00%,0.00%,0.00%,2.50%,7.50%,0.00%,0.00%,0.00%,5.00%,0.00%,0.00%,2.50%,5.00%,7.50%,2.50%,7.50%,5.00%,5.00%,2.50%,2.50%,2.50%,2.50%,2.50%,5.00%,0.00%,0.00%,0.00%,0.00%,0.00%,0.00%,0.00%,0.00%,0.00%,0.00%,0.00%,0.00%,0.00%,0.00%,0.00%
2024-01-27,5.00%,0.00%,2.50%,5.00%,5.00%,0.00%,5.00%,0.00%,0.00%,0.00%,5.00%,5.00%,0.00%,0.00%,0.00%,2.50%,7.50%,0.00%,0.00%,0.00%,5.00%,0.00%,0.00%,2.50%,5.00%,7.50%,2.50%,7.50%,5.00%,5.00%,2.50%,2.50%,2.50%,2.50%,2.50%,5.00%,0.00%,0.00%,0.00%,0.00%,0.00%,0.00%,0.00%,0.00%,0.00%,0.00%,0.00%,0.00%,0.00%,0.00%,0.00%
2024-01-28,5.00%,0.00%,2.50%,5.00%,5.00%,0.00%,5.00%,0.00%,0.00%,0.00%,5.00%,5.00%,0.00%,0.00%,0.00%,2.50%,7.50%,0.00%,0.00%,0.00%,5.00%,0.00%,0.00%,2.50%,5.00%,7.50%,2.50%,7.50%,5.00%,5.00%,2.50%,2.50%,2.50%,2.50%,2.50%,5.00%,0.00%,0.00%,0.00%,0.00%,0.00%,0.00%,0.00%,0.00%,0.00%,0.00%,0.00%,0.00%,0.00%,0.00%,0.00%
2024-01-29,5.00%,0.00%,2.50%,5.00%,5.00%,0.00%,5.00%,0.00%,0.00%,0.00%,5.00%,5.00%,0.00%,0.00%,0.00%,2.50%,7.50%,0.00%,0.00%,0.00%,5.00%,0.00%,0.00%,2.50%,5.00%,7.50%,2.50%,7.50%,5.00%,5.00%,2.50%,2.50%,2.50%,2.50%,2.50%,5.00%,0.00%,0.00%,0.00%,0.00%,0.00%,0.00%,0.00%,0.00%,0.00%,0.00%,0.00%,0.00%,0.00%,0.00%,0.00%
2024-01-30,5.00%,0.00%,2.50%,5.00%,5.00%,0.00%,5.00%,0.00%,0.00%,0.00%,5.00%,5.00%,0.00%,0.00%,0.00%,2.50%,7.50%,0.00%,0.00%,0.00%,5.00%,0.00%,0.00%,2.50%,5.00%,7.50%,2.50%,7.50%,5.00%,5.00%,2.50%,2.50%,2.50%,2.50%,2.50%,5.00%,0.00%,0.00%,0.00%,0.00%,0.00%,0.00%,0.00%,0.00%,0.00%,0.00%,0.00%,0.00%,0.00%,0.00%,0.00%
2024-01-31,5.00%,0.00%,2.50%,5.00%,5.00%,0.00%,5.00%,0.00%,0.00%,0.00%,5.00%,5.00%,0.00%,0.00%,0.00%,2.50%,7.50%,0.00%,0.00%,0.00%,5.00%,0.00%,0.00%,2.50%,5.00%,7.50%,2.50%,7.50%,5.00%,5.00%,2.50%,2.50%,2.50%,2.50%,2.50%,5.00%,0.00%,0.00%,0.00%,0.00%,0.00%,0.00%,0.00%,0.00%,0.00%,0.00%,0.00%,0.00%,0.00%,0.00%,0.00%
2024-02-01,5.00%,0.00%,2.50%,5.00%,5.00%,0.00%,5.00%,0.00%,0.00%,0.00%,5.00%,5.00%,0.00%,0.00%,0.00%,2.50%,7.50%,0.00%,0.00%,0.00%,5.00%,0.00%,0.00%,2.50%,5.00%,7.50%,2.50%,7.50%,5.00%,5.00%,2.50%,2.50%,2.50%,2.50%,2.50%,5.00%,0.00%,0.00%,0.00%,0.00%,0.00%,0.00%,0.00%,0.00%,0.00%,0.00%,0.00%,0.00%,0.00%,0.00%,0.00%
2024-02-02,5.00%,0.00%,2.50%,5.00%,5.00%,0.00%,5.00%,0.00%,0.00%,0.00%,5.00%,5.00%,0.00%,0.00%,0.00%,2.50%,7.50%,0.00%,0.00%,0.00%,5.00%,0.00%,0.00%,2.50%,5.00%,7.50%,2.50%,7.50%,5.00%,5.00%,2.50%,2.50%,2.50%,2.50%,2.50%,5.00%,0.00%,0.00%,0.00%,0.00%,0.00%,0.00%,0.00%,0.00%,0.00%,0.00%,0.00%,0.00%,0.00%,0.00%,0.00%
2024-02-03,5.00%,0.00%,2.50%,5.00%,5.00%,0.00%,5.00%,0.00%,0.00%,0.00%,5.00%,5.00%,0.00%,0.00%,0.00%,2.50%,7.50%,0.00%,0.00%,0.00%,5.00%,0.00%,0.00%,2.50%,5.00%,7.50%,2.50%,7.50%,5.00%,5.00%,2.50%,2.50%,2.50%,2.50%,2.50%,5.00%,0.00%,0.00%,0.00%,0.00%,0.00%,0.00%,0.00%,0.00%,0.00%,0.00%,0.00%,0.00%,0.00%,0.00%,0.00%
2024-02-04,5.00%,0.00%,2.50%,5.00%,5.00%,0.00%,5.00%,0.00%,0.00%,0.00%,5.00%,5.00%,0.00%,0.00%,0.00%,2.50%,7.50%,0.00%,0.00%,0.00%,5.00%,0.00%,0.00%,2.50%,5.00%,7.50%,2.50%,7.50%,5.00%,5.00%,2.50%,2.50%,2.50%,2.50%,2.50%,5.00%,0.00%,0.00%,0.00%,0.00%,0.00%,0.00%,0.00%,0.00%,0.00%,0.00%,0.00%,0.00%,0.00%,0.00%,0.00%
2024-02-05,5.00%,0.00%,2.50%,5.00%,5.00%,0.00%,5.00%,0.00%,0.00%,0.00%,5.00%,5.00%,0.00%,0.00%,0.00%,2.50%,7.50%,0.00%,0.00%,0.00%,5.00%,0.00%,0.00%,2.50%,5.00%,7.50%,2.50%,7.50%,5.00%,5.00%,2.50%,2.50%,2.50%,2.50%,2.50%,5.00%,0.00%,0.00%,0.00%,0.00%,0.00%,0.00%,0.00%,0.00%,0.00%,0.00%,0.00%,0.00%,0.00%,0.00%,0.00%
2024-02-06,5.00%,0.00%,2.50%,5.00%,5.00%,0.00%,5.00%,0.00%,0.00%,0.00%,5.00%,5.00%,0.00%,0.00%,0.00%,2.50%,7.50%,0.00%,0.00%,0.00%,5.00%,0.00%,0.00%,2.50%,5.00%,7.50%,2.50%,7.50%,5.00%,5.00%,2.50%,2.50%,2.50%,2.50%,2.50%,5.00%,0.00%,0.00%,0.00%,0.00%,0.00%,0.00%,0.00%,0.00%,0.00%,0.00%,0.00%,0.00%,0.00%,0.00%,0.00%
2024-02-07,5.00%,0.00%,2.50%,5.00%,5.00%,0.00%,5.00%,0.00%,0.00%,0.00%,5.00%,5.00%,0.00%,0.00%,0.00%,2.50%,7.50%,0.00%,0.00%,0.00%,5.00%,0.00%,0.00%,2.50%,5.00%,7.50%,2.50%,7.50%,5.00%,5.00%,2.50%,2.50%,2.50%,2.50%,2.50%,5.00%,0.00%,0.00%,0.00%,0.00%,0.00%,0.00%,0.00%,0.00%,0.00%,0.00%,0.00%,0.00%,0.00%,0.00%,0.00%
2024-02-08,5.00%,0.00%,2.50%,5.00%,5.00%,0.00%,5.00%,0.00%,0.00%,0.00%,5.00%,5.00%,0.00%,0.00%,0.00%,2.50%,7.50%,0.00%,0.00%,0.00%,5.00%,0.00%,0.00%,2.50%,5.00%,7.50%,2.50%,7.50%,5.00%,5.00%,2.50%,2.50%,2.50%,2.50%,2.50%,5.00%,0.00%,0.00%,0.00%,0.00%,0.00%,0.00%,0.00%,0.00%,0.00%,0.00%,0.00%,0.00%,0.00%,0.00%,0.00%
2024-02-09,5.00%,0.00%,2.50%,5.00%,5.00%,0.00%,5.00%,0.00%,0.00%,0.00%,5.00%,5.00%,0.00%,0.00%,0.00%,2.50%,7.50%,0.00%,0.00%,0.00%,5.00%,0.00%,0.00%,2.50%,5.00%,7.50%,2.50%,7.50%,5.00%,5.00%,2.50%,2.50%,2.50%,2.50%,2.50%,5.00%,0.00%,0.00%,0.00%,0.00%,0.00%,0.00%,0.00%,0.00%,0.00%,0.00%,0.00%,0.00%,0.00%,0.00%,0.00%
2024-02-10,5.00%,0.00%,2.50%,5.00%,5.00%,0.00%,5.00%,0.00%,0.00%,0.00%,5.00%,5.00%,0.00%,0.00%,0.00%,2.50%,7.50%,0.00%,0.00%,0.00%,5.00%,0.00%,0.00%,2.50%,5.00%,7.50%,2.50%,7.50%,5.00%,5.00%,2.50%,2.50%,2.50%,2.50%,2.50%,5.00%,0.00%,0.00%,0.00%,0.00%,0.00%,0.00%,0.00%,0.00%,0.00%,0.00%,0.00%,0.00%,0.00%,0.00%,0.00%
2024-02-11,5.00%,0.00%,2.50%,5.00%,5.00%,0.00%,5.00%,0.00%,0.00%,0.00%,5.00%,5.00%,0.00%,0.00%,0.00%,2.50%,7.50%,0.00%,0.00%,0.00%,5.00%,0.00%,0.00%,2.50%,5.00%,7.50%,2.50%,7.50%,5.00%,5.00%,2.50%,2.50%,2.50%,2.50%,2.50%,5.00%,0.00%,0.00%,0.00%,0.00%,0.00%,0.00%,0.00%,0.00%,0.00%,0.00%,0.00%,0.00%,0.00%,0.00%,0.00%
2024-02-12,5.00%,0.00%,2.50%,5.00%,5.00%,0.00%,5.00%,0.00%,0.00%,0.00%,5.00%,5.00%,0.00%,0.00%,0.00%,2.50%,7.50%,0.00%,0.00%,0.00%,5.00%,0.00%,0.00%,2.50%,5.00%,7.50%,2.50%,7.50%,5.00%,5.00%,2.50%,2.50%,2.50%,2.50%,2.50%,5.00%,0.00%,0.00%,0.00%,0.00%,0.00%,0.00%,0.00%,0.00%,0.00%,0.00%,0.00%,0.00%,0.00%,0.00%,0.00%
2024-02-13,5.00%,0.00%,2.50%,5.00%,5.00%,0.00%,5.00%,0.00%,0.00%,0.00%,5.00%,5.00%,0.00%,0.00%,0.00%,2.50%,7.50%,0.00%,0.00%,0.00%,5.00%,0.00%,0.00%,2.50%,5.00%,7.50%,2.50%,7.50%,5.00%,5.00%,2.50%,2.50%,2.50%,2.50%,2.50%,5.00%,0.00%,0.00%,0.00%,0.00%,0.00%,0.00%,0.00%,0.00%,0.00%,0.00%,0.00%,0.00%,0.00%,0.00%,0.00%
2024-02-14,5.00%,0.00%,2.50%,5.00%,5.00%,0.00%,5.00%,0.00%,0.00%,0.00%,5.00%,5.00%,0.00%,0.00%,0.00%,2.50%,7.50%,0.00%,0.00%,0.00%,5.00%,0.00%,0.00%,2.50%,5.00%,7.50%,2.50%,7.50%,5.00%,5.00%,2.50%,2.50%,2.50%,2.50%,2.50%,5.00%,0.00%,0.00%,0.00%,0.00%,0.00%,0.00%,0.00%,0.00%,0.00%,0.00%,0.00%,0.00%,0.00%,0.00%,0.00%
2024-02-15,5.00%,0.00%,2.50%,5.00%,5.00%,0.00%,5.00%,0.00%,0.00%,0.00%,5.00%,5.00%,0.00%,0.00%,0.00%,2.50%,7.50%,0.00%,0.00%,0.00%,5.00%,0.00%,0.00%,2.50%,5.00%,7.50%,2.50%,7.50%,5.00%,5.00%,2.50%,2.50%,2.50%,2.50%,2.50%,5.00%,0.00%,0.00%,0.00%,0.00%,0.00%,0.00%,0.00%,0.00%,0.00%,0.00%,0.00%,0.00%,0.00%,0.00%,0.00%
2024-02-16,5.00%,0.00%,2.50%,5.00%,5.00%,0.00%,5.00%,0.00%,0.00%,0.00%,5.00%,5.00%,0.00%,0.00%,0.00%,2.50%,7.50%,0.00%,0.00%,0.00%,5.00%,0.00%,0.00%,2.50%,5.00%,7.50%,2.50%,7.50%,5.00%,5.00%,2.50%,2.50%,2.50%,2.50%,2.50%,5.00%,0.00%,0.00%,0.00%,0.00%,0.00%,0.00%,0.00%,0.00%,0.00%,0.00%,0.00%,0.00%,0.00%,0.00%,0.00%
2024-02-17,5.00%,0.00%,2.50%,5.00%,5.00%,0.00%,5.00%,0.00%,0.00%,0.00%,5.00%,5.00%,0.00%,0.00%,0.00%,2.50%,7.50%,0.00%,0.00%,0.00%,5.00%,0.00%,0.00%,2.50%,5.00%,7.50%,2.50%,7.50%,5.00%,5.00%,2.50%,2.50%,2.50%,2.50%,2.50%,5.00%,0.00%,0.00%,0.00%,0.00%,0.00%,0.00%,0.00%,0.00%,0.00%,0.00%,0.00%,0.00%,0.00%,0.00%,0.00%
2024-02-18,5.00%,0.00%,2.50%,5.00%,5.00%,0.00%,5.00%,0.00%,0.00%,0.00%,5.00%,5.00%,0.00%,0.00%,0.00%,2.50%,7.50%,0.00%,0.00%,0.00%,5.00%,0.00%,0.00%,2.50%,5.00%,7.50%,2.50%,7.50%,5.00%,5.00%,2.50%,2.50%,2.50%,2.50%,2.50%,5.00%,0.00%,0.00%,0.00%,0.00%,0.00%,0.00%,0.00%,0.00%,0.00%,0.00%,0.00%,0.00%,0.00%,0.00%,0.00%
2024-02-19,5.00%,0.00%,2.50%,5.00%,5.00%,0.00%,5.00%,0.00%,0.00%,0.00%,5.00%,5.00%,0.00%,0.00%,0.00%,2.50%,7.50%,0.00%,0.00%,0.00%,5.00%,0.00%,0.00%,2.50%,5.00%,7.50%,2.50%,7.50%,5.00%,5.00%,2.50%,2.50%,2.50%,2.50%,2.50%,5.00%,0.00%,0.00%,0.00%,0.00%,0.00%,0.00%,0.00%,0.00%,0.00%,0.00%,0.00%,0.00%,0.00%,0.00%,0.00%
2024-02-20,5.00%,0.00%,2.50%,5.00%,5.00%,0.00%,5.00%,0.00%,0.00%,0.00%,5.00%,5.00%,0.00%,0.00%,0.00%,2.50%,7.50%,0.00%,0.00%,0.00%,5.00%,0.00%,0.00%,2.50%,5.00%,7.50%,2.50%,7.50%,5.00%,5.00%,2.50%,2.50%,2.50%,2.50%,2.50%,5.00%,0.00%,0.00%,0.00%,0.00%,0.00%,0.00%,0.00%,0.00%,0.00%,0.00%,0.00%,0.00%,0.00%,0.00%,0.00%
2024-02-21,5.00%,0.00%,2.50%,5.00%,5.00%,0.00%,5.00%,0.00%,0.00%,0.00%,5.00%,5.00%,0.00%,0.00%,0.00%,2.50%,7.50%,0.00%,0.00%,0.00%,5.00%,0.00%,0.00%,2.50%,5.00%,7.50%,2.50%,7.50%,5.00%,5.00%,2.50%,2.50%,2.50%,2.50%,2.50%,5.00%,0.00%,0.00%,0.00%,0.00%,0.00%,0.00%,0.00%,0.00%,0.00%,0.00%,0.00%,0.00%,0.00%,0.00%,0.00%
2024-02-22,5.00%,0.00%,2.50%,5.00%,5.00%,0.00%,5.00%,0.00%,0.00%,0.00%,5.00%,5.00%,0.00%,0.00%,0.00%,2.50%,7.50%,0.00%,0.00%,0.00%,5.00%,0.00%,0.00%,2.50%,5.00%,7.50%,2.50%,7.50%,5.00%,5.00%,2.50%,2.50%,2.50%,2.50%,2.50%,5.00%,0.00%,0.00%,0.00%,0.00%,0.00%,0.00%,0.00%,0.00%,0.00%,0.00%,0.00%,0.00%,0.00%,0.00%,0.00%
2024-02-23,5.00%,0.00%,2.50%,5.00%,5.00%,0.00%,5.00%,0.00%,0.00%,0.00%,5.00%,5.00%,0.00%,0.00%,0.00%,2.50%,7.50%,0.00%,0.00%,0.00%,5.00%,0.00%,0.00%,2.50%,5.00%,7.50%,2.50%,7.50%,5.00%,5.00%,2.50%,2.50%,2.50%,2.50%,2.50%,5.00%,0.00%,0.00%,0.00%,0.00%,0.00%,0.00%,0.00%,0.00%,0.00%,0.00%,0.00%,0.00%,0.00%,0.00%,0.00%
2024-02-24,5.00%,0.00%,2.50%,5.00%,5.00%,0.00%,5.00%,0.00%,0.00%,0.00%,5.00%,5.00%,0.00%,0.00%,0.00%,2.50%,7.50%,0.00%,0.00%,0.00%,5.00%,0.00%,0.00%,2.50%,5.00%,7.50%,2.50%,7.50%,5.00%,5.00%,2.50%,2.50%,2.50%,2.50%,2.50%,5.00%,0.00%,0.00%,0.00%,0.00%,0.00%,0.00%,0.00%,0.00%,0.00%,0.00%,0.00%,0.00%,0.00%,0.00%,0.00%
2024-02-25,5.00%,0.00%,2.50%,5.00%,5.00%,0.00%,5.00%,0.00%,0.00%,0.00%,5.00%,5.00%,0.00%,0.00%,0.00%,2.50%,7.50%,0.00%,0.00%,0.00%,5.00%,0.00%,0.00%,2.50%,5.00%,7.50%,2.50%,7.50%,5.00%,5.00%,2.50%,2.50%,2.50%,2.50%,2.50%,5.00%,0.00%,0.00%,0.00%,0.00%,0.00%,0.00%,0.00%,0.00%,0.00%,0.00%,0.00%,0.00%,0.00%,0.00%,0.00%
2024-02-26,5.00%,0.00%,2.50%,5.00%,5.00%,0.00%,5.00%,0.00%,0.00%,0.00%,5.00%,5.00%,0.00%,0.00%,0.00%,2.50%,7.50%,0.00%,0.00%,0.00%,5.00%,0.00%,0.00%,2.50%,5.00%,7.50%,2.50%,7.50%,5.00%,5.00%,2.50%,2.50%,2.50%,2.50%,2.50%,5.00%,0.00%,0.00%,0.00%,0.00%,0.00%,0.00%,0.00%,0.00%,0.00%,0.00%,0.00%,0.00%,0.00%,0.00%,0.00%
2024-02-27,5.00%,0.00%,2.50%,5.00%,5.00%,0.00%,5.00%,0.00%,0.00%,0.00%,5.00%,5.00%,0.00%,0.00%,0.00%,2.50%,7.50%,0.00%,0.00%,0.00%,5.00%,0.00%,0.00%,2.50%,5.00%,7.50%,2.50%,7.50%,5.00%,5.00%,2.50%,2.50%,2.50%,2.50%,2.50%,5.00%,0.00%,0.00%,0.00%,0.00%,0.00%,0.00%,0.00%,0.00%,0.00%,0.00%,0.00%,0.00%,0.00%,0.00%,0.00%
2024-02-28,5.00%,0.00%,2.50%,5.00%,5.00%,0.00%,5.00%,0.00%,0.00%,0.00%,5.00%,5.00%,0.00%,0.00%,0.00%,2.50%,7.50%,0.00%,0.00%,0.00%,5.00%,0.00%,0.00%,2.50%,5.00%,7.50%,2.50%,7.50%,5.00%,5.00%,2.50%,2.50%,2.50%,2.50%,2.50%,5.00%,0.00%,0.00%,0.00%,0.00%,0.00%,0.00%,0.00%,0.00%,0.00%,0.00%,0.00%,0.00%,0.00%,0.00%,0.00%
2024-02-29,5.00%,0.00%,2.50%,5.00%,5.00%,1.00%,3.75%,0.00%,0.00%,0.00%,5.00%,5.00%,0.00%,0.00%,0.00%,2.50%,7.50%,0.00%,0.00%,0.00%,5.00%,0.00%,0.00%,2.50%,5.00%,7.50%,2.50%,7.50%,5.00%,3.75%,2.50%,2.50%,3.75%,3.50%,2.50%,3.75%,0.50%,0.00%,0.00%,0.00%,0.00%,0.00%,0.00%,0.00%,0.00%,0.00%,0.00%,0.00%,0.00%,0.00%,0.00%
2024-03-01,5.00%,0.00%,2.50%,5.00%,5.00%,2.00%,2.50%,0.00%,0.00%,0.00%,5.00%,5.00%,0.00%,0.00%,0.00%,2.50%,7.50%,0.00%,0.00%,0.00%,5.00%,0.00%,0.00%,2.50%,5.00%,7.50%,2.50%,7.50%,5.00%,2.50%,2.50%,2.50%,5.00%,4.50%,2.50%,2.50%,1.00%,0.00%,0.00%,0.00%,0.00%,0.00%,0.00%,0.00%,0.00%,0.00%,0.00%,0.00%,0.00%,0.00%,0.00%
2024-03-02,5.00%,0.00%,2.50%,5.00%,5.00%,2.00%,2.50%,0.00%,0.00%,0.00%,5.00%,5.00%,0.00%,0.00%,0.00%,2.50%,7.50%,0.00%,0.00%,0.00%,5.00%,0.00%,0.00%,2.50%,5.00%,7.50%,2.50%,7.50%,5.00%,2.50%,2.50%,2.50%,5.00%,4.50%,2.50%,2.50%,1.00%,0.00%,0.00%,0.00%,0.00%,0.00%,0.00%,0.00%,0.00%,0.00%,0.00%,0.00%,0.00%,0.00%,0.00%
2024-03-03,5.00%,0.00%,2.50%,5.00%,5.00%,2.00%,2.50%,0.00%,0.00%,0.00%,5.00%,5.00%,0.00%,0.00%,0.00%,2.50%,7.50%,0.00%,0.00%,0.00%,5.00%,0.00%,0.00%,2.50%,5.00%,7.50%,2.50%,7.50%,5.00%,2.50%,2.50%,2.50%,5.00%,4.50%,2.50%,2.50%,1.00%,0.00%,0.00%,0.00%,0.00%,0.00%,0.00%,0.00%,0.00%,0.00%,0.00%,0.00%,0.00%,0.00%,0.00%
2024-03-04,5.00%,0.00%,2.50%,5.00%,5.00%,2.00%,2.50%,0.00%,0.00%,0.00%,5.00%,5.00%,0.00%,0.00%,0.00%,2.50%,7.50%,0.00%,0.00%,0.00%,5.00%,0.00%,0.00%,2.50%,5.00%,7.50%,2.50%,7.50%,5.00%,2.50%,2.50%,2.50%,5.00%,4.50%,2.50%,2.50%,1.00%,0.00%,0.00%,0.00%,0.00%,0.00%,0.00%,0.00%,0.00%,0.00%,0.00%,0.00%,0.00%,0.00%,0.00%
2024-03-05,5.00%,0.00%,2.50%,5.00%,5.00%,2.00%,2.50%,0.00%,0.00%,0.00%,5.00%,5.00%,0.00%,0.00%,0.00%,2.50%,7.50%,0.00%,0.00%,0.00%,5.00%,0.00%,0.00%,2.50%,5.00%,7.50%,2.50%,7.50%,5.00%,2.50%,2.50%,2.50%,5.00%,4.50%,2.50%,2.50%,1.00%,0.00%,0.00%,0.00%,0.00%,0.00%,0.00%,0.00%,0.00%,0.00%,0.00%,0.00%,0.00%,0.00%,0.00%
2024-03-06,5.00%,0.00%,2.50%,5.00%,5.00%,2.00%,2.50%,0.00%,0.00%,0.00%,5.00%,5.00%,0.00%,0.00%,0.00%,2.50%,7.50%,0.00%,0.00%,0.00%,5.00%,0.00%,0.00%,2.50%,5.00%,7.50%,2.50%,7.50%,5.00%,2.50%,2.50%,2.50%,5.00%,4.50%,2.50%,2.50%,1.00%,0.00%,0.00%,0.00%,0.00%,0.00%,0.00%,0.00%,0.00%,0.00%,0.00%,0.00%,0.00%,0.00%,0.00%
2024-03-07,5.00%,0.00%,2.50%,5.00%,5.00%,2.00%,2.50%,0.00%,0.00%,0.00%,5.00%,5.00%,0.00%,0.00%,0.00%,2.50%,7.50%,0.00%,0.00%,0.00%,5.00%,0.00%,0.00%,2.50%,5.00%,7.50%,2.50%,7.50%,5.00%,2.50%,2.50%,2.50%,5.00%,4.50%,2.50%,2.50%,1.00%,0.00%,0.00%,0.00%,0.00%,0.00%,0.00%,0.00%,0.00%,0.00%,0.00%,0.00%,0.00%,0.00%,0.00%
2024-03-08,7.00%,0.00%,2.50%,5.00%,5.00%,4.00%,2.50%,0.00%,0.00%,0.00%,5.00%,5.00%,0.00%,0.00%,0.00%,2.50%,8.50%,0.00%,0.00%,0.00%,5.00%,0.00%,0.00%,2.50%,0.00%,7.50%,2.50%,7.50%,5.00%,2.50%,2.50%,2.50%,5.00%,4.50%,2.50%,2.50%,1.00%,0.00%,0.00%,0.00%,0.00%,0.00%,0.00%,0.00%,0.00%,0.00%,0.00%,0.00%,0.00%,0.00%,0.00%
2024-03-09,7.00%,0.00%,2.50%,5.00%,5.00%,4.00%,2.50%,0.00%,0.00%,0.00%,5.00%,5.00%,0.00%,0.00%,0.00%,2.50%,8.50%,0.00%,0.00%,0.00%,5.00%,0.00%,0.00%,2.50%,0.00%,7.50%,2.50%,7.50%,5.00%,2.50%,2.50%,2.50%,5.00%,4.50%,2.50%,2.50%,1.00%,0.00%,0.00%,0.00%,0.00%,0.00%,0.00%,0.00%,0.00%,0.00%,0.00%,0.00%,0.00%,0.00%,0.00%
2024-03-10,7.00%,0.00%,2.50%,5.00%,5.00%,4.00%,2.50%,0.00%,0.00%,0.00%,5.00%,5.00%,0.00%,0.00%,0.00%,2.50%,8.50%,0.00%,0.00%,0.00%,5.00%,0.00%,0.00%,2.50%,0.00%,7.50%,2.50%,7.50%,5.00%,2.50%,2.50%,2.50%,5.00%,4.50%,2.50%,2.50%,1.00%,0.00%,0.00%,0.00%,0.00%,0.00%,0.00%,0.00%,0.00%,0.00%,0.00%,0.00%,0.00%,0.00%,0.00%
2024-03-11,7.00%,0.00%,2.50%,5.00%,5.00%,4.00%,2.50%,0.00%,0.00%,0.00%,5.00%,5.00%,0.00%,0.00%,0.00%,2.50%,8.50%,0.00%,0.00%,0.00%,5.00%,0.00%,0.00%,2.50%,0.00%,7.50%,2.50%,7.50%,5.00%,2.50%,2.50%,2.50%,5.00%,4.50%,2.50%,2.50%,1.00%,0.00%,0.00%,0.00%,0.00%,0.00%,0.00%,0.00%,0.00%,0.00%,0.00%,0.00%,0.00%,0.00%,0.00%
2024-03-12,7.00%,0.00%,2.50%,5.00%,5.00%,4.00%,2.50%,0.00%,0.00%,0.00%,5.00%,5.00%,0.00%,0.00%,0.00%,2.50%,8.50%,0.00%,0.00%,0.00%,5.00%,0.00%,0.00%,2.50%,0.00%,7.50%,2.50%,7.50%,5.00%,2.50%,2.50%,2.50%,5.00%,4.50%,2.50%,2.50%,1.00%,0.00%,0.00%,0.00%,0.00%,0.00%,0.00%,0.00%,0.00%,0.00%,0.00%,0.00%,0.00%,0.00%,0.00%
2024-03-13,7.00%,0.00%,2.50%,5.00%,5.00%,4.00%,2.50%,0.00%,0.00%,0.00%,5.00%,5.00%,0.00%,0.00%,0.00%,2.50%,8.50%,0.00%,0.00%,0.00%,5.00%,0.00%,0.00%,2.50%,0.00%,7.50%,2.50%,7.50%,5.00%,2.50%,2.50%,2.50%,5.00%,4.50%,2.50%,2.50%,1.00%,0.00%,0.00%,0.00%,0.00%,0.00%,0.00%,0.00%,0.00%,0.00%,0.00%,0.00%,0.00%,0.00%,0.00%
2024-03-14,7.00%,0.00%,2.50%,5.00%,5.00%,4.00%,2.50%,0.00%,0.00%,0.00%,5.00%,5.00%,0.00%,0.00%,0.00%,2.50%,8.50%,0.00%,0.00%,0.00%,5.00%,0.00%,0.00%,2.50%,0.00%,7.50%,2.50%,7.50%,5.00%,2.50%,2.50%,2.50%,5.00%,4.50%,2.50%,2.50%,1.00%,0.00%,0.00%,0.00%,0.00%,0.00%,0.00%,0.00%,0.00%,0.00%,0.00%,0.00%,0.00%,0.00%,0.00%
2024-03-15,7.00%,0.00%,2.50%,5.00%,5.00%,4.00%,2.50%,0.00%,0.00%,0.00%,5.00%,5.00%,0.00%,0.00%,0.00%,2.50%,8.50%,0.00%,0.00%,0.00%,5.00%,0.00%,0.00%,2.50%,0.00%,7.50%,2.50%,7.50%,5.00%,2.50%,2.50%,2.50%,5.00%,4.50%,2.50%,2.50%,1.00%,0.00%,0.00%,0.00%,0.00%,0.00%,0.00%,0.00%,0.00%,0.00%,0.00%,0.00%,0.00%,0.00%,0.00%
2024-03-16,7.00%,0.00%,2.50%,5.00%,5.00%,4.00%,2.50%,0.00%,0.00%,0.00%,5.00%,5.00%,0.00%,0.00%,0.00%,2.50%,8.50%,0.00%,0.00%,0.00%,5.00%,0.00%,0.00%,2.50%,0.00%,7.50%,2.50%,7.50%,5.00%,2.50%,2.50%,2.50%,5.00%,4.50%,2.50%,2.50%,1.00%,0.00%,0.00%,0.00%,0.00%,0.00%,0.00%,0.00%,0.00%,0.00%,0.00%,0.00%,0.00%,0.00%,0.00%
2024-03-17,7.00%,0.00%,2.50%,5.00%,5.00%,4.00%,2.50%,0.00%,0.00%,0.00%,5.00%,5.00%,0.00%,0.00%,0.00%,2.50%,8.50%,0.00%,0.00%,0.00%,5.00%,0.00%,0.00%,2.50%,0.00%,7.50%,2.50%,7.50%,5.00%,2.50%,2.50%,2.50%,5.00%,4.50%,2.50%,2.50%,1.00%,0.00%,0.00%,0.00%,0.00%,0.00%,0.00%,0.00%,0.00%,0.00%,0.00%,0.00%,0.00%,0.00%,0.00%
2024-03-18,7.00%,0.00%,2.50%,5.00%,5.00%,4.00%,2.50%,0.00%,0.00%,0.00%,5.00%,5.00%,0.00%,0.00%,0.00%,2.50%,8.50%,0.00%,0.00%,0.00%,5.00%,0.00%,0.00%,2.50%,0.00%,7.50%,2.50%,7.50%,5.00%,2.50%,2.50%,2.50%,5.00%,4.50%,2.50%,2.50%,1.00%,0.00%,0.00%,0.00%,0.00%,0.00%,0.00%,0.00%,0.00%,0.00%,0.00%,0.00%,0.00%,0.00%,0.00%
2024-03-19,7.00%,0.00%,2.50%,5.00%,5.00%,4.00%,2.50%,0.00%,0.00%,0.00%,5.00%,5.00%,0.00%,0.00%,0.00%,2.50%,8.50%,0.00%,0.00%,0.00%,5.00%,0.00%,0.00%,2.50%,0.00%,7.50%,2.50%,7.50%,5.00%,2.50%,2.50%,2.50%,5.00%,4.50%,2.50%,2.50%,1.00%,0.00%,0.00%,0.00%,0.00%,0.00%,0.00%,0.00%,0.00%,0.00%,0.00%,0.00%,0.00%,0.00%,0.00%
2024-03-20,7.00%,0.00%,2.50%,5.00%,5.00%,4.00%,2.50%,0.00%,0.00%,0.00%,5.00%,5.00%,0.00%,0.00%,0.00%,2.50%,8.50%,0.00%,0.00%,0.00%,5.00%,0.00%,0.00%,2.50%,0.00%,7.50%,2.50%,7.50%,5.00%,2.50%,2.50%,2.50%,5.00%,4.50%,2.50%,2.50%,1.00%,0.00%,0.00%,0.00%,0.00%,0.00%,0.00%,0.00%,0.00%,0.00%,0.00%,0.00%,0.00%,0.00%,0.00%
2024-03-21,7.00%,0.00%,2.50%,5.00%,5.00%,4.00%,2.50%,0.00%,0.00%,0.00%,5.00%,5.00%,0.00%,0.00%,0.00%,2.50%,8.50%,0.00%,0.00%,0.00%,5.00%,0.00%,0.00%,2.50%,0.00%,7.50%,2.50%,7.50%,5.00%,2.50%,2.50%,2.50%,5.00%,4.50%,2.50%,2.50%,1.00%,0.00%,0.00%,0.00%,0.00%,0.00%,0.00%,0.00%,0.00%,0.00%,0.00%,0.00%,0.00%,0.00%,0.00%
2024-03-22,7.00%,0.00%,2.50%,5.00%,5.00%,4.00%,2.50%,0.00%,0.00%,0.00%,5.00%,5.00%,0.00%,0.00%,0.00%,2.50%,8.50%,0.00%,0.00%,0.00%,5.00%,0.00%,0.00%,2.50%,0.00%,7.50%,2.50%,7.50%,5.00%,2.50%,2.50%,2.50%,5.00%,4.50%,2.50%,2.50%,1.00%,0.00%,0.00%,0.00%,0.00%,0.00%,0.00%,0.00%,0.00%,0.00%,0.00%,0.00%,0.00%,0.00%,0.00%
2024-03-23,7.00%,0.00%,2.50%,5.00%,5.00%,4.00%,2.50%,0.00%,0.00%,0.00%,5.00%,5.00%,0.00%,0.00%,0.00%,2.50%,8.50%,0.00%,0.00%,0.00%,5.00%,0.00%,0.00%,2.50%,0.00%,7.50%,2.50%,7.50%,5.00%,2.50%,2.50%,2.50%,5.00%,4.50%,2.50%,2.50%,1.00%,0.00%,0.00%,0.00%,0.00%,0.00%,0.00%,0.00%,0.00%,0.00%,0.00%,0.00%,0.00%,0.00%,0.00%
2024-03-24,7.00%,0.00%,2.50%,5.00%,5.00%,4.00%,2.50%,0.00%,0.00%,0.00%,5.00%,5.00%,0.00%,0.00%,0.00%,2.50%,8.50%,0.00%,0.00%,0.00%,5.00%,0.00%,0.00%,2.50%,0.00%,7.50%,2.50%,7.50%,5.00%,2.50%,2.50%,2.50%,5.00%,4.50%,2.50%,2.50%,1.00%,0.00%,0.00%,0.00%,0.00%,0.00%,0.00%,0.00%,0.00%,0.00%,0.00%,0.00%,0.00%,0.00%,0.00%
2024-03-25,7.00%,0.00%,2.50%,5.00%,5.00%,4.00%,2.50%,0.00%,0.00%,0.00%,5.00%,5.00%,0.00%,0.00%,0.00%,2.50%,8.50%,0.00%,0.00%,0.00%,5.00%,0.00%,0.00%,2.50%,0.00%,7.50%,2.50%,7.50%,5.00%,2.50%,2.50%,2.50%,5.00%,4.50%,2.50%,2.50%,1.00%,0.00%,0.00%,0.00%,0.00%,0.00%,0.00%,0.00%,0.00%,0.00%,0.00%,0.00%,0.00%,0.00%,0.00%
2024-03-26,7.00%,0.00%,2.50%,5.00%,5.00%,4.00%,2.50%,0.00%,0.00%,0.00%,5.00%,5.00%,0.00%,0.00%,0.00%,2.50%,8.50%,0.00%,0.00%,0.00%,5.00%,0.00%,0.00%,2.50%,0.00%,7.50%,2.50%,7.50%,5.00%,2.50%,2.50%,2.50%,5.00%,4.50%,2.50%,2.50%,1.00%,0.00%,0.00%,0.00%,0.00%,0.00%,0.00%,0.00%,0.00%,0.00%,0.00%,0.00%,0.00%,0.00%,0.00%
2024-03-27,7.00%,0.00%,2.50%,5.00%,5.00%,4.00%,2.50%,0.00%,0.00%,0.00%,5.00%,5.00%,0.00%,0.00%,0.00%,2.50%,8.50%,0.00%,0.00%,0.00%,5.00%,0.00%,0.00%,2.50%,0.00%,7.50%,2.50%,7.50%,5.00%,2.50%,2.50%,2.50%,5.00%,4.50%,2.50%,2.50%,1.00%,0.00%,0.00%,0.00%,0.00%,0.00%,0.00%,0.00%,0.00%,0.00%,0.00%,0.00%,0.00%,0.00%,0.00%
2024-03-28,7.00%,0.00%,2.50%,5.00%,5.00%,4.00%,2.50%,0.00%,0.00%,0.00%,5.00%,5.00%,0.00%,0.00%,0.00%,2.50%,8.50%,0.00%,0.00%,0.00%,5.00%,0.00%,0.00%,2.50%,0.00%,7.50%,2.50%,7.50%,5.00%,2.50%,2.50%,2.50%,5.00%,4.50%,2.50%,2.50%,1.00%,0.00%,0.00%,0.00%,0.00%,0.00%,0.00%,0.00%,0.00%,0.00%,0.00%,0.00%,0.00%,0.00%,0.00%
2024-03-29,7.00%,0.00%,2.50%,5.00%,5.00%,4.00%,2.50%,0.00%,0.00%,0.00%,5.00%,5.00%,0.00%,0.00%,0.00%,2.50%,8.50%,0.00%,0.00%,0.00%,5.00%,0.00%,0.00%,2.50%,0.00%,7.50%,2.50%,7.50%,5.00%,2.50%,2.50%,2.50%,5.00%,4.50%,2.50%,2.50%,1.00%,0.00%,0.00%,0.00%,0.00%,0.00%,0.00%,0.00%,0.00%,0.00%,0.00%,0.00%,0.00%,0.00%,0.00%
2024-03-30,7.00%,0.00%,2.50%,5.00%,5.00%,4.00%,2.50%,0.00%,0.00%,0.00%,5.00%,5.00%,0.00%,0.00%,0.00%,2.50%,8.50%,0.00%,0.00%,0.00%,5.00%,0.00%,0.00%,2.50%,0.00%,7.50%,2.50%,7.50%,5.00%,2.50%,2.50%,2.50%,5.00%,4.50%,2.50%,2.50%,1.00%,0.00%,0.00%,0.00%,0.00%,0.00%,0.00%,0.00%,0.00%,0.00%,0.00%,0.00%,0.00%,0.00%,0.00%
2024-03-31,7.00%,0.00%,2.50%,5.00%,5.00%,4.00%,2.50%,0.00%,0.00%,0.00%,5.00%,5.00%,0.00%,0.00%,0.00%,2.50%,8.50%,0.00%,0.00%,0.00%,5.00%,0.00%,0.00%,2.50%,0.00%,7.50%,2.50%,7.50%,5.00%,2.50%,2.50%,2.50%,5.00%,4.50%,2.50%,2.50%,1.00%,0.00%,0.00%,0.00%,0.00%,0.00%,0.00%,0.00%,0.00%,0.00%,0.00%,0.00%,0.00%,0.00%,0.00%
2024-04-01,7.00%,0.00%,2.50%,5.00%,5.00%,4.00%,2.50%,0.00%,0.00%,0.00%,5.00%,5.00%,0.00%,0.00%,0.00%,2.50%,8.50%,0.00%,0.00%,0.00%,5.00%,0.00%,0.00%,2.50%,0.00%,7.50%,2.50%,7.50%,5.00%,2.50%,2.50%,2.50%,5.00%,4.50%,2.50%,2.50%,1.00%,0.00%,0.00%,0.00%,0.00%,0.00%,0.00%,0.00%,0.00%,0.00%,0.00%,0.00%,0.00%,0.00%,0.00%
2024-04-02,7.00%,0.00%,2.50%,5.00%,5.00%,4.00%,2.50%,0.00%,0.00%,0.00%,5.00%,5.00%,0.00%,0.00%,0.00%,2.50%,8.50%,0.00%,0.00%,0.00%,5.00%,0.00%,0.00%,2.50%,0.00%,7.50%,2.50%,7.50%,5.00%,2.50%,2.50%,2.50%,5.00%,4.50%,2.50%,2.50%,1.00%,0.00%,0.00%,0.00%,0.00%,0.00%,0.00%,0.00%,0.00%,0.00%,0.00%,0.00%,0.00%,0.00%,0.00%
2024-04-03,7.00%,0.00%,2.50%,5.00%,5.00%,4.00%,2.50%,0.00%,0.00%,0.00%,5.00%,5.00%,0.00%,0.00%,0.00%,2.50%,8.50%,0.00%,0.00%,0.00%,5.00%,0.00%,0.00%,2.50%,0.00%,7.50%,2.50%,7.50%,5.00%,2.50%,2.50%,2.50%,5.00%,4.50%,2.50%,2.50%,1.00%,0.00%,0.00%,0.00%,0.00%,0.00%,0.00%,0.00%,0.00%,0.00%,0.00%,0.00%,0.00%,0.00%,0.00%
2024-04-04,7.00%,0.00%,2.50%,5.00%,5.00%,4.00%,2.50%,0.00%,0.00%,0.00%,5.00%,5.00%,0.00%,0.00%,0.00%,2.50%,8.50%,0.00%,0.00%,0.00%,5.00%,0.00%,0.00%,2.50%,0.00%,7.50%,2.50%,7.50%,5.00%,2.50%,2.50%,2.50%,5.00%,4.50%,2.50%,2.50%,1.00%,0.00%,0.00%,0.00%,0.00%,0.00%,0.00%,0.00%,0.00%,0.00%,0.00%,0.00%,0.00%,0.00%,0.00%
2024-04-05,7.00%,0.00%,2.50%,5.00%,5.00%,4.00%,2.50%,0.00%,0.00%,0.00%,5.00%,5.00%,0.00%,0.00%,0.00%,2.50%,8.50%,0.00%,0.00%,0.00%,5.00%,0.00%,0.00%,2.50%,0.00%,7.50%,2.50%,7.50%,5.00%,2.50%,2.50%,2.50%,5.00%,4.50%,2.50%,2.50%,1.00%,0.00%,0.00%,0.00%,0.00%,0.00%,0.00%,0.00%,0.00%,0.00%,0.00%,0.00%,0.00%,0.00%,0.00%
2024-04-06,7.00%,0.00%,2.50%,5.00%,5.00%,4.00%,2.50%,0.00%,0.00%,0.00%,5.00%,5.00%,0.00%,0.00%,0.00%,2.50%,8.50%,0.00%,0.00%,0.00%,5.00%,0.00%,0.00%,2.50%,0.00%,7.50%,2.50%,7.50%,5.00%,2.50%,2.50%,2.50%,5.00%,4.50%,2.50%,2.50%,1.00%,0.00%,0.00%,0.00%,0.00%,0.00%,0.00%,0.00%,0.00%,0.00%,0.00%,0.00%,0.00%,0.00%,0.00%
2024-04-07,7.00%,0.00%,2.50%,5.00%,5.00%,4.00%,2.50%,0.00%,0.00%,0.00%,5.00%,5.00%,0.00%,0.00%,0.00%,2.50%,8.50%,0.00%,0.00%,0.00%,5.00%,0.00%,0.00%,2.50%,0.00%,7.50%,2.50%,7.50%,5.00%,2.50%,2.50%,2.50%,5.00%,4.50%,2.50%,2.50%,1.00%,0.00%,0.00%,0.00%,0.00%,0.00%,0.00%,0.00%,0.00%,0.00%,0.00%,0.00%,0.00%,0.00%,0.00%
2024-04-08,7.00%,0.00%,2.50%,5.00%,5.00%,4.00%,2.50%,0.00%,0.00%,0.00%,5.00%,5.00%,0.00%,0.00%,0.00%,2.50%,8.50%,0.00%,0.00%,0.00%,5.00%,0.00%,0.00%,2.50%,0.00%,7.50%,2.50%,7.50%,5.00%,2.50%,2.50%,2.50%,5.00%,4.50%,2.50%,2.50%,1.00%,0.00%,0.00%,0.00%,0.00%,0.00%,0.00%,0.00%,0.00%,0.00%,0.00%,0.00%,0.00%,0.00%,0.00%
2024-04-09,7.00%,0.00%,2.50%,5.00%,5.00%,4.00%,2.50%,0.00%,0.00%,0.00%,5.00%,5.00%,0.00%,0.00%,0.00%,2.50%,8.50%,0.00%,0.00%,0.00%,5.00%,0.00%,0.00%,2.50%,0.00%,7.50%,2.50%,7.50%,5.00%,2.50%,2.50%,2.50%,5.00%,4.50%,2.50%,2.50%,1.00%,0.00%,0.00%,0.00%,0.00%,0.00%,0.00%,0.00%,0.00%,0.00%,0.00%,0.00%,0.00%,0.00%,0.00%
2024-04-10,7.00%,0.00%,2.50%,5.00%,5.00%,4.00%,2.50%,0.00%,0.00%,0.00%,5.00%,5.00%,0.00%,0.00%,0.00%,2.50%,8.50%,0.00%,0.00%,0.00%,5.00%,0.00%,0.00%,2.50%,0.00%,7.50%,2.50%,7.50%,5.00%,2.50%,2.50%,2.50%,5.00%,4.50%,2.50%,2.50%,1.00%,0.00%,0.00%,0.00%,0.00%,0.00%,0.00%,0.00%,0.00%,0.00%,0.00%,0.00%,0.00%,0.00%,0.00%
2024-04-11,7.00%,0.00%,2.50%,5.00%,5.00%,4.00%,2.50%,0.00%,0.00%,0.00%,5.00%,5.00%,0.00%,0.00%,0.00%,2.50%,8.50%,0.00%,0.00%,0.00%,5.00%,0.00%,0.00%,2.50%,0.00%,7.50%,2.50%,7.50%,5.00%,2.50%,2.50%,2.50%,5.00%,4.50%,2.50%,2.50%,1.00%,0.00%,0.00%,0.00%,0.00%,0.00%,0.00%,0.00%,0.00%,0.00%,0.00%,0.00%,0.00%,0.00%,0.00%
2024-04-12,7.00%,0.00%,2.50%,5.00%,5.00%,4.00%,2.50%,0.00%,0.00%,0.00%,5.00%,5.00%,0.00%,0.00%,0.00%,2.50%,8.50%,0.00%,0.00%,0.00%,5.00%,0.00%,0.00%,2.50%,0.00%,7.50%,2.50%,7.50%,5.00%,2.50%,2.50%,2.50%,5.00%,4.50%,2.50%,2.50%,1.00%,0.00%,0.00%,0.00%,0.00%,0.00%,0.00%,0.00%,0.00%,0.00%,0.00%,0.00%,0.00%,0.00%,0.00%
2024-04-13,7.00%,0.00%,2.50%,5.00%,5.00%,4.00%,2.50%,0.00%,0.00%,0.00%,5.00%,5.00%,0.00%,0.00%,0.00%,2.50%,8.50%,0.00%,0.00%,0.00%,5.00%,0.00%,0.00%,2.50%,0.00%,7.50%,2.50%,7.50%,5.00%,2.50%,2.50%,2.50%,5.00%,4.50%,2.50%,2.50%,1.00%,0.00%,0.00%,0.00%,0.00%,0.00%,0.00%,0.00%,0.00%,0.00%,0.00%,0.00%,0.00%,0.00%,0.00%
2024-04-14,7.00%,0.00%,2.50%,5.00%,5.00%,4.00%,2.50%,0.00%,0.00%,0.00%,5.00%,5.00%,0.00%,0.00%,0.00%,2.50%,8.50%,0.00%,0.00%,0.00%,5.00%,0.00%,0.00%,2.50%,0.00%,7.50%,2.50%,7.50%,5.00%,2.50%,2.50%,2.50%,5.00%,4.50%,2.50%,2.50%,1.00%,0.00%,0.00%,0.00%,0.00%,0.00%,0.00%,0.00%,0.00%,0.00%,0.00%,0.00%,0.00%,0.00%,0.00%
2024-04-15,7.00%,0.00%,2.50%,5.00%,5.00%,4.00%,2.50%,0.00%,0.00%,0.00%,5.00%,5.00%,0.00%,0.00%,0.00%,2.50%,8.50%,0.00%,0.00%,0.00%,5.00%,0.00%,0.00%,2.50%,0.00%,7.50%,2.50%,7.50%,5.00%,2.50%,2.50%,2.50%,5.00%,4.50%,2.50%,2.50%,1.00%,0.00%,0.00%,0.00%,0.00%,0.00%,0.00%,0.00%,0.00%,0.00%,0.00%,0.00%,0.00%,0.00%,0.00%
2024-04-16,7.00%,0.00%,2.50%,5.00%,5.00%,4.00%,2.50%,0.00%,0.00%,0.00%,5.00%,5.00%,0.00%,0.00%,0.00%,2.50%,8.50%,0.00%,0.00%,0.00%,5.00%,0.00%,0.00%,2.50%,0.00%,7.50%,2.50%,7.50%,5.00%,2.50%,2.50%,2.50%,5.00%,4.50%,2.50%,2.50%,1.00%,0.00%,0.00%,0.00%,0.00%,0.00%,0.00%,0.00%,0.00%,0.00%,0.00%,0.00%,0.00%,0.00%,0.00%
2024-04-17,7.00%,0.00%,2.50%,5.00%,5.00%,4.00%,2.50%,0.00%,0.00%,0.00%,5.00%,5.00%,0.00%,0.00%,0.00%,2.50%,8.50%,0.00%,0.00%,0.00%,5.00%,0.00%,0.00%,2.50%,0.00%,7.50%,2.50%,7.50%,5.00%,2.50%,2.50%,2.50%,5.00%,4.50%,2.50%,2.50%,1.00%,0.00%,0.00%,0.00%,0.00%,0.00%,0.00%,0.00%,0.00%,0.00%,0.00%,0.00%,0.00%,0.00%,0.00%
2024-04-18,7.00%,0.00%,2.50%,5.00%,5.00%,4.00%,2.50%,0.00%,0.00%,0.00%,5.00%,5.00%,0.00%,0.00%,0.00%,2.50%,8.50%,0.00%,0.00%,0.00%,5.00%,0.00%,0.00%,2.50%,0.00%,7.50%,2.50%,7.50%,5.00%,2.50%,2.50%,2.50%,5.00%,4.50%,2.50%,2.50%,1.00%,0.00%,0.00%,0.00%,0.00%,0.00%,0.00%,0.00%,0.00%,0.00%,0.00%,0.00%,0.00%,0.00%,0.00%
2024-04-19,7.00%,0.00%,2.50%,5.00%,5.00%,4.00%,2.50%,0.00%,0.00%,0.00%,5.00%,5.00%,0.00%,0.00%,0.00%,2.50%,8.50%,0.00%,0.00%,0.00%,5.00%,0.00%,0.00%,2.50%,0.00%,7.50%,2.50%,7.50%,5.00%,2.50%,2.50%,2.50%,5.00%,4.50%,2.50%,2.50%,1.00%,0.00%,0.00%,0.00%,0.00%,0.00%,0.00%,0.00%,0.00%,0.00%,0.00%,0.00%,0.00%,0.00%,0.00%
2024-04-20,7.00%,0.00%,2.50%,5.00%,5.00%,4.00%,2.50%,0.00%,0.00%,0.00%,5.00%,5.00%,0.00%,0.00%,0.00%,2.50%,8.50%,0.00%,0.00%,0.00%,5.00%,0.00%,0.00%,2.50%,0.00%,7.50%,2.50%,7.50%,5.00%,2.50%,2.50%,2.50%,5.00%,4.50%,2.50%,2.50%,1.00%,0.00%,0.00%,0.00%,0.00%,0.00%,0.00%,0.00%,0.00%,0.00%,0.00%,0.00%,0.00%,0.00%,0.00%
2024-04-21,7.00%,0.00%,2.50%,5.00%,5.00%,4.00%,2.50%,0.00%,0.00%,0.00%,5.00%,5.00%,0.00%,0.00%,0.00%,2.50%,8.50%,0.00%,0.00%,0.00%,5.00%,0.00%,0.00%,2.50%,0.00%,7.50%,2.50%,7.50%,5.00%,2.50%,2.50%,2.50%,5.00%,4.50%,2.50%,2.50%,1.00%,0.00%,0.00%,0.00%,0.00%,0.00%,0.00%,0.00%,0.00%,0.00%,0.00%,0.00%,0.00%,0.00%,0.00%
2024-04-22,7.00%,0.00%,2.50%,5.00%,5.00%,4.00%,2.50%,0.00%,0.00%,0.00%,5.00%,5.00%,0.00%,0.00%,0.00%,2.50%,8.50%,0.00%,0.00%,0.00%,5.00%,0.00%,0.00%,2.50%,0.00%,7.50%,2.50%,7.50%,5.00%,2.50%,2.50%,2.50%,5.00%,4.50%,2.50%,2.50%,1.00%,0.00%,0.00%,0.00%,0.00%,0.00%,0.00%,0.00%,0.00%,0.00%,0.00%,0.00%,0.00%,0.00%,0.00%
2024-04-23,7.00%,0.00%,2.50%,5.00%,5.00%,4.00%,2.50%,0.00%,0.00%,0.00%,5.00%,5.00%,0.00%,0.00%,0.00%,2.50%,8.50%,0.00%,0.00%,0.00%,5.00%,0.00%,0.00%,2.50%,0.00%,7.50%,2.50%,7.50%,5.00%,2.50%,2.50%,2.50%,5.00%,4.50%,2.50%,2.50%,1.00%,0.00%,0.00%,0.00%,0.00%,0.00%,0.00%,0.00%,0.00%,0.00%,0.00%,0.00%,0.00%,0.00%,0.00%
2024-04-24,10.00%,0.00%,5.00%,0.00%,0.00%,2.00%,0.00%,0.00%,0.00%,0.00%,0.00%,0.00%,0.00%,0.00%,0.00%,0.00%,4.50%,0.00%,0.00%,0.00%,0.00%,2.00%,0.00%,5.00%,0.00%,10.00%,2.50%,12.00%,5.00%,4.00%,2.50%,5.00%,7.00%,7.00%,5.00%,6.50%,5.00%,0.00%,0.00%,0.00%,0.00%,0.00%,0.00%,0.00%,0.00%,0.00%,0.00%,0.00%,0.00%,0.00%,0.00%
2024-04-25,10.00%,0.00%,5.00%,0.00%,0.00%,2.00%,0.00%,0.00%,0.00%,0.00%,0.00%,0.00%,0.00%,0.00%,0.00%,0.00%,4.50%,0.00%,0.00%,0.00%,0.00%,2.00%,0.00%,5.00%,0.00%,10.00%,2.50%,12.00%,5.00%,4.00%,2.50%,5.00%,7.00%,7.00%,5.00%,6.50%,5.00%,0.00%,0.00%,0.00%,0.00%,0.00%,0.00%,0.00%,0.00%,0.00%,0.00%,0.00%,0.00%,0.00%,0.00%
2024-04-26,10.00%,0.00%,5.00%,0.00%,0.00%,2.00%,0.00%,0.00%,0.00%,0.00%,0.00%,0.00%,0.00%,0.00%,0.00%,0.00%,4.50%,0.00%,0.00%,0.00%,0.00%,2.00%,0.00%,5.00%,0.00%,10.00%,2.50%,12.00%,5.00%,4.00%,2.50%,5.00%,7.00%,7.00%,5.00%,6.50%,5.00%,0.00%,0.00%,0.00%,0.00%,0.00%,0.00%,0.00%,0.00%,0.00%,0.00%,0.00%,0.00%,0.00%,0.00%
2024-04-27,10.00%,0.00%,5.00%,0.00%,0.00%,2.00%,0.00%,0.00%,0.00%,0.00%,0.00%,0.00%,0.00%,0.00%,0.00%,0.00%,4.50%,0.00%,0.00%,0.00%,0.00%,2.00%,0.00%,5.00%,0.00%,10.00%,2.50%,12.00%,5.00%,4.00%,2.50%,5.00%,7.00%,7.00%,5.00%,6.50%,5.00%,0.00%,0.00%,0.00%,0.00%,0.00%,0.00%,0.00%,0.00%,0.00%,0.00%,0.00%,0.00%,0.00%,0.00%
2024-04-28,10.00%,0.00%,5.00%,0.00%,0.00%,2.00%,0.00%,0.00%,0.00%,0.00%,0.00%,0.00%,0.00%,0.00%,0.00%,0.00%,4.50%,0.00%,0.00%,0.00%,0.00%,2.00%,0.00%,5.00%,0.00%,10.00%,2.50%,12.00%,5.00%,4.00%,2.50%,5.00%,7.00%,7.00%,5.00%,6.50%,5.00%,0.00%,0.00%,0.00%,0.00%,0.00%,0.00%,0.00%,0.00%,0.00%,0.00%,0.00%,0.00%,0.00%,0.00%
2024-04-29,10.00%,0.00%,5.00%,0.00%,0.00%,2.00%,0.00%,0.00%,0.00%,0.00%,0.00%,0.00%,0.00%,0.00%,0.00%,0.00%,4.50%,0.00%,0.00%,0.00%,0.00%,2.00%,0.00%,5.00%,0.00%,10.00%,2.50%,12.00%,5.00%,4.00%,2.50%,5.00%,7.00%,7.00%,5.00%,6.50%,5.00%,0.00%,0.00%,0.00%,0.00%,0.00%,0.00%,0.00%,0.00%,0.00%,0.00%,0.00%,0.00%,0.00%,0.00%
2024-04-30,10.00%,0.00%,5.00%,0.00%,0.00%,2.00%,0.00%,0.00%,0.00%,0.00%,0.00%,0.00%,0.00%,0.00%,0.00%,0.00%,4.50%,0.00%,0.00%,0.00%,0.00%,2.00%,0.00%,5.00%,0.00%,10.00%,2.50%,12.00%,5.00%,4.00%,2.50%,5.00%,7.00%,7.00%,5.00%,6.50%,5.00%,0.00%,0.00%,0.00%,0.00%,0.00%,0.00%,0.00%,0.00%,0.00%,0.00%,0.00%,0.00%,0.00%,0.00%
2024-05-01,10.00%,0.00%,5.00%,0.00%,0.00%,2.00%,0.00%,0.00%,0.00%,0.00%,0.00%,0.00%,0.00%,0.00%,0.00%,0.00%,4.50%,0.00%,0.00%,0.00%,0.00%,2.00%,0.00%,5.00%,0.00%,10.00%,2.50%,12.00%,5.00%,4.00%,2.50%,5.00%,7.00%,7.00%,5.00%,6.50%,5.00%,0.00%,0.00%,0.00%,0.00%,0.00%,0.00%,0.00%,0.00%,0.00%,0.00%,0.00%,0.00%,0.00%,0.00%
2024-05-02,10.00%,0.00%,5.00%,0.00%,0.00%,2.00%,0.00%,0.00%,0.00%,0.00%,0.00%,0.00%,0.00%,0.00%,0.00%,0.00%,4.50%,0.00%,0.00%,0.00%,0.00%,2.00%,0.00%,5.00%,0.00%,10.00%,2.50%,12.00%,5.00%,4.00%,2.50%,5.00%,7.00%,7.00%,5.00%,6.50%,5.00%,0.00%,0.00%,0.00%,0.00%,0.00%,0.00%,0.00%,0.00%,0.00%,0.00%,0.00%,0.00%,0.00%,0.00%
2024-05-03,10.00%,0.00%,5.00%,0.00%,0.00%,2.00%,0.00%,0.00%,0.00%,0.00%,0.00%,0.00%,0.00%,0.00%,0.00%,0.00%,4.50%,0.00%,0.00%,0.00%,0.00%,2.00%,0.00%,5.00%,0.00%,10.00%,2.50%,12.00%,5.00%,4.00%,2.50%,5.00%,7.00%,7.00%,5.00%,6.50%,5.00%,0.00%,0.00%,0.00%,0.00%,0.00%,0.00%,0.00%,0.00%,0.00%,0.00%,0.00%,0.00%,0.00%,0.00%
2024-05-04,10.00%,0.00%,5.00%,0.00%,0.00%,2.00%,0.00%,0.00%,0.00%,0.00%,0.00%,0.00%,0.00%,0.00%,0.00%,0.00%,4.50%,0.00%,0.00%,0.00%,0.00%,2.00%,0.00%,5.00%,0.00%,10.00%,2.50%,12.00%,5.00%,4.00%,2.50%,5.00%,7.00%,7.00%,5.00%,6.50%,5.00%,0.00%,0.00%,0.00%,0.00%,0.00%,0.00%,0.00%,0.00%,0.00%,0.00%,0.00%,0.00%,0.00%,0.00%
2024-05-05,10.00%,0.00%,5.00%,0.00%,0.00%,2.00%,0.00%,0.00%,0.00%,0.00%,0.00%,0.00%,0.00%,0.00%,0.00%,0.00%,4.50%,0.00%,0.00%,0.00%,0.00%,2.00%,0.00%,5.00%,0.00%,10.00%,2.50%,12.00%,5.00%,4.00%,2.50%,5.00%,7.00%,7.00%,5.00%,6.50%,5.00%,0.00%,0.00%,0.00%,0.00%,0.00%,0.00%,0.00%,0.00%,0.00%,0.00%,0.00%,0.00%,0.00%,0.00%
2024-05-06,10.00%,0.00%,5.00%,0.00%,0.00%,2.00%,0.00%,0.00%,0.00%,0.00%,0.00%,0.00%,0.00%,0.00%,0.00%,0.00%,4.50%,0.00%,0.00%,0.00%,0.00%,2.00%,0.00%,5.00%,0.00%,10.00%,2.50%,12.00%,5.00%,4.00%,2.50%,5.00%,7.00%,7.00%,5.00%,6.50%,5.00%,0.00%,0.00%,0.00%,0.00%,0.00%,0.00%,0.00%,0.00%,0.00%,0.00%,0.00%,0.00%,0.00%,0.00%
2024-05-07,10.00%,0.00%,5.00%,0.00%,0.00%,2.00%,0.00%,0.00%,0.00%,0.00%,0.00%,0.00%,0.00%,0.00%,0.00%,0.00%,4.50%,0.00%,0.00%,0.00%,0.00%,2.00%,0.00%,5.00%,0.00%,10.00%,2.50%,12.00%,5.00%,4.00%,2.50%,5.00%,7.00%,7.00%,5.00%,6.50%,5.00%,0.00%,0.00%,0.00%,0.00%,0.00%,0.00%,0.00%,0.00%,0.00%,0.00%,0.00%,0.00%,0.00%,0.00%
2024-05-08,10.00%,0.00%,5.00%,0.00%,0.00%,2.00%,0.00%,0.00%,0.00%,0.00%,0.00%,0.00%,0.00%,0.00%,0.00%,0.00%,4.50%,0.00%,0.00%,0.00%,0.00%,2.00%,0.00%,5.00%,0.00%,10.00%,2.50%,12.00%,5.00%,4.00%,2.50%,5.00%,7.00%,7.00%,5.00%,6.50%,5.00%,0.00%,0.00%,0.00%,0.00%,0.00%,0.00%,0.00%,0.00%,0.00%,0.00%,0.00%,0.00%,0.00%,0.00%
2024-05-09,10.00%,0.00%,5.00%,0.00%,0.00%,2.00%,0.00%,0.00%,0.00%,0.00%,0.00%,0.00%,0.00%,0.00%,0.00%,0.00%,4.50%,0.00%,0.00%,0.00%,0.00%,2.00%,0.00%,5.00%,0.00%,10.00%,2.50%,12.00%,5.00%,4.00%,2.50%,5.00%,7.00%,7.00%,5.00%,6.50%,5.00%,0.00%,0.00%,0.00%,0.00%,0.00%,0.00%,0.00%,0.00%,0.00%,0.00%,0.00%,0.00%,0.00%,0.00%
2024-05-10,10.00%,0.00%,5.00%,0.00%,0.00%,2.00%,0.00%,0.00%,0.00%,0.00%,0.00%,0.00%,0.00%,0.00%,0.00%,0.00%,4.50%,0.00%,0.00%,0.00%,0.00%,2.00%,0.00%,5.00%,0.00%,10.00%,2.50%,12.00%,5.00%,4.00%,2.50%,5.00%,7.00%,7.00%,5.00%,6.50%,5.00%,0.00%,0.00%,0.00%,0.00%,0.00%,0.00%,0.00%,0.00%,0.00%,0.00%,0.00%,0.00%,0.00%,0.00%
2024-05-11,10.00%,0.00%,5.00%,0.00%,0.00%,2.00%,0.00%,0.00%,0.00%,0.00%,0.00%,0.00%,0.00%,0.00%,0.00%,0.00%,4.50%,0.00%,0.00%,0.00%,0.00%,2.00%,0.00%,5.00%,0.00%,10.00%,2.50%,12.00%,5.00%,4.00%,2.50%,5.00%,7.00%,7.00%,5.00%,6.50%,5.00%,0.00%,0.00%,0.00%,0.00%,0.00%,0.00%,0.00%,0.00%,0.00%,0.00%,0.00%,0.00%,0.00%,0.00%
2024-05-12,10.00%,0.00%,5.00%,0.00%,0.00%,2.00%,0.00%,0.00%,0.00%,0.00%,0.00%,0.00%,0.00%,0.00%,0.00%,0.00%,4.50%,0.00%,0.00%,0.00%,0.00%,2.00%,0.00%,5.00%,0.00%,10.00%,2.50%,12.00%,5.00%,4.00%,2.50%,5.00%,7.00%,7.00%,5.00%,6.50%,5.00%,0.00%,0.00%,0.00%,0.00%,0.00%,0.00%,0.00%,0.00%,0.00%,0.00%,0.00%,0.00%,0.00%,0.00%
2024-05-13,10.00%,0.00%,5.00%,0.00%,0.00%,2.00%,0.00%,0.00%,0.00%,0.00%,0.00%,0.00%,0.00%,0.00%,0.00%,0.00%,4.50%,0.00%,0.00%,0.00%,0.00%,2.00%,0.00%,5.00%,0.00%,10.00%,2.50%,12.00%,5.00%,4.00%,2.50%,5.00%,7.00%,7.00%,5.00%,6.50%,5.00%,0.00%,0.00%,0.00%,0.00%,0.00%,0.00%,0.00%,0.00%,0.00%,0.00%,0.00%,0.00%,0.00%,0.00%
2024-05-14,10.00%,0.00%,5.00%,0.00%,0.00%,2.00%,0.00%,0.00%,0.00%,0.00%,0.00%,0.00%,0.00%,0.00%,0.00%,0.00%,4.50%,0.00%,0.00%,0.00%,0.00%,2.00%,0.00%,5.00%,0.00%,10.00%,2.50%,12.00%,5.00%,4.00%,2.50%,5.00%,7.00%,7.00%,5.00%,6.50%,5.00%,0.00%,0.00%,0.00%,0.00%,0.00%,0.00%,0.00%,0.00%,0.00%,0.00%,0.00%,0.00%,0.00%,0.00%
2024-05-15,10.00%,0.00%,5.00%,0.00%,0.00%,2.00%,0.00%,0.00%,0.00%,0.00%,0.00%,0.00%,0.00%,0.00%,0.00%,0.00%,4.50%,0.00%,0.00%,0.00%,0.00%,2.00%,0.00%,5.00%,0.00%,10.00%,2.50%,12.00%,5.00%,4.00%,2.50%,5.00%,7.00%,7.00%,5.00%,6.50%,5.00%,0.00%,0.00%,0.00%,0.00%,0.00%,0.00%,0.00%,0.00%,0.00%,0.00%,0.00%,0.00%,0.00%,0.00%
2024-05-16,10.00%,0.00%,5.00%,0.00%,0.00%,2.00%,0.00%,0.00%,0.00%,0.00%,0.00%,0.00%,0.00%,0.00%,0.00%,0.00%,4.50%,0.00%,0.00%,0.00%,0.00%,2.00%,0.00%,5.00%,0.00%,10.00%,2.50%,12.00%,5.00%,4.00%,2.50%,5.00%,7.00%,7.00%,5.00%,6.50%,5.00%,0.00%,0.00%,0.00%,0.00%,0.00%,0.00%,0.00%,0.00%,0.00%,0.00%,0.00%,0.00%,0.00%,0.00%
2024-05-17,5.00%,0.00%,5.00%,0.00%,0.00%,2.00%,0.00%,0.00%,0.00%,0.00%,0.00%,0.00%,0.00%,0.00%,0.00%,0.00%,0.00%,0.00%,0.00%,0.00%,0.00%,2.00%,0.00%,5.00%,0.00%,10.00%,0.00%,20.00%,5.00%,0.00%,0.00%,10.00%,12.00%,10.00%,5.00%,2.00%,7.00%,0.00%,0.00%,0.00%,0.00%,0.00%,0.00%,0.00%,0.00%,0.00%,0.00%,0.00%,0.00%,0.00%,0.00%
2024-05-18,5.00%,0.00%,5.00%,0.00%,0.00%,2.00%,0.00%,0.00%,0.00%,0.00%,0.00%,0.00%,0.00%,0.00%,0.00%,0.00%,0.00%,0.00%,0.00%,0.00%,0.00%,2.00%,0.00%,5.00%,0.00%,10.00%,0.00%,20.00%,5.00%,0.00%,0.00%,10.00%,12.00%,10.00%,5.00%,2.00%,7.00%,0.00%,0.00%,0.00%,0.00%,0.00%,0.00%,0.00%,0.00%,0.00%,0.00%,0.00%,0.00%,0.00%,0.00%
2024-05-19,5.00%,0.00%,5.00%,0.00%,0.00%,2.00%,0.00%,0.00%,0.00%,0.00%,0.00%,0.00%,0.00%,0.00%,0.00%,0.00%,0.00%,0.00%,0.00%,0.00%,0.00%,2.00%,0.00%,5.00%,0.00%,10.00%,0.00%,20.00%,5.00%,0.00%,0.00%,10.00%,12.00%,10.00%,5.00%,2.00%,7.00%,0.00%,0.00%,0.00%,0.00%,0.00%,0.00%,0.00%,0.00%,0.00%,0.00%,0.00%,0.00%,0.00%,0.00%
2024-05-20,5.00%,0.00%,5.00%,0.00%,0.00%,2.00%,0.00%,0.00%,0.00%,0.00%,0.00%,0.00%,0.00%,0.00%,0.00%,0.00%,0.00%,0.00%,0.00%,0.00%,0.00%,2.00%,0.00%,5.00%,0.00%,10.00%,0.00%,20.00%,5.00%,0.00%,0.00%,10.00%,12.00%,10.00%,5.00%,2.00%,7.00%,0.00%,0.00%,0.00%,0.00%,0.00%,0.00%,0.00%,0.00%,0.00%,0.00%,0.00%,0.00%,0.00%,0.00%
2024-05-21,10.00%,0.00%,5.00%,0.00%,0.00%,2.00%,0.00%,0.00%,0.00%,0.00%,0.00%,0.00%,0.00%,0.00%,0.00%,0.00%,0.00%,0.00%,0.00%,0.00%,0.00%,2.00%,0.00%,5.00%,0.00%,10.00%,0.00%,15.00%,5.00%,0.00%,0.00%,10.00%,12.00%,10.00%,5.00%,0.00%,7.00%,2.00%,0.00%,0.00%,0.00%,0.00%,0.00%,0.00%,0.00%,0.00%,0.00%,0.00%,0.00%,0.00%,0.00%
2024-05-22,10.00%,0.00%,5.00%,0.00%,0.00%,2.00%,0.00%,0.00%,0.00%,0.00%,0.00%,0.00%,0.00%,0.00%,0.00%,0.00%,0.00%,0.00%,0.00%,0.00%,0.00%,2.00%,0.00%,5.00%,0.00%,10.00%,0.00%,15.00%,5.00%,0.00%,0.00%,10.00%,12.00%,10.00%,5.00%,0.00%,7.00%,2.00%,0.00%,0.00%,0.00%,0.00%,0.00%,0.00%,0.00%,0.00%,0.00%,0.00%,0.00%,0.00%,0.00%
2024-05-23,10.00%,0.00%,5.00%,0.00%,0.00%,2.00%,0.00%,0.00%,0.00%,0.00%,0.00%,0.00%,0.00%,0.00%,0.00%,0.00%,0.00%,0.00%,0.00%,0.00%,0.00%,2.00%,0.00%,5.00%,0.00%,10.00%,0.00%,15.00%,5.00%,0.00%,0.00%,10.00%,12.00%,10.00%,5.00%,0.00%,7.00%,2.00%,0.00%,0.00%,0.00%,0.00%,0.00%,0.00%,0.00%,0.00%,0.00%,0.00%,0.00%,0.00%,0.00%
2024-05-24,10.00%,0.00%,5.00%,0.00%,0.00%,2.00%,0.00%,0.00%,0.00%,0.00%,0.00%,0.00%,0.00%,0.00%,0.00%,0.00%,0.00%,0.00%,0.00%,0.00%,0.00%,2.00%,0.00%,5.00%,0.00%,10.00%,0.00%,15.00%,5.00%,0.00%,0.00%,10.00%,12.00%,10.00%,5.00%,0.00%,7.00%,2.00%,0.00%,0.00%,0.00%,0.00%,0.00%,0.00%,0.00%,0.00%,0.00%,0.00%,0.00%,0.00%,0.00%
2024-05-25,10.00%,0.00%,5.00%,0.00%,0.00%,2.00%,0.00%,0.00%,0.00%,0.00%,0.00%,0.00%,0.00%,0.00%,0.00%,0.00%,0.00%,0.00%,0.00%,0.00%,0.00%,2.00%,0.00%,5.00%,0.00%,10.00%,0.00%,15.00%,5.00%,0.00%,0.00%,10.00%,12.00%,10.00%,5.00%,0.00%,7.00%,2.00%,0.00%,0.00%,0.00%,0.00%,0.00%,0.00%,0.00%,0.00%,0.00%,0.00%,0.00%,0.00%,0.00%
2024-05-26,10.00%,0.00%,5.00%,0.00%,0.00%,2.00%,0.00%,0.00%,0.00%,0.00%,0.00%,0.00%,0.00%,0.00%,0.00%,0.00%,0.00%,0.00%,0.00%,0.00%,0.00%,2.00%,0.00%,5.00%,0.00%,10.00%,0.00%,15.00%,5.00%,0.00%,0.00%,10.00%,12.00%,10.00%,5.00%,0.00%,7.00%,2.00%,0.00%,0.00%,0.00%,0.00%,0.00%,0.00%,0.00%,0.00%,0.00%,0.00%,0.00%,0.00%,0.00%
2024-05-27,10.00%,0.00%,5.00%,0.00%,0.00%,2.00%,0.00%,0.00%,0.00%,0.00%,0.00%,0.00%,0.00%,0.00%,0.00%,0.00%,0.00%,0.00%,0.00%,0.00%,0.00%,2.00%,0.00%,5.00%,0.00%,10.00%,0.00%,15.00%,5.00%,0.00%,0.00%,10.00%,12.00%,10.00%,5.00%,0.00%,7.00%,2.00%,0.00%,0.00%,0.00%,0.00%,0.00%,0.00%,0.00%,0.00%,0.00%,0.00%,0.00%,0.00%,0.00%
2024-05-28,10.00%,0.00%,5.00%,0.00%,0.00%,2.00%,0.00%,0.00%,0.00%,0.00%,0.00%,0.00%,0.00%,0.00%,0.00%,0.00%,0.00%,0.00%,0.00%,0.00%,0.00%,2.00%,0.00%,5.00%,0.00%,10.00%,0.00%,15.00%,5.00%,0.00%,0.00%,10.00%,12.00%,10.00%,5.00%,0.00%,7.00%,2.00%,0.00%,0.00%,0.00%,0.00%,0.00%,0.00%,0.00%,0.00%,0.00%,0.00%,0.00%,0.00%,0.00%
2024-05-29,10.00%,0.00%,5.00%,0.00%,0.00%,2.00%,0.00%,0.00%,0.00%,0.00%,0.00%,0.00%,0.00%,0.00%,0.00%,0.00%,0.00%,0.00%,0.00%,0.00%,0.00%,2.00%,0.00%,5.00%,0.00%,10.00%,0.00%,15.00%,5.00%,0.00%,0.00%,10.00%,12.00%,10.00%,5.00%,0.00%,7.00%,2.00%,0.00%,0.00%,0.00%,0.00%,0.00%,0.00%,0.00%,0.00%,0.00%,0.00%,0.00%,0.00%,0.00%
2024-05-30,10.00%,0.00%,5.00%,0.00%,0.00%,2.00%,0.00%,0.00%,0.00%,0.00%,0.00%,0.00%,0.00%,0.00%,0.00%,0.00%,0.00%,0.00%,0.00%,0.00%,0.00%,2.00%,0.00%,5.00%,0.00%,10.00%,0.00%,15.00%,5.00%,0.00%,0.00%,10.00%,12.00%,10.00%,5.00%,0.00%,7.00%,2.00%,0.00%,0.00%,0.00%,0.00%,0.00%,0.00%,0.00%,0.00%,0.00%,0.00%,0.00%,0.00%,0.00%
2024-05-31,10.00%,0.00%,5.00%,0.00%,0.00%,2.00%,0.00%,0.00%,0.00%,0.00%,0.00%,0.00%,0.00%,0.00%,0.00%,0.00%,0.00%,0.00%,0.00%,0.00%,0.00%,2.00%,0.00%,5.00%,0.00%,10.00%,0.00%,15.00%,5.00%,0.00%,0.00%,10.00%,12.00%,10.00%,5.00%,0.00%,7.00%,2.00%,0.00%,0.00%,0.00%,0.00%,0.00%,0.00%,0.00%,0.00%,0.00%,0.00%,0.00%,0.00%,0.00%
2024-06-01,10.00%,0.00%,5.00%,0.00%,0.00%,2.00%,0.00%,0.00%,0.00%,0.00%,0.00%,0.00%,0.00%,0.00%,0.00%,0.00%,0.00%,0.00%,0.00%,0.00%,0.00%,2.00%,0.00%,5.00%,0.00%,10.00%,0.00%,15.00%,5.00%,0.00%,0.00%,10.00%,12.00%,10.00%,5.00%,0.00%,7.00%,2.00%,0.00%,0.00%,0.00%,0.00%,0.00%,0.00%,0.00%,0.00%,0.00%,0.00%,0.00%,0.00%,0.00%
2024-06-02,10.00%,0.00%,5.00%,0.00%,0.00%,2.00%,0.00%,0.00%,0.00%,0.00%,0.00%,0.00%,0.00%,0.00%,0.00%,0.00%,0.00%,0.00%,0.00%,0.00%,0.00%,2.00%,0.00%,5.00%,0.00%,10.00%,0.00%,15.00%,5.00%,0.00%,0.00%,10.00%,12.00%,10.00%,5.00%,0.00%,7.00%,2.00%,0.00%,0.00%,0.00%,0.00%,0.00%,0.00%,0.00%,0.00%,0.00%,0.00%,0.00%,0.00%,0.00%
2024-06-03,10.00%,0.00%,5.00%,0.00%,0.00%,2.00%,0.00%,0.00%,0.00%,0.00%,0.00%,0.00%,0.00%,0.00%,0.00%,0.00%,0.00%,0.00%,0.00%,0.00%,0.00%,2.00%,0.00%,5.00%,0.00%,10.00%,0.00%,15.00%,5.00%,0.00%,0.00%,10.00%,12.00%,10.00%,5.00%,0.00%,7.00%,2.00%,0.00%,0.00%,0.00%,0.00%,0.00%,0.00%,0.00%,0.00%,0.00%,0.00%,0.00%,0.00%,0.00%
2024-06-04,10.00%,0.00%,5.00%,0.00%,0.00%,2.00%,0.00%,0.00%,0.00%,0.00%,0.00%,0.00%,0.00%,0.00%,0.00%,0.00%,0.00%,0.00%,0.00%,0.00%,0.00%,2.00%,0.00%,5.00%,0.00%,10.00%,0.00%,15.00%,5.00%,0.00%,0.00%,10.00%,12.00%,10.00%,5.00%,0.00%,7.00%,2.00%,0.00%,0.00%,0.00%,0.00%,0.00%,0.00%,0.00%,0.00%,0.00%,0.00%,0.00%,0.00%,0.00%
2024-06-05,10.00%,0.00%,5.00%,0.00%,0.00%,2.00%,0.00%,0.00%,0.00%,0.00%,0.00%,0.00%,0.00%,0.00%,0.00%,0.00%,0.00%,0.00%,0.00%,0.00%,0.00%,2.00%,0.00%,5.00%,0.00%,10.00%,0.00%,15.00%,5.00%,0.00%,0.00%,10.00%,12.00%,10.00%,5.00%,0.00%,7.00%,2.00%,0.00%,0.00%,0.00%,0.00%,0.00%,0.00%,0.00%,0.00%,0.00%,0.00%,0.00%,0.00%,0.00%
2024-06-06,10.00%,0.00%,5.00%,0.00%,0.00%,2.00%,0.00%,0.00%,0.00%,0.00%,0.00%,0.00%,0.00%,0.00%,0.00%,0.00%,0.00%,0.00%,0.00%,0.00%,0.00%,2.00%,0.00%,5.00%,0.00%,10.00%,0.00%,15.00%,5.00%,0.00%,0.00%,10.00%,12.00%,10.00%,5.00%,0.00%,7.00%,2.00%,0.00%,0.00%,0.00%,0.00%,0.00%,0.00%,0.00%,0.00%,0.00%,0.00%,0.00%,0.00%,0.00%
2024-06-07,10.00%,0.00%,5.00%,0.00%,0.00%,2.00%,0.00%,0.00%,0.00%,0.00%,0.00%,0.00%,0.00%,0.00%,0.00%,0.00%,0.00%,0.00%,0.00%,0.00%,0.00%,2.00%,0.00%,5.00%,0.00%,10.00%,0.00%,15.00%,5.00%,0.00%,0.00%,10.00%,12.00%,10.00%,5.00%,0.00%,7.00%,2.00%,0.00%,0.00%,0.00%,0.00%,0.00%,0.00%,0.00%,0.00%,0.00%,0.00%,0.00%,0.00%,0.00%
2024-06-08,10.00%,0.00%,5.00%,0.00%,0.00%,2.00%,0.00%,0.00%,0.00%,0.00%,0.00%,0.00%,0.00%,0.00%,0.00%,0.00%,0.00%,0.00%,0.00%,0.00%,0.00%,2.00%,0.00%,5.00%,0.00%,10.00%,0.00%,15.00%,5.00%,0.00%,0.00%,10.00%,12.00%,10.00%,5.00%,0.00%,7.00%,2.00%,0.00%,0.00%,0.00%,0.00%,0.00%,0.00%,0.00%,0.00%,0.00%,0.00%,0.00%,0.00%,0.00%
2024-06-09,10.00%,0.00%,5.00%,0.00%,0.00%,2.00%,0.00%,0.00%,0.00%,0.00%,0.00%,0.00%,0.00%,0.00%,0.00%,0.00%,0.00%,0.00%,0.00%,0.00%,0.00%,2.00%,0.00%,5.00%,0.00%,10.00%,0.00%,15.00%,5.00%,0.00%,0.00%,10.00%,12.00%,10.00%,5.00%,0.00%,7.00%,2.00%,0.00%,0.00%,0.00%,0.00%,0.00%,0.00%,0.00%,0.00%,0.00%,0.00%,0.00%,0.00%,0.00%
2024-06-10,10.00%,0.00%,5.00%,0.00%,0.00%,2.00%,0.00%,0.00%,0.00%,0.00%,0.00%,0.00%,0.00%,0.00%,0.00%,0.00%,0.00%,0.00%,0.00%,0.00%,0.00%,2.00%,0.00%,5.00%,0.00%,10.00%,0.00%,15.00%,5.00%,0.00%,0.00%,10.00%,12.00%,10.00%,5.00%,0.00%,7.00%,2.00%,0.00%,0.00%,0.00%,0.00%,0.00%,0.00%,0.00%,0.00%,0.00%,0.00%,0.00%,0.00%,0.00%
2024-06-11,10.00%,0.00%,5.00%,0.00%,0.00%,2.00%,0.00%,0.00%,0.00%,0.00%,0.00%,0.00%,0.00%,0.00%,0.00%,0.00%,0.00%,0.00%,0.00%,0.00%,0.00%,2.00%,0.00%,5.00%,0.00%,10.00%,0.00%,15.00%,5.00%,0.00%,0.00%,10.00%,12.00%,10.00%,5.00%,0.00%,7.00%,2.00%,0.00%,0.00%,0.00%,0.00%,0.00%,0.00%,0.00%,0.00%,0.00%,0.00%,0.00%,0.00%,0.00%
2024-06-12,10.00%,0.00%,5.00%,0.00%,0.00%,2.00%,0.00%,0.00%,0.00%,0.00%,0.00%,0.00%,0.00%,0.00%,0.00%,0.00%,0.00%,0.00%,0.00%,0.00%,0.00%,2.00%,0.00%,5.00%,0.00%,10.00%,0.00%,15.00%,5.00%,0.00%,0.00%,10.00%,12.00%,10.00%,5.00%,0.00%,7.00%,2.00%,0.00%,0.00%,0.00%,0.00%,0.00%,0.00%,0.00%,0.00%,0.00%,0.00%,0.00%,0.00%,0.00%
2024-06-13,10.00%,0.00%,5.00%,0.00%,0.00%,2.00%,0.00%,0.00%,0.00%,0.00%,0.00%,0.00%,0.00%,0.00%,0.00%,0.00%,0.00%,0.00%,0.00%,0.00%,0.00%,2.00%,0.00%,5.00%,0.00%,10.00%,0.00%,15.00%,5.00%,0.00%,0.00%,10.00%,12.00%,10.00%,5.00%,0.00%,7.00%,2.00%,0.00%,0.00%,0.00%,0.00%,0.00%,0.00%,0.00%,0.00%,0.00%,0.00%,0.00%,0.00%,0.00%
2024-06-14,10.00%,0.00%,5.00%,0.00%,0.00%,2.00%,0.00%,0.00%,0.00%,0.00%,0.00%,0.00%,0.00%,0.00%,0.00%,0.00%,0.00%,0.00%,0.00%,0.00%,0.00%,2.00%,0.00%,5.00%,0.00%,10.00%,0.00%,15.00%,5.00%,0.00%,0.00%,10.00%,12.00%,10.00%,5.00%,0.00%,7.00%,2.00%,0.00%,0.00%,0.00%,0.00%,0.00%,0.00%,0.00%,0.00%,0.00%,0.00%,0.00%,0.00%,0.00%
2024-06-15,10.00%,0.00%,5.00%,0.00%,0.00%,2.00%,0.00%,0.00%,0.00%,0.00%,0.00%,0.00%,0.00%,0.00%,0.00%,0.00%,0.00%,0.00%,0.00%,0.00%,0.00%,2.00%,0.00%,5.00%,0.00%,10.00%,0.00%,15.00%,5.00%,0.00%,0.00%,10.00%,12.00%,10.00%,5.00%,0.00%,7.00%,2.00%,0.00%,0.00%,0.00%,0.00%,0.00%,0.00%,0.00%,0.00%,0.00%,0.00%,0.00%,0.00%,0.00%
2024-06-16,10.00%,0.00%,5.00%,0.00%,0.00%,2.00%,0.00%,0.00%,0.00%,0.00%,0.00%,0.00%,0.00%,0.00%,0.00%,0.00%,0.00%,0.00%,0.00%,0.00%,0.00%,2.00%,0.00%,5.00%,0.00%,10.00%,0.00%,15.00%,5.00%,0.00%,0.00%,10.00%,12.00%,10.00%,5.00%,0.00%,7.00%,2.00%,0.00%,0.00%,0.00%,0.00%,0.00%,0.00%,0.00%,0.00%,0.00%,0.00%,0.00%,0.00%,0.00%
2024-06-17,10.00%,0.00%,5.00%,0.00%,0.00%,2.00%,0.00%,0.00%,0.00%,0.00%,0.00%,0.00%,0.00%,0.00%,0.00%,0.00%,0.00%,0.00%,0.00%,0.00%,0.00%,2.00%,0.00%,5.00%,0.00%,10.00%,0.00%,15.00%,5.00%,0.00%,0.00%,10.00%,12.00%,10.00%,5.00%,0.00%,7.00%,2.00%,0.00%,0.00%,0.00%,0.00%,0.00%,0.00%,0.00%,0.00%,0.00%,0.00%,0.00%,0.00%,0.00%
2024-06-18,10.00%,0.00%,5.00%,0.00%,0.00%,2.00%,0.00%,0.00%,0.00%,0.00%,0.00%,0.00%,0.00%,0.00%,0.00%,0.00%,0.00%,0.00%,0.00%,0.00%,0.00%,2.00%,0.00%,5.00%,0.00%,10.00%,0.00%,15.00%,5.00%,0.00%,0.00%,10.00%,12.00%,10.00%,5.00%,0.00%,7.00%,2.00%,0.00%,0.00%,0.00%,0.00%,0.00%,0.00%,0.00%,0.00%,0.00%,0.00%,0.00%,0.00%,0.00%
2024-06-19,10.00%,0.00%,5.00%,0.00%,0.00%,2.00%,0.00%,0.00%,0.00%,0.00%,0.00%,0.00%,0.00%,0.00%,0.00%,0.00%,0.00%,0.00%,0.00%,0.00%,0.00%,2.00%,0.00%,5.00%,0.00%,10.00%,0.00%,15.00%,5.00%,0.00%,0.00%,10.00%,12.00%,10.00%,5.00%,0.00%,7.00%,2.00%,0.00%,0.00%,0.00%,0.00%,0.00%,0.00%,0.00%,0.00%,0.00%,0.00%,0.00%,0.00%,0.00%
2024-06-20,10.00%,0.00%,5.00%,0.00%,0.00%,2.00%,0.00%,0.00%,0.00%,0.00%,0.00%,0.00%,0.00%,0.00%,0.00%,0.00%,0.00%,0.00%,0.00%,0.00%,0.00%,2.00%,0.00%,5.00%,0.00%,10.00%,0.00%,15.00%,5.00%,0.00%,0.00%,10.00%,12.00%,10.00%,5.00%,0.00%,7.00%,2.00%,0.00%,0.00%,0.00%,0.00%,0.00%,0.00%,0.00%,0.00%,0.00%,0.00%,0.00%,0.00%,0.00%
2024-06-21,10.00%,0.00%,5.00%,0.00%,0.00%,2.00%,0.00%,0.00%,0.00%,0.00%,0.00%,0.00%,0.00%,0.00%,0.00%,0.00%,0.00%,0.00%,0.00%,0.00%,0.00%,2.00%,0.00%,5.00%,0.00%,10.00%,0.00%,15.00%,5.00%,0.00%,0.00%,10.00%,12.00%,10.00%,5.00%,0.00%,7.00%,2.00%,0.00%,0.00%,0.00%,0.00%,0.00%,0.00%,0.00%,0.00%,0.00%,0.00%,0.00%,0.00%,0.00%
2024-06-22,10.00%,0.00%,5.00%,0.00%,0.00%,2.00%,0.00%,0.00%,0.00%,0.00%,0.00%,0.00%,0.00%,0.00%,0.00%,0.00%,0.00%,0.00%,0.00%,0.00%,0.00%,2.00%,0.00%,5.00%,0.00%,10.00%,0.00%,15.00%,5.00%,0.00%,0.00%,10.00%,12.00%,10.00%,5.00%,0.00%,7.00%,2.00%,0.00%,0.00%,0.00%,0.00%,0.00%,0.00%,0.00%,0.00%,0.00%,0.00%,0.00%,0.00%,0.00%
2024-06-23,10.00%,0.00%,5.00%,0.00%,0.00%,2.00%,0.00%,0.00%,0.00%,0.00%,0.00%,0.00%,0.00%,0.00%,0.00%,0.00%,0.00%,0.00%,0.00%,0.00%,0.00%,2.00%,0.00%,5.00%,0.00%,10.00%,0.00%,15.00%,5.00%,0.00%,0.00%,10.00%,12.00%,10.00%,5.00%,0.00%,7.00%,2.00%,0.00%,0.00%,0.00%,0.00%,0.00%,0.00%,0.00%,0.00%,0.00%,0.00%,0.00%,0.00%,0.00%
2024-06-24,10.00%,0.00%,5.00%,0.00%,0.00%,2.00%,0.00%,0.00%,0.00%,0.00%,0.00%,0.00%,0.00%,0.00%,0.00%,0.00%,0.00%,0.00%,0.00%,0.00%,0.00%,2.00%,0.00%,5.00%,0.00%,10.00%,0.00%,15.00%,5.00%,0.00%,0.00%,10.00%,12.00%,10.00%,5.00%,0.00%,7.00%,2.00%,0.00%,0.00%,0.00%,0.00%,0.00%,0.00%,0.00%,0.00%,0.00%,0.00%,0.00%,0.00%,0.00%
2024-06-25,10.00%,0.00%,5.00%,0.00%,0.00%,2.00%,0.00%,0.00%,0.00%,0.00%,0.00%,0.00%,0.00%,0.00%,0.00%,0.00%,0.00%,0.00%,0.00%,0.00%,0.00%,2.00%,0.00%,5.00%,0.00%,10.00%,0.00%,15.00%,5.00%,0.00%,0.00%,10.00%,12.00%,10.00%,5.00%,0.00%,7.00%,2.00%,0.00%,0.00%,0.00%,0.00%,0.00%,0.00%,0.00%,0.00%,0.00%,0.00%,0.00%,0.00%,0.00%
2024-06-26,10.00%,0.00%,5.00%,0.00%,0.00%,2.00%,0.00%,0.00%,0.00%,0.00%,0.00%,0.00%,0.00%,0.00%,0.00%,0.00%,0.00%,0.00%,0.00%,0.00%,0.00%,2.00%,0.00%,5.00%,0.00%,10.00%,0.00%,15.00%,5.00%,0.00%,0.00%,10.00%,12.00%,10.00%,5.00%,0.00%,7.00%,2.00%,0.00%,0.00%,0.00%,0.00%,0.00%,0.00%,0.00%,0.00%,0.00%,0.00%,0.00%,0.00%,0.00%
2024-06-27,10.00%,0.00%,5.00%,0.00%,0.00%,2.00%,0.00%,0.00%,0.00%,0.00%,0.00%,0.00%,0.00%,0.00%,0.00%,0.00%,0.00%,0.00%,0.00%,0.00%,0.00%,2.00%,0.00%,5.00%,0.00%,10.00%,0.00%,15.00%,5.00%,0.00%,0.00%,10.00%,12.00%,10.00%,5.00%,0.00%,7.00%,2.00%,0.00%,0.00%,0.00%,0.00%,0.00%,0.00%,0.00%,0.00%,0.00%,0.00%,0.00%,0.00%,0.00%
2024-06-28,10.00%,0.00%,5.00%,0.00%,0.00%,2.00%,0.00%,0.00%,0.00%,0.00%,0.00%,0.00%,0.00%,0.00%,0.00%,0.00%,0.00%,0.00%,0.00%,0.00%,0.00%,2.00%,0.00%,5.00%,0.00%,10.00%,0.00%,15.00%,5.00%,0.00%,0.00%,10.00%,12.00%,10.00%,5.00%,0.00%,7.00%,2.00%,0.00%,0.00%,0.00%,0.00%,0.00%,0.00%,0.00%,0.00%,0.00%,0.00%,0.00%,0.00%,0.00%
2024-06-29,10.00%,0.00%,5.00%,0.00%,0.00%,2.00%,0.00%,0.00%,0.00%,0.00%,0.00%,0.00%,0.00%,0.00%,0.00%,0.00%,0.00%,0.00%,0.00%,0.00%,0.00%,2.00%,0.00%,5.00%,0.00%,5.00%,0.00%,15.00%,5.00%,0.00%,0.00%,10.00%,12.00%,10.00%,5.00%,0.00%,9.00%,5.00%,0.00%,0.00%,0.00%,0.00%,0.00%,0.00%,0.00%,0.00%,0.00%,0.00%,0.00%,0.00%,0.00%
2024-06-30,10.00%,0.00%,5.00%,0.00%,0.00%,2.00%,0.00%,0.00%,0.00%,0.00%,0.00%,0.00%,0.00%,0.00%,0.00%,0.00%,0.00%,0.00%,0.00%,0.00%,0.00%,2.00%,0.00%,5.00%,0.00%,5.00%,0.00%,15.00%,5.00%,0.00%,0.00%,10.00%,12.00%,10.00%,5.00%,0.00%,9.00%,5.00%,0.00%,0.00%,0.00%,0.00%,0.00%,0.00%,0.00%,0.00%,0.00%,0.00%,0.00%,0.00%,0.00%
2024-07-01,10.00%,0.00%,5.00%,0.00%,0.00%,2.00%,0.00%,0.00%,0.00%,0.00%,0.00%,0.00%,0.00%,0.00%,0.00%,0.00%,0.00%,0.00%,0.00%,0.00%,0.00%,2.00%,0.00%,5.00%,0.00%,5.00%,0.00%,15.00%,5.00%,0.00%,0.00%,10.00%,12.00%,10.00%,5.00%,0.00%,9.00%,5.00%,0.00%,0.00%,0.00%,0.00%,0.00%,0.00%,0.00%,0.00%,0.00%,0.00%,0.00%,0.00%,0.00%
2024-07-02,10.00%,0.00%,5.00%,0.00%,0.00%,2.00%,0.00%,0.00%,0.00%,0.00%,0.00%,0.00%,0.00%,0.00%,0.00%,0.00%,0.00%,0.00%,0.00%,0.00%,0.00%,2.00%,0.00%,5.00%,0.00%,5.00%,0.00%,15.00%,5.00%,0.00%,0.00%,10.00%,12.00%,10.00%,5.00%,0.00%,9.00%,5.00%,0.00%,0.00%,0.00%,0.00%,0.00%,0.00%,0.00%,0.00%,0.00%,0.00%,0.00%,0.00%,0.00%
2024-07-03,10.00%,0.00%,5.00%,0.00%,0.00%,2.00%,0.00%,0.00%,0.00%,0.00%,0.00%,0.00%,0.00%,0.00%,0.00%,0.00%,0.00%,0.00%,0.00%,0.00%,0.00%,2.00%,0.00%,5.00%,0.00%,5.00%,0.00%,15.00%,5.00%,0.00%,0.00%,10.00%,12.00%,10.00%,5.00%,0.00%,9.00%,5.00%,0.00%,0.00%,0.00%,0.00%,0.00%,0.00%,0.00%,0.00%,0.00%,0.00%,0.00%,0.00%,0.00%
2024-07-04,10.00%,0.00%,5.00%,0.00%,0.00%,2.00%,0.00%,0.00%,0.00%,0.00%,0.00%,0.00%,0.00%,0.00%,0.00%,0.00%,0.00%,0.00%,0.00%,0.00%,0.00%,2.00%,0.00%,5.00%,0.00%,5.00%,0.00%,15.00%,5.00%,0.00%,0.00%,10.00%,12.00%,10.00%,5.00%,0.00%,9.00%,5.00%,0.00%,0.00%,0.00%,0.00%,0.00%,0.00%,0.00%,0.00%,0.00%,0.00%,0.00%,0.00%,0.00%
2024-07-05,10.00%,0.00%,5.00%,0.00%,0.00%,2.00%,0.00%,0.00%,0.00%,0.00%,0.00%,0.00%,0.00%,0.00%,0.00%,0.00%,0.00%,0.00%,0.00%,0.00%,0.00%,2.00%,0.00%,5.00%,0.00%,5.00%,0.00%,15.00%,5.00%,0.00%,0.00%,10.00%,12.00%,10.00%,5.00%,0.00%,9.00%,5.00%,0.00%,0.00%,0.00%,0.00%,0.00%,0.00%,0.00%,0.00%,0.00%,0.00%,0.00%,0.00%,0.00%
2024-07-06,10.00%,0.00%,5.00%,0.00%,0.00%,2.00%,0.00%,0.00%,0.00%,0.00%,0.00%,0.00%,0.00%,0.00%,0.00%,0.00%,0.00%,0.00%,0.00%,0.00%,0.00%,2.00%,0.00%,5.00%,0.00%,5.00%,0.00%,15.00%,5.00%,0.00%,0.00%,10.00%,12.00%,10.00%,5.00%,0.00%,9.00%,5.00%,0.00%,0.00%,0.00%,0.00%,0.00%,0.00%,0.00%,0.00%,0.00%,0.00%,0.00%,0.00%,0.00%
2024-07-07,10.00%,0.00%,5.00%,0.00%,0.00%,2.00%,0.00%,0.00%,0.00%,0.00%,0.00%,0.00%,0.00%,0.00%,0.00%,0.00%,0.00%,0.00%,0.00%,0.00%,0.00%,2.00%,0.00%,5.00%,0.00%,5.00%,0.00%,15.00%,5.00%,0.00%,0.00%,10.00%,12.00%,10.00%,5.00%,0.00%,9.00%,5.00%,0.00%,0.00%,0.00%,0.00%,0.00%,0.00%,0.00%,0.00%,0.00%,0.00%,0.00%,0.00%,0.00%
2024-07-08,10.00%,0.00%,5.00%,0.00%,0.00%,2.00%,0.00%,0.00%,0.00%,0.00%,0.00%,0.00%,0.00%,0.00%,0.00%,0.00%,0.00%,0.00%,0.00%,0.00%,0.00%,2.00%,0.00%,5.00%,0.00%,5.00%,0.00%,15.00%,5.00%,0.00%,0.00%,10.00%,12.00%,10.00%,5.00%,0.00%,9.00%,5.00%,0.00%,0.00%,0.00%,0.00%,0.00%,0.00%,0.00%,0.00%,0.00%,0.00%,0.00%,0.00%,0.00%
2024-07-09,10.00%,0.00%,5.00%,0.00%,0.00%,2.00%,0.00%,0.00%,0.00%,0.00%,0.00%,0.00%,0.00%,0.00%,0.00%,0.00%,0.00%,0.00%,0.00%,0.00%,0.00%,2.00%,0.00%,5.00%,0.00%,5.00%,0.00%,15.00%,5.00%,0.00%,0.00%,10.00%,12.00%,10.00%,5.00%,0.00%,9.00%,5.00%,0.00%,0.00%,0.00%,0.00%,0.00%,0.00%,0.00%,0.00%,0.00%,0.00%,0.00%,0.00%,0.00%
2024-07-10,10.00%,0.00%,5.00%,0.00%,0.00%,2.00%,0.00%,0.00%,0.00%,0.00%,0.00%,0.00%,0.00%,0.00%,0.00%,0.00%,0.00%,0.00%,0.00%,0.00%,0.00%,2.00%,0.00%,5.00%,0.00%,5.00%,0.00%,15.00%,5.00%,0.00%,0.00%,10.00%,12.00%,10.00%,5.00%,0.00%,9.00%,5.00%,0.00%,0.00%,0.00%,0.00%,0.00%,0.00%,0.00%,0.00%,0.00%,0.00%,0.00%,0.00%,0.00%
2024-07-11,10.00%,0.00%,5.00%,0.00%,0.00%,2.00%,0.00%,0.00%,0.00%,0.00%,0.00%,0.00%,0.00%,0.00%,0.00%,0.00%,0.00%,0.00%,0.00%,0.00%,0.00%,2.00%,0.00%,5.00%,0.00%,5.00%,0.00%,15.00%,5.00%,0.00%,0.00%,10.00%,12.00%,10.00%,5.00%,0.00%,9.00%,5.00%,0.00%,0.00%,0.00%,0.00%,0.00%,0.00%,0.00%,0.00%,0.00%,0.00%,0.00%,0.00%,0.00%
2024-07-12,10.00%,0.00%,5.00%,0.00%,0.00%,2.00%,0.00%,0.00%,0.00%,0.00%,0.00%,0.00%,0.00%,0.00%,0.00%,0.00%,0.00%,0.00%,0.00%,0.00%,0.00%,2.00%,0.00%,5.00%,0.00%,5.00%,0.00%,15.00%,5.00%,0.00%,0.00%,10.00%,12.00%,10.00%,5.00%,0.00%,9.00%,5.00%,0.00%,0.00%,0.00%,0.00%,0.00%,0.00%,0.00%,0.00%,0.00%,0.00%,0.00%,0.00%,0.00%
2024-07-13,10.00%,0.00%,5.00%,0.00%,0.00%,2.00%,0.00%,0.00%,0.00%,0.00%,0.00%,0.00%,0.00%,0.00%,0.00%,0.00%,0.00%,0.00%,0.00%,0.00%,0.00%,2.00%,0.00%,5.00%,0.00%,5.00%,0.00%,15.00%,5.00%,0.00%,0.00%,10.00%,12.00%,10.00%,5.00%,0.00%,9.00%,5.00%,0.00%,0.00%,0.00%,0.00%,0.00%,0.00%,0.00%,0.00%,0.00%,0.00%,0.00%,0.00%,0.00%
2024-07-14,10.00%,0.00%,5.00%,0.00%,0.00%,2.00%,0.00%,0.00%,0.00%,0.00%,0.00%,0.00%,0.00%,0.00%,0.00%,0.00%,0.00%,0.00%,0.00%,0.00%,0.00%,2.00%,0.00%,5.00%,0.00%,5.00%,0.00%,15.00%,5.00%,0.00%,0.00%,10.00%,12.00%,10.00%,5.00%,0.00%,9.00%,5.00%,0.00%,0.00%,0.00%,0.00%,0.00%,0.00%,0.00%,0.00%,0.00%,0.00%,0.00%,0.00%,0.00%
2024-07-15,10.00%,0.00%,9.00%,0.00%,0.00%,2.00%,0.00%,0.00%,0.00%,0.00%,0.00%,0.00%,0.00%,0.00%,0.00%,0.00%,0.00%,0.00%,0.00%,0.00%,0.00%,2.00%,0.00%,5.00%,0.00%,5.00%,0.00%,15.00%,5.00%,0.00%,0.00%,10.00%,10.00%,10.00%,5.00%,0.00%,7.00%,5.00%,0.00%,0.00%,0.00%,0.00%,0.00%,0.00%,0.00%,0.00%,0.00%,0.00%,0.00%,0.00%,0.00%
2024-07-16,10.00%,0.00%,9.00%,0.00%,0.00%,2.00%,0.00%,0.00%,0.00%,0.00%,0.00%,0.00%,0.00%,0.00%,0.00%,0.00%,0.00%,0.00%,0.00%,0.00%,0.00%,2.00%,0.00%,5.00%,0.00%,5.00%,0.00%,15.00%,5.00%,0.00%,0.00%,10.00%,10.00%,10.00%,5.00%,0.00%,7.00%,5.00%,0.00%,0.00%,0.00%,0.00%,0.00%,0.00%,0.00%,0.00%,0.00%,0.00%,0.00%,0.00%,0.00%
2024-07-17,10.00%,0.00%,9.00%,0.00%,0.00%,2.00%,0.00%,0.00%,0.00%,0.00%,0.00%,0.00%,0.00%,0.00%,0.00%,0.00%,0.00%,0.00%,0.00%,0.00%,0.00%,2.00%,0.00%,5.00%,0.00%,5.00%,0.00%,15.00%,5.00%,0.00%,0.00%,10.00%,10.00%,10.00%,5.00%,0.00%,7.00%,5.00%,0.00%,0.00%,0.00%,0.00%,0.00%,0.00%,0.00%,0.00%,0.00%,0.00%,0.00%,0.00%,0.00%
2024-07-18,10.00%,0.00%,9.00%,0.00%,0.00%,2.00%,0.00%,0.00%,0.00%,0.00%,0.00%,0.00%,0.00%,0.00%,0.00%,0.00%,0.00%,0.00%,0.00%,0.00%,0.00%,2.00%,0.00%,5.00%,0.00%,5.00%,0.00%,15.00%,5.00%,0.00%,0.00%,10.00%,10.00%,10.00%,5.00%,0.00%,7.00%,5.00%,0.00%,0.00%,0.00%,0.00%,0.00%,0.00%,0.00%,0.00%,0.00%,0.00%,0.00%,0.00%,0.00%
2024-07-19,10.00%,0.00%,9.00%,0.00%,0.00%,2.00%,0.00%,0.00%,0.00%,0.00%,0.00%,0.00%,0.00%,0.00%,0.00%,0.00%,0.00%,0.00%,0.00%,0.00%,0.00%,2.00%,0.00%,5.00%,0.00%,5.00%,0.00%,15.00%,5.00%,0.00%,0.00%,10.00%,10.00%,10.00%,5.00%,0.00%,7.00%,5.00%,0.00%,0.00%,0.00%,0.00%,0.00%,0.00%,0.00%,0.00%,0.00%,0.00%,0.00%,0.00%,0.00%
2024-07-20,10.00%,0.00%,9.00%,0.00%,0.00%,2.00%,0.00%,0.00%,0.00%,0.00%,0.00%,0.00%,0.00%,0.00%,0.00%,0.00%,0.00%,0.00%,0.00%,0.00%,0.00%,2.00%,0.00%,5.00%,0.00%,5.00%,0.00%,15.00%,5.00%,0.00%,0.00%,10.00%,10.00%,10.00%,5.00%,0.00%,7.00%,5.00%,0.00%,0.00%,0.00%,0.00%,0.00%,0.00%,0.00%,0.00%,0.00%,0.00%,0.00%,0.00%,0.00%
2024-07-21,10.00%,0.00%,9.00%,0.00%,0.00%,2.00%,0.00%,0.00%,0.00%,0.00%,0.00%,0.00%,0.00%,0.00%,0.00%,0.00%,0.00%,0.00%,0.00%,0.00%,0.00%,2.00%,0.00%,5.00%,0.00%,5.00%,0.00%,15.00%,5.00%,0.00%,0.00%,10.00%,10.00%,10.00%,5.00%,0.00%,7.00%,5.00%,0.00%,0.00%,0.00%,0.00%,0.00%,0.00%,0.00%,0.00%,0.00%,0.00%,0.00%,0.00%,0.00%
2024-07-22,10.00%,0.00%,9.00%,0.00%,0.00%,2.00%,0.00%,0.00%,0.00%,0.00%,0.00%,0.00%,0.00%,0.00%,0.00%,0.00%,0.00%,0.00%,0.00%,0.00%,0.00%,2.00%,0.00%,5.00%,0.00%,5.00%,0.00%,15.00%,5.00%,0.00%,0.00%,10.00%,10.00%,10.00%,5.00%,0.00%,7.00%,5.00%,0.00%,0.00%,0.00%,0.00%,0.00%,0.00%,0.00%,0.00%,0.00%,0.00%,0.00%,0.00%,0.00%
2024-07-23,10.00%,0.00%,9.00%,0.00%,0.00%,2.00%,0.00%,0.00%,0.00%,0.00%,0.00%,0.00%,0.00%,0.00%,0.00%,0.00%,0.00%,0.00%,0.00%,0.00%,0.00%,2.00%,0.00%,5.00%,0.00%,5.00%,0.00%,15.00%,5.00%,0.00%,0.00%,10.00%,10.00%,10.00%,5.00%,0.00%,7.00%,5.00%,0.00%,0.00%,0.00%,0.00%,0.00%,0.00%,0.00%,0.00%,0.00%,0.00%,0.00%,0.00%,0.00%
2024-07-24,10.00%,0.00%,9.00%,0.00%,0.00%,2.00%,0.00%,0.00%,0.00%,0.00%,0.00%,0.00%,0.00%,0.00%,0.00%,0.00%,0.00%,0.00%,0.00%,0.00%,0.00%,2.00%,0.00%,5.00%,0.00%,5.00%,0.00%,15.00%,5.00%,0.00%,0.00%,10.00%,10.00%,10.00%,5.00%,0.00%,7.00%,5.00%,0.00%,0.00%,0.00%,0.00%,0.00%,0.00%,0.00%,0.00%,0.00%,0.00%,0.00%,0.00%,0.00%
2024-07-25,10.00%,0.00%,9.00%,0.00%,0.00%,2.00%,0.00%,0.00%,0.00%,0.00%,0.00%,0.00%,0.00%,0.00%,0.00%,0.00%,0.00%,0.00%,0.00%,0.00%,0.00%,2.00%,0.00%,5.00%,0.00%,5.00%,0.00%,15.00%,5.00%,0.00%,0.00%,10.00%,10.00%,10.00%,5.00%,0.00%,7.00%,5.00%,0.00%,0.00%,0.00%,0.00%,0.00%,0.00%,0.00%,0.00%,0.00%,0.00%,0.00%,0.00%,0.00%
2024-07-26,10.00%,0.00%,9.00%,0.00%,0.00%,2.00%,0.00%,0.00%,0.00%,0.00%,0.00%,0.00%,0.00%,0.00%,0.00%,0.00%,0.00%,0.00%,0.00%,0.00%,0.00%,2.00%,0.00%,5.00%,0.00%,5.00%,0.00%,15.00%,5.00%,0.00%,0.00%,10.00%,10.00%,10.00%,5.00%,0.00%,7.00%,5.00%,0.00%,0.00%,0.00%,0.00%,0.00%,0.00%,0.00%,0.00%,0.00%,0.00%,0.00%,0.00%,0.00%
2024-07-27,10.00%,0.00%,9.00%,0.00%,0.00%,2.00%,0.00%,0.00%,0.00%,0.00%,0.00%,0.00%,0.00%,0.00%,0.00%,0.00%,0.00%,0.00%,0.00%,0.00%,0.00%,2.00%,0.00%,5.00%,0.00%,5.00%,0.00%,15.00%,5.00%,0.00%,0.00%,10.00%,10.00%,10.00%,5.00%,0.00%,7.00%,5.00%,0.00%,0.00%,0.00%,0.00%,0.00%,0.00%,0.00%,0.00%,0.00%,0.00%,0.00%,0.00%,0.00%
2024-07-28,10.00%,0.00%,9.00%,0.00%,0.00%,2.00%,0.00%,0.00%,0.00%,0.00%,0.00%,0.00%,0.00%,0.00%,0.00%,0.00%,0.00%,0.00%,0.00%,0.00%,0.00%,2.00%,0.00%,5.00%,0.00%,5.00%,0.00%,15.00%,5.00%,0.00%,0.00%,10.00%,10.00%,10.00%,5.00%,0.00%,7.00%,5.00%,0.00%,0.00%,0.00%,0.00%,0.00%,0.00%,0.00%,0.00%,0.00%,0.00%,0.00%,0.00%,0.00%
2024-07-29,10.00%,0.00%,9.00%,0.00%,0.00%,2.00%,0.00%,0.00%,0.00%,0.00%,0.00%,0.00%,0.00%,0.00%,0.00%,0.00%,0.00%,0.00%,0.00%,0.00%,0.00%,2.00%,0.00%,5.00%,0.00%,5.00%,0.00%,15.00%,5.00%,0.00%,0.00%,10.00%,10.00%,10.00%,5.00%,0.00%,7.00%,5.00%,0.00%,0.00%,0.00%,0.00%,0.00%,0.00%,0.00%,0.00%,0.00%,0.00%,0.00%,0.00%,0.00%
2024-07-30,10.00%,0.00%,9.00%,0.00%,0.00%,2.00%,0.00%,0.00%,0.00%,0.00%,0.00%,0.00%,0.00%,0.00%,0.00%,0.00%,0.00%,0.00%,0.00%,0.00%,0.00%,2.00%,0.00%,5.00%,0.00%,5.00%,0.00%,15.00%,5.00%,0.00%,0.00%,10.00%,10.00%,10.00%,5.00%,0.00%,7.00%,5.00%,0.00%,0.00%,0.00%,0.00%,0.00%,0.00%,0.00%,0.00%,0.00%,0.00%,0.00%,0.00%,0.00%
2024-07-31,10.00%,0.00%,9.00%,0.00%,0.00%,2.00%,0.00%,0.00%,0.00%,0.00%,0.00%,0.00%,0.00%,0.00%,0.00%,0.00%,0.00%,0.00%,0.00%,0.00%,0.00%,2.00%,0.00%,5.00%,0.00%,5.00%,0.00%,15.00%,5.00%,0.00%,0.00%,10.00%,10.00%,10.00%,5.00%,0.00%,7.00%,5.00%,0.00%,0.00%,0.00%,0.00%,0.00%,0.00%,0.00%,0.00%,0.00%,0.00%,0.00%,0.00%,0.00%
2024-08-01,10.00%,0.00%,9.00%,0.00%,0.00%,2.00%,0.00%,0.00%,0.00%,0.00%,0.00%,0.00%,0.00%,0.00%,0.00%,0.00%,0.00%,0.00%,0.00%,0.00%,0.00%,2.00%,0.00%,5.00%,0.00%,5.00%,0.00%,15.00%,5.00%,0.00%,0.00%,10.00%,10.00%,10.00%,5.00%,0.00%,7.00%,5.00%,0.00%,0.00%,0.00%,0.00%,0.00%,0.00%,0.00%,0.00%,0.00%,0.00%,0.00%,0.00%,0.00%
2024-08-02,10.00%,0.00%,9.00%,0.00%,0.00%,2.00%,0.00%,0.00%,0.00%,0.00%,0.00%,0.00%,0.00%,0.00%,0.00%,0.00%,0.00%,0.00%,0.00%,0.00%,0.00%,2.00%,0.00%,5.00%,0.00%,5.00%,0.00%,15.00%,5.00%,0.00%,0.00%,10.00%,10.00%,10.00%,5.00%,0.00%,7.00%,5.00%,0.00%,0.00%,0.00%,0.00%,0.00%,0.00%,0.00%,0.00%,0.00%,0.00%,0.00%,0.00%,0.00%
2024-08-03,10.00%,0.00%,9.00%,0.00%,0.00%,2.00%,0.00%,0.00%,0.00%,0.00%,0.00%,0.00%,0.00%,0.00%,0.00%,0.00%,0.00%,0.00%,0.00%,0.00%,0.00%,2.00%,0.00%,5.00%,0.00%,5.00%,0.00%,15.00%,5.00%,0.00%,0.00%,10.00%,10.00%,10.00%,5.00%,0.00%,7.00%,5.00%,0.00%,0.00%,0.00%,0.00%,0.00%,0.00%,0.00%,0.00%,0.00%,0.00%,0.00%,0.00%,0.00%
2024-08-04,10.00%,0.00%,9.00%,0.00%,0.00%,2.00%,0.00%,0.00%,0.00%,0.00%,0.00%,0.00%,0.00%,0.00%,0.00%,0.00%,0.00%,0.00%,0.00%,0.00%,0.00%,2.00%,0.00%,5.00%,0.00%,5.00%,0.00%,15.00%,5.00%,0.00%,0.00%,10.00%,10.00%,10.00%,5.00%,0.00%,7.00%,5.00%,0.00%,0.00%,0.00%,0.00%,0.00%,0.00%,0.00%,0.00%,0.00%,0.00%,0.00%,0.00%,0.00%
2024-08-05,10.00%,0.00%,9.00%,0.00%,0.00%,2.00%,0.00%,0.00%,0.00%,0.00%,0.00%,0.00%,0.00%,0.00%,0.00%,0.00%,0.00%,0.00%,0.00%,0.00%,0.00%,2.00%,0.00%,5.00%,0.00%,5.00%,0.00%,15.00%,5.00%,0.00%,0.00%,10.00%,10.00%,10.00%,5.00%,0.00%,7.00%,5.00%,0.00%,0.00%,0.00%,0.00%,0.00%,0.00%,0.00%,0.00%,0.00%,0.00%,0.00%,0.00%,0.00%
2024-08-06,10.00%,0.00%,9.00%,0.00%,0.00%,2.00%,0.00%,0.00%,0.00%,0.00%,0.00%,0.00%,0.00%,0.00%,0.00%,0.00%,0.00%,0.00%,0.00%,0.00%,0.00%,2.00%,0.00%,5.00%,0.00%,5.00%,0.00%,15.00%,5.00%,0.00%,0.00%,10.00%,10.00%,10.00%,5.00%,0.00%,7.00%,5.00%,0.00%,0.00%,0.00%,0.00%,0.00%,0.00%,0.00%,0.00%,0.00%,0.00%,0.00%,0.00%,0.00%
2024-08-07,10.00%,0.00%,9.00%,0.00%,0.00%,2.00%,0.00%,0.00%,0.00%,0.00%,0.00%,0.00%,0.00%,0.00%,0.00%,0.00%,0.00%,0.00%,0.00%,0.00%,0.00%,2.00%,0.00%,5.00%,0.00%,5.00%,0.00%,15.00%,5.00%,0.00%,0.00%,10.00%,10.00%,10.00%,5.00%,0.00%,7.00%,5.00%,0.00%,0.00%,0.00%,0.00%,0.00%,0.00%,0.00%,0.00%,0.00%,0.00%,0.00%,0.00%,0.00%
2024-08-08,10.00%,0.00%,9.00%,0.00%,0.00%,2.00%,0.00%,0.00%,0.00%,0.00%,0.00%,0.00%,0.00%,0.00%,0.00%,0.00%,0.00%,0.00%,0.00%,0.00%,0.00%,2.00%,0.00%,5.00%,0.00%,5.00%,0.00%,15.00%,5.00%,0.00%,0.00%,10.00%,10.00%,10.00%,5.00%,0.00%,7.00%,5.00%,0.00%,0.00%,0.00%,0.00%,0.00%,0.00%,0.00%,0.00%,0.00%,0.00%,0.00%,0.00%,0.00%
2024-08-09,10.00%,0.00%,9.00%,0.00%,0.00%,2.00%,0.00%,0.00%,0.00%,0.00%,0.00%,0.00%,0.00%,0.00%,0.00%,0.00%,0.00%,0.00%,0.00%,0.00%,0.00%,2.00%,0.00%,5.00%,0.00%,5.00%,0.00%,15.00%,5.00%,0.00%,0.00%,10.00%,10.00%,10.00%,5.00%,0.00%,7.00%,5.00%,0.00%,0.00%,0.00%,0.00%,0.00%,0.00%,0.00%,0.00%,0.00%,0.00%,0.00%,0.00%,0.00%
2024-08-10,10.00%,0.00%,9.00%,0.00%,0.00%,2.00%,0.00%,0.00%,0.00%,0.00%,0.00%,0.00%,0.00%,0.00%,0.00%,0.00%,0.00%,0.00%,0.00%,0.00%,0.00%,2.00%,0.00%,5.00%,0.00%,5.00%,0.00%,15.00%,5.00%,0.00%,0.00%,10.00%,10.00%,10.00%,5.00%,0.00%,7.00%,5.00%,0.00%,0.00%,0.00%,0.00%,0.00%,0.00%,0.00%,0.00%,0.00%,0.00%,0.00%,0.00%,0.00%
2024-08-11,10.00%,0.00%,9.00%,0.00%,0.00%,2.00%,0.00%,0.00%,0.00%,0.00%,0.00%,0.00%,0.00%,0.00%,0.00%,0.00%,0.00%,0.00%,0.00%,0.00%,0.00%,2.00%,0.00%,5.00%,0.00%,5.00%,0.00%,15.00%,5.00%,0.00%,0.00%,10.00%,10.00%,10.00%,5.00%,0.00%,7.00%,5.00%,0.00%,0.00%,0.00%,0.00%,0.00%,0.00%,0.00%,0.00%,0.00%,0.00%,0.00%,0.00%,0.00%
2024-08-12,10.00%,0.00%,9.00%,0.00%,0.00%,2.00%,0.00%,0.00%,0.00%,0.00%,0.00%,0.00%,0.00%,0.00%,0.00%,0.00%,0.00%,0.00%,0.00%,0.00%,0.00%,2.00%,0.00%,5.00%,0.00%,5.00%,0.00%,15.00%,5.00%,0.00%,0.00%,10.00%,10.00%,10.00%,5.00%,0.00%,7.00%,5.00%,0.00%,0.00%,0.00%,0.00%,0.00%,0.00%,0.00%,0.00%,0.00%,0.00%,0.00%,0.00%,0.00%
2024-08-13,10.00%,0.00%,9.00%,0.00%,0.00%,2.00%,0.00%,0.00%,0.00%,0.00%,0.00%,0.00%,0.00%,0.00%,0.00%,0.00%,0.00%,0.00%,0.00%,0.00%,0.00%,2.00%,0.00%,5.00%,0.00%,5.00%,0.00%,15.00%,5.00%,0.00%,0.00%,10.00%,10.00%,10.00%,5.00%,0.00%,7.00%,5.00%,0.00%,0.00%,0.00%,0.00%,0.00%,0.00%,0.00%,0.00%,0.00%,0.00%,0.00%,0.00%,0.00%
2024-08-14,10.00%,0.00%,9.00%,0.00%,0.00%,2.00%,0.00%,0.00%,0.00%,0.00%,0.00%,0.00%,0.00%,0.00%,0.00%,0.00%,0.00%,0.00%,0.00%,0.00%,0.00%,2.00%,0.00%,5.00%,0.00%,5.00%,0.00%,15.00%,5.00%,0.00%,0.00%,10.00%,10.00%,10.00%,5.00%,0.00%,7.00%,5.00%,0.00%,0.00%,0.00%,0.00%,0.00%,0.00%,0.00%,0.00%,0.00%,0.00%,0.00%,0.00%,0.00%
2024-08-15,10.00%,0.00%,9.00%,0.00%,0.00%,2.00%,0.00%,0.00%,0.00%,0.00%,0.00%,0.00%,0.00%,0.00%,0.00%,0.00%,0.00%,0.00%,0.00%,0.00%,0.00%,2.00%,0.00%,5.00%,0.00%,5.00%,0.00%,15.00%,5.00%,0.00%,0.00%,10.00%,10.00%,10.00%,5.00%,0.00%,7.00%,5.00%,0.00%,0.00%,0.00%,0.00%,0.00%,0.00%,0.00%,0.00%,0.00%,0.00%,0.00%,0.00%,0.00%
2024-08-16,10.00%,0.00%,9.00%,0.00%,0.00%,2.00%,0.00%,0.00%,0.00%,0.00%,0.00%,0.00%,0.00%,0.00%,0.00%,0.00%,0.00%,0.00%,0.00%,0.00%,0.00%,2.00%,0.00%,5.00%,0.00%,5.00%,0.00%,15.00%,5.00%,0.00%,0.00%,10.00%,10.00%,10.00%,5.00%,0.00%,7.00%,5.00%,0.00%,0.00%,0.00%,0.00%,0.00%,0.00%,0.00%,0.00%,0.00%,0.00%,0.00%,0.00%,0.00%
2024-08-17,10.00%,0.00%,9.00%,0.00%,0.00%,2.00%,0.00%,0.00%,0.00%,0.00%,0.00%,0.00%,0.00%,0.00%,0.00%,0.00%,0.00%,0.00%,0.00%,0.00%,0.00%,2.00%,0.00%,5.00%,0.00%,5.00%,0.00%,15.00%,5.00%,0.00%,0.00%,10.00%,10.00%,10.00%,5.00%,0.00%,7.00%,5.00%,0.00%,0.00%,0.00%,0.00%,0.00%,0.00%,0.00%,0.00%,0.00%,0.00%,0.00%,0.00%,0.00%
2024-08-18,10.00%,0.00%,9.00%,0.00%,0.00%,2.00%,0.00%,0.00%,0.00%,0.00%,0.00%,0.00%,0.00%,0.00%,0.00%,0.00%,0.00%,0.00%,0.00%,0.00%,0.00%,2.00%,0.00%,5.00%,0.00%,5.00%,0.00%,15.00%,5.00%,0.00%,0.00%,10.00%,10.00%,10.00%,5.00%,0.00%,7.00%,5.00%,0.00%,0.00%,0.00%,0.00%,0.00%,0.00%,0.00%,0.00%,0.00%,0.00%,0.00%,0.00%,0.00%
2024-08-19,10.00%,0.00%,9.00%,0.00%,0.00%,2.00%,0.00%,0.00%,0.00%,0.00%,0.00%,0.00%,0.00%,0.00%,0.00%,0.00%,0.00%,0.00%,0.00%,0.00%,0.00%,2.00%,0.00%,5.00%,0.00%,5.00%,0.00%,15.00%,5.00%,0.00%,0.00%,10.00%,10.00%,10.00%,5.00%,0.00%,7.00%,5.00%,0.00%,0.00%,0.00%,0.00%,0.00%,0.00%,0.00%,0.00%,0.00%,0.00%,0.00%,0.00%,0.00%
2024-08-20,10.00%,0.00%,9.00%,0.00%,0.00%,2.00%,0.00%,0.00%,0.00%,0.00%,0.00%,0.00%,0.00%,0.00%,0.00%,0.00%,0.00%,0.00%,0.00%,0.00%,0.00%,2.00%,0.00%,5.00%,0.00%,5.00%,0.00%,15.00%,5.00%,0.00%,0.00%,10.00%,10.00%,10.00%,5.00%,0.00%,7.00%,5.00%,0.00%,0.00%,0.00%,0.00%,0.00%,0.00%,0.00%,0.00%,0.00%,0.00%,0.00%,0.00%,0.00%
2024-08-21,10.00%,0.00%,9.00%,0.00%,0.00%,2.00%,0.00%,0.00%,0.00%,0.00%,0.00%,0.00%,0.00%,0.00%,0.00%,0.00%,0.00%,0.00%,0.00%,0.00%,0.00%,2.00%,0.00%,5.00%,0.00%,5.00%,0.00%,15.00%,5.00%,0.00%,0.00%,10.00%,10.00%,10.00%,5.00%,0.00%,7.00%,5.00%,0.00%,0.00%,0.00%,0.00%,0.00%,0.00%,0.00%,0.00%,0.00%,0.00%,0.00%,0.00%,0.00%
2024-08-22,10.00%,0.00%,9.00%,0.00%,0.00%,2.00%,0.00%,0.00%,0.00%,0.00%,0.00%,0.00%,0.00%,0.00%,0.00%,0.00%,0.00%,0.00%,0.00%,0.00%,0.00%,2.00%,0.00%,5.00%,0.00%,5.00%,0.00%,15.00%,5.00%,0.00%,0.00%,10.00%,10.00%,10.00%,5.00%,0.00%,7.00%,5.00%,0.00%,0.00%,0.00%,0.00%,0.00%,0.00%,0.00%,0.00%,0.00%,0.00%,0.00%,0.00%,0.00%
2024-08-23,10.00%,0.00%,9.00%,0.00%,0.00%,2.00%,0.00%,0.00%,0.00%,0.00%,0.00%,0.00%,0.00%,0.00%,0.00%,0.00%,0.00%,0.00%,0.00%,0.00%,0.00%,2.00%,0.00%,5.00%,0.00%,5.00%,0.00%,15.00%,5.00%,0.00%,0.00%,10.00%,10.00%,10.00%,5.00%,0.00%,7.00%,5.00%,0.00%,0.00%,0.00%,0.00%,0.00%,0.00%,0.00%,0.00%,0.00%,0.00%,0.00%,0.00%,0.00%
2024-08-24,10.00%,0.00%,9.00%,0.00%,0.00%,2.00%,0.00%,0.00%,0.00%,0.00%,0.00%,0.00%,0.00%,0.00%,0.00%,0.00%,0.00%,0.00%,0.00%,0.00%,0.00%,2.00%,0.00%,5.00%,0.00%,5.00%,0.00%,15.00%,5.00%,0.00%,0.00%,10.00%,10.00%,10.00%,5.00%,0.00%,7.00%,5.00%,0.00%,0.00%,0.00%,0.00%,0.00%,0.00%,0.00%,0.00%,0.00%,0.00%,0.00%,0.00%,0.00%
2024-08-25,10.00%,0.00%,9.00%,0.00%,0.00%,2.00%,0.00%,0.00%,0.00%,0.00%,0.00%,0.00%,0.00%,0.00%,0.00%,0.00%,0.00%,0.00%,0.00%,0.00%,0.00%,2.00%,0.00%,5.00%,0.00%,5.00%,0.00%,15.00%,5.00%,0.00%,0.00%,10.00%,10.00%,10.00%,5.00%,0.00%,7.00%,5.00%,0.00%,0.00%,0.00%,0.00%,0.00%,0.00%,0.00%,0.00%,0.00%,0.00%,0.00%,0.00%,0.00%
2024-08-26,10.00%,0.00%,9.00%,0.00%,0.00%,2.00%,0.00%,0.00%,0.00%,0.00%,0.00%,0.00%,0.00%,0.00%,0.00%,0.00%,0.00%,0.00%,0.00%,0.00%,0.00%,2.00%,0.00%,5.00%,0.00%,5.00%,0.00%,15.00%,5.00%,0.00%,0.00%,10.00%,10.00%,10.00%,5.00%,0.00%,7.00%,5.00%,0.00%,0.00%,0.00%,0.00%,0.00%,0.00%,0.00%,0.00%,0.00%,0.00%,0.00%,0.00%,0.00%
2024-08-27,10.00%,0.00%,9.00%,0.00%,0.00%,2.00%,0.00%,0.00%,0.00%,0.00%,0.00%,0.00%,0.00%,0.00%,0.00%,0.00%,0.00%,0.00%,0.00%,0.00%,0.00%,2.00%,0.00%,5.00%,0.00%,5.00%,0.00%,15.00%,5.00%,0.00%,0.00%,10.00%,10.00%,10.00%,5.00%,0.00%,7.00%,5.00%,0.00%,0.00%,0.00%,0.00%,0.00%,0.00%,0.00%,0.00%,0.00%,0.00%,0.00%,0.00%,0.00%
2024-08-28,10.00%,0.00%,9.00%,0.00%,0.00%,2.00%,0.00%,0.00%,0.00%,0.00%,0.00%,0.00%,0.00%,0.00%,0.00%,0.00%,0.00%,0.00%,0.00%,0.00%,0.00%,2.00%,0.00%,5.00%,0.00%,5.00%,0.00%,15.00%,5.00%,0.00%,0.00%,10.00%,10.00%,10.00%,5.00%,0.00%,7.00%,5.00%,0.00%,0.00%,0.00%,0.00%,0.00%,0.00%,0.00%,0.00%,0.00%,0.00%,0.00%,0.00%,0.00%
2024-08-29,10.00%,0.00%,9.00%,0.00%,0.00%,2.00%,0.00%,0.00%,0.00%,0.00%,0.00%,0.00%,0.00%,0.00%,0.00%,0.00%,0.00%,0.00%,0.00%,0.00%,0.00%,2.00%,0.00%,5.00%,0.00%,5.00%,0.00%,15.00%,5.00%,0.00%,0.00%,10.00%,10.00%,10.00%,5.00%,0.00%,7.00%,5.00%,0.00%,0.00%,0.00%,0.00%,0.00%,0.00%,0.00%,0.00%,0.00%,0.00%,0.00%,0.00%,0.00%
2024-08-30,10.00%,0.00%,9.00%,0.00%,0.00%,2.00%,0.00%,0.00%,0.00%,0.00%,0.00%,0.00%,0.00%,0.00%,0.00%,0.00%,0.00%,0.00%,0.00%,0.00%,0.00%,2.00%,0.00%,5.00%,0.00%,5.00%,0.00%,15.00%,5.00%,0.00%,0.00%,10.00%,10.00%,10.00%,5.00%,0.00%,7.00%,5.00%,0.00%,0.00%,0.00%,0.00%,0.00%,0.00%,0.00%,0.00%,0.00%,0.00%,0.00%,0.00%,0.00%
2024-08-31,10.00%,0.00%,9.00%,0.00%,0.00%,2.00%,0.00%,0.00%,0.00%,0.00%,0.00%,0.00%,0.00%,0.00%,0.00%,0.00%,0.00%,0.00%,0.00%,0.00%,0.00%,2.00%,0.00%,5.00%,0.00%,5.00%,0.00%,15.00%,5.00%,0.00%,0.00%,10.00%,10.00%,10.00%,5.00%,0.00%,7.00%,5.00%,0.00%,0.00%,0.00%,0.00%,0.00%,0.00%,0.00%,0.00%,0.00%,0.00%,0.00%,0.00%,0.00%
2024-09-01,10.00%,0.00%,9.00%,0.00%,0.00%,2.00%,0.00%,0.00%,0.00%,0.00%,0.00%,0.00%,0.00%,0.00%,0.00%,0.00%,0.00%,0.00%,0.00%,0.00%,0.00%,2.00%,0.00%,5.00%,0.00%,5.00%,0.00%,15.00%,5.00%,0.00%,0.00%,10.00%,10.00%,10.00%,5.00%,0.00%,7.00%,5.00%,0.00%,0.00%,0.00%,0.00%,0.00%,0.00%,0.00%,0.00%,0.00%,0.00%,0.00%,0.00%,0.00%
2024-09-02,10.00%,0.00%,9.00%,0.00%,0.00%,2.00%,0.00%,0.00%,0.00%,0.00%,0.00%,0.00%,0.00%,0.00%,0.00%,0.00%,0.00%,0.00%,0.00%,0.00%,0.00%,2.00%,0.00%,5.00%,0.00%,5.00%,0.00%,15.00%,5.00%,0.00%,0.00%,10.00%,10.00%,10.00%,5.00%,0.00%,7.00%,5.00%,0.00%,0.00%,0.00%,0.00%,0.00%,0.00%,0.00%,0.00%,0.00%,0.00%,0.00%,0.00%,0.00%
2024-09-03,10.00%,0.00%,9.00%,0.00%,0.00%,2.00%,0.00%,0.00%,0.00%,0.00%,0.00%,0.00%,0.00%,0.00%,0.00%,0.00%,0.00%,0.00%,0.00%,0.00%,0.00%,2.00%,0.00%,5.00%,0.00%,5.00%,0.00%,15.00%,5.00%,0.00%,0.00%,10.00%,10.00%,10.00%,5.00%,0.00%,7.00%,5.00%,0.00%,0.00%,0.00%,0.00%,0.00%,0.00%,0.00%,0.00%,0.00%,0.00%,0.00%,0.00%,0.00%
2024-09-04,10.00%,0.00%,9.00%,0.00%,0.00%,2.00%,0.00%,0.00%,0.00%,0.00%,0.00%,0.00%,0.00%,0.00%,0.00%,0.00%,0.00%,0.00%,0.00%,0.00%,0.00%,2.00%,0.00%,5.00%,0.00%,5.00%,0.00%,15.00%,5.00%,0.00%,0.00%,10.00%,10.00%,10.00%,5.00%,0.00%,7.00%,5.00%,0.00%,0.00%,0.00%,0.00%,0.00%,0.00%,0.00%,0.00%,0.00%,0.00%,0.00%,0.00%,0.00%
2024-09-05,20.00%,0.00%,9.00%,0.00%,0.00%,2.00%,0.00%,0.00%,0.00%,0.00%,0.00%,0.00%,0.00%,0.00%,0.00%,0.00%,0.00%,0.00%,0.00%,0.00%,0.00%,2.00%,0.00%,5.00%,0.00%,5.00%,0.00%,20.00%,5.00%,0.00%,0.00%,5.00%,5.00%,5.00%,5.00%,0.00%,7.00%,5.00%,0.00%,0.00%,0.00%,0.00%,0.00%,0.00%,0.00%,0.00%,0.00%,0.00%,0.00%,0.00%,0.00%
2024-09-06,20.00%,0.00%,9.00%,0.00%,0.00%,2.00%,0.00%,0.00%,0.00%,0.00%,0.00%,0.00%,0.00%,0.00%,0.00%,0.00%,0.00%,0.00%,0.00%,0.00%,0.00%,2.00%,0.00%,5.00%,0.00%,5.00%,0.00%,20.00%,5.00%,0.00%,0.00%,5.00%,5.00%,5.00%,5.00%,0.00%,7.00%,5.00%,0.00%,0.00%,0.00%,0.00%,0.00%,0.00%,0.00%,0.00%,0.00%,0.00%,0.00%,0.00%,0.00%
2024-09-07,20.00%,0.00%,9.00%,0.00%,0.00%,2.00%,0.00%,0.00%,0.00%,0.00%,0.00%,0.00%,0.00%,0.00%,0.00%,0.00%,0.00%,0.00%,0.00%,0.00%,0.00%,2.00%,0.00%,5.00%,0.00%,5.00%,0.00%,20.00%,5.00%,0.00%,0.00%,5.00%,5.00%,5.00%,5.00%,0.00%,7.00%,5.00%,0.00%,0.00%,0.00%,0.00%,0.00%,0.00%,0.00%,0.00%,0.00%,0.00%,0.00%,0.00%,0.00%
2024-09-08,20.00%,0.00%,9.00%,0.00%,0.00%,2.00%,0.00%,0.00%,0.00%,0.00%,0.00%,0.00%,0.00%,0.00%,0.00%,0.00%,0.00%,0.00%,0.00%,0.00%,0.00%,2.00%,0.00%,5.00%,0.00%,5.00%,0.00%,20.00%,5.00%,0.00%,0.00%,5.00%,5.00%,5.00%,5.00%,0.00%,7.00%,5.00%,0.00%,0.00%,0.00%,0.00%,0.00%,0.00%,0.00%,0.00%,0.00%,0.00%,0.00%,0.00%,0.00%
2024-09-09,20.00%,0.00%,9.00%,0.00%,0.00%,2.00%,0.00%,0.00%,0.00%,0.00%,0.00%,0.00%,0.00%,0.00%,0.00%,0.00%,0.00%,0.00%,0.00%,0.00%,0.00%,2.00%,0.00%,5.00%,0.00%,5.00%,0.00%,20.00%,5.00%,0.00%,0.00%,5.00%,5.00%,5.00%,5.00%,0.00%,7.00%,5.00%,0.00%,0.00%,0.00%,0.00%,0.00%,0.00%,0.00%,0.00%,0.00%,0.00%,0.00%,0.00%,0.00%
2024-09-10,20.00%,0.00%,9.00%,0.00%,0.00%,2.00%,0.00%,0.00%,0.00%,0.00%,0.00%,0.00%,0.00%,0.00%,0.00%,0.00%,0.00%,0.00%,0.00%,0.00%,0.00%,2.00%,0.00%,5.00%,0.00%,5.00%,0.00%,20.00%,5.00%,0.00%,0.00%,5.00%,5.00%,5.00%,5.00%,0.00%,7.00%,5.00%,0.00%,0.00%,0.00%,0.00%,0.00%,0.00%,0.00%,0.00%,0.00%,0.00%,0.00%,0.00%,0.00%
2024-09-11,20.00%,0.00%,9.00%,0.00%,0.00%,2.00%,0.00%,0.00%,0.00%,0.00%,0.00%,0.00%,0.00%,0.00%,0.00%,0.00%,0.00%,0.00%,0.00%,0.00%,0.00%,2.00%,0.00%,5.00%,0.00%,5.00%,0.00%,20.00%,5.00%,0.00%,0.00%,5.00%,5.00%,5.00%,5.00%,0.00%,7.00%,5.00%,0.00%,0.00%,0.00%,0.00%,0.00%,0.00%,0.00%,0.00%,0.00%,0.00%,0.00%,0.00%,0.00%
2024-09-12,20.00%,0.00%,9.00%,0.00%,0.00%,2.00%,0.00%,0.00%,0.00%,0.00%,0.00%,0.00%,0.00%,0.00%,0.00%,0.00%,0.00%,0.00%,0.00%,0.00%,0.00%,2.00%,0.00%,5.00%,0.00%,5.00%,0.00%,20.00%,5.00%,0.00%,0.00%,5.00%,5.00%,5.00%,5.00%,0.00%,7.00%,5.00%,0.00%,0.00%,0.00%,0.00%,0.00%,0.00%,0.00%,0.00%,0.00%,0.00%,0.00%,0.00%,0.00%
2024-09-13,20.00%,0.00%,9.00%,0.00%,0.00%,2.00%,0.00%,0.00%,0.00%,0.00%,0.00%,0.00%,0.00%,0.00%,0.00%,0.00%,0.00%,0.00%,0.00%,0.00%,0.00%,2.00%,0.00%,5.00%,0.00%,5.00%,0.00%,20.00%,5.00%,0.00%,0.00%,5.00%,5.00%,5.00%,5.00%,0.00%,7.00%,5.00%,0.00%,0.00%,0.00%,0.00%,0.00%,0.00%,0.00%,0.00%,0.00%,0.00%,0.00%,0.00%,0.00%
2024-09-14,20.00%,0.00%,9.00%,0.00%,0.00%,2.00%,0.00%,0.00%,0.00%,0.00%,0.00%,0.00%,0.00%,0.00%,0.00%,0.00%,0.00%,0.00%,0.00%,0.00%,0.00%,2.00%,0.00%,5.00%,0.00%,5.00%,0.00%,20.00%,5.00%,0.00%,0.00%,5.00%,5.00%,5.00%,5.00%,0.00%,7.00%,5.00%,0.00%,0.00%,0.00%,0.00%,0.00%,0.00%,0.00%,0.00%,0.00%,0.00%,0.00%,0.00%,0.00%
2024-09-15,20.00%,0.00%,9.00%,0.00%,0.00%,2.00%,0.00%,0.00%,0.00%,0.00%,0.00%,0.00%,0.00%,0.00%,0.00%,0.00%,0.00%,0.00%,0.00%,0.00%,0.00%,2.00%,0.00%,5.00%,0.00%,5.00%,0.00%,20.00%,5.00%,0.00%,0.00%,5.00%,5.00%,5.00%,5.00%,0.00%,7.00%,5.00%,0.00%,0.00%,0.00%,0.00%,0.00%,0.00%,0.00%,0.00%,0.00%,0.00%,0.00%,0.00%,0.00%
2024-09-16,20.00%,0.00%,9.00%,0.00%,0.00%,2.00%,0.00%,0.00%,0.00%,0.00%,0.00%,0.00%,0.00%,0.00%,0.00%,0.00%,0.00%,0.00%,0.00%,0.00%,0.00%,2.00%,0.00%,5.00%,0.00%,5.00%,0.00%,20.00%,5.00%,0.00%,0.00%,5.00%,5.00%,5.00%,5.00%,0.00%,7.00%,5.00%,0.00%,0.00%,0.00%,0.00%,0.00%,0.00%,0.00%,0.00%,0.00%,0.00%,0.00%,0.00%,0.00%
2024-09-17,20.00%,0.00%,9.00%,0.00%,0.00%,2.00%,0.00%,0.00%,0.00%,0.00%,0.00%,0.00%,0.00%,0.00%,0.00%,0.00%,0.00%,0.00%,0.00%,0.00%,0.00%,2.00%,0.00%,5.00%,0.00%,5.00%,0.00%,20.00%,5.00%,0.00%,0.00%,5.00%,5.00%,5.00%,5.00%,0.00%,7.00%,5.00%,0.00%,0.00%,0.00%,0.00%,0.00%,0.00%,0.00%,0.00%,0.00%,0.00%,0.00%,0.00%,0.00%
2024-09-18,20.00%,0.00%,9.00%,0.00%,0.00%,2.00%,0.00%,0.00%,0.00%,0.00%,0.00%,0.00%,0.00%,0.00%,0.00%,0.00%,0.00%,0.00%,0.00%,0.00%,0.00%,2.00%,0.00%,5.00%,0.00%,5.00%,0.00%,20.00%,5.00%,0.00%,0.00%,5.00%,5.00%,5.00%,5.00%,0.00%,7.00%,5.00%,0.00%,0.00%,0.00%,0.00%,0.00%,0.00%,0.00%,0.00%,0.00%,0.00%,0.00%,0.00%,0.00%
2024-09-19,20.00%,0.00%,9.00%,0.00%,0.00%,2.00%,0.00%,0.00%,0.00%,0.00%,0.00%,0.00%,0.00%,0.00%,0.00%,0.00%,0.00%,0.00%,0.00%,0.00%,0.00%,2.00%,0.00%,5.00%,0.00%,5.00%,0.00%,20.00%,5.00%,0.00%,0.00%,5.00%,5.00%,5.00%,5.00%,0.00%,7.00%,5.00%,0.00%,0.00%,0.00%,0.00%,0.00%,0.00%,0.00%,0.00%,0.00%,0.00%,0.00%,0.00%,0.00%
2024-09-20,20.00%,0.00%,9.00%,0.00%,0.00%,2.00%,0.00%,0.00%,0.00%,0.00%,0.00%,0.00%,0.00%,0.00%,0.00%,0.00%,0.00%,0.00%,0.00%,0.00%,0.00%,2.00%,0.00%,5.00%,0.00%,5.00%,0.00%,20.00%,5.00%,0.00%,0.00%,5.00%,5.00%,5.00%,5.00%,0.00%,7.00%,5.00%,0.00%,0.00%,0.00%,0.00%,0.00%,0.00%,0.00%,0.00%,0.00%,0.00%,0.00%,0.00%,0.00%
2024-09-21,20.00%,0.00%,9.00%,0.00%,0.00%,2.00%,0.00%,0.00%,0.00%,0.00%,0.00%,0.00%,0.00%,0.00%,0.00%,0.00%,0.00%,0.00%,0.00%,0.00%,0.00%,2.00%,0.00%,5.00%,0.00%,5.00%,0.00%,20.00%,5.00%,0.00%,0.00%,5.00%,5.00%,5.00%,5.00%,0.00%,7.00%,5.00%,0.00%,0.00%,0.00%,0.00%,0.00%,0.00%,0.00%,0.00%,0.00%,0.00%,0.00%,0.00%,0.00%
2024-09-22,20.00%,0.00%,9.00%,0.00%,0.00%,2.00%,0.00%,0.00%,0.00%,0.00%,0.00%,0.00%,0.00%,0.00%,0.00%,0.00%,0.00%,0.00%,0.00%,0.00%,0.00%,2.00%,0.00%,5.00%,0.00%,5.00%,0.00%,20.00%,5.00%,0.00%,0.00%,5.00%,5.00%,5.00%,5.00%,0.00%,7.00%,5.00%,0.00%,0.00%,0.00%,0.00%,0.00%,0.00%,0.00%,0.00%,0.00%,0.00%,0.00%,0.00%,0.00%
2024-09-23,20.00%,0.00%,9.00%,0.00%,0.00%,2.00%,0.00%,0.00%,0.00%,0.00%,0.00%,0.00%,0.00%,0.00%,0.00%,0.00%,0.00%,0.00%,0.00%,0.00%,0.00%,2.00%,0.00%,5.00%,0.00%,5.00%,0.00%,20.00%,5.00%,0.00%,0.00%,5.00%,5.00%,5.00%,5.00%,0.00%,7.00%,5.00%,0.00%,0.00%,0.00%,0.00%,0.00%,0.00%,0.00%,0.00%,0.00%,0.00%,0.00%,0.00%,0.00%
2024-09-24,20.00%,0.00%,9.00%,0.00%,0.00%,2.00%,0.00%,0.00%,0.00%,0.00%,0.00%,0.00%,0.00%,0.00%,0.00%,0.00%,0.00%,0.00%,0.00%,0.00%,0.00%,2.00%,0.00%,5.00%,0.00%,5.00%,0.00%,20.00%,5.00%,0.00%,0.00%,5.00%,5.00%,5.00%,5.00%,0.00%,7.00%,5.00%,0.00%,0.00%,0.00%,0.00%,0.00%,0.00%,0.00%,0.00%,0.00%,0.00%,0.00%,0.00%,0.00%
2024-09-25,20.00%,0.00%,9.00%,0.00%,0.00%,2.00%,0.00%,0.00%,0.00%,0.00%,0.00%,0.00%,0.00%,0.00%,0.00%,0.00%,0.00%,0.00%,0.00%,0.00%,0.00%,2.00%,0.00%,5.00%,0.00%,5.00%,0.00%,20.00%,5.00%,0.00%,0.00%,5.00%,5.00%,5.00%,5.00%,0.00%,7.00%,5.00%,0.00%,0.00%,0.00%,0.00%,0.00%,0.00%,0.00%,0.00%,0.00%,0.00%,0.00%,0.00%,0.00%
2024-09-26,20.00%,0.00%,9.00%,0.00%,0.00%,2.00%,0.00%,0.00%,0.00%,0.00%,0.00%,0.00%,0.00%,0.00%,0.00%,0.00%,0.00%,0.00%,0.00%,0.00%,0.00%,2.00%,0.00%,5.00%,0.00%,5.00%,0.00%,20.00%,5.00%,0.00%,0.00%,5.00%,5.00%,5.00%,5.00%,0.00%,7.00%,5.00%,0.00%,0.00%,0.00%,0.00%,0.00%,0.00%,0.00%,0.00%,0.00%,0.00%,0.00%,0.00%,0.00%
2024-09-27,16.00%,0.00%,5.00%,0.00%,0.00%,2.00%,0.00%,0.00%,0.00%,0.00%,0.00%,0.00%,0.00%,0.00%,0.00%,0.00%,0.00%,0.00%,0.00%,0.00%,0.00%,2.00%,0.00%,5.00%,0.00%,10.00%,0.00%,20.00%,5.00%,0.00%,0.00%,5.00%,5.00%,5.00%,5.00%,0.00%,5.00%,5.00%,2.00%,0.00%,0.00%,0.00%,0.00%,0.00%,0.00%,0.00%,0.00%,0.00%,0.00%,0.00%,0.00%
2024-09-28,16.00%,0.00%,5.00%,0.00%,0.00%,2.00%,0.00%,0.00%,0.00%,0.00%,0.00%,0.00%,0.00%,0.00%,0.00%,0.00%,0.00%,0.00%,0.00%,0.00%,0.00%,2.00%,0.00%,5.00%,0.00%,10.00%,0.00%,20.00%,5.00%,0.00%,0.00%,5.00%,5.00%,5.00%,5.00%,0.00%,5.00%,5.00%,2.00%,0.00%,0.00%,0.00%,0.00%,0.00%,0.00%,0.00%,0.00%,0.00%,0.00%,0.00%,0.00%
2024-09-29,16.00%,0.00%,5.00%,0.00%,0.00%,2.00%,0.00%,0.00%,0.00%,0.00%,0.00%,0.00%,0.00%,0.00%,0.00%,0.00%,0.00%,0.00%,0.00%,0.00%,0.00%,2.00%,0.00%,5.00%,0.00%,10.00%,0.00%,20.00%,5.00%,0.00%,0.00%,5.00%,5.00%,5.00%,5.00%,0.00%,5.00%,5.00%,2.00%,0.00%,0.00%,0.00%,0.00%,0.00%,0.00%,0.00%,0.00%,0.00%,0.00%,0.00%,0.00%
2024-09-30,16.00%,0.00%,5.00%,0.00%,0.00%,2.00%,0.00%,0.00%,0.00%,0.00%,0.00%,0.00%,0.00%,0.00%,0.00%,0.00%,0.00%,0.00%,0.00%,0.00%,0.00%,2.00%,0.00%,5.00%,0.00%,10.00%,0.00%,20.00%,5.00%,0.00%,0.00%,5.00%,5.00%,5.00%,5.00%,0.00%,5.00%,5.00%,2.00%,0.00%,0.00%,0.00%,0.00%,0.00%,0.00%,0.00%,0.00%,0.00%,0.00%,0.00%,0.00%
2024-10-01,16.00%,0.00%,5.00%,0.00%,0.00%,2.00%,0.00%,0.00%,0.00%,0.00%,0.00%,0.00%,0.00%,0.00%,0.00%,0.00%,0.00%,0.00%,0.00%,0.00%,0.00%,2.00%,0.00%,5.00%,0.00%,10.00%,0.00%,20.00%,5.00%,0.00%,0.00%,5.00%,5.00%,5.00%,5.00%,0.00%,5.00%,5.00%,2.00%,0.00%,0.00%,0.00%,0.00%,0.00%,0.00%,0.00%,0.00%,0.00%,0.00%,0.00%,0.00%
2024-10-02,16.00%,0.00%,5.00%,0.00%,0.00%,2.00%,0.00%,0.00%,0.00%,0.00%,0.00%,0.00%,0.00%,0.00%,0.00%,0.00%,0.00%,0.00%,0.00%,0.00%,0.00%,2.00%,0.00%,5.00%,0.00%,10.00%,0.00%,20.00%,5.00%,0.00%,0.00%,5.00%,5.00%,5.00%,5.00%,0.00%,5.00%,5.00%,2.00%,0.00%,0.00%,0.00%,0.00%,0.00%,0.00%,0.00%,0.00%,0.00%,0.00%,0.00%,0.00%
2024-10-03,16.00%,0.00%,5.00%,0.00%,0.00%,2.00%,0.00%,0.00%,0.00%,0.00%,0.00%,0.00%,0.00%,0.00%,0.00%,0.00%,0.00%,0.00%,0.00%,0.00%,0.00%,2.00%,0.00%,5.00%,0.00%,10.00%,0.00%,20.00%,5.00%,0.00%,0.00%,5.00%,5.00%,5.00%,5.00%,0.00%,5.00%,5.00%,2.00%,0.00%,0.00%,0.00%,0.00%,0.00%,0.00%,0.00%,0.00%,0.00%,0.00%,0.00%,0.00%
2024-10-04,16.00%,0.00%,5.00%,0.00%,0.00%,2.00%,0.00%,0.00%,0.00%,0.00%,0.00%,0.00%,0.00%,0.00%,0.00%,0.00%,0.00%,0.00%,0.00%,0.00%,0.00%,2.00%,0.00%,5.00%,0.00%,10.00%,0.00%,20.00%,5.00%,0.00%,0.00%,5.00%,5.00%,5.00%,5.00%,0.00%,5.00%,5.00%,2.00%,0.00%,0.00%,0.00%,0.00%,0.00%,0.00%,0.00%,0.00%,0.00%,0.00%,0.00%,0.00%
2024-10-05,16.00%,0.00%,5.00%,0.00%,0.00%,2.00%,0.00%,0.00%,0.00%,0.00%,0.00%,0.00%,0.00%,0.00%,0.00%,0.00%,0.00%,0.00%,0.00%,0.00%,0.00%,2.00%,0.00%,5.00%,0.00%,10.00%,0.00%,20.00%,5.00%,0.00%,0.00%,5.00%,5.00%,5.00%,5.00%,0.00%,5.00%,5.00%,2.00%,0.00%,0.00%,0.00%,0.00%,0.00%,0.00%,0.00%,0.00%,0.00%,0.00%,0.00%,0.00%
2024-10-06,16.00%,0.00%,5.00%,0.00%,0.00%,2.00%,0.00%,0.00%,0.00%,0.00%,0.00%,0.00%,0.00%,0.00%,0.00%,0.00%,0.00%,0.00%,0.00%,0.00%,0.00%,2.00%,0.00%,5.00%,0.00%,10.00%,0.00%,20.00%,5.00%,0.00%,0.00%,5.00%,5.00%,5.00%,5.00%,0.00%,5.00%,5.00%,2.00%,0.00%,0.00%,0.00%,0.00%,0.00%,0.00%,0.00%,0.00%,0.00%,0.00%,0.00%,0.00%
2024-10-07,16.00%,0.00%,5.00%,0.00%,0.00%,2.00%,0.00%,0.00%,0.00%,0.00%,0.00%,0.00%,0.00%,0.00%,0.00%,0.00%,0.00%,0.00%,0.00%,0.00%,0.00%,2.00%,0.00%,5.00%,0.00%,10.00%,0.00%,20.00%,5.00%,0.00%,0.00%,5.00%,5.00%,5.00%,5.00%,0.00%,5.00%,5.00%,2.00%,0.00%,0.00%,0.00%,0.00%,0.00%,0.00%,0.00%,0.00%,0.00%,0.00%,0.00%,0.00%
2024-10-08,16.00%,0.00%,5.00%,0.00%,0.00%,2.00%,0.00%,0.00%,0.00%,0.00%,0.00%,0.00%,0.00%,0.00%,0.00%,0.00%,0.00%,0.00%,0.00%,0.00%,0.00%,2.00%,0.00%,5.00%,0.00%,10.00%,0.00%,20.00%,5.00%,0.00%,0.00%,5.00%,5.00%,5.00%,5.00%,0.00%,5.00%,5.00%,2.00%,0.00%,0.00%,0.00%,0.00%,0.00%,0.00%,0.00%,0.00%,0.00%,0.00%,0.00%,0.00%
2024-10-09,16.00%,0.00%,5.00%,0.00%,0.00%,2.00%,0.00%,0.00%,0.00%,0.00%,0.00%,0.00%,0.00%,0.00%,0.00%,0.00%,0.00%,0.00%,0.00%,0.00%,0.00%,2.00%,0.00%,5.00%,0.00%,10.00%,0.00%,20.00%,5.00%,0.00%,0.00%,5.00%,5.00%,5.00%,5.00%,0.00%,5.00%,5.00%,2.00%,0.00%,0.00%,0.00%,0.00%,0.00%,0.00%,0.00%,0.00%,0.00%,0.00%,0.00%,0.00%
2024-10-10,16.00%,0.00%,5.00%,0.00%,0.00%,2.00%,0.00%,0.00%,0.00%,0.00%,0.00%,0.00%,0.00%,0.00%,0.00%,0.00%,0.00%,0.00%,0.00%,0.00%,0.00%,2.00%,0.00%,5.00%,0.00%,10.00%,0.00%,20.00%,5.00%,0.00%,0.00%,5.00%,5.00%,5.00%,5.00%,0.00%,5.00%,5.00%,2.00%,0.00%,0.00%,0.00%,0.00%,0.00%,0.00%,0.00%,0.00%,0.00%,0.00%,0.00%,0.00%
2024-10-11,16.00%,0.00%,5.00%,0.00%,0.00%,2.00%,0.00%,0.00%,0.00%,0.00%,0.00%,0.00%,0.00%,0.00%,0.00%,0.00%,0.00%,0.00%,0.00%,0.00%,0.00%,2.00%,0.00%,5.00%,0.00%,10.00%,0.00%,20.00%,5.00%,0.00%,0.00%,5.00%,5.00%,5.00%,5.00%,0.00%,5.00%,5.00%,2.00%,0.00%,0.00%,0.00%,0.00%,0.00%,0.00%,0.00%,0.00%,0.00%,0.00%,0.00%,0.00%
2024-10-12,16.00%,0.00%,5.00%,0.00%,0.00%,2.00%,0.00%,0.00%,0.00%,0.00%,0.00%,0.00%,0.00%,0.00%,0.00%,0.00%,0.00%,0.00%,0.00%,0.00%,0.00%,2.00%,0.00%,5.00%,0.00%,10.00%,0.00%,20.00%,5.00%,0.00%,0.00%,5.00%,5.00%,5.00%,5.00%,0.00%,5.00%,5.00%,2.00%,0.00%,0.00%,0.00%,0.00%,0.00%,0.00%,0.00%,0.00%,0.00%,0.00%,0.00%,0.00%
2024-10-13,16.00%,0.00%,5.00%,0.00%,0.00%,2.00%,0.00%,0.00%,0.00%,0.00%,0.00%,0.00%,0.00%,0.00%,0.00%,0.00%,0.00%,0.00%,0.00%,0.00%,0.00%,2.00%,0.00%,5.00%,0.00%,10.00%,0.00%,20.00%,5.00%,0.00%,0.00%,5.00%,5.00%,5.00%,5.00%,0.00%,5.00%,5.00%,2.00%,0.00%,0.00%,0.00%,0.00%,0.00%,0.00%,0.00%,0.00%,0.00%,0.00%,0.00%,0.00%
2024-10-14,16.00%,0.00%,5.00%,0.00%,0.00%,2.00%,0.00%,0.00%,0.00%,0.00%,0.00%,0.00%,0.00%,0.00%,0.00%,0.00%,0.00%,0.00%,0.00%,0.00%,0.00%,2.00%,0.00%,5.00%,0.00%,10.00%,0.00%,20.00%,5.00%,0.00%,0.00%,5.00%,5.00%,5.00%,5.00%,0.00%,5.00%,5.00%,2.00%,0.00%,0.00%,0.00%,0.00%,0.00%,0.00%,0.00%,0.00%,0.00%,0.00%,0.00%,0.00%
2024-10-15,16.00%,0.00%,5.00%,0.00%,0.00%,2.00%,0.00%,0.00%,0.00%,0.00%,0.00%,0.00%,0.00%,0.00%,0.00%,0.00%,0.00%,0.00%,0.00%,0.00%,0.00%,2.00%,0.00%,5.00%,0.00%,10.00%,0.00%,20.00%,5.00%,0.00%,0.00%,5.00%,5.00%,5.00%,5.00%,0.00%,5.00%,5.00%,2.00%,0.00%,0.00%,0.00%,0.00%,0.00%,0.00%,0.00%,0.00%,0.00%,0.00%,0.00%,0.00%
2024-10-16,16.00%,0.00%,5.00%,0.00%,0.00%,2.00%,0.00%,0.00%,0.00%,0.00%,0.00%,0.00%,0.00%,0.00%,0.00%,0.00%,0.00%,0.00%,0.00%,0.00%,0.00%,2.00%,0.00%,5.00%,0.00%,10.00%,0.00%,20.00%,5.00%,0.00%,0.00%,5.00%,5.00%,5.00%,5.00%,0.00%,5.00%,5.00%,2.00%,0.00%,0.00%,0.00%,0.00%,0.00%,0.00%,0.00%,0.00%,0.00%,0.00%,0.00%,0.00%
2024-10-17,16.00%,0.00%,5.00%,0.00%,0.00%,2.00%,0.00%,0.00%,0.00%,0.00%,0.00%,0.00%,0.00%,0.00%,0.00%,0.00%,0.00%,0.00%,0.00%,0.00%,0.00%,2.00%,0.00%,5.00%,0.00%,10.00%,0.00%,20.00%,5.00%,0.00%,0.00%,5.00%,5.00%,5.00%,5.00%,0.00%,5.00%,5.00%,2.00%,0.00%,0.00%,0.00%,0.00%,0.00%,0.00%,0.00%,0.00%,0.00%,0.00%,0.00%,0.00%
2024-10-18,16.00%,0.00%,5.00%,0.00%,0.00%,2.00%,0.00%,0.00%,0.00%,0.00%,0.00%,0.00%,0.00%,0.00%,0.00%,0.00%,0.00%,0.00%,0.00%,0.00%,0.00%,2.00%,0.00%,5.00%,0.00%,10.00%,0.00%,20.00%,5.00%,0.00%,0.00%,5.00%,5.00%,5.00%,5.00%,0.00%,5.00%,5.00%,2.00%,0.00%,0.00%,0.00%,0.00%,0.00%,0.00%,0.00%,0.00%,0.00%,0.00%,0.00%,0.00%
2024-10-19,16.00%,0.00%,5.00%,0.00%,0.00%,2.00%,0.00%,0.00%,0.00%,0.00%,0.00%,0.00%,0.00%,0.00%,0.00%,0.00%,0.00%,0.00%,0.00%,0.00%,0.00%,2.00%,0.00%,5.00%,0.00%,10.00%,0.00%,20.00%,5.00%,0.00%,0.00%,5.00%,5.00%,5.00%,5.00%,0.00%,5.00%,5.00%,2.00%,0.00%,0.00%,0.00%,0.00%,0.00%,0.00%,0.00%,0.00%,0.00%,0.00%,0.00%,0.00%
2024-10-20,16.00%,0.00%,5.00%,0.00%,0.00%,2.00%,0.00%,0.00%,0.00%,0.00%,0.00%,0.00%,0.00%,0.00%,0.00%,0.00%,0.00%,0.00%,0.00%,0.00%,0.00%,2.00%,0.00%,5.00%,0.00%,10.00%,0.00%,20.00%,5.00%,0.00%,0.00%,5.00%,5.00%,5.00%,5.00%,0.00%,5.00%,5.00%,2.00%,0.00%,0.00%,0.00%,0.00%,0.00%,0.00%,0.00%,0.00%,0.00%,0.00%,0.00%,0.00%
2024-10-21,16.00%,0.00%,5.00%,0.00%,0.00%,2.00%,0.00%,0.00%,0.00%,0.00%,0.00%,0.00%,0.00%,0.00%,0.00%,0.00%,0.00%,0.00%,0.00%,0.00%,0.00%,2.00%,0.00%,5.00%,0.00%,10.00%,0.00%,20.00%,5.00%,0.00%,0.00%,5.00%,5.00%,5.00%,5.00%,0.00%,5.00%,5.00%,2.00%,0.00%,0.00%,0.00%,0.00%,0.00%,0.00%,0.00%,0.00%,0.00%,0.00%,0.00%,0.00%
2024-10-22,16.00%,0.00%,5.00%,0.00%,0.00%,2.00%,0.00%,0.00%,0.00%,0.00%,0.00%,0.00%,0.00%,0.00%,0.00%,0.00%,0.00%,0.00%,0.00%,0.00%,0.00%,2.00%,0.00%,5.00%,0.00%,10.00%,0.00%,20.00%,5.00%,0.00%,0.00%,5.00%,5.00%,5.00%,5.00%,0.00%,5.00%,5.00%,2.00%,0.00%,0.00%,0.00%,0.00%,0.00%,0.00%,0.00%,0.00%,0.00%,0.00%,0.00%,0.00%
2024-10-23,16.00%,0.00%,5.00%,0.00%,0.00%,2.00%,0.00%,0.00%,0.00%,0.00%,0.00%,0.00%,0.00%,0.00%,0.00%,0.00%,0.00%,0.00%,0.00%,0.00%,0.00%,2.00%,0.00%,5.00%,0.00%,10.00%,0.00%,20.00%,5.00%,0.00%,0.00%,5.00%,5.00%,5.00%,5.00%,0.00%,5.00%,5.00%,2.00%,0.00%,0.00%,0.00%,0.00%,0.00%,0.00%,0.00%,0.00%,0.00%,0.00%,0.00%,0.00%
2024-10-24,16.00%,0.00%,5.00%,0.00%,0.00%,2.00%,0.00%,0.00%,0.00%,0.00%,0.00%,0.00%,0.00%,0.00%,0.00%,0.00%,0.00%,0.00%,0.00%,0.00%,0.00%,2.00%,0.00%,5.00%,0.00%,10.00%,0.00%,20.00%,5.00%,0.00%,0.00%,5.00%,5.00%,5.00%,5.00%,0.00%,5.00%,5.00%,2.00%,0.00%,0.00%,0.00%,0.00%,0.00%,0.00%,0.00%,0.00%,0.00%,0.00%,0.00%,0.00%
2024-10-25,16.00%,0.00%,5.00%,0.00%,0.00%,2.00%,0.00%,0.00%,0.00%,0.00%,0.00%,0.00%,0.00%,0.00%,0.00%,0.00%,0.00%,0.00%,0.00%,0.00%,0.00%,2.00%,0.00%,5.00%,0.00%,10.00%,0.00%,20.00%,5.00%,0.00%,0.00%,5.00%,5.00%,5.00%,5.00%,0.00%,5.00%,5.00%,2.00%,0.00%,0.00%,0.00%,0.00%,0.00%,0.00%,0.00%,0.00%,0.00%,0.00%,0.00%,0.00%
2024-10-26,16.00%,0.00%,5.00%,0.00%,0.00%,2.00%,0.00%,0.00%,0.00%,0.00%,0.00%,0.00%,0.00%,0.00%,0.00%,0.00%,0.00%,0.00%,0.00%,0.00%,0.00%,2.00%,0.00%,5.00%,0.00%,10.00%,0.00%,20.00%,5.00%,0.00%,0.00%,5.00%,5.00%,5.00%,5.00%,0.00%,5.00%,5.00%,2.00%,0.00%,0.00%,0.00%,0.00%,0.00%,0.00%,0.00%,0.00%,0.00%,0.00%,0.00%,0.00%
2024-10-27,16.00%,0.00%,5.00%,0.00%,0.00%,2.00%,0.00%,0.00%,0.00%,0.00%,0.00%,0.00%,0.00%,0.00%,0.00%,0.00%,0.00%,0.00%,0.00%,0.00%,0.00%,2.00%,0.00%,5.00%,0.00%,10.00%,0.00%,20.00%,5.00%,0.00%,0.00%,5.00%,5.00%,5.00%,5.00%,0.00%,5.00%,5.00%,2.00%,0.00%,0.00%,0.00%,0.00%,0.00%,0.00%,0.00%,0.00%,0.00%,0.00%,0.00%,0.00%
2024-10-28,16.00%,0.00%,5.00%,0.00%,0.00%,2.00%,0.00%,0.00%,0.00%,0.00%,0.00%,0.00%,0.00%,0.00%,0.00%,0.00%,0.00%,0.00%,0.00%,0.00%,0.00%,2.00%,0.00%,5.00%,0.00%,10.00%,0.00%,20.00%,5.00%,0.00%,0.00%,5.00%,5.00%,5.00%,5.00%,0.00%,5.00%,5.00%,2.00%,0.00%,0.00%,0.00%,0.00%,0.00%,0.00%,0.00%,0.00%,0.00%,0.00%,0.00%,0.00%
2024-10-29,16.00%,0.00%,5.00%,0.00%,0.00%,2.00%,0.00%,0.00%,0.00%,0.00%,0.00%,0.00%,0.00%,0.00%,0.00%,0.00%,0.00%,0.00%,0.00%,0.00%,0.00%,2.00%,0.00%,5.00%,0.00%,10.00%,0.00%,20.00%,5.00%,0.00%,0.00%,5.00%,5.00%,5.00%,5.00%,0.00%,5.00%,5.00%,2.00%,0.00%,0.00%,0.00%,0.00%,0.00%,0.00%,0.00%,0.00%,0.00%,0.00%,0.00%,0.00%
2024-10-30,16.00%,0.00%,5.00%,0.00%,0.00%,2.00%,0.00%,0.00%,0.00%,0.00%,0.00%,0.00%,0.00%,0.00%,0.00%,0.00%,0.00%,0.00%,0.00%,0.00%,0.00%,2.00%,0.00%,5.00%,0.00%,10.00%,0.00%,20.00%,5.00%,0.00%,0.00%,5.00%,5.00%,5.00%,5.00%,0.00%,5.00%,5.00%,2.00%,0.00%,0.00%,0.00%,0.00%,0.00%,0.00%,0.00%,0.00%,0.00%,0.00%,0.00%,0.00%
2024-10-31,16.00%,0.00%,5.00%,0.00%,0.00%,2.00%,0.00%,0.00%,0.00%,0.00%,0.00%,0.00%,0.00%,0.00%,0.00%,0.00%,0.00%,0.00%,0.00%,0.00%,0.00%,2.00%,0.00%,5.00%,0.00%,10.00%,0.00%,20.00%,5.00%,0.00%,0.00%,5.00%,5.00%,5.00%,5.00%,0.00%,5.00%,5.00%,2.00%,0.00%,0.00%,0.00%,0.00%,0.00%,0.00%,0.00%,0.00%,0.00%,0.00%,0.00%,0.00%
2024-11-01,16.00%,0.00%,5.00%,0.00%,0.00%,2.00%,0.00%,0.00%,0.00%,0.00%,0.00%,0.00%,0.00%,0.00%,0.00%,0.00%,0.00%,0.00%,0.00%,0.00%,0.00%,2.00%,0.00%,5.00%,0.00%,10.00%,0.00%,20.00%,5.00%,0.00%,0.00%,5.00%,5.00%,5.00%,5.00%,0.00%,5.00%,5.00%,2.00%,0.00%,0.00%,0.00%,0.00%,0.00%,0.00%,0.00%,0.00%,0.00%,0.00%,0.00%,0.00%
2024-11-02,16.00%,0.00%,5.00%,0.00%,0.00%,2.00%,0.00%,0.00%,0.00%,0.00%,0.00%,0.00%,0.00%,0.00%,0.00%,0.00%,0.00%,0.00%,0.00%,0.00%,0.00%,2.00%,0.00%,5.00%,0.00%,10.00%,0.00%,20.00%,5.00%,0.00%,0.00%,5.00%,5.00%,5.00%,5.00%,0.00%,5.00%,5.00%,2.00%,0.00%,0.00%,0.00%,0.00%,0.00%,0.00%,0.00%,0.00%,0.00%,0.00%,0.00%,0.00%
2024-11-03,16.00%,0.00%,5.00%,0.00%,0.00%,2.00%,0.00%,0.00%,0.00%,0.00%,0.00%,0.00%,0.00%,0.00%,0.00%,0.00%,0.00%,0.00%,0.00%,0.00%,0.00%,2.00%,0.00%,5.00%,0.00%,10.00%,0.00%,20.00%,5.00%,0.00%,0.00%,5.00%,5.00%,5.00%,5.00%,0.00%,5.00%,5.00%,2.00%,0.00%,0.00%,0.00%,0.00%,0.00%,0.00%,0.00%,0.00%,0.00%,0.00%,0.00%,0.00%
2024-11-04,16.00%,0.00%,5.00%,0.00%,0.00%,2.00%,0.00%,0.00%,0.00%,0.00%,0.00%,0.00%,0.00%,0.00%,0.00%,0.00%,0.00%,0.00%,0.00%,0.00%,0.00%,2.00%,0.00%,5.00%,0.00%,10.00%,0.00%,20.00%,5.00%,0.00%,0.00%,5.00%,5.00%,5.00%,5.00%,0.00%,5.00%,5.00%,2.00%,0.00%,0.00%,0.00%,0.00%,0.00%,0.00%,0.00%,0.00%,0.00%,0.00%,0.00%,0.00%
2024-11-05,16.00%,0.00%,5.00%,0.00%,0.00%,2.00%,0.00%,0.00%,0.00%,0.00%,0.00%,0.00%,0.00%,0.00%,0.00%,0.00%,0.00%,0.00%,0.00%,0.00%,0.00%,2.00%,0.00%,5.00%,0.00%,10.00%,0.00%,20.00%,5.00%,0.00%,0.00%,5.00%,5.00%,5.00%,5.00%,0.00%,5.00%,5.00%,2.00%,0.00%,0.00%,0.00%,0.00%,0.00%,0.00%,0.00%,0.00%,0.00%,0.00%,0.00%,0.00%
2024-11-06,16.00%,0.00%,5.00%,0.00%,0.00%,2.00%,0.00%,0.00%,0.00%,0.00%,0.00%,0.00%,0.00%,0.00%,0.00%,0.00%,0.00%,0.00%,0.00%,0.00%,0.00%,2.00%,0.00%,5.00%,0.00%,10.00%,0.00%,20.00%,5.00%,0.00%,0.00%,5.00%,5.00%,5.00%,5.00%,0.00%,5.00%,5.00%,2.00%,0.00%,0.00%,0.00%,0.00%,0.00%,0.00%,0.00%,0.00%,0.00%,0.00%,0.00%,0.00%
2024-11-07,16.00%,0.00%,5.00%,0.00%,0.00%,2.00%,0.00%,0.00%,0.00%,0.00%,0.00%,0.00%,0.00%,0.00%,0.00%,0.00%,0.00%,0.00%,0.00%,0.00%,0.00%,2.00%,0.00%,5.00%,0.00%,10.00%,0.00%,20.00%,5.00%,0.00%,0.00%,5.00%,5.00%,5.00%,5.00%,0.00%,5.00%,5.00%,2.00%,0.00%,0.00%,0.00%,0.00%,0.00%,0.00%,0.00%,0.00%,0.00%,0.00%,0.00%,0.00%
2024-11-08,16.00%,0.00%,5.00%,0.00%,0.00%,2.00%,0.00%,0.00%,0.00%,0.00%,0.00%,0.00%,0.00%,0.00%,0.00%,0.00%,0.00%,0.00%,0.00%,0.00%,0.00%,2.00%,0.00%,5.00%,0.00%,10.00%,0.00%,20.00%,5.00%,0.00%,0.00%,5.00%,5.00%,5.00%,5.00%,0.00%,5.00%,5.00%,2.00%,0.00%,0.00%,0.00%,0.00%,0.00%,0.00%,0.00%,0.00%,0.00%,0.00%,0.00%,0.00%
2024-11-09,16.00%,0.00%,5.00%,0.00%,0.00%,2.00%,0.00%,0.00%,0.00%,0.00%,0.00%,0.00%,0.00%,0.00%,0.00%,0.00%,0.00%,0.00%,0.00%,0.00%,0.00%,2.00%,0.00%,5.00%,0.00%,10.00%,0.00%,20.00%,5.00%,0.00%,0.00%,5.00%,5.00%,5.00%,5.00%,0.00%,5.00%,5.00%,2.00%,0.00%,0.00%,0.00%,0.00%,0.00%,0.00%,0.00%,0.00%,0.00%,0.00%,0.00%,0.00%
2024-11-10,16.00%,0.00%,5.00%,0.00%,0.00%,2.00%,0.00%,0.00%,0.00%,0.00%,0.00%,0.00%,0.00%,0.00%,0.00%,0.00%,0.00%,0.00%,0.00%,0.00%,0.00%,2.00%,0.00%,5.00%,0.00%,10.00%,0.00%,20.00%,5.00%,0.00%,0.00%,5.00%,5.00%,5.00%,5.00%,0.00%,5.00%,5.00%,2.00%,0.00%,0.00%,0.00%,0.00%,0.00%,0.00%,0.00%,0.00%,0.00%,0.00%,0.00%,0.00%
2024-11-11,16.00%,0.00%,5.00%,0.00%,0.00%,2.00%,0.00%,0.00%,0.00%,0.00%,0.00%,0.00%,0.00%,0.00%,0.00%,0.00%,0.00%,0.00%,0.00%,0.00%,0.00%,2.00%,0.00%,5.00%,0.00%,10.00%,0.00%,20.00%,5.00%,0.00%,0.00%,5.00%,5.00%,5.00%,5.00%,0.00%,5.00%,5.00%,2.00%,0.00%,0.00%,0.00%,0.00%,0.00%,0.00%,0.00%,0.00%,0.00%,0.00%,0.00%,0.00%
2024-11-12,16.00%,0.00%,5.00%,0.00%,0.00%,2.00%,0.00%,0.00%,0.00%,0.00%,0.00%,0.00%,0.00%,0.00%,0.00%,0.00%,0.00%,0.00%,0.00%,0.00%,0.00%,2.00%,0.00%,5.00%,0.00%,10.00%,0.00%,20.00%,5.00%,0.00%,0.00%,5.00%,5.00%,5.00%,5.00%,0.00%,5.00%,5.00%,2.00%,0.00%,0.00%,0.00%,0.00%,0.00%,0.00%,0.00%,0.00%,0.00%,0.00%,0.00%,0.00%
2024-11-13,16.00%,0.00%,5.00%,0.00%,0.00%,2.00%,0.00%,0.00%,0.00%,0.00%,0.00%,0.00%,0.00%,0.00%,0.00%,0.00%,0.00%,0.00%,0.00%,0.00%,0.00%,2.00%,0.00%,5.00%,0.00%,10.00%,0.00%,20.00%,5.00%,0.00%,0.00%,5.00%,5.00%,5.00%,5.00%,0.00%,5.00%,5.00%,2.00%,0.00%,0.00%,0.00%,0.00%,0.00%,0.00%,0.00%,0.00%,0.00%,0.00%,0.00%,0.00%
2024-11-14,16.00%,0.00%,5.00%,0.00%,0.00%,2.00%,0.00%,0.00%,0.00%,0.00%,0.00%,0.00%,0.00%,0.00%,0.00%,0.00%,0.00%,0.00%,0.00%,0.00%,0.00%,2.00%,0.00%,5.00%,0.00%,10.00%,0.00%,20.00%,5.00%,0.00%,0.00%,5.00%,5.00%,5.00%,5.00%,0.00%,5.00%,5.00%,2.00%,0.00%,0.00%,0.00%,0.00%,0.00%,0.00%,0.00%,0.00%,0.00%,0.00%,0.00%,0.00%
2024-11-15,16.00%,0.00%,5.00%,0.00%,0.00%,2.00%,0.00%,0.00%,0.00%,0.00%,0.00%,0.00%,0.00%,0.00%,0.00%,0.00%,0.00%,0.00%,0.00%,0.00%,0.00%,2.00%,0.00%,5.00%,0.00%,10.00%,0.00%,20.00%,5.00%,0.00%,0.00%,5.00%,5.00%,5.00%,5.00%,0.00%,5.00%,5.00%,2.00%,0.00%,0.00%,0.00%,0.00%,0.00%,0.00%,0.00%,0.00%,0.00%,0.00%,0.00%,0.00%
2024-11-16,16.00%,0.00%,5.00%,0.00%,0.00%,2.00%,0.00%,0.00%,0.00%,0.00%,0.00%,0.00%,0.00%,0.00%,0.00%,0.00%,0.00%,0.00%,0.00%,0.00%,0.00%,2.00%,0.00%,5.00%,0.00%,10.00%,0.00%,20.00%,5.00%,0.00%,0.00%,5.00%,5.00%,5.00%,5.00%,0.00%,5.00%,5.00%,2.00%,0.00%,0.00%,0.00%,0.00%,0.00%,0.00%,0.00%,0.00%,0.00%,0.00%,0.00%,0.00%
2024-11-17,16.00%,0.00%,5.00%,0.00%,0.00%,2.00%,0.00%,0.00%,0.00%,0.00%,0.00%,0.00%,0.00%,0.00%,0.00%,0.00%,0.00%,0.00%,0.00%,0.00%,0.00%,2.00%,0.00%,5.00%,0.00%,10.00%,0.00%,20.00%,5.00%,0.00%,0.00%,5.00%,5.00%,5.00%,5.00%,0.00%,5.00%,5.00%,2.00%,0.00%,0.00%,0.00%,0.00%,0.00%,0.00%,0.00%,0.00%,0.00%,0.00%,0.00%,0.00%
2024-11-18,16.00%,0.00%,5.00%,0.00%,0.00%,2.00%,0.00%,0.00%,0.00%,0.00%,0.00%,0.00%,0.00%,0.00%,0.00%,0.00%,0.00%,0.00%,0.00%,0.00%,0.00%,2.00%,0.00%,5.00%,0.00%,10.00%,0.00%,20.00%,5.00%,0.00%,0.00%,5.00%,5.00%,5.00%,5.00%,0.00%,5.00%,5.00%,2.00%,0.00%,0.00%,0.00%,0.00%,0.00%,0.00%,0.00%,0.00%,0.00%,0.00%,0.00%,0.00%
2024-11-19,16.00%,0.00%,5.00%,0.00%,0.00%,2.00%,0.00%,0.00%,0.00%,0.00%,0.00%,0.00%,0.00%,0.00%,0.00%,0.00%,0.00%,0.00%,0.00%,0.00%,0.00%,2.00%,0.00%,5.00%,0.00%,10.00%,0.00%,20.00%,5.00%,0.00%,0.00%,5.00%,5.00%,5.00%,5.00%,0.00%,5.00%,5.00%,2.00%,0.00%,0.00%,0.00%,0.00%,0.00%,0.00%,0.00%,0.00%,0.00%,0.00%,0.00%,0.00%
2024-11-20,16.00%,0.00%,5.00%,0.00%,0.00%,2.00%,0.00%,0.00%,0.00%,0.00%,0.00%,0.00%,0.00%,0.00%,0.00%,0.00%,0.00%,0.00%,0.00%,0.00%,0.00%,2.00%,0.00%,5.00%,0.00%,10.00%,0.00%,20.00%,5.00%,0.00%,0.00%,5.00%,5.00%,5.00%,5.00%,0.00%,5.00%,5.00%,2.00%,0.00%,0.00%,0.00%,0.00%,0.00%,0.00%,0.00%,0.00%,0.00%,0.00%,0.00%,0.00%
2024-11-21,16.00%,0.00%,5.00%,0.00%,0.00%,2.00%,0.00%,0.00%,0.00%,0.00%,0.00%,0.00%,0.00%,0.00%,0.00%,0.00%,0.00%,0.00%,0.00%,0.00%,0.00%,2.00%,0.00%,5.00%,0.00%,10.00%,0.00%,20.00%,5.00%,0.00%,0.00%,5.00%,5.00%,5.00%,5.00%,0.00%,5.00%,5.00%,2.00%,0.00%,0.00%,0.00%,0.00%,0.00%,0.00%,0.00%,0.00%,0.00%,0.00%,0.00%,0.00%
2024-11-22,16.00%,0.00%,5.00%,0.00%,0.00%,2.00%,0.00%,0.00%,0.00%,0.00%,0.00%,0.00%,0.00%,0.00%,0.00%,0.00%,0.00%,0.00%,0.00%,0.00%,0.00%,2.00%,0.00%,5.00%,0.00%,10.00%,0.00%,20.00%,5.00%,0.00%,0.00%,5.00%,5.00%,5.00%,5.00%,0.00%,5.00%,5.00%,2.00%,0.00%,0.00%,0.00%,0.00%,0.00%,0.00%,0.00%,0.00%,0.00%,0.00%,0.00%,0.00%
2024-11-23,16.00%,0.00%,5.00%,0.00%,0.00%,2.00%,0.00%,0.00%,0.00%,0.00%,0.00%,0.00%,0.00%,0.00%,0.00%,0.00%,0.00%,0.00%,0.00%,0.00%,0.00%,2.00%,0.00%,5.00%,0.00%,10.00%,0.00%,20.00%,5.00%,0.00%,0.00%,5.00%,5.00%,5.00%,5.00%,0.00%,5.00%,5.00%,2.00%,0.00%,0.00%,0.00%,0.00%,0.00%,0.00%,0.00%,0.00%,0.00%,0.00%,0.00%,0.00%
2024-11-24,16.00%,0.00%,5.00%,0.00%,0.00%,2.00%,0.00%,0.00%,0.00%,0.00%,0.00%,0.00%,0.00%,0.00%,0.00%,0.00%,0.00%,0.00%,0.00%,0.00%,0.00%,2.00%,0.00%,5.00%,0.00%,10.00%,0.00%,20.00%,5.00%,0.00%,0.00%,5.00%,5.00%,5.00%,5.00%,0.00%,5.00%,5.00%,2.00%,0.00%,0.00%,0.00%,0.00%,0.00%,0.00%,0.00%,0.00%,0.00%,0.00%,0.00%,0.00%
2024-11-25,16.00%,0.00%,5.00%,0.00%,0.00%,2.00%,0.00%,0.00%,0.00%,0.00%,0.00%,0.00%,0.00%,0.00%,0.00%,0.00%,0.00%,0.00%,0.00%,0.00%,0.00%,2.00%,0.00%,5.00%,0.00%,10.00%,0.00%,20.00%,5.00%,0.00%,0.00%,5.00%,5.00%,5.00%,5.00%,0.00%,5.00%,5.00%,2.00%,0.00%,0.00%,0.00%,0.00%,0.00%,0.00%,0.00%,0.00%,0.00%,0.00%,0.00%,0.00%
2024-11-26,16.00%,0.00%,5.00%,0.00%,0.00%,2.00%,0.00%,0.00%,0.00%,0.00%,0.00%,0.00%,0.00%,0.00%,0.00%,0.00%,0.00%,0.00%,0.00%,0.00%,0.00%,2.00%,0.00%,5.00%,0.00%,10.00%,0.00%,20.00%,5.00%,0.00%,0.00%,5.00%,5.00%,5.00%,5.00%,0.00%,5.00%,5.00%,2.00%,0.00%,0.00%,0.00%,0.00%,0.00%,0.00%,0.00%,0.00%,0.00%,0.00%,0.00%,0.00%
2024-11-27,16.00%,0.00%,5.00%,0.00%,0.00%,2.00%,0.00%,0.00%,0.00%,0.00%,0.00%,0.00%,0.00%,0.00%,0.00%,0.00%,0.00%,0.00%,0.00%,0.00%,0.00%,2.00%,0.00%,5.00%,0.00%,10.00%,0.00%,20.00%,5.00%,0.00%,0.00%,5.00%,5.00%,5.00%,5.00%,0.00%,5.00%,5.00%,2.00%,0.00%,0.00%,0.00%,0.00%,0.00%,0.00%,0.00%,0.00%,0.00%,0.00%,0.00%,0.00%
2024-11-28,16.00%,0.00%,5.00%,0.00%,0.00%,2.00%,0.00%,0.00%,0.00%,0.00%,0.00%,0.00%,0.00%,0.00%,0.00%,0.00%,0.00%,0.00%,0.00%,0.00%,0.00%,2.00%,0.00%,5.00%,0.00%,10.00%,0.00%,20.00%,5.00%,0.00%,0.00%,5.00%,5.00%,5.00%,5.00%,0.00%,5.00%,5.00%,2.00%,0.00%,0.00%,0.00%,0.00%,0.00%,0.00%,0.00%,0.00%,0.00%,0.00%,0.00%,0.00%
2024-11-29,16.00%,0.00%,5.00%,0.00%,0.00%,2.00%,0.00%,0.00%,0.00%,0.00%,0.00%,0.00%,0.00%,0.00%,0.00%,0.00%,0.00%,0.00%,0.00%,0.00%,0.00%,2.00%,0.00%,5.00%,0.00%,10.00%,0.00%,20.00%,5.00%,0.00%,0.00%,5.00%,5.00%,5.00%,5.00%,0.00%,5.00%,5.00%,2.00%,0.00%,0.00%,0.00%,0.00%,0.00%,0.00%,0.00%,0.00%,0.00%,0.00%,0.00%,0.00%
2024-11-30,16.00%,0.00%,5.00%,0.00%,0.00%,2.00%,0.00%,0.00%,0.00%,0.00%,0.00%,0.00%,0.00%,0.00%,0.00%,0.00%,0.00%,0.00%,0.00%,0.00%,0.00%,2.00%,0.00%,5.00%,0.00%,10.00%,0.00%,20.00%,5.00%,0.00%,0.00%,5.00%,5.00%,5.00%,5.00%,0.00%,5.00%,5.00%,2.00%,0.00%,0.00%,0.00%,0.00%,0.00%,0.00%,0.00%,0.00%,0.00%,0.00%,0.00%,0.00%
2024-12-01,16.00%,0.00%,5.00%,0.00%,0.00%,2.00%,0.00%,0.00%,0.00%,0.00%,0.00%,0.00%,0.00%,0.00%,0.00%,0.00%,0.00%,0.00%,0.00%,0.00%,0.00%,2.00%,0.00%,5.00%,0.00%,10.00%,0.00%,20.00%,5.00%,0.00%,0.00%,5.00%,5.00%,5.00%,5.00%,0.00%,5.00%,5.00%,2.00%,0.00%,0.00%,0.00%,0.00%,0.00%,0.00%,0.00%,0.00%,0.00%,0.00%,0.00%,0.00%
2024-12-02,16.00%,0.00%,5.00%,0.00%,0.00%,2.00%,0.00%,0.00%,0.00%,0.00%,0.00%,0.00%,0.00%,0.00%,0.00%,0.00%,0.00%,0.00%,0.00%,0.00%,0.00%,2.00%,0.00%,5.00%,0.00%,10.00%,0.00%,20.00%,5.00%,0.00%,0.00%,5.00%,5.00%,5.00%,5.00%,0.00%,5.00%,5.00%,2.00%,0.00%,0.00%,0.00%,0.00%,0.00%,0.00%,0.00%,0.00%,0.00%,0.00%,0.00%,0.00%
2024-12-03,16.00%,0.00%,5.00%,0.00%,0.00%,2.00%,0.00%,0.00%,0.00%,0.00%,0.00%,0.00%,0.00%,0.00%,0.00%,0.00%,0.00%,0.00%,0.00%,0.00%,0.00%,2.00%,0.00%,5.00%,0.00%,10.00%,0.00%,20.00%,5.00%,0.00%,0.00%,5.00%,5.00%,5.00%,5.00%,0.00%,5.00%,5.00%,2.00%,0.00%,0.00%,0.00%,0.00%,0.00%,0.00%,0.00%,0.00%,0.00%,0.00%,0.00%,0.00%
2024-12-04,16.00%,0.00%,5.00%,0.00%,0.00%,2.00%,0.00%,0.00%,0.00%,0.00%,0.00%,0.00%,0.00%,0.00%,0.00%,0.00%,0.00%,0.00%,0.00%,0.00%,0.00%,2.00%,0.00%,5.00%,0.00%,10.00%,0.00%,20.00%,5.00%,0.00%,0.00%,5.00%,5.00%,5.00%,5.00%,0.00%,5.00%,5.00%,2.00%,0.00%,0.00%,0.00%,0.00%,0.00%,0.00%,0.00%,0.00%,0.00%,0.00%,0.00%,0.00%
2024-12-05,16.00%,0.00%,5.00%,0.00%,0.00%,2.00%,0.00%,0.00%,0.00%,0.00%,0.00%,0.00%,0.00%,0.00%,0.00%,0.00%,0.00%,0.00%,0.00%,0.00%,0.00%,2.00%,0.00%,5.00%,0.00%,10.00%,0.00%,20.00%,5.00%,0.00%,0.00%,5.00%,5.00%,5.00%,5.00%,0.00%,5.00%,5.00%,2.00%,0.00%,0.00%,0.00%,0.00%,0.00%,0.00%,0.00%,0.00%,0.00%,0.00%,0.00%,0.00%
2024-12-06,16.00%,0.00%,5.00%,0.00%,0.00%,2.00%,0.00%,0.00%,0.00%,0.00%,0.00%,0.00%,0.00%,0.00%,0.00%,0.00%,0.00%,0.00%,0.00%,0.00%,0.00%,2.00%,0.00%,5.00%,0.00%,10.00%,0.00%,20.00%,5.00%,0.00%,0.00%,5.00%,5.00%,5.00%,5.00%,0.00%,5.00%,5.00%,2.00%,0.00%,0.00%,0.00%,0.00%,0.00%,0.00%,0.00%,0.00%,0.00%,0.00%,0.00%,0.00%
2024-12-07,16.00%,0.00%,5.00%,0.00%,0.00%,4.00%,0.00%,0.00%,0.00%,0.00%,0.00%,0.00%,0.00%,0.00%,0.00%,0.00%,0.00%,0.00%,0.00%,0.00%,0.00%,2.00%,0.00%,5.00%,0.00%,10.00%,0.00%,14.00%,5.00%,0.00%,0.00%,5.00%,5.00%,5.00%,5.00%,0.00%,5.00%,5.00%,2.00%,2.00%,2.00%,0.00%,0.00%,0.00%,0.00%,0.00%,0.00%,0.00%,0.00%,0.00%,0.00%
2024-12-08,16.00%,0.00%,5.00%,0.00%,0.00%,4.00%,0.00%,0.00%,0.00%,0.00%,0.00%,0.00%,0.00%,0.00%,0.00%,0.00%,0.00%,0.00%,0.00%,0.00%,0.00%,2.00%,0.00%,5.00%,0.00%,10.00%,0.00%,14.00%,5.00%,0.00%,0.00%,5.00%,5.00%,5.00%,5.00%,0.00%,5.00%,5.00%,2.00%,2.00%,2.00%,0.00%,0.00%,0.00%,0.00%,0.00%,0.00%,0.00%,0.00%,0.00%,0.00%
2024-12-09,16.00%,0.00%,5.00%,0.00%,0.00%,4.00%,0.00%,0.00%,0.00%,0.00%,0.00%,0.00%,0.00%,0.00%,0.00%,0.00%,0.00%,0.00%,0.00%,0.00%,0.00%,2.00%,0.00%,5.00%,0.00%,10.00%,0.00%,14.00%,5.00%,0.00%,0.00%,5.00%,5.00%,5.00%,5.00%,0.00%,5.00%,5.00%,2.00%,2.00%,2.00%,0.00%,0.00%,0.00%,0.00%,0.00%,0.00%,0.00%,0.00%,0.00%,0.00%
2024-12-10,16.00%,0.00%,5.00%,0.00%,0.00%,4.00%,0.00%,0.00%,0.00%,0.00%,0.00%,0.00%,0.00%,0.00%,0.00%,0.00%,0.00%,0.00%,0.00%,0.00%,0.00%,2.00%,0.00%,5.00%,0.00%,10.00%,0.00%,14.00%,5.00%,0.00%,0.00%,5.00%,5.00%,5.00%,5.00%,0.00%,5.00%,5.00%,2.00%,2.00%,2.00%,0.00%,0.00%,0.00%,0.00%,0.00%,0.00%,0.00%,0.00%,0.00%,0.00%
2024-12-11,16.00%,0.00%,5.00%,0.00%,0.00%,4.00%,0.00%,0.00%,0.00%,0.00%,0.00%,0.00%,0.00%,0.00%,0.00%,0.00%,0.00%,0.00%,0.00%,0.00%,0.00%,2.00%,0.00%,5.00%,0.00%,10.00%,0.00%,14.00%,5.00%,0.00%,0.00%,5.00%,5.00%,5.00%,5.00%,0.00%,5.00%,5.00%,2.00%,2.00%,2.00%,0.00%,0.00%,0.00%,0.00%,0.00%,0.00%,0.00%,0.00%,0.00%,0.00%
2024-12-12,16.00%,0.00%,5.00%,0.00%,0.00%,4.00%,0.00%,0.00%,0.00%,0.00%,0.00%,0.00%,0.00%,0.00%,0.00%,0.00%,0.00%,0.00%,0.00%,0.00%,0.00%,2.00%,0.00%,5.00%,0.00%,10.00%,0.00%,14.00%,5.00%,0.00%,0.00%,5.00%,5.00%,5.00%,5.00%,0.00%,5.00%,5.00%,2.00%,2.00%,2.00%,0.00%,0.00%,0.00%,0.00%,0.00%,0.00%,0.00%,0.00%,0.00%,0.00%
2024-12-13,16.00%,0.00%,5.00%,0.00%,0.00%,4.00%,0.00%,0.00%,0.00%,0.00%,0.00%,0.00%,0.00%,0.00%,0.00%,0.00%,0.00%,0.00%,0.00%,0.00%,0.00%,2.00%,0.00%,5.00%,0.00%,10.00%,0.00%,14.00%,5.00%,0.00%,0.00%,5.00%,5.00%,5.00%,5.00%,0.00%,5.00%,5.00%,2.00%,2.00%,2.00%,0.00%,0.00%,0.00%,0.00%,0.00%,0.00%,0.00%,0.00%,0.00%,0.00%
2024-12-14,16.00%,0.00%,5.00%,0.00%,0.00%,4.00%,0.00%,0.00%,0.00%,0.00%,0.00%,0.00%,0.00%,0.00%,0.00%,0.00%,0.00%,0.00%,0.00%,0.00%,0.00%,2.00%,0.00%,5.00%,0.00%,10.00%,0.00%,14.00%,5.00%,0.00%,0.00%,5.00%,5.00%,5.00%,5.00%,0.00%,5.00%,5.00%,2.00%,2.00%,2.00%,0.00%,0.00%,0.00%,0.00%,0.00%,0.00%,0.00%,0.00%,0.00%,0.00%
2024-12-15,16.00%,0.00%,5.00%,0.00%,0.00%,4.00%,0.00%,0.00%,0.00%,0.00%,0.00%,0.00%,0.00%,0.00%,0.00%,0.00%,0.00%,0.00%,0.00%,0.00%,0.00%,2.00%,0.00%,5.00%,0.00%,10.00%,0.00%,14.00%,5.00%,0.00%,0.00%,5.00%,5.00%,5.00%,5.00%,0.00%,5.00%,5.00%,2.00%,2.00%,2.00%,0.00%,0.00%,0.00%,0.00%,0.00%,0.00%,0.00%,0.00%,0.00%,0.00%
2024-12-16,16.00%,0.00%,5.00%,0.00%,0.00%,4.00%,0.00%,0.00%,0.00%,0.00%,0.00%,0.00%,0.00%,0.00%,0.00%,0.00%,0.00%,0.00%,0.00%,0.00%,0.00%,2.00%,0.00%,5.00%,0.00%,10.00%,0.00%,14.00%,5.00%,0.00%,0.00%,5.00%,5.00%,5.00%,5.00%,0.00%,5.00%,5.00%,2.00%,2.00%,2.00%,0.00%,0.00%,0.00%,0.00%,0.00%,0.00%,0.00%,0.00%,0.00%,0.00%
2024-12-17,16.00%,0.00%,5.00%,0.00%,0.00%,4.00%,0.00%,0.00%,0.00%,0.00%,0.00%,0.00%,0.00%,0.00%,0.00%,0.00%,0.00%,0.00%,0.00%,0.00%,0.00%,2.00%,0.00%,5.00%,0.00%,10.00%,0.00%,14.00%,5.00%,0.00%,0.00%,5.00%,5.00%,5.00%,5.00%,0.00%,5.00%,5.00%,2.00%,2.00%,2.00%,0.00%,0.00%,0.00%,0.00%,0.00%,0.00%,0.00%,0.00%,0.00%,0.00%
2024-12-18,16.00%,0.00%,0.00%,0.00%,0.00%,4.00%,0.00%,0.00%,0.00%,0.00%,0.00%,0.00%,0.00%,0.00%,0.00%,0.00%,0.00%,0.00%,0.00%,0.00%,0.00%,2.00%,0.00%,5.00%,0.00%,10.00%,0.00%,14.00%,5.00%,0.00%,0.00%,5.00%,5.00%,5.00%,5.00%,0.00%,5.00%,5.00%,2.00%,2.00%,2.00%,5.00%,0.00%,0.00%,0.00%,0.00%,0.00%,0.00%,0.00%,0.00%,0.00%
2024-12-19,16.00%,0.00%,0.00%,0.00%,0.00%,4.00%,0.00%,0.00%,0.00%,0.00%,0.00%,0.00%,0.00%,0.00%,0.00%,0.00%,0.00%,0.00%,0.00%,0.00%,0.00%,2.00%,0.00%,5.00%,0.00%,10.00%,0.00%,14.00%,5.00%,0.00%,0.00%,5.00%,5.00%,5.00%,5.00%,0.00%,5.00%,5.00%,2.00%,2.00%,2.00%,5.00%,0.00%,0.00%,0.00%,0.00%,0.00%,0.00%,0.00%,0.00%,0.00%
2024-12-20,16.00%,0.00%,0.00%,0.00%,0.00%,4.00%,0.00%,0.00%,0.00%,0.00%,0.00%,0.00%,0.00%,0.00%,0.00%,0.00%,0.00%,0.00%,0.00%,0.00%,0.00%,2.00%,0.00%,5.00%,0.00%,10.00%,0.00%,14.00%,5.00%,0.00%,0.00%,5.00%,5.00%,5.00%,5.00%,0.00%,5.00%,5.00%,2.00%,2.00%,2.00%,5.00%,0.00%,0.00%,0.00%,0.00%,0.00%,0.00%,0.00%,0.00%,0.00%
2024-12-21,16.00%,0.00%,0.00%,0.00%,0.00%,4.00%,0.00%,0.00%,0.00%,0.00%,0.00%,0.00%,0.00%,0.00%,0.00%,0.00%,0.00%,0.00%,0.00%,0.00%,0.00%,2.00%,0.00%,5.00%,0.00%,10.00%,0.00%,14.00%,5.00%,0.00%,0.00%,5.00%,5.00%,5.00%,5.00%,0.00%,5.00%,5.00%,2.00%,2.00%,2.00%,5.00%,0.00%,0.00%,0.00%,0.00%,0.00%,0.00%,0.00%,0.00%,0.00%
2024-12-22,16.00%,0.00%,0.00%,0.00%,0.00%,4.00%,0.00%,0.00%,0.00%,0.00%,0.00%,0.00%,0.00%,0.00%,0.00%,0.00%,0.00%,0.00%,0.00%,0.00%,0.00%,2.00%,0.00%,5.00%,0.00%,10.00%,0.00%,14.00%,5.00%,0.00%,0.00%,5.00%,5.00%,5.00%,5.00%,0.00%,5.00%,5.00%,2.00%,2.00%,2.00%,5.00%,0.00%,0.00%,0.00%,0.00%,0.00%,0.00%,0.00%,0.00%,0.00%
2024-12-23,16.00%,0.00%,0.00%,0.00%,0.00%,4.00%,0.00%,0.00%,0.00%,0.00%,0.00%,0.00%,0.00%,0.00%,0.00%,0.00%,0.00%,0.00%,0.00%,0.00%,0.00%,2.00%,0.00%,5.00%,0.00%,10.00%,0.00%,14.00%,5.00%,0.00%,0.00%,5.00%,5.00%,5.00%,5.00%,0.00%,5.00%,5.00%,2.00%,2.00%,2.00%,5.00%,0.00%,0.00%,0.00%,0.00%,0.00%,0.00%,0.00%,0.00%,0.00%
2024-12-24,16.00%,0.00%,0.00%,0.00%,0.00%,4.00%,0.00%,0.00%,0.00%,0.00%,0.00%,0.00%,0.00%,0.00%,0.00%,0.00%,0.00%,0.00%,0.00%,0.00%,0.00%,2.00%,0.00%,5.00%,0.00%,10.00%,0.00%,14.00%,5.00%,0.00%,0.00%,5.00%,5.00%,5.00%,5.00%,0.00%,5.00%,5.00%,2.00%,2.00%,2.00%,5.00%,0.00%,0.00%,0.00%,0.00%,0.00%,0.00%,0.00%,0.00%,0.00%
2024-12-25,16.00%,0.00%,0.00%,0.00%,0.00%,4.00%,0.00%,0.00%,0.00%,0.00%,0.00%,0.00%,0.00%,0.00%,0.00%,0.00%,0.00%,0.00%,0.00%,0.00%,0.00%,2.00%,0.00%,5.00%,0.00%,10.00%,0.00%,14.00%,5.00%,0.00%,0.00%,5.00%,5.00%,5.00%,5.00%,0.00%,5.00%,5.00%,2.00%,2.00%,2.00%,5.00%,0.00%,0.00%,0.00%,0.00%,0.00%,0.00%,0.00%,0.00%,0.00%
2024-12-26,16.00%,0.00%,0.00%,0.00%,0.00%,4.00%,0.00%,0.00%,0.00%,0.00%,0.00%,0.00%,0.00%,0.00%,0.00%,0.00%,0.00%,0.00%,0.00%,0.00%,0.00%,2.00%,0.00%,5.00%,0.00%,10.00%,0.00%,14.00%,5.00%,0.00%,0.00%,5.00%,5.00%,5.00%,5.00%,0.00%,5.00%,5.00%,2.00%,2.00%,2.00%,5.00%,0.00%,0.00%,0.00%,0.00%,0.00%,0.00%,0.00%,0.00%,0.00%
2024-12-27,16.00%,0.00%,0.00%,0.00%,0.00%,4.00%,0.00%,0.00%,0.00%,0.00%,0.00%,0.00%,0.00%,0.00%,0.00%,0.00%,0.00%,0.00%,0.00%,0.00%,0.00%,2.00%,0.00%,5.00%,0.00%,10.00%,0.00%,14.00%,5.00%,0.00%,0.00%,5.00%,5.00%,5.00%,5.00%,0.00%,5.00%,5.00%,2.00%,2.00%,2.00%,5.00%,0.00%,0.00%,0.00%,0.00%,0.00%,0.00%,0.00%,0.00%,0.00%
2024-12-28,16.00%,0.00%,0.00%,0.00%,0.00%,4.00%,0.00%,0.00%,0.00%,0.00%,0.00%,0.00%,0.00%,0.00%,0.00%,0.00%,0.00%,0.00%,0.00%,0.00%,0.00%,2.00%,0.00%,5.00%,0.00%,10.00%,0.00%,14.00%,5.00%,0.00%,0.00%,5.00%,5.00%,5.00%,5.00%,0.00%,5.00%,5.00%,2.00%,2.00%,2.00%,5.00%,0.00%,0.00%,0.00%,0.00%,0.00%,0.00%,0.00%,0.00%,0.00%
2024-12-29,16.00%,0.00%,0.00%,0.00%,0.00%,4.00%,0.00%,0.00%,0.00%,0.00%,0.00%,0.00%,0.00%,0.00%,0.00%,0.00%,0.00%,0.00%,0.00%,0.00%,0.00%,2.00%,0.00%,5.00%,0.00%,10.00%,0.00%,14.00%,5.00%,0.00%,0.00%,5.00%,5.00%,5.00%,5.00%,0.00%,5.00%,5.00%,2.00%,2.00%,2.00%,5.00%,0.00%,0.00%,0.00%,0.00%,0.00%,0.00%,0.00%,0.00%,0.00%
2024-12-30,16.00%,0.00%,0.00%,0.00%,0.00%,4.00%,0.00%,0.00%,0.00%,0.00%,0.00%,0.00%,0.00%,0.00%,0.00%,0.00%,0.00%,0.00%,0.00%,0.00%,0.00%,2.00%,0.00%,5.00%,0.00%,10.00%,0.00%,14.00%,5.00%,0.00%,0.00%,5.00%,5.00%,5.00%,5.00%,0.00%,5.00%,5.00%,2.00%,2.00%,2.00%,5.00%,0.00%,0.00%,0.00%,0.00%,0.00%,0.00%,0.00%,0.00%,0.00%
2024-12-31,16.00%,0.00%,0.00%,0.00%,0.00%,4.00%,0.00%,0.00%,0.00%,0.00%,0.00%,0.00%,0.00%,0.00%,0.00%,0.00%,0.00%,0.00%,0.00%,0.00%,0.00%,2.00%,0.00%,5.00%,0.00%,10.00%,0.00%,14.00%,5.00%,0.00%,0.00%,5.00%,5.00%,5.00%,5.00%,0.00%,5.00%,5.00%,2.00%,2.00%,2.00%,5.00%,0.00%,0.00%,0.00%,0.00%,0.00%,0.00%,0.00%,0.00%,0.00%
2025-01-01,16.00%,0.00%,0.00%,0.00%,0.00%,4.00%,0.00%,0.00%,0.00%,0.00%,0.00%,0.00%,0.00%,0.00%,0.00%,0.00%,0.00%,0.00%,0.00%,0.00%,0.00%,2.00%,0.00%,5.00%,0.00%,10.00%,0.00%,14.00%,5.00%,0.00%,0.00%,5.00%,5.00%,5.00%,5.00%,0.00%,5.00%,5.00%,2.00%,2.00%,2.00%,5.00%,0.00%,0.00%,0.00%,0.00%,0.00%,0.00%,0.00%,0.00%,0.00%
2025-01-02,16.00%,0.00%,0.00%,0.00%,0.00%,4.00%,0.00%,0.00%,0.00%,0.00%,0.00%,0.00%,0.00%,0.00%,0.00%,0.00%,0.00%,0.00%,0.00%,0.00%,0.00%,2.00%,0.00%,5.00%,0.00%,10.00%,0.00%,14.00%,5.00%,0.00%,0.00%,5.00%,5.00%,5.00%,5.00%,0.00%,5.00%,5.00%,2.00%,2.00%,2.00%,5.00%,0.00%,0.00%,0.00%,0.00%,0.00%,0.00%,0.00%,0.00%,0.00%
2025-01-03,16.00%,0.00%,0.00%,0.00%,0.00%,4.00%,0.00%,0.00%,0.00%,0.00%,0.00%,0.00%,0.00%,0.00%,0.00%,0.00%,0.00%,0.00%,0.00%,0.00%,0.00%,2.00%,0.00%,5.00%,0.00%,10.00%,0.00%,14.00%,5.00%,0.00%,0.00%,5.00%,5.00%,5.00%,5.00%,0.00%,5.00%,5.00%,2.00%,2.00%,2.00%,5.00%,0.00%,0.00%,0.00%,0.00%,0.00%,0.00%,0.00%,0.00%,0.00%
2025-01-04,16.00%,0.00%,0.00%,0.00%,0.00%,4.00%,0.00%,0.00%,0.00%,0.00%,0.00%,0.00%,0.00%,0.00%,0.00%,0.00%,0.00%,0.00%,0.00%,0.00%,0.00%,2.00%,0.00%,5.00%,0.00%,10.00%,0.00%,14.00%,5.00%,0.00%,0.00%,5.00%,5.00%,5.00%,5.00%,0.00%,5.00%,5.00%,2.00%,2.00%,2.00%,5.00%,0.00%,0.00%,0.00%,0.00%,0.00%,0.00%,0.00%,0.00%,0.00%
2025-01-05,16.00%,0.00%,0.00%,0.00%,0.00%,4.00%,0.00%,0.00%,0.00%,0.00%,0.00%,0.00%,0.00%,0.00%,0.00%,0.00%,0.00%,0.00%,0.00%,0.00%,0.00%,2.00%,0.00%,5.00%,0.00%,10.00%,0.00%,14.00%,5.00%,0.00%,0.00%,5.00%,5.00%,5.00%,5.00%,0.00%,5.00%,5.00%,2.00%,2.00%,2.00%,5.00%,0.00%,0.00%,0.00%,0.00%,0.00%,0.00%,0.00%,0.00%,0.00%
2025-01-06,16.00%,0.00%,0.00%,0.00%,0.00%,4.00%,0.00%,0.00%,0.00%,0.00%,0.00%,0.00%,0.00%,0.00%,0.00%,0.00%,0.00%,0.00%,0.00%,0.00%,0.00%,2.00%,0.00%,5.00%,0.00%,10.00%,0.00%,14.00%,5.00%,0.00%,0.00%,5.00%,5.00%,5.00%,5.00%,0.00%,5.00%,5.00%,2.00%,2.00%,2.00%,5.00%,0.00%,0.00%,0.00%,0.00%,0.00%,0.00%,0.00%,0.00%,0.00%
2025-01-07,16.00%,0.00%,0.00%,0.00%,0.00%,4.00%,0.00%,0.00%,0.00%,0.00%,0.00%,0.00%,0.00%,0.00%,0.00%,0.00%,0.00%,0.00%,0.00%,0.00%,0.00%,2.00%,0.00%,5.00%,0.00%,10.00%,0.00%,14.00%,5.00%,0.00%,0.00%,5.00%,5.00%,5.00%,5.00%,0.00%,5.00%,5.00%,2.00%,2.00%,2.00%,5.00%,0.00%,0.00%,0.00%,0.00%,0.00%,0.00%,0.00%,0.00%,0.00%
2025-01-08,16.00%,0.00%,0.00%,0.00%,0.00%,4.00%,0.00%,0.00%,0.00%,0.00%,0.00%,0.00%,0.00%,0.00%,0.00%,0.00%,0.00%,0.00%,0.00%,0.00%,0.00%,2.00%,0.00%,5.00%,0.00%,10.00%,0.00%,14.00%,5.00%,0.00%,0.00%,5.00%,5.00%,5.00%,5.00%,0.00%,5.00%,5.00%,2.00%,2.00%,2.00%,5.00%,0.00%,0.00%,0.00%,0.00%,0.00%,0.00%,0.00%,0.00%,0.00%
2025-01-09,16.00%,0.00%,0.00%,0.00%,0.00%,4.00%,0.00%,0.00%,0.00%,0.00%,0.00%,0.00%,0.00%,0.00%,0.00%,0.00%,0.00%,0.00%,0.00%,0.00%,0.00%,2.00%,0.00%,5.00%,0.00%,10.00%,0.00%,14.00%,5.00%,0.00%,0.00%,5.00%,5.00%,5.00%,5.00%,0.00%,5.00%,5.00%,2.00%,2.00%,2.00%,5.00%,0.00%,0.00%,0.00%,0.00%,0.00%,0.00%,0.00%,0.00%,0.00%
2025-01-10,16.00%,0.00%,0.00%,0.00%,0.00%,4.00%,0.00%,0.00%,0.00%,0.00%,0.00%,0.00%,0.00%,0.00%,0.00%,0.00%,0.00%,0.00%,0.00%,0.00%,0.00%,2.00%,0.00%,5.00%,0.00%,10.00%,0.00%,14.00%,5.00%,0.00%,0.00%,5.00%,5.00%,5.00%,5.00%,0.00%,5.00%,5.00%,2.00%,2.00%,2.00%,5.00%,0.00%,0.00%,0.00%,0.00%,0.00%,0.00%,0.00%,0.00%,0.00%
2025-01-11,16.00%,0.00%,0.00%,0.00%,0.00%,4.00%,0.00%,0.00%,0.00%,0.00%,0.00%,0.00%,0.00%,0.00%,0.00%,0.00%,0.00%,0.00%,0.00%,0.00%,0.00%,2.00%,0.00%,5.00%,0.00%,10.00%,0.00%,14.00%,5.00%,0.00%,0.00%,5.00%,5.00%,5.00%,5.00%,0.00%,5.00%,5.00%,2.00%,2.00%,2.00%,5.00%,0.00%,0.00%,0.00%,0.00%,0.00%,0.00%,0.00%,0.00%,0.00%
2025-01-12,16.00%,0.00%,0.00%,0.00%,0.00%,4.00%,0.00%,0.00%,0.00%,0.00%,0.00%,0.00%,0.00%,0.00%,0.00%,0.00%,0.00%,0.00%,0.00%,0.00%,0.00%,2.00%,0.00%,5.00%,0.00%,10.00%,0.00%,14.00%,5.00%,0.00%,0.00%,5.00%,5.00%,5.00%,5.00%,0.00%,5.00%,5.00%,2.00%,2.00%,2.00%,5.00%,0.00%,0.00%,0.00%,0.00%,0.00%,0.00%,0.00%,0.00%,0.00%
2025-01-13,16.00%,0.00%,0.00%,0.00%,0.00%,4.00%,0.00%,0.00%,0.00%,0.00%,0.00%,0.00%,0.00%,0.00%,0.00%,0.00%,0.00%,0.00%,0.00%,0.00%,0.00%,2.00%,0.00%,5.00%,0.00%,10.00%,0.00%,14.00%,5.00%,0.00%,0.00%,5.00%,5.00%,5.00%,5.00%,0.00%,5.00%,5.00%,2.00%,2.00%,2.00%,5.00%,0.00%,0.00%,0.00%,0.00%,0.00%,0.00%,0.00%,0.00%,0.00%
2025-01-14,16.00%,0.00%,0.00%,0.00%,0.00%,4.00%,0.00%,0.00%,0.00%,0.00%,0.00%,0.00%,0.00%,0.00%,0.00%,0.00%,0.00%,0.00%,0.00%,0.00%,0.00%,2.00%,0.00%,5.00%,0.00%,10.00%,0.00%,14.00%,5.00%,0.00%,0.00%,5.00%,5.00%,5.00%,5.00%,0.00%,5.00%,5.00%,2.00%,2.00%,2.00%,5.00%,0.00%,0.00%,0.00%,0.00%,0.00%,0.00%,0.00%,0.00%,0.00%
2025-01-15,16.00%,0.00%,0.00%,0.00%,0.00%,4.00%,0.00%,0.00%,0.00%,0.00%,0.00%,0.00%,0.00%,0.00%,0.00%,0.00%,0.00%,0.00%,0.00%,0.00%,0.00%,2.00%,0.00%,5.00%,0.00%,10.00%,0.00%,14.00%,5.00%,0.00%,0.00%,5.00%,5.00%,5.00%,5.00%,0.00%,5.00%,5.00%,2.00%,2.00%,2.00%,5.00%,0.00%,0.00%,0.00%,0.00%,0.00%,0.00%,0.00%,0.00%,0.00%
2025-01-16,16.00%,0.00%,0.00%,0.00%,0.00%,4.00%,0.00%,0.00%,0.00%,0.00%,0.00%,0.00%,0.00%,0.00%,0.00%,0.00%,0.00%,0.00%,0.00%,0.00%,0.00%,2.00%,0.00%,5.00%,0.00%,10.00%,0.00%,14.00%,5.00%,0.00%,0.00%,5.00%,5.00%,5.00%,5.00%,0.00%,5.00%,5.00%,2.00%,2.00%,2.00%,5.00%,0.00%,0.00%,0.00%,0.00%,0.00%,0.00%,0.00%,0.00%,0.00%
2025-01-17,16.00%,0.00%,0.00%,0.00%,0.00%,4.00%,0.00%,0.00%,0.00%,0.00%,0.00%,0.00%,0.00%,0.00%,0.00%,0.00%,0.00%,0.00%,0.00%,0.00%,0.00%,2.00%,0.00%,5.00%,0.00%,10.00%,0.00%,14.00%,5.00%,0.00%,0.00%,5.00%,5.00%,5.00%,5.00%,0.00%,5.00%,5.00%,2.00%,2.00%,2.00%,5.00%,0.00%,0.00%,0.00%,0.00%,0.00%,0.00%,0.00%,0.00%,0.00%
2025-01-18,16.00%,0.00%,0.00%,0.00%,0.00%,4.00%,0.00%,0.00%,0.00%,0.00%,0.00%,0.00%,0.00%,0.00%,0.00%,0.00%,0.00%,0.00%,0.00%,0.00%,0.00%,2.00%,0.00%,5.00%,0.00%,10.00%,0.00%,14.00%,5.00%,0.00%,0.00%,5.00%,5.00%,5.00%,5.00%,0.00%,5.00%,5.00%,2.00%,2.00%,2.00%,5.00%,0.00%,0.00%,0.00%,0.00%,0.00%,0.00%,0.00%,0.00%,0.00%
2025-01-19,16.00%,0.00%,0.00%,0.00%,0.00%,4.00%,0.00%,0.00%,0.00%,0.00%,0.00%,0.00%,0.00%,0.00%,0.00%,0.00%,0.00%,0.00%,0.00%,0.00%,0.00%,2.00%,0.00%,5.00%,0.00%,10.00%,0.00%,14.00%,5.00%,0.00%,0.00%,5.00%,5.00%,5.00%,5.00%,0.00%,5.00%,5.00%,2.00%,2.00%,2.00%,5.00%,0.00%,0.00%,0.00%,0.00%,0.00%,0.00%,0.00%,0.00%,0.00%
2025-01-20,16.00%,0.00%,0.00%,0.00%,0.00%,4.00%,0.00%,0.00%,0.00%,0.00%,0.00%,0.00%,0.00%,0.00%,0.00%,0.00%,0.00%,0.00%,0.00%,0.00%,0.00%,2.00%,0.00%,5.00%,0.00%,10.00%,0.00%,14.00%,5.00%,0.00%,0.00%,5.00%,5.00%,5.00%,5.00%,0.00%,5.00%,5.00%,2.00%,2.00%,2.00%,5.00%,0.00%,0.00%,0.00%,0.00%,0.00%,0.00%,0.00%,0.00%,0.00%
2025-01-21,16.00%,0.00%,0.00%,0.00%,0.00%,4.00%,0.00%,0.00%,0.00%,0.00%,0.00%,0.00%,0.00%,0.00%,0.00%,0.00%,0.00%,0.00%,0.00%,0.00%,0.00%,2.00%,0.00%,5.00%,0.00%,10.00%,0.00%,14.00%,5.00%,0.00%,0.00%,5.00%,5.00%,5.00%,5.00%,0.00%,5.00%,5.00%,2.00%,2.00%,2.00%,5.00%,0.00%,0.00%,0.00%,0.00%,0.00%,0.00%,0.00%,0.00%,0.00%
2025-01-22,16.00%,0.00%,0.00%,0.00%,0.00%,4.00%,0.00%,0.00%,0.00%,0.00%,0.00%,0.00%,0.00%,0.00%,0.00%,0.00%,0.00%,0.00%,0.00%,0.00%,0.00%,2.00%,0.00%,5.00%,0.00%,10.00%,0.00%,14.00%,5.00%,0.00%,0.00%,5.00%,5.00%,5.00%,5.00%,0.00%,5.00%,5.00%,2.00%,2.00%,2.00%,5.00%,0.00%,0.00%,0.00%,0.00%,0.00%,0.00%,0.00%,0.00%,0.00%
2025-01-23,16.00%,0.00%,0.00%,0.00%,0.00%,4.00%,0.00%,0.00%,0.00%,0.00%,0.00%,0.00%,0.00%,0.00%,0.00%,0.00%,0.00%,0.00%,0.00%,0.00%,0.00%,2.00%,0.00%,5.00%,0.00%,10.00%,0.00%,14.00%,5.00%,0.00%,0.00%,5.00%,5.00%,5.00%,5.00%,0.00%,5.00%,5.00%,2.00%,2.00%,2.00%,5.00%,0.00%,0.00%,0.00%,0.00%,0.00%,0.00%,0.00%,0.00%,0.00%
2025-01-24,16.00%,0.00%,0.00%,0.00%,0.00%,4.00%,0.00%,0.00%,0.00%,0.00%,0.00%,0.00%,0.00%,0.00%,0.00%,0.00%,0.00%,0.00%,0.00%,0.00%,0.00%,2.00%,0.00%,5.00%,0.00%,10.00%,0.00%,14.00%,5.00%,0.00%,0.00%,5.00%,5.00%,5.00%,5.00%,0.00%,5.00%,5.00%,2.00%,2.00%,2.00%,5.00%,0.00%,0.00%,0.00%,0.00%,0.00%,0.00%,0.00%,0.00%,0.00%
2025-01-25,16.00%,0.00%,0.00%,0.00%,0.00%,4.00%,0.00%,0.00%,0.00%,0.00%,0.00%,0.00%,0.00%,0.00%,0.00%,0.00%,0.00%,0.00%,0.00%,0.00%,0.00%,2.00%,0.00%,5.00%,0.00%,10.00%,0.00%,14.00%,5.00%,0.00%,0.00%,5.00%,5.00%,5.00%,5.00%,0.00%,5.00%,5.00%,2.00%,2.00%,2.00%,5.00%,0.00%,0.00%,0.00%,0.00%,0.00%,0.00%,0.00%,0.00%,0.00%
2025-01-26,16.00%,0.00%,0.00%,0.00%,0.00%,4.00%,0.00%,0.00%,0.00%,0.00%,0.00%,0.00%,0.00%,0.00%,0.00%,0.00%,0.00%,0.00%,0.00%,0.00%,0.00%,2.00%,0.00%,5.00%,0.00%,10.00%,0.00%,14.00%,5.00%,0.00%,0.00%,5.00%,5.00%,5.00%,5.00%,0.00%,5.00%,5.00%,2.00%,2.00%,2.00%,5.00%,0.00%,0.00%,0.00%,0.00%,0.00%,0.00%,0.00%,0.00%,0.00%
2025-01-27,16.00%,0.00%,0.00%,0.00%,0.00%,4.00%,0.00%,0.00%,0.00%,0.00%,0.00%,0.00%,0.00%,0.00%,0.00%,0.00%,0.00%,0.00%,0.00%,0.00%,0.00%,2.00%,0.00%,5.00%,0.00%,10.00%,0.00%,14.00%,5.00%,0.00%,0.00%,5.00%,5.00%,5.00%,5.00%,0.00%,5.00%,5.00%,2.00%,2.00%,2.00%,5.00%,0.00%,0.00%,0.00%,0.00%,0.00%,0.00%,0.00%,0.00%,0.00%
2025-01-28,16.00%,0.00%,0.00%,0.00%,0.00%,4.00%,0.00%,0.00%,0.00%,0.00%,0.00%,0.00%,0.00%,0.00%,0.00%,0.00%,0.00%,0.00%,0.00%,0.00%,0.00%,2.00%,0.00%,5.00%,0.00%,10.00%,0.00%,14.00%,5.00%,0.00%,0.00%,5.00%,5.00%,5.00%,5.00%,0.00%,5.00%,5.00%,2.00%,2.00%,2.00%,5.00%,0.00%,0.00%,0.00%,0.00%,0.00%,0.00%,0.00%,0.00%,0.00%
2025-01-29,16.00%,0.00%,0.00%,0.00%,0.00%,4.00%,0.00%,0.00%,0.00%,0.00%,0.00%,0.00%,0.00%,0.00%,0.00%,0.00%,0.00%,0.00%,0.00%,0.00%,0.00%,2.00%,0.00%,5.00%,0.00%,10.00%,0.00%,14.00%,5.00%,0.00%,0.00%,5.00%,5.00%,5.00%,5.00%,0.00%,5.00%,5.00%,2.00%,2.00%,2.00%,5.00%,0.00%,0.00%,0.00%,0.00%,0.00%,0.00%,0.00%,0.00%,0.00%
2025-01-30,16.00%,0.00%,0.00%,0.00%,0.00%,4.00%,0.00%,0.00%,0.00%,0.00%,0.00%,0.00%,0.00%,0.00%,0.00%,0.00%,0.00%,0.00%,0.00%,0.00%,0.00%,2.00%,0.00%,5.00%,0.00%,10.00%,0.00%,14.00%,5.00%,0.00%,0.00%,5.00%,5.00%,5.00%,5.00%,0.00%,5.00%,5.00%,2.00%,2.00%,2.00%,5.00%,0.00%,0.00%,0.00%,0.00%,0.00%,0.00%,0.00%,0.00%,0.00%
2025-01-31,16.00%,0.00%,0.00%,0.00%,0.00%,4.00%,0.00%,0.00%,0.00%,0.00%,0.00%,0.00%,0.00%,0.00%,0.00%,0.00%,0.00%,0.00%,0.00%,0.00%,0.00%,2.00%,0.00%,5.00%,0.00%,10.00%,0.00%,14.00%,5.00%,0.00%,0.00%,5.00%,5.00%,5.00%,5.00%,0.00%,5.00%,5.00%,2.00%,2.00%,2.00%,5.00%,0.00%,0.00%,0.00%,0.00%,0.00%,0.00%,0.00%,0.00%,0.00%
2025-02-01,16.00%,0.00%,0.00%,0.00%,0.00%,4.00%,0.00%,0.00%,0.00%,0.00%,0.00%,0.00%,0.00%,0.00%,0.00%,0.00%,0.00%,0.00%,0.00%,0.00%,0.00%,2.00%,0.00%,5.00%,0.00%,10.00%,0.00%,14.00%,5.00%,0.00%,0.00%,5.00%,5.00%,5.00%,5.00%,0.00%,5.00%,5.00%,2.00%,2.00%,2.00%,5.00%,0.00%,0.00%,0.00%,0.00%,0.00%,0.00%,0.00%,0.00%,0.00%
2025-02-02,16.00%,0.00%,0.00%,0.00%,0.00%,4.00%,0.00%,0.00%,0.00%,0.00%,0.00%,0.00%,0.00%,0.00%,0.00%,0.00%,0.00%,0.00%,0.00%,0.00%,0.00%,2.00%,0.00%,5.00%,0.00%,10.00%,0.00%,14.00%,5.00%,0.00%,0.00%,5.00%,5.00%,5.00%,5.00%,0.00%,5.00%,5.00%,2.00%,2.00%,2.00%,5.00%,0.00%,0.00%,0.00%,0.00%,0.00%,0.00%,0.00%,0.00%,0.00%
2025-02-03,16.00%,0.00%,0.00%,0.00%,0.00%,4.00%,0.00%,0.00%,0.00%,0.00%,0.00%,0.00%,0.00%,0.00%,0.00%,0.00%,0.00%,0.00%,0.00%,0.00%,0.00%,2.00%,0.00%,5.00%,0.00%,10.00%,0.00%,14.00%,5.00%,0.00%,0.00%,5.00%,5.00%,5.00%,5.00%,0.00%,5.00%,5.00%,2.00%,2.00%,2.00%,5.00%,0.00%,0.00%,0.00%,0.00%,0.00%,0.00%,0.00%,0.00%,0.00%
2025-02-04,16.00%,0.00%,0.00%,0.00%,0.00%,4.00%,0.00%,0.00%,0.00%,0.00%,0.00%,0.00%,0.00%,0.00%,0.00%,0.00%,0.00%,0.00%,0.00%,0.00%,0.00%,2.00%,0.00%,5.00%,0.00%,10.00%,0.00%,14.00%,5.00%,0.00%,0.00%,5.00%,5.00%,5.00%,5.00%,0.00%,5.00%,5.00%,2.00%,2.00%,2.00%,5.00%,0.00%,0.00%,0.00%,0.00%,0.00%,0.00%,0.00%,0.00%,0.00%
2025-02-05,16.00%,0.00%,0.00%,0.00%,0.00%,4.00%,0.00%,0.00%,0.00%,0.00%,0.00%,0.00%,0.00%,0.00%,0.00%,0.00%,0.00%,0.00%,0.00%,0.00%,0.00%,2.00%,0.00%,5.00%,0.00%,10.00%,0.00%,14.00%,5.00%,0.00%,0.00%,5.00%,5.00%,5.00%,5.00%,0.00%,5.00%,5.00%,2.00%,2.00%,2.00%,5.00%,0.00%,0.00%,0.00%,0.00%,0.00%,0.00%,0.00%,0.00%,0.00%
2025-02-06,16.00%,0.00%,0.00%,0.00%,0.00%,4.00%,0.00%,0.00%,0.00%,0.00%,0.00%,0.00%,0.00%,0.00%,0.00%,0.00%,0.00%,0.00%,0.00%,0.00%,0.00%,2.00%,0.00%,5.00%,0.00%,10.00%,0.00%,14.00%,5.00%,0.00%,0.00%,5.00%,5.00%,5.00%,5.00%,0.00%,5.00%,5.00%,2.00%,2.00%,2.00%,5.00%,0.00%,0.00%,0.00%,0.00%,0.00%,0.00%,0.00%,0.00%,0.00%
2025-02-07,16.00%,0.00%,0.00%,0.00%,0.00%,4.00%,0.00%,0.00%,0.00%,0.00%,0.00%,0.00%,0.00%,0.00%,0.00%,0.00%,0.00%,0.00%,0.00%,0.00%,0.00%,2.00%,0.00%,5.00%,0.00%,10.00%,0.00%,14.00%,5.00%,0.00%,0.00%,5.00%,5.00%,5.00%,5.00%,0.00%,5.00%,5.00%,2.00%,2.00%,2.00%,5.00%,0.00%,0.00%,0.00%,0.00%,0.00%,0.00%,0.00%,0.00%,0.00%
2025-02-08,16.00%,0.00%,0.00%,0.00%,0.00%,4.00%,0.00%,0.00%,0.00%,0.00%,0.00%,0.00%,0.00%,0.00%,0.00%,0.00%,0.00%,0.00%,0.00%,0.00%,0.00%,2.00%,0.00%,5.00%,0.00%,10.00%,0.00%,14.00%,5.00%,0.00%,0.00%,5.00%,5.00%,5.00%,5.00%,0.00%,5.00%,5.00%,2.00%,2.00%,2.00%,5.00%,0.00%,0.00%,0.00%,0.00%,0.00%,0.00%,0.00%,0.00%,0.00%
2025-02-09,16.00%,0.00%,0.00%,0.00%,0.00%,4.00%,0.00%,0.00%,0.00%,0.00%,0.00%,0.00%,0.00%,0.00%,0.00%,0.00%,0.00%,0.00%,0.00%,0.00%,0.00%,2.00%,0.00%,5.00%,0.00%,10.00%,0.00%,14.00%,5.00%,0.00%,0.00%,5.00%,5.00%,5.00%,5.00%,0.00%,5.00%,5.00%,2.00%,2.00%,2.00%,5.00%,0.00%,0.00%,0.00%,0.00%,0.00%,0.00%,0.00%,0.00%,0.00%
2025-02-10,16.00%,0.00%,0.00%,0.00%,0.00%,4.00%,0.00%,0.00%,0.00%,0.00%,0.00%,0.00%,0.00%,0.00%,0.00%,0.00%,0.00%,0.00%,0.00%,0.00%,0.00%,2.00%,0.00%,5.00%,0.00%,10.00%,0.00%,14.00%,5.00%,0.00%,0.00%,5.00%,5.00%,5.00%,5.00%,0.00%,5.00%,5.00%,2.00%,2.00%,2.00%,5.00%,0.00%,0.00%,0.00%,0.00%,0.00%,0.00%,0.00%,0.00%,0.00%
2025-02-11,16.00%,0.00%,0.00%,0.00%,0.00%,4.00%,0.00%,0.00%,0.00%,0.00%,0.00%,0.00%,0.00%,0.00%,0.00%,0.00%,0.00%,0.00%,0.00%,0.00%,0.00%,2.00%,0.00%,5.00%,0.00%,10.00%,0.00%,14.00%,5.00%,0.00%,0.00%,5.00%,5.00%,5.00%,5.00%,0.00%,5.00%,5.00%,2.00%,2.00%,2.00%,5.00%,0.00%,0.00%,0.00%,0.00%,0.00%,0.00%,0.00%,0.00%,0.00%
2025-02-12,16.00%,0.00%,0.00%,0.00%,0.00%,4.00%,0.00%,0.00%,0.00%,0.00%,0.00%,0.00%,0.00%,0.00%,0.00%,0.00%,0.00%,0.00%,0.00%,0.00%,0.00%,2.00%,0.00%,5.00%,0.00%,10.00%,0.00%,14.00%,5.00%,0.00%,0.00%,5.00%,5.00%,5.00%,5.00%,0.00%,5.00%,5.00%,2.00%,2.00%,2.00%,5.00%,0.00%,0.00%,0.00%,0.00%,0.00%,0.00%,0.00%,0.00%,0.00%
2025-02-13,16.00%,0.00%,0.00%,0.00%,0.00%,4.00%,0.00%,0.00%,0.00%,0.00%,0.00%,0.00%,0.00%,0.00%,0.00%,0.00%,0.00%,0.00%,0.00%,0.00%,0.00%,2.00%,0.00%,5.00%,0.00%,10.00%,0.00%,14.00%,5.00%,0.00%,0.00%,5.00%,5.00%,5.00%,5.00%,0.00%,5.00%,5.00%,2.00%,2.00%,2.00%,5.00%,0.00%,0.00%,0.00%,0.00%,0.00%,0.00%,0.00%,0.00%,0.00%
2025-02-14,16.00%,0.00%,0.00%,0.00%,0.00%,4.00%,0.00%,0.00%,0.00%,0.00%,0.00%,0.00%,0.00%,0.00%,0.00%,0.00%,0.00%,0.00%,0.00%,0.00%,0.00%,2.00%,0.00%,5.00%,0.00%,10.00%,0.00%,14.00%,5.00%,0.00%,0.00%,5.00%,5.00%,5.00%,5.00%,0.00%,5.00%,5.00%,2.00%,2.00%,2.00%,5.00%,0.00%,0.00%,0.00%,0.00%,0.00%,0.00%,0.00%,0.00%,0.00%
2025-02-15,16.00%,0.00%,0.00%,0.00%,0.00%,4.00%,0.00%,0.00%,0.00%,0.00%,0.00%,0.00%,0.00%,0.00%,0.00%,0.00%,0.00%,0.00%,0.00%,0.00%,0.00%,2.00%,0.00%,5.00%,0.00%,10.00%,0.00%,14.00%,5.00%,0.00%,0.00%,5.00%,5.00%,5.00%,5.00%,0.00%,5.00%,5.00%,2.00%,2.00%,2.00%,5.00%,0.00%,0.00%,0.00%,0.00%,0.00%,0.00%,0.00%,0.00%,0.00%
2025-02-16,16.00%,0.00%,0.00%,0.00%,0.00%,4.00%,0.00%,0.00%,0.00%,0.00%,0.00%,0.00%,0.00%,0.00%,0.00%,0.00%,0.00%,0.00%,0.00%,0.00%,0.00%,2.00%,0.00%,5.00%,0.00%,10.00%,0.00%,14.00%,5.00%,0.00%,0.00%,5.00%,5.00%,5.00%,5.00%,0.00%,5.00%,5.00%,2.00%,2.00%,2.00%,5.00%,0.00%,0.00%,0.00%,0.00%,0.00%,0.00%,0.00%,0.00%,0.00%
2025-02-17,16.00%,0.00%,0.00%,0.00%,0.00%,4.00%,0.00%,0.00%,0.00%,0.00%,0.00%,0.00%,0.00%,0.00%,0.00%,0.00%,0.00%,0.00%,0.00%,0.00%,0.00%,2.00%,0.00%,5.00%,0.00%,10.00%,0.00%,14.00%,5.00%,0.00%,0.00%,5.00%,5.00%,5.00%,5.00%,0.00%,5.00%,5.00%,2.00%,2.00%,2.00%,5.00%,0.00%,0.00%,0.00%,0.00%,0.00%,0.00%,0.00%,0.00%,0.00%
2025-02-18,16.00%,0.00%,0.00%,0.00%,0.00%,4.00%,0.00%,0.00%,0.00%,0.00%,0.00%,0.00%,0.00%,0.00%,0.00%,0.00%,0.00%,0.00%,0.00%,0.00%,0.00%,2.00%,0.00%,5.00%,0.00%,10.00%,0.00%,14.00%,5.00%,0.00%,0.00%,5.00%,5.00%,5.00%,5.00%,0.00%,5.00%,5.00%,2.00%,2.00%,2.00%,5.00%,0.00%,0.00%,0.00%,0.00%,0.00%,0.00%,0.00%,0.00%,0.00%
2025-02-19,16.00%,0.00%,0.00%,0.00%,0.00%,4.00%,0.00%,0.00%,0.00%,0.00%,0.00%,0.00%,0.00%,0.00%,0.00%,0.00%,0.00%,0.00%,0.00%,0.00%,0.00%,2.00%,0.00%,5.00%,0.00%,10.00%,0.00%,14.00%,5.00%,0.00%,0.00%,5.00%,5.00%,5.00%,5.00%,0.00%,5.00%,5.00%,2.00%,2.00%,2.00%,5.00%,0.00%,0.00%,0.00%,0.00%,0.00%,0.00%,0.00%,0.00%,0.00%
2025-02-20,16.00%,0.00%,0.00%,0.00%,0.00%,4.00%,0.00%,0.00%,0.00%,0.00%,0.00%,0.00%,0.00%,0.00%,0.00%,0.00%,0.00%,0.00%,0.00%,0.00%,0.00%,2.00%,0.00%,5.00%,0.00%,10.00%,0.00%,14.00%,5.00%,0.00%,0.00%,5.00%,5.00%,5.00%,5.00%,0.00%,5.00%,5.00%,2.00%,2.00%,2.00%,5.00%,0.00%,0.00%,0.00%,0.00%,0.00%,0.00%,0.00%,0.00%,0.00%
2025-02-21,16.00%,0.00%,0.00%,0.00%,0.00%,4.00%,0.00%,0.00%,0.00%,0.00%,0.00%,0.00%,0.00%,0.00%,0.00%,0.00%,0.00%,0.00%,0.00%,0.00%,0.00%,2.00%,0.00%,5.00%,0.00%,10.00%,0.00%,14.00%,5.00%,0.00%,0.00%,5.00%,5.00%,5.00%,5.00%,0.00%,5.00%,5.00%,2.00%,2.00%,2.00%,5.00%,0.00%,0.00%,0.00%,0.00%,0.00%,0.00%,0.00%,0.00%,0.00%
2025-02-22,16.00%,0.00%,0.00%,0.00%,0.00%,4.00%,0.00%,0.00%,0.00%,0.00%,0.00%,0.00%,0.00%,0.00%,0.00%,0.00%,0.00%,0.00%,0.00%,0.00%,0.00%,2.00%,0.00%,5.00%,0.00%,10.00%,0.00%,14.00%,5.00%,0.00%,0.00%,5.00%,5.00%,5.00%,5.00%,0.00%,5.00%,5.00%,2.00%,2.00%,2.00%,5.00%,0.00%,0.00%,0.00%,0.00%,0.00%,0.00%,0.00%,0.00%,0.00%
2025-02-23,16.00%,0.00%,0.00%,0.00%,0.00%,4.00%,0.00%,0.00%,0.00%,0.00%,0.00%,0.00%,0.00%,0.00%,0.00%,0.00%,0.00%,0.00%,0.00%,0.00%,0.00%,2.00%,0.00%,5.00%,0.00%,10.00%,0.00%,14.00%,5.00%,0.00%,0.00%,5.00%,5.00%,5.00%,5.00%,0.00%,5.00%,5.00%,2.00%,2.00%,2.00%,5.00%,0.00%,0.00%,0.00%,0.00%,0.00%,0.00%,0.00%,0.00%,0.00%
2025-02-24,16.00%,0.00%,0.00%,0.00%,0.00%,4.00%,0.00%,0.00%,0.00%,0.00%,0.00%,0.00%,0.00%,0.00%,0.00%,0.00%,0.00%,0.00%,0.00%,0.00%,0.00%,2.00%,0.00%,5.00%,0.00%,10.00%,0.00%,14.00%,5.00%,0.00%,0.00%,5.00%,5.00%,5.00%,5.00%,0.00%,5.00%,5.00%,2.00%,2.00%,2.00%,5.00%,0.00%,0.00%,0.00%,0.00%,0.00%,0.00%,0.00%,0.00%,0.00%
2025-02-25,16.00%,0.00%,0.00%,0.00%,0.00%,4.00%,0.00%,0.00%,0.00%,0.00%,0.00%,0.00%,0.00%,0.00%,0.00%,0.00%,0.00%,0.00%,0.00%,0.00%,0.00%,2.00%,0.00%,5.00%,0.00%,10.00%,0.00%,14.00%,5.00%,0.00%,0.00%,5.00%,5.00%,5.00%,5.00%,0.00%,5.00%,5.00%,2.00%,2.00%,2.00%,5.00%,0.00%,0.00%,0.00%,0.00%,0.00%,0.00%,0.00%,0.00%,0.00%
2025-02-26,16.00%,0.00%,0.00%,0.00%,0.00%,4.00%,0.00%,0.00%,0.00%,0.00%,0.00%,0.00%,0.00%,0.00%,0.00%,0.00%,0.00%,0.00%,0.00%,0.00%,0.00%,2.00%,0.00%,5.00%,0.00%,10.00%,0.00%,14.00%,5.00%,0.00%,0.00%,5.00%,5.00%,5.00%,5.00%,0.00%,5.00%,5.00%,2.00%,2.00%,2.00%,5.00%,0.00%,0.00%,0.00%,0.00%,0.00%,0.00%,0.00%,0.00%,0.00%
2025-02-27,16.00%,0.00%,0.00%,0.00%,0.00%,4.00%,0.00%,0.00%,0.00%,0.00%,0.00%,0.00%,0.00%,0.00%,0.00%,0.00%,0.00%,0.00%,0.00%,0.00%,0.00%,2.00%,0.00%,5.00%,0.00%,10.00%,0.00%,14.00%,5.00%,0.00%,0.00%,5.00%,5.00%,5.00%,5.00%,0.00%,5.00%,5.00%,2.00%,2.00%,2.00%,5.00%,0.00%,0.00%,0.00%,0.00%,0.00%,0.00%,0.00%,0.00%,0.00%
2025-02-28,16.00%,0.00%,0.00%,0.00%,0.00%,4.00%,0.00%,0.00%,0.00%,0.00%,0.00%,0.00%,0.00%,0.00%,0.00%,0.00%,0.00%,0.00%,0.00%,0.00%,0.00%,2.00%,0.00%,5.00%,0.00%,10.00%,0.00%,14.00%,5.00%,0.00%,0.00%,5.00%,5.00%,5.00%,5.00%,0.00%,5.00%,5.00%,2.00%,2.00%,2.00%,5.00%,0.00%,0.00%,0.00%,0.00%,0.00%,0.00%,0.00%,0.00%,0.00%
2025-03-01,16.00%,0.00%,0.00%,0.00%,0.00%,4.00%,0.00%,0.00%,0.00%,0.00%,0.00%,0.00%,0.00%,0.00%,0.00%,0.00%,0.00%,0.00%,0.00%,0.00%,0.00%,2.00%,0.00%,5.00%,0.00%,10.00%,0.00%,14.00%,5.00%,0.00%,0.00%,5.00%,5.00%,5.00%,5.00%,0.00%,5.00%,5.00%,2.00%,2.00%,2.00%,5.00%,0.00%,0.00%,0.00%,0.00%,0.00%,0.00%,0.00%,0.00%,0.00%
2025-03-02,16.00%,0.00%,0.00%,0.00%,0.00%,4.00%,0.00%,0.00%,0.00%,0.00%,0.00%,0.00%,0.00%,0.00%,0.00%,0.00%,0.00%,0.00%,0.00%,0.00%,0.00%,2.00%,0.00%,5.00%,0.00%,10.00%,0.00%,14.00%,5.00%,0.00%,0.00%,5.00%,5.00%,5.00%,5.00%,0.00%,5.00%,5.00%,2.00%,2.00%,2.00%,5.00%,0.00%,0.00%,0.00%,0.00%,0.00%,0.00%,0.00%,0.00%,0.00%
2025-03-03,16.00%,0.00%,0.00%,0.00%,0.00%,4.00%,0.00%,0.00%,0.00%,0.00%,0.00%,0.00%,0.00%,0.00%,0.00%,0.00%,0.00%,0.00%,0.00%,0.00%,0.00%,2.00%,0.00%,5.00%,0.00%,10.00%,0.00%,14.00%,5.00%,0.00%,0.00%,5.00%,5.00%,5.00%,5.00%,0.00%,5.00%,5.00%,2.00%,2.00%,2.00%,5.00%,0.00%,0.00%,0.00%,0.00%,0.00%,0.00%,0.00%,0.00%,0.00%
2025-03-04,16.00%,0.00%,0.00%,0.00%,0.00%,4.00%,0.00%,0.00%,0.00%,0.00%,0.00%,0.00%,0.00%,0.00%,0.00%,0.00%,0.00%,0.00%,0.00%,0.00%,0.00%,2.00%,0.00%,5.00%,0.00%,10.00%,0.00%,14.00%,5.00%,0.00%,0.00%,5.00%,5.00%,5.00%,5.00%,0.00%,5.00%,5.00%,2.00%,2.00%,2.00%,5.00%,0.00%,0.00%,0.00%,0.00%,0.00%,0.00%,0.00%,0.00%,0.00%
2025-03-05,16.00%,0.00%,0.00%,0.00%,0.00%,4.00%,0.00%,0.00%,0.00%,0.00%,0.00%,0.00%,0.00%,0.00%,0.00%,0.00%,0.00%,0.00%,0.00%,0.00%,0.00%,2.00%,0.00%,5.00%,0.00%,10.00%,0.00%,14.00%,5.00%,0.00%,0.00%,5.00%,5.00%,5.00%,5.00%,0.00%,5.00%,5.00%,2.00%,2.00%,2.00%,5.00%,0.00%,0.00%,0.00%,0.00%,0.00%,0.00%,0.00%,0.00%,0.00%
2025-03-06,16.00%,0.00%,0.00%,0.00%,0.00%,4.00%,0.00%,0.00%,0.00%,0.00%,0.00%,0.00%,0.00%,0.00%,0.00%,0.00%,0.00%,0.00%,0.00%,0.00%,0.00%,2.00%,0.00%,5.00%,0.00%,10.00%,0.00%,14.00%,5.00%,0.00%,0.00%,5.00%,5.00%,5.00%,5.00%,0.00%,5.00%,5.00%,2.00%,2.00%,2.00%,5.00%,0.00%,0.00%,0.00%,0.00%,0.00%,0.00%,0.00%,0.00%,0.00%
2025-03-07,16.00%,0.00%,0.00%,0.00%,0.00%,4.00%,0.00%,0.00%,0.00%,0.00%,0.00%,0.00%,0.00%,0.00%,0.00%,0.00%,0.00%,0.00%,0.00%,0.00%,0.00%,2.00%,0.00%,5.00%,0.00%,10.00%,0.00%,14.00%,5.00%,0.00%,0.00%,5.00%,5.00%,5.00%,5.00%,0.00%,5.00%,5.00%,2.00%,2.00%,2.00%,5.00%,0.00%,0.00%,0.00%,0.00%,0.00%,0.00%,0.00%,0.00%,0.00%
2025-03-08,16.00%,0.00%,0.00%,0.00%,0.00%,4.00%,0.00%,0.00%,0.00%,0.00%,0.00%,0.00%,0.00%,0.00%,0.00%,0.00%,0.00%,0.00%,0.00%,0.00%,0.00%,2.00%,0.00%,5.00%,0.00%,10.00%,0.00%,14.00%,5.00%,0.00%,0.00%,5.00%,5.00%,5.00%,5.00%,0.00%,5.00%,5.00%,2.00%,2.00%,2.00%,5.00%,0.00%,0.00%,0.00%,0.00%,0.00%,0.00%,0.00%,0.00%,0.00%
2025-03-09,16.00%,0.00%,0.00%,0.00%,0.00%,4.00%,0.00%,0.00%,0.00%,0.00%,0.00%,0.00%,0.00%,0.00%,0.00%,0.00%,0.00%,0.00%,0.00%,0.00%,0.00%,2.00%,0.00%,5.00%,0.00%,10.00%,0.00%,14.00%,5.00%,0.00%,0.00%,5.00%,5.00%,5.00%,5.00%,0.00%,5.00%,5.00%,2.00%,2.00%,2.00%,5.00%,0.00%,0.00%,0.00%,0.00%,0.00%,0.00%,0.00%,0.00%,0.00%
2025-03-10,16.00%,0.00%,0.00%,0.00%,0.00%,4.00%,0.00%,0.00%,0.00%,0.00%,0.00%,0.00%,0.00%,0.00%,0.00%,0.00%,0.00%,0.00%,0.00%,0.00%,0.00%,2.00%,0.00%,5.00%,0.00%,10.00%,0.00%,14.00%,5.00%,0.00%,0.00%,5.00%,5.00%,5.00%,5.00%,0.00%,5.00%,5.00%,2.00%,2.00%,2.00%,5.00%,0.00%,0.00%,0.00%,0.00%,0.00%,0.00%,0.00%,0.00%,0.00%
2025-03-11,16.00%,0.00%,0.00%,0.00%,0.00%,4.00%,0.00%,0.00%,0.00%,0.00%,0.00%,0.00%,0.00%,0.00%,0.00%,0.00%,0.00%,0.00%,0.00%,0.00%,0.00%,2.00%,0.00%,5.00%,0.00%,10.00%,0.00%,14.00%,5.00%,0.00%,0.00%,5.00%,5.00%,5.00%,5.00%,0.00%,5.00%,5.00%,2.00%,2.00%,2.00%,5.00%,0.00%,0.00%,0.00%,0.00%,0.00%,0.00%,0.00%,0.00%,0.00%
2025-03-12,16.00%,0.00%,0.00%,0.00%,0.00%,4.00%,0.00%,0.00%,0.00%,0.00%,0.00%,0.00%,0.00%,0.00%,0.00%,0.00%,0.00%,0.00%,0.00%,0.00%,0.00%,2.00%,0.00%,5.00%,0.00%,10.00%,0.00%,14.00%,5.00%,0.00%,0.00%,5.00%,5.00%,5.00%,5.00%,0.00%,5.00%,5.00%,2.00%,2.00%,2.00%,5.00%,0.00%,0.00%,0.00%,0.00%,0.00%,0.00%,0.00%,0.00%,0.00%
2025-03-13,16.00%,0.00%,0.00%,0.00%,0.00%,4.00%,0.00%,0.00%,0.00%,0.00%,0.00%,0.00%,0.00%,0.00%,0.00%,0.00%,0.00%,0.00%,0.00%,0.00%,0.00%,2.00%,0.00%,5.00%,0.00%,10.00%,0.00%,14.00%,5.00%,0.00%,0.00%,5.00%,5.00%,5.00%,5.00%,0.00%,5.00%,5.00%,2.00%,2.00%,2.00%,5.00%,0.00%,0.00%,0.00%,0.00%,0.00%,0.00%,0.00%,0.00%,0.00%
2025-03-14,16.00%,0.00%,0.00%,0.00%,0.00%,4.00%,0.00%,0.00%,0.00%,0.00%,0.00%,0.00%,0.00%,0.00%,0.00%,0.00%,0.00%,0.00%,0.00%,0.00%,0.00%,2.00%,0.00%,5.00%,0.00%,10.00%,0.00%,14.00%,5.00%,0.00%,0.00%,5.00%,5.00%,5.00%,5.00%,0.00%,5.00%,5.00%,2.00%,2.00%,2.00%,5.00%,0.00%,0.00%,0.00%,0.00%,0.00%,0.00%,0.00%,0.00%,0.00%
2025-03-15,16.00%,0.00%,0.00%,0.00%,0.00%,4.00%,0.00%,0.00%,0.00%,0.00%,0.00%,0.00%,0.00%,0.00%,0.00%,0.00%,0.00%,0.00%,0.00%,0.00%,0.00%,2.00%,0.00%,5.00%,0.00%,10.00%,0.00%,14.00%,5.00%,0.00%,0.00%,5.00%,5.00%,5.00%,5.00%,0.00%,5.00%,5.00%,2.00%,2.00%,2.00%,5.00%,0.00%,0.00%,0.00%,0.00%,0.00%,0.00%,0.00%,0.00%,0.00%
2025-03-16,16.00%,0.00%,0.00%,0.00%,0.00%,4.00%,0.00%,0.00%,0.00%,0.00%,0.00%,0.00%,0.00%,0.00%,0.00%,0.00%,0.00%,0.00%,0.00%,0.00%,0.00%,2.00%,0.00%,5.00%,0.00%,10.00%,0.00%,14.00%,5.00%,0.00%,0.00%,5.00%,5.00%,5.00%,5.00%,0.00%,5.00%,5.00%,2.00%,2.00%,2.00%,5.00%,0.00%,0.00%,0.00%,0.00%,0.00%,0.00%,0.00%,0.00%,0.00%
2025-03-17,16.00%,0.00%,0.00%,0.00%,0.00%,4.00%,0.00%,0.00%,0.00%,0.00%,0.00%,0.00%,0.00%,0.00%,0.00%,0.00%,0.00%,0.00%,0.00%,0.00%,0.00%,2.00%,0.00%,5.00%,0.00%,10.00%,0.00%,14.00%,5.00%,0.00%,0.00%,5.00%,5.00%,5.00%,5.00%,0.00%,5.00%,5.00%,2.00%,2.00%,2.00%,5.00%,0.00%,0.00%,0.00%,0.00%,0.00%,0.00%,0.00%,0.00%,0.00%
2025-03-18,16.00%,0.00%,0.00%,0.00%,0.00%,4.00%,0.00%,0.00%,0.00%,0.00%,0.00%,0.00%,0.00%,0.00%,0.00%,0.00%,0.00%,0.00%,0.00%,0.00%,0.00%,2.00%,0.00%,5.00%,0.00%,10.00%,0.00%,14.00%,5.00%,0.00%,0.00%,5.00%,5.00%,5.00%,5.00%,0.00%,5.00%,5.00%,2.00%,2.00%,2.00%,5.00%,0.00%,0.00%,0.00%,0.00%,0.00%,0.00%,0.00%,0.00%,0.00%
2025-03-19,16.00%,0.00%,0.00%,0.00%,0.00%,4.00%,0.00%,0.00%,0.00%,0.00%,0.00%,0.00%,0.00%,0.00%,0.00%,0.00%,0.00%,0.00%,0.00%,0.00%,0.00%,2.00%,0.00%,5.00%,0.00%,10.00%,0.00%,14.00%,5.00%,0.00%,0.00%,5.00%,5.00%,5.00%,5.00%,0.00%,5.00%,5.00%,2.00%,2.00%,2.00%,5.00%,0.00%,0.00%,0.00%,0.00%,0.00%,0.00%,0.00%,0.00%,0.00%
2025-03-20,16.00%,0.00%,0.00%,0.00%,0.00%,4.00%,0.00%,0.00%,0.00%,0.00%,0.00%,0.00%,0.00%,0.00%,0.00%,0.00%,0.00%,0.00%,0.00%,0.00%,0.00%,2.00%,0.00%,5.00%,0.00%,10.00%,0.00%,14.00%,5.00%,0.00%,0.00%,5.00%,5.00%,5.00%,5.00%,0.00%,5.00%,5.00%,2.00%,2.00%,2.00%,5.00%,0.00%,0.00%,0.00%,0.00%,0.00%,0.00%,0.00%,0.00%,0.00%
2025-03-21,16.00%,0.00%,0.00%,0.00%,0.00%,4.00%,0.00%,0.00%,0.00%,0.00%,0.00%,0.00%,0.00%,0.00%,0.00%,0.00%,0.00%,0.00%,0.00%,0.00%,0.00%,2.00%,0.00%,5.00%,0.00%,10.00%,0.00%,14.00%,5.00%,0.00%,0.00%,5.00%,5.00%,5.00%,5.00%,0.00%,5.00%,5.00%,2.00%,2.00%,2.00%,5.00%,0.00%,0.00%,0.00%,0.00%,0.00%,0.00%,0.00%,0.00%,0.00%
2025-03-22,16.00%,0.00%,0.00%,0.00%,0.00%,4.00%,0.00%,0.00%,0.00%,0.00%,0.00%,0.00%,0.00%,0.00%,0.00%,0.00%,0.00%,0.00%,0.00%,0.00%,0.00%,2.00%,0.00%,5.00%,0.00%,10.00%,0.00%,14.00%,5.00%,0.00%,0.00%,5.00%,5.00%,5.00%,5.00%,0.00%,5.00%,5.00%,2.00%,2.00%,2.00%,5.00%,0.00%,0.00%,0.00%,0.00%,0.00%,0.00%,0.00%,0.00%,0.00%
2025-03-23,16.00%,0.00%,0.00%,0.00%,0.00%,4.00%,0.00%,0.00%,0.00%,0.00%,0.00%,0.00%,0.00%,0.00%,0.00%,0.00%,0.00%,0.00%,0.00%,0.00%,0.00%,2.00%,0.00%,5.00%,0.00%,10.00%,0.00%,14.00%,5.00%,0.00%,0.00%,5.00%,5.00%,5.00%,5.00%,0.00%,5.00%,5.00%,2.00%,2.00%,2.00%,5.00%,0.00%,0.00%,0.00%,0.00%,0.00%,0.00%,0.00%,0.00%,0.00%
2025-03-24,16.00%,0.00%,0.00%,0.00%,0.00%,4.00%,0.00%,0.00%,0.00%,0.00%,0.00%,0.00%,0.00%,0.00%,0.00%,0.00%,0.00%,0.00%,0.00%,0.00%,0.00%,2.00%,0.00%,5.00%,0.00%,10.00%,0.00%,14.00%,5.00%,0.00%,0.00%,5.00%,5.00%,5.00%,5.00%,0.00%,5.00%,5.00%,2.00%,2.00%,2.00%,5.00%,0.00%,0.00%,0.00%,0.00%,0.00%,0.00%,0.00%,0.00%,0.00%
2025-03-25,16.00%,0.00%,0.00%,0.00%,0.00%,4.00%,0.00%,0.00%,0.00%,0.00%,0.00%,0.00%,0.00%,0.00%,0.00%,0.00%,0.00%,0.00%,0.00%,0.00%,0.00%,2.00%,0.00%,5.00%,0.00%,10.00%,0.00%,14.00%,5.00%,0.00%,0.00%,5.00%,5.00%,5.00%,5.00%,0.00%,5.00%,5.00%,2.00%,2.00%,2.00%,5.00%,0.00%,0.00%,0.00%,0.00%,0.00%,0.00%,0.00%,0.00%,0.00%
2025-03-26,16.00%,0.00%,0.00%,0.00%,0.00%,4.00%,0.00%,0.00%,0.00%,0.00%,0.00%,0.00%,0.00%,0.00%,0.00%,0.00%,0.00%,0.00%,0.00%,0.00%,0.00%,2.00%,0.00%,5.00%,0.00%,10.00%,0.00%,14.00%,5.00%,0.00%,0.00%,5.00%,5.00%,5.00%,5.00%,0.00%,5.00%,5.00%,2.00%,2.00%,2.00%,5.00%,0.00%,0.00%,0.00%,0.00%,0.00%,0.00%,0.00%,0.00%,0.00%
2025-03-27,16.00%,0.00%,0.00%,0.00%,0.00%,4.00%,0.00%,0.00%,0.00%,0.00%,0.00%,0.00%,0.00%,0.00%,0.00%,0.00%,0.00%,0.00%,0.00%,0.00%,0.00%,2.00%,0.00%,5.00%,0.00%,10.00%,0.00%,14.00%,5.00%,0.00%,0.00%,5.00%,5.00%,5.00%,5.00%,0.00%,5.00%,5.00%,2.00%,2.00%,2.00%,5.00%,0.00%,0.00%,0.00%,0.00%,0.00%,0.00%,0.00%,0.00%,0.00%
2025-03-28,16.00%,0.00%,0.00%,0.00%,0.00%,4.00%,0.00%,0.00%,0.00%,0.00%,0.00%,0.00%,0.00%,0.00%,0.00%,0.00%,0.00%,0.00%,0.00%,0.00%,0.00%,2.00%,0.00%,5.00%,0.00%,10.00%,0.00%,14.00%,5.00%,0.00%,0.00%,5.00%,5.00%,5.00%,5.00%,0.00%,5.00%,5.00%,2.00%,2.00%,2.00%,5.00%,0.00%,0.00%,0.00%,0.00%,0.00%,0.00%,0.00%,0.00%,0.00%
2025-03-29,16.00%,0.00%,0.00%,0.00%,0.00%,4.00%,0.00%,0.00%,0.00%,0.00%,0.00%,0.00%,0.00%,0.00%,0.00%,0.00%,0.00%,0.00%,0.00%,0.00%,0.00%,2.00%,0.00%,5.00%,0.00%,10.00%,0.00%,14.00%,5.00%,0.00%,0.00%,5.00%,5.00%,5.00%,5.00%,0.00%,5.00%,5.00%,2.00%,2.00%,2.00%,5.00%,0.00%,0.00%,0.00%,0.00%,0.00%,0.00%,0.00%,0.00%,0.00%
2025-03-30,16.00%,0.00%,0.00%,0.00%,0.00%,4.00%,0.00%,0.00%,0.00%,0.00%,0.00%,0.00%,0.00%,0.00%,0.00%,0.00%,0.00%,0.00%,0.00%,0.00%,0.00%,2.00%,0.00%,5.00%,0.00%,10.00%,0.00%,14.00%,5.00%,0.00%,0.00%,5.00%,5.00%,5.00%,5.00%,0.00%,5.00%,5.00%,2.00%,2.00%,2.00%,5.00%,0.00%,0.00%,0.00%,0.00%,0.00%,0.00%,0.00%,0.00%,0.00%
2025-03-31,16.00%,0.00%,0.00%,0.00%,0.00%,4.00%,0.00%,0.00%,0.00%,0.00%,0.00%,0.00%,0.00%,0.00%,0.00%,0.00%,0.00%,0.00%,0.00%,0.00%,0.00%,2.00%,0.00%,5.00%,0.00%,10.00%,0.00%,14.00%,5.00%,0.00%,0.00%,5.00%,5.00%,5.00%,5.00%,0.00%,5.00%,5.00%,2.00%,2.00%,2.00%,5.00%,0.00%,0.00%,0.00%,0.00%,0.00%,0.00%,0.00%,0.00%,0.00%
2025-04-01,16.00%,0.00%,0.00%,0.00%,0.00%,4.00%,0.00%,0.00%,0.00%,0.00%,0.00%,0.00%,0.00%,0.00%,0.00%,0.00%,0.00%,0.00%,0.00%,0.00%,0.00%,2.00%,0.00%,5.00%,0.00%,10.00%,0.00%,14.00%,5.00%,0.00%,0.00%,5.00%,5.00%,5.00%,5.00%,0.00%,5.00%,5.00%,2.00%,2.00%,2.00%,5.00%,0.00%,0.00%,0.00%,0.00%,0.00%,0.00%,0.00%,0.00%,0.00%
2025-04-02,16.00%,0.00%,0.00%,0.00%,0.00%,4.00%,0.00%,0.00%,0.00%,0.00%,0.00%,0.00%,0.00%,0.00%,0.00%,0.00%,0.00%,0.00%,0.00%,0.00%,0.00%,2.00%,0.00%,5.00%,0.00%,10.00%,0.00%,14.00%,5.00%,0.00%,0.00%,5.00%,5.00%,5.00%,5.00%,0.00%,5.00%,5.00%,2.00%,2.00%,2.00%,5.00%,0.00%,0.00%,0.00%,0.00%,0.00%,0.00%,0.00%,0.00%,0.00%
2025-04-03,16.00%,0.00%,0.00%,0.00%,0.00%,4.00%,0.00%,0.00%,0.00%,0.00%,0.00%,0.00%,0.00%,0.00%,0.00%,0.00%,0.00%,0.00%,0.00%,0.00%,0.00%,2.00%,0.00%,5.00%,0.00%,10.00%,0.00%,14.00%,5.00%,0.00%,0.00%,5.00%,5.00%,5.00%,5.00%,0.00%,5.00%,5.00%,2.00%,2.00%,2.00%,5.00%,0.00%,0.00%,0.00%,0.00%,0.00%,0.00%,0.00%,0.00%,0.00%
2025-04-04,16.00%,0.00%,0.00%,0.00%,0.00%,4.00%,0.00%,0.00%,0.00%,0.00%,0.00%,0.00%,0.00%,0.00%,0.00%,0.00%,0.00%,0.00%,0.00%,0.00%,0.00%,2.00%,0.00%,5.00%,0.00%,10.00%,0.00%,14.00%,5.00%,0.00%,0.00%,5.00%,5.00%,5.00%,5.00%,0.00%,5.00%,5.00%,2.00%,2.00%,2.00%,5.00%,0.00%,0.00%,0.00%,0.00%,0.00%,0.00%,0.00%,0.00%,0.00%
2025-04-05,16.00%,0.00%,0.00%,0.00%,0.00%,4.00%,0.00%,0.00%,0.00%,0.00%,0.00%,0.00%,0.00%,0.00%,0.00%,0.00%,0.00%,0.00%,0.00%,0.00%,0.00%,2.00%,0.00%,5.00%,0.00%,10.00%,0.00%,14.00%,5.00%,0.00%,0.00%,5.00%,5.00%,5.00%,5.00%,0.00%,5.00%,5.00%,2.00%,2.00%,2.00%,5.00%,0.00%,0.00%,0.00%,0.00%,0.00%,0.00%,0.00%,0.00%,0.00%
2025-04-06,16.00%,0.00%,0.00%,0.00%,0.00%,4.00%,0.00%,0.00%,0.00%,0.00%,0.00%,0.00%,0.00%,0.00%,0.00%,0.00%,0.00%,0.00%,0.00%,0.00%,0.00%,2.00%,0.00%,5.00%,0.00%,10.00%,0.00%,14.00%,5.00%,0.00%,0.00%,5.00%,5.00%,5.00%,5.00%,0.00%,5.00%,5.00%,2.00%,2.00%,2.00%,5.00%,0.00%,0.00%,0.00%,0.00%,0.00%,0.00%,0.00%,0.00%,0.00%
2025-04-07,16.00%,0.00%,0.00%,0.00%,0.00%,4.00%,0.00%,0.00%,0.00%,0.00%,0.00%,0.00%,0.00%,0.00%,0.00%,0.00%,0.00%,0.00%,0.00%,0.00%,0.00%,2.00%,0.00%,5.00%,0.00%,10.00%,0.00%,14.00%,5.00%,0.00%,0.00%,5.00%,5.00%,5.00%,5.00%,0.00%,5.00%,5.00%,2.00%,2.00%,2.00%,5.00%,0.00%,0.00%,0.00%,0.00%,0.00%,0.00%,0.00%,0.00%,0.00%
2025-04-08,16.00%,0.00%,0.00%,0.00%,0.00%,4.00%,0.00%,0.00%,0.00%,0.00%,0.00%,0.00%,0.00%,0.00%,0.00%,0.00%,0.00%,0.00%,0.00%,0.00%,0.00%,2.00%,0.00%,5.00%,0.00%,10.00%,0.00%,14.00%,5.00%,0.00%,0.00%,5.00%,5.00%,5.00%,5.00%,0.00%,5.00%,5.00%,2.00%,2.00%,2.00%,5.00%,0.00%,0.00%,0.00%,0.00%,0.00%,0.00%,0.00%,0.00%,0.00%
2025-04-09,16.00%,0.00%,0.00%,0.00%,0.00%,4.00%,0.00%,0.00%,0.00%,0.00%,0.00%,0.00%,0.00%,0.00%,0.00%,0.00%,0.00%,0.00%,0.00%,0.00%,0.00%,2.00%,0.00%,5.00%,0.00%,10.00%,0.00%,14.00%,5.00%,0.00%,0.00%,5.00%,5.00%,5.00%,5.00%,0.00%,5.00%,5.00%,2.00%,2.00%,2.00%,5.00%,0.00%,0.00%,0.00%,0.00%,0.00%,0.00%,0.00%,0.00%,0.00%
2025-04-10,16.00%,0.00%,0.00%,0.00%,0.00%,4.00%,0.00%,0.00%,0.00%,0.00%,0.00%,0.00%,0.00%,0.00%,0.00%,0.00%,0.00%,0.00%,0.00%,0.00%,0.00%,2.00%,0.00%,5.00%,0.00%,10.00%,0.00%,14.00%,5.00%,0.00%,0.00%,5.00%,5.00%,5.00%,5.00%,0.00%,5.00%,5.00%,2.00%,2.00%,2.00%,5.00%,0.00%,0.00%,0.00%,0.00%,0.00%,0.00%,0.00%,0.00%,0.00%
2025-04-11,16.00%,0.00%,0.00%,0.00%,0.00%,4.00%,0.00%,0.00%,0.00%,0.00%,0.00%,0.00%,0.00%,0.00%,0.00%,0.00%,0.00%,0.00%,0.00%,0.00%,0.00%,2.00%,0.00%,5.00%,0.00%,10.00%,0.00%,14.00%,5.00%,0.00%,0.00%,5.00%,5.00%,5.00%,5.00%,0.00%,5.00%,5.00%,2.00%,2.00%,2.00%,5.00%,0.00%,0.00%,0.00%,0.00%,0.00%,0.00%,0.00%,0.00%,0.00%
2025-04-12,16.00%,0.00%,0.00%,0.00%,0.00%,4.00%,0.00%,0.00%,0.00%,0.00%,0.00%,0.00%,0.00%,0.00%,0.00%,0.00%,0.00%,0.00%,0.00%,0.00%,0.00%,2.00%,0.00%,5.00%,0.00%,10.00%,0.00%,14.00%,5.00%,0.00%,0.00%,5.00%,5.00%,5.00%,5.00%,0.00%,5.00%,5.00%,2.00%,2.00%,2.00%,5.00%,0.00%,0.00%,0.00%,0.00%,0.00%,0.00%,0.00%,0.00%,0.00%
2025-04-13,16.00%,0.00%,0.00%,0.00%,0.00%,4.00%,0.00%,0.00%,0.00%,0.00%,0.00%,0.00%,0.00%,0.00%,0.00%,0.00%,0.00%,0.00%,0.00%,0.00%,0.00%,2.00%,0.00%,5.00%,0.00%,10.00%,0.00%,14.00%,5.00%,0.00%,0.00%,5.00%,5.00%,5.00%,5.00%,0.00%,5.00%,5.00%,2.00%,2.00%,2.00%,5.00%,0.00%,0.00%,0.00%,0.00%,0.00%,0.00%,0.00%,0.00%,0.00%
2025-04-14,16.00%,0.00%,0.00%,0.00%,0.00%,4.00%,0.00%,0.00%,0.00%,0.00%,0.00%,0.00%,0.00%,0.00%,0.00%,0.00%,0.00%,0.00%,0.00%,0.00%,0.00%,2.00%,0.00%,5.00%,0.00%,10.00%,0.00%,14.00%,5.00%,0.00%,0.00%,5.00%,5.00%,5.00%,5.00%,0.00%,5.00%,5.00%,2.00%,2.00%,2.00%,5.00%,0.00%,0.00%,0.00%,0.00%,0.00%,0.00%,0.00%,0.00%,0.00%
2025-04-15,16.00%,0.00%,0.00%,0.00%,0.00%,4.00%,0.00%,0.00%,0.00%,0.00%,0.00%,0.00%,0.00%,0.00%,0.00%,0.00%,0.00%,0.00%,0.00%,0.00%,0.00%,2.00%,0.00%,5.00%,0.00%,10.00%,0.00%,14.00%,5.00%,0.00%,0.00%,5.00%,5.00%,5.00%,5.00%,0.00%,5.00%,5.00%,2.00%,2.00%,2.00%,5.00%,0.00%,0.00%,0.00%,0.00%,0.00%,0.00%,0.00%,0.00%,0.00%
2025-04-16,16.00%,0.00%,0.00%,0.00%,0.00%,4.00%,0.00%,0.00%,0.00%,0.00%,0.00%,0.00%,0.00%,0.00%,0.00%,0.00%,0.00%,0.00%,0.00%,0.00%,0.00%,2.00%,0.00%,5.00%,0.00%,10.00%,0.00%,14.00%,5.00%,0.00%,0.00%,5.00%,5.00%,5.00%,5.00%,0.00%,5.00%,5.00%,2.00%,2.00%,2.00%,5.00%,0.00%,0.00%,0.00%,0.00%,0.00%,0.00%,0.00%,0.00%,0.00%
2025-04-17,16.00%,0.00%,0.00%,0.00%,0.00%,4.00%,0.00%,0.00%,0.00%,0.00%,0.00%,0.00%,0.00%,0.00%,0.00%,0.00%,0.00%,0.00%,0.00%,0.00%,0.00%,2.00%,0.00%,5.00%,0.00%,10.00%,0.00%,14.00%,5.00%,0.00%,0.00%,5.00%,5.00%,5.00%,5.00%,0.00%,5.00%,5.00%,2.00%,2.00%,2.00%,5.00%,0.00%,0.00%,0.00%,0.00%,0.00%,0.00%,0.00%,0.00%,0.00%
2025-04-18,16.00%,0.00%,0.00%,0.00%,0.00%,4.00%,0.00%,0.00%,0.00%,0.00%,0.00%,0.00%,0.00%,0.00%,0.00%,0.00%,0.00%,0.00%,0.00%,0.00%,0.00%,2.00%,0.00%,5.00%,0.00%,10.00%,0.00%,14.00%,5.00%,0.00%,0.00%,5.00%,5.00%,5.00%,5.00%,0.00%,5.00%,5.00%,2.00%,2.00%,2.00%,5.00%,0.00%,0.00%,0.00%,0.00%,0.00%,0.00%,0.00%,0.00%,0.00%
2025-04-19,16.00%,0.00%,0.00%,0.00%,0.00%,4.00%,0.00%,0.00%,0.00%,0.00%,0.00%,0.00%,0.00%,0.00%,0.00%,0.00%,0.00%,0.00%,0.00%,0.00%,0.00%,2.00%,0.00%,5.00%,0.00%,10.00%,0.00%,14.00%,5.00%,0.00%,0.00%,5.00%,5.00%,5.00%,5.00%,0.00%,5.00%,5.00%,2.00%,2.00%,2.00%,5.00%,0.00%,0.00%,0.00%,0.00%,0.00%,0.00%,0.00%,0.00%,0.00%
2025-04-20,16.00%,0.00%,0.00%,0.00%,0.00%,4.00%,0.00%,0.00%,0.00%,0.00%,0.00%,0.00%,0.00%,0.00%,0.00%,0.00%,0.00%,0.00%,0.00%,0.00%,0.00%,2.00%,0.00%,5.00%,0.00%,10.00%,0.00%,14.00%,5.00%,0.00%,0.00%,5.00%,5.00%,5.00%,5.00%,0.00%,5.00%,5.00%,2.00%,2.00%,2.00%,5.00%,0.00%,0.00%,0.00%,0.00%,0.00%,0.00%,0.00%,0.00%,0.00%
2025-04-21,16.00%,0.00%,0.00%,0.00%,0.00%,4.00%,0.00%,0.00%,0.00%,0.00%,0.00%,0.00%,0.00%,0.00%,0.00%,0.00%,0.00%,0.00%,0.00%,0.00%,0.00%,2.00%,0.00%,5.00%,0.00%,10.00%,0.00%,14.00%,5.00%,0.00%,0.00%,5.00%,5.00%,5.00%,5.00%,0.00%,5.00%,5.00%,2.00%,2.00%,2.00%,5.00%,0.00%,0.00%,0.00%,0.00%,0.00%,0.00%,0.00%,0.00%,0.00%
2025-04-22,16.00%,0.00%,0.00%,0.00%,0.00%,4.00%,0.00%,0.00%,0.00%,0.00%,0.00%,0.00%,0.00%,0.00%,0.00%,0.00%,0.00%,0.00%,0.00%,0.00%,0.00%,2.00%,0.00%,5.00%,0.00%,10.00%,0.00%,14.00%,5.00%,0.00%,0.00%,5.00%,5.00%,5.00%,5.00%,0.00%,5.00%,5.00%,2.00%,2.00%,2.00%,5.00%,0.00%,0.00%,0.00%,0.00%,0.00%,0.00%,0.00%,0.00%,0.00%
2025-04-23,16.00%,0.00%,0.00%,0.00%,0.00%,4.00%,0.00%,0.00%,0.00%,0.00%,0.00%,0.00%,0.00%,0.00%,0.00%,0.00%,0.00%,0.00%,0.00%,0.00%,0.00%,2.00%,0.00%,5.00%,0.00%,10.00%,0.00%,14.00%,5.00%,0.00%,0.00%,5.00%,5.00%,5.00%,5.00%,0.00%,5.00%,5.00%,2.00%,2.00%,2.00%,5.00%,0.00%,0.00%,0.00%,0.00%,0.00%,0.00%,0.00%,0.00%,0.00%
2025-04-24,16.00%,0.00%,0.00%,0.00%,0.00%,4.00%,0.00%,0.00%,0.00%,0.00%,0.00%,0.00%,0.00%,0.00%,0.00%,0.00%,0.00%,0.00%,0.00%,0.00%,0.00%,2.00%,0.00%,5.00%,0.00%,10.00%,0.00%,14.00%,5.00%,0.00%,0.00%,5.00%,5.00%,5.00%,5.00%,0.00%,5.00%,5.00%,2.00%,2.00%,2.00%,5.00%,0.00%,0.00%,0.00%,0.00%,0.00%,0.00%,0.00%,0.00%,0.00%
2025-04-25,0.00%,0.00%,0.00%,0.00%,0.00%,0.00%,0.00%,0.00%,0.00%,0.00%,0.00%,0.00%,0.00%,0.00%,15.00%,0.00%,0.00%,0.00%,0.00%,0.00%,0.00%,0.00%,0.00%,5.00%,0.00%,20.00%,0.00%,16.00%,5.00%,0.00%,0.00%,0.00%,0.00%,10.00%,0.00%,0.00%,5.00%,0.00%,5.00%,4.00%,5.00%,5.00%,5.00%,0.00%,0.00%,0.00%,0.00%,0.00%,0.00%,0.00%,0.00%
2025-04-26,0.00%,0.00%,0.00%,0.00%,0.00%,0.00%,0.00%,0.00%,0.00%,0.00%,0.00%,0.00%,0.00%,0.00%,15.00%,0.00%,0.00%,0.00%,0.00%,0.00%,0.00%,0.00%,0.00%,5.00%,0.00%,20.00%,0.00%,16.00%,5.00%,0.00%,0.00%,0.00%,0.00%,10.00%,0.00%,0.00%,5.00%,0.00%,5.00%,4.00%,5.00%,5.00%,5.00%,0.00%,0.00%,0.00%,0.00%,0.00%,0.00%,0.00%,0.00%
2025-04-27,0.00%,0.00%,0.00%,0.00%,0.00%,0.00%,0.00%,0.00%,0.00%,0.00%,0.00%,0.00%,0.00%,0.00%,15.00%,0.00%,0.00%,0.00%,0.00%,0.00%,0.00%,0.00%,0.00%,5.00%,0.00%,20.00%,0.00%,16.00%,5.00%,0.00%,0.00%,0.00%,0.00%,10.00%,0.00%,0.00%,5.00%,0.00%,5.00%,4.00%,5.00%,5.00%,5.00%,0.00%,0.00%,0.00%,0.00%,0.00%,0.00%,0.00%,0.00%
2025-04-28,0.00%,0.00%,0.00%,0.00%,0.00%,0.00%,0.00%,0.00%,0.00%,0.00%,0.00%,0.00%,0.00%,0.00%,15.00%,0.00%,0.00%,0.00%,0.00%,0.00%,0.00%,0.00%,0.00%,5.00%,0.00%,20.00%,0.00%,16.00%,5.00%,0.00%,0.00%,0.00%,0.00%,10.00%,0.00%,0.00%,5.00%,0.00%,5.00%,4.00%,5.00%,5.00%,5.00%,0.00%,0.00%,0.00%,0.00%,0.00%,0.00%,0.00%,0.00%
2025-04-29,0.00%,0.00%,0.00%,0.00%,0.00%,0.00%,0.00%,0.00%,0.00%,0.00%,0.00%,0.00%,0.00%,0.00%,15.00%,0.00%,0.00%,0.00%,0.00%,0.00%,0.00%,0.00%,0.00%,5.00%,0.00%,20.00%,0.00%,16.00%,5.00%,0.00%,0.00%,0.00%,0.00%,10.00%,0.00%,0.00%,5.00%,0.00%,5.00%,4.00%,5.00%,0.00%,5.00%,5.00%,0.00%,0.00%,0.00%,0.00%,0.00%,0.00%,0.00%
2025-04-30,0.00%,0.00%,0.00%,0.00%,0.00%,0.00%,0.00%,0.00%,0.00%,0.00%,0.00%,0.00%,0.00%,0.00%,15.00%,0.00%,0.00%,0.00%,0.00%,0.00%,0.00%,0.00%,0.00%,0.00%,0.00%,15.00%,0.00%,16.00%,5.00%,0.00%,0.00%,0.00%,5.00%,10.00%,0.00%,0.00%,5.00%,0.00%,5.00%,4.00%,10.00%,0.00%,5.00%,5.00%,0.00%,0.00%,0.00%,0.00%,0.00%,0.00%,0.00%
2025-05-01,0.00%,0.00%,0.00%,0.00%,0.00%,0.00%,0.00%,0.00%,0.00%,0.00%,0.00%,0.00%,0.00%,0.00%,15.00%,0.00%,0.00%,0.00%,0.00%,0.00%,0.00%,0.00%,0.00%,0.00%,0.00%,15.00%,0.00%,16.00%,5.00%,0.00%,0.00%,0.00%,5.00%,10.00%,0.00%,0.00%,5.00%,0.00%,5.00%,4.00%,10.00%,0.00%,5.00%,5.00%,0.00%,0.00%,0.00%,0.00%,0.00%,0.00%,0.00%
2025-05-02,0.00%,0.00%,0.00%,0.00%,0.00%,0.00%,0.00%,0.00%,0.00%,0.00%,0.00%,0.00%,0.00%,0.00%,15.00%,0.00%,0.00%,0.00%,0.00%,0.00%,0.00%,0.00%,0.00%,0.00%,0.00%,15.00%,0.00%,16.00%,5.00%,0.00%,0.00%,0.00%,5.00%,10.00%,0.00%,0.00%,5.00%,0.00%,5.00%,4.00%,10.00%,0.00%,5.00%,5.00%,0.00%,0.00%,0.00%,0.00%,0.00%,0.00%,0.00%
2025-05-03,0.00%,0.00%,0.00%,0.00%,0.00%,0.00%,0.00%,0.00%,0.00%,0.00%,0.00%,0.00%,0.00%,0.00%,15.00%,0.00%,0.00%,0.00%,0.00%,0.00%,0.00%,0.00%,0.00%,0.00%,0.00%,15.00%,0.00%,15.00%,0.00%,0.00%,0.00%,0.00%,5.00%,10.00%,0.00%,0.00%,0.00%,0.00%,5.00%,5.00%,15.00%,0.00%,5.00%,5.00%,5.00%,0.00%,0.00%,0.00%,0.00%,0.00%,0.00%
2025-05-04,0.00%,0.00%,0.00%,0.00%,0.00%,0.00%,0.00%,0.00%,0.00%,0.00%,0.00%,0.00%,0.00%,0.00%,15.00%,0.00%,0.00%,0.00%,0.00%,0.00%,0.00%,0.00%,0.00%,0.00%,0.00%,15.00%,0.00%,15.00%,0.00%,0.00%,0.00%,0.00%,5.00%,10.00%,0.00%,0.00%,0.00%,0.00%,5.00%,5.00%,15.00%,0.00%,5.00%,5.00%,5.00%,0.00%,0.00%,0.00%,0.00%,0.00%,0.00%
2025-05-05,0.00%,0.00%,0.00%,0.00%,0.00%,0.00%,0.00%,0.00%,0.00%,0.00%,0.00%,0.00%,0.00%,0.00%,15.00%,0.00%,0.00%,0.00%,0.00%,0.00%,0.00%,0.00%,0.00%,0.00%,0.00%,15.00%,0.00%,15.00%,0.00%,0.00%,0.00%,0.00%,5.00%,10.00%,0.00%,0.00%,0.00%,0.00%,5.00%,5.00%,15.00%,0.00%,5.00%,5.00%,5.00%,0.00%,0.00%,0.00%,0.00%,0.00%,0.00%
2025-05-06,0.00%,0.00%,0.00%,0.00%,0.00%,0.00%,0.00%,0.00%,0.00%,0.00%,0.00%,0.00%,0.00%,0.00%,15.00%,0.00%,0.00%,0.00%,0.00%,0.00%,0.00%,0.00%,0.00%,0.00%,0.00%,15.00%,0.00%,15.00%,0.00%,0.00%,0.00%,0.00%,5.00%,10.00%,0.00%,0.00%,0.00%,0.00%,5.00%,5.00%,15.00%,0.00%,5.00%,5.00%,5.00%,0.00%,0.00%,0.00%,0.00%,0.00%,0.00%
2025-05-07,0.00%,0.00%,0.00%,0.00%,0.00%,0.00%,0.00%,0.00%,0.00%,0.00%,0.00%,0.00%,0.00%,0.00%,15.00%,0.00%,0.00%,0.00%,0.00%,0.00%,0.00%,0.00%,0.00%,0.00%,0.00%,0.00%,0.00%,15.00%,0.00%,0.00%,0.00%,0.00%,5.00%,10.00%,0.00%,0.00%,0.00%,0.00%,10.00%,5.00%,15.00%,0.00%,5.00%,5.00%,5.00%,10.00%,0.00%,0.00%,0.00%,0.00%,0.00%
2025-05-08,0.00%,0.00%,0.00%,0.00%,0.00%,0.00%,0.00%,0.00%,0.00%,0.00%,0.00%,0.00%,0.00%,0.00%,15.00%,0.00%,0.00%,0.00%,0.00%,0.00%,0.00%,0.00%,0.00%,0.00%,0.00%,0.00%,0.00%,15.00%,0.00%,0.00%,0.00%,0.00%,5.00%,10.00%,0.00%,0.00%,0.00%,0.00%,10.00%,5.00%,15.00%,0.00%,5.00%,5.00%,5.00%,10.00%,0.00%,0.00%,0.00%,0.00%,0.00%
2025-05-09,0.00%,0.00%,0.00%,0.00%,0.00%,0.00%,0.00%,0.00%,0.00%,0.00%,0.00%,0.00%,0.00%,0.00%,15.00%,0.00%,0.00%,0.00%,0.00%,0.00%,0.00%,0.00%,0.00%,0.00%,0.00%,0.00%,0.00%,15.00%,0.00%,0.00%,0.00%,0.00%,5.00%,10.00%,0.00%,0.00%,0.00%,0.00%,10.00%,5.00%,15.00%,0.00%,5.00%,5.00%,5.00%,10.00%,0.00%,0.00%,0.00%,0.00%,0.00%
2025-05-10,0.00%,0.00%,0.00%,0.00%,0.00%,0.00%,0.00%,0.00%,0.00%,0.00%,0.00%,0.00%,0.00%,0.00%,15.00%,0.00%,0.00%,0.00%,0.00%,0.00%,0.00%,0.00%,0.00%,0.00%,0.00%,0.00%,0.00%,15.00%,0.00%,0.00%,0.00%,0.00%,5.00%,10.00%,0.00%,0.00%,0.00%,0.00%,10.00%,5.00%,15.00%,0.00%,5.00%,5.00%,5.00%,10.00%,0.00%,0.00%,0.00%,0.00%,0.00%
2025-05-11,0.00%,0.00%,0.00%,0.00%,0.00%,0.00%,0.00%,0.00%,0.00%,0.00%,0.00%,0.00%,0.00%,0.00%,15.00%,0.00%,0.00%,0.00%,0.00%,0.00%,0.00%,0.00%,0.00%,0.00%,0.00%,0.00%,0.00%,15.00%,0.00%,0.00%,0.00%,0.00%,5.00%,10.00%,0.00%,0.00%,0.00%,0.00%,10.00%,5.00%,15.00%,0.00%,5.00%,5.00%,5.00%,10.00%,0.00%,0.00%,0.00%,0.00%,0.00%
2025-05-12,0.00%,0.00%,0.00%,0.00%,0.00%,0.00%,0.00%,0.00%,0.00%,0.00%,0.00%,0.00%,0.00%,0.00%,15.00%,0.00%,0.00%,0.00%,0.00%,0.00%,0.00%,0.00%,0.00%,0.00%,0.00%,0.00%,0.00%,15.00%,0.00%,0.00%,0.00%,0.00%,5.00%,10.00%,0.00%,0.00%,0.00%,0.00%,10.00%,5.00%,15.00%,0.00%,5.00%,5.00%,5.00%,10.00%,0.00%,0.00%,0.00%,0.00%,0.00%
2025-05-13,0.00%,0.00%,0.00%,0.00%,0.00%,0.00%,0.00%,0.00%,0.00%,0.00%,0.00%,0.00%,0.00%,0.00%,10.00%,0.00%,0.00%,0.00%,0.00%,0.00%,0.00%,0.00%,0.00%,0.00%,0.00%,0.00%,0.00%,15.00%,0.00%,0.00%,0.00%,0.00%,5.00%,10.00%,0.00%,0.00%,0.00%,0.00%,10.00%,5.00%,15.00%,0.00%,5.00%,5.00%,5.00%,10.00%,5.00%,0.00%,0.00%,0.00%,0.00%
2025-05-14,0.00%,0.00%,0.00%,0.00%,0.00%,0.00%,0.00%,0.00%,0.00%,0.00%,0.00%,0.00%,0.00%,0.00%,10.00%,0.00%,0.00%,0.00%,0.00%,0.00%,0.00%,0.00%,0.00%,0.00%,0.00%,0.00%,0.00%,15.00%,0.00%,0.00%,0.00%,0.00%,5.00%,10.00%,0.00%,0.00%,0.00%,0.00%,10.00%,5.00%,15.00%,0.00%,5.00%,5.00%,5.00%,10.00%,5.00%,0.00%,0.00%,0.00%,0.00%
2025-05-15,0.00%,0.00%,0.00%,0.00%,0.00%,0.00%,0.00%,0.00%,0.00%,0.00%,0.00%,0.00%,0.00%,0.00%,10.00%,0.00%,0.00%,0.00%,0.00%,0.00%,0.00%,0.00%,0.00%,0.00%,0.00%,0.00%,0.00%,15.00%,0.00%,0.00%,0.00%,0.00%,5.00%,10.00%,0.00%,0.00%,0.00%,0.00%,10.00%,5.00%,15.00%,0.00%,5.00%,5.00%,5.00%,10.00%,5.00%,0.00%,0.00%,0.00%,0.00%
2025-05-16,0.00%,0.00%,0.00%,0.00%,0.00%,0.00%,0.00%,0.00%,0.00%,0.00%,0.00%,0.00%,0.00%,0.00%,10.00%,0.00%,0.00%,0.00%,0.00%,0.00%,0.00%,0.00%,0.00%,0.00%,0.00%,0.00%,0.00%,15.00%,0.00%,0.00%,0.00%,0.00%,5.00%,10.00%,0.00%,0.00%,0.00%,0.00%,10.00%,5.00%,15.00%,0.00%,5.00%,5.00%,5.00%,10.00%,5.00%,0.00%,0.00%,0.00%,0.00%
2025-05-17,0.00%,0.00%,0.00%,0.00%,0.00%,0.00%,0.00%,0.00%,0.00%,0.00%,0.00%,0.00%,0.00%,0.00%,0.00%,0.00%,0.00%,0.00%,0.00%,0.00%,0.00%,0.00%,0.00%,0.00%,0.00%,0.00%,0.00%,15.00%,0.00%,0.00%,0.00%,0.00%,5.00%,10.00%,0.00%,0.00%,0.00%,10.00%,0.00%,10.00%,15.00%,0.00%,0.00%,5.00%,10.00%,10.00%,5.00%,5.00%,0.00%,0.00%,0.00%
2025-05-18,0.00%,0.00%,0.00%,0.00%,0.00%,0.00%,0.00%,0.00%,0.00%,0.00%,0.00%,0.00%,0.00%,0.00%,0.00%,0.00%,0.00%,0.00%,0.00%,0.00%,0.00%,0.00%,0.00%,0.00%,0.00%,0.00%,0.00%,15.00%,0.00%,0.00%,0.00%,0.00%,5.00%,10.00%,0.00%,0.00%,0.00%,10.00%,0.00%,10.00%,15.00%,0.00%,0.00%,5.00%,10.00%,10.00%,5.00%,5.00%,0.00%,0.00%,0.00%
2025-05-19,0.00%,0.00%,0.00%,0.00%,0.00%,0.00%,0.00%,0.00%,0.00%,0.00%,0.00%,0.00%,0.00%,0.00%,0.00%,0.00%,0.00%,0.00%,0.00%,0.00%,0.00%,0.00%,0.00%,0.00%,0.00%,0.00%,0.00%,15.00%,0.00%,0.00%,0.00%,0.00%,5.00%,10.00%,0.00%,0.00%,0.00%,10.00%,0.00%,10.00%,15.00%,0.00%,0.00%,5.00%,10.00%,10.00%,5.00%,5.00%,0.00%,0.00%,0.00%
2025-05-20,0.00%,0.00%,0.00%,0.00%,0.00%,0.00%,0.00%,0.00%,0.00%,0.00%,0.00%,0.00%,0.00%,0.00%,0.00%,0.00%,0.00%,0.00%,0.00%,0.00%,0.00%,0.00%,0.00%,0.00%,0.00%,0.00%,0.00%,15.00%,0.00%,0.00%,0.00%,0.00%,0.00%,0.00%,0.00%,0.00%,0.00%,10.00%,0.00%,10.00%,20.00%,0.00%,0.00%,5.00%,20.00%,10.00%,5.00%,5.00%,0.00%,0.00%,0.00%
2025-05-21,0.00%,0.00%,0.00%,0.00%,0.00%,0.00%,0.00%,0.00%,0.00%,0.00%,0.00%,0.00%,0.00%,0.00%,0.00%,0.00%,0.00%,0.00%,0.00%,0.00%,0.00%,0.00%,0.00%,0.00%,0.00%,0.00%,0.00%,15.00%,0.00%,0.00%,0.00%,0.00%,0.00%,0.00%,0.00%,0.00%,0.00%,10.00%,0.00%,10.00%,20.00%,0.00%,0.00%,5.00%,20.00%,10.00%,5.00%,5.00%,0.00%,0.00%,0.00%
2025-05-22,0.00%,0.00%,0.00%,0.00%,0.00%,0.00%,0.00%,0.00%,0.00%,0.00%,0.00%,0.00%,0.00%,0.00%,0.00%,0.00%,0.00%,0.00%,0.00%,0.00%,0.00%,0.00%,0.00%,0.00%,0.00%,0.00%,0.00%,15.00%,0.00%,0.00%,0.00%,0.00%,0.00%,0.00%,0.00%,0.00%,0.00%,10.00%,0.00%,10.00%,20.00%,0.00%,0.00%,5.00%,20.00%,10.00%,5.00%,5.00%,0.00%,0.00%,0.00%
2025-05-23,0.00%,0.00%,0.00%,0.00%,0.00%,0.00%,0.00%,0.00%,0.00%,0.00%,0.00%,0.00%,0.00%,0.00%,0.00%,0.00%,0.00%,0.00%,0.00%,0.00%,0.00%,0.00%,0.00%,0.00%,0.00%,0.00%,0.00%,15.00%,0.00%,0.00%,0.00%,0.00%,0.00%,0.00%,0.00%,0.00%,0.00%,10.00%,0.00%,10.00%,20.00%,0.00%,0.00%,5.00%,20.00%,10.00%,5.00%,5.00%,0.00%,0.00%,0.00%
2025-05-24,0.00%,0.00%,0.00%,0.00%,0.00%,0.00%,0.00%,0.00%,0.00%,0.00%,0.00%,0.00%,0.00%,0.00%,0.00%,0.00%,0.00%,0.00%,0.00%,0.00%,0.00%,0.00%,0.00%,0.00%,0.00%,0.00%,0.00%,15.00%,0.00%,0.00%,0.00%,0.00%,0.00%,0.00%,0.00%,0.00%,0.00%,10.00%,0.00%,10.00%,20.00%,0.00%,0.00%,5.00%,20.00%,10.00%,5.00%,5.00%,0.00%,0.00%,0.00%
2025-05-25,0.00%,0.00%,0.00%,0.00%,0.00%,0.00%,0.00%,0.00%,0.00%,0.00%,0.00%,0.00%,0.00%,0.00%,0.00%,0.00%,0.00%,0.00%,0.00%,0.00%,0.00%,0.00%,0.00%,0.00%,0.00%,0.00%,0.00%,15.00%,0.00%,0.00%,0.00%,0.00%,0.00%,0.00%,0.00%,0.00%,0.00%,10.00%,0.00%,10.00%,20.00%,0.00%,0.00%,5.00%,20.00%,10.00%,5.00%,5.00%,0.00%,0.00%,0.00%
2025-05-26,0.00%,0.00%,0.00%,0.00%,0.00%,0.00%,0.00%,0.00%,0.00%,0.00%,0.00%,0.00%,0.00%,0.00%,0.00%,0.00%,0.00%,0.00%,0.00%,0.00%,0.00%,0.00%,0.00%,0.00%,0.00%,0.00%,0.00%,15.00%,0.00%,0.00%,0.00%,0.00%,0.00%,0.00%,0.00%,0.00%,0.00%,10.00%,0.00%,10.00%,20.00%,0.00%,0.00%,5.00%,20.00%,10.00%,5.00%,5.00%,0.00%,0.00%,0.00%
2025-05-27,0.00%,0.00%,0.00%,0.00%,0.00%,0.00%,0.00%,0.00%,0.00%,0.00%,0.00%,0.00%,0.00%,0.00%,0.00%,0.00%,0.00%,0.00%,0.00%,0.00%,0.00%,0.00%,0.00%,0.00%,0.00%,0.00%,0.00%,15.00%,0.00%,0.00%,0.00%,0.00%,0.00%,0.00%,0.00%,0.00%,0.00%,10.00%,0.00%,10.00%,20.00%,0.00%,0.00%,5.00%,20.00%,10.00%,5.00%,5.00%,0.00%,0.00%,0.00%
2025-05-28,0.00%,0.00%,0.00%,0.00%,0.00%,0.00%,0.00%,0.00%,0.00%,0.00%,0.00%,0.00%,0.00%,0.00%,0.00%,0.00%,0.00%,0.00%,0.00%,0.00%,0.00%,0.00%,0.00%,0.00%,0.00%,5.00%,0.00%,15.00%,0.00%,0.00%,0.00%,0.00%,0.00%,0.00%,0.00%,0.00%,0.00%,10.00%,0.00%,10.00%,20.00%,0.00%,0.00%,5.00%,20.00%,10.00%,5.00%,0.00%,0.00%,0.00%,0.00%
2025-05-29,0.00%,0.00%,0.00%,0.00%,0.00%,0.00%,0.00%,0.00%,0.00%,0.00%,0.00%,0.00%,0.00%,0.00%,0.00%,0.00%,0.00%,0.00%,0.00%,0.00%,0.00%,0.00%,0.00%,0.00%,0.00%,5.00%,0.00%,15.00%,0.00%,0.00%,0.00%,0.00%,0.00%,0.00%,0.00%,0.00%,0.00%,10.00%,0.00%,10.00%,20.00%,0.00%,0.00%,5.00%,20.00%,10.00%,5.00%,0.00%,0.00%,0.00%,0.00%
2025-05-30,0.00%,0.00%,0.00%,0.00%,0.00%,0.00%,0.00%,0.00%,0.00%,0.00%,0.00%,0.00%,0.00%,0.00%,0.00%,0.00%,0.00%,0.00%,0.00%,0.00%,0.00%,0.00%,0.00%,0.00%,0.00%,5.00%,0.00%,15.00%,0.00%,0.00%,0.00%,0.00%,0.00%,0.00%,0.00%,0.00%,0.00%,10.00%,0.00%,10.00%,20.00%,0.00%,0.00%,5.00%,20.00%,10.00%,5.00%,0.00%,0.00%,0.00%,0.00%
2025-05-31,0.00%,0.00%,0.00%,0.00%,0.00%,0.00%,0.00%,0.00%,0.00%,0.00%,0.00%,0.00%,0.00%,0.00%,0.00%,0.00%,0.00%,0.00%,0.00%,0.00%,0.00%,0.00%,0.00%,0.00%,0.00%,10.00%,0.00%,15.00%,0.00%,0.00%,0.00%,0.00%,0.00%,0.00%,0.00%,0.00%,0.00%,10.00%,0.00%,0.00%,20.00%,0.00%,0.00%,5.00%,20.00%,15.00%,5.00%,0.00%,0.00%,0.00%,0.00%
2025-06-01,0.00%,0.00%,0.00%,0.00%,0.00%,0.00%,0.00%,0.00%,0.00%,0.00%,0.00%,0.00%,0.00%,0.00%,0.00%,0.00%,0.00%,0.00%,0.00%,0.00%,0.00%,0.00%,0.00%,0.00%,0.00%,10.00%,0.00%,15.00%,0.00%,0.00%,0.00%,0.00%,0.00%,0.00%,0.00%,0.00%,0.00%,10.00%,0.00%,0.00%,20.00%,0.00%,0.00%,5.00%,20.00%,15.00%,5.00%,0.00%,0.00%,0.00%,0.00%
2025-06-02,0.00%,0.00%,0.00%,0.00%,0.00%,0.00%,0.00%,0.00%,0.00%,0.00%,0.00%,0.00%,0.00%,0.00%,0.00%,0.00%,0.00%,0.00%,0.00%,0.00%,0.00%,0.00%,0.00%,0.00%,0.00%,10.00%,0.00%,15.00%,0.00%,0.00%,0.00%,0.00%,0.00%,0.00%,0.00%,0.00%,0.00%,10.00%,0.00%,0.00%,20.00%,0.00%,0.00%,5.00%,20.00%,15.00%,5.00%,0.00%,0.00%,0.00%,0.00%
2025-06-03,0.00%,0.00%,0.00%,0.00%,0.00%,0.00%,0.00%,0.00%,0.00%,0.00%,0.00%,0.00%,0.00%,0.00%,0.00%,0.00%,0.00%,0.00%,0.00%,0.00%,0.00%,0.00%,0.00%,0.00%,0.00%,10.00%,0.00%,15.00%,0.00%,0.00%,0.00%,0.00%,0.00%,0.00%,0.00%,0.00%,0.00%,10.00%,0.00%,0.00%,20.00%,0.00%,0.00%,0.00%,20.00%,15.00%,10.00%,0.00%,0.00%,0.00%,0.00%
2025-06-04,0.00%,0.00%,0.00%,0.00%,0.00%,0.00%,0.00%,0.00%,0.00%,0.00%,0.00%,0.00%,0.00%,0.00%,0.00%,0.00%,0.00%,0.00%,0.00%,0.00%,0.00%,0.00%,0.00%,0.00%,0.00%,10.00%,0.00%,15.00%,0.00%,0.00%,0.00%,0.00%,0.00%,0.00%,0.00%,0.00%,0.00%,10.00%,0.00%,0.00%,20.00%,0.00%,0.00%,0.00%,20.00%,15.00%,10.00%,0.00%,0.00%,0.00%,0.00%
2025-06-05,0.00%,0.00%,0.00%,0.00%,0.00%,0.00%,0.00%,0.00%,0.00%,0.00%,0.00%,0.00%,0.00%,0.00%,0.00%,0.00%,0.00%,0.00%,0.00%,0.00%,0.00%,0.00%,0.00%,0.00%,0.00%,10.00%,0.00%,15.00%,0.00%,0.00%,0.00%,0.00%,0.00%,0.00%,0.00%,0.00%,0.00%,10.00%,0.00%,0.00%,20.00%,0.00%,0.00%,0.00%,20.00%,15.00%,10.00%,0.00%,0.00%,0.00%,0.00%
2025-06-06,0.00%,0.00%,0.00%,0.00%,0.00%,0.00%,0.00%,0.00%,0.00%,0.00%,0.00%,0.00%,0.00%,0.00%,0.00%,0.00%,0.00%,0.00%,0.00%,0.00%,0.00%,0.00%,0.00%,0.00%,0.00%,10.00%,0.00%,15.00%,0.00%,0.00%,0.00%,0.00%,0.00%,0.00%,0.00%,0.00%,0.00%,10.00%,0.00%,0.00%,20.00%,0.00%,0.00%,0.00%,20.00%,15.00%,10.00%,0.00%,0.00%,0.00%,0.00%
2025-06-07,0.00%,0.00%,0.00%,0.00%,0.00%,0.00%,0.00%,0.00%,0.00%,0.00%,0.00%,0.00%,0.00%,0.00%,0.00%,0.00%,0.00%,0.00%,0.00%,0.00%,0.00%,0.00%,0.00%,0.00%,0.00%,10.00%,0.00%,10.00%,0.00%,0.00%,0.00%,0.00%,0.00%,0.00%,0.00%,0.00%,0.00%,10.00%,0.00%,0.00%,20.00%,0.00%,0.00%,0.00%,20.00%,15.00%,10.00%,0.00%,5.00%,0.00%,0.00%
2025-06-08,0.00%,0.00%,0.00%,0.00%,0.00%,0.00%,0.00%,0.00%,0.00%,0.00%,0.00%,0.00%,0.00%,0.00%,0.00%,0.00%,0.00%,0.00%,0.00%,0.00%,0.00%,0.00%,0.00%,0.00%,0.00%,10.00%,0.00%,10.00%,0.00%,0.00%,0.00%,0.00%,0.00%,0.00%,0.00%,0.00%,0.00%,10.00%,0.00%,0.00%,20.00%,0.00%,0.00%,0.00%,20.00%,15.00%,10.00%,0.00%,5.00%,0.00%,0.00%
2025-06-09,0.00%,0.00%,0.00%,0.00%,0.00%,0.00%,0.00%,0.00%,0.00%,0.00%,0.00%,0.00%,0.00%,0.00%,0.00%,0.00%,0.00%,0.00%,0.00%,0.00%,0.00%,0.00%,0.00%,0.00%,0.00%,10.00%,0.00%,10.00%,0.00%,0.00%,0.00%,0.00%,0.00%,0.00%,0.00%,0.00%,0.00%,10.00%,0.00%,0.00%,20.00%,0.00%,0.00%,0.00%,20.00%,15.00%,10.00%,0.00%,5.00%,0.00%,0.00%
2025-06-10,0.00%,0.00%,0.00%,0.00%,0.00%,0.00%,0.00%,0.00%,0.00%,0.00%,0.00%,0.00%,0.00%,0.00%,0.00%,0.00%,0.00%,0.00%,0.00%,0.00%,0.00%,0.00%,0.00%,0.00%,0.00%,10.00%,0.00%,10.00%,0.00%,0.00%,0.00%,0.00%,0.00%,0.00%,0.00%,0.00%,0.00%,10.00%,0.00%,0.00%,20.00%,0.00%,0.00%,0.00%,20.00%,15.00%,10.00%,0.00%,5.00%,0.00%,0.00%
2025-06-11,0.00%,0.00%,0.00%,0.00%,0.00%,0.00%,0.00%,0.00%,0.00%,0.00%,0.00%,0.00%,0.00%,0.00%,0.00%,0.00%,0.00%,0.00%,0.00%,0.00%,0.00%,0.00%,0.00%,0.00%,0.00%,10.00%,0.00%,10.00%,0.00%,0.00%,0.00%,0.00%,0.00%,0.00%,0.00%,0.00%,0.00%,10.00%,0.00%,0.00%,20.00%,0.00%,0.00%,0.00%,20.00%,15.00%,10.00%,0.00%,5.00%,0.00%,0.00%
2025-06-12,0.00%,0.00%,0.00%,0.00%,0.00%,0.00%,0.00%,0.00%,0.00%,0.00%,0.00%,0.00%,0.00%,0.00%,0.00%,0.00%,0.00%,0.00%,0.00%,0.00%,0.00%,0.00%,0.00%,0.00%,0.00%,10.00%,0.00%,10.00%,0.00%,0.00%,0.00%,0.00%,0.00%,0.00%,0.00%,0.00%,0.00%,10.00%,0.00%,0.00%,20.00%,0.00%,0.00%,0.00%,20.00%,15.00%,10.00%,0.00%,5.00%,0.00%,0.00%
2025-06-13,0.00%,0.00%,0.00%,0.00%,0.00%,0.00%,0.00%,0.00%,0.00%,0.00%,0.00%,0.00%,0.00%,0.00%,0.00%,0.00%,0.00%,0.00%,0.00%,0.00%,0.00%,0.00%,0.00%,0.00%,0.00%,10.00%,0.00%,10.00%,0.00%,0.00%,0.00%,0.00%,0.00%,0.00%,0.00%,0.00%,0.00%,10.00%,0.00%,0.00%,20.00%,0.00%,0.00%,0.00%,20.00%,15.00%,10.00%,0.00%,5.00%,0.00%,0.00%
2025-06-14,0.00%,0.00%,0.00%,0.00%,0.00%,0.00%,0.00%,0.00%,0.00%,0.00%,0.00%,0.00%,0.00%,0.00%,0.00%,0.00%,0.00%,0.00%,0.00%,0.00%,0.00%,0.00%,0.00%,0.00%,0.00%,10.00%,0.00%,10.00%,0.00%,0.00%,0.00%,0.00%,0.00%,0.00%,0.00%,0.00%,0.00%,10.00%,0.00%,0.00%,20.00%,0.00%,0.00%,0.00%,20.00%,15.00%,10.00%,0.00%,5.00%,0.00%,0.00%
2025-06-15,0.00%,0.00%,0.00%,0.00%,0.00%,0.00%,0.00%,0.00%,0.00%,0.00%,0.00%,0.00%,0.00%,0.00%,0.00%,0.00%,0.00%,0.00%,0.00%,0.00%,0.00%,0.00%,0.00%,0.00%,0.00%,10.00%,0.00%,10.00%,0.00%,0.00%,0.00%,0.00%,0.00%,0.00%,0.00%,0.00%,0.00%,10.00%,0.00%,0.00%,20.00%,0.00%,0.00%,0.00%,20.00%,15.00%,10.00%,0.00%,5.00%,0.00%,0.00%
2025-06-16,0.00%,0.00%,0.00%,0.00%,0.00%,0.00%,0.00%,0.00%,0.00%,0.00%,0.00%,0.00%,0.00%,0.00%,0.00%,0.00%,0.00%,0.00%,0.00%,0.00%,0.00%,0.00%,0.00%,0.00%,0.00%,10.00%,0.00%,10.00%,0.00%,0.00%,0.00%,0.00%,0.00%,0.00%,0.00%,0.00%,0.00%,10.00%,0.00%,0.00%,20.00%,0.00%,0.00%,0.00%,20.00%,15.00%,10.00%,0.00%,5.00%,0.00%,0.00%
2025-06-17,0.00%,0.00%,0.00%,0.00%,10.00%,0.00%,0.00%,0.00%,0.00%,0.00%,0.00%,0.00%,0.00%,0.00%,0.00%,0.00%,0.00%,0.00%,0.00%,0.00%,0.00%,0.00%,0.00%,0.00%,0.00%,5.00%,0.00%,5.00%,0.00%,0.00%,0.00%,0.00%,0.00%,0.00%,0.00%,0.00%,0.00%,10.00%,5.00%,0.00%,20.00%,0.00%,0.00%,0.00%,20.00%,10.00%,5.00%,0.00%,10.00%,0.00%,0.00%
2025-06-18,0.00%,0.00%,0.00%,0.00%,10.00%,0.00%,0.00%,0.00%,0.00%,0.00%,0.00%,0.00%,0.00%,0.00%,0.00%,0.00%,0.00%,0.00%,0.00%,0.00%,0.00%,0.00%,0.00%,0.00%,0.00%,5.00%,0.00%,5.00%,0.00%,0.00%,0.00%,0.00%,0.00%,0.00%,0.00%,0.00%,0.00%,10.00%,5.00%,0.00%,20.00%,0.00%,0.00%,0.00%,20.00%,10.00%,5.00%,0.00%,10.00%,0.00%,0.00%
2025-06-19,0.00%,0.00%,0.00%,0.00%,10.00%,0.00%,0.00%,0.00%,0.00%,0.00%,0.00%,0.00%,0.00%,0.00%,0.00%,0.00%,0.00%,0.00%,0.00%,0.00%,0.00%,0.00%,0.00%,0.00%,0.00%,5.00%,0.00%,5.00%,0.00%,0.00%,0.00%,0.00%,0.00%,0.00%,0.00%,0.00%,0.00%,10.00%,5.00%,0.00%,20.00%,0.00%,0.00%,0.00%,20.00%,10.00%,5.00%,0.00%,10.00%,0.00%,0.00%
2025-06-20,0.00%,0.00%,0.00%,0.00%,10.00%,0.00%,0.00%,0.00%,0.00%,0.00%,0.00%,0.00%,0.00%,0.00%,0.00%,0.00%,0.00%,0.00%,0.00%,0.00%,0.00%,0.00%,0.00%,0.00%,0.00%,5.00%,0.00%,5.00%,0.00%,0.00%,0.00%,0.00%,0.00%,0.00%,0.00%,0.00%,0.00%,10.00%,5.00%,0.00%,20.00%,0.00%,0.00%,0.00%,20.00%,10.00%,5.00%,0.00%,10.00%,0.00%,0.00%
2025-06-21,0.00%,0.00%,0.00%,0.00%,10.00%,0.00%,0.00%,0.00%,0.00%,0.00%,0.00%,0.00%,0.00%,0.00%,0.00%,0.00%,0.00%,0.00%,0.00%,0.00%,0.00%,0.00%,0.00%,0.00%,0.00%,5.00%,0.00%,5.00%,0.00%,0.00%,0.00%,0.00%,0.00%,0.00%,0.00%,0.00%,0.00%,10.00%,5.00%,0.00%,20.00%,0.00%,0.00%,0.00%,20.00%,10.00%,5.00%,0.00%,10.00%,0.00%,0.00%
2025-06-22,0.00%,0.00%,0.00%,0.00%,10.00%,0.00%,0.00%,0.00%,0.00%,0.00%,0.00%,0.00%,0.00%,0.00%,0.00%,0.00%,0.00%,0.00%,0.00%,0.00%,0.00%,0.00%,0.00%,0.00%,0.00%,5.00%,0.00%,5.00%,0.00%,0.00%,0.00%,0.00%,0.00%,0.00%,0.00%,0.00%,0.00%,10.00%,5.00%,0.00%,20.00%,0.00%,0.00%,0.00%,20.00%,10.00%,5.00%,0.00%,10.00%,0.00%,0.00%
2025-06-23,0.00%,0.00%,0.00%,0.00%,10.00%,0.00%,0.00%,0.00%,0.00%,0.00%,0.00%,0.00%,0.00%,0.00%,0.00%,0.00%,0.00%,0.00%,0.00%,0.00%,0.00%,0.00%,0.00%,0.00%,0.00%,5.00%,0.00%,5.00%,0.00%,0.00%,0.00%,0.00%,0.00%,0.00%,0.00%,0.00%,0.00%,10.00%,5.00%,0.00%,20.00%,0.00%,0.00%,0.00%,20.00%,10.00%,5.00%,0.00%,10.00%,0.00%,0.00%
2025-06-24,0.00%,0.00%,0.00%,0.00%,10.00%,0.00%,0.00%,0.00%,0.00%,0.00%,0.00%,0.00%,0.00%,0.00%,0.00%,0.00%,0.00%,0.00%,0.00%,0.00%,0.00%,0.00%,0.00%,0.00%,0.00%,5.00%,0.00%,5.00%,0.00%,0.00%,0.00%,0.00%,0.00%,0.00%,0.00%,0.00%,0.00%,10.00%,5.00%,0.00%,20.00%,0.00%,0.00%,0.00%,20.00%,10.00%,5.00%,0.00%,10.00%,0.00%,0.00%
2025-06-25,0.00%,0.00%,0.00%,0.00%,15.00%,0.00%,0.00%,0.00%,0.00%,0.00%,0.00%,0.00%,0.00%,0.00%,0.00%,0.00%,0.00%,0.00%,0.00%,0.00%,0.00%,0.00%,0.00%,0.00%,0.00%,5.00%,0.00%,5.00%,0.00%,0.00%,0.00%,0.00%,0.00%,0.00%,0.00%,0.00%,0.00%,5.00%,10.00%,0.00%,15.00%,0.00%,0.00%,0.00%,25.00%,10.00%,0.00%,0.00%,10.00%,0.00%,0.00%
2025-06-26,0.00%,0.00%,0.00%,0.00%,15.00%,0.00%,0.00%,0.00%,0.00%,0.00%,0.00%,0.00%,0.00%,0.00%,0.00%,0.00%,0.00%,0.00%,0.00%,0.00%,0.00%,0.00%,0.00%,0.00%,0.00%,5.00%,0.00%,5.00%,0.00%,0.00%,0.00%,0.00%,0.00%,0.00%,0.00%,0.00%,0.00%,5.00%,10.00%,0.00%,15.00%,0.00%,0.00%,0.00%,25.00%,10.00%,0.00%,0.00%,10.00%,0.00%,0.00%
2025-06-27,0.00%,0.00%,0.00%,0.00%,15.00%,0.00%,0.00%,0.00%,0.00%,0.00%,0.00%,0.00%,0.00%,0.00%,0.00%,0.00%,0.00%,0.00%,0.00%,0.00%,0.00%,0.00%,0.00%,0.00%,0.00%,5.00%,0.00%,5.00%,0.00%,0.00%,0.00%,0.00%,0.00%,0.00%,0.00%,0.00%,0.00%,5.00%,10.00%,0.00%,15.00%,0.00%,0.00%,0.00%,25.00%,10.00%,0.00%,0.00%,10.00%,0.00%,0.00%
2025-06-28,0.00%,0.00%,0.00%,0.00%,15.00%,0.00%,0.00%,0.00%,0.00%,0.00%,0.00%,0.00%,0.00%,0.00%,0.00%,0.00%,0.00%,0.00%,0.00%,0.00%,0.00%,0.00%,0.00%,0.00%,0.00%,5.00%,0.00%,5.00%,0.00%,0.00%,0.00%,0.00%,0.00%,0.00%,0.00%,0.00%,0.00%,0.00%,10.00%,0.00%,10.00%,0.00%,0.00%,0.00%,30.00%,15.00%,0.00%,0.00%,5.00%,5.00%,0.00%
2025-06-29,0.00%,0.00%,0.00%,0.00%,15.00%,0.00%,0.00%,0.00%,0.00%,0.00%,0.00%,0.00%,0.00%,0.00%,0.00%,0.00%,0.00%,0.00%,0.00%,0.00%,0.00%,0.00%,0.00%,0.00%,0.00%,5.00%,0.00%,5.00%,0.00%,0.00%,0.00%,0.00%,0.00%,0.00%,0.00%,0.00%,0.00%,0.00%,10.00%,0.00%,10.00%,0.00%,0.00%,0.00%,30.00%,15.00%,0.00%,0.00%,5.00%,5.00%,0.00%
2025-06-30,0.00%,0.00%,0.00%,0.00%,15.00%,0.00%,0.00%,0.00%,0.00%,0.00%,0.00%,0.00%,0.00%,0.00%,0.00%,0.00%,0.00%,0.00%,0.00%,0.00%,0.00%,0.00%,0.00%,0.00%,0.00%,5.00%,0.00%,5.00%,0.00%,0.00%,0.00%,0.00%,0.00%,0.00%,0.00%,0.00%,0.00%,0.00%,10.00%,0.00%,10.00%,0.00%,0.00%,0.00%,30.00%,15.00%,0.00%,0.00%,5.00%,5.00%,0.00%
2025-07-01,0.00%,0.00%,0.00%,0.00%,15.00%,0.00%,0.00%,0.00%,0.00%,0.00%,0.00%,0.00%,0.00%,0.00%,0.00%,0.00%,0.00%,0.00%,0.00%,0.00%,0.00%,0.00%,0.00%,0.00%,0.00%,5.00%,0.00%,5.00%,0.00%,0.00%,0.00%,0.00%,0.00%,0.00%,0.00%,0.00%,0.00%,0.00%,10.00%,0.00%,10.00%,0.00%,0.00%,0.00%,30.00%,15.00%,0.00%,0.00%,5.00%,5.00%,0.00%
2025-07-02,0.00%,0.00%,0.00%,0.00%,15.00%,0.00%,0.00%,0.00%,0.00%,0.00%,0.00%,0.00%,0.00%,0.00%,0.00%,0.00%,0.00%,0.00%,0.00%,0.00%,0.00%,0.00%,0.00%,0.00%,0.00%,5.00%,0.00%,5.00%,0.00%,0.00%,0.00%,0.00%,0.00%,0.00%,0.00%,0.00%,0.00%,0.00%,10.00%,0.00%,10.00%,0.00%,0.00%,0.00%,30.00%,15.00%,0.00%,0.00%,5.00%,5.00%,0.00%
2025-07-03,0.00%,0.00%,0.00%,0.00%,15.00%,0.00%,0.00%,0.00%,0.00%,0.00%,0.00%,0.00%,0.00%,0.00%,0.00%,0.00%,0.00%,0.00%,0.00%,0.00%,0.00%,0.00%,0.00%,0.00%,0.00%,5.00%,0.00%,5.00%,0.00%,0.00%,0.00%,0.00%,0.00%,0.00%,0.00%,0.00%,0.00%,0.00%,10.00%,0.00%,10.00%,0.00%,0.00%,0.00%,30.00%,15.00%,0.00%,0.00%,5.00%,5.00%,0.00%
2025-07-04,0.00%,0.00%,0.00%,0.00%,15.00%,0.00%,0.00%,0.00%,0.00%,0.00%,0.00%,0.00%,0.00%,0.00%,0.00%,0.00%,0.00%,0.00%,0.00%,0.00%,0.00%,0.00%,0.00%,0.00%,0.00%,5.00%,0.00%,5.00%,0.00%,0.00%,0.00%,0.00%,0.00%,0.00%,0.00%,0.00%,0.00%,0.00%,10.00%,0.00%,10.00%,0.00%,0.00%,0.00%,30.00%,15.00%,0.00%,0.00%,5.00%,5.00%,0.00%
2025-07-05,0.00%,0.00%,0.00%,0.00%,15.00%,0.00%,0.00%,0.00%,0.00%,0.00%,0.00%,0.00%,0.00%,0.00%,0.00%,0.00%,0.00%,0.00%,0.00%,0.00%,0.00%,0.00%,0.00%,0.00%,0.00%,5.00%,0.00%,5.00%,0.00%,0.00%,0.00%,0.00%,0.00%,0.00%,0.00%,0.00%,0.00%,0.00%,10.00%,0.00%,10.00%,0.00%,0.00%,0.00%,30.00%,15.00%,0.00%,0.00%,5.00%,5.00%,0.00%
2025-07-06,0.00%,0.00%,0.00%,0.00%,15.00%,0.00%,0.00%,0.00%,0.00%,0.00%,0.00%,0.00%,0.00%,0.00%,0.00%,0.00%,0.00%,0.00%,0.00%,0.00%,0.00%,0.00%,0.00%,0.00%,0.00%,5.00%,0.00%,5.00%,0.00%,0.00%,0.00%,0.00%,0.00%,0.00%,0.00%,0.00%,0.00%,0.00%,10.00%,0.00%,10.00%,0.00%,0.00%,0.00%,30.00%,15.00%,0.00%,0.00%,5.00%,5.00%,0.00%
2025-07-07,0.00%,0.00%,0.00%,0.00%,15.00%,0.00%,0.00%,0.00%,0.00%,0.00%,0.00%,0.00%,0.00%,0.00%,0.00%,0.00%,0.00%,0.00%,0.00%,0.00%,0.00%,0.00%,0.00%,0.00%,0.00%,5.00%,0.00%,5.00%,0.00%,0.00%,0.00%,0.00%,0.00%,0.00%,0.00%,0.00%,0.00%,0.00%,10.00%,0.00%,10.00%,0.00%,0.00%,0.00%,30.00%,15.00%,0.00%,0.00%,5.00%,5.00%,0.00%
2025-07-08,0.00%,0.00%,0.00%,0.00%,15.00%,0.00%,0.00%,0.00%,0.00%,0.00%,0.00%,0.00%,0.00%,0.00%,0.00%,0.00%,0.00%,0.00%,0.00%,0.00%,0.00%,0.00%,0.00%,0.00%,0.00%,5.00%,0.00%,5.00%,0.00%,0.00%,0.00%,0.00%,0.00%,0.00%,0.00%,0.00%,0.00%,0.00%,10.00%,0.00%,10.00%,0.00%,0.00%,0.00%,30.00%,15.00%,0.00%,0.00%,5.00%,5.00%,0.00%
2025-07-09,0.00%,0.00%,0.00%,0.00%,15.00%,0.00%,0.00%,0.00%,0.00%,0.00%,0.00%,0.00%,0.00%,0.00%,0.00%,0.00%,0.00%,0.00%,0.00%,0.00%,0.00%,0.00%,0.00%,0.00%,0.00%,5.00%,0.00%,5.00%,0.00%,0.00%,0.00%,0.00%,0.00%,0.00%,0.00%,0.00%,0.00%,0.00%,10.00%,0.00%,10.00%,0.00%,0.00%,0.00%,30.00%,15.00%,0.00%,0.00%,0.00%,10.00%,0.00%
2025-07-10,0.00%,0.00%,0.00%,0.00%,15.00%,0.00%,0.00%,0.00%,0.00%,0.00%,0.00%,0.00%,0.00%,0.00%,0.00%,0.00%,0.00%,0.00%,0.00%,0.00%,0.00%,0.00%,0.00%,0.00%,0.00%,5.00%,0.00%,5.00%,0.00%,0.00%,0.00%,0.00%,0.00%,0.00%,0.00%,0.00%,0.00%,0.00%,10.00%,0.00%,10.00%,0.00%,0.00%,0.00%,30.00%,15.00%,0.00%,0.00%,0.00%,10.00%,0.00%
2025-07-11,0.00%,0.00%,0.00%,0.00%,15.00%,0.00%,0.00%,0.00%,0.00%,0.00%,0.00%,0.00%,0.00%,0.00%,0.00%,0.00%,0.00%,0.00%,0.00%,0.00%,0.00%,0.00%,0.00%,0.00%,0.00%,5.00%,0.00%,5.00%,0.00%,0.00%,0.00%,0.00%,0.00%,0.00%,0.00%,0.00%,0.00%,0.00%,10.00%,0.00%,10.00%,0.00%,0.00%,0.00%,30.00%,15.00%,0.00%,0.00%,0.00%,10.00%,0.00%
2025-07-12,0.00%,0.00%,0.00%,0.00%,15.00%,0.00%,0.00%,0.00%,0.00%,0.00%,0.00%,0.00%,0.00%,0.00%,0.00%,0.00%,0.00%,0.00%,0.00%,0.00%,0.00%,0.00%,0.00%,0.00%,0.00%,5.00%,0.00%,5.00%,0.00%,0.00%,0.00%,0.00%,0.00%,0.00%,0.00%,0.00%,0.00%,0.00%,10.00%,0.00%,10.00%,0.00%,0.00%,0.00%,30.00%,15.00%,0.00%,0.00%,0.00%,10.00%,0.00%
2025-07-13,0.00%,0.00%,0.00%,0.00%,15.00%,0.00%,0.00%,0.00%,0.00%,0.00%,0.00%,0.00%,0.00%,0.00%,0.00%,0.00%,0.00%,0.00%,0.00%,0.00%,0.00%,0.00%,0.00%,0.00%,0.00%,5.00%,0.00%,5.00%,0.00%,0.00%,0.00%,0.00%,0.00%,0.00%,0.00%,0.00%,0.00%,0.00%,10.00%,0.00%,10.00%,0.00%,0.00%,0.00%,30.00%,15.00%,0.00%,0.00%,0.00%,10.00%,0.00%
2025-07-14,0.00%,0.00%,0.00%,0.00%,15.00%,0.00%,0.00%,0.00%,0.00%,0.00%,0.00%,0.00%,0.00%,0.00%,0.00%,0.00%,0.00%,0.00%,0.00%,0.00%,0.00%,0.00%,0.00%,0.00%,0.00%,5.00%,0.00%,5.00%,0.00%,0.00%,0.00%,0.00%,0.00%,0.00%,0.00%,0.00%,0.00%,0.00%,10.00%,0.00%,10.00%,0.00%,0.00%,0.00%,30.00%,15.00%,0.00%,0.00%,0.00%,10.00%,0.00%
2025-07-15,0.00%,0.00%,0.00%,0.00%,15.00%,0.00%,0.00%,0.00%,0.00%,0.00%,0.00%,0.00%,0.00%,0.00%,0.00%,0.00%,0.00%,0.00%,0.00%,0.00%,0.00%,0.00%,0.00%,0.00%,0.00%,5.00%,0.00%,5.00%,0.00%,0.00%,0.00%,0.00%,0.00%,0.00%,0.00%,0.00%,0.00%,0.00%,10.00%,0.00%,10.00%,0.00%,0.00%,0.00%,30.00%,15.00%,0.00%,0.00%,0.00%,10.00%,0.00%
2025-07-16,0.00%,0.00%,0.00%,0.00%,15.00%,0.00%,0.00%,0.00%,0.00%,0.00%,0.00%,0.00%,0.00%,0.00%,0.00%,0.00%,0.00%,0.00%,0.00%,0.00%,0.00%,0.00%,0.00%,0.00%,0.00%,5.00%,0.00%,5.00%,0.00%,0.00%,0.00%,0.00%,0.00%,0.00%,0.00%,0.00%,0.00%,0.00%,10.00%,0.00%,10.00%,0.00%,0.00%,0.00%,30.00%,15.00%,0.00%,0.00%,0.00%,10.00%,0.00%
2025-07-17,0.00%,0.00%,0.00%,0.00%,15.00%,0.00%,0.00%,0.00%,0.00%,0.00%,0.00%,0.00%,0.00%,0.00%,0.00%,0.00%,0.00%,0.00%,0.00%,0.00%,0.00%,0.00%,0.00%,0.00%,0.00%,5.00%,0.00%,5.00%,0.00%,0.00%,0.00%,0.00%,0.00%,0.00%,0.00%,0.00%,0.00%,0.00%,10.00%,0.00%,10.00%,0.00%,0.00%,0.00%,30.00%,15.00%,0.00%,0.00%,0.00%,10.00%,0.00%
2025-07-18,0.00%,0.00%,0.00%,0.00%,15.00%,0.00%,0.00%,0.00%,0.00%,0.00%,0.00%,0.00%,0.00%,0.00%,0.00%,0.00%,0.00%,0.00%,0.00%,0.00%,0.00%,0.00%,0.00%,0.00%,0.00%,5.00%,0.00%,5.00%,0.00%,0.00%,0.00%,0.00%,0.00%,0.00%,0.00%,0.00%,0.00%,0.00%,10.00%,0.00%,10.00%,0.00%,0.00%,0.00%,30.00%,15.00%,0.00%,0.00%,0.00%,10.00%,0.00%
2025-07-19,0.00%,0.00%,0.00%,0.00%,15.00%,0.00%,0.00%,0.00%,0.00%,0.00%,0.00%,0.00%,0.00%,0.00%,0.00%,0.00%,0.00%,0.00%,0.00%,0.00%,0.00%,0.00%,0.00%,0.00%,0.00%,5.00%,0.00%,5.00%,0.00%,0.00%,0.00%,0.00%,0.00%,0.00%,0.00%,0.00%,0.00%,0.00%,10.00%,0.00%,10.00%,0.00%,0.00%,0.00%,30.00%,15.00%,0.00%,0.00%,0.00%,10.00%,0.00%
2025-07-20,0.00%,0.00%,0.00%,0.00%,15.00%,0.00%,0.00%,0.00%,0.00%,0.00%,0.00%,0.00%,0.00%,0.00%,0.00%,0.00%,0.00%,0.00%,0.00%,0.00%,0.00%,0.00%,0.00%,0.00%,0.00%,5.00%,0.00%,5.00%,0.00%,0.00%,0.00%,0.00%,0.00%,0.00%,0.00%,0.00%,0.00%,0.00%,10.00%,0.00%,10.00%,0.00%,0.00%,0.00%,30.00%,15.00%,0.00%,0.00%,0.00%,10.00%,0.00%
2025-07-21,0.00%,0.00%,0.00%,0.00%,15.00%,0.00%,0.00%,0.00%,0.00%,0.00%,0.00%,0.00%,0.00%,0.00%,0.00%,0.00%,0.00%,0.00%,0.00%,0.00%,0.00%,0.00%,0.00%,0.00%,0.00%,5.00%,0.00%,5.00%,0.00%,0.00%,0.00%,0.00%,0.00%,0.00%,0.00%,0.00%,0.00%,0.00%,10.00%,0.00%,10.00%,0.00%,0.00%,0.00%,30.00%,15.00%,0.00%,0.00%,0.00%,10.00%,0.00%
2025-07-22,0.00%,0.00%,0.00%,0.00%,15.00%,0.00%,0.00%,0.00%,0.00%,0.00%,0.00%,0.00%,0.00%,0.00%,0.00%,0.00%,0.00%,0.00%,0.00%,0.00%,0.00%,0.00%,0.00%,0.00%,0.00%,10.00%,0.00%,20.00%,0.00%,0.00%,0.00%,0.00%,0.00%,0.00%,0.00%,0.00%,0.00%,0.00%,5.00%,0.00%,10.00%,5.00%,0.00%,0.00%,10.00%,15.00%,0.00%,0.00%,0.00%,10.00%,0.00%
2025-07-23,0.00%,0.00%,0.00%,0.00%,15.00%,0.00%,0.00%,0.00%,0.00%,0.00%,0.00%,0.00%,0.00%,0.00%,0.00%,0.00%,0.00%,0.00%,0.00%,0.00%,0.00%,0.00%,0.00%,0.00%,0.00%,10.00%,0.00%,20.00%,0.00%,0.00%,0.00%,0.00%,0.00%,0.00%,0.00%,0.00%,0.00%,0.00%,5.00%,0.00%,10.00%,5.00%,0.00%,0.00%,10.00%,15.00%,0.00%,0.00%,0.00%,10.00%,0.00%
2025-07-24,0.00%,0.00%,0.00%,0.00%,15.00%,0.00%,0.00%,0.00%,0.00%,0.00%,0.00%,0.00%,0.00%,0.00%,0.00%,0.00%,0.00%,0.00%,0.00%,0.00%,0.00%,0.00%,0.00%,0.00%,0.00%,10.00%,0.00%,20.00%,0.00%,0.00%,0.00%,0.00%,0.00%,0.00%,0.00%,0.00%,0.00%,0.00%,5.00%,0.00%,10.00%,5.00%,0.00%,0.00%,10.00%,15.00%,0.00%,0.00%,0.00%,10.00%,0.00%
2025-07-25,0.00%,0.00%,0.00%,0.00%,15.00%,0.00%,0.00%,0.00%,0.00%,0.00%,0.00%,0.00%,0.00%,0.00%,0.00%,0.00%,0.00%,0.00%,0.00%,0.00%,0.00%,0.00%,0.00%,0.00%,0.00%,10.00%,0.00%,20.00%,0.00%,0.00%,0.00%,0.00%,0.00%,0.00%,0.00%,0.00%,0.00%,0.00%,5.00%,0.00%,5.00%,5.00%,0.00%,0.00%,15.00%,15.00%,0.00%,0.00%,0.00%,10.00%,0.00%
2025-07-26,0.00%,0.00%,0.00%,0.00%,15.00%,0.00%,0.00%,0.00%,0.00%,0.00%,0.00%,0.00%,0.00%,0.00%,0.00%,0.00%,0.00%,0.00%,0.00%,0.00%,0.00%,0.00%,0.00%,0.00%,0.00%,10.00%,0.00%,20.00%,0.00%,0.00%,0.00%,0.00%,0.00%,0.00%,0.00%,0.00%,0.00%,0.00%,5.00%,0.00%,5.00%,5.00%,0.00%,0.00%,15.00%,15.00%,0.00%,0.00%,0.00%,10.00%,0.00%
2025-07-27,0.00%,0.00%,0.00%,0.00%,15.00%,0.00%,0.00%,0.00%,0.00%,0.00%,0.00%,0.00%,0.00%,0.00%,0.00%,0.00%,0.00%,0.00%,0.00%,0.00%,0.00%,0.00%,0.00%,0.00%,0.00%,10.00%,0.00%,20.00%,0.00%,0.00%,0.00%,0.00%,0.00%,0.00%,0.00%,0.00%,0.00%,0.00%,5.00%,0.00%,5.00%,5.00%,0.00%,0.00%,15.00%,15.00%,0.00%,0.00%,0.00%,10.00%,0.00%
2025-07-28,0.00%,0.00%,0.00%,0.00%,15.00%,0.00%,0.00%,0.00%,0.00%,0.00%,0.00%,0.00%,0.00%,0.00%,0.00%,0.00%,0.00%,0.00%,0.00%,0.00%,0.00%,0.00%,0.00%,0.00%,0.00%,10.00%,0.00%,20.00%,0.00%,0.00%,0.00%,0.00%,0.00%,0.00%,0.00%,0.00%,0.00%,0.00%,5.00%,0.00%,5.00%,5.00%,0.00%,0.00%,15.00%,15.00%,0.00%,0.00%,0.00%,10.00%,0.00%
2025-07-29,0.00%,0.00%,0.00%,0.00%,15.00%,0.00%,0.00%,0.00%,0.00%,0.00%,0.00%,0.00%,0.00%,0.00%,0.00%,0.00%,0.00%,0.00%,0.00%,0.00%,0.00%,0.00%,0.00%,0.00%,0.00%,10.00%,0.00%,20.00%,0.00%,0.00%,0.00%,0.00%,0.00%,0.00%,0.00%,0.00%,0.00%,0.00%,5.00%,0.00%,5.00%,5.00%,0.00%,0.00%,15.00%,15.00%,0.00%,0.00%,0.00%,10.00%,0.00%
2025-07-30,0.00%,0.00%,0.00%,0.00%,15.00%,0.00%,0.00%,0.00%,0.00%,0.00%,0.00%,0.00%,0.00%,0.00%,0.00%,0.00%,0.00%,0.00%,0.00%,0.00%,0.00%,0.00%,0.00%,0.00%,0.00%,10.00%,0.00%,20.00%,0.00%,0.00%,0.00%,0.00%,0.00%,0.00%,0.00%,0.00%,0.00%,0.00%,5.00%,0.00%,5.00%,5.00%,0.00%,0.00%,15.00%,15.00%,0.00%,0.00%,0.00%,10.00%,0.00%
2025-07-31,0.00%,0.00%,0.00%,0.00%,15.00%,0.00%,0.00%,0.00%,0.00%,0.00%,0.00%,0.00%,0.00%,0.00%,0.00%,0.00%,0.00%,0.00%,0.00%,0.00%,0.00%,0.00%,0.00%,0.00%,0.00%,10.00%,0.00%,20.00%,0.00%,0.00%,0.00%,0.00%,0.00%,0.00%,0.00%,0.00%,0.00%,0.00%,5.00%,0.00%,5.00%,5.00%,0.00%,0.00%,15.00%,15.00%,0.00%,0.00%,0.00%,10.00%,0.00%
2025-08-01,0.00%,0.00%,0.00%,0.00%,15.00%,0.00%,0.00%,0.00%,0.00%,0.00%,0.00%,0.00%,0.00%,0.00%,0.00%,0.00%,0.00%,0.00%,0.00%,0.00%,0.00%,0.00%,0.00%,0.00%,0.00%,10.00%,0.00%,20.00%,0.00%,0.00%,0.00%,0.00%,0.00%,0.00%,0.00%,0.00%,0.00%,0.00%,5.00%,0.00%,5.00%,5.00%,0.00%,0.00%,15.00%,15.00%,0.00%,0.00%,0.00%,10.00%,0.00%
2025-08-02,0.00%,0.00%,0.00%,0.00%,15.00%,0.00%,0.00%,0.00%,0.00%,0.00%,0.00%,0.00%,0.00%,0.00%,0.00%,0.00%,0.00%,0.00%,0.00%,0.00%,0.00%,0.00%,0.00%,0.00%,0.00%,10.00%,0.00%,20.00%,0.00%,0.00%,0.00%,0.00%,0.00%,0.00%,0.00%,0.00%,0.00%,0.00%,5.00%,0.00%,5.00%,5.00%,0.00%,0.00%,15.00%,15.00%,0.00%,0.00%,0.00%,10.00%,0.00%
2025-08-03,0.00%,0.00%,0.00%,0.00%,15.00%,0.00%,0.00%,0.00%,0.00%,0.00%,0.00%,0.00%,0.00%,0.00%,0.00%,0.00%,0.00%,0.00%,0.00%,0.00%,0.00%,0.00%,0.00%,0.00%,0.00%,10.00%,0.00%,20.00%,0.00%,0.00%,0.00%,0.00%,0.00%,0.00%,0.00%,0.00%,0.00%,0.00%,5.00%,0.00%,5.00%,5.00%,0.00%,0.00%,15.00%,15.00%,0.00%,0.00%,0.00%,10.00%,0.00%
2025-08-04,0.00%,0.00%,0.00%,0.00%,15.00%,0.00%,0.00%,0.00%,0.00%,0.00%,0.00%,0.00%,0.00%,0.00%,0.00%,0.00%,0.00%,0.00%,0.00%,0.00%,0.00%,0.00%,0.00%,0.00%,0.00%,10.00%,0.00%,20.00%,0.00%,0.00%,0.00%,0.00%,0.00%,0.00%,0.00%,0.00%,0.00%,0.00%,5.00%,0.00%,5.00%,5.00%,0.00%,0.00%,15.00%,15.00%,0.00%,0.00%,0.00%,10.00%,0.00%
2025-08-05,0.00%,0.00%,0.00%,0.00%,15.00%,0.00%,0.00%,0.00%,0.00%,0.00%,0.00%,0.00%,0.00%,0.00%,0.00%,0.00%,0.00%,0.00%,0.00%,0.00%,0.00%,0.00%,0.00%,0.00%,0.00%,10.00%,0.00%,20.00%,0.00%,0.00%,0.00%,0.00%,0.00%,0.00%,0.00%,0.00%,0.00%,0.00%,5.00%,0.00%,5.00%,5.00%,0.00%,0.00%,15.00%,15.00%,0.00%,0.00%,0.00%,10.00%,0.00%
2025-08-06,0.00%,0.00%,0.00%,0.00%,15.00%,0.00%,0.00%,0.00%,0.00%,0.00%,0.00%,0.00%,0.00%,0.00%,0.00%,0.00%,0.00%,0.00%,0.00%,0.00%,0.00%,0.00%,0.00%,0.00%,0.00%,10.00%,0.00%,20.00%,0.00%,0.00%,0.00%,0.00%,0.00%,0.00%,0.00%,0.00%,0.00%,0.00%,5.00%,0.00%,5.00%,5.00%,0.00%,0.00%,15.00%,15.00%,0.00%,0.00%,0.00%,10.00%,0.00%
2025-08-07,0.00%,0.00%,0.00%,0.00%,15.00%,0.00%,0.00%,0.00%,0.00%,0.00%,0.00%,0.00%,0.00%,0.00%,0.00%,0.00%,0.00%,0.00%,0.00%,0.00%,0.00%,0.00%,0.00%,0.00%,0.00%,10.00%,0.00%,20.00%,0.00%,0.00%,0.00%,0.00%,0.00%,0.00%,0.00%,0.00%,0.00%,0.00%,5.00%,0.00%,5.00%,5.00%,0.00%,0.00%,15.00%,15.00%,0.00%,0.00%,0.00%,10.00%,0.00%
2025-08-08,0.00%,0.00%,0.00%,0.00%,15.00%,0.00%,0.00%,0.00%,0.00%,0.00%,0.00%,0.00%,0.00%,0.00%,0.00%,0.00%,0.00%,0.00%,0.00%,0.00%,0.00%,0.00%,0.00%,0.00%,0.00%,10.00%,0.00%,20.00%,0.00%,0.00%,0.00%,0.00%,0.00%,0.00%,0.00%,0.00%,0.00%,0.00%,5.00%,0.00%,5.00%,5.00%,0.00%,0.00%,15.00%,15.00%,0.00%,0.00%,0.00%,10.00%,0.00%
2025-08-09,0.00%,0.00%,0.00%,0.00%,15.00%,0.00%,0.00%,0.00%,0.00%,0.00%,0.00%,0.00%,0.00%,0.00%,0.00%,0.00%,0.00%,0.00%,0.00%,0.00%,0.00%,0.00%,0.00%,0.00%,0.00%,10.00%,0.00%,20.00%,0.00%,0.00%,0.00%,0.00%,0.00%,0.00%,0.00%,0.00%,0.00%,0.00%,5.00%,0.00%,5.00%,5.00%,0.00%,0.00%,15.00%,15.00%,0.00%,0.00%,0.00%,10.00%,0.00%
2025-08-10,0.00%,0.00%,0.00%,0.00%,15.00%,0.00%,0.00%,0.00%,0.00%,0.00%,0.00%,0.00%,0.00%,0.00%,0.00%,0.00%,0.00%,0.00%,0.00%,0.00%,0.00%,0.00%,0.00%,0.00%,0.00%,10.00%,0.00%,20.00%,0.00%,0.00%,0.00%,0.00%,0.00%,0.00%,0.00%,0.00%,0.00%,0.00%,5.00%,0.00%,5.00%,5.00%,0.00%,0.00%,15.00%,15.00%,0.00%,0.00%,0.00%,10.00%,0.00%
2025-08-11,0.00%,0.00%,0.00%,0.00%,15.00%,0.00%,0.00%,0.00%,0.00%,0.00%,0.00%,0.00%,0.00%,0.00%,0.00%,0.00%,0.00%,0.00%,0.00%,0.00%,0.00%,0.00%,0.00%,0.00%,0.00%,10.00%,0.00%,20.00%,0.00%,0.00%,0.00%,0.00%,0.00%,0.00%,0.00%,0.00%,0.00%,0.00%,5.00%,0.00%,5.00%,5.00%,0.00%,0.00%,15.00%,15.00%,0.00%,0.00%,0.00%,10.00%,0.00%
2025-08-12,0.00%,0.00%,0.00%,0.00%,15.00%,0.00%,0.00%,0.00%,0.00%,0.00%,0.00%,0.00%,0.00%,0.00%,0.00%,0.00%,0.00%,0.00%,0.00%,0.00%,0.00%,0.00%,0.00%,0.00%,0.00%,10.00%,0.00%,20.00%,0.00%,0.00%,0.00%,0.00%,0.00%,0.00%,0.00%,0.00%,0.00%,0.00%,5.00%,0.00%,5.00%,5.00%,0.00%,0.00%,15.00%,15.00%,0.00%,0.00%,0.00%,10.00%,0.00%
2025-08-13,0.00%,0.00%,0.00%,0.00%,15.00%,0.00%,0.00%,0.00%,0.00%,0.00%,0.00%,0.00%,0.00%,0.00%,0.00%,0.00%,0.00%,0.00%,0.00%,0.00%,0.00%,0.00%,0.00%,0.00%,0.00%,10.00%,0.00%,20.00%,0.00%,0.00%,0.00%,0.00%,0.00%,0.00%,0.00%,0.00%,0.00%,0.00%,5.00%,0.00%,5.00%,5.00%,0.00%,0.00%,15.00%,15.00%,0.00%,0.00%,0.00%,10.00%,0.00%
2025-08-14,0.00%,0.00%,0.00%,0.00%,15.00%,0.00%,0.00%,0.00%,0.00%,0.00%,0.00%,0.00%,0.00%,0.00%,0.00%,0.00%,0.00%,0.00%,0.00%,0.00%,0.00%,0.00%,0.00%,0.00%,0.00%,10.00%,0.00%,20.00%,0.00%,0.00%,0.00%,0.00%,0.00%,0.00%,0.00%,0.00%,0.00%,0.00%,5.00%,0.00%,5.00%,5.00%,0.00%,0.00%,15.00%,15.00%,0.00%,0.00%,0.00%,10.00%,0.00%
2025-08-15,0.00%,0.00%,0.00%,0.00%,15.00%,0.00%,0.00%,0.00%,0.00%,0.00%,0.00%,0.00%,0.00%,0.00%,0.00%,0.00%,0.00%,0.00%,0.00%,0.00%,0.00%,0.00%,0.00%,0.00%,0.00%,10.00%,0.00%,20.00%,0.00%,0.00%,0.00%,0.00%,0.00%,0.00%,0.00%,0.00%,0.00%,0.00%,5.00%,0.00%,5.00%,5.00%,0.00%,0.00%,15.00%,15.00%,0.00%,0.00%,0.00%,10.00%,0.00%
2025-08-16,0.00%,0.00%,0.00%,0.00%,15.00%,0.00%,0.00%,0.00%,0.00%,0.00%,0.00%,0.00%,0.00%,0.00%,0.00%,0.00%,0.00%,0.00%,0.00%,0.00%,0.00%,0.00%,0.00%,0.00%,0.00%,10.00%,0.00%,20.00%,0.00%,0.00%,0.00%,0.00%,0.00%,0.00%,0.00%,0.00%,0.00%,0.00%,5.00%,0.00%,5.00%,5.00%,0.00%,0.00%,15.00%,15.00%,0.00%,0.00%,0.00%,10.00%,0.00%
2025-08-17,0.00%,0.00%,0.00%,0.00%,15.00%,0.00%,0.00%,0.00%,0.00%,0.00%,0.00%,0.00%,0.00%,0.00%,0.00%,0.00%,0.00%,0.00%,0.00%,0.00%,0.00%,0.00%,0.00%,0.00%,0.00%,10.00%,0.00%,20.00%,0.00%,0.00%,0.00%,0.00%,0.00%,0.00%,0.00%,0.00%,0.00%,0.00%,5.00%,0.00%,5.00%,5.00%,0.00%,0.00%,15.00%,15.00%,0.00%,0.00%,0.00%,10.00%,0.00%
2025-08-18,0.00%,0.00%,0.00%,0.00%,15.00%,0.00%,0.00%,0.00%,0.00%,0.00%,0.00%,0.00%,0.00%,0.00%,0.00%,0.00%,0.00%,0.00%,0.00%,0.00%,0.00%,0.00%,0.00%,0.00%,0.00%,10.00%,0.00%,20.00%,0.00%,0.00%,0.00%,0.00%,0.00%,0.00%,0.00%,0.00%,0.00%,0.00%,5.00%,0.00%,5.00%,5.00%,0.00%,0.00%,15.00%,15.00%,0.00%,0.00%,0.00%,10.00%,0.00%
2025-08-19,0.00%,0.00%,0.00%,0.00%,15.00%,0.00%,0.00%,0.00%,0.00%,0.00%,0.00%,0.00%,0.00%,0.00%,0.00%,0.00%,0.00%,0.00%,0.00%,0.00%,0.00%,0.00%,0.00%,0.00%,0.00%,10.00%,0.00%,20.00%,0.00%,0.00%,0.00%,0.00%,0.00%,0.00%,0.00%,0.00%,0.00%,0.00%,5.00%,0.00%,5.00%,5.00%,0.00%,0.00%,15.00%,15.00%,0.00%,0.00%,0.00%,10.00%,0.00%
2025-08-20,0.00%,0.00%,0.00%,0.00%,15.00%,0.00%,0.00%,0.00%,0.00%,0.00%,0.00%,0.00%,0.00%,0.00%,0.00%,0.00%,0.00%,0.00%,0.00%,0.00%,0.00%,0.00%,0.00%,0.00%,0.00%,10.00%,0.00%,20.00%,0.00%,0.00%,0.00%,0.00%,0.00%,0.00%,0.00%,0.00%,0.00%,0.00%,5.00%,0.00%,5.00%,5.00%,0.00%,0.00%,15.00%,15.00%,0.00%,0.00%,0.00%,10.00%,0.00%
2025-08-21,0.00%,0.00%,0.00%,0.00%,15.00%,0.00%,0.00%,0.00%,0.00%,0.00%,0.00%,0.00%,0.00%,0.00%,0.00%,0.00%,0.00%,0.00%,0.00%,0.00%,0.00%,0.00%,0.00%,0.00%,0.00%,10.00%,0.00%,20.00%,0.00%,0.00%,0.00%,0.00%,0.00%,0.00%,0.00%,0.00%,0.00%,0.00%,5.00%,0.00%,5.00%,5.00%,0.00%,0.00%,15.00%,15.00%,0.00%,0.00%,0.00%,10.00%,0.00%
2025-08-22,0.00%,0.00%,0.00%,0.00%,15.00%,0.00%,0.00%,0.00%,0.00%,0.00%,0.00%,0.00%,0.00%,0.00%,0.00%,0.00%,0.00%,0.00%,0.00%,0.00%,0.00%,0.00%,0.00%,0.00%,0.00%,10.00%,0.00%,20.00%,0.00%,0.00%,0.00%,0.00%,0.00%,0.00%,0.00%,0.00%,0.00%,0.00%,5.00%,0.00%,5.00%,5.00%,0.00%,0.00%,15.00%,15.00%,0.00%,0.00%,0.00%,10.00%,0.00%
2025-08-23,0.00%,0.00%,0.00%,0.00%,15.00%,0.00%,0.00%,0.00%,0.00%,0.00%,0.00%,0.00%,0.00%,0.00%,0.00%,0.00%,0.00%,0.00%,0.00%,0.00%,0.00%,0.00%,0.00%,0.00%,0.00%,10.00%,0.00%,20.00%,0.00%,0.00%,0.00%,0.00%,0.00%,0.00%,0.00%,0.00%,0.00%,0.00%,5.00%,0.00%,5.00%,5.00%,0.00%,0.00%,15.00%,15.00%,0.00%,0.00%,0.00%,10.00%,0.00%
2025-08-24,0.00%,0.00%,0.00%,0.00%,15.00%,0.00%,0.00%,0.00%,0.00%,0.00%,0.00%,0.00%,0.00%,0.00%,0.00%,0.00%,0.00%,0.00%,0.00%,0.00%,0.00%,0.00%,0.00%,0.00%,0.00%,10.00%,0.00%,20.00%,0.00%,0.00%,0.00%,0.00%,0.00%,0.00%,0.00%,0.00%,0.00%,0.00%,5.00%,0.00%,5.00%,5.00%,0.00%,0.00%,15.00%,15.00%,0.00%,0.00%,0.00%,10.00%,0.00%
2025-08-25,0.00%,0.00%,0.00%,0.00%,15.00%,0.00%,0.00%,0.00%,0.00%,0.00%,0.00%,0.00%,0.00%,0.00%,0.00%,0.00%,0.00%,0.00%,0.00%,0.00%,0.00%,0.00%,0.00%,0.00%,0.00%,10.00%,0.00%,20.00%,0.00%,0.00%,0.00%,0.00%,0.00%,0.00%,0.00%,0.00%,0.00%,0.00%,5.00%,0.00%,5.00%,5.00%,0.00%,0.00%,15.00%,15.00%,0.00%,0.00%,0.00%,10.00%,0.00%
2025-08-26,0.00%,0.00%,0.00%,0.00%,15.00%,0.00%,0.00%,0.00%,0.00%,0.00%,0.00%,0.00%,0.00%,0.00%,0.00%,0.00%,0.00%,0.00%,0.00%,0.00%,0.00%,0.00%,0.00%,0.00%,0.00%,10.00%,0.00%,20.00%,0.00%,0.00%,0.00%,0.00%,0.00%,0.00%,0.00%,0.00%,0.00%,0.00%,5.00%,0.00%,5.00%,5.00%,0.00%,0.00%,15.00%,15.00%,0.00%,0.00%,0.00%,10.00%,0.00%
2025-08-27,0.00%,0.00%,0.00%,0.00%,15.00%,0.00%,0.00%,0.00%,0.00%,0.00%,0.00%,0.00%,0.00%,0.00%,0.00%,0.00%,0.00%,0.00%,0.00%,0.00%,0.00%,0.00%,0.00%,0.00%,0.00%,10.00%,0.00%,20.00%,0.00%,0.00%,0.00%,0.00%,0.00%,0.00%,0.00%,0.00%,0.00%,0.00%,5.00%,0.00%,5.00%,5.00%,0.00%,0.00%,15.00%,15.00%,0.00%,0.00%,0.00%,10.00%,0.00%
2025-08-28,0.00%,0.00%,0.00%,0.00%,15.00%,0.00%,0.00%,0.00%,0.00%,0.00%,0.00%,0.00%,0.00%,0.00%,0.00%,0.00%,0.00%,0.00%,0.00%,0.00%,0.00%,0.00%,0.00%,0.00%,0.00%,10.00%,0.00%,20.00%,0.00%,0.00%,0.00%,0.00%,0.00%,0.00%,0.00%,0.00%,0.00%,0.00%,5.00%,0.00%,5.00%,5.00%,0.00%,0.00%,15.00%,15.00%,0.00%,0.00%,0.00%,10.00%,0.00%
2025-08-29,0.00%,0.00%,0.00%,0.00%,15.00%,0.00%,0.00%,0.00%,0.00%,0.00%,0.00%,0.00%,0.00%,0.00%,0.00%,0.00%,0.00%,0.00%,0.00%,0.00%,0.00%,0.00%,0.00%,0.00%,0.00%,10.00%,0.00%,20.00%,0.00%,0.00%,0.00%,0.00%,0.00%,0.00%,0.00%,0.00%,0.00%,0.00%,5.00%,0.00%,5.00%,5.00%,0.00%,0.00%,15.00%,15.00%,0.00%,0.00%,0.00%,10.00%,0.00%
2025-08-30,0.00%,0.00%,0.00%,0.00%,15.00%,0.00%,0.00%,0.00%,0.00%,0.00%,0.00%,0.00%,0.00%,0.00%,0.00%,0.00%,0.00%,0.00%,0.00%,0.00%,0.00%,0.00%,0.00%,0.00%,0.00%,10.00%,0.00%,20.00%,0.00%,0.00%,0.00%,0.00%,0.00%,0.00%,0.00%,0.00%,0.00%,0.00%,5.00%,0.00%,5.00%,5.00%,0.00%,0.00%,15.00%,15.00%,0.00%,0.00%,0.00%,10.00%,0.00%
2025-08-31,0.00%,0.00%,0.00%,0.00%,15.00%,0.00%,0.00%,0.00%,0.00%,0.00%,0.00%,0.00%,0.00%,0.00%,0.00%,0.00%,0.00%,0.00%,0.00%,0.00%,0.00%,0.00%,0.00%,0.00%,0.00%,10.00%,0.00%,20.00%,0.00%,0.00%,0.00%,0.00%,0.00%,0.00%,0.00%,0.00%,0.00%,0.00%,5.00%,0.00%,5.00%,5.00%,0.00%,0.00%,15.00%,15.00%,0.00%,0.00%,0.00%,10.00%,0.00%
2025-09-01,0.00%,0.00%,0.00%,0.00%,15.00%,0.00%,0.00%,0.00%,0.00%,0.00%,0.00%,0.00%,0.00%,0.00%,0.00%,0.00%,0.00%,0.00%,0.00%,0.00%,0.00%,0.00%,0.00%,0.00%,0.00%,10.00%,0.00%,20.00%,0.00%,0.00%,0.00%,0.00%,0.00%,0.00%,0.00%,0.00%,0.00%,0.00%,5.00%,0.00%,5.00%,5.00%,0.00%,0.00%,15.00%,15.00%,0.00%,0.00%,0.00%,10.00%,0.00%
2025-09-02,0.00%,0.00%,0.00%,0.00%,15.00%,0.00%,0.00%,0.00%,0.00%,0.00%,0.00%,0.00%,0.00%,0.00%,0.00%,0.00%,0.00%,0.00%,0.00%,0.00%,0.00%,0.00%,0.00%,0.00%,0.00%,10.00%,0.00%,20.00%,0.00%,0.00%,0.00%,0.00%,0.00%,0.00%,0.00%,0.00%,0.00%,0.00%,5.00%,0.00%,5.00%,5.00%,0.00%,0.00%,15.00%,15.00%,0.00%,0.00%,0.00%,10.00%,0.00%
2025-09-03,0.00%,0.00%,0.00%,0.00%,15.00%,0.00%,0.00%,0.00%,0.00%,0.00%,0.00%,0.00%,0.00%,0.00%,0.00%,0.00%,0.00%,0.00%,0.00%,0.00%,0.00%,0.00%,0.00%,0.00%,0.00%,10.00%,0.00%,20.00%,0.00%,0.00%,0.00%,0.00%,0.00%,0.00%,0.00%,0.00%,0.00%,0.00%,5.00%,0.00%,5.00%,5.00%,0.00%,0.00%,15.00%,15.00%,0.00%,0.00%,0.00%,10.00%,0.00%
2025-09-04,0.00%,0.00%,0.00%,0.00%,15.00%,0.00%,0.00%,0.00%,0.00%,0.00%,0.00%,0.00%,0.00%,0.00%,0.00%,0.00%,0.00%,0.00%,0.00%,0.00%,0.00%,0.00%,0.00%,0.00%,0.00%,10.00%,0.00%,20.00%,0.00%,0.00%,0.00%,0.00%,0.00%,0.00%,0.00%,0.00%,0.00%,0.00%,5.00%,0.00%,5.00%,5.00%,0.00%,0.00%,15.00%,15.00%,0.00%,0.00%,0.00%,10.00%,0.00%
2025-09-05,0.00%,0.00%,0.00%,0.00%,15.00%,0.00%,0.00%,0.00%,0.00%,0.00%,0.00%,0.00%,0.00%,0.00%,0.00%,0.00%,0.00%,0.00%,0.00%,0.00%,0.00%,0.00%,0.00%,0.00%,0.00%,10.00%,0.00%,20.00%,0.00%,0.00%,0.00%,0.00%,0.00%,0.00%,0.00%,0.00%,0.00%,0.00%,5.00%,0.00%,5.00%,5.00%,0.00%,0.00%,15.00%,15.00%,0.00%,0.00%,0.00%,10.00%,0.00%
2025-09-06,0.00%,0.00%,0.00%,0.00%,15.00%,0.00%,0.00%,0.00%,0.00%,0.00%,0.00%,0.00%,0.00%,0.00%,0.00%,0.00%,0.00%,0.00%,0.00%,0.00%,0.00%,0.00%,0.00%,0.00%,0.00%,10.00%,0.00%,20.00%,0.00%,0.00%,0.00%,0.00%,0.00%,0.00%,0.00%,0.00%,0.00%,0.00%,5.00%,0.00%,5.00%,5.00%,0.00%,0.00%,15.00%,15.00%,0.00%,0.00%,0.00%,10.00%,0.00%
2025-09-07,0.00%,0.00%,0.00%,0.00%,15.00%,0.00%,0.00%,0.00%,0.00%,0.00%,0.00%,0.00%,0.00%,0.00%,0.00%,0.00%,0.00%,0.00%,0.00%,0.00%,0.00%,0.00%,0.00%,0.00%,0.00%,10.00%,0.00%,20.00%,0.00%,0.00%,0.00%,0.00%,0.00%,0.00%,0.00%,0.00%,0.00%,0.00%,5.00%,0.00%,5.00%,5.00%,0.00%,0.00%,15.00%,15.00%,0.00%,0.00%,0.00%,10.00%,0.00%
2025-09-08,0.00%,0.00%,0.00%,0.00%,15.00%,0.00%,0.00%,0.00%,0.00%,0.00%,0.00%,0.00%,0.00%,0.00%,0.00%,0.00%,0.00%,0.00%,0.00%,0.00%,0.00%,0.00%,0.00%,0.00%,0.00%,10.00%,0.00%,20.00%,0.00%,0.00%,0.00%,0.00%,0.00%,0.00%,0.00%,0.00%,0.00%,0.00%,5.00%,0.00%,5.00%,5.00%,0.00%,0.00%,15.00%,15.00%,0.00%,0.00%,0.00%,10.00%,0.00%
2025-09-09,0.00%,0.00%,0.00%,0.00%,15.00%,0.00%,0.00%,0.00%,0.00%,0.00%,0.00%,0.00%,0.00%,0.00%,0.00%,0.00%,0.00%,0.00%,0.00%,0.00%,0.00%,0.00%,0.00%,0.00%,0.00%,10.00%,0.00%,20.00%,0.00%,0.00%,0.00%,0.00%,0.00%,0.00%,0.00%,0.00%,0.00%,0.00%,5.00%,0.00%,5.00%,5.00%,0.00%,0.00%,15.00%,15.00%,0.00%,0.00%,0.00%,10.00%,0.00%
2025-09-10,0.00%,0.00%,0.00%,0.00%,15.00%,0.00%,0.00%,0.00%,0.00%,0.00%,0.00%,0.00%,0.00%,0.00%,0.00%,0.00%,0.00%,0.00%,0.00%,0.00%,0.00%,0.00%,0.00%,0.00%,0.00%,10.00%,0.00%,20.00%,0.00%,0.00%,0.00%,0.00%,0.00%,0.00%,0.00%,0.00%,0.00%,0.00%,5.00%,0.00%,5.00%,5.00%,0.00%,0.00%,15.00%,15.00%,0.00%,0.00%,0.00%,10.00%,0.00%
2025-09-11,0.00%,0.00%,0.00%,0.00%,15.00%,0.00%,0.00%,0.00%,0.00%,0.00%,0.00%,0.00%,0.00%,0.00%,0.00%,0.00%,0.00%,0.00%,0.00%,0.00%,0.00%,0.00%,0.00%,0.00%,0.00%,10.00%,0.00%,20.00%,0.00%,0.00%,0.00%,0.00%,0.00%,0.00%,0.00%,0.00%,0.00%,0.00%,5.00%,0.00%,5.00%,5.00%,0.00%,0.00%,15.00%,15.00%,0.00%,0.00%,0.00%,10.00%,0.00%
2025-09-12,0.00%,0.00%,0.00%,0.00%,15.00%,0.00%,0.00%,0.00%,0.00%,0.00%,0.00%,0.00%,0.00%,0.00%,0.00%,0.00%,0.00%,0.00%,0.00%,0.00%,0.00%,0.00%,0.00%,0.00%,0.00%,10.00%,0.00%,20.00%,0.00%,0.00%,0.00%,0.00%,0.00%,0.00%,0.00%,0.00%,0.00%,0.00%,5.00%,0.00%,5.00%,5.00%,0.00%,0.00%,15.00%,15.00%,0.00%,0.00%,0.00%,10.00%,0.00%
2025-09-13,0.00%,0.00%,0.00%,0.00%,15.00%,0.00%,0.00%,0.00%,0.00%,0.00%,0.00%,0.00%,0.00%,0.00%,0.00%,0.00%,0.00%,0.00%,0.00%,0.00%,0.00%,0.00%,0.00%,0.00%,0.00%,10.00%,0.00%,20.00%,0.00%,0.00%,0.00%,0.00%,0.00%,0.00%,0.00%,0.00%,0.00%,0.00%,5.00%,0.00%,5.00%,5.00%,0.00%,0.00%,15.00%,15.00%,0.00%,0.00%,0.00%,10.00%,0.00%
2025-09-14,0.00%,0.00%,0.00%,0.00%,15.00%,0.00%,0.00%,0.00%,0.00%,0.00%,0.00%,0.00%,0.00%,0.00%,0.00%,0.00%,0.00%,0.00%,0.00%,0.00%,0.00%,0.00%,0.00%,0.00%,0.00%,10.00%,0.00%,20.00%,0.00%,0.00%,0.00%,0.00%,0.00%,0.00%,0.00%,0.00%,0.00%,0.00%,5.00%,0.00%,5.00%,5.00%,0.00%,0.00%,15.00%,15.00%,0.00%,0.00%,0.00%,10.00%,0.00%
2025-09-15,0.00%,0.00%,0.00%,0.00%,15.00%,0.00%,0.00%,0.00%,0.00%,0.00%,0.00%,0.00%,0.00%,0.00%,0.00%,0.00%,0.00%,0.00%,0.00%,0.00%,0.00%,0.00%,0.00%,0.00%,0.00%,10.00%,0.00%,20.00%,0.00%,0.00%,0.00%,0.00%,0.00%,0.00%,0.00%,0.00%,0.00%,0.00%,5.00%,0.00%,5.00%,5.00%,0.00%,0.00%,15.00%,15.00%,0.00%,0.00%,0.00%,10.00%,0.00%
2025-09-16,0.00%,0.00%,0.00%,0.00%,15.00%,0.00%,0.00%,0.00%,0.00%,0.00%,0.00%,0.00%,0.00%,0.00%,0.00%,0.00%,0.00%,0.00%,0.00%,0.00%,0.00%,0.00%,0.00%,0.00%,0.00%,10.00%,0.00%,20.00%,0.00%,0.00%,0.00%,0.00%,0.00%,0.00%,0.00%,0.00%,0.00%,0.00%,5.00%,0.00%,5.00%,5.00%,0.00%,0.00%,15.00%,15.00%,0.00%,0.00%,0.00%,10.00%,0.00%
2025-09-17,0.00%,0.00%,0.00%,0.00%,15.00%,0.00%,0.00%,0.00%,0.00%,0.00%,0.00%,0.00%,0.00%,0.00%,0.00%,0.00%,0.00%,0.00%,0.00%,0.00%,0.00%,0.00%,0.00%,0.00%,0.00%,10.00%,0.00%,20.00%,0.00%,0.00%,0.00%,0.00%,0.00%,0.00%,0.00%,0.00%,0.00%,0.00%,5.00%,0.00%,5.00%,5.00%,0.00%,0.00%,15.00%,15.00%,0.00%,0.00%,0.00%,10.00%,0.00%
2025-09-18,0.00%,0.00%,0.00%,0.00%,15.00%,0.00%,0.00%,0.00%,0.00%,0.00%,0.00%,0.00%,0.00%,0.00%,0.00%,0.00%,0.00%,0.00%,0.00%,0.00%,0.00%,0.00%,0.00%,0.00%,0.00%,10.00%,0.00%,20.00%,0.00%,0.00%,0.00%,0.00%,0.00%,0.00%,0.00%,0.00%,0.00%,0.00%,5.00%,0.00%,5.00%,5.00%,0.00%,0.00%,15.00%,15.00%,0.00%,0.00%,0.00%,10.00%,0.00%
2025-09-19,0.00%,0.00%,0.00%,0.00%,5.00%,0.00%,0.00%,0.00%,0.00%,0.00%,0.00%,0.00%,0.00%,0.00%,0.00%,0.00%,0.00%,0.00%,0.00%,0.00%,0.00%,0.00%,0.00%,0.00%,0.00%,10.00%,0.00%,20.00%,0.00%,0.00%,0.00%,0.00%,0.00%,0.00%,0.00%,0.00%,0.00%,0.00%,5.00%,10.00%,5.00%,5.00%,0.00%,0.00%,15.00%,15.00%,0.00%,0.00%,0.00%,10.00%,0.00%
2025-09-20,0.00%,0.00%,0.00%,0.00%,5.00%,0.00%,0.00%,0.00%,0.00%,0.00%,0.00%,0.00%,0.00%,0.00%,0.00%,0.00%,0.00%,0.00%,0.00%,0.00%,0.00%,0.00%,0.00%,0.00%,0.00%,10.00%,0.00%,20.00%,0.00%,0.00%,0.00%,0.00%,0.00%,0.00%,0.00%,0.00%,0.00%,0.00%,5.00%,10.00%,5.00%,5.00%,0.00%,0.00%,15.00%,15.00%,0.00%,0.00%,0.00%,10.00%,0.00%
2025-09-21,0.00%,0.00%,0.00%,0.00%,5.00%,0.00%,0.00%,0.00%,0.00%,0.00%,0.00%,0.00%,0.00%,0.00%,0.00%,0.00%,0.00%,0.00%,0.00%,0.00%,0.00%,0.00%,0.00%,0.00%,0.00%,10.00%,0.00%,20.00%,0.00%,0.00%,0.00%,0.00%,0.00%,0.00%,0.00%,0.00%,0.00%,0.00%,5.00%,10.00%,5.00%,5.00%,0.00%,0.00%,15.00%,15.00%,0.00%,0.00%,0.00%,10.00%,0.00%
2025-09-22,0.00%,0.00%,0.00%,0.00%,5.00%,0.00%,0.00%,0.00%,0.00%,0.00%,0.00%,0.00%,0.00%,0.00%,0.00%,0.00%,0.00%,0.00%,0.00%,0.00%,0.00%,0.00%,0.00%,0.00%,0.00%,10.00%,0.00%,20.00%,0.00%,0.00%,0.00%,0.00%,0.00%,0.00%,0.00%,0.00%,0.00%,0.00%,5.00%,10.00%,5.00%,5.00%,0.00%,0.00%,15.00%,15.00%,0.00%,0.00%,0.00%,10.00%,0.00%
2025-09-23,0.00%,0.00%,0.00%,0.00%,5.00%,0.00%,0.00%,0.00%,0.00%,0.00%,0.00%,0.00%,0.00%,0.00%,0.00%,0.00%,0.00%,0.00%,0.00%,0.00%,0.00%,0.00%,0.00%,0.00%,0.00%,10.00%,0.00%,20.00%,0.00%,0.00%,0.00%,0.00%,0.00%,0.00%,0.00%,0.00%,0.00%,0.00%,5.00%,10.00%,5.00%,5.00%,0.00%,0.00%,15.00%,15.00%,0.00%,0.00%,0.00%,10.00%,0.00%
2025-09-24,0.00%,0.00%,0.00%,0.00%,5.00%,0.00%,0.00%,0.00%,0.00%,0.00%,0.00%,0.00%,0.00%,0.00%,0.00%,0.00%,0.00%,0.00%,0.00%,0.00%,0.00%,0.00%,0.00%,0.00%,0.00%,10.00%,0.00%,20.00%,0.00%,0.00%,0.00%,0.00%,0.00%,0.00%,0.00%,0.00%,0.00%,0.00%,5.00%,10.00%,5.00%,5.00%,0.00%,0.00%,15.00%,15.00%,0.00%,0.00%,0.00%,10.00%,0.00%
2025-09-25,0.00%,0.00%,0.00%,0.00%,5.00%,0.00%,0.00%,0.00%,0.00%,0.00%,0.00%,0.00%,0.00%,0.00%,0.00%,0.00%,0.00%,0.00%,0.00%,0.00%,0.00%,0.00%,0.00%,0.00%,0.00%,10.00%,0.00%,20.00%,0.00%,0.00%,0.00%,0.00%,0.00%,0.00%,0.00%,0.00%,0.00%,0.00%,5.00%,10.00%,5.00%,5.00%,0.00%,0.00%,15.00%,15.00%,0.00%,0.00%,0.00%,10.00%,0.00%
2025-09-26,0.00%,0.00%,0.00%,0.00%,5.00%,0.00%,0.00%,0.00%,0.00%,0.00%,0.00%,0.00%,0.00%,0.00%,0.00%,0.00%,0.00%,0.00%,0.00%,0.00%,0.00%,0.00%,0.00%,0.00%,0.00%,10.00%,0.00%,20.00%,0.00%,0.00%,0.00%,0.00%,0.00%,0.00%,0.00%,0.00%,0.00%,0.00%,5.00%,10.00%,5.00%,5.00%,0.00%,0.00%,15.00%,15.00%,0.00%,0.00%,0.00%,10.00%,0.00%
2025-09-27,0.00%,0.00%,0.00%,0.00%,5.00%,0.00%,0.00%,0.00%,0.00%,0.00%,0.00%,0.00%,0.00%,0.00%,0.00%,0.00%,0.00%,0.00%,0.00%,0.00%,0.00%,0.00%,0.00%,0.00%,0.00%,10.00%,0.00%,20.00%,0.00%,0.00%,0.00%,0.00%,0.00%,0.00%,0.00%,0.00%,0.00%,0.00%,5.00%,10.00%,5.00%,5.00%,0.00%,0.00%,15.00%,15.00%,0.00%,0.00%,0.00%,10.00%,0.00%
2025-09-28,0.00%,0.00%,0.00%,0.00%,5.00%,0.00%,0.00%,0.00%,0.00%,0.00%,0.00%,0.00%,0.00%,0.00%,0.00%,0.00%,0.00%,0.00%,0.00%,0.00%,0.00%,0.00%,0.00%,0.00%,0.00%,10.00%,0.00%,20.00%,0.00%,0.00%,0.00%,0.00%,0.00%,0.00%,0.00%,0.00%,0.00%,0.00%,5.00%,10.00%,5.00%,5.00%,0.00%,0.00%,15.00%,15.00%,0.00%,0.00%,0.00%,10.00%,0.00%
2025-09-29,0.00%,0.00%,0.00%,0.00%,5.00%,0.00%,0.00%,0.00%,0.00%,0.00%,0.00%,0.00%,0.00%,0.00%,0.00%,0.00%,0.00%,0.00%,0.00%,0.00%,0.00%,0.00%,0.00%,0.00%,0.00%,10.00%,0.00%,20.00%,0.00%,0.00%,0.00%,0.00%,0.00%,0.00%,0.00%,0.00%,0.00%,0.00%,5.00%,10.00%,5.00%,5.00%,0.00%,0.00%,15.00%,15.00%,0.00%,0.00%,0.00%,10.00%,0.00%
2025-09-30,0.00%,0.00%,0.00%,0.00%,5.00%,0.00%,0.00%,0.00%,0.00%,0.00%,0.00%,0.00%,0.00%,0.00%,0.00%,0.00%,0.00%,0.00%,0.00%,0.00%,0.00%,0.00%,0.00%,0.00%,0.00%,10.00%,0.00%,20.00%,0.00%,0.00%,0.00%,0.00%,0.00%,0.00%,0.00%,0.00%,0.00%,0.00%,5.00%,10.00%,5.00%,5.00%,0.00%,0.00%,15.00%,15.00%,0.00%,0.00%,0.00%,10.00%,0.00%
2025-10-01,0.00%,0.00%,0.00%,0.00%,5.00%,0.00%,0.00%,0.00%,0.00%,0.00%,0.00%,0.00%,0.00%,0.00%,0.00%,0.00%,0.00%,0.00%,0.00%,0.00%,0.00%,0.00%,0.00%,0.00%,0.00%,10.00%,0.00%,20.00%,0.00%,0.00%,0.00%,0.00%,0.00%,0.00%,0.00%,0.00%,0.00%,0.00%,5.00%,10.00%,5.00%,5.00%,0.00%,0.00%,15.00%,15.00%,0.00%,0.00%,0.00%,10.00%,0.00%
2025-10-02,0.00%,0.00%,0.00%,0.00%,5.00%,0.00%,0.00%,0.00%,0.00%,0.00%,0.00%,0.00%,0.00%,0.00%,0.00%,0.00%,0.00%,0.00%,0.00%,0.00%,0.00%,0.00%,0.00%,0.00%,0.00%,10.00%,0.00%,20.00%,0.00%,0.00%,0.00%,0.00%,0.00%,0.00%,0.00%,0.00%,0.00%,0.00%,5.00%,10.00%,5.00%,5.00%,0.00%,0.00%,15.00%,15.00%,0.00%,0.00%,0.00%,10.00%,0.00%
2025-10-03,0.00%,0.00%,0.00%,0.00%,5.00%,0.00%,0.00%,0.00%,0.00%,0.00%,0.00%,0.00%,0.00%,0.00%,0.00%,0.00%,0.00%,0.00%,0.00%,0.00%,0.00%,0.00%,0.00%,0.00%,0.00%,10.00%,0.00%,20.00%,0.00%,0.00%,0.00%,0.00%,0.00%,0.00%,0.00%,0.00%,0.00%,0.00%,5.00%,10.00%,5.00%,5.00%,0.00%,0.00%,15.00%,15.00%,0.00%,0.00%,0.00%,10.00%,0.00%
2025-10-04,0.00%,0.00%,0.00%,0.00%,5.00%,0.00%,0.00%,0.00%,0.00%,0.00%,0.00%,0.00%,0.00%,0.00%,0.00%,0.00%,0.00%,0.00%,0.00%,0.00%,0.00%,0.00%,0.00%,0.00%,0.00%,10.00%,0.00%,20.00%,0.00%,0.00%,0.00%,0.00%,0.00%,0.00%,0.00%,0.00%,0.00%,0.00%,5.00%,10.00%,5.00%,5.00%,0.00%,0.00%,15.00%,15.00%,0.00%,0.00%,0.00%,10.00%,0.00%
2025-10-05,0.00%,0.00%,0.00%,0.00%,5.00%,0.00%,0.00%,0.00%,0.00%,0.00%,0.00%,0.00%,0.00%,0.00%,0.00%,0.00%,0.00%,0.00%,0.00%,0.00%,0.00%,0.00%,0.00%,0.00%,0.00%,10.00%,0.00%,20.00%,0.00%,0.00%,0.00%,0.00%,0.00%,0.00%,0.00%,0.00%,0.00%,0.00%,5.00%,10.00%,5.00%,5.00%,0.00%,0.00%,15.00%,15.00%,0.00%,0.00%,0.00%,10.00%,0.00%
2025-10-06,0.00%,0.00%,0.00%,0.00%,5.00%,0.00%,0.00%,0.00%,0.00%,0.00%,0.00%,0.00%,0.00%,0.00%,0.00%,0.00%,0.00%,0.00%,0.00%,0.00%,0.00%,0.00%,0.00%,0.00%,0.00%,10.00%,0.00%,20.00%,0.00%,0.00%,0.00%,0.00%,0.00%,0.00%,0.00%,0.00%,0.00%,0.00%,5.00%,10.00%,5.00%,5.00%,0.00%,0.00%,15.00%,15.00%,0.00%,0.00%,0.00%,10.00%,0.00%
2025-10-07,0.00%,0.00%,0.00%,0.00%,5.00%,0.00%,0.00%,0.00%,0.00%,0.00%,0.00%,0.00%,0.00%,0.00%,0.00%,0.00%,0.00%,0.00%,0.00%,0.00%,0.00%,0.00%,0.00%,0.00%,0.00%,10.00%,0.00%,20.00%,0.00%,0.00%,0.00%,0.00%,0.00%,0.00%,0.00%,0.00%,0.00%,0.00%,5.00%,10.00%,5.00%,5.00%,0.00%,0.00%,15.00%,15.00%,0.00%,0.00%,0.00%,10.00%,0.00%
2025-10-08,0.00%,0.00%,0.00%,0.00%,5.00%,0.00%,0.00%,0.00%,0.00%,0.00%,0.00%,0.00%,0.00%,0.00%,0.00%,0.00%,0.00%,0.00%,0.00%,0.00%,0.00%,0.00%,0.00%,0.00%,0.00%,10.00%,0.00%,20.00%,0.00%,0.00%,0.00%,0.00%,0.00%,0.00%,0.00%,0.00%,0.00%,0.00%,5.00%,10.00%,5.00%,5.00%,0.00%,0.00%,15.00%,15.00%,0.00%,0.00%,0.00%,10.00%,0.00%
2025-10-09,0.00%,0.00%,0.00%,0.00%,5.00%,0.00%,0.00%,0.00%,0.00%,0.00%,0.00%,0.00%,0.00%,0.00%,0.00%,0.00%,0.00%,0.00%,0.00%,0.00%,0.00%,0.00%,0.00%,0.00%,0.00%,10.00%,0.00%,20.00%,0.00%,0.00%,0.00%,0.00%,0.00%,0.00%,0.00%,0.00%,0.00%,0.00%,5.00%,10.00%,5.00%,5.00%,0.00%,0.00%,15.00%,15.00%,0.00%,0.00%,0.00%,10.00%,0.00%
2025-10-10,0.00%,0.00%,0.00%,0.00%,5.00%,0.00%,0.00%,0.00%,0.00%,0.00%,0.00%,0.00%,0.00%,0.00%,0.00%,0.00%,0.00%,0.00%,0.00%,0.00%,0.00%,0.00%,0.00%,0.00%,0.00%,10.00%,0.00%,20.00%,0.00%,0.00%,0.00%,0.00%,0.00%,0.00%,0.00%,0.00%,0.00%,0.00%,5.00%,10.00%,5.00%,5.00%,0.00%,0.00%,15.00%,15.00%,0.00%,0.00%,0.00%,10.00%,0.00%
2025-10-11,0.00%,0.00%,0.00%,0.00%,5.00%,0.00%,0.00%,0.00%,0.00%,0.00%,0.00%,0.00%,0.00%,0.00%,0.00%,0.00%,0.00%,0.00%,0.00%,0.00%,0.00%,0.00%,0.00%,0.00%,0.00%,10.00%,0.00%,20.00%,0.00%,0.00%,0.00%,0.00%,0.00%,0.00%,0.00%,0.00%,0.00%,0.00%,5.00%,10.00%,5.00%,5.00%,0.00%,0.00%,15.00%,15.00%,0.00%,0.00%,0.00%,10.00%,0.00%
2025-10-12,0.00%,0.00%,0.00%,0.00%,5.00%,0.00%,0.00%,0.00%,0.00%,0.00%,0.00%,0.00%,0.00%,0.00%,0.00%,0.00%,0.00%,0.00%,0.00%,0.00%,0.00%,0.00%,0.00%,0.00%,0.00%,10.00%,0.00%,20.00%,0.00%,0.00%,0.00%,0.00%,0.00%,0.00%,0.00%,0.00%,0.00%,0.00%,5.00%,10.00%,5.00%,5.00%,0.00%,0.00%,15.00%,15.00%,0.00%,0.00%,0.00%,10.00%,0.00%
2025-10-13,0.00%,0.00%,0.00%,0.00%,5.00%,0.00%,0.00%,0.00%,0.00%,0.00%,0.00%,0.00%,0.00%,0.00%,0.00%,0.00%,0.00%,0.00%,0.00%,0.00%,0.00%,0.00%,0.00%,0.00%,0.00%,10.00%,0.00%,20.00%,0.00%,0.00%,0.00%,0.00%,0.00%,0.00%,0.00%,0.00%,0.00%,0.00%,5.00%,10.00%,5.00%,5.00%,0.00%,0.00%,15.00%,15.00%,0.00%,0.00%,0.00%,10.00%,0.00%
2025-10-14,0.00%,0.00%,0.00%,0.00%,5.00%,0.00%,0.00%,0.00%,0.00%,0.00%,0.00%,0.00%,0.00%,0.00%,0.00%,0.00%,0.00%,0.00%,0.00%,0.00%,0.00%,0.00%,0.00%,0.00%,0.00%,10.00%,0.00%,20.00%,0.00%,0.00%,0.00%,0.00%,0.00%,0.00%,0.00%,0.00%,0.00%,0.00%,5.00%,10.00%,5.00%,5.00%,0.00%,0.00%,15.00%,15.00%,0.00%,0.00%,0.00%,10.00%,0.00%
2025-10-15,0.00%,0.00%,0.00%,0.00%,5.00%,0.00%,0.00%,0.00%,0.00%,0.00%,0.00%,0.00%,0.00%,0.00%,0.00%,0.00%,0.00%,0.00%,0.00%,0.00%,0.00%,0.00%,0.00%,0.00%,0.00%,10.00%,0.00%,20.00%,0.00%,0.00%,0.00%,0.00%,0.00%,0.00%,0.00%,0.00%,0.00%,0.00%,5.00%,10.00%,5.00%,5.00%,0.00%,0.00%,15.00%,15.00%,0.00%,0.00%,0.00%,10.00%,0.00%
2025-10-16,0.00%,0.00%,0.00%,0.00%,5.00%,0.00%,0.00%,0.00%,0.00%,0.00%,0.00%,0.00%,0.00%,0.00%,0.00%,0.00%,0.00%,0.00%,0.00%,0.00%,0.00%,0.00%,0.00%,0.00%,0.00%,10.00%,0.00%,20.00%,0.00%,0.00%,0.00%,0.00%,0.00%,0.00%,0.00%,0.00%,0.00%,0.00%,5.00%,10.00%,5.00%,5.00%,0.00%,0.00%,15.00%,15.00%,0.00%,0.00%,0.00%,10.00%,0.00%
2025-10-17,0.00%,0.00%,0.00%,0.00%,5.00%,0.00%,0.00%,0.00%,0.00%,0.00%,0.00%,0.00%,0.00%,0.00%,0.00%,0.00%,0.00%,0.00%,0.00%,0.00%,0.00%,0.00%,0.00%,0.00%,0.00%,10.00%,0.00%,20.00%,0.00%,0.00%,0.00%,0.00%,0.00%,0.00%,0.00%,0.00%,0.00%,0.00%,5.00%,10.00%,5.00%,5.00%,0.00%,0.00%,15.00%,15.00%,0.00%,0.00%,0.00%,10.00%,0.00%
2025-10-18,0.00%,0.00%,0.00%,0.00%,5.00%,0.00%,0.00%,0.00%,0.00%,0.00%,0.00%,0.00%,0.00%,0.00%,0.00%,0.00%,0.00%,0.00%,0.00%,0.00%,0.00%,0.00%,0.00%,0.00%,0.00%,10.00%,0.00%,20.00%,0.00%,0.00%,0.00%,0.00%,0.00%,0.00%,0.00%,0.00%,0.00%,0.00%,5.00%,10.00%,5.00%,5.00%,0.00%,0.00%,15.00%,15.00%,0.00%,0.00%,0.00%,10.00%,0.00%
2025-10-19,0.00%,0.00%,0.00%,0.00%,5.00%,0.00%,0.00%,0.00%,0.00%,0.00%,0.00%,0.00%,0.00%,0.00%,0.00%,0.00%,0.00%,0.00%,0.00%,0.00%,0.00%,0.00%,0.00%,0.00%,0.00%,10.00%,0.00%,20.00%,0.00%,0.00%,0.00%,0.00%,0.00%,0.00%,0.00%,0.00%,0.00%,0.00%,5.00%,10.00%,5.00%,5.00%,0.00%,0.00%,15.00%,15.00%,0.00%,0.00%,0.00%,10.00%,0.00%
2025-10-20,0.00%,0.00%,0.00%,0.00%,5.00%,0.00%,0.00%,0.00%,0.00%,0.00%,0.00%,0.00%,0.00%,0.00%,0.00%,0.00%,0.00%,0.00%,0.00%,0.00%,0.00%,0.00%,0.00%,0.00%,0.00%,10.00%,0.00%,20.00%,0.00%,0.00%,0.00%,0.00%,0.00%,0.00%,0.00%,0.00%,0.00%,0.00%,5.00%,10.00%,5.00%,5.00%,0.00%,0.00%,15.00%,15.00%,0.00%,0.00%,0.00%,10.00%,0.00%
2025-10-21,0.00%,0.00%,0.00%,0.00%,5.00%,0.00%,0.00%,0.00%,0.00%,0.00%,0.00%,0.00%,0.00%,0.00%,0.00%,0.00%,0.00%,0.00%,0.00%,0.00%,0.00%,0.00%,0.00%,0.00%,0.00%,10.00%,0.00%,20.00%,0.00%,0.00%,0.00%,0.00%,0.00%,0.00%,0.00%,0.00%,0.00%,0.00%,5.00%,10.00%,5.00%,5.00%,0.00%,0.00%,15.00%,15.00%,0.00%,0.00%,0.00%,10.00%,0.00%
2025-10-22,0.00%,0.00%,0.00%,0.00%,5.00%,0.00%,0.00%,0.00%,0.00%,0.00%,0.00%,0.00%,0.00%,0.00%,0.00%,0.00%,0.00%,0.00%,0.00%,0.00%,0.00%,0.00%,0.00%,0.00%,0.00%,10.00%,0.00%,20.00%,0.00%,0.00%,0.00%,0.00%,0.00%,0.00%,0.00%,0.00%,0.00%,0.00%,5.00%,10.00%,5.00%,5.00%,0.00%,0.00%,15.00%,15.00%,0.00%,0.00%,0.00%,10.00%,0.00%
2025-10-23,0.00%,0.00%,0.00%,0.00%,5.00%,0.00%,0.00%,0.00%,0.00%,0.00%,0.00%,0.00%,0.00%,0.00%,0.00%,0.00%,0.00%,0.00%,0.00%,0.00%,0.00%,0.00%,0.00%,0.00%,0.00%,10.00%,0.00%,20.00%,0.00%,0.00%,0.00%,0.00%,0.00%,0.00%,0.00%,0.00%,0.00%,0.00%,5.00%,10.00%,5.00%,5.00%,0.00%,0.00%,15.00%,15.00%,0.00%,0.00%,0.00%,10.00%,0.00%
2025-10-24,0.00%,0.00%,0.00%,0.00%,5.00%,0.00%,0.00%,0.00%,0.00%,0.00%,0.00%,0.00%,0.00%,0.00%,0.00%,0.00%,0.00%,0.00%,0.00%,0.00%,0.00%,0.00%,0.00%,0.00%,0.00%,10.00%,0.00%,20.00%,0.00%,0.00%,0.00%,0.00%,0.00%,0.00%,0.00%,0.00%,0.00%,0.00%,5.00%,10.00%,5.00%,5.00%,0.00%,0.00%,15.00%,15.00%,0.00%,0.00%,0.00%,10.00%,0.00%
2025-10-25,0.00%,0.00%,0.00%,0.00%,5.00%,0.00%,0.00%,0.00%,0.00%,0.00%,0.00%,0.00%,0.00%,0.00%,0.00%,0.00%,0.00%,0.00%,0.00%,0.00%,0.00%,0.00%,0.00%,0.00%,0.00%,10.00%,0.00%,20.00%,0.00%,0.00%,0.00%,0.00%,0.00%,0.00%,0.00%,0.00%,0.00%,0.00%,5.00%,10.00%,5.00%,5.00%,0.00%,0.00%,15.00%,15.00%,0.00%,0.00%,0.00%,10.00%,0.00%
2025-10-26,0.00%,0.00%,0.00%,0.00%,5.00%,0.00%,0.00%,0.00%,0.00%,0.00%,0.00%,0.00%,0.00%,0.00%,0.00%,0.00%,0.00%,0.00%,0.00%,0.00%,0.00%,0.00%,0.00%,0.00%,0.00%,10.00%,0.00%,20.00%,0.00%,0.00%,0.00%,0.00%,0.00%,0.00%,0.00%,0.00%,0.00%,0.00%,5.00%,10.00%,5.00%,5.00%,0.00%,0.00%,15.00%,15.00%,0.00%,0.00%,0.00%,10.00%,0.00%
2025-10-27,0.00%,0.00%,0.00%,0.00%,5.00%,0.00%,0.00%,0.00%,0.00%,0.00%,0.00%,0.00%,0.00%,0.00%,0.00%,0.00%,0.00%,0.00%,0.00%,0.00%,0.00%,0.00%,0.00%,0.00%,0.00%,10.00%,0.00%,20.00%,0.00%,0.00%,0.00%,0.00%,0.00%,0.00%,0.00%,0.00%,0.00%,0.00%,5.00%,10.00%,5.00%,5.00%,0.00%,0.00%,15.00%,15.00%,0.00%,0.00%,0.00%,10.00%,0.00%
2025-10-28,0.00%,0.00%,0.00%,0.00%,5.00%,0.00%,0.00%,0.00%,0.00%,0.00%,0.00%,0.00%,0.00%,0.00%,0.00%,0.00%,0.00%,0.00%,0.00%,0.00%,0.00%,0.00%,0.00%,0.00%,0.00%,10.00%,0.00%,20.00%,0.00%,0.00%,0.00%,0.00%,0.00%,0.00%,0.00%,0.00%,0.00%,0.00%,5.00%,10.00%,5.00%,5.00%,0.00%,0.00%,15.00%,15.00%,0.00%,0.00%,0.00%,10.00%,0.00%
2025-10-29,0.00%,0.00%,0.00%,0.00%,5.00%,0.00%,0.00%,0.00%,0.00%,0.00%,0.00%,0.00%,0.00%,0.00%,0.00%,0.00%,0.00%,0.00%,0.00%,0.00%,0.00%,0.00%,0.00%,0.00%,0.00%,10.00%,0.00%,20.00%,0.00%,0.00%,0.00%,0.00%,0.00%,0.00%,0.00%,0.00%,0.00%,0.00%,5.00%,10.00%,5.00%,5.00%,0.00%,0.00%,15.00%,15.00%,0.00%,0.00%,0.00%,10.00%,0.00%
2025-10-30,0.00%,0.00%,0.00%,0.00%,5.00%,0.00%,0.00%,0.00%,0.00%,0.00%,0.00%,0.00%,0.00%,0.00%,0.00%,0.00%,0.00%,0.00%,0.00%,0.00%,0.00%,0.00%,0.00%,0.00%,0.00%,10.00%,0.00%,20.00%,0.00%,0.00%,0.00%,0.00%,0.00%,0.00%,0.00%,0.00%,0.00%,0.00%,5.00%,10.00%,5.00%,5.00%,0.00%,0.00%,15.00%,15.00%,0.00%,0.00%,0.00%,10.00%,0.00%
2025-10-31,0.00%,0.00%,0.00%,0.00%,5.00%,0.00%,0.00%,0.00%,0.00%,0.00%,0.00%,0.00%,0.00%,0.00%,0.00%,0.00%,0.00%,0.00%,0.00%,0.00%,0.00%,0.00%,0.00%,0.00%,0.00%,10.00%,0.00%,20.00%,0.00%,0.00%,0.00%,0.00%,0.00%,0.00%,0.00%,0.00%,0.00%,0.00%,5.00%,10.00%,5.00%,5.00%,0.00%,0.00%,15.00%,15.00%,0.00%,0.00%,0.00%,10.00%,0.00%
2025-11-01,0.00%,0.00%,0.00%,0.00%,5.00%,0.00%,0.00%,0.00%,0.00%,0.00%,0.00%,0.00%,0.00%,0.00%,0.00%,0.00%,0.00%,0.00%,0.00%,0.00%,0.00%,0.00%,0.00%,0.00%,0.00%,10.00%,0.00%,20.00%,0.00%,0.00%,0.00%,0.00%,0.00%,0.00%,0.00%,0.00%,0.00%,0.00%,5.00%,10.00%,5.00%,5.00%,0.00%,0.00%,15.00%,15.00%,0.00%,0.00%,0.00%,10.00%,0.00%
2025-11-02,0.00%,0.00%,0.00%,0.00%,5.00%,0.00%,0.00%,0.00%,0.00%,0.00%,0.00%,0.00%,0.00%,0.00%,0.00%,0.00%,0.00%,0.00%,0.00%,0.00%,0.00%,0.00%,0.00%,0.00%,0.00%,10.00%,0.00%,20.00%,0.00%,0.00%,0.00%,0.00%,0.00%,0.00%,0.00%,0.00%,0.00%,0.00%,5.00%,10.00%,5.00%,5.00%,0.00%,0.00%,15.00%,15.00%,0.00%,0.00%,0.00%,10.00%,0.00%
2025-11-03,20.00%,0.00%,0.00%,0.00%,5.00%,0.00%,0.00%,0.00%,0.00%,0.00%,0.00%,0.00%,0.00%,0.00%,0.00%,0.00%,0.00%,0.00%,0.00%,0.00%,0.00%,0.00%,0.00%,0.00%,0.00%,5.00%,0.00%,20.00%,0.00%,0.00%,0.00%,0.00%,0.00%,0.00%,0.00%,0.00%,0.00%,0.00%,5.00%,10.00%,5.00%,5.00%,0.00%,0.00%,10.00%,10.00%,0.00%,0.00%,0.00%,5.00%,0.00%
2025-11-04,20.00%,0.00%,0.00%,0.00%,5.00%,0.00%,0.00%,0.00%,0.00%,0.00%,0.00%,0.00%,0.00%,0.00%,0.00%,0.00%,0.00%,0.00%,0.00%,0.00%,0.00%,0.00%,0.00%,0.00%,0.00%,5.00%,0.00%,20.00%,0.00%,0.00%,0.00%,0.00%,0.00%,0.00%,0.00%,0.00%,0.00%,0.00%,5.00%,10.00%,5.00%,5.00%,0.00%,0.00%,10.00%,10.00%,0.00%,0.00%,0.00%,5.00%,0.00%
2025-11-05,20.00%,0.00%,0.00%,0.00%,5.00%,0.00%,0.00%,0.00%,0.00%,0.00%,0.00%,0.00%,0.00%,0.00%,0.00%,0.00%,0.00%,0.00%,0.00%,0.00%,0.00%,0.00%,0.00%,0.00%,0.00%,5.00%,0.00%,20.00%,0.00%,0.00%,0.00%,0.00%,0.00%,0.00%,0.00%,0.00%,0.00%,0.00%,5.00%,10.00%,5.00%,5.00%,0.00%,0.00%,10.00%,10.00%,0.00%,0.00%,0.00%,5.00%,0.00%
2025-11-06,20.00%,0.00%,0.00%,0.00%,5.00%,0.00%,0.00%,0.00%,0.00%,0.00%,0.00%,0.00%,0.00%,0.00%,0.00%,0.00%,0.00%,0.00%,0.00%,0.00%,0.00%,0.00%,0.00%,0.00%,0.00%,5.00%,0.00%,20.00%,0.00%,0.00%,0.00%,0.00%,0.00%,0.00%,0.00%,0.00%,0.00%,0.00%,5.00%,10.00%,5.00%,5.00%,0.00%,0.00%,10.00%,10.00%,0.00%,0.00%,0.00%,5.00%,0.00%
2025-11-07,20.00%,0.00%,0.00%,0.00%,5.00%,0.00%,0.00%,0.00%,0.00%,0.00%,0.00%,0.00%,0.00%,0.00%,0.00%,0.00%,0.00%,0.00%,0.00%,0.00%,0.00%,0.00%,0.00%,0.00%,0.00%,5.00%,0.00%,20.00%,0.00%,0.00%,0.00%,0.00%,0.00%,0.00%,0.00%,0.00%,0.00%,0.00%,5.00%,10.00%,5.00%,5.00%,0.00%,0.00%,10.00%,10.00%,0.00%,0.00%,0.00%,5.00%,0.00%
2025-11-08,20.00%,0.00%,0.00%,0.00%,5.00%,0.00%,0.00%,0.00%,0.00%,0.00%,0.00%,0.00%,0.00%,0.00%,0.00%,0.00%,0.00%,0.00%,0.00%,0.00%,0.00%,0.00%,0.00%,0.00%,0.00%,5.00%,0.00%,20.00%,0.00%,0.00%,0.00%,0.00%,0.00%,0.00%,0.00%,0.00%,0.00%,0.00%,5.00%,10.00%,5.00%,5.00%,0.00%,0.00%,10.00%,10.00%,0.00%,0.00%,0.00%,5.00%,0.00%
2025-11-09,20.00%,0.00%,0.00%,0.00%,5.00%,0.00%,0.00%,0.00%,0.00%,0.00%,0.00%,0.00%,0.00%,0.00%,0.00%,0.00%,0.00%,0.00%,0.00%,0.00%,0.00%,0.00%,0.00%,0.00%,0.00%,5.00%,0.00%,20.00%,0.00%,0.00%,0.00%,0.00%,0.00%,0.00%,0.00%,0.00%,0.00%,0.00%,5.00%,10.00%,5.00%,5.00%,0.00%,0.00%,10.00%,10.00%,0.00%,0.00%,0.00%,5.00%,0.00%
2025-11-10,20.00%,0.00%,0.00%,0.00%,5.00%,0.00%,0.00%,0.00%,0.00%,0.00%,0.00%,0.00%,0.00%,0.00%,0.00%,0.00%,0.00%,0.00%,0.00%,0.00%,0.00%,0.00%,0.00%,0.00%,0.00%,5.00%,0.00%,20.00%,0.00%,0.00%,0.00%,0.00%,0.00%,0.00%,0.00%,0.00%,0.00%,0.00%,5.00%,10.00%,5.00%,5.00%,0.00%,0.00%,10.00%,10.00%,0.00%,0.00%,0.00%,5.00%,0.00%
2025-11-11,20.00%,0.00%,0.00%,0.00%,5.00%,0.00%,0.00%,0.00%,0.00%,0.00%,0.00%,0.00%,0.00%,0.00%,0.00%,0.00%,0.00%,0.00%,0.00%,0.00%,0.00%,0.00%,0.00%,0.00%,0.00%,5.00%,0.00%,20.00%,0.00%,0.00%,0.00%,0.00%,0.00%,0.00%,0.00%,0.00%,0.00%,0.00%,5.00%,10.00%,5.00%,5.00%,0.00%,0.00%,10.00%,10.00%,0.00%,0.00%,0.00%,5.00%,0.00%
2025-11-12,20.00%,0.00%,0.00%,0.00%,5.00%,0.00%,0.00%,0.00%,0.00%,0.00%,0.00%,0.00%,0.00%,0.00%,0.00%,0.00%,0.00%,0.00%,0.00%,0.00%,0.00%,0.00%,0.00%,0.00%,0.00%,5.00%,0.00%,20.00%,0.00%,0.00%,0.00%,0.00%,0.00%,0.00%,0.00%,0.00%,0.00%,0.00%,5.00%,10.00%,5.00%,5.00%,0.00%,0.00%,10.00%,10.00%,0.00%,0.00%,0.00%,5.00%,0.00%
2025-11-13,20.00%,0.00%,0.00%,0.00%,5.00%,0.00%,0.00%,0.00%,0.00%,0.00%,0.00%,0.00%,0.00%,0.00%,0.00%,0.00%,0.00%,0.00%,0.00%,0.00%,0.00%,0.00%,0.00%,0.00%,0.00%,5.00%,0.00%,20.00%,0.00%,0.00%,0.00%,0.00%,0.00%,0.00%,0.00%,0.00%,0.00%,0.00%,5.00%,10.00%,5.00%,5.00%,0.00%,0.00%,10.00%,10.00%,0.00%,0.00%,0.00%,5.00%,0.00%
2025-11-14,20.00%,0.00%,0.00%,0.00%,5.00%,0.00%,0.00%,0.00%,0.00%,0.00%,0.00%,0.00%,0.00%,0.00%,0.00%,0.00%,0.00%,0.00%,0.00%,0.00%,0.00%,0.00%,0.00%,0.00%,0.00%,5.00%,0.00%,20.00%,0.00%,0.00%,0.00%,0.00%,0.00%,0.00%,0.00%,0.00%,0.00%,0.00%,5.00%,10.00%,5.00%,5.00%,0.00%,0.00%,10.00%,10.00%,0.00%,0.00%,0.00%,5.00%,0.00%
2025-11-15,20.00%,0.00%,0.00%,0.00%,5.00%,0.00%,0.00%,0.00%,0.00%,0.00%,0.00%,0.00%,0.00%,0.00%,0.00%,0.00%,0.00%,0.00%,0.00%,0.00%,0.00%,0.00%,0.00%,0.00%,0.00%,5.00%,0.00%,20.00%,0.00%,0.00%,0.00%,0.00%,0.00%,0.00%,0.00%,0.00%,0.00%,0.00%,5.00%,10.00%,5.00%,5.00%,0.00%,0.00%,10.00%,10.00%,0.00%,0.00%,0.00%,5.00%,0.00%
2025-11-16,20.00%,0.00%,0.00%,0.00%,5.00%,0.00%,0.00%,0.00%,0.00%,0.00%,0.00%,0.00%,0.00%,0.00%,0.00%,0.00%,0.00%,0.00%,0.00%,0.00%,0.00%,0.00%,0.00%,0.00%,0.00%,5.00%,0.00%,20.00%,0.00%,0.00%,0.00%,0.00%,0.00%,0.00%,0.00%,0.00%,0.00%,0.00%,5.00%,10.00%,5.00%,5.00%,0.00%,0.00%,10.00%,10.00%,0.00%,0.00%,0.00%,5.00%,0.00%
2025-11-17,20.00%,0.00%,0.00%,0.00%,5.00%,0.00%,0.00%,0.00%,0.00%,0.00%,0.00%,0.00%,0.00%,0.00%,0.00%,0.00%,0.00%,0.00%,0.00%,0.00%,0.00%,0.00%,0.00%,0.00%,0.00%,5.00%,0.00%,20.00%,0.00%,0.00%,0.00%,0.00%,0.00%,0.00%,0.00%,0.00%,0.00%,0.00%,5.00%,10.00%,5.00%,5.00%,0.00%,0.00%,10.00%,10.00%,0.00%,0.00%,0.00%,5.00%,0.00%
2025-11-18,30.00%,0.00%,0.00%,0.00%,0.00%,0.00%,0.00%,0.00%,0.00%,0.00%,0.00%,0.00%,0.00%,0.00%,0.00%,0.00%,0.00%,0.00%,0.00%,0.00%,0.00%,0.00%,0.00%,0.00%,0.00%,0.00%,0.00%,25.00%,0.00%,0.00%,0.00%,0.00%,0.00%,0.00%,0.00%,0.00%,0.00%,0.00%,5.00%,10.00%,5.00%,0.00%,0.00%,0.00%,10.00%,0.00%,0.00%,0.00%,0.00%,0.00%,15.00%
2025-11-19,30.00%,0.00%,0.00%,0.00%,0.00%,0.00%,0.00%,0.00%,0.00%,0.00%,0.00%,0.00%,0.00%,0.00%,0.00%,0.00%,0.00%,0.00%,0.00%,0.00%,0.00%,0.00%,0.00%,0.00%,0.00%,0.00%,0.00%,25.00%,0.00%,0.00%,0.00%,0.00%,0.00%,0.00%,0.00%,0.00%,0.00%,0.00%,5.00%,10.00%,5.00%,0.00%,0.00%,0.00%,10.00%,0.00%,0.00%,0.00%,0.00%,0.00%,15.00%
2025-11-20,30.00%,0.00%,0.00%,0.00%,0.00%,0.00%,0.00%,0.00%,0.00%,0.00%,0.00%,0.00%,0.00%,0.00%,0.00%,0.00%,0.00%,0.00%,0.00%,0.00%,0.00%,0.00%,0.00%,0.00%,0.00%,0.00%,0.00%,25.00%,0.00%,0.00%,0.00%,0.00%,0.00%,0.00%,0.00%,0.00%,0.00%,0.00%,5.00%,10.00%,5.00%,0.00%,0.00%,0.00%,10.00%,0.00%,0.00%,0.00%,0.00%,0.00%,15.00%
2025-11-21,30.00%,0.00%,0.00%,0.00%,0.00%,0.00%,0.00%,0.00%,0.00%,0.00%,0.00%,0.00%,0.00%,0.00%,0.00%,0.00%,0.00%,0.00%,0.00%,0.00%,0.00%,0.00%,0.00%,0.00%,0.00%,0.00%,0.00%,25.00%,0.00%,0.00%,0.00%,0.00%,0.00%,0.00%,0.00%,0.00%,0.00%,0.00%,5.00%,10.00%,5.00%,0.00%,0.00%,0.00%,10.00%,0.00%,0.00%,0.00%,0.00%,0.00%,15.00%
2025-11-22,30.00%,0.00%,0.00%,0.00%,0.00%,0.00%,0.00%,0.00%,0.00%,0.00%,0.00%,0.00%,0.00%,0.00%,0.00%,0.00%,0.00%,0.00%,0.00%,0.00%,0.00%,0.00%,0.00%,0.00%,0.00%,0.00%,0.00%,25.00%,0.00%,0.00%,0.00%,0.00%,0.00%,0.00%,0.00%,0.00%,0.00%,0.00%,5.00%,10.00%,5.00%,0.00%,0.00%,0.00%,10.00%,0.00%,0.00%,0.00%,0.00%,0.00%,15.00%
2025-11-23,30.00%,0.00%,0.00%,0.00%,0.00%,0.00%,0.00%,0.00%,0.00%,0.00%,0.00%,0.00%,0.00%,0.00%,0.00%,0.00%,0.00%,0.00%,0.00%,0.00%,0.00%,0.00%,0.00%,0.00%,0.00%,0.00%,0.00%,25.00%,0.00%,0.00%,0.00%,0.00%,0.00%,0.00%,0.00%,0.00%,0.00%,0.00%,5.00%,10.00%,5.00%,0.00%,0.00%,0.00%,10.00%,0.00%,0.00%,0.00%,0.00%,0.00%,15.00%
2025-11-24,30.00%,0.00%,0.00%,0.00%,0.00%,0.00%,0.00%,0.00%,0.00%,0.00%,0.00%,0.00%,0.00%,0.00%,0.00%,0.00%,0.00%,0.00%,0.00%,0.00%,0.00%,0.00%,0.00%,0.00%,0.00%,0.00%,0.00%,25.00%,0.00%,0.00%,0.00%,0.00%,0.00%,0.00%,0.00%,0.00%,0.00%,0.00%,5.00%,10.00%,5.00%,0.00%,0.00%,0.00%,10.00%,0.00%,0.00%,0.00%,0.00%,0.00%,15.00%
2025-11-25,30.00%,0.00%,0.00%,0.00%,0.00%,0.00%,0.00%,0.00%,0.00%,0.00%,0.00%,0.00%,0.00%,0.00%,0.00%,0.00%,0.00%,0.00%,0.00%,0.00%,0.00%,0.00%,0.00%,0.00%,0.00%,0.00%,0.00%,25.00%,0.00%,0.00%,0.00%,0.00%,0.00%,0.00%,0.00%,0.00%,0.00%,0.00%,5.00%,10.00%,5.00%,0.00%,0.00%,0.00%,10.00%,0.00%,0.00%,0.00%,0.00%,0.00%,15.00%
2025-11-26,30.00%,0.00%,0.00%,0.00%,0.00%,0.00%,0.00%,0.00%,0.00%,0.00%,0.00%,0.00%,0.00%,0.00%,0.00%,0.00%,0.00%,0.00%,0.00%,0.00%,0.00%,0.00%,0.00%,0.00%,0.00%,0.00%,0.00%,25.00%,0.00%,0.00%,0.00%,0.00%,0.00%,0.00%,0.00%,0.00%,0.00%,0.00%,5.00%,10.00%,5.00%,0.00%,0.00%,0.00%,10.00%,0.00%,0.00%,0.00%,0.00%,0.00%,15.00%
2025-11-27,30.00%,0.00%,0.00%,0.00%,0.00%,0.00%,0.00%,0.00%,0.00%,0.00%,0.00%,0.00%,0.00%,0.00%,0.00%,0.00%,0.00%,0.00%,0.00%,0.00%,0.00%,0.00%,0.00%,0.00%,0.00%,0.00%,0.00%,25.00%,0.00%,0.00%,0.00%,0.00%,0.00%,0.00%,0.00%,0.00%,0.00%,0.00%,5.00%,10.00%,5.00%,0.00%,0.00%,0.00%,10.00%,0.00%,0.00%,0.00%,0.00%,0.00%,15.00%
2025-11-28,30.00%,0.00%,0.00%,0.00%,0.00%,0.00%,0.00%,0.00%,0.00%,0.00%,0.00%,0.00%,0.00%,0.00%,0.00%,0.00%,0.00%,0.00%,0.00%,0.00%,0.00%,0.00%,0.00%,0.00%,0.00%,0.00%,0.00%,25.00%,0.00%,0.00%,0.00%,0.00%,0.00%,0.00%,0.00%,0.00%,0.00%,0.00%,5.00%,10.00%,5.00%,0.00%,0.00%,0.00%,10.00%,0.00%,0.00%,0.00%,0.00%,0.00%,15.00%
2025-11-29,30.00%,0.00%,0.00%,0.00%,0.00%,0.00%,0.00%,0.00%,0.00%,0.00%,0.00%,0.00%,0.00%,0.00%,0.00%,0.00%,0.00%,0.00%,0.00%,0.00%,0.00%,0.00%,0.00%,0.00%,0.00%,0.00%,0.00%,25.00%,0.00%,0.00%,0.00%,0.00%,0.00%,0.00%,0.00%,0.00%,0.00%,0.00%,5.00%,10.00%,5.00%,0.00%,0.00%,0.00%,10.00%,0.00%,0.00%,0.00%,0.00%,0.00%,15.00%
2025-11-30,30.00%,0.00%,0.00%,0.00%,0.00%,0.00%,0.00%,0.00%,0.00%,0.00%,0.00%,0.00%,0.00%,0.00%,0.00%,0.00%,0.00%,0.00%,0.00%,0.00%,0.00%,0.00%,0.00%,0.00%,0.00%,0.00%,0.00%,25.00%,0.00%,0.00%,0.00%,0.00%,0.00%,0.00%,0.00%,0.00%,0.00%,0.00%,5.00%,10.00%,5.00%,0.00%,0.00%,0.00%,10.00%,0.00%,0.00%,0.00%,0.00%,0.00%,15.00%
2025-12-01,30.00%,0.00%,0.00%,0.00%,0.00%,0.00%,0.00%,0.00%,0.00%,0.00%,0.00%,0.00%,0.00%,0.00%,0.00%,0.00%,0.00%,0.00%,0.00%,0.00%,0.00%,0.00%,0.00%,0.00%,0.00%,0.00%,0.00%,25.00%,0.00%,0.00%,0.00%,0.00%,0.00%,0.00%,0.00%,0.00%,0.00%,0.00%,5.00%,10.00%,5.00%,0.00%,0.00%,0.00%,10.00%,0.00%,0.00%,0.00%,0.00%,0.00%,15.00%
2025-12-02,30.00%,0.00%,0.00%,0.00%,0.00%,0.00%,0.00%,0.00%,0.00%,0.00%,0.00%,0.00%,0.00%,0.00%,0.00%,0.00%,0.00%,0.00%,0.00%,0.00%,0.00%,0.00%,0.00%,0.00%,0.00%,0.00%,0.00%,25.00%,0.00%,0.00%,0.00%,0.00%,0.00%,0.00%,0.00%,0.00%,0.00%,0.00%,5.00%,10.00%,5.00%,0.00%,0.00%,0.00%,10.00%,0.00%,0.00%,0.00%,0.00%,0.00%,15.00%
2025-12-03,30.00%,0.00%,0.00%,0.00%,0.00%,0.00%,0.00%,0.00%,0.00%,0.00%,0.00%,0.00%,0.00%,0.00%,0.00%,0.00%,0.00%,0.00%,0.00%,0.00%,0.00%,0.00%,0.00%,0.00%,0.00%,0.00%,0.00%,25.00%,0.00%,0.00%,0.00%,0.00%,0.00%,0.00%,0.00%,0.00%,0.00%,0.00%,5.00%,10.00%,5.00%,0.00%,0.00%,0.00%,10.00%,0.00%,0.00%,0.00%,0.00%,0.00%,15.00%
2025-12-04,30.00%,0.00%,0.00%,0.00%,0.00%,0.00%,0.00%,0.00%,0.00%,0.00%,0.00%,0.00%,0.00%,0.00%,0.00%,0.00%,0.00%,0.00%,0.00%,0.00%,0.00%,0.00%,0.00%,0.00%,0.00%,0.00%,0.00%,25.00%,0.00%,0.00%,0.00%,0.00%,0.00%,0.00%,0.00%,0.00%,0.00%,0.00%,5.00%,10.00%,5.00%,0.00%,0.00%,0.00%,10.00%,0.00%,0.00%,0.00%,0.00%,0.00%,15.00%
2025-12-05,30.00%,0.00%,0.00%,0.00%,0.00%,0.00%,0.00%,0.00%,0.00%,0.00%,0.00%,0.00%,0.00%,0.00%,0.00%,0.00%,0.00%,0.00%,0.00%,0.00%,0.00%,0.00%,0.00%,0.00%,0.00%,0.00%,0.00%,25.00%,0.00%,0.00%,0.00%,0.00%,0.00%,0.00%,0.00%,0.00%,0.00%,0.00%,5.00%,10.00%,5.00%,0.00%,0.00%,0.00%,10.00%,0.00%,0.00%,0.00%,0.00%,0.00%,15.00%
2025-12-06,30.00%,0.00%,0.00%,0.00%,0.00%,0.00%,0.00%,0.00%,0.00%,0.00%,0.00%,0.00%,0.00%,0.00%,0.00%,0.00%,0.00%,0.00%,0.00%,0.00%,0.00%,0.00%,0.00%,0.00%,0.00%,0.00%,0.00%,25.00%,0.00%,0.00%,0.00%,0.00%,0.00%,0.00%,0.00%,0.00%,0.00%,0.00%,5.00%,10.00%,5.00%,0.00%,0.00%,0.00%,10.00%,0.00%,0.00%,0.00%,0.00%,0.00%,15.00%
2025-12-07,30.00%,0.00%,0.00%,0.00%,0.00%,0.00%,0.00%,0.00%,0.00%,0.00%,0.00%,0.00%,0.00%,0.00%,0.00%,0.00%,0.00%,0.00%,0.00%,0.00%,0.00%,0.00%,0.00%,0.00%,0.00%,0.00%,0.00%,25.00%,0.00%,0.00%,0.00%,0.00%,0.00%,0.00%,0.00%,0.00%,0.00%,0.00%,5.00%,10.00%,5.00%,0.00%,0.00%,0.00%,10.00%,0.00%,0.00%,0.00%,0.00%,0.00%,15.00%
2025-12-08,30.00%,0.00%,0.00%,0.00%,0.00%,0.00%,0.00%,0.00%,0.00%,0.00%,0.00%,0.00%,0.00%,0.00%,0.00%,0.00%,0.00%,0.00%,0.00%,0.00%,0.00%,0.00%,0.00%,0.00%,0.00%,0.00%,0.00%,25.00%,0.00%,0.00%,0.00%,0.00%,0.00%,0.00%,0.00%,0.00%,0.00%,0.00%,5.00%,10.00%,5.00%,0.00%,0.00%,0.00%,10.00%,0.00%,0.00%,0.00%,0.00%,0.00%,15.00%
2025-12-09,30.00%,0.00%,0.00%,0.00%,0.00%,0.00%,0.00%,0.00%,0.00%,0.00%,0.00%,0.00%,0.00%,0.00%,0.00%,0.00%,0.00%,0.00%,0.00%,0.00%,0.00%,0.00%,0.00%,0.00%,0.00%,0.00%,0.00%,25.00%,0.00%,0.00%,0.00%,0.00%,0.00%,0.00%,0.00%,0.00%,0.00%,0.00%,5.00%,10.00%,5.00%,0.00%,0.00%,0.00%,10.00%,0.00%,0.00%,0.00%,0.00%,0.00%,15.00%
2025-12-10,30.00%,0.00%,0.00%,0.00%,0.00%,0.00%,0.00%,0.00%,0.00%,0.00%,0.00%,0.00%,0.00%,0.00%,0.00%,0.00%,0.00%,0.00%,0.00%,0.00%,0.00%,0.00%,0.00%,0.00%,0.00%,0.00%,0.00%,25.00%,0.00%,0.00%,0.00%,0.00%,0.00%,0.00%,0.00%,0.00%,0.00%,0.00%,5.00%,10.00%,5.00%,0.00%,0.00%,0.00%,10.00%,0.00%,0.00%,0.00%,0.00%,0.00%,15.00%
2025-12-11,30.00%,0.00%,0.00%,0.00%,0.00%,0.00%,0.00%,0.00%,0.00%,0.00%,0.00%,0.00%,0.00%,0.00%,0.00%,0.00%,0.00%,0.00%,0.00%,0.00%,0.00%,0.00%,0.00%,0.00%,0.00%,0.00%,0.00%,25.00%,0.00%,0.00%,0.00%,0.00%,0.00%,0.00%,0.00%,0.00%,0.00%,0.00%,5.00%,10.00%,5.00%,0.00%,0.00%,0.00%,10.00%,0.00%,0.00%,0.00%,0.00%,0.00%,15.00%
2025-12-12,30.00%,0.00%,0.00%,0.00%,0.00%,0.00%,0.00%,0.00%,0.00%,0.00%,0.00%,0.00%,0.00%,0.00%,0.00%,0.00%,0.00%,0.00%,0.00%,0.00%,0.00%,0.00%,0.00%,0.00%,0.00%,0.00%,0.00%,25.00%,0.00%,0.00%,0.00%,0.00%,0.00%,0.00%,0.00%,0.00%,0.00%,0.00%,5.00%,10.00%,5.00%,0.00%,0.00%,0.00%,10.00%,0.00%,0.00%,0.00%,0.00%,0.00%,15.00%
2025-12-13,30.00%,0.00%,0.00%,0.00%,0.00%,0.00%,0.00%,0.00%,0.00%,0.00%,0.00%,0.00%,0.00%,0.00%,0.00%,0.00%,0.00%,0.00%,0.00%,0.00%,0.00%,0.00%,0.00%,0.00%,0.00%,0.00%,0.00%,25.00%,0.00%,0.00%,0.00%,0.00%,0.00%,0.00%,0.00%,0.00%,0.00%,0.00%,5.00%,10.00%,5.00%,0.00%,0.00%,0.00%,10.00%,0.00%,0.00%,0.00%,0.00%,0.00%,15.00%
2025-12-14,30.00%,0.00%,0.00%,0.00%,0.00%,0.00%,0.00%,0.00%,0.00%,0.00%,0.00%,0.00%,0.00%,0.00%,0.00%,0.00%,0.00%,0.00%,0.00%,0.00%,0.00%,0.00%,0.00%,0.00%,0.00%,0.00%,0.00%,25.00%,0.00%,0.00%,0.00%,0.00%,0.00%,0.00%,0.00%,0.00%,0.00%,0.00%,5.00%,10.00%,5.00%,0.00%,0.00%,0.00%,10.00%,0.00%,0.00%,0.00%,0.00%,0.00%,15.00%
2025-12-15,30.00%,0.00%,0.00%,0.00%,0.00%,0.00%,0.00%,0.00%,0.00%,0.00%,0.00%,0.00%,0.00%,0.00%,0.00%,0.00%,0.00%,0.00%,0.00%,0.00%,0.00%,0.00%,0.00%,0.00%,0.00%,0.00%,0.00%,25.00%,0.00%,0.00%,0.00%,0.00%,0.00%,0.00%,0.00%,0.00%,0.00%,0.00%,5.00%,10.00%,5.00%,0.00%,0.00%,0.00%,10.00%,0.00%,0.00%,0.00%,0.00%,0.00%,15.00%
2025-12-16,30.00%,0.00%,0.00%,0.00%,0.00%,0.00%,0.00%,0.00%,0.00%,0.00%,0.00%,0.00%,0.00%,0.00%,0.00%,0.00%,0.00%,0.00%,0.00%,0.00%,0.00%,0.00%,0.00%,0.00%,0.00%,0.00%,0.00%,25.00%,0.00%,0.00%,0.00%,0.00%,0.00%,0.00%,0.00%,0.00%,0.00%,0.00%,5.00%,10.00%,5.00%,0.00%,0.00%,0.00%,10.00%,0.00%,0.00%,0.00%,0.00%,0.00%,15.00%
2025-12-17,30.00%,0.00%,0.00%,0.00%,0.00%,0.00%,0.00%,0.00%,0.00%,0.00%,0.00%,0.00%,0.00%,0.00%,0.00%,0.00%,0.00%,0.00%,0.00%,0.00%,0.00%,0.00%,0.00%,0.00%,0.00%,0.00%,0.00%,25.00%,0.00%,0.00%,0.00%,0.00%,0.00%,0.00%,0.00%,0.00%,0.00%,0.00%,5.00%,10.00%,5.00%,0.00%,0.00%,0.00%,10.00%,0.00%,0.00%,0.00%,0.00%,0.00%,15.00%
2025-12-18,30.00%,0.00%,0.00%,0.00%,0.00%,0.00%,0.00%,0.00%,0.00%,0.00%,0.00%,0.00%,0.00%,0.00%,0.00%,0.00%,0.00%,0.00%,0.00%,0.00%,0.00%,0.00%,0.00%,0.00%,0.00%,0.00%,0.00%,25.00%,0.00%,0.00%,0.00%,0.00%,0.00%,0.00%,0.00%,0.00%,0.00%,0.00%,5.00%,10.00%,5.00%,0.00%,0.00%,0.00%,10.00%,0.00%,0.00%,0.00%,0.00%,0.00%,15.00%
2025-12-19,30.00%,0.00%,0.00%,0.00%,0.00%,0.00%,0.00%,0.00%,0.00%,0.00%,0.00%,0.00%,0.00%,0.00%,0.00%,0.00%,0.00%,0.00%,0.00%,0.00%,0.00%,0.00%,0.00%,0.00%,0.00%,0.00%,0.00%,25.00%,0.00%,0.00%,0.00%,0.00%,0.00%,0.00%,0.00%,0.00%,0.00%,0.00%,5.00%,10.00%,5.00%,0.00%,0.00%,0.00%,10.00%,0.00%,0.00%,0.00%,0.00%,0.00%,15.00%
2025-12-20,30.00%,0.00%,0.00%,0.00%,0.00%,0.00%,0.00%,0.00%,0.00%,0.00%,0.00%,0.00%,0.00%,0.00%,0.00%,0.00%,0.00%,0.00%,0.00%,0.00%,0.00%,0.00%,0.00%,0.00%,0.00%,0.00%,0.00%,25.00%,0.00%,0.00%,0.00%,0.00%,0.00%,0.00%,0.00%,0.00%,0.00%,0.00%,5.00%,10.00%,5.00%,0.00%,0.00%,0.00%,10.00%,0.00%,0.00%,0.00%,0.00%,0.00%,15.00%
2025-12-21,30.00%,0.00%,0.00%,0.00%,0.00%,0.00%,0.00%,0.00%,0.00%,0.00%,0.00%,0.00%,0.00%,0.00%,0.00%,0.00%,0.00%,0.00%,0.00%,0.00%,0.00%,0.00%,0.00%,0.00%,0.00%,0.00%,0.00%,25.00%,0.00%,0.00%,0.00%,0.00%,0.00%,0.00%,0.00%,0.00%,0.00%,0.00%,5.00%,10.00%,5.00%,0.00%,0.00%,0.00%,10.00%,0.00%,0.00%,0.00%,0.00%,0.00%,15.00%
2025-12-22,30.00%,0.00%,0.00%,0.00%,0.00%,0.00%,0.00%,0.00%,0.00%,0.00%,0.00%,0.00%,0.00%,0.00%,0.00%,0.00%,0.00%,0.00%,0.00%,0.00%,0.00%,0.00%,0.00%,0.00%,0.00%,0.00%,0.00%,25.00%,0.00%,0.00%,0.00%,0.00%,0.00%,0.00%,0.00%,0.00%,0.00%,0.00%,5.00%,10.00%,5.00%,0.00%,0.00%,0.00%,10.00%,0.00%,0.00%,0.00%,0.00%,0.00%,15.00%
2025-12-23,30.00%,0.00%,0.00%,0.00%,0.00%,0.00%,0.00%,0.00%,0.00%,0.00%,0.00%,0.00%,0.00%,0.00%,0.00%,0.00%,0.00%,0.00%,0.00%,0.00%,0.00%,0.00%,0.00%,0.00%,0.00%,0.00%,0.00%,25.00%,0.00%,0.00%,0.00%,0.00%,0.00%,0.00%,0.00%,0.00%,0.00%,0.00%,5.00%,10.00%,5.00%,0.00%,0.00%,0.00%,10.00%,0.00%,0.00%,0.00%,0.00%,0.00%,15.00%
2025-12-24,30.00%,0.00%,0.00%,0.00%,0.00%,0.00%,0.00%,0.00%,0.00%,0.00%,0.00%,0.00%,0.00%,0.00%,0.00%,0.00%,0.00%,0.00%,0.00%,0.00%,0.00%,0.00%,0.00%,0.00%,0.00%,0.00%,0.00%,25.00%,0.00%,0.00%,0.00%,0.00%,0.00%,0.00%,0.00%,0.00%,0.00%,0.00%,5.00%,10.00%,5.00%,0.00%,0.00%,0.00%,10.00%,0.00%,0.00%,0.00%,0.00%,0.00%,15.00%
2025-12-25,30.00%,0.00%,0.00%,0.00%,0.00%,0.00%,0.00%,0.00%,0.00%,0.00%,0.00%,0.00%,0.00%,0.00%,0.00%,0.00%,0.00%,0.00%,0.00%,0.00%,0.00%,0.00%,0.00%,0.00%,0.00%,0.00%,0.00%,25.00%,0.00%,0.00%,0.00%,0.00%,0.00%,0.00%,0.00%,0.00%,0.00%,0.00%,5.00%,10.00%,5.00%,0.00%,0.00%,0.00%,10.00%,0.00%,0.00%,0.00%,0.00%,0.00%,15.00%
2025-12-26,30.00%,0.00%,0.00%,0.00%,0.00%,0.00%,0.00%,0.00%,0.00%,0.00%,0.00%,0.00%,0.00%,0.00%,0.00%,0.00%,0.00%,0.00%,0.00%,0.00%,0.00%,0.00%,0.00%,0.00%,0.00%,0.00%,0.00%,25.00%,0.00%,0.00%,0.00%,0.00%,0.00%,0.00%,0.00%,0.00%,0.00%,0.00%,5.00%,10.00%,5.00%,0.00%,0.00%,0.00%,10.00%,0.00%,0.00%,0.00%,0.00%,0.00%,15.00%
2025-12-27,30.00%,0.00%,0.00%,0.00%,0.00%,0.00%,0.00%,0.00%,0.00%,0.00%,0.00%,0.00%,0.00%,0.00%,0.00%,0.00%,0.00%,0.00%,0.00%,0.00%,0.00%,0.00%,0.00%,0.00%,0.00%,0.00%,0.00%,25.00%,0.00%,0.00%,0.00%,0.00%,0.00%,0.00%,0.00%,0.00%,0.00%,0.00%,5.00%,10.00%,5.00%,0.00%,0.00%,0.00%,10.00%,0.00%,0.00%,0.00%,0.00%,0.00%,15.00%
2025-12-28,30.00%,0.00%,0.00%,0.00%,0.00%,0.00%,0.00%,0.00%,0.00%,0.00%,0.00%,0.00%,0.00%,0.00%,0.00%,0.00%,0.00%,0.00%,0.00%,0.00%,0.00%,0.00%,0.00%,0.00%,0.00%,0.00%,0.00%,25.00%,0.00%,0.00%,0.00%,0.00%,0.00%,0.00%,0.00%,0.00%,0.00%,0.00%,5.00%,10.00%,5.00%,0.00%,0.00%,0.00%,10.00%,0.00%,0.00%,0.00%,0.00%,0.00%,15.00%
2025-12-29,30.00%,0.00%,0.00%,0.00%,0.00%,0.00%,0.00%,0.00%,0.00%,0.00%,0.00%,0.00%,0.00%,0.00%,0.00%,0.00%,0.00%,0.00%,0.00%,0.00%,0.00%,0.00%,0.00%,0.00%,0.00%,0.00%,0.00%,25.00%,0.00%,0.00%,0.00%,0.00%,0.00%,0.00%,0.00%,0.00%,0.00%,0.00%,5.00%,10.00%,5.00%,0.00%,0.00%,0.00%,10.00%,0.00%,0.00%,0.00%,0.00%,0.00%,15.00%
2025-12-30,30.00%,0.00%,0.00%,0.00%,0.00%,0.00%,0.00%,0.00%,0.00%,0.00%,0.00%,0.00%,0.00%,0.00%,0.00%,0.00%,0.00%,0.00%,0.00%,0.00%,0.00%,0.00%,0.00%,0.00%,0.00%,0.00%,0.00%,25.00%,0.00%,0.00%,0.00%,0.00%,0.00%,0.00%,0.00%,0.00%,0.00%,0.00%,5.00%,10.00%,5.00%,0.00%,0.00%,0.00%,10.00%,0.00%,0.00%,0.00%,0.00%,0.00%,15.00%
2025-12-31,30.00%,0.00%,0.00%,0.00%,0.00%,0.00%,0.00%,0.00%,0.00%,0.00%,0.00%,0.00%,0.00%,0.00%,0.00%,0.00%,0.00%,0.00%,0.00%,0.00%,0.00%,0.00%,0.00%,0.00%,0.00%,0.00%,0.00%,25.00%,0.00%,0.00%,0.00%,0.00%,0.00%,0.00%,0.00%,0.00%,0.00%,0.00%,5.00%,10.00%,5.00%,0.00%,0.00%,0.00%,10.00%,0.00%,0.00%,0.00%,0.00%,0.00%,15.00%
2026-01-01,30.00%,0.00%,0.00%,0.00%,0.00%,0.00%,0.00%,0.00%,0.00%,0.00%,0.00%,0.00%,0.00%,0.00%,0.00%,0.00%,0.00%,0.00%,0.00%,0.00%,0.00%,0.00%,0.00%,0.00%,0.00%,0.00%,0.00%,25.00%,0.00%,0.00%,0.00%,0.00%,0.00%,0.00%,0.00%,0.00%,0.00%,0.00%,5.00%,10.00%,5.00%,0.00%,0.00%,0.00%,10.00%,0.00%,0.00%,0.00%,0.00%,0.00%,15.00%
2026-01-02,30.00%,0.00%,0.00%,0.00%,0.00%,0.00%,0.00%,0.00%,0.00%,0.00%,0.00%,0.00%,0.00%,0.00%,0.00%,0.00%,0.00%,0.00%,0.00%,0.00%,0.00%,0.00%,0.00%,0.00%,0.00%,0.00%,0.00%,25.00%,0.00%,0.00%,0.00%,0.00%,0.00%,0.00%,0.00%,0.00%,0.00%,0.00%,5.00%,10.00%,5.00%,0.00%,0.00%,0.00%,10.00%,0.00%,0.00%,0.00%,0.00%,0.00%,15.00%
2026-01-03,30.00%,0.00%,0.00%,0.00%,0.00%,0.00%,0.00%,0.00%,0.00%,0.00%,0.00%,0.00%,0.00%,0.00%,0.00%,0.00%,0.00%,0.00%,0.00%,0.00%,0.00%,0.00%,0.00%,0.00%,0.00%,0.00%,0.00%,25.00%,0.00%,0.00%,0.00%,0.00%,0.00%,0.00%,0.00%,0.00%,0.00%,0.00%,5.00%,10.00%,5.00%,0.00%,0.00%,0.00%,10.00%,0.00%,0.00%,0.00%,0.00%,0.00%,15.00%
2026-01-04,30.00%,0.00%,0.00%,0.00%,0.00%,0.00%,0.00%,0.00%,0.00%,0.00%,0.00%,0.00%,0.00%,0.00%,0.00%,0.00%,0.00%,0.00%,0.00%,0.00%,0.00%,0.00%,0.00%,0.00%,0.00%,0.00%,0.00%,25.00%,0.00%,0.00%,0.00%,0.00%,0.00%,0.00%,0.00%,0.00%,0.00%,0.00%,5.00%,10.00%,5.00%,0.00%,0.00%,0.00%,10.00%,0.00%,0.00%,0.00%,0.00%,0.00%,15.00%
2026-01-05,30.00%,0.00%,0.00%,0.00%,0.00%,0.00%,0.00%,0.00%,0.00%,0.00%,0.00%,0.00%,0.00%,0.00%,0.00%,0.00%,0.00%,0.00%,0.00%,0.00%,0.00%,0.00%,0.00%,0.00%,0.00%,0.00%,0.00%,25.00%,0.00%,0.00%,0.00%,0.00%,0.00%,0.00%,0.00%,0.00%,0.00%,0.00%,5.00%,10.00%,5.00%,0.00%,0.00%,0.00%,10.00%,0.00%,0.00%,0.00%,0.00%,0.00%,15.00%
2026-01-06,30.00%,0.00%,0.00%,0.00%,0.00%,0.00%,0.00%,0.00%,0.00%,0.00%,0.00%,0.00%,0.00%,0.00%,0.00%,0.00%,0.00%,0.00%,0.00%,0.00%,0.00%,0.00%,0.00%,0.00%,0.00%,0.00%,0.00%,25.00%,0.00%,0.00%,0.00%,0.00%,0.00%,0.00%,0.00%,0.00%,0.00%,0.00%,5.00%,10.00%,5.00%,0.00%,0.00%,0.00%,10.00%,0.00%,0.00%,0.00%,0.00%,0.00%,15.00%
2026-01-07,30.00%,0.00%,0.00%,0.00%,0.00%,0.00%,0.00%,0.00%,0.00%,0.00%,0.00%,0.00%,0.00%,0.00%,0.00%,0.00%,0.00%,0.00%,0.00%,0.00%,0.00%,0.00%,0.00%,0.00%,0.00%,0.00%,0.00%,25.00%,0.00%,0.00%,0.00%,0.00%,0.00%,0.00%,0.00%,0.00%,0.00%,0.00%,5.00%,10.00%,5.00%,0.00%,0.00%,0.00%,10.00%,0.00%,0.00%,0.00%,0.00%,0.00%,15.00%
2026-01-08,30.00%,0.00%,0.00%,0.00%,0.00%,0.00%,0.00%,0.00%,0.00%,0.00%,0.00%,0.00%,0.00%,0.00%,0.00%,0.00%,0.00%,0.00%,0.00%,0.00%,0.00%,0.00%,0.00%,0.00%,0.00%,0.00%,0.00%,25.00%,0.00%,0.00%,0.00%,0.00%,0.00%,0.00%,0.00%,0.00%,0.00%,0.00%,5.00%,10.00%,5.00%,0.00%,0.00%,0.00%,10.00%,0.00%,0.00%,0.00%,0.00%,0.00%,15.00%
2026-01-09,30.00%,0.00%,0.00%,0.00%,0.00%,0.00%,0.00%,0.00%,0.00%,0.00%,0.00%,0.00%,0.00%,0.00%,0.00%,0.00%,0.00%,0.00%,0.00%,0.00%,0.00%,0.00%,0.00%,0.00%,0.00%,0.00%,0.00%,25.00%,0.00%,0.00%,0.00%,0.00%,0.00%,0.00%,0.00%,0.00%,0.00%,0.00%,5.00%,10.00%,5.00%,0.00%,0.00%,0.00%,10.00%,0.00%,0.00%,0.00%,0.00%,0.00%,15.00%
2026-01-10,30.00%,0.00%,0.00%,0.00%,0.00%,0.00%,0.00%,0.00%,0.00%,0.00%,0.00%,0.00%,0.00%,0.00%,0.00%,0.00%,0.00%,0.00%,0.00%,0.00%,0.00%,0.00%,0.00%,0.00%,0.00%,0.00%,0.00%,25.00%,0.00%,0.00%,0.00%,0.00%,0.00%,0.00%,0.00%,0.00%,0.00%,0.00%,5.00%,10.00%,5.00%,0.00%,0.00%,0.00%,10.00%,0.00%,0.00%,0.00%,0.00%,0.00%,15.00%
2026-01-11,30.00%,0.00%,0.00%,0.00%,0.00%,0.00%,0.00%,0.00%,0.00%,0.00%,0.00%,0.00%,0.00%,0.00%,0.00%,0.00%,0.00%,0.00%,0.00%,0.00%,0.00%,0.00%,0.00%,0.00%,0.00%,0.00%,0.00%,25.00%,0.00%,0.00%,0.00%,0.00%,0.00%,0.00%,0.00%,0.00%,0.00%,0.00%,5.00%,10.00%,5.00%,0.00%,0.00%,0.00%,10.00%,0.00%,0.00%,0.00%,0.00%,0.00%,15.00%
2026-01-12,30.00%,0.00%,0.00%,0.00%,0.00%,0.00%,0.00%,0.00%,0.00%,0.00%,0.00%,0.00%,0.00%,0.00%,0.00%,0.00%,0.00%,0.00%,0.00%,0.00%,0.00%,0.00%,0.00%,0.00%,0.00%,0.00%,0.00%,25.00%,0.00%,0.00%,0.00%,0.00%,0.00%,0.00%,0.00%,0.00%,0.00%,0.00%,5.00%,10.00%,5.00%,0.00%,0.00%,0.00%,10.00%,0.00%,0.00%,0.00%,0.00%,0.00%,15.00%
2026-01-13,30.00%,0.00%,0.00%,0.00%,0.00%,0.00%,0.00%,0.00%,0.00%,0.00%,0.00%,0.00%,0.00%,0.00%,0.00%,0.00%,0.00%,0.00%,0.00%,0.00%,0.00%,0.00%,0.00%,0.00%,0.00%,0.00%,0.00%,25.00%,0.00%,0.00%,0.00%,0.00%,0.00%,0.00%,0.00%,0.00%,0.00%,0.00%,5.00%,10.00%,5.00%,0.00%,0.00%,0.00%,10.00%,0.00%,0.00%,0.00%,0.00%,0.00%,15.00%
2026-01-14,30.00%,0.00%,0.00%,0.00%,0.00%,0.00%,0.00%,0.00%,0.00%,0.00%,0.00%,0.00%,0.00%,0.00%,0.00%,0.00%,0.00%,0.00%,0.00%,0.00%,0.00%,0.00%,0.00%,0.00%,0.00%,0.00%,0.00%,25.00%,0.00%,0.00%,0.00%,0.00%,0.00%,0.00%,0.00%,0.00%,0.00%,0.00%,5.00%,10.00%,5.00%,0.00%,0.00%,0.00%,10.00%,0.00%,0.00%,0.00%,0.00%,0.00%,15.00%
2026-01-15,30.00%,0.00%,0.00%,0.00%,0.00%,0.00%,0.00%,0.00%,0.00%,0.00%,0.00%,0.00%,0.00%,0.00%,0.00%,0.00%,0.00%,0.00%,0.00%,0.00%,0.00%,0.00%,0.00%,0.00%,0.00%,0.00%,0.00%,25.00%,0.00%,0.00%,0.00%,0.00%,0.00%,0.00%,0.00%,0.00%,0.00%,0.00%,5.00%,10.00%,5.00%,0.00%,0.00%,0.00%,10.00%,0.00%,0.00%,0.00%,0.00%,0.00%,15.00%
2026-01-16,30.00%,0.00%,0.00%,0.00%,0.00%,0.00%,0.00%,0.00%,0.00%,0.00%,0.00%,0.00%,0.00%,0.00%,0.00%,0.00%,0.00%,0.00%,0.00%,0.00%,0.00%,0.00%,0.00%,0.00%,0.00%,0.00%,0.00%,25.00%,0.00%,0.00%,0.00%,0.00%,0.00%,0.00%,0.00%,0.00%,0.00%,0.00%,5.00%,10.00%,5.00%,0.00%,0.00%,0.00%,10.00%,0.00%,0.00%,0.00%,0.00%,0.00%,15.00%
2026-01-17,30.00%,0.00%,0.00%,0.00%,0.00%,0.00%,0.00%,0.00%,0.00%,0.00%,0.00%,0.00%,0.00%,0.00%,0.00%,0.00%,0.00%,0.00%,0.00%,0.00%,0.00%,0.00%,0.00%,0.00%,0.00%,0.00%,0.00%,25.00%,0.00%,0.00%,0.00%,0.00%,0.00%,0.00%,0.00%,0.00%,0.00%,0.00%,5.00%,10.00%,5.00%,0.00%,0.00%,0.00%,10.00%,0.00%,0.00%,0.00%,0.00%,0.00%,15.00%
2026-01-18,30.00%,0.00%,0.00%,0.00%,0.00%,0.00%,0.00%,0.00%,0.00%,0.00%,0.00%,0.00%,0.00%,0.00%,0.00%,0.00%,0.00%,0.00%,0.00%,0.00%,0.00%,0.00%,0.00%,0.00%,0.00%,0.00%,0.00%,25.00%,0.00%,0.00%,0.00%,0.00%,0.00%,0.00%,0.00%,0.00%,0.00%,0.00%,5.00%,10.00%,5.00%,0.00%,0.00%,0.00%,10.00%,0.00%,0.00%,0.00%,0.00%,0.00%,15.00%
2026-01-19,30.00%,0.00%,0.00%,0.00%,0.00%,0.00%,0.00%,0.00%,0.00%,0.00%,0.00%,0.00%,0.00%,0.00%,0.00%,0.00%,0.00%,0.00%,0.00%,0.00%,0.00%,0.00%,0.00%,0.00%,0.00%,0.00%,0.00%,25.00%,0.00%,0.00%,0.00%,0.00%,0.00%,0.00%,0.00%,0.00%,0.00%,0.00%,5.00%,10.00%,5.00%,0.00%,0.00%,0.00%,10.00%,0.00%,0.00%,0.00%,0.00%,0.00%,15.00%
2026-01-20,30.00%,0.00%,0.00%,0.00%,0.00%,0.00%,0.00%,0.00%,0.00%,0.00%,0.00%,0.00%,0.00%,0.00%,0.00%,0.00%,0.00%,0.00%,0.00%,0.00%,0.00%,0.00%,0.00%,0.00%,0.00%,0.00%,0.00%,25.00%,0.00%,0.00%,0.00%,0.00%,0.00%,0.00%,0.00%,0.00%,0.00%,0.00%,5.00%,10.00%,5.00%,0.00%,0.00%,0.00%,10.00%,0.00%,0.00%,0.00%,0.00%,0.00%,15.00%
2026-01-21,30.00%,0.00%,0.00%,0.00%,0.00%,0.00%,0.00%,0.00%,0.00%,0.00%,0.00%,0.00%,0.00%,0.00%,0.00%,0.00%,0.00%,0.00%,0.00%,0.00%,0.00%,0.00%,0.00%,0.00%,0.00%,0.00%,0.00%,25.00%,0.00%,0.00%,0.00%,0.00%,0.00%,0.00%,0.00%,0.00%,0.00%,0.00%,5.00%,10.00%,5.00%,0.00%,0.00%,0.00%,10.00%,0.00%,0.00%,0.00%,0.00%,0.00%,15.00%
2026-01-22,30.00%,0.00%,0.00%,0.00%,0.00%,0.00%,0.00%,0.00%,0.00%,0.00%,0.00%,0.00%,0.00%,0.00%,0.00%,0.00%,0.00%,0.00%,0.00%,0.00%,0.00%,0.00%,0.00%,0.00%,0.00%,0.00%,0.00%,25.00%,0.00%,0.00%,0.00%,0.00%,0.00%,0.00%,0.00%,0.00%,0.00%,0.00%,5.00%,10.00%,5.00%,0.00%,0.00%,0.00%,10.00%,0.00%,0.00%,0.00%,0.00%,0.00%,15.00%
2026-01-23,30.00%,0.00%,0.00%,0.00%,0.00%,0.00%,0.00%,0.00%,0.00%,0.00%,0.00%,0.00%,0.00%,0.00%,0.00%,0.00%,0.00%,0.00%,0.00%,0.00%,0.00%,0.00%,0.00%,0.00%,0.00%,0.00%,0.00%,25.00%,0.00%,0.00%,0.00%,0.00%,0.00%,0.00%,0.00%,0.00%,0.00%,0.00%,5.00%,10.00%,5.00%,0.00%,0.00%,0.00%,10.00%,0.00%,0.00%,0.00%,0.00%,0.00%,15.00%
2026-01-24,30.00%,0.00%,0.00%,0.00%,0.00%,0.00%,0.00%,0.00%,0.00%,0.00%,0.00%,0.00%,0.00%,0.00%,0.00%,0.00%,0.00%,0.00%,0.00%,0.00%,0.00%,0.00%,0.00%,0.00%,0.00%,0.00%,0.00%,25.00%,0.00%,0.00%,0.00%,0.00%,0.00%,0.00%,0.00%,0.00%,0.00%,0.00%,5.00%,10.00%,5.00%,0.00%,0.00%,0.00%,10.00%,0.00%,0.00%,0.00%,0.00%,0.00%,15.00%
2026-01-25,30.00%,0.00%,0.00%,0.00%,0.00%,0.00%,0.00%,0.00%,0.00%,0.00%,0.00%,0.00%,0.00%,0.00%,0.00%,0.00%,0.00%,0.00%,0.00%,0.00%,0.00%,0.00%,0.00%,0.00%,0.00%,0.00%,0.00%,25.00%,0.00%,0.00%,0.00%,0.00%,0.00%,0.00%,0.00%,0.00%,0.00%,0.00%,5.00%,10.00%,5.00%,0.00%,0.00%,0.00%,10.00%,0.00%,0.00%,0.00%,0.00%,0.00%,15.00%
2026-01-26,30.00%,0.00%,0.00%,0.00%,0.00%,0.00%,0.00%,0.00%,0.00%,0.00%,0.00%,0.00%,0.00%,0.00%,0.00%,0.00%,0.00%,0.00%,0.00%,0.00%,0.00%,0.00%,0.00%,0.00%,0.00%,0.00%,0.00%,25.00%,0.00%,0.00%,0.00%,0.00%,0.00%,0.00%,0.00%,0.00%,0.00%,0.00%,5.00%,10.00%,5.00%,0.00%,0.00%,0.00%,10.00%,0.00%,0.00%,0.00%,0.00%,0.00%,15.00%
2026-01-27,30.00%,0.00%,0.00%,0.00%,0.00%,0.00%,0.00%,0.00%,0.00%,0.00%,0.00%,0.00%,0.00%,0.00%,0.00%,0.00%,0.00%,0.00%,0.00%,0.00%,0.00%,0.00%,0.00%,0.00%,0.00%,0.00%,0.00%,25.00%,0.00%,0.00%,0.00%,0.00%,0.00%,0.00%,0.00%,0.00%,0.00%,0.00%,5.00%,10.00%,5.00%,0.00%,0.00%,0.00%,10.00%,0.00%,0.00%,0.00%,0.00%,0.00%,15.00%
2026-01-28,30.00%,0.00%,0.00%,0.00%,0.00%,0.00%,0.00%,0.00%,0.00%,0.00%,0.00%,0.00%,0.00%,0.00%,0.00%,0.00%,0.00%,0.00%,0.00%,0.00%,0.00%,0.00%,0.00%,0.00%,0.00%,0.00%,0.00%,25.00%,0.00%,0.00%,0.00%,0.00%,0.00%,0.00%,0.00%,0.00%,0.00%,0.00%,5.00%,10.00%,5.00%,0.00%,0.00%,0.00%,10.00%,0.00%,0.00%,0.00%,0.00%,0.00%,15.00%
2026-01-29,30.00%,0.00%,0.00%,0.00%,0.00%,0.00%,0.00%,0.00%,0.00%,0.00%,0.00%,0.00%,0.00%,0.00%,0.00%,0.00%,0.00%,0.00%,0.00%,0.00%,0.00%,0.00%,0.00%,0.00%,0.00%,0.00%,0.00%,25.00%,0.00%,0.00%,0.00%,0.00%,0.00%,0.00%,0.00%,0.00%,0.00%,0.00%,5.00%,10.00%,5.00%,0.00%,0.00%,0.00%,10.00%,0.00%,0.00%,0.00%,0.00%,0.00%,15.00%
2026-01-30,30.00%,0.00%,0.00%,0.00%,0.00%,0.00%,0.00%,0.00%,0.00%,0.00%,0.00%,0.00%,0.00%,0.00%,0.00%,0.00%,0.00%,0.00%,0.00%,0.00%,0.00%,0.00%,0.00%,0.00%,0.00%,0.00%,0.00%,25.00%,0.00%,0.00%,0.00%,0.00%,0.00%,0.00%,0.00%,0.00%,0.00%,0.00%,5.00%,10.00%,5.00%,0.00%,0.00%,0.00%,10.00%,0.00%,0.00%,0.00%,0.00%,0.00%,15.00%
2026-01-31,30.00%,0.00%,0.00%,0.00%,0.00%,0.00%,0.00%,0.00%,0.00%,0.00%,0.00%,0.00%,0.00%,0.00%,0.00%,0.00%,0.00%,0.00%,0.00%,0.00%,0.00%,0.00%,0.00%,0.00%,0.00%,0.00%,0.00%,25.00%,0.00%,0.00%,0.00%,0.00%,0.00%,0.00%,0.00%,0.00%,0.00%,0.00%,5.00%,10.00%,5.00%,0.00%,0.00%,0.00%,10.00%,0.00%,0.00%,0.00%,0.00%,0.00%,15.00%
2026-02-01,30.00%,0.00%,0.00%,0.00%,0.00%,0.00%,0.00%,0.00%,0.00%,0.00%,0.00%,0.00%,0.00%,0.00%,0.00%,0.00%,0.00%,0.00%,0.00%,0.00%,0.00%,0.00%,0.00%,0.00%,0.00%,0.00%,0.00%,25.00%,0.00%,0.00%,0.00%,0.00%,0.00%,0.00%,0.00%,0.00%,0.00%,0.00%,5.00%,10.00%,5.00%,0.00%,0.00%,0.00%,10.00%,0.00%,0.00%,0.00%,0.00%,0.00%,15.00%
2026-02-02,30.00%,0.00%,0.00%,0.00%,0.00%,0.00%,0.00%,0.00%,0.00%,0.00%,0.00%,0.00%,0.00%,0.00%,0.00%,0.00%,0.00%,0.00%,0.00%,0.00%,0.00%,0.00%,0.00%,0.00%,0.00%,0.00%,0.00%,25.00%,0.00%,0.00%,0.00%,0.00%,0.00%,0.00%,0.00%,0.00%,0.00%,0.00%,5.00%,10.00%,5.00%,0.00%,0.00%,0.00%,10.00%,0.00%,0.00%,0.00%,0.00%,0.00%,15.00%
2026-02-03,30.00%,0.00%,0.00%,0.00%,0.00%,0.00%,0.00%,0.00%,0.00%,0.00%,0.00%,0.00%,0.00%,0.00%,0.00%,0.00%,0.00%,0.00%,0.00%,0.00%,0.00%,0.00%,0.00%,0.00%,0.00%,0.00%,0.00%,25.00%,0.00%,0.00%,0.00%,0.00%,0.00%,0.00%,0.00%,0.00%,0.00%,0.00%,5.00%,10.00%,5.00%,0.00%,0.00%,0.00%,10.00%,0.00%,0.00%,0.00%,0.00%,0.00%,15.00%
2026-02-04,30.00%,0.00%,0.00%,0.00%,0.00%,0.00%,0.00%,0.00%,0.00%,0.00%,0.00%,0.00%,0.00%,0.00%,0.00%,0.00%,0.00%,0.00%,0.00%,0.00%,0.00%,0.00%,0.00%,0.00%,0.00%,0.00%,0.00%,25.00%,0.00%,0.00%,0.00%,0.00%,0.00%,0.00%,0.00%,0.00%,0.00%,0.00%,5.00%,10.00%,5.00%,0.00%,0.00%,0.00%,10.00%,0.00%,0.00%,0.00%,0.00%,0.00%,15.00%
2026-02-05,30.00%,0.00%,0.00%,0.00%,0.00%,0.00%,0.00%,0.00%,0.00%,0.00%,0.00%,0.00%,0.00%,0.00%,0.00%,0.00%,0.00%,0.00%,0.00%,0.00%,0.00%,0.00%,0.00%,0.00%,0.00%,0.00%,0.00%,25.00%,0.00%,0.00%,0.00%,0.00%,0.00%,0.00%,0.00%,0.00%,0.00%,0.00%,5.00%,10.00%,5.00%,0.00%,0.00%,0.00%,10.00%,0.00%,0.00%,0.00%,0.00%,0.00%,15.00%
2026-02-06,30.00%,0.00%,0.00%,0.00%,0.00%,0.00%,0.00%,0.00%,0.00%,0.00%,0.00%,0.00%,0.00%,0.00%,0.00%,0.00%,0.00%,0.00%,0.00%,0.00%,0.00%,0.00%,0.00%,0.00%,0.00%,0.00%,0.00%,25.00%,0.00%,0.00%,0.00%,0.00%,0.00%,0.00%,0.00%,0.00%,0.00%,0.00%,5.00%,10.00%,5.00%,0.00%,0.00%,0.00%,10.00%,0.00%,0.00%,0.00%,0.00%,0.00%,15.00%
2026-02-07,30.00%,0.00%,0.00%,0.00%,0.00%,0.00%,0.00%,0.00%,0.00%,0.00%,0.00%,0.00%,0.00%,0.00%,0.00%,0.00%,0.00%,0.00%,0.00%,0.00%,0.00%,0.00%,0.00%,0.00%,0.00%,0.00%,0.00%,25.00%,0.00%,0.00%,0.00%,0.00%,0.00%,0.00%,0.00%,0.00%,0.00%,0.00%,5.00%,10.00%,5.00%,0.00%,0.00%,0.00%,10.00%,0.00%,0.00%,0.00%,0.00%,0.00%,15.00%
2026-02-08,30.00%,0.00%,0.00%,0.00%,0.00%,0.00%,0.00%,0.00%,0.00%,0.00%,0.00%,0.00%,0.00%,0.00%,0.00%,0.00%,0.00%,0.00%,0.00%,0.00%,0.00%,0.00%,0.00%,0.00%,0.00%,0.00%,0.00%,25.00%,0.00%,0.00%,0.00%,0.00%,0.00%,0.00%,0.00%,0.00%,0.00%,0.00%,5.00%,10.00%,5.00%,0.00%,0.00%,0.00%,10.00%,0.00%,0.00%,0.00%,0.00%,0.00%,15.00%
2026-02-09,30.00%,0.00%,0.00%,0.00%,0.00%,0.00%,0.00%,0.00%,0.00%,0.00%,0.00%,0.00%,0.00%,0.00%,0.00%,0.00%,0.00%,0.00%,0.00%,0.00%,0.00%,0.00%,0.00%,0.00%,0.00%,0.00%,0.00%,25.00%,0.00%,0.00%,0.00%,0.00%,0.00%,0.00%,0.00%,0.00%,0.00%,0.00%,5.00%,10.00%,5.00%,0.00%,0.00%,0.00%,10.00%,0.00%,0.00%,0.00%,0.00%,0.00%,15.00%
2026-02-10,30.00%,0.00%,0.00%,0.00%,0.00%,0.00%,0.00%,0.00%,0.00%,0.00%,0.00%,0.00%,0.00%,0.00%,0.00%,0.00%,0.00%,0.00%,0.00%,0.00%,0.00%,0.00%,0.00%,0.00%,0.00%,0.00%,0.00%,25.00%,0.00%,0.00%,0.00%,0.00%,0.00%,0.00%,0.00%,0.00%,0.00%,0.00%,5.00%,10.00%,5.00%,0.00%,0.00%,0.00%,10.00%,0.00%,0.00%,0.00%,0.00%,0.00%,15.00%
2026-02-11,30.00%,0.00%,0.00%,0.00%,0.00%,0.00%,0.00%,0.00%,0.00%,0.00%,0.00%,0.00%,0.00%,0.00%,0.00%,0.00%,0.00%,0.00%,0.00%,0.00%,0.00%,0.00%,0.00%,0.00%,0.00%,0.00%,0.00%,25.00%,0.00%,0.00%,0.00%,0.00%,0.00%,0.00%,0.00%,0.00%,0.00%,0.00%,5.00%,10.00%,5.00%,0.00%,0.00%,0.00%,10.00%,0.00%,0.00%,0.00%,0.00%,0.00%,15.00%
2026-02-12,30.00%,0.00%,0.00%,0.00%,0.00%,0.00%,0.00%,0.00%,0.00%,0.00%,0.00%,0.00%,0.00%,0.00%,0.00%,0.00%,0.00%,0.00%,0.00%,0.00%,0.00%,0.00%,0.00%,0.00%,0.00%,0.00%,0.00%,25.00%,0.00%,0.00%,0.00%,0.00%,0.00%,0.00%,0.00%,0.00%,0.00%,0.00%,5.00%,10.00%,5.00%,0.00%,0.00%,0.00%,10.00%,0.00%,0.00%,0.00%,0.00%,0.00%,15.00%
2026-02-13,30.00%,0.00%,0.00%,0.00%,0.00%,0.00%,0.00%,0.00%,0.00%,0.00%,0.00%,0.00%,0.00%,0.00%,0.00%,0.00%,0.00%,0.00%,0.00%,0.00%,0.00%,0.00%,0.00%,0.00%,0.00%,0.00%,0.00%,25.00%,0.00%,0.00%,0.00%,0.00%,0.00%,0.00%,0.00%,0.00%,0.00%,0.00%,5.00%,10.00%,5.00%,0.00%,0.00%,0.00%,10.00%,0.00%,0.00%,0.00%,0.00%,0.00%,15.00%
2026-02-14,30.00%,0.00%,0.00%,0.00%,0.00%,0.00%,0.00%,0.00%,0.00%,0.00%,0.00%,0.00%,0.00%,0.00%,0.00%,0.00%,0.00%,0.00%,0.00%,0.00%,0.00%,0.00%,0.00%,0.00%,0.00%,0.00%,0.00%,25.00%,0.00%,0.00%,0.00%,0.00%,0.00%,0.00%,0.00%,0.00%,0.00%,0.00%,5.00%,10.00%,5.00%,0.00%,0.00%,0.00%,10.00%,0.00%,0.00%,0.00%,0.00%,0.00%,15.00%
2026-02-15,30.00%,0.00%,0.00%,0.00%,0.00%,0.00%,0.00%,0.00%,0.00%,0.00%,0.00%,0.00%,0.00%,0.00%,0.00%,0.00%,0.00%,0.00%,0.00%,0.00%,0.00%,0.00%,0.00%,0.00%,0.00%,0.00%,0.00%,25.00%,0.00%,0.00%,0.00%,0.00%,0.00%,0.00%,0.00%,0.00%,0.00%,0.00%,5.00%,10.00%,5.00%,0.00%,0.00%,0.00%,10.00%,0.00%,0.00%,0.00%,0.00%,0.00%,15.00%
2026-02-16,30.00%,0.00%,0.00%,0.00%,0.00%,0.00%,0.00%,0.00%,0.00%,0.00%,0.00%,0.00%,0.00%,0.00%,0.00%,0.00%,0.00%,0.00%,0.00%,0.00%,0.00%,0.00%,0.00%,0.00%,0.00%,0.00%,0.00%,25.00%,0.00%,0.00%,0.00%,0.00%,0.00%,0.00%,0.00%,0.00%,0.00%,0.00%,5.00%,10.00%,5.00%,0.00%,0.00%,0.00%,10.00%,0.00%,0.00%,0.00%,0.00%,0.00%,15.00%
2026-02-17,30.00%,0.00%,0.00%,0.00%,0.00%,0.00%,0.00%,0.00%,0.00%,0.00%,0.00%,0.00%,0.00%,0.00%,0.00%,0.00%,0.00%,0.00%,0.00%,0.00%,0.00%,0.00%,0.00%,0.00%,0.00%,0.00%,0.00%,25.00%,0.00%,0.00%,0.00%,0.00%,0.00%,0.00%,0.00%,0.00%,0.00%,0.00%,5.00%,10.00%,5.00%,0.00%,0.00%,0.00%,10.00%,0.00%,0.00%,0.00%,0.00%,0.00%,15.00%
2026-02-18,30.00%,0.00%,0.00%,0.00%,0.00%,0.00%,0.00%,0.00%,0.00%,0.00%,0.00%,0.00%,0.00%,0.00%,0.00%,0.00%,0.00%,0.00%,0.00%,0.00%,0.00%,0.00%,0.00%,0.00%,0.00%,0.00%,0.00%,25.00%,0.00%,0.00%,0.00%,0.00%,0.00%,0.00%,0.00%,0.00%,0.00%,0.00%,5.00%,10.00%,5.00%,0.00%,0.00%,0.00%,10.00%,0.00%,0.00%,0.00%,0.00%,0.00%,15.00%
2026-02-19,30.00%,0.00%,0.00%,0.00%,0.00%,0.00%,0.00%,0.00%,0.00%,0.00%,0.00%,0.00%,0.00%,0.00%,0.00%,0.00%,0.00%,0.00%,0.00%,0.00%,0.00%,0.00%,0.00%,0.00%,0.00%,0.00%,0.00%,25.00%,0.00%,0.00%,0.00%,0.00%,0.00%,0.00%,0.00%,0.00%,0.00%,0.00%,5.00%,10.00%,5.00%,0.00%,0.00%,0.00%,10.00%,0.00%,0.00%,0.00%,0.00%,0.00%,15.00%
2026-02-20,30.00%,0.00%,0.00%,0.00%,0.00%,0.00%,0.00%,0.00%,0.00%,0.00%,0.00%,0.00%,0.00%,0.00%,0.00%,0.00%,0.00%,0.00%,0.00%,0.00%,0.00%,0.00%,0.00%,0.00%,0.00%,0.00%,0.00%,25.00%,0.00%,0.00%,0.00%,0.00%,0.00%,0.00%,0.00%,0.00%,0.00%,0.00%,5.00%,10.00%,5.00%,0.00%,0.00%,0.00%,10.00%,0.00%,0.00%,0.00%,0.00%,0.00%,15.00%
2026-02-21,30.00%,0.00%,0.00%,0.00%,0.00%,0.00%,0.00%,0.00%,0.00%,0.00%,0.00%,0.00%,0.00%,0.00%,0.00%,0.00%,0.00%,0.00%,0.00%,0.00%,0.00%,0.00%,0.00%,0.00%,0.00%,0.00%,0.00%,25.00%,0.00%,0.00%,0.00%,0.00%,0.00%,0.00%,0.00%,0.00%,0.00%,0.00%,5.00%,10.00%,5.00%,0.00%,0.00%,0.00%,10.00%,0.00%,0.00%,0.00%,0.00%,0.00%,15.00%
2026-02-22,30.00%,0.00%,0.00%,0.00%,0.00%,0.00%,0.00%,0.00%,0.00%,0.00%,0.00%,0.00%,0.00%,0.00%,0.00%,0.00%,0.00%,0.00%,0.00%,0.00%,0.00%,0.00%,0.00%,0.00%,0.00%,0.00%,0.00%,25.00%,0.00%,0.00%,0.00%,0.00%,0.00%,0.00%,0.00%,0.00%,0.00%,0.00%,5.00%,10.00%,5.00%,0.00%,0.00%,0.00%,10.00%,0.00%,0.00%,0.00%,0.00%,0.00%,15.00%
2026-02-23,30.00%,0.00%,0.00%,0.00%,0.00%,0.00%,0.00%,0.00%,0.00%,0.00%,0.00%,0.00%,0.00%,0.00%,0.00%,0.00%,0.00%,0.00%,0.00%,0.00%,0.00%,0.00%,0.00%,0.00%,0.00%,0.00%,0.00%,25.00%,0.00%,0.00%,0.00%,0.00%,0.00%,0.00%,0.00%,0.00%,0.00%,0.00%,5.00%,10.00%,5.00%,0.00%,0.00%,0.00%,10.00%,0.00%,0.00%,0.00%,0.00%,0.00%,15.00%
2026-02-24,30.00%,0.00%,0.00%,0.00%,0.00%,0.00%,0.00%,0.00%,0.00%,0.00%,0.00%,0.00%,0.00%,0.00%,0.00%,0.00%,0.00%,0.00%,0.00%,0.00%,0.00%,0.00%,0.00%,0.00%,0.00%,0.00%,0.00%,25.00%,0.00%,0.00%,0.00%,0.00%,0.00%,0.00%,0.00%,0.00%,0.00%,0.00%,5.00%,10.00%,5.00%,0.00%,0.00%,0.00%,10.00%,0.00%,0.00%,0.00%,0.00%,0.00%,15.00%
2026-02-25,30.00%,0.00%,0.00%,0.00%,0.00%,0.00%,0.00%,0.00%,0.00%,0.00%,0.00%,0.00%,0.00%,0.00%,0.00%,0.00%,0.00%,0.00%,0.00%,0.00%,0.00%,0.00%,0.00%,0.00%,0.00%,0.00%,0.00%,25.00%,0.00%,0.00%,0.00%,0.00%,0.00%,0.00%,0.00%,0.00%,0.00%,0.00%,5.00%,10.00%,5.00%,0.00%,0.00%,0.00%,10.00%,0.00%,0.00%,0.00%,0.00%,0.00%,15.00%
2026-02-26,30.00%,0.00%,0.00%,0.00%,0.00%,0.00%,0.00%,0.00%,0.00%,0.00%,0.00%,0.00%,0.00%,0.00%,0.00%,0.00%,0.00%,0.00%,0.00%,0.00%,0.00%,0.00%,0.00%,0.00%,0.00%,0.00%,0.00%,25.00%,0.00%,0.00%,0.00%,0.00%,0.00%,0.00%,0.00%,0.00%,0.00%,0.00%,5.00%,10.00%,5.00%,0.00%,0.00%,0.00%,10.00%,0.00%,0.00%,0.00%,0.00%,0.00%,15.00%
2026-02-27,30.00%,0.00%,0.00%,0.00%,0.00%,0.00%,0.00%,0.00%,0.00%,0.00%,0.00%,0.00%,0.00%,0.00%,0.00%,0.00%,0.00%,0.00%,0.00%,0.00%,0.00%,0.00%,0.00%,0.00%,0.00%,0.00%,0.00%,25.00%,0.00%,0.00%,0.00%,0.00%,0.00%,0.00%,0.00%,0.00%,0.00%,0.00%,5.00%,10.00%,5.00%,0.00%,0.00%,0.00%,10.00%,0.00%,0.00%,0.00%,0.00%,0.00%,15.00%
2026-02-28,30.00%,0.00%,0.00%,0.00%,0.00%,0.00%,0.00%,0.00%,0.00%,0.00%,0.00%,0.00%,0.00%,0.00%,0.00%,0.00%,0.00%,0.00%,0.00%,0.00%,0.00%,0.00%,0.00%,0.00%,0.00%,0.00%,0.00%,25.00%,0.00%,0.00%,0.00%,0.00%,0.00%,0.00%,0.00%,0.00%,0.00%,0.00%,5.00%,10.00%,5.00%,0.00%,0.00%,0.00%,10.00%,0.00%,0.00%,0.00%,0.00%,0.00%,15.00%
2026-03-01,30.00%,0.00%,0.00%,0.00%,0.00%,0.00%,0.00%,0.00%,0.00%,0.00%,0.00%,0.00%,0.00%,0.00%,0.00%,0.00%,0.00%,0.00%,0.00%,0.00%,0.00%,0.00%,0.00%,0.00%,0.00%,0.00%,0.00%,25.00%,0.00%,0.00%,0.00%,0.00%,0.00%,0.00%,0.00%,0.00%,0.00%,0.00%,5.00%,10.00%,5.00%,0.00%,0.00%,0.00%,10.00%,0.00%,0.00%,0.00%,0.00%,0.00%,15.00%
2026-03-02,30.00%,0.00%,0.00%,0.00%,0.00%,0.00%,0.00%,0.00%,0.00%,0.00%,0.00%,0.00%,0.00%,0.00%,0.00%,0.00%,0.00%,0.00%,0.00%,0.00%,0.00%,0.00%,0.00%,0.00%,0.00%,0.00%,0.00%,25.00%,0.00%,0.00%,0.00%,0.00%,0.00%,0.00%,0.00%,0.00%,0.00%,0.00%,5.00%,10.00%,5.00%,0.00%,0.00%,0.00%,10.00%,0.00%,0.00%,0.00%,0.00%,0.00%,15.00%
