timestamp,bitcoin_open,bitcoin_close,bitcoin_high,bitcoin_low,bitcoin_total_volume,bitcoin_market_cap,bitcoin_log_return_1,returns_1d,returns_7d,sma_7,sma_21,price_vs_sma7,price_vs_sma21,volume_sma_7,volume_ratio,volatility_7d,signal,confidence,strategy_returns,position_change,transaction_cost,strategy_returns_gross,label,barrier_touched,days_to_barrier,return_at_barrier,volatility
2022-01-21,40667.0,36509.0,41179.0,35762.0,38296960033.31628,692855029162.9379,-0.10886582779347702,-0.10314925813107989,-0.15333596159643792,41429.57142857143,43049.80952380953,-0.1187695469419704,-0.15193585282164856,20649924463.351196,1.8545811197171427,0.0369974682903776,-1,0.16829662323293615,-0.10986582779347702,1,0.001,-0.10886582779347702,,,,,
2022-01-22,36385.0,35180.0,36801.0,34020.0,35517336417.257744,666220701468.4846,-0.03708106622679605,-0.036401983072667066,-0.18615680014805558,40280.0,42448.09523809524,-0.12661370407149952,-0.17122311843035187,23630828433.711643,1.503008517745779,0.035446059424737705,1,0.9030275518092198,0.03608106622679605,1,0.001,0.03708106622679605,,,,,
2022-01-23,35219.0,36306.0,36706.0,34805.0,22865032968.608204,687575973800.0704,0.03150527755882725,0.03200682205798744,-0.1580241187384045,39306.57142857143,41920.42857142857,-0.07633765346397914,-0.13393061003329443,24832640802.291332,0.9207652601530171,0.04152756863039275,1,0.8140893152520481,0.03150527755882725,0,0.0,0.03150527755882725,,,,,
2022-01-24,36265.0,36774.0,37476.0,33065.0,36385158448.60688,696465421899.37,0.012808056863410392,0.012890431333663965,-0.13059719135656533,38517.42857142857,41455.80952380953,-0.045263368716202734,-0.11293494392192727,27502673491.257195,1.322968054730146,0.04379083945234886,1,0.8751897144025815,0.012808056863410392,0,0.0,0.012808056863410392,,,,,
2022-01-25,36675.0,36989.0,37542.0,35707.0,46168918584.85349,700571452648.8236,0.00582949741367499,0.005846521999238519,-0.1275150371506074,37745.142857142855,41029.666666666664,-0.020032851909044025,-0.09848158649432515,31398526139.05255,1.4704167444162282,0.044097420295471576,1,0.8758647698432515,0.00582949741367499,0,0.0,0.00582949741367499,,,,,
2022-01-26,36955.0,36870.0,39216.0,36355.0,26756873749.744743,700165819656.2855,-0.0032223588992716396,-0.0032171726729568473,-0.11688622754491018,37048.0,40706.95238095238,-0.0048045778449579135,-0.0942579131211938,32417206201.936924,0.8253911081376909,0.044474557835382164,1,0.8891906457512474,-0.0032223588992716396,0,0.0,-0.0032223588992716396,,,,,
2022-01-27,36886.0,37277.0,37277.0,35580.0,22057410457.280827,702311456032.8538,0.01097830223027956,0.011038784919989109,-0.08428318757983688,36557.857142857145,40424.142857142855,0.019671362419647842,-0.07785305104092666,32578241522.809742,0.6770595779958618,0.04543292150865591,1,0.8173588096371398,0.01097830223027956,0,0.0,0.01097830223027956,,,,,
2022-01-28,37367.0,37853.0,38022.0,36244.0,19214103304.052933,717026944842.8334,0.015333722503979153,0.015451887222684313,0.03681284066942392,36749.857142857145,40249.19047619047,0.030017609397898548,-0.05953388000705129,29852119132.914974,0.6436428589375233,0.021286622698325913,1,0.7633756179601064,0.015333722503979153,0,0.0,0.015333722503979153,,,,,
2022-01-29,37782.0,38232.0,38782.0,37422.0,14178650231.62196,722829009646.1814,0.009962624295545223,0.010012416453121231,0.086753837407618,37185.857142857145,40081.333333333336,0.028132815471319628,-0.04613951631682256,26803735392.109863,0.5289803836742728,0.010702672989563705,1,0.877456975390611,0.009962624295545223,0,0.0,0.009962624295545223,,,,,
2022-01-30,38254.0,37983.0,38386.0,37504.0,11807185113.633108,719570142321.8397,-0.006534170069631306,-0.0065128688010044344,0.04619071227896221,37425.42857142857,39896.619047619046,0.014898197558573578,-0.04796444143136602,25224042841.399136,0.468092493652702,0.008347621954451953,-1,0.09433384355750643,-0.007534170069631306,1,0.001,-0.006534170069631306,,,,,
2022-01-31,37995.0,38556.0,38715.0,36832.0,17731563487.283978,727905398095.9747,0.014973038715495796,0.015085696232524981,0.048458149779735615,37680.0,39738.80952380953,0.023248407643312152,-0.029764593805983175,22559243561.21015,0.7859999134799358,0.00866293438581675,-1,0.07468554382004301,-0.014973038715495796,0,0.0,-0.014973038715495796,0.0,lower,2.0,-0.0412,0.0156
2022-02-01,38430.0,38836.0,39138.0,38196.0,17109120250.158987,736102274236.6057,0.00723592158617684,0.0072621641249093205,0.04993376409202743,37943.857142857145,39551.142857142855,0.023512181531360143,-0.01808147136799365,18407843799.11093,0.9294472745898316,0.008653074598306052,1,0.6404414622424462,-0.00823592158617684,1,0.001,-0.00723592158617684,0.0,lower,1.0,-0.0484,0.0144
2022-02-02,38801.0,37001.0,38900.0,36849.0,16709908527.231106,700645616423.8325,-0.048402712201870486,-0.047249974250695215,0.0035530241388663786,37962.57142857143,39218.71428571428,-0.025329459843906332,-0.05654734802262762,16972563053.037556,0.9845247576935976,0.02240706903596734,1,0.8472724490535303,-0.048402712201870486,0,0.0,-0.048402712201870486,1.0,upper,2.0,0.1189,0.0238
2022-02-03,37052.0,37101.0,37180.0,36415.0,16136299994.837618,703003347951.7092,0.0026989841220017353,0.0027026296586578624,-0.004721409984709046,37937.42857142857,38956.47619047619,-0.022047582108886132,-0.04762946682867086,16126690129.831385,1.0005958981619207,0.021985226769153026,-1,0.3704274751698585,0.0016989841220017353,1,0.001,0.0026989841220017353,1.0,upper,1.0,0.1162,0.0222
2022-02-04,37282.0,41674.0,41674.0,37128.0,25347215343.882504,777355085535.6107,0.11623350971997881,0.12325813320395684,0.10094312207751033,38483.28571428572,38887.57142857143,0.0829116907896934,0.07165344785149874,17002848992.66418,1.4907628336179701,0.0521114848083295,1,0.9550500607636655,-0.11723350971997881,1,0.001,-0.11623350971997881,1.0,time,5.0,0.063,0.0455
2022-02-05,41617.0,41494.0,41957.0,41191.0,16752051696.248552,786295053042.2418,-0.004328594677060671,-0.004319239813792786,0.08532119690311779,38949.28571428572,38805.04761904762,0.06533404243613483,0.0692938817483244,17370477773.325123,0.9643978660145863,0.05261629455124861,1,0.7563915569769236,-0.004328594677060671,0,0.0,-0.004328594677060671,1.0,time,5.0,0.0502,0.043
2022-02-06,41518.0,42476.0,42526.0,41387.0,13206494654.908047,804942041477.0581,0.02339037207065127,0.023666072203210042,0.11828976120896195,39591.142857142855,38774.380952380954,0.07286622549054989,0.09546558724341803,17570379136.3644,0.7516340172520994,0.05199426118388358,1,0.7610807656914752,0.02339037207065127,0,0.0,0.02339037207065127,0.0,time,5.0,-0.0007,0.0404
2022-02-07,42413.0,43911.0,44476.0,41788.0,24171856714.475758,833392518214.8341,0.033225647628320386,0.03378378378378377,0.13888888888888884,40356.142857142855,38851.19047619047,0.08808713844236848,0.13023563658648696,18490421025.963223,1.3072637275557424,0.0523465949235223,-1,0.053216468228953255,0.032225647628320385,1,0.001,0.033225647628320386,0.0,time,5.0,-0.0384,0.0385
2022-02-08,43978.0,44184.0,45302.0,42901.0,29024977264.932137,837406846076.2306,0.006197874428966801,0.006217120994739256,0.13770728190338866,41120.142857142855,38936.380952380954,0.07450988566604488,0.1347741859737006,20192686313.78796,1.4374004931237563,0.05239002388370324,-1,0.05399148218315037,-0.006197874428966801,0,0.0,-0.006197874428966801,0.0,time,5.0,-0.0448,0.0363
2022-02-09,44166.0,44384.0,44758.0,43309.0,19780565063.098923,841339973338.8694,0.004516311533534641,0.004526525439072948,0.19953514769871084,42174.857142857145,39061.80952380953,0.052380565265696566,0.1362504845799941,20631351533.19765,0.9587624461378723,0.04440515266994797,-1,0.04830743516610202,-0.004516311533534641,0,0.0,-0.004516311533534641,0.0,time,5.0,-0.0402,0.0344
2022-02-10,44390.0,43628.0,45694.0,43341.0,27877618433.98099,826942197610.3904,-0.017179898065924654,-0.017033165104542225,0.17592517721894296,43107.28571428572,39200.857142857145,0.012079496008298163,0.11293484836337386,22308682738.78956,1.2496308616872462,0.046777003575200427,-1,0.04068886034268468,0.017179898065924654,0,0.0,0.017179898065924654,1.0,time,5.0,0.0215,0.0339
2022-02-11,43477.0,42445.0,43926.0,42158.0,23279080009.72499,803706779791.898,-0.02749002587656531,-0.027115613825983265,0.01850074386907896,43217.42857142857,39483.52380952381,-0.01787308030490342,0.07500536691615789,22013234833.909912,1.0575038237390322,0.021404926019725518,-1,0.21740234704515646,0.02749002587656531,0,0.0,0.02749002587656531,1.0,time,5.0,0.0374,0.0342
2022-02-12,42437.0,42255.0,43039.0,41914.0,15479727288.782782,799547462142.6093,-0.004486430193485452,-0.004476381199198909,0.018340000963994685,43326.142857142855,39820.42857142857,-0.024722783670696913,0.06113875505393862,21831474204.271946,0.7090555197483519,0.02141373936505409,1,0.8025233867265188,0.003486430193485452,1,0.001,0.004486430193485452,0.0,time,5.0,-0.0409,0.0324
2022-02-13,42268.0,42248.0,42751.0,41992.0,12146423251.39967,802059713029.3901,-0.00016567459181362007,-0.00016566086853631035,-0.005367737075054113,43293.57142857143,40103.380952380954,-0.024150731715365192,0.053477262931162395,21680035432.342175,0.560258459415601,0.019336235796094253,1,0.7438158310503734,-0.00016567459181362007,0,0.0,-0.00016567459181362007,0.0,time,5.0,-0.0529,0.0307
2022-02-14,42172.0,42635.0,42857.0,41715.0,18090873762.822777,808280617642.0496,0.009118496789380818,0.009160196932399112,-0.029058777982737816,43111.28571428572,40382.47619047619,-0.011047819762143862,0.05577973472699149,20811323582.10604,0.8692803074946008,0.013349742080512716,-1,0.3906264372034901,0.008118496789380817,1,0.001,0.009118496789380818,0.0,lower,4.0,-0.062,0.0291
2022-02-15,42626.0,44574.0,44707.0,42527.0,19801081788.555756,848321283143.9929,0.04447521720371131,0.045479066494664044,0.008826724606192382,43167.0,40743.666666666664,0.03259434290082708,0.09401052106257834,19493624228.337986,1.0157722112941325,0.023104175854612403,-1,0.040966567522123076,-0.04447521720371131,0,0.0,-0.04447521720371131,0.0,lower,2.0,-0.0943,0.0302
2022-02-16,44527.0,44063.0,44527.0,43515.0,16847003857.433496,836256083783.791,-0.011530301371888846,-0.011464082200385861,-0.007232335976928628,43121.142857142855,41086.19047619047,0.021842119212318822,0.07245279957348671,19074544056.100063,0.8832192165581962,0.023539418988823207,-1,0.11756612340410794,0.011530301371888846,0,0.0,0.011530301371888846,0.0,lower,1.0,-0.0828,0.0293
2022-02-17,43954.0,40563.0,44194.0,40329.0,22270664615.4777,770096677778.6456,-0.08276410698110466,-0.07943172276059274,-0.0702530485009627,42683.28571428572,41242.666666666664,-0.04967484763189345,-0.01647969740074995,18273550653.456738,1.2187376738009503,0.03805161650245502,-1,0.0214657905311661,0.08276410698110466,0,0.0,0.08276410698110466,0.0,lower,4.0,-0.0903,0.0394
2022-02-18,40558.0,40073.0,40994.0,39791.0,20130002755.177864,759881874201.3011,-0.012153530219933288,-0.012079974360870716,-0.055884085286841745,42344.42857142857,41348.380952380954,-0.05364173394374705,-0.03084476158449234,17823682474.23572,1.12939639629891,0.03732315765702534,-1,0.06638339903331857,0.012153530219933288,0,0.0,0.012153530219933288,0.0,lower,3.0,-0.0782,0.0374
2022-02-19,40056.0,40193.0,40442.0,39763.0,11735183838.17719,761447243939.9269,0.0029900602846683042,0.0029945349736730797,-0.048798958703112016,42049.857142857145,41441.76190476191,-0.044158464951469245,-0.030132934686312618,17288747695.577778,0.6787758167804652,0.03753254048303201,-1,0.08228034438932384,-0.0029900602846683042,0,0.0,-0.0029900602846683042,0.0,lower,2.0,-0.0812,0.0355
2022-02-20,40188.0,38514.0,40188.0,38195.0,15998424231.017673,730381814665.4404,-0.04267103955176942,-0.041773443136864596,-0.08838288202991862,41516.42857142857,41467.04761904762,-0.0723190475371196,-0.07121432049315113,17839033549.80892,0.8968212423810951,0.03959973758420466,-1,0.10357214144404239,0.04267103955176942,0,0.0,0.04267103955176942,1.0,time,5.0,0.0206,0.0359
2022-02-21,38512.0,37060.0,39468.0,36957.0,25174914104.16337,703004241590.1829,-0.038483590700482385,-0.03775250558238563,-0.13076111176263638,40720.0,41395.80952380953,-0.08988212180746558,-0.10474030037546944,18851039312.85758,1.3354655775924522,0.03930249076941002,1,0.8984786834680363,0.037483590700482385,1,0.001,0.038483590700482385,1.0,time,5.0,0.0533,0.0354
2022-02-22,37162.0,38337.0,38344.0,36546.0,22212181617.200245,727094284067.6588,0.033877266437462174,0.034457636265515346,-0.13992461973347692,39829.0,41372.04761904762,-0.037460142107509586,-0.07335985994684702,19195482145.521076,1.157156743905131,0.03639526723129785,1,0.9487294893203854,0.033877266437462174,0,0.0,0.033877266437462174,0.0,time,5.0,-0.014,0.0362
2022-02-23,38302.0,37372.0,39232.0,37256.0,18507851467.85067,708829287814.1068,-0.025493726363966726,-0.02517150533427237,-0.15185075914032187,38873.142857142855,41389.71428571428,-0.0386164520491562,-0.0970703556439142,19432746089.866386,0.9524053565183964,0.036182310127209814,1,0.8943655423296755,-0.025493726363966726,0,0.0,-0.025493726363966726,1.0,upper,5.0,0.1455,0.0349
2022-02-24,37318.0,38363.0,38905.0,34557.0,40839699480.89129,727657714638.0917,0.02617169249162984,0.02651717863641223,-0.05423661957941972,38558.857142857145,41449.80952380953,-0.005079433296778291,-0.07447101830555836,22085465356.35404,1.8491663554257693,0.030140987191214764,-1,0.0758141414581996,0.02517169249162984,1,0.001,0.02617169249162984,1.0,upper,4.0,0.1193,0.0347
2022-02-25,38361.0,39316.0,39610.0,38107.0,22579249141.515377,745763194704.1796,0.02453810728204375,0.024841644292677767,-0.01889052479225417,38450.71428571428,41337.52380952381,0.02250376177295621,-0.0489028762060989,22435357697.2594,1.0064136015212075,0.03236352543398021,1,0.8242024129208313,-0.02553810728204375,1,0.001,-0.02453810728204375,1.0,upper,3.0,0.0948,0.0341
2022-02-26,39256.0,39090.0,39877.0,38826.0,14568201294.74542,741083625917.93,-0.00576488089951952,-0.005748295859192232,-0.027442589505635273,38293.142857142855,41223.04761904762,0.020809395191977664,-0.051744054412464546,22840074476.769146,0.63783510467809,0.03229514706397159,1,0.8287938419620771,-0.00576488089951952,0,0.0,-0.00576488089951952,1.0,upper,2.0,0.1006,0.0324
2022-02-27,39179.0,37804.0,39851.0,37421.0,19424397945.619602,717619764688.0872,-0.03345176267205373,-0.032898439498592946,-0.018434854857973693,38191.71428571428,41000.57142857143,-0.01015179059032989,-0.0779640701871751,23329499293.14085,0.8326110089868326,0.03067666469753457,1,0.7911067831501322,-0.03345176267205373,0,0.0,-0.03345176267205373,1.0,upper,1.0,0.134,0.0323
2022-02-28,37788.0,43225.0,44199.0,37588.0,30634280854.538326,819019441071.749,0.13400411443654453,0.14339752407152684,0.16635186184565565,39072.42857142857,40967.90476190476,0.10627881553305762,0.05509423172146377,24109408828.9087,1.270635919442616,0.05903591709753303,-1,0.08364222777230605,0.13300411443654453,1,0.001,0.13400411443654453,0.0,time,5.0,-0.0911,0.0522
2022-03-01,43286.0,44460.0,44755.0,42992.0,27880763034.093914,841254375272.0455,0.028170876966696224,0.02857142857142847,0.15971515768056976,39947.142857142855,40981.04761904762,0.11297071129707126,0.08489173857369603,24919206174.17923,1.1188463564695488,0.058897712805499984,-1,0.11279960497951008,-0.028170876966696224,0,0.0,-0.028170876966696224,0.0,lower,3.0,-0.1259,0.05
2022-03-02,44417.0,43981.0,44969.0,43471.0,25615956856.40275,834437956671.6672,-0.010832186059927232,-0.010773729194781811,0.176843626244247,40891.28571428572,40961.857142857145,0.07555923546407017,0.07370620054196753,25934649801.11524,0.9877116927679206,0.05716982281463697,-1,0.15239441154937933,0.010832186059927232,0,0.0,0.010832186059927232,0.0,lower,2.0,-0.1151,0.0479
2022-03-03,43975.0,42492.0,44090.0,41979.0,22366184128.900482,807454920681.7217,-0.034441899558356276,-0.03385552852368068,0.10762974741287179,41481.142857142855,40907.76190476191,0.024369076482257057,0.03872707822359933,23295576179.40227,0.9601043544343175,0.06128140046453696,-1,0.10291820868357628,0.034441899558356276,0,0.0,0.034441899558356276,0.0,lower,3.0,-0.1001,0.0474
2022-03-04,42488.0,39200.0,42488.0,38760.0,25121267305.979286,743810477766.2219,-0.08063907612135016,-0.07747340675891934,-0.0029504527418862114,41464.57142857143,40753.23809523809,-0.05461461075203611,-0.03811324370368463,23658721631.46854,1.0618184573660738,0.07040471439091277,-1,0.06949115207294942,0.08063907612135016,0,0.0,0.08063907612135016,1.0,time,5.0,0.0687,0.0519
2022-03-05,39206.0,39463.0,39624.0,38828.0,14818212144.749968,748197160856.1006,0.00668677726399887,0.006709183673469399,0.009542082374008665,41517.857142857145,40620.28571428572,-0.04949333333333339,-0.028490339098691142,23694437467.183475,0.6253878010513236,0.07034535015977972,-1,0.06565985397886735,-0.00668677726399887,0,0.0,-0.00668677726399887,1.0,time,5.0,0.0001,0.0494
2022-03-06,39466.0,38443.0,39668.0,38254.0,16995562040.606796,729501899968.2964,-0.026186899299100952,-0.0258469959202291,0.016902973230346063,41609.142857142855,40439.09523809524,-0.07609247967479671,-0.049360531593071744,23347460909.324505,0.727940485974606,0.06978749204123813,1,0.8357633795115202,0.02518689929910095,1,0.001,0.026186899299100952,1.0,time,5.0,0.0086,0.0475
2022-03-07,38470.0,38076.0,39455.0,37275.0,24596395439.058964,723198804467.6718,-0.009592462372255991,-0.009546601461904669,-0.1191208791208791,40873.57142857143,40222.0,-0.06844450657952217,-0.05335388593307144,22484905849.970306,1.093906979338828,0.033543836974215396,1,0.7928824584412142,-0.009592462372255991,0,0.0,-0.009592462372255991,1.0,upper,2.0,0.0978,0.0452
2022-03-08,38032.0,38733.0,39335.0,37991.0,22556397749.428085,735453953725.9198,0.017107787471632517,0.017254963756697217,-0.12881241565452095,40055.42857142857,39943.857142857145,-0.03301496497710321,-0.0303139764025937,21724282237.87519,1.038303475458542,0.031142387317194355,-1,0.06324143593530816,0.016107787471632516,1,0.001,0.017107787471632517,0.0,time,5.0,-0.023,0.0435
2022-03-09,38736.0,41986.0,42501.0,38736.0,29211702119.448605,796849504897.2562,0.08064427952143943,0.08398523223091425,-0.045360496578067844,39770.42857142857,39844.95238095238,0.05570901567208941,0.05373447553851585,22237960132.596027,1.313596298638497,0.0501481657603007,-1,0.12572495394471533,-0.08064427952143943,0,0.0,-0.08064427952143943,0.0,lower,4.0,-0.1036,0.0485
2022-03-10,41913.0,39468.0,42004.0,38909.0,27653455219.04128,749384110700.1091,-0.06184601238721048,-0.059972371742961994,-0.07116633719288334,39338.42857142857,39792.80952380953,0.003293762188190996,-0.008162517994995566,22993284574.044712,1.2026752911263954,0.053467676914185656,-1,0.13228273389875206,0.06184601238721048,0,0.0,0.06184601238721048,0.0,time,5.0,-0.0035,0.0503
2022-03-11,39437.0,38775.0,40183.0,38347.0,23624165274.522385,738267961692.6816,-0.017714507932317755,-0.01755852842809369,-0.010841836734693855,39277.71428571428,39731.0,-0.012798969972066976,-0.024061815710654133,22779412855.265156,1.0370840295412609,0.04482730245462438,1,0.7469251509957122,0.016714507932317754,1,0.001,0.017714507932317755,1.0,time,5.0,0.0598,0.0481
2022-03-12,38751.0,38904.0,39345.0,38751.0,12440826653.84724,738456528057.6692,0.003321364038882238,0.003326885880077457,-0.014165167371968712,39197.857142857145,39669.619047619046,-0.007496765493740565,-0.019299884042244142,22439786356.564766,0.5544093181710562,0.04475216048916488,1,0.841887757299584,0.003321364038882238,0,0.0,0.003321364038882238,1.0,time,5.0,0.0525,0.0458
2022-03-13,38814.0,37853.0,39238.0,37768.0,14461647575.513742,718551088031.3688,-0.027386836121172885,-0.027015216944273113,-0.015347397445568789,39113.57142857143,39638.142857142855,-0.03222849212001677,-0.04503598626142924,22077798575.837185,0.6550312308465909,0.04486146356553414,1,0.866021307159633,-0.027386836121172885,0,0.0,-0.027386836121172885,1.0,upper,5.0,0.1001,0.0442
2022-03-14,37867.0,39669.0,39715.0,37709.0,21250969229.221596,751354026218.9767,0.046859789262483666,0.04797506142181596,0.0418373778758272,39341.142857142855,39762.380952380954,0.008333696457361928,-0.0023484748685644874,21599880545.860416,0.9838466089709145,0.04825219955880754,1,0.6705583619926625,0.046859789262483666,0,0.0,0.046859789262483666,1.0,time,5.0,0.0619,0.0448
2022-03-15,39699.0,39332.0,39781.0,38321.0,20768829817.938637,747642430663.595,-0.008531589324885729,-0.00849529859588094,0.01546484909508683,39426.71428571428,39809.76190476191,-0.002402287064245723,-0.012001124395189078,21344513698.504787,0.9730289530744156,0.048308862147512406,1,0.8921279746474369,-0.008531589324885729,0,0.0,-0.008531589324885729,1.0,time,5.0,0.0484,0.0427
2022-03-16,39309.0,41166.0,41551.0,39029.0,34974203468.766266,779761001844.4108,0.045574236018899025,0.046628699277941665,-0.01953031963035301,39309.57142857143,39990.42857142857,0.047225866473814104,0.02939631983367441,22167728176.978733,1.5777080623483604,0.03907529118559465,1,0.8027911835992337,0.045574236018899025,0,0.0,0.045574236018899025,0.0,time,5.0,-0.0025,0.043
2022-03-17,41129.0,41002.0,41374.0,40681.0,18861644942.593346,778474325709.8895,-0.0039918269344253535,-0.0039838701841324875,0.03886693017127807,39528.71428571428,40116.09523809524,0.03727127838352606,0.022083524247481723,20911755280.343315,0.9019637371293725,0.029928700706665815,-1,0.14532307286864768,-0.0049918269344253535,1,0.001,-0.0039918269344253535,1.0,time,5.0,0.0336,0.0409
2022-03-18,40943.0,41837.0,42337.0,40311.0,30316128166.48974,794378970588.3145,0.020160269462751415,0.020364860250719374,0.07896840747904577,39966.142857142855,40236.142857142855,0.04681105078226944,0.03978654585607111,21867749979.195797,1.386339618631612,0.028379608247425983,-1,0.07810527897533882,-0.020160269462751415,0,0.0,-0.020160269462751415,1.0,time,5.0,0.0228,0.0393
2022-03-19,41828.0,42202.0,42323.0,41612.0,16580741571.959858,800887993391.0255,0.008686497818730085,0.008724334918851717,0.08477277400781413,40437.28571428572,40384.333333333336,0.04364077001070443,0.0450092032388798,22459166396.069027,0.7382616647277677,0.028200991760509345,-1,0.18695885790859207,-0.008686497818730085,0,0.0,-0.008686497818730085,1.0,time,5.0,0.0403,0.0374
2022-03-20,42223.0,41283.0,42271.0,41021.0,16856192301.960054,784054464871.6631,-0.02201682033261068,-0.021776219136533825,0.09061368980001583,40927.28571428572,40550.0,0.008691372503848216,0.018076448828606706,22801244214.132786,0.7392663375585514,0.027037637959544936,1,0.5541212228573937,0.02101682033261068,1,0.001,0.02201682033261068,1.0,time,5.0,0.0713,0.0364
2022-03-21,41249.0,41062.0,41481.0,40615.0,21335882483.315796,779205413378.8728,-0.005367673340681736,-0.005353293123077307,0.035115581436386156,41126.28571428572,40447.0,-0.0015631295938642875,0.015205083195292568,22813374679.003387,0.9352357020179297,0.02261898920962411,1,0.602188706474957,-0.005367673340681736,0,0.0,-0.005367673340681736,1.0,upper,4.0,0.0766,0.0347
2022-03-22,41009.0,42402.0,43080.0,40937.0,28688623151.357098,803937099701.4115,0.03211241132619967,0.0326335784910623,0.07805349333875733,41564.857142857145,40349.0,0.020140640788578246,0.050881062727700765,23944773726.634594,1.1981162770164646,0.02379255553753283,-1,0.4546179057658675,0.03111241132619967,1,0.001,0.03211241132619967,1.0,upper,5.0,0.0969,0.0343
2022-03-23,42370.0,42802.0,42802.0,41868.0,21851891598.642384,810894331277.664,0.009389299531177066,0.009433517286920434,0.03974153427585869,41798.57142857143,40292.857142857145,0.02400628866331722,0.06227264669384858,22070157745.188324,0.9901103495015333,0.017955750521019023,-1,0.4060263781908835,-0.009389299531177066,0,0.0,-0.009389299531177066,1.0,upper,4.0,0.0875,0.0326
2022-03-24,42845.0,43936.0,44133.0,42726.0,26212783703.864426,834251096724.507,0.026149199117611228,0.02649408906125883,0.07155748500073167,42217.71428571428,40361.619047619046,0.04070058607761129,0.08855890910034758,23120320425.369907,1.1337552084745832,0.018881760846941913,1,0.7402843683232294,-0.02714919911761123,1,0.001,-0.026149199117611228,1.0,upper,4.0,0.0673,0.0317
2022-03-25,43939.0,44332.0,44999.0,43721.0,26147756108.07925,842031938721.7855,0.008972734327846114,0.00901310997815008,0.0596362071850276,42574.142857142855,40606.0,0.041289313768585245,0.09175983844752,22524838702.739838,1.160840992166516,0.01833007296563538,1,0.6933434780565995,0.008972734327846114,0,0.0,0.008972734327846114,1.0,upper,4.0,0.0682,0.0302
2022-03-26,44298.0,44511.0,44737.0,44157.0,13676534294.229202,845235093872.7649,0.004029585723359656,0.004037715420012633,0.0547130467750343,42904.0,40846.380952380954,0.03745571508484047,0.08971710497170582,22109951948.778316,0.6185691550082676,0.018403941028636316,1,0.8752763818527872,0.004029585723359656,0,0.0,0.004029585723359656,1.0,upper,3.0,0.0641,0.0287
2022-03-27,44483.0,46715.0,46715.0,44413.0,22545392529.67392,887283025181.1342,0.04832896260815268,0.049515850014603124,0.13157958481699494,43680.0,41240.28571428572,0.06948260073260082,0.1327516090369334,22922694838.451725,0.9835402289548916,0.019035069474104133,-1,0.07452608277204827,0.047328962608152676,1,0.001,0.04832896260815268,0.0,time,5.0,-0.0096,0.03
2022-03-28,46723.0,46995.0,48079.0,46660.0,30051327357.066643,892747620147.7012,0.005975900827345874,0.0059937921438510955,0.14448882178169598,44527.57142857143,41665.0,0.055413499821940215,0.12792511700468023,24167758391.8447,1.243447028467784,0.017103182170384194,-1,0.11852327910590908,-0.005975900827345874,0,0.0,-0.005975900827345874,0.0,time,5.0,-0.0248,0.0286
2022-03-29,47061.0,47459.0,47967.0,47061.0,26128040680.825665,901430001888.9999,0.00982496733831658,0.009873390786253822,0.1192632422998916,45250.0,42080.52380952381,0.048817679558011084,0.12781390780261437,23801960896.0545,1.0977263930030547,0.0163571216816358,-1,0.22305878451010897,-0.00982496733831658,0,0.0,-0.00982496733831658,0.0,time,5.0,-0.0218,0.0272
2022-03-30,47451.0,47063.0,47651.0,46751.0,24497248306.346912,895356010540.8462,-0.008379050736918347,-0.008344044333003175,0.09955142283070884,45858.71428571428,42322.28571428572,0.0262607823407921,0.11201460898682214,24179868997.155144,1.013125766282237,0.01880466324736037,-1,0.12984276358232577,0.008379050736918347,0,0.0,0.008379050736918347,0.0,time,5.0,-0.0094,0.0265
2022-03-31,47031.0,45528.0,47468.0,45363.0,27736469645.537262,865010142444.9791,-0.033159608372840155,-0.032615855342838285,0.036234522942461656,46086.142857142855,42610.857142857145,-0.012110860717352234,0.06846008394909409,24397538417.394123,1.1368552503543825,0.024547814721742577,1,0.8853411442803839,0.032159608372840154,1,0.001,0.033159608372840155,1.0,time,5.0,0.0023,0.0281
2022-04-01,45528.0,46270.0,46658.0,44347.0,32948605532.135277,879144224206.3806,0.016166281618085507,0.016297662976629823,0.04371560046918699,46363.0,42967.76190476191,-0.002005909885037682,0.07685385388602528,25369088335.116413,1.2987697901042483,0.024880962123758423,-1,0.11548934180899742,0.015166281618085507,1,0.001,0.016166281618085507,0.0,lower,5.0,-0.0687,0.027
2022-04-02,46229.0,45842.0,47026.0,45804.0,24803837259.76474,871050305858.7916,-0.009293101446733646,-0.009250054030689459,0.02990272067578803,46553.142857142855,43298.142857142855,-0.015275936564049686,0.058752107480690485,26958703044.47863,0.9200678986241059,0.02558755037114552,-1,0.15589368833558634,0.009293101446733646,0,0.0,0.009293101446733646,0.0,lower,4.0,-0.0594,0.0261
2022-04-03,45847.0,46435.0,47322.0,45667.0,21510196790.30345,882346640419.069,0.01285278375579706,0.012935735788141889,-0.0059937921438509845,46513.142857142855,43706.80952380953,-0.0016800167080271988,0.06242026141725754,26810817938.85428,0.8022954331106341,0.017231790779039725,-1,0.15645013709843061,-0.01285278375579706,0,0.0,-0.01285278375579706,0.0,lower,3.0,-0.0722,0.0249
2022-04-04,46361.0,46623.0,46819.0,45277.0,28019309650.72574,885584977681.2438,0.004040496373612807,0.004048670184128245,-0.007915735716565564,46460.0,44037.95238095238,0.0035083943176925647,0.058700449936580634,26520529695.091297,1.0565139525064557,0.017120620304838984,-1,0.08817034812432711,-0.004040496373612807,0,0.0,-0.004040496373612807,0.0,lower,2.0,-0.0763,0.0237
2022-04-05,46610.0,45635.0,47077.0,45635.0,25474063861.60569,867247321783.443,-0.021419015632743926,-0.021191257533835217,-0.038433173897469364,46199.42857142857,44338.09523809524,-0.012217219755346398,0.029250349049511293,26427104435.202724,0.9639370035436982,0.017840999192623042,-1,0.20013988092383916,0.021419015632743926,0,0.0,0.021419015632743926,0.0,lower,1.0,-0.0549,0.0239
2022-04-06,45561.0,43199.0,45561.0,43199.0,34113818641.77575,820983263462.4961,-0.054857619134846665,-0.05338008107811987,-0.08210271338418718,45647.42857142857,44434.90476190476,-0.05363782031220665,-0.02781382718219161,27800900197.40685,1.227076044284269,0.025525714234207127,-1,0.0633216272710216,0.054857619134846665,0,0.0,0.054857619134846665,0.0,lower,5.0,-0.0869,0.0286
2022-04-07,43237.0,43515.0,43869.0,42867.0,22960138784.304127,827032889944.6309,0.007288359407483065,0.0073149841431514595,-0.04421454928835,45359.857142857145,44554.57142857143,-0.04067158185809361,-0.0233325424359212,27118567217.230682,0.8466575169839962,0.02456287013286973,-1,0.19191704739641383,-0.007288359407483065,0,0.0,-0.007288359407483065,0.0,lower,4.0,-0.0942,0.0273
2022-04-08,43488.0,42316.0,43916.0,42212.0,24202906401.166885,804272478980.6077,-0.027940441116948905,-0.027553717109042863,-0.08545493840501406,44795.0,44577.380952380954,-0.05534099787922764,-0.05072933635999466,25869181627.092342,0.9355884059285279,0.023442619856275944,-1,0.21249028042435084,0.027940441116948905,0,0.0,0.027940441116948905,0.0,lower,3.0,-0.0662,0.0271
2022-04-09,42307.0,42796.0,42807.0,42259.0,13949535311.5313,812734148492.5116,0.01127937515183209,0.011343227148123747,-0.06644561755595302,44359.857142857145,44605.666666666664,-0.03525388140500263,-0.040570331123848224,24318567063.05899,0.5736166639818708,0.02514026050427294,-1,0.21758717338676353,-0.01127937515183209,0,0.0,-0.01127937515183209,0.0,lower,2.0,-0.0775,0.0263
2022-04-10,42807.0,42275.0,43420.0,42041.0,14936318818.778025,803574629064.9272,-0.012248745491716142,-0.012174034956538016,-0.08958759556369122,43765.57142857143,44652.90476190476,-0.03405808218462647,-0.05325308117319727,23379441638.55536,0.6388655062722428,0.023115791463470828,-1,0.1724691627951954,0.012248745491716142,0,0.0,0.012248745491716142,0.0,lower,1.0,-0.0653,0.0251
2022-04-11,42249.0,39604.0,42418.0,39444.0,30168665078.21043,752680814425.1921,-0.06526577152437575,-0.06318154937906562,-0.15054801278339014,42762.857142857145,44583.47619047619,-0.07386917886015909,-0.11168882769935051,23686492413.910313,1.2736653680514278,0.02821493031755925,-1,0.22551823196558757,0.06526577152437575,0,0.0,0.06526577152437575,1.0,time,5.0,0.0211,0.0302
2022-04-12,39553.0,40206.0,40660.0,39445.0,27804694935.48352,764314681923.3135,0.015086114958820547,0.015200484799515301,-0.11896570614659796,41987.28571428572,44478.90476190476,-0.04242440738863129,-0.09606587178298542,24019439710.17858,1.1575913206543649,0.031677182937999926,-1,0.2314795861488303,-0.015086114958820547,0,0.0,-0.015086114958820547,0.0,time,5.0,-0.0117,0.0297
2022-04-13,40101.0,41205.0,41444.0,39731.0,25453869985.971855,783560801481.9719,0.0245433699962583,0.024847037755558965,-0.04615847589064559,41702.42857142857,44402.857142857145,-0.011928048041052741,-0.07201917508525835,22782304187.920876,1.1172649516051778,0.03068874378346462,-1,0.13783043785823906,-0.0245433699962583,0,0.0,-0.0245433699962583,0.0,time,5.0,-0.009,0.0298
2022-04-14,41232.0,39959.0,41523.0,39708.0,22744792147.00975,759703443634.6515,-0.030705679773150273,-0.030239048659143286,-0.08171894748937147,41194.42857142857,44213.47619047619,-0.029990185912796785,-0.09622577903957319,22751540382.59311,0.9997033943429816,0.031187392695119352,-1,0.09693216162269803,0.030705679773150273,0,0.0,0.030705679773150273,1.0,time,5.0,0.0378,0.0295
2022-04-15,39994.0,40587.0,40709.0,39877.0,22053774554.17729,771666602547.5923,0.015593889847136319,0.015716109011737034,-0.04085924945647035,40947.42857142857,44035.142857142855,-0.008802227246085592,-0.07830434133776265,22444521547.30888,0.9825905403103397,0.03179883316101136,-1,0.16380807510770076,-0.015593889847136319,0,0.0,-0.015593889847136319,1.0,time,5.0,0.0198,0.0288
2022-04-16,40592.0,40450.0,40676.0,40086.0,15777789210.238447,770439827829.2395,-0.0033811747848321604,-0.003375465050385551,-0.05481820730909426,40612.28571428572,43841.76190476191,-0.0039959758834413606,-0.07736372256502555,22705700675.695618,0.6948822868579049,0.03097557356630622,1,0.6942264249231008,0.0023811747848321604,1,0.001,0.0033811747848321604,1.0,time,5.0,0.002,0.0274
2022-04-17,40443.0,39739.0,40593.0,39659.0,16627779441.567648,755627152747.4514,-0.017733570260598193,-0.017577255871446207,-0.05998817267888823,40250.0,43509.57142857143,-0.012695652173912997,-0.08666073474801927,22947337907.522705,0.724606030929481,0.031175204136001316,1,0.6119742077667321,-0.017733570260598193,0,0.0,-0.017733570260598193,1.0,time,5.0,0.0005,0.0264
2022-04-18,39717.0,40834.0,40950.0,38780.0,30617039399.980103,776463403746.4385,0.027181994470105407,0.027554795037620483,0.03105746894253114,40425.71428571428,43216.19047619047,0.010099653685772925,-0.05512263922251359,23011391382.06123,1.3305166511507833,0.022143473735374834,-1,0.10627554538269153,0.026181994470105406,1,0.001,0.027181994470105407,0.0,time,5.0,-0.0316,0.027
2022-04-19,40833.0,41498.0,41653.0,40646.0,22717772925.289574,789141783336.2104,0.016130165590251436,0.016260959004750886,0.03213450728746947,40610.28571428572,42932.333333333336,0.021859345978499478,-0.033409163256908236,22284688237.74781,1.01943418202316,0.022231620970246467,-1,0.23311187836503333,-0.016130165590251436,0,0.0,-0.016130165590251436,0.0,time,5.0,-0.0457,0.0263
2022-04-20,41468.0,41397.0,42142.0,40959.0,24937668255.073463,787437397453.9304,-0.0024368188667323347,-0.002433852233842626,0.0046596286858391345,40637.71428571428,42662.52380952381,0.01868426233196474,-0.02966359456777612,22210945133.33375,1.1227648398287877,0.02043842624778683,-1,0.12735402744866495,0.0024368188667323347,0,0.0,0.0024368188667323347,0.0,time,5.0,-0.0316,0.025
2022-04-21,41384.0,40529.0,42859.0,39975.0,32131220615.550182,770787243369.5001,-0.021190647183363318,-0.020967702973645475,0.014264621236767638,40719.142857142855,42424.47619047619,-0.004669618361318295,-0.044678835443151654,23551863485.982388,1.3642750873906033,0.018274276289758074,-1,0.09755342365940836,0.021190647183363318,0,0.0,0.021190647183363318,0.0,lower,5.0,-0.0597,0.0246
2022-04-22,40432.0,39757.0,40776.0,39265.0,46022063018.95215,756144456297.8489,-0.01923184102878764,-0.019048089022675074,-0.020449897750511203,40600.57142857143,42114.333333333336,-0.020777328960887242,-0.05597460880302041,26975904695.235935,1.7060433575404739,0.018697736306285302,-1,0.11577710197535095,0.01923184102878764,0,0.0,0.01923184102878764,0.0,time,5.0,-0.0297,0.0239
2022-04-23,39757.0,39562.0,39966.0,39347.0,15010797471.968071,752414150959.3553,-0.004916864631491924,-0.004904796639585429,-0.02195302843016067,40473.71428571428,41815.28571428572,-0.022526083948665065,-0.05388665115627578,26866334446.9116,0.5587214549729402,0.018714534435781888,-1,0.12029786209766115,0.004916864631491924,0,0.0,0.004916864631491924,0.0,time,5.0,-0.0059,0.0227
2022-04-24,39499.0,39643.0,39872.0,39299.0,16778683767.597218,752446283899.8965,0.00204532613440231,0.002047419240685411,-0.0024157628526133568,40460.0,41491.857142857145,-0.020192782995551162,-0.044559517702268625,26887892207.77297,0.6240237664574801,0.017606886323458193,-1,0.15012480821811622,-0.00204532613440231,0,0.0,-0.00204532613440231,0.0,time,5.0,-0.0347,0.0217
2022-04-25,39469.0,40111.0,40332.0,37715.0,32883645913.964718,770112436973.4149,0.011736223181435839,0.011805362863557267,-0.017705833374148994,40356.71428571428,41181.76190476191,-0.0060885602324979304,-0.02600087648600813,27211693138.342197,1.2084380691339838,0.01413016355051526,-1,0.11767751407335078,-0.011736223181435839,0,0.0,-0.011736223181435839,0.0,lower,1.0,-0.0494,0.0212
2022-04-26,40458.0,38179.0,40607.0,37472.0,31053018153.386673,725434540422.046,-0.04936498467854532,-0.04816633841090967,-0.0799797580606294,39882.57142857143,40826.71428571428,-0.04271468382179111,-0.06485249504001223,28402442456.64178,1.0933221042799812,0.019761919528570402,-1,0.17223433022553739,0.04936498467854532,0,0.0,0.04936498467854532,0.0,time,5.0,-0.0008,0.0246
2022-04-27,38134.0,38595.0,39390.0,36902.0,28170490245.865635,746473028158.29,0.010837108170640302,0.010896042326933753,-0.0676860642075513,39482.28571428572,40607.47619047619,-0.02247300778649386,-0.049559253104929035,28864274169.61209,0.9759639227485976,0.021376205992497895,-1,0.16019667698014806,-0.010837108170640302,0,0.0,-0.010837108170640302,0.0,time,5.0,-0.0146,0.024
2022-04-28,39224.0,39328.0,40184.0,37265.0,31484572271.03238,756090806420.8264,0.01881399898180703,0.01899209742194574,-0.02963310222309956,39310.71428571428,40408.09523809524,0.0004397201780685922,-0.026729674629081823,28771895834.680977,1.0942821582539446,0.02314741900570814,-1,0.177182120737643,-0.01881399898180703,0,0.0,-0.01881399898180703,0.0,lower,5.0,-0.0546,0.0239
2022-04-29,39742.0,38292.0,39847.0,37743.0,27758348826.409065,735829877665.6912,-0.0266957362995176,-0.026342554922701433,-0.03684885680509098,39101.42857142857,40216.47619047619,-0.020700741660881983,-0.04785292926613827,26162793807.174824,1.0609856512646856,0.024080327606588642,-1,0.2843054690292287,0.0266957362995176,0,0.0,0.0266957362995176,1.0,time,5.0,0.0293,0.0239
2022-04-30,38651.0,38279.0,38756.0,37628.0,20955789685.355682,719611115951.2947,-0.00033955414255800907,-0.00033949650057452097,-0.032430109701228504,38918.142857142855,40001.380952380954,-0.016422748112338348,-0.04305803728204627,27012078409.087337,0.7757933087557523,0.024148100032059052,-1,0.16616331607378526,0.00033955414255800907,0,0.0,0.00033955414255800907,0.0,lower,5.0,-0.0632,0.0228
2022-05-01,37821.0,38148.0,38582.0,37070.0,24857664487.014507,733294957352.5364,-0.0034281112248827892,-0.003422241960343797,-0.037711575814141196,38704.57142857143,39804.857142857145,-0.014379992027519828,-0.04162449665152135,28166218511.861237,0.8825346745267404,0.023991028959778622,1,0.6263315882578302,0.002428111224882789,1,0.001,0.0034281112248827892,0.0,lower,4.0,-0.0598,0.0217
2022-05-02,38538.0,38034.0,39037.0,37693.0,29825308569.42226,733787526677.6703,-0.0029928351865816287,-0.0029883611198490145,-0.05178130687342619,38407.857142857145,39730.09523809524,-0.009733871417678674,-0.04269043977697129,27729313176.9266,1.075587713951737,0.022865958039244273,-1,0.2986372609160738,-0.003992835186581629,1,0.001,-0.0029928351865816287,0.0,lower,3.0,-0.0568,0.0206
2022-05-03,38562.0,37240.0,38600.0,36933.0,23070122642.32804,718542028695.8999,-0.02109704412121798,-0.020876058263658792,-0.024594672463919998,38273.71428571428,39588.857142857145,-0.027008465339882548,-0.059331269260470165,26588899532.489655,0.8676599275625556,0.01605761329835704,-1,0.17372018926684663,0.02109704412121798,0,0.0,0.02109704412121798,1.0,upper,1.0,0.0571,0.0202
2022-05-04,37758.0,39429.0,39875.0,37024.0,31748901527.20592,755764276888.7715,0.057118133759114564,0.058780880773362076,0.02160901671200932,38392.857142857145,39504.28571428572,0.026987906976744025,-0.0019057606769610214,27100101144.10969,1.1715418093229761,0.028534890952542687,-1,0.14088644265072545,-0.057118133759114564,0,0.0,-0.057118133759114564,0.0,lower,1.0,-0.0928,0.0271
2022-05-05,39699.0,35933.0,39798.0,35654.0,37402043365.58407,696020943881.887,-0.09284549284206794,-0.08866570290902631,-0.08632526444263633,37907.857142857145,39312.57142857143,-0.052096248421925395,-0.08596668459380497,27945454157.617077,1.338394543693233,0.043708901120894594,-1,0.04643554796269401,0.09284549284206794,0,0.0,0.09284549284206794,0.0,lower,4.0,-0.1415,0.038
2022-05-06,36612.0,35915.0,36612.0,35362.0,32223287014.454002,687093350325.4445,-0.0005010577991478987,-0.0005009322906520675,-0.06207562937428179,37568.28571428572,39090.09523809524,-0.04400748351573147,-0.08122505762024723,28583302470.194927,1.1273465355535683,0.04338365284784923,-1,0.08063685240747934,0.0005010577991478987,0,0.0,0.0005010577991478987,0.0,lower,3.0,-0.141,0.0362
2022-05-07,36076.0,35371.0,36128.0,34693.0,19130720394.98043,678702448510.6605,-0.015262760161680098,-0.015146874564945012,-0.07596854672274611,37152.857142857145,38848.23809523809,-0.0479601645710771,-0.08950825740702828,28322578285.85561,0.6754582934469061,0.04329243220588219,-1,0.11719700344522305,0.015262760161680098,0,0.0,0.015262760161680098,0.0,lower,2.0,-0.1257,0.0345
2022-05-08,35558.0,33889.0,35558.0,33616.0,30810576501.52256,648514321641.9902,-0.04280179741074289,-0.0418987305985129,-0.11164412288979764,36544.42857142857,38569.666666666664,-0.07266302074578501,-0.12135616071351407,29172994287.928185,1.0561334978998713,0.04467882705445484,-1,0.06770442532796686,0.04280179741074289,0,0.0,0.04280179741074289,0.0,lower,1.0,-0.0829,0.0344
2022-05-09,34070.0,31193.0,34181.0,30404.0,58369928594.32748,576197842487.6378,-0.08289676728550403,-0.0795538375284015,-0.1798653836041436,35567.142857142855,38110.57142857143,-0.12298268867735063,-0.18151319094064633,33250797148.628933,1.7554444885461733,0.05004150114303193,-1,0.04651451840472152,0.08289676728550403,0,0.0,0.08289676728550403,0.0,lower,2.0,-0.0996,0.0391
2022-05-10,31169.0,30704.0,32375.0,29897.0,54071363210.08785,590644412746.6844,-0.015800771403493726,-0.01567659410765232,-0.17551020408163265,34633.42857142857,37596.57142857143,-0.11345768332824602,-0.18332978691066049,37679545801.16604,1.435032245224531,0.05018312156927733,-1,0.08267313059774889,0.015800771403493726,0,0.0,0.015800771403493726,0.0,lower,1.0,-0.0838,0.0372
2022-05-11,31027.0,28237.0,31949.0,27805.0,65985702701.50493,549294001873.1765,-0.0837597645779702,-0.08034783741532048,-0.28385198711608206,33034.57142857143,36969.90476190476,-0.14522880791551707,-0.23621658800980982,42570517397.49447,1.5500329038845224,0.03670694700459176,1,0.8929470573479099,0.0827597645779702,1,0.001,0.0837597645779702,1.0,upper,4.0,0.0972,0.0405
2022-05-12,29132.0,28972.0,29955.0,26379.0,61338080283.57989,555266177876.6213,0.025696671645705625,0.026029677373658577,-0.19372164862382768,32040.14285714286,36419.57142857143,-0.09575933761665056,-0.20449365921776752,45989951242.92245,1.3337278824147354,0.039929431296741404,1,0.9030283223229711,0.025696671645705625,0,0.0,0.025696671645705625,1.0,time,5.0,0.0334,0.0414
2022-05-13,29126.0,29585.0,30879.0,28677.0,71541696924.39926,558053182541.2809,0.020937629795577818,0.021158359795664827,-0.1762494779340109,31135.85714285714,35935.19047619047,-0.04980936081963372,-0.17671230879930666,51606866944.3432,1.3862825077436944,0.04325919058875292,-1,0.1572080239100692,0.019937629795577817,1,0.001,0.020937629795577818,0.0,time,5.0,-0.0288,0.0412
2022-05-14,29363.0,29921.0,30077.0,28253.0,25759546763.688618,573777699744.01,0.011293098878994238,0.011357106641879389,-0.1540810268298889,30357.285714285714,35476.09523809524,-0.014371697074366696,-0.15658699754898664,52553842139.87294,0.4901553476362232,0.04551844870680565,-1,0.12158009289166395,-0.011293098878994238,0,0.0,-0.011293098878994238,1.0,time,5.0,0.0073,0.0401
2022-05-15,30186.0,31121.0,31172.0,28619.0,22948123704.172672,596346266888.6597,0.039322257462356215,0.04010561144346769,-0.08167842072648945,29961.85714285714,35070.28571428572,0.03868728335550453,-0.1126105942352501,51430634597.394394,0.44619561636393423,0.05007927353281089,-1,0.17174818145064905,-0.039322257462356215,0,0.0,-0.039322257462356215,0.0,time,5.0,-0.0653,0.0413
2022-05-16,31319.0,29686.0,31319.0,28817.0,28418179221.125336,569801943005.2971,-0.047207278267434725,-0.046110343497959616,-0.0483121213092681,29746.571428571428,34573.857142857145,-0.0020362490755236884,-0.14137436626352695,47151813258.3655,0.6026953632813578,0.04362765892184981,1,0.9667464764508343,0.046207278267434725,1,0.001,0.047207278267434725,0.0,time,5.0,-0.013,0.041
2022-05-17,29924.0,29956.0,30684.0,29245.0,24964703223.57502,581272773175.8237,0.009054084184547404,0.00909519638887013,-0.02436164669098484,29639.714285714286,34182.28571428572,0.010671010902360667,-0.12363964626623658,42993718974.57796,0.5806593106852787,0.04373653032882962,-1,0.08056056478954027,0.008054084184547405,1,0.001,0.009054084184547404,1.0,time,5.0,0.0074,0.0395
2022-05-18,30502.0,28744.0,30535.0,28392.0,26219431165.241817,547927169401.20306,-0.04130058857590306,-0.040459340365869956,0.01795516520876861,29712.14285714286,33713.19047619047,-0.03258408058273443,-0.14739603122700307,37312823040.82609,0.7026922389805146,0.03327773726869406,1,0.9365536839355372,0.04030058857590306,1,0.001,0.04130058857590306,1.0,time,5.0,0.0312,0.0387
2022-05-19,28772.0,30139.0,30472.0,28018.0,29190056577.430664,578678245847.8763,0.04739096433638129,0.04853186752017802,0.04028027060610251,29878.85714285714,33275.619047619046,0.008706586597307275,-0.09426177896586652,32720248225.661907,0.892109875698847,0.03677354786891099,-1,0.03756864477927055,0.04639096433638129,1,0.001,0.04739096433638129,0.0,time,5.0,-0.0186,0.0411
2022-05-20,30289.0,29153.0,30498.0,28307.0,25980877919.56809,557201657280.7389,-0.03326219069460829,-0.032715086764657064,-0.014601994253844897,29817.14285714286,32840.42857142857,-0.02227385971636653,-0.11228320493468424,26211559796.400322,0.9911992312314083,0.03871704910643235,1,0.8505514623740711,0.03226219069460829,1,0.001,0.03326219069460829,1.0,time,5.0,0.0066,0.0399
2022-05-21,29257.0,29302.0,29587.0,28606.0,13561006428.368963,561696351558.8424,0.00509794962613069,0.005110966281343332,-0.020687811236255516,29728.714285714286,32412.95238095238,-0.01435360714268552,-0.09597867989281184,24468911177.06894,0.5542137257450863,0.03844352978238554,-1,0.10932878967900789,0.00409794962613069,1,0.001,0.00509794962613069,0.0,time,5.0,-0.0226,0.0382
2022-05-22,29492.0,30178.0,30342.0,28762.0,17199930154.801018,578090387085.146,0.029457409012338332,0.02989557026824108,-0.030301082870087703,29594.0,32033.428571428572,0.01973372981009658,-0.05792163543441231,23647740670.015842,0.7273392581055184,0.03671934434634942,-1,0.1898532515611406,-0.029457409012338332,0,0.0,-0.029457409012338332,0.0,time,5.0,-0.0368,0.0381
2022-05-24,29396.0,29655.0,29785.0,28716.0,23486436836.56051,564885248021.9939,-0.017482436800769722,-0.017330505666379503,-0.001044263289092462,29589.571428571428,31634.428571428572,0.0022112037542185714,-0.062571971766746,22943206043.64944,1.0236771962853652,0.03257009388445006,-1,0.09726817231386939,0.017482436800769722,0,0.0,0.017482436800769722,0.0,time,5.0,-0.0055,0.0364
2022-05-25,29647.0,29585.0,30173.0,29399.0,23108764916.206596,563577022957.9133,-0.002363269162032516,-0.002360478839993241,-0.012384831085592185,29536.571428571428,31269.904761904763,0.0016396138443381947,-0.05388263171039254,22678071999.739666,1.0189916019524003,0.032341756016549865,-1,0.13173804268362663,0.002363269162032516,0,0.0,0.002363269162032516,1.0,upper,5.0,0.0703,0.0346
2022-05-26,29573.0,29347.0,29864.0,28412.0,31972044691.709656,559066076343.6685,-0.00807714972959198,-0.00804461720466454,0.020978291121625414,29622.714285714286,30789.809523809523,-0.009307529453749352,-0.046859969130169765,23499873932.092216,1.3605198387063497,0.027808785702557594,-1,0.06414880590386869,0.00807714972959198,0,0.0,0.00807714972959198,1.0,upper,4.0,0.0784,0.033
2022-05-27,29349.0,28647.0,29353.0,28327.0,31756305901.005535,545752899521.8662,-0.02414160076289022,-0.023852523256210123,-0.04950396496234111,29409.571428571428,30442.85714285714,-0.02592936216100683,-0.05899108399812292,23866480978.317196,1.3305818285425606,0.020746706535356943,1,0.8242158686607381,0.023141600762890218,1,0.001,0.02414160076289022,1.0,upper,3.0,0.1026,0.0318
2022-05-28,28646.0,29088.0,29132.0,28606.0,15406515372.711676,554938694217.2793,0.015276992358893262,0.015394282123782688,-0.0022296161630021016,29400.285714285714,30117.761904761905,-0.010621859845871273,-0.03419118286472311,22355857757.337708,0.6891489264219756,0.018691471556062586,1,0.6520440717379397,0.015276992358893262,0,0.0,0.015276992358893262,1.0,upper,2.0,0.0873,0.031
2022-05-29,29082.0,29493.0,29520.0,28907.0,14496111397.934435,561771345708.952,0.013827229057828582,0.013923267326732658,0.00651832639410288,29427.571428571428,29837.85714285714,0.002223376522503262,-0.011557704737509833,22489444181.561348,0.6445740179661492,0.019390107629701676,1,0.8423699619681047,0.013827229057828582,0,0.0,0.013827229057828582,1.0,upper,1.0,0.0735,0.0301
2022-05-30,29497.0,31741.0,31879.0,29354.0,34891305294.623,604926607440.7722,0.07345627353520033,0.07622147628250775,0.0517926966664457,29650.85714285714,29735.571428571428,0.07049181907533386,0.0674420727459657,25016783487.250202,1.3947158839346931,0.03357657298024787,-1,0.19393174605146485,0.07245627353520033,1,0.001,0.07345627353520033,0.0,time,5.0,-0.0607,0.0368
2022-05-31,31737.0,31866.0,32227.0,31319.0,29770567353.488136,607393396318.7885,0.003930390080219918,0.003938124192684578,0.07455741021750129,29966.714285714286,29767.619047619046,0.06337984525688034,0.07049206552341958,25914516418.23986,1.1487988767768094,0.03185124700581252,-1,0.1182191121706378,-0.003930390080219918,0,0.0,-0.003930390080219918,0.0,time,5.0,-0.0631,0.035
2022-06-01,31814.0,29833.0,31982.0,29441.0,35553330791.53566,569001624438.0176,-0.06592444730239518,-0.06379840582438967,0.008382626330911025,30002.14285714286,29726.14285714286,-0.005637692545770623,0.0035947194148489015,27692311543.28687,1.2838701000442285,0.0426865038253246,-1,0.13507376400004337,0.06592444730239518,0,0.0,0.06592444730239518,1.0,time,5.0,0.0503,0.0394
2022-06-02,29822.0,30481.0,30624.0,29667.0,24232399986.261147,580863150152.0535,0.021488375313289954,0.021720913082827753,0.03864108767506047,30164.14285714286,29833.0,0.010504430520627661,0.021720913082827753,26586648013.937084,0.9114499869843762,0.0430041345439396,-1,0.1917119161477998,-0.021488375313289954,0,0.0,-0.021488375313289954,1.0,time,5.0,0.0254,0.0382
2022-06-03,30447.0,29714.0,30636.0,29400.0,21997859590.66833,566275595800.1772,-0.025485223464050726,-0.025163216429907154,0.037246483052326695,30316.571428571428,29868.333333333332,-0.019875975421268843,-0.005167122370403399,25192584255.317482,0.873187894013897,0.04315947250336888,1,0.7813886993370575,0.024485223464050725,1,0.001,0.025485223464050726,1.0,time,5.0,0.0172,0.0371
2022-06-04,29704.0,29872.0,29941.0,29518.0,12911383481.843807,568340135127.331,0.005303271584205521,0.005317358820757789,0.026952695269526927,30428.571428571428,29882.0,-0.018291079812206568,-0.0003346496218459283,24836136842.33636,0.519862793630397,0.04296282940720418,1,0.8620200419836069,0.005303271584205521,0,0.0,0.005303271584205521,1.0,time,5.0,0.0076,0.0354
2022-06-05,29858.0,29918.0,30134.0,29610.0,13395229055.412352,570209935092.4275,0.0015387191529024728,0.0015399035886449752,0.014410199030278292,30489.285714285714,29881.85714285714,-0.018737261333021005,0.0012095251299164556,24678867936.261776,0.5427813419160178,0.042769184964269194,1,0.7432854149583875,0.0015387191529024728,0,0.0,0.0015387191529024728,0.0,time,5.0,-0.0277,0.0337
2022-06-06,29919.0,31373.0,31680.0,29919.0,27644798123.298183,597966736176.5532,0.047487344447958414,0.04863293000869051,-0.01159383762326327,30436.714285714286,29893.85714285714,0.030761721041786982,0.049479826242371905,23643652626.072517,1.1692270462819052,0.03553828769802215,-1,0.15139015247347426,0.04648734444795841,1,0.001,0.047487344447958414,0.0,lower,4.0,-0.0752,0.0353
2022-06-07,31343.0,31265.0,31523.0,29315.0,36111325508.04181,597205650752.5386,-0.0034483893809662985,-0.003442450514773876,-0.0188602272014059,30350.85714285714,29969.04761904762,0.030119177617953907,0.04324302852149042,24549475219.58018,1.4709611991721974,0.03547277098341278,-1,0.3122338624500293,0.0034483893809662985,0,0.0,0.0034483893809662985,0.0,lower,3.0,-0.0717,0.0336
2022-06-08,31233.0,30229.0,31263.0,29975.0,27080284928.564884,576238781341.3682,-0.033697532497171,-0.03313609467455625,0.013273891328394738,30407.428571428572,29982.04761904762,-0.00586792701031702,0.008236674962636359,23339040096.298645,1.160299858812941,0.027617803591103416,-1,0.17693906880260404,0.033697532497171,0,0.0,0.033697532497171,0.0,lower,4.0,-0.1216,0.0338
2022-06-09,30234.0,30101.0,30610.0,29981.0,18871591862.340336,573819802894.6453,-0.004243334727756188,-0.004234344503622367,-0.012466782585873193,30353.14285714286,30046.666666666668,-0.008306976919311815,0.0018082982027955996,22573210364.30996,0.8360171884180827,0.02627123931210131,-1,0.131654712366632,0.004243334727756188,0,0.0,0.004243334727756188,0.0,lower,3.0,-0.1174,0.0321
2022-06-10,30097.0,29101.0,30266.0,28943.0,25663085729.428833,554622874799.0432,-0.03378585594615656,-0.03322148765821731,-0.02063000605775056,30265.571428571428,29997.238095238095,-0.0384784219693286,-0.029877353788126504,23096814098.418602,1.1111093339572724,0.02762284367322767,-1,0.09408874372217832,0.03378585594615656,0,0.0,0.03378585594615656,0.0,lower,2.0,-0.0836,0.0321
2022-06-11,29100.0,28374.0,29406.0,28314.0,22518366769.839092,540789214973.6274,-0.025299304958383804,-0.024981959382839092,-0.05014729512587035,30051.571428571428,29960.14285714286,-0.055823085077557066,-0.052941765488434656,24469240282.417927,0.9202724118091803,0.028525623240812117,-1,0.23021211414195755,0.025299304958383804,0,0.0,0.025299304958383804,0.0,lower,2.0,-0.2308,0.0311
2022-06-12,28432.0,26767.0,28552.0,26767.0,29834061115.62461,514202090511.0678,-0.05830344738260464,-0.05663635722844862,-0.10532121131091654,29601.428571428572,29839.428571428572,-0.09575310071907728,-0.10296539573718377,26817644862.448246,1.1124787903131697,0.03364572679825882,-1,0.059825662988207684,0.05830344738260464,0,0.0,0.05830344738260464,0.0,lower,1.0,-0.1725,0.0335
2022-06-13,26628.0,22526.0,26795.0,22113.0,64852526179.382835,429492202561.014,-0.17249958788168432,-0.15844136436657075,-0.2819940713352246,28337.571428571428,29475.04761904762,-0.20508360934246805,-0.23576035258232952,32133034584.746056,2.0182509065038357,0.053343707613430685,-1,0.06957432240273169,0.17249958788168432,0,0.0,0.17249958788168432,0.0,lower,5.0,-0.1677,0.058
2022-06-14,22501.0,22245.0,23014.0,21047.0,47639470967.891426,423044474596.5387,-0.012552933367499661,-0.012474473941223474,-0.2885015192707501,27049.0,29122.190476190477,-0.17760360826647936,-0.2361494916329554,33779912507.58172,1.4102899454579405,0.052273114042333584,-1,0.07510217929252028,0.012552933367499661,0,0.0,0.012552933367499661,0.0,lower,4.0,-0.1552,0.0554
2022-06-15,22223.0,22529.0,22665.0,20193.0,52027211446.51121,429887916884.8431,0.012686103937000644,0.01276691391323892,-0.2547222865460319,25949.0,28786.190476190477,-0.13179698639639292,-0.21736778547914848,37343759153.00262,1.3931969524907342,0.05685756653354646,-1,0.1085171757166357,-0.012686103937000644,0,0.0,-0.012686103937000644,0.0,lower,3.0,-0.1679,0.0539
2022-06-16,22584.0,20409.0,22836.0,20283.0,27449277945.59262,389181727345.57733,-0.09882738816397241,-0.09410093657064234,-0.3219826583834424,24564.428571428572,28360.571428571428,-0.1691644712737932,-0.2803741613104712,38569142879.18152,0.7116901205603127,0.05768017046693673,-1,0.1542252339381526,0.09882738816397241,0,0.0,0.09882738816397241,1.0,time,5.0,0.0142,0.0563
2022-06-17,20378.0,20473.0,21238.0,20300.0,24232922585.240158,391441740414.39136,0.003130964839408074,0.0031358714292712975,-0.2964846568846431,23331.85714285714,27971.333333333332,-0.12253020089026034,-0.26807207378983244,38364833858.58314,0.6316441425125231,0.06122717570040505,-1,0.019824654545990365,-0.003130964839408074,0,0.0,-0.003130964839408074,0.0,time,5.0,-0.0242,0.0544
2022-06-18,20470.0,19047.42,20748.0,17677.43,38920632524.1614,362303884192.0101,-0.07217528554048436,-0.06963219850534863,-0.32870162825121596,21999.48857142857,27493.210476190477,-0.1341880545015267,-0.30719549772132493,40708014680.62917,0.9560926227798012,0.060845595433437864,1,0.8392534236543504,0.07117528554048436,1,0.001,0.07217528554048436,1.0,time,5.0,0.1023,0.0536
2022-06-19,19032.4,20516.0,20710.0,18043.27,32488136325.883087,390555374756.5322,0.07427341019706481,0.07710125570812232,-0.23353382896850594,21106.48857142857,27065.734285714287,-0.027976637109969227,-0.24199359295311407,41087168282.09467,0.7907124702006064,0.07825022455251378,-1,0.051028624093236566,0.0732734101970648,1,0.001,0.07427341019706481,1.0,time,5.0,0.0358,0.0599
2022-06-20,20553.0,20637.0,20903.0,19723.65,28346447996.779846,392793374515.9921,0.005880511684964813,0.005897835835445564,-0.08385865222409661,20836.631428571425,26536.972380952382,-0.009580791849957526,-0.2223302755210781,35872014256.00854,0.7902106582161562,0.05650622126813915,1,0.9095312881544193,-0.006880511684964813,1,0.001,-0.005880511684964813,1.0,time,5.0,0.0422,0.0576
2022-06-21,20620.0,20701.0,21660.0,20416.0,25340643362.789,395059669321.2376,0.003096427071229776,0.0031012259533846898,-0.0694088559226792,20616.059999999998,26005.305714285718,0.004120088901565122,-0.2039701348856614,32686467455.27962,0.7752640568289951,0.05674664723066357,1,0.8599078908182672,0.003096427071229776,0,0.0,0.003096427071229776,1.0,time,5.0,0.0169,0.0551
2022-06-22,20698.0,19983.57,20844.0,19821.82,24955466738.110855,381616262301.266,-0.03527157234526434,-0.03465677986570703,-0.11298459762972168,20252.42714285714,25536.28523809524,-0.013275304780047792,-0.21744412651733902,28819075354.079563,0.865935719015989,0.056570729411045295,1,0.9668512010754529,-0.03527157234526434,0,0.0,-0.03527157234526434,1.0,time,5.0,0.0377,0.0527
2022-06-23,19976.54,21100.0,21124.0,19976.54,23655104386.978516,402495826231.42053,0.0543626045440685,0.0558673950650459,0.03385761183791458,20351.141428571427,25089.570952380953,0.036796883067071295,-0.15901311983186184,28277050559.99184,0.8365477982504743,0.049886144832485504,-1,0.0431064744074855,0.0533626045440685,1,0.001,0.0543626045440685,0.0,time,5.0,-0.0395,0.0547
2022-06-24,21099.0,21263.0,21452.0,20772.0,21955656695.748722,407086114490.3726,0.007695432542543651,0.0077251184834123965,0.03858740780540226,20463.99857142857,24687.14238095238,0.0390442476714683,-0.13870144742205204,27951726861.49306,0.785484804017434,0.049874982109650974,-1,0.08307411429810185,-0.007695432542543651,0,0.0,-0.007695432542543651,0.0,time,5.0,-0.0558,0.0523
2022-06-25,21275.0,21526.0,21526.0,20972.0,16152442749.306295,410110791491.05475,0.012293033817542145,0.012368903729483183,0.13012680982516267,20818.08142857143,24289.713809523808,0.03400498618748782,-0.11378124218327257,24699128322.228046,0.6539681295056012,0.03697988371306159,-1,0.013396683344634217,-0.012293033817542145,0,0.0,-0.012293033817542145,0.0,time,5.0,-0.0933,0.0502
2022-06-26,21506.0,21053.0,21782.0,21035.0,15392697878.417652,401645800330.4072,-0.02221843905368818,-0.02197342748304376,0.026174692922596998,20894.795714285716,23867.570952380953,0.007571468411443627,-0.11792448247022724,22256922829.732983,0.6915914655486236,0.02871556281257509,-1,0.09100164679313519,0.02221843905368818,0,0.0,0.02221843905368818,0.0,time,5.0,-0.0814,0.0479
2022-06-27,21055.0,20751.0,21481.0,20698.0,17719011287.9831,395914576106.05786,-0.01444862950186096,-0.014344748966893084,0.005524058729466486,20911.08142857143,23361.76142857143,-0.007655339544166528,-0.11175362082837081,20738717585.619164,0.8543928145426882,0.02950650215051224,-1,0.04422673555634264,0.01444862950186096,0,0.0,0.01444862950186096,0.0,time,5.0,-0.0741,0.0456
2022-06-28,20759.0,20283.0,21195.0,20250.0,18161209601.432373,386606940573.39575,-0.022811341509906793,-0.022553129969639985,-0.02019226124341822,20851.367142857143,22838.80904761905,-0.027258027685337805,-0.11190640642820615,19713084191.139645,0.9212769257889749,0.030789848128799636,-1,0.10028100680000229,0.022811341509906793,0,0.0,0.022811341509906793,0.0,time,5.0,-0.0491,0.0436
2022-06-29,20271.0,20109.0,20392.0,19954.04,20744333507.35517,384067866465.5609,-0.008615620732720222,-0.00857861263126758,0.006276656273128456,20869.285714285714,22356.904285714285,-0.036430845055960503,-0.1005463125389261,19111493729.60312,1.0854375801731726,0.027671656073384947,-1,0.04645760891708699,0.008615620732720222,0,0.0,0.008615620732720222,1.0,time,5.0,0.0073,0.0415
2022-06-30,20122.0,19608.4,20146.0,18782.75,22816515394.911003,365984224323.45276,-0.025209430189391313,-0.024894325923715654,-0.07069194312796201,20656.2,21857.256666666668,-0.050725690107570554,-0.10288833136576914,18991695302.164906,1.2013943479974691,0.015041644911703882,-1,0.1406320679313219,0.025209430189391313,0,0.0,0.025209430189391313,1.0,time,5.0,0.0292,0.0397
2022-07-01,19627.97,19407.45,20537.0,19100.51,28756781114.699898,370916529918.7163,-0.01030103288374559,-0.010248158952285813,-0.08726661336594077,20391.12142857143,21395.65904761905,-0.04824018296478483,-0.09292581468016525,19963284504.872215,1.4404834589058506,0.012817205024457955,1,0.883410968628681,0.009301032883745591,1,0.001,0.01030103288374559,1.0,time,5.0,0.058,0.0378
2022-07-02,19314.61,19268.23,19381.38,19059.83,15601715000.679424,367706689137.568,-0.007199387383882534,-0.007173533874877958,-0.10488571959490856,20068.582857142854,20962.050952380952,-0.03988088560314018,-0.0808041615884233,19884609112.211235,0.7846126073003032,0.007369174572085781,1,0.9445825234406223,-0.007199387383882534,0,0.0,-0.007199387383882534,1.0,upper,5.0,0.1171,0.036
2022-07-03,19261.55,19310.23,19548.78,19006.55,13976969844.332441,368549364135.05225,0.0021773817095586193,0.00217975392654135,-0.08278012634778897,19819.615714285716,20606.966666666667,-0.025701089346477968,-0.06292710070542495,19682362250.199062,0.7101266436751555,0.009326427568409115,1,0.9514964105183307,0.0021773817095586193,0,0.0,0.0021773817095586193,1.0,upper,4.0,0.1149,0.0344
2022-07-04,19317.45,20257.0,20281.0,19103.53,18634860046.37241,386425176262.77844,0.0478654055351999,0.04902945226442146,-0.023806081634620058,19749.044285714284,20498.91904761905,0.02572052130406899,-0.011801551440691616,19813197787.111816,0.940527634488871,0.02482081156165677,1,0.9091773510116766,0.0478654055351999,0,0.0,0.0478654055351999,1.0,upper,4.0,0.0761,0.0371
2022-07-05,20250.0,20189.0,20630.0,19359.81,23623270105.54542,385301783065.72974,-0.003362511203582525,-0.003356864293824313,-0.004634422915742231,19735.615714285716,20401.014285714286,0.02297289794643187,-0.010392340436854997,20593492144.842255,1.1471230784654458,0.02333948458640407,1,0.8129735521437947,-0.003362511203582525,0,0.0,-0.003362511203582525,1.0,upper,3.0,0.0795,0.0353
2022-07-06,20188.0,20567.0,20612.0,19798.69,21755499642.28282,392479833070.6018,0.01854994793923578,0.01872306701669224,0.02277587150032323,19801.044285714284,20307.585714285713,0.03868259184887157,0.012774255362704157,20737944449.831917,1.04906731209125,0.024022899161380253,-1,0.4638266919713784,0.01754994793923578,1,0.001,0.01854994793923578,0.0,time,5.0,-0.028,0.0342
2022-07-07,20568.0,21661.0,21791.0,20297.0,21927087503.433758,414055638573.8548,0.05182555899151853,0.05319200661253465,0.10467962709859036,20094.272857142856,20367.204761904763,0.0779688398776881,0.06352345612566235,20610883322.478027,1.0638596687178512,0.026645687812972368,-1,0.13619869537180676,-0.05182555899151853,0,0.0,-0.05182555899151853,0.0,lower,4.0,-0.0799,0.0364
2022-07-08,21641.0,21859.0,22289.0,21251.0,46645398900.96298,417690286504.50726,0.009099327489024237,0.009140852222889073,0.12632004719836964,20444.494285714285,20433.204761904763,0.06918761083144576,0.06977834630979962,23166400149.087036,2.013493620103995,0.02455543144485767,-1,0.037830165184876814,-0.009099327489024237,0,0.0,-0.009099327489024237,0.0,lower,3.0,-0.089,0.0347
2022-07-09,21767.0,21590.0,21889.0,21382.0,26211587451.783283,412459838738.2113,-0.012382491521149298,-0.012306143922411805,0.12049731604823077,20776.175714285713,20554.28,0.03917103402021671,0.05038950525146113,24682096213.530445,1.0619676394185025,0.025470743368403496,-1,0.231264796399809,0.012382491521149298,0,0.0,0.012382491521149298,0.0,lower,2.0,-0.0766,0.0333
2022-07-10,21600.0,20860.0,21600.0,20710.0,25037950754.003357,398249545888.6735,-0.03439679495408958,-0.033811949976841116,0.08025642366766217,20997.571428571428,20570.660952380953,-0.006551778096786642,0.014065617448502987,26262236343.483433,0.9533822796555609,0.031741275578280916,-1,0.11362958839552507,0.03439679495408958,0,0.0,0.03439679495408958,0.0,lower,2.0,-0.0751,0.0336
2022-07-11,20867.0,19998.47,20867.0,19988.71,21319467248.801025,382000290322.39886,-0.04217767894490961,-0.04130057526366249,-0.01276250185121186,20960.63857142857,20540.254761904762,-0.045903590587173304,-0.026376730385525127,26645751658.116093,0.800107556444454,0.03230504954142258,1,0.7880376035043966,0.04117767894490961,1,0.001,0.04217767894490961,1.0,time,5.0,0.058,0.0342
2022-07-12,19961.63,19350.74,20051.0,19350.74,22074971578.2899,370191767290.5106,-0.032925108989109914,-0.03238897775679839,-0.041520630046064655,20840.88714285714,20475.95666666667,-0.07150113777032097,-0.05495306934783839,26424566154.222446,0.8353957998573418,0.0343958392308914,1,0.8400831268984066,-0.032925108989109914,0,0.0,-0.032925108989109914,1.0,upper,3.0,0.072,0.0336
2022-07-13,19367.81,20225.0,20356.0,19044.67,28560004360.902916,385462566548.9708,0.044188801305948405,0.0451796675475975,-0.016628579763699136,20792.03,20487.453333333335,-0.027271507399710293,-0.012810442033140301,27396638256.882458,1.0424638268794968,0.038691135786162185,1,0.8372394322966608,0.044188801305948405,0,0.0,0.044188801305948405,1.0,upper,5.0,0.1019,0.0356
2022-07-14,20271.0,20575.0,20752.0,19707.7,28732413536.669937,393104346702.71136,0.01715728361857813,0.017305315203955507,-0.05013618946493703,20636.88714285714,20462.453333333335,-0.0029988603624534482,0.005500155080785385,28368827690.201916,1.0128163860149073,0.031994955356959384,1,0.694201314232423,0.01715728361857813,0,0.0,0.01715728361857813,1.0,upper,4.0,0.0848,0.0344
2022-07-15,20595.0,20795.0,21148.0,20392.0,46542248374.33238,397285233065.65533,0.010635826631741594,0.01069258809234519,-0.04867560272656568,20484.88714285714,20440.16761904762,0.015138616824208029,0.017359563168245273,28354091900.68326,1.6414649616484749,0.03212957319722189,1,0.8750447444593841,0.010635826631741594,0,0.0,0.010635826631741594,1.0,upper,3.0,0.0741,0.0329
2022-07-16,20844.0,21193.0,21475.0,20523.0,42051101694.797554,404705642580.89075,0.018958365279561965,0.019139216157730177,-0.018388142658638307,20428.172857142858,20424.310476190476,0.03743982137833313,0.03763600855488458,30616879649.6853,1.3734613773820608,0.03338265347035521,1,0.7254172513663972,0.018958365279561965,0,0.0,0.018958365279561965,1.0,upper,3.0,0.0977,0.0318
2022-07-17,21176.0,20824.0,21576.0,20815.0,29615794461.49923,397660610560.5498,-0.01756477078217274,-0.01741140942764119,-0.0017257909875360022,20423.03,20413.405714285716,0.019633227782557272,0.020113953127720352,31270857322.18471,0.9470733135445148,0.031302413988755586,1,0.6777094967300353,-0.01756477078217274,0,0.0,-0.01756477078217274,1.0,upper,1.0,0.0727,0.0308
2022-07-18,20803.0,22395.0,22459.0,20803.0,58636734705.48306,425756736660.6174,0.07273155196699921,0.07544179792547068,0.11983566742855811,20765.391428571427,20491.69142857143,0.07847714198088118,0.0928819652620183,36601895530.28214,1.6020136076551188,0.03623362041058785,1,0.9316602649366076,0.07273155196699921,0,0.0,0.07273155196699921,1.0,time,5.0,0.0049,0.0366
2022-07-19,22441.0,23367.0,23655.0,21746.0,57338223361.51413,445889013251.1064,0.042487050946657695,0.04340254521098452,0.2075507189905914,21339.14285714286,20638.54857142857,0.09502992488652628,0.1322017107515312,41639502927.885605,1.377015077745206,0.02982452167516891,-1,0.11611506555897685,0.041487050946657694,1,0.001,0.042487050946657695,0.0,time,5.0,-0.0328,0.0364
2022-07-20,23359.0,23313.0,24189.0,22993.0,40775718993.79776,446130012149.91077,-0.002313625710706295,-0.0023109513416356142,0.15268232385661307,21780.285714285714,20791.120000000003,0.07037163358738563,0.1212960148371034,43384605018.29915,0.9398660879037394,0.03057203993263149,-1,0.15283009704370779,0.002313625710706295,0,0.0,0.002313625710706295,0.0,lower,5.0,-0.0889,0.0348
2022-07-21,23217.0,23155.0,23366.0,22465.0,63224249257.511284,442379611364.02734,-0.00680040496249961,-0.0067773345343800084,0.12539489671931947,22148.85714285714,20960.005714285715,0.04542640058822789,0.10472298126418167,48312010121.27649,1.308665259400322,0.03234675666473123,-1,0.13684826617281115,0.00680040496249961,0,0.0,0.00680040496249961,0.0,lower,4.0,-0.0821,0.0335
2022-07-22,23142.0,22697.0,23668.0,22620.0,40304373301.41499,433485926857.3929,-0.019977982769382643,-0.019779745195422138,0.0914642943015147,22420.571428571428,21116.65095238095,0.01232923845448064,0.07483900033119895,47420885110.85972,0.8499287435734726,0.03532196140043574,-1,0.10306092814260834,0.019977982769382643,0,0.0,0.019977982769382643,0.0,lower,4.0,-0.0665,0.0329
2022-07-23,22700.0,22506.0,22976.0,22048.0,42519262113.1533,429803379587.55133,-0.008450816835527288,-0.008415209058465822,0.061954418911904785,22608.14285714286,21270.830476190476,-0.004517967609647622,0.058068702357066515,47487765170.624825,0.895372986291952,0.03606440187114312,-1,0.08721105216625417,0.008450816835527288,0,0.0,0.008450816835527288,1.0,time,5.0,0.0568,0.0316
2022-07-24,22484.0,22614.0,22967.0,22334.0,33108916659.05373,433819662321.5266,0.004787243185248051,0.004798720341242291,0.08595850941221661,22863.85714285714,21428.152857142857,-0.010928039888282726,0.055340614319999704,47986782627.41832,0.6899590855281932,0.034268958369881614,1,0.5141552282152021,-0.005787243185248051,1,0.001,-0.004787243185248051,0.0,lower,2.0,-0.0629,0.03
2022-07-25,22606.0,21330.0,22628.0,21330.0,42667548128.932236,407480099599.8142,-0.05845465102979416,-0.05677898646855928,-0.04755525787006032,22711.714285714286,21479.248095238097,-0.06083707589538445,-0.006948478576919381,45705470259.33964,0.9335326359586767,0.029842720129093645,1,0.7528403560323159,-0.05845465102979416,0,0.0,-0.05845465102979416,1.0,upper,2.0,0.0714,0.0342
2022-07-26,21319.0,21236.0,21321.0,20772.0,53995620035.18145,405692421501.52716,-0.004416677761834127,-0.004406938584153752,-0.0911969872041768,22407.285714285714,21529.10523809524,-0.05227253890635064,-0.013614371561368799,45227955498.43496,1.193854982833568,0.02051901001690251,1,0.7875239144183384,-0.004416677761834127,0,0.0,-0.004416677761834127,1.0,upper,1.0,0.0758,0.0325
2022-07-27,21223.0,22909.0,23001.0,21071.0,54498281944.45157,437193517021.8447,0.07583199172978582,0.07878131474854011,-0.01732938703727538,22349.571428571428,21640.629047619048,0.025030841115521563,0.05861063232450259,47188321634.24265,1.1549103688592386,0.040739380002358876,1,0.8373005514003974,0.07583199172978582,0,0.0,0.07583199172978582,1.0,time,5.0,0.0184,0.0389
2022-07-28,22946.0,23822.0,24161.0,22749.0,55609627980.6571,454806622614.75885,0.03907967700749818,0.039853332751320414,0.028805873461455356,22444.85714285714,21743.53380952381,0.06135672187074359,0.09559008248998646,46100518594.692055,1.2062690328837191,0.043507636758854475,-1,0.07056641327375957,0.03807967700749818,1,0.001,0.03907967700749818,0.0,time,5.0,-0.0328,0.0384
2022-07-29,23849.0,23848.0,24163.0,23466.0,41089335195.63975,459609388579.5554,0.0010908329170612376,0.0010914280916800578,0.050711547781645105,22609.285714285714,21838.248095238097,0.0547878558114554,0.09202898950489247,46212656008.15273,0.8891359801607347,0.04223377140584825,-1,0.1410777370158716,-0.0010908329170612376,0,0.0,-0.0010908329170612376,0.0,time,5.0,-0.0423,0.0365
2022-07-30,23858.0,23653.0,24605.0,23619.0,62102072346.807785,451726702392.36206,-0.008210399588304083,-0.008176786313317641,0.05096418732782371,22773.14285714286,21936.486190476193,0.03863573633101636,0.07824925991424458,49010200327.24623,1.2671254541329307,0.04221856465701431,-1,0.17326580913695622,0.008210399588304083,0,0.0,0.008210399588304083,0.0,time,5.0,-0.0421,0.0351
2022-07-31,23644.0,23380.0,24082.0,23289.0,31786729326.443203,447051019373.1847,-0.01160900074354386,-0.011541876294761777,0.03387282214557352,22882.571428571428,22056.486190476193,0.021738316123312895,0.06000565085907872,48821316422.587585,0.6510830034017028,0.042864170980179916,-1,0.10439029780700743,0.01160900074354386,0,0.0,0.01160900074354386,0.0,time,5.0,-0.0067,0.0338
2022-08-01,23345.0,23334.0,23467.0,22898.0,44489771146.510735,445958949620.3002,-0.0019694316422571388,-0.0019674935842600716,0.09395218002812933,23168.85714285714,22215.320952380953,0.007127794699781864,0.05035619561909366,49081633996.52737,0.906444376926377,0.03358296669141367,-1,0.1601693327738783,0.0019694316422571388,0,0.0,0.0019694316422571388,0.0,time,5.0,-0.0151,0.0322
2022-08-02,23304.0,23054.0,23422.0,22729.0,35151096516.75639,440954684720.7478,-0.012072234222844458,-0.011999657152652832,0.08560934262572983,23428.571428571428,22391.666666666668,-0.01598780487804874,0.029579456643096247,46389559208.18093,0.7577372390845524,0.0343665328595348,-1,0.0866195830604223,0.012072234222844458,0,0.0,0.012072234222844458,1.0,time,5.0,0.0062,0.031
2022-08-03,23053.0,22860.0,23631.0,22774.0,41334593234.075066,437035641450.2815,-0.008450631812156268,-0.008415025592088177,-0.0021388973765769093,23421.571428571428,22517.14285714286,-0.023976675958060634,0.015226494099733534,44509032249.55572,0.9286787679929316,0.018294072888268797,-1,0.11709375560195491,0.008450631812156268,0,0.0,0.008450631812156268,1.0,time,5.0,0.0413,0.0297
2022-08-04,22853.0,22678.0,23212.0,22515.0,23624874220.429745,432420621055.8012,-0.007993366817016529,-0.007961504811898501,-0.048022836033918215,23258.14285714286,22617.285714285714,-0.024943644929272146,0.00268441962847632,39939781712.38038,0.5915123520343777,0.00484310567408886,1,0.9330686146549658,0.006993366817016529,1,0.001,0.007993366817016529,1.0,time,5.0,0.0229,0.0284
2022-08-05,22671.0,23225.0,23433.0,22658.0,27040190909.828075,443821669890.4801,0.023833993150254088,0.024120292794779008,-0.02612378396511239,23169.14285714286,22733.0,0.0024108420066097924,0.021642546078388225,37932761100.121574,0.7128453116939439,0.012700281197811513,1,0.7504792258714824,0.023833993150254088,0,0.0,0.023833993150254088,1.0,time,5.0,0.0307,0.0279
2022-08-06,23271.0,22985.0,23322.0,22985.0,14439694271.14074,439414782173.18774,-0.010387455441710868,-0.010333692142088235,-0.0282416606772925,23073.714285714286,22818.333333333332,-0.0038448203273979686,0.0073040683660798855,31123849946.454853,0.46394306282746633,0.012852085371533695,-1,0.09740110927028768,-0.011387455441710867,1,0.001,-0.010387455441710868,1.0,time,5.0,0.0411,0.0268
2022-08-07,22981.0,23198.0,23341.0,22927.0,14324042469.270954,442979379284.1196,0.009224238801493269,0.00926691320426376,-0.0077844311377245345,23047.714285714286,22931.380952380954,0.0065206342122552385,0.011626820389609493,28629180395.430244,0.5003301621431447,0.013221939171827946,1,0.7300441770581836,-0.010224238801493268,1,0.001,-0.009224238801493269,1.0,time,5.0,0.051,0.0256
2022-08-08,23205.0,23824.0,24214.0,23202.0,27756736787.028625,455450642522.25543,0.02662740788196876,0.026985084921113955,0.02099940001714229,23117.714285714286,22999.428571428572,0.03055171050029659,0.035851822405525535,26238746915.50423,1.0578529865169526,0.016900675732432358,-1,0.11554181255467826,0.02562740788196876,1,0.001,0.02662740788196876,1.0,time,5.0,0.0253,0.0255
2022-08-09,23849.0,23204.0,23935.0,22961.0,29738069337.77638,443382534834.6949,-0.026368798337835255,-0.026024177300201456,0.006506463086666026,23139.14285714286,22991.666666666668,0.0028029189869978044,0.009235230155853591,25465457318.50708,1.1677806907541444,0.01960342790444858,1,0.5521144988050414,0.025368798337835254,1,0.001,0.026368798337835255,1.0,time,5.0,0.0467,0.0259
2022-08-10,23119.0,23949.0,24206.0,22782.0,32215976525.650154,457270455537.3291,0.03160189172795371,0.03210653335631797,0.047637795275590644,23294.714285714286,23021.95238095238,0.02808730368017276,0.040267984387572175,24162797788.732098,1.3332883388476444,0.022146421159941795,1,0.6953242126849284,0.03160189172795371,0,0.0,0.03160189172795371,1.0,time,5.0,0.0096,0.0263
2022-08-11,23956.0,23949.0,24931.0,23896.0,33892871243.716595,458070674127.7904,0.0,0.0,0.05604550665843555,23476.285714285714,23059.761904761905,0.020135820950016425,0.03856232769924928,25629654506.344505,1.3224084325961776,0.021450695898905248,1,0.6963966682488009,0.0,0,0.0,0.0,0.0,time,5.0,-0.0015,0.025
2022-08-12,23951.0,24411.0,24434.0,23674.0,25195193357.103275,466765701334.6809,0.019107281050858294,0.019290993360891795,0.05106566200215279,23645.714285714286,23141.380952380954,0.03236466892218459,0.054863581833409114,25366083427.383816,0.993263048638559,0.020917504546598954,-1,0.14724687959501892,0.018107281050858293,1,0.001,0.019107281050858294,0.0,time,5.0,-0.0441,0.0242
2022-08-13,24402.0,24434.0,24883.0,24383.0,22240559959.522095,467078368768.6749,0.0009417545992382664,0.000942198189340937,0.06304111376984989,23852.714285714286,23233.190476190477,0.024369793195144096,0.051685089270891105,26480492811.438297,0.839884669741314,0.019731300849513456,-1,0.13263210443142093,-0.0009417545992382664,0,0.0,-0.0009417545992382664,0.0,lower,5.0,-0.0498,0.0231
2022-08-14,24439.0,24313.0,24988.0,24239.0,21287616855.704494,464896345363.0234,-0.004964418261971876,-0.004952115904068077,0.0480644883179584,24012.0,23314.095238095237,0.012535398967183031,0.04284552978374023,27475289152.357372,0.7747913675324514,0.020411989307956353,-1,0.11396976277663708,0.004964418261971876,0,0.0,0.004964418261971876,0.0,lower,4.0,-0.0448,0.0222
2022-08-15,24366.0,24179.0,25093.0,23848.0,33404812507.80541,462437221425.1544,-0.005526698881422332,-0.005511454777279656,0.014900940228341097,24062.714285714286,23449.761904761905,0.004832610024994244,0.03109788910436695,28282157112.46834,1.1811267568794714,0.018708817682687066,-1,0.1517315805420042,0.005526698881422332,0,0.0,0.005526698881422332,0.0,lower,4.0,-0.1435,0.0213
2022-08-16,24146.0,23913.0,24239.0,23724.0,24971300201.368164,456791042838.03827,-0.011062243724578058,-0.011001282104305399,0.030555076710911955,24164.0,23577.238095238095,-0.010387353087237261,0.014240934557543383,27601190092.981453,0.9047182428455494,0.015511327928156059,-1,0.10046091826795195,0.011062243724578058,0,0.0,0.011062243724578058,0.0,lower,3.0,-0.1325,0.0207
2022-08-17,23898.0,23359.0,24439.0,23277.0,29567403252.00121,447015816173.3428,-0.023439895289345602,-0.02316731484966339,-0.024635684162177984,24079.714285714286,23598.666666666668,-0.029930350383844173,-0.01015594101361661,27222822482.46018,1.0861255577393438,0.012914063023681692,-1,0.11722665688310632,0.023439895289345602,0,0.0,0.023439895289345602,0.0,lower,2.0,-0.109,0.0211
2022-08-18,23373.0,23248.0,23591.0,23134.0,20228208349.156567,444845955425.38696,-0.004763241996623151,-0.0047519157498180364,-0.02927053321641826,23979.571428571428,23571.333333333332,-0.030508111070732813,-0.01371722714031165,25270727783.237312,0.8004600628310526,0.012824889734073534,-1,0.11460163201930486,0.004763241996623151,0,0.0,0.004763241996623151,0.0,lower,1.0,-0.1043,0.0201
2022-08-19,23246.0,20946.0,23246.0,20925.0,35142410593.122185,400810425580.64777,-0.10427140947697312,-0.09901927047487957,-0.1419442054811355,23484.571428571428,23433.14285714286,-0.10809528444206529,-0.1061378267655092,26691758816.954304,1.3166015336089476,0.035200704818349256,1,0.8138837078725903,0.10327140947697312,1,0.001,0.10427140947697312,1.0,time,5.0,0.0212,0.0365
2022-08-20,20849.0,21175.0,21354.0,20849.0,23809679190.922188,404924875533.8922,0.01087354318716417,0.010932875011935517,-0.13337971678808214,23019.0,23315.14285714286,-0.08010773708675445,-0.09179196843253323,26915918707.154316,0.8845947058308479,0.036423077468288635,1,0.8833824151717267,0.01087354318716417,0,0.0,0.01087354318716417,1.0,time,5.0,0.0207,0.0353
2022-08-21,21157.0,21616.0,21665.0,21127.0,20476237108.351532,413578924865.8514,0.020612540679724945,0.02082644628099173,-0.1109283099576358,22633.714285714286,23231.14285714286,-0.0449645282637785,-0.06952489884268664,26800007314.67532,0.7640384895394795,0.03934174876617513,-1,0.1552344056921006,0.019612540679724944,1,0.001,0.020612540679724945,0.0,time,5.0,-0.0642,0.0348
2022-08-22,21546.0,21388.0,21553.0,20961.0,28856912427.175735,408409110509.79584,-0.010603764131357885,-0.010547742413027361,-0.11543074568840728,22235.0,23138.47619047619,-0.038093096469530074,-0.07565218107131388,26150307303.156796,1.1035018477083902,0.039164560010412526,1,0.7343424791878639,0.009603764131357884,1,0.001,0.010603764131357885,0.0,time,5.0,-0.0636,0.0331
2022-08-23,21404.0,21562.0,21618.0,20955.0,29331102121.793316,412338357271.39594,0.008102489030441003,0.008135403029736255,-0.09831472420858944,21899.14285714286,23067.428571428572,-0.015395253565045008,-0.06526208878319462,26773136148.93182,1.0955422614157793,0.04027870199401333,-1,0.14951610660965617,0.007102489030441003,1,0.001,0.008102489030441003,0.0,lower,4.0,-0.0717,0.0318
2022-08-24,21553.0,21395.0,21800.0,21211.0,26855905243.361156,409503007623.01685,-0.007775256248145978,-0.0077451071329189825,-0.08407894173551955,21618.571428571428,22997.666666666668,-0.010341637481001698,-0.06968822924064766,26385779290.55467,1.0178173988203858,0.04011140597810315,-1,0.12358197257430098,0.007775256248145978,0,0.0,0.007775256248145978,0.0,lower,3.0,-0.0639,0.0302
2022-08-25,21393.0,21618.0,21768.0,21375.0,26767966536.315014,413843488595.5175,0.01036905112523105,0.010422996027109166,-0.07011355815554021,21385.714285714286,22947.190476190477,0.010861723446893734,-0.05792388735211906,27320030460.148735,0.9797927046736273,0.04095316678186413,-1,0.06457769436693615,-0.01036905112523105,0,0.0,-0.01036905112523105,0.0,lower,1.0,-0.0643,0.0291
2022-08-26,21599.0,20271.0,21817.0,20245.0,34910727805.04114,387215087166.7839,-0.064335007755864,-0.06230918678878716,-0.032225723288456076,21289.285714285714,22806.52380952381,-0.047830900855561076,-0.11117537379655362,27286932918.994297,1.2793936170356455,0.027841062573959626,-1,0.038467773506804886,0.064335007755864,0,0.0,0.064335007755864,0.0,time,5.0,-0.0123,0.0332
2022-08-27,20267.0,20070.0,20354.0,19882.2,24463219414.743473,383790676113.79205,-0.009965130429900448,-0.009915643036850663,-0.052184179456906676,21131.428571428572,22667.714285714286,-0.0502298539751217,-0.11459974538991902,27380295808.111626,0.893460742213605,0.02704025163854602,-1,0.10655089105048642,0.009965130429900448,0,0.0,0.009965130429900448,1.0,time,5.0,0.0042,0.0316
2022-08-28,20054.0,19659.25,20150.0,19659.25,19781826309.451183,376180531070.6233,-0.020678197341823495,-0.020465869456900876,-0.09052322353811992,20851.89285714286,22499.20238095238,-0.05719590376344741,-0.12622458044809004,27281094265.411568,0.7251111746837678,0.024239525870502154,1,0.8061848838953484,0.019678197341823495,1,0.001,0.020678197341823495,1.0,time,5.0,0.0143,0.0302
2022-08-29,19652.46,20309.0,20385.0,19617.3,28706315246.140064,389119405471.2333,0.03251617208454928,0.03305059959052348,-0.05044884982233033,20697.75,22331.821428571428,-0.018782234783974117,-0.09058022584684566,27259580382.406475,1.053072528756434,0.029961584849993884,-1,0.12295844757538126,0.03151617208454928,1,0.001,0.03251617208454928,0.0,time,5.0,-0.0246,0.0315
2022-08-30,20322.0,19805.35,20526.0,19590.92,30308993725.456158,379555151404.602,-0.025112034328272578,-0.024799350041853407,-0.08146971523977375,20446.8,22169.980952380953,-0.03137165717862944,-0.10665913324237675,27399279182.92974,1.1061967551445375,0.029778596095885183,-1,0.09392248553916754,0.025112034328272578,0,0.0,0.025112034328272578,1.0,time,5.0,0.0088,0.0305
2022-08-31,19810.93,20024.0,20426.0,19810.93,27825786159.855602,383348414528.78253,0.010979450906773127,0.011039946277142443,-0.06408039261509701,20250.942857142858,21983.07619047619,-0.011206532888063059,-0.08911747261854674,27537833599.571804,1.0104566163217819,0.03101316519087725,-1,0.14725668361332425,-0.010979450906773127,0,0.0,-0.010979450906773127,0.0,time,5.0,-0.012,0.0296
2022-09-01,20021.0,20154.0,20188.0,19614.8,25616737335.88055,385027707310.6654,0.006471225728737506,0.006492209348781364,-0.0677213433250069,20041.8,21802.361904761903,0.005598299553932318,-0.07560474007184881,27373372285.224026,0.9358268710541121,0.030636234954588448,-1,0.1072420071826701,-0.006471225728737506,0,0.0,-0.006471225728737506,0.0,lower,5.0,-0.0664,0.0284
2022-09-02,20141.0,19941.45,20428.0,19771.18,24078042298.340073,381788074511.76855,-0.010602299813891786,-0.0105462935397439,-0.01625721474026931,19994.721428571433,21589.52619047619,-0.00266427460676244,-0.07633683925880719,25825845784.266727,0.9323234754622662,0.020277288164930598,-1,0.09603627695288515,0.010602299813891786,0,0.0,0.010602299813891786,0.0,lower,4.0,-0.0558,0.0271
2022-09-03,19963.43,19814.56,20038.0,19673.17,20048153187.39969,379422449024.2574,-0.0063834590484135,-0.006363128057387923,-0.01272745391131036,19958.230000000003,21369.552857142855,-0.007198534138548429,-0.07276674750932333,25195122037.50333,0.7957156610536635,0.020094562434132893,-1,0.14436677689481342,0.0063834590484135,0,0.0,0.0063834590484135,0.0,time,5.0,-0.0251,0.0258
2022-09-04,19826.54,19980.01,20021.0,19649.22,21537524477.36904,382421043401.0045,0.00831525272487725,0.00834992046252836,0.01631598357007502,20004.052857142855,21163.22,-0.0012018993008344747,-0.055908788927204967,25445936061.4916,0.8464033087767865,0.018486182044974743,-1,0.11422950485735704,-0.00831525272487725,0,0.0,-0.00831525272487725,0.0,lower,2.0,-0.0577,0.0249
2022-09-05,19991.92,19785.73,19991.92,19657.12,23522961655.00036,378685143698.17633,-0.009771302925191457,-0.00972371885699752,-0.02576542419616923,19929.3,20954.016666666666,-0.00720396601988027,-0.05575478368904607,24705456977.043068,0.952136270009435,0.012921313268982527,-1,0.022272671331141015,0.009771302925191457,0,0.0,0.009771302925191457,0.0,lower,1.0,-0.0479,0.0237
2022-09-06,19774.58,18859.5,20089.0,18821.25,39940310406.47586,361210437263.86273,-0.047944205076382605,-0.046813031412032746,-0.047757297901829476,19794.178571428572,20713.373809523808,-0.04721987164335839,-0.08950129643638327,26081359360.045887,1.531373800541261,0.019783338130525897,1,0.9335861164284551,0.046944205076382604,1,0.001,0.047944205076382605,1.0,upper,3.0,0.1245,0.026
2022-09-07,18845.69,19280.63,19479.03,18644.13,30517907004.082462,369340091982.8708,0.022084199277878604,0.0223298602826163,-0.037123951258489774,19687.98285714286,20519.165714285715,-0.020690431320396496,-0.06035994501586528,26465948052.07829,1.153100842789797,0.02183362539296898,1,0.8896087192147241,0.022084199277878604,0,0.0,0.022084199277878604,1.0,upper,2.0,0.1024,0.0265
2022-09-08,19356.29,19322.78,19386.38,19058.51,28936941008.358917,369723445425.44885,0.0021837457753196067,0.00218613188469452,-0.04124342562270522,19569.237142857142,20332.25047619048,-0.012594110902636846,-0.04964873304962436,26940262862.432343,1.074115020930657,0.021508123528377186,1,0.7952961144451333,0.0021837457753196067,0,0.0,0.0021837457753196067,1.0,upper,1.0,0.1002,0.0253
2022-09-09,19315.37,21360.0,21566.0,19315.23,42487059054.97593,408976281844.7646,0.1002353033195873,0.10543099905914155,0.07113574990785532,19771.88714285714,20351.96476190476,0.08032176421341686,0.049530119076370394,29570122399.09461,1.436823915760214,0.04690987241254914,1,0.901426092192579,0.1002353033195873,0,0.0,0.1002353033195873,0.0,time,5.0,-0.0531,0.0399
2022-09-10,21373.0,21707.0,21753.0,21182.0,35941349745.24438,415974687298.0947,0.01611477508163107,0.01624531835205989,0.09550754596619848,20042.235714285714,20377.298095238097,0.08306280344401262,0.06525408317369785,31840579050.21528,1.1287907072469328,0.04630800167725765,-1,0.19400754317523466,0.01511477508163107,1,0.001,0.01611477508163107,0.0,lower,5.0,-0.0969,0.0381
2022-09-11,21715.0,21740.0,21785.0,21414.0,31266252145.35619,416073628622.09485,0.00151909251943822,0.0015202469249551154,0.08808754349972814,20293.662857142856,20383.202857142856,0.07127038391435936,0.06656447234354457,33230397288.499153,0.940893118848665,0.046518372992889793,-1,0.214969028558847,-0.00151909251943822,0,0.0,-0.00151909251943822,0.0,lower,2.0,-0.0742,0.0362
2022-09-12,21742.0,22340.0,22448.0,21578.0,44006486689.44507,427473787888.3761,0.02722491194799125,0.027598896044158217,0.12909657616878434,20658.558571428573,20428.536190476192,0.08139200141954306,0.09356831990805747,36156615150.56268,1.2171074782911537,0.04560636468147832,-1,0.1390228434413742,-0.02722491194799125,0,0.0,-0.02722491194799125,0.0,lower,1.0,-0.1014,0.0351
2022-09-13,22339.0,20185.0,22654.0,20071.0,46489890914.82466,386529657258.8565,-0.10143903933615048,-0.09646374216651743,0.07028288130650329,20847.915714285715,20362.96476190476,-0.031797697351177545,-0.008739629223230794,37092269508.89823,1.2533579511405197,0.0592510677578708,-1,0.036102669076049504,0.10143903933615048,0,0.0,0.10143903933615048,0.0,time,5.0,-0.0378,0.0468
2022-09-14,20178.0,20256.0,20418.0,19801.17,35789015870.392235,387486232249.80023,0.0035112916568615453,0.0035174634629675516,0.05058807725681147,20987.254285714287,20308.726666666666,-0.03484278008734287,-0.002596256650260975,37845285061.228195,0.9456664367170384,0.05909192013487947,-1,0.1269305394425875,-0.0035112916568615453,0,0.0,-0.0035112916568615453,0.0,time,5.0,-0.0344,0.0446
2022-09-15,20239.0,19702.17,20338.0,19620.13,33715957206.68328,377719382182.44714,-0.027722263999876335,-0.027341528436019003,0.019634338330198897,21041.452857142856,20217.496666666666,-0.06364973304056887,-0.025489143149770133,38528001660.98882,0.8751026721643357,0.06065729121562122,-1,0.2909269755168855,0.027722263999876335,0,0.0,0.027722263999876335,0.0,time,5.0,-0.0432,0.0431
2022-09-16,19706.12,19764.41,19879.28,19414.75,30187737709.58007,377988702161.6817,0.0031540635949485196,0.0031590428871541842,-0.07469990636704116,20813.511428571426,20193.373333333333,-0.05040482631543319,-0.021242777333554286,36770955754.5037,0.8209669041817789,0.04156792568350377,-1,0.032123176525537506,-0.0031540635949485196,0,0.0,-0.0031540635949485196,0.0,time,5.0,-0.064,0.041
2022-09-17,19763.99,20132.0,20189.0,19763.99,23394494073.784782,385486747327.04944,0.01842774335727571,0.018598581996629227,-0.07255723960012894,20588.511428571426,20196.32571428571,-0.022173114853651255,-0.0031850206416611515,34978547801.43804,0.6688240520043255,0.041826650112401366,-1,0.11211984987207121,-0.01842774335727571,0,0.0,-0.01842774335727571,0.0,lower,4.0,-0.0824,0.0396
2022-09-18,20130.0,19437.16,20130.0,19361.11,28689764413.699097,372598380208.27094,-0.03512389108906156,-0.03451420623882373,-0.10592640294388223,20259.534285714286,20185.75,-0.04059196396701825,-0.03708507239017622,34610478125.48703,0.8289329118678676,0.042398129780204505,-1,0.09813270683515254,0.03512389108906156,0,0.0,0.03512389108906156,0.0,time,5.0,-0.0075,0.039
2022-09-19,19440.93,19570.39,19612.26,18421.2,39507938864.87854,374524246937.4287,0.006831011846295266,0.0068543964241689626,-0.12397538048343781,19863.875714285714,20150.578095238096,-0.014774846485504645,-0.02879262780928371,33967828436.263237,1.163098752073913,0.0395483678441875,-1,0.13383455309534623,-0.006831011846295266,0,0.0,-0.006831011846295266,0.0,time,5.0,-0.0327,0.0373
2022-09-20,19546.41,18869.93,19601.4,18830.92,33890591849.676514,361980678159.1343,-0.03644805988971381,-0.03579182632538236,-0.06515085459499625,19676.00857142857,20106.034285714286,-0.04096758590556182,-0.06147926876821064,32167928569.813503,1.053552197995104,0.022441982077793125,1,0.801508760359747,0.03544805988971381,1,0.001,0.03644805988971381,0.0,time,5.0,-0.0032,0.0368
2022-09-21,18874.85,18539.64,19721.93,18262.09,41059997264.96848,355194467885.9514,-0.017658507308174146,-0.017503509551969776,-0.08473341232227494,19430.814285714285,20035.350476190477,-0.04586397011521459,-0.07465357184382393,32920925911.89582,1.2472309367863692,0.021829752988704154,1,0.8311900557574167,-0.017658507308174146,0,0.0,-0.017658507308174146,1.0,time,5.0,0.036,0.0351
2022-09-22,18527.8,19464.32,19464.32,18422.41,37660914389.8923,372075639498.16974,0.04867190348091941,0.04987583361920733,-0.012072274272326267,19396.835714285717,20002.50857142857,0.00347913890225815,-0.02690605378353972,33484491223.782825,1.1247270904669775,0.030704812426831207,-1,0.11176375512137318,0.04767190348091941,1,0.001,0.04867190348091941,0.0,time,5.0,-0.018,0.0375
2022-09-23,19447.84,19291.9,19475.03,18641.21,35506139423.901344,370913140447.51636,-0.008897727256836987,-0.008858259625817766,-0.023907113847567385,19329.334285714285,19971.57761904762,-0.0019366567498370069,-0.03403224482373324,34244262897.257298,1.0368492827668694,0.030747805617020094,-1,0.2522600203713719,0.008897727256836987,0,0.0,0.008897727256836987,1.0,time,5.0,0.0079,0.0357
2022-09-24,19309.22,18939.97,19316.53,18874.73,24644354421.61794,363168779956.3335,-0.0184108148901775,-0.018242371150586578,-0.05921070931849781,19159.044285714284,19929.930476190475,-0.011434510116855479,-0.04967204864929864,34422814375.51917,0.715930840307599,0.029554848854027,-1,0.3589416902458759,0.0184108148901775,0,0.0,0.0184108148901775,1.0,time,5.0,0.0324,0.0343
2022-09-25,18936.7,18809.41,19142.43,18747.85,21516374222.675316,360256894978.40894,-0.006917227280881889,-0.006893358331613086,-0.03229638486280917,19069.365714285716,19874.187619047618,-0.013632111218621734,-0.05357590657074829,33398044348.230064,0.6442405428992006,0.027225515420697434,1,0.6965203298855192,0.005917227280881889,1,0.001,0.006917227280881889,1.0,time,5.0,0.0349,0.0326
2022-09-26,18787.31,19219.73,19274.62,18708.63,42560193944.41844,367613056759.2221,0.021580079050186395,0.02181461300487353,-0.017917885131568667,19019.27142857143,19847.23523809524,0.010539760799009201,-0.0316167582319371,33834080788.164333,1.257908976776654,0.028795006340296168,1,0.6342574736572983,0.021580079050186395,0,0.0,0.021580079050186395,1.0,time,5.0,0.0049,0.032
2022-09-27,19200.81,19116.33,20339.0,18902.66,52482615483.86207,366383164263.7157,-0.0053944119840236854,-0.00537988827106306,0.013057812085153442,19054.471428571425,19859.46523809524,0.0032464071050442023,-0.037419700338643835,36490084164.476555,1.4382706065379371,0.024920596385684377,1,0.6178784239737168,-0.0053944119840236854,0,0.0,-0.0053944119840236854,0.0,time,5.0,-0.0027,0.0305
2022-09-28,19114.9,19444.79,19704.08,18482.46,47494258189.70422,372892084645.0075,0.017036224265311,0.01718216833461228,0.048822415106226424,19183.778571428575,19867.28238095238,0.013605840350980891,-0.021265735939679398,37409264296.581665,1.2695854645300815,0.02379215425250973,-1,0.14077038259794794,0.016036224265311,1,0.001,0.017036224265311,1.0,time,5.0,0.009,0.0296
2022-09-29,19443.69,19563.77,19625.8,18963.35,37537716230.48356,374830625219.6003,0.0061002184629911195,0.006118862687640281,0.005109348798211233,19197.985714285718,19878.758095238096,0.01905326377246408,-0.015845461458356858,37391664559.52327,1.0039059954318907,0.014671681838177124,-1,0.14850921116385254,-0.0061002184629911195,0,0.0,-0.0061002184629911195,1.0,time,5.0,0.0392,0.0282
2022-09-30,19563.78,19476.93,20184.0,19251.33,37848666330.67224,373222100680.7475,-0.004448698062289074,-0.004438817262725991,0.009591071900642234,19224.41857142857,19789.088095238094,0.013134931890565138,-0.015774253656145487,37726311260.49054,1.0032432290911473,0.014275523904718715,-1,0.18092853830711464,0.004448698062289074,0,0.0,0.004448698062289074,1.0,time,5.0,0.0346,0.0269
2022-10-01,19467.93,19314.46,19488.42,19238.33,15943514602.722155,370204708063.3375,-0.008376650077181814,-0.008341663701620372,0.019772470600533998,19277.91714285714,19675.15761904762,0.0018955811912699794,-0.01833264190465378,36483334143.50543,0.437008156656108,0.012361199750099677,1,0.8508941651079931,0.007376650077181814,1,0.001,0.008376650077181814,1.0,upper,3.0,0.052,0.0257
2022-10-02,19316.66,19065.15,19377.21,18928.73,17859684587.64641,366195863790.6755,-0.012991977082286672,-0.012907945653153008,0.013596386064209431,19314.45142857143,19547.783809523808,-0.0129075075983075,-0.024689950238178104,35960949909.92987,0.4966410685028882,0.013324162287971479,1,0.8446617089036375,-0.012991977082286672,0,0.0,-0.012991977082286672,1.0,upper,2.0,0.065,0.0247
2022-10-03,19077.04,19620.57,19646.91,19056.01,26634227151.925247,375767908259.0832,0.028716444603794133,0.02913273695722296,0.02085565197846173,19371.714285714286,19418.28714285714,0.012846344449196856,0.010417131833240223,33685811796.716557,0.7906660321162678,0.015280797670693347,1,0.7699429999579427,0.028716444603794133,0,0.0,0.028716444603794133,0.0,time,5.0,-0.0104,0.0253
2022-10-04,19619.67,20345.0,20383.0,19521.07,30974520027.944332,390177741507.47705,0.03625667575066952,0.03692196506013845,0.06427332024504695,19547.23857142857,19425.906190476187,0.0408119758530745,0.04731278945300432,30613226731.585453,1.0118018691569717,0.0192416286524787,-1,0.11216259468667504,0.03525667575066952,1,0.001,0.03625667575066952,0.0,time,5.0,-0.0451,0.0263
2022-10-05,20344.0,20162.0,20346.0,19785.21,29366342083.101757,386368899196.38165,-0.009035536821903459,-0.008994839026787882,0.03688443022526844,19649.697142857145,19421.43,0.02607179405455029,0.038131589692417034,28023524430.642242,1.0479175150071849,0.019939107541314907,-1,0.09525303844621719,0.009035536821903459,0,0.0,0.009035536821903459,0.0,lower,5.0,-0.0519,0.0254
2022-10-06,20157.0,19949.05,20421.0,19886.08,31354758329.142307,382505641462.15643,-0.01061812147731923,-0.01056194821942269,0.019693545773641796,19704.737142857142,19433.18619047619,0.012398686436241979,0.02654550851659221,27140244730.450634,1.1552864994604526,0.020810450679597838,-1,0.14111759500025978,0.01061812147731923,0,0.0,0.01061812147731923,0.0,time,5.0,-0.0457,0.0245
2022-10-07,19952.43,19457.31,20044.0,19373.8,25445042398.337975,373170861484.13965,-0.024958688222858277,-0.024649795353663406,-0.001007345613502686,19701.934285714287,19418.562380952382,-0.012416257315996715,0.0019953907136620597,25368298454.402885,1.0030251908330796,0.023267177875105717,-1,0.17740744652133159,0.024958688222858277,0,0.0,0.024958688222858277,0.0,time,5.0,-0.0158,0.0246
2022-10-08,19494.51,19418.04,19533.5,19280.34,12996183216.30484,372391945609.07526,-0.002020304041359245,-0.002018264600810671,0.005362821430161757,19716.731428571427,19384.56428571429,-0.015149135121787727,0.0017269263209791497,24947251113.486122,0.5209465025699481,0.02300675958747091,-1,0.09220640070794035,0.002020304041359245,0,0.0,0.002020304041359245,0.0,time,5.0,-0.0018,0.0234
2022-10-09,19419.4,19448.15,19559.84,19357.56,14404623229.04686,372264710552.3351,0.0015494189692250887,0.001550619938984532,0.020089010576890276,19771.445714285714,19385.08761904762,-0.016351647671981717,0.0032531388143131057,24453670919.400475,0.5890577033004424,0.022185567539572047,-1,0.2279019163106864,-0.0015494189692250887,0,0.0,-0.0015494189692250887,0.0,time,5.0,-0.0129,0.0223
2022-10-10,19448.94,19142.69,19517.27,19094.26,23743487600.53748,367207056773.2261,-0.01583103034524213,-0.015706378241632346,-0.02435607120486316,19703.17714285714,19364.72095238095,-0.028446536251151344,-0.011465744997149141,24040708126.345074,0.987636781568764,0.019739379102932483,1,0.6429489587279775,0.014831030345242129,1,0.001,0.01583103034524213,0.0,time,5.0,-0.0037,0.0216
2022-10-11,19137.01,19058.63,19228.69,18969.08,25102717820.99086,365118514776.26794,-0.004400902150625745,-0.004391232371207865,-0.06322782010321937,19519.41,19373.706666666665,-0.023606246295354127,-0.016263107111493924,23201879239.637444,1.0819260613211914,0.008880538411603318,-1,0.23648292092069315,-0.005400902150625745,1,0.001,-0.004400902150625745,1.0,time,5.0,0.0112,0.0206
2022-10-12,19060.7,19153.04,19211.19,19033.02,22339104401.384174,367301644901.367,0.00494143240044752,0.004953661412179233,-0.0500426544985616,19375.272857142856,19402.916190476193,-0.011469921418986728,-0.012878280152487709,22197988142.249214,1.0063571643624034,0.010385529314060499,-1,0.24191192079509768,-0.00494143240044752,0,0.0,-0.00494143240044752,1.0,time,5.0,0.0209,0.0197
2022-10-13,19152.89,19383.94,19478.17,18317.03,37194496437.923996,371647189087.47595,0.01198343840905636,0.012055527477622174,-0.028327664725889212,19294.542857142857,19399.088571428572,0.004633286391859004,-0.0007808908842699136,23032236443.503742,1.614888616186238,0.01249189751045276,-1,0.169494417758318,-0.01198343840905636,0,0.0,-0.01198343840905636,0.0,time,5.0,-0.0019,0.0192
2022-10-14,19381.6,19198.11,19880.56,19115.85,34806651159.13548,367584653730.75476,-0.009633051484626832,-0.009586802270332928,-0.013321471467535928,19257.514285714286,19394.62238095238,-0.003084732787053013,-0.010132312818081801,24369609123.61767,1.428281060339323,0.009215529531287788,1,0.5760066231642701,0.008633051484626831,1,0.001,0.009633051484626832,0.0,time,5.0,-0.0033,0.0185
2022-10-15,19194.64,19072.78,19207.45,19030.3,13103099352.405506,365870425566.52997,-0.006549648990787397,-0.0065282467909602016,-0.017780373302351937,19208.191428571427,19400.946666666667,-0.007049670921646878,-0.016914982155510017,24384882857.346336,0.5373451834507373,0.00938313520484243,1,0.8585211309255184,-0.006549648990787397,0,0.0,-0.006549648990787397,0.0,time,5.0,-0.0022,0.0176
2022-10-16,19077.79,19272.92,19342.2,19077.79,15683330320.159586,369552982160.53754,0.010438814125982326,0.010493488626199143,-0.009010111501608242,19183.15857142857,19423.018571428573,0.004679178782639015,-0.007727870458270059,24567555298.93387,0.638375700362835,0.010564469908368847,-1,0.3132096811842855,0.009438814125982325,1,0.001,0.010438814125982326,0.0,time,5.0,-0.0052,0.0172
2022-10-17,19274.21,19557.9,19614.89,19161.27,23713928577.519844,375052275829.7958,0.014678295056130813,0.014786550247705144,0.02169026401200691,19242.47428571429,19439.121904761905,0.016392159844011767,0.006110260320400629,24563332581.35992,0.9654198386547657,0.009871274246303144,-1,0.20439463569260136,-0.014678295056130813,0,0.0,-0.014678295056130813,0.0,time,5.0,-0.0183,0.017
2022-10-18,19563.59,19348.03,19669.88,19092.9,25848175158.687187,371196833238.99286,-0.010788691372378223,-0.010730702171501183,0.015184722091776681,19283.817142857144,19450.155238095238,0.0033298831173909083,-0.00525061300771601,24669826486.74511,1.0477647733994073,0.010910477091524404,-1,0.1636879712310886,0.010788691372378223,0,0.0,0.010788691372378223,1.0,time,5.0,0.0117,0.0165
2022-10-19,19330.46,19134.24,19335.22,19099.34,23047051893.294765,367085331987.69183,-0.0111112052131189,-0.011049703768290509,-0.0009815674169739719,19281.131428571425,19435.367142857143,-0.007618402950863912,-0.01549377177409339,24770961842.732334,0.9304060148983131,0.011873043970472648,-1,0.0697829779679894,0.0111112052131189,0,0.0,0.0111112052131189,1.0,time,5.0,0.0095,0.0161
2022-10-20,19130.74,19031.16,19324.57,18951.94,25712511231.935688,365098952754.63934,-0.005401764459326958,-0.005387201163986721,-0.018199602351224753,19230.734285714283,19410.004761904762,-0.010377881715236348,-0.01951801488726601,23130678241.876865,1.1116194243446156,0.010671198299886688,1,0.6926917020868916,0.004401764459326958,1,0.001,0.005401764459326958,1.0,upper,5.0,0.0544,0.0153
2022-10-21,19068.87,19173.28,19238.22,18730.04,30297335038.197,367999082249.1525,0.007440007264695348,0.00746775288526802,-0.0012933564814453513,19227.187142857143,19395.545238095237,-0.002803693668585905,-0.011459602468853691,22486490224.59994,1.3473572236298614,0.010749249328990056,-1,0.20155287288224408,0.006440007264695348,1,0.001,0.007440007264695348,1.0,upper,4.0,0.047,0.0148
2022-10-22,19171.05,19203.87,19237.19,19120.99,13362526957.65784,368484939423.55475,0.001594178123099981,0.0015954495005550129,0.00687314591789967,19245.914285714283,19390.279047619046,-0.002184582404873958,-0.009613530943069937,22523551311.064556,0.593269097448837,0.01037608105054505,1,0.6068242061533998,-0.002594178123099981,1,0.001,-0.001594178123099981,1.0,upper,3.0,0.0454,0.0141
2022-10-23,19207.76,19574.82,19634.72,19125.34,19928822961.41621,375197423662.3941,0.01913222520954566,0.01931641903428849,0.015664465996849453,19289.042857142857,19414.54904761905,0.01481551702558015,0.008255198304521372,23130050259.815502,0.8615987746485413,0.012109086786165063,1,0.8941078920440811,0.01913222520954566,0,0.0,0.01913222520954566,1.0,upper,3.0,0.0595,0.0147
2022-10-24,19560.98,19316.94,19564.11,19201.35,28657172008.9177,370622833880.7626,-0.01326161528532925,-0.013174067501003917,-0.012320341140920177,19254.62,19400.09047619048,0.0032366258072089593,-0.004286087031013075,23836227892.87234,1.202252811884172,0.011908101017248058,1,0.6221624290834922,-0.01326161528532925,0,0.0,-0.01326161528532925,1.0,upper,1.0,0.0395,0.0146
2022-10-25,19321.01,20095.0,20353.0,19255.73,39846253138.59686,385476931983.84595,0.039488596754203686,0.04027863626433592,0.03860703131016452,19361.329999999998,19388.185714285715,0.037893574460019064,0.036455927136776145,25835953318.573723,1.5422791892858467,0.018976592571105427,1,0.7017222638613088,0.039488596754203686,0,0.0,0.039488596754203686,1.0,time,5.0,0.026,0.0183
2022-10-26,20096.0,20774.0,20955.0,20085.0,50667020407.51415,398674628646.93066,0.033231176904455276,0.03378949987559099,0.08569768122486177,19595.58142857143,19417.328571428574,0.06013695361498028,0.06986910807945468,29781663106.319347,1.7012824376743136,0.019970128085339846,-1,0.30177733628674713,0.032231176904455275,1,0.001,0.033231176904455276,0.0,time,5.0,-0.0135,0.0196
2022-10-27,20781.0,20278.0,20876.0,20261.0,41829789298.17936,389238872375.6226,-0.024165650275231577,-0.0238759988447097,0.06551571212684881,19773.70142857143,19432.992857142857,0.025503498839114735,0.043483119098999046,32084131401.497017,1.3037532097947842,0.023551982706658415,1,0.637471925787659,0.023165650275231577,1,0.001,0.024165650275231577,1.0,time,5.0,0.0104,0.0208
2022-10-28,20282.0,20591.0,20716.0,20095.0,36165609164.5681,395201306734.5831,0.015317532595621583,0.015435447282769577,0.07394248662722291,19976.23285714286,19486.978095238097,0.030774928749257136,0.056654341138284936,32922456276.69289,1.0985088372695682,0.023638651492064185,-1,0.15876962243722162,0.014317532595621584,1,0.001,0.015317532595621583,0.0,time,5.0,-0.021,0.0201
2022-10-29,20585.0,20801.0,20946.0,20575.0,32806216910.570454,399135164712.3964,0.010146975348681435,0.01019863046962266,0.08316709079992735,20204.394285714287,19552.833333333332,0.02952851275069146,0.06383559074984868,35700126269.96612,0.9189383998949533,0.02332120718529262,-1,0.14238749232510856,-0.010146975348681435,0,0.0,-0.010146975348681435,0.0,time,5.0,-0.0288,0.0192
2022-10-30,20818.0,20624.0,20908.0,20542.0,24707906148.749344,395548335410.141,-0.008545616277859401,-0.00850920628815921,0.05359844943657199,20354.277142857143,19608.82619047619,0.01325140928610713,0.051771268696178874,36382852439.58514,0.6791085495503024,0.02416474766254451,-1,0.07112402319715694,0.008545616277859401,0,0.0,0.008545616277859401,1.0,time,5.0,0.0252,0.0187
2022-10-31,20624.0,20495.0,20800.0,20262.0,37290619694.72375,393311097043.5727,-0.006274492240530732,-0.006254848719937978,0.06098584972568122,20522.571428571428,19673.221904761907,-0.0013434685155020443,0.04177140374953936,37616202108.98601,0.9913446229016171,0.023292708591556733,-1,0.09886241436823476,0.006274492240530732,0,0.0,0.006274492240530732,1.0,upper,5.0,0.0377,0.0181
2022-11-01,20493.0,20490.0,20645.0,20285.0,32262771910.727066,393218202887.5868,-0.0002439917054925371,-0.00024396194193709864,0.01965663100273707,20579.0,19741.382380952382,-0.004324797123281043,0.03792123593988683,36532847647.86175,0.8831168109780622,0.01873223737907981,1,0.5062193105285108,-0.000756008294507463,1,0.001,0.0002439917054925371,1.0,upper,4.0,0.038,0.0172
2022-11-02,20489.0,20163.0,20705.0,20065.0,44539856162.44828,387015867490.0914,-0.01608772059486986,-0.01595900439238651,-0.02941176470588236,20491.714285714286,19789.475714285712,-0.01604132680804793,0.01887489548015897,35657538469.99519,1.2491006971759226,0.013884806736931416,1,0.6975948713758982,-0.01608772059486986,0,0.0,-0.01608772059486986,1.0,upper,2.0,0.0478,0.0173
2022-11-03,20161.0,20211.0,20388.0,20091.0,36562782563.979164,387756249891.6283,0.002377768990693913,0.00238059812527891,-0.0033040733800177025,20482.14285714286,19828.859523809522,-0.013238012205754268,0.019271934209409425,34905108936.53802,1.0474908595889219,0.01090081200748308,1,0.7614625279062462,0.002377768990693913,0,0.0,0.002377768990693913,1.0,upper,1.0,0.0454,0.0165
2022-11-04,20206.0,21150.0,21241.0,20206.0,33773463079.332672,405987599945.2726,0.04541289484565445,0.04645984859729846,0.027147783011995497,20562.0,19921.806666666667,0.028596440035016046,0.061650700354820565,34563373781.50439,0.9771460185812528,0.020501620736110768,-1,0.10461996198316022,0.04441289484565445,1,0.001,0.04541289484565445,0.0,lower,4.0,-0.1305,0.0206
2022-11-05,21147.0,21283.0,21454.0,21124.0,31061573100.604958,408892506459.0742,0.006268726488379846,0.006288416075650227,0.023171962886399777,20630.85714285714,20027.05523809524,0.03161007090627077,0.06271240314530702,34314138951.509315,0.9052120802010889,0.02035767174216743,-1,0.15737192951088227,-0.006268726488379846,0,0.0,-0.006268726488379846,0.0,lower,3.0,-0.1368,0.0196
2022-11-06,21280.0,20907.0,21337.0,20907.0,50602704770.812515,401869336200.07385,-0.017824600856175276,-0.01766668232861912,0.01372187742435993,20671.285714285714,20104.86857142857,0.011402981361308573,0.03989737240617197,38013395897.51835,1.3311808528560334,0.02151569784562454,-1,0.18081070873381216,0.017824600856175276,0,0.0,0.017824600856175276,0.0,lower,2.0,-0.1189,0.0199
2022-11-07,20922.0,20598.0,21017.0,20433.0,91750982446.38734,395168506455.3059,-0.014890047420881423,-0.01477973884344952,0.005025616003903499,20686.0,20154.397142857146,-0.004254084888330234,0.022010227048645303,45793447719.18457,2.003583198387342,0.022297357773637828,-1,0.055290680794096256,0.014890047420881423,0,0.0,0.014890047420881423,0.0,lower,1.0,-0.1041,0.0197
2022-11-08,20600.0,18562.35,20671.0,17579.02,92144963385.0274,356871594631.61395,-0.10405864798142236,-0.09882755607340521,-0.09407759882869704,20410.62142857143,20116.98380952381,-0.0905543927233966,-0.07727966698406419,54348046501.22748,1.6954604501368098,0.04386337826590715,-1,0.046729963204881216,0.10405864798142236,0,0.0,0.10405864798142236,0.0,lower,1.0,-0.1648,0.0369
2022-11-09,18579.39,15742.44,18749.92,15663.49,74978675390.59279,301963847693.52637,-0.16477508568742277,-0.15191557103491737,-0.21924118434756734,19779.11285714286,19955.469523809523,-0.2040876598610989,-0.21112154333341138,58696449248.10526,1.2773971228423688,0.06849485187085419,1,0.8413525470826158,0.16377508568742277,1,0.001,0.16477508568742277,1.0,time,5.0,0.0558,0.0587
2022-11-10,15920.79,17594.92,18106.79,15835.92,65200666543.364624,336597208099.6668,0.11124997398221241,0.11767426142326087,-0.12943842462025634,19405.38714285714,19887.077142857142,-0.09329714112524423,-0.11525862379834029,62787575530.87462,1.0384326197036133,0.08907341883803983,-1,0.04553827253121299,0.11024997398221241,1,0.001,0.11124997398221241,0.0,time,5.0,-0.0409,0.069
2022-11-11,17602.79,17080.22,17624.47,16569.89,45030331310.74984,325921112619.09045,-0.029689155177446132,-0.029252761592550414,-0.19242458628841597,18823.989999999998,19787.40761904762,-0.09263551457475261,-0.13681365801761947,64395699563.93421,0.699275442547871,0.08469881946709953,-1,0.10019635158305423,0.029689155177446132,0,0.0,0.029689155177446132,0.0,time,5.0,-0.0231,0.0659
2022-11-12,17088.94,16797.99,17101.87,16640.26,21893997140.860477,322330608513.1628,-0.01666183244523814,-0.016523791848114366,-0.21073203965606346,18183.274285714284,19672.841904761903,-0.07618453442142892,-0.14613302534932837,63086045855.399284,0.3470497610683054,0.08364012358633484,-1,0.10872867797525611,0.01666183244523814,0,0.0,0.01666183244523814,0.0,time,5.0,-0.0048,0.0627
2022-11-13,16794.65,16344.34,16915.46,16312.86,20411619109.007805,313605586517.2854,-0.02737757635427889,-0.02700620729027703,-0.21823599751279477,17531.465714285714,19519.009523809524,-0.06771400256159821,-0.16264501126130515,58773033617.99861,0.3472956533378084,0.08348150050313165,1,0.871143565959904,0.02637757635427889,1,0.001,0.02737757635427889,1.0,time,5.0,0.0219,0.0598
2022-11-14,16335.29,16645.83,17176.32,15906.19,37539226046.106285,320598982524.9025,0.01827807456803692,0.018446140988256587,-0.19187154092630343,16966.87,19391.813809523806,-0.018921580704042484,-0.14160531018378397,51028496989.38703,0.735652199474222,0.0855117477768922,-1,0.018915396432517505,0.01727807456803692,1,0.001,0.01827807456803692,1.0,time,5.0,0.004,0.0577
2022-11-15,16632.61,16890.53,17171.27,16573.54,28676275678.9418,324608360619.00433,0.01459337523383673,0.014700378413091908,-0.09006510490320463,16728.03857142857,19239.22,0.009713716756306612,-0.12207823394087713,41961541602.80337,0.6833942363315364,0.08016683626866412,-1,0.0759457453177492,-0.01459337523383673,0,0.0,-0.01459337523383673,0.0,time,5.0,-0.0353,0.0554
2022-11-16,16901.94,16689.4,16997.06,16437.01,26922027947.408913,320099234744.2721,-0.011979322484809997,-0.011907856058986699,0.06015331803710233,16863.318571428572,19044.71523809524,-0.010313425005398336,-0.12367290393420471,35096306253.77711,0.7670900679045543,0.05128148206037148,-1,0.05302320956893355,0.011979322484809997,0,0.0,0.011979322484809997,0.0,time,5.0,-0.0539,0.0527
2022-11-17,16677.87,16718.36,16732.97,16417.31,22011291267.356167,321287480849.7667,0.0017337293643175822,0.0017352331419941969,-0.04981892500789986,16738.095714285715,18875.20857142857,-0.001179089582387216,-0.11426886030247074,28926395500.061615,0.7609413785173919,0.01916962326833374,-1,0.1311825743585617,-0.0017337293643175822,0,0.0,-0.0017337293643175822,0.0,time,5.0,-0.0332,0.0503
2022-11-18,16711.92,16707.02,16994.52,16581.98,20942172141.414623,320876918352.4405,-0.00067852634345979,-0.0006782961965169365,-0.021849835657854588,16684.78142857143,18690.257142857143,0.0013328656131201821,-0.10611074677563093,25485229904.442295,0.8217376190027708,0.01653070922920442,-1,0.03457412192784672,0.00067852634345979,0,0.0,0.00067852634345979,0.0,time,5.0,-0.0059,0.0479
2022-11-19,16705.26,16712.73,16794.94,16558.64,10844466289.901127,321151208473.7581,0.00034171410950487155,0.0003417725004219996,-0.0050756072601544355,16672.60142857143,18495.57761904762,0.002406857238235416,-0.09639318413130071,23906725497.162388,0.4536157112436127,0.015429164838302287,-1,0.06183464065118861,-0.00034171410950487155,0,0.0,-0.00034171410950487155,0.0,time,5.0,-0.007,0.0456
2022-11-20,16711.87,16304.08,16746.26,16254.32,15680401749.958439,313370674122.3842,-0.024755321247764955,-0.0244514211621919,-0.0024632380383667885,16666.85,18289.86714285714,-0.021765960574433585,-0.10857307641147418,23230837303.01248,0.6749822034148149,0.014714777683413975,1,0.8370166209983323,0.023755321247764954,1,0.001,0.024755321247764955,1.0,time,5.0,0.0134,0.0437
2022-11-21,16298.41,15814.34,16299.24,15649.4,31057277097.34788,303834128504.1595,-0.030498259885295455,-0.030037880088910285,-0.04995184980262335,16548.065714285713,18066.97857142857,-0.044339062157113474,-0.12468263924278589,22304844596.046993,1.3924005147676326,0.01581254060530966,1,0.9109594955039069,-0.030498259885295455,0,0.0,-0.030498259885295455,1.0,time,5.0,0.0398,0.0421
2022-11-22,15794.33,16171.63,16269.92,15686.55,25091849198.571053,311463297390.4882,0.022341349112204898,0.02259278604102355,-0.04256231154380585,16445.365714285716,17861.341904761903,-0.016645158219128486,-0.09460162141073059,21792783670.279743,1.151383392695742,0.017790792242370585,1,0.9209659693588039,0.022341349112204898,0,0.0,0.022341349112204898,1.0,time,5.0,0.0176,0.0412
2022-11-23,16225.09,16608.01,16632.65,16191.07,26858079944.170044,319494112507.07404,0.026626636636172478,0.0269842928634898,-0.004876748115570595,16433.73857142857,17692.056666666667,0.010604490744084982,-0.061273072265764617,21783648241.245617,1.2329468253768618,0.02137193123689665,-1,0.20305937078664016,0.025626636636172477,1,0.001,0.026626636636172478,0.0,time,5.0,-0.0235,0.0405
2022-11-24,16633.46,16596.04,16769.37,16484.24,20949512927.386944,318949911014.53784,-0.0007209964157103201,-0.0007207365602499571,-0.007316507121511884,16416.264285714286,17519.915714285715,0.01095107334755574,-0.05273288578280011,21631965621.25002,0.9684516559515668,0.021349230900420013,-1,0.04709243644185139,0.0007209964157103201,0,0.0,0.0007209964157103201,0.0,time,5.0,-0.0093,0.0386
2022-11-25,16605.8,16524.45,16613.15,16400.96,18933018587.76629,317919884011.3825,-0.0043230104078748775,-0.0043136796488800755,-0.010927741751670883,16390.182857142856,17299.65142857143,0.008191924643393023,-0.044810233996457116,21344943685.014538,0.8870025082829538,0.02138845995977852,-1,0.0799701608307183,0.0043230104078748775,0,0.0,0.0043230104078748775,1.0,time,5.0,0.0393,0.0367
2022-11-26,16521.13,16456.16,16670.75,16423.19,18243019109.753235,316206865319.883,-0.00414122707835962,-0.004132664022100663,-0.015351770775929419,16353.529999999999,17069.801904761902,0.006275709281115427,-0.03594897633760563,22401879802.13627,0.8143521557513919,0.02139556175168618,-1,0.10427698707126186,0.00414122707835962,0,0.0,0.00414122707835962,1.0,time,5.0,0.0309,0.0349
2022-11-27,16465.29,16459.15,16600.08,16431.98,16551822516.185429,316487666895.4407,0.00018167837448451586,0.0001816948789998829,0.009511116235936035,16375.682857142858,16857.99952380952,0.00509701754640024,-0.023659362621656355,22526368483.02584,0.7347754489880437,0.018978881451218114,1,0.6513907684128448,-0.001181678374484516,1,0.001,-0.00018167837448451586,1.0,time,5.0,0.0373,0.0332
2022-11-28,16456.69,16222.21,16482.04,16065.43,24566056814.212288,311810991501.448,-0.014500262628121183,-0.014395640115072883,0.025791149045739425,16433.95,16649.628571428573,-0.01288430353019221,-0.02567135774800655,21599051299.720757,1.1373673997676874,0.01518785917811418,1,0.6655221423953357,-0.014500262628121183,0,0.0,-0.014500262628121183,1.0,time,5.0,0.0423,0.0318
2022-11-29,16222.5,16441.98,16541.11,16157.9,24663035431.352062,316170903326.0224,0.013456529384994123,0.013547475960427047,0.01671754795280389,16472.571428571428,16548.658571428572,-0.0018571131231137628,-0.006446357628814292,21537792190.118042,1.145105088471786,0.013620687062261503,1,0.749323371655394,0.013456529384994123,0,0.0,0.013456529384994123,1.0,time,5.0,0.0422,0.0307
2022-11-30,16446.88,17186.5,17227.39,16442.29,30676053555.32337,330763402606.7043,0.04428637158381067,0.04528165099337178,0.03483198769750273,16555.21285714286,16617.423333333332,0.03813222749260925,0.03424578258923816,22083216991.711372,1.3891116301957818,0.019570070662029385,-1,0.2535420535171011,0.04328637158381067,1,0.001,0.04428637158381067,0.0,time,5.0,-0.0125,0.0325
2022-12-01,17224.41,16972.73,17249.92,16901.02,23319572025.36399,326141917292.63745,-0.012516253481095285,-0.012438250952782726,0.0226975832789027,16609.025714285715,16587.795238095237,0.02189799040418472,0.02320590267600653,22421796862.850952,1.0400402861556781,0.02062028790288199,-1,0.4358687327030031,0.012516253481095285,0,0.0,0.012516253481095285,1.0,time,5.0,0.0066,0.0312
2022-12-02,16978.82,17084.87,17128.66,16867.76,20945433171.615204,328178365692.1309,0.006585338089666317,0.006607069104380914,0.03391459322398016,16689.085714285713,16588.016666666666,0.02371515686898884,0.02995254606488018,22709284660.54365,0.9223290598847854,0.02035166301406029,-1,0.14403021959781723,-0.006585338089666317,0,0.0,-0.006585338089666317,0.0,time,5.0,-0.0138,0.0297
2022-12-03,17146.57,16923.38,17149.34,16880.81,16931408153.950111,326498242602.6305,-0.009497178703183513,-0.009452222931751741,0.02839179978804296,16755.83142857143,16593.987619047617,0.009999418539319516,0.019850104056621465,22521911666.85749,0.7517749116681698,0.020840784794139013,-1,0.08844564351621208,0.009497178703183513,0,0.0,0.009497178703183513,1.0,time,5.0,0.0182,0.0284
2022-12-04,16914.49,17149.93,17190.71,16914.49,18214353301.13762,329544949093.6664,0.01329799414959786,0.013386805709024951,0.041969360507680964,16854.514285714286,16632.349047619045,0.017527394102131222,0.031118932803724908,22759416064.707806,0.8002996759386086,0.021014388636911824,-1,0.17204612284574677,-0.01329799414959786,0,0.0,-0.01329799414959786,0.0,time,5.0,-0.0,0.0273
2022-12-05,17133.31,16973.37,17414.42,16906.82,23204017213.929634,326635737516.3175,-0.010348446700828613,-0.010295085752536681,0.04630441844853439,16961.82285714286,16647.946190476192,0.0006807725180479895,0.01954738475247919,22564838978.953144,1.0283262927589543,0.020396665470768467,-1,0.4458126378262934,0.010348446700828613,0,0.0,0.010348446700828613,1.0,time,5.0,0.0089,0.0262
2022-12-06,16973.12,17085.64,17085.64,16928.86,21026126511.19885,328108161816.87274,0.006592699355541853,0.006614479033921983,0.039147353299298526,17053.774285714284,16657.237142857142,0.0018685432181666517,0.025718722346854683,22045280561.7884,0.9537699668764446,0.020173730592723416,-1,0.18145331905057527,-0.006592699355541853,0,0.0,-0.006592699355541853,1.0,time,5.0,0.0009,0.025
2022-12-07,17076.34,16851.3,17114.69,16750.0,21192130005.603653,324178677956.7833,-0.013810539468008221,-0.013715611472558287,-0.019503680214121633,17005.88857142857,16664.946666666663,-0.009090296621624083,0.01118235401893486,20690434340.399868,1.0242477106545889,0.011192254755859849,1,0.6674204491038412,0.012810539468008222,1,0.001,0.013810539468008221,1.0,time,5.0,0.0193,0.0242
2022-12-08,16849.19,17235.01,17291.85,16799.07,22674029585.253864,331389860355.59094,0.022514975025668574,0.02277035006201289,0.015453023762235008,17043.35714285714,16689.549047619046,0.011245017958400272,0.032682785545890436,20598213991.812706,1.1007764845178443,0.013737806459668255,-1,0.06392698544360957,0.021514975025668574,1,0.001,0.022514975025668574,1.0,time,5.0,0.0314,0.0241
2022-12-09,17226.04,17149.82,17309.57,17085.83,23179829829.170135,329756788298.6587,-0.004955102253292429,-0.004942845986164124,0.0038016092601231843,17052.635714285712,16710.634761904763,0.0056990771011939945,0.026281780695515344,20917413514.320553,1.108159467866363,0.013823933368748906,-1,0.10979682279618562,0.004955102253292429,0,0.0,0.004955102253292429,1.0,time,5.0,0.0377,0.023
2022-12-10,17138.35,17125.36,17227.56,17107.75,14234368489.844261,329283186564.5152,-0.0014272721049050062,-0.0014262540364854415,0.011934968073753494,17081.489999999998,16730.283809523808,0.0025682771233659363,0.02361443445754907,20532122133.734,0.6932731257456035,0.013166134918993593,1,0.8645281165766626,0.00042727210490500615,1,0.001,0.0014272721049050062,1.0,time,5.0,0.0124,0.0219
2022-12-11,17121.26,17101.04,17256.59,17098.26,15681124918.738192,328868814164.99066,-0.0014211254524606812,-0.0014201161318652122,-0.0028507404986491958,17074.505714285715,16768.234285714287,0.001554029507986554,0.019847391717877416,20170232364.819798,0.7774389821154789,0.012138069500857074,1,0.7453565423440213,-0.0014211254524606812,0,0.0,-0.0014211254524606812,0.0,time,5.0,-0.0283,0.0208
2022-12-12,17030.47,17179.6,17208.04,16869.54,21633829199.489113,330715694645.24335,0.004583353025299094,0.004593872653358977,0.012150209416279756,17103.967142857142,16833.246666666666,0.004421948224710093,0.020575551478086762,19945919791.328297,1.0846242953856986,0.01138505069767594,-1,0.22905223769653532,0.0035833530252990936,1,0.001,0.004583353025299094,0.0,time,5.0,-0.022,0.0198
2022-12-13,17213.99,17784.16,17942.24,17123.75,28941242217.591747,342102502914.68976,0.03458554007454561,0.0351905748678667,0.04088345534612703,17203.755714285715,16910.033809523808,0.03373706854209324,0.05169275238136306,21076650606.527283,1.373142381960294,0.017096983877018617,-1,0.1901023967100983,-0.03458554007454561,0,0.0,-0.03458554007454561,0.0,lower,3.0,-0.0675,0.0214
2022-12-14,17777.46,17808.72,18323.21,17659.08,27267536668.811485,342692750075.4062,0.0013800515101876683,0.0013810042194852823,0.05681579462712083,17340.53,16967.210476190474,0.026999751449350295,0.04959622119324747,21944565844.1284,1.2425644171997747,0.01504443671783401,-1,0.16688782966760382,-0.0013800515101876683,0,0.0,-0.0013800515101876683,0.0,lower,2.0,-0.0689,0.0204
2022-12-15,17819.98,17338.36,17849.89,17302.46,22754686787.817104,333854506370.7365,-0.026766837111268177,-0.026411780296394127,0.005996515232657318,17355.294285714284,17002.55904761905,-0.0009757417785892786,0.019750024184034487,21956088301.637432,1.0363725302616913,0.018168301619138103,-1,0.1578485828295994,0.026766837111268177,0,0.0,0.026766837111268177,0.0,lower,4.0,-0.0543,0.0215
2022-12-16,17339.04,16623.76,17516.95,16562.31,22250411214.773224,318992400741.96515,-0.04208839057740204,-0.04121497073540992,-0.030674374424921158,17280.14285714286,17007.288095238095,-0.03798480501979995,-0.02255080839992829,21823314213.866447,1.019570675504246,0.0242864455968908,-1,0.23588666140987322,0.04208839057740204,0,0.0,0.04208839057740204,1.0,time,5.0,0.0115,0.0242
2022-12-17,16650.25,16806.49,16806.49,16600.36,15086383815.776106,323096167353.6004,0.01093212404066655,0.010992098057238664,-0.01861975456282372,17234.59,17023.970476190476,-0.024839581330336147,-0.012774956141673344,21945030688.99957,0.6874624159600055,0.024965764678196944,-1,0.2872340852472793,-0.01093212404066655,0,0.0,-0.01093212404066655,1.0,time,5.0,0.0011,0.0234
2022-12-18,16783.53,16742.82,16824.07,16685.01,11134054723.147482,322740705484.67255,-0.0037956116796061252,-0.003788417450639736,-0.02094726402604763,17183.415714285715,17037.47857142857,-0.025640752782313148,-0.0172947288058638,21295449232.486607,0.5228372785938825,0.02496611792246185,-1,0.15048855188448562,0.0037956116796061252,0,0.0,0.0037956116796061252,1.0,time,5.0,0.0029,0.0223
2022-12-19,16752.11,16422.56,16801.16,16382.07,17719672544.8918,316270478163.65466,-0.019313510353158668,-0.019128199431159065,-0.044066218072597585,17075.267142857145,17047.019047619047,-0.03822529611960901,-0.03663156859710692,20736283996.115566,0.8545249741087239,0.025409029302697943,-1,0.43513577716186935,0.019313510353158668,0,0.0,0.019313510353158668,1.0,time,5.0,0.0256,0.0218
2022-12-20,16454.22,16899.33,17026.84,16423.49,24938219697.886032,325120443529.51874,0.028617976870785593,0.029031405578667346,-0.04975382587651023,16948.86285714286,17068.79761904762,-0.0029224885209324647,-0.009928503625732943,20164423636.157604,1.2367434917985134,0.023794625367326565,-1,0.3023280994345899,-0.028617976870785593,0,0.0,-0.028617976870785593,0.0,time,5.0,-0.0034,0.0229
2022-12-21,16916.07,16816.85,16937.02,16751.23,16062767787.358068,323127932459.19025,-0.004892616217595443,-0.0048806668666747655,-0.05569574904878072,16807.167142857143,17051.195238095235,0.0005761147646450304,-0.013743625289778572,18563742367.378544,0.865276379593839,0.023542535526759216,-1,0.13928526049011458,0.004892616217595443,0,0.0,0.004892616217595443,1.0,time,5.0,0.0049,0.0218
2022-12-22,16822.64,16824.79,16882.23,16599.91,17847826941.681046,323519254392.6745,0.00047203407131364355,0.000472145496927423,-0.029620448531464283,16733.8,17044.150476190476,0.005437497759026799,-0.012870132571107473,17862762389.359108,0.9991638780524249,0.022175194566255524,-1,0.1835607456597358,-0.00047203407131364355,0,0.0,-0.00047203407131364355,0.0,time,5.0,-0.0073,0.0208
2022-12-23,16830.39,16791.46,16914.54,16782.06,16765392449.950893,323013370317.24255,-0.0019829701957598585,-0.0019810054092801455,0.010087970471181151,16757.757142857143,17030.178571428572,0.002011179470829294,-0.014017385104174385,17079188280.098776,0.9816270056280411,0.01503023748667248,-1,0.15067689655449001,0.0019829701957598585,0,0.0,0.0019829701957598585,0.0,time,5.0,-0.0152,0.0198
2022-12-24,16793.8,16848.57,16865.73,16793.8,10169853734.117493,324072643385.91296,0.0033953628974761267,0.0034011336715211726,0.002503794665037029,16763.768571428573,17026.61619047619,0.005058613653015964,-0.01045693333803932,16376826839.861832,0.6209904906220095,0.014498288506018996,-1,0.16779082661726305,-0.0033953628974761267,0,0.0,-0.0033953628974761267,0.0,time,5.0,-0.0122,0.0188
2022-12-25,16844.14,16842.18,16868.7,16715.0,12574453968.75801,323868581953.1157,-0.00037933261067935644,-0.0003792606731609638,0.005934484154999087,16777.962857142855,17011.961428571427,0.003827469604261724,-0.009980120710024631,16582598160.663334,0.7582921474022506,0.014389164699229129,-1,0.13633310119337536,0.00037933261067935644,0,0.0,0.00037933261067935644,0.0,time,5.0,-0.0142,0.0179
2022-12-26,16842.72,16900.08,16919.55,16813.52,12574997282.039291,325036912914.6697,0.0034319015281483374,0.0034377972447747762,0.029077074463421004,16846.18,17008.47142857143,0.00319953841167564,-0.00637279070177621,15847644551.684404,0.7934931428470692,0.011352936366673894,-1,0.1399021568783263,-0.0034319015281483374,0,0.0,-0.0034319015281483374,0.0,time,5.0,-0.0215,0.0171
2022-12-27,16895.75,16701.84,16961.42,16642.16,17436062121.5136,321351469136.8621,-0.011799462651537253,-0.011730121987588271,-0.011686262118084101,16817.967142857142,16990.19523809524,-0.006904945280884478,-0.016971861362057306,14775907755.05977,1.1800332277753225,0.005317766080021434,-1,0.023431903406301698,0.011799462651537253,0,0.0,0.011799462651537253,0.0,time,5.0,-0.0052,0.0166
2022-12-28,16699.69,16538.91,16795.7,16492.51,19113614755.874695,318288869204.81464,-0.009803106416541058,-0.009755212599330432,-0.01652747095918672,16778.26142857143,16975.319523809525,-0.014265567954725222,-0.025708471831556334,15211743036.276432,1.2565039200500046,0.006074282573335855,-1,0.038616726437958576,0.009803106416541058,0,0.0,0.009803106416541058,1.0,time,5.0,0.0082,0.016
2022-12-29,16541.38,16644.38,16671.55,16511.43,15683731676.998154,320297298175.87695,0.006356835332742565,0.006377082891194208,-0.010722867863432461,16752.48857142857,16947.194285714286,-0.0064532842966954496,-0.017868107287207002,14902586569.893162,1.052416746813811,0.006888884072547106,-1,0.13532997682382714,-0.006356835332742565,0,0.0,-0.006356835332742565,1.0,time,5.0,0.002,0.0155
2022-12-30,16646.17,16604.02,16646.66,16421.76,17497327983.349342,319722045805.09534,-0.0024277871912027175,-0.002424842499390234,-0.011162817289264826,16725.71142857143,16921.20380952381,-0.007275710159841298,-0.018744754397750807,15007148788.950083,1.1659328650244878,0.006895889299966065,-1,0.07777119886795023,0.0024277871912027175,0,0.0,0.0024277871912027175,1.0,time,5.0,0.015,0.0147
2022-12-31,16609.13,16540.69,16634.52,16507.59,12013247678.029587,318278329991.7019,-0.003821428944105957,-0.0038141365765640423,-0.01827336088463305,16681.72857142857,16893.36238095238,-0.008454673676332014,-0.02087638760120536,15270490780.937527,0.7866968947079275,0.006557877893290449,-1,0.11785541474099397,0.003821428944105957,0,0.0,0.003821428944105957,1.0,time,5.0,0.0175,0.014
2023-01-01,16542.46,16615.97,16621.71,16512.1,9799252684.089952,319832024054.6308,0.004540875308505646,0.004551200705653846,-0.013431159149231209,16649.41285714286,16870.263809523807,-0.0020086508413124093,-0.015073493360563184,14874033454.556376,0.6588160981369945,0.007081604437740429,1,0.8822098318942707,-0.005540875308505646,1,0.001,-0.004540875308505646,1.0,time,5.0,0.0205,0.0134
2023-01-02,16619.07,16674.34,16759.71,16554.8,13023861027.769472,321486454934.26776,0.003506729724979496,0.003512885495098983,-0.013357333219724543,16617.164285714287,16846.20380952381,0.003440762413047027,-0.010201931038412826,14938156846.803543,0.8718519400575385,0.007091102667936912,-1,0.2447711780122359,0.0025067297249794958,1,0.001,0.003506729724979496,1.0,time,5.0,0.0164,0.0129
2023-01-03,16671.68,16677.65,16759.22,16625.15,15367167883.495031,321080820418.18396,0.00019848890641122708,0.00019850860663761516,-0.0014483434160547093,16613.70857142857,16793.512857142854,0.003848714951061094,-0.00689926271700636,14642600527.086605,1.0494835159279314,0.005613821557898356,1,0.8182749978131234,-0.001198488906411227,1,0.001,-0.00019848890641122708,1.0,time,5.0,0.0235,0.0122
2023-01-04,16676.36,16855.17,16972.97,16658.53,20836560771.723633,324397588037.39484,0.010587934948158873,0.010644185481767376,0.01912217915207215,16658.88857142857,16748.105714285717,0.011782384384758204,0.006392620606816335,14888735672.207882,1.3994849012343125,0.005093643012602143,-1,0.21554697258014863,0.009587934948158874,1,0.001,0.010587934948158873,1.0,time,5.0,0.02,0.0121
2023-01-05,16859.82,16832.1,16872.54,16781.94,14919039445.106901,324138957221.0557,-0.001369657060755164,-0.001368719508613614,0.011278281317778083,16685.705714285716,16723.998095238097,0.008773634643990169,0.006463879279720919,14779493924.794846,1.009441833463455,0.005007566121334394,1,0.8378515730453489,0.00036965706075516394,1,0.001,0.001369657060755164,1.0,upper,5.0,0.0353,0.0115
2023-01-06,16831.56,16960.23,17021.29,16710.14,19046576249.728558,326571439011.6566,0.007583413990267725,0.007612240896857747,0.02145323843262048,16736.592857142856,16740.020476190475,0.013362166646821327,0.013154674698440783,15000815105.70616,1.269702753851251,0.005094539405630473,1,0.8137698504189471,0.007583413990267725,0,0.0,0.007583413990267725,1.0,upper,4.0,0.0277,0.0112
2023-01-07,16957.16,16950.86,16987.41,16914.33,9594456673.448975,326371741274.41095,-0.0005526215900731804,-0.0005524689228859625,0.02479763540698743,16795.18857142857,16746.89523809524,0.009268810999612853,0.012179258244882751,14655273533.623217,0.654676055785425,0.004473635964832728,1,0.9534696987472937,-0.0005526215900731804,0,0.0,-0.0005526215900731804,1.0,upper,3.0,0.0283,0.0107
2023-01-08,16952.25,17074.62,17074.62,16923.76,11841041542.993702,328470896861.37854,0.007274580448309574,0.007301104486733934,0.02760296269191609,16860.71,16762.69523809524,0.012686891595905525,0.018608270178167574,14946957656.323751,0.7922041271043543,0.004695152418961304,1,0.9621560559873852,0.007274580448309574,0,0.0,0.007274580448309574,1.0,upper,2.0,0.021,0.0103
2023-01-09,17144.93,17194.91,17390.34,17119.13,25532751567.198166,331158152699.25574,0.007020259340063204,0.00704495912646963,0.031219826391929217,16935.077142857142,16799.47380952381,0.015342880044243001,0.02353860573013966,16733942019.09928,1.5258061452619094,0.004833515854801211,1,0.8848575855682169,0.007020259340063204,0,0.0,0.007020259340063204,1.0,upper,2.0,0.0456,0.0099
2023-01-10,17191.95,17436.9,17489.9,17180.42,21858206845.29233,335743942932.3494,0.01397524059658704,0.014073350776479865,0.04552499902564211,17043.54142857143,16825.07238095238,0.023079626559838973,0.03636404083112699,17661233299.356037,1.237637625572237,0.005601792053436457,1,0.8066266555786534,0.01397524059658704,0,0.0,0.01397524059658704,1.0,upper,1.0,0.0316,0.0101
2023-01-11,17440.38,17996.83,17996.83,17339.76,25439279072.98185,345688973386.69006,0.03160698088822655,0.032111785925250436,0.06773352033827029,17206.635714285716,16881.261904761905,0.04592381095499287,0.06608321709192921,18318764485.25007,1.3887005913234536,0.011297526103491804,1,0.8633545220849367,0.03160698088822655,0,0.0,0.03160698088822655,1.0,upper,1.0,0.0472,0.0129
2023-01-12,17987.02,18866.81,18989.18,17912.99,48025109150.17737,363381125082.7658,0.04720866240964302,0.04834073556287399,0.12088271813974516,17497.308571428573,16978.50095238095,0.07826926198282247,0.11121765419191787,23048203014.54585,2.083681279615094,0.01735520449181427,1,0.9223128618552575,0.04720866240964302,0,0.0,0.04720866240964302,1.0,upper,1.0,0.0554,0.0175
2023-01-13,18865.26,19941.78,19980.93,18769.89,39514419053.17687,382675302196.4898,0.055412734667655054,0.05697677561813563,0.17579655464578003,17923.244285714285,17128.51619047619,0.11262111267961616,0.1642444551669946,25972180557.89561,1.521413227706997,0.022406786535315047,1,0.8603982093705586,0.055412734667655054,0,0.0,0.055412734667655054,1.0,upper,1.0,0.0526,0.0216
2023-01-14,19935.7,21019.0,21095.0,19935.7,49498711311.53301,405209898132.0056,0.052609762224873756,0.0540182471173587,0.23999608279461926,18504.407142857144,17327.108095238094,0.13589156560000948,0.21307028757883306,31672788363.336185,1.5628150809996815,0.022088415621575784,-1,0.06515795461837472,0.051609762224873755,1,0.001,0.052609762224873756,1.0,time,5.0,0.003,0.0236
2023-01-15,20923.0,20853.0,21094.0,20586.0,23072133987.553684,401697403586.5178,-0.007928967791384372,-0.007897616442266497,0.22128633023751054,19044.175714285717,17518.099523809524,0.09498044508996095,0.19036885089377908,33277230141.130466,0.6933309620333051,0.025358184505987803,-1,0.06325664904541861,0.007928967791384372,0,0.0,0.007928967791384372,1.0,upper,5.0,0.0851,0.0237
2023-01-16,20906.0,21175.0,21446.0,20512.0,34809391745.54498,407760358639.0028,0.01532341775165955,0.015441423296408185,0.2314690800940511,19612.760000000002,17721.667142857143,0.07965426589628377,0.19486501068466078,34602464452.322876,1.005980131661062,0.02431036373712051,-1,0.03007300652398569,-0.01532341775165955,0,0.0,-0.01532341775165955,1.0,upper,4.0,0.0698,0.0225
2023-01-17,21167.0,21157.0,21396.0,20973.0,33278841336.508595,407405144842.9396,-0.0008504205369376332,-0.0008500590318771817,0.2133464090520676,20144.20285714286,17933.81761904762,0.050277350264968046,0.17972650605797513,36233983665.35377,0.9184427978955341,0.026537026388968245,1,0.794979452129706,-0.00014957946306236682,1,0.001,0.0008504205369376332,1.0,upper,3.0,0.0707,0.022
2023-01-18,21133.0,20727.0,21576.0,20533.0,40612056908.80891,399349603616.14526,-0.020533621826412923,-0.020324242567471784,0.1517028276646497,20534.227142857144,18133.25047619048,0.009387879845768277,0.14303831115194687,38401523356.1862,1.0575636943388758,0.03210113571378803,1,0.8954042708753399,-0.020533621826412923,0,0.0,-0.020533621826412923,1.0,upper,2.0,0.0912,0.0233
2023-01-19,20721.0,21082.0,21189.0,20689.0,29144534677.57505,406258441952.3726,0.016982397658229845,0.017127418343223733,0.11741200552716635,20850.682857142856,18344.565714285716,0.011093984040810412,0.14922317204721414,35704298431.52873,0.8162752373769911,0.029719943862946397,1,0.671426227084597,0.016982397658229845,0,0.0,0.016982397658229845,1.0,upper,1.0,0.0742,0.0223
2023-01-20,21090.0,22706.0,22706.0,20918.0,41321936668.62795,436724993652.4275,0.07420961090934454,0.07703253960724799,0.13861450682938048,21245.571428571428,18635.13619047619,0.0687403761456169,0.21845098248352457,35962515233.73602,1.1490279920650355,0.0348180599233856,1,0.83342657810523,0.07420961090934454,0,0.0,0.07420961090934454,1.0,time,5.0,0.0207,0.0285
2023-01-21,22654.0,22771.0,23329.0,22537.0,44077026803.66082,438578588179.0604,0.0028585898041857912,0.002862679467982021,0.08335315666777676,21495.85714285714,18931.81761904762,0.05932040060875532,0.20278995172073255,35187988875.468575,1.252615685416147,0.03150846097439611,-1,0.06889153009313632,0.0018585898041857912,1,0.001,0.0028585898041857912,1.0,time,5.0,0.0111,0.0274
2023-01-22,22768.0,22737.0,23084.0,22399.0,34124364415.43915,438060367560.3554,-0.001494243048525914,-0.001493127223222479,0.09034671270320827,21765.0,19223.295238095237,0.04465885596140584,0.18278368606343687,36766878936.59507,0.9281278531769594,0.030924910859261124,1,0.8684316857390607,0.0004942430485259141,1,0.001,0.001494243048525914,1.0,time,5.0,0.0151,0.0266
2023-01-23,22690.0,22985.0,23165.0,22665.0,36750647385.65293,442926343072.59235,0.010848275760189631,0.010907331662048714,0.08547815820543092,22023.571428571428,19523.802857142855,0.04365452599487574,0.17728088980323076,37044201170.8962,0.9920755806316617,0.030908530696144805,-1,0.21659590063294784,0.00984827576018963,1,0.001,0.010848275760189631,1.0,time,5.0,0.0016,0.0253
2023-01-24,22912.0,22610.0,23164.0,22595.0,35621897292.95152,435679436196.35767,-0.016449542968312834,-0.016314988035675437,0.06867703360589883,22231.14285714286,19806.295714285716,0.017041730391085697,0.14155621657673478,37378923450.38805,0.9529942011366761,0.032506538977912995,1,0.8242896631266343,0.015449542968312833,1,0.001,0.016449542968312834,1.0,time,5.0,0.0512,0.0257
2023-01-25,22630.0,23180.0,23501.0,22317.0,42772537174.72366,446715261348.7517,0.024897551621727087,0.025210084033613356,0.11834804843923385,22581.571428571428,20107.478095238093,0.02650074966312621,0.1528049360645356,37687563488.37587,1.1349244476341955,0.029883869817047565,-1,0.21051997374190984,0.023897551621727086,1,0.001,0.024897551621727087,0.0,time,5.0,-0.0148,0.0248
2023-01-26,23074.0,23025.0,23262.0,22914.0,37099702812.22777,444005849172.13904,-0.006709255770235083,-0.006686798964624652,0.09216393131581446,22859.14285714286,20402.378095238095,0.007255615133675786,0.12854491238813104,38824016079.04054,0.9555864271408114,0.031127018895874863,1,0.6821126710169336,0.005709255770235083,1,0.001,0.006709255770235083,1.0,time,5.0,0.0049,0.0243
2023-01-27,23038.0,23083.0,23420.0,22638.0,36109035905.258965,444898315874.05536,0.0025158337204905573,0.0025190010857762957,0.016603540914295722,22913.0,20693.93857142857,0.007419368917208624,0.1154474011955331,38079315969.98783,0.9482585226509389,0.013171142924307277,-1,0.08622351235503213,0.0015158337204905573,1,0.001,0.0025158337204905573,1.0,time,5.0,0.0274,0.0233
2023-01-28,23085.0,23022.0,23165.0,22920.0,19567219823.87809,443702765526.11646,-0.002646135368990794,-0.002642637438807771,0.011022792147907357,22948.85714285714,20983.040476190476,0.0031872113146003134,0.09717178623961287,34577914972.876015,0.565887788180034,0.013304632874433116,-1,0.1717544369589402,0.002646135368990794,0,0.0,0.002646135368990794,1.0,time,5.0,0.0223,0.0224
2023-01-29,23008.0,23797.0,23955.0,22997.0,38438621263.58117,458368002025.743,0.03310924181936877,0.03366345234992618,0.046620046620046596,23100.285714285714,21303.15380952381,0.03016041854769891,0.11706464745897338,35194237379.75344,1.0921850883944473,0.017799839682836858,-1,0.1277122685623297,-0.03310924181936877,0,0.0,-0.03310924181936877,0.0,time,5.0,-0.0146,0.0226
2023-01-30,23755.0,22840.0,23800.0,22672.0,38594596831.97205,439295730927.16473,-0.04104613752442956,-0.040215153170567675,-0.006308462040461205,23079.571428571428,21571.96761904762,-0.01038023731562232,0.05878148916896819,35457658729.2276,1.0884699727835863,0.024857612128403195,1,0.7915970427866365,0.04004613752442956,1,0.001,0.04104613752442956,1.0,time,5.0,0.0217,0.0266
2023-01-31,22846.0,23137.0,23225.0,22732.0,32683643418.329483,445991168199.3282,0.012919682937735549,0.013003502626970143,0.023308270676691834,23154.85714285714,21843.40095238095,-0.0007712050541693882,0.05922150357625733,35037908175.71017,0.9328080676056807,0.024238194262661376,-1,0.4652173113108792,0.01191968293773555,1,0.001,0.012919682937735549,0.0,time,5.0,-0.0083,0.0254
2023-02-01,23146.0,23725.0,23778.0,22697.0,37452064508.17389,457383099382.75,0.02509627677044657,0.0254138393050094,0.023511647972390026,23232.714285714286,22116.170952380955,0.02118933277582724,0.07274446607792395,34277840651.917347,1.0926027951553299,0.024268644311019286,-1,0.11930290080186334,-0.02509627677044657,0,0.0,-0.02509627677044657,0.0,time,5.0,-0.0404,0.0248
2023-02-02,23757.0,23540.0,24196.0,23520.0,44735297656.69828,453565018922.54517,-0.007828242663860898,-0.007797681770284504,0.022366992399565744,23306.285714285714,22338.70380952381,0.010027950767420135,0.053776450089464634,35368639915.41313,1.264829458064722,0.02435045942627629,-1,0.09923079158681916,0.007828242663860898,0,0.0,0.007828242663860898,0.0,time,5.0,-0.0105,0.024
2023-02-03,23520.0,23452.0,23770.0,23299.0,41267040610.76361,452312595756.25696,-0.003745322730162053,-0.0037383177570093906,0.015985790408525657,23359.0,22505.85714285714,0.003981334817415139,0.04203984994382415,36105497730.48522,1.1429572559505337,0.024503446200467825,-1,0.22852811782516053,0.003745322730162053,0,0.0,0.003745322730162053,0.0,time,5.0,-0.0217,0.0231
2023-02-04,23438.0,23340.0,23539.0,23294.0,21063097082.257824,450197147854.798,-0.004787152243558729,-0.004775712092785267,0.013812874641647044,23404.428571428572,22616.380952380954,-0.0027528367647149388,0.03199535103085838,36319194481.682335,0.5799439492767672,0.024591551697736684,-1,0.08478469865769975,0.004787152243558729,0,0.0,0.004787152243558729,0.0,lower,5.0,-0.0673,0.0222
2023-02-05,23340.0,22946.0,23411.0,22838.0,26678691424.549904,442933975658.56586,-0.017024997481458685,-0.016880891173950308,-0.035760810186157954,23282.85714285714,22716.04761904762,-0.014468032887470783,0.010122904512647857,34639204504.677864,0.7701877628554394,0.02097561867713788,-1,0.21611148312070866,0.017024997481458685,0,0.0,0.017024997481458685,0.0,lower,4.0,-0.0503,0.0221
2023-02-06,22948.0,22786.0,23138.0,22692.0,33963650031.470352,438726385719.1618,-0.006997317101027189,-0.006972892878933101,-0.002364273204903733,23275.14285714286,22792.761904761905,-0.021015675828290226,-0.00029666895087832046,33977640676.034763,0.9995882396692046,0.014408849942523835,-1,0.09861267102777029,0.006997317101027189,0,0.0,0.006997317101027189,0.0,lower,3.0,-0.0433,0.0212
2023-02-07,22803.0,23295.0,23610.0,22786.0,38850594358.69947,449391195299.20337,0.022092432992836024,0.022338277889932368,0.006828888792842713,23297.714285714286,22894.571428571428,-0.00011650437811194791,0.017490109944965138,34858633667.51619,1.1145185645903064,0.016164835766469418,-1,0.1464481349418324,-0.022092432992836024,0,0.0,-0.022092432992836024,0.0,lower,2.0,-0.0654,0.0211
2023-02-08,23259.0,22948.0,23372.0,22808.0,34247782005.793324,442518382691.65485,-0.015007958529135477,-0.014895900407812857,-0.03275026343519494,23186.714285714286,23000.333333333332,-0.010295304577128572,-0.0022753293430529675,34400879024.31896,0.995549618996148,0.012904048047163656,-1,0.09432214366923511,0.015007958529135477,0,0.0,0.015007958529135477,0.0,lower,1.0,-0.0504,0.0209
2023-02-09,22959.0,21821.0,23009.0,21696.0,51161546272.35185,420790678627.7739,-0.05035797787063278,-0.04911103364127589,-0.07302463891248934,22941.14285714286,23035.52380952381,-0.048826811467855724,-0.052723950172197775,35318914540.840904,1.4485594174529735,0.021291983293142695,-1,0.19142383957811876,0.05035797787063278,0,0.0,0.05035797787063278,1.0,time,5.0,0.0181,0.0253
2023-02-10,21810.0,21630.0,21959.0,21479.0,42389972640.44812,417351358181.0193,-0.008791568904024459,-0.008753036066174835,-0.077690602080846,22680.85714285714,22984.285714285714,-0.04633233815804383,-0.05892224501212007,35479333402.22441,1.1947792862926347,0.021107114614532758,-1,0.23362736812775478,0.008791568904024459,0,0.0,0.008791568904024459,1.0,upper,5.0,0.1167,0.0242
2023-02-11,21644.0,21889.0,21906.0,21633.0,23574706405.838543,422107650473.77954,0.011902987566050162,0.011974110032362484,-0.06216795201371039,22473.571428571428,22942.285714285714,-0.026011505577980487,-0.04591023437694586,35838134734.164505,0.6578106416728426,0.022846832338020543,1,0.7653300218980926,-0.012902987566050163,1,0.001,-0.011902987566050162,1.0,upper,4.0,0.1048,0.0234
2023-02-12,21890.0,21780.0,22101.0,21691.0,25877166000.550278,420218240428.1313,-0.004992110026203132,-0.004979670153958615,-0.0508149568552253,22307.0,22896.714285714286,-0.02362487111668987,-0.048771813797363284,35723631102.16456,0.7243711012059559,0.022595395340248074,1,0.69501054122583,-0.004992110026203132,0,0.0,-0.004992110026203132,1.0,upper,3.0,0.1098,0.0223
2023-02-13,21825.0,21808.0,21937.0,21471.0,36761909546.14395,420838871938.82733,0.0012847574493624963,0.0012855831037650312,-0.042921091898534214,22167.285714285714,22840.666666666668,-0.016207925449987393,-0.045211756808032466,36123382461.40365,1.017676281710954,0.02282367931731543,1,0.6742755517642229,0.0012847574493624963,0,0.0,0.0012847574493624963,1.0,upper,2.0,0.1085,0.0213
2023-02-14,21792.0,22220.0,22291.0,21609.0,45363697019.73754,428649056117.7321,0.01871590925730719,0.01889214966984598,-0.046147241897402824,22013.714285714286,22822.095238095237,0.009370781850275067,-0.026382119249515834,37053825698.6948,1.2242648677795085,0.022136873896292753,1,0.7897749272860208,0.01871590925730719,0,0.0,0.01871590925730719,1.0,upper,1.0,0.0898,0.0212
2023-02-15,22168.0,24308.0,24315.0,22088.0,44336284482.19016,468820317786.9533,0.08981273006162485,0.09396939693969397,0.059264423914938025,22208.0,22875.809523809523,0.09456051873198845,0.06260720411663812,38495040338.18006,1.151740174648334,0.04334645948070351,1,0.9261843326784973,0.08981273006162485,0,0.0,0.08981273006162485,1.0,time,5.0,0.0195,0.0337
2023-02-16,24323.0,23757.0,25230.0,23757.0,48144978044.45546,459293697174.9459,-0.02292829037672363,-0.022667434589435542,0.08872187342468263,22484.571428571428,22910.666666666668,0.056591186337298094,0.03694058080661122,38064102019.90915,1.2648394547511874,0.038291504788199975,1,0.8934497946345005,-0.02292829037672363,0,0.0,-0.02292829037672363,1.0,time,5.0,0.0274,0.0335
2023-02-17,23608.0,24629.0,24949.0,23340.0,54200707340.94142,475194230168.09973,0.03604738651860328,0.03670497116639315,0.13865002311604258,22913.0,22984.285714285714,0.07489198271723474,0.07155820747094288,39751349834.265335,1.3634935056776578,0.03787605474284031,-1,0.10426851731741349,0.03504738651860328,1,0.001,0.03604738651860328,0.0,time,5.0,-0.0198,0.0331
2023-02-18,24624.0,24643.0,24780.0,24466.0,24900444765.27695,475529620771.9494,0.0005682740857590142,0.0005684355840676059,0.125816620220202,23306.428571428572,23061.47619047619,0.0573477581292714,0.0685786025344266,39940741028.470825,0.6234347216424264,0.03848473629444214,-1,0.053356274577921116,-0.0005682740857590142,0,0.0,-0.0005682740857590142,0.0,time,5.0,-0.0285,0.0316
2023-02-19,24636.0,24284.0,25113.0,24284.0,33664683478.33256,470798520570.0436,-0.014675187232559714,-0.014568031489672562,0.11496786042240581,23664.14285714286,23084.666666666668,0.026193940198854238,0.05195367776590509,41053243525.29687,0.8200249380438965,0.03958077697479545,-1,0.07798988833263541,0.014675187232559714,0,0.0,0.014675187232559714,0.0,time,5.0,-0.0469,0.0308
2023-02-20,24302.0,24787.0,25038.0,23881.0,38997046274.497246,478236525469.6496,0.02050162491689245,0.02071322681601062,0.13660124724871614,24089.714285714286,23177.380952380954,0.028945370875536724,0.06944784015614558,41372548772.204475,0.9425826407073288,0.03902879287199969,-1,0.0821718040309744,-0.02050162491689245,0,0.0,-0.02050162491689245,0.0,lower,4.0,-0.0674,0.0296
2023-02-21,24791.0,24417.0,25193.0,24216.0,41991954878.4476,470623925511.17865,-0.01503971117206589,-0.014927179569935833,0.09887488748874884,24403.571428571428,23238.333333333332,0.0005502707449145383,0.0507207917951662,40890871323.44878,1.0269273683676046,0.041095518690451666,-1,0.11400861597546302,0.01503971117206589,0,0.0,0.01503971117206589,0.0,time,5.0,-0.0365,0.029
2023-02-22,24416.0,24146.0,24452.0,23634.0,40336608135.49699,465998918250.2451,-0.01116087610281837,-0.011098824589425349,-0.0066644726016126254,24380.428571428572,23258.380952380954,-0.009615440956739385,0.0381634065344596,40319488988.206894,1.0004245874072237,0.0217741654217024,-1,0.15032330331369334,0.01116087610281837,0,0.0,0.01116087610281837,0.0,time,5.0,-0.0264,0.028
2023-02-23,24167.0,23951.0,24632.0,23658.0,42356618035.349625,461042830140.0772,-0.008108658271486309,-0.008075871780005017,0.00816601422738561,24408.14285714286,23277.95238095238,-0.01872911264975985,0.028913523321679735,39492580415.477486,1.0725209036670011,0.019948548143298713,-1,0.07357972558594074,0.008108658271486309,0,0.0,0.008108658271486309,0.0,time,5.0,-0.0338,0.0268
2023-02-24,23964.0,23172.0,24043.0,22978.0,35081974267.07997,447316067422.04736,-0.0330654234043317,-0.03252473800676381,-0.05915790328474557,24200.0,23264.619047619046,-0.04247933884297517,-0.003981111722889952,36761332833.49728,0.9543172557419611,0.016319090219836085,1,0.8169689366753601,0.032065423404331696,1,0.001,0.0330654234043317,1.0,time,5.0,0.0197,0.0276
2023-02-25,23176.0,23157.0,23235.0,22876.0,22999909593.10942,447030240435.99854,-0.0006475425985511822,-0.0006473329880890555,-0.060301099703769845,23987.714285714286,23255.904761904763,-0.0346308229212573,-0.004252888155389156,36489827808.90192,0.6303101706470221,0.016211875677535858,-1,0.10316509710210765,-0.0016475425985511822,1,0.001,-0.0006475425985511822,1.0,time,5.0,0.0132,0.0263
2023-02-26,23167.0,23541.0,23691.0,23075.0,24469102669.371048,454284528651.50226,0.016446471177619396,0.016582458867729022,-0.03059627738428594,23881.571428571428,23284.238095238095,-0.014260846677952466,0.01102728393824548,35176173407.6217,0.6956158188619026,0.018462269939353772,-1,0.33265365461259,-0.016446471177619396,0,0.0,-0.016446471177619396,0.0,lower,5.0,-0.0512,0.0256
2023-02-27,23547.0,23518.0,23868.0,23174.0,28832423816.478718,454364917718.867,-0.0009774964122217858,-0.0009770188182319783,-0.05119619155202326,23700.285714285714,23319.095238095237,-0.007691287627635601,0.008529694650409203,33724084485.047626,0.8549505273971858,0.015077898065864277,-1,0.17863566955381424,0.0009774964122217858,0,0.0,0.0009774964122217858,0.0,lower,4.0,-0.0502,0.0243
2023-02-28,23483.0,23156.0,23552.0,23063.0,25534054046.06684,446010055987.85736,-0.015512159184465786,-0.015392465345692607,-0.05164434615227098,23520.14285714286,23312.47619047619,-0.015482170297799525,-0.00671212226439144,31372955794.707516,0.8138874198896595,0.015117681060064024,-1,0.1251672864246891,0.015512159184465786,0,0.0,0.015512159184465786,0.0,time,5.0,-0.0322,0.0236
2023-03-01,23147.0,23634.0,23884.0,23079.0,32507897259.084335,456417315966.7193,0.020432427000065534,0.02064259803074786,-0.02120434026339768,23447.0,23345.14285714286,0.007975433957435829,0.012373329416948131,30254568526.648563,1.0744789577961098,0.018271415348565148,-1,0.24562413275260475,-0.020432427000065534,0,0.0,-0.020432427000065534,0.0,lower,2.0,-0.0551,0.0234
2023-03-02,23622.0,23464.0,23693.0,23227.0,27432755758.440197,453067155320.8529,-0.0072190215416739565,-0.0071930269950072345,-0.02033318024299613,23377.428571428572,23423.380952380954,0.003703205778467611,0.001734124023411665,28122588201.37579,0.9754705207786727,0.018232846274845935,-1,0.08366087737081415,0.0072190215416739565,0,0.0,0.0072190215416739565,0.0,lower,1.0,-0.0479,0.0224
2023-03-03,23469.0,22367.0,23488.0,22215.0,34239649135.070206,431727585101.1504,-0.04788067334701684,-0.04675247187180365,-0.03474020369411357,23262.428571428572,23458.47619047619,-0.03849248021027163,-0.046528008964167755,28002256039.660107,1.2227460918354567,0.022414018214900275,-1,0.22695048959846903,0.04788067334701684,0,0.0,0.04788067334701684,0.0,time,5.0,-0.0297,0.0257
2023-03-04,22362.0,22348.0,22465.0,22158.0,13392431931.930376,431837491811.49384,-0.000849826731230754,-0.0008494657307640541,-0.03493544068748111,23146.85714285714,23480.333333333332,-0.03451255338583448,-0.048224755469115976,26629759230.92025,0.5029122424952384,0.02240787655083035,-1,0.12414881235738866,0.000849826731230754,0,0.0,0.000849826731230754,0.0,lower,5.0,-0.0924,0.0245
2023-03-05,22381.0,22422.0,22671.0,22267.0,16080097920.160833,433081135066.3954,0.0033057881344994103,0.0033112582781456013,-0.04753408946094051,22987.0,23510.904761904763,-0.024579109931700538,-0.046314881240518635,25431329981.033073,0.6322948084961943,0.020795884911742807,-1,0.2728914127918506,-0.0033057881344994103,0,0.0,-0.0033057881344994103,0.0,lower,4.0,-0.0957,0.0234
2023-03-06,22433.0,22415.0,22576.0,22356.0,21124920006.057713,432758824798.3097,-0.0003122421239990614,-0.0003121933815003475,-0.046900246619610564,22829.428571428572,23539.809523809523,-0.018153260828754902,-0.047783289098912496,24330258008.115784,0.8682571306482293,0.020828107573665072,-1,0.2635008831603172,0.0003122421239990614,0,0.0,0.0003122421239990614,0.0,lower,3.0,-0.0954,0.0223
2023-03-07,22414.0,22217.0,22559.0,22011.0,27780357943.162678,427994888566.54205,-0.008872616012412269,-0.008833370510818672,-0.040551045085507,22695.285714285714,23539.666666666668,-0.021074231904674945,-0.05618884436199889,24651158564.84376,1.126939241824586,0.020514396991783913,-1,0.2246708982162413,0.008872616012412269,0,0.0,0.008872616012412269,0.0,lower,2.0,-0.0865,0.0213
2023-03-08,22202.0,21713.0,22292.0,21683.0,28493032424.783108,419694984165.3824,-0.022946602083355635,-0.022685331052797353,-0.08128120504358127,22420.85714285714,23416.095238095237,-0.03157136849617059,-0.07273182060365468,24077606445.657875,1.1833830945401762,0.01756109284088924,-1,0.21342965873088005,0.022946602083355635,0,0.0,0.022946602083355635,0.0,lower,1.0,-0.0636,0.0211
2023-03-09,21731.0,20376.0,21824.0,20207.0,40173833477.660774,392841773384.4403,-0.06355342183447898,-0.06157601436927185,-0.13160586430276167,21979.714285714286,23255.095238095237,-0.07296338181959994,-0.12380492139971366,25897760405.546528,1.551247399333293,0.0254072643618814,1,0.9399386801328364,0.06255342183447898,1,0.001,0.06355342183447898,1.0,upper,3.0,0.081,0.0266
2023-03-10,20368.0,20195.0,20368.0,19647.57,51593890225.48742,390202255053.33545,-0.008922688661779721,-0.008882999607381259,-0.09710734564313495,21669.428571428572,23043.95238095238,-0.06804187598064426,-0.1236312388541152,28376937704.17756,1.818162719435788,0.02255099667752093,1,0.9275307666901196,-0.008922688661779721,0,0.0,-0.008922688661779721,1.0,upper,2.0,0.09,0.0253
2023-03-11,20161.0,20522.0,20681.0,19950.03,37746654239.61721,394742728281.98926,0.016062432424641282,0.016192126764050574,-0.08170753534991948,21408.571428571428,22847.714285714286,-0.04141198451888428,-0.10179198919554322,31856112319.561394,1.1849108849493446,0.025024407547758,1,0.7554580335190603,0.016062432424641282,0,0.0,0.016062432424641282,1.0,upper,1.0,0.0739,0.0254
2023-03-12,20482.0,22096.0,22096.0,20335.0,36639901908.82403,425816781283.92786,0.0738991152269188,0.07669817756553932,-0.014539291767014517,21362.0,22743.52380952381,0.03436007864432167,-0.028470689720150544,34793227175.0847,1.053075695578527,0.04202268630890282,1,0.79488160292541,0.0738991152269188,0,0.0,0.0738991152269188,1.0,upper,1.0,0.0901,0.0346
2023-03-13,22192.0,24179.0,24469.0,21993.0,66799159801.958115,466509005562.78174,0.09008789117153757,0.09427045619116581,0.07869730091456617,21614.0,22714.571428571428,0.1186730822614972,0.06447088715865212,41318118574.49905,1.6167038119491144,0.05546513500533337,1,0.9881940164857577,0.09008789117153757,0,0.0,0.09008789117153757,1.0,upper,4.0,0.1275,0.0427
2023-03-14,24202.0,24759.0,26402.0,24102.0,70714394276.37074,478406045309.6089,0.023704571440183037,0.023987757971793755,0.11441688796867266,21977.14285714286,22730.85714285714,0.12657956318252728,0.08922421378114098,47451552336.38592,1.4902440656751044,0.05477679064723796,1,0.9510774350807376,0.023704571440183037,0,0.0,0.023704571440183037,1.0,upper,3.0,0.1038,0.0409
2023-03-15,24782.0,24471.0,25239.0,24178.0,63107437928.81401,472833547484.0809,-0.011700316292103788,-0.011632133769538311,0.1270206788559849,22371.14285714286,22746.333333333332,0.09386454488563056,0.07582174416389464,52396467408.39033,1.204421615620379,0.05359344784486793,1,0.7973571445972316,-0.011700316292103788,0,0.0,-0.011700316292103788,1.0,upper,2.0,0.1155,0.0394
2023-03-16,24417.0,25161.0,25230.0,24322.0,60688056874.81415,486375597562.7987,0.0278064336838312,0.028196640921907656,0.23483510011778552,23054.714285714286,22803.95238095238,0.09136030436910958,0.10336136384043693,55327070750.84081,1.0968962580382382,0.040363869134683365,1,0.8406479035401003,0.0278064336838312,0,0.0,0.0278064336838312,1.0,upper,1.0,0.0877,0.038
2023-03-17,25166.0,27467.0,27811.0,25052.0,64617615617.80156,530038219067.3334,0.08769010742562257,0.09164977544612696,0.3600891309730132,24093.571428571428,23008.47619047619,0.14001363730692828,0.19377744847654488,57187602949.742836,1.1299234848956392,0.04156680174298135,1,0.8968446750851803,0.08769010742562257,0,0.0,0.08769010742562257,0.0,time,5.0,-0.0007,0.0431
2023-03-18,27454.0,27108.0,27805.0,26685.0,46473651090.578415,523262280970.14777,-0.013156396822140225,-0.01307022973022176,0.320923886560764,25034.428571428572,23196.619047619046,0.08282879006625166,0.16861857947278858,58434316785.59443,0.795314357162731,0.04622986321420449,1,0.9681713676699077,-0.013156396822140225,0,0.0,-0.013156396822140225,1.0,time,5.0,0.0487,0.042
2023-03-19,27125.0,28187.0,28509.0,27010.0,46394763656.038155,546680822196.2155,0.03903199147250227,0.03980374797107866,0.27566075307748017,25904.571428571428,23417.85714285714,0.08810910374340986,0.2036541101113314,59827868463.767876,0.7754707772036891,0.04356699491105504,-1,0.0521248970972062,0.03803199147250227,1,0.001,0.03903199147250227,0.0,time,5.0,-0.0212,0.0407
2023-03-20,28133.0,27929.0,28504.0,27252.0,55315948514.426994,538935400013.3555,-0.009195303225456872,-0.00915315571007913,0.1550932627486663,26440.285714285714,23627.904761904763,0.05630477301952652,0.1820345596207873,58187409708.406296,0.9506515033343294,0.03772583903946034,1,0.9293533975713797,0.008195303225456873,1,0.001,0.009195303225456872,0.0,time,5.0,-0.0093,0.0394
2023-03-21,27961.0,28264.0,28618.0,27542.0,34430928756.27183,545917428270.10583,0.01192333453593218,0.011994700848580342,0.14156468354941643,26941.0,23871.14285714286,0.04910730856315659,0.18402374654394427,53004057491.24929,0.64959043488239,0.03786068501662324,-1,0.15054137163380168,0.01092333453593218,1,0.001,0.01192333453593218,0.0,time,5.0,-0.0077,0.0375
2023-03-22,28294.0,27449.0,28907.0,26980.0,35394833933.50181,530515158753.954,-0.02925917263738383,-0.028835267478063975,0.12169506763107352,27366.428571428572,24052.809523809523,0.0030172526296556867,0.14119724653490628,49045114063.34756,0.7216791031984389,0.040685247652239055,-1,0.12581063110574423,0.02925917263738383,0,0.0,0.02925917263738383,0.0,time,5.0,-0.0098,0.038
2023-03-23,27436.0,28460.0,28854.0,27365.0,20360807194.56342,549578396178.6341,0.03616985524224612,0.03683194287587899,0.13111561543658845,27837.714285714286,24290.714285714286,0.022354052056819063,0.17164113270797188,43284078394.74031,0.4703994621042359,0.04120095319702976,-1,0.14736935022157696,-0.03616985524224612,0,0.0,-0.03616985524224612,0.0,time,5.0,-0.0419,0.037
2023-03-24,28454.0,27595.0,28507.0,27210.0,21551272690.413612,533634255119.3758,-0.030864995770241703,-0.03039353478566409,0.0046601376196890865,27856.0,24539.666666666668,-0.009369615163699052,0.12450590200899225,37131743690.82774,0.5804002330151059,0.02911841640699686,-1,0.19638291887180231,0.030864995770241703,0,0.0,0.030864995770241703,1.0,time,5.0,0.0286,0.0375
2023-03-25,27651.0,27670.0,27921.0,27403.0,15053754845.31385,534960802333.31067,0.002714196907369908,0.0027178836745787027,0.020731887265751814,27936.285714285714,24793.095238095237,-0.009531894003702246,0.116036530908183,32643187084.361385,0.46116069507581153,0.028448373496573604,-1,0.11504237881190571,-0.002714196907369908,0,0.0,-0.002714196907369908,1.0,time,5.0,0.0133,0.0357
2023-03-26,27668.0,28048.0,28246.0,27540.0,14450374261.063795,542675619058.77966,0.01356853438004408,0.013661004698229062,-0.004931351332174372,27916.428571428572,25061.0,0.004713046593147974,0.11918917840469256,28079702885.079327,0.5146199131879801,0.024262636876462487,1,0.6672010530062524,-0.01456853438004408,1,0.001,-0.01356853438004408,1.0,time,5.0,0.0166,0.034
2023-03-27,28020.0,27182.0,28078.0,26720.0,18519053231.63728,525230880103.13837,-0.031362338645723076,-0.03087564175698798,-0.026746392638476113,27809.714285714286,25288.0,-0.022571763207101303,0.07489718443530524,22823003558.96651,0.8114205119317728,0.026815587973766066,1,0.8414011638746203,-0.031362338645723076,0,0.0,-0.031362338645723076,1.0,time,5.0,0.0473,0.0345
2023-03-28,27175.0,27291.0,27482.0,26705.0,17658503318.910484,528042785008.98267,0.00400198797487886,0.004010006622029216,-0.03442541749221628,27670.714285714286,25529.619047619046,-0.013722605126616605,0.068993624585449,20426942782.200603,0.8644711794217953,0.026206713628238423,1,0.5976914134048859,0.00400198797487886,0,0.0,0.00400198797487886,1.0,time,5.0,0.0341,0.0328
2023-03-29,27280.0,28395.0,28629.0,27280.0,21097595427.489532,548808373530.0567,0.03965609582136128,0.040452896559305174,0.03446391489671763,27805.85714285714,25847.809523809523,0.021187725093890775,0.09854569973692162,18384480138.484566,1.147576394250363,0.02855072607328047,-1,0.056290096665622534,0.03865609582136128,1,0.001,0.03965609582136128,0.0,time,5.0,-0.0206,0.033
2023-03-30,28387.0,28041.0,29007.0,27801.0,22702531379.35043,542369769760.28796,-0.012545348460839793,-0.012466983623877437,-0.014722417427969092,27746.0,26212.809523809523,0.010632163194694622,0.0697441636132099,18719012164.882713,1.2128060593892283,0.025348480294828824,-1,0.14808996458900328,0.012545348460839793,0,0.0,0.012545348460839793,1.0,time,5.0,0.0048,0.0319
2023-03-31,28054.0,28517.0,28654.0,27626.0,19112345639.962193,551707238559.8757,0.016832675803938917,0.01697514353981666,0.033411849972821095,27877.714285714286,26609.095238095237,0.022931783708440845,0.07170122639770504,18370594014.818226,1.040377117067943,0.022633422156990775,-1,0.12594426915548323,-0.016832675803938917,0,0.0,-0.016832675803938917,0.0,time,5.0,-0.0113,0.0306
2023-04-01,28513.0,28499.0,28741.0,28352.0,10085380788.870918,550949831049.3949,-0.0006314017327768083,-0.0006312024406494032,0.02996024575352374,27996.14285714286,26988.95238095238,0.01796165798349758,0.055950582954577444,17660826292.469234,0.5710593956281328,0.022723071293647843,-1,0.1499709481808778,0.0006314017327768083,0,0.0,0.0006314017327768083,0.0,time,5.0,-0.0161,0.0292
2023-04-02,28506.0,28237.0,28554.0,27954.0,11682876586.814528,545181408318.2205,-0.009235824252344224,-0.009193305028246557,0.0067384483742156664,28023.14285714286,27281.380952380954,0.007631447477085107,0.03502825055986203,17265469481.862194,0.6766613904758095,0.022820115855821624,-1,0.039771212334003284,0.009235824252344224,0,0.0,0.009235824252344224,0.0,time,5.0,-0.0108,0.0281
2023-04-03,28243.0,27815.0,28457.0,27372.0,19711493345.476036,539350908801.9282,-0.015057731160117414,-0.014944930410454416,0.02328746964903239,28113.571428571428,27454.52380952381,-0.010620188521049734,0.01312993781925087,17435818069.553444,1.1305172643373926,0.019666766791203452,-1,0.2850794116320041,0.015057731160117414,0,0.0,0.015057731160117414,1.0,time,5.0,0.0055,0.0274
2023-04-04,27824.0,28175.0,28418.0,27732.0,14871614372.831093,544313567953.4008,0.012859616398583374,0.012942656839834532,0.032391630940603156,28239.85714285714,27617.190476190477,-0.002296652654050213,0.02019790985945602,17037691077.25639,0.8728655957780106,0.019995651919090265,-1,0.13628986559538972,-0.012859616398583374,0,0.0,-0.012859616398583374,1.0,time,5.0,0.0062,0.0262
2023-04-05,28209.0,28197.0,28731.0,27884.0,16507617903.813946,545409754928.52686,0.0007805293804340541,0.0007808340727595287,-0.006973058637083973,28211.571428571428,27794.619047619046,-0.0005165053853282142,0.014476937125548428,16381980002.445593,1.007669274492436,0.012341416527406723,-1,0.17386881355428205,-0.0007805293804340541,0,0.0,-0.0007805293804340541,1.0,upper,5.0,0.0505,0.025
2023-04-06,28186.0,28043.0,28186.0,27850.0,13079528995.139923,542601176317.4441,-0.005476542848642742,-0.005461573926304197,7.132413252031178e-05,28211.85714285714,27931.85714285714,-0.00598532531914131,0.00397907151588317,15007265376.129807,0.8715464588201329,0.011506095022522263,-1,0.4679735414514383,0.005476542848642742,0,0.0,0.005476542848642742,1.0,upper,4.0,0.056,0.0239
2023-04-07,28044.0,27934.0,28122.0,27824.0,10141276803.893911,540432353743.3232,-0.003894461574051678,-0.0038868879934386147,-0.02044394571659014,28128.571428571428,27954.095238095237,-0.006917216861350939,-0.0007188656232326451,13725684113.834335,0.7388540141086561,0.008774072885048787,1,0.8188860668180252,0.002894461574051678,1,0.001,0.003894461574051678,1.0,upper,3.0,0.0599,0.0228
2023-04-08,27934.0,27968.0,28196.0,27904.0,8844199146.1801,541094458101.44714,0.0012164145895452675,0.0012171547218442491,-0.01863223270991965,28052.714285714286,27995.04761904762,-0.0030198249214489215,-0.0009661572795187645,13548372450.59279,0.6527868331367827,0.008881361077347326,1,0.9035475784893313,0.0012164145895452675,0,0.0,0.0012164145895452675,1.0,upper,2.0,0.0587,0.0217
2023-04-09,27974.0,28351.0,28499.0,27879.0,11429030269.731691,548568597244.1978,0.013601303447152237,0.013694221967963438,0.004037256082445095,28069.0,28002.85714285714,0.010046670704335847,0.012432404856647317,13512108691.009527,0.8458361704369769,0.01018765799221907,1,0.7464100638667064,0.013601303447152237,0,0.0,0.013601303447152237,1.0,upper,1.0,0.0451,0.0209
2023-04-10,28331.0,29658.0,29708.0,28224.0,17475381731.251884,574059578670.3654,0.04506960063260001,0.04610066664315182,0.06625921265504231,28332.285714285714,28085.190476190477,0.04679164607767006,0.05600138354564077,13192664174.691793,1.324628710308253,0.017872521197008676,1,0.7916997244290492,0.04506960063260001,0,0.0,0.04506960063260001,1.0,time,5.0,0.0218,0.0236
2023-04-11,29679.0,30261.0,30532.0,29639.0,18320296514.777645,585359301945.2595,0.02012785118793082,0.020331782318430136,0.07403726708074543,28630.285714285714,28180.285714285714,0.056957667205556506,0.07383581226997604,13685333052.112728,1.3386810861683323,0.018332973084583693,-1,0.19546897674652766,0.019127851187930818,1,0.001,0.02012785118793082,1.0,time,5.0,0.0015,0.0228
2023-04-12,30246.0,29904.0,30426.0,29844.0,18407698928.06657,578850627447.6105,-0.011867504027600981,-0.01179736294240108,0.06053835514416428,28874.14285714286,28297.190476190477,0.03566710700132103,0.05678335894022801,13956773198.43453,1.318907935691846,0.01997538011480864,1,0.6852520660227188,0.01086750402760098,1,0.001,0.011867504027600981,0.0,time,5.0,-0.0147,0.0225
2023-04-13,29908.0,30405.0,30540.0,29908.0,16404033694.47376,587939018759.4221,0.01661481785886609,0.016753611556982406,0.08422779303212913,29211.571428571428,28389.809523809523,0.040854651532416186,0.07098288118137641,14431702441.196508,1.136666568709667,0.019115260078998206,-1,0.2521759888786061,0.015614817858866089,1,0.001,0.01661481785886609,0.0,time,5.0,-0.0013,0.0216
2023-04-14,30429.0,30468.0,31015.0,30122.0,20984067684.216217,589051372432.549,0.002069883938468572,0.002072027627034956,0.0907138254456934,29573.571428571428,28526.619047619046,0.030244185203970764,0.06805506636241176,15980672566.956839,1.313090396933911,0.018421723544942474,-1,0.20210759592946814,-0.002069883938468572,0,0.0,-0.002069883938468572,0.0,lower,5.0,-0.0552,0.0206
2023-04-15,30479.0,30312.0,30567.0,30266.0,11028264273.146706,586969785778.0928,-0.005133278794241989,-0.005120126033871575,0.0838100686498855,29908.428571428572,28652.428571428572,0.013493568463739392,0.05792079454745802,16292681870.80921,0.6768845277035391,0.019214436425477124,-1,0.1406599338307745,0.005133278794241989,0,0.0,0.005133278794241989,0.0,lower,4.0,-0.05,0.02
2023-04-16,30330.0,30305.0,30535.0,30225.0,11188035367.077023,586268225587.8677,-0.00023095831305128346,-0.00023093164423326762,0.06892173115586742,30187.571428571428,28759.904761904763,0.0038899641763641135,0.053723934445772725,16258254027.57283,0.6881449476741426,0.019690829499389453,-1,0.2600373596167367,0.00023095831305128346,0,0.0,0.00023095831305128346,0.0,lower,3.0,-0.0498,0.0191
2023-04-17,30314.0,29467.0,30314.0,29327.0,16771824487.579357,569958059900.5195,-0.028041722274548358,-0.027652202606830545,-0.006440083619933867,30160.285714285714,28868.714285714286,-0.02298670910658296,0.020724363002954327,16157745849.905325,1.038005217025841,0.01645144311287832,-1,0.17624286825661667,0.028041722274548358,0,0.0,0.028041722274548358,0.0,lower,3.0,-0.042,0.0207
2023-04-18,29457.0,30366.0,30443.0,29277.0,18078539248.52104,587730212230.9563,0.03005256833129586,0.0305087046526622,0.00346981263011803,30175.285714285714,29015.14285714286,0.006320214745274111,0.046556970251986574,16123209097.58295,1.121274253723548,0.01889846812597898,-1,0.1006203658743086,-0.03005256833129586,0,0.0,-0.03005256833129586,0.0,lower,1.0,-0.0518,0.0214
2023-04-19,30404.0,28833.0,30404.0,28713.0,24136616861.636356,558796473890.5958,-0.05180299695073899,-0.050484094052558826,-0.035814606741572996,30022.285714285714,29036.0,-0.03961343002341111,-0.006991321118611338,16941625945.23578,1.4246930571869878,0.02704527793087517,-1,0.11136058284933477,0.05180299695073899,0,0.0,0.05180299695073899,0.0,lower,2.0,-0.0546,0.0266
2023-04-20,28856.0,28256.0,29027.0,28110.0,21695904964.799046,546141074655.3764,-0.020214740087707454,-0.020011792043838628,-0.0706791646110837,29715.285714285714,29046.238095238095,-0.049108924218896455,-0.02720621144283908,17697607555.28225,1.225923046209905,0.025679481044883684,-1,0.11625505551328966,0.020214740087707454,0,0.0,0.020214740087707454,1.0,time,5.0,0.0034,0.0259
2023-04-21,28236.0,27300.0,28355.0,27238.0,20420333533.71415,528357279464.0127,-0.03441912223063544,-0.03383352208380519,-0.10397794407246952,29262.714285714286,28988.285714285714,-0.06707218840162277,-0.058240274396554215,17617074105.21052,1.1591217367743558,0.026411244450445355,-1,0.0917670147042156,0.03441912223063544,0,0.0,0.03441912223063544,1.0,time,5.0,0.0378,0.0265
2023-04-22,27285.0,27862.0,27915.0,27201.0,11700230849.968126,539454716829.9368,0.020377051093119224,0.02058608058608069,-0.08082607548165743,28912.714285714286,28957.95238095238,-0.03634090785566413,-0.03784633549136107,17713069330.47073,0.6605422601627219,0.02964533484515239,1,0.7057673333795905,-0.021377051093119225,1,0.001,-0.020377051093119224,1.0,upper,5.0,0.0566,0.0264
2023-04-23,27831.0,27607.0,27831.0,27432.0,11435645306.771605,533753154140.2553,-0.009194389529446897,-0.009152250376857407,-0.08902821316614418,28527.285714285714,28927.95238095238,-0.03225984145504801,-0.0456635286022582,17748442178.998528,0.6443182557341983,0.02926502655155533,1,0.7683330127859469,-0.009194389529446897,0,0.0,-0.009194389529446897,1.0,upper,4.0,0.0658,0.0251
2023-04-24,27591.0,27512.0,27893.0,27197.0,16443099944.64734,532290845181.53394,-0.0034470906246211806,-0.0034411562284927255,-0.06634540333254146,28248.0,28913.52380952381,-0.026054941942792453,-0.04847295053888112,17701481530.00824,0.928910945491899,0.02865003996105942,1,0.7667931815994737,-0.0034470906246211806,0,0.0,-0.0034470906246211806,1.0,upper,3.0,0.0692,0.0239
2023-04-25,27512.0,28351.0,28380.0,27224.0,17061823985.865345,548359667398.65234,0.030040029790312107,0.030495783658040176,-0.06635710992557464,27960.14285714286,28921.904761904763,0.013979082469433468,-0.01973952845100113,17556236492.485996,0.9718383546022373,0.028647040155224294,1,0.8190933763506009,0.030040029790312107,0,0.0,0.030040029790312107,1.0,time,5.0,0.035,0.0249
2023-04-26,28292.0,28352.0,30026.0,27697.0,30540034741.28477,548638734338.36755,3.527150239334594e-05,3.527212444009997e-05,-0.016682273783511947,27891.428571428572,28929.285714285714,0.016513009629174347,-0.019955062837954562,18471010475.29291,1.6534035743272173,0.022214969464508745,1,0.8921027581434856,3.527150239334594e-05,0,0.0,3.527150239334594e-05,0.0,time,5.0,-0.008,0.0237
2023-04-27,28454.0,29484.0,29869.0,28440.0,26238597379.49954,570258039118.5771,0.039150168904371827,0.03992663656884865,0.04345979614949047,28066.85714285714,28997.904761904763,0.050491683123969455,0.01676311589014645,19119966534.53584,1.372313980367357,0.02550767579806657,-1,0.11139640862507197,0.038150168904371826,1,0.001,0.039150168904371827,0.0,time,5.0,-0.0286,0.0255
2023-04-28,29488.0,29340.0,29545.0,28969.0,18730801539.181553,568153896404.9741,-0.004895970612206698,-0.004884004884004867,0.07472527472527468,28358.285714285714,29064.85714285714,0.03461825216112202,0.009466513315049108,18878604821.03118,0.992170857791092,0.01955433291270524,-1,0.10951678208880172,0.004895970612206698,0,0.0,0.004895970612206698,0.0,time,5.0,-0.0121,0.0244
2023-04-29,29336.0,29218.0,29429.0,29136.0,9711415138.827158,565714356650.6621,-0.004166815004513384,-0.004158145875937325,0.0486684372981121,28552.0,29124.380952380954,0.02332586158587846,0.003214456223880502,18594488290.868187,0.5222738580871013,0.019665387899793156,-1,0.1324753659199841,0.004166815004513384,0,0.0,0.004166815004513384,0.0,time,5.0,-0.0128,0.0233
2023-04-30,29269.0,29362.0,29945.0,29134.0,14707008604.647,568513467268.4124,0.004916363606946335,0.004928468752139148,0.06357083348426129,28802.714285714286,29172.52380952381,0.01941781280534083,0.006495022224108471,19061825904.850384,0.7715424890594936,0.018421693243493957,-1,0.11797154908185689,-0.004916363606946335,0,0.0,-0.004916363606946335,1.0,time,5.0,0.0054,0.0222
2023-05-01,29272.0,28126.0,29333.0,27722.0,19980169281.008976,544421676291.20087,-0.043006905869212624,-0.04209522512090458,0.02231753416690907,28890.428571428572,29099.571428571428,-0.02645957880266825,-0.033456555570283264,19567121524.33062,1.021109275381397,0.02670072197427214,1,0.7649869620327628,0.04200690586921262,1,0.001,0.043006905869212624,1.0,time,5.0,0.0267,0.0251
2023-05-02,28107.0,28654.0,28882.0,27943.0,17699097406.188805,554886795897.9369,0.018598634023124585,0.018772665860769422,0.010687453705336747,28933.714285714286,29023.04761904762,-0.009667417150531321,-0.012715674242473884,19658160584.376827,0.9003435153671003,0.025038566273958354,1,0.6945155278378088,0.018598634023124585,0,0.0,0.018598634023124585,0.0,time,5.0,-0.0015,0.0247
2023-05-03,28701.0,28988.0,29222.0,28190.0,19944381490.560024,561312171794.5802,0.011588901775854367,0.01165631325469385,0.022432279909706532,29024.571428571428,28979.428571428572,-0.0012600161439567659,0.00029577631423260975,18144495834.273293,1.099197336356236,0.02528690571021639,-1,0.1800774365309088,0.010588901775854368,1,0.001,0.011588901775854367,0.0,time,5.0,-0.0456,0.0237
2023-05-04,29005.0,28846.0,29434.0,28702.0,12676760580.080193,558634329303.2208,-0.004910616085716497,-0.004898578722229874,-0.021638854972188315,28933.428571428572,28905.190476190477,-0.0030217148725646403,-0.002047745585320837,16207090577.213388,0.7821737356057775,0.01953046489006627,-1,0.16176521166199156,0.004910616085716497,0,0.0,0.004910616085716497,0.0,time,5.0,-0.0439,0.0226
2023-05-05,28856.0,29520.0,29693.0,28851.0,4971523630.54862,571520224182.8824,0.023096664570953367,0.02336545794910916,0.006134969325153339,28959.14285714286,28860.04761904762,0.019367187268762853,0.022867335136232292,14241479447.408682,0.34908758243183907,0.02184652069136039,-1,0.08907594263853921,-0.023096664570953367,0,0.0,-0.023096664570953367,0.0,lower,3.0,-0.0637,0.0226
2023-05-06,29524.0,28888.0,29741.0,28485.0,6463808309.438925,559078681902.6073,-0.021641715757115116,-0.021409214092140916,-0.011294407556985409,28912.0,28792.238095238095,-0.0008301051466519382,0.0033259625196604414,13777535614.638933,0.46915562334464134,0.023450263622939376,-1,0.10296585464088623,0.021641715757115116,0,0.0,0.021641715757115116,0.0,lower,5.0,-0.0667,0.0227
2023-05-07,28895.0,28611.0,29093.0,28611.0,10199066943.170338,554373015261.6681,-0.009635024710271573,-0.009588756577125435,-0.025577276752264844,28804.714285714286,28711.571428571428,-0.006725089643064397,-0.003502818674402053,13133543948.713697,0.7765662476935052,0.023441009474459103,-1,0.11370314171774212,0.009635024710271573,0,0.0,0.009635024710271573,0.0,lower,4.0,-0.057,0.0218
2023-05-08,28616.0,27697.0,28646.0,27351.0,21535578788.860283,536032086472.038,-0.03246715518591003,-0.0319457551291461,-0.015252791011875155,28743.428571428572,28627.285714285714,-0.0364058368620902,-0.03249646940231843,13355745306.978168,1.6124580316463717,0.02082010845008206,-1,0.0905513869726461,0.03246715518591003,0,0.0,0.03246715518591003,0.0,time,5.0,-0.033,0.0228
2023-05-09,27691.0,27607.0,27820.0,27418.0,8876813250.933558,535037100026.6903,-0.0032547403243886578,-0.003249449398851856,-0.036539401130732174,28593.85714285714,28495.904761904763,-0.03451290736771628,-0.03119412313214598,12095418999.084564,0.7338987803238064,0.018714236342291305,-1,0.17694001372606066,0.0032547403243886578,0,0.0,0.0032547403243886578,0.0,time,5.0,-0.0255,0.0217
2023-05-10,27652.0,27640.0,28281.0,27058.0,17159331951.189877,534937464538.75824,0.0011946351448829462,0.0011953490056870741,-0.04650200082792877,28401.285714285714,28439.095238095237,-0.026804621521158478,-0.02809847610850924,11697554779.174543,1.4669161440251663,0.01752833089757929,-1,0.27348935766244825,-0.0011946351448829462,0,0.0,-0.0011946351448829462,0.0,time,5.0,-0.015,0.0207
2023-05-11,27621.0,27025.0,27623.0,26791.0,7754296234.077171,523414877659.3074,-0.02250163537419713,-0.022250361794500684,-0.06312833668446227,28141.14285714286,28380.47619047619,-0.039662314455702896,-0.047760868470947515,10994345586.888395,0.7052985712332681,0.01844288715918153,-1,0.20150087367528627,0.02250163537419713,0,0.0,0.02250163537419713,0.0,time,5.0,-0.0001,0.0205
2023-05-12,26992.0,26788.0,27052.0,25889.0,9157286238.193073,518816444750.7709,-0.008808337477468254,-0.00876965772432936,-0.09254742547425476,27750.85714285714,28356.095238095237,-0.034696482991516286,-0.05530011184292283,11592311673.694746,0.7899447923724111,0.011816247940366929,1,0.8146719279858308,0.007808337477468254,1,0.001,0.008808337477468254,1.0,time,5.0,0.0222,0.0196
2023-05-13,26795.0,26798.0,26981.0,26732.0,8365379054.202115,520426027097.3362,0.00037323181861251395,0.0003733014782738575,-0.07234837995015231,27452.285714285714,28305.428571428572,-0.023833560567426026,-0.05325581160605242,11863964637.232344,0.7051082256220895,0.012310693030889542,-1,0.1212967519021756,-0.0006267681813874861,1,0.001,0.00037323181861251395,1.0,time,5.0,0.0017,0.0187
2023-05-14,26783.0,26912.0,27148.0,26704.0,6019488454.419681,521319019334.69617,0.0042450259241211775,0.004254048809612554,-0.05938275488448497,27209.571428571428,28272.333333333332,-0.010936277675397843,-0.048115354233231544,11266881995.98225,0.5342639122843587,0.013550548035665516,1,0.7646492895848259,-0.0052450259241211775,1,0.001,-0.0042450259241211775,0.0,time,5.0,-0.001,0.018
2023-05-15,26933.0,27228.0,27642.0,26771.0,14570026781.747086,527655229433.8867,0.01167357179516745,0.011741973840665887,-0.016933241867350235,27142.571428571428,28258.809523809523,0.003147401551595319,-0.036477457514302314,10271803137.823223,1.4184487948466205,0.010802925510998308,-1,0.09771155229046817,0.010673571795167449,1,0.001,0.01167357179516745,0.0,time,5.0,-0.0049,0.0178
2023-05-16,27170.0,27023.0,27300.0,26932.0,12927093920.902998,523965691858.8659,-0.007557500349395138,-0.007529014250036714,-0.021154055130945038,27059.14285714286,28195.571428571428,-0.0013356985228125673,-0.041587078011237844,10850414662.10457,1.191391695476054,0.010979560158196117,-1,0.07000367310558751,0.007557500349395138,0,0.0,0.007557500349395138,0.0,time,5.0,-0.0093,0.017
2023-05-17,27037.0,27390.0,27448.0,26590.0,12580626234.913448,530762551513.4872,0.013489628038676883,0.01358102357251223,-0.00904486251808978,27023.428571428572,28149.761904761905,0.013564948933200816,-0.02698999399470514,10196313845.493652,1.2338406237341903,0.012640302622777324,-1,0.09580224726303785,-0.013489628038676883,0,0.0,-0.013489628038676883,0.0,time,5.0,-0.0192,0.0169
2023-05-18,27394.0,26843.0,27425.0,26517.0,12599487111.93878,520544913836.41003,-0.020172903945265698,-0.01997079225994891,-0.006734505087881537,26997.428571428572,28024.0,-0.005720121493052233,-0.04214244932914646,10888483970.902454,1.1571387849409227,0.012022724801555387,-1,0.09673877796389822,0.020172903945265698,0,0.0,0.020172903945265698,1.0,time,5.0,0.0141,0.017
2023-05-19,26847.0,26884.0,27049.0,26763.0,11559136131.368769,521153640362.9618,0.0015262347779983767,0.00152740006705665,0.003583694191428899,27011.14285714286,27907.04761904762,-0.00470705211605793,-0.03665911324669646,11231605384.213268,1.0291615255300783,0.011519153704770715,-1,0.05606273789789081,-0.0015262347779983767,0,0.0,-0.0015262347779983767,0.0,time,5.0,-0.0205,0.0162
2023-05-20,26876.0,27094.0,27139.0,26845.0,3882362454.219783,525040003344.1629,0.0077809870508251345,0.007811337598571555,0.011045600417941559,27053.428571428572,27805.904761904763,0.0014996778860878468,-0.025602646919804628,10591174441.358648,0.3665658115363596,0.011836848088206927,-1,0.11427768208638937,-0.0077809870508251345,0,0.0,-0.0077809870508251345,0.0,time,5.0,-0.0231,0.0158
2023-05-21,27101.0,26774.0,27261.0,26667.0,8125825605.684245,519171380714.0945,-0.011881033794838656,-0.011810733003617013,-0.005127824019025007,27033.714285714286,27682.666666666668,-0.009607051512397269,-0.03282439071380405,10892079748.682158,0.7460306748734002,0.012764486996898057,-1,0.06753256373926426,0.011881033794838656,0,0.0,0.011881033794838656,0.0,time,5.0,-0.0021,0.0153
2023-05-22,26749.0,26870.0,27027.0,26543.0,8025716966.179398,520821915713.9187,0.0035791552636938837,0.0035855680884440133,-0.013148229763478736,26982.571428571428,27622.85714285714,-0.00417200520971206,-0.0272548613984277,9957178346.458202,0.8060232213309877,0.011777363077996693,-1,0.052946873508264956,-0.0035791552636938837,0,0.0,-0.0035791552636938837,0.0,time,5.0,-0.0008,0.0147
2023-05-23,26863.0,27223.0,27420.0,26794.0,11685763863.312372,527528695688.7587,0.013051781601523788,0.013137327874953586,0.00740110276431194,27011.14285714286,27554.714285714286,0.00784332391922904,-0.012038385964548426,9779845481.088114,1.1948822592248365,0.012667133244275144,-1,0.2288936565219933,-0.013051781601523788,0,0.0,-0.013051781601523788,0.0,lower,1.0,-0.033,0.0147
2023-05-24,27222.0,26339.0,27223.0,26114.0,17477200137.10873,510987979871.2201,-0.03301147370661379,-0.03247254160085222,-0.03837166849215046,26861.0,27428.571428571428,-0.019433379248724902,-0.03972395833333331,10479356038.544582,1.6677742480382447,0.016498521470902697,1,0.9291106429212145,0.03201147370661379,1,0.001,0.03301147370661379,1.0,upper,4.0,0.0651,0.017
2023-05-25,26325.0,26476.0,26558.0,25887.0,11953749225.494001,513295724355.69904,0.005187931734366705,0.005201412354303603,-0.013672093283165099,26808.571428571428,27315.714285714286,-0.012405414046680163,-0.030741070027718198,10387107769.052471,1.150825570627967,0.015521982478396026,1,0.7202632718267925,0.005187931734366705,0,0.0,0.005187931734366705,1.0,upper,3.0,0.0599,0.0164
2023-05-26,26476.0,26718.0,26857.0,26355.0,10994037071.45216,517973731437.9403,0.009098833310943988,0.009140353527723244,-0.0061746763874422905,26784.85714285714,27182.285714285714,-0.002496079874555912,-0.01708045155458382,10306379331.921526,1.0667215631585363,0.016056389465996978,-1,0.463749290787606,0.008098833310943989,1,0.001,0.009098833310943988,1.0,upper,2.0,0.0508,0.016
2023-05-27,26719.0,26848.0,26852.0,26630.0,6029471707.897409,520461980942.25433,0.004853834717175385,0.0048656336552137525,-0.009079500996530543,26749.714285714286,27085.14285714286,0.003674271554302333,-0.008755458975927777,10613109225.304047,0.5681154862254493,0.015830944026228217,1,0.546295511445814,-0.005853834717175385,1,0.001,-0.004853834717175385,1.0,upper,1.0,0.0459,0.0154
2023-05-28,26851.0,28110.0,28155.0,26806.0,13144599279.47902,544879177078.8053,0.04593405463364474,0.047005363528009436,0.04989915589751259,26940.571428571428,27061.285714285714,0.043407712213125116,0.03875330598799542,11330076892.989014,1.1601509330985054,0.023165712898277006,-1,0.17491732831400816,0.04493405463364474,1,0.001,0.04593405463364474,0.0,lower,4.0,-0.0468,0.0204
2023-05-29,28096.0,27760.0,28355.0,27567.0,13483205892.539595,538430950369.49817,-0.012529249279836735,-0.01245108502312342,0.033122441384443535,27067.714285714286,27064.285714285714,0.02557606848433025,0.02570599102665616,12109718168.183325,1.1134202881752382,0.024346637581944358,-1,0.14961834771448015,0.012529249279836735,0,0.0,0.012529249279836735,0.0,time,5.0,-0.0247,0.02
2023-05-30,27737.0,27714.0,28044.0,27650.0,12766436369.815956,537414074116.4985,-0.0016584349620803625,-0.0016570605187319343,0.018036219373324114,27137.85714285714,27069.380952380954,0.021230226620693404,0.023813586603736114,12264099954.826696,1.0409599087449999,0.024155609762697195,-1,0.36823234789928666,0.0016584349620803625,0,0.0,0.0016584349620803625,0.0,time,5.0,-0.0203,0.019
2023-05-31,27708.0,27245.0,27806.0,26890.0,10001106221.647074,528464394082.93866,-0.01706768264146165,-0.016922854874792503,0.03439766126276633,27267.285714285714,27050.571428571428,-0.0008173059291353146,0.007187595720185458,11196086538.332174,0.8932680349875974,0.02086110968259523,-1,0.13369537546063046,0.01706768264146165,0,0.0,0.01706768264146165,0.0,lower,5.0,-0.0548,0.0189
2023-06-01,27236.0,26824.0,27308.0,26704.0,12156086970.872988,520271910707.11273,-0.015573008871134261,-0.01545237658285925,0.01314397945308965,27317.0,27041.0,-0.018047369769740418,-0.008024851151954393,11224991930.529173,1.0829483928457417,0.022246749813926558,1,0.5443901538736715,0.01457300887113426,1,0.001,0.015573008871134261,0.0,lower,4.0,-0.0392,0.0186
2023-06-02,26812.0,27248.0,27304.0,26716.0,15428145241.775957,528508990069.2122,0.015683114756404958,0.015806740232627403,0.019836814132794478,27392.714285714286,27062.904761904763,-0.005282948020589484,0.006839444609648471,11858435954.861143,1.30102699044822,0.022736880451412672,-1,0.18516802013100978,0.014683114756404957,1,0.001,0.015683114756404958,0.0,lower,3.0,-0.0549,0.0184
2023-06-03,27252.0,27084.0,27310.0,26996.0,6673279605.629511,525209390395.50604,-0.0060369762969334625,-0.006018790369935356,0.008790226460071437,27426.428571428572,27076.52380952381,-0.012485350418001473,0.0002761133788362624,11950408511.680012,0.5584143503636068,0.022961316860888772,-1,0.14532573022227238,0.0060369762969334625,0,0.0,0.0060369762969334625,0.0,lower,2.0,-0.0488,0.0176
2023-06-04,27079.0,27156.0,27368.0,26975.0,6098045626.047618,529630092281.38684,0.0026548688160017747,0.002658396101019145,-0.03393810032017075,27290.14285714286,27088.14285714286,-0.004915432573770806,0.0025050496527210253,10943757989.761242,0.5572167834625753,0.011623091155195733,-1,0.28868629923042843,-0.0026548688160017747,0,0.0,-0.0026548688160017747,0.0,lower,1.0,-0.0515,0.0168
2023-06-05,27126.0,25793.0,27126.0,25444.0,21208433571.87331,500593893699.2183,-0.05149487915462742,-0.050191486227721294,-0.07085734870317006,27009.14285714286,27019.809523809523,-0.04502708077687989,-0.04540407743172559,12047361943.951773,1.7604213827509962,0.020833610961532446,1,0.8729890104812579,0.05049487915462742,1,0.001,0.05149487915462742,1.0,upper,1.0,0.0537,0.0222
2023-06-06,25743.0,27217.0,27291.0,25460.0,22188018260.83246,527295592028.08093,0.053738640786020565,0.055208777575311174,-0.01793317456880994,26938.14285714286,27029.04761904762,0.01035175826098933,0.006953718222018734,13393302214.096989,1.6566503096957432,0.0325415995892998,-1,0.16214056826042397,0.052738640786020564,1,0.001,0.053738640786020565,0.0,time,5.0,-0.0489,0.0276
2023-06-07,27228.0,26346.0,27300.0,26227.0,14723854336.09437,510979921090.6337,-0.032525317263158354,-0.03200205753756846,-0.03299688016149749,26809.714285714286,26979.333333333332,-0.017296502333908892,-0.023474758457090572,14067980516.160887,1.046621746396367,0.034143704709543234,-1,0.1222075231345841,0.032525317263158354,0,0.0,0.032525317263158354,0.0,time,5.0,-0.0167,0.0281
2023-06-08,26349.0,26508.0,26754.0,26252.0,10197924963.780262,514279355771.4992,0.006130113418345137,0.00614894101571406,-0.01178049507903367,26764.571428571428,26963.380952380954,-0.00958623340023057,-0.016888866911207723,13788243086.576214,0.7396101809162786,0.03394168222007524,-1,0.21264890919404691,-0.006130113418345137,0,0.0,-0.006130113418345137,0.0,time,5.0,-0.0243,0.0268
2023-06-09,26500.0,26470.0,26756.0,26388.0,10464066236.48124,513226142603.1213,-0.0014345579869704966,-0.001433529500528108,-0.02855255431591308,26653.428571428572,26943.666666666668,-0.006881987843965431,-0.017579888904009633,13079088942.96268,0.8000607903283296,0.03311757567538961,-1,0.17572050689666557,0.0014345579869704966,0,0.0,0.0014345579869704966,0.0,lower,5.0,-0.0528,0.0255
2023-06-10,26479.0,25858.0,26519.0,25510.0,9755626714.244692,501653860264.2029,-0.023391985406648393,-0.02312051378919533,-0.04526657805346335,26478.285714285714,26884.809523809523,-0.02342620368172299,-0.038192925372975695,13519424244.19342,0.7216007529636275,0.03394103147019807,-1,0.3272322924341271,0.023391985406648393,0,0.0,0.023391985406648393,0.0,time,5.0,-0.0114,0.0251
2023-06-11,25854.0,25917.0,26164.0,25696.0,10439993428.365507,502683000962.43024,0.0022790932124953007,0.0022816923195916328,-0.04562527618205925,26301.285714285714,26844.0,-0.014610909841452635,-0.034532856504246756,14139702501.667404,0.7383460456211427,0.03392511682081562,-1,0.1905861878020976,-0.0022790932124953007,0,0.0,-0.0022790932124953007,1.0,time,5.0,0.0157,0.024
2023-06-12,25924.0,25910.0,26049.0,25681.0,9761691909.31603,502562686069.16986,-0.0002701294708382078,-0.00027009298915769975,0.004536114449656958,26318.0,26798.285714285714,-0.015502697773387086,-0.033147109623216764,12504453692.730652,0.7806572081586338,0.027824482924858986,-1,0.09985806555776389,0.0002701294708382078,0,0.0,0.0002701294708382078,1.0,time,5.0,0.0226,0.0228
2023-06-13,25912.0,25872.0,26354.0,25739.0,9921875985.888603,501752262681.7188,-0.001467691739267535,-0.0014666152064839455,-0.04941764338464927,26125.85714285714,26733.95238095238,-0.009716701024163221,-0.03224186116103478,10752147653.452957,0.9227808532467726,0.014438419264485379,1,0.6132625319234083,0.0004676917392675349,1,0.001,0.001467691739267535,1.0,time,5.0,0.0177,0.0217
2023-06-14,25940.0,25108.0,26047.0,24880.0,11982737579.702812,487262840554.6715,-0.029974782379465725,-0.02952999381570809,-0.046990055416382015,25949.0,26675.333333333332,-0.032409726771744585,-0.058755904331092346,10360559545.39702,1.1565724348378936,0.013741915133909452,1,0.8106038390103347,-0.029974782379465725,0,0.0,-0.029974782379465725,1.0,upper,2.0,0.0474,0.0222
2023-06-15,25113.0,25565.0,25694.0,24852.0,15184095954.029512,495788386559.10156,0.018037708076677376,0.018201370081249113,-0.035574166289422116,25814.285714285714,26631.95238095238,-0.009656889872717178,-0.04006286755436994,11072869686.8612,1.3712882372350679,0.01617075798861544,1,0.6636670315336813,0.018037708076677376,0,0.0,0.018037708076677376,1.0,upper,4.0,0.0464,0.0223
2023-06-16,25578.0,26327.0,26454.0,25292.0,13604025863.641972,510906153487.60516,0.029370800011550104,0.029806375904557036,-0.00540234227427272,25793.85714285714,26613.333333333332,0.0206693731065537,-0.010759018036072154,11521435347.884161,1.1807579049723405,0.020941664270408587,1,0.9005849521519471,0.029370800011550104,0,0.0,0.029370800011550104,1.0,upper,4.0,0.0734,0.0233
2023-06-17,26328.0,26501.0,26723.0,26183.0,9533422254.890303,514331114457.8236,0.006587439585741206,0.006609184487408326,0.02486657900843059,25885.714285714286,26596.809523809523,0.023769315673289215,-0.0036022938662532145,11489691853.690678,0.8297369830530321,0.018479652420746832,1,0.5758443511586924,0.006587439585741206,0,0.0,0.006587439585741206,1.0,upper,3.0,0.0668,0.0223
2023-06-18,26508.0,26333.0,26647.0,26333.0,8589379740.11672,511384956032.88007,-0.006359562638306207,-0.006339383419493583,0.016051240498514474,25945.14285714286,26512.190476190477,0.01494912342524879,-0.00675879559447945,11225318469.655136,0.7651791584653903,0.018870104474453735,1,0.6334184957282771,-0.006359562638306207,0,0.0,-0.006359562638306207,1.0,upper,2.0,0.0731,0.0213
2023-06-19,26340.0,26779.0,26936.0,26340.0,6651894946.454161,519667661979.1768,0.016795092775397806,0.01693692325219298,0.033539174064068034,26069.285714285714,26465.47619047619,0.027224155410033646,0.01184652062435343,10781061760.67487,0.616998130065231,0.01956759173945549,1,0.7167565524667528,0.016795092775397806,0,0.0,0.016795092775397806,1.0,upper,1.0,0.0563,0.0209
2023-06-20,26787.0,28331.0,28331.0,26667.0,19958565664.552258,549330089183.52325,0.05633861322349515,0.05795586093580796,0.0950448361162648,26420.571428571428,26494.85714285714,0.07230837442685356,0.06930185912090758,12214874571.912535,1.6339558418754405,0.02759437157342157,1,0.8594911466735379,0.05633861322349515,0,0.0,0.05633861322349515,1.0,upper,1.0,0.0606,0.0258
2023-06-21,28334.0,30102.0,30664.0,28291.0,23757254196.777027,584070487996.789,0.0606350032403302,0.06251103032014393,0.1989007487653338,27134.0,26630.904761904763,0.10938306184123237,0.13034086784241006,13896948374.35171,1.7095302908819576,0.025598119251341197,1,0.8821062151944279,0.0606350032403302,0,0.0,0.0606350032403302,1.0,time,5.0,0.0061,0.0295
2023-06-22,30070.0,29936.0,30442.0,29755.0,19613389213.798763,581473706978.9268,-0.005529845198437141,-0.005514583748588153,0.17097594367299052,27758.428571428572,26779.095238095237,0.07844721551755196,0.11788690894283205,14529704554.318743,1.3498821769207254,0.02830938589261454,1,0.7157702775166264,-0.005529845198437141,0,0.0,-0.005529845198437141,1.0,time,5.0,0.025,0.0285
2023-06-23,29939.0,30629.0,31257.0,29888.0,22630955878.97284,594588611688.3142,0.022885503049018693,0.02314938535542499,0.16340638887833792,28373.0,26940.095238095237,0.07951221231452443,0.13692990797925564,15819265985.080296,1.4305945611077586,0.02815945357722422,-1,0.12819952745284788,0.021885503049018692,1,0.001,0.022885503049018693,0.0,time,5.0,-0.018,0.0274
2023-06-24,30674.0,30538.0,30817.0,30352.0,11736119929.84371,592912110031.5245,-0.0029754628194324736,-0.0029710405171569088,0.1523338741934266,28949.714285714286,27104.571428571428,0.05486360585843442,0.1266734130246876,16133937081.50221,0.727418228455802,0.029254271755511527,-1,0.16886374913681626,0.0029754628194324736,0,0.0,0.0029754628194324736,0.0,time,5.0,-0.0023,0.0264
2023-06-25,30547.0,30455.0,30984.0,30357.0,12076819255.30491,591387700082.1104,-0.002721625472871986,-0.002717925207937677,0.15653362700793672,29538.571428571428,27261.666666666668,0.03102481017555747,0.11713639420431621,16632142726.529097,0.7261132527465497,0.028721115817942785,-1,0.11264901155336866,0.002721625472871986,0,0.0,0.002721625472871986,1.0,time,5.0,0.0009,0.0254
2023-06-26,30469.0,30286.0,30635.0,30011.0,16032184116.631308,587134340343.6245,-0.005564624753984153,-0.005549170907896861,0.13096082751409677,30039.571428571428,27475.619047619046,0.008203464953371098,0.10228635604206682,17972184036.5544,0.8920554165271597,0.030497618335064834,-1,0.07410472249439233,0.005564624753984153,0,0.0,0.005564624753984153,1.0,time,5.0,0.0098,0.0246
2023-06-27,30272.0,30694.0,30834.0,30254.0,14411853963.110468,595427193050.2291,0.013381636218439496,0.013471571022914963,0.08340686880096015,30377.14285714286,27641.190476190477,0.010430775018811067,0.11044421282936945,17179796650.634146,0.8388838503847188,0.024943090777348725,-1,0.16162969518060585,-0.013381636218439496,0,0.0,-0.013381636218439496,0.0,time,5.0,-0.004,0.0234
2023-06-28,30677.0,30083.0,30677.0,30017.0,8489428028.028098,584187696961.3756,-0.020106967601819882,-0.019906170587085437,-0.0006311872965251153,30374.428571428572,27819.14285714286,-0.009594536757893235,0.08137767416064978,14998678626.527157,0.5660117293941759,0.014089303394781188,1,0.646167862365808,0.01910696760181988,1,0.001,0.020106967601819882,1.0,time,5.0,0.0344,0.0238
2023-06-29,30086.0,30467.0,30734.0,30062.0,12545425127.446297,591688337868.8445,0.012683902500097141,0.012764684373234081,0.017737840726884002,30450.285714285714,28007.666666666668,0.0005489040684583113,0.08780929031336648,13988969471.333948,0.8968083855750956,0.014583337416813506,-1,0.14178546070538658,0.01168390250009714,1,0.001,0.012683902500097141,1.0,time,5.0,0.0101,0.0228
2023-06-30,30466.0,30481.0,31240.0,29771.0,21422361050.823097,591722375245.7673,0.0004594080280314491,0.00045951357206153176,-0.004832021939991549,30429.14285714286,28198.666666666668,0.0017041933484815974,0.08093763298501111,13816313067.312555,1.5505121334797614,0.011438732445264102,1,0.766221203269327,-0.001459408028031449,1,0.001,-0.0004594080280314491,1.0,time,5.0,0.0001,0.0217
2023-07-01,30463.0,30584.0,30625.0,30334.0,4210431244.4326854,593625140902.5646,0.003373457714899704,0.0033791542272234576,0.0015063199947606964,30435.714285714286,28423.714285714286,0.004872095752170846,0.0760029351748539,12741214683.68241,0.33045760148951553,0.011474389291770816,-1,0.04462942497329487,0.002373457714899704,1,0.001,0.003373457714899704,0.0,time,5.0,-0.0196,0.0207
2023-07-02,30588.0,30572.0,30743.0,30459.0,7236318143.905301,593627203721.8534,-0.00039243901347403836,-0.00039236201935655135,0.003841733705467032,30452.428571428572,28645.380952380954,0.003926498942143919,0.06725758162622397,12049714524.911037,0.6005385545811283,0.011406871705889055,-1,0.16115619753563132,0.00039243901347403836,0,0.0,0.00039243901347403836,0.0,time,5.0,-0.0084,0.0197
2023-07-03,30623.0,31135.0,31384.0,30596.0,14755008156.77765,604507839820.0979,0.01824803094377766,0.01841554363469844,0.028032754407977256,30573.714285714286,28894.190476190477,0.018358440490430672,0.07755225140001776,11867260816.360516,1.243337311373153,0.012767480273976672,-1,0.09561063901362131,-0.01824803094377766,0,0.0,-0.01824803094377766,0.0,time,5.0,-0.0284,0.0192
2023-07-04,31159.0,30776.0,31319.0,30660.0,12403890725.264545,598449423994.1252,-0.011597422874421262,-0.011530431989722145,0.0026715318954844136,30585.428571428572,29127.714285714286,0.006230791506693256,0.05658822721610246,11580408925.239668,1.0711099068557144,0.013175773360693277,-1,0.06184465027970244,0.011597422874421262,0,0.0,0.011597422874421262,0.0,time,5.0,-0.0199,0.019
2023-07-05,30764.0,30485.0,30874.0,30236.0,10260132141.46154,592386606697.3153,-0.009500406090214563,-0.009455419807642307,0.013363028953229383,30642.85714285714,29383.761904761905,-0.005151515151515129,0.03747777765173188,11833366655.73016,0.867050978809416,0.0108752613142557,-1,0.20375592040040866,0.009500406090214563,0,0.0,0.009500406090214563,0.0,time,5.0,-0.003,0.0186
2023-07-06,30506.0,29990.0,31480.0,29968.0,21776707863.503353,583429029204.2451,-0.016370766598861736,-0.01623749384943418,-0.01565628384809792,30574.714285714286,29594.47619047619,-0.019124112828995066,0.013364784934125407,13152121332.309738,1.6557563083003424,0.01157020072021046,-1,0.11632196783578112,0.016370766598861736,0,0.0,0.016370766598861736,1.0,time,5.0,0.0208,0.0186
2023-07-07,29945.0,30315.0,30422.0,29904.0,13018507892.814608,588811434763.8912,0.01077864676277632,0.010836945648549534,-0.005446015550670924,30551.0,29784.380952380954,-0.00772478805931065,0.017815345850813458,11951570881.165668,1.089271696771703,0.012587080693825067,-1,0.13729428621072573,-0.01077864676277632,0,0.0,-0.01077864676277632,1.0,time,5.0,0.003,0.0179
2023-07-08,30351.0,30264.0,30351.0,30090.0,5608541981.756295,587678367157.9867,-0.0016837521929659242,-0.0016823354774864185,-0.010462987182840666,30505.285714285714,29963.571428571428,-0.007909636269124332,0.010026460702281303,12151300986.497614,0.46155897117423417,0.012457606153536336,1,0.5927202663680163,0.0006837521929659242,1,0.001,0.0016837521929659242,1.0,upper,5.0,0.0383,0.0171
2023-07-09,30298.0,30170.0,30445.0,30096.0,7559670230.189486,585883986681.1711,-0.00311083415975839,-0.00310600052868093,-0.013149286929216242,30447.85714285714,30146.285714285714,-0.009125671522743795,0.0007866403821366053,12197494141.68107,0.6197724009849457,0.012461971818068908,-1,0.1667815562185396,-0.0041108341597583895,1,0.001,-0.00311083415975839,1.0,upper,4.0,0.0414,0.0163
2023-07-10,30154.0,30394.0,30994.0,29988.0,12835219756.96589,590311894648.7518,0.007397167340443769,0.00742459396751749,-0.023799582463465585,30342.0,30318.428571428572,0.001713796058269157,0.0024925905507728885,11923238655.993673,1.0764876999684792,0.009920283847302492,1,0.7073255579905064,-0.00839716734044377,1,0.001,-0.007397167340443769,1.0,upper,3.0,0.034,0.0156
2023-07-11,30405.0,30621.0,30718.0,30372.0,11753418050.421658,594749192359.1351,0.007440827578057656,0.007468579324866775,-0.00503639199376138,30319.85714285714,30427.47619047619,0.00993219907745524,0.006360166328365446,11830313988.158976,0.9935000932507554,0.00992184103275874,-1,0.19513075213855663,0.006440827578057656,1,0.001,0.007440827578057656,0.0,time,5.0,-0.0126,0.015
2023-07-12,30620.0,30407.0,30904.0,30250.0,13072555444.262321,590629381260.7114,-0.007013203025892321,-0.006988667907645074,-0.0025586353944563323,30308.714285714286,30442.0,0.003242820310990213,-0.0011497273503712213,12232088745.701946,1.0687099902586705,0.009596643141225,-1,0.08910112116706007,0.007013203025892321,0,0.0,0.007013203025892321,1.0,upper,1.0,0.0336,0.0145
2023-07-13,30408.0,31446.0,31686.0,30262.0,21254274345.702217,610725509598.8464,0.033598943984505525,0.034169763541289866,0.04854951650550188,30516.714285714286,30513.904761904763,0.030451696260129113,0.030546573615151118,12157455386.016068,1.7482502440559748,0.013701612856882608,-1,0.19031836643745675,-0.033598943984505525,0,0.0,-0.033598943984505525,0.0,lower,1.0,-0.0367,0.0169
2023-07-14,31460.0,30312.0,31520.0,30024.0,21977151420.853252,588107447250.1327,-0.03672811533178451,-0.03606182026330851,-9.896091044037103e-05,30516.285714285714,30498.809523809523,-0.006694317788159987,-0.0061251414965455275,13437261604.307302,1.635537959148499,0.020976323162116207,-1,0.14057647038418794,0.03672811533178451,0,0.0,0.03672811533178451,0.0,time,5.0,-0.013,0.0203
2023-07-15,30316.0,30298.0,30388.0,30275.0,6233916918.782722,588642134563.5204,-0.00046196998016784756,-0.00046186328846664626,0.0011234469997356555,30521.14285714286,30487.380952380954,-0.007311091140567716,-0.0062117816114396485,13526600881.025364,0.46086352170909695,0.020963381630869526,-1,0.06902473363535061,0.00046196998016784756,0,0.0,0.00046196998016784756,0.0,time,5.0,-0.017,0.0193
2023-07-16,30306.0,30237.0,30442.0,30149.0,8356410453.563714,586391434733.7153,-0.002015363695281359,-0.0020133342134794896,0.0022207490884984527,30530.714285714286,30477.0,-0.009620288702243629,-0.007874790825868727,13640420912.935968,0.612621157873425,0.020937417685269258,-1,0.14098994401033274,0.002015363695281359,0,0.0,0.002015363695281359,0.0,time,5.0,-0.0107,0.0184
2023-07-17,30245.0,30148.0,30331.0,29793.0,10974383371.546566,585500720965.1113,-0.0029477540596271486,-0.002943413698448971,-0.008093702704481176,30495.571428571428,30470.428571428572,-0.011397439440855583,-0.010581688100406494,13374587143.59035,0.8205399728399049,0.020732075346587893,-1,0.1796908869011635,0.0029477540596271486,0,0.0,0.0029477540596271486,0.0,time,5.0,-0.0146,0.0175
2023-07-18,30152.0,29848.0,30236.0,29720.0,13152758553.030825,579708613537.5165,-0.010000750062366778,-0.009950908849674978,-0.025244113516867506,30385.14285714286,30430.14285714286,-0.01767781246473843,-0.019130467440648613,13574492929.677374,0.9689318504321787,0.020594536411065983,-1,0.17642730588669958,0.010000750062366778,0,0.0,0.010000750062366778,1.0,time,5.0,0.007,0.0169
2023-07-19,29855.0,29920.0,30176.0,29816.0,8545620844.326587,581327322356.8716,0.0024093171874198724,0.002412221924417146,-0.016016048936100202,30315.571428571428,30422.380952380954,-0.013048456945746856,-0.016513531704415718,12927787986.82941,0.661027304364266,0.020632890661169325,-1,0.4272561536915861,-0.0024093171874198724,0,0.0,-0.0024093171874198724,0.0,time,5.0,-0.0249,0.0161
2023-07-20,29926.0,29787.0,30391.0,29688.0,11117456853.464512,579308712612.258,-0.004455096386709704,-0.004445187165775355,-0.05275710742224771,30078.571428571428,30390.0,-0.009693659463310356,-0.019842053307008833,11479671202.224026,0.9684473237622573,0.013099854093827454,-1,0.060848048680806836,0.004455096386709704,0,0.0,0.004455096386709704,0.0,time,5.0,-0.0191,0.0154
2023-07-21,29794.0,29915.0,30012.0,29758.0,8492627980.9282,581397880391.4172,0.004287970122428343,0.004297176620673415,-0.013097123251517573,30021.85714285714,30363.04761904762,-0.0035593115492045246,-0.014756345432417883,9553310710.806162,0.8889722357006374,0.004680807374087293,-1,0.12695775840179213,-0.004287970122428343,0,0.0,-0.004287970122428343,0.0,time,5.0,-0.0186,0.0147
2023-07-22,29904.0,29710.0,29981.0,29682.0,6745541064.873876,577068525402.119,-0.006876337367478857,-0.00685274945679426,-0.019407221598785385,29937.85714285714,30321.428571428572,-0.007611003745854439,-0.02016489988221437,9626399874.533468,0.7007335195703981,0.004973964899195081,-1,0.13630453113515134,0.006876337367478857,0,0.0,0.006876337367478857,0.0,time,5.0,-0.0173,0.0141
2023-07-23,29810.0,30058.0,30312.0,29776.0,7427606999.412798,584296796267.4817,0.011645159037386395,0.011713227869404319,-0.005919899460925304,29912.285714285714,30296.95238095238,0.004871385861519029,-0.007887010480387757,9493713666.797623,0.7823710783894166,0.0074289171560705134,-1,0.13982623059364363,-0.011645159037386395,0,0.0,-0.011645159037386395,0.0,lower,1.0,-0.0295,0.014
2023-07-24,30085.0,29185.0,30089.0,28983.0,15195244950.838041,567051778655.836,-0.02947396985614826,-0.029043848559451746,-0.031942417407456514,29774.714285714286,30204.095238095237,-0.019805875551162755,-0.033740300116981925,10096693892.41069,1.5049723318104893,0.013074591554686845,-1,0.13620035817060716,0.02947396985614826,0,0.0,0.02947396985614826,1.0,time,5.0,0.0059,0.016
2023-07-25,29177.0,29223.0,29304.0,29062.0,7929844775.363448,568019115128.7598,0.0013011918011740045,0.00130203871851986,-0.020939426427231345,29685.428571428572,30130.14285714286,-0.015577628273611865,-0.03010748609603109,9350563352.743923,0.8480606436441538,0.012991798014754082,-1,0.05872027109307686,-0.0013011918011740045,0,0.0,-0.0013011918011740045,1.0,time,5.0,0.0019,0.0153
2023-07-26,29228.0,29364.0,29655.0,29129.0,13088677750.42505,570531781624.6747,0.004813363791606695,0.004824966635869066,-0.018582887700534734,29606.0,30076.761904761905,-0.008174018779977033,-0.023698093133125986,9999571482.18656,1.3089238647617538,0.013188146765197112,-1,0.12483056343851848,-0.004813363791606695,0,0.0,-0.004813363791606695,0.0,time,5.0,-0.0045,0.0147
2023-07-27,29352.0,29200.0,29554.0,29095.0,9047649539.81237,567708714251.7643,-0.005600724974298824,-0.00558507015392995,-0.01970658340886966,29522.14285714286,30039.14285714286,-0.010911906317292108,-0.027934980073618276,9703884723.093397,0.9323739716611316,0.013221713043029899,-1,0.08777622901347626,0.005600724974298824,0,0.0,0.005600724974298824,1.0,time,5.0,0.0115,0.014
2023-07-28,29201.0,29314.0,29507.0,29119.0,7682754827.0541115,569952119667.3986,0.0038965083308728256,0.0039041095890410826,-0.02009025572455292,29436.285714285714,29991.47619047619,-0.004154250827453021,-0.022588957814998256,9588188558.254242,0.8012728139811364,0.013187519311294013,-1,0.058627767549301886,-0.0038965083308728256,0,0.0,-0.0038965083308728256,0.0,time,5.0,-0.0057,0.0135
2023-07-29,29313.0,29357.0,29395.0,29268.0,4882536540.911603,570804910032.5747,0.0014658010839785315,0.0014668758954765604,-0.011881521373275028,29385.85714285714,29948.285714285714,-0.0009820078657857279,-0.01974355794273941,9322045054.83106,0.523762383918245,0.013138263766828017,-1,0.21813783815232435,-0.0014658010839785315,0,0.0,-0.0014658010839785315,0.0,time,5.0,-0.0062,0.0128
2023-07-30,29357.0,29278.0,29437.0,29153.0,7872881636.625643,569135711632.8535,-0.0026946379398674228,-0.0026910106618524,-0.02594983032803244,29274.428571428572,29905.809523809523,0.00012199823346548122,-0.02099289515335445,9385655717.290037,0.8388206294550526,0.011755111476195136,-1,0.0974534499093767,0.0026946379398674228,0,0.0,0.0026946379398674228,0.0,time,5.0,-0.0065,0.0122
2023-07-31,29280.0,29233.0,29494.0,29159.0,6641808341.386258,568333703606.0996,-0.0015381726127533279,-0.0015369902315731654,0.0016446804865513087,29281.285714285714,29850.52380952381,-0.0016490298532948477,-0.020687201787956133,8163736201.654069,0.8135745910114721,0.0037139539904372056,-1,0.10228819479700327,0.0015381726127533279,0,0.0,0.0015381726127533279,0.0,time,5.0,-0.0064,0.0116
2023-08-01,29226.0,29537.0,29537.0,28773.0,15289922840.873833,572408929757.971,0.010345506598922317,0.010399206376355385,0.010744961160729538,29326.14285714286,29798.904761904763,0.007190074190264184,-0.008789073423919436,9215175925.29841,1.6592111713134448,0.00536977418648616,-1,0.061941042469228345,-0.010345506598922317,0,0.0,-0.010345506598922317,0.0,time,5.0,-0.0168,0.0116
2023-08-02,29694.0,29147.0,29975.0,29025.0,19266318894.086517,567074709353.651,-0.013291723187070262,-0.013203778311947745,-0.00739000136221224,29295.14285714286,29738.904761904763,-0.005056908507504954,-0.019903381333094217,10097696088.67862,1.9079915581622244,0.007451755174781648,-1,0.031673539364674486,0.013291723187070262,0,0.0,0.013291723187070262,1.0,time,5.0,0.0011,0.0117
2023-08-03,29153.0,29176.0,29362.0,28993.0,12539132810.40034,567940644790.4882,0.0009944619580603135,0.0009949565993070397,-0.0008219178082191636,29291.714285714286,29630.809523809523,-0.003950410159869744,-0.0153492102010937,10596479413.048328,1.183330078003064,0.007192674309233289,-1,0.05957059637343752,-0.0009944619580603135,0,0.0,-0.0009944619580603135,1.0,time,5.0,0.0205,0.0112
2023-08-04,29173.0,29088.0,29296.0,28939.0,12112869085.655884,565073127339.627,-0.003020735511310775,-0.0030161776802851703,-0.007709626799481506,29259.428571428572,29572.52380952381,-0.005858917272088204,-0.016384256299686206,11229352878.562868,1.07867917382663,0.007024992019293283,-1,0.12231897863152484,0.003020735511310775,0,0.0,0.003020735511310775,1.0,upper,4.0,0.0235,0.0106
2023-08-05,29080.0,29047.0,29096.0,28967.0,5335308729.48437,564970113457.8998,-0.0014105102536368958,-0.0014095159515951083,-0.010559662090813049,29215.14285714286,29512.95238095238,-0.005755332361886745,-0.015788063997728252,11294034619.78755,0.4724005998827664,0.006934467199917117,1,0.9059672337667471,0.00041051025363689577,1,0.001,0.0014105102536368958,1.0,upper,3.0,0.0249,0.0101
2023-08-06,29050.0,29044.0,29139.0,28973.0,5360283576.269965,564947914083.0184,-0.00010328622343110811,-0.00010328088959277171,-0.007992349204180571,29181.714285714286,29456.14285714286,-0.004719197932168906,-0.013991745597571215,10935092039.736738,0.4901909884975247,0.006929040124546843,1,0.8805727681970078,-0.00010328622343110811,0,0.0,-0.00010328622343110811,1.0,upper,2.0,0.025,0.0096
2023-08-07,29043.0,29178.0,29188.0,28755.0,13252185122.112452,567529179865.8152,0.004603079131703505,0.004613689574438862,-0.0018814353641433135,29173.85714285714,29409.95238095238,0.00014200580754786252,-0.00788686693361007,11879431579.84048,1.1155571740150891,0.007250620834462234,-1,0.14052991254292835,0.0036030791317035052,1,0.001,0.004603079131703505,1.0,upper,1.0,0.0204,0.0093
2023-08-08,29176.0,29780.0,30126.0,29113.0,14603570418.91888,579214283623.8071,0.020422026606159077,0.020631983000890974,0.008226969563598141,29208.571428571428,29406.714285714286,0.01956372884671831,0.012693894008656947,11781381233.846914,1.2395465462881428,0.01019026266141561,-1,0.15135216967296578,-0.020422026606159077,0,0.0,-0.020422026606159077,0.0,time,5.0,-0.0168,0.0109
2023-08-09,29764.0,29585.0,30062.0,29401.0,14633310097.491423,575535414817.4033,-0.0065695511272055,-0.006548018804566791,0.01502727553436034,29271.14285714286,29390.761904761905,0.010722408222627822,0.006608814561102738,11119522834.33333,1.3160016230470524,0.00884192752381514,-1,0.11276774929101399,0.0065695511272055,0,0.0,0.0065695511272055,0.0,time,5.0,-0.0062,0.0107
2023-08-10,29562.0,29424.0,29665.0,29366.0,8106253519.025447,572414205818.4142,-0.005456808266692103,-0.0054419469325671654,0.00850013709898545,29306.571428571428,29373.47619047619,0.004006902401216816,0.0017200486995880837,10486254364.136917,0.7730361325917199,0.00930655246360188,-1,0.13051862558544544,0.005456808266692103,0,0.0,0.005456808266692103,0.0,time,5.0,-0.0087,0.0103
2023-08-11,29429.0,29397.0,29509.0,29303.0,4651950357.636653,571976559045.8302,-0.0009180395401742106,-0.0009176182707993918,0.010622937293729429,29350.714285714286,29348.809523809523,0.0015769876615316925,0.001641990832758733,9420408831.562742,0.49381618577427977,0.009179275793925442,-1,0.1311201574219651,0.0009180395401742106,0,0.0,0.0009180395401742106,0.0,lower,5.0,-0.0221,0.0098
2023-08-12,29401.0,29412.0,29459.0,29353.0,3994297895.288944,572257798803.9086,0.0005101260121847067,0.0005102561485865742,0.012565841567115266,29402.85714285714,29334.619047619046,0.0003109513166845712,0.002637871392000779,9228835855.24911,0.43280625616687035,0.009104614272436725,-1,0.07646178038358759,-0.0005101260121847067,0,0.0,-0.0005101260121847067,0.0,lower,4.0,-0.0226,0.0093
2023-08-13,29414.0,29285.0,29445.0,29274.0,4755220448.634491,569687130446.7833,-0.004327314792230269,-0.004317965456276385,0.0082977551301473,29437.285714285714,29297.809523809523,-0.005173225404127901,-0.00043721779947791806,9142398265.586899,0.520128341655572,0.00938800708717862,-1,0.11458182139476641,0.004327314792230269,0,0.0,0.004327314792230269,0.0,lower,3.0,-0.0183,0.009
2023-08-14,29279.0,29401.0,29653.0,29144.0,12408355477.111338,572242735188.2397,0.003953247829882986,0.0039610722212737315,0.007642744533552737,29469.14285714286,29308.095238095237,-0.0023123460859786338,0.0031699351714951085,9021851173.443882,1.3753668996043453,0.009351842708821731,-1,0.17274480040092108,-0.003953247829882986,0,0.0,-0.003953247829882986,0.0,lower,2.0,-0.0223,0.0086
2023-08-15,29404.0,29170.0,29419.0,29119.0,11523395157.99864,567498309102.7323,-0.007887903491998496,-0.007856875616475634,-0.020483546004029574,29382.0,29305.571428571428,-0.007215301885508119,-0.004626131549827162,8581826136.169562,1.3427672589906403,0.004261669230538953,-1,0.07404617374156448,0.007887903491998496,0,0.0,0.007887903491998496,0.0,lower,2.0,-0.0959,0.0085
2023-08-16,29164.0,28754.0,29222.0,28710.0,14809979642.373245,559982624303.4923,-0.014363895879229314,-0.014261227288309919,-0.0280885583910766,29263.285714285714,29276.52380952381,-0.01740357249210367,-0.01784787746398464,8607064642.581251,1.7206771712977103,0.00599382629178718,-1,0.033422271410061204,0.014363895879229314,0,0.0,0.014363895879229314,0.0,lower,1.0,-0.0816,0.0091
2023-08-17,28704.0,26502.0,28704.0,25649.0,29965585683.421356,516026928368.83746,-0.08155668615795632,-0.07831953815121373,-0.09930668841761825,28845.85714285714,29148.04761904762,-0.08125455004680038,-0.09077958337485637,11729826380.352095,2.554648697410803,0.02878478407886907,-1,0.03468446849902026,0.08155668615795632,0,0.0,0.08155668615795632,0.0,time,5.0,-0.0178,0.0254
2023-08-18,26646.0,26043.0,26753.0,25677.0,18062351745.50358,506815826635.9217,-0.017471183764663747,-0.01731944758886117,-0.11409327482396159,28366.714285714286,28992.285714285714,-0.08191693483811513,-0.10172656765839183,13645598007.190228,1.3236760848433353,0.028159712690388423,-1,0.19132066005328086,0.017471183764663747,0,0.0,0.017471183764663747,1.0,time,5.0,0.0155,0.0243
2023-08-19,26048.0,26105.0,26248.0,25804.0,3355038748.9824667,508087686822.70435,0.0023778487847350436,0.002380678109280776,-0.112437100503196,27894.285714285714,28837.428571428572,-0.0641452422411144,-0.0947528509575849,13554275272.003588,0.24752623667842377,0.028359513882974696,-1,0.08710963129144698,-0.0023778487847350436,0,0.0,-0.0023778487847350436,1.0,time,5.0,0.0011,0.0235
2023-08-20,26089.0,26161.0,26225.0,26024.0,8304370131.833873,509078930366.0949,0.0021428852955701467,0.002145182915150423,-0.10667577257981897,27448.0,28689.0,-0.04688866219761001,-0.08811739691170828,14061296655.317785,0.5905835240801407,0.028923106099912717,1,0.6327923358711888,-0.0031428852955701467,1,0.001,-0.0021428852955701467,0.0,time,5.0,-0.0045,0.0226
2023-08-21,26193.0,26119.0,26206.0,25874.0,9377753161.447634,508491920831.3545,-0.0016067333219422835,-0.0016054432170024002,-0.1116288561613551,26979.14285714286,28540.714285714286,-0.031881771103603906,-0.08485121505618543,13628353467.365828,0.6881061005574449,0.028366501104800417,-1,0.2461994062083155,-0.0026067333219422836,1,0.001,-0.0016067333219422835,0.0,time,5.0,-0.0045,0.0216
2023-08-22,26128.0,26034.0,26133.0,25575.0,13702941053.015312,506356213378.17975,-0.0032596427918748614,-0.0032543359240400083,-0.10750771340418241,26531.14285714286,28373.904761904763,-0.01873808677672606,-0.0824667870545035,13939717166.653921,0.9830142813654056,0.028649595244257794,-1,0.18682464797568885,0.0032596427918748614,0,0.0,0.0032596427918748614,1.0,time,5.0,0.0019,0.0205
2023-08-23,26029.0,26450.0,26668.0,25816.0,14600566342.214415,514955818082.43463,0.015852782260039673,0.015979104248290632,-0.0801279821937817,26202.0,28245.47619047619,0.009464926341500757,-0.0635668585782806,13909800980.916946,1.0496603339073751,0.03108734652895579,-1,0.08835043230532215,-0.015852782260039673,0,0.0,-0.015852782260039673,0.0,time,5.0,-0.013,0.0207
2023-08-24,26426.0,26135.0,26536.0,25966.0,11961319630.81013,508906955118.32086,-0.011980746139423272,-0.011909262759924433,-0.013848011470832366,26149.571428571428,28100.666666666668,-0.000557233934453949,-0.06995089084481987,11337762973.401058,1.0549982089828447,0.01075642667848908,-1,0.06712491465782401,0.011980746139423272,0,0.0,0.011980746139423272,1.0,upper,5.0,0.0593,0.0198
2023-08-25,26138.0,26044.0,26200.0,25820.0,2582213805.5461373,507007928705.4434,-0.003487996790269538,-0.0034819207958676213,3.83980340206147e-05,26149.714285714286,27955.714285714286,-0.004042655478344481,-0.06838366804639995,9126314696.26428,0.28294156967906525,0.008492295095771266,-1,0.1322110440806427,0.003487996790269538,0,0.0,0.003487996790269538,1.0,upper,4.0,0.0628,0.0189
2023-08-26,26043.0,26002.0,26087.0,25991.0,3420999388.355067,506086069151.6848,-0.0016139572346387336,-0.001612655506066707,-0.003945604290365834,26135.0,27810.714285714286,-0.00508896116319113,-0.06503659946063955,9135737644.74608,0.37446340091896874,0.008442542946671237,1,0.8725882578678225,0.0006139572346387336,1,0.001,0.0016139572346387336,1.0,upper,3.0,0.0644,0.018
2023-08-27,26002.0,26083.0,26152.0,25966.0,4743752357.401259,507835678906.77924,0.003110302977801014,0.0031151449888469074,-0.0029815374030044417,26123.85714285714,27669.714285714286,-0.0015639781918005413,-0.05734480194952707,8627077962.684278,0.5498677974071838,0.008501601727457618,1,0.8810294058112534,0.003110302977801014,0,0.0,0.003110302977801014,1.0,upper,2.0,0.0613,0.0173
2023-08-28,26086.0,26109.0,26203.0,25886.0,9995933796.2508,508350651765.9018,0.0009963213577082952,0.0009968178507073766,-0.0003828630498871055,26122.428571428572,27523.571428571428,-0.0005140629016117115,-0.05139490826045201,8715389481.941874,1.1469290978862379,0.00849677614760763,-1,0.04004891683466824,-3.6786422917048627e-06,1,0.001,0.0009963213577082952,1.0,upper,1.0,0.0603,0.0165
2023-08-29,26110.0,27731.0,27999.0,25904.0,29462388818.839893,539045091002.16876,0.060270838528666965,0.06212417174154505,0.06518399016670506,26364.85714285714,27426.0,0.05181681242346414,0.011120834244877198,10966739162.773956,2.6865222543861065,0.02474703154742168,-1,0.02934420730516623,-0.060270838528666965,0,0.0,-0.060270838528666965,0.0,lower,2.0,-0.0673,0.0249
2023-08-30,27717.0,27297.0,27740.0,27082.0,16029914124.395369,531729400483.3156,-0.015774114961489907,-0.01565035519815372,0.03202268431001887,26485.85714285714,27317.04761904762,0.03062550903177441,-0.000733886740880485,11170931703.085522,1.4349666214473182,0.026174072420844487,-1,0.0966818550696735,0.015774114961489907,0,0.0,0.015774114961489907,0.0,lower,1.0,-0.0515,0.0243
2023-08-31,27303.0,25927.0,27403.0,25833.0,20360682650.055054,505403246528.0237,-0.05149190929029884,-0.05018866542110856,-0.007958676104840245,26456.14285714286,27150.52380952381,-0.02000075596809825,-0.04506446424781774,12370840705.834795,1.6458608702682425,0.03328042058528647,-1,0.1631645537924405,0.05149190929029884,0,0.0,0.05149190929029884,0.0,time,5.0,-0.0055,0.0279
2023-09-01,25938.0,25812.0,26101.0,25438.0,15924588668.893366,502687549096.97003,-0.004445396678771353,-0.004435530528021037,-0.008908001843034863,26423.0,26979.809523809523,-0.02312379366461037,-0.04328457259043794,14276894257.741545,1.1154098630560614,0.033295792387303846,-1,0.22434145062623873,0.004445396678771353,0,0.0,0.004445396678771353,0.0,time,5.0,-0.0023,0.0266
2023-09-02,25796.0,25854.0,25938.0,25756.0,8203515572.755595,503679892454.50775,0.001625827788162602,0.0016271501627149743,-0.005691869856164877,26401.85714285714,26810.380952380954,-0.020750704766439587,-0.035672038904617676,14960110855.513048,0.5483592770124738,0.03330524781269363,-1,0.1822323650559662,-0.001625827788162602,0,0.0,-0.001625827788162602,1.0,time,5.0,0.013,0.0253
2023-09-03,25868.0,25960.0,26055.0,25808.0,8301138495.084562,505513039060.68445,0.004091563974133189,0.004099945849771691,-0.004715715216807914,26384.285714285714,26652.04761904762,-0.016081000595592587,-0.02596602065775344,15468308875.182093,0.5366545601118171,0.033324371795507235,-1,0.25847645526671703,-0.004091563974133189,0,0.0,-0.004091563974133189,0.0,time,5.0,-0.002,0.0242
2023-09-04,25969.0,25829.0,26061.0,25660.0,6700578092.438599,502409490053.88367,-0.005059000150433445,-0.005046224961479218,-0.010724271324064505,26344.285714285714,26481.95238095238,-0.019559676807114568,-0.024656504609608332,14997543774.637493,0.44677836538607196,0.033366333961887804,1,0.769634030749612,0.004059000150433445,1,0.001,0.005059000150433445,1.0,time,5.0,0.0023,0.023
2023-09-05,25805.0,25784.0,25824.0,25603.0,7633735596.705433,501979376928.41833,-0.0017437471723190615,-0.0017422277285221721,-0.07021023403411342,26066.14285714286,26320.714285714286,-0.010824112285778509,-0.02039132676599098,11879164742.903997,0.6426155173296535,0.018728291862993813,-1,0.05268359417964241,-0.0027437471723190613,1,0.001,-0.0017437471723190615,1.0,time,5.0,0.002,0.0219
2023-09-06,25770.0,25753.0,25918.0,25476.0,12225427270.62692,501615002105.18665,-0.001203019335186138,-0.001202295997517866,-0.056562992270212886,25845.571428571428,26177.809523809523,-0.003581713363438821,-0.016227848377578957,11335666620.937075,1.0784921327914188,0.018822240002184826,-1,0.14943723490338207,0.001203019335186138,0,0.0,0.001203019335186138,0.0,time,5.0,-0.0244,0.0209
2023-09-07,25749.0,26192.0,26401.0,25644.0,4521997781.160889,509837705629.17126,0.016902895450828386,0.017046557682599994,0.01022100512978752,25883.428571428572,26163.04761904762,0.011921582479689219,0.0011066134715629339,9072997353.952194,0.4984017524474542,0.007575905245891981,-1,0.13960073963978922,-0.016902895450828386,0,0.0,-0.016902895450828386,0.0,time,5.0,-0.0125,0.0207
2023-09-08,26215.0,25907.0,26383.0,25696.0,8058794338.820984,504533063388.2184,-0.010940818169446847,-0.010881185094685386,0.00368045870137923,25897.0,26156.571428571428,0.00038614511333356916,-0.009541442740420236,7949312449.656141,1.0137724979183047,0.008719833493821477,-1,0.09697827067822426,0.010940818169446847,0,0.0,0.010940818169446847,1.0,time,5.0,0.0121,0.0199
2023-09-09,25900.0,25889.0,25921.0,25808.0,404806432.52168876,504373920218.6837,-0.0006950343935673922,-0.0006947929131122521,0.0013537557051133131,25902.0,26146.285714285714,-0.0005018917458111671,-0.009840239531427541,6835211143.908439,0.05922369097294873,0.008716520164829697,-1,0.047508104563038854,0.0006950343935673922,0,0.0,0.0006950343935673922,1.0,time,5.0,0.0245,0.019
2023-09-10,25890.0,25835.0,25919.0,25669.0,6603006234.083502,503489661583.33154,-0.00208800632661692,-0.0020858279578199745,-0.004815100154083152,25884.14285714286,26130.761904761905,-0.0018985700014901852,-0.01131853352917378,6592620820.908288,1.00157530873644,0.0085706208334543,1,0.8227084188576701,0.00108800632661692,1,0.001,0.00208800632661692,1.0,time,5.0,0.0305,0.018
2023-09-11,25835.0,25133.0,25882.0,25006.0,14859931201.000029,489502952545.6269,-0.027548438080765816,-0.027172440487710503,-0.02694645553447672,25784.714285714286,26083.809523809523,-0.025275218429523627,-0.036452095808383156,7758242693.559921,1.9153733374872617,0.013257411866547683,1,0.7177986850772299,-0.027548438080765816,0,0.0,-0.027548438080765816,1.0,upper,2.0,0.0425,0.0188
2023-09-12,25163.0,25867.0,26380.0,25125.0,16825266473.048721,503997883573.3815,0.028786301377587937,0.029204631361158695,0.0032190505739992936,25796.571428571428,26075.85714285714,0.0027301524012051104,-0.00800959836959192,9071318533.037533,1.8547762832681367,0.018275569564586015,1,0.8379253886870581,0.028786301377587937,0,0.0,0.028786301377587937,1.0,time,5.0,0.025,0.0205
2023-09-13,25850.0,26223.0,26363.0,25820.0,12975855576.243193,510909474484.6564,0.013668863230490548,0.013762709243437588,0.018250300935813257,25863.714285714286,26065.04761904762,0.013891497188559754,0.006059930649693346,9178522576.697002,1.413719415931611,0.01889414204634411,1,0.7699283178045832,0.013668863230490548,0,0.0,0.013668863230490548,1.0,time,5.0,0.0196,0.02
2023-09-14,26222.0,26531.0,26752.0,26178.0,11739428177.432598,516823786025.9003,0.011676972350352543,0.011745414330930792,0.012942883323152188,25912.14285714286,26083.904761904763,0.02388290101166013,0.017140655978326258,10209584061.878675,1.149843921777986,0.018322738152922177,-1,0.30048421962741645,0.010676972350352542,1,0.001,0.011676972350352543,1.0,time,5.0,0.0256,0.0193
2023-09-15,26531.0,26635.0,26834.0,26227.0,9768889419.723415,518872387637.1001,0.003912279752149323,0.003919942708529689,0.028100513374763603,26016.14285714286,26112.04761904762,0.023787428684388212,0.020027245223423584,10453883359.15045,0.9344746908021077,0.017422759196155577,-1,0.13729530672071905,-0.003912279752149323,0,0.0,-0.003912279752149323,1.0,time,5.0,0.0179,0.0184
2023-09-16,26610.0,26558.0,26732.0,26471.0,1224363671.9175522,517396850180.9239,-0.002895119800826687,-0.002890932982917205,0.02584109081076913,26111.714285714286,26138.52380952381,0.01709139849656971,0.01604819742434538,10570962964.778429,0.11582328648743075,0.01754278840856462,1,0.831133582754856,0.0018951198008266869,1,0.001,0.002895119800826687,1.0,time,5.0,0.0001,0.0176
2023-09-17,26554.0,26521.0,26612.0,26418.0,5791146184.464804,516614128895.5437,-0.001394148570731232,-0.0013931771970780993,0.02655312560479972,26209.714285714286,26159.380952380954,0.011876730547016434,0.013823685211714842,10454982957.690044,0.5539125417899597,0.017506080790177903,1,0.805467335673646,-0.001394148570731232,0,0.0,-0.001394148570731232,1.0,time,5.0,0.0019,0.0167
2023-09-18,26538.0,26741.0,27405.0,26417.0,16477839825.058361,521346975856.46625,0.008261096134952385,0.008295313148071415,0.06397962837703419,26439.428571428572,26189.47619047619,0.011406125051330207,0.02105898588855215,10686112761.12695,1.5419863324856606,0.010909825063300183,-1,0.20480120841648436,0.007261096134952385,1,0.001,0.008261096134952385,0.0,time,5.0,-0.0063,0.016
2023-09-19,26769.0,27219.0,27454.0,26681.0,12615959842.229395,530357673731.022,0.017717290723244614,0.017875172955386764,0.05226736768856077,26632.571428571428,26165.095238095237,0.02201922457999883,0.04027903404572064,10084783242.438475,1.2509896880221778,0.0078016869267938825,-1,0.10500901963772355,-0.017717290723244614,0,0.0,-0.017717290723244614,0.0,lower,5.0,-0.0362,0.016
2023-09-20,27213.0,27116.0,27373.0,26889.0,13497179076.831764,529168513966.1614,-0.0037912992868823388,-0.003784121385796646,0.034054074667276835,26760.14285714286,26156.47619047619,0.013298028517891636,0.036683986120163325,10159258028.236841,1.3285595305599522,0.008199386800363875,-1,0.1669691580052925,0.0037912992868823388,0,0.0,0.0037912992868823388,0.0,lower,4.0,-0.0325,0.0154
2023-09-21,27125.0,26561.0,27133.0,26406.0,8169328790.751264,517743774814.63885,-0.020679985066842533,-0.020467620593007774,0.0011307527043835641,26764.428571428572,26186.666666666668,-0.007600706694920301,0.014294806517311631,9649243830.139507,0.8466289104680188,0.011880630165540607,-1,0.11501327308784501,0.020679985066842533,0,0.0,0.020679985066842533,0.0,time,5.0,-0.0135,0.0162
2023-09-22,26565.0,26572.0,26725.0,26498.0,9968041758.936823,518383856096.9625,0.0004140553011180351,0.0004141410338465157,-0.0023653088042050463,26755.428571428572,26222.85714285714,-0.006855751569774915,0.013314447592068124,9677694164.312853,1.0300017328192335,0.01177216454048368,-1,0.25546107856658595,-0.0004140553011180351,0,0.0,-0.0004140553011180351,0.0,time,5.0,-0.0084,0.0154
2023-09-23,26588.0,26574.0,26635.0,26521.0,6583511185.708387,517968304453.25476,7.52643661214209e-05,7.526719855488473e-05,0.0006024550041419108,26757.714285714286,26257.14285714286,-0.006865843762012602,0.012067464635473257,10443286666.28297,0.6304060585604537,0.011715716286712044,-1,0.21122325721309193,-7.52643661214209e-05,0,0.0,-7.52643661214209e-05,1.0,time,5.0,0.0162,0.0147
2023-09-24,26571.0,26250.0,26712.0,26250.0,7226298594.4955225,511787693512.02826,-0.012267305131483433,-0.012192368480469673,-0.010218317559669732,26719.0,26270.95238095238,-0.017553052135184655,-0.0007975493483659557,10648308439.1445,0.678633478340161,0.01262756430846347,-1,0.16514288634150934,0.012267305131483433,0,0.0,0.012267305131483433,1.0,time,5.0,0.0251,0.0144
2023-09-25,26258.0,26299.0,26403.0,26023.0,11974957450.276283,512103393581.80255,0.0018649266095124137,0.0018666666666666831,-0.016528925619834656,26655.85714285714,26293.333333333332,-0.013387569604107363,0.00021551724137935935,10005039528.461348,1.1968925676116628,0.012024484461921914,1,0.8243382508595729,-0.002864926609512414,1,0.001,-0.0018649266095124137,1.0,time,5.0,0.0252,0.0138
2023-09-26,26297.0,26205.0,26387.0,26102.0,9786025048.05344,511054250889.6227,-0.003580683393015545,-0.0035742803908893617,-0.03725338917667809,26511.0,26313.380952380954,-0.011542378635283512,-0.0041188531636086045,9600763129.293354,1.0192965826013167,0.008120943078131548,1,0.8833920551440674,-0.003580683393015545,0,0.0,-0.003580683393015545,1.0,upper,2.0,0.0302,0.0131
2023-09-27,26214.0,26350.0,26819.0,26145.0,12889674588.31686,513713645983.85016,0.0055180427332417615,0.0055332951726769775,-0.0282490042779171,26401.571428571428,26341.809523809523,-0.00195334693281235,0.00031093065884757465,9513976773.791225,1.354814594862675,0.009127391113914815,1,0.88180194558947,0.0055180427332417615,0,0.0,0.0055180427332417615,1.0,upper,4.0,0.0596,0.0126
2023-09-28,26354.0,27009.0,27225.0,26323.0,16683207554.844349,526917684460.40546,0.024701868807078017,0.025009487666034058,0.016866834833025868,26465.571428571428,26380.714285714286,0.02053341538062936,0.02381609942327989,10730245168.661667,1.5547834455422016,0.011396288957302598,1,0.8604293711641368,0.024701868807078017,0,0.0,0.024701868807078017,1.0,upper,3.0,0.0349,0.0142
2023-09-29,27021.0,26917.0,27215.0,26744.0,9059145545.41355,524946724658.764,-0.0034120865355442773,-0.003406271983412923,0.012983591750715062,26514.85714285714,26428.809523809523,0.01516669899355616,0.018471905658507648,10600402852.444057,0.8546038930326925,0.011599562582112586,1,0.8322643275324476,-0.0034120865355442773,0,0.0,-0.0034120865355442773,1.0,upper,2.0,0.0383,0.0136
2023-09-30,26907.0,26970.0,27087.0,26882.0,6295435107.555985,525936342995.4552,0.0019670798927333643,0.001969015863580559,0.014901783698351823,26571.428571428572,26480.285714285714,0.014999999999999902,0.018493542365749294,10559249126.993713,0.5962010207205269,0.011571916560447574,1,0.8313606124529671,0.0019670798927333643,0,0.0,0.0019670798927333643,1.0,upper,1.0,0.0363,0.0129
2023-10-01,26966.0,27968.0,28042.0,26958.0,9358226524.285364,545302108027.2094,0.036335862321486306,0.037004078605858304,0.06544761904761898,26816.85714285714,26581.85714285714,0.042926091264556376,0.05214620068467757,10863810259.820833,0.8614129205566318,0.015623788770605914,-1,0.1849249524102137,0.035335862321486305,1,0.001,0.036335862321486306,0.0,time,5.0,-0.0004,0.0162
2023-10-02,27988.0,27615.0,28494.0,27383.0,18127133423.881855,538323470357.8827,-0.012701896119974116,-0.012621567505720854,0.05003992547245151,27004.85714285714,26700.04761904762,0.02259381910132574,0.03426781832028114,11742692541.764486,1.5436948007801647,0.017592806002370266,-1,0.16756285556916625,0.012701896119974116,0,0.0,0.012701896119974116,1.0,time,5.0,0.0131,0.0163
2023-10-03,27501.0,27439.0,27666.0,27266.0,12676657038.293432,535605771922.47974,-0.006393744308222127,-0.006373347818214747,0.04709024995229916,27181.14285714286,26774.904761904763,0.009486618874429587,0.024802898236266024,12155639968.94163,1.042862166918651,0.017905694963290093,1,0.5830865282875999,0.005393744308222127,1,0.001,0.006393744308222127,1.0,time,5.0,0.0184,0.0157
2023-10-04,27426.0,27792.0,27818.0,27265.0,10876597601.123325,541954661181.1118,0.012782850453820467,0.012864900324355943,0.054724857685009454,27387.14285714286,26849.619047619046,0.01478274477074737,0.0350984850365883,11868057542.199694,0.9164597965967896,0.018037921299060743,-1,0.12465395077697311,0.011782850453820468,1,0.001,0.012782850453820467,0.0,time,5.0,-0.0071,0.0153
2023-10-05,27782.0,27436.0,28081.0,27389.0,13376186563.311193,534851643044.50543,-0.012892189861674157,-0.012809441565918234,0.01580954496649256,27448.14285714286,26892.714285714286,-0.00044239266773193897,0.020201966544310945,11395625971.980673,1.1738000699742412,0.01767671214782359,1,0.6048768448450583,0.011892189861674157,1,0.001,0.012892189861674157,0.0,time,5.0,-0.0016,0.0153
2023-10-06,27408.0,27958.0,28179.0,27243.0,13817979024.520027,545154869332.6545,0.018847364411861797,0.0190260970987024,0.0386744436601405,27596.85714285714,26955.714285714286,0.013086376295437407,0.03718268058720642,12075459326.138739,1.1443025603679855,0.018469480986251275,-1,0.1277268484844895,0.017847364411861796,1,0.001,0.018847364411861797,0.0,lower,5.0,-0.0407,0.0155
2023-10-07,27955.0,27978.0,28025.0,27872.0,7226218924.820883,545619681437.3984,0.0007151030053019355,0.0007153587524142413,0.03737486095661846,27740.85714285714,27023.333333333332,0.00854850504155813,0.035327494757616984,12208428442.890867,0.5919041061365116,0.018516349884255153,-1,0.09159480968095074,-0.0007151030053019355,0,0.0,-0.0007151030053019355,0.0,lower,4.0,-0.0415,0.0147
2023-10-08,27970.0,27948.0,28103.0,27770.0,7141598446.869208,544989660641.62256,-0.0010728463640345557,-0.0010722710701265292,-0.0007151029748283522,27738.0,27091.285714285714,0.007570841444949128,0.03162324205464073,11891767288.974276,0.6005497983037984,0.012200781540806638,-1,0.13807234479708141,0.0010728463640345557,0,0.0,0.0010728463640345557,0.0,lower,3.0,-0.0404,0.0141
2023-10-09,27939.0,27594.0,27992.0,27354.0,7640029989.224315,538282690587.88,-0.012747282904362535,-0.012666380420781498,-0.0007604562737643095,27735.0,27131.904761904763,-0.005083829096809045,0.01703143373641991,10393609655.451769,0.7350699364793716,0.012208493631757158,-1,0.15653378024115452,0.012747282904362535,0,0.0,0.012747282904362535,0.0,lower,3.0,-0.0318,0.0142
2023-10-10,27585.0,27392.0,27726.0,27297.0,10151720983.669058,535200388379.76337,-0.0073473578265102245,-0.00732043197796628,-0.0017128904114581678,27728.285714285714,27140.14285714286,-0.012127894156560015,0.009279875355956646,10032904504.791143,1.0118426801352665,0.01229525425814541,-1,0.12447074520559838,0.0073473578265102245,0,0.0,0.0073473578265102245,0.0,time,5.0,-0.0089,0.0137
2023-10-11,27390.0,26842.0,27470.0,26570.0,14608441295.942532,523656381533.04626,-0.02028317498371743,-0.020078855140186924,-0.03418249856073685,27592.571428571428,27127.095238095237,-0.02720193840992391,-0.010509611721894574,10566025032.622461,1.3825862848932464,0.012765661529980656,-1,0.18818883754061877,0.02028317498371743,0,0.0,0.02028317498371743,1.0,upper,5.0,0.0604,0.0145
2023-10-12,26878.0,26729.0,26919.0,26571.0,10867640258.925844,521607675083.3507,-0.004218706673123226,-0.00420982043066831,-0.02576906254556055,27491.571428571428,27135.095238095237,-0.02773837176069549,-0.014965683169046562,10207661274.853123,1.0646552590551372,0.012280701915117178,1,0.6596058660148724,0.0032187066731232256,1,0.001,0.004218706673123226,1.0,upper,4.0,0.0646,0.0138
2023-10-13,26759.0,26841.0,27101.0,26695.0,14344414895.617512,523655619453.7407,0.004181450931077731,0.004190205394889457,-0.03995278632234067,27332.0,27147.904761904763,-0.017964290941021477,-0.01130491522629129,10282866399.295622,1.394982132277835,0.008371332386042553,1,0.898590897307614,0.004181450931077731,0,0.0,0.004181450931077731,1.0,upper,3.0,0.0604,0.0132
2023-10-14,26861.0,26863.0,26977.0,26816.0,5543160607.188677,523979202939.078,0.0008193058703503588,0.0008196415930852297,-0.03985274143970263,27172.714285714286,27161.666666666668,-0.011397988528408232,-0.01099588881389213,10042429496.776735,0.5519740625480951,0.00838489450616045,1,0.965980251084798,0.0008193058703503588,0,0.0,0.0008193058703503588,1.0,upper,2.0,0.0596,0.0126
2023-10-15,26860.0,27150.0,27277.0,26816.0,6604845643.42894,529643463244.3381,0.010627171276025487,0.010683840226333619,-0.0285530270502361,27058.714285714286,27204.52380952381,0.003373616104661359,-0.00200421848607113,9965750524.856695,0.6627544635955972,0.010412974620011523,1,0.840767624413685,0.010627171276025487,0,0.0,0.010627171276025487,1.0,upper,1.0,0.049,0.0125
2023-10-16,27154.0,28513.0,29483.0,27131.0,22792799561.834,555338775502.1107,0.04898307724515241,0.05020257826887664,0.03330434152351969,27190.0,27309.95238095238,0.04865759470393538,0.04405161906787858,12130431892.372366,1.8789767556558432,0.02220810852385349,-1,0.09732247921363324,0.04798307724515241,1,0.001,0.04898307724515241,1.0,upper,4.0,0.04,0.0189
2023-10-17,28518.0,28418.0,28613.0,28112.0,10403248077.491972,555003134086.2079,-0.003337376409213261,-0.003331813558727581,0.03745619158878499,27336.571428571428,27415.333333333332,0.03955977340663486,0.03657320720764545,12166364334.347067,0.855082733970278,0.021891269993599596,1,0.7438518868925598,0.002337376409213261,1,0.001,0.003337376409213261,1.0,upper,3.0,0.0433,0.0182
2023-10-18,28414.0,28328.0,28817.0,28202.0,13461030457.558897,553311088369.7102,-0.003172032406280943,-0.0031670068266591578,0.05536100141569178,27548.85714285714,27509.52380952381,0.028282220678068182,0.029752466678206746,12002448500.292263,1.1215237005375291,0.019392568028904995,-1,0.399957859184355,-0.004172032406280943,1,0.001,-0.003172032406280943,1.0,upper,2.0,0.0465,0.0174
2023-10-19,28327.0,28716.0,28854.0,28188.0,11193923144.463654,559364043794.7655,0.013603743904634065,0.013696695848630425,0.07433873321111895,27832.714285714286,27590.809523809523,0.031735521919221465,0.040781350587756116,12049060341.083378,0.9290287232022579,0.018700057218669335,1,0.5159420757436934,-0.014603743904634064,1,0.001,-0.013603743904634065,1.0,upper,2.0,0.0411,0.0169
2023-10-20,28723.0,29677.0,30074.0,28593.0,23561406297.715862,579536788709.3126,0.032917876309084944,0.03346566374146809,0.10565925263589282,28237.85714285714,27722.238095238095,0.05096501656843655,0.0705124131048307,13365773398.526,1.7628165310893462,0.020276093276465103,1,0.8691219479905218,0.032917876309084944,0,0.0,0.032917876309084944,1.0,upper,3.0,0.1047,0.0182
2023-10-21,29677.0,29920.0,30253.0,29484.0,7452489477.484937,583719549318.5221,0.00815481808295492,0.00818815918051019,0.11379965007631321,28674.571428571428,27862.714285714286,0.043433206125885526,0.07383651474833242,13638534665.71118,0.5464288987160284,0.019620651044526698,1,0.8804420716741818,0.00815481808295492,0,0.0,0.00815481808295492,1.0,upper,2.0,0.0966,0.0173
2023-10-22,29920.0,30019.0,30187.0,29741.0,11330304246.065748,583399133857.2509,0.003303361418295568,0.003308823529411864,0.10567219152854501,29084.428571428572,27960.380952380954,0.03213305106807263,0.07362628753610534,14313600180.37358,0.7915761306230666,0.02012497554374048,1,0.5051215330454782,0.003303361418295568,0,0.0,0.003303361418295568,1.0,upper,1.0,0.0933,0.0165
2023-10-23,29990.0,32953.0,34333.0,29916.0,35558857925.14893,641535355789.0791,0.09325178932038507,0.09773809920383747,0.15571844421842673,29718.714285714286,28214.571428571428,0.10882993400022101,0.1679426031128799,16137322803.704285,2.2035165533769008,0.03593853309757616,1,0.885268029096866,0.09325178932038507,0,0.0,0.09325178932038507,1.0,time,5.0,0.034,0.0304
2023-10-24,33071.0,33847.0,35066.0,32884.0,46464714676.18555,660676033939.1393,0.026768065293318204,0.027129548144326776,0.19104088957702858,30494.285714285714,28519.714285714286,0.10994565726599825,0.18679309550286005,21288960889.23194,2.1825731616467774,0.03424718820121232,-1,0.039849880474012486,0.025768065293318203,1,0.001,0.026768065293318204,1.0,time,5.0,0.0207,0.0292
2023-10-25,33908.0,34472.0,35012.0,33779.0,23840463172.498646,673948847498.8158,0.01829703117526162,0.018465447454722783,0.2168878847783111,31372.0,28837.809523809523,0.09881422924901195,0.19537511930435247,22771736991.366188,1.0469321326492425,0.03211063993141114,-1,0.038456954859936714,-0.01829703117526162,0,0.0,-0.01829703117526162,1.0,time,5.0,0.0008,0.0277
2023-10-26,34498.0,34174.0,34819.0,33766.0,17712548549.578587,667401630872.5822,-0.008682279287455266,-0.008644697145509417,0.19006825463156418,32151.714285714286,29158.666666666668,0.0628982236006077,0.17200146325849364,23702969192.096893,0.7472712977867917,0.03486104403955741,1,0.9497422126794123,0.0076822792874552655,1,0.001,0.008682279287455266,1.0,time,5.0,0.0145,0.0274
2023-10-27,34150.0,33899.0,34215.0,33450.0,14148818689.499771,662119938018.2968,-0.008079605599840904,-0.008047053315386021,0.14226505374532472,32754.85714285714,29441.571428571428,0.03493047923099746,0.15139913921520098,22358313819.4946,0.6328213658564525,0.03679033633942895,1,0.9547780732568061,-0.008079605599840904,0,0.0,-0.008079605599840904,1.0,time,5.0,0.0449,0.0269
2023-10-28,33908.0,34093.0,34373.0,33874.0,8431785274.868206,665892923223.9833,0.0057065691983208345,0.005722882680905039,0.13947192513368978,33351.0,29732.761904761905,0.02224820844952169,0.14664759732730293,22498213219.120777,0.3747757740913488,0.03693081382708666,1,0.9463787613407336,0.0057065691983208345,0,0.0,0.0057065691983208345,1.0,time,5.0,0.0241,0.0257
2023-10-29,34082.0,34556.0,34763.0,33950.0,10359013389.425524,674293769229.6088,0.013489111872076095,0.013580500395975692,0.151137612845198,33999.142857142855,30047.428571428572,0.016378564165483223,0.15004849476066395,22359457382.45789,0.46329448931764716,0.03638578193892491,1,0.9361926569913994,0.013489111872076095,0,0.0,0.013489111872076095,1.0,time,5.0,0.0051,0.0244
2023-10-30,34525.0,34499.0,34839.0,34172.0,17075173423.648043,673508057017.6387,-0.001650858386657933,-0.0016494964694987457,0.04691530361423846,34220.0,30376.238095238095,0.008153126826417223,0.13572325486243164,19718931025.100616,0.8659279451767805,0.013703532660853644,1,0.8165674976379089,-0.001650858386657933,0,0.0,-0.001650858386657933,1.0,time,5.0,0.0158,0.0236
2023-10-31,34494.0,34672.0,34703.0,34108.0,16419150928.652367,676319525450.0793,0.005002106684023471,0.005014638105452329,0.024374390640234056,34337.857142857145,30722.904761904763,0.009731034052378629,0.12853912312978832,15426707632.595877,1.0643327999526941,0.01032925769974396,-1,0.13527635601784532,0.004002106684023471,1,0.001,0.005002106684023471,1.0,time,5.0,0.0112,0.0225
2023-11-01,34669.0,35457.0,35521.0,34186.0,18642295524.912045,692543794894.7606,0.022388249904210032,0.02264074757729584,0.0285739150614992,34478.57142857143,31133.14285714286,0.028377874456184005,0.13888277077253441,14684112254.36922,1.2695555033887103,0.011402802776557683,-1,0.10020025678562408,-0.022388249904210032,0,0.0,-0.022388249904210032,0.0,time,5.0,-0.0121,0.0217
2023-11-02,35423.0,34924.0,35878.0,34465.0,20690186421.955303,681560028736.5514,-0.015146422749651984,-0.015032292636150801,0.021946509041961715,34585.71428571428,31523.380952380954,0.009781082197439117,0.10787608894984979,15109489093.280178,1.3693504984994558,0.01276571900454076,-1,0.056335635441432046,0.015146422749651984,0,0.0,0.015146422749651984,1.0,time,5.0,0.0146,0.0221
2023-11-03,34937.0,34731.0,34937.0,34123.0,17254049537.002068,677974451476.0634,-0.005541612056860159,-0.005526285648837503,0.024543496858314473,34704.57142857143,31899.095238095237,0.0007615299754664129,0.08877696187830386,15553093500.066223,1.1093644834661736,0.012427443292288363,-1,0.18079851885275955,0.005541612056860159,0,0.0,0.005541612056860159,1.0,time,5.0,0.0302,0.0214
2023-11-04,34725.0,35048.0,35261.0,34608.0,10001404422.938835,685385094861.7168,0.009085890619896248,0.009127292620425553,0.02801161528759577,34841.0,32288.85714285714,0.005941276082775948,0.08545185866862526,15777324806.933455,0.6339100288119599,0.012592813645361328,1,0.6952774725874848,-0.010085890619896249,1,0.001,-0.009085890619896248,1.0,upper,5.0,0.0479,0.0204
2023-11-05,35078.0,35062.0,35366.0,34572.0,12796779677.519655,684647430279.3319,0.0003993724200850263,0.00039945217986758763,0.01464289848362088,34913.28571428572,32665.619047619046,0.004259532801675903,0.07336095326672298,16125577133.804047,0.7935703368218534,0.011891283984629807,1,0.8130661602703587,0.0003993724200850263,0,0.0,0.0003993724200850263,1.0,upper,4.0,0.0475,0.0195
2023-11-06,35039.0,35031.0,35276.0,34779.0,12717348149.539808,683644463783.0627,-0.000884539169994861,-0.0008841480805430457,0.015420736832951754,34989.28571428572,32976.0,0.0011922016943961555,0.06231804949053865,15503030666.074297,0.8203136808191657,0.011854103488119926,1,0.7947510506420297,-0.000884539169994861,0,0.0,-0.000884539169994861,1.0,upper,3.0,0.0484,0.0187
2023-11-07,35058.0,35437.0,35871.0,34546.0,18582602380.374496,691660755958.351,0.011523088279302747,0.011589734806314311,0.022063913244116273,35098.57142857143,33310.23809523809,0.00964223208107784,0.06384709405802602,15812095159.17746,1.1752144287842217,0.012359543948052987,1,0.6340237276751913,0.011523088279302747,0,0.0,0.011523088279302747,1.0,upper,2.0,0.0369,0.0179
2023-11-08,35440.0,35795.0,35896.0,35187.0,14717120833.223528,699187515031.6934,0.010051746807158004,0.010102435307729252,0.009532673379022416,35146.857142857145,33665.80952380953,0.01844099045637071,0.06324489166626579,15251355917.507671,0.9649713056875899,0.00969094206390364,1,0.6780040609085661,0.010051746807158004,0,0.0,0.010051746807158004,1.0,upper,2.0,0.0424,0.017
2023-11-09,35648.0,36768.0,37936.0,35606.0,38190964507.15763,717022051490.4104,0.02681968281819692,0.027182567397681323,0.0528003665101362,35410.28571428572,34049.23809523809,0.03834237025561582,0.07984795128623268,17751467072.53657,2.1514258146158047,0.010831350890161042,-1,0.16695537904083577,0.02581968281819692,1,0.001,0.02681968281819692,0.0,time,5.0,-0.0338,0.0173
2023-11-10,36698.0,37344.0,37472.0,36366.0,23152060053.421646,730760729870.4996,0.015544354437800379,0.015665796344647598,0.07523538049581058,35783.57142857143,34414.333333333336,0.04360740164081678,0.08512925815793793,18594040003.453655,1.245133389468958,0.009485330446486244,-1,0.11343133091536099,-0.015544354437800379,0,0.0,-0.015544354437800379,0.0,lower,4.0,-0.0494,0.0166
2023-11-11,37319.0,37123.0,37404.0,36822.0,12033297219.971031,720323851790.6948,-0.005935532486305057,-0.00591795201371037,0.05920451951609218,36080.0,34757.333333333336,0.028907982261640708,0.06806237532607029,18884310403.029686,0.637211365581053,0.011356309712311937,-1,0.24085744327697747,0.005935532486305057,0,0.0,0.005935532486305057,0.0,lower,3.0,-0.0434,0.0164
2023-11-12,37152.0,37068.0,37231.0,36862.0,8831221164.408867,725016899532.0363,-0.0014826598933954614,-0.0014815612962314484,0.057212937082881776,36366.57142857143,35093.0,0.019287728919022973,0.05627903000598411,18317802044.01386,0.48211139869233677,0.011594321954769449,1,0.8933371154523814,0.0004826598933954614,1,0.001,0.0014826598933954614,0.0,lower,2.0,-0.042,0.0159
2023-11-13,37068.0,36549.0,37292.0,36437.0,18041088204.36723,714263437353.6985,-0.01410023768406489,-0.014001294917449059,0.04333304787188497,36583.42857142857,35264.23809523809,-0.0009410974523984539,0.036432430534643956,19078336337.56063,0.9456321497408917,0.014071729705397662,-1,0.15110704554664944,-0.01510023768406489,1,0.001,-0.01410023768406489,1.0,upper,2.0,0.0364,0.0164
2023-11-14,36499.0,35545.0,36748.0,35110.0,22330924588.059715,694845286838.959,-0.02785432665893369,-0.027469971818654404,0.003047662048141664,36598.857142857145,35345.09523809524,-0.028794810142393268,0.005655799215086077,19613810938.65852,1.1385306332307816,0.01858244268248154,1,0.7771599072550531,0.02685432665893369,1,0.001,0.02785432665893369,1.0,upper,1.0,0.0643,0.0185
2023-11-15,35541.0,37904.0,37904.0,35389.0,28479730068.295124,739215831747.2646,0.0642571480349833,0.06636657757771847,0.058918843413884536,36900.142857142855,35508.52380952381,0.027204695297347037,0.06746200442817885,21579897972.240177,1.3197342315951035,0.031242284415455707,-1,0.0630514873426332,0.0632571480349833,1,0.001,0.0642571480349833,0.0,time,5.0,-0.011,0.0257
2023-11-16,37904.0,36202.0,37904.0,35579.0,12023334732.149555,707488742969.5619,-0.04594228149206851,-0.04490291262135926,-0.01539382071366402,36819.28571428572,35605.09523809524,-0.016765282169670437,0.016764588267864422,17841665147.239025,0.6738908410692906,0.03567064635085804,1,0.8621109776955006,0.04494228149206851,1,0.001,0.04594228149206851,0.0,time,5.0,-0.0066,0.0293
2023-11-17,36163.0,36528.0,36673.0,35946.0,22683923623.963726,714651953916.8749,0.008964723863078493,0.009005027346555394,-0.02185089974293064,36702.71428571428,35730.28571428572,-0.004760255177701844,0.0223259979529169,17774788514.45932,1.2761852893783212,0.035216853918010146,1,0.8005407489145395,0.008964723863078493,0,0.0,0.008964723863078493,1.0,time,5.0,0.0253,0.028
2023-11-18,36619.0,36582.0,36826.0,36264.0,8877846889.346693,715117663450.342,0.0014772263662943138,0.0014783180026280984,-0.014573175659294724,36625.42857142857,35848.80952380953,-0.0011857491672452314,0.020452296350413457,17324009895.7987,0.5124591213434765,0.0352126794266931,-1,0.18576516405035118,0.00047722636629431376,1,0.001,0.0014772263662943138,1.0,time,5.0,0.0192,0.0266
2023-11-19,36588.0,37414.0,37516.0,36412.0,12599067947.734495,732521837352.2426,0.022488649772978816,0.02274342572850041,0.009334196611632706,36674.857142857145,35984.90476190476,0.020153939639456997,0.0397137424025682,17862273721.988075,0.7053451393606914,0.03639369306884726,-1,0.07765800397639527,-0.022488649772978816,0,0.0,-0.022488649772978816,1.0,time,5.0,0.0086,0.026
2023-11-20,37388.0,37489.0,37726.0,36942.0,16005284775.311718,732673492672.5168,0.002002590685681773,0.002004597209600778,0.025718897917863748,36809.142857142855,36127.28571428572,0.018469790114257423,0.03769212822915802,17571444660.69443,0.910869031225073,0.0357256593373933,-1,0.0647790813903176,-0.002002590685681773,0,0.0,-0.002002590685681773,1.0,time,5.0,0.0085,0.0247
2023-11-21,37479.0,35965.0,37647.0,35945.0,18891503534.641026,702705880301.6978,-0.04150131329307494,-0.04065192456453892,0.011816007877338608,36869.142857142855,36188.857142857145,-0.024523023511724862,-0.006185803049083782,17080098795.920334,1.1060535281653847,0.03794988395949068,1,0.9012925527289417,0.040501313293074936,1,0.001,0.04150131329307494,1.0,time,5.0,0.0416,0.0273
2023-11-22,35788.0,37465.0,37795.0,35788.0,25245202377.321384,732259726682.3702,0.04086092049695443,0.04170721534825517,-0.011581891093288332,36806.42857142857,36284.47619047619,0.017892837043218313,0.03253523086089549,16618023411.495514,1.5191459147817796,0.031628822353820425,-1,0.184386039033057,0.03986092049695443,1,0.001,0.04086092049695443,0.0,time,5.0,-0.0058,0.0287
2023-11-23,37427.0,37293.0,37643.0,36972.0,11956046626.60703,728816537112.472,-0.004601522338586015,-0.004590951554784506,0.030136456549361812,36962.28571428572,36397.28571428572,0.008947344010883596,0.024609370400461517,16608410824.989439,0.7198790271142412,0.025410590132448202,-1,0.10804130378979702,0.004601522338586015,0,0.0,0.004601522338586015,1.0,time,5.0,0.0136,0.0274
2023-11-24,37302.0,37739.0,38349.0,37264.0,22996708651.54232,737614054534.8141,0.01188840102634161,0.011959348939479364,0.03315265002190104,37135.28571428572,36540.52380952381,0.01625716011340761,0.032798549816185796,16653094400.35781,1.380927057679335,0.025521634959115653,-1,0.028033779542276444,-0.01188840102634161,0,0.0,-0.01188840102634161,1.0,time,5.0,0.0019,0.0262
2023-11-25,37731.0,37810.0,37883.0,37617.0,7505379785.011788,739536714717.2401,0.001879575398811952,0.001881342907867234,0.033568421628123124,37310.71428571428,36672.04761904762,0.013381832104910618,0.031030511106811653,16457027671.16711,0.45605925535151737,0.025512950890580276,-1,0.023329333501064607,-0.001879575398811952,0,0.0,-0.001879575398811952,0.0,time,5.0,-0.0026,0.025
2023-11-26,37800.0,37492.0,37825.0,37184.0,10229112671.374176,733376783676.3198,-0.008446041018602102,-0.008410473419730224,0.0020847810979847115,37321.857142857145,36787.76190476191,0.0045587993247924175,0.019143270989446348,16118462631.687063,0.6346208633610568,0.024604524160103433,-1,0.1460387048743279,0.008446041018602102,0,0.0,0.008446041018602102,1.0,time,5.0,0.0314,0.024
2023-11-27,37472.0,37250.0,37568.0,36770.0,17979133247.880783,728040168286.0479,-0.006475632058670811,-0.006454710338205438,-0.006375203392995243,37287.71428571428,36893.42857142857,-0.0010114399993869094,0.00966490354457239,16400440984.911215,1.0962591350087478,0.024729003662234898,1,0.5726460618410485,0.005475632058670811,1,0.001,0.006475632058670811,1.0,upper,5.0,0.0582,0.023
2023-11-28,37247.0,37802.0,38351.0,36911.0,19715537240.688644,738816928726.5587,0.014710066453196084,0.014818791946308751,0.051077436396496534,37550.142857142855,37006.04761904762,0.006707221962252374,0.021508710931417818,16518160085.775162,1.1935673911809916,0.01764870491675823,1,0.5802469983134938,0.014710066453196084,0,0.0,0.014710066453196084,1.0,upper,5.0,0.0555,0.0222
2023-11-29,37843.0,37810.0,38329.0,37638.0,20964545194.804527,740494537382.5989,0.00021160662407695275,0.0002116290143379107,0.00920859468837576,37599.42857142857,37102.0,0.005600389063663558,0.01908252924370646,15906637631.129896,1.3179746519010476,0.009009438848517314,1,0.8785540558137335,0.00021160662407695275,0,0.0,0.00021160662407695275,1.0,upper,3.0,0.0433,0.0212
2023-11-30,37864.0,37712.0,38144.0,37547.0,16566770727.560837,737659515838.6104,-0.0025952717090662156,-0.002591906902935759,0.011235352479017413,37659.28571428572,37146.95238095238,0.001399768601938245,0.015211143386754777,16565312502.694723,1.0000880288171972,0.00881960671229912,1,0.7741109648161174,-0.0025952717090662156,0,0.0,-0.0025952717090662156,1.0,upper,2.0,0.0459,0.0202
2023-12-01,37720.0,38688.0,38899.0,37632.0,24470176251.56647,756249390093.0282,0.02555112823860685,0.025880356385235448,0.02514640027557702,37794.857142857145,37210.95238095238,0.023631333061187476,0.039693894526701134,16775807874.126745,1.4586585895101194,0.012385449740571661,1,0.8742977690498843,0.02555112823860685,0,0.0,0.02555112823860685,1.0,upper,3.0,0.0815,0.0205
2023-12-02,38696.0,39482.0,39680.0,38659.0,14892418344.328642,771834682369.2777,0.02031539741109396,0.020523159636062882,0.04422110552763825,38033.71428571428,37323.28571428572,0.038078997581093565,0.05783827024875299,17831099096.8863,0.8351935157451502,0.01386525158693536,1,0.7335487930153465,0.02031539741109396,0,0.0,0.02031539741109396,1.0,upper,2.0,0.0612,0.02
2023-12-03,39472.0,39960.0,40118.0,39309.0,14107800648.629307,782845232813.069,0.01203408193687661,0.012106782837748797,0.06582737650698811,38386.28571428572,37461.0,0.04099678456591627,0.0667093777528629,18385197379.351315,0.7673456181914036,0.012324616388879897,1,0.8769020819499341,0.01203408193687661,0,0.0,0.01203408193687661,1.0,upper,1.0,0.0492,0.0191
2023-12-04,39999.0,41974.0,42403.0,39999.0,40273974905.38232,820527379429.3416,0.04917142519487672,0.05040040040040039,0.12681879194630863,39061.142857142855,37719.333333333336,0.07457173369223358,0.11279803460647941,21570174758.994392,1.8671139828660295,0.017797308733881134,1,0.9733967957862506,0.04917142519487672,0,0.0,0.04917142519487672,1.0,upper,1.0,0.0495,0.0223
2023-12-05,41985.0,44106.0,44368.0,41453.0,37740677039.99004,863171503830.3232,0.049545448644776106,0.05079334826321058,0.1667636632982381,39961.71428571428,38127.0,0.10370640470164316,0.15681800299000703,24145194730.323162,1.563071967797914,0.021712785807095805,-1,0.1984237727656869,0.048545448644776105,1,0.001,0.049545448644776106,0.0,time,5.0,-0.0079,0.0242
2023-12-06,44082.0,43788.0,44282.0,43496.0,30306637687.601166,857037901744.5414,-0.007236020377694704,-0.007209903414501451,0.15810632107907963,40815.71428571428,38407.19047619047,0.07282209233138515,0.1400990141974905,25479779372.151253,1.1894387798634374,0.023116859468480567,-1,0.15469673938031267,0.007236020377694704,0,0.0,0.007236020377694704,0.0,lower,5.0,-0.0609,0.0239
2023-12-07,43757.0,43270.0,44030.0,42908.0,27712048105.023373,848245522795.3333,-0.01190025300551746,-0.011829725038823402,0.14738014425116663,41609.71428571428,38743.76190476191,0.03990139665188086,0.11682495123638947,27071961854.645905,1.0236438812160789,0.024909894223510483,1,0.7273376731357896,0.01090025300551746,1,0.001,0.01190025300551746,0.0,lower,4.0,-0.049,0.0239
2023-12-08,43286.0,44202.0,44676.0,43134.0,24726661392.984177,863242780337.311,0.02131048269193817,0.021539172636930948,0.14252481389578153,42397.42857142857,39109.19047619047,0.04256322822812697,0.13022027461575836,27108602589.134148,0.9121333831827718,0.024795628912039375,-1,0.0910471483783781,0.020310482691938168,1,0.001,0.02131048269193817,0.0,lower,3.0,-0.0703,0.023
2023-12-09,44158.0,43745.0,44346.0,43699.0,17074228506.041449,855611272269.695,-0.010392716370503631,-0.010338898692366816,0.10797325363456767,43006.42857142857,39450.28571428572,0.017173512265608037,0.10886395897911294,27420289755.09312,0.622685925588005,0.027204861610706833,-1,0.14797383593488567,0.010392716370503631,0,0.0,0.010392716370503631,0.0,lower,2.0,-0.0599,0.0228
2023-12-10,43715.0,43758.0,44036.0,43591.0,11865167562.179707,856192504674.1926,0.0002971326719231363,0.0002971768202080227,0.09504504504504507,43549.0,39752.380952380954,0.004799191715079587,0.10076425491135588,27099913599.886036,0.4378304572243951,0.02777907347484115,-1,0.11924647876206991,-0.0002971326719231363,0,0.0,-0.0002971326719231363,0.0,lower,1.0,-0.0602,0.0218
2023-12-11,43786.0,41201.0,43819.0,40322.0,39734542163.66172,806178244439.1412,-0.0602119253245666,-0.05843502902326436,-0.01841616238623911,43438.57142857143,39929.142857142855,-0.05151116519222543,0.03185285362642398,27022851779.640232,1.4704052143600488,0.033477662686085215,1,0.8367037157560254,0.0592119253245666,1,0.001,0.0602119253245666,1.0,time,5.0,0.0251,0.0293
2023-12-12,41262.0,41451.0,42042.0,40720.0,24919333990.627098,812055172695.532,0.00604947883705766,0.006067813888012363,-0.06019589171541284,43059.28571428572,40190.380952380954,-0.037350496823316814,0.03136618807153568,25191231344.016956,0.9892066668089079,0.02483807413686427,1,0.848356090627291,0.00604947883705766,0,0.0,0.00604947883705766,0.0,time,5.0,-0.001,0.0279
2023-12-13,41459.0,42932.0,43304.0,40712.0,26301358636.124893,840112594142.6609,0.035105461876635866,0.035728932956985426,-0.01954873481319086,42937.0,40450.71428571428,-0.00011644968209234552,0.0613409616641063,24619048622.37749,1.068333672821876,0.02999373350821454,-1,0.12447230951662386,0.034105461876635865,1,0.001,0.035105461876635866,0.0,time,5.0,-0.0058,0.0283
2023-12-14,42885.0,43010.0,43329.0,42068.0,22978695605.48269,841400560142.884,0.0018151781763669297,0.001816826609521982,-0.006008782066096563,42899.857142857145,40722.95238095238,0.0025674411170200084,0.056161144645233474,23942855408.15739,0.959730792913438,0.029722794731526798,-1,0.16080804512734706,-0.0018151781763669297,0,0.0,-0.0018151781763669297,0.0,time,5.0,-0.0178,0.0269
2023-12-15,43032.0,41992.0,43100.0,41761.0,17134765249.072596,821883086852.3783,-0.023953522845646284,-0.023668914205998592,-0.04999773765892945,42584.142857142855,40925.47619047619,-0.013905243064990636,0.026060144164480104,22858298816.17002,0.7496080695625266,0.02904607423698122,1,0.7833637072500953,0.022953522845646283,1,0.001,0.023953522845646284,1.0,time,5.0,0.0384,0.0271
2023-12-16,41890.0,42247.0,42666.0,41760.0,13524832238.374014,825747211475.3832,0.006054221414984989,0.006072585254334184,-0.034243913590124575,42370.142857142855,41136.76190476191,-0.0029063592624185564,0.026988952066972827,22351242206.503242,0.6051042762374467,0.02938571111282271,-1,0.2620334453441359,0.005054221414984989,1,0.001,0.006054221414984989,1.0,time,5.0,0.0372,0.0258
2023-12-17,42248.0,41411.0,42319.0,41305.0,16536428696.461372,810534011290.7083,-0.019986799342745214,-0.01978838734111299,-0.05363590657708306,42034.857142857145,41323.380952380954,-0.014841424124196312,0.0021203262075775164,23018565225.68634,0.7183952837342106,0.02980673202744763,1,0.685937441658779,0.018986799342745213,1,0.001,0.019986799342745214,1.0,upper,3.0,0.0523,0.0254
2023-12-18,41355.0,42684.0,42684.0,40571.0,26473040426.60815,834757901244.3383,0.03027759673208007,0.030740624471758737,0.03599427198368965,42246.71428571428,41582.142857142855,0.010350762696676341,0.026498325173924364,21124064977.53583,1.2532171461676829,0.022565042999804795,-1,0.49494583479808296,0.02927759673208007,1,0.001,0.03027759673208007,1.0,time,5.0,0.0247,0.0258
2023-12-19,42609.0,42250.0,43327.0,41837.0,23402523667.558952,827483345952.5029,-0.010219788951135613,-0.010167744353856256,0.019275771392728736,42360.857142857145,41793.95238095238,-0.0026169711930825734,0.010911808839966675,20907377788.526093,1.119342841760012,0.023293371510954255,1,0.6437998449612983,0.009219788951135614,1,0.001,0.010219788951135613,1.0,time,5.0,0.0184,0.0249
2023-12-20,42276.0,43634.0,44201.0,42246.0,28334648885.87903,854173854159.8182,0.032232309166649646,0.0327573964497041,0.016351439485698283,42461.142857142855,42071.28571428572,0.027621892957594874,0.03714443852101357,21197847824.205257,1.336675738068298,0.022613857088391982,-1,0.17657731177998376,0.031232309166649645,1,0.001,0.032232309166649646,1.0,time,5.0,0.0001,0.0254
2023-12-21,43660.0,43850.0,44215.0,43366.0,21948638202.58336,858312140014.9476,0.004938055848359437,0.00495026813952415,0.01953034178098112,42581.142857142855,42363.57142857143,0.029798569453950208,0.03508742349390492,21050696766.648212,1.0426561384589323,0.022628222566696075,-1,0.05107420234719376,-0.004938055848359437,0,0.0,-0.004938055848359437,0.0,time,5.0,-0.0309,0.0241
2023-12-22,43875.0,44004.0,44243.0,43467.0,20833936534.62855,861822676200.4246,0.0035058200589971468,0.003511972633979399,0.04791388835968746,42868.57142857143,42616.71428571428,0.02648627032791251,0.03255262019931826,21579149807.441917,0.9654660503558686,0.01939293651128184,-1,0.09098665600708698,-0.0035058200589971468,0,0.0,-0.0035058200589971468,0.0,time,5.0,-0.0134,0.023
2023-12-23,43989.0,43752.0,44018.0,43375.0,9872050975.657969,856850313226.057,-0.005743212832717632,-0.0057267521134442,0.03562383127796065,43083.57142857143,42820.04761904762,0.015514697349006124,0.021764393847563568,21057323912.7682,0.46881792845823145,0.019977588409855918,-1,0.17763712016258112,0.005743212832717632,0,0.0,0.005743212832717632,0.0,time,5.0,-0.0267,0.0221
2023-12-24,43730.0,43035.0,43943.0,42895.0,18313974069.822754,845029028630.4425,-0.016523587943033803,-0.0163878222709819,0.03921663326169367,43315.57142857143,42966.47619047619,-0.006477380288843593,0.0015948203250375492,21311258966.105537,0.8593567418494698,0.019298989444247294,-1,0.12487123895047386,0.016523587943033803,0,0.0,0.016523587943033803,0.0,time,5.0,-0.0226,0.0218
2023-12-25,42999.0,43638.0,43744.0,42770.0,18744716867.39297,854524607072.9797,0.013914592299020836,0.014011850819100724,0.02235029519257803,43451.857142857145,43045.71428571428,0.00428388725781903,0.013759458383114431,20207212743.36051,0.9276250567289112,0.01651120709489062,-1,0.3486003501034217,-0.013914592299020836,0,0.0,-0.013914592299020836,0.0,time,5.0,-0.033,0.0211
2023-12-26,43587.0,42516.0,43587.0,41820.0,20477744539.87234,832471600531.6842,-0.02604785472912336,-0.025711535817406816,0.006295857988165787,43489.857142857145,42970.0,-0.022392741821574247,-0.010565510821503366,19789387153.690998,1.0347841689505253,0.01941143710570735,-1,0.2105346368580261,0.02604785472912336,0,0.0,0.02604785472912336,0.0,time,5.0,-0.0073,0.0219
2023-12-27,42503.0,43418.0,43662.0,42123.0,23244754807.443966,849194163327.4839,0.02099362599522838,0.021215542384043662,-0.004950268139524261,43459.0,42952.380952380954,-0.0009434179341448745,0.010840354767184035,19062259428.20027,1.219412362684363,0.01654924692731486,-1,0.206888294163146,-0.02099362599522838,0,0.0,-0.02099362599522838,1.0,time,5.0,0.0171,0.0217
2023-12-28,43456.0,42601.0,43789.0,42324.0,20336573643.81929,836073458797.803,-0.018996374488349392,-0.018817080473536363,-0.028483466362599796,43280.57142857143,42920.52380952381,-0.015701535495966534,-0.007444545899342181,18831964491.233974,1.0798965584968945,0.017625999895575402,-1,0.19361012283942794,0.018996374488349392,0,0.0,0.018996374488349392,1.0,upper,5.0,0.0547,0.0216
2023-12-29,42591.0,42075.0,43097.0,41614.0,24832397519.050613,822933961870.5416,-0.012423987101344607,-0.012347128001690133,-0.043836923916007686,43005.0,42819.23809523809,-0.021625392396232956,-0.017380928020782727,19403173203.29427,1.279811155570913,0.01752049124033855,1,0.7164376589822626,0.011423987101344606,1,0.001,0.012423987101344607,1.0,upper,3.0,0.0486,0.0209
2023-12-30,42092.0,42221.0,42610.0,41574.0,14727224645.41767,826609156660.5117,0.003463987519938259,0.003469994058229453,-0.03499268604863781,42786.28571428572,42746.666666666664,-0.013211843581387939,-0.012297255146600072,20096769441.83137,0.7328155248058422,0.017906987752965967,1,0.7175283561229013,0.003463987519938259,0,0.0,0.003463987519938259,1.0,upper,2.0,0.0451,0.02
2023-12-31,42197.0,42208.0,42838.0,42008.0,14183728910.169804,827596236151.1959,-0.0003079510619037299,-0.0003079036498424559,-0.01921691646334378,42668.142857142855,42672.857142857145,-0.010784225099354727,-0.010893508754310277,19506734419.023808,0.727119599082521,0.017211254868929025,1,0.7703099939975516,-0.0003079510619037299,0,0.0,-0.0003079510619037299,1.0,upper,1.0,0.0454,0.019
2024-01-01,42261.0,44169.0,44169.0,42242.0,16958999497.58364,863804922701.8125,0.04541340901647714,0.04646038665655805,0.012168293688986642,42744.0,42814.19047619047,0.0333380123526108,0.031643936478559676,19251631937.622475,0.8809123066830266,0.025035209498959224,-1,0.0562032403859381,0.04441340901647714,1,0.001,0.04541340901647714,0.0,time,5.0,-0.0048,0.0228
2024-01-02,44148.0,44995.0,45870.0,44148.0,39089952715.542786,878395004792.8407,0.01852818693453057,0.01870089882043957,0.058307460720669946,43098.142857142855,42982.95238095238,0.04401250302465809,0.04681036335557165,21910518819.86111,1.7840724373951897,0.022324348333573697,-1,0.13424892513632058,-0.01852818693453057,0,0.0,-0.01852818693453057,0.0,lower,1.0,-0.0495,0.0221
2024-01-03,44952.0,42822.0,45469.0,41805.0,43146162597.56747,838208392904.1771,-0.04949938326892658,-0.048294254917213064,-0.013727025657561343,43013.0,42977.71428571428,-0.004440517982935432,-0.0036231402321468265,24753577075.59304,1.7430273800754827,0.029837289510128567,1,0.80072593650915,0.04849938326892658,1,0.001,0.04949938326892658,1.0,upper,5.0,0.0917,0.0267
2024-01-04,42863.0,44196.0,44814.0,42675.0,26123887042.79777,866352960236.8643,0.03158229803394314,0.03208631077483526,0.03744043567052424,43240.857142857145,43034.19047619047,0.02208889740523179,0.026997359795865483,25580336132.589962,1.0212487790383378,0.031114877564378116,-1,0.1128732265996183,0.03058229803394314,1,0.001,0.03158229803394314,1.0,upper,4.0,0.0602,0.0271
2024-01-05,44174.0,44114.0,44281.0,43116.0,29364675804.010384,863690851062.0247,-0.0018570948605323967,-0.0018553715268350146,0.04846108140225791,43532.142857142855,43135.23809523809,0.013366149807203298,0.022690541375960604,26227804459.012787,1.1196009887102716,0.030344873109903397,1,0.6459910298455876,0.0008570948605323967,1,0.001,0.0018570948605323967,1.0,upper,3.0,0.062,0.0258
2024-01-06,44165.0,43956.0,44221.0,43479.0,11841102132.239353,861211168830.4689,-0.003588058805718564,-0.0035816294146983063,0.04109329480590218,43780.0,43216.619047619046,0.004020100502512669,0.017108718096763953,25815501242.844456,0.4586818602068194,0.030604501198274077,1,0.7957324608908628,-0.003588058805718564,0,0.0,-0.003588058805718564,1.0,upper,2.0,0.0656,0.0247
2024-01-07,44002.0,43884.0,44489.0,43687.0,15144653805.362787,856926317087.4954,-0.0016393446294331684,-0.0016380016380016515,0.03970811220621684,44019.42857142857,43334.380952380954,-0.0030765635952956227,0.012683209856464872,25952776227.87203,0.583546579849063,0.030655529367187788,1,0.6984695462388869,-0.0016393446294331684,0,0.0,-0.0016393446294331684,1.0,upper,1.0,0.0672,0.0235
2024-01-08,43953.0,46936.0,47193.0,43248.0,40821502383.50064,919666641903.4098,0.06723518266831421,0.06954698751253297,0.06264574701713865,44414.71428571428,43536.857142857145,0.05676690157380282,0.07807506283674259,29361705211.574455,1.3902973989197571,0.03643351599231757,-1,0.14779881455082883,0.06623518266831421,1,0.001,0.06723518266831421,0.0,lower,4.0,-0.0901,0.0298
2024-01-09,46967.0,46106.0,47680.0,45416.0,39887918405.77868,902166917320.3264,-0.01784187824615453,-0.017683654337821708,0.024691632403600394,44573.42857142857,43720.47619047619,0.03438307255443673,0.054563079302495376,29475700310.179585,1.353247522061526,0.037446904209519606,-1,0.18396491887257285,0.01784187824615453,0,0.0,0.01784187824615453,0.0,lower,3.0,-0.0722,0.0294
2024-01-10,46141.0,46632.0,47599.0,44591.0,52030057180.57072,915259343942.0361,0.011343907365844378,0.011408493471565473,0.08897295782541681,45117.71428571428,43863.23809523809,0.033562997112315696,0.06312260619588161,30744828107.751472,1.6923190137287758,0.029480834740613207,-1,0.11152048533419287,-0.011343907365844378,0,0.0,-0.011343907365844378,0.0,lower,2.0,-0.0836,0.028
2024-01-11,46566.0,46314.0,48888.0,45662.0,49198128806.306175,909846384596.2129,-0.006842709547476863,-0.006819351518270733,0.04792288894922625,45420.28571428572,43980.57142857143,0.019676544778607363,0.053055894810695614,34041148359.681248,1.4452546749150519,0.02885827706975304,-1,0.08726502673791892,0.006842709547476863,0,0.0,0.006842709547476863,0.0,lower,1.0,-0.0767,0.0269
2024-01-12,46369.0,42894.0,46504.0,41730.0,45913301456.05085,838383512176.7352,-0.07671233518300202,-0.0738437621453556,-0.027655619531214537,45246.0,43927.71428571428,-0.05198249569022673,-0.02353216648129708,36405237738.544174,1.2611729604896929,0.04227199324372602,-1,0.03400384054659349,0.07671233518300202,0,0.0,0.07671233518300202,0.0,time,5.0,-0.0042,0.0355
2024-01-13,42871.0,42848.0,43213.0,42434.0,19424747840.478386,839198740717.084,-0.001072986504007795,-0.0010724110598219205,-0.025207025207025224,45087.71428571428,43884.666666666664,-0.04967460252080069,-0.023622525711334164,37488615696.86403,0.5181505766323425,0.04227915409894845,-1,0.0591027965167486,0.001072986504007795,0,0.0,0.001072986504007795,0.0,time,5.0,-0.0377,0.0337
2024-01-14,42823.0,41801.0,43088.0,41754.0,16968959097.076523,822907066751.3778,-0.024738706819236383,-0.02443521284540706,-0.04746604685078848,44790.142857142855,43825.90476190476,-0.06673662253493273,-0.04620337612892578,37749230738.53742,0.44951801043599166,0.043039479774993145,1,0.9388508253569041,0.023738706819236382,1,0.001,0.024738706819236383,0.0,time,5.0,-0.0048,0.0328
2024-01-15,41747.0,42587.0,43313.0,41747.0,22634527323.56315,835225973285.8562,0.01862877969444427,0.01880337790961928,-0.09265808760865857,44168.857142857145,43775.857142857145,-0.03581385721031627,-0.02715782672118683,35151091444.26064,0.6439210389656006,0.03066312589284785,-1,0.13256939388287453,0.01762877969444427,1,0.001,0.01862877969444427,0.0,time,5.0,-0.0228,0.032
2024-01-16,42506.0,43148.0,43539.0,42170.0,22023116042.275295,845770850849.578,0.013087024129212593,0.013173034024467567,-0.06415650891424107,43746.28571428572,43805.95238095238,-0.013676263127645139,-0.015019702693154335,32598976820.903015,0.6755769103818529,0.03212406287404669,-1,0.18147580125772803,-0.013087024129212593,0,0.0,-0.013087024129212593,0.0,time,5.0,-0.0379,0.0308
2024-01-17,43136.0,42714.0,43198.0,42221.0,21299064875.187115,836987995502.6503,-0.010109331163391423,-0.010058403634003898,-0.08401955738548639,43186.57142857143,43772.42857142857,-0.0109425548947093,-0.024180256978463266,28208835062.99107,0.755049431414865,0.030854030417552605,-1,0.14612755688075796,0.010109331163391423,0,0.0,0.010109331163391423,0.0,lower,5.0,-0.0781,0.0294
2024-01-18,42753.0,41261.0,42883.0,40655.0,25160430945.289833,808845819110.2808,-0.034608991451670346,-0.03401694994615345,-0.10910307898259708,42464.71428571428,43708.619047619046,-0.028346223587314423,-0.05599854447362995,24774878225.703022,1.0155622447898378,0.03178599656160967,-1,0.12285078323894971,0.034608991451670346,0,0.0,0.034608991451670346,0.0,time,5.0,-0.0352,0.0296
2024-01-19,41260.0,41601.0,42094.0,40300.0,24407872954.726807,815241536115.3193,0.00820646154171603,0.008240226848597931,-0.030144076094558714,42280.0,43686.04761904762,-0.016059602649006632,-0.047727998587322684,21702674154.0853,1.124648178442668,0.019699212494207398,-1,0.22103837892458314,-0.00820646154171603,0,0.0,-0.00820646154171603,0.0,time,5.0,-0.0361,0.0285
2024-01-20,41624.0,41626.0,41844.0,41423.0,9533488489.00503,817217622403.9753,0.0006007665962228821,0.0006009470926180427,-0.02851941747572817,42105.42857142857,43657.71428571428,-0.011386383839206315,-0.046537348987578664,20289637103.87482,0.46986983750361744,0.019753501824567626,-1,0.09116122083182195,-0.0006007665962228821,0,0.0,-0.0006007665962228821,0.0,time,5.0,-0.0414,0.0271
2024-01-21,41661.0,41542.0,41843.0,41513.0,8032696833.695371,814709364023.4832,-0.0020200083821430453,-0.002017969538269382,-0.006196024018564117,42068.42857142857,43626.0,-0.012513625759392077,-0.04776967863200843,19013028209.106087,0.4224838224269923,0.017577346642829665,-1,0.18607000427010156,0.0020200083821430453,0,0.0,0.0020200083821430453,1.0,time,5.0,0.0077,0.0258
2024-01-22,41546.0,39505.0,41645.0,39505.0,31202848830.101707,775020895102.2928,-0.050277717479220066,-0.04903471185787878,-0.07236950243031914,41628.142857142855,43403.90476190476,-0.051002584103473914,-0.08982843325485312,20237074138.611595,1.5418656183389583,0.022894428598940933,1,0.900810313755769,0.049277717479220065,1,0.001,0.050277717479220066,1.0,upper,4.0,0.058,0.0283
2024-01-23,39519.0,39833.0,40125.0,38520.0,29683327703.0343,779133357029.7626,0.008268468292908586,0.008302746487786283,-0.07682858996940767,41154.57142857143,43158.09523809524,-0.03211238466825417,-0.0770445317327213,21331390090.148594,1.3915327401350583,0.022117898995981846,1,0.8343315860395001,0.008268468292908586,0,0.0,0.008268468292908586,1.0,upper,4.0,0.0558,0.0274
2024-01-24,39852.0,40124.0,40499.0,39544.0,22217129215.385582,786928905377.1826,0.007278944553633549,0.007305500464439119,-0.06063585709603414,40784.57142857143,43029.619047619046,-0.016196600955543428,-0.06752602304946087,21462542138.74838,1.035158327087213,0.023206405792732948,1,0.6393543237827686,0.007278944553633549,0,0.0,0.007278944553633549,1.0,upper,5.0,0.0754,0.0264
2024-01-25,40062.0,39938.0,40262.0,39538.0,13376924612.77818,783180536824.566,-0.004646407400038829,-0.004635629548399911,-0.03206417682557383,40595.57142857143,42826.857142857145,-0.016198107464220235,-0.06745433439630677,19779184091.24671,0.6763132670724342,0.02033520302054728,1,0.5781945294633295,-0.004646407400038829,0,0.0,-0.004646407400038829,1.0,upper,2.0,0.0532,0.0251
2024-01-26,39917.0,41863.0,42195.0,39827.0,22681602408.52447,820989861818.084,0.047074130291635645,0.04819970954980213,0.00629792553063635,40633.0,42719.666666666664,0.030270962025939596,-0.0200532151468098,19532574013.217808,1.1612193248660263,0.028475074476213273,1,0.7847770761268824,0.047074130291635645,0,0.0,0.047074130291635645,1.0,time,5.0,0.0171,0.0285
2024-01-27,41863.0,42120.0,42174.0,41439.0,10694258830.371908,826254540126.2368,0.0061203053529392745,0.006139072689487213,0.011867582760774598,40703.57142857143,42632.23809523809,0.03479863121874183,-0.012015275719134855,19698398347.698788,0.5428999171204818,0.028531053096148718,1,0.9196468800342251,0.0061203053529392745,0,0.0,0.0061203053529392745,1.0,time,5.0,0.0223,0.0272
2024-01-28,42137.0,42027.0,42743.0,41735.0,13669905344.783924,824240091063.3245,-0.0022104183836881438,-0.002207977207977163,0.011674931394733079,40772.857142857145,42543.80952380953,0.03075925861041995,-0.012147702088603385,20503713849.282867,0.6667038686389997,0.02853564386673999,1,0.8968038440230608,-0.0022104183836881438,0,0.0,-0.0022104183836881438,1.0,time,5.0,0.0269,0.0259
2024-01-29,42037.0,43268.0,43287.0,41806.0,20680322267.003654,849198976216.4734,0.029101062885956645,0.02952863635282088,0.0952537653461587,41310.42857142857,42369.142857142855,0.04738685838581058,0.021214900331777864,19000495768.84029,1.0884096140753434,0.01895475619699127,-1,0.11022032310962473,0.028101062885956644,1,0.001,0.029101062885956645,0.0,time,5.0,-0.0067,0.0261
2024-01-30,43286.0,42892.0,43762.0,42792.0,24526664209.358597,839294111912.5715,-0.008728003410143955,-0.00869002496071003,0.07679562172068377,41747.42857142857,42216.09523809524,0.027416573133674627,0.016010594018530444,18263829555.458042,1.3429091710959897,0.020699286813447505,-1,0.12116856428953858,0.008728003410143955,0,0.0,0.008728003410143955,0.0,time,5.0,-0.0069,0.0251
2024-01-31,42950.0,42583.0,43655.0,42289.0,22197944957.07849,835421372330.6442,-0.007230215761482049,-0.007204140632285694,0.06128501644900797,42098.71428571428,42023.28571428572,0.011503574931029492,0.013319146187657838,18261088947.12846,1.21558714386357,0.021805150772314538,-1,0.05908741430840922,0.007230215761482049,0,0.0,0.007230215761482049,1.0,time,5.0,0.0015,0.024
2024-02-01,42572.0,43069.0,43250.0,41883.0,22443682768.722225,844585195327.6586,0.011348368182878361,0.011413005189864434,0.07839651459762642,42546.0,41868.76190476191,0.012292577445588204,0.0286666727324838,19556340112.263325,1.1476422807071307,0.020993895476791296,-1,0.08551053466136675,-0.011348368182878361,0,0.0,-0.011348368182878361,1.0,time,5.0,0.0004,0.023
2024-02-02,43084.0,43171.0,43382.0,42586.0,18624791426.130833,846561992602.431,0.002365492754225867,0.0023682927395574094,0.031244774621981275,42732.857142857145,41881.95238095238,0.010253067228295443,0.03077811672489905,18976795686.20709,0.9814508062426944,0.013149209660067778,-1,0.03749998829479106,-0.002365492754225867,0,0.0,-0.002365492754225867,1.0,time,5.0,0.0246,0.0219
2024-02-03,43173.0,42977.0,43361.0,42884.0,7779819312.310763,842668526994.8004,-0.004503884662217411,-0.00449375738342872,0.020346628679962064,42855.28571428572,41888.09523809524,0.002840123071999656,0.025995566418461902,18560447183.626926,0.41916119990760353,0.013533878298040477,-1,0.25216703402541896,0.004503884662217411,0,0.0,0.004503884662217411,1.0,upper,5.0,0.0535,0.0209
2024-02-04,42991.0,42599.0,43110.0,42429.0,11250814654.362,835416357159.2295,-0.00883431004990589,-0.008795402191870028,0.013610298141670807,42937.0,41926.09523809524,-0.00787199850944409,0.01604978374645638,18214862799.280937,0.6176722151761771,0.014167252542334632,1,0.7115158493262728,0.007834310049905889,1,0.001,0.00883431004990589,1.0,upper,4.0,0.0623,0.0202
2024-02-05,42575.0,42648.0,43520.0,42284.0,18682275991.626797,836630860392.2917,0.0011496006990618628,0.001150261743233516,-0.014329296477766484,42848.42857142857,41929.0,-0.004677617782282373,0.017148035965560915,17929427617.084248,1.0419895375703567,0.007451416130970597,1,0.8821944071122064,0.0011496006990618628,0,0.0,0.0011496006990618628,1.0,upper,3.0,0.0612,0.0192
2024-02-06,42651.0,43088.0,43327.0,42524.0,17131113853.23615,845393687725.6221,0.010264156548783208,0.010317013693490917,0.0045696167117410535,42876.42857142857,41926.142857142855,0.004934446165892004,0.02771199694701232,16872920423.352465,1.0153022371590363,0.008060723647144863,1,0.6471180142990535,0.010264156548783208,0,0.0,0.010264156548783208,1.0,upper,2.0,0.0509,0.0185
2024-02-07,43078.0,44247.0,44322.0,42759.0,21200879624.73537,868672050077.7697,0.026543036476231876,0.026898440401039725,0.039076626822910576,43114.142857142855,41999.142857142855,0.02627576632129336,0.053521500438784564,16730482518.73202,1.2672007278330522,0.011895403400735081,1,0.9038864810599477,0.026543036476231876,0,0.0,0.026543036476231876,1.0,upper,2.0,0.0634,0.0191
2024-02-08,44318.0,45338.0,45559.0,44318.0,27709605138.49859,890468166608.419,0.024357960400858525,0.02465703889529225,0.052682904177018264,43438.28571428572,42193.28571428572,0.04373363852822387,0.07453115424593615,17482757142.985786,1.5849676862677173,0.01387215641737021,1,0.8075958728145434,0.024357960400858525,0,0.0,0.024357960400858525,1.0,upper,1.0,0.039,0.0192
2024-02-09,45306.0,47143.0,48018.0,45258.0,41993952311.122856,925541926938.6151,0.03904000275731804,0.039812078168423914,0.09200620787102443,44005.71428571428,42457.19047619047,0.07129268926113497,0.11036551103015824,20821208697.984646,2.01688350182992,0.018149033037471504,1,0.9458934055335965,0.03904000275731804,0,0.0,0.03904000275731804,1.0,upper,3.0,0.0598,0.0208
2024-02-10,47151.0,47769.0,48106.0,46890.0,16461159742.317774,938210772985.4427,0.01319135783874706,0.013278747640158572,0.1115015008027549,44690.28571428572,42749.71428571428,0.06889001125204586,0.117410976848634,22061400187.98565,0.7461520847295225,0.016495617022203965,1,0.8892864110813185,0.01319135783874706,0,0.0,0.01319135783874706,1.0,upper,2.0,0.0466,0.0199
2024-02-11,47770.0,48190.0,48487.0,47624.0,13196875460.84672,945579645769.01,0.008774637109842694,0.008813247084929587,0.13124721237587744,45489.0,43066.28571428572,0.05937699223988213,0.11897274633123689,22339408874.626324,0.5907441658331466,0.013220749127190706,1,0.902422826689517,0.008774637109842694,0,0.0,0.008774637109842694,1.0,upper,1.0,0.0379,0.0189
2024-02-12,48296.0,50050.0,50260.0,47729.0,37684440686.70893,981463410832.9637,0.03787097510898822,0.038597219340112066,0.17356030763459018,46546.42857142857,43568.42857142857,0.0752704672753779,0.1487676200656438,25054003831.066628,1.5041284794560752,0.01291135207256856,1,0.8709039145970155,0.03787097510898822,0,0.0,0.03787097510898822,1.0,upper,4.0,0.0414,0.0199
2024-02-13,49962.0,49732.0,50241.0,48385.0,37331081151.024765,974585308372.1277,-0.0063739166705384384,-0.006353646353646325,0.15419606386929074,47495.57142857143,44039.80952380953,0.04708709684211154,0.12925102396532995,27939713445.03643,1.336129707431081,0.016672523956277965,1,0.8123335080736859,-0.0063739166705384384,0,0.0,-0.0063739166705384384,1.0,upper,1.0,0.0405,0.0197
2024-02-14,49758.0,51790.0,51937.0,49320.0,41805076939.80903,1017596576729.7906,0.040548491345109024,0.041381806482747585,0.17047483445205325,48573.142857142855,44595.333333333336,0.0662270743385529,0.16133227691985708,30883170204.33267,1.3536523829391098,0.01836602174566318,-1,0.0876344037185073,0.03954849134510902,1,0.001,0.040548491345109024,0.0,time,5.0,-0.0005,0.0209
2024-02-15,51821.0,51958.0,52801.0,51384.0,31991869491.056656,1020725811639.5323,0.003238619478759235,0.0032438694728711415,0.14601438087255714,49518.857142857145,45167.71428571428,0.049256848761799255,0.1503349421521063,31494922254.6981,1.0157786462319152,0.019752396287895983,-1,0.0547298012025041,-0.003238619478759235,0,0.0,-0.003238619478759235,1.0,time,5.0,0.0063,0.0201
2024-02-16,51941.0,52166.0,52443.0,51678.0,24850432117.896576,1024019280535.48,0.003995241763163956,0.004003233380807547,0.10654816197526684,50236.42857142857,45658.333333333336,0.03840980506462288,0.14252965869684253,29045847941.380062,0.8555588450386913,0.018296579284899177,-1,0.12482127842631417,-0.003995241763163956,0,0.0,-0.003995241763163956,0.0,time,5.0,-0.0062,0.0193
2024-02-17,52176.0,51685.0,52201.0,50675.0,19851884283.15723,1015778284418.9253,-0.009263337657275253,-0.009220565119043012,0.0819778517448555,50795.857142857145,46113.80952380953,0.017504239659589693,0.12081392827269988,29530237161.49999,0.6722561750719395,0.02044040047920367,1,0.576865435753017,0.008263337657275254,1,0.001,0.009263337657275253,0.0,time,5.0,-0.0071,0.0194
2024-02-18,51657.0,52138.0,52377.0,51215.0,17025880430.565874,1023586119011.2284,0.008726445483004169,0.008764631904808029,0.08192571072836685,51359.857142857145,46595.28571428572,0.015150798706048851,0.11895440065978469,30077237871.459866,0.5660719412909136,0.020441471760400204,-1,0.3761639070778344,0.007726445483004169,1,0.001,0.008726445483004169,0.0,time,5.0,-0.0252,0.0184
2024-02-19,52117.0,51764.0,52468.0,51723.0,22555121071.55909,1016146442771.5667,-0.007199122544028511,-0.007173270934826781,0.034245754245754156,51604.71428571428,46999.857142857145,0.003086650444450001,0.10136504974179239,27915906497.86703,0.8079666362717778,0.0174221421434236,-1,0.06624711803317171,0.007199122544028511,0,0.0,0.007199122544028511,0.0,time,5.0,-0.0041,0.0182
2024-02-20,51784.0,52287.0,52902.0,50953.0,34499627551.319275,1026424315285.75,0.010052847248230645,0.01010354686654824,0.0513753719938872,51969.71428571428,47447.23809523809,0.006105204129877917,0.10200302692113161,27511413126.48053,1.2540114676302245,0.016739673740678123,-1,0.1489057905418999,-0.010052847248230645,0,0.0,-0.010052847248230645,0.0,time,5.0,-0.0103,0.0173
2024-02-21,52230.0,51843.0,52376.0,50706.0,30624246621.0974,1018869881156.3213,-0.008527853467689944,-0.008491594468988506,0.0010233635837033628,51977.28571428572,47888.19047619047,-0.002583546109427015,0.08258423390994118,25914151652.378872,1.1817576369815737,0.008304765055542842,-1,0.05377349077097521,0.008527853467689944,0,0.0,0.008527853467689944,1.0,upper,5.0,0.0496,0.0172
2024-02-22,51863.0,51320.0,51992.0,50883.0,23733644208.80861,1007314397269.4122,-0.010139380992528705,-0.010088150762880277,-0.012279148543054008,51886.142857142855,48281.09523809524,-0.010911253486342254,0.06294191850699726,24734405183.486294,0.9595397193806046,0.00898476205128526,-1,0.334220282935583,0.010139380992528705,0,0.0,0.010139380992528705,1.0,upper,4.0,0.0597,0.0171
2024-02-23,51295.0,50841.0,51493.0,50660.0,22637679779.740997,999139504635.63,-0.009377424068091266,-0.009333593141075625,-0.025399685618985535,51696.857142857145,48646.333333333336,-0.016555303168471203,0.04511473972002,24418297706.606926,0.9270785396975424,0.008980720679398455,1,0.8832446101844444,0.008377424068091267,1,0.001,0.009377424068091266,1.0,upper,3.0,0.0691,0.0168
2024-02-24,50732.0,51553.0,51697.0,50598.0,15528276123.53668,1012485917140.1924,0.013907289016592541,0.014004445231211138,-0.0025539324755732284,51678.0,49054.71428571428,-0.002418824257904739,0.050928554995442576,23800639398.089703,0.6524310487550606,0.010698710280038949,1,0.9186796640808189,0.013907289016592541,0,0.0,0.013907289016592541,1.0,upper,2.0,0.0552,0.0163
2024-02-25,51558.0,51752.0,51918.0,51308.0,15455098216.48263,1016549456019.3263,0.00385267404574741,0.0038601051345217297,-0.007403429360543168,51622.857142857145,49490.57142857143,0.0025016603940668514,0.04569412932910755,23576241938.934956,0.6555369705024671,0.01015149632517659,1,0.8782450117091697,0.00385267404574741,0,0.0,0.00385267404574741,1.0,upper,1.0,0.0513,0.0155
2024-02-26,51725.0,54478.0,54925.0,50927.0,35407941475.56789,1071049856128.8474,0.051333871706187605,0.05267429278095537,0.052430260412642093,52010.57142857143,50053.90476190476,0.04744090487098784,0.08838661557254457,25412359139.507637,1.3933354743330577,0.022179150610992137,1,0.7090610074859023,0.051333871706187605,0,0.0,0.051333871706187605,1.0,upper,1.0,0.0453,0.0204
2024-02-27,54528.0,57004.0,57469.0,54478.0,51983799587.1939,1118963733317.3013,0.04532449036309379,0.04636734094496853,0.09021362862661841,52684.42857142857,50716.57142857143,0.08198952794401171,0.12397187732383896,27910098001.775444,1.8625445021327784,0.02666189770314293,1,0.8915173433381925,0.04532449036309379,0,0.0,0.04532449036309379,1.0,upper,1.0,0.093,0.0223
2024-02-28,57050.0,62559.0,63637.0,56741.0,87218855804.01622,1225273849241.6978,0.09298867064360246,0.09744930180338218,0.20670100109947342,54215.28571428572,51588.57142857143,0.15389966456481696,0.2126523039432875,35995042170.76385,2.423079694982487,0.03956500458360683,-1,0.13268663672051234,0.09198867064360246,1,0.001,0.09298867064360246,1.0,upper,5.0,0.0861,0.0323
2024-02-29,62519.0,61298.0,63435.0,60562.0,67692687247.36391,1206725326872.1362,-0.020362895472062142,-0.02015697181860321,0.1944271239282931,55640.71428571428,52348.57142857143,0.1016752891638959,0.17095841065385886,42274905461.98603,1.601249878801829,0.04131822397050136,1,0.9766177745079878,0.01936289547206214,1,0.001,0.020362895472062142,1.0,upper,4.0,0.1065,0.033
2024-03-01,61201.0,62427.0,63136.0,60833.0,36699193361.155365,1227712629022.1812,0.0182506581162462,0.01841821919149078,0.22788694164158851,57295.857142857145,53076.380952380954,0.08955521590940263,0.17617288292523625,44283693116.4738,0.8287292856228164,0.03855613845728397,1,0.9021784605759272,0.0182506581162462,0,0.0,0.0182506581162462,1.0,upper,3.0,0.0883,0.0314
2024-03-02,62418.0,62068.0,62437.0,61721.0,25198213831.25236,1219383305483.4985,-0.005767315877514642,-0.005750716837265912,0.2039648517060113,58798.0,53757.28571428572,0.055614136535256264,0.15459698486052376,45665112789.004616,0.5518044803191565,0.04062168596309113,1,0.9796739026683342,-0.005767315877514642,0,0.0,-0.005767315877514642,1.0,upper,2.0,0.094,0.0306
2024-03-03,62025.0,63053.0,63234.0,61483.0,27108369390.44353,1236312176673.4497,0.015745084342432273,0.01586969130630922,0.2183683722368217,60412.42857142857,54465.04761904762,0.04370907594700246,0.15767823138648995,47329865813.85616,0.5727539878743404,0.03969740273283268,1,0.9356660722924717,0.015745084342432273,0,0.0,0.015745084342432273,1.0,upper,1.0,0.0783,0.0291
2024-03-04,63169.0,68187.0,68551.0,62883.0,74551714626.1156,1333913436699.1726,0.07827828828046196,0.08142356430304654,0.25164286500972866,62370.857142857145,55328.71428571428,0.09325096885908257,0.23239805732492314,52921833406.79156,1.408713754360374,0.043798052568679816,-1,0.09116927528136372,0.07727828828046196,1,0.001,0.07827828828046196,1.0,time,5.0,0.0047,0.0337
2024-03-05,68340.0,64292.0,68913.0,60861.0,96403762012.66058,1264870242318.5977,-0.05881872413723732,-0.057122325369938554,0.1278506771454635,63412.0,56022.04761904762,0.013877499526903536,0.14761960214643377,59267542324.71537,1.6265861250747173,0.05477291058860072,1,0.9317921709123769,0.05781872413723732,1,0.001,0.05881872413723732,1.0,time,5.0,0.0718,0.04
2024-03-06,63789.0,66146.0,67510.0,62933.0,73151905042.04068,1297845751759.601,0.02842921339387151,0.0288371803645866,0.05733787304784288,63924.42857142857,56705.666666666664,0.03475309014438932,0.16647954055150294,57257977930.14742,1.277584498902201,0.043232208245273795,1,0.8195040497749561,0.02842921339387151,0,0.0,0.02842921339387151,1.0,upper,5.0,0.0866,0.0383
2024-03-07,66090.0,66945.0,68006.0,65722.0,48853892626.0196,1317508010581.0813,0.01200696664857696,0.012079339642608877,0.09212372344937836,64731.142857142855,57419.333333333336,0.03420080420552707,0.16589650408108758,54566721555.66967,0.8953056227902244,0.04130917154408233,1,0.9010522298938627,0.01200696664857696,0,0.0,0.01200696664857696,1.0,upper,4.0,0.0746,0.0365
2024-03-08,66949.0,68315.0,69428.0,66610.0,63346588227.32869,1340971395884.519,0.020257975041108364,0.020464560460079273,0.09431816361510248,65572.28571428571,58188.333333333336,0.04182733994762611,0.17403259530833792,58373492250.837296,1.0851944227547918,0.04135786812349356,1,0.8390185670650013,0.020257975041108364,0,0.0,0.020257975041108364,1.0,time,5.0,0.0677,0.0347
2024-03-09,68315.0,68508.0,68670.0,68053.0,21359706190.81524,1346027264110.4956,0.002821164979671267,0.0028251482104955095,0.10375716955597092,66492.28571428571,58989.42857142857,0.03031500968963119,0.16136063120268518,57825134016.489136,0.3693844649754622,0.040809530974646416,1,0.9417067174498629,0.002821164979671267,0,0.0,0.002821164979671267,1.0,time,5.0,0.0416,0.0332
2024-03-10,68484.0,69076.0,70009.0,68351.0,36660543917.16198,1357390358031.5388,0.008256820952301172,0.008291002510655732,0.09552281414048491,67352.71428571429,59796.0,0.02558598762590969,0.1551943273797578,59189730377.448906,0.6193733893258201,0.04088032802048986,1,0.9238502154924545,0.008256820952301172,0,0.0,0.008256820952301172,1.0,time,5.0,0.0061,0.0316
2024-03-11,69046.0,72131.0,72711.0,67785.0,66653067165.93465,1417772589113.9521,0.043276562553980276,0.04422664890844863,0.05784093742208918,67916.14285714286,60765.857142857145,0.06205972491286538,0.18703172129085632,58061352168.85163,1.147976488251547,0.0321052759503618,-1,0.08514432412581151,0.042276562553980275,1,0.001,0.043276562553980276,0.0,lower,5.0,-0.0996,0.0314
2024-03-12,72109.0,71467.0,72734.0,69368.0,64599341551.27301,1403692914139.1924,-0.009248105579639428,-0.009205473374831907,0.11160019909164443,68941.14285714286,61679.19047619047,0.03663787744411384,0.15868900756062665,53517863531.51055,1.2070612929688018,0.017617665359474267,-1,0.09996032747857564,0.009248105579639428,0,0.0,0.009248105579639428,0.0,lower,4.0,-0.0904,0.0309
2024-03-13,71444.0,73098.0,73604.0,71337.0,51906601043.53671,1436631290571.5388,0.02256520190356092,0.022821721913610427,0.10510083754119681,69934.28571428571,62691.333333333336,0.045238387057237484,0.16599848995608113,50482820103.15284,1.0282032766290516,0.016986090239732906,-1,0.06548513408600391,-0.02256520190356092,0,0.0,-0.02256520190356092,0.0,lower,3.0,-0.1129,0.0295
2024-03-14,73091.0,71420.0,73738.0,68862.0,63073551321.74747,1403843488135.24,-0.023223064434023003,-0.022955484418178296,0.06684591829113451,70573.57142857143,63648.47619047619,0.011993562948493297,0.12210070491344571,52514199916.828255,1.2010761169672786,0.022184447947533416,-1,0.13898977950197328,0.023223064434023003,0,0.0,0.023223064434023003,0.0,lower,2.0,-0.0897,0.0302
2024-03-15,71385.0,69498.0,72288.0,65848.0,81204427005.22603,1367669237527.8738,-0.027279966988038345,-0.02691122934752166,0.01731684110371079,70742.57142857143,64536.90476190476,-0.017592962814874102,0.0768722215048605,55065319742.24215,1.4746927355609603,0.025289605998376246,-1,0.13703899600244754,0.027279966988038345,0,0.0,0.027279966988038345,0.0,lower,1.0,-0.0624,0.031
2024-03-16,69441.0,65292.0,70034.0,65015.0,49265436012.59228,1282404282863.459,-0.062428457886475414,-0.06051972718639387,-0.04694342266596607,70283.14285714286,65191.142857142855,-0.07101479322414228,0.0015470988609320724,59051852573.9246,0.8342741821845283,0.03479549658458822,-1,0.18735357710117434,0.062428457886475414,0,0.0,0.062428457886475414,1.0,time,5.0,0.0037,0.0362
2024-03-17,65323.0,68425.0,68804.0,64866.0,47190980586.56393,1344508983079.8567,0.046868737634954104,0.047984439134962864,-0.009424402107823249,70190.14285714286,65985.09523809524,-0.02514801630672603,0.0369766043846842,60556200669.553444,0.7792922948399352,0.04036275338515792,-1,0.1072575981129135,-0.046868737634954104,0,0.0,-0.046868737634954104,0.0,lower,2.0,-0.0965,0.0371
2024-03-18,68425.0,67709.0,68834.0,66605.0,51101822566.75771,1331771923948.0378,-0.010519144405477394,-0.010464011691633135,-0.061305125396847404,69558.42857142857,66615.14285714286,-0.02658813043094288,0.01642054788057634,58334594298.24245,0.8760123076453341,0.03518966379886577,-1,0.13080430255217124,0.010519144405477394,0,0.0,0.010519144405477394,0.0,lower,1.0,-0.0859,0.0356
2024-03-19,67600.0,62133.0,68182.0,61593.0,80179417876.47993,1223867418062.399,-0.08594186175914183,-0.08235241991463471,-0.13060573411504606,68225.0,66859.38095238095,-0.08929278123854889,-0.07069136574487889,60560319487.557724,1.3239596249645447,0.04495262853647954,1,0.849732777404567,0.08494186175914183,1,0.001,0.08594186175914183,1.0,upper,1.0,0.0876,0.0433
2024-03-20,61866.0,67819.0,68034.0,60914.0,70836803714.91411,1332594162507.5205,0.08756514291365673,0.09151336648801767,-0.07221811814276724,67470.85714285714,67109.85714285714,0.005159899723901962,0.010566895644454899,63264634154.897354,1.1196904030374542,0.06041890286193301,-1,0.06169724492261139,0.08656514291365673,1,0.001,0.08756514291365673,1.0,time,5.0,0.0308,0.0497
2024-03-21,67855.0,65536.0,68120.0,64760.0,48393664548.05336,1287348061971.4202,-0.034242781698792385,-0.03366313275040922,-0.08238588630635679,66630.28571428571,67311.66666666667,-0.01642324811540008,-0.026379775670389072,61167507472.94105,0.791166201589324,0.06096124639772602,1,0.8209787865409576,0.033242781698792384,1,0.001,0.034242781698792385,1.0,time,5.0,0.0671,0.0487
2024-03-22,65492.0,63509.0,66596.0,62450.0,42436600223.53738,1247366367469.2778,-0.031417981837948514,-0.0309295654296875,-0.08617514173069729,65774.71428571429,67363.19047619047,-0.03444658498815223,-0.057215082138259765,55629246504.12838,0.7628469355663132,0.06115870811057454,1,0.8027309693665708,-0.031417981837948514,0,0.0,-0.031417981837948514,1.0,upper,3.0,0.0964,0.0473
2024-03-23,63659.0,64286.0,65937.0,63169.0,25489933245.687557,1264722355270.5166,0.012160250004580741,0.012234486450739324,-0.015407706916620745,65631.0,67468.80952380953,-0.02049336441620575,-0.047174532147129744,52232746108.85628,0.48800676098026624,0.05745076537164494,1,0.8588408196969142,0.012160250004580741,0,0.0,0.012160250004580741,1.0,upper,5.0,0.0952,0.0452
2024-03-24,64018.0,67311.0,67590.0,63873.0,28098318940.431744,1323456466317.511,0.04598179240212991,0.04705534642068265,-0.016280599196200174,65471.857142857145,67671.57142857143,0.028090586358806346,-0.0053282555873853665,49505223016.55169,0.5675829180900223,0.0573201704128021,1,0.9174164996220978,0.04598179240212991,0,0.0,0.04598179240212991,1.0,time,5.0,0.038,0.0453
2024-03-25,67232.0,69939.0,71007.0,66475.0,44820310272.647514,1371797489739.3416,0.03829976301757465,0.039042652761064334,0.03293506033171356,65790.42857142857,67755.0,0.06305737048159421,0.03223378348461359,48607864117.39308,0.9220794018927014,0.05897987530320677,1,0.7249347270241862,0.03829976301757465,0,0.0,0.03829976301757465,0.0,time,5.0,-0.0034,0.0444
2024-03-26,69946.0,70082.0,71419.0,69567.0,36257324508.56845,1375728580463.2524,0.002042551470372645,0.002044638899612483,0.12793523570405418,66926.0,68030.71428571429,0.04715656097779641,0.030152347154121406,42333279350.548584,0.8564733246468562,0.044799511133567914,-1,0.027271611823672152,0.001042551470372645,1,0.001,0.002042551470372645,1.0,time,5.0,0.0165,0.0422
2024-03-27,69979.0,69436.0,71528.0,68490.0,41441040887.822266,1360261687784.1018,-0.009260520027394484,-0.009217773465369117,0.023842875890237147,67157.0,68187.38095238095,0.03393540509552251,0.01831158537224109,38133884660.964035,1.0867248709713442,0.031534062851237124,-1,0.22020135632346785,0.009260520027394484,0,0.0,0.009260520027394484,1.0,time,5.0,0.005,0.0404
2024-03-28,69402.0,70710.0,71552.0,68991.0,30455289338.47621,1390869723348.0437,0.01818154060984668,0.018347831096261258,0.078948974609375,67896.14285714286,68366.66666666667,0.04144354928641025,0.03427596294490476,35571259631.024445,0.8561768589131941,0.027044970937184384,-1,0.1359728767835056,-0.01818154060984668,0,0.0,-0.01818154060984668,0.0,lower,5.0,-0.0775,0.0387
2024-03-29,70744.0,69919.0,70908.0,69197.0,25785951735.485695,1374646886107.8396,-0.011249576430641365,-0.011186536557771132,0.10093057676864703,68811.85714285714,68443.04761904762,0.016089419805141558,0.02156467942759499,33192595561.302776,0.7768585523196614,0.02257636543484091,-1,0.0965840340662373,0.011249576430641365,0,0.0,0.011249576430641365,0.0,time,5.0,-0.0558,0.0371
2024-03-30,69906.0,69702.0,70343.0,69622.0,16408802301.837431,1370247487960.0945,-0.003108417426115292,-0.0031035912985025726,0.08424851445104697,69585.57142857143,68499.90476190476,0.0016731711623303447,0.017548859991463273,31895291140.752754,0.5144584581286933,0.023506617978111675,-1,0.1455170934192941,0.003108417426115292,0,0.0,0.003108417426115292,0.0,time,5.0,-0.0168,0.0354
2024-03-31,69622.0,71247.0,71315.0,69622.0,19723005998.21497,1401370211582.3662,0.021923701239757808,0.022165791512438693,0.058474840664973105,70147.85714285714,68603.28571428571,0.01566894416894926,0.03853626336098026,30698817863.29322,0.6424679310468792,0.018681981992548842,-1,0.16515428034773189,-0.021923701239757808,0,0.0,-0.021923701239757808,0.0,lower,2.0,-0.085,0.0341
2024-04-01,71344.0,69786.0,71344.0,68257.0,36040088988.53872,1373784286061.3486,-0.020719296414193802,-0.020506126573750505,-0.0021876206408442123,70126.0,68491.61904761905,-0.004848415708866849,0.018898384508636346,29444500536.991962,1.2240006904943261,0.015663558932220316,-1,0.19806183890733872,0.020719296414193802,0,0.0,0.020719296414193802,0.0,time,5.0,-0.0113,0.0334
2024-04-02,69674.0,65440.0,69674.0,64693.0,45161133992.09071,1288360536576.547,-0.06429972429046517,-0.062276101223741165,-0.06623669415827171,69462.85714285714,68204.61904761905,-0.05791378743007569,-0.04053419088359478,30716473320.352287,1.4702577838637356,0.028072641057080763,1,0.7787379980389928,0.06329972429046517,1,0.001,0.06429972429046517,1.0,time,5.0,0.0588,0.0376
2024-04-03,65450.0,66124.0,66945.0,64673.0,35559952961.797325,1301670235623.7266,0.010398074896274158,0.010452322738386366,-0.047698600149778225,68989.71428571429,67872.52380952382,-0.041538283139515686,-0.025761879938792975,29876317902.34872,1.1902388064695812,0.029060612784298966,1,0.7412768815044313,0.010398074896274158,0,0.0,0.010398074896274158,1.0,upper,5.0,0.0799,0.036
2024-04-04,65978.0,68542.0,69199.0,65135.0,37516850709.63811,1348455954443.3696,0.03591492887081997,0.03656766075857476,-0.03066044406731716,68680.0,67735.47619047618,-0.00200931857891673,0.01190696301087213,30885112383.94328,1.2147228167167872,0.032301335329175895,1,0.8205305786765004,0.03591492887081997,0,0.0,0.03591492887081997,1.0,time,5.0,0.009,0.0362
2024-04-05,68456.0,67979.0,68679.0,66174.0,35132808695.80448,1337452583876.3916,-0.008247862110696915,-0.008213941816696324,-0.027746392253893748,68402.85714285714,67663.14285714286,-0.006196483020759369,0.0046680826446978685,32220377663.98882,1.0903909650652774,0.03221027248762043,1,0.5881424084683652,-0.008247862110696915,0,0.0,-0.008247862110696915,1.0,time,5.0,0.0368,0.0345
2024-04-06,67862.0,69001.0,69577.0,67509.0,19119438138.850826,1358548956714.7139,0.014922163294974915,0.015034054634519567,-0.010057100226679272,68302.71428571429,67839.76190476191,0.010223396267456275,0.01711736690450527,32607611354.990734,0.5863489334039954,0.03297350704420559,-1,0.19565440962069172,0.013922163294974914,1,0.001,0.014922163294974915,1.0,time,5.0,0.0159,0.0331
2024-04-07,68896.0,69402.0,70231.0,68863.0,17935478429.01022,1367272232852.0764,0.00579468829545578,0.005811509978116192,-0.025895827192723875,68039.14285714286,67886.28571428571,0.020030486652641066,0.02232725313759998,32352250273.67577,0.5543811721685362,0.03161247624470797,1,0.798712441742121,-0.00679468829545578,1,0.001,-0.00579468829545578,0.0,time,5.0,-0.0315,0.0315
2024-04-08,69375.0,71624.0,72632.0,69118.0,33111949671.02105,1410324678268.6392,0.03151452779053547,0.03201636840436883,0.026337660848880784,68301.71428571429,68072.71428571429,0.04864132253530551,0.05216900415312198,31933944656.887535,1.0368888036473578,0.03304960673984654,-1,0.09367428685959639,0.03051452779053547,1,0.001,0.03151452779053547,0.0,lower,4.0,-0.063,0.0313
2024-04-09,71629.0,69159.0,71743.0,68208.0,36488482038.859055,1361830648708.6648,-0.03502201184628626,-0.03441583826650285,0.05683068459657692,68833.0,68407.28571428571,0.004736100416951272,0.010988804450653866,30694994377.854435,1.1887437277129609,0.024203821184813137,-1,0.10532252471378588,0.03502201184628626,0,0.0,0.03502201184628626,0.0,lower,4.0,-0.0712,0.0321
2024-04-10,69112.0,70528.0,70938.0,67569.0,38378062633.13138,1387722485989.3584,0.01960159260482598,0.01979496522506108,0.06660214143125032,69462.14285714286,68536.28571428571,0.015344432218988846,0.02906072695589823,31097581473.7593,1.2341172790403485,0.024604354070740513,-1,0.11118018813193754,-0.01960159260482598,0,0.0,-0.01960159260482598,0.0,lower,3.0,-0.0908,0.031
2024-04-11,70602.0,70107.0,71221.0,69581.0,30118549149.510498,1379324055321.196,-0.005987147688615482,-0.005969260435571666,0.022832715707157725,69685.71428571429,68753.95238095238,0.006045510455104486,0.01967956127890136,30040681250.88393,1.0025920816500884,0.021914807945658577,-1,0.2750497802741603,0.005987147688615482,0,0.0,0.005987147688615482,0.0,lower,2.0,-0.0848,0.0296
2024-04-12,70000.0,67252.0,71212.0,65771.0,43471949726.09197,1321648247460.1611,-0.041575888585097386,-0.04072346555978723,-0.010694479177392968,69581.85714285714,68932.19047619047,-0.03348368725016582,-0.024374540611339146,31231987112.353573,1.3919047023715303,0.02752260647234943,-1,0.12587019603875835,0.041575888585097386,0,0.0,0.041575888585097386,0.0,lower,5.0,-0.0922,0.0311
2024-04-13,67197.0,64405.0,67936.0,61514.0,49214481480.20075,1270009515097.3306,-0.04325548796863056,-0.04233331350740499,-0.06660773032274891,68925.28571428571,68937.85714285714,-0.06558240081910638,-0.06575280014091367,35531279018.260704,1.3851030089546676,0.03028304344497966,-1,0.12886830467646987,0.04325548796863056,0,0.0,0.04325548796863056,0.0,time,5.0,-0.0147,0.0321
2024-04-14,63957.0,65753.0,65753.0,62138.0,40292911692.95434,1293286386553.3967,0.02071402754535155,0.02093005201459519,-0.05257773551194489,68404.0,68863.66666666667,-0.03875504356470383,-0.045171377262320345,38725198055.967,1.0404830372906453,0.03203728988456359,-1,0.19818780468028066,-0.02071402754535155,0,0.0,-0.02071402754535155,0.0,lower,3.0,-0.0697,0.0316
2024-04-15,65680.0,63431.0,66798.0,62629.0,42796604938.03423,1247928896840.997,-0.03595259646118077,-0.0353139780694417,-0.11438903160951641,67233.57142857143,68553.76190476191,-0.05655762958555999,-0.0747261968187638,40108720236.96889,1.0670149704399663,0.02815846276518833,-1,0.12271299174927816,0.03595259646118077,0,0.0,0.03595259646118077,1.0,time,5.0,0.0228,0.0316
2024-04-16,63409.0,63721.0,64329.0,61714.0,42157169474.39519,1253670904297.4917,0.004561477646243047,0.0045718970219608135,-0.07863040240604979,66456.71428571429,68250.85714285714,-0.041165355752509236,-0.0663706996877067,40918532727.759766,1.0302708006388293,0.02796272688075247,-1,0.22535348561217317,-0.004561477646243047,0,0.0,-0.004561477646243047,1.0,time,5.0,0.0189,0.0302
2024-04-17,63814.0,61329.0,64414.0,60062.0,41123362075.93534,1207185042484.4346,-0.038261364307484544,-0.037538645030680606,-0.13043046733212338,65142.57142857143,67864.80952380953,-0.05854192342948872,-0.09630631205877793,41310718362.446045,0.9954647051918365,0.025639794548559948,1,0.8342787946905067,0.03726136430748454,1,0.001,0.038261364307484544,1.0,upper,5.0,0.0861,0.0304
2024-04-18,61272.0,63462.0,63989.0,60862.0,35901618166.42319,1249565911947.3347,0.03418848730299043,0.034779631169593594,-0.09478368779151869,64193.28571428572,67519.66666666667,-0.011391934626006739,-0.060096070774441124,42136871079.147865,0.8520238272791381,0.032835311675162605,1,0.7342064702922441,0.03418848730299043,0,0.0,0.03418848730299043,1.0,time,5.0,0.0454,0.0316
2024-04-19,63517.0,63989.0,65416.0,60022.0,52227787323.81757,1263308149913.607,0.008269892013500485,0.008304182030191232,-0.048519003152322604,63727.142857142855,67237.28571428571,0.004109036293124646,-0.048310779945650806,43387705021.68009,1.2037462524860498,0.03129340365733718,1,0.6546261798527899,0.008269892013500485,0,0.0,0.008269892013500485,1.0,time,5.0,0.0045,0.0303
2024-04-20,63841.0,64894.0,65377.0,63230.0,16601830590.687477,1277940837359.7852,0.014043975925856917,0.014143055837722018,0.0075925782159769195,63797.0,67008.33333333333,0.01719516591689274,-0.031553289391866635,38728754894.606766,0.4286693604239622,0.027628096430219094,1,0.7849883591409947,0.014043975925856917,0,0.0,0.014043975925856917,0.0,time,5.0,-0.0063,0.0293
2024-04-21,64976.0,64936.0,65674.0,64365.0,19592118541.18973,1279763566407.3762,0.0006469999455460945,0.0006472092951581576,-0.012425288579988703,63680.28571428572,66707.80952380953,0.01971904289733084,-0.026560751079333977,35771498730.06896,0.547701920152451,0.02627002431101045,-1,0.2096809144694315,-0.0003530000544539055,1,0.001,0.0006469999455460945,0.0,time,5.0,-0.0176,0.0279
2024-04-22,64919.0,66842.0,67208.0,64565.0,27748586313.20611,1317058642854.2856,0.028929456022932388,0.029351977331526502,0.0537749680755466,64167.57142857143,66567.61904761905,0.04167881862890255,0.004121838159551139,33621781783.664944,0.825315757854561,0.023629205083037935,-1,0.07385020704059722,-0.028929456022932388,0,0.0,-0.028929456022932388,0.0,time,5.0,-0.051,0.0281
2024-04-23,66840.0,66407.0,67166.0,65889.0,23232230785.201836,1306843409278.049,-0.006529152869147214,-0.006507884264384645,0.04215250859214392,64551.28571428572,66613.66666666667,0.028747905873292234,-0.0031024664608364505,30918219113.78018,0.7514090866523189,0.024240857459829644,-1,0.08858488847082374,0.006529152869147214,0,0.0,0.006529152869147214,0.0,time,5.0,-0.0522,0.0268
2024-04-24,66429.0,64280.0,67058.0,63571.0,30939903322.025898,1265541377860.928,-0.03255393174334784,-0.03202975589922752,0.04811753004288355,64972.857142857145,66525.85714285714,-0.010663793672082922,-0.03375916131429024,29463439291.793118,1.050111733922524,0.02262068301112119,-1,0.1178827465830734,0.03255393174334784,0,0.0,0.03255393174334784,0.0,time,5.0,-0.0075,0.0274
2024-04-25,64247.0,64486.0,65069.0,62924.0,24705345525.57077,1269387456067.624,0.003199605109163108,0.0032047293092718476,0.016135640225646952,65119.142857142855,66332.71428571429,-0.009722837699688847,-0.027840173669962498,27863971771.671337,0.8866412056406162,0.019007157091709817,-1,0.14320978627688383,-0.003199605109163108,0,0.0,-0.003199605109163108,0.0,lower,5.0,-0.0597,0.0261
2024-04-26,64496.0,63802.0,64728.0,63353.0,23302057197.884678,1255539337969.4697,-0.010663608156685551,-0.010606953447259926,-0.0029223772835955675,65092.42857142857,66133.80952380953,-0.019824557168158674,-0.03525896270908191,23731724610.823784,0.9818948087429289,0.019375918983006602,-1,0.13271589574541856,0.010663608156685551,0,0.0,0.010663608156685551,0.0,lower,5.0,-0.0902,0.025
2024-04-27,63752.0,63517.0,63787.0,62528.0,19190483386.063873,1249495302303.4912,-0.004476951217387518,-0.004466944609886836,-0.021219219034117165,64895.71428571428,65872.66666666667,-0.021245074515156115,-0.035760912467487804,24101532153.020412,0.7962349971870529,0.01831870972224845,-1,0.10706531132744221,0.004476951217387518,0,0.0,0.004476951217387518,0.0,lower,4.0,-0.0857,0.0238
2024-04-28,63395.0,63030.0,64258.0,62837.0,16180294651.046635,1240724751365.882,-0.007696783079383259,-0.007667238692003697,-0.02935197733152639,64623.42857142857,65569.23809523809,-0.0246571345199883,-0.03872605766060444,23614128740.14283,0.6851954958448646,0.018318766528270844,-1,0.12150816996303772,0.007696783079383259,0,0.0,0.007696783079383259,0.0,lower,3.0,-0.078,0.0227
2024-04-29,63133.0,63798.0,64110.0,61890.0,27242983698.21234,1257159131219.0603,0.012111038371985319,0.012184673964778625,-0.045540229197211346,64188.57142857143,65196.57142857143,-0.006084750289326091,-0.02145161007590235,23541899795.14372,1.157212626647578,0.013646785205928378,-1,0.18595336642203872,-0.012111038371985319,0,0.0,-0.012111038371985319,0.0,lower,1.0,-0.049,0.0221
2024-04-30,63827.0,60749.0,64555.0,59131.0,39533113322.04938,1197773959985.8767,-0.04897122071717829,-0.04779146681714164,-0.08520186124956708,63380.28571428572,64796.09523809524,-0.04151583863391506,-0.062458937119961644,25870597300.407654,1.5281098021430852,0.02071362093470778,1,0.8959774722703687,0.04797122071717829,1,0.001,0.04897122071717829,1.0,upper,5.0,0.0523,0.0253
2024-05-01,60570.0,58298.0,60693.0,56637.0,51109380171.692604,1151677489315.1536,-0.041182833729144164,-0.04034634314968144,-0.09306160547604236,62525.71428571428,64213.71428571428,-0.06761560957777368,-0.09212540267321623,28751951136.07433,1.7775969335022619,0.022208212903837437,1,0.9478911790559845,-0.041182833729144164,0,0.0,-0.041182833729144164,1.0,upper,2.0,0.075,0.0263
2024-05-02,58306.0,59135.0,59633.0,56990.0,28255509745.49032,1164721402399.166,0.014255178252398557,0.01435726783080038,-0.08297925131036199,61761.28571428572,63691.23809523809,-0.042523171010966254,-0.07153634049985191,29259117453.20569,0.9656993171677017,0.023949921319680323,1,0.7742409488792656,0.014255178252398557,0,0.0,0.014255178252398557,1.0,upper,1.0,0.0608,0.026
2024-05-03,59102.0,62839.0,63160.0,58842.0,33591665812.212433,1239817041554.716,0.06075293412678444,0.06263634057664658,-0.015093570734459716,61623.71428571428,63481.09523809524,0.019721072129004202,-0.010114747322599982,30729061540.966797,1.093156254297884,0.037083057543487036,-1,0.1801315757913848,0.05975293412678444,1,0.001,0.06075293412678444,0.0,time,5.0,-0.0262,0.0321
2024-05-04,62889.0,63820.0,64349.0,62660.0,20510614461.479218,1257549583083.3145,0.01549072102023268,0.015611324177660313,0.004770376434655388,61667.0,63453.23809523809,0.03491332479283904,0.005780034491091435,30917651694.59756,0.6633949649242982,0.03759594065741688,-1,0.12366433762578533,-0.01549072102023268,0,0.0,-0.01549072102023268,0.0,time,5.0,-0.0106,0.031
2024-05-05,63917.0,64010.0,64509.0,63005.0,18115695040.201984,1259667234461.2874,0.002972700303814642,0.0029771231588844316,0.015548151673806077,61807.0,63370.23809523809,0.03564321193392339,0.010095620972741415,31194137464.4769,0.580740373438172,0.03738826669995597,-1,0.15336508287735276,-0.002972700303814642,0,0.0,-0.002972700303814642,0.0,time,5.0,-0.05,0.0295
2024-05-06,64028.0,63172.0,65489.0,62861.0,17917770174.27797,1244417948315.7583,-0.013178156146103905,-0.013091704421184236,-0.009812219818803092,61717.57142857143,63357.90476190476,0.023565874964990297,-0.0029341999645250416,29861964103.914845,0.6000198149032329,0.03755153609913707,-1,0.09919439724660956,0.013178156146103905,0,0.0,0.013178156146103905,0.0,time,5.0,-0.0386,0.0283
2024-05-07,63159.0,62363.0,64413.0,62303.0,19925137720.849453,1229336706399.346,-0.012889014213988168,-0.012806306591527927,0.026568338573474515,61948.142857142855,63293.23809523809,0.0066968455182561115,-0.014697274515144132,27060824732.314854,0.7363093297395229,0.03220321768673279,-1,0.22234210003390548,0.012889014213988168,0,0.0,0.012889014213988168,0.0,time,5.0,-0.0138,0.0272
2024-05-08,62333.0,61216.0,62947.0,60842.0,20303831135.373127,1203918522476.5405,-0.01856355753597771,-0.018392315956576866,0.05005317506604001,62365.0,63287.857142857145,-0.018423795398059828,-0.03273704050652915,22660032012.84064,0.8960195256506108,0.027928050454600714,-1,0.09729536469988244,0.01856355753597771,0,0.0,0.01856355753597771,1.0,time,5.0,0.0268,0.0264
2024-05-09,61188.0,63149.0,63337.0,60687.0,25837724247.550426,1240910691253.6274,0.031088420100530468,0.031576711970726645,0.06787858290352577,62938.42857142857,63272.95238095238,0.003345673435942942,-0.001959010545392159,22314634084.563515,1.1578824976307391,0.029371494082153924,-1,0.11949246498262149,-0.031088420100530468,0,0.0,-0.031088420100530468,0.0,time,5.0,-0.0253,0.0271
2024-05-10,63065.0,60888.0,63458.0,60321.0,23987518755.480534,1199393711200.297,-0.03646090239328238,-0.03580420909278059,-0.031047597829373497,62659.71428571428,63125.28571428572,-0.02827517338549712,-0.03544198951291877,20942613076.458958,1.145392825045518,0.022646970117248436,1,0.796420639404984,0.03546090239328238,1,0.001,0.03646090239328238,1.0,upper,5.0,0.084,0.0281
2024-05-11,60790.0,60777.0,61427.0,60532.0,12120618802.065384,1197102943502.2341,-0.0018246830361661258,-0.0018230193141505202,-0.04768097774992164,62225.0,62929.23809523809,-0.023270389714744932,-0.03420092409161002,19744042267.97127,0.6138874014531167,0.02099370428636188,1,0.5301577684959745,-0.0018246830361661258,0,0.0,-0.0018246830361661258,1.0,upper,4.0,0.0858,0.0267
2024-05-12,60795.0,61507.0,61759.0,60698.0,13045696108.912676,1211277523448.5786,0.01193956154462499,0.012011122628625914,-0.03910326511482576,61867.42857142857,62765.95238095238,-0.0058258211105775,-0.02005788701032185,19019756706.35851,0.6859023651207568,0.021948466243246045,1,0.6928905414435285,0.01193956154462499,0,0.0,0.01193956154462499,1.0,upper,3.0,0.0738,0.0258
2024-05-13,61484.0,62879.0,63340.0,60777.0,27740460083.601814,1238994152713.125,0.0220612552130548,0.022306404149121217,-0.004638130817450792,61825.57142857143,62577.23809523809,0.01703871953121583,0.0048222311170500465,20422998121.976204,1.358295188489081,0.023892981083656784,1,0.8300979946072632,0.0220612552130548,0,0.0,0.0220612552130548,1.0,upper,2.0,0.0518,0.0256
2024-05-14,62905.0,61569.0,63088.0,61109.0,21581895152.31416,1212998352772.157,-0.021053747571523763,-0.020833664657516793,-0.012731908343088016,61712.142857142855,62346.857142857145,-0.0023195249835062937,-0.012476284747999666,20659677755.04259,1.0446385179965585,0.02476340756381219,1,0.754154233522843,-0.021053747571523763,0,0.0,-0.021053747571523763,1.0,upper,1.0,0.0728,0.0252
2024-05-15,61540.0,66221.0,66413.0,61377.0,38101793065.15294,1307048849176.4167,0.07283913606789016,0.07555750458834809,0.08175967067433354,62427.142857142855,62439.28571428572,0.06077255772443313,0.06056626437110335,23202243745.011135,1.6421598481545756,0.03670433319731723,1,0.8730924259786954,0.07283913606789016,0,0.0,0.07283913606789016,1.0,time,4.0,0.0005,0.0328
2024-05-16,66229.0,65261.0,66568.0,64596.0,29114585833.349678,1286278919684.0837,-0.014603018813100575,-0.014496911855755745,0.033444710130009936,62728.857142857145,62476.19047619047,0.04036647521532588,0.04457393292682932,23670366828.696743,1.2300014631819158,0.03670955526026805,1,0.7385881175460611,-0.014603018813100575,0,0.0,-0.014603018813100575,1.0,time,3.0,0.0151,0.0318
2024-05-17,65216.0,67053.0,67422.0,65157.0,25397793918.993534,1319238394090.13,0.02708873708619805,0.027458972433765938,0.10125147812376833,63609.57142857143,62631.0,0.05413381184772281,0.07060401398668392,23871834709.1986,1.0639229966353165,0.03245142329644227,1,0.5166806265239342,0.02708873708619805,0,0.0,0.02708873708619805,0.0,time,2.0,-0.012,0.0311
2024-05-18,67059.0,66913.0,67377.0,66693.0,13025487675.845129,1319928522881.6436,-0.0020900833191291155,-0.0020879006159306712,0.10095924445102589,64486.142857142855,62792.71428571428,0.03763377735637552,0.0656172576891314,24001101691.167133,0.5427037409969709,0.032473519572953455,1,0.8570117455178996,-0.0020900833191291155,0,0.0,-0.0020900833191291155,0.0,time,1.0,-0.0099,0.0296
2024-05-19,66940.0,66253.0,67698.0,66000.0,9072734600.009218,1304727108597.6987,-0.009912521276984262,-0.00986355416735163,0.0771619490464499,65164.142857142855,62946.19047619047,0.016709452393845137,0.05253391029375054,23433535761.323784,0.3871688289986287,0.03375476493485557,1,0.8730795370325511,-0.009912521276984262,0,0.0,-0.009912521276984262,,,,,
