timestamp,bitcoin_open,bitcoin_close,bitcoin_high,bitcoin_low,bitcoin_total_volume,bitcoin_market_cap,bitcoin_log_return_1,ema_fast,ema_slow,tr1,tr2,tr3,tr,atr,signal,trailing_stop,raw_stop,strategy_returns,position_change,transaction_cost,strategy_returns_gross
2020-01-01,7193.96,7193.75,7239.84,7174.58,18123516838.8979,130422953817.668,-0.00019459444494260061,7254.9409491696315,7501.969342819953,65.26000000000022,44.69000000000051,20.56999999999971,65.26000000000022,188.52857142857152,0,,,-0.0,0,0.0,-0.0
2020-01-02,7194.41,6963.85,7203.05,6953.31,20313194628.09452,126280790200.20206,-0.032480111159292016,7225.831854252669,7480.005288010975,249.73999999999978,9.300000000000182,240.4399999999996,249.73999999999978,185.92285714285723,0,,,-0.0,0,0.0,-0.0
2020-01-03,6963.31,7300.35,7371.04,6891.25,31015776262.21867,132766262579.09486,0.047189809881726635,7233.283668827402,7472.672419112568,479.78999999999996,407.1899999999996,72.60000000000036,479.78999999999996,212.15928571428574,0,,,0.0,0,0.0,0.0
2020-01-04,7319.41,7351.38,7376.23,7269.76,20611640058.34164,133474716218.18333,0.006965758492512528,7245.093301944662,7467.721708128381,106.46999999999935,75.8799999999992,30.590000000000146,106.46999999999935,215.1242857142857,0,,,0.0,0,0.0,0.0
2020-01-05,7348.62,7349.97,7473.64,7330.32,21929224570.56102,133388991086.87987,-0.0001918191192405128,7255.580971750196,7462.915515959875,143.32000000000062,122.26000000000022,21.0600000000004,143.32000000000062,199.7064285714286,0,,,-0.0,0,0.0,-0.0
2020-01-06,7350.06,7734.68,7752.96,7349.44,28148518761.51164,140557168287.4443,0.05101788119117712,7303.490874575176,7474.007943879879,403.52000000000044,402.9899999999998,0.5300000000006548,403.52000000000044,201.8185714285715,0,,,0.0,0,0.0,0.0
2020-01-07,7734.45,8147.42,8147.42,7734.45,34823187724.289955,147798610895.50055,0.051987199943561734,7387.883787117659,7501.494150252129,412.97000000000025,412.7399999999998,0.23000000000047294,412.97000000000025,215.7107142857144,0,,,0.0,0,0.0,0.0
2020-01-08,8138.67,8045.79,8388.78,7899.66,39971512000.06816,146089575425.2795,-0.012552339456942431,7453.674408405894,7523.710307384695,489.1200000000008,241.36000000000058,247.76000000000022,489.1200000000008,241.3885714285716,0,,,-0.0,0,0.0,-0.0
2020-01-09,8027.56,7832.8,8038.98,7778.17,29276053440.88472,141913856953.47913,-0.026828928203834104,7491.586967565305,7536.326213205727,260.8099999999995,6.8100000000004,267.6199999999999,267.6199999999999,244.30000000000018,0,,,-0.0,0,0.0,-0.0
2020-01-10,7826.99,8180.51,8180.51,7688.29,35777298156.26295,146879934259.3087,0.043434450801690144,7560.479270808774,7562.619428993248,492.22000000000025,347.71000000000004,144.51000000000022,492.22000000000025,267.31928571428585,0,,,0.0,0,0.0,0.0
2020-01-11,8151.94,8012.09,8217.85,8002.02,31504583511.03613,145561586658.57422,-0.020802844968659494,7605.640343727897,7580.96516658536,215.82999999999993,37.340000000000146,178.48999999999978,215.82999999999993,275.3407142857144,1,7323.738214285714,7323.738214285714,-0.001,1,0.001,-0.0
2020-01-12,7983.41,8171.4,8171.4,7972.94,27533390875.51989,148204228775.38776,0.019688601930074504,7662.216309355107,7605.064547541059,198.46000000000004,159.3099999999995,39.150000000000546,198.46000000000004,274.2964285714287,1,7485.658928571428,7485.658928571428,0.019688601930074504,0,0.0,0.019688601930074504
2020-01-13,8160.01,8110.65,8164.32,8054.45,27962176780.628242,147446058196.45944,-0.007462239939709934,7707.059678419597,7625.70068845775,109.86999999999989,7.079999999999927,116.94999999999982,116.94999999999982,271.18571428571437,1,7485.658928571428,7432.685714285713,-0.007462239939709934,0,0.0,-0.007462239939709934
2020-01-14,8099.45,8801.87,8832.87,8099.13,55384169405.51928,159481192213.82108,0.08178618602811422,7816.540710577638,7673.707599132944,733.7400000000007,722.2200000000012,11.519999999999527,733.7400000000007,312.5007142857144,1,8020.618214285715,8020.618214285715,0.08178618602811422,0,0.0,0.08178618602811422
2020-01-15,8795.71,8820.85,8859.04,8570.39,48160401007.254,159960761751.8495,0.0021540383480806754,7916.971639519874,7720.529737943843,288.65000000000146,57.17000000000007,231.48000000000138,288.65000000000146,328.4571428571431,1,8020.618214285715,7999.707142857143,0.0021540383480806754,0,0.0,0.0021540383480806754
2020-01-16,8821.03,8720.92,8845.85,8585.49,36462155571.2176,158412991117.64667,-0.011393500314487973,7997.3664755678865,7761.361993537972,260.3600000000006,25.0,235.36000000000058,260.3600000000006,329.21571428571457,1,8020.618214285715,7897.880714285714,-0.011393500314487973,0,0.0,-0.011393500314487973
2020-01-17,8737.33,8902.57,8952.26,8660.3,41671910798.34088,161848747742.1508,0.020615262155898848,8087.886828011098,7807.941912169074,291.96000000000095,231.34000000000015,60.6200000000008,291.96000000000095,315.7992857142861,1,8113.0717857142845,8113.0717857142845,0.020615262155898848,0,0.0,0.020615262155898848
2020-01-18,8883.98,8906.9,8950.64,8805.15,36801813631.51236,161823609428.34625,0.0004862581632488282,8169.788145209988,7852.797344325439,145.48999999999978,48.06999999999971,97.42000000000007,145.48999999999978,318.58642857142894,1,8113.0717857142845,8110.433928571427,0.0004862581632488282,0,0.0,0.0004862581632488282
2020-01-19,8905.12,8690.38,9167.74,8544.89,39242297095.94223,157906057309.30655,-0.024609590517258157,8221.84733068899,7886.984391495828,622.8500000000004,260.84000000000015,362.0100000000002,622.8500000000004,352.8385714285718,1,8113.0717857142845,7808.283571428569,-0.024609590517258157,0,0.0,-0.024609590517258157
2020-01-20,8690.27,8631.25,8728.03,8524.91,29527689342.88548,156848009983.54858,-0.006827328569251031,8262.787597620092,7917.362579598039,203.1200000000008,37.650000000001455,165.46999999999935,203.1200000000008,338.5242857142861,1,8113.0717857142845,7784.939285714285,-0.006827328569251031,0,0.0,-0.006827328569251031
2020-01-21,8631.41,8724.82,8760.28,8515.56,27057681779.746685,158564958350.98007,0.010782499327723639,8308.990837858084,7950.3200253287305,244.72000000000116,129.03000000000065,115.69000000000051,244.72000000000116,326.506428571429,1,8113.0717857142845,7908.553928571428,0.010782499327723639,0,0.0,0.010782499327723639
2020-01-22,8718.03,8665.44,8776.03,8613.93,25628542094.50134,157502652064.02246,-0.0068291366288682955,8344.635754072277,7979.508595723476,162.10000000000036,51.210000000000946,110.88999999999942,162.10000000000036,303.14785714285756,1,8113.0717857142845,7907.570357142857,-0.0068291366288682955,0,0.0,-0.0068291366288682955
2020-01-23,8665.85,8415.96,8670.01,8310.85,30696020541.207973,152984928858.5764,-0.029212797741972586,8351.768178665048,7997.32293875517,359.15999999999985,4.569999999999709,354.59000000000015,359.15999999999985,309.686428571429,1,8113.0717857142845,7641.743928571426,-0.029212797741972586,0,0.0,-0.029212797741972586
2020-01-24,8415.12,8432.1,8504.82,8238.24,30691734305.128674,153294353936.51035,0.001915948178876803,8359.801360798543,8015.068941254959,266.5799999999999,88.86000000000058,177.71999999999935,266.5799999999999,293.56928571428614,1,8113.0717857142845,7698.176785714285,0.001915948178876803,0,0.0,0.001915948178876803
2020-01-25,8431.4,8348.67,8431.4,8285.25,26582198966.298725,151794495723.25214,-0.009943606572221824,8358.68822471869,8028.685310999655,146.14999999999964,0.7000000000007276,146.85000000000036,146.85000000000036,288.6421428571433,1,8113.0717857142845,7627.064642857142,-0.009943606572221824,0,0.0,-0.009943606572221824
2020-01-26,8346.73,8595.73,8598.31,8310.78,30241155463.270596,156302144661.30927,0.029163323589837756,8382.39240224682,8051.829992183341,287.52999999999884,249.63999999999942,37.88999999999942,287.52999999999884,295.0042857142861,1,8113.0717857142845,7858.2192857142845,0.029163323589837756,0,0.0,0.029163323589837756
2020-01-27,8597.06,8879.34,8955.0,8564.29,39661537339.92209,161473602737.4275,0.032461661588723975,8432.087162022139,8085.605910869735,390.7099999999991,359.27000000000044,31.43999999999869,390.7099999999991,314.5585714285717,1,8113.0717857142845,8092.943571428571,0.032461661588723975,0,0.0,0.032461661588723975
2020-01-28,8878.39,9320.81,9332.08,8878.39,49812761504.1306,169518428144.8912,0.048522304874735384,8520.959445819924,8136.022404303623,453.6900000000005,452.7399999999998,0.9500000000007276,453.6900000000005,294.5550000000003,1,8584.422499999999,8584.422499999999,0.048522304874735384,0,0.0,0.048522304874735384
2020-01-29,9336.81,9276.89,9388.92,9228.95,47273353143.75747,168738228801.50467,-0.0047231734729128545,8596.552501237933,8182.588428617761,159.96999999999935,68.11000000000058,91.85999999999876,159.96999999999935,285.36357142857156,1,8584.422499999999,8563.48107142857,-0.0047231734729128545,0,0.0,-0.0047231734729128545
2020-01-30,9276.19,9509.81,9570.22,9184.93,51037775414.9802,172993102966.37723,0.024797536068823237,8687.87825111414,8236.76073765377,385.28999999999905,293.3299999999999,91.95999999999913,385.28999999999905,294.2871428571429,1,8774.092142857142,8774.092142857142,0.024797536068823237,0,0.0,0.024797536068823237
2020-01-31,9505.25,9308.06,9511.61,9204.19,50102814005.68021,169340144566.23718,-0.021443205901042796,8749.896426002726,8280.487238157699,307.4200000000001,1.8000000000010914,305.619999999999,307.4200000000001,295.39142857142855,1,8774.092142857142,8569.581428571428,-0.021443205901042796,0,0.0,-0.021443205901042796
2020-02-01,9311.96,9363.22,9439.53,9285.88,48307978233.84802,170361167834.16483,0.005908556936036987,8811.228783402454,8324.680412110445,153.65000000000146,131.47000000000116,22.18000000000029,153.65000000000146,295.9742857142858,1,8774.092142857142,8623.284285714284,0.005908556936036987,0,0.0,0.005908556936036987
2020-02-02,9357.81,9338.42,9456.88,9204.42,55025402183.682236,169926610304.08496,-0.0026521753746731633,8863.947905062209,8366.057538146753,252.45999999999913,93.65999999999985,158.79999999999927,252.45999999999913,269.51785714285717,1,8774.092142857142,8664.625357142857,-0.0026521753746731633,0,0.0,-0.0026521753746731633
2020-02-03,9321.98,9308.91,9575.81,9240.22,56824765307.81458,169406963182.6937,-0.0031650670240796425,8908.444114555989,8404.541312099947,335.59000000000015,237.38999999999942,98.20000000000073,335.59000000000015,278.97999999999996,1,8774.092142857142,8611.46,-0.0031650670240796425,0,0.0,-0.0031650670240796425
2020-02-04,9303.21,9179.96,9332.49,9085.8,55377658455.62325,167075369075.11478,-0.013949158700021096,8935.595703100389,8436.191054463214,246.6900000000005,23.579999999999927,223.11000000000058,246.6900000000005,279.1207142857142,1,8774.092142857142,8482.158214285713,-0.013949158700021096,0,0.0,-0.013949158700021096
2020-02-05,9182.73,9592.18,9694.36,9160.11,65675565620.91084,174596806174.2994,0.04392533586274144,9001.254132790351,8483.374276730021,534.25,514.4000000000015,19.849999999998545,534.25,305.702857142857,1,8827.922857142858,8827.922857142858,0.04392533586274144,0,0.0,0.04392533586274144
2020-02-06,9585.98,9744.64,9842.37,9513.03,71141695218.03949,177388314197.5645,0.015769207068428836,9075.592719511316,8534.854510332876,329.34000000000015,250.1900000000005,79.14999999999964,329.34000000000015,303.57285714285706,1,8985.707857142857,8985.707857142857,0.015769207068428836,0,0.0,0.015769207068428836
2020-02-07,9757.21,9799.45,9845.58,9726.36,69495711755.62915,178414902529.15167,0.005608871397021804,9147.978447560185,8586.470652768268,119.21999999999935,100.94000000000051,18.279999999998836,119.21999999999935,293.0471428571427,1,9066.832142857143,9066.832142857143,0.005608871397021804,0,0.0,0.005608871397021804
2020-02-08,9806.27,9890.7,9913.44,9641.16,71561797135.19986,180081607384.42255,0.009268660041519546,9222.250602804166,8639.704503675686,272.28000000000065,113.98999999999978,158.29000000000087,272.28000000000065,302.00642857142844,1,9135.68392857143,9135.68392857143,0.009268660041519546,0,0.0,0.009268660041519546
2020-02-09,9889.45,10148.38,10148.38,9889.05,78110955304.52135,184792100015.16357,0.025719165143944563,9314.86354252375,8701.283095362392,259.3299999999999,257.6799999999985,1.6500000000014552,259.3299999999999,299.9921428571428,1,9398.399642857143,9398.399642857143,0.025719165143944563,0,0.0,0.025719165143944563
2020-02-10,10156.02,9890.12,10175.39,9771.54,81406687324.35088,180145850760.05313,-0.025777807808926714,9372.389188271376,8749.807050653722,403.84999999999854,27.01000000000022,376.8399999999983,403.84999999999854,300.9307142857142,1,9398.399642857143,9137.793214285715,-0.025777807808926714,0,0.0,-0.025777807808926714
2020-02-11,9880.45,10226.93,10276.86,9717.91,38930644711.90421,186262984851.99295,0.03348815814432289,9457.843269444238,8810.0977832801,558.9500000000007,386.7399999999998,172.21000000000095,558.9500000000007,308.4492857142856,1,9455.806785714287,9455.806785714287,0.03348815814432289,0,0.0,0.03348815814432289
2020-02-12,10228.71,10328.9,10383.85,10210.85,45456624047.83392,188132988212.86746,0.009921354324817083,9544.948942499814,8872.089710493157,173.0,156.92000000000007,16.079999999999927,173.0,309.38,1,9555.449999999999,9555.449999999999,0.009921354324817083,0,0.0,0.009921354324817083
2020-02-13,10328.39,10221.26,10454.25,10113.01,54151236617.55855,186190344916.03287,-0.010475926650809575,9612.580048249833,8927.157885575069,341.2399999999998,125.35000000000036,215.88999999999942,341.2399999999998,306.23357142857145,1,9555.449999999999,9455.676071428572,-0.010475926650809575,0,0.0,-0.010475926650809575
2020-02-14,10223.05,10320.16,10364.73,10118.42,50206573483.049774,187680301470.73926,0.009629398961710871,9683.33804342485,8984.01511473527,246.3099999999995,143.46999999999935,102.84000000000015,246.3099999999995,301.86857142857144,1,9565.488571428572,9565.488571428572,0.009629398961710871,0,0.0,0.009629398961710871
2020-02-15,10317.51,9894.14,10353.26,9840.68,51460340288.898056,180265718400.57037,-0.04215660111390234,9704.418239082366,9021.16306923587,512.5799999999999,33.100000000000364,479.47999999999956,512.5799999999999,327.50642857142844,1,9565.488571428572,9075.37392857143,-0.04215660111390234,0,0.0,-0.04215660111390234
2020-02-16,9896.24,9943.67,10040.51,9666.52,42364906261.0548,181221481668.7407,0.004993505121740295,9728.34341517413,9058.816413348692,373.9899999999998,146.3700000000008,227.61999999999898,373.9899999999998,336.18714285714276,1,9565.488571428572,9103.202142857142,0.004993505121740295,0,0.0,0.004993505121740295
2020-02-17,9934.92,9723.61,9946.32,9493.63,48517591137.467995,176547652266.39673,-0.022379219119339776,9727.870073656717,9085.950845456908,452.6900000000005,2.649999999999636,450.0400000000009,452.6900000000005,344.5514285714285,1,9565.488571428572,8862.23142857143,-0.022379219119339776,0,0.0,-0.022379219119339776
2020-02-18,9722.14,10133.82,10204.28,9604.33,54648014949.72496,184918071499.10074,0.041321396208929065,9768.465066291046,9128.721015030094,599.9500000000007,480.6700000000001,119.28000000000065,599.9500000000007,369.78428571428566,1,9565.488571428572,9209.359285714285,0.041321396208929065,0,0.0,0.041321396208929065
2020-02-19,10155.32,9618.41,10228.18,9580.01,50502739123.75383,175312937106.92148,-0.05219937455464907,9753.459559661942,9148.70832053907,648.1700000000001,94.36000000000058,553.8099999999995,648.1700000000001,377.9214285714285,1,9565.488571428572,8673.60642857143,-0.05219937455464907,0,0.0,-0.05219937455464907
2020-02-20,9625.62,9608.17,9665.92,9483.53,53579139400.80847,174871048291.16623,-0.001065192142151273,9738.930603695748,9167.46185847625,182.38999999999942,47.51000000000022,134.8799999999992,182.38999999999942,367.4249999999999,1,9565.488571428572,8689.6075,-0.001065192142151273,0,0.0,-0.001065192142151273
2020-02-21,9601.62,9673.01,9739.71,9578.06,37678167400.71924,176701844101.55685,0.006725754795484582,9732.338543326174,9188.096476497627,161.64999999999964,131.53999999999905,30.110000000000582,161.64999999999964,370.45571428571424,1,9565.488571428572,8746.870714285715,0.006725754795484582,0,0.0,0.006725754795484582
2020-02-22,9668.09,9658.61,9691.25,9562.29,32555342237.084362,176097270350.4831,-0.001489787473927134,9724.965688993556,9207.30111010997,128.95999999999913,18.23999999999978,110.71999999999935,128.95999999999913,360.21857142857124,1,9565.488571428572,8758.063571428573,-0.001489787473927134,0,0.0,-0.001489787473927134
2020-02-23,9656.0,9946.72,9949.8,9653.46,38743680759.32858,181368043820.09412,0.02939310305198382,9747.1411200942,9237.481472962623,296.34000000000015,291.1899999999987,5.150000000001455,296.34000000000015,362.8621428571427,1,9565.488571428572,9039.564642857142,0.02939310305198382,0,0.0,0.02939310305198382
2020-02-24,9946.6,9670.96,9969.09,9517.12,41928789500.12296,175872097740.40662,-0.02811526793402875,9739.52300808478,9255.174474066189,451.96999999999935,22.3700000000008,429.59999999999854,451.96999999999935,366.29928571428565,1,9565.488571428572,8755.211785714286,-0.02811526793402875,0,0.0,-0.02811526793402875
2020-02-25,9665.38,9345.34,9665.91,9311.3,39441760776.318504,170478976467.6238,-0.034249757311101095,9700.104707276301,9258.854699614507,354.6100000000006,5.049999999999272,359.65999999999985,359.65999999999985,352.0642857142856,0,9565.488571428572,8465.179285714286,-0.035249757311101096,1,0.001,-0.034249757311101095
2020-02-26,9332.97,8801.66,9374.85,8687.11,45140119229.636024,160731785487.8149,-0.05993748328004498,9610.260236548671,9240.193691466975,687.7399999999998,29.51000000000022,658.2299999999996,687.7399999999998,388.8314285714284,0,9565.488571428572,,-0.0,0,0.0,-0.0
2020-02-27,8806.42,8781.18,8954.05,8575.79,43045469000.97675,160149975301.41962,-0.00232954508619813,9527.352212893804,9221.458438754036,378.2599999999984,152.38999999999942,225.86999999999898,378.2599999999984,391.475714285714,0,9565.488571428572,,-0.0,0,0.0,-0.0
2020-02-28,8816.64,8717.33,8894.61,8468.46,41297721067.30182,159030381910.26715,-0.007297796598203316,9446.349991604424,9200.881767784484,426.15000000000146,113.43000000000029,312.72000000000116,426.15000000000146,404.32142857142844,0,9565.488571428572,,-0.0,0,0.0,-0.0
2020-02-29,8724.31,8552.99,8792.87,8552.99,33291626663.006737,156047250857.11172,-0.019032068956237366,9357.01399244398,9174.437205834096,239.88000000000102,75.54000000000087,164.34000000000015,239.88000000000102,384.8428571428571,0,9565.488571428572,,-0.0,0,0.0,-0.0
2020-03-01,8547.97,8567.8,8759.62,8456.63,34310775733.322155,155934421965.2728,0.0017300607850451804,9278.092593199583,9149.676503555153,302.9900000000016,206.63000000000102,96.36000000000058,302.9900000000016,379.77142857142866,0,9565.488571428572,,0.0,0,0.0,0.0
2020-03-02,8517.42,8905.88,8952.72,8504.61,59776629742.57125,162521881368.8758,0.038700742543703134,9240.871333879624,9139.725625859024,448.10999999999876,384.9200000000001,63.18999999999869,448.10999999999876,379.4442857142857,0,9565.488571428572,,0.0,0,0.0,0.0
2020-03-03,8912.01,8756.72,8912.37,8649.94,68336042797.3885,159816567727.14258,-0.016890327137873737,9192.456200491662,9124.0927431709,262.4300000000003,6.490000000001601,255.9399999999987,262.4300000000003,355.33571428571423,0,9565.488571428572,,-0.0,0,0.0,-0.0
2020-03-04,8752.8,8758.65,8843.49,8692.54,38832067216.87788,159869936941.09732,0.00022037787472499207,9149.075580442497,9109.176712837394,150.9499999999989,86.77000000000044,64.17999999999847,150.9499999999989,319.8199999999998,0,9565.488571428572,,0.0,0,0.0,0.0
2020-03-05,8766.14,9038.87,9136.05,8766.14,38122635173.15044,165070261612.788,0.03149238310777801,9138.055022398248,9106.307051088928,369.90999999999985,377.39999999999964,7.489999999999782,377.39999999999964,333.7492857142856,0,9565.488571428572,,0.0,0,0.0,0.0
2020-03-06,9047.88,9135.85,9152.04,9008.53,41388087588.44269,166791067805.42844,0.010672067624011319,9137.834520158423,9107.512885738359,143.51000000000022,113.17000000000007,30.340000000000146,143.51000000000022,332.4535714285713,0,9565.488571428572,,0.0,0,0.0,0.0
2020-03-07,9128.44,8902.2,9160.97,8864.91,36764763103.12236,162543409238.00458,-0.025907797012279483,9114.271068142581,9099.132767953119,296.0599999999995,25.11999999999898,270.9400000000005,296.0599999999995,344.3892857142856,0,9565.488571428572,,-0.0,0,0.0,-0.0
2020-03-08,8910.02,8041.37,8910.02,8041.37,39132209137.697235,147076617271.6885,-0.10169897051793265,9006.980961328323,9055.95877742442,868.6500000000005,7.819999999999709,860.8300000000008,868.6500000000005,385.26857142857136,-1,9004.541428571429,9004.541428571429,-0.001,1,0.001,-0.0
2020-03-09,8050.87,7921.33,8223.75,7697.08,45678665163.11017,144664117909.4077,-0.015040345664014953,8898.415865195491,9009.647398754034,526.6700000000001,182.3800000000001,344.28999999999996,526.6700000000001,390.6042857142857,-1,8897.840714285714,8897.840714285714,0.015040345664014953,0,0.0,0.015040345664014953
2020-03-10,7954.51,7906.73,8138.89,7785.01,40882213633.94649,144410718987.88852,-0.0018448254733404463,8799.247278675943,8964.630362070195,353.8800000000001,217.5600000000004,136.3199999999997,353.8800000000001,390.1914285714286,-1,8882.208571428571,8882.208571428571,0.0018448254733404463,0,0.0,0.0018448254733404463
2020-03-11,7905.67,7935.52,7982.66,7620.77,38689036552.81125,144948460093.29614,0.0036345887350029324,8712.874550808348,8922.625857495901,361.8899999999994,75.93000000000029,285.9599999999991,361.8899999999994,366.9164285714286,-1,8852.811071428572,8852.811071428572,-0.0036345887350029324,0,0.0,-0.0036345887350029324
2020-03-12,7939.24,5142.99,7963.67,4795.52,50009548492.07486,93092131086.97026,-0.4337142618819257,8355.886095727514,8768.355006169537,3168.1499999999996,28.149999999999636,3140.0,3168.1499999999996,566.1942857142858,-1,6558.475714285714,6558.475714285714,0.4337142618819257,0,0.0,0.4337142618819257
2020-03-13,5154.34,5542.82,5874.4,4249.6,74329688818.10397,101262945297.35811,0.07486877412007929,8074.579486154763,8636.7005161218,1624.7999999999993,731.4099999999999,893.3899999999994,1624.7999999999993,651.8121428571428,-1,6558.475714285714,7172.350357142857,-0.07486877412007929,0,0.0,-0.07486877412007929
2020-03-14,5553.14,5214.19,5621.92,5138.66,36054625746.82817,95216478864.65564,-0.0611196413202621,7788.540537539287,8497.006209341318,483.2600000000002,79.10000000000036,404.15999999999985,483.2600000000002,669.1964285714284,-1,6558.475714285714,6887.181071428571,0.0611196413202621,0,0.0,0.0611196413202621
2020-03-15,5205.29,5397.93,5842.93,5160.25,32985693209.74783,98632587514.00247,0.0346317915456191,7549.479483785358,8370.513302837591,682.6800000000003,628.7400000000007,53.9399999999996,682.6800000000003,696.3171428571426,-1,6558.475714285714,7138.722857142857,-0.0346317915456191,0,0.0,-0.0346317915456191
2020-03-16,5354.9,5032.5,5359.95,4550.8,44034438467.966835,91962797384.28253,-0.07009866821408209,7297.7815354068225,8234.267861905444,809.1499999999996,37.98000000000047,847.1300000000001,847.1300000000001,724.8185714285713,-1,6558.475714285714,6844.546428571428,0.07009866821408209,0,0.0,0.07009866821408209
2020-03-17,5054.12,5389.42,5458.3,4995.44,36007089253.822556,98079756006.79294,0.06852089392004691,7106.94538186614,8118.151622643997,462.8600000000006,425.8000000000002,37.0600000000004,462.8600000000006,739.135,-1,6558.475714285714,7237.2575,-0.06852089392004691,0,0.0,-0.06852089392004691
2020-03-18,5314.73,5376.28,5422.75,5036.93,37618067230.41405,98259998309.05324,-0.0024410872539644877,6933.878843679527,8006.23849518914,385.8199999999997,33.32999999999993,352.4899999999998,385.8199999999997,755.9114285714285,-1,6558.475714285714,7266.058571428571,0.0024410872539644877,0,0.0,0.0024410872539644877
2020-03-19,5372.69,6170.2,6305.01,5264.7,48056214948.15649,112778383593.49141,0.13773456710491155,6857.510959311574,7931.2981484467255,1040.3100000000004,928.7300000000005,111.57999999999993,1040.3100000000004,803.2621428571429,-1,6558.475714285714,8178.3553571428565,-0.13773456710491155,0,0.0,-0.13773456710491155
2020-03-20,6136.49,6195.6,6849.59,5784.79,50936770688.25396,113030383272.51407,0.004108110388663244,6791.319863380417,7860.453326061144,1064.8000000000002,679.3900000000003,385.40999999999985,1064.8000000000002,869.0685714285713,-1,6558.475714285714,8368.271428571428,-0.004108110388663244,0,0.0,-0.004108110388663244
2020-03-21,6213.61,6145.77,6426.79,5951.22,40189198131.46317,112349835902.32983,-0.008075322397381268,6726.764877042376,7790.466251528036,475.5699999999997,231.1899999999996,244.3800000000001,475.5699999999997,881.8907142857144,-1,6558.475714285714,8350.496785714287,0.008075322397381268,0,0.0,0.008075322397381268
2020-03-22,6171.23,5859.65,6395.68,5820.76,37255748385.30394,107128564670.89128,-0.04767416545134771,6640.053389338138,7711.657424935054,574.9200000000001,249.90999999999985,325.0100000000002,574.9200000000001,860.9099999999999,-1,6558.475714285714,8011.924999999999,0.04767416545134771,0,0.0,0.04767416545134771
2020-03-23,5848.04,6456.35,6549.61,5766.32,45578824447.64577,118046727572.5451,0.09697426779049927,6621.683050404325,7660.420387182603,783.29,689.96,93.32999999999993,783.29,879.24,-1,6558.475714285714,8654.45,-0.09697426779049927,0,0.0,-0.09697426779049927
2020-03-24,6469.06,6730.17,6778.43,6365.2,45846522059.373184,123064256188.85924,0.04153626073408802,6632.531745363893,7622.450983624129,413.2300000000005,322.0799999999999,91.15000000000055,413.2300000000005,883.4792857142857,0,6558.475714285714,8938.868214285714,-0.04253626073408802,1,0.001,-0.04153626073408802
2020-03-25,6740.4,6695.9,6894.0,6507.91,42082295491.03078,122445336599.19923,-0.005105004580796228,6638.868570827503,7584.6325761292655,386.09000000000015,163.82999999999993,222.26000000000022,386.09000000000015,885.2078571428572,0,6558.475714285714,,-0.0,0,0.0,-0.0
2020-03-26,6701.07,6765.56,6767.29,6584.36,34840544710.10888,123732739823.4625,0.010349638419837765,6651.537713744753,7551.201042409703,182.9300000000003,71.39000000000033,111.53999999999996,182.9300000000003,671.9778571428573,0,6558.475714285714,,0.0,0,0.0,0.0
2020-03-27,6784.95,6397.83,6865.07,6373.23,32910551599.472366,117019679177.81361,-0.055886166835426375,6626.166942370278,7504.124673331756,491.84000000000015,99.50999999999931,392.33000000000084,491.84000000000015,591.052142857143,0,6558.475714285714,,-0.0,0,0.0,-0.0
2020-03-28,6403.78,6255.0,6403.78,6099.81,35231848358.55144,114171796491.49913,-0.02257772645206573,6589.0502481332505,7453.139992787602,303.96999999999935,5.949999999999818,298.0199999999995,303.96999999999935,578.2457142857144,0,6558.475714285714,,-0.0,0,0.0,-0.0
2020-03-29,6264.74,5915.34,6264.74,5911.38,25923471292.176422,108551603303.50957,-0.05583216715993467,6521.679223319926,7390.37264614321,353.3599999999997,9.739999999999782,343.6199999999999,353.3599999999997,554.7228571428572,0,6558.475714285714,,-0.0,0,0.0,-0.0
2020-03-30,5905.52,6403.14,6545.5,5905.52,34907149977.57921,117151628726.53436,0.07923951828959323,6509.825300987934,7350.077436096548,639.9799999999996,630.1599999999999,9.819999999999709,639.9799999999996,539.9264285714286,0,6558.475714285714,,0.0,0,0.0,0.0
2020-03-31,6403.14,6421.71,6508.22,6334.39,32287674952.1782,117750205634.39989,0.0028959423272909525,6501.013770889141,7312.184887684443,173.82999999999993,105.07999999999993,68.75,173.82999999999993,519.2814285714286,0,6558.475714285714,,0.0,0,0.0,0.0
2020-04-01,6419.49,6640.8,6640.8,6179.92,35886963977.71526,120921617010.34784,0.03354800078286481,6514.992393800227,7284.781422880997,460.8800000000001,219.09000000000015,241.78999999999996,460.8800000000001,524.6428571428571,0,6558.475714285714,,0.0,0,0.0,0.0
2020-04-02,6638.92,6807.9,7108.29,6569.15,47638672293.73783,124719708453.63535,0.024851264402860458,6544.2831544202045,7265.316875008302,539.1400000000003,467.4899999999998,71.65000000000055,539.1400000000003,488.84499999999997,0,6558.475714285714,,0.0,0,0.0,0.0
2020-04-03,6767.37,6732.85,6997.91,6628.92,39867535857.25387,123234164427.70816,-0.011085171577181484,6563.139838978184,7243.583533171229,368.9899999999998,190.01000000000022,178.97999999999956,368.9899999999998,439.1442857142857,0,6558.475714285714,,-0.0,0,0.0,-0.0
2020-04-04,6733.29,6859.42,6949.17,6684.1,35009177102.13241,125564427826.17566,0.018624359074077328,6592.767855080366,7227.903388960158,265.0699999999997,216.3199999999997,48.75,265.0699999999997,424.1085714285714,0,6558.475714285714,,0.0,0,0.0,0.0
2020-04-05,6859.59,6788.05,6885.19,6701.19,31885662165.01491,124272363451.93964,-0.01045917677369968,6612.2960695723295,7209.950189410763,184.0,25.769999999999527,158.23000000000047,184.0,396.18571428571425,0,6558.475714285714,,-0.0,0,0.0,-0.0
2020-04-06,6778.67,7297.64,7297.64,6778.47,45370138560.82485,133484854333.44951,0.0723872949296424,6680.830462615097,7213.529365353181,519.1700000000001,509.59000000000015,9.579999999999927,519.1700000000001,377.32,0,6558.475714285714,,0.0,0,0.0,0.0
2020-04-07,7280.01,7196.78,7415.91,7106.18,43386074290.71468,131782164465.85344,-0.013917304448284502,6732.425416353587,7212.845717787744,309.72999999999956,118.26999999999953,191.46000000000004,309.72999999999956,369.92714285714277,0,6558.475714285714,,-0.0,0,0.0,-0.0
2020-04-08,7197.92,7342.29,7396.29,7166.14,38922547592.862114,134518720640.0234,0.02001707930265908,6793.411874718228,7218.12915787804,230.14999999999964,199.51000000000022,30.639999999999418,230.14999999999964,358.7885714285713,0,6558.475714285714,,0.0,0,0.0,0.0
2020-04-09,7339.04,7294.49,7357.38,7155.32,34921486435.060486,133598651281.71776,-0.006531514435769509,6843.519687246406,7221.2459269442425,202.0600000000004,15.090000000000146,186.97000000000025,202.0600000000004,360.15499999999986,0,6558.475714285714,,-0.0,0,0.0,-0.0
2020-04-10,7294.22,6864.69,7297.84,6798.85,37828011010.9016,125740858699.27551,-0.060728387024053865,6845.636718521765,7206.69262380366,498.9899999999998,3.350000000000364,495.6399999999994,498.9899999999998,360.66571428571416,0,6558.475714285714,,-0.0,0,0.0,-0.0
2020-04-11,6864.73,6878.78,6955.29,6779.92,30280054180.28837,125980543742.36499,0.002050429030878125,6848.951046669588,7193.30843507698,175.3699999999999,90.60000000000036,84.76999999999953,175.3699999999999,351.4799999999999,0,6558.475714285714,,0.0,0,0.0,0.0
2020-04-12,6880.9,6913.16,7156.16,6803.61,34544392366.04943,126655463658.31227,0.004985530855126788,6855.37194200263,7181.8738050738375,352.5500000000002,277.3800000000001,75.17000000000007,352.5500000000002,351.4221428571428,0,6558.475714285714,,0.0,0,0.0,0.0
2020-04-13,6907.73,6857.54,6907.73,6674.2,38062368291.08157,125651103790.21225,-0.008078064652805144,6855.588747802367,7168.635690581027,233.52999999999975,5.430000000000291,238.96000000000004,238.96000000000004,322.7778571428571,0,6558.475714285714,,-0.0,0,0.0,-0.0
2020-04-14,6865.12,6860.18,6947.99,6779.08,33837365577.44977,125713883015.64563,0.000384903618472011,6856.04787302213,7156.045662394046,168.90999999999985,90.44999999999982,78.46000000000004,168.90999999999985,322.4264285714285,0,6558.475714285714,,0.0,0,0.0,0.0
2020-04-15,6857.63,6629.43,6924.19,6617.73,29692916171.011845,121499498109.80829,-0.03421485280939591,6833.386085719918,7134.551145561636,306.46000000000004,64.00999999999931,242.45000000000073,306.46000000000004,311.39642857142854,0,6558.475714285714,,-0.0,0,0.0,-0.0
2020-04-16,6628.93,7059.93,7127.03,6554.15,45752002264.274315,129402884477.95892,0.06291630879061735,6856.040477147926,7131.505384518304,572.8800000000001,497.59999999999945,75.28000000000065,572.8800000000001,313.8064285714285,0,6558.475714285714,,0.0,0,0.0,0.0
2020-04-17,7059.93,7035.26,7150.72,7008.56,31701906839.621475,128961704237.38853,-0.003500488491603624,6873.962429433133,7127.57700147674,142.15999999999985,90.78999999999996,51.36999999999989,142.15999999999985,297.60428571428565,0,6558.475714285714,,-0.0,0,0.0,-0.0
2020-04-18,7034.29,7242.51,7267.65,7034.29,30035235468.3311,132775323305.43571,0.029033183448881783,6910.81718648982,7132.2681442736075,233.35999999999967,232.38999999999942,0.9700000000002547,233.35999999999967,295.33928571428567,0,6558.475714285714,,0.0,0,0.0,0.0
2020-04-19,7238.07,7127.51,7238.74,7085.14,29714765522.325314,130680700686.31035,-0.01600588657891917,6932.4864678408385,7132.073934303256,153.59999999999945,3.7700000000004366,157.3699999999999,157.3699999999999,293.43714285714276,0,6558.475714285714,,-0.0,0,0.0,-0.0
2020-04-20,7127.11,6856.46,7207.07,6807.73,35276609104.457115,125724610427.89977,-0.03877067125969634,6924.883821056755,7120.824385964347,399.34000000000015,79.55999999999949,319.78000000000065,399.34000000000015,284.87785714285707,0,6558.475714285714,,-0.0,0,0.0,-0.0
2020-04-21,6851.6,6842.04,6927.65,6812.24,30093303601.39072,125473149029.1152,-0.00210534077838291,6916.59943895108,7109.44543143519,115.40999999999985,71.1899999999996,44.220000000000255,115.40999999999985,270.9978571428571,0,6558.475714285714,,-0.0,0,0.0,-0.0
2020-04-22,6843.03,7110.0,7131.85,6830.2,30819547915.3444,130398643209.39326,0.03841631103303733,6935.939495055972,7109.468066886814,301.65000000000055,289.8100000000004,11.840000000000146,301.65000000000055,276.105,0,6558.475714285714,,0.0,0,0.0,0.0
2020-04-23,7105.68,7382.79,7611.94,7039.01,41032858925.23595,135414822709.73111,0.03764937213528438,6980.624545550375,7120.62406415674,572.9299999999994,501.9399999999996,70.98999999999978,572.9299999999994,302.5957142857142,0,6558.475714285714,,0.0,0,0.0,0.0
2020-04-24,7392.49,7495.39,7577.71,7392.49,33233126912.999897,137493716065.4006,0.015136548940162715,7032.1010909953375,7135.920632966669,185.22000000000025,194.92000000000007,9.699999999999818,194.92000000000007,280.87642857142856,0,6558.475714285714,,0.0,0,0.0,0.0
2020-04-25,7498.29,7538.56,7649.06,7463.65,31610167152.118294,138298135122.85803,0.005743017457631244,7082.746981895804,7152.354892845579,185.41000000000076,153.67000000000007,31.74000000000069,185.41000000000076,281.59357142857147,0,6558.475714285714,,0.0,0,0.0,0.0
2020-04-26,7538.73,7683.87,7683.87,7530.75,33760863612.125053,140977260141.33173,0.019092144143233118,7142.859283706224,7174.049387015147,153.1199999999999,145.3099999999995,7.8100000000004,153.1199999999999,267.34857142857146,0,6558.475714285714,,0.0,0,0.0,0.0
2020-04-27,7702.3,7774.28,7774.28,7650.75,35205525351.89531,142649802462.8293,0.011697522784167311,7206.001355335602,7198.548595708406,123.52999999999975,90.40999999999985,33.11999999999989,123.52999999999975,259.1035714285714,1,7126.521071428571,7126.521071428571,-0.001,1,0.001,0.0
2020-04-28,7775.9,7758.23,7775.9,7675.7,32855687796.969097,142370212777.1421,-0.0020666338811215373,7261.224219802042,7221.392734659083,100.19999999999982,1.6199999999998909,98.57999999999993,100.19999999999982,254.19571428571427,1,7126.521071428571,7122.740714285714,-0.0020666338811215373,0,0.0,-0.0020666338811215373
2020-04-29,7750.21,8744.43,8854.8,7740.15,60399592065.54053,160483573440.17792,0.11966271084882728,7409.544797821838,7283.557520999528,1114.6499999999996,1096.5699999999997,18.079999999999927,1114.6499999999996,311.9235714285714,1,7964.621071428572,7964.621071428572,0.11966271084882728,0,0.0,0.11966271084882728
2020-04-30,8736.57,8610.64,9438.3,8487.37,65838312160.09067,158042623264.3916,-0.01541827839430072,7529.654318039655,7337.724152795465,950.9299999999985,693.869999999999,257.0599999999995,950.9299999999985,338.9271428571427,1,7964.621071428572,7763.322142857142,-0.01541827839430072,0,0.0,-0.01541827839430072
2020-05-01,8640.02,8824.82,9054.98,8640.02,44773967197.55202,161989355178.82224,0.024569558161746767,7659.170886235689,7398.421942477282,414.9599999999991,444.34000000000015,29.38000000000102,444.34000000000015,360.51142857142844,1,7964.621071428572,7923.541428571429,0.024569558161746767,0,0.0,0.024569558161746767
2020-05-02,8824.78,8966.31,8987.42,8775.1,39177855720.33245,164603123455.99927,0.015906014186106522,7789.884797612121,7462.417373396576,212.3199999999997,162.60000000000036,49.719999999999345,212.3199999999997,359.0085714285713,1,8068.788571428571,8068.788571428571,0.015906014186106522,0,0.0,0.015906014186106522
2020-05-03,8962.04,8888.67,9167.21,8794.51,45617019157.37323,163036842346.68604,-0.008696788162424923,7899.763317850909,7520.631766319165,372.6999999999989,200.89999999999964,171.79999999999927,372.6999999999989,374.3892857142855,1,8068.788571428571,7952.696785714286,-0.008696788162424923,0,0.0,-0.008696788162424923
2020-05-04,8891.76,8884.41,8940.92,8585.04,44698213713.39127,162341412439.88123,-0.00047937668446661327,7998.227986065818,7576.296184020423,355.8799999999992,52.25,303.6299999999992,355.8799999999992,371.28499999999974,1,8068.788571428571,7956.1975,-0.00047937668446661327,0,0.0,-0.00047937668446661327
2020-05-05,8880.29,9003.24,9059.02,8799.72,43436234291.97107,165335617639.04947,0.013286457201771929,8098.7291874592365,7634.538788754283,259.3000000000011,174.61000000000058,84.69000000000051,259.3000000000011,381.56285714285696,1,8068.788571428571,8049.332857142857,0.013286457201771929,0,0.0,0.013286457201771929
2020-05-06,9003.57,9144.69,9357.76,8925.62,48538811466.802704,167950864937.1468,0.015588870411416681,8203.325268713314,7696.177613703087,432.1399999999994,354.52000000000044,77.61999999999898,432.1399999999994,390.88357142857114,1,8167.481071428572,8167.481071428572,0.015588870411416681,0,0.0,0.015588870411416681
2020-05-07,9099.5,9959.17,9989.92,9099.5,61712313964.69186,182927847431.44946,0.08532035182757466,8378.909741841982,7788.544649878471,890.4200000000001,845.2299999999996,45.19000000000051,890.4200000000001,413.56142857142834,1,8925.266428571429,8925.266428571429,0.08532035182757466,0,0.0,0.08532035182757466
2020-05-08,9922.86,9821.81,10008.09,9724.25,50955646313.40579,180421762956.3486,-0.013888311689866737,8523.199767657785,7871.535072332411,283.84000000000015,48.92000000000007,234.92000000000007,283.84000000000015,419.9128571428569,1,8925.266428571429,8772.027857142857,-0.013888311689866737,0,0.0,-0.013888311689866737
2020-05-09,9816.48,9566.78,9906.01,9565.08,46706541180.09866,175752574354.63544,-0.02630874238370184,8627.557790892006,7940.728742849455,340.9300000000003,84.20000000000073,256.72999999999956,340.9300000000003,431.0214285714283,1,8925.266428571429,8489.22642857143,-0.02630874238370184,0,0.0,-0.02630874238370184
2020-05-10,9555.96,8752.62,9555.96,8429.73,61704475184.53314,160814678353.7077,-0.08894359659602614,8640.064011802806,7973.8671615086605,1126.2299999999996,10.820000000001528,1137.050000000001,1137.050000000001,501.3021428571427,0,8925.266428571429,7499.364642857144,-0.08994359659602615,1,0.001,-0.08894359659602614
2020-05-11,8752.68,8604.75,9113.89,8303.46,57996080837.490005,158113540964.46692,-0.01703870775593865,8636.532610622526,7999.617481447082,810.4300000000003,361.2699999999986,449.1600000000017,810.4300000000003,550.3664285714284,0,8925.266428571429,,-0.0,0,0.0,-0.0
2020-05-12,8601.94,8786.02,8962.47,8578.21,39515455755.72524,161474125336.405,0.020847445534508686,8651.481349560274,8031.715543428833,384.2600000000002,357.71999999999935,26.540000000000873,384.2600000000002,570.6564285714285,0,8925.266428571429,,0.0,0,0.0,0.0
2020-05-13,8788.47,9283.09,9369.06,8788.47,44239951916.52319,170593350055.82486,0.05503264361272101,8714.642214604246,8082.79205186031,580.5900000000001,583.039999999999,2.4499999999989086,583.039999999999,532.6842857142856,0,8925.266428571429,,0.0,0,0.0,0.0
2020-05-14,9289.84,9761.82,9875.97,9254.72,52076585310.72393,179398095871.3398,0.05028439293800429,8819.359993143822,8151.323804845602,621.25,592.8799999999992,28.3700000000008,621.25,509.13571428571424,0,8925.266428571429,,0.0,0,0.0,0.0
2020-05-15,9796.49,9303.58,9796.49,9212.17,44866846516.37974,170983863891.47488,-0.0480795861274834,8867.78199382944,8198.354669953944,584.3199999999997,34.67000000000007,549.6499999999996,584.3199999999997,519.1342857142856,0,8925.266428571429,,-0.0,0,0.0,-0.0
2020-05-16,9309.3,9375.3,9556.66,9265.86,34146492788.290554,172309401206.74423,0.0076792990215098075,8918.533794446495,8246.393254853783,290.7999999999993,253.07999999999993,37.719999999999345,290.7999999999993,524.7399999999999,0,8925.266428571429,,0.0,0,0.0,0.0
2020-05-17,9338.52,9642.39,9822.41,9336.61,35650032953.969925,177224284369.1316,0.028090431860770922,8990.919415001847,8303.372713839342,485.7999999999993,447.1100000000006,38.68999999999869,485.7999999999993,532.8185714285713,0,8925.266428571429,,0.0,0,0.0,0.0
2020-05-18,9666.33,9708.44,9919.98,9538.61,38922896809.95441,178446153576.46417,0.006826607076604178,9062.671473501663,8360.722398988757,381.369999999999,277.59000000000015,103.77999999999884,381.369999999999,534.6392857142856,0,8925.266428571429,,0.0,0,0.0,0.0
2020-05-19,9714.58,9745.15,9855.93,9526.61,37077538114.72087,179127815802.66245,0.0037741150681791505,9130.919326151497,8417.229648009623,329.3199999999997,147.48999999999978,181.82999999999993,329.3199999999997,539.6407142857141,0,8925.266428571429,,0.0,0,0.0,0.0
2020-05-20,9760.2,9532.57,9788.23,9429.11,34829170074.82492,175227227252.9058,-0.022055369328180304,9171.084393536348,8462.75374400923,359.119999999999,43.07999999999993,316.03999999999905,359.119999999999,534.4249999999998,0,8925.266428571429,,-0.0,0,0.0,-0.0
2020-05-21,9526.51,9052.43,9571.75,8854.54,35965016693.72406,166569335290.8396,-0.05168112606463028,9159.218954182714,8486.822162621096,717.2099999999991,39.18000000000029,678.0299999999988,717.2099999999991,522.0528571428569,0,8925.266428571429,,-0.0,0,0.0,-0.0
2020-05-22,9060.05,9148.32,9242.47,8981.0,27700943119.83718,168309812992.5134,0.01053702591507644,9158.129058764443,8513.822074350846,261.46999999999935,190.03999999999905,71.43000000000029,261.46999999999935,520.4549999999997,0,8925.266428571429,,0.0,0,0.0,0.0
2020-05-23,9153.34,9171.71,9299.06,9108.76,26159735072.083897,168614573110.75775,0.0025534906557662536,9159.487152888,8540.674642744689,190.29999999999927,150.73999999999978,39.55999999999949,190.29999999999927,509.6957142857139,0,8925.266428571429,,0.0,0,0.0,0.0
2020-05-24,9170.36,8779.34,9304.56,8728.01,29437505507.203728,161407638875.36517,-0.0437225125493403,9121.4724375992,8550.416085897967,576.5499999999993,132.85000000000036,443.6999999999989,576.5499999999993,469.65999999999946,0,8925.266428571429,,-0.0,0,0.0,-0.0
2020-05-25,8731.85,8893.06,8975.35,8688.24,29130957734.103832,163333743988.58344,0.012869963295579677,9098.63119383928,8564.401551779682,287.1100000000006,196.01000000000022,91.10000000000036,287.1100000000006,432.27999999999946,0,8925.266428571429,,0.0,0,0.0,0.0
2020-05-26,8883.74,8840.58,8988.95,8732.82,26860828302.61543,162547226896.53772,-0.005918711917328789,9072.826074455352,8575.67414150296,256.130000000001,95.89000000000124,160.23999999999978,256.130000000001,423.12785714285667,0,8925.266428571429,,-0.0,0,0.0,-0.0
2020-05-27,8839.13,9170.2,9189.38,8821.87,28916177009.890633,168615778509.82266,0.036606610924369155,9082.563467009817,8599.940503074267,367.5099999999984,348.7999999999993,18.709999999999127,367.5099999999984,407.73285714285663,0,8925.266428571429,,0.0,0,0.0,0.0
2020-05-28,9174.12,9546.05,9582.42,9102.77,31771100326.33337,175534414971.32306,0.040168360084571614,9128.912120308836,8638.5572172345,479.64999999999964,412.21999999999935,67.43000000000029,479.64999999999964,397.6185714285709,0,8925.266428571429,,0.0,0,0.0,0.0
2020-05-29,9546.03,9427.12,9577.74,9350.51,28880265574.932682,173355014878.4796,-0.012536814638634734,9158.732908277952,8670.743453265744,227.22999999999956,31.69000000000051,195.53999999999905,227.22999999999956,372.1121428571423,0,8925.266428571429,,-0.0,0,0.0,-0.0
2020-05-30,9427.02,9678.04,9700.38,9345.16,30231487421.644287,177978616382.68933,0.026268759720645737,9210.663617450158,8711.857598030407,355.21999999999935,273.2599999999984,81.96000000000095,355.21999999999935,376.7135714285709,0,8925.266428571429,,0.0,0,0.0,0.0
2020-05-31,9677.95,9466.96,9677.95,9416.26,27396663221.152317,174105710752.04755,-0.02205155951344398,9236.293255705143,8742.678104233246,261.6900000000005,0.09000000000014552,261.78000000000065,261.78000000000065,360.7121428571424,0,8925.266428571429,,-0.0,0,0.0,-0.0
2020-06-01,9453.18,10163.96,10211.95,9418.61,33702539853.509113,186932702065.96875,0.07104028805720285,9329.059930134628,8800.68961018291,793.3400000000001,744.9900000000016,48.349999999998545,793.3400000000001,390.1385714285711,0,8925.266428571429,,0.0,0,0.0,0.0
2020-06-02,10167.93,9539.91,10167.93,9382.08,36841150778.6441,175463166971.51956,-0.0633640785382618,9350.144937121166,8830.86187099177,785.8500000000004,3.970000000001164,781.8799999999992,785.8500000000004,422.74785714285684,0,8925.266428571429,,-0.0,0,0.0,-0.0
2020-06-03,9515.24,9645.67,9645.67,9431.5,25222025158.95508,177416480472.83005,0.011025058536190223,9379.69744340905,8864.119345645167,214.17000000000007,105.76000000000022,108.40999999999985,214.17000000000007,412.3942857142855,0,8925.266428571429,,0.0,0,0.0,0.0
2020-06-04,9645.23,9792.57,9844.16,9512.73,24903069188.397156,179830985954.85498,0.01511482487048095,9420.984699068145,8902.015290720874,331.4300000000003,198.48999999999978,132.9400000000005,331.4300000000003,384.8385714285713,0,8925.266428571429,,0.0,0,0.0,0.0
2020-06-05,9776.55,9642.27,9838.02,9637.84,23447982002.19483,177373937377.29663,-0.015467376779623645,9443.11322916133,8932.229768650634,200.1800000000003,45.45000000000073,154.72999999999956,200.1800000000003,380.46071428571423,0,8925.266428571429,,-0.0,0,0.0,-0.0
2020-06-06,9636.97,9670.32,9730.54,9567.29,19374357195.06036,177901732349.93213,0.002904842874423691,9465.833906245198,8962.355900542443,163.25,88.27000000000044,74.97999999999956,163.25,378.5285714285714,0,8925.266428571429,,0.0,0,0.0,0.0
2020-06-07,9662.86,9738.6,9803.14,9450.4,23856639264.762486,179167717944.46164,0.00703596920204082,9493.110515620678,8994.039333173363,352.7399999999998,132.8199999999997,219.92000000000007,352.7399999999998,362.5421428571429,0,8925.266428571429,,0.0,0,0.0,0.0
2020-06-08,9742.76,9773.03,9787.31,9662.63,21154971285.09144,179810911053.20026,0.0035291808768206892,9521.102464058611,9025.834870594857,124.68000000000029,48.70999999999913,75.97000000000116,124.68000000000029,350.94,0,8925.266428571429,,0.0,0,0.0,0.0
2020-06-09,9773.3,9767.01,9848.11,9623.74,22844271951.206215,179709840753.7975,-0.0006161707131066507,9545.69321765275,9056.086916693026,224.3700000000008,75.07999999999993,149.29000000000087,224.3700000000008,348.6714285714285,0,8925.266428571429,,-0.0,0,0.0,-0.0
2020-06-10,9767.14,9874.9,9956.58,9717.88,24398738299.650776,181705166673.57462,0.010985803832975856,9578.613895887474,9089.507858868821,238.70000000000073,189.5699999999997,49.13000000000102,238.70000000000073,339.47071428571445,0,8925.266428571429,,0.0,0,0.0,0.0
2020-06-11,9885.96,9326.0,9928.07,9252.22,31225155444.61979,171615707160.27472,-0.0571899857675038,9553.352506298726,9099.160599323155,675.8500000000004,53.17000000000007,622.6800000000003,675.8500000000004,353.4850000000002,0,8925.266428571429,,-0.0,0,0.0,-0.0
2020-06-12,9317.7,9469.53,9536.45,9247.18,23601462338.138706,174266571295.67957,0.015273077168401471,9544.970255668853,9114.277717718129,289.27000000000044,210.45000000000073,78.81999999999971,289.27000000000044,357.9164285714288,0,8925.266428571429,,0.0,0,0.0,0.0
2020-06-13,9469.6,9469.47,9485.42,9379.75,19693461096.502857,174275005803.05463,-6.336131791648622e-06,9537.420230101969,9128.775361892898,105.67000000000007,15.889999999999418,89.78000000000065,105.67000000000007,340.0914285714289,0,8925.266428571429,,-0.0,0,0.0,-0.0
2020-06-14,9470.83,9345.96,9471.21,9279.0,18836155988.901707,172116372679.33923,-0.013128775059505356,9518.274207091772,9137.64004099931,192.20999999999913,1.7399999999997817,190.46999999999935,192.20999999999913,335.12214285714305,0,8925.266428571429,,-0.0,0,0.0,-0.0
2020-06-15,9334.2,9431.72,9493.27,8959.1,29160908896.896835,173598215783.88248,0.009134312256468803,9509.618786382594,9149.64330463199,534.1700000000001,147.3100000000013,386.85999999999876,534.1700000000001,316.6100000000002,0,8925.266428571429,,0.0,0,0.0,0.0
2020-06-16,9426.91,9524.93,9568.47,9387.4,26391020757.045525,175075304218.30185,0.00983409528469309,9511.149907744335,9164.961128932726,181.0699999999997,136.75,44.31999999999971,181.0699999999997,273.4114285714287,0,8925.266428571429,,0.0,0,0.0,0.0
2020-06-17,9523.07,9463.36,9531.78,9287.02,23643218251.137486,174231189757.1904,-0.00648507219797079,9506.370916969901,9177.140674690574,244.76000000000022,6.850000000000364,237.90999999999985,244.76000000000022,275.5964285714287,0,8925.266428571429,,-0.0,0,0.0,-0.0
2020-06-18,9460.75,9399.77,9468.36,9298.65,20601074385.503212,173034439845.62103,-0.006742278814921107,9495.710825272912,9186.227585927692,169.71000000000095,5.0,164.71000000000095,169.71000000000095,264.0450000000002,0,8925.266428571429,,-0.0,0,0.0,-0.0
2020-06-19,9394.75,9312.78,9424.08,9268.97,23738525501.71876,171101646024.0128,-0.009297570523738105,9477.417742745622,9191.392990583705,155.11000000000058,24.30999999999949,130.8000000000011,155.11000000000058,260.8257142857145,0,8925.266428571429,,-0.0,0,0.0,-0.0
2020-06-20,9321.94,9360.25,9392.16,9261.39,19774464252.766605,172323213442.3655,0.0050843491667551515,9465.70096847106,9198.285113417023,130.77000000000044,79.3799999999992,51.39000000000124,130.77000000000044,258.50571428571453,0,8925.266428571429,,0.0,0,0.0,0.0
2020-06-21,9360.74,9298.36,9404.09,9294.87,18986237382.053703,171192409474.1401,-0.006633959011778016,9448.966871623954,9202.369802665307,109.21999999999935,43.840000000000146,65.3799999999992,109.21999999999935,241.1114285714288,0,8925.266428571429,,-0.0,0,0.0,-0.0
2020-06-22,9298.53,9678.68,9738.18,9294.22,24768621256.838917,178128652479.62244,0.04008748783101387,9471.938184461558,9221.811035209581,443.96000000000095,439.8199999999997,4.140000000001237,443.96000000000095,263.9171428571431,0,8925.266428571429,,0.0,0,0.0,0.0
2020-06-23,9678.71,9624.68,9705.72,9580.54,17756804210.055347,177187041226.59833,-0.005594895485840424,9487.212366015403,9238.254666425515,125.17999999999847,27.039999999999054,98.13999999999942,125.17999999999847,256.83214285714297,0,8925.266428571429,,-0.0,0,0.0,-0.0
2020-06-24,9624.24,9288.06,9666.5,9237.38,23183760291.75444,171028279701.5032,-0.03560092854487034,9467.297129413862,9240.287537183656,429.1200000000008,41.81999999999971,387.3000000000011,429.1200000000008,270.43357142857155,0,8925.266428571429,,-0.0,0,0.0,-0.0
2020-06-25,9290.68,9258.67,9330.32,9061.2,23499175984.21671,170495281892.45944,-0.003169294490238729,9446.434416472477,9241.037841788404,269.119999999999,42.26000000000022,226.85999999999876,269.119999999999,241.3814285714286,0,8925.266428571429,,-0.0,0,0.0,-0.0
2020-06-26,9258.25,9166.49,9296.76,9078.64,22429204010.635517,168807143703.19455,-0.01000596674138487,9418.439974825229,9237.995072735815,218.1200000000008,38.090000000000146,180.03000000000065,218.1200000000008,236.29928571428576,0,8925.266428571429,,-0.0,0,0.0,-0.0
2020-06-27,9150.77,9013.91,9204.79,8923.1,21515626881.09779,166004979429.79742,-0.016785503341414817,9377.986977342707,9228.848743236395,281.6900000000005,38.30000000000109,243.38999999999942,281.6900000000005,248.87214285714293,0,8925.266428571429,,-0.0,0,0.0,-0.0
2020-06-28,9029.79,9139.9,9186.4,8964.34,19665935216.70147,168334049772.4726,0.013880504737162078,9354.178279608437,9225.21818228797,222.0599999999995,172.48999999999978,49.56999999999971,222.0599999999995,251.0042857142858,0,8925.266428571429,,0.0,0,0.0,0.0
2020-06-29,9133.24,9185.17,9228.03,9036.84,19754459582.74716,169175896894.16483,0.0049407824463109755,9337.277451647593,9223.583562602746,191.1900000000005,88.13000000000102,103.05999999999949,191.1900000000005,226.50571428571442,0,8925.266428571429,,0.0,0,0.0,0.0
2020-06-30,9185.76,9149.72,9198.32,9080.43,19741435780.48584,168558715595.07886,-0.003866949207169365,9318.521706482834,9220.568723312837,117.88999999999942,13.149999999999636,104.73999999999978,117.88999999999942,221.99285714285725,0,8925.266428571429,,-0.0,0,0.0,-0.0
2020-07-01,9139.51,9230.67,9287.11,9107.18,20005031554.019035,170031996602.76715,0.00880835753641694,9309.73653583455,9220.981020320476,179.9300000000003,137.39000000000124,42.539999999999054,179.9300000000003,217.36214285714297,0,8925.266428571429,,0.0,0,0.0,0.0
2020-07-02,9230.78,9094.32,9256.43,8989.76,19379463385.296654,167604994105.34857,-0.01488159244292554,9288.194882251095,9215.811182756375,266.6700000000001,25.76000000000022,240.90999999999985,266.6700000000001,224.28785714285718,0,8925.266428571429,,-0.0,0,0.0,-0.0
2020-07-03,9086.49,9071.39,9125.17,9062.16,17420495829.39433,167116284671.21997,-0.0025245379540130486,9266.514394025986,9209.916440603054,63.01000000000022,30.850000000000364,32.159999999999854,63.01000000000022,217.70928571428573,0,8925.266428571429,,-0.0,0,0.0,-0.0
2020-07-04,9061.53,9132.91,9173.32,9058.61,16643732672.692139,168258822207.29507,0.006758868420950951,9253.153954623387,9206.773320578439,114.70999999999913,101.93000000000029,12.779999999998836,114.70999999999913,216.5621428571428,0,8925.266428571429,,0.0,0,0.0,0.0
2020-07-05,9137.07,9087.41,9144.53,8953.22,17324463886.377956,167429736492.90482,-0.004994434190037039,9236.57955916105,9201.901348309932,191.3100000000013,11.6200000000008,179.6900000000005,191.3100000000013,222.42571428571435,0,8925.266428571429,,-0.0,0,0.0,-0.0
2020-07-06,9086.76,9342.38,9346.13,9063.12,21987059041.689262,172136257752.3712,0.027671098670611207,9247.159603244945,9207.635170827893,283.0099999999984,258.71999999999935,24.289999999999054,283.0099999999984,210.9292857142856,0,8925.266428571429,,0.0,0,0.0,0.0
2020-07-07,9336.68,9253.63,9364.97,9215.17,18945747769.31741,170510411872.0138,-0.00954513079201568,9247.80664292045,9209.5125107941,149.79999999999927,22.590000000000146,127.20999999999913,149.79999999999927,212.6878571428571,0,8925.266428571429,,-0.0,0,0.0,-0.0
2020-07-08,9256.85,9432.17,9459.45,9232.02,20708592426.03485,173809293389.63837,0.01911027984628535,9266.242978628405,9218.600571578014,227.4300000000003,205.82000000000153,21.609999999998763,227.4300000000003,198.28142857142848,0,8925.266428571429,,0.0,0,0.0,0.0
2020-07-09,9431.6,9235.72,9431.6,9178.19,19480413474.236183,170198606143.6283,-0.021047611943058073,9263.190680765565,9219.299323758503,253.40999999999985,0.569999999999709,253.97999999999956,253.97999999999956,197.19999999999996,0,8925.266428571429,,-0.0,0,0.0,-0.0
2020-07-10,9232.79,9282.91,9292.82,9135.24,18224423467.7428,171104767641.88345,0.0050965003506147875,9265.16261268901,9221.895677890809,157.57999999999993,57.100000000000364,100.47999999999956,157.57999999999993,192.87571428571417,0,8925.266428571429,,0.0,0,0.0,0.0
2020-07-11,9285.55,9234.31,9291.49,9187.07,16167064476.282873,170191069703.26535,-0.005249180124577143,9262.077351420108,9222.402384915673,104.42000000000007,8.579999999999927,95.84000000000015,104.42000000000007,180.21357142857127,0,8925.266428571429,,-0.0,0,0.0,-0.0
2020-07-12,9234.65,9297.48,9304.68,9179.38,17173962879.687658,171364106456.32056,0.00681750059431972,9265.617616278098,9225.466777368094,125.30000000000109,70.3700000000008,54.93000000000029,125.30000000000109,173.30214285714283,0,8925.266428571429,,0.0,0,0.0,0.0
2020-07-13,9305.58,9240.76,9322.91,9213.88,18245667827.005356,170370727819.23874,-0.006119262345473923,9263.131854650288,9226.090990536743,109.03000000000065,25.43000000000029,83.60000000000036,109.03000000000065,167.4335714285714,0,8925.266428571429,,-0.0,0,0.0,-0.0
2020-07-14,9241.6,9247.06,9269.29,9149.1,19147263017.229504,170451532161.73575,0.0006815298119359188,9261.524669185259,9226.946868474019,120.19000000000051,28.530000000000655,91.65999999999985,120.19000000000051,167.5978571428572,0,8925.266428571429,,0.0,0,0.0,0.0
2020-07-15,9250.33,9203.37,9265.92,9176.8,16565948994.90621,169758848797.9732,-0.004735941835582958,9255.709202266733,9225.984547311813,89.1200000000008,18.860000000000582,70.26000000000022,89.1200000000008,161.11142857142866,0,8925.266428571429,,-0.0,0,0.0,-0.0
2020-07-16,9199.28,9136.48,9217.81,9054.65,18760484380.276333,168496782960.8989,-0.007294530391700479,9243.78628204006,9222.33130048276,163.15999999999985,14.43999999999869,148.72000000000116,163.15999999999985,153.7178571428572,0,8925.266428571429,,-0.0,0,0.0,-0.0
2020-07-17,9134.07,9156.28,9185.01,9094.57,16500659021.756384,168760444137.05035,0.002164791724423648,9235.035653836056,9219.635329034483,90.44000000000051,48.530000000000655,41.909999999999854,90.44000000000051,155.67714285714297,0,8925.266428571429,,0.0,0,0.0,0.0
2020-07-18,9155.17,9168.4,9196.82,9127.46,15638459042.903372,169031588403.36658,0.0013228063755889323,9228.37208845245,9217.544091114707,69.36000000000058,40.539999999999054,28.820000000001528,69.36000000000058,152.43785714285735,0,8925.266428571429,,0.0,0,0.0,0.0
2020-07-19,9171.16,9202.62,9218.76,9106.67,16085385661.984406,169692625141.8043,0.0037254370827461214,9225.796879607205,9216.934944538596,112.09000000000015,50.36000000000058,61.72999999999956,112.09000000000015,146.77928571428583,0,8925.266428571429,,0.0,0,0.0,0.0
2020-07-20,9203.95,9163.16,9209.69,9143.17,17080393205.34609,168936986921.46805,-0.004297128760128359,9219.533191646486,9214.740048843143,66.52000000000044,7.069999999999709,59.45000000000073,66.52000000000044,131.31571428571456,0,8925.266428571429,,-0.0,0,0.0,-0.0
2020-07-21,9160.04,9384.38,9408.09,9160.04,20048075731.25112,173036757675.6725,0.023855507629256752,9236.017872481838,9221.664128482198,248.04999999999927,244.9300000000003,3.1199999999989814,248.04999999999927,138.3335714285717,0,8925.266428571429,,0.0,0,0.0,0.0
2020-07-22,9386.3,9514.3,9521.91,9301.37,19702428931.328556,175370017196.6754,0.013749325001455502,9263.846085233654,9233.608449768639,220.53999999999905,137.53000000000065,83.0099999999984,220.53999999999905,137.84142857142874,0,8925.266428571429,,0.0,0,0.0,0.0
2020-07-23,9517.84,9589.82,9619.81,9463.45,26966148756.408127,176821599773.56787,0.00790618917617608,9296.443476710288,9248.147696716856,156.35999999999876,105.51000000000022,50.849999999998545,156.35999999999876,130.86857142857156,0,8925.266428571429,,0.0,0,0.0,0.0
2020-07-24,9593.93,9535.94,9621.48,9470.46,35810926084.94321,175865705417.72916,-0.005634300810689392,9320.39312903926,9259.894321340658,151.02000000000044,31.659999999999854,119.36000000000058,151.02000000000044,130.40000000000015,0,8925.266428571429,,-0.0,0,0.0,-0.0
2020-07-25,9541.32,9691.83,9715.95,9531.83,36726067828.3661,178740874539.49573,0.016215444204183877,9357.536816135334,9277.52434904104,184.1200000000008,180.01000000000022,4.110000000000582,184.1200000000008,136.09285714285735,0,8925.266428571429,,0.0,0,0.0,0.0
2020-07-26,9696.22,9925.75,10081.11,9653.21,19713211084.56171,183064851468.00018,0.023849127907785973,9414.3581345218,9303.982538876098,427.90000000000146,389.28000000000065,38.6200000000008,427.90000000000146,157.70714285714308,0,8925.266428571429,,0.0,0,0.0,0.0
2020-07-27,9927.22,10962.26,11326.57,9920.32,34694788843.590096,202191797991.40768,0.0993260741733698,9569.14832106962,9371.667333207686,1406.25,1400.8199999999997,5.430000000000291,1406.25,250.36571428571446,0,8925.266428571429,,0.0,0,0.0,0.0
2020-07-28,11043.5,10904.92,11229.86,10626.71,27637575180.450962,201144184191.06567,-0.005244401099912464,9702.725488962658,9434.249074709413,603.1500000000015,267.60000000000036,335.5500000000011,603.1500000000015,284.8628571428574,0,8925.266428571429,,-0.0,0,0.0,-0.0
2020-07-29,10907.62,11093.61,11300.41,10849.45,23642111784.048485,204969785090.6761,0.017155203335431933,9841.813940066393,9501.978092068211,450.9599999999991,395.4899999999998,55.469999999999345,450.9599999999991,310.7085714285716,0,8925.266428571429,,0.0,0,0.0,0.0
2020-07-30,11100.32,11116.31,11162.14,10920.21,22265381996.186665,205200775318.21756,0.0020441323430506943,9969.263546059754,9567.86919035114,241.9300000000003,68.52999999999884,173.40000000000146,241.9300000000003,316.33500000000015,0,8925.266428571429,,0.0,0,0.0,0.0
2020-07-31,11095.67,11325.55,11436.35,10977.94,22329797905.441616,208933774575.1489,0.018647836090462385,10104.892191453779,9639.61126421436,458.40999999999985,320.0400000000009,138.36999999999898,458.40999999999985,342.61857142857156,0,8925.266428571429,,0.0,0,0.0,0.0
2020-08-01,11344.97,11812.09,11845.98,11238.91,26198946496.277836,217741425308.62857,0.04206234791151803,10275.611972308401,9728.283865674997,607.0699999999997,520.4300000000003,86.63999999999942,607.0699999999997,381.02642857142865,0,8925.266428571429,,0.0,0,0.0,0.0
2020-08-02,11803.59,11066.31,12071.86,10956.98,27584591853.069736,204126077224.646,-0.06521822540347325,10354.68177507756,9782.8971772801,1114.880000000001,259.77000000000044,855.1100000000006,1114.880000000001,452.65428571428583,0,8925.266428571429,,-0.0,0,0.0,-0.0
2020-08-03,11069.45,11230.91,11463.57,11019.46,20583344056.841503,207218525401.74573,0.01476444059551413,10442.304597569806,9841.999741472748,444.1100000000006,397.2600000000002,46.850000000000364,444.1100000000006,479.6250000000001,0,8925.266428571429,,0.0,0,0.0,0.0
2020-08-04,11252.17,11181.92,11381.93,11060.59,20527193170.963608,206583502227.55646,-0.004371610191174663,10516.266137812825,9896.690364269778,321.34000000000015,151.02000000000044,170.3199999999997,321.34000000000015,484.8600000000002,0,8925.266428571429,,-0.0,0,0.0,-0.0
2020-08-05,11194.9,11719.26,11770.67,11131.96,22359870185.20913,216249264843.70206,0.0469354540000692,10636.565524031543,9971.080961646521,638.710000000001,588.75,49.960000000000946,638.710000000001,514.729285714286,0,8925.266428571429,,0.0,0,0.0,0.0
2020-08-06,11747.24,11768.13,11897.88,11581.44,21793317050.968628,217128467890.10898,0.004161387921269218,10749.721971628389,10044.42990198748,316.4399999999987,178.61999999999898,137.8199999999997,316.4399999999987,526.1635714285718,0,8925.266428571429,,0.0,0,0.0,0.0
2020-08-07,11766.21,11571.49,11885.07,11394.55,21624736673.079872,213579066889.25037,-0.016850715899975794,10831.89877446555,10106.758885579828,490.52000000000044,116.94000000000051,373.5799999999999,490.52000000000044,550.4135714285718,0,8925.266428571429,,-0.0,0,0.0,-0.0
2020-08-08,11597.34,11739.13,11798.35,11550.33,17286825185.217506,216526346494.08014,0.014383391787177225,10922.621897018995,10173.38627800514,248.02000000000044,226.86000000000058,21.159999999999854,248.02000000000044,554.9778571428575,0,8925.266428571429,,0.0,0,0.0,0.0
2020-08-09,11761.84,11682.85,11793.69,11534.05,17051550190.814676,215621627427.59085,-0.004805751547620621,10998.644707317095,10234.997042168196,259.64000000000124,54.56000000000131,205.07999999999993,259.64000000000124,542.959285714286,0,8925.266428571429,,-0.0,0,0.0,-0.0
2020-08-10,11689.72,11862.94,12046.96,11658.77,24145919191.344177,218920276229.41245,0.01529730043904831,11085.074236585386,10301.443693508269,388.1899999999987,364.10999999999876,24.079999999999927,388.1899999999987,470.2407142857145,0,8925.266428571429,,0.0,0,0.0,0.0
2020-08-11,11884.58,11398.67,11926.26,11168.78,24448699831.26472,210825577055.42203,-0.03992257299591679,11116.433812926847,10346.228440712011,757.4799999999996,63.31999999999971,694.1599999999999,757.4799999999996,481.2642857142858,0,8925.266428571429,,-0.0,0,0.0,-0.0
2020-08-12,11397.76,11579.87,11616.07,11225.68,22803776234.97776,213770877597.90494,0.01577156390197726,11162.777431634162,10396.581157417642,390.3899999999994,217.39999999999964,172.98999999999978,390.3899999999994,476.93785714285724,0,8925.266428571429,,0.0,0,0.0,0.0
2020-08-13,11565.94,11765.19,11765.19,11326.24,24755770184.138535,217185020504.78033,0.015876925815507197,11223.018688470745,10452.442742829167,438.9500000000007,185.3199999999997,253.63000000000102,438.9500000000007,491.0107142857144,0,8925.266428571429,,0.0,0,0.0,0.0
2020-08-14,11817.16,11750.0,11838.59,11648.4,21650925951.996807,216916952670.3025,-0.0012919310550146123,11275.71681962367,10505.404263530017,190.1900000000005,73.39999999999964,116.79000000000087,190.1900000000005,471.852142857143,0,8925.266428571429,,-0.0,0,0.0,-0.0
2020-08-15,11777.39,11864.91,11968.39,11746.72,21285690552.515503,219049736823.3334,0.009732063933771134,11334.636137661304,10560.894293590016,221.67000000000007,218.38999999999942,3.280000000000655,221.67000000000007,444.3235714285716,0,8925.266428571429,,0.0,0,0.0,0.0
2020-08-16,11851.63,11901.78,11923.77,11715.17,19209711614.40851,219750735622.69547,0.0031026642395298315,11391.350523895175,10615.624322423077,208.60000000000036,58.86000000000058,149.73999999999978,208.60000000000036,379.58928571428584,0,8925.266428571429,,0.0,0,0.0,0.0
2020-08-17,11910.9,12272.47,12425.07,11783.84,25481896190.555748,226536103501.8635,0.030670573693901054,11479.462471505658,10683.250676609889,641.2299999999996,523.289999999999,117.94000000000051,641.2299999999996,393.66928571428576,0,8925.266428571429,,0.0,0,0.0,0.0
2020-08-18,12263.64,11949.61,12353.33,11887.58,24825715158.705486,220980135332.21396,-0.02665990059567909,11526.477224355092,10734.938812258464,465.75,80.86000000000058,384.8899999999994,465.75,403.98428571428576,0,8925.266428571429,,-0.0,0,0.0,-0.0
2020-08-19,11952.93,11733.28,12008.66,11651.76,23384200655.888924,216660276172.5052,-0.01826939339062516,11547.157501919584,10775.687432166282,356.89999999999964,59.04999999999927,297.85000000000036,356.89999999999964,383.85499999999996,0,8925.266428571429,,-0.0,0,0.0,-0.0
2020-08-20,11773.17,11861.84,11882.47,11674.37,20353349054.591465,219044968220.88754,0.010897276403984876,11578.625751727626,10820.020190037045,208.09999999999854,149.1899999999987,58.909999999999854,208.09999999999854,376.1164285714285,0,8925.266428571429,,0.0,0,0.0,0.0
2020-08-21,11858.19,11515.12,11876.64,11505.86,23406354443.011192,212896669545.7498,-0.02966557046694982,11572.275176554864,10848.391610851859,370.77999999999884,14.799999999999272,355.97999999999956,370.77999999999884,367.56357142857127,0,8925.266428571429,,-0.0,0,0.0,-0.0
2020-08-22,11518.83,11676.39,11688.0,11397.82,19572783953.57896,215641597239.98148,0.013907899875886623,11582.686658899378,10882.187463470149,290.1800000000003,172.8799999999992,117.30000000000109,290.1800000000003,370.5749999999998,0,8925.266428571429,,0.0,0,0.0,0.0
2020-08-23,11675.64,11647.93,11717.05,11527.85,18467219109.184135,215347356765.4613,-0.0024403724630997392,11589.210993009441,10913.44226087953,189.1999999999989,40.659999999999854,148.53999999999905,189.1999999999989,365.54357142857106,0,8925.266428571429,,-0.0,0,0.0,-0.0
2020-08-24,11645.82,11758.83,11816.32,11596.38,20061559392.103256,217410678530.35837,0.009475965904236733,11606.172893708497,10947.947882884448,219.9400000000005,168.38999999999942,51.55000000000109,219.9400000000005,353.52571428571406,0,8925.266428571429,,0.0,0,0.0,0.0
2020-08-25,11756.17,11350.75,11758.88,11172.98,23423332918.936924,209658632328.37,-0.03532062668569907,11580.630604337648,10964.388785623858,585.8999999999996,0.049999999999272404,585.8500000000004,585.8999999999996,341.2699999999998,0,8925.266428571429,,-0.0,0,0.0,-0.0
2020-08-26,11319.69,11465.0,11525.1,11263.48,20869928785.800804,211778947737.22385,0.010015095270442247,11569.067543903884,10984.82189641472,261.6200000000008,174.35000000000036,87.27000000000044,261.6200000000008,332.07214285714275,0,8925.266428571429,,0.0,0,0.0,0.0
2020-08-27,11457.81,11300.4,11568.99,11140.14,21595917446.043972,208747591910.15524,-0.014460792987986996,11542.200789513496,10997.702635336567,428.85000000000036,103.98999999999978,324.8600000000006,428.85000000000036,331.35071428571416,0,8925.266428571429,,-0.0,0,0.0,-0.0
2020-08-28,11327.95,11519.12,11534.74,11283.58,19271253870.82992,212799723684.94672,0.019170140139195855,11539.892710562146,11018.9849767514,251.15999999999985,234.34000000000015,16.81999999999971,251.15999999999985,335.7057142857141,0,8925.266428571429,,0.0,0,0.0,0.0
2020-08-29,11538.38,11481.48,11574.58,11436.93,18415439613.538937,212114842611.5429,-0.0032729610184801996,11534.05143950593,11037.862324639098,137.64999999999964,55.45999999999913,82.19000000000051,137.64999999999964,329.7042857142855,0,8925.266428571429,,-0.0,0,0.0,-0.0
2020-08-30,11463.66,11701.0,11704.42,11463.66,19909556666.601448,216179629567.18042,0.018939005794224376,11550.746295555338,11064.929168531378,240.76000000000022,222.9400000000005,17.81999999999971,240.76000000000022,332.00142857142833,0,8925.266428571429,,0.0,0,0.0,0.0
2020-08-31,11710.44,11672.32,11762.59,11574.4,21077276617.8664,215921598551.33038,-0.00245408135376669,11562.903665999806,11089.720631040302,188.1900000000005,61.590000000000146,126.60000000000036,188.1900000000005,299.64142857142843,0,8925.266428571429,,-0.0,0,0.0,-0.0
2020-09-01,11648.52,11895.23,12029.17,11563.0,25232603061.53493,221315690777.34525,0.018917252540332954,11596.136299399825,11122.598564467227,466.1700000000001,356.85000000000036,109.31999999999971,466.1700000000001,299.6714285714284,0,8925.266428571429,,0.0,0,0.0,0.0
2020-09-02,11899.3,11418.25,11939.59,11230.03,26038738388.798878,210746091569.71368,-0.04092452686790813,11578.347669459843,11134.665969999176,709.5599999999995,44.36000000000058,665.1999999999989,709.5599999999995,324.8614285714284,0,8925.266428571429,,-0.0,0,0.0,-0.0
2020-09-03,11389.88,10197.46,11438.34,10024.74,49411126240.51858,188438095255.46017,-0.1130742828836277,11440.258902513859,11096.41266510125,1413.6000000000004,20.090000000000146,1393.5100000000002,1413.6000000000004,410.9685714285714,0,8925.266428571429,,-0.0,0,0.0,-0.0
2020-09-04,10193.13,10484.47,10616.99,10022.15,27623487077.06882,194040447575.93134,0.02775644500193866,11344.680012262474,11071.435413464464,594.8400000000001,419.53000000000065,175.3099999999995,594.8400000000001,426.9728571428572,0,8925.266428571429,,0.0,0,0.0,0.0
2020-09-05,10481.28,10177.79,10565.15,9917.52,56430042198.69171,188092098308.3525,-0.029687219457283257,11227.991011036227,11034.960090465913,647.6299999999992,80.68000000000029,566.9499999999989,647.6299999999992,452.505,0,8925.266428571429,,-0.0,0,0.0,-0.0
2020-09-06,10182.2,10260.02,10352.08,10013.65,28801019507.333485,189621410257.03525,0.008046893841955649,11131.193909932605,11003.329882691793,338.4300000000003,174.28999999999905,164.14000000000124,338.4300000000003,463.16428571428577,0,8925.266428571429,,0.0,0,0.0,0.0
2020-09-07,10257.28,10359.45,10393.22,9901.08,26560146962.23275,191501904758.68698,0.009644357560525594,11054.019518939345,10977.049071153351,492.1399999999994,133.1999999999989,358.9400000000005,492.1399999999994,482.60714285714283,0,8925.266428571429,,0.0,0,0.0,0.0
2020-09-08,10360.49,10125.01,10412.15,9917.05,47780699209.09236,186825391248.7263,-0.0228905459725518,10961.11856704541,10942.271966208316,495.10000000000036,52.69999999999891,442.40000000000146,495.10000000000036,476.1214285714286,0,8925.266428571429,,-0.0,0,0.0,-0.0
2020-09-09,10134.46,10230.15,10333.43,9998.05,21357083446.312523,188757938083.84296,0.010330641966199997,10888.02171034087,10913.205763505935,335.380000000001,208.42000000000007,126.96000000000095,335.380000000001,481.39000000000004,-1,11433.625,11433.625,-0.001,1,0.001,0.0
2020-09-10,10219.52,10342.16,10466.47,10219.52,77545788530.61436,191180566587.0585,0.010889502137098628,10833.435539306784,10889.897773158755,246.9499999999989,236.3199999999997,10.6299999999992,246.9499999999989,468.3971428571428,-1,11433.625,11513.152857142857,-0.010889502137098628,0,0.0,-0.010889502137098628
2020-09-11,10344.88,10378.22,10390.4,10217.17,20796810115.947914,192111562749.9339,0.0034806346606596154,10787.913985376106,10869.01296609105,173.22999999999956,48.23999999999978,124.98999999999978,173.22999999999956,462.83071428571424,-1,11433.625,11535.296785714285,-0.0034806346606596154,0,0.0,-0.0034806346606596154
2020-09-12,10384.85,10439.38,10483.75,10284.82,19955498078.251053,192997988416.4807,0.005875814307442153,10753.060586838496,10851.476926658761,198.9300000000003,105.53000000000065,93.39999999999964,198.9300000000003,467.2078571428571,-1,11433.625,11607.399642857143,-0.005875814307442153,0,0.0,-0.005875814307442153
2020-09-13,10439.17,10328.87,10561.83,10237.63,21057424433.480133,190922719938.2308,-0.010642306695672324,10710.641528154647,10830.146031693097,324.2000000000007,122.45000000000073,201.75,324.2000000000007,473.16785714285714,-1,11433.625,11511.789642857144,0.010642306695672324,0,0.0,0.010642306695672324
2020-09-14,10322.35,10661.1,10735.01,10281.99,23526143436.490395,197010021430.2403,0.03165871588529836,10705.687375339183,10823.246193664807,453.02000000000044,406.1399999999994,46.88000000000102,453.02000000000044,492.0842857142857,-1,11433.625,11891.310714285715,-0.03165871588529836,0,0.0,-0.03165871588529836
2020-09-15,10670.98,10787.58,10930.65,10640.14,23802088944.396893,199044338127.62628,0.011793869465315649,10713.876637805264,10821.79043065808,290.5100000000002,269.5499999999993,20.960000000000946,290.5100000000002,479.5371428571429,-1,11433.625,11986.422857142858,-0.011793869465315649,0,0.0,-0.011793869465315649
2020-09-16,10790.81,10952.25,11082.34,10687.19,24459086808.776905,202524001250.4926,0.015149442233775482,10737.713974024738,10827.115311039383,395.14999999999964,294.7600000000002,100.38999999999942,395.14999999999964,457.07928571428573,-1,11433.625,12094.948214285714,-0.015149442233775482,0,0.0,-0.015149442233775482
2020-09-17,10941.42,10938.0,11040.04,10752.1,23547167125.342415,202358479464.18542,-0.0013019496819725357,10757.742576622264,10831.641216711243,287.9400000000005,87.79000000000087,200.14999999999964,287.9400000000005,376.67500000000007,-1,11433.625,11879.6875,0.0013019496819725357,0,0.0,0.0013019496819725357
2020-09-18,10946.94,10927.15,11023.92,10834.55,20681771888.399273,202091264904.96927,-0.0009924469661136337,10774.683318960038,10835.539534396497,189.3700000000008,85.92000000000007,103.45000000000073,189.3700000000008,347.7128571428572,-1,11433.625,11796.432142857142,0.0009924469661136337,0,0.0,0.0009924469661136337
2020-09-19,10931.06,11084.0,11148.52,10897.13,18334274060.30012,204994315602.9869,0.014252109042264588,10805.614987064035,10845.680777890517,251.39000000000124,221.3700000000008,30.020000000000437,251.39000000000124,319.41000000000025,-1,11433.625,11882.525000000001,-0.014252109042264588,0,0.0,-0.014252109042264588
2020-09-20,11084.1,10923.33,11084.1,10785.6,20161733906.963223,202032519471.26855,-0.014601758115320914,10817.386488357632,10848.850133894985,298.5,0.1000000000003638,298.39999999999964,298.5,316.55785714285736,-1,11433.625,11714.724642857143,0.014601758115320914,0,0.0,0.014601758115320914
2020-09-21,10919.54,10439.52,10984.72,10353.83,23757059692.357033,193677795064.08533,-0.045302264499387755,10779.599839521868,10832.142781491108,630.8899999999994,61.38999999999942,569.5,630.8899999999994,326.46857142857164,-1,11255.69142857143,11255.69142857143,0.045302264499387755,0,0.0,0.045302264499387755
2020-09-22,10431.87,10527.59,10575.15,10365.48,19866578108.977962,194731087415.28983,0.008400825669612895,10754.398855569681,10819.71205571596,209.67000000000007,135.6299999999992,74.04000000000087,209.67000000000007,306.08071428571446,-1,11255.69142857143,11292.791785714286,-0.008400825669612895,0,0.0,-0.008400825669612895
2020-09-23,10533.15,10223.78,10534.99,10154.93,19981974722.351273,189120580778.46335,-0.029283050648842644,10701.336970012713,10795.388298339798,380.0599999999995,7.399999999999636,372.65999999999985,380.0599999999995,309.27214285714297,-1,10996.960357142858,10996.960357142858,0.029283050648842644,0,0.0,0.029283050648842644
2020-09-24,10232.24,10726.53,10786.87,10219.31,21348447554.09249,198514026300.17914,0.0480037325753534,10703.856273011443,10792.577755550417,567.5600000000013,563.0900000000001,4.470000000001164,567.5600000000013,332.1728571428574,-1,10996.960357142858,11556.962142857144,-0.0480037325753534,0,0.0,-0.0480037325753534
2020-09-25,10732.26,10681.99,10750.61,10562.95,19119761059.475536,197616950282.06653,-0.004160966219284908,10701.669645710299,10788.063969609584,187.65999999999985,24.079999999999927,163.57999999999993,187.65999999999985,333.2035714285717,-1,10996.960357142858,11514.99892857143,0.004160966219284908,0,0.0,0.004160966219284908
2020-09-26,10684.79,10743.19,10756.99,10653.01,16886146730.050009,198687083452.04324,0.005712919700176496,10705.82168113927,10786.232379013274,103.97999999999956,75.0,28.979999999999563,103.97999999999956,326.4214285714288,-1,10996.960357142858,11559.243571428573,-0.005712919700176496,0,0.0,-0.005712919700176496
2020-09-27,10728.6,10765.3,10791.81,10623.48,17639951627.948776,199236216251.43555,0.0020559330560155466,10711.769513025343,10785.377996196405,168.32999999999993,48.61999999999898,119.71000000000095,168.32999999999993,315.2878571428573,-1,10996.960357142858,11553.519642857143,-0.0020559330560155466,0,0.0,-0.0020559330560155466
2020-09-28,10834.89,10672.03,10935.9,10672.03,19869963340.485493,197720212770.89465,-0.00870169825528439,10707.795561722809,10780.751547372061,263.869999999999,170.60000000000036,93.26999999999862,263.869999999999,301.7771428571429,-1,10996.960357142858,11426.472857142859,0.00870169825528439,0,0.0,0.00870169825528439
2020-09-29,10701.57,10837.52,10849.43,10647.31,18308943800.639038,200532996047.58585,0.015387887285247788,10720.768005550528,10783.068627071161,202.1200000000008,177.39999999999964,24.720000000001164,202.1200000000008,295.4635714285715,-1,10996.960357142858,11576.17892857143,-0.015387887285247788,0,0.0,-0.015387887285247788
2020-09-30,10839.06,10770.88,10839.06,10674.49,18558607662.6852,199310441688.83572,-0.006167991269277367,10725.779204995475,10782.571132088664,164.5699999999997,1.5399999999990541,163.03000000000065,164.5699999999997,278.99357142857156,-1,10996.960357142858,11468.363928571429,0.006167991269277367,0,0.0,0.006167991269277367
2020-10-01,10811.77,10627.98,10898.75,10482.02,20889752499.95891,196617081790.5188,-0.013356050205546983,10715.999284495927,10776.261289962595,416.72999999999956,127.8700000000008,288.85999999999876,416.72999999999956,288.1928571428572,-1,10996.960357142858,11348.462142857143,0.013356050205546983,0,0.0,0.013356050205546983
2020-10-02,10614.05,10572.67,10662.46,10420.55,21258724984.475838,195660035179.73257,-0.005217776387552536,10701.666356046335,10767.951441392692,241.90999999999985,34.47999999999956,207.4300000000003,241.90999999999985,291.94571428571425,-1,10996.960357142858,11302.534285714286,0.005217776387552536,0,0.0,0.005217776387552536
2020-10-03,10570.13,10546.66,10592.27,10510.64,16039831144.937496,195188285650.34625,-0.0024631475667485406,10686.165720441702,10758.919137662377,81.63000000000102,19.600000000000364,62.030000000000655,81.63000000000102,279.82,-1,10996.960357142858,11246.21,0.0024631475667485406,0,0.0,0.0024631475667485406
2020-10-04,10528.65,10670.7,10696.19,10525.4,16029160487.55924,197494664453.7935,0.011692445540483305,10684.619148397533,10755.3183565333,170.79000000000087,149.53000000000065,21.26000000000022,170.79000000000087,270.6978571428572,-1,10996.960357142858,11347.444642857143,-0.011692445540483305,0,0.0,-0.011692445540483305
2020-10-05,10667.67,10784.95,10784.95,10633.08,17853484006.269306,199530129891.0881,0.010649976101384158,10694.65223355778,10756.527811368675,151.8700000000008,114.25,37.6200000000008,151.8700000000008,236.48214285714297,-1,10996.960357142858,11376.155357142858,-0.010649976101384158,0,0.0,-0.010649976101384158
2020-10-06,10786.36,10605.96,10794.76,10541.05,19419734685.095844,196314284797.01337,-0.016735536504055685,10685.783010202002,10750.38218641485,253.71000000000095,9.80999999999949,243.90000000000146,253.71000000000095,239.62785714285732,-1,10996.960357142858,11205.029642857142,0.016735536504055685,0,0.0,0.016735536504055685
2020-10-07,10594.11,10668.01,10679.87,10562.72,17222472599.6063,197575523784.584,0.0058334364444519535,10684.005709181802,10747.020056357102,117.15000000000146,73.91000000000167,43.23999999999978,117.15000000000146,220.84857142857177,-1,10996.960357142858,11220.131428571429,-0.0058334364444519535,0,0.0,-0.0058334364444519535
2020-10-08,10672.16,10888.67,10929.16,10552.77,19767968267.462948,201518932273.67853,0.020473255389331767,10704.472138263622,10752.801686709872,376.3899999999994,261.14999999999964,115.23999999999978,376.3899999999994,207.19357142857163,-1,10996.960357142858,11406.65392857143,-0.020473255389331767,0,0.0,-0.020473255389331767
2020-10-09,10918.68,11063.25,11095.4,10840.1,19254933802.105747,204809205392.17957,0.015906005554643513,10740.34992443726,10765.473046436,255.29999999999927,206.72999999999956,48.56999999999971,255.29999999999927,212.02500000000015,0,10996.960357142858,11593.3125,-0.016906005554643513,1,0.001,-0.015906005554643513
2020-10-10,11056.69,11286.54,11449.37,11051.39,19496631246.27072,209268690952.5854,0.019982060646143596,10794.968931993535,10786.74108535698,397.9800000000014,386.1200000000008,11.860000000000582,397.9800000000014,233.0250000000003,1,10703.9775,10703.9775,-0.001,1,0.001,0.0
2020-10-11,11296.8,11377.81,11421.5,11280.24,16270141989.732687,210799352797.1382,0.008054102004153093,10853.253038794182,10810.866347179144,141.26000000000022,134.95999999999913,6.300000000001091,141.26000000000022,231.09142857142888,1,10800.081428571428,10800.081428571428,0.008054102004153093,0,0.0,0.008054102004153093
2020-10-12,11366.48,11543.18,11696.64,11251.51,20957733313.86495,213726225963.20517,0.01442981908117689,10922.245734914764,10840.756700355505,445.1299999999992,318.8299999999999,126.29999999999927,445.1299999999992,244.03857142857174,1,10933.083571428571,10933.083571428571,0.01442981908117689,0,0.0,0.01442981908117689
2020-10-13,11533.68,11426.11,11560.17,11325.74,19556025069.397404,211576163357.66504,-0.010193698955562347,10972.632161423287,10864.648671769566,234.4300000000003,16.98999999999978,217.4400000000005,234.4300000000003,246.34642857142885,1,10933.083571428571,10810.243928571428,-0.010193698955562347,0,0.0,-0.010193698955562347
2020-10-14,11429.39,11435.57,11538.11,11298.59,20441486195.023685,211756280001.1405,0.0008275857714679477,11018.925945280958,10887.95158312591,239.52000000000044,112.0,127.52000000000044,239.52000000000044,251.70000000000033,1,10933.083571428571,10806.32,0.0008275857714679477,0,0.0,0.0008275857714679477
2020-10-15,11430.41,11495.58,11575.75,11288.11,20511481706.663586,212878404236.874,0.005233940469050238,11066.591350752862,10912.752742998322,287.6399999999994,140.1800000000003,147.45999999999913,287.6399999999994,242.47928571428605,1,10933.083571428571,10889.381785714284,0.005233940469050238,0,0.0,0.005233940469050238
2020-10-16,11499.16,11319.1,11537.36,11235.44,20436703034.239178,209993205751.02322,-0.015471049348590964,11091.842215677576,10929.33834532492,301.9200000000001,41.780000000000655,260.1399999999994,301.9200000000001,246.76571428571464,1,10933.083571428571,10702.185714285713,-0.015471049348590964,0,0.0,-0.015471049348590964
2020-10-17,11317.89,11365.81,11401.78,11282.06,15650920221.099894,210421523306.69058,0.004118161898274135,11119.238994109819,10947.153514903495,119.72000000000116,82.68000000000029,37.04000000000087,119.72000000000116,249.48642857142892,1,10933.083571428571,10742.093928571427,0.004118161898274135,0,0.0,0.004118161898274135
2020-10-18,11364.04,11495.9,11495.9,11350.55,15569792414.423223,212752326976.49207,0.011380723848845233,11156.905094698837,10969.55133062172,145.35000000000036,130.09000000000015,15.260000000000218,145.35000000000036,247.66928571428602,1,10933.083571428571,10876.726785714285,0.011380723848845233,0,0.0,0.011380723848845233
2020-10-19,11509.09,11752.15,11808.12,11425.36,18121468516.27194,217391050812.65872,0.022045752513918264,11216.429585228954,11001.494133453485,382.7600000000002,312.22000000000116,70.53999999999905,382.7600000000002,264.16142857142887,1,11091.746428571427,11091.746428571427,0.022045752513918264,0,0.0,0.022045752513918264
2020-10-20,11750.92,11908.71,12004.41,11690.75,21431994055.82887,220404884318.97812,0.013233862583426702,11285.65762670606,11038.523352496199,313.65999999999985,252.26000000000022,61.399999999999636,313.65999999999985,268.4435714285716,1,11237.60107142857,11237.60107142857,0.013233862583426702,0,0.0,0.013233862583426702
2020-10-21,11913.87,12806.44,13243.91,11897.06,29314287990.069,236717318526.15692,0.07267810424219151,11437.735864035454,11110.68321565962,1346.8500000000004,1335.2000000000007,11.649999999999636,1346.8500000000004,356.27928571428583,1,11915.741785714286,11915.741785714286,0.07267810424219151,0,0.0,0.07267810424219151
2020-10-22,12807.2,12951.04,13161.84,12694.2,25070864646.764915,240257678153.83536,0.011227924400644705,11589.06627763191,11185.799819102083,467.6399999999994,355.39999999999964,112.23999999999978,467.6399999999994,362.797142857143,1,12044.047142857144,12044.047142857144,0.011227924400644705,0,0.0,0.011227924400644705
2020-10-23,12961.59,12928.07,13010.09,12755.89,21379873277.585674,239590543523.72256,-0.0017751774332292413,11722.966649868718,11256.912887710161,254.20000000000073,59.04999999999927,195.15000000000146,254.20000000000073,362.71857142857164,1,12044.047142857144,12021.27357142857,-0.0017751774332292413,0,0.0,-0.0017751774332292413
2020-10-24,12929.76,13106.05,13150.16,12884.48,19302801174.758503,242785151288.07916,0.013673039288530397,11861.274984881848,11332.387871885256,265.6800000000003,222.09000000000015,43.590000000000146,265.6800000000003,353.2685714285716,1,12222.87857142857,12222.87857142857,0.013673039288530397,0,0.0,0.013673039288530397
2020-10-25,13104.7,13021.41,13324.07,12905.79,18998745579.318,241326618198.73062,-0.00647902980874536,11977.288486393663,11401.327550583816,418.27999999999884,218.02000000000044,200.2599999999984,418.27999999999884,373.0557142857143,1,12222.87857142857,12088.770714285714,-0.00647902980874536,0,0.0,-0.00647902980874536
2020-10-26,13022.85,13060.79,13203.1,12810.79,21507619985.694366,242141178089.60794,0.003019686216951684,12085.638637754297,11469.060711784476,392.3099999999995,181.6900000000005,210.61999999999898,392.3099999999995,369.2828571428572,1,12222.87857142857,12137.582857142857,0.003019686216951684,0,0.0,0.003019686216951684
2020-10-27,13062.81,13655.19,13760.58,13052.96,23918511528.069115,253004886697.36078,0.04450505708118732,12242.593773978868,11558.290478650415,707.6200000000008,699.789999999999,7.830000000001746,707.6200000000008,403.08214285714297,1,12647.484642857144,12647.484642857144,0.04450505708118732,0,0.0,0.04450505708118732
2020-10-28,13631.65,13283.0,13843.6,12901.78,26825856788.112816,245661872194.44214,-0.027634646995598842,12346.634396580981,11628.686785644275,941.8199999999997,188.40999999999985,753.4099999999999,941.8199999999997,453.2464285714286,1,12647.484642857144,12149.883928571428,-0.027634646995598842,0,0.0,-0.027634646995598842
2020-10-29,13275.88,13441.88,13620.43,12996.52,22860841953.831577,249545455596.3296,0.011890184114589992,12456.158956922884,11702.694671944508,623.9099999999999,337.4300000000003,286.47999999999956,623.9099999999999,477.26571428571435,1,12647.484642857144,12248.715714285714,0.011890184114589992,0,0.0,0.011890184114589992
2020-10-30,13448.38,13537.17,13649.73,13145.09,23482756915.113663,250845436637.92026,0.007064029033733471,12564.260061230596,11777.571215946773,504.6399999999994,207.85000000000036,296.78999999999905,504.6399999999994,491.7457142857143,1,12647.484642857144,12307.805714285714,0.007064029033733471,0,0.0,0.007064029033733471
2020-10-31,13549.54,13778.64,13989.58,13441.43,22691200479.405403,255329261020.6163,0.017680331657202186,12685.698055107538,11859.247492846904,548.1499999999996,452.40999999999985,95.73999999999978,548.1499999999996,522.347857142857,1,12647.484642857144,12472.770357142857,0.017680331657202186,0,0.0,0.017680331657202186
2020-11-01,13740.61,13720.36,13858.35,13621.6,19771957707.937115,254260250527.50497,-0.0042387059353355015,12789.164249596784,11935.211268649071,236.75,79.71000000000095,157.03999999999905,236.75,528.8764285714285,1,12647.484642857144,12398.16892857143,-0.0042387059353355015,0,0.0,-0.0042387059353355015
2020-11-02,13750.98,13558.36,13799.5,13245.09,22630851230.49477,251266177558.48047,-0.01187752977541872,12866.083824637106,12001.462237275638,554.4099999999999,79.13999999999942,475.27000000000044,554.4099999999999,541.1371428571427,1,12647.484642857144,12205.517142857143,-0.01187752977541872,0,0.0,-0.01187752977541872
2020-11-03,13538.65,13989.98,14032.08,13321.8,22602862338.46403,259277183164.55063,0.03133802783866421,12978.473442173396,12082.626227590918,710.2800000000007,473.71999999999935,236.5600000000013,710.2800000000007,569.4671428571428,1,12647.484642857144,12566.312142857143,0.03133802783866421,0,0.0,0.03133802783866421
2020-11-04,14013.13,14101.72,14212.89,13568.27,25857225138.46526,261103557610.74826,0.007955416676259063,13090.798097956056,12165.038218301492,644.619999999999,222.90999999999985,421.7099999999991,644.619999999999,519.307857142857,1,12803.450357142858,12803.450357142858,0.007955416676259063,0,0.0,0.007955416676259063
2020-11-05,14131.53,15553.33,15701.77,14095.43,36313255719.023285,288118007577.42645,0.09797798784875962,13337.051288160452,12303.335842044287,1606.3400000000001,1600.050000000001,6.289999999999054,1606.3400000000001,600.6435714285714,1,14051.721071428572,14051.721071428572,0.09797798784875962,0,0.0,0.09797798784875962
2020-11-06,15570.11,15548.31,15926.75,15250.46,34523587704.57108,288563189165.38806,-0.00032281256188377216,13558.177159344406,12435.783766858805,676.2900000000009,373.4200000000001,302.8700000000008,676.2900000000009,630.7928571428571,1,14051.721071428572,13971.327857142856,-0.00032281256188377216,0,0.0,-0.00032281256188377216
2020-11-07,15557.1,14818.46,15736.86,14535.78,30369855794.73288,274687727889.983,-0.048078250208620506,13684.205443409966,12533.035858007424,1201.08,188.5500000000011,1012.5299999999988,1201.08,697.6071428571428,1,14051.721071428572,13074.442142857142,-0.048078250208620506,0,0.0,-0.048078250208620506
2020-11-08,14815.75,15496.32,15638.15,14738.72,24082570971.891495,287116472704.3936,0.04472887554360951,13865.41689906897,12653.986231149978,899.4300000000003,819.6900000000005,79.73999999999978,899.4300000000003,731.975,1,14051.721071428572,13666.3825,0.04472887554360951,0,0.0,0.04472887554360951
2020-11-09,15478.62,15335.34,15827.03,14866.0,29501754042.78257,284292217075.7686,-0.010442607558397226,14012.409209162073,12763.429242123448,961.0300000000007,330.71000000000095,630.3199999999997,961.0300000000007,772.5978571428572,1,14051.721071428572,13403.845357142858,-0.010442607558397226,0,0.0,-0.010442607558397226
2020-11-10,15308.36,15278.71,15434.18,15114.32,21918753732.66584,283242342238.5137,-0.0036996127328369844,14139.039288245865,12866.093762853103,319.8600000000006,98.84000000000015,221.02000000000044,319.8600000000006,744.9007142857143,1,14051.721071428572,13416.458214285713,-0.0036996127328369844,0,0.0,-0.0036996127328369844
2020-11-11,15305.1,15686.91,15922.53,15286.57,23990613793.268227,291215273242.1888,0.026366250532301166,14293.826359421279,12981.229119471343,635.960000000001,643.8200000000015,7.860000000000582,643.8200000000015,723.6150000000001,1,14051.721071428572,13877.8725,0.026366250532301166,0,0.0,0.026366250532301166
2020-11-12,15680.22,16265.15,16310.57,15526.82,28001128791.211353,301529322417.4614,0.03619817551617646,14490.95872347915,13115.266706431696,783.75,623.6599999999999,160.09000000000015,783.75,735.0321428571431,1,14427.569642857143,14427.569642857143,0.03619817551617646,0,0.0,0.03619817551617646
2020-11-13,16275.64,16326.81,16461.04,16009.19,24826304419.55837,302672502422.09,0.0037837597717147483,14674.543851131237,13246.350106169177,451.85000000000036,195.89000000000124,255.95999999999913,451.85000000000036,731.2614285714288,1,14498.656428571427,14498.656428571427,0.0037837597717147483,0,0.0,0.0037837597717147483
2020-11-14,16324.19,16095.56,16324.19,15739.43,22096608221.167004,298290647831.24426,-0.01426508435128511,14816.645466018113,13362.644387550026,584.7600000000002,2.6199999999989814,587.3799999999992,587.3799999999992,734.0635714285717,1,14498.656428571427,14260.40107142857,-0.01426508435128511,0,0.0,-0.01426508435128511
2020-11-15,16069.74,15984.67,16132.26,15810.51,19184714602.510406,296277008765.18964,-0.00691331961497318,14933.447919416303,13469.665841119413,321.75,36.70000000000073,285.0499999999993,321.75,740.1350000000002,1,14498.656428571427,14134.3325,-0.00691331961497318,0,0.0,-0.00691331961497318
2020-11-16,15966.88,16714.4,16854.95,15892.42,24606359052.384533,309857769717.0289,0.04464048538127893,15111.543127474673,13602.103970053315,962.5300000000007,870.2800000000007,92.25,962.5300000000007,769.2864285714288,1,14791.18392857143,14791.18392857143,0.04464048538127893,0,0.0,0.04464048538127893
2020-11-17,16707.98,17651.82,17814.21,16571.43,31572384445.72333,327448838765.29767,0.05456827088460599,15365.570814727207,13767.398501887872,1242.7799999999988,1099.8099999999977,142.97000000000116,1242.7799999999988,807.322142857143,1,15633.514642857142,15633.514642857142,0.05456827088460599,0,0.0,0.05456827088460599
2020-11-18,17654.61,17829.93,18376.51,17350.14,40089857655.31074,330792375072.03064,0.010039611689361745,15612.006733254488,13933.216114055713,1026.369999999999,724.6899999999987,301.6800000000003,1026.369999999999,834.5900000000001,1,15743.455,15743.455,0.010039611689361745,0,0.0,0.010039611689361745
2020-11-19,17807.15,17819.76,18120.35,17400.5,30586797551.711708,330526082018.5286,-0.0005705519613711784,15832.782059929039,14091.850558379969,719.8499999999985,290.41999999999825,429.4300000000003,719.8499999999985,771.2692857142857,1,15891.586785714284,15891.586785714284,-0.0005705519613711784,0,0.0,-0.0005705519613711784
2020-11-20,17823.0,18628.81,18768.22,17775.27,28731271104.013725,345552251091.15924,0.04440135316519931,16112.384853936135,14277.032576405276,992.9500000000007,948.4600000000028,44.48999999999796,992.9500000000007,793.8878571428571,1,16644.090357142857,16644.090357142857,0.04440135316519931,0,0.0,0.04440135316519931
2020-11-21,18657.73,18689.53,18946.22,18488.25,31201880851.778336,346623937352.1668,0.003254166910070364,16370.099368542522,14457.134512062203,457.97000000000116,317.40999999999985,140.5600000000013,457.97000000000116,740.8085714285716,1,16837.50857142857,16837.50857142857,0.003254166910070364,0,0.0,0.003254166910070364
2020-11-22,18649.91,18390.61,18698.71,17710.85,33010231293.95878,342078349285.0962,-0.01612326574646305,16572.15043168827,14617.684531978031,987.8600000000006,9.180000000000291,978.6800000000003,987.8600000000006,747.1250000000001,1,16837.50857142857,16522.7975,-0.01612326574646305,0,0.0,-0.01612326574646305
2020-11-23,18420.95,18360.69,18710.21,18029.3,33389683851.4282,340635146714.39825,-0.0016282420817907383,16751.004388519443,14770.460265366683,680.9099999999999,319.59999999999854,361.3100000000013,680.9099999999999,727.1164285714286,1,16837.50857142857,16542.898928571427,-0.0016282420817907383,0,0.0,-0.0016282420817907383
2020-11-24,18311.66,19091.52,19334.85,18144.47,49429532567.3455,354209935573.8031,0.03903229122159278,16985.055949667498,14946.830050453756,1190.3799999999974,974.1599999999999,216.21999999999753,1190.3799999999974,789.2964285714285,1,17118.278928571428,17118.278928571428,0.03903229122159278,0,0.0,0.03903229122159278
2020-11-25,19114.89,18753.29,19298.51,18676.0,32146102840.277466,348158099247.1633,-0.01787505371649752,17161.879354700748,15102.195762680132,622.5099999999984,206.98999999999796,415.52000000000044,622.5099999999984,787.7742857142854,1,17118.278928571428,16783.85428571429,-0.01787505371649752,0,0.0,-0.01787505371649752
2020-11-26,18732.22,17138.03,18864.99,16368.68,48738957776.520256,317999016791.45123,-0.09006923294924281,17159.494419230672,15185.29103767278,2496.3100000000013,111.70000000000073,2384.6100000000006,2496.3100000000013,910.0999999999997,1,17118.278928571428,14862.779999999999,-0.09006923294924281,0,0.0,-0.09006923294924281
2020-11-27,17183.05,17140.28,17461.93,16540.01,30680336583.342796,318057301370.37897,0.0001312783508423897,17157.572977307605,15265.08650552287,921.9200000000019,323.90000000000146,598.0200000000004,921.9200000000019,943.6764285714283,1,17118.278928571428,14781.088928571427,0.0001312783508423897,0,0.0,0.0001312783508423897
2020-11-28,17149.12,17718.97,17854.65,16917.83,24501260966.046284,328812520405.74207,0.033204567984483395,17213.712679576845,15365.245015501527,936.8199999999997,714.3700000000026,222.4499999999971,936.8199999999997,968.6364285714284,1,17118.278928571428,15297.37892857143,0.033204567984483395,0,0.0,0.033204567984483395
2020-11-29,17725.46,18169.95,18307.43,17544.75,23940328528.71234,336495192223.0139,0.025133313538936563,17309.336411619162,15479.722769970851,762.6800000000003,588.4599999999991,174.22000000000116,762.6800000000003,1000.1314285714285,1,17118.278928571428,15669.62142857143,0.025133313538936563,0,0.0,0.025133313538936563
2020-11-30,18192.65,19609.52,19799.03,18192.65,36160827241.441734,363927715778.6875,0.07624603198555349,17539.35477045725,15648.285922216937,1606.3799999999974,1629.079999999998,22.700000000000728,1629.079999999998,1047.7421428571427,1,17118.278928571428,16990.164642857144,0.07624603198555349,0,0.0,0.07624603198555349
2020-12-01,19615.04,18857.42,19832.27,18338.09,38614628143.57325,349587593227.14185,-0.0391086922084295,17671.161293411526,15779.270986616246,1494.1800000000003,222.75,1271.4300000000003,1494.1800000000003,1065.6992857142855,1,17118.278928571428,16193.171785714285,-0.0391086922084295,0,0.0,-0.0391086922084295
2020-12-02,18838.82,19208.4,19319.79,18409.53,28923102074.82652,356517705143.29443,0.018441212965760227,17824.885164070372,15919.235436142113,910.260000000002,462.3700000000026,447.8899999999994,910.260000000002,1057.4057142857143,1,17118.278928571428,16564.885714285716,0.018441212965760227,0,0.0,0.018441212965760227
2020-12-03,19225.05,19435.2,19571.13,18962.71,24342606870.708958,360661550057.2975,0.011738171605354092,17985.916647663336,16062.744193850598,608.4200000000019,362.72999999999956,245.69000000000233,608.4200000000019,1049.446428571429,1,17118.278928571428,16811.58392857143,0.011738171605354092,0,0.0,0.011738171605354092
2020-12-04,19417.98,18711.23,19500.11,18643.98,26369871383.262005,347850442856.6359,-0.03796197659280856,18058.447982897003,16170.845655326084,856.130000000001,64.90999999999985,791.2200000000012,856.130000000001,1039.6735714285717,1,17118.278928571428,16112.046071428571,-0.03796197659280856,0,0.0,-0.03796197659280856
2020-12-05,18697.27,19139.11,19161.6,18591.11,23333284386.26552,355244908734.6481,0.02261000709507936,18166.514184607302,16291.999302047467,570.489999999998,450.369999999999,120.11999999999898,570.489999999998,1047.7107142857144,1,17118.278928571428,16519.833214285714,0.02261000709507936,0,0.0,0.02261000709507936
2020-12-06,19157.02,19325.55,19383.78,18892.36,21832193872.698597,358762118305.1145,0.009694169145689694,18282.417766146573,16415.817697882263,491.41999999999825,244.66999999999825,246.75,491.41999999999825,1012.2507142857141,1,17118.278928571428,16794.923214285714,0.009694169145689694,0,0.0,0.009694169145689694
2020-12-07,19356.89,19198.81,19392.1,18947.15,22034483383.94943,356587934226.10187,-0.006579756665548364,18374.056989531917,16529.40922041768,444.9499999999971,66.54999999999927,378.3999999999978,444.9499999999971,995.3964285714283,1,17118.278928571428,16710.318928571432,-0.006579756665548364,0,0.0,-0.006579756665548364
2020-12-08,19182.84,18336.51,19260.17,18290.35,26799991795.55794,340435142947.90857,-0.045954143664632637,18370.302290578726,16603.168435910837,969.8199999999997,61.359999999996944,908.4600000000028,969.8199999999997,979.6421428571427,1,17118.278928571428,15887.404642857142,-0.045954143664632637,0,0.0,-0.045954143664632637
2020-12-09,18321.29,18564.99,18647.42,17732.0,29806757748.847992,344693077429.9694,0.012383394699256065,18389.771061520853,16683.242785465496,915.4199999999983,310.90999999999985,604.5099999999984,915.4199999999983,1000.5642857142856,1,17118.278928571428,16063.579285714288,0.012383394699256065,0,0.0,0.012383394699256065
2020-12-10,18561.1,18262.06,18561.1,17961.17,24092658533.60422,339714540194.3479,-0.01645186528125682,18376.999955368767,16747.684304426086,599.9300000000003,3.890000000003056,603.8200000000033,603.8200000000033,865.3864285714286,1,17118.278928571428,16098.59392857143,-0.01645186528125682,0,0.0,-0.01645186528125682
2020-12-11,18279.58,18058.03,18279.58,17654.39,26080197328.252396,335310805699.2893,-0.011235222502195441,18345.10295983189,16801.16780220461,625.1900000000023,17.520000000000437,607.6700000000019,625.1900000000023,844.1914285714286,1,17118.278928571428,15947.551428571427,-0.011235222502195441,0,0.0,-0.011235222502195441
2020-12-12,18053.18,18807.1,18881.7,18053.18,21918803313.730873,349235537025.78625,0.040643996917491515,18391.3026638487,16883.042585788095,828.5200000000004,823.6700000000019,4.849999999998545,828.5200000000004,836.4557142857144,1,17118.278928571428,16715.960714285713,0.040643996917491515,0,0.0,0.040643996917491515
2020-12-13,18798.42,19151.13,19365.36,18733.12,23550581096.074562,355642790361.31714,0.018127263603715416,18467.28539746383,16975.61758228654,632.2400000000016,558.260000000002,73.97999999999956,632.2400000000016,827.1385714285716,1,17118.278928571428,17083.283571428572,0.018127263603715416,0,0.0,0.018127263603715416
2020-12-14,19147.46,19259.97,19310.69,19010.36,21638023119.81534,357681110300.36426,0.005667127017708146,18546.55385771745,17068.856456478927,300.3299999999981,159.55999999999767,140.77000000000044,300.3299999999981,732.2278571428573,1,17429.40035714286,17429.40035714286,0.005667127017708146,0,0.0,0.005667127017708146
2020-12-15,19262.12,19432.36,19524.38,19058.21,24173322660.107285,360542942204.959,0.008910868934342371,18635.134471945705,17165.325988867542,466.1700000000019,264.40999999999985,201.76000000000204,466.1700000000019,658.7985714285717,1,17785.36357142857,17785.36357142857,0.008910868934342371,0,0.0,0.008910868934342371
2020-12-16,19431.79,21318.0,21387.0,19286.09,39062639738.04841,396179736655.63983,0.09261206859623496,18903.421024751136,17334.822887281112,2100.91,1954.6399999999994,146.27000000000044,2100.91,743.8450000000001,1,19458.3875,19458.3875,0.09261206859623496,0,0.0,0.09261206859623496
2020-12-17,21345.0,22806.0,23625.0,21225.0,60693764158.56218,423587689809.2768,0.06747187296822166,19293.678922276024,17558.136238820658,2400.0,2307.0,93.0,2400.0,871.8149999999999,1,20626.4625,20626.4625,0.06747187296822166,0,0.0,0.06747187296822166
2020-12-18,22800.0,23121.0,23233.0,22425.0,37000188847.409645,429459534590.4159,0.013717636228799126,19676.41103004842,17785.19190254226,808.0,427.0,381.0,808.0,868.3771428571428,1,20950.057142857142,20950.057142857142,0.013717636228799126,0,0.0,0.013717636228799126
2020-12-19,23114.0,23864.0,24073.0,22850.0,35252972899.69343,443289431125.4617,0.0316297517484814,20095.16992704358,18033.306518765025,1223.0,952.0,271.0,1223.0,914.985,1,21576.5375,21576.5375,0.0316297517484814,0,0.0,0.0316297517484814
2020-12-20,23789.0,23518.0,24225.0,23155.0,32907758817.840942,436893169132.7113,-0.014604961811223324,20437.45293433922,18257.17155881543,1070.0,361.0,709.0,1070.0,956.312142857143,1,21576.5375,21127.21964285714,-0.014604961811223324,0,0.0,-0.014604961811223324
2020-12-21,23473.0,22841.0,24084.0,22143.0,38423396405.393135,424329939581.7774,-0.029208918734727134,20677.8076409053,18444.266597231126,1941.0,566.0,1375.0,1941.0,1063.1728571428575,1,21576.5375,20183.067857142858,-0.029208918734727134,0,0.0,-0.029208918734727134
2020-12-22,22753.0,23795.0,23814.0,22441.0,38733771616.273865,441752551013.19135,0.040918307906576926,20989.52687681477,18662.663878976793,1373.0,973.0,400.0,1373.0,1091.971428571429,1,21576.5375,21065.071428571428,0.040918307906576926,0,0.0,0.040918307906576926
2020-12-23,23842.0,23308.0,24056.0,22934.0,42917744239.8244,433051601800.69293,-0.020678825292245986,21221.374189133294,18852.269434936923,1122.0,261.0,861.0,1122.0,1106.7271428571435,1,21576.5375,20541.182142857142,-0.020678825292245986,0,0.0,-0.020678825292245986
2020-12-24,23263.0,23760.0,23790.0,22853.0,36826373658.97133,441614502954.16315,0.019206845213616406,21475.236770219966,19052.584968204803,937.0,482.0,455.0,937.0,1130.5257142857147,1,21576.5375,20933.68571428571,0.019206845213616406,0,0.0,0.019206845213616406
2020-12-25,23765.0,24671.0,24728.0,23475.0,36622874229.82892,458416319552.32434,0.03762497028812693,21794.813093197972,19281.908030727056,1253.0,968.0,285.0,1253.0,1175.3692857142858,1,21732.576785714286,21732.576785714286,0.03762497028812693,0,0.0,0.03762497028812693
2020-12-26,24699.0,26476.0,26718.0,24542.0,41995154622.74047,491978602969.93176,0.07061019747410524,22262.931783878175,19575.544437636156,2176.0,2047.0,129.0,2176.0,1271.6178571428572,1,23296.955357142855,23296.955357142855,0.07061019747410524,0,0.0,0.07061019747410524
2020-12-27,26484.0,26423.0,28336.0,25914.0,56654980595.93094,493427450341.26013,-0.0020038192681980423,22678.93860549036,19855.032419773455,2422.0,1860.0,562.0,2422.0,1399.4578571428572,1,23296.955357142855,22924.355357142857,-0.0020038192681980423,0,0.0,-0.0020038192681980423
2020-12-28,26271.0,27125.0,27389.0,26271.0,42186521237.4668,503712223153.6673,0.02622096887214531,23123.544744941322,20151.765790394948,1118.0,966.0,152.0,1118.0,1457.8628571428574,1,23480.342857142856,23480.342857142856,0.02622096887214531,0,0.0,0.02622096887214531
2020-12-29,27093.0,27425.0,27425.0,26098.0,38081840205.60215,509680257177.0481,0.010999194300670317,23553.69027044719,20448.632492827805,1327.0,300.0,1027.0,1327.0,1519.3507142857143,1,23626.623214285715,23626.623214285715,0.010999194300670317,0,0.0,0.010999194300670317
2020-12-30,27438.0,28837.0,28985.0,27438.0,43341140482.282166,535967306917.84125,0.0502042786533701,24082.021243402472,20791.01484005932,1547.0,1560.0,13.0,1560.0,1480.7142857142858,1,25135.214285714286,25135.214285714286,0.0502042786533701,0,0.0,0.0502042786533701
2020-12-31,28920.0,29022.0,29286.0,28239.0,43503516563.294876,539438036435.6701,0.0063948782542369775,24576.019119062224,21126.97341801608,1047.0,449.0,598.0,1047.0,1384.0714285714287,1,25561.821428571428,25561.821428571428,0.0063948782542369775,0,0.0,0.0063948782542369775
2021-01-01,29026.0,29352.0,29601.0,28829.0,34089717988.090446,545593282215.2498,0.011306523984079678,25053.617207156003,21462.6887887093,772.0,579.0,193.0,772.0,1381.5,1,25898.25,25898.25,0.011306523984079678,0,0.0,0.011306523984079678
2021-01-02,29335.0,32164.0,33278.0,29050.0,57273436641.22308,597887713053.5825,0.09148712763292169,25764.655486440402,21899.47700141504,4228.0,3926.0,302.0,4228.0,1596.142857142857,1,28173.64285714286,28173.64285714286,0.09148712763292169,0,0.0,0.09148712763292169
2021-01-03,32247.0,33008.0,34685.0,32071.0,178894068361.35312,613616917625.6967,0.025902141642993367,26488.989937796363,22352.8861033981,2614.0,2521.0,93.0,2614.0,1706.4285714285713,1,28741.928571428572,28741.928571428572,0.025902141642993367,0,0.0,0.025902141642993367
2021-01-04,33177.0,31516.0,33575.0,28273.0,74657165356.22716,585726270248.7891,-0.04625460294545433,26991.69094401673,22726.890752238993,5302.0,567.0,4735.0,5302.0,1946.5,1,28741.928571428572,26649.75,-0.04625460294545433,0,0.0,-0.04625460294545433
2021-01-05,31538.0,34082.0,34483.0,30321.0,67420500715.520256,633651671519.3958,0.07827403230175925,27700.721849615056,23190.36459908638,4162.0,2967.0,1195.0,4162.0,2145.714285714286,1,28741.928571428572,28717.714285714286,0.07827403230175925,0,0.0,0.07827403230175925
2021-01-06,34042.0,36934.0,37017.0,33629.0,71027195897.95125,682743683563.0741,0.08036315033848003,28624.04966465355,23751.329309327753,3388.0,2935.0,453.0,3388.0,2307.5714285714284,1,31165.071428571428,31165.071428571428,0.08036315033848003,0,0.0,0.08036315033848003
2021-01-07,36894.0,39547.0,40180.0,36530.0,78642959829.4919,735339707368.3339,0.06835730196278147,29716.344698188197,24396.05056200825,3650.0,3246.0,404.0,3650.0,2501.3571428571427,1,33293.607142857145,33293.607142857145,0.06835730196278147,0,0.0,0.06835730196278147
2021-01-08,39539.0,40816.0,41940.0,37029.0,82846468856.35208,758971014787.3597,0.03158432341299322,30826.310228369377,25066.252579885466,4911.0,2393.0,2518.0,4911.0,2762.6428571428573,1,33909.392857142855,33909.392857142855,0.03158432341299322,0,0.0,0.03158432341299322
2021-01-09,40852.0,40297.0,41391.0,39000.0,55921808671.54423,749347201462.6359,-0.012797136905083105,31773.37920553244,25687.91573989014,2391.0,575.0,1816.0,2391.0,2778.0,1,33909.392857142855,33352.0,-0.012797136905083105,0,0.0,-0.012797136905083105
2021-01-10,40292.0,38398.0,41568.0,36051.0,73381123612.69325,714078952009.0243,-0.04827164959040856,32435.841284979197,26206.69468928238,5517.0,1271.0,4246.0,5517.0,2999.0714285714284,1,33909.392857142855,30900.321428571428,-0.04827164959040856,0,0.0,-0.04827164959040856
2021-01-11,38452.0,35670.0,38452.0,30469.0,111691569520.10521,663380898829.0051,-0.07369537553316378,32759.25715648128,26592.952048903506,7983.0,54.0,7929.0,7983.0,3489.4285714285716,1,33909.392857142855,26946.428571428572,-0.07369537553316378,0,0.0,-0.07369537553316378
2021-01-12,35608.0,33938.0,36633.0,32740.0,68954134557.3671,629751630408.4126,-0.049774668820165825,32877.13144083315,26892.749924458465,3893.0,963.0,2930.0,3893.0,3672.714285714286,1,33909.392857142855,24756.214285714286,-0.049774668820165825,0,0.0,-0.049774668820165825
2021-01-13,34064.0,37456.0,37694.0,32623.0,65278944793.97605,696668634091.3435,0.09863158019792059,33335.01829674984,27323.90298876628,5071.0,3756.0,1315.0,5071.0,3923.5,1,33909.392857142855,27647.25,0.09863158019792059,0,0.0,0.09863158019792059
2021-01-14,37414.0,39233.0,40039.0,36929.0,57519444621.68669,729751433670.0881,0.04635131863675313,33924.81646707486,27809.988581061534,3110.0,2583.0,527.0,3110.0,4070.8571428571427,1,33909.392857142855,29055.857142857145,0.04635131863675313,0,0.0,0.04635131863675313
2021-01-15,39093.0,36788.0,39523.0,34771.0,63450740093.03335,684304915288.2261,-0.06434652434485696,34211.13482036738,28176.438026732492,4752.0,290.0,4462.0,4752.0,4355.142857142857,1,33909.392857142855,25900.14285714286,-0.06434652434485696,0,0.0,-0.06434652434485696
2021-01-16,36887.0,36255.0,37835.0,35572.0,55054325262.44017,674660879866.02,-0.014594402216895194,34415.52133833064,28506.175250131164,2263.0,1047.0,1216.0,2263.0,4214.785714285715,1,33909.392857142855,25718.035714285714,-0.014594402216895194,0,0.0,-0.014594402216895194
2021-01-17,36117.0,35804.0,36752.0,34192.0,50749258739.19448,672291934493.4396,-0.012517683814863506,34554.369204497576,28804.045648084993,2560.0,497.0,2063.0,2560.0,4210.928571428572,1,33909.392857142855,25276.678571428572,-0.012517683814863506,0,0.0,-0.012517683814863506
2021-01-18,35750.0,36595.0,37240.0,34901.0,46769030146.76761,682647247200.097,0.021852000044497912,34758.43228404782,29122.04378489785,2339.0,1436.0,903.0,2339.0,3999.285714285714,1,33909.392857142855,26596.785714285714,0.021852000044497912,0,0.0,0.021852000044497912
2021-01-19,36747.0,36105.0,37690.0,36105.0,51736994549.005974,671734819189.1033,-0.013480259150045422,34893.08905564304,29407.06240592243,1585.0,1095.0,490.0,1585.0,3815.214285714286,1,33909.392857142855,26566.964285714286,-0.013480259150045422,0,0.0,-0.013480259150045422
2021-01-20,35978.0,35587.0,36318.0,33636.0,58406615612.06859,662434464441.264,-0.014450957274753012,34962.480150078736,29659.3047567011,2682.0,213.0,2469.0,2682.0,3764.785714285714,1,33909.392857142855,26175.035714285714,-0.014450957274753012,0,0.0,-0.014450957274753012
2021-01-21,35606.0,30914.0,35606.0,30358.0,69415314297.66626,575205510268.1292,-0.14077124689826512,34557.63213507086,29710.516807447995,5248.0,19.0,5229.0,5248.0,3878.9285714285716,0,33909.392857142855,21216.678571428572,-0.14177124689826512,1,0.001,-0.14077124689826512
2021-01-22,30802.0,32958.0,33771.0,29043.0,69549742252.37038,613271077002.4795,0.06402486785841142,34397.668921563774,29843.067141837873,4728.0,2857.0,1871.0,4728.0,3865.8571428571427,0,33909.392857142855,,0.0,0,0.0,0.0
2021-01-23,32867.0,32068.0,33328.0,31481.0,43575409684.64115,596744391345.3533,-0.027375375407833177,34164.702029407395,29933.880727885306,1847.0,370.0,1477.0,1847.0,3827.0,0,33909.392857142855,,-0.0,0,0.0,-0.0
2021-01-24,32066.0,32274.0,32927.0,31089.0,42810544126.17814,600595408892.1986,0.006403304338455428,33975.631826466655,30029.395800216516,1838.0,859.0,979.0,1838.0,3564.214285714286,0,33909.392857142855,,0.0,0,0.0,0.0
2021-01-25,32263.0,32375.0,34741.0,32071.0,50410553261.414444,602517850752.0305,0.0031245675005414078,33815.56864381999,30125.134747146454,2670.0,2467.0,203.0,2670.0,3184.714285714286,0,33909.392857142855,,0.0,0,0.0,0.0
2021-01-26,32223.0,32582.0,32802.0,30973.0,48489676580.41073,606573549809.8268,0.006373468624275836,33692.211779437996,30225.41496154864,1829.0,427.0,1402.0,1829.0,3037.285714285714,0,33909.392857142855,,0.0,0,0.0,0.0
2021-01-27,32531.0,30446.0,32531.0,29429.0,51514291052.43235,566661443732.4073,-0.06780536600691521,33367.590601494194,30234.418432505834,3102.0,51.0,3153.0,3153.0,2900.285714285714,0,33909.392857142855,,-0.0,0,0.0,-0.0
2021-01-28,30537.0,33128.0,33716.0,29975.0,51075972572.459564,616625386428.2396,0.08442422360620372,33343.631541344774,30352.523802607637,3741.0,3270.0,471.0,3741.0,2945.3571428571427,0,33909.392857142855,,0.0,0,0.0,0.0
2021-01-29,33308.0,34151.0,38429.0,32078.0,97468515525.42249,635688668063.594,0.030413021921673337,33424.3683872103,30507.56364739916,6351.0,5301.0,1050.0,6351.0,3059.5714285714284,0,33909.392857142855,,0.0,0,0.0,0.0
2021-01-30,34279.0,34200.0,34740.0,32904.0,52001249491.10806,636624676861.2642,0.001433775903619871,33501.93154848927,30658.27533526042,1836.0,589.0,1247.0,1836.0,3029.0714285714284,0,33909.392857142855,,0.0,0,0.0,0.0
2021-01-31,34077.0,33065.0,34156.0,32262.0,42488649643.23183,615013848827.3505,-0.03375032294193378,33458.23839364035,30756.508995045708,1894.0,44.0,1938.0,1938.0,2984.6428571428573,0,33909.392857142855,,-0.0,0,0.0,-0.0
2021-02-01,33040.0,33406.0,34542.0,32342.0,49268860242.66622,621908231690.1377,0.010260203441130253,33453.01455427631,30864.65148504384,2200.0,1477.0,723.0,2200.0,2974.714285714286,0,33909.392857142855,,0.0,0,0.0,0.0
2021-02-02,33423.0,35486.0,35858.0,33421.0,50730704376.60918,660664104637.4851,0.06040272793363179,33656.31309884868,31053.27795504205,2437.0,2452.0,15.0,2452.0,3036.6428571428573,0,33909.392857142855,,0.0,0,0.0,0.0
2021-02-03,35478.0,37495.0,37576.0,35377.0,49762137494.206696,695794870715.5251,0.055069338251965,34040.18178896381,31316.205385448495,2199.0,2090.0,109.0,2199.0,3002.1428571428573,0,33909.392857142855,,0.0,0,0.0,0.0
2021-02-04,37725.0,36817.0,38615.0,36244.0,54494811707.23047,686453802173.3838,-0.018247895725792645,34317.863610067434,31540.72761461386,2371.0,1120.0,1251.0,2371.0,2796.6428571428573,0,33909.392857142855,,-0.0,0,0.0,-0.0
2021-02-05,36900.0,38008.0,38237.0,36673.0,47446256481.71452,706320162928.6615,0.03183696885706019,34686.87724906069,31804.69791605819,1564.0,1420.0,144.0,1564.0,2570.6428571428573,0,33909.392857142855,,0.0,0,0.0,0.0
2021-02-06,38192.0,39279.0,40817.0,38192.0,57076868562.48764,732453192636.7231,0.03289336102910582,35146.089524154624,32109.771470504795,2625.0,2809.0,184.0,2809.0,2639.3571428571427,0,33909.392857142855,,0.0,0,0.0,0.0
2021-02-07,39282.0,38833.0,39610.0,37524.0,53802559038.8092,723434796637.7434,-0.011419624303907527,35514.78057173916,32384.1889615046,2086.0,331.0,1755.0,2086.0,2657.0714285714284,0,33909.392857142855,,-0.0,0,0.0,-0.0
2021-02-08,38779.0,46308.0,46471.0,37965.0,86994225365.2278,862413737410.9171,0.1760443317336636,36594.102514565246,32952.50777940237,8506.0,7638.0,868.0,8506.0,3073.9285714285716,0,33909.392857142855,,0.0,0,0.0,0.0
2021-02-09,46503.0,46570.0,48025.0,45120.0,78828431117.05534,867164581003.3563,0.005641824650803763,37591.69226310872,33508.32378840635,2905.0,1717.0,1188.0,2905.0,3150.785714285714,0,33909.392857142855,,0.0,0,0.0,0.0
2021-02-10,46511.0,44849.0,47262.0,43872.0,70000356395.81508,839561451461.0575,-0.037655265282087985,38317.42303679785,33971.2085317367,3390.0,692.0,2698.0,3390.0,3167.714285714286,0,33909.392857142855,,-0.0,0,0.0,-0.0
2021-02-11,44810.0,47816.0,48463.0,44032.0,66187179918.887886,890629045243.5952,0.06405901980975534,39267.28073311807,34536.30206105357,4431.0,3614.0,817.0,4431.0,3217.0,0,33909.392857142855,,0.0,0,0.0,0.0
2021-02-12,47927.0,47414.0,48687.0,46379.0,61942185128.99905,880620921496.0787,-0.008442767780912451,40081.95265980626,35061.9223850922,2308.0,871.0,1437.0,2308.0,2928.214285714286,0,33909.392857142855,,-0.0,0,0.0,-0.0
2021-02-13,47399.0,46941.0,48010.0,46297.0,55312381649.33813,874425017687.0778,-0.0100260497530107,40767.85739382563,35546.78269590476,1713.0,596.0,1117.0,1713.0,2919.4285714285716,0,33909.392857142855,,-0.0,0,0.0,-0.0
2021-02-14,47007.0,48608.0,49532.0,47007.0,57738376570.131905,905515462576.995,0.03489663242533248,41551.87165444307,36079.89360627599,2525.0,2591.0,66.0,2591.0,2966.0714285714284,0,33909.392857142855,,0.0,0,0.0,0.0
2021-02-15,48565.0,47898.0,48824.0,46160.0,61061855793.76279,892345220938.2782,-0.014714376521645542,42186.484488998765,36562.26529581574,2664.0,216.0,2448.0,2664.0,2999.214285714286,0,33909.392857142855,,-0.0,0,0.0,-0.0
2021-02-16,47902.0,49238.0,50350.0,47380.0,64141133353.975624,917339726314.6964,0.027591933215387103,42891.63604009889,37079.64222251714,2970.0,2452.0,518.0,2970.0,3036.214285714286,0,33909.392857142855,,0.0,0,0.0,0.0
2021-02-17,49211.0,52144.0,52548.0,49030.0,68478739131.4286,971516568847.578,0.057343438988101784,43816.872436089005,37694.51396853685,3518.0,3310.0,208.0,3518.0,3130.4285714285716,0,33909.392857142855,,0.0,0,0.0,0.0
2021-02-18,52273.0,51733.0,52492.0,51054.0,58486508605.55778,963911356673.4604,-0.007913246333924262,44608.485192480104,38267.51339839248,1438.0,348.0,1090.0,1438.0,3063.785714285714,0,33909.392857142855,,-0.0,0,0.0,-0.0
2021-02-19,51706.0,56039.0,56259.0,50907.0,71397235196.83829,1044189900351.5892,0.0799520011514522,45751.5366732321,38992.88019845809,5352.0,4526.0,826.0,5352.0,3334.3571428571427,0,33909.392857142855,,0.0,0,0.0,0.0
2021-02-20,56084.0,56378.0,57851.0,54456.0,77351787996.10461,1050555931433.1447,0.006031134571842039,46814.18300590889,39702.47692505164,3395.0,1812.0,1583.0,3395.0,3376.214285714286,0,33909.392857142855,,0.0,0,0.0,0.0
2021-02-21,56312.0,57669.0,58641.0,55760.0,61223272210.96276,1075380337357.9143,0.022640755954257328,47899.664705318006,40435.80439749851,2881.0,2263.0,618.0,2881.0,3433.0,0,33909.392857142855,,0.0,0,0.0,0.0
2021-02-22,57641.0,54411.0,57641.0,50868.0,101532021847.06647,1012091985973.4642,-0.05815342813543706,48550.798234786205,41006.220544539385,6773.0,28.0,6801.0,6801.0,3311.214285714286,0,33909.392857142855,,-0.0,0,0.0,-0.0
2021-02-23,54304.0,48692.0,54304.0,45201.0,116689607925.81473,904133801444.5278,-0.11105159375604602,48564.91841130758,41319.925828435735,9103.0,107.0,9210.0,9210.0,3761.5714285714284,0,33909.392857142855,,-0.0,0,0.0,-0.0
2021-02-24,48960.0,49849.0,51741.0,47196.0,73140585468.96529,929081504353.552,0.023483690478747602,48693.326570176825,41668.05130482611,4545.0,3049.0,1496.0,4545.0,3844.0714285714284,0,33909.392857142855,,0.0,0,0.0,0.0
2021-02-25,49926.0,46993.0,51983.0,46993.0,60355381275.54549,875883932252.4404,-0.058999781578344554,48523.29391315914,41885.396149527085,4990.0,2134.0,2856.0,4990.0,3884.0,0,33909.392857142855,,-0.0,0,0.0,-0.0
2021-02-26,46952.0,46551.0,48386.0,44538.0,74357197463.7094,869070614247.8623,-0.009450168678296424,48326.064521843226,42075.82895975047,3848.0,1393.0,2455.0,3848.0,3994.0,0,33909.392857142855,,-0.0,0,0.0,-0.0
2021-02-27,46531.0,46654.0,48484.0,45370.0,50989764248.82767,869649724200.5775,0.0022101827569076943,48158.858069658905,42262.693083842285,3114.0,1933.0,1181.0,3114.0,4094.0714285714284,0,33909.392857142855,,0.0,0,0.0,0.0
2021-02-28,46108.0,44970.0,46778.0,43345.0,59679588927.08056,838307614585.1935,-0.03676306774374822,47839.972262693016,42373.19540695076,3433.0,124.0,3309.0,3433.0,4154.214285714285,0,33909.392857142855,,-0.0,0,0.0,-0.0
2021-03-01,45089.0,49787.0,50028.0,45089.0,63218569171.598305,928146793676.4287,0.1017583049933225,48034.675036423716,42675.79967605481,4939.0,5058.0,119.0,5058.0,4325.214285714285,0,33909.392857142855,,0.0,0,0.0,0.0
2021-03-02,49834.0,48532.0,50249.0,47462.0,53499537416.816475,905413239164.9064,-0.025530531586311998,48084.40753278135,42914.82826070563,2787.0,462.0,2325.0,2787.0,4312.142857142857,0,33909.392857142855,,-0.0,0,0.0,-0.0
2021-03-03,48550.0,50577.0,52639.0,48451.0,59212268141.16633,942969910364.1804,0.04127355331214716,48333.66677950321,43227.569964350296,4188.0,4107.0,81.0,4188.0,4360.0,0,33909.392857142855,,0.0,0,0.0,0.0
2021-03-04,50411.0,48727.0,51777.0,47658.0,60749587836.169136,908517236707.5374,-0.03726363625993114,48373.00010155289,43452.036496417626,4119.0,1200.0,2919.0,4119.0,4551.5,0,33909.392857142855,,-0.0,0,0.0,-0.0
2021-03-05,48557.0,49092.0,49699.0,46520.0,56568112294.26829,911379300053.3455,0.007462797493419115,48444.900091397605,43682.23908840058,3179.0,972.0,2207.0,3179.0,4396.285714285715,0,33909.392857142855,,0.0,0,0.0,0.0
2021-03-06,49051.0,49019.0,49257.0,47331.0,41478786533.38212,916504852500.393,-0.0014881106801761424,48502.31008225785,43900.06606438423,1926.0,165.0,1761.0,1926.0,4291.357142857143,0,33909.392857142855,,-0.0,0,0.0,-0.0
2021-03-07,48973.0,51313.0,51313.0,48973.0,46146324828.48082,955040794770.1399,0.045736153324459516,48783.37907403206,44202.63479645018,2340.0,2294.0,46.0,2340.0,4252.714285714285,0,33909.392857142855,,0.0,0,0.0,0.0
2021-03-08,51174.0,52329.0,52357.0,49442.0,53568946625.62234,974195000547.444,0.019606579324562223,49137.94116662886,44534.32317210527,2915.0,1044.0,1871.0,2915.0,3975.1428571428573,0,33909.392857142855,,0.0,0,0.0,0.0
2021-03-09,52407.0,54700.0,55072.0,51982.0,57418251743.06042,1018978819157.4177,0.044312998723828156,49694.14704996597,44949.2487569173,3090.0,2743.0,347.0,3090.0,3538.0,0,33909.392857142855,,0.0,0,0.0,0.0
2021-03-10,54872.0,56020.0,57369.0,53337.0,63560545036.79726,1044805904677.5541,0.023845060404026897,50326.73234496937,45401.11615459414,4032.0,2669.0,1363.0,4032.0,3501.3571428571427,0,33909.392857142855,,0.0,0,0.0,0.0
2021-03-11,55822.0,57789.0,58102.0,54564.0,64605228617.76096,1077836070933.286,0.03108967631616823,51072.95911047244,45906.744066651525,3538.0,2082.0,1456.0,3538.0,3397.6428571428573,0,33909.392857142855,,0.0,0,0.0,0.0
2021-03-12,57924.0,57354.0,57924.0,55353.0,59984971691.807,1069776383193.8628,-0.007555857838450131,51701.063199425196,46373.97900270656,2571.0,135.0,2436.0,2571.0,3306.4285714285716,0,33909.392857142855,,-0.0,0,0.0,-0.0
2021-03-13,57228.0,61315.0,61712.0,56220.0,67332756651.27568,1145191373521.5942,0.06678192290430877,52662.45687948268,46983.81659443282,5492.0,4358.0,1134.0,5492.0,3476.285714285714,0,33909.392857142855,,0.0,0,0.0,0.0
2021-03-14,61200.0,59429.0,61679.0,59429.0,48104078384.27405,1111684638819.0723,-0.03124218849558087,53339.11119153441,47491.78326404781,2250.0,364.0,1886.0,2250.0,3391.785714285714,0,33909.392857142855,,-0.0,0,0.0,-0.0
2021-03-15,59195.0,55805.0,60615.0,55348.0,70594488699.70683,1049197142851.5631,-0.06291885161073024,53585.70007238097,47831.09823286218,5267.0,1186.0,4081.0,5267.0,3406.714285714286,0,33909.392857142855,,-0.0,0,0.0,-0.0
2021-03-16,55857.0,56830.0,56919.0,53567.0,63219904254.35453,1060221966894.7418,0.018200884201351894,53910.130065142876,48198.40034580658,3352.0,1114.0,2238.0,3352.0,3447.0714285714284,0,33909.392857142855,,0.0,0,0.0,0.0
2021-03-17,57141.0,59015.0,59097.0,54471.0,63368268626.27834,1101028543248.462,0.037727293572002205,54420.61705862859,48639.894209243044,4626.0,2267.0,2359.0,4626.0,3478.3571428571427,0,33909.392857142855,,0.0,0,0.0,0.0
2021-03-18,59269.0,57922.0,60186.0,57511.0,58387006275.72827,1081065767945.8683,-0.018694371012991193,54770.75535276573,49018.755670090264,2675.0,1171.0,1504.0,2675.0,3375.214285714286,0,33909.392857142855,,-0.0,0,0.0,-0.0
2021-03-19,57894.0,58243.0,59572.0,56488.0,51948388930.75819,1086741150606.8165,0.0055266356827549075,55117.979817489155,49395.25543865801,3084.0,1650.0,1434.0,3084.0,3368.4285714285716,0,33909.392857142855,,0.0,0,0.0,0.0
2021-03-20,58240.0,58376.0,60301.0,58208.0,54549112635.671715,1090022321077.5006,0.002280932912522971,55443.78183574024,49761.81644116176,2093.0,2058.0,35.0,2093.0,3380.3571428571427,0,33909.392857142855,,0.0,0,0.0,0.0
2021-03-21,58254.0,57574.0,58835.0,56069.0,55664123837.602554,1074356788297.177,-0.013833769556994314,55656.80365216622,50080.68107621638,2766.0,459.0,2307.0,2766.0,3410.785714285714,0,33909.392857142855,,-0.0,0,0.0,-0.0
2021-03-22,57355.0,54370.0,58609.0,54109.0,62001716794.84347,1020641820438.662,-0.057258545748495385,55528.1232869496,50255.75531800347,4500.0,1035.0,3465.0,4500.0,3524.0,0,33909.392857142855,,-0.0,0,0.0,-0.0
2021-03-23,54241.0,54585.0,55836.0,53286.0,60383378707.04851,1017637245492.0177,0.003946588574403455,55433.810958254646,50432.45918257475,2550.0,1466.0,1084.0,2550.0,3485.4285714285716,0,33909.392857142855,,0.0,0,0.0,0.0
2021-03-24,54487.0,52735.0,57239.0,52192.0,73029051195.05199,982797427007.2565,-0.03447974800365528,55163.929862429184,50526.440440428836,5047.0,2654.0,2393.0,5047.0,3557.9285714285716,0,33909.392857142855,,-0.0,0,0.0,-0.0
2021-03-25,52527.0,51417.0,53397.0,50624.0,63401640502.561295,959155260366.7408,-0.02531051465003272,54789.23687618627,50562.78981020725,2773.0,662.0,2111.0,2773.0,3503.285714285714,0,33909.392857142855,,-0.0,0,0.0,-0.0
2021-03-26,51440.0,55033.0,55033.0,51376.0,55442557956.15464,1027209990794.8939,0.06796414822589365,54813.613188567644,50745.2473689743,3657.0,3616.0,41.0,3657.0,3580.8571428571427,0,33909.392857142855,,0.0,0,0.0,0.0
2021-03-27,55257.0,55832.0,56597.0,54090.0,47285749218.66506,1042184275332.6417,0.014414176410411943,54915.45186971088,50952.86992534269,2507.0,1564.0,943.0,2507.0,3367.6428571428573,0,33909.392857142855,,0.0,0,0.0,0.0
2021-03-28,55754.0,55728.0,56498.0,54719.0,49315845081.42435,1039333584621.1438,-0.001864468091205174,54996.706682739794,51147.77319369605,1779.0,666.0,1113.0,1779.0,3334.0,0,33909.392857142855,,-0.0,0,0.0,-0.0
2021-03-29,55857.0,57635.0,58389.0,54964.0,57387039705.47129,1075942162536.995,0.03364730842933046,55260.53601446582,51412.55796130029,3425.0,2661.0,764.0,3425.0,3202.4285714285716,0,33909.392857142855,,0.0,0,0.0,0.0
2021-03-30,57609.0,58669.0,59659.0,57113.0,52387542500.621956,1095293012032.8433,0.017781456253424907,55601.38241301924,51708.73926900232,2546.0,2024.0,522.0,2546.0,3144.8571428571427,0,33909.392857142855,,0.0,0,0.0,0.0
2021-03-31,58757.0,58817.0,59905.0,57142.0,57495844477.9185,1098127310946.8978,0.002519450458564185,55922.94417171732,51998.87236006345,2763.0,1236.0,1527.0,2763.0,3011.785714285714,0,33909.392857142855,,0.0,0,0.0,0.0
2021-04-01,58772.0,58801.0,59416.0,58247.0,54320681400.56781,1098583823874.2307,-0.0002720672022767912,56210.749754545584,52276.510222918,1169.0,599.0,570.0,1169.0,2904.214285714286,0,33909.392857142855,,-0.0,0,0.0,-0.0
2021-04-02,58754.0,59060.0,60323.0,58530.0,52224918752.08043,1103133931136.5508,0.004395014753088274,56495.67477909103,52553.387356676445,1793.0,1522.0,271.0,1793.0,2812.0,0,33909.392857142855,,0.0,0,0.0,0.0
2021-04-03,58997.0,57060.0,59786.0,57060.0,52067853987.600494,1067101827372.9529,-0.03445053053042263,56552.10730118193,52737.33072987332,2726.0,726.0,2000.0,2726.0,2857.214285714286,0,33909.392857142855,,-0.0,0,0.0,-0.0
2021-04-04,57097.0,58229.0,58402.0,56856.0,46156767978.177345,1087344280109.6896,0.02028016663783334,56719.79657106374,52961.480496000935,1546.0,1342.0,204.0,1546.0,2770.0714285714284,0,33909.392857142855,,0.0,0,0.0,0.0
2021-04-05,58244.0,58707.0,59360.0,56929.0,54670173277.08731,1096202611389.9541,0.008175457726991114,56918.51691395737,53195.99149616416,2431.0,1131.0,1300.0,2431.0,2622.285714285714,0,33909.392857142855,,0.0,0,0.0,0.0
2021-04-06,58833.0,58062.0,59735.0,57517.0,61497704158.13829,1084341670320.8142,-0.011047565023317859,57032.86522256163,53394.60408815746,2218.0,1028.0,1190.0,2218.0,2598.5714285714284,0,33909.392857142855,,-0.0,0,0.0,-0.0
2021-04-07,58013.0,56134.0,58662.0,55565.0,67617613532.43307,1050759681844.6099,-0.03376971557270816,56942.97870030547,53506.41616619185,3097.0,600.0,2497.0,3097.0,2459.285714285714,0,33909.392857142855,,-0.0,0,0.0,-0.0
2021-04-08,55990.0,58066.0,58183.0,55865.0,48714359354.07226,1083362883828.1199,0.03383860507397537,57055.280830274925,53692.52162879626,2318.0,2049.0,269.0,2318.0,2426.785714285714,0,33909.392857142855,,0.0,0,0.0,0.0
2021-04-09,58091.0,58153.0,58848.0,57760.0,45880879041.76103,1085794662404.731,0.001497173719462169,57165.052747247435,53874.581970478044,1088.0,782.0,306.0,1088.0,2243.285714285714,0,33909.392857142855,,0.0,0,0.0,0.0
2021-04-10,58136.0,59979.0,61206.0,57935.0,61788197398.73793,1116221525334.3267,0.030917032610215438,57446.44747252269,54123.74189005037,3271.0,3053.0,218.0,3271.0,2297.8571428571427,0,33909.392857142855,,0.0,0,0.0,0.0
2021-04-11,59787.0,59988.0,60574.0,59334.0,46792500386.96501,1120606689450.4702,0.00015004126162843504,57700.60272527042,54363.09936392586,1240.0,595.0,645.0,1240.0,2259.3571428571427,0,33909.392857142855,,0.0,0,0.0,0.0
2021-04-12,60025.0,59911.0,61262.0,59651.0,55994558888.5224,1118532902101.5269,-0.0012844145586820175,57921.642452743385,54589.54428784725,1611.0,1274.0,337.0,1611.0,2129.785714285714,0,33909.392857142855,,-0.0,0,0.0,-0.0
2021-04-13,59896.0,63577.0,63579.0,59871.0,71993120011.18321,1187737045885.1743,0.05939164205941369,58487.17820746905,54956.379214873894,3708.0,3668.0,40.0,3708.0,2212.785714285714,0,33909.392857142855,,0.0,0,0.0,0.0
2021-04-14,63644.0,62807.0,64805.0,61664.0,80157135507.58896,1173412921929.8884,-0.01218523748961746,58919.16038672215,55276.81271630761,3141.0,1228.0,1913.0,3141.0,2239.785714285714,0,33909.392857142855,,-0.0,0,0.0,-0.0
2021-04-15,63207.0,63180.0,63705.0,62153.0,60495376851.28074,1179561609816.9358,0.00592126314339135,59345.244348049935,55599.39178911138,1552.0,898.0,654.0,1552.0,2267.1428571428573,0,33909.392857142855,,0.0,0,0.0,0.0
2021-04-16,63208.0,61497.0,63513.0,60427.0,86260673269.76614,1149602869702.2644,-0.026999402239078568,59560.41991324494,55840.11049159663,3086.0,333.0,2753.0,3086.0,2359.5,0,33909.392857142855,,-0.0,0,0.0,-0.0
2021-04-17,61441.0,60274.0,62460.0,60127.0,63808212132.53643,1125592412523.221,-0.020087559831547974,59631.77792192045,56021.08557357227,2333.0,963.0,1370.0,2333.0,2331.4285714285716,0,33909.392857142855,,-0.0,0,0.0,-0.0
2021-04-18,60096.0,56289.0,60424.0,52810.0,102065957642.22952,1053618163309.5769,-0.06840169912996541,59297.50012972841,56032.020856283605,7614.0,150.0,7464.0,7614.0,2764.8571428571427,0,33909.392857142855,,-0.0,0,0.0,-0.0
2021-04-19,56270.0,55721.0,57662.0,54691.0,66156275209.79711,1043148020633.034,-0.01014203854554223,58939.85011675557,56019.3261274557,2971.0,1373.0,1598.0,2971.0,2803.4285714285716,0,33909.392857142855,,-0.0,0,0.0,-0.0
2021-04-20,55483.0,56295.0,57270.0,53700.0,68166802215.759544,1055145534127.332,0.010248625627288885,58675.36510508002,56030.57812225343,3570.0,1549.0,2021.0,3570.0,2900.0,0,33909.392857142855,,0.0,0,0.0,0.0
2021-04-21,56527.0,54190.0,56902.0,53752.0,56115370322.140594,1012699264345.6595,-0.038109331677070965,58226.82859457202,55955.452484610425,3150.0,607.0,2543.0,3150.0,2903.785714285714,0,33909.392857142855,,-0.0,0,0.0,-0.0
2021-04-22,54088.0,51966.0,55474.0,50983.0,77897442831.71704,971174701492.849,-0.04190673100106005,57600.74573511482,55792.6176893202,4491.0,1284.0,3207.0,4491.0,3059.0,0,33909.392857142855,,-0.0,0,0.0,-0.0
2021-04-23,51878.0,51191.0,52143.0,47882.0,91138220375.4599,956744203682.2198,-0.015025923232835282,56959.77116160334,55604.79655914386,4261.0,177.0,4084.0,4261.0,3285.6428571428573,0,33909.392857142855,,-0.0,0,0.0,-0.0
2021-04-24,51262.0,50133.0,51262.0,48975.0,49296256745.65119,937014999515.3855,-0.020884261454772193,56277.09404544301,55381.45792407676,2287.0,71.0,2216.0,2287.0,3215.3571428571427,0,33909.392857142855,,-0.0,0,0.0,-0.0
2021-04-25,50068.0,48981.0,50770.0,47198.0,46233432154.225266,915533819859.1393,-0.02324700607721822,55547.48464089871,55120.2147435022,3572.0,637.0,2935.0,3572.0,3381.9285714285716,0,33909.392857142855,,-0.0,0,0.0,-0.0
2021-04-26,49069.0,53979.0,54412.0,49063.0,60226926859.91649,1008389773189.793,0.09716261422635435,55390.63617680884,55073.63454988986,5349.0,5431.0,82.0,5431.0,3654.785714285714,0,33909.392857142855,,0.0,0,0.0,0.0
2021-04-27,54018.0,54992.0,55487.0,53400.0,48468560013.13787,1027617870421.6592,0.01859263806898674,55350.77255912796,55070.302527445376,2087.0,1508.0,579.0,2087.0,3539.0,0,33909.392857142855,,0.0,0,0.0,0.0
2021-04-28,55093.0,54811.0,56156.0,53988.0,48072930663.01449,1024625833392.2412,-0.0032968163700571574,55296.79530321516,55059.71875081495,2168.0,1164.0,1004.0,2168.0,3469.5,0,33909.392857142855,,-0.0,0,0.0,-0.0
2021-04-29,54953.0,53597.0,55132.0,52489.0,46958036373.360306,1001973605935.3958,-0.02239780737630556,55126.81577289365,55000.01594465924,2643.0,321.0,2322.0,2643.0,3547.4285714285716,0,33909.392857142855,,-0.0,0,0.0,-0.0
2021-04-30,53554.0,57829.0,57913.0,53297.0,53879045974.4321,1082721727348.0433,0.075997283596559,55397.03419560428,55115.48468161192,4616.0,4316.0,300.0,4616.0,3656.714285714286,0,33909.392857142855,,0.0,0,0.0,0.0
2021-05-01,57770.0,57813.0,58722.0,57175.0,43967070045.82312,1080897634123.2937,-0.0002767160737810365,55638.63077604386,55225.587347668574,1547.0,893.0,654.0,1547.0,3600.5714285714284,0,33909.392857142855,,-0.0,0,0.0,-0.0
2021-05-02,57807.0,56601.0,57807.0,56091.0,39072664393.929405,1057850321948.5465,-0.021187010986307618,55734.86769843948,55281.72663960046,1716.0,6.0,1722.0,1722.0,3179.714285714286,0,33909.392857142855,,-0.0,0,0.0,-0.0
2021-05-03,56611.0,57200.0,59066.0,56611.0,54132470274.07509,1069571255195.5189,0.010527245488166602,55881.38092859553,55360.0235114535,2455.0,2465.0,10.0,2465.0,3143.5714285714284,0,33909.392857142855,,0.0,0,0.0,0.0
2021-05-04,57153.0,53464.0,57153.0,53464.0,71296763919.13268,999775008412.3738,-0.0675453681769832,55639.64283573598,55282.634796700295,3689.0,47.0,3736.0,3736.0,3155.4285714285716,0,33909.392857142855,,-0.0,0,0.0,-0.0
2021-05-05,53329.0,57432.0,57973.0,53329.0,72158368257.54709,1070969079353.5304,0.07159310906541291,55818.87855216238,55370.36398867171,4644.0,4509.0,135.0,4644.0,3262.1428571428573,0,33909.392857142855,,0.0,0,0.0,0.0
2021-05-06,57410.0,56508.0,58420.0,55437.0,87510802710.77629,1056801053574.5111,-0.016219418224764012,55887.79069694614,55416.79811158306,2983.0,988.0,1995.0,2983.0,3154.4285714285716,0,33909.392857142855,,-0.0,0,0.0,-0.0
2021-05-07,56439.0,57362.0,58691.0,55484.0,68154805947.0942,1072831991777.4056,0.014999842137576484,56035.21162725153,55496.19410702865,3207.0,2183.0,1024.0,3207.0,3079.1428571428573,0,33909.392857142855,,0.0,0,0.0,0.0
2021-05-08,57342.0,58772.0,59504.0,57282.0,66812167538.22713,1099271802311.4957,0.024283487826705433,56308.890464526376,55629.900470007065,2222.0,2142.0,80.0,2222.0,3074.5,0,33909.392857142855,,0.0,0,0.0,0.0
2021-05-09,58850.0,58214.0,59256.0,56637.0,67906284080.6139,1088903483393.3053,-0.009539675375600017,56499.40141807374,55735.373920210855,2619.0,484.0,2135.0,2619.0,3006.4285714285716,0,33909.392857142855,,-0.0,0,0.0,-0.0
2021-05-10,58420.0,55902.0,59578.0,54739.0,76672978747.69038,1045714370754.1615,-0.040525717941756884,56439.66127626637,55742.17498469204,4839.0,1364.0,3475.0,4839.0,2964.1428571428573,0,33909.392857142855,,-0.0,0,0.0,-0.0
2021-05-11,55935.0,56929.0,56987.0,54758.0,67726708140.565094,1064993057463.8884,0.01820471968114233,56488.59514863974,55790.61682205155,2229.0,1085.0,1144.0,2229.0,2974.285714285714,0,33909.392857142855,,0.0,0,0.0,0.0
2021-05-12,56713.0,50005.0,57958.0,50005.0,75523928654.34041,935512493150.826,-0.1296818769490058,55840.23563377577,55554.46919666168,7953.0,1029.0,6924.0,7953.0,3387.5,0,33909.392857142855,,-0.0,0,0.0,-0.0
2021-05-13,49289.0,49973.0,51512.0,47301.0,104203551167.93765,934964766185.9642,-0.0006401408528425482,55253.51207039819,55326.654127410184,4211.0,1507.0,2704.0,4211.0,3499.5,-1,58721.75,58721.75,-0.001,1,0.001,-0.0
2021-05-14,49989.0,49913.0,51775.0,48995.0,56820196964.51265,935962705739.4398,-0.001201369705793483,54719.46086335837,55105.68865282201,2780.0,1802.0,978.0,2780.0,3368.3571428571427,-1,58333.892857142855,58333.892857142855,0.001201369705793483,0,0.0,0.001201369705793483
2021-05-15,49917.0,46781.0,50720.0,46781.0,62896879696.14898,875321252276.1078,-0.06480435228559683,53925.614777022536,54765.90544250274,3939.0,807.0,3132.0,3939.0,3539.214285714286,-1,55629.03571428571,55629.03571428571,0.06480435228559683,0,0.0,0.06480435228559683
2021-05-16,46682.0,46585.0,49826.0,44247.0,70636455913.96016,871695620615.745,-0.004198536681858109,53191.55329932029,54431.99093464549,5579.0,3045.0,2534.0,5579.0,3814.714285714286,-1,55629.03571428571,56121.78571428571,0.004198536681858109,0,0.0,0.004198536681858109
2021-05-17,46569.0,43781.0,46569.0,42024.0,84054878923.85199,819256623328.7307,-0.062078667588406126,52250.49796938826,53997.2566107824,4545.0,16.0,4561.0,4561.0,3964.4285714285716,-1,53692.07142857143,53692.07142857143,0.062078667588406126,0,0.0,0.062078667588406126
2021-05-18,43587.0,43091.0,45784.0,42496.0,65037066859.11668,800545278567.6873,-0.01588577471486029,51334.54817244944,53552.10327973006,3288.0,2003.0,1285.0,3288.0,3932.4285714285716,-1,52922.07142857143,52922.07142857143,0.01588577471486029,0,0.0,0.01588577471486029
2021-05-19,43195.0,37287.0,43588.0,30415.0,141151477374.61298,697785056487.6051,-0.14466941816763773,49929.79335520449,52888.22151321046,13173.0,497.0,12676.0,13173.0,4541.642857142857,-1,48641.107142857145,48641.107142857145,0.14466941816763773,0,0.0,0.14466941816763773
2021-05-20,37083.0,40438.0,42480.0,35390.0,95001812130.50996,759679496751.2783,0.0811251965136249,48980.61401968404,52380.04920654881,7090.0,5193.0,1897.0,7090.0,4835.0,-1,48641.107142857145,52525.5,-0.0811251965136249,0,0.0,-0.0811251965136249
2021-05-21,40722.0,37340.0,42252.0,34387.0,88706010988.29123,698762712553.7339,-0.07970479883153253,47816.55261771564,51766.169647097835,7865.0,1814.0,6051.0,7865.0,5167.714285714285,-1,48641.107142857145,50259.28571428571,0.07970479883153253,0,0.0,0.07970479883153253
2021-05-22,37422.0,37520.0,39071.0,35499.0,61178935273.653305,702143968883.5249,0.004808986024447478,46786.89735594408,51184.69333497139,3572.0,1731.0,1841.0,3572.0,5264.142857142857,-1,48641.107142857145,50680.357142857145,-0.004808986024447478,0,0.0,-0.004808986024447478
2021-05-23,37264.0,34978.0,38361.0,31390.0,84358034875.51308,654558962027.5841,-0.07015483171102445,45606.00762034967,50523.19564782969,6971.0,841.0,6130.0,6971.0,5575.0,-1,48641.107142857145,48915.5,0.07015483171102445,0,0.0,0.07015483171102445
2021-05-24,34893.0,38642.0,40418.0,34760.0,71163197727.3351,723143072419.7241,0.09962047541219222,44909.606858314706,50038.248886693786,5658.0,5440.0,218.0,5658.0,5633.5,-1,48641.107142857145,52725.75,-0.09962047541219222,0,0.0,-0.09962047541219222
2021-05-25,38810.0,38211.0,39787.0,36755.0,48724794157.985054,715248689989.8947,-0.011216335563459625,44239.74617248324,49555.50403417567,3032.0,1145.0,1887.0,3032.0,5690.857142857143,-1,48641.107142857145,52438.142857142855,0.011216335563459625,0,0.0,0.011216335563459625
2021-05-26,38382.0,39407.0,40802.0,38032.0,47026386118.47242,737668726732.3829,0.030820033222222872,43756.471555234915,49141.27937971952,2770.0,2591.0,179.0,2770.0,5320.642857142857,-1,48641.107142857145,52708.607142857145,-0.030820033222222872,0,0.0,-0.030820033222222872
2021-05-27,39467.0,38643.0,40433.0,37359.0,40836817155.71973,723137484747.1467,-0.01957781941589435,43245.12439971142,48712.77818054729,3074.0,1026.0,2048.0,3074.0,5239.428571428572,-1,48641.107142857145,51741.57142857143,0.01957781941589435,0,0.0,0.01957781941589435
2021-05-28,38549.0,35710.0,39086.0,34826.0,49991590067.73797,668521654364.6696,-0.07893488447570347,42491.61195974028,48182.05254052495,4260.0,443.0,3817.0,4260.0,5345.142857142857,-1,48641.107142857145,49072.857142857145,0.07893488447570347,0,0.0,0.07893488447570347
2021-05-29,35744.0,34775.0,37389.0,33749.0,43184025044.772804,654239808356.6592,-0.026532023796850417,41719.950763766254,47634.825906217804,3640.0,1679.0,1961.0,3640.0,5323.785714285715,-1,48084.46428571429,48084.46428571429,0.026532023796850417,0,0.0,0.026532023796850417
2021-05-30,34684.0,35715.0,36512.0,33159.0,30650274657.695255,668664301773.5417,0.026672030797429254,41119.45568738963,47148.30239984157,3353.0,1737.0,1616.0,3353.0,5164.785714285715,-1,48084.46428571429,48626.96428571429,-0.026672030797429254,0,0.0,-0.026672030797429254
2021-05-31,35738.0,37341.0,37568.0,34291.0,37950798680.48171,699138611681.2975,0.04452115008001453,40741.610118650664,46748.00434270517,3277.0,1853.0,1424.0,3277.0,5073.071428571428,-1,48084.46428571429,50023.67857142857,-0.04452115008001453,0,0.0,-0.04452115008001453
2021-06-01,37289.0,36680.0,37836.0,35663.0,33536905027.710236,688726381047.1788,-0.017860271298686118,40335.4491067856,46337.065389941694,2173.0,495.0,1678.0,2173.0,4993.428571428572,-1,48084.46428571429,49163.57142857143,0.017860271298686118,0,0.0,0.017860271298686118
2021-06-02,36688.0,37686.0,38244.0,36075.0,31240691604.199257,704531333543.3906,0.027057025312034678,40070.50419610704,45983.96068014816,2169.0,1564.0,605.0,2169.0,4207.428571428572,-1,48084.46428571429,48204.57142857143,-0.027057025312034678,0,0.0,-0.027057025312034678
2021-06-03,37602.0,39151.0,39810.0,37242.0,33396718844.557133,733150718114.4554,0.03813729219446555,39978.55377649634,45705.064325856394,2568.0,2124.0,444.0,2568.0,3884.4285714285716,-1,48084.46428571429,48862.07142857143,-0.03813729219446555,0,0.0,-0.03813729219446555
2021-06-04,39348.0,36939.0,39348.0,35750.0,39345490149.31464,691747462828.3618,-0.0581580614159201,39674.598398846705,45347.26578194388,3598.0,197.0,3401.0,3598.0,3579.6428571428573,-1,45888.107142857145,45888.107142857145,0.0581580614159201,0,0.0,0.0581580614159201
2021-06-05,36841.0,35547.0,38009.0,34937.0,34068172835.766655,662913486273.3402,-0.038412138976131494,39261.83855896204,44947.254933701275,3072.0,1070.0,2002.0,3072.0,3543.9285714285716,-1,44406.82142857143,44406.82142857143,0.038412138976131494,0,0.0,0.038412138976131494
2021-06-06,35600.0,35834.0,36449.0,35311.0,27689283070.836933,671131079523.7289,0.008041398874993657,38919.054703065834,44575.285344570606,1138.0,902.0,236.0,1138.0,3127.285714285714,-1,43652.21428571428,43652.21428571428,-0.008041398874993657,0,0.0,-0.008041398874993657
2021-06-07,35841.0,33451.0,36915.0,33451.0,33345528753.340153,626527049947.8439,-0.0688154818841081,38372.249232759255,44121.23288152691,3464.0,1081.0,2383.0,3464.0,2970.5714285714284,-1,40877.42857142857,40877.42857142857,0.0688154818841081,0,0.0,0.0688154818841081
2021-06-08,33619.0,33557.0,34123.0,31109.0,46727462986.366455,629018966290.4011,0.0031638039762000394,37890.72430948333,43690.03970268907,3014.0,672.0,2342.0,3014.0,2969.285714285714,-1,40877.42857142857,40980.21428571428,-0.0031638039762000394,0,0.0,-0.0031638039762000394
2021-06-09,33483.0,37554.0,37653.0,32553.0,54511387836.11497,705292677171.4633,0.11253441170082115,37857.051878535,43439.58910257931,5100.0,4096.0,1004.0,5100.0,3135.714285714286,-1,40877.42857142857,45393.28571428572,-0.11253441170082115,0,0.0,-0.11253441170082115
2021-06-10,37456.0,36903.0,38849.0,35855.0,42952476854.83458,691681868464.4717,-0.017487048615861814,37761.646690681504,43172.78954737199,2994.0,1295.0,1699.0,2994.0,3130.0,-1,40877.42857142857,44728.0,0.017487048615861814,0,0.0,0.017487048615861814
2021-06-11,36692.0,37289.0,37722.0,36043.0,36358044262.709755,698528023663.5321,0.01040552843541768,37714.38202161335,42932.63487196905,1679.0,819.0,860.0,1679.0,2945.6428571428573,-1,40877.42857142857,44653.107142857145,-0.01040552843541768,0,0.0,-0.01040552843541768
2021-06-12,37297.0,35666.0,37297.0,35110.0,35710196743.32056,668148892256.3638,-0.04450052295985394,37509.54381945202,42636.03753025603,2187.0,8.0,2179.0,2187.0,2841.8571428571427,-1,40877.42857142857,42770.642857142855,0.04450052295985394,0,0.0,0.04450052295985394
2021-06-13,35679.0,39148.0,39271.0,34883.0,38185633278.287155,733402631079.1185,0.09315148153325163,37673.38943750682,42493.66865147006,4388.0,3605.0,783.0,4388.0,2915.785714285714,-1,40877.42857142857,46437.46428571428,-0.09315148153325163,0,0.0,-0.09315148153325163
2021-06-14,39169.0,40625.0,41117.0,38933.0,45836408439.45157,761104314502.2867,0.037034305086328455,37968.55049375614,42417.39646161414,2184.0,1969.0,215.0,2184.0,2837.714285714286,-1,40877.42857142857,47719.28571428572,-0.037034305086328455,0,0.0,-0.037034305086328455
2021-06-15,40661.0,40378.0,41690.0,39664.0,36706248352.237144,756522207420.3483,-0.0060985584618694685,38209.495444380525,42334.15578971152,2026.0,1065.0,961.0,2026.0,2827.214285714286,-1,40877.42857142857,47446.03571428572,0.0060985584618694685,0,0.0,0.0060985584618694685
2021-06-16,40188.0,38321.0,40583.0,38137.0,36563438889.78541,718016373177.285,-0.05228703339246494,38220.64589994247,42170.353512580434,2446.0,205.0,2241.0,2446.0,2847.0,-1,40877.42857142857,45438.5,0.05228703339246494,0,0.0,0.05228703339246494
2021-06-17,38341.0,38194.0,39601.0,37604.0,36330237284.41833,715652442155.1261,-0.003319613582344859,38217.98130994823,42008.0533692098,1997.0,1280.0,717.0,1997.0,2806.214285714286,-1,40877.42857142857,45209.53571428572,0.003319613582344859,0,0.0,0.003319613582344859
2021-06-18,38186.0,35881.0,38199.0,35336.0,35162612172.75275,673761687974.4922,-0.0624705277309625,37984.2831789534,41757.969558221645,2863.0,5.0,2858.0,2863.0,2753.714285714286,-1,40877.42857142857,42765.28571428572,0.0624705277309625,0,0.0,0.0624705277309625
2021-06-19,35774.0,35582.0,36573.0,35044.0,28858979691.78587,666901325910.3705,-0.008368015469676006,37744.054861058066,41505.88916809014,1529.0,692.0,837.0,1529.0,2643.5,-1,40877.42857142857,42190.75,0.008368015469676006,0,0.0,0.008368015469676006
2021-06-20,35681.0,35787.0,36106.0,33414.0,35609127163.62243,670634370556.6146,0.005744806955334707,37548.34937495226,41272.46512041299,2692.0,524.0,2168.0,2692.0,2754.5,-1,40877.42857142857,42673.25,-0.005744806955334707,0,0.0,-0.005744806955334707
2021-06-21,35779.0,31712.0,35779.0,31446.0,51873870276.52254,598335733135.868,-0.12088954082034094,36964.714437457034,40882.24205427369,4333.0,8.0,4341.0,4341.0,2817.1428571428573,-1,38754.857142857145,38754.857142857145,0.12088954082034094,0,0.0,0.12088954082034094
2021-06-22,31505.0,32508.0,33241.0,29155.0,57443014757.92467,606580031922.7239,0.024791054743380857,36519.04299371133,40540.43625614006,4086.0,1529.0,2557.0,4086.0,2893.714285714286,-1,38754.857142857145,39742.28571428572,-0.024791054743380857,0,0.0,-0.024791054743380857
2021-06-23,32495.0,33703.0,35014.0,31890.0,39798236962.44067,631634847766.2311,0.036100641276757287,36237.4386943402,40261.3572252772,3124.0,2506.0,618.0,3124.0,2752.5714285714284,-1,38754.857142857145,40584.42857142857,-0.036100641276757287,0,0.0,-0.036100641276757287
2021-06-24,33713.0,34675.0,35198.0,32318.0,31862051544.349895,650340461975.8141,0.028432112033179715,36081.19482490618,40033.34264465364,2880.0,1495.0,1385.0,2880.0,2744.4285714285716,-1,38754.857142857145,41536.07142857143,-0.028432112033179715,0,0.0,-0.028432112033179715
2021-06-25,34699.0,31943.0,35567.0,31450.0,38635245431.3565,598703019611.4526,-0.08206590171335097,35667.375342415566,39703.12457752492,4117.0,892.0,3225.0,4117.0,2918.5714285714284,-1,38754.857142857145,39239.42857142857,0.08206590171335097,0,0.0,0.08206590171335097
2021-06-26,31666.0,32024.0,32851.0,30141.0,36873109419.90242,600235334320.8247,0.0025325572027280444,35303.03780817401,39389.69092129941,2710.0,908.0,1802.0,2710.0,2955.9285714285716,-1,38754.857142857145,39413.82142857143,-0.0025325572027280444,0,0.0,-0.0025325572027280444
2021-06-27,32287.0,34607.0,34693.0,32287.0,34335452117.32629,649262127990.3759,0.07757035204979343,35233.43402735661,39194.47904696065,2406.0,2669.0,263.0,2669.0,2833.1428571428573,-1,38754.857142857145,41689.857142857145,-0.07757035204979343,0,0.0,-0.07757035204979343
2021-06-28,34625.0,34557.0,35273.0,34056.0,32453802891.01519,647741224116.9337,-0.0014458391275869382,35165.79062462095,39005.194187901034,1217.0,666.0,551.0,1217.0,2764.0714285714284,-1,38754.857142857145,41467.17857142857,0.0014458391275869382,0,0.0,0.0014458391275869382
2021-06-29,34578.0,35969.0,36590.0,34379.0,35121257875.54662,674231340724.4149,0.04004732176336786,35246.11156215886,38881.26789451732,2211.0,2033.0,178.0,2211.0,2777.285714285714,-1,38754.857142857145,42912.21428571428,-0.04004732176336786,0,0.0,-0.04004732176336786
2021-06-30,35859.0,35171.0,36116.0,34192.0,31024153846.878517,660200427590.4775,-0.022435576970319632,35238.600405942976,38729.82838861865,1924.0,147.0,1777.0,1924.0,2740.0,-1,38754.857142857145,42021.0,0.022435576970319632,0,0.0,0.022435576970319632
2021-07-01,35063.0,33678.0,35103.0,32841.0,29129630236.14075,629863895571.7473,-0.0433770742174101,35082.54036534868,38523.63131153217,2262.0,68.0,2330.0,2330.0,2763.785714285714,-1,38754.857142857145,40587.46428571428,0.0433770742174101,0,0.0,0.0433770742174101
2021-07-02,33656.0,33951.0,34104.0,32711.0,25084046353.169456,633684390025.5607,0.008073503463796965,34969.38632881381,38336.99329881657,1393.0,426.0,967.0,1393.0,2658.785714285714,-1,38754.857142857145,40597.96428571428,-0.008073503463796965,0,0.0,-0.008073503463796965
2021-07-03,33988.0,34730.0,34924.0,33466.0,22986053604.70427,650382046624.6503,0.02268555810406849,34945.44769593243,38189.76908253834,1458.0,973.0,485.0,1458.0,2653.714285714286,-1,38754.857142857145,41364.28571428572,-0.02268555810406849,0,0.0,-0.02268555810406849
2021-07-04,34789.0,35394.0,36006.0,34381.0,22727930417.748825,663571591568.1959,0.018938447493010584,34990.30292633919,38075.65605876126,1625.0,1276.0,349.0,1625.0,2577.5,-1,38754.857142857145,41837.75,-0.018938447493010584,0,0.0,-0.018938447493010584
2021-07-05,35261.0,33928.0,35261.0,33329.0,25894820184.74507,636061920914.8282,-0.04230168207670359,34884.07263370527,37906.363974730186,1932.0,133.0,2065.0,2065.0,2414.9285714285716,-1,38754.857142857145,39965.32142857143,0.04230168207670359,0,0.0,0.04230168207670359
2021-07-06,33907.0,34150.0,35010.0,33733.0,26106856611.92326,640405812761.686,0.006521953844509474,34810.66537033474,37753.04299616977,1277.0,1082.0,195.0,1277.0,2214.285714285714,-1,38754.857142857145,39685.71428571428,-0.006521953844509474,0,0.0,-0.006521953844509474
2021-07-07,34198.0,33932.0,34985.0,33916.0,23692220470.135063,636246944189.2604,-0.0064040640713107725,34722.79883330127,37597.08205755059,1069.0,835.0,234.0,1069.0,2067.5,-1,38754.857142857145,39100.75,0.0064040640713107725,0,0.0,0.0064040640713107725
2021-07-08,33904.0,32934.0,33904.0,32317.0,29065577052.29722,617861633771.9894,-0.02985296314968116,34543.91894997114,37406.75217765057,1587.0,28.0,1615.0,1615.0,1977.142857142857,-1,37876.857142857145,37876.857142857145,0.02985296314968116,0,0.0,0.02985296314968116
2021-07-09,32809.0,33971.0,34204.0,32389.0,24282108111.21572,637000370375.4657,0.031001660682585242,34486.62705497403,37266.51739488932,1815.0,1270.0,545.0,1815.0,1812.7142857142858,-1,37876.857142857145,38502.78571428572,-0.031001660682585242,0,0.0,-0.031001660682585242
2021-07-10,33925.0,33705.0,34346.0,33185.0,20558304483.59407,632185737683.1548,-0.007861025172990293,34408.46434947663,37121.14933795506,1161.0,375.0,786.0,1161.0,1702.0714285714287,-1,37876.857142857145,37960.17857142857,0.007861025172990293,0,0.0,0.007861025172990293
2021-07-11,33667.0,34300.0,34824.0,33411.0,17798828844.27227,643335853171.1349,0.017499159866492087,34397.617914528964,37006.000385385465,1413.0,1119.0,294.0,1413.0,1612.357142857143,-1,37876.857142857145,38330.892857142855,-0.017499159866492087,0,0.0,-0.017499159866492087
2021-07-12,34295.0,33263.0,34725.0,32789.0,21683885320.611263,623350567666.981,-0.030699686038186513,34284.15612307607,36853.224859451366,1936.0,425.0,1511.0,1936.0,1663.7142857142858,-1,37422.28571428572,37422.28571428572,0.030699686038186513,0,0.0,0.030699686038186513
2021-07-13,33261.0,32676.0,33413.0,32386.0,19932531699.624603,613002045101.37,-0.017804804654084794,34123.34051076847,36682.725885596206,1027.0,150.0,877.0,1027.0,1579.142857142857,-1,36623.857142857145,36623.857142857145,0.017804804654084794,0,0.0,0.017804804654084794
2021-07-14,32729.0,32879.0,33124.0,31514.0,21779069066.445965,616691143979.958,0.006193292620548547,33998.90645969162,36527.471767816765,1610.0,448.0,1162.0,1610.0,1556.7142857142858,-1,36623.857142857145,36770.78571428572,-0.006193292620548547,0,0.0,-0.006193292620548547
2021-07-15,32897.0,31726.0,33260.0,31285.0,21557729227.284348,595342431373.8641,-0.03569762211390789,33771.61581372246,36331.49332831404,1975.0,381.0,1594.0,1975.0,1531.357142857143,-1,35554.392857142855,35554.392857142855,0.03569762211390789,0,0.0,0.03569762211390789
2021-07-16,31867.0,31400.0,32205.0,31164.0,22671859962.66356,588495008675.5178,-0.010328641072055863,33534.45423235022,36130.20788634204,1041.0,479.0,562.0,1041.0,1506.2142857142858,-1,35165.53571428572,35165.53571428572,0.010328641072055863,0,0.0,0.010328641072055863
2021-07-17,31404.0,31589.0,31973.0,31217.0,17715455994.789402,592581931071.2119,0.006001065811526307,33339.90880911519,35944.85246240971,756.0,573.0,183.0,756.0,1456.0714285714287,-1,35165.53571428572,35229.17857142857,-0.006001065811526307,0,0.0,-0.006001065811526307
2021-07-18,31606.0,31919.0,32504.0,31262.0,17742105807.895496,597872278369.1111,0.010392485044329897,33197.81792820367,35780.53195373993,1242.0,915.0,327.0,1242.0,1428.7142857142858,-1,35165.53571428572,35490.78571428572,-0.010392485044329897,0,0.0,-0.010392485044329897
2021-07-19,31900.0,30928.0,31931.0,30654.0,20095540828.295692,580252472382.7122,-0.03153952130408883,32970.83613538331,35582.46942501584,1277.0,12.0,1265.0,1277.0,1372.4285714285713,-1,34359.07142857143,34359.07142857143,0.03153952130408883,0,0.0,0.03153952130408883
2021-07-20,30892.0,29972.0,31044.0,29527.0,23000299061.896305,561743228116.5483,-0.031398309963910805,32670.952521844978,35353.47067297438,1517.0,116.0,1401.0,1517.0,1389.5714285714287,-1,33445.92857142857,33445.92857142857,0.031398309963910805,0,0.0,0.031398309963910805
2021-07-21,29917.0,32384.0,32503.0,29642.0,29070652059.995018,605357009416.7555,0.07740086116293601,32642.25726966048,35232.26778836318,2861.0,2531.0,330.0,2861.0,1517.5714285714287,-1,33445.92857142857,36177.92857142857,-0.07740086116293601,0,0.0,-0.07740086116293601
2021-07-22,32314.0,32409.0,32596.0,31716.0,19741588059.45234,607621607805.3499,0.0007716883379571337,32618.931542694434,35117.03236842999,880.0,212.0,668.0,880.0,1465.0714285714287,-1,33445.92857142857,36071.67857142857,-0.0007716883379571337,0,0.0,-0.0007716883379571337
2021-07-23,32386.0,33456.0,33469.0,32122.0,22937379734.633812,627747173675.4332,0.03179498068332021,32702.63838842499,35049.23512890223,1347.0,1060.0,287.0,1347.0,1431.642857142857,0,33445.92857142857,37035.107142857145,-0.032794980683320214,1,0.001,-0.03179498068332021
2021-07-24,33519.0,34214.0,34518.0,33487.0,22120323672.367214,642012590040.6406,0.022403774343822423,32853.77454958249,35015.14389915112,1031.0,1062.0,31.0,1062.0,1424.5714285714287,0,33445.92857142857,,0.0,0,0.0,0.0
2021-07-25,34297.0,35456.0,35456.0,33934.0,20929083220.53677,664681184168.7764,0.03565757409471851,33113.99709462425,35033.13802571638,1522.0,1242.0,280.0,1522.0,1432.357142857143,0,33445.92857142857,,0.0,0,0.0,0.0
2021-07-26,35527.0,37282.0,40347.0,35496.0,53550491997.72306,701921012034.6644,0.050218145322235244,33530.79738516182,35124.928310381016,4851.0,4891.0,40.0,4891.0,1643.4285714285713,0,33445.92857142857,,0.0,0,0.0,0.0
2021-07-27,37227.0,39077.0,39266.0,36277.0,36401287454.43055,732311951673.3547,0.04702342217189096,34085.41764664564,35286.237358936894,2989.0,1984.0,1005.0,2989.0,1783.5714285714287,0,33445.92857142857,,0.0,0,0.0,0.0
2021-07-28,39209.0,40031.0,40840.0,38457.0,41369107422.717026,751371299910.5153,0.024120095337562934,34679.97588198108,35479.901140204776,2383.0,1763.0,620.0,2383.0,1838.7857142857142,0,33445.92857142857,,0.0,0,0.0,0.0
2021-07-29,40050.0,39978.0,40665.0,39431.0,28717414113.01727,750407963580.4731,-0.0013248511480525957,35209.778293782976,35663.49701203315,1234.0,634.0,600.0,1234.0,1785.857142857143,0,33445.92857142857,,-0.0,0,0.0,-0.0
2021-07-30,39985.0,41936.0,41936.0,38416.0,35530501782.520935,786531956383.648,0.047815343772595456,35882.40046440468,35919.517542154244,3520.0,1958.0,1562.0,3520.0,1962.9285714285713,0,33445.92857142857,,0.0,0,0.0,0.0
2021-07-31,41981.0,41754.0,42211.0,41176.0,28437941447.49927,784039345926.1898,-0.004349391490282543,36469.56041796421,36157.6596832908,1035.0,275.0,760.0,1035.0,1982.857142857143,1,36796.857142857145,36796.857142857145,-0.001,1,0.001,-0.0
2021-08-01,41700.0,39915.0,42628.0,39604.0,28555173661.663795,747403845431.8284,-0.04504306199300576,36814.104376167794,36311.02051254424,3024.0,874.0,2150.0,3024.0,2110.1428571428573,1,36796.857142857145,34639.642857142855,-0.04504306199300576,0,0.0,-0.04504306199300576
2021-08-02,39985.0,39279.0,40570.0,38760.0,28057528866.262108,737440183775.5553,-0.01606216818403626,37060.593938551014,36432.16253244039,1810.0,655.0,1155.0,1810.0,2148.214285714286,1,36796.857142857145,33908.46428571428,-0.01606216818403626,0,0.0,-0.01606216818403626
2021-08-03,39117.0,38368.0,39887.0,37913.0,28422901237.16951,720835141114.3336,-0.02346624606862216,37191.334544695914,36511.17630662649,1974.0,608.0,1366.0,1974.0,2180.8571428571427,1,36796.857142857145,32915.857142857145,-0.02346624606862216,0,0.0,-0.02346624606862216
2021-08-04,38176.0,39752.0,39979.0,37703.0,27751046040.329308,747085951935.0547,0.035436375454915736,37447.401090226325,36643.45482472337,2276.0,1611.0,665.0,2276.0,2139.0714285714284,1,36796.857142857145,34404.32142857143,0.035436375454915736,0,0.0,0.035436375454915736
2021-08-05,39752.0,40825.0,41381.0,37596.0,38527930905.31518,768416417393.5968,0.026634484556509335,37785.16098120369,36814.130137999964,3785.0,1629.0,2156.0,3785.0,2346.5714285714284,1,36796.857142857145,34958.57142857143,0.026634484556509335,0,0.0,0.026634484556509335
2021-08-06,40809.0,42802.0,43175.0,39872.0,40840608016.843094,803853127161.2805,0.04729019161142042,38286.84488308332,37058.53298951017,3303.0,2350.0,953.0,3303.0,2486.285714285714,1,36796.857142857145,36586.28571428572,0.04729019161142042,0,0.0,0.04729019161142042
2021-08-07,42813.0,44648.0,44672.0,42727.0,42725276705.46515,838457486987.6113,0.04222468301818311,38922.96039477499,37368.30715320363,1945.0,1870.0,75.0,1945.0,2549.3571428571427,1,38274.607142857145,38274.607142857145,0.04222468301818311,0,0.0,0.04222468301818311
2021-08-08,44645.0,43753.0,45242.0,43471.0,39633218478.615295,821704814136.0109,-0.020249331604850505,39405.964355297496,37628.90686123613,1771.0,594.0,1177.0,1771.0,2567.1428571428573,1,38274.607142857145,37335.142857142855,-0.020249331604850505,0,0.0,-0.020249331604850505
2021-08-09,43780.0,46311.0,46433.0,42981.0,42726733997.85781,861862844505.6104,0.05681933198653207,40096.46791976775,37983.2780097571,3452.0,2680.0,772.0,3452.0,2464.3571428571427,1,40150.107142857145,40150.107142857145,0.05681933198653207,0,0.0,0.05681933198653207
2021-08-10,46288.0,45640.0,46456.0,44685.0,35669862361.54627,854344953098.7552,-0.014594988873939006,40650.82112779097,38295.797274664976,1771.0,145.0,1626.0,1771.0,2377.3571428571427,1,40150.107142857145,39696.607142857145,-0.014594988873939006,0,0.0,-0.014594988873939006
2021-08-11,45628.0,45652.0,46704.0,45297.0,35679832771.371475,857660568377.3856,0.00026289269747863136,41150.93901501188,38596.05044712763,1407.0,1064.0,343.0,1407.0,2307.6428571428573,1,40150.107142857145,39882.892857142855,0.00026289269747863136,0,0.0,0.00026289269747863136
2021-08-12,45578.0,44495.0,46168.0,43955.0,35838614930.04035,836054770491.896,-0.02567059438252798,41485.34511351069,38836.82389826528,2213.0,516.0,1697.0,2213.0,2377.5714285714284,1,40150.107142857145,38551.07142857143,-0.02567059438252798,0,0.0,-0.02567059438252798
2021-08-13,44540.0,47717.0,48121.0,44426.0,34320865037.164627,895084141168.7996,0.06991090522214638,42108.51060215962,39199.280065683015,3695.0,3626.0,69.0,3695.0,2390.0714285714284,1,41741.82142857143,41741.82142857143,0.06991090522214638,0,0.0,0.06991090522214638
2021-08-14,47760.0,47089.0,47962.0,46200.0,33294851810.64847,886593539912.8141,-0.013248300432189877,42606.559541943665,39521.30945075717,1762.0,245.0,1517.0,1762.0,2442.0,1,41741.82142857143,40984.0,-0.013248300432189877,0,0.0,-0.013248300432189877
2021-08-15,47133.0,47025.0,47362.0,45666.0,32863850458.005253,882888202377.7089,-0.001360052911687978,43048.4035877493,39827.582534399735,1696.0,273.0,1423.0,1696.0,2347.1428571428573,1,41741.82142857143,41157.142857142855,-0.001360052911687978,0,0.0,-0.001360052911687978
2021-08-16,47088.0,46032.0,47883.0,45765.0,34221605780.00136,866391335029.3693,-0.021342568377901945,43346.76322897437,40080.824063607906,2118.0,858.0,1260.0,2118.0,2369.1428571428573,1,41741.82142857143,40109.142857142855,-0.021342568377901945,0,0.0,-0.021342568377901945
2021-08-17,45999.0,44534.0,46970.0,44534.0,34488116651.18446,836777066605.9799,-0.03308386442692643,43465.486906076934,40262.58634672595,2436.0,938.0,1498.0,2436.0,2402.1428571428573,1,41741.82142857143,38528.642857142855,-0.03308386442692643,0,0.0,-0.03308386442692643
2021-08-18,44655.0,45015.0,45923.0,44510.0,34668999387.83819,847143004614.999,0.010742825178174433,43620.43821546924,40456.56241420652,1413.0,1389.0,24.0,1413.0,2340.5,1,41741.82142857143,39163.75,0.010742825178174433,0,0.0,0.010742825178174433
2021-08-19,44791.0,46745.0,46954.0,44098.0,38434805722.952705,867650725472.864,0.03771153058283888,43932.89439392232,40713.23333607564,2856.0,1939.0,917.0,2856.0,2274.1428571428573,1,41741.82142857143,41059.642857142855,0.03771153058283888,0,0.0,0.03771153058283888
2021-08-20,46808.0,49196.0,49263.0,46682.0,36497089236.87114,923013359587.4719,0.05110502123688503,44459.20495453008,41059.46871011337,2581.0,2518.0,63.0,2581.0,2222.5714285714284,1,43639.57142857143,43639.57142857143,0.05110502123688503,0,0.0,0.05110502123688503
2021-08-21,49261.0,48934.0,49673.0,47989.0,42147725293.165855,920750216465.3846,-0.005339867982462514,44906.68445907708,41380.8781505169,1684.0,477.0,1207.0,1684.0,2203.9285714285716,1,43639.57142857143,43424.17857142857,-0.005339867982462514,0,0.0,-0.005339867982462514
2021-08-22,48868.0,49251.0,49480.0,48291.0,27110183703.24463,925630106451.4792,0.006457220582789352,45341.11601316937,41702.10761376111,1189.0,546.0,643.0,1189.0,2162.3571428571427,1,43845.107142857145,43845.107142857145,0.006457220582789352,0,0.0,0.006457220582789352
2021-08-23,49315.0,49519.0,50321.0,49130.0,35800255386.41374,930729196214.2946,0.005426762330884734,45758.90441185243,42021.16444585249,1191.0,1070.0,121.0,1191.0,2000.857142857143,1,44516.857142857145,44516.857142857145,0.005426762330884734,0,0.0,0.005426762330884734
2021-08-24,49428.0,47941.0,49799.0,47941.0,38387146174.87064,902489541307.5308,-0.03238534611509893,45977.11397066719,42262.7903868381,1858.0,280.0,1578.0,1858.0,2007.0714285714287,1,44516.857142857145,42923.32142857143,-0.03238534611509893,0,0.0,-0.03238534611509893
2021-08-25,47805.0,49003.0,49139.0,47250.0,33517327123.555378,921328247353.5629,0.021910432530003153,46279.70257360047,42537.900983293686,1889.0,1198.0,691.0,1889.0,2041.5,1,44516.857142857145,43899.25,0.021910432530003153,0,0.0,0.021910432530003153
2021-08-26,48990.0,47229.0,49320.0,46648.0,33774857002.92822,887832142450.1957,-0.03687341002567832,46374.63231624043,42729.374412547004,2672.0,317.0,2355.0,2672.0,2074.285714285714,1,44516.857142857145,42043.28571428572,-0.03687341002567832,0,0.0,-0.03687341002567832
2021-08-27,47137.0,49083.0,49136.0,46451.0,34607868773.39842,922969799298.9401,0.0385046319684475,46645.46908461639,42988.70606917774,2685.0,1907.0,778.0,2685.0,2002.142857142857,1,44516.857142857145,44077.642857142855,0.0385046319684475,0,0.0,0.0385046319684475
2021-08-28,49088.0,48937.0,49333.0,48545.0,28491785397.365837,920017911098.7555,-0.0029789860838877603,46874.62217615475,43231.493576558234,788.0,250.0,538.0,788.0,1932.5714285714287,1,44516.857142857145,44105.57142857143,-0.0029789860838877603,0,0.0,-0.0029789860838877603
2021-08-29,48946.0,48907.0,49640.0,48027.0,26244843557.507874,919515378468.8468,-0.0006132210649625648,47077.85995853927,43463.14689996402,1613.0,703.0,910.0,1613.0,1926.642857142857,1,44516.857142857145,44090.392857142855,-0.0006132210649625648,0,0.0,-0.0006132210649625648
2021-08-30,48814.0,47124.0,48873.0,46977.0,32326073271.91957,885729258052.6316,-0.0371381101363259,47082.47396268535,43612.56947547569,1896.0,34.0,1930.0,1930.0,1913.2142857142858,1,44516.857142857145,42340.96428571428,-0.0371381101363259,0,0.0,-0.0371381101363259
2021-08-31,47081.0,47335.0,48257.0,46811.0,34868965959.24512,890014982634.8986,0.004467554196981567,47107.726566416815,43764.50541525219,1446.0,1133.0,313.0,1446.0,1842.5,1,44516.857142857145,42728.75,0.004467554196981567,0,0.0,0.004467554196981567
2021-09-01,47270.0,48823.0,48949.0,46659.0,39060601275.21267,918058330851.4829,0.030951533721289174,47279.253909775136,43970.97458197659,2290.0,1614.0,676.0,2290.0,1905.142857142857,1,44516.857142857145,44060.142857142855,0.030951533721289174,0,0.0,0.030951533721289174
2021-09-02,48871.0,49339.0,50212.0,48705.0,39362789535.46043,927323146557.2119,0.010513330062263031,47485.22851879762,44190.077660263254,1507.0,1389.0,118.0,1507.0,1808.7857142857142,1,44817.03571428572,44817.03571428572,0.010513330062263031,0,0.0,0.010513330062263031
2021-09-03,49341.0,49935.0,50913.0,48480.0,42934455726.28852,937295558515.289,0.012007316330691147,47730.205666917864,44424.56428637495,2433.0,1574.0,859.0,2433.0,1798.2142857142858,1,45439.46428571428,45439.46428571428,0.012007316330691147,0,0.0,0.012007316330691147
2021-09-04,50028.0,50013.0,50476.0,49517.0,36985805206.72937,940538655659.8085,0.0015608119389056909,47958.48510022608,44652.6637032576,959.0,541.0,418.0,959.0,1746.4285714285713,1,45646.92857142857,45646.92857142857,0.0015608119389056909,0,0.0,0.0015608119389056909
2021-09-05,49965.0,51696.0,51834.0,49501.0,31765191430.17128,971284117138.44,0.03309743744813887,48332.23659020347,44940.14681741035,2333.0,1821.0,512.0,2333.0,1828.142857142857,1,47125.642857142855,47125.642857142855,0.03309743744813887,0,0.0,0.03309743744813887
2021-09-06,51677.0,52740.0,52788.0,51134.0,37532574716.902405,992868819862.2306,0.019993771842998106,48773.012931183126,45258.50817180176,1654.0,1092.0,562.0,1654.0,1861.2142857142858,1,48086.96428571428,48086.96428571428,0.019993771842998106,0,0.0,0.019993771842998106
2021-09-07,52725.0,46995.0,52853.0,45300.0,64010507329.271904,881943904968.6511,-0.11533296785287586,48595.211638064815,45329.38538927924,7553.0,113.0,7440.0,7553.0,2268.0,0,48086.96428571428,41325.0,-0.11633296785287586,1,0.001,-0.11533296785287586
2021-09-08,47035.0,46085.0,47515.0,44319.0,48151104381.084854,866885887154.3109,-0.01955369562663723,48344.190474258336,45360.22680196172,3196.0,520.0,2676.0,3196.0,2361.3571428571427,0,48086.96428571428,,-0.0,0,0.0,-0.0
2021-09-09,46187.0,46519.0,47333.0,45850.0,38581092903.84418,876179332243.7437,0.009373313843094503,48161.6714268325,45407.52366718777,1483.0,1248.0,235.0,1483.0,2276.4285714285716,0,48086.96428571428,,0.0,0,0.0,0.0
2021-09-10,46515.0,44803.0,47158.0,44482.0,38051987740.157684,842222636395.4677,-0.037585729824076035,47825.80428414925,45382.84923179235,2676.0,639.0,2037.0,2676.0,2275.785714285714,0,48086.96428571428,,-0.0,0,0.0,-0.0
2021-09-11,44930.0,45196.0,46077.0,44930.0,34160277726.441067,849828231595.6722,0.008733485882353712,47562.82385573433,45375.22273253552,1147.0,1274.0,127.0,1274.0,2310.5,0,48086.96428571428,,0.0,0,0.0,0.0
2021-09-12,45268.0,46195.0,46494.0,44815.0,27585855039.22065,869122611514.091,0.021862979775708575,47426.0414701609,45408.68302916672,1679.0,1298.0,381.0,1679.0,2315.214285714286,0,48086.96428571428,,0.0,0,0.0,0.0
2021-09-13,46190.0,45140.0,47445.0,43668.0,40683028027.85497,848992511473.5618,-0.02310279573331885,47197.43732314481,45397.71637491501,3777.0,1250.0,2527.0,3777.0,2447.1428571428573,0,48086.96428571428,,-0.0,0,0.0,-0.0
2021-09-14,44997.0,47135.0,47286.0,44997.0,38645575965.52751,886524004596.6061,0.043247053458724094,47191.193590830335,45468.62591063276,2289.0,2146.0,143.0,2289.0,2507.3571428571427,0,48086.96428571428,,0.0,0,0.0,0.0
2021-09-15,47158.0,48187.0,48570.0,46924.0,30037816650.128475,906727769791.0696,0.022073450286712277,47290.7742317473,45579.57995509673,1646.0,1435.0,211.0,1646.0,2461.3571428571427,0,48086.96428571428,,0.0,0,0.0,0.0
2021-09-16,48207.0,47879.0,48576.0,47131.0,31578783374.768665,900990520811.9348,-0.006412280210361029,47349.596808572576,45673.43383448053,1445.0,389.0,1056.0,1445.0,2456.9285714285716,0,48086.96428571428,,-0.0,0,0.0,-0.0
2021-09-17,47846.0,47229.0,48300.0,46989.0,27731209179.052345,892585184977.8329,-0.013668884223863328,47337.53712771532,45736.926331032344,1311.0,421.0,890.0,1311.0,2376.785714285714,0,48086.96428571428,,-0.0,0,0.0,-0.0
2021-09-18,47466.0,48267.0,48887.0,47289.0,27630476157.8273,907957032341.1344,0.02173998663640582,47430.48341494379,45840.19464405143,1598.0,1658.0,60.0,1658.0,2426.714285714286,0,48086.96428571428,,0.0,0,0.0,0.0
2021-09-19,48349.0,47371.0,48443.0,46943.0,26163167368.59442,891560241243.0585,-0.018737870216737788,47424.53507344941,45902.676495314634,1500.0,176.0,1324.0,1500.0,2367.214285714286,0,48086.96428571428,,-0.0,0,0.0,-0.0
2021-09-20,47248.0,42933.0,47405.0,42479.0,41220025453.5186,805826302811.3501,-0.09836946612342132,46975.38156610447,45781.46520979158,4926.0,34.0,4892.0,4926.0,2600.9285714285716,0,48086.96428571428,,-0.0,0,0.0,-0.0
2021-09-21,43017.0,40387.0,43645.0,40203.0,45940419565.082825,760802031650.6051,-0.06113280999095581,46316.54340949403,45561.2829563307,3442.0,712.0,2730.0,3442.0,2307.285714285714,0,48086.96428571428,,-0.0,0,0.0,-0.0
2021-09-22,40554.0,43587.0,44173.0,40554.0,36624234960.05299,820460824050.9529,0.07625098975141888,46043.58906854463,45480.69997852128,3619.0,3786.0,167.0,3786.0,2349.4285714285716,0,48086.96428571428,,0.0,0,0.0,0.0
2021-09-23,43602.0,44981.0,45168.0,43179.0,33594750549.99859,846615719473.8734,0.031481237629885646,45937.330161690166,45460.30406103061,1989.0,1581.0,408.0,1989.0,2385.5714285714284,0,48086.96428571428,,0.0,0,0.0,0.0
2021-09-24,44992.0,42752.0,45132.0,41018.0,42973070342.650276,809772498812.6799,-0.05082420047301652,45618.79714552115,45349.7610381314,4114.0,151.0,3963.0,4114.0,2488.285714285714,0,48086.96428571428,,-0.0,0,0.0,-0.0
2021-09-25,42865.0,42857.0,43081.0,41877.0,30898116660.05655,808279417023.3408,0.002453014347818255,45342.61743096904,45248.01568963624,1204.0,329.0,875.0,1204.0,2483.285714285714,0,48086.96428571428,,0.0,0,0.0,0.0
2021-09-26,42824.0,43337.0,44229.0,40890.0,30462815705.283737,825341135635.7169,0.011137781330409512,45142.05568787214,45170.015049242924,3339.0,1372.0,1967.0,3339.0,2601.8571428571427,-1,49841.642857142855,49841.642857142855,-0.001,1,0.001,0.0
2021-09-27,43282.0,42247.0,44388.0,42226.0,30483144439.45263,794889951096.439,-0.025473428227424814,44852.550119084925,45050.70831253913,2162.0,1051.0,1111.0,2162.0,2486.5,-1,48463.25,48463.25,0.025473428227424814,0,0.0,0.025473428227424814
2021-09-28,42083.0,41010.0,42837.0,41010.0,29691944223.292786,775534111089.4891,-0.0297174059610157,44468.29510717643,44885.78144263957,1827.0,590.0,1237.0,1827.0,2453.5,-1,47143.75,47143.75,0.0297174059610157,0,0.0,0.0297174059610157
2021-09-29,41003.0,41588.0,42649.0,40985.0,30068690311.96594,782626384092.2843,0.013995724711755949,44180.26559645879,44751.178118450196,1664.0,1639.0,25.0,1664.0,2454.785714285714,-1,47143.75,47724.96428571428,-0.013995724711755949,0,0.0,-0.013995724711755949
2021-09-30,41647.0,43859.0,44160.0,41577.0,30859918334.565014,827840965059.6127,0.053168278796497055,44148.139036812914,44714.762685044065,2583.0,2572.0,11.0,2583.0,2536.0714285714284,-1,47143.75,50199.17857142857,-0.053168278796497055,0,0.0,-0.053168278796497055
2021-10-01,43887.0,48182.0,48578.0,43371.0,42089383189.81192,906929641888.8245,0.09400556441336173,44551.525133131625,44856.28257545043,5207.0,4719.0,488.0,5207.0,2814.3571428571427,0,47143.75,55217.892857142855,-0.09500556441336173,1,0.001,-0.09400556441336173
2021-10-02,48267.0,47778.0,48315.0,47588.0,29742127387.956066,900582483713.1118,-0.00842022482221985,44874.17261981846,44975.536347881025,727.0,133.0,594.0,727.0,2747.8571428571427,0,47143.75,,-0.0,0,0.0,-0.0
2021-10-03,47863.0,48283.0,49404.0,47260.0,26034594561.963406,910331395887.4816,0.010514249326580327,45215.055357836616,45110.534864294044,2144.0,1626.0,518.0,2144.0,2793.8571428571427,1,41298.357142857145,41298.357142857145,-0.001,1,0.001,0.0
2021-10-04,48259.0,49260.0,49524.0,47188.0,32691763060.319107,927812140868.0522,0.020032860862448657,45619.549822052955,45279.90078820041,2336.0,1241.0,1095.0,2336.0,2608.8571428571427,1,42737.857142857145,42737.857142857145,0.020032860862448657,0,0.0,0.020032860862448657
2021-10-05,49262.0,51669.0,51971.0,49173.0,35480330025.02791,973040988102.9114,0.047745595829327345,46224.49483984766,45540.680347865695,2798.0,2711.0,87.0,2798.0,2562.8571428571427,1,45261.857142857145,45261.857142857145,0.047745595829327345,0,0.0,0.047745595829327345
2021-10-06,51618.0,55415.0,55555.0,50569.0,48462388015.80152,1044675252844.3663,0.06999232670589725,47143.545355862894,45943.713803054845,4986.0,3886.0,1100.0,4986.0,2648.5714285714284,1,48793.57142857143,48793.57142857143,0.06999232670589725,0,0.0,0.06999232670589725
2021-10-07,55410.0,53895.0,55410.0,53675.0,36549815857.28183,1015246512238.866,-0.02781260599402465,47818.690820276606,46268.25609680771,1735.0,5.0,1740.0,1740.0,2630.785714285714,1,48793.57142857143,47318.03571428572,-0.02781260599402465,0,0.0,-0.02781260599402465
2021-10-08,53807.0,54011.0,56056.0,53807.0,33935485256.826164,1016650501581.1074,0.0021500202896040993,48437.921738248944,46584.28646020331,2249.0,2161.0,88.0,2249.0,2497.5714285714284,1,48793.57142857143,47767.07142857143,0.0021500202896040993,0,0.0,0.0021500202896040993
2021-10-09,54054.0,55125.0,55427.0,53910.0,31927344846.446766,1038524699061.4408,0.020415604243814306,49106.62956442405,46932.88701284807,1517.0,1416.0,101.0,1517.0,2519.9285714285716,1,48825.17857142857,48825.17857142857,0.020415604243814306,0,0.0,0.020415604243814306
2021-10-10,54965.0,54712.0,56716.0,54302.0,38579271671.06987,1030788036761.6326,-0.00752026997121509,49667.16660798165,47250.40182865019,2414.0,1591.0,823.0,2414.0,2453.8571428571427,1,48825.17857142857,48577.357142857145,-0.00752026997121509,0,0.0,-0.00752026997121509
2021-10-11,54755.0,57573.0,57860.0,54682.0,41913482915.37917,1084736227837.6608,0.05097064400842498,50457.74994718349,47671.7323662563,3178.0,3148.0,30.0,3178.0,2526.4285714285716,1,51256.92857142857,51256.92857142857,0.05097064400842498,0,0.0,0.05097064400842498
2021-10-12,57553.0,56335.0,58066.0,54705.0,40021384610.698265,1061829863954.1321,-0.021737696188090756,51045.47495246514,48025.33512681726,3361.0,493.0,2868.0,3361.0,2636.0,1,51256.92857142857,49745.0,-0.021737696188090756,0,0.0,-0.021737696188090756
2021-10-13,56278.0,57488.0,57873.0,54409.0,41216945749.34656,1083366079898.5513,0.02026021875503377,51689.72745721863,48411.56634613084,3464.0,1538.0,1926.0,3464.0,2764.5714285714284,1,51256.92857142857,50576.57142857143,0.02026021875503377,0,0.0,0.02026021875503377
2021-10-14,57543.0,57452.0,58740.0,57090.0,35994603913.188385,1082900149762.5826,-0.000626413801586662,52265.954711496765,48780.5636381255,1650.0,1252.0,398.0,1650.0,2697.9285714285716,1,51256.92857142857,50707.17857142857,-0.000626413801586662,0,0.0,-0.000626413801586662
2021-10-15,57446.0,61809.0,62729.0,57098.0,53653355008.40819,1164782155730.3254,0.07309916835885542,53220.25924034709,49312.33655085507,5631.0,5277.0,354.0,5631.0,2728.214285714286,1,54988.46428571428,54988.46428571428,0.07309916835885542,0,0.0,0.07309916835885542
2021-10-16,61764.0,61166.0,62481.0,60506.0,35385452268.77726,1153847028824.7434,-0.01045750534387427,54014.83331631238,49796.15954877935,1975.0,672.0,1303.0,1975.0,2817.3571428571427,1,54988.46428571428,54122.607142857145,-0.01045750534387427,0,0.0,-0.01045750534387427
2021-10-17,61127.0,61584.0,61728.0,59228.0,29625957541.677635,1160650121141.9934,0.00681061695683284,54771.74998468115,50277.29589372713,2500.0,562.0,1938.0,2500.0,2842.785714285714,1,54988.46428571428,54477.03571428572,0.00681061695683284,0,0.0,0.00681061695683284
2021-10-18,61545.0,62018.0,62911.0,60391.0,39610183787.235275,1173944883529.633,0.007022568948901016,55496.374986213035,50756.50830622806,2520.0,1327.0,1193.0,2520.0,2855.9285714285716,1,54988.46428571428,54878.17857142857,0.007022568948901016,0,0.0,0.007022568948901016
2021-10-19,62013.0,64518.0,64608.0,61705.0,42550624869.2941,1217582580302.557,0.03951958914615296,56398.53748759173,51318.20184474936,2903.0,2590.0,313.0,2903.0,2863.4285714285716,1,57359.42857142857,57359.42857142857,0.03951958914615296,0,0.0,0.03951958914615296
2021-10-20,64482.0,66238.0,67277.0,63548.0,40790757381.601654,1250376460615.7495,0.02631006174802007,57382.48373883256,51927.173198024895,3729.0,2759.0,970.0,3729.0,2773.6428571428573,1,59303.892857142855,59303.892857142855,0.02631006174802007,0,0.0,0.02631006174802007
2021-10-21,66282.0,62541.0,66838.0,62378.0,48709960685.53348,1178926819140.8179,-0.05743197471605464,57898.33536494931,52360.39061851367,4460.0,600.0,3860.0,4460.0,2967.9285714285716,1,59303.892857142855,55121.17857142857,-0.05743197471605464,0,0.0,-0.05743197471605464
2021-10-22,62179.0,61029.0,63918.0,60373.0,40766460604.96904,1151508584004.7793,-0.02447318063048521,58211.40182845438,52714.21140959475,3545.0,1377.0,2168.0,3545.0,3060.5,1,59303.892857142855,53377.75,-0.02447318063048521,0,0.0,-0.02447318063048521
2021-10-23,61001.0,61572.0,62073.0,60317.0,28505039147.788773,1161166467847.4336,0.008858060709903555,58547.46164560894,53075.75380103986,1756.0,1044.0,712.0,1756.0,3077.5714285714284,1,59303.892857142855,53878.07142857143,0.008858060709903555,0,0.0,0.008858060709903555
2021-10-24,61641.0,61173.0,61787.0,59672.0,29982535557.40278,1153315262663.0586,-0.006501306047107516,58810.01548104805,53406.25364589537,2115.0,215.0,1900.0,2115.0,3056.214285714286,1,59303.892857142855,53532.46428571428,-0.006501306047107516,0,0.0,-0.006501306047107516
2021-10-25,61120.0,63228.0,64031.0,60956.0,30852852368.02752,1192131994832.5864,0.0330413253144284,59251.81393294325,53807.14125218535,3075.0,2858.0,217.0,3075.0,3048.8571428571427,1,59303.892857142855,55605.857142857145,0.0330413253144284,0,0.0,0.0330413253144284
2021-10-26,63346.0,60604.0,63570.0,60290.0,33233702858.09473,1143497865064.6724,-0.04238634351756007,59387.03253964893,54084.564058218595,3280.0,342.0,2938.0,3280.0,3043.0714285714284,1,59303.892857142855,52996.32142857143,-0.04238634351756007,0,0.0,-0.04238634351756007
2021-10-27,60687.0,58641.0,61797.0,58179.0,43976252157.068634,1105754837660.925,-0.03292678685859455,59312.42928568404,54270.54103543416,3618.0,1193.0,2425.0,3618.0,3054.0714285714284,0,59303.892857142855,51005.82142857143,-0.03392678685859455,1,0.001,-0.03292678685859455
2021-10-28,58594.0,60768.0,62393.0,58369.0,52318597556.794624,1145912030969.1882,0.035629223990880816,59457.98635711564,54535.74344215113,4024.0,3752.0,272.0,4024.0,3223.6428571428573,0,59303.892857142855,,0.0,0,0.0,0.0
2021-10-29,60848.0,62283.0,62939.0,60571.0,38648967244.95182,1178047465292.3657,0.024625180732646443,59740.487721404075,54851.95799553271,2368.0,2171.0,197.0,2368.0,2990.5714285714284,0,59303.892857142855,,0.0,0,0.0,0.0
2021-10-30,62376.0,61837.0,62416.0,61068.0,31810216329.529858,1166423768409.5984,-0.007186624549894553,59950.138949263666,55137.06175081709,1348.0,133.0,1215.0,1348.0,2945.785714285714,0,59303.892857142855,,-0.0,0,0.0,-0.0
2021-10-31,62013.0,61472.0,62597.0,60307.0,32494948460.791386,1159841954948.4832,-0.005920104226481071,60102.3250543373,55395.630658947004,2290.0,760.0,1530.0,2290.0,2930.785714285714,0,59303.892857142855,,-0.0,0,0.0,-0.0
2021-11-01,61368.0,61122.0,62508.0,59824.0,35834742028.38199,1152831210803.7048,-0.00570991975016188,60204.29254890357,55629.36001980631,2684.0,1036.0,1648.0,2684.0,2942.5,0,59303.892857142855,,-0.0,0,0.0,-0.0
2021-11-02,61042.0,63247.0,64249.0,60644.0,37335066460.155334,1186951581189.4705,0.03417582881672836,60508.56329401321,55940.28410063054,3605.0,3127.0,478.0,3605.0,2992.6428571428573,0,59303.892857142855,,0.0,0,0.0,0.0
2021-11-03,63283.0,63131.0,63546.0,61587.0,36561444796.93016,1187048124213.9268,-0.001835763069156331,60770.8069646119,56233.78270876806,1959.0,299.0,1660.0,1959.0,2866.214285714286,0,59303.892857142855,,-0.0,0,0.0,-0.0
2021-11-04,63025.0,61602.0,63159.0,60988.0,33152275947.43255,1157101738112.7314,-0.024517595038673682,60853.92626815071,56452.89361861426,2171.0,28.0,2143.0,2171.0,2702.714285714286,0,59303.892857142855,,-0.0,0,0.0,-0.0
2021-11-05,61586.0,61247.0,62724.0,60932.0,31182137447.967434,1154530569293.3604,-0.005779468911422484,60893.23364133564,56648.57143009939,1792.0,1122.0,670.0,1792.0,2577.5,0,59303.892857142855,,-0.0,0,0.0,-0.0
2021-11-06,61277.0,61661.0,61669.0,60334.0,31423601393.173405,1162489871875.4807,0.006736771662544442,60970.01027720208,56853.16035131982,1335.0,422.0,913.0,1335.0,2547.4285714285716,0,59303.892857142855,,0.0,0,0.0,0.0
2021-11-07,61683.0,63153.0,63192.0,61583.0,24877902989.784378,1191631271447.797,0.02390871331036627,61188.30924948187,57110.296663510846,1609.0,1531.0,78.0,1609.0,2511.285714285714,0,59303.892857142855,,0.0,0,0.0,0.0
2021-11-08,63433.0,67617.0,67713.0,63433.0,105426313891.40913,1278797895528.3608,0.06829907711687196,61831.178324533685,57539.14169765326,4280.0,4560.0,280.0,4560.0,2617.3571428571427,0,59303.892857142855,,0.0,0,0.0,0.0
2021-11-09,67539.0,67145.0,68642.0,66566.0,41207912437.79217,1268116896159.246,-0.007004970690104296,62362.560492080316,57931.21754672863,2076.0,1025.0,1051.0,2076.0,2531.3571428571427,0,59303.892857142855,,-0.0,0,0.0,-0.0
2021-11-10,67087.0,65061.0,69045.0,64566.0,48648563669.37678,1221681091090.6301,-0.0315291686787591,62632.404442872285,58222.22907543358,4479.0,1900.0,2579.0,4479.0,2592.8571428571427,0,59303.892857142855,,-0.0,0,0.0,-0.0
2021-11-11,65063.0,65006.0,65913.0,64459.0,35457583783.213585,1228606858156.6921,-0.000845718026527553,62869.763998585055,58499.11768459955,1454.0,852.0,602.0,1454.0,2409.285714285714,0,59303.892857142855,,-0.0,0,0.0,-0.0
2021-11-12,64947.0,64432.0,65780.0,62353.0,36872626217.741356,1215930166022.9006,-0.008869169218753609,63025.98759872655,58741.27614645263,3427.0,774.0,2653.0,3427.0,2484.9285714285716,0,59303.892857142855,,-0.0,0,0.0,-0.0
2021-11-13,64425.0,64660.0,65080.0,63636.0,29677693457.31651,1220299721850.586,0.003532368188188629,63189.38883885389,58982.856711903536,1444.0,648.0,796.0,1444.0,2491.785714285714,0,59303.892857142855,,0.0,0,0.0,0.0
2021-11-14,64654.0,65649.0,65739.0,63705.0,26088449436.717113,1239021452560.904,0.015179596043045711,63435.3499549685,59254.94419305033,2034.0,1079.0,955.0,2034.0,2473.5,0,59303.892857142855,,0.0,0,0.0,0.0
2021-11-15,65858.0,63934.0,66359.0,63754.0,32107212452.298412,1206711952537.9358,-0.026471067084795023,63485.214959471654,59445.926062721745,2605.0,710.0,1895.0,2605.0,2467.8571428571427,0,59303.892857142855,,-0.0,0,0.0,-0.0
2021-11-16,63858.0,60449.0,63858.0,59150.0,48978396010.968155,1141910823555.9597,-0.05605126692875387,63181.59346352449,59486.86785608004,4708.0,76.0,4784.0,4784.0,2552.0714285714284,0,59303.892857142855,,-0.0,0,0.0,-0.0
2021-11-17,60399.0,60604.0,61054.0,58994.0,39200729529.48786,1138136620641.4888,0.0025608631708054406,62923.834117172046,59532.465086444114,2060.0,605.0,1455.0,2060.0,2559.285714285714,0,59303.892857142855,,0.0,0,0.0,0.0
2021-11-18,60613.0,56987.0,61237.0,56664.0,41828523861.71753,1075758915731.0365,-0.06153772585043508,62330.15070545484,59428.568552303535,4573.0,633.0,3940.0,4573.0,2730.8571428571427,0,59303.892857142855,,-0.0,0,0.0,-0.0
2021-11-19,57298.0,58459.0,58656.0,55821.0,37851259606.14217,1103594176399.3167,0.025502482176333195,61943.035634909356,59388.9943256789,2835.0,1669.0,1166.0,2835.0,2805.3571428571427,0,59303.892857142855,,0.0,0,0.0,0.0
2021-11-20,58500.0,60083.0,60259.0,57568.0,29676550711.713173,1134300362589.2896,0.027401285807864034,61757.03207141842,59417.32108789608,2691.0,1800.0,891.0,2691.0,2902.214285714286,0,59303.892857142855,,0.0,0,0.0,0.0
2021-11-21,60004.0,59140.0,60324.0,58844.0,25743426946.961926,1120610791475.7502,-0.01581942520702017,61495.32886427658,59406.00185981869,1480.0,241.0,1239.0,1480.0,2893.0,0,59303.892857142855,,-0.0,0,0.0,-0.0
2021-11-22,59148.0,56387.0,59300.0,55866.0,34001467918.52828,1064619437494.1869,-0.04766887894260898,60984.49597784892,59282.7772941118,3434.0,160.0,3274.0,3434.0,2812.5714285714284,0,59303.892857142855,,-0.0,0,0.0,-0.0
2021-11-23,56300.0,57749.0,57955.0,55915.0,36421192856.53637,1090380950871.23,0.02386739775294066,60660.94638006403,59220.17413925009,2040.0,1568.0,472.0,2040.0,2810.0,0,59303.892857142855,,0.0,0,0.0,0.0
2021-11-24,57707.0,57198.0,57765.0,55938.0,31695369987.85105,1080039673037.4923,-0.009587100495166794,60314.65174205763,59137.636419280694,1827.0,16.0,1811.0,1827.0,2620.5714285714284,0,59303.892857142855,,-0.0,0,0.0,-0.0
2021-11-25,57196.0,58898.0,59391.0,57110.0,33721097081.419792,1112182356756.767,0.02928820148414631,60172.98656785187,59127.855340942704,2281.0,2193.0,88.0,2281.0,2679.6428571428573,0,59303.892857142855,,0.0,0,0.0,0.0
2021-11-26,58905.0,53828.0,59445.0,53587.0,41325811946.27098,1016487054819.7161,-0.09001335634434747,59538.48791106668,58911.534714781774,5858.0,547.0,5311.0,5858.0,2853.285714285714,0,59303.892857142855,,-0.0,0,0.0,-0.0
2021-11-27,53816.0,54533.0,55426.0,53739.0,28256851067.70268,1030781591912.8181,0.01301224513312315,59037.939119960014,58732.81901213762,1687.0,1598.0,89.0,1687.0,2870.6428571428573,0,59303.892857142855,,0.0,0,0.0,0.0
2021-11-28,54706.0,57238.0,57748.0,53672.0,27659464986.73885,1080980050980.763,0.048411990464416785,58857.94520796402,58671.80599123404,4076.0,3215.0,861.0,4076.0,3016.5,0,59303.892857142855,,0.0,0,0.0,0.0
2021-11-29,57235.0,57849.0,58930.0,56640.0,30985196646.76598,1092574224475.6908,0.010618153928742805,58757.05068716762,58638.22207322448,2290.0,1692.0,598.0,2290.0,2994.0,0,59303.892857142855,,0.0,0,0.0,0.0
2021-11-30,57760.0,57011.0,59184.0,56158.0,35723038603.83064,1076804436724.3245,-0.01459193573360602,58582.44561845086,58571.80484574593,3026.0,1335.0,1691.0,3026.0,2868.4285714285716,0,59303.892857142855,,-0.0,0,0.0,-0.0
2021-12-01,56917.0,57169.0,59129.0,56671.0,49383073891.00049,1079838995016.5873,0.002767561759480252,58441.101056605774,58514.54750510323,2458.0,2118.0,340.0,2458.0,2896.8571428571427,-1,64411.142857142855,64411.142857142855,-0.001,1,0.001,0.0
2021-12-02,57159.0,56508.0,57436.0,55822.0,36296342256.75686,1067406204922.5636,-0.011629572382034117,58247.7909509452,58432.64760693575,1614.0,267.0,1347.0,1614.0,2685.5,-1,63221.75,63221.75,0.011629572382034117,0,0.0,0.011629572382034117
2021-12-03,56565.0,53786.0,57565.0,52962.0,39527112725.92275,1016040747069.7008,-0.04936901079389857,57801.61185585068,58242.98852093837,4603.0,1057.0,3546.0,4603.0,2811.785714285714,-1,60815.46428571428,60815.46428571428,0.04936901079389857,0,0.0,0.04936901079389857
2021-12-04,53784.0,49162.0,54011.0,43531.0,55941408415.03649,930097457941.656,-0.0898922429027295,56937.65067026561,57872.335928247005,10480.0,225.0,10255.0,10480.0,3368.1428571428573,-1,57582.357142857145,57582.357142857145,0.0898922429027295,0,0.0,0.0898922429027295
2021-12-05,49349.0,49268.0,49877.0,47745.0,32826574574.44167,932015145132.0604,0.00215381572644818,56170.68560323905,57521.138543420595,2132.0,715.0,1417.0,2132.0,3414.714285714286,-1,57582.357142857145,57804.78571428571,-0.00215381572644818,0,0.0,-0.00215381572644818
2021-12-06,49370.0,50462.0,50979.0,47243.0,36126018721.826546,953396710269.5476,0.02394579470295028,55599.81704291514,57233.010439607504,3736.0,1711.0,2025.0,3736.0,3436.285714285714,-1,57582.357142857145,59052.71428571429,-0.02394579470295028,0,0.0,-0.02394579470295028
2021-12-07,50555.0,50648.0,51943.0,50239.0,30083305919.5604,956961313925.818,0.003679165459637194,55104.63533862363,56964.23450329699,1704.0,1481.0,223.0,1704.0,3412.285714285714,-1,57582.357142857145,59178.71428571429,-0.003679165459637194,0,0.0,-0.003679165459637194
2021-12-08,50619.0,50530.0,51320.0,48934.0,26590164539.05959,954800139986.473,-0.002332523938008218,54647.17180476127,56701.612686835884,2386.0,672.0,1714.0,2386.0,3452.214285714286,-1,57582.357142857145,59160.53571428571,0.002332523938008218,0,0.0,0.002332523938008218
2021-12-09,50480.0,47886.0,50826.0,47441.0,27269362515.246876,904878061656.8508,-0.05374403318189038,53971.05462428514,56341.79176084258,3385.0,296.0,3089.0,3385.0,3531.0714285714284,-1,56713.67857142857,56713.67857142857,0.05374403318189038,0,0.0,0.05374403318189038
2021-12-10,47747.0,47304.0,50088.0,47304.0,29611257204.740986,893919955029.865,-0.012228327603398072,53304.349161856626,55972.902301216345,2784.0,2202.0,582.0,2784.0,3311.5,-1,55582.75,55582.75,0.012228327603398072,0,0.0,0.012228327603398072
2021-12-11,47300.0,49242.0,49490.0,47033.0,24619129766.774235,930603779263.9766,0.04015205935710084,52898.114245670964,55698.171595044245,2457.0,2186.0,271.0,2457.0,3366.5,-1,55582.75,57658.25,-0.04015205935710084,0,0.0,-0.04015205935710084
2021-12-12,49252.0,50051.0,50863.0,48760.0,19871029748.355583,945932497231.4797,0.016295567705982096,52613.40282110387,55467.674795246516,2103.0,1621.0,482.0,2103.0,3225.5714285714284,-1,55582.75,58114.92857142857,-0.016295567705982096,0,0.0,-0.016295567705982096
2021-12-13,50057.0,46696.0,50222.0,46002.0,29628245402.124134,882570058436.5184,-0.06938397768012176,52021.662538993485,55109.64725258339,4220.0,171.0,4049.0,4220.0,3363.4285714285716,-1,55104.57142857143,55104.57142857143,0.06938397768012176,0,0.0,0.06938397768012176
2021-12-14,46679.0,48411.0,48691.0,46526.0,30152105689.95273,915015634616.989,0.03606855272583496,51660.596285094136,54836.233079008554,2165.0,1995.0,170.0,2165.0,3301.9285714285716,-1,55104.57142857143,56665.82142857143,-0.03606855272583496,0,0.0,-0.03606855272583496
2021-12-15,48306.0,48937.0,49422.0,46666.0,33782603071.208714,925006387197.2257,0.010806695957836614,51388.236656584726,54595.44805537555,2756.0,1011.0,1745.0,2756.0,3323.214285714286,-1,55104.57142857143,57245.03571428571,-0.010806695957836614,0,0.0,-0.010806695957836614
2021-12-16,48933.0,47695.0,49378.0,47550.0,24699414443.565502,901558072618.6224,-0.025707185987990013,51018.912990926256,54313.79711433981,1828.0,441.0,1387.0,1828.0,3338.5,-1,55104.57142857143,56041.25,0.025707185987990013,0,0.0,0.025707185987990013
2021-12-17,47719.0,46329.0,48036.0,45741.0,30617760444.44956,875783175210.4042,-0.02905845568819773,50549.92169183363,53987.887028040226,2295.0,341.0,1954.0,2295.0,3173.6428571428573,-1,54263.107142857145,54263.107142857145,0.02905845568819773,0,0.0,0.02905845568819773
2021-12-18,46258.0,46970.0,47466.0,45653.0,23305069269.64378,887944269264.0427,0.013740985129930147,50191.92952265027,53701.44265954878,1813.0,1137.0,676.0,1813.0,2554.5714285714284,-1,53356.42857142857,53356.42857142857,-0.013740985129930147,0,0.0,-0.013740985129930147
2021-12-19,46904.0,46807.0,48126.0,46550.0,23002876885.701263,884905649263.6449,-0.0034763356506034757,49853.436570385245,53420.03683671005,1576.0,1156.0,420.0,1576.0,2514.8571428571427,-1,53094.142857142855,53094.142857142855,0.0034763356506034757,0,0.0,0.0034763356506034757
2021-12-20,46770.0,47117.0,47517.0,45676.0,29356191956.181854,890808857615.3627,0.0066011056955890286,49579.79291334672,53162.77002704841,1841.0,710.0,1131.0,1841.0,2379.5,-1,53065.75,53065.75,-0.0066011056955890286,0,0.0,-0.0066011056955890286
2021-12-21,47123.0,49145.0,49366.0,46791.0,25764127608.31085,929203956014.2224,0.04214124193470329,49536.31362201205,52998.77941369949,2575.0,2249.0,326.0,2575.0,2441.714285714286,-1,53065.75,55249.28571428572,-0.04214124193470329,0,0.0,-0.04214124193470329
2021-12-22,49058.0,48756.0,49876.0,48730.0,21887790445.928295,921888029984.8673,-0.007946845225002719,49458.28225981085,52825.60474375257,1146.0,731.0,415.0,1146.0,2353.1428571428573,-1,53065.75,54638.857142857145,0.007946845225002719,0,0.0,0.007946845225002719
2021-12-23,48778.0,50901.0,51420.0,48260.0,26419703744.656948,960809259355.0854,0.04305430293532222,49602.554033829765,52747.049448089194,3160.0,2664.0,496.0,3160.0,2337.0714285714284,-1,53065.75,56743.67857142857,-0.04305430293532222,0,0.0,-0.04305430293532222
2021-12-24,50928.0,50889.0,51951.0,50699.0,22535489970.197155,962312381228.0947,-0.00023577954721661925,49731.198630446794,52671.21069510596,1252.0,1050.0,202.0,1252.0,2227.6428571428573,-1,53065.75,56458.107142857145,0.00023577954721661925,0,0.0,0.00023577954721661925
2021-12-25,50924.0,50663.0,51384.0,50398.0,17235296605.82555,958099737762.7762,-0.0044509290433018996,49824.378767402115,52589.242911632246,986.0,495.0,491.0,986.0,2122.5714285714284,-1,53065.75,55969.42857142857,0.0044509290433018996,0,0.0,0.0044509290433018996
2021-12-26,50478.0,50853.0,51377.0,49687.0,19632044502.131416,961723851972.3851,0.003743256666065431,49927.2408906619,52518.3758540146,1690.0,714.0,976.0,1690.0,2093.0714285714284,-1,53065.75,56085.67857142857,-0.003743256666065431,0,0.0,-0.003743256666065431
2021-12-27,50869.0,50774.0,52050.0,50546.0,22793878136.833546,960280703699.8921,-0.0015547052636135713,50011.91680159571,52447.17683956502,1504.0,1197.0,307.0,1504.0,1899.0714285714287,-1,53065.75,55521.67857142857,0.0015547052636135713,0,0.0,0.0015547052636135713
2021-12-28,50732.0,47725.0,50732.0,47388.0,29538983233.48695,902655839568.4547,-0.061929042929034006,49783.22512143614,52254.434927746035,3344.0,42.0,3386.0,3386.0,1986.2857142857142,-1,52690.71428571428,52690.71428571428,0.061929042929034006,0,0.0,0.061929042929034006
2021-12-29,47654.0,46507.0,48199.0,46224.0,26348739119.378136,874314106559.5542,-0.025852530713744798,49455.602609292524,52019.8457470217,1975.0,474.0,1501.0,1975.0,1930.5,-1,51333.25,51333.25,0.025852530713744798,0,0.0,0.025852530713744798
2021-12-30,46575.0,47192.0,47976.0,46225.0,23753871435.216618,892648631305.5416,0.014621547802707524,49229.242348363274,51822.79081857183,1751.0,1469.0,282.0,1751.0,1925.0,-1,51333.25,52004.5,-0.014621547802707524,0,0.0,-0.014621547802707524
2021-12-31,47205.0,46320.0,48779.0,45702.0,25895349604.886154,876192941903.0961,-0.018650553436034317,48938.31811352695,51598.187111691346,3077.0,1587.0,1490.0,3077.0,1980.857142857143,-1,51272.142857142855,51272.142857142855,0.018650553436034317,0,0.0,0.018650553436034317
2022-01-01,46381.0,47816.0,48146.0,46379.0,18904585811.03402,904551946917.3206,0.031786478257213306,48826.086302174255,51443.812127540674,1767.0,1826.0,59.0,1826.0,1981.7857142857142,-1,51272.142857142855,52770.46428571428,-0.031786478257213306,0,0.0,-0.031786478257213306
2022-01-02,47807.0,47387.0,48012.0,46757.0,33756128241.98571,897536090320.9355,-0.009012382040889307,48682.17767195683,51278.22795906962,1255.0,196.0,1059.0,1255.0,1958.857142857143,-1,51272.142857142855,52284.142857142855,0.009012382040889307,0,0.0,0.009012382040889307
2022-01-03,47371.0,46531.0,47568.0,45811.0,21890019531.577713,880330191985.1965,-0.018229172344592565,48467.05990476115,51084.46355257698,1757.0,181.0,1576.0,1757.0,1952.857142857143,-1,51272.142857142855,51413.142857142855,0.018229172344592565,0,0.0,0.018229172344592565
2022-01-04,46538.0,45938.0,47575.0,45725.0,24895990583.663242,876242689666.1957,-0.012826095868908363,48214.15391428503,50874.403815737096,1850.0,1044.0,806.0,1850.0,1901.0714285714287,-1,50690.67857142857,50690.67857142857,0.012826095868908363,0,0.0,0.012826095868908363
2022-01-05,45873.0,43647.0,47081.0,42467.0,31837641246.01787,827723202715.1049,-0.05115810986620147,47757.43852285653,50579.40774162538,4614.0,1143.0,3471.0,4614.0,2148.785714285714,-1,49018.96428571428,49018.96428571428,0.05115810986620147,0,0.0,0.05115810986620147
2022-01-06,43526.0,43216.0,43929.0,42604.0,26366602396.811768,819522879407.0583,-0.009923754351101606,47303.294670570875,50278.86048686516,1325.0,282.0,1043.0,1325.0,2017.7142857142858,-1,48260.28571428572,48260.28571428572,0.009923754351101606,0,0.0,0.009923754351101606
2022-01-07,43201.0,41527.0,43201.0,40685.0,79685254648.07628,787735561341.1113,-0.03986697895396469,46725.66520351379,49921.64169148291,2516.0,15.0,2531.0,2531.0,2109.0714285714284,-1,46799.67857142857,46799.67857142857,0.03986697895396469,0,0.0,0.03986697895396469
2022-01-08,41532.0,41757.0,42702.0,40617.0,23337017232.770664,792892599975.9554,0.005523283817078168,46228.79868316241,49588.39101019789,2085.0,1175.0,910.0,2085.0,2187.5714285714284,-1,46799.67857142857,47225.92857142857,-0.005523283817078168,0,0.0,-0.005523283817078168
2022-01-09,41670.0,41862.0,42894.0,41421.0,18016718173.608612,791648558214.5575,0.0025113922717813755,45792.118814846166,49273.02811182247,1473.0,1137.0,336.0,1473.0,2172.0714285714284,-1,46799.67857142857,47292.17857142857,-0.0025113922717813755,0,0.0,-0.0025113922717813755
2022-01-10,41888.0,41870.0,42415.0,39692.0,27984634062.049942,792407724467.5966,0.00019108584589743027,45399.90693336155,48970.86369909502,2723.0,553.0,2170.0,2723.0,2259.1428571428573,-1,46799.67857142857,47517.857142857145,-0.00019108584589743027,0,0.0,-0.00019108584589743027
2022-01-11,41891.0,42777.0,43223.0,41383.0,22813557397.82151,809621515508.4065,0.021430994937039823,45137.616240025396,48718.052935866646,1840.0,1353.0,487.0,1840.0,2148.714285714286,-1,46799.67857142857,48148.78571428572,-0.021430994937039823,0,0.0,-0.021430994937039823
2022-01-12,42811.0,43982.0,44288.0,42544.0,28250302540.221024,832460077955.3481,0.027779884340564314,45022.054616022855,48524.744652770045,1744.0,1511.0,233.0,1744.0,2132.214285714286,-1,46799.67857142857,49312.53571428572,-0.027779884340564314,0,0.0,-0.027779884340564314
2022-01-13,43946.0,42608.0,44391.0,42388.0,43905745871.292786,806510860231.8285,-0.031738430237079666,44780.64915442057,48283.244871024326,2003.0,409.0,1594.0,2003.0,2150.214285714286,-1,46799.67857142857,47983.53571428572,0.031738430237079666,0,0.0,0.031738430237079666
2022-01-14,42563.0,43121.0,43495.0,41794.0,20238314434.86153,816129314317.4397,0.011968088354875632,44614.684238978516,48072.54099873762,1701.0,887.0,814.0,1701.0,2051.9285714285716,-1,46799.67857142857,48250.82142857143,-0.011968088354875632,0,0.0,-0.011968088354875632
2022-01-15,43192.0,43227.0,43803.0,42586.0,14651008624.734596,816800318526.6782,0.002455182592454678,44475.91581508067,47874.76381511567,1217.0,682.0,535.0,1217.0,2008.4285714285713,-1,46799.67857142857,48248.07142857143,-0.002455182592454678,0,0.0,-0.002455182592454678
2022-01-16,43173.0,43120.0,43570.0,42739.0,14452346388.550371,816325578941.135,-0.0024783734181649942,44340.3242335726,47680.69182266197,831.0,343.0,488.0,831.0,1978.142857142857,-1,46799.67857142857,48065.357142857145,0.0024783734181649942,0,0.0,0.0024783734181649942
2022-01-17,43138.0,42298.0,43184.0,41641.0,17694929625.845875,800822650383.9624,-0.01924712299018358,44136.091810215345,47460.990115614535,1543.0,64.0,1479.0,1543.0,1962.857142857143,-1,46799.67857142857,47205.142857142855,0.01924712299018358,0,0.0,0.01924712299018358
2022-01-18,42311.0,42395.0,42621.0,41339.0,18897950050.285973,803962100417.9756,0.002290627145408093,43961.98262919381,47254.21500885476,1282.0,323.0,959.0,1282.0,1922.2857142857142,-1,46799.67857142857,47200.71428571428,-0.002290627145408093,0,0.0,-0.002290627145408093
2022-01-19,42401.0,41750.0,42653.0,41244.0,19626113309.554142,790507925308.7825,-0.015330979459101893,43740.78436627443,47029.55317175864,1409.0,258.0,1151.0,1409.0,1693.357142857143,-1,45983.392857142855,45983.392857142855,0.015330979459101893,0,0.0,0.015330979459101893
2022-01-20,41752.0,40708.0,43508.0,40708.0,20930163211.171124,774235809673.4731,-0.025274817967179373,43437.505929646984,46771.53059331951,2800.0,1758.0,1042.0,2800.0,1798.7142857142858,-1,45204.78571428572,45204.78571428572,0.025274817967179373,0,0.0,0.025274817967179373
2022-01-21,40667.0,36509.0,41179.0,35762.0,38296960033.31628,692855029162.9379,-0.10886582779347702,42744.655336682285,46352.65179359218,5417.0,471.0,4946.0,5417.0,2004.857142857143,-1,41521.142857142855,41521.142857142855,0.10886582779347702,0,0.0,0.10886582779347702
2022-01-22,36385.0,35180.0,36801.0,34020.0,35517336417.257744,666220701468.4846,-0.03708106622679605,41988.18980301406,45896.62518977209,2781.0,292.0,2489.0,2781.0,2054.5714285714284,-1,40316.42857142857,40316.42857142857,0.03708106622679605,0,0.0,0.03708106622679605
2022-01-23,35219.0,36306.0,36706.0,34805.0,22865032968.608204,687575973800.0704,0.03150527755882725,41419.970822712654,45505.17110039363,1901.0,1526.0,375.0,1901.0,2085.1428571428573,-1,40316.42857142857,41518.857142857145,-0.03150527755882725,0,0.0,-0.03150527755882725
2022-01-24,36265.0,36774.0,37476.0,33065.0,36385158448.60688,696465421899.37,0.012808056863410392,40955.37374044139,45148.796769765315,4411.0,1170.0,3241.0,4411.0,2205.714285714286,-1,40316.42857142857,42288.28571428572,-0.012808056863410392,0,0.0,-0.012808056863410392
2022-01-25,36675.0,36989.0,37542.0,35707.0,46168918584.85349,700571452648.8236,0.00582949741367499,40558.73636639725,44815.743840387135,1835.0,768.0,1067.0,1835.0,2205.3571428571427,-1,40316.42857142857,42502.392857142855,-0.00582949741367499,0,0.0,-0.00582949741367499
2022-01-26,36955.0,36870.0,39216.0,36355.0,26756873749.744743,700165819656.2855,-0.0032223588992716396,40189.86272975753,44491.42776526929,2861.0,2227.0,634.0,2861.0,2285.1428571428573,-1,40316.42857142857,42582.857142857145,0.0032223588992716396,0,0.0,0.0032223588992716396
2022-01-27,36886.0,37277.0,37277.0,35580.0,22057410457.280827,702311456032.8538,0.01097830223027956,39898.576456781775,44196.96132587054,1697.0,407.0,1290.0,1697.0,2263.285714285714,-1,40316.42857142857,42935.21428571428,-0.01097830223027956,0,0.0,-0.01097830223027956
2022-01-28,37367.0,37853.0,38022.0,36244.0,19214103304.052933,717026944842.8334,0.015333722503979153,39694.0188111036,43938.024128896235,1778.0,745.0,1033.0,1778.0,2268.785714285714,-1,40316.42857142857,43524.96428571428,-0.015333722503979153,0,0.0,-0.015333722503979153
2022-01-29,37782.0,38232.0,38782.0,37422.0,14178650231.62196,722829009646.1814,0.009962624295545223,39547.81692999324,43705.12518485965,1360.0,929.0,431.0,1360.0,2279.0,-1,40316.42857142857,43929.5,-0.009962624295545223,0,0.0,-0.009962624295545223
2022-01-30,38254.0,37983.0,38386.0,37504.0,11807185113.633108,719570142321.8397,-0.006534170069631306,39391.33523699392,43471.56905486538,882.0,154.0,728.0,882.0,2282.6428571428573,-1,40316.42857142857,43689.607142857145,0.006534170069631306,0,0.0,0.006534170069631306
2022-01-31,37995.0,38556.0,38715.0,36832.0,17731563487.283978,727905398095.9747,0.014973038715495796,39307.801713294524,43270.93358323822,1883.0,732.0,1151.0,1883.0,2306.9285714285716,-1,40316.42857142857,44323.32142857143,-0.014973038715495796,0,0.0,-0.014973038715495796
2022-02-01,38430.0,38836.0,39138.0,38196.0,17109120250.158987,736102274236.6057,0.00723592158617684,39260.621541965076,43089.915885963186,942.0,582.0,360.0,942.0,2282.6428571428573,-1,40316.42857142857,44542.607142857145,-0.00723592158617684,0,0.0,-0.00723592158617684
2022-02-02,38801.0,37001.0,38900.0,36849.0,16709908527.231106,700645616423.8325,-0.048402712201870486,39034.65938776857,42841.38870694428,2051.0,64.0,1987.0,2051.0,2328.5,-1,40316.42857142857,42822.25,0.048402712201870486,0,0.0,0.048402712201870486
2022-02-03,37052.0,37101.0,37180.0,36415.0,16136299994.837618,703003347951.7092,0.0026989841220017353,38841.29344899171,42607.087127069,765.0,179.0,586.0,765.0,2183.1428571428573,-1,40316.42857142857,42558.857142857145,-0.0026989841220017353,0,0.0,-0.0026989841220017353
2022-02-04,37282.0,41674.0,41674.0,37128.0,25347215343.882504,777355085535.6107,0.11623350971997881,39124.56410409254,42569.00193820903,4546.0,4573.0,27.0,4573.0,2122.8571428571427,0,40316.42857142857,46981.142857142855,-0.11723350971997881,1,0.001,-0.11623350971997881
2022-02-05,41617.0,41494.0,41957.0,41191.0,16752051696.248552,786295053042.2418,-0.004328594677060671,39361.507693683285,42525.12430807805,766.0,283.0,483.0,766.0,1978.9285714285713,0,40316.42857142857,,-0.0,0,0.0,-0.0
2022-02-06,41518.0,42476.0,42526.0,41387.0,13206494654.908047,804942041477.0581,0.02339037207065127,39672.95692431496,42523.11923427894,1139.0,1032.0,107.0,1139.0,1924.5,0,40316.42857142857,,0.0,0,0.0,0.0
2022-02-07,42413.0,43911.0,44476.0,41788.0,24171856714.475758,833392518214.8341,0.033225647628320386,40096.761231883465,42579.76742879817,2688.0,2000.0,688.0,2688.0,1801.4285714285713,0,40316.42857142857,,0.0,0,0.0,0.0
2022-02-08,43978.0,44184.0,45302.0,42901.0,29024977264.932137,837406846076.2306,0.006197874428966801,40505.48510869512,42645.24630925539,2401.0,1391.0,1010.0,2401.0,1841.857142857143,0,40316.42857142857,,0.0,0,0.0,0.0
2022-02-09,44166.0,44384.0,44758.0,43309.0,19780565063.098923,841339973338.8694,0.004516311533534641,40893.336597825604,42716.215847653126,1449.0,574.0,875.0,1449.0,1741.0,0,40316.42857142857,,0.0,0,0.0,0.0
2022-02-10,44390.0,43628.0,45694.0,43341.0,27877618433.98099,826942197610.3904,-0.017179898065924654,41166.802938043045,42753.43152734075,2353.0,1310.0,1043.0,2353.0,1787.857142857143,0,40316.42857142857,,-0.0,0,0.0,-0.0
2022-02-11,43477.0,42445.0,43926.0,42158.0,23279080009.72499,803706779791.898,-0.02749002587656531,41294.62264423874,42740.84248540847,1768.0,298.0,1470.0,1768.0,1787.142857142857,0,40316.42857142857,,-0.0,0,0.0,-0.0
2022-02-12,42437.0,42255.0,43039.0,41914.0,15479727288.782782,799547462142.6093,-0.004486430193485452,41390.66037981487,42721.012179881596,1125.0,594.0,531.0,1125.0,1770.357142857143,0,40316.42857142857,,-0.0,0,0.0,-0.0
2022-02-13,42268.0,42248.0,42751.0,41992.0,12146423251.39967,802059713029.3901,-0.00016567459181362007,41476.39434183339,42701.70556029459,759.0,496.0,263.0,759.0,1761.5714285714287,0,40316.42857142857,,-0.0,0,0.0,-0.0
2022-02-14,42172.0,42635.0,42857.0,41715.0,18090873762.822777,808280617642.0496,0.009118496789380818,41592.25490765005,42698.982884364195,1142.0,609.0,533.0,1142.0,1708.642857142857,0,40316.42857142857,,0.0,0,0.0,0.0
2022-02-15,42626.0,44574.0,44707.0,42527.0,19801081788.555756,848321283143.9929,0.04447521720371131,41890.42941688505,42775.51419520647,2180.0,2072.0,108.0,2180.0,1797.0714285714287,0,40316.42857142857,,0.0,0,0.0,0.0
2022-02-16,44527.0,44063.0,44527.0,43515.0,16847003857.433496,836256083783.791,-0.011530301371888846,42107.68647519654,42828.06463621845,1012.0,47.0,1059.0,1059.0,1726.2142857142858,0,40316.42857142857,,-0.0,0,0.0,-0.0
2022-02-17,43954.0,40563.0,44194.0,40329.0,22270664615.4777,770096677778.6456,-0.08276410698110466,41953.21782767689,42735.61301841361,3865.0,131.0,3734.0,3865.0,1947.642857142857,0,40316.42857142857,,-0.0,0,0.0,-0.0
2022-02-18,40558.0,40073.0,40994.0,39791.0,20130002755.177864,759881874201.3011,-0.012153530219933288,41765.1960449092,42626.93493602938,1203.0,431.0,772.0,1203.0,1706.9285714285713,0,40316.42857142857,,-0.0,0,0.0,-0.0
2022-02-19,40056.0,40193.0,40442.0,39763.0,11735183838.17719,761447243939.9269,0.0029900602846683042,41607.97644041828,42527.590652926134,679.0,369.0,310.0,679.0,1700.7142857142858,0,40316.42857142857,,0.0,0,0.0,0.0
2022-02-20,40188.0,38514.0,40188.0,38195.0,15998424231.017673,730381814665.4404,-0.04267103955176942,41298.57879637645,42363.770626276084,1993.0,5.0,1998.0,1998.0,1762.0714285714287,0,40316.42857142857,,-0.0,0,0.0,-0.0
2022-02-21,38512.0,37060.0,39468.0,36957.0,25174914104.16337,703004241590.1829,-0.038483590700482385,40874.72091673881,42147.29019255053,2511.0,954.0,1557.0,2511.0,1749.4285714285713,0,40316.42857142857,,-0.0,0,0.0,-0.0
2022-02-22,37162.0,38337.0,38344.0,36546.0,22212181617.200245,727094284067.6588,0.033877266437462174,40620.94882506493,41991.76814387499,1798.0,1284.0,514.0,1798.0,1706.357142857143,0,40316.42857142857,,0.0,0,0.0,0.0
2022-02-23,38302.0,37372.0,39232.0,37256.0,18507851467.85067,708829287814.1068,-0.025493726363966726,40296.053942558436,41803.206178818866,1976.0,895.0,1081.0,1976.0,1744.0,0,40316.42857142857,,-0.0,0,0.0,-0.0
2022-02-24,37318.0,38363.0,38905.0,34557.0,40839699480.89129,727657714638.0917,0.02617169249162984,40102.748548302596,41662.789600091564,4348.0,1533.0,2815.0,4348.0,1886.5,0,40316.42857142857,,0.0,0,0.0,0.0
2022-02-25,38361.0,39316.0,39610.0,38107.0,22579249141.515377,745763194704.1796,0.02453810728204375,40024.07369347234,41567.00226947558,1503.0,1247.0,256.0,1503.0,1867.5714285714287,0,40316.42857142857,,0.0,0,0.0,0.0
2022-02-26,39256.0,39090.0,39877.0,38826.0,14568201294.74542,741083625917.93,-0.00576488089951952,39930.66632412511,41465.900136027594,1051.0,561.0,490.0,1051.0,1862.2857142857142,0,40316.42857142857,,-0.0,0,0.0,-0.0
2022-02-27,39179.0,37804.0,39851.0,37421.0,19424397945.619602,717619764688.0872,-0.03345176267205373,39717.9996917126,41316.434824353,2430.0,761.0,1669.0,2430.0,1981.642857142857,0,40316.42857142857,,-0.0,0,0.0,-0.0
2022-02-28,37788.0,43225.0,44199.0,37588.0,30634280854.538326,819019441071.749,0.13400411443654453,40068.699722541336,41394.33544376716,6611.0,6395.0,216.0,6611.0,2372.285714285714,0,40316.42857142857,,0.0,0,0.0,0.0
2022-03-01,43286.0,44460.0,44755.0,42992.0,27880763034.093914,841254375272.0455,0.028170876966696224,40507.8297502872,41519.46460932768,1763.0,1530.0,233.0,1763.0,2342.5,0,40316.42857142857,,0.0,0,0.0,0.0
2022-03-02,44417.0,43981.0,44969.0,43471.0,25615956856.40275,834437956671.6672,-0.010832186059927232,40855.14677525848,41619.93544160002,1498.0,509.0,989.0,1498.0,2373.8571428571427,0,40316.42857142857,,-0.0,0,0.0,-0.0
2022-03-03,43975.0,42492.0,44090.0,41979.0,22366184128.900482,807454920681.7217,-0.034441899558356276,41018.83209773263,41655.52991337144,2111.0,109.0,2002.0,2111.0,2248.5714285714284,0,40316.42857142857,,-0.0,0,0.0,-0.0
2022-03-04,42488.0,39200.0,42488.0,38760.0,25121267305.979286,743810477766.2219,-0.08063907612135016,40836.94888795937,41555.304202621584,3728.0,4.0,3732.0,3732.0,2429.214285714286,0,40316.42857142857,,-0.0,0,0.0,-0.0
2022-03-05,39206.0,39463.0,39624.0,38828.0,14818212144.749968,748197160856.1006,0.00668677726399887,40699.553999163436,41469.90403108601,796.0,424.0,372.0,796.0,2437.5714285714284,0,40316.42857142857,,0.0,0,0.0,0.0
2022-03-06,39466.0,38443.0,39668.0,38254.0,16995562040.606796,729501899968.2964,-0.026186899299100952,40473.89859924709,41346.356927776375,1414.0,205.0,1209.0,1414.0,2395.8571428571427,0,40316.42857142857,,-0.0,0,0.0,-0.0
2022-03-07,38470.0,38076.0,39455.0,37275.0,24596395439.058964,723198804467.6718,-0.009592462372255991,40234.108739322386,41212.8729715406,2180.0,1012.0,1168.0,2180.0,2372.214285714286,0,40316.42857142857,,-0.0,0,0.0,-0.0
2022-03-08,38032.0,38733.0,39335.0,37991.0,22556397749.428085,735453953725.9198,0.017107787471632517,40083.99786539015,41111.65366657976,1344.0,1259.0,85.0,1344.0,2339.785714285714,0,40316.42857142857,,0.0,0,0.0,0.0
2022-03-09,38736.0,41986.0,42501.0,38736.0,29211702119.448605,796849504897.2562,0.08064427952143943,40274.198078851136,41147.341272025486,3765.0,3768.0,3.0,3768.0,2467.785714285714,0,40316.42857142857,,0.0,0,0.0,0.0
2022-03-10,41913.0,39468.0,42004.0,38909.0,27653455219.04128,749384110700.1091,-0.06184601238721048,40193.57827096602,41078.796730310154,3095.0,18.0,3077.0,3095.0,2378.285714285714,0,40316.42857142857,,-0.0,0,0.0,-0.0
2022-03-11,39437.0,38775.0,40183.0,38347.0,23624165274.522385,738267961692.6816,-0.017714507932317755,40051.72044386942,40984.76421070565,1836.0,715.0,1121.0,1836.0,2402.0714285714284,0,40316.42857142857,,-0.0,0,0.0,-0.0
2022-03-12,38751.0,38904.0,39345.0,38751.0,12440826653.84724,738456528057.6692,0.003321364038882238,39936.94839948248,40899.835059248275,594.0,570.0,24.0,594.0,2369.4285714285716,0,40316.42857142857,,0.0,0,0.0,0.0
2022-03-13,38814.0,37853.0,39238.0,37768.0,14461647575.513742,718551088031.3688,-0.027386836121172885,39728.55355953423,40775.47444458508,1470.0,334.0,1136.0,1470.0,2300.8571428571427,0,40316.42857142857,,-0.0,0,0.0,-0.0
2022-03-14,37867.0,39669.0,39715.0,37709.0,21250969229.221596,751354026218.9767,0.046859789262483666,39722.598203580805,40730.31222235712,2006.0,1862.0,144.0,2006.0,1971.9285714285713,0,40316.42857142857,,0.0,0,0.0,0.0
2022-03-15,39699.0,39332.0,39781.0,38321.0,20768829817.938637,747642430663.595,-0.008531589324885729,39683.53838322272,40673.23825409764,1460.0,112.0,1348.0,1460.0,1950.2857142857142,0,40316.42857142857,,-0.0,0,0.0,-0.0
2022-03-16,39309.0,41166.0,41551.0,39029.0,34974203468.766266,779761001844.4108,0.045574236018899025,39831.78454490045,40693.35097842018,2522.0,2219.0,303.0,2522.0,2023.4285714285713,0,40316.42857142857,,0.0,0,0.0,0.0
2022-03-17,41129.0,41002.0,41374.0,40681.0,18861644942.593346,778474325709.8895,-0.0039918269344253535,39948.806090410406,40705.948897668335,693.0,208.0,485.0,693.0,1922.142857142857,0,40316.42857142857,,-0.0,0,0.0,-0.0
2022-03-18,40943.0,41837.0,42337.0,40311.0,30316128166.48974,794378970588.3145,0.020160269462751415,40137.62548136937,40752.11424878391,2026.0,1335.0,691.0,2026.0,1800.2857142857142,0,40316.42857142857,,0.0,0,0.0,0.0
2022-03-19,41828.0,42202.0,42323.0,41612.0,16580741571.959858,800887993391.0255,0.008686497818730085,40344.06293323243,40811.29325903762,711.0,486.0,225.0,711.0,1794.2142857142858,0,40316.42857142857,,0.0,0,0.0,0.0
2022-03-20,42223.0,41283.0,42271.0,41021.0,16856192301.960054,784054464871.6631,-0.02201682033261068,40437.95663990919,40830.54659540343,1250.0,69.0,1181.0,1250.0,1782.5,0,40316.42857142857,,-0.0,0,0.0,-0.0
2022-03-21,41249.0,41062.0,41481.0,40615.0,21335882483.315796,779205413378.8728,-0.005367673340681736,40500.36097591827,40839.99367314206,866.0,198.0,668.0,866.0,1688.642857142857,0,40316.42857142857,,-0.0,0,0.0,-0.0
2022-03-22,41009.0,42402.0,43080.0,40937.0,28688623151.357098,803937099701.4115,0.03211241132619967,40690.52487832645,40903.74903342198,2143.0,2018.0,125.0,2143.0,1745.7142857142858,0,40316.42857142857,,0.0,0,0.0,0.0
2022-03-23,42370.0,42802.0,42802.0,41868.0,21851891598.642384,810894331277.664,0.009389299531177066,40901.672390493804,40981.22866471087,934.0,400.0,534.0,934.0,1543.2857142857142,0,40316.42857142857,,0.0,0,0.0,0.0
2022-03-24,42845.0,43936.0,44133.0,42726.0,26212783703.864426,834251096724.507,0.026149199117611228,41205.105151444426,41101.831576355326,1407.0,1331.0,76.0,1407.0,1422.7142857142858,1,40379.21428571428,40379.21428571428,-0.001,1,0.001,0.0
2022-03-25,43939.0,44332.0,44999.0,43721.0,26147756108.07925,842031938721.7855,0.008972734327846114,41517.79463629999,41233.67518548368,1278.0,1063.0,215.0,1278.0,1382.857142857143,1,40874.857142857145,40874.857142857145,0.008972734327846114,0,0.0,0.008972734327846114
2022-03-26,44298.0,44511.0,44737.0,44157.0,13676534294.229202,845235093872.7649,0.004029585723359656,41817.11517266999,41367.44354525985,580.0,405.0,175.0,580.0,1381.857142857143,1,41056.357142857145,41056.357142857145,0.004029585723359656,0,0.0,0.004029585723359656
2022-03-27,44483.0,46715.0,46715.0,44413.0,22545392529.67392,887283025181.1342,0.04832896260815268,42306.903655402995,41585.7111556574,2302.0,2204.0,98.0,2302.0,1441.2857142857142,1,43111.78571428572,43111.78571428572,0.04832896260815268,0,0.0,0.04832896260815268
2022-03-28,46723.0,46995.0,48079.0,46660.0,30051327357.066643,892747620147.7012,0.005975900827345874,42775.713289862695,41806.49845542649,1419.0,1364.0,55.0,1419.0,1399.357142857143,1,43496.607142857145,43496.607142857145,0.005975900827345874,0,0.0,0.005975900827345874
2022-03-29,47061.0,47459.0,47967.0,47061.0,26128040680.825665,901430001888.9999,0.00982496733831658,43244.04196087643,42037.212804184586,906.0,972.0,66.0,972.0,1364.5,1,44047.75,44047.75,0.00982496733831658,0,0.0,0.00982496733831658
2022-03-30,47451.0,47063.0,47651.0,46751.0,24497248306.346912,895356010540.8462,-0.008379050736918347,43625.93776478879,42242.34697544236,900.0,192.0,708.0,900.0,1248.642857142857,1,44047.75,43941.392857142855,-0.008379050736918347,0,0.0,-0.008379050736918347
2022-03-31,47031.0,45528.0,47468.0,45363.0,27736469645.537262,865010142444.9791,-0.033159608372840155,43816.14398830991,42376.45526215899,2105.0,405.0,1700.0,2105.0,1349.5,1,44047.75,42154.25,-0.033159608372840155,0,0.0,-0.033159608372840155
2022-04-01,45528.0,46270.0,46658.0,44347.0,32948605532.135277,879144224206.3806,0.016166281618085507,44061.529589478916,42535.375455540256,2311.0,1130.0,1181.0,2311.0,1369.857142857143,1,44047.75,42845.357142857145,0.016166281618085507,0,0.0,0.016166281618085507
2022-04-02,46229.0,45842.0,47026.0,45804.0,24803837259.76474,871050305858.7916,-0.009293101446733646,44239.576630531024,42670.33972266106,1222.0,756.0,466.0,1222.0,1406.357142857143,1,44047.75,42326.107142857145,-0.009293101446733646,0,0.0,-0.009293101446733646
2022-04-03,45847.0,46435.0,47322.0,45667.0,21510196790.30345,882346640419.069,0.01285278375579706,44459.11896747792,42823.99932581775,1655.0,1480.0,175.0,1655.0,1435.2857142857142,1,44047.75,42846.78571428572,0.01285278375579706,0,0.0,0.01285278375579706
2022-04-04,46361.0,46623.0,46819.0,45277.0,28019309650.72574,885584977681.2438,0.004040496373612807,44675.507070730135,42979.060577825185,1542.0,384.0,1158.0,1542.0,1483.5714285714287,1,44047.75,42914.07142857143,0.004040496373612807,0,0.0,0.004040496373612807
2022-04-05,46610.0,45635.0,47077.0,45635.0,25474063861.60569,867247321783.443,-0.021419015632743926,44771.456363657126,43087.466268526194,1442.0,454.0,988.0,1442.0,1433.5,1,44047.75,42051.25,-0.021419015632743926,0,0.0,-0.021419015632743926
2022-04-06,45561.0,43199.0,45561.0,43199.0,34113818641.77575,820983263462.4961,-0.054857619134846665,44614.210727291415,43092.01866572921,2362.0,74.0,2436.0,2436.0,1540.7857142857142,0,44047.75,39347.03571428572,-0.055857619134846666,1,0.001,-0.054857619134846665
2022-04-07,43237.0,43515.0,43869.0,42867.0,22960138784.304127,827032889944.6309,0.007288359407483065,44504.28965456227,43109.28320998516,1002.0,670.0,332.0,1002.0,1511.857142857143,0,44047.75,,0.0,0,0.0,0.0
2022-04-08,43488.0,42316.0,43916.0,42212.0,24202906401.166885,804272478980.6077,-0.027940441116948905,44285.46068910605,43076.90430345515,1704.0,401.0,1303.0,1704.0,1542.2857142857142,0,44047.75,,-0.0,0,0.0,-0.0
2022-04-09,42307.0,42796.0,42807.0,42259.0,13949535311.5313,812734148492.5116,0.01127937515183209,44136.51462019544,43065.43882168147,548.0,491.0,57.0,548.0,1540.0,0,44047.75,,0.0,0,0.0,0.0
2022-04-10,42807.0,42275.0,43420.0,42041.0,14936318818.778025,803574629064.9272,-0.012248745491716142,43950.3631581759,43033.176012633245,1379.0,624.0,755.0,1379.0,1474.0714285714287,0,44047.75,,-0.0,0,0.0,-0.0
2022-04-11,42249.0,39604.0,42418.0,39444.0,30168665078.21043,752680814425.1921,-0.06526577152437575,43515.72684235831,42893.209644770664,2974.0,143.0,2831.0,2974.0,1585.142857142857,0,44047.75,,-0.0,0,0.0,-0.0
2022-04-12,39553.0,40206.0,40660.0,39445.0,27804694935.48352,764314681923.3135,0.015086114958820547,43184.75415812248,42783.52761845349,1215.0,1056.0,159.0,1215.0,1602.5,0,44047.75,,0.0,0,0.0,0.0
2022-04-13,40101.0,41205.0,41444.0,39731.0,25453869985.971855,783560801481.9719,0.0245433699962583,42986.778742310235,42719.0979197411,1713.0,1238.0,475.0,1713.0,1660.5714285714287,0,44047.75,,0.0,0,0.0,0.0
2022-04-14,41232.0,39959.0,41523.0,39708.0,22744792147.00975,759703443634.6515,-0.030705679773150273,42684.00086807921,42606.44086179248,1815.0,318.0,1497.0,1815.0,1639.857142857143,0,44047.75,,-0.0,0,0.0,-0.0
2022-04-15,39994.0,40587.0,40709.0,39877.0,22053774554.17729,771666602547.5923,0.015593889847136319,42474.30078127129,42524.014704168294,832.0,750.0,82.0,832.0,1534.2142857142858,-1,44422.53571428572,44422.53571428572,-0.001,1,0.001,0.0
2022-04-16,40592.0,40450.0,40676.0,40086.0,15777789210.238447,770439827829.2395,-0.0033811747848321604,42271.87070314416,42439.361042773664,590.0,89.0,501.0,590.0,1489.0714285714287,-1,44172.67857142857,44172.67857142857,0.0033811747848321604,0,0.0,0.0033811747848321604
2022-04-17,40443.0,39739.0,40593.0,39659.0,16627779441.567648,755627152747.4514,-0.017733570260598193,42018.583632829745,42329.14222470127,934.0,143.0,791.0,934.0,1437.5714285714287,-1,43332.92857142857,43332.92857142857,0.017733570260598193,0,0.0,0.017733570260598193
2022-04-18,39717.0,40834.0,40950.0,38780.0,30617039399.980103,776463403746.4385,0.027181994470105407,41900.12526954677,42268.11601144815,2170.0,1211.0,959.0,2170.0,1482.4285714285713,-1,43332.92857142857,44540.07142857143,-0.027181994470105407,0,0.0,-0.027181994470105407
2022-04-19,40833.0,41498.0,41653.0,40646.0,22717772925.289574,789141783336.2104,0.016130165590251436,41859.912742592096,42236.68270485843,1007.0,819.0,188.0,1007.0,1451.357142857143,-1,43332.92857142857,45126.392857142855,-0.016130165590251436,0,0.0,-0.016130165590251436
2022-04-20,41468.0,41397.0,42142.0,40959.0,24937668255.073463,787437397453.9304,-0.0024368188667323347,41813.62146833289,42202.40994139482,1183.0,644.0,539.0,1183.0,1361.857142857143,-1,43332.92857142857,44801.642857142855,0.0024368188667323347,0,0.0,0.0024368188667323347
2022-04-21,41384.0,40529.0,42859.0,39975.0,32131220615.550182,770787243369.5001,-0.021190647183363318,41685.1593214996,42134.10749480728,2884.0,1462.0,1422.0,2884.0,1496.2857142857142,-1,43332.92857142857,44269.71428571428,0.021190647183363318,0,0.0,0.021190647183363318
2022-04-22,40432.0,39757.0,40776.0,39265.0,46022063018.95215,756144456297.8489,-0.01923184102878764,41492.34338934964,42037.08269910086,1511.0,247.0,1264.0,1511.0,1482.5,-1,43332.92857142857,43463.25,0.01923184102878764,0,0.0,0.01923184102878764
2022-04-23,39757.0,39562.0,39966.0,39347.0,15010797471.968071,752414150959.3553,-0.004916864631491924,41299.309050414675,41936.058915464084,619.0,209.0,410.0,619.0,1487.5714285714287,-1,43280.92857142857,43280.92857142857,0.004916864631491924,0,0.0,0.004916864631491924
2022-04-24,39499.0,39643.0,39872.0,39299.0,16778683767.597218,752446283899.8965,0.00204532613440231,41133.67814537321,41842.46467401657,573.0,310.0,263.0,573.0,1430.0,-1,43218.0,43218.0,-0.00204532613440231,0,0.0,-0.00204532613440231
2022-04-25,39469.0,40111.0,40332.0,37715.0,32883645913.964718,770112436973.4149,0.011736223181435839,41031.41033083589,41771.79264650569,2617.0,689.0,1928.0,2617.0,1404.5,-1,43218.0,43622.25,-0.011736223181435839,0,0.0,-0.011736223181435839
2022-04-26,40458.0,38179.0,40607.0,37472.0,31053018153.386673,725434540422.046,-0.04936498467854532,40746.169297752305,41625.14804868913,3135.0,496.0,2639.0,3135.0,1541.642857142857,-1,42033.107142857145,42033.107142857145,0.04936498467854532,0,0.0,0.04936498467854532
2022-04-27,38134.0,38595.0,39390.0,36902.0,28170490245.865635,746473028158.29,0.010837108170640302,40531.05236797708,41501.468536497734,2488.0,1211.0,1277.0,2488.0,1597.0,-1,42033.107142857145,42587.5,-0.010837108170640302,0,0.0,-0.010837108170640302
2022-04-28,39224.0,39328.0,40184.0,37265.0,31484572271.03238,756090806420.8264,0.01881399898180703,40410.74713117937,41412.75553500803,2919.0,1589.0,1330.0,2919.0,1675.857142857143,-1,42033.107142857145,43517.642857142855,-0.01881399898180703,0,0.0,-0.01881399898180703
2022-04-29,39742.0,38292.0,39847.0,37743.0,27758348826.409065,735829877665.6912,-0.0266957362995176,40198.87241806144,41285.37775806893,2104.0,519.0,1585.0,2104.0,1766.7142857142858,-1,42033.107142857145,42708.78571428572,0.0266957362995176,0,0.0,0.0266957362995176
2022-04-30,38651.0,38279.0,38756.0,37628.0,20955789685.355682,719611115951.2947,-0.00033955414255800907,40006.885176255295,41162.66846182122,1128.0,464.0,664.0,1128.0,1805.142857142857,-1,42033.107142857145,42791.857142857145,0.00033955414255800907,0,0.0,0.00033955414255800907
2022-05-01,37821.0,38148.0,38582.0,37070.0,24857664487.014507,733294957352.5364,-0.0034281112248827892,39820.99665862977,41039.620769501984,1512.0,303.0,1209.0,1512.0,1846.4285714285713,-1,42033.107142857145,42764.07142857143,0.0034281112248827892,0,0.0,0.0034281112248827892
2022-05-02,38538.0,38034.0,39037.0,37693.0,29825308569.42226,733787526677.6703,-0.0029928351865816287,39642.296992766795,40916.9423707468,1344.0,889.0,455.0,1344.0,1787.4285714285713,-1,42033.107142857145,42502.57142857143,0.0029928351865816287,0,0.0,0.0029928351865816287
2022-05-03,38562.0,37240.0,38600.0,36933.0,23070122642.32804,718542028695.8999,-0.02109704412121798,39402.067293490116,40766.86309030816,1667.0,566.0,1101.0,1667.0,1834.5714285714287,-1,41826.42857142857,41826.42857142857,0.02109704412121798,0,0.0,0.02109704412121798
2022-05-04,37758.0,39429.0,39875.0,37024.0,31748901527.20592,755764276888.7715,0.057118133759114564,39404.76056414111,40712.256433560884,2851.0,2635.0,216.0,2851.0,1953.7142857142858,-1,41826.42857142857,44313.28571428572,-0.057118133759114564,0,0.0,-0.057118133759114564
2022-05-05,39699.0,35933.0,39798.0,35654.0,37402043365.58407,696020943881.887,-0.09284549284206794,39057.584507727,40517.18474239513,4144.0,369.0,3775.0,4144.0,2043.7142857142858,-1,41042.28571428572,41042.28571428572,0.09284549284206794,0,0.0,0.09284549284206794
2022-05-06,36612.0,35915.0,36612.0,35362.0,32223287014.454002,687093350325.4445,-0.0005010577991478987,38743.3260569543,40329.34046719533,1250.0,679.0,571.0,1250.0,2025.0714285714287,-1,40977.67857142857,40977.67857142857,0.0005010577991478987,0,0.0,0.0005010577991478987
2022-05-07,36076.0,35371.0,36128.0,34693.0,19130720394.98043,678702448510.6605,-0.015262760161680098,38406.09345125887,40126.95922363634,1435.0,213.0,1222.0,1435.0,2083.3571428571427,-1,40579.392857142855,40579.392857142855,0.015262760161680098,0,0.0,0.015262760161680098
2022-05-08,35558.0,33889.0,35558.0,33616.0,30810576501.52256,648514321641.9902,-0.04280179741074289,37954.38410613299,39872.34864307975,1942.0,187.0,1755.0,1942.0,2181.1428571428573,-1,39341.857142857145,39341.857142857145,0.04280179741074289,0,0.0,0.04280179741074289
2022-05-09,34070.0,31193.0,34181.0,30404.0,58369928594.32748,576197842487.6378,-0.08289676728550403,37278.24569551969,39518.08951479078,3777.0,292.0,3485.0,3777.0,2264.0,-1,36853.0,36853.0,0.08289676728550403,0,0.0,0.08289676728550403
2022-05-10,31169.0,30704.0,32375.0,29897.0,54071363210.08785,590644412746.6844,-0.015800771403493726,36620.82112596772,39158.33075908503,2478.0,1182.0,1296.0,2478.0,2217.0714285714284,-1,36246.67857142857,36246.67857142857,0.015800771403493726,0,0.0,0.015800771403493726
2022-05-11,31027.0,28237.0,31949.0,27805.0,65985702701.50493,549294001873.1765,-0.0837597645779702,35782.439013370946,38712.5621566734,4144.0,1245.0,2899.0,4144.0,2335.3571428571427,-1,34075.392857142855,34075.392857142855,0.0837597645779702,0,0.0,0.0837597645779702
2022-05-12,29132.0,28972.0,29955.0,26379.0,61338080283.57989,555266177876.6213,0.025696671645705625,35101.39511203385,38314.98819109489,3576.0,1718.0,1858.0,3576.0,2382.285714285714,-1,34075.392857142855,34927.71428571428,-0.025696671645705625,0,0.0,-0.025696671645705625
2022-05-13,29126.0,29585.0,30879.0,28677.0,71541696924.39926,558053182541.2809,0.020937629795577818,34549.75560083047,37958.662142478766,2202.0,1907.0,295.0,2202.0,2389.285714285714,-1,34075.392857142855,35558.21428571428,-0.020937629795577818,0,0.0,-0.020937629795577818
2022-05-14,29363.0,29921.0,30077.0,28253.0,25759546763.688618,573777699744.01,0.011293098878994238,34086.88004074742,37630.59429992861,1824.0,492.0,1332.0,1824.0,2439.0,-1,34075.392857142855,36018.5,-0.011293098878994238,0,0.0,-0.011293098878994238
2022-05-15,30186.0,31121.0,31172.0,28619.0,22948123704.172672,596346266888.6597,0.039322257462356215,33790.292036672676,37364.89657340091,2553.0,1251.0,1302.0,2553.0,2513.3571428571427,-1,34075.392857142855,37404.392857142855,-0.039322257462356215,0,0.0,-0.039322257462356215
2022-05-16,31319.0,29686.0,31319.0,28817.0,28418179221.125336,569801943005.2971,-0.047207278267434725,33379.86283300541,37051.472223466175,2502.0,198.0,2304.0,2502.0,2596.0714285714284,-1,34075.392857142855,36176.17857142857,0.047207278267434725,0,0.0,0.047207278267434725
2022-05-17,29924.0,29956.0,30684.0,29245.0,24964703223.57502,581272773175.8237,0.009054084184547404,33037.47654970487,36761.86111230429,1439.0,998.0,441.0,1439.0,2579.785714285714,-1,34075.392857142855,36405.46428571428,-0.009054084184547404,0,0.0,-0.009054084184547404
2022-05-18,30502.0,28744.0,30535.0,28392.0,26219431165.241817,547927169401.20306,-0.04130058857590306,32608.128894734386,36434.60147506738,2143.0,579.0,1564.0,2143.0,2529.214285714286,-1,34075.392857142855,35067.03571428572,0.04130058857590306,0,0.0,0.04130058857590306
2022-05-19,28772.0,30139.0,30472.0,28018.0,29190056577.430664,578678245847.8763,0.04739096433638129,32361.216005260947,36177.63814955442,2454.0,1728.0,726.0,2454.0,2408.5,-1,34075.392857142855,36160.25,-0.04739096433638129,0,0.0,-0.04739096433638129
2022-05-20,30289.0,29153.0,30498.0,28307.0,25980877919.56809,557201657280.7389,-0.03326219069460829,32040.394404734852,35890.91822508281,2191.0,359.0,1832.0,2191.0,2475.714285714286,-1,34075.392857142855,35342.28571428572,0.03326219069460829,0,0.0,0.03326219069460829
2022-05-21,29257.0,29302.0,29587.0,28606.0,13561006428.368963,561696351558.8424,0.00509794962613069,31766.55496426137,35621.98278732433,981.0,434.0,547.0,981.0,2443.285714285714,-1,34075.392857142855,35410.21428571428,-0.00509794962613069,0,0.0,-0.00509794962613069
2022-05-22,29492.0,30178.0,30342.0,28762.0,17199930154.801018,578090387085.146,0.029457409012338332,31607.699467835235,35399.779408249866,1580.0,1040.0,540.0,1580.0,2417.4285714285716,-1,34075.392857142855,36221.57142857143,-0.029457409012338332,0,0.0,-0.029457409012338332
2022-05-24,29396.0,29655.0,29785.0,28716.0,23486436836.56051,564885248021.9939,-0.017482436800769722,31412.429521051712,35165.2986160764,1069.0,393.0,1462.0,1462.0,2252.0714285714284,-1,34075.392857142855,35285.17857142857,0.017482436800769722,0,0.0,0.017482436800769722
2022-05-25,29647.0,29585.0,30173.0,29399.0,23108764916.206596,563577022957.9133,-0.002363269162032516,31229.68656894654,34937.531325624295,774.0,518.0,256.0,774.0,2130.3571428571427,-1,34075.392857142855,34910.892857142855,0.002363269162032516,0,0.0,0.002363269162032516
2022-05-26,29573.0,29347.0,29864.0,28412.0,31972044691.709656,559066076343.6685,-0.00807714972959198,31041.41791205189,34709.34637355799,1452.0,279.0,1173.0,1452.0,1938.0714285714287,-1,34075.392857142855,34192.17857142857,0.00807714972959198,0,0.0,0.00807714972959198
2022-05-27,29349.0,28647.0,29353.0,28327.0,31756305901.005535,545752899521.8662,-0.02414160076289022,30801.976120846703,34461.90366443318,1026.0,6.0,1020.0,1026.0,1755.9285714285713,-1,33036.82142857143,33036.82142857143,0.02414160076289022,0,0.0,0.02414160076289022
2022-05-28,28646.0,29088.0,29132.0,28606.0,15406515372.711676,554938694217.2793,0.015276992358893262,30630.57850876203,34242.56065772162,526.0,485.0,41.0,526.0,1636.2142857142858,-1,33036.82142857143,33178.53571428572,-0.015276992358893262,0,0.0,-0.015276992358893262
2022-05-29,29082.0,29493.0,29520.0,28907.0,14496111397.934435,561771345708.952,0.013827229057828582,30516.82065788583,34048.7010390391,613.0,432.0,181.0,613.0,1549.7142857142858,-1,33036.82142857143,33367.28571428572,-0.013827229057828582,0,0.0,-0.013827229057828582
2022-05-30,29497.0,31741.0,31879.0,29354.0,34891305294.623,604926607440.7722,0.07345627353520033,30639.23859209725,33954.509159894646,2525.0,2386.0,139.0,2525.0,1547.7142857142858,-1,33036.82142857143,35610.28571428572,-0.07345627353520033,0,0.0,-0.07345627353520033
2022-05-31,31737.0,31866.0,32227.0,31319.0,29770567353.488136,607393396318.7885,0.003930390080219918,30761.914732887526,33869.26388806221,908.0,486.0,422.0,908.0,1433.857142857143,-1,33036.82142857143,35450.642857142855,-0.003930390080219918,0,0.0,-0.003930390080219918
2022-06-01,31814.0,29833.0,31982.0,29441.0,35553330791.53566,569001624438.0176,-0.06592444730239518,30669.023259598773,33704.518423243346,2541.0,116.0,2425.0,2541.0,1512.5714285714287,-1,33036.82142857143,33614.42857142857,0.06592444730239518,0,0.0,0.06592444730239518
2022-06-02,29822.0,30481.0,30624.0,29667.0,24232399986.261147,580863150152.0535,0.021488375313289954,30650.220933638895,33572.9462427028,957.0,791.0,166.0,957.0,1427.857142857143,-1,33036.82142857143,34050.642857142855,-0.021488375313289954,0,0.0,-0.021488375313289954
2022-06-03,30447.0,29714.0,30636.0,29400.0,21997859590.66833,566275595800.1772,-0.025485223464050726,30556.598840275008,33415.43823279656,1236.0,155.0,1081.0,1236.0,1340.857142857143,-1,33036.82142857143,33066.142857142855,0.025485223464050726,0,0.0,0.025485223464050726
2022-06-04,29704.0,29872.0,29941.0,29518.0,12911383481.843807,568340135127.331,0.005303271584205521,30488.13895624751,33270.80810084568,423.0,227.0,196.0,423.0,1214.5714285714287,-1,32908.42857142857,32908.42857142857,-0.005303271584205521,0,0.0,-0.005303271584205521
2022-06-05,29858.0,29918.0,30134.0,29610.0,13395229055.412352,570209935092.4275,0.0015387191529024728,30431.12506062276,33133.95879060708,524.0,262.0,262.0,524.0,1181.9285714285713,-1,32872.82142857143,32872.82142857143,-0.0015387191529024728,0,0.0,-0.0015387191529024728
2022-06-06,29919.0,31373.0,31680.0,29919.0,27644798123.298183,597966736176.5532,0.047487344447958414,30525.312554560485,33062.08292160271,1761.0,1762.0,1.0,1762.0,1194.9285714285713,-1,32872.82142857143,34360.32142857143,-0.047487344447958414,0,0.0,-0.047487344447958414
2022-06-07,31343.0,31265.0,31523.0,29315.0,36111325508.04181,597205650752.5386,-0.0034483893809662985,30599.281299104437,32988.732598271985,2208.0,150.0,2058.0,2208.0,1248.2142857142858,-1,32872.82142857143,34385.53571428572,0.0034483893809662985,0,0.0,0.0034483893809662985
2022-06-08,31233.0,30229.0,31263.0,29975.0,27080284928.564884,576238781341.3682,-0.033697532497171,30562.253169193995,32876.09045140374,1288.0,2.0,1290.0,1290.0,1285.0714285714287,-1,32872.82142857143,33441.67857142857,0.033697532497171,0,0.0,0.033697532497171
2022-06-09,30234.0,30101.0,30610.0,29981.0,18871591862.340336,573819802894.6453,-0.004243334727756188,30516.127852274596,32762.82145338726,629.0,381.0,248.0,629.0,1226.2857142857142,-1,32872.82142857143,33166.71428571428,0.004243334727756188,0,0.0,0.004243334727756188
2022-06-10,30097.0,29101.0,30266.0,28943.0,25663085729.428833,554622874799.0432,-0.03378585594615656,30374.615067047136,32613.359353249,1323.0,165.0,1158.0,1323.0,1247.5,-1,32219.75,32219.75,0.03378585594615656,0,0.0,0.03378585594615656
2022-06-11,29100.0,28374.0,29406.0,28314.0,22518366769.839092,540789214973.6274,-0.025299304958383804,30174.553560342425,32440.324277606185,1092.0,305.0,787.0,1092.0,1287.9285714285713,-1,31593.821428571428,31593.821428571428,0.025299304958383804,0,0.0,0.025299304958383804
2022-06-12,28432.0,26767.0,28552.0,26767.0,29834061115.62461,514202090511.0678,-0.05830344738260464,29833.798204308183,32208.76002137736,1785.0,178.0,1607.0,1785.0,1371.642857142857,-1,30196.10714285714,30196.10714285714,0.05830344738260464,0,0.0,0.05830344738260464
2022-06-13,26628.0,22526.0,26795.0,22113.0,64852526179.382835,429492202561.014,-0.17249958788168432,29103.018383877366,31813.54532662726,4682.0,28.0,4654.0,4682.0,1525.7142857142858,-1,26340.285714285714,26340.285714285714,0.17249958788168432,0,0.0,0.17249958788168432
2022-06-14,22501.0,22245.0,23014.0,21047.0,47639470967.891426,423044474596.5387,-0.012552933367499661,28417.21654548963,31422.992456152675,1967.0,488.0,1479.0,1967.0,1601.357142857143,-1,26248.39285714286,26248.39285714286,0.012552933367499661,0,0.0,0.012552933367499661
2022-06-15,22223.0,22529.0,22665.0,20193.0,52027211446.51121,429887916884.8431,0.012686103937000644,27828.394890940668,31059.972355901544,2472.0,420.0,2052.0,2472.0,1596.4285714285713,-1,26248.39285714286,26520.071428571428,-0.012686103937000644,0,0.0,-0.012686103937000644
2022-06-16,22584.0,20409.0,22836.0,20283.0,27449277945.59262,389181727345.57733,-0.09882738816397241,27086.4554018466,30625.23879035454,2553.0,307.0,2246.0,2553.0,1710.4285714285713,-1,24685.071428571428,24685.071428571428,0.09882738816397241,0,0.0,0.09882738816397241
2022-06-17,20378.0,20473.0,21238.0,20300.0,24232922585.240158,391441740414.39136,0.003130964839408074,26425.109861661942,30210.861696870677,938.0,829.0,109.0,938.0,1689.142857142857,-1,24685.071428571428,24695.857142857145,-0.003130964839408074,0,0.0,-0.003130964839408074
2022-06-18,20470.0,19047.42,20748.0,17677.43,38920632524.1614,362303884192.0101,-0.07217528554048436,25687.34087549575,29755.21101536575,3070.5699999999997,275.0,2795.5699999999997,3070.5699999999997,1878.2549999999999,-1,23743.0575,23743.0575,0.07217528554048436,0,0.0,0.07217528554048436
2022-06-19,19032.4,20516.0,20710.0,18043.27,32488136325.883087,390555374756.5322,0.07427341019706481,25170.206787946176,29378.10036167735,2666.7299999999996,1662.5800000000017,1004.1499999999978,2666.7299999999996,2031.3071428571427,-1,23743.0575,25594.267857142855,-0.07427341019706481,0,0.0,-0.07427341019706481
2022-06-20,20553.0,20637.0,20903.0,19723.65,28346447996.779846,392793374515.9921,0.005880511684964813,24716.886109151557,29021.32075507827,1179.3499999999985,387.0,792.3499999999985,1179.3499999999985,1989.6892857142855,-1,23743.0575,25611.223214285714,-0.005880511684964813,0,0.0,-0.005880511684964813
2022-06-21,20620.0,20701.0,21660.0,20416.0,25340643362.789,395059669321.2376,0.003096427071229776,24315.297498236403,28681.715826299565,1244.0,1023.0,221.0,1244.0,1920.8321428571428,-1,23743.0575,25503.080357142855,-0.003096427071229776,0,0.0,-0.003096427071229776
2022-06-22,20698.0,19983.57,20844.0,19821.82,24955466738.110855,381616262301.266,-0.03527157234526434,23882.124748412763,28326.68946604244,1022.1800000000003,143.0,879.1800000000003,1022.1800000000003,1901.7021428571427,-1,23743.0575,24737.825357142858,0.03527157234526434,0,0.0,0.03527157234526434
2022-06-23,19976.54,21100.0,21124.0,19976.54,23655104386.978516,402495826231.42053,0.0543626045440685,23603.91227357149,28031.722549061116,1147.4599999999991,1140.4300000000003,7.029999999998836,1147.4599999999991,1938.735,-1,23743.0575,25946.8375,-0.0543626045440685,0,0.0,-0.0543626045440685
2022-06-24,21099.0,21263.0,21452.0,20772.0,21955656695.748722,407086114490.3726,0.007695432542543651,23369.82104621434,27755.44815930352,680.0,352.0,328.0,680.0,1892.8064285714283,-1,23743.0575,25995.01607142857,-0.007695432542543651,0,0.0,-0.007695432542543651
2022-06-25,21275.0,21526.0,21526.0,20972.0,16152442749.306295,410110791491.05475,0.012293033817542145,23185.438941592907,27501.184969127866,554.0,263.0,291.0,554.0,1854.377857142857,-1,23743.0575,26161.944642857143,-0.012293033817542145,0,0.0,-0.012293033817542145
2022-06-26,21506.0,21053.0,21782.0,21035.0,15392697878.417652,401645800330.4072,-0.02221843905368818,22972.195047433615,27237.993745898155,747.0,256.0,491.0,747.0,1780.235,-1,23743.0575,25503.5875,0.02221843905368818,0,0.0,0.02221843905368818
2022-06-27,21055.0,20751.0,21481.0,20698.0,17719011287.9831,395914576106.05786,-0.01444862950186096,22750.075542690254,26973.218490963536,783.0,428.0,355.0,783.0,1501.735,-1,23743.0575,24505.3375,0.01444862950186096,0,0.0,0.01444862950186096
2022-06-28,20759.0,20283.0,21195.0,20250.0,18161209601.432373,386606940573.39575,-0.022811341509906793,22503.36798842123,26700.148348475228,945.0,444.0,501.0,945.0,1428.735,-1,23743.0575,23854.8375,0.022811341509906793,0,0.0,0.022811341509906793
2022-06-29,20271.0,20109.0,20392.0,19954.04,20744333507.35517,384067866465.5609,-0.008615620732720222,22263.931189579107,26431.121885272158,437.9599999999991,109.0,328.9599999999991,437.9599999999991,1283.4464285714282,-1,23317.616071428572,23317.616071428572,0.008615620732720222,0,0.0,0.008615620732720222
2022-06-30,20122.0,19608.4,20146.0,18782.75,22816515394.911003,365984224323.45276,-0.025209430189391313,21998.3780706212,26152.643440975335,1363.25,37.0,1326.25,1363.25,1198.4642857142856,-1,22604.560714285715,22604.560714285715,0.025209430189391313,0,0.0,0.025209430189391313
2022-07-01,19627.97,19407.45,20537.0,19100.51,28756781114.699898,370916529918.7163,-0.01030103288374559,21739.28526355908,25877.32942297634,1436.4900000000016,928.5999999999985,507.89000000000306,1436.4900000000016,1234.070714285714,-1,22492.626785714285,22492.626785714285,0.01030103288374559,0,0.0,0.01030103288374559
2022-07-02,19314.61,19268.23,19381.38,19059.83,15601715000.679424,367706689137.568,-0.007199387383882534,21492.179737203172,25607.570262854857,321.5499999999993,26.06999999999971,347.619999999999,347.619999999999,1039.5742857142855,-1,21867.165714285715,21867.165714285715,0.007199387383882534,0,0.0,0.007199387383882534
2022-07-03,19261.55,19310.23,19548.78,19006.55,13976969844.332441,368549364135.05225,0.0021773817095586193,21273.984763482855,25350.5359664118,542.2299999999996,280.5499999999993,261.6800000000003,542.2299999999996,887.8242857142856,-1,21529.790714285715,21529.790714285715,-0.0021773817095586193,0,0.0,-0.0021773817095586193
2022-07-04,19317.45,20257.0,20281.0,19103.53,18634860046.37241,386425176262.77844,0.0478654055351999,21172.28628713457,25142.63653921132,1177.4700000000012,970.7700000000004,206.70000000000073,1177.4700000000012,887.6899999999999,-1,21529.790714285715,22476.225,-0.0478654055351999,0,0.0,-0.0478654055351999
2022-07-05,20250.0,20189.0,20630.0,19359.81,23623270105.54542,385301783065.72974,-0.003362511203582525,21073.957658421114,24940.447292712895,1270.1899999999987,373.0,897.1899999999987,1270.1899999999987,889.5607142857142,-1,21529.790714285715,22412.901785714286,0.003362511203582525,0,0.0,0.003362511203582525
2022-07-06,20188.0,20567.0,20612.0,19798.69,21755499642.28282,392479833070.6018,0.01854994793923578,21023.261892579005,24761.9392399491,813.3100000000013,423.0,390.3100000000013,813.3100000000013,874.6414285714285,-1,21529.790714285715,22753.60357142857,-0.01854994793923578,0,0.0,-0.01854994793923578
2022-07-07,20568.0,21661.0,21791.0,20297.0,21927087503.433758,414055638573.8548,0.05182555899151853,21087.035703321104,24635.37029137975,1494.0,1224.0,270.0,1494.0,899.3942857142857,0,21529.790714285715,23909.485714285714,-0.05282555899151853,1,0.001,-0.05182555899151853
2022-07-08,21641.0,21859.0,22289.0,21251.0,46645398900.96298,417690286504.50726,0.009099327489024237,21164.232132988993,24522.0490549969,1038.0,628.0,410.0,1038.0,924.9657142857143,0,21529.790714285715,,0.0,0,0.0,0.0
2022-07-09,21767.0,21590.0,21889.0,21382.0,26211587451.783283,412459838738.2113,-0.012382491521149298,21206.808919690095,24402.373583364373,507.0,30.0,477.0,507.0,921.6085714285715,0,21529.790714285715,,-0.0,0,0.0,-0.0
2022-07-10,21600.0,20860.0,21600.0,20710.0,25037950754.003357,398249545888.6735,-0.03439679495408958,21172.128027721086,24257.786906492358,890.0,10.0,880.0,890.0,931.8228571428572,0,21529.790714285715,,-0.0,0,0.0,-0.0
2022-07-11,20867.0,19998.47,20867.0,19988.71,21319467248.801025,382000290322.39886,-0.04217767894490961,21054.76222494898,24083.937236839607,878.2900000000009,7.0,871.2900000000009,878.2900000000009,938.6292857142859,0,21529.790714285715,,-0.0,0,0.0,-0.0
2022-07-12,19961.63,19350.74,20051.0,19350.74,22074971578.2899,370191767290.5106,-0.032925108989109914,20884.360002454083,23890.74551288697,700.2599999999984,52.529999999998836,647.7299999999996,700.2599999999984,921.1478571428571,0,21529.790714285715,,-0.0,0,0.0,-0.0
2022-07-13,19367.81,20225.0,20356.0,19044.67,28560004360.902916,385462566548.9708,0.044188801305948405,20818.424002208674,23741.123247054846,1311.3300000000017,1005.2599999999984,306.07000000000335,1311.3300000000017,983.5314285714287,0,21529.790714285715,,0.0,0,0.0,0.0
2022-07-14,20271.0,20575.0,20752.0,19707.7,28732413536.669937,393104346702.71136,0.01715728361857813,20794.081601987808,23611.89372676689,1044.2999999999993,527.0,517.2999999999993,1044.2999999999993,960.7492857142859,0,21529.790714285715,,0.0,0,0.0,0.0
2022-07-15,20595.0,20795.0,21148.0,20392.0,46542248374.33238,397285233065.65533,0.010635826631741594,20794.173441789026,23496.91847261314,756.0,573.0,183.0,756.0,912.1428571428571,0,21529.790714285715,,0.0,0,0.0,0.0
2022-07-16,20844.0,21193.0,21475.0,20523.0,42051101694.797554,404705642580.89075,0.018958365279561965,20834.056097610122,23402.88098393505,952.0,680.0,272.0,952.0,955.3128571428572,0,21529.790714285715,,0.0,0,0.0,0.0
2022-07-17,21176.0,20824.0,21576.0,20815.0,29615794461.49923,397660610560.5498,-0.01756477078217274,20833.050487849112,23297.62053561117,761.0,383.0,378.0,761.0,970.9392857142858,0,21529.790714285715,,-0.0,0,0.0,-0.0
2022-07-18,20803.0,22395.0,22459.0,20803.0,58636734705.48306,425756736660.6174,0.07273155196699921,20989.2454390642,23260.77888109643,1656.0,1635.0,21.0,1656.0,1005.12,0,21529.790714285715,,0.0,0,0.0,0.0
2022-07-19,22441.0,23367.0,23655.0,21746.0,57338223361.51413,445889013251.1064,0.042487050946657695,21227.02089515778,23265.114436970045,1909.0,1260.0,649.0,1909.0,1050.7492857142859,0,21529.790714285715,,0.0,0,0.0,0.0
2022-07-20,23359.0,23313.0,24189.0,22993.0,40775718993.79776,446130012149.91077,-0.002313625710706295,21435.618805642003,23267.068949746776,1196.0,822.0,374.0,1196.0,1078.0842857142857,0,21529.790714285715,,-0.0,0,0.0,-0.0
2022-07-21,23217.0,23155.0,23366.0,22465.0,63224249257.511284,442379611364.02734,-0.00680040496249961,21607.556925077803,23262.494706899968,901.0,53.0,848.0,901.0,1035.7271428571428,0,21529.790714285715,,-0.0,0,0.0,-0.0
2022-07-22,23142.0,22697.0,23668.0,22620.0,40304373301.41499,433485926857.3929,-0.019977982769382643,21716.501232570023,23239.413290291806,1048.0,513.0,535.0,1048.0,1036.4414285714286,0,21529.790714285715,,-0.0,0,0.0,-0.0
2022-07-23,22700.0,22506.0,22976.0,22048.0,42519262113.1533,429803379587.55133,-0.008450816835527288,21795.45110931302,23209.478053953364,928.0,279.0,649.0,928.0,1066.5128571428572,0,21529.790714285715,,-0.0,0,0.0,-0.0
2022-07-24,22484.0,22614.0,22967.0,22334.0,33108916659.05373,433819662321.5266,0.004787243185248051,21877.30599838172,23185.172827261387,633.0,461.0,172.0,633.0,1048.1557142857143,0,21529.790714285715,,0.0,0,0.0,0.0
2022-07-25,22606.0,21330.0,22628.0,21330.0,42667548128.932236,407480099599.8142,-0.05845465102979416,21822.575398543548,23109.451487373168,1298.0,14.0,1284.0,1298.0,1078.135,0,21529.790714285715,,-0.0,0,0.0,-0.0
2022-07-26,21319.0,21236.0,21321.0,20772.0,53995620035.18145,405692421501.52716,-0.004416677761834127,21763.917858689194,23032.984079725284,549.0,9.0,558.0,558.0,1067.9735714285714,0,21529.790714285715,,-0.0,0,0.0,-0.0
2022-07-27,21223.0,22909.0,23001.0,21071.0,54498281944.45157,437193517021.8447,0.07583199172978582,21878.426072820275,23027.923505042618,1930.0,1765.0,165.0,1930.0,1112.1642857142856,0,21529.790714285715,,0.0,0,0.0,0.0
2022-07-28,22946.0,23822.0,24161.0,22749.0,55609627980.6571,454806622614.75885,0.03907967700749818,22072.78346553825,23060.334790551082,1412.0,1252.0,160.0,1412.0,1138.4285714285713,0,21529.790714285715,,0.0,0,0.0,0.0
2022-07-29,23849.0,23848.0,24163.0,23466.0,41089335195.63975,459609388579.5554,0.0010908329170612376,22250.305118984426,23092.484390936752,697.0,341.0,356.0,697.0,1134.2142857142858,0,21529.790714285715,,0.0,0,0.0,0.0
2022-07-30,23858.0,23653.0,24605.0,23619.0,62102072346.807785,451726702392.36206,-0.008210399588304083,22390.574607085986,23115.36257906178,986.0,757.0,229.0,986.0,1136.642857142857,0,21529.790714285715,,-0.0,0,0.0,-0.0
2022-07-31,23644.0,23380.0,24082.0,23289.0,31786729326.443203,447051019373.1847,-0.01160900074354386,22489.517146377388,23126.164106447013,793.0,429.0,364.0,793.0,1138.9285714285713,0,21529.790714285715,,-0.0,0,0.0,-0.0
2022-08-01,23345.0,23334.0,23467.0,22898.0,44489771146.510735,445958949620.3002,-0.0019694316422571388,22573.96543173965,23134.647204143053,569.0,87.0,482.0,569.0,1061.2857142857142,0,21529.790714285715,,-0.0,0,0.0,-0.0
2022-08-02,23304.0,23054.0,23422.0,22729.0,35151096516.75639,440954684720.7478,-0.012072234222844458,22621.968888565683,23131.35548152497,693.0,88.0,605.0,693.0,974.4285714285714,0,21529.790714285715,,-0.0,0,0.0,-0.0
2022-08-03,23053.0,22860.0,23631.0,22774.0,41334593234.075066,437035641450.2815,-0.008450631812156268,22645.771999709115,23120.279747585173,857.0,577.0,280.0,857.0,950.2142857142857,0,21529.790714285715,,-0.0,0,0.0,-0.0
2022-08-04,22853.0,22678.0,23212.0,22515.0,23624874220.429745,432420621055.8012,-0.007993366817016529,22648.994799738204,23102.22751298986,697.0,352.0,345.0,697.0,935.6428571428571,0,21529.790714285715,,-0.0,0,0.0,-0.0
2022-08-05,22671.0,23225.0,23433.0,22658.0,27040190909.828075,443821669890.4801,0.023833993150254088,22706.595319764383,23107.238634908637,775.0,755.0,20.0,775.0,916.1428571428571,0,21529.790714285715,,0.0,0,0.0,0.0
2022-08-06,23271.0,22985.0,23322.0,22985.0,14439694271.14074,439414782173.18774,-0.010387455441710868,22734.435787787945,23102.24930287155,337.0,97.0,240.0,337.0,873.9285714285714,0,21529.790714285715,,-0.0,0,0.0,-0.0
2022-08-07,22981.0,23198.0,23341.0,22927.0,14324042469.270954,442979379284.1196,0.009224238801493269,22780.792209009152,23106.15749459108,414.0,356.0,58.0,414.0,858.2857142857143,0,21529.790714285715,,0.0,0,0.0,0.0
2022-08-08,23205.0,23824.0,24214.0,23202.0,27756736787.028625,455450642522.25543,0.02662740788196876,22885.112988108238,23135.4571886894,1012.0,1016.0,4.0,1016.0,838.1428571428571,0,21529.790714285715,,0.0,0,0.0,0.0
2022-08-09,23849.0,23204.0,23935.0,22961.0,29738069337.77638,443382534834.6949,-0.026368798337835255,22917.001689297416,23138.25485445718,974.0,111.0,863.0,974.0,867.8571428571429,0,21529.790714285715,,-0.0,0,0.0,-0.0
2022-08-10,23119.0,23949.0,24206.0,22782.0,32215976525.650154,457270455537.3291,0.03160189172795371,23020.201520367675,23171.34649305076,1424.0,1002.0,422.0,1424.0,831.7142857142857,0,21529.790714285715,,0.0,0,0.0,0.0
2022-08-11,23956.0,23949.0,24931.0,23896.0,33892871243.716595,458070674127.7904,0.0,23113.081368330906,23203.087452518077,1035.0,982.0,53.0,1035.0,804.7857142857143,0,21529.790714285715,,0.0,0,0.0,0.0
2022-08-12,23951.0,24411.0,24434.0,23674.0,25195193357.103275,466765701334.6809,0.019107281050858294,23242.873231497815,23252.39000547652,760.0,485.0,275.0,760.0,809.2857142857143,0,21529.790714285715,,0.0,0,0.0,0.0
2022-08-13,24402.0,24434.0,24883.0,24383.0,22240559959.522095,467078368768.6749,0.0009417545992382664,23361.985908348033,23300.618984844827,500.0,472.0,28.0,500.0,774.5714285714286,1,22497.571428571428,22497.571428571428,-0.001,1,0.001,0.0
2022-08-14,24439.0,24313.0,24988.0,24239.0,21287616855.704494,464896345363.0234,-0.004964418261971876,23457.08731751323,23341.940658932792,749.0,554.0,195.0,749.0,771.4285714285714,1,22497.571428571428,22384.428571428572,-0.004964418261971876,0,0.0,-0.004964418261971876
2022-08-15,24366.0,24179.0,25093.0,23848.0,33404812507.80541,462437221425.1544,-0.005526698881422332,23529.278585761906,23376.10634632329,1245.0,780.0,465.0,1245.0,819.7142857142857,1,22497.571428571428,22129.714285714286,-0.005526698881422332,0,0.0,-0.005526698881422332
2022-08-16,24146.0,23913.0,24239.0,23724.0,24971300201.368164,456791042838.03827,-0.011062243724578058,23567.650727185715,23398.020373003972,515.0,60.0,455.0,515.0,807.0,1,22497.571428571428,21895.5,-0.011062243724578058,0,0.0,-0.011062243724578058
2022-08-17,23898.0,23359.0,24439.0,23277.0,29567403252.00121,447015816173.3428,-0.023439895289345602,23546.785654467145,23396.427704718095,1162.0,526.0,636.0,1162.0,828.7857142857143,1,22497.571428571428,21287.035714285714,-0.023439895289345602,0,0.0,-0.023439895289345602
2022-08-18,23373.0,23248.0,23591.0,23134.0,20228208349.156567,444845955425.38696,-0.004763241996623151,23516.90708902043,23390.36943105613,457.0,232.0,225.0,457.0,811.6428571428571,1,22497.571428571428,21218.89285714286,-0.004763241996623151,0,0.0,-0.004763241996623151
2022-08-19,23246.0,20946.0,23246.0,20925.0,35142410593.122185,400810425580.64777,-0.10427140947697312,23259.816380118387,23290.599250196694,2321.0,2.0,2323.0,2323.0,922.2142857142857,0,22497.571428571428,18640.464285714286,-0.10527140947697312,1,0.001,-0.10427140947697312
2022-08-20,20849.0,21175.0,21354.0,20849.0,23809679190.922188,404924875533.8922,0.01087354318716417,23051.33474210655,23204.248260392746,505.0,408.0,97.0,505.0,934.2142857142857,0,22497.571428571428,,0.0,0,0.0,0.0
2022-08-21,21157.0,21616.0,21665.0,21127.0,20476237108.351532,413578924865.8514,0.020612540679724945,22907.801267895895,23139.421800784876,538.0,490.0,48.0,538.0,943.0714285714286,0,22497.571428571428,,0.0,0,0.0,0.0
2022-08-22,21546.0,21388.0,21553.0,20961.0,28856912427.175735,408409110509.79584,-0.010603764131357885,22755.821141106306,23067.935196671206,592.0,63.0,655.0,655.0,917.2857142857143,0,22497.571428571428,,-0.0,0,0.0,-0.0
2022-08-23,21404.0,21562.0,21618.0,20955.0,29331102121.793316,412338357271.39594,0.008102489030441003,22636.439026995675,23006.468453949932,663.0,230.0,433.0,663.0,895.0714285714286,0,22497.571428571428,,0.0,0,0.0,0.0
2022-08-24,21553.0,21395.0,21800.0,21211.0,26855905243.361156,409503007623.01685,-0.007775256248145978,22512.295124296106,22940.69423133973,589.0,238.0,351.0,589.0,835.4285714285714,0,22497.571428571428,,-0.0,0,0.0,-0.0
2022-08-25,21393.0,21618.0,21768.0,21375.0,26767966536.315014,413843488595.5175,0.01036905112523105,22422.865611866495,22886.70671169321,393.0,373.0,20.0,393.0,789.5714285714286,0,22497.571428571428,,0.0,0,0.0,0.0
2022-08-26,21599.0,20271.0,21817.0,20245.0,34910727805.04114,387215087166.7839,-0.064335007755864,22207.679050679846,22779.943172440424,1572.0,199.0,1373.0,1572.0,847.5714285714286,0,22497.571428571428,,-0.0,0,0.0,-0.0
2022-08-27,20267.0,20070.0,20354.0,19882.2,24463219414.743473,383790676113.79205,-0.009965130429900448,21993.911145611863,22669.33324703469,471.7999999999993,83.0,388.7999999999993,471.7999999999993,845.5571428571428,0,22497.571428571428,,-0.0,0,0.0,-0.0
2022-08-28,20054.0,19659.25,20150.0,19659.25,19781826309.451183,376180531070.6233,-0.020678197341823495,21760.445031050676,22546.472706339395,490.75,80.0,410.75,490.75,827.1107142857143,0,22497.571428571428,,-0.0,0,0.0,-0.0
2022-08-29,19652.46,20309.0,20385.0,19617.3,28706315246.140064,389119405471.2333,0.03251617208454928,21615.30052794561,22455.147289754113,767.7000000000007,725.75,41.95000000000073,767.7000000000007,793.0178571428571,0,22497.571428571428,,0.0,0,0.0,0.0
2022-08-30,20322.0,19805.35,20526.0,19590.92,30308993725.456158,379555151404.602,-0.025112034328272578,21434.305475151046,22346.992298335575,935.0800000000017,217.0,718.0800000000017,935.0800000000017,823.0235714285716,0,22497.571428571428,,-0.0,0,0.0,-0.0
2022-08-31,19810.93,20024.0,20426.0,19810.93,27825786159.855602,383348414528.78253,0.010979450906773127,21293.274927635943,22252.17628615861,615.0699999999997,620.6500000000015,5.580000000001746,620.6500000000015,784.3557142857145,0,22497.571428571428,,0.0,0,0.0,0.0
2022-09-01,20021.0,20154.0,20188.0,19614.8,25616737335.88055,385027707310.6654,0.006471225728737506,21179.34743487235,22166.536437743973,573.2000000000007,164.0,409.2000000000007,573.2000000000007,792.6557142857146,0,22497.571428571428,,0.0,0,0.0,0.0
2022-09-02,20141.0,19941.45,20428.0,19771.18,24078042298.340073,381788074511.76855,-0.010602299813891786,21055.557691385115,22075.716583142177,656.8199999999997,274.0,382.8199999999997,656.8199999999997,673.6428571428575,0,22497.571428571428,,-0.0,0,0.0,-0.0
2022-09-03,19963.43,19814.56,20038.0,19673.17,20048153187.39969,379422449024.2574,-0.0063834590484135,20931.457922246605,21983.424477707802,364.83000000000175,96.54999999999927,268.2800000000025,364.83000000000175,663.6307142857147,0,22497.571428571428,,-0.0,0,0.0,-0.0
2022-09-04,19826.54,19980.01,20021.0,19649.22,21537524477.36904,382421043401.0045,0.00831525272487725,20836.313130021947,21901.652458209523,371.77999999999884,206.4399999999987,165.34000000000015,371.77999999999884,651.7578571428575,0,22497.571428571428,,0.0,0,0.0,0.0
2022-09-05,19991.92,19785.73,19991.92,19657.12,23522961655.00036,378685143698.17633,-0.009771302925191457,20731.25481701975,21815.288276241787,334.7999999999993,11.909999999999854,322.8899999999994,334.7999999999993,628.8864285714288,0,22497.571428571428,,-0.0,0,0.0,-0.0
2022-09-06,19774.58,18859.5,20089.0,18821.25,39940310406.47586,361210437263.86273,-0.047944205076382605,20544.079335317776,21694.643856803345,1267.75,303.27000000000044,964.4799999999996,1267.75,672.0828571428574,0,22497.571428571428,,-0.0,0,0.0,-0.0
2022-09-07,18845.69,19280.63,19479.03,18644.13,30517907004.082462,369340091982.8708,0.022084199277878604,20417.734401785998,21596.112678974634,834.8999999999978,619.5299999999988,215.36999999999898,834.8999999999978,689.647142857143,0,22497.571428571428,,0.0,0,0.0,0.0
2022-09-08,19356.29,19322.78,19386.38,19058.51,28936941008.358917,369723445425.44885,0.0021837457753196067,20308.2389616074,21503.323590036893,327.8700000000026,105.75,222.12000000000262,327.8700000000026,684.9950000000002,0,22497.571428571428,,0.0,0,0.0,0.0
2022-09-09,19315.37,21360.0,21566.0,19315.23,42487059054.97593,408976281844.7646,0.1002353033195873,20413.41506544666,21497.473647586405,2250.7700000000004,2243.220000000001,7.549999999999272,2250.7700000000004,733.4785714285717,0,22497.571428571428,,0.0,0,0.0,0.0
2022-09-10,21373.0,21707.0,21753.0,21182.0,35941349745.24438,415974687298.0947,0.01611477508163107,20542.773558901994,21506.025743603284,571.0,393.0,178.0,571.0,740.564285714286,0,22497.571428571428,,0.0,0,0.0,0.0
2022-09-11,21715.0,21740.0,21785.0,21414.0,31266252145.35619,416073628622.09485,0.00151909251943822,20662.496203011797,21515.57571325213,371.0,78.0,293.0,371.0,732.0107142857147,0,22497.571428571428,,0.0,0,0.0,0.0
2022-09-12,21742.0,22340.0,22448.0,21578.0,44006486689.44507,427473787888.3761,0.02722491194799125,20830.246582710617,21549.225684139794,870.0,708.0,162.0,870.0,739.3178571428574,0,22497.571428571428,,0.0,0,0.0,0.0
2022-09-13,22339.0,20185.0,22654.0,20071.0,46489890914.82466,386529657258.8565,-0.10143903933615048,20765.721924439556,21493.543003154497,2583.0,314.0,2269.0,2583.0,857.0264285714287,0,22497.571428571428,,-0.0,0,0.0,-0.0
2022-09-14,20178.0,20256.0,20418.0,19801.17,35789015870.392235,387486232249.80023,0.0035112916568615453,20714.749731995602,21443.031043842067,616.8300000000017,233.0,383.83000000000175,616.8300000000017,856.7535714285716,0,22497.571428571428,,0.0,0,0.0,0.0
2022-09-15,20239.0,19702.17,20338.0,19620.13,33715957206.68328,377719382182.44714,-0.027722263999876335,20613.49175879604,21371.975491032186,717.869999999999,82.0,635.869999999999,717.869999999999,867.0871428571429,0,22497.571428571428,,-0.0,0,0.0,-0.0
2022-09-16,19706.12,19764.41,19879.28,19414.75,30187737709.58007,377988702161.6817,0.0031540635949485196,20528.58358291644,21306.36057303087,464.52999999999884,177.11000000000058,287.41999999999825,464.52999999999884,853.3521428571429,0,22497.571428571428,,0.0,0,0.0,0.0
2022-09-17,19763.99,20132.0,20189.0,19763.99,23394494073.784782,385486747327.04944,0.01842774335727571,20488.925224624796,21258.427488417365,425.0099999999984,424.59000000000015,0.41999999999825377,425.0099999999984,857.6507142857141,0,22497.571428571428,,0.0,0,0.0,0.0
2022-09-18,20130.0,19437.16,20130.0,19361.11,28689764413.699097,372598380208.27094,-0.03512389108906156,20383.748702162316,21184.090039910534,768.8899999999994,2.0,770.8899999999994,770.8899999999994,886.1585714285712,0,22497.571428571428,,-0.0,0,0.0,-0.0
2022-09-19,19440.93,19570.39,19612.26,18421.2,39507938864.87854,374524246937.4287,0.006831011846295266,20302.412831946087,21118.224732159084,1191.0599999999977,175.09999999999854,1015.9599999999991,1191.0599999999977,947.3199999999997,0,22497.571428571428,,0.0,0,0.0,0.0
2022-09-20,19546.41,18869.93,19601.4,18830.92,33890591849.676514,361980678159.1343,-0.03644805988971381,20159.16454875148,21026.457600234222,770.4800000000032,31.010000000002037,739.4700000000012,770.4800000000032,911.8007142857142,0,22497.571428571428,,-0.0,0,0.0,-0.0
2022-09-21,18874.85,18539.64,19721.93,18262.09,41059997264.96848,355194467885.9514,-0.017658507308174146,19997.212093876333,20924.954841040988,1459.8400000000001,852.0,607.8400000000001,1459.8400000000001,956.4392857142858,0,22497.571428571428,,-0.0,0,0.0,-0.0
2022-09-22,18527.8,19464.32,19464.32,18422.41,37660914389.8923,372075639498.16974,0.04867190348091941,19943.9228844887,20865.337092427068,1041.9099999999999,924.6800000000003,117.22999999999956,1041.9099999999999,1007.4421428571428,0,22497.571428571428,,0.0,0,0.0,0.0
2022-09-23,19447.84,19291.9,19475.03,18641.21,35506139423.901344,370913140447.51636,-0.008897727256836987,19878.72059603983,20801.115170287187,833.8199999999997,10.709999999999127,823.1100000000006,833.8199999999997,906.2314285714284,0,22497.571428571428,,-0.0,0,0.0,-0.0
2022-09-24,19309.22,18939.97,19316.53,18874.73,24644354421.61794,363168779956.3335,-0.0184108148901775,19784.84553643585,20725.150061295873,441.7999999999993,24.62999999999738,417.1700000000019,441.7999999999993,897.0028571428569,0,22497.571428571428,,-0.0,0,0.0,-0.0
2022-09-25,18936.7,18809.41,19142.43,18747.85,21516374222.675316,360256894978.40894,-0.006917227280881889,19687.301982792265,20646.956589406243,394.58000000000175,202.45999999999913,192.12000000000262,394.58000000000175,898.6871428571428,0,22497.571428571428,,-0.0,0,0.0,-0.0
2022-09-26,18787.31,19219.73,19274.62,18708.63,42560193944.41844,367613056759.2221,0.021580079050186395,19640.54478451304,20588.702442899867,565.989999999998,465.2099999999991,100.77999999999884,565.989999999998,876.9721428571427,0,22497.571428571428,,0.0,0,0.0,0.0
2022-09-27,19200.81,19116.33,20339.0,18902.66,52482615483.86207,366383164263.7157,-0.0053944119840236854,19588.123306061738,20528.60560849579,1436.3400000000001,1119.2700000000004,317.0699999999997,1436.3400000000001,795.067857142857,0,22497.571428571428,,-0.0,0,0.0,-0.0
2022-09-28,19114.9,19444.79,19704.08,18482.46,47494258189.70422,372892084645.0075,0.017036224265311,19573.789975455566,20484.36823672045,1221.6200000000026,587.75,633.8700000000026,1221.6200000000026,838.2671428571427,0,22497.571428571428,,0.0,0,0.0,0.0
2022-09-29,19443.69,19563.77,19625.8,18963.35,37537716230.48356,374830625219.6003,0.0061002184629911195,19572.78797791001,20446.79279848696,662.4500000000007,181.0099999999984,481.4400000000023,662.4500000000007,834.3085714285714,0,22497.571428571428,,0.0,0,0.0,0.0
2022-09-30,19563.78,19476.93,20184.0,19251.33,37848666330.67224,373222100680.7475,-0.004448698062289074,19563.20218011901,20407.206561814022,932.6699999999983,620.2299999999996,312.4399999999987,932.6699999999983,867.7471428571428,0,22497.571428571428,,-0.0,0,0.0,-0.0
2022-10-01,19467.93,19314.46,19488.42,19238.33,15943514602.722155,370204708063.3375,-0.008376650077181814,19538.32796210711,20362.604661331818,250.0899999999965,11.489999999997963,238.59999999999854,250.0899999999965,855.2528571428569,0,22497.571428571428,,-0.0,0,0.0,-0.0
2022-10-02,19316.66,19065.15,19377.21,18928.73,17859684587.64641,366195863790.6755,-0.012991977082286672,19491.010165896398,20309.647328216233,448.47999999999956,62.75,385.72999999999956,448.47999999999956,832.2235714285713,0,22497.571428571428,,-0.0,0,0.0,-0.0
2022-10-03,19077.04,19620.57,19646.91,19056.01,26634227151.925247,375767908259.0832,0.028716444603794133,19503.966149306758,20281.521722982918,590.9000000000015,581.7599999999984,9.140000000003056,590.9000000000015,789.3550000000001,0,22497.571428571428,,0.0,0,0.0,0.0
2022-10-04,19619.67,20345.0,20383.0,19521.07,30974520027.944332,390177741507.47705,0.03625667575066952,19588.06953437608,20284.112673065247,861.9300000000003,762.4300000000003,99.5,861.9300000000003,795.8871428571427,0,22497.571428571428,,0.0,0,0.0,0.0
2022-10-05,20344.0,20162.0,20346.0,19785.21,29366342083.101757,386368899196.38165,-0.009035536821903459,19645.462580938474,20279.128482327887,560.7900000000009,1.0,559.7900000000009,560.7900000000009,731.6692857142856,0,22497.571428571428,,-0.0,0,0.0,-0.0
2022-10-06,20157.0,19949.05,20421.0,19886.08,31354758329.142307,382505641462.15643,-0.01061812147731923,19675.821322844626,20265.655891212464,534.9199999999983,259.0,275.91999999999825,534.9199999999983,695.4557142857141,0,22497.571428571428,,-0.0,0,0.0,-0.0
2022-10-07,19952.43,19457.31,20044.0,19373.8,25445042398.337975,373170861484.13965,-0.024958688222858277,19653.970190560165,20232.662181367057,670.2000000000007,94.95000000000073,575.25,670.2000000000007,683.7685714285714,0,22497.571428571428,,-0.0,0,0.0,-0.0
2022-10-08,19494.51,19418.04,19533.5,19280.34,12996183216.30484,372391945609.07526,-0.002020304041359245,19630.377171504148,20199.4122964133,253.15999999999985,76.18999999999869,176.97000000000116,253.15999999999985,670.2942857142856,0,22497.571428571428,,-0.0,0,0.0,-0.0
2022-10-09,19419.4,19448.15,19559.84,19357.56,14404623229.04686,372264710552.3351,0.0015494189692250887,19612.154454353735,20168.748529212753,202.27999999999884,141.79999999999927,60.47999999999956,202.27999999999884,656.5585714285711,0,22497.571428571428,,0.0,0,0.0,0.0
2022-10-10,19448.94,19142.69,19517.27,19094.26,23743487600.53748,367207056773.2261,-0.01583103034524213,19565.208008918362,20126.868589244885,423.01000000000204,69.11999999999898,353.89000000000306,423.01000000000204,646.3457142857143,0,22497.571428571428,,-0.0,0,0.0,-0.0
2022-10-11,19137.01,19058.63,19228.69,18969.08,25102717820.99086,365118514776.26794,-0.004400902150625745,19514.550208026525,20083.267014173663,259.60999999999694,86.0,173.60999999999694,259.60999999999694,562.2935714285712,0,22497.571428571428,,-0.0,0,0.0,-0.0
2022-10-12,19060.7,19153.04,19211.19,19033.02,22339104401.384174,367301644901.367,0.00494143240044752,19478.399187223873,20045.298564615554,178.16999999999825,152.55999999999767,25.610000000000582,178.16999999999825,487.76142857142804,0,22497.571428571428,,0.0,0,0.0,0.0
2022-10-13,19152.89,19383.94,19478.17,18317.03,37194496437.923996,371647189087.47595,0.01198343840905636,19468.953268501486,20018.30433748839,1161.1399999999994,325.1299999999974,836.010000000002,1161.1399999999994,523.3821428571422,0,22497.571428571428,,0.0,0,0.0,0.0
2022-10-14,19381.6,19198.11,19880.56,19115.85,34806651159.13548,367584653730.75476,-0.009633051484626832,19441.868941651337,19984.827017590902,764.7100000000028,496.6200000000026,268.09000000000015,764.7100000000028,511.3849999999997,0,22497.571428571428,,-0.0,0,0.0,-0.0
2022-10-15,19194.64,19072.78,19207.45,19030.3,13103099352.405506,365870425566.52997,-0.006549648990787397,19404.960047486205,19947.60060870964,177.15000000000146,9.340000000000146,167.8100000000013,177.15000000000146,506.17500000000007,0,22497.571428571428,,-0.0,0,0.0,-0.0
2022-10-16,19077.79,19272.92,19342.2,19077.79,15683330320.159586,369552982160.53754,0.010438814125982326,19391.756042737587,19920.062624680675,264.40999999999985,269.4200000000019,5.010000000002037,269.4200000000019,493.3850000000002,0,22497.571428571428,,0.0,0,0.0,0.0
2022-10-17,19274.21,19557.9,19614.89,19161.27,23713928577.519844,375052275829.7958,0.014678295056130813,19408.37043846383,19905.280476734522,453.619999999999,341.97000000000116,111.64999999999782,453.619999999999,483.57928571428573,0,22497.571428571428,,0.0,0,0.0,0.0
2022-10-18,19563.59,19348.03,19669.88,19092.9,25848175158.687187,371196833238.99286,-0.010788691372378223,19402.336394617447,19882.535559316784,576.9799999999996,111.97999999999956,465.0,576.9799999999996,463.2257142857143,0,22497.571428571428,,-0.0,0,0.0,-0.0
2022-10-19,19330.46,19134.24,19335.22,19099.34,23047051893.294765,367085331987.69183,-0.0111112052131189,19375.526755155704,19851.9928834263,235.88000000000102,12.809999999997672,248.6899999999987,248.6899999999987,440.93285714285696,0,22497.571428571428,,-0.0,0,0.0,-0.0
2022-10-20,19130.74,19031.16,19324.57,18951.94,25712511231.935688,365098952754.63934,-0.005401764459326958,19341.090079640133,19818.489500429307,372.630000000001,190.3299999999981,182.3000000000029,372.630000000001,429.34071428571434,0,22497.571428571428,,-0.0,0,0.0,-0.0
2022-10-21,19068.87,19173.28,19238.22,18730.04,30297335038.197,367999082249.1525,0.007440007264695348,19324.30907167612,19792.15441877913,508.1800000000003,207.0600000000013,301.119999999999,508.1800000000003,417.76785714285717,0,22497.571428571428,,0.0,0,0.0,0.0
2022-10-22,19171.05,19203.87,19237.19,19120.99,13362526957.65784,368484939423.55475,0.001594178123099981,19312.26516450851,19768.142809849367,116.19999999999709,63.909999999999854,52.289999999997235,116.19999999999709,407.9849999999998,0,22497.571428571428,,0.0,0,0.0,0.0
2022-10-23,19207.76,19574.82,19634.72,19125.34,19928822961.41621,375197423662.3941,0.01913222520954566,19338.52064805766,19760.252082916737,509.380000000001,430.8500000000022,78.52999999999884,509.380000000001,429.92071428571427,0,22497.571428571428,,0.0,0,0.0,0.0
2022-10-24,19560.98,19316.94,19564.11,19201.35,28657172008.9177,370622833880.7626,-0.01326161528532925,19336.362583251896,19742.15771218544,362.76000000000204,10.709999999999127,373.47000000000116,373.47000000000116,426.38214285714275,0,22497.571428571428,,-0.0,0,0.0,-0.0
2022-10-25,19321.01,20095.0,20353.0,19255.73,39846253138.59686,385476931983.84595,0.039488596754203686,19412.226324926705,19756.559438218686,1097.2700000000004,1036.0600000000013,61.20999999999913,1097.2700000000004,486.21500000000015,0,22497.571428571428,,0.0,0,0.0,0.0
2022-10-26,20096.0,20774.0,20955.0,20085.0,50667020407.51415,398674628646.93066,0.033231176904455276,19548.403692434036,19798.08762441384,870.0,860.0,10.0,870.0,535.6314285714288,0,22497.571428571428,,0.0,0,0.0,0.0
2022-10-27,20781.0,20278.0,20876.0,20261.0,41829789298.17936,389238872375.6226,-0.024165650275231577,19621.36332319063,19817.67588464185,615.0,102.0,513.0,615.0,496.6214285714289,0,22497.571428571428,,-0.0,0,0.0,-0.0
2022-10-28,20282.0,20591.0,20716.0,20095.0,36165609164.5681,395201306734.5831,0.015317532595621583,19718.32699087157,19849.240134248303,621.0,438.0,183.0,621.0,486.3564285714287,0,22497.571428571428,,0.0,0,0.0,0.0
2022-10-29,20585.0,20801.0,20946.0,20575.0,32806216910.570454,399135164712.3964,0.010146975348681435,19826.594291784415,19888.087475707554,371.0,355.0,16.0,371.0,500.20285714285717,0,22497.571428571428,,0.0,0,0.0,0.0
2022-10-30,20818.0,20624.0,20908.0,20542.0,24707906148.749344,395548335410.141,-0.008545616277859401,19906.334862605974,19918.12472159704,366.0,107.0,259.0,366.0,507.10142857142847,0,22497.571428571428,,-0.0,0,0.0,-0.0
2022-10-31,20624.0,20495.0,20800.0,20262.0,37290619694.72375,393311097043.5727,-0.006274492240530732,19965.201376345376,19941.67065132777,538.0,176.0,362.0,538.0,513.1285714285714,0,22497.571428571428,,-0.0,0,0.0,-0.0
2022-11-01,20493.0,20490.0,20645.0,20285.0,32262771910.727066,393218202887.5868,-0.0002439917054925371,20017.68123871084,19964.051441069492,360.0,150.0,210.0,360.0,497.63,0,22497.571428571428,,-0.0,0,0.0,-0.0
2022-11-02,20489.0,20163.0,20705.0,20065.0,44539856162.44828,387015867490.0914,-0.01608772059486986,20032.213114839757,19972.171790413595,640.0,215.0,425.0,640.0,525.5807142857144,0,22497.571428571428,,-0.0,0,0.0,-0.0
2022-11-03,20161.0,20211.0,20388.0,20091.0,36562782563.979164,387756249891.6283,0.002377768990693913,20050.091803355783,19981.919880600795,297.0,225.0,72.0,297.0,520.1785714285714,0,22497.571428571428,,0.0,0,0.0,0.0
2022-11-04,20206.0,21150.0,21241.0,20206.0,33773463079.332672,405987599945.2726,0.04541289484565445,20160.082623020204,20029.596620168108,1035.0,1030.0,5.0,1035.0,557.8085714285714,0,22497.571428571428,,0.0,0,0.0,0.0
2022-11-05,21147.0,21283.0,21454.0,21124.0,31061573100.604958,408892506459.0742,0.006268726488379846,20272.374360718182,20080.755941793897,330.0,304.0,26.0,330.0,573.0800000000002,0,22497.571428571428,,0.0,0,0.0,0.0
2022-11-06,21280.0,20907.0,21337.0,20907.0,50602704770.812515,401869336200.07385,-0.017824600856175276,20335.836924646366,20114.480189067614,430.0,54.0,376.0,430.0,567.4100000000001,0,22497.571428571428,,-0.0,0,0.0,-0.0
2022-11-07,20922.0,20598.0,21017.0,20433.0,91750982446.38734,395168506455.3059,-0.014890047420881423,20362.05323218173,20134.215691554647,584.0,110.0,474.0,584.0,582.4478571428572,0,22497.571428571428,,-0.0,0,0.0,-0.0
2022-11-08,20600.0,18562.35,20671.0,17579.02,92144963385.0274,356871594631.61395,-0.10405864798142236,20182.08290896356,20070.057908225885,3091.9799999999996,73.0,3018.9799999999996,3091.9799999999996,724.9271428571428,0,22497.571428571428,,-0.0,0,0.0,-0.0
2022-11-09,18579.39,15742.44,18749.92,15663.49,74978675390.59279,301963847693.52637,-0.16477508568742277,19738.118618067205,19893.42044258401,3086.4299999999985,187.5699999999997,2898.8599999999988,3086.4299999999985,883.2435714285713,-1,17950.54892857143,17950.54892857143,-0.001,1,0.001,-0.0
2022-11-10,15920.79,17594.92,18106.79,15835.92,65200666543.364624,336597208099.6668,0.11124997398221241,19523.798756260483,19799.604097988744,2270.870000000001,2364.3500000000004,93.47999999999956,2364.3500000000004,1008.1971428571427,-1,17950.54892857143,20115.412857142856,-0.11124997398221241,0,0.0,-0.11124997398221241
2022-11-11,17602.79,17080.22,17624.47,16569.89,45030331310.74984,325921112619.09045,-0.029689155177446132,19279.440880634436,19688.60882868308,1054.5800000000017,29.55000000000291,1025.0299999999988,1054.5800000000017,1039.1671428571428,-1,17950.54892857143,19678.137857142858,0.029689155177446132,0,0.0,0.029689155177446132
2022-11-12,17088.94,16797.99,17101.87,16640.26,21893997140.860477,322330608513.1628,-0.01666183244523814,19031.295792570992,19570.624386696018,461.6100000000006,21.649999999997817,439.96000000000276,461.6100000000006,1045.6392857142857,-1,17950.54892857143,19412.088214285715,0.01666183244523814,0,0.0,0.01666183244523814
2022-11-13,16794.65,16344.34,16915.46,16312.86,20411619109.007805,313605586517.2854,-0.02737757635427889,18762.600213313894,19438.939309688016,602.5999999999985,117.46999999999753,485.130000000001,602.5999999999985,1062.5392857142856,-1,17950.54892857143,19000.688214285714,0.02737757635427889,0,0.0,0.02737757635427889
2022-11-14,16335.29,16645.83,17176.32,15906.19,37539226046.106285,320598982524.9025,0.01827807456803692,18550.923191982503,19324.934848068096,1270.1299999999992,831.9799999999996,438.14999999999964,1270.1299999999992,1114.8342857142857,-1,17950.54892857143,19432.915714285715,-0.01827807456803692,0,0.0,-0.01827807456803692
2022-11-15,16632.61,16890.53,17171.27,16573.54,28676275678.9418,324608360619.00433,0.01459337523383673,18384.883872784252,19225.57138488164,597.7299999999996,525.4399999999987,72.29000000000087,597.7299999999996,1131.8149999999998,-1,17950.54892857143,19720.067499999997,-0.01459337523383673,0,0.0,-0.01459337523383673
2022-11-16,16901.94,16689.4,16997.06,16437.01,26922027947.408913,320099234744.2721,-0.011979322484809997,18215.335485505828,19122.054185498717,560.0500000000029,106.53000000000247,453.52000000000044,560.0500000000029,1126.1042857142859,-1,17950.54892857143,19504.660714285717,0.011979322484809997,0,0.0,0.011979322484809997
2022-11-17,16677.87,16718.36,16732.97,16417.31,22011291267.356167,321287480849.7667,0.0017337293643175822,18065.637936955245,19023.944218743665,315.65999999999985,43.56999999999971,272.09000000000015,315.65999999999985,1127.4371428571428,-1,17950.54892857143,19536.952857142856,-0.0017337293643175822,0,0.0,-0.0017337293643175822
2022-11-18,16711.92,16707.02,16994.52,16581.98,20942172141.414623,320876918352.4405,-0.00067852634345979,17929.77614325972,18929.375883284738,412.5400000000009,276.15999999999985,136.38000000000102,412.5400000000009,1082.9757142857145,-1,17950.54892857143,19414.459285714285,0.00067852634345979,0,0.0,0.00067852634345979
2022-11-19,16705.26,16712.73,16794.94,16558.64,10844466289.901127,321151208473.7581,0.00034171410950487155,17808.07152893375,18838.90054110985,236.29999999999927,87.91999999999825,148.38000000000102,236.29999999999927,1076.2828571428572,-1,17950.54892857143,19403.437142857143,-0.00034171410950487155,0,0.0,-0.00034171410950487155
2022-11-20,16711.87,16304.08,16746.26,16254.32,15680401749.958439,313370674122.3842,-0.024755321247764955,17657.672376040377,18735.43847820741,491.9399999999987,33.529999999998836,458.40999999999985,491.9399999999987,1080.7071428571428,-1,17950.54892857143,19005.847857142857,0.024755321247764955,0,0.0,0.024755321247764955
2022-11-21,16298.41,15814.34,16299.24,15649.4,31057277097.34788,303834128504.1595,-0.030498259885295455,17473.33913843634,18616.20996889282,649.8400000000001,4.8400000000001455,654.6800000000003,654.6800000000003,1085.7557142857142,-1,17950.54892857143,18528.729285714286,0.030498259885295455,0,0.0,0.030498259885295455
2022-11-22,15794.33,16171.63,16269.92,15686.55,25091849198.571053,311463297390.4882,0.022341349112204898,17343.168224592704,18516.431194652298,583.3700000000008,455.5799999999999,127.79000000000087,583.3700000000008,906.5692857142858,-1,17950.54892857143,18438.053214285712,-0.022341349112204898,0,0.0,-0.022341349112204898
2022-11-23,16225.09,16608.01,16632.65,16191.07,26858079944.170044,319494112507.07404,0.026626636636172478,17269.652402133433,18438.536452013428,441.58000000000175,461.02000000000226,19.44000000000051,461.02000000000226,719.0400000000003,-1,17950.54892857143,18405.61,-0.026626636636172478,0,0.0,-0.026626636636172478
2022-11-24,16633.46,16596.04,16769.37,16484.24,20949512927.386944,318949911014.53784,-0.0007209964157103201,17202.29116192009,18363.33251519655,285.1299999999974,161.36000000000058,123.7699999999968,285.1299999999974,570.5242857142858,-1,17950.54892857143,18022.350714285716,0.0007209964157103201,0,0.0,0.0007209964157103201
2022-11-25,16605.8,16524.45,16613.15,16400.96,18933018587.76629,317919884011.3825,-0.0043230104078748775,17134.50704572808,18288.276086004855,212.19000000000233,17.110000000000582,195.08000000000175,212.19000000000233,510.3535714285716,-1,17800.33392857143,17800.33392857143,0.0043230104078748775,0,0.0,0.0043230104078748775
2022-11-26,16521.13,16456.16,16670.75,16423.19,18243019109.753235,316206865319.883,-0.00414122707835962,17066.672341155274,18213.495837596492,247.5600000000013,146.29999999999927,101.26000000000204,247.5600000000013,495.064285714286,-1,17693.820714285714,17693.820714285714,0.00414122707835962,0,0.0,0.00414122707835962
2022-11-27,16465.29,16459.15,16600.08,16431.98,16551822516.185429,316487666895.4407,0.00018167837448451586,17005.920107039747,18141.88988504153,168.10000000000218,143.9200000000019,24.18000000000029,168.10000000000218,464.0285714285719,-1,17619.221428571433,17619.221428571433,-0.00018167837448451586,0,0.0,-0.00018167837448451586
2022-11-28,16456.69,16222.21,16482.04,16065.43,24566056814.212288,311810991501.448,-0.014500262628121183,16927.549096335773,18063.535604019427,416.6100000000006,22.889999999999418,393.72000000000116,416.6100000000006,403.06285714285775,-1,17229.867142857143,17229.867142857143,0.014500262628121183,0,0.0,0.014500262628121183
2022-11-29,16222.5,16441.98,16541.11,16157.9,24663035431.352062,316170903326.0224,0.013456529384994123,16878.992186702195,17997.349660998225,383.21000000000095,318.90000000000146,64.30999999999949,383.21000000000095,387.7400000000007,-1,17229.867142857143,17411.33,-0.013456529384994123,0,0.0,-0.013456529384994123
2022-11-30,16446.88,17186.5,17227.39,16442.29,30676053555.32337,330763402606.7043,0.04428637158381067,16909.742968031976,17964.253756467686,785.0999999999985,785.4099999999999,0.3100000000013097,785.4099999999999,403.8371428571433,-1,17229.867142857143,18196.09285714286,-0.04428637158381067,0,0.0,-0.04428637158381067
2022-12-01,17224.41,16972.73,17249.92,16901.02,23319572025.36399,326141917292.63745,-0.012516253481095285,16916.04167122878,17923.78339906084,348.8999999999978,63.419999999998254,285.47999999999956,348.8999999999978,406.2114285714289,-1,17229.867142857143,17988.25857142857,0.012516253481095285,0,0.0,0.012516253481095285
2022-12-02,16978.82,17084.87,17128.66,16867.76,20945433171.615204,328178365692.1309,0.006585338089666317,16932.924504105904,17889.542035833867,260.90000000000146,155.9300000000003,104.97000000000116,260.90000000000146,395.3800000000004,-1,17229.867142857143,18073.32,-0.006585338089666317,0,0.0,-0.006585338089666317
2022-12-03,17146.57,16923.38,17149.34,16880.81,16931408153.950111,326498242602.6305,-0.009497178703183513,16931.970053695313,17850.10685069779,268.52999999999884,64.47000000000116,204.05999999999767,268.52999999999884,397.6821428571432,-1,17229.867142857143,17917.58535714286,0.009497178703183513,0,0.0,0.009497178703183513
2022-12-04,16914.49,17149.93,17190.71,16914.49,18214353301.13762,329544949093.6664,0.01329799414959786,16953.766048325782,17821.528203730533,276.2199999999975,267.3299999999981,8.889999999999418,276.2199999999975,382.2735714285717,-1,17229.867142857143,18105.61392857143,-0.01329799414959786,0,0.0,-0.01329799414959786
2022-12-05,17133.31,16973.37,17414.42,16906.82,23204017213.929634,326635737516.3175,-0.010348446700828613,16955.726443493204,17786.909501537448,507.59999999999854,264.48999999999796,243.11000000000058,507.59999999999854,371.7678571428573,-1,17229.867142857143,17902.789642857144,0.010348446700828613,0,0.0,0.010348446700828613
2022-12-06,16973.12,17085.64,17085.64,16928.86,21026126511.19885,328108161816.87274,0.006592699355541853,16968.717799143884,17758.286256576735,156.77999999999884,112.27000000000044,44.5099999999984,156.77999999999884,341.29714285714283,-1,17229.867142857143,17938.882857142857,-0.006592699355541853,0,0.0,-0.006592699355541853
2022-12-07,17076.34,16851.3,17114.69,16750.0,21192130005.603653,324178677956.7833,-0.013810539468008221,16956.976019229496,17721.26640936952,364.6899999999987,29.049999999999272,335.6399999999994,364.6899999999987,334.4164285714283,-1,17229.867142857143,17687.34107142857,0.013810539468008221,0,0.0,0.013810539468008221
2022-12-08,16849.19,17235.01,17291.85,16799.07,22674029585.253864,331389860355.59094,0.022514975025668574,16984.77941730655,17701.41920898709,492.77999999999884,440.5499999999993,52.22999999999956,492.77999999999884,349.24857142857127,0,17229.867142857143,18108.131428571425,-0.023514975025668575,1,0.001,-0.022514975025668574
2022-12-09,17226.04,17149.82,17309.57,17085.83,23179829829.170135,329756788298.6587,-0.004955102253292429,17001.283475575896,17678.904955559043,223.73999999999796,74.56000000000131,149.17999999999665,223.73999999999796,350.073571428571,0,17229.867142857143,,-0.0,0,0.0,-0.0
2022-12-10,17138.35,17125.36,17227.56,17107.75,14234368489.844261,329283186564.5152,-0.0014272721049050062,17013.69112801831,17656.31128390357,119.81000000000131,77.7400000000016,42.06999999999971,119.81000000000131,340.948571428571,0,17229.867142857143,,-0.0,0,0.0,-0.0
2022-12-11,17121.26,17101.04,17256.59,17098.26,15681124918.738192,328868814164.99066,-0.0014211254524606812,17022.42601521648,17633.64714986669,158.33000000000175,131.22999999999956,27.100000000002183,158.33000000000175,340.2507142857138,0,17229.867142857143,,-0.0,0,0.0,-0.0
2022-12-12,17030.47,17179.6,17208.04,16869.54,21633829199.489113,330715694645.24335,0.004583353025299094,17038.14341369483,17615.114613137437,338.5,107.0,231.5,338.5,334.671428571428,0,17229.867142857143,,0.0,0,0.0,0.0
2022-12-13,17213.99,17784.16,17942.24,17123.75,28941242217.591747,342102502914.68976,0.03458554007454561,17112.745072325346,17622.01442484611,818.4900000000016,762.640000000003,55.849999999998545,818.4900000000016,365.76285714285666,0,17229.867142857143,,0.0,0,0.0,0.0
2022-12-14,17777.46,17808.72,18323.21,17659.08,27267536668.811485,342692750075.4062,0.0013800515101876683,17182.34256509281,17629.635060566678,664.1299999999974,539.0499999999993,125.07999999999811,664.1299999999974,357.09999999999934,0,17229.867142857143,,0.0,0,0.0,0.0
2022-12-15,17819.98,17338.36,17849.89,17302.46,22754686787.817104,333854506370.7365,-0.026766837111268177,17197.94430858353,17617.746282584365,547.4300000000003,41.169999999998254,506.26000000000204,547.4300000000003,371.28071428571377,0,17229.867142857143,,-0.0,0,0.0,-0.0
2022-12-16,17339.04,16623.76,17516.95,16562.31,22250411214.773224,318992400741.96515,-0.04208839057740204,17140.525877725177,17577.17541390745,954.6399999999994,178.59000000000015,776.0499999999993,954.6399999999994,420.8335714285708,0,17229.867142857143,,-0.0,0,0.0,-0.0
2022-12-17,16650.25,16806.49,16806.49,16600.36,15086383815.776106,323096167353.6004,0.01093212404066655,17107.12228995266,17545.718866401025,206.13000000000102,182.7300000000032,23.399999999997817,206.13000000000102,416.3764285714281,0,17229.867142857143,,0.0,0,0.0,0.0
2022-12-18,16783.53,16742.82,16824.07,16685.01,11134054723.147482,322740705484.67255,-0.0037956116796061252,17070.692060957394,17512.947484098942,139.0600000000013,17.57999999999811,121.4800000000032,139.0600000000013,406.5792857142855,0,17229.867142857143,,-0.0,0,0.0,-0.0
2022-12-19,16752.11,16422.56,16801.16,16382.07,17719672544.8918,316270478163.65466,-0.019313510353158668,17005.878854861654,17468.441872503066,419.09000000000015,58.340000000000146,360.75,419.09000000000015,400.25714285714275,0,17229.867142857143,,-0.0,0,0.0,-0.0
2022-12-20,16454.22,16899.33,17026.84,16423.49,24938219697.886032,325120443529.51874,0.028617976870785593,16995.22396937549,17445.212816482534,603.3499999999985,604.2799999999988,0.930000000000291,604.2799999999988,432.2214285714285,0,17229.867142857143,,0.0,0,0.0,0.0
2022-12-21,16916.07,16816.85,16937.02,16751.23,16062767787.358068,323127932459.19025,-0.004892616217595443,16977.38657243794,17419.565354585287,185.79000000000087,37.68999999999869,148.10000000000218,185.79000000000087,419.4428571428572,0,17229.867142857143,,-0.0,0,0.0,-0.0
2022-12-22,16822.64,16824.79,16882.23,16599.91,17847826941.681046,323519254392.6745,0.00047203407131364355,16962.126915194145,17395.288809500173,282.3199999999997,65.38000000000102,216.9399999999987,282.3199999999997,404.41000000000014,0,17229.867142857143,,0.0,0,0.0,0.0
2022-12-23,16830.39,16791.46,16914.54,16782.06,16765392449.950893,323013370317.24255,-0.0019829701957598585,16945.060223674733,17370.64273564302,132.47999999999956,89.75,42.72999999999956,132.47999999999956,397.8914285714288,0,17229.867142857143,,-0.0,0,0.0,-0.0
2022-12-24,16793.8,16848.57,16865.73,16793.8,10169853734.117493,324072643385.91296,0.0033953628974761267,16935.41120130726,17349.333644392285,71.93000000000029,74.27000000000044,2.3400000000001455,74.27000000000044,394.6385714285716,0,17229.867142857143,,0.0,0,0.0,0.0
2022-12-25,16844.14,16842.18,16868.7,16715.0,12574453968.75801,323868581953.1157,-0.00037933261067935644,16926.088081176535,17328.633495641578,153.70000000000073,20.13000000000102,133.5699999999997,153.70000000000073,394.30785714285724,0,17229.867142857143,,-0.0,0,0.0,-0.0
2022-12-26,16842.72,16900.08,16919.55,16813.52,12574997282.039291,325036912914.6697,0.0034319015281483374,16923.487273058883,17311.141516227635,106.02999999999884,77.36999999999898,28.659999999999854,106.02999999999884,377.70285714285717,0,17229.867142857143,,0.0,0,0.0,0.0
2022-12-27,16895.75,16701.84,16961.42,16642.16,17436062121.5136,321351469136.8621,-0.011799462651537253,16901.322545752995,17286.27206658569,319.2599999999984,61.33999999999651,257.9200000000019,319.2599999999984,342.0435714285712,0,17229.867142857143,,-0.0,0,0.0,-0.0
2022-12-28,16699.69,16538.91,16795.7,16492.51,19113614755.874695,318288869204.81464,-0.009803106416541058,16865.081291177696,17255.767492439336,303.1900000000023,93.86000000000058,209.33000000000175,303.1900000000023,316.262142857143,0,17229.867142857143,,-0.0,0,0.0,-0.0
2022-12-29,16541.38,16644.38,16671.55,16511.43,15683731676.998154,320297298175.87695,0.006356835332742565,16843.011162059927,17230.812900911198,160.11999999999898,132.63999999999942,27.479999999999563,160.11999999999898,288.5971428571429,0,17229.867142857143,,0.0,0,0.0,0.0
2022-12-30,16646.17,16604.02,16646.66,16421.76,17497327983.349342,319722045805.09534,-0.0024277871912027175,16819.112045853934,17205.229517200536,224.90000000000146,2.279999999998836,222.62000000000262,224.90000000000146,236.47285714285732,0,17229.867142857143,,-0.0,0,0.0,-0.0
2022-12-31,16609.13,16540.69,16634.52,16507.59,12013247678.029587,318278329991.7019,-0.003821428944105957,16791.269841268542,17178.105455273984,126.93000000000029,30.5,96.43000000000029,126.93000000000029,230.81571428571442,0,17229.867142857143,,-0.0,0,0.0,-0.0
2023-01-01,16542.46,16615.97,16621.71,16512.1,9799252684.089952,319832024054.6308,0.004540875308505646,16773.73985714169,17155.161150977085,109.61000000000058,81.02000000000044,28.590000000000146,109.61000000000058,228.71214285714294,0,17229.867142857143,,0.0,0,0.0,0.0
2023-01-02,16619.07,16674.34,16759.71,16554.8,13023861027.769472,321486454934.26776,0.003506729724979496,16763.79987142752,17135.53579787598,204.90999999999985,143.73999999999796,61.17000000000189,204.90999999999985,213.4135714285715,0,17229.867142857143,,0.0,0,0.0,0.0
2023-01-03,16671.68,16677.65,16759.22,16625.15,15367167883.495031,321080820418.18396,0.00019848890641122708,16755.18488428477,17116.846581636142,134.0699999999997,84.88000000000102,49.18999999999869,134.0699999999997,179.82714285714297,0,17229.867142857143,,0.0,0,0.0,0.0
2023-01-04,16676.36,16855.17,16972.97,16658.53,20836560771.723633,324397588037.39484,0.010587934948158873,16765.183395856293,17106.165904834666,314.4400000000023,295.3199999999997,19.12000000000262,314.4400000000023,189.0164285714288,0,17229.867142857143,,0.0,0,0.0,0.0
2023-01-05,16859.82,16832.1,16872.54,16781.94,14919039445.106901,324138957221.0557,-0.001369657060755164,16771.875056270663,17094.979541372028,90.60000000000218,17.37000000000262,73.22999999999956,90.60000000000218,175.32214285714326,0,17229.867142857143,,-0.0,0,0.0,-0.0
2023-01-06,16831.56,16960.23,17021.29,16710.14,19046576249.728558,326571439011.6566,0.007583413990267725,16790.7105506436,17089.479560091535,311.15000000000146,189.19000000000233,121.95999999999913,311.15000000000146,188.08428571428627,0,17229.867142857143,,0.0,0,0.0,0.0
2023-01-07,16957.16,16950.86,16987.41,16914.33,9594456673.448975,326371741274.41095,-0.0005526215900731804,16806.725495579238,17083.82161886331,73.07999999999811,27.18000000000029,45.89999999999782,73.07999999999811,187.9992857142861,0,17229.867142857143,,-0.0,0,0.0,-0.0
2023-01-08,16952.25,17074.62,17074.62,16923.76,11841041542.993702,328470896861.37854,0.007274580448309574,16833.514946021314,17083.44604258317,150.86000000000058,123.7599999999984,27.100000000002183,150.86000000000058,187.79642857142895,0,17229.867142857143,,0.0,0,0.0,0.0
2023-01-09,17144.93,17194.91,17390.34,17119.13,25532751567.198166,331158152699.25574,0.007020259340063204,16869.654451419185,17087.99559186549,271.2099999999991,315.72000000000116,44.51000000000204,315.72000000000116,202.77428571428624,0,17229.867142857143,,0.0,0,0.0,0.0
2023-01-10,17191.95,17436.9,17489.9,17180.42,21858206845.29233,335743942932.3494,0.01397524059658704,16926.379006277268,17102.236588115877,309.4800000000032,294.9900000000016,14.4900000000016,309.4800000000032,202.07571428571515,0,17229.867142857143,,0.0,0,0.0,0.0
2023-01-11,17440.38,17996.83,17996.83,17339.76,25439279072.98185,345688973386.69006,0.03160698088822655,17033.42410564954,17138.750604927474,657.0700000000033,559.9300000000003,97.14000000000306,657.0700000000033,227.35285714285808,0,17229.867142857143,,0.0,0,0.0,0.0
2023-01-12,17987.02,18866.81,18989.18,17912.99,48025109150.17737,363381125082.7658,0.04720866240964302,17216.762695084588,17209.283641461046,1076.1899999999987,992.3499999999985,83.84000000000015,1076.1899999999987,292.7864285714295,1,18134.843928571427,18134.843928571427,-0.001,1,0.001,0.0
2023-01-13,18865.26,19941.78,19980.93,18769.89,39514419053.17687,382675302196.4898,0.055412734667655054,17489.26442557613,17320.81410507488,1211.0400000000009,1114.119999999999,96.92000000000189,1211.0400000000009,363.2250000000009,1,19033.717499999995,19033.717499999995,0.055412734667655054,0,0.0,0.055412734667655054
2023-01-14,19935.7,21019.0,21095.0,19935.7,49498711311.53301,405209898132.0056,0.052609762224873756,17842.237983018516,17471.76046813305,1159.2999999999993,1153.2200000000012,6.079999999998108,1159.2999999999993,436.9657142857151,1,19926.585714285713,19926.585714285713,0.052609762224873756,0,0.0,0.052609762224873756
2023-01-15,20923.0,20853.0,21094.0,20586.0,23072133987.553684,401697403586.5178,-0.007928967791384372,18143.314184716666,17609.770244943942,508.0,75.0,433.0,508.0,465.4221428571436,1,19926.585714285713,19689.44464285714,-0.007928967791384372,0,0.0,-0.007928967791384372
2023-01-16,20906.0,21175.0,21446.0,20512.0,34809391745.54498,407760358639.0028,0.01532341775165955,18446.482766245,17755.289826782962,934.0,593.0,341.0,934.0,517.5000000000008,1,19926.585714285713,19881.249999999996,0.01532341775165955,0,0.0,0.01532341775165955
2023-01-17,21167.0,21157.0,21396.0,20973.0,33278841336.508595,407405144842.9396,-0.0008504205369376332,18717.534489620502,17894.135139975493,423.0,221.0,202.0,423.0,538.1378571428579,1,19926.585714285713,19811.655357142856,-0.0008504205369376332,0,0.0,-0.0008504205369376332
2023-01-18,21133.0,20727.0,21576.0,20533.0,40612056908.80891,399349603616.14526,-0.020533621826412923,18918.48104065845,18009.76227711935,1043.0,419.0,624.0,1043.0,590.1778571428578,1,19926.585714285713,19251.555357142857,-0.020533621826412923,0,0.0,-0.020533621826412923
2023-01-19,20721.0,21082.0,21189.0,20689.0,29144534677.57505,406258441952.3726,0.016982397658229845,19134.832936592607,18135.15973519611,500.0,462.0,38.0,500.0,619.4207142857148,1,19926.585714285713,19533.448214285712,0.016982397658229845,0,0.0,0.016982397658229845
2023-01-20,21090.0,22706.0,22706.0,20918.0,41321936668.62795,436724993652.4275,0.07420961090934454,19491.94964293335,18321.724643963615,1788.0,1624.0,164.0,1788.0,724.9100000000004,1,20893.725,20893.725,0.07420961090934454,0,0.0,0.07420961090934454
2023-01-21,22654.0,22771.0,23329.0,22537.0,44077026803.66082,438578588179.0604,0.0028585898041857912,19819.854678640015,18503.3277197202,792.0,623.0,169.0,792.0,776.2614285714291,1,20893.725,20830.34642857143,0.0028585898041857912,0,0.0,0.0028585898041857912
2023-01-22,22768.0,22737.0,23084.0,22399.0,34124364415.43915,438060367560.3554,-0.001494243048525914,20111.569210776015,18676.1306699357,685.0,313.0,372.0,685.0,814.4142857142862,1,20893.725,20700.964285714286,-0.001494243048525914,0,0.0,-0.001494243048525914
2023-01-23,22690.0,22985.0,23165.0,22665.0,36750647385.65293,442926343072.59235,0.010848275760189631,20398.912289698415,18852.002887489343,500.0,428.0,72.0,500.0,827.5771428571433,1,20916.057142857142,20916.057142857142,0.010848275760189631,0,0.0,0.010848275760189631
2023-01-24,22912.0,22610.0,23164.0,22595.0,35621897292.95152,435679436196.35767,-0.016449542968312834,20620.021060728574,19005.390524734674,569.0,179.0,390.0,569.0,846.1142857142859,1,20916.057142857142,20494.714285714286,-0.016449542968312834,0,0.0,-0.016449542968312834
2023-01-25,22630.0,23180.0,23501.0,22317.0,42772537174.72366,446715261348.7517,0.024897551621727087,20876.018954655716,19175.78274821489,1184.0,891.0,293.0,1184.0,883.7521428571428,1,20970.619642857142,20970.619642857142,0.024897551621727087,0,0.0,0.024897551621727087
2023-01-26,23074.0,23025.0,23262.0,22914.0,37099702812.22777,444005849172.13904,-0.006709255770235083,21090.917059190146,19332.893656451015,348.0,82.0,266.0,348.0,831.7385714285714,1,20970.619642857142,20945.65357142857,-0.006709255770235083,0,0.0,-0.006709255770235083
2023-01-27,23038.0,23083.0,23420.0,22638.0,36109035905.258965,444898315874.05536,0.0025158337204905573,21290.12535327113,19485.95922149383,782.0,395.0,387.0,782.0,801.092857142857,1,21080.26785714286,21080.26785714286,0.0025158337204905573,0,0.0,0.0025158337204905573
2023-01-28,23085.0,23022.0,23165.0,22920.0,19567219823.87809,443702765526.11646,-0.002646135368990794,21463.312817944017,19630.2874165349,245.0,82.0,163.0,245.0,735.7857142857143,1,21182.535714285714,21182.535714285714,-0.002646135368990794,0,0.0,-0.002646135368990794
2023-01-29,23008.0,23797.0,23955.0,22997.0,38438621263.58117,458368002025.743,0.03310924181936877,21696.681536149616,19800.35731790082,958.0,933.0,25.0,958.0,767.9285714285714,1,21877.178571428572,21877.178571428572,0.03310924181936877,0,0.0,0.03310924181936877
2023-01-30,23755.0,22840.0,23800.0,22672.0,38594596831.97205,439295730927.16473,-0.04104613752442956,21811.013382534653,19924.424366149764,1128.0,3.0,1125.0,1128.0,781.7857142857143,1,21877.178571428572,20885.535714285714,-0.04104613752442956,0,0.0,-0.04104613752442956
2023-01-31,22846.0,23137.0,23225.0,22732.0,32683643418.329483,445991168199.3282,0.012919682937735549,21943.612044281188,20055.549902225284,493.0,385.0,108.0,493.0,786.7857142857143,1,21877.178571428572,21170.035714285714,0.012919682937735549,0,0.0,0.012919682937735549
2023-02-01,23146.0,23725.0,23778.0,22697.0,37452064508.17389,457383099382.75,0.02509627677044657,22121.75083985307,20205.323375603843,1081.0,641.0,440.0,1081.0,789.5,1,21877.178571428572,21751.25,0.02509627677044657,0,0.0,0.02509627677044657
2023-02-02,23757.0,23540.0,24196.0,23520.0,44735297656.69828,453565018922.54517,-0.007828242663860898,22263.575755867765,20341.432625579197,676.0,471.0,205.0,676.0,802.0714285714286,1,21877.178571428572,21534.821428571428,-0.007828242663860898,0,0.0,-0.007828242663860898
2023-02-03,23520.0,23452.0,23770.0,23299.0,41267040610.76361,452312595756.25696,-0.003745322730162053,22382.41818028099,20468.394559229026,471.0,230.0,241.0,471.0,708.0,1,21877.178571428572,21682.0,-0.003745322730162053,0,0.0,-0.003745322730162053
2023-02-04,23438.0,23340.0,23539.0,23294.0,21063097082.257824,450197147854.798,-0.004787152243558729,22478.176362252892,20585.602944566617,245.0,87.0,158.0,245.0,668.9285714285714,1,21877.178571428572,21667.678571428572,-0.004787152243558729,0,0.0,-0.004787152243558729
2023-02-05,23340.0,22946.0,23411.0,22838.0,26678691424.549904,442933975658.56586,-0.017024997481458685,22524.958726027602,20681.94568152308,573.0,71.0,502.0,573.0,660.9285714285714,1,21877.178571428572,21293.678571428572,-0.017024997481458685,0,0.0,-0.017024997481458685
2023-02-06,22948.0,22786.0,23138.0,22692.0,33963650031.470352,438726385719.1618,-0.006997317101027189,22551.062853424843,20767.82544962418,446.0,192.0,254.0,446.0,657.0714285714286,1,21877.178571428572,21143.321428571428,-0.006997317101027189,0,0.0,-0.006997317101027189
2023-02-07,22803.0,23295.0,23610.0,22786.0,38850594358.69947,449391195299.20337,0.022092432992836024,22625.456568082358,20870.97543127217,824.0,824.0,0.0,824.0,675.2857142857143,1,21877.178571428572,21606.785714285714,0.022092432992836024,0,0.0,0.022092432992836024
2023-02-08,23259.0,22948.0,23372.0,22808.0,34247782005.793324,442518382691.65485,-0.015007958529135477,22657.710911274124,20955.75194428147,564.0,77.0,487.0,564.0,631.0,1,21877.178571428572,21370.5,-0.015007958529135477,0,0.0,-0.015007958529135477
2023-02-09,22959.0,21821.0,23009.0,21696.0,51161546272.35185,420790678627.7739,-0.05035797787063278,22574.03982014671,20991.068191453654,1313.0,61.0,1252.0,1313.0,699.9285714285714,0,21877.178571428572,20071.178571428572,-0.05135797787063278,1,0.001,-0.05035797787063278
2023-02-10,21810.0,21630.0,21959.0,21479.0,42389972640.44812,417351358181.0193,-0.008791568904024459,22479.63583813204,21017.147040782074,480.0,138.0,342.0,480.0,678.3571428571429,0,21877.178571428572,,-0.0,0,0.0,-0.0
2023-02-11,21644.0,21889.0,21906.0,21633.0,23574706405.838543,422107650473.77954,0.011902987566050162,22420.572254318835,21052.732875852194,273.0,276.0,3.0,276.0,680.5714285714286,0,21877.178571428572,,0.0,0,0.0,0.0
2023-02-12,21890.0,21780.0,22101.0,21691.0,25877166000.550278,420218240428.1313,-0.004992110026203132,22356.51502888695,21082.41724826639,410.0,212.0,198.0,410.0,641.4285714285714,0,21877.178571428572,,-0.0,0,0.0,-0.0
2023-02-13,21825.0,21808.0,21937.0,21471.0,36761909546.14395,420838871938.82733,0.0012847574493624963,22301.663525998258,21112.032870786126,466.0,157.0,309.0,466.0,594.1428571428571,0,21877.178571428572,,0.0,0,0.0,0.0
2023-02-14,21792.0,22220.0,22291.0,21609.0,45363697019.73754,428649056117.7321,0.01871590925730719,22293.49717339843,21157.256018917305,682.0,483.0,199.0,682.0,607.6428571428571,0,21877.178571428572,,0.0,0,0.0,0.0
2023-02-15,22168.0,24308.0,24315.0,22088.0,44336284482.19016,468820317786.9533,0.08981273006162485,22494.947456058588,21285.857814063536,2227.0,2095.0,132.0,2227.0,689.5,0,21877.178571428572,,0.0,0,0.0,0.0
2023-02-16,24323.0,23757.0,25230.0,23757.0,48144978044.45546,459293697174.9459,-0.02292829037672363,22621.15271045273,21386.72076042829,1473.0,922.0,551.0,1473.0,746.4285714285714,0,21877.178571428572,,-0.0,0,0.0,-0.0
2023-02-17,23608.0,24629.0,24949.0,23340.0,54200707340.94142,475194230168.09973,0.03604738651860328,22821.93743940746,21519.05868857407,1609.0,1192.0,417.0,1609.0,827.7142857142857,0,21877.178571428572,,0.0,0,0.0,0.0
2023-02-18,24624.0,24643.0,24780.0,24466.0,24900444765.27695,475529620771.9494,0.0005682740857590142,23004.043695466713,21646.566497203698,314.0,151.0,163.0,314.0,832.6428571428571,0,21877.178571428572,,0.0,0,0.0,0.0
2023-02-19,24636.0,24284.0,25113.0,24284.0,33664683478.33256,470798520570.0436,-0.014675187232559714,23132.039325920043,21754.216844256607,829.0,470.0,359.0,829.0,850.9285714285714,0,21877.178571428572,,-0.0,0,0.0,-0.0
2023-02-20,24302.0,24787.0,25038.0,23881.0,38997046274.497246,478236525469.6496,0.02050162491689245,23297.53539332804,21878.00391183797,1157.0,754.0,403.0,1157.0,901.7142857142857,0,21877.178571428572,,0.0,0,0.0,0.0
2023-02-21,24791.0,24417.0,25193.0,24216.0,41991954878.4476,470623925511.17865,-0.01503971117206589,23409.481853995236,21981.636405232337,977.0,406.0,571.0,977.0,912.6428571428571,0,21877.178571428572,,-0.0,0,0.0,-0.0
2023-02-22,24416.0,24146.0,24452.0,23634.0,40336608135.49699,465998918250.2451,-0.01116087610281837,23483.133668595714,22069.977776447344,818.0,35.0,783.0,818.0,930.7857142857143,0,21877.178571428572,,-0.0,0,0.0,-0.0
2023-02-23,24167.0,23951.0,24632.0,23658.0,42356618035.349625,461042830140.0772,-0.008108658271486309,23529.920301736143,22146.754193735207,974.0,486.0,488.0,974.0,906.5714285714286,0,21877.178571428572,,-0.0,0,0.0,-0.0
2023-02-24,23964.0,23172.0,24043.0,22978.0,35081974267.07997,447316067422.04736,-0.0330654234043317,23494.12827156253,22188.600961337852,1065.0,92.0,973.0,1065.0,948.3571428571429,0,21877.178571428572,,-0.0,0,0.0,-0.0
2023-02-25,23176.0,23157.0,23235.0,22876.0,22999909593.10942,447030240435.99854,-0.0006475425985511822,23460.41544440628,22228.127452711815,359.0,63.0,296.0,359.0,954.2857142857143,0,21877.178571428572,,-0.0,0,0.0,-0.0
2023-02-26,23167.0,23541.0,23691.0,23075.0,24469102669.371048,454284528651.50226,0.016446471177619396,23468.473899965655,22281.714087295004,616.0,534.0,82.0,616.0,969.0,0,21877.178571428572,,0.0,0,0.0,0.0
2023-02-27,23547.0,23518.0,23868.0,23174.0,28832423816.478718,454364917718.867,-0.0009774964122217858,23473.42650996909,22332.174736793168,694.0,327.0,367.0,694.0,985.2857142857143,0,21877.178571428572,,-0.0,0,0.0,-0.0
2023-02-28,23483.0,23156.0,23552.0,23063.0,25534054046.06684,446010055987.85736,-0.015512159184465786,23441.68385897218,22365.800257740386,489.0,34.0,455.0,489.0,971.5,0,21877.178571428572,,-0.0,0,0.0,-0.0
2023-03-01,23147.0,23634.0,23884.0,23079.0,32507897259.084335,456417315966.7193,0.020432427000065534,23460.915473074965,22417.563512526493,805.0,728.0,77.0,805.0,869.9285714285714,0,21877.178571428572,,0.0,0,0.0,0.0
2023-03-02,23622.0,23464.0,23693.0,23227.0,27432755758.440197,453067155320.8529,-0.0072190215416739565,23461.22392576747,22460.275205892758,466.0,59.0,407.0,466.0,798.0,0,21877.178571428572,,-0.0,0,0.0,-0.0
2023-03-03,23469.0,22367.0,23488.0,22215.0,34239649135.070206,431727585101.1504,-0.04788067334701684,23351.801533190723,22456.468054631827,1273.0,24.0,1249.0,1273.0,774.0,0,21877.178571428572,,-0.0,0,0.0,-0.0
2023-03-04,22362.0,22348.0,22465.0,22158.0,13392431931.930376,431837491811.49384,-0.000849826731230754,23251.421379871652,22452.040787095833,307.0,98.0,209.0,307.0,773.5,0,21877.178571428572,,-0.0,0,0.0,-0.0
2023-03-05,22381.0,22422.0,22671.0,22267.0,16080097920.160833,433081135066.3954,0.0033057881344994103,23168.479241884488,22450.81463252049,404.0,323.0,81.0,404.0,743.1428571428571,0,21877.178571428572,,0.0,0,0.0,0.0
2023-03-06,22433.0,22415.0,22576.0,22356.0,21124920006.057713,432758824798.3097,-0.0003122421239990614,23093.13131769604,22449.35281078496,220.0,154.0,66.0,220.0,676.2142857142857,0,21877.178571428572,,-0.0,0,0.0,-0.0
2023-03-07,22414.0,22217.0,22559.0,22011.0,27780357943.162678,427994888566.54205,-0.008872616012412269,23005.518185926438,22439.869022589653,548.0,144.0,404.0,548.0,645.5714285714286,0,21877.178571428572,,-0.0,0,0.0,-0.0
2023-03-08,22202.0,21713.0,22292.0,21683.0,28493032424.783108,419694984165.3824,-0.022946602083355635,22876.266367333796,22410.200899218646,609.0,75.0,534.0,609.0,630.6428571428571,0,21877.178571428572,,-0.0,0,0.0,-0.0
2023-03-09,21731.0,20376.0,21824.0,20207.0,40173833477.660774,392841773384.4403,-0.06355342183447898,22626.239730600417,22327.17229108727,1617.0,111.0,1506.0,1617.0,676.5714285714286,0,21877.178571428572,,-0.0,0,0.0,-0.0
2023-03-10,20368.0,20195.0,20368.0,19647.57,51593890225.48742,390202255053.33545,-0.008922688661779721,22383.115757540374,22240.144850634726,720.4300000000003,8.0,728.4300000000003,728.4300000000003,652.5307142857143,0,21877.178571428572,,-0.0,0,0.0,-0.0
2023-03-11,20161.0,20522.0,20681.0,19950.03,37746654239.61721,394742728281.98926,0.016062432424641282,22197.00418178634,22170.01648938433,730.9700000000012,486.0,244.97000000000116,730.9700000000012,679.1000000000001,0,21877.178571428572,,0.0,0,0.0,0.0
2023-03-12,20482.0,22096.0,22096.0,20335.0,36639901908.82403,425816781283.92786,0.0738991152269188,22186.903763607705,22166.99540818497,1761.0,1574.0,187.0,1761.0,760.8857142857144,0,21877.178571428572,,0.0,0,0.0,0.0
2023-03-13,22192.0,24179.0,24469.0,21993.0,66799159801.958115,466509005562.78174,0.09008789117153757,22386.113387246936,22249.11804458558,2476.0,2373.0,103.0,2476.0,888.1714285714287,0,21877.178571428572,,0.0,0,0.0,0.0
2023-03-14,24202.0,24759.0,26402.0,24102.0,70714394276.37074,478406045309.6089,0.023704571440183037,22623.402048522243,22351.562206031063,2300.0,2223.0,77.0,2300.0,1017.5285714285716,0,21877.178571428572,,0.0,0,0.0,0.0
2023-03-15,24782.0,24471.0,25239.0,24178.0,63107437928.81401,472833547484.0809,-0.011700316292103788,22808.16184367002,22438.06987109102,1061.0,480.0,581.0,1061.0,1035.814285714286,0,21877.178571428572,,-0.0,0,0.0,-0.0
2023-03-16,24417.0,25161.0,25230.0,24322.0,60688056874.81415,486375597562.7987,0.0278064336838312,23043.44565930302,22549.20987635261,908.0,759.0,149.0,908.0,1067.3857142857144,0,21877.178571428572,,0.0,0,0.0,0.0
2023-03-17,25166.0,27467.0,27811.0,25052.0,64617615617.80156,530038219067.3334,0.08769010742562257,23485.801093372716,22749.93600384842,2759.0,2650.0,109.0,2759.0,1173.5285714285715,0,21877.178571428572,,0.0,0,0.0,0.0
2023-03-18,27454.0,27108.0,27805.0,26685.0,46473651090.578415,523262280970.14777,-0.013156396822140225,23848.020984035444,22927.816166956647,1120.0,338.0,782.0,1120.0,1231.6000000000001,0,21877.178571428572,,-0.0,0,0.0,-0.0
2023-03-19,27125.0,28187.0,28509.0,27010.0,46394763656.038155,546680822196.2155,0.03903199147250227,24281.9188856319,23142.47673157066,1499.0,1401.0,98.0,1499.0,1309.814285714286,0,21877.178571428572,,0.0,0,0.0,0.0
2023-03-20,28133.0,27929.0,28504.0,27252.0,55315948514.426994,538935400013.3555,-0.009195303225456872,24646.626997068714,23337.845028241245,1252.0,317.0,935.0,1252.0,1383.5285714285715,0,21877.178571428572,,-0.0,0,0.0,-0.0
2023-03-21,27961.0,28264.0,28618.0,27542.0,34430928756.27183,545917428270.10583,0.01192333453593218,25008.364297361844,23538.91257810895,1076.0,689.0,387.0,1076.0,1421.2428571428572,0,21877.178571428572,,0.0,0,0.0,0.0
2023-03-22,28294.0,27449.0,28907.0,26980.0,35394833933.50181,530515158753.954,-0.02925917263738383,25252.42786762566,23698.507983084095,1927.0,643.0,1284.0,1927.0,1515.3857142857144,0,21877.178571428572,,-0.0,0,0.0,-0.0
2023-03-23,27436.0,28460.0,28854.0,27365.0,20360807194.56342,549578396178.6341,0.03616985524224612,25573.185080863095,23892.854596019435,1489.0,1405.0,84.0,1489.0,1506.2428571428572,0,21877.178571428572,,0.0,0,0.0,0.0
2023-03-24,28454.0,27595.0,28507.0,27210.0,21551272690.413612,533634255119.3758,-0.030864995770241703,25775.366572776788,24043.96257169211,1297.0,47.0,1250.0,1297.0,1546.855,0,21877.178571428572,,-0.0,0,0.0,-0.0
2023-03-25,27651.0,27670.0,27921.0,27403.0,15053754845.31385,534960802333.31067,0.002714196907369908,25964.82991549911,24191.964099378147,518.0,326.0,192.0,518.0,1531.642857142857,0,21877.178571428572,,0.0,0,0.0,0.0
2023-03-26,27668.0,28048.0,28246.0,27540.0,14450374261.063795,542675619058.77966,0.01356853438004408,26173.1469239492,24349.35331981169,706.0,576.0,130.0,706.0,1456.2857142857142,0,21877.178571428572,,0.0,0,0.0,0.0
2023-03-27,28020.0,27182.0,28078.0,26720.0,18519053231.63728,525230880103.13837,-0.031362338645723076,26274.03223155428,24464.97155165611,1358.0,30.0,1328.0,1358.0,1376.4285714285713,0,21877.178571428572,,-0.0,0,0.0,-0.0
2023-03-28,27175.0,27291.0,27482.0,26705.0,17658503318.910484,528042785008.98267,0.00400198797487886,26375.729008398852,24580.31965158851,777.0,300.0,477.0,777.0,1267.642857142857,0,21877.178571428572,,0.0,0,0.0,0.0
2023-03-29,27280.0,28395.0,28629.0,27280.0,21097595427.489532,548808373530.0567,0.03965609582136128,26577.656107558967,24736.020890299184,1349.0,1338.0,11.0,1349.0,1288.2142857142858,0,21877.178571428572,,0.0,0,0.0,0.0
2023-03-30,28387.0,28041.0,29007.0,27801.0,22702531379.35043,542369769760.28796,-0.012545348460839793,26723.99049680307,24870.91799681758,1206.0,612.0,594.0,1206.0,1309.5,0,21877.178571428572,,-0.0,0,0.0,-0.0
2023-03-31,28054.0,28517.0,28654.0,27626.0,19112345639.962193,551707238559.8757,0.016832675803938917,26903.291447122767,25019.737670416864,1028.0,613.0,415.0,1028.0,1185.857142857143,0,21877.178571428572,,0.0,0,0.0,0.0
2023-04-01,28513.0,28499.0,28741.0,28352.0,10085380788.870918,550949831049.3949,-0.0006314017327768083,27062.86230241049,25161.748377746786,389.0,224.0,165.0,389.0,1133.642857142857,0,21877.178571428572,,-0.0,0,0.0,-0.0
2023-04-02,28506.0,28237.0,28554.0,27954.0,11682876586.814528,545181408318.2205,-0.009235824252344224,27180.27607216944,25287.268852124467,600.0,55.0,545.0,600.0,1069.4285714285713,0,21877.178571428572,,-0.0,0,0.0,-0.0
2023-04-03,28243.0,27815.0,28457.0,27372.0,19711493345.476036,539350908801.9282,-0.015057731160117414,27243.748464952496,25390.44155203775,1085.0,220.0,865.0,1085.0,1057.5,0,21877.178571428572,,-0.0,0,0.0,-0.0
2023-04-04,27824.0,28175.0,28418.0,27732.0,14871614372.831093,544313567953.4008,0.012859616398583374,27336.873618457248,25504.096998893354,686.0,603.0,83.0,686.0,1029.642857142857,0,21877.178571428572,,0.0,0,0.0,0.0
2023-04-05,28209.0,28197.0,28731.0,27884.0,16507617903.813946,545409754928.52686,0.0007805293804340541,27422.886256611524,25614.01140710179,847.0,556.0,291.0,847.0,952.5,0,21877.178571428572,,0.0,0,0.0,0.0
2023-04-06,28186.0,28043.0,28186.0,27850.0,13079528995.139923,542601176317.4441,-0.005476542848642742,27484.897630950374,25713.153798648655,336.0,11.0,347.0,347.0,870.9285714285714,0,21877.178571428572,,-0.0,0,0.0,-0.0
2023-04-07,28044.0,27934.0,28122.0,27824.0,10141276803.893911,540432353743.3232,-0.003894461574051678,27529.807867855336,25803.80058237728,298.0,79.0,219.0,298.0,799.5714285714286,0,21877.178571428572,,-0.0,0,0.0,-0.0
2023-04-08,27934.0,27968.0,28196.0,27904.0,8844199146.1801,541094458101.44714,0.0012164145895452675,27573.627081069804,25892.135252484328,292.0,262.0,30.0,292.0,783.4285714285714,0,21877.178571428572,,0.0,0,0.0,0.0
2023-04-09,27974.0,28351.0,28499.0,27879.0,11429030269.731691,548568597244.1978,0.013601303447152237,27651.364372962824,25992.497078913537,620.0,531.0,89.0,620.0,777.2857142857143,0,21877.178571428572,,0.0,0,0.0,0.0
2023-04-10,28331.0,29658.0,29708.0,28224.0,17475381731.251884,574059578670.3654,0.04506960063260001,27852.02793566654,26142.109443039513,1484.0,1357.0,127.0,1484.0,786.2857142857143,0,21877.178571428572,,0.0,0,0.0,0.0
2023-04-11,29679.0,30261.0,30532.0,29639.0,18320296514.777645,585359301945.2595,0.02012785118793082,28092.925142099888,26310.227424956265,893.0,874.0,19.0,893.0,794.5714285714286,0,21877.178571428572,,0.0,0,0.0,0.0
2023-04-12,30246.0,29904.0,30426.0,29844.0,18407698928.06657,578850627447.6105,-0.011867504027600981,28274.0326278899,26456.91201985601,582.0,165.0,417.0,582.0,739.7857142857143,0,21877.178571428572,,-0.0,0,0.0,-0.0
2023-04-13,29908.0,30405.0,30540.0,29908.0,16404033694.47376,587939018759.4221,0.01661481785886609,28487.12936510091,26618.05846802515,632.0,636.0,4.0,636.0,699.0714285714286,0,21877.178571428572,,0.0,0,0.0,0.0
2023-04-14,30429.0,30468.0,31015.0,30122.0,20984067684.216217,589051372432.549,0.002069883938468572,28685.216428590822,26775.198938718,893.0,610.0,283.0,893.0,689.4285714285714,0,21877.178571428572,,0.0,0,0.0,0.0
2023-04-15,30479.0,30312.0,30567.0,30266.0,11028264273.146706,586969785778.0928,-0.005133278794241989,28847.89478573174,26919.558165709102,301.0,99.0,202.0,301.0,683.1428571428571,0,21877.178571428572,,-0.0,0,0.0,-0.0
2023-04-16,30330.0,30305.0,30535.0,30225.0,11188035367.077023,586268225587.8677,-0.00023095831305128346,28993.605307158567,27057.739465067913,310.0,223.0,87.0,310.0,662.4285714285714,0,21877.178571428572,,-0.0,0,0.0,-0.0
2023-04-17,30314.0,29467.0,30314.0,29327.0,16771824487.579357,569958059900.5195,-0.028041722274548358,29040.94477644271,27156.076629759016,987.0,9.0,978.0,987.0,655.4285714285714,0,21877.178571428572,,-0.0,0,0.0,-0.0
2023-04-18,29457.0,30366.0,30443.0,29277.0,18078539248.52104,587730212230.9563,0.03005256833129586,29173.450298798438,27287.093910177013,1166.0,976.0,190.0,1166.0,689.7142857142857,0,21877.178571428572,,0.0,0,0.0,0.0
2023-04-19,30404.0,28833.0,30404.0,28713.0,24136616861.636356,558796473890.5958,-0.05180299695073899,29139.405268918596,27350.19211792489,1691.0,38.0,1653.0,1691.0,750.0,0,21877.178571428572,,-0.0,0,0.0,-0.0
2023-04-20,28856.0,28256.0,29027.0,28110.0,21695904964.799046,546141074655.3764,-0.020214740087707454,29051.064742026738,27387.16386821367,917.0,194.0,723.0,917.0,790.7142857142857,0,21877.178571428572,,-0.0,0,0.0,-0.0
2023-04-21,28236.0,27300.0,28355.0,27238.0,20420333533.71415,528357279464.0127,-0.03441912223063544,28875.958267824066,27383.606159306986,1117.0,99.0,1018.0,1117.0,849.2142857142857,0,21877.178571428572,,-0.0,0,0.0,-0.0
2023-04-22,27285.0,27862.0,27915.0,27201.0,11700230849.968126,539454716829.9368,0.020377051093119224,28774.56244104166,27403.132438518944,714.0,615.0,99.0,714.0,879.3571428571429,0,21877.178571428572,,0.0,0,0.0,0.0
2023-04-23,27831.0,27607.0,27831.0,27432.0,11435645306.771605,533753154140.2553,-0.009194389529446897,28657.806196937494,27411.453563477353,399.0,31.0,430.0,430.0,865.7857142857143,0,21877.178571428572,,-0.0,0,0.0,-0.0
2023-04-24,27591.0,27512.0,27893.0,27197.0,16443099944.64734,532290845181.53394,-0.0034470906246211806,28543.225577243746,27415.55749966195,696.0,286.0,410.0,696.0,809.5,0,21877.178571428572,,-0.0,0,0.0,-0.0
2023-04-25,27512.0,28351.0,28380.0,27224.0,17061823985.865345,548359667398.65234,0.030040029790312107,28524.003019519372,27453.73882620636,1156.0,868.0,288.0,1156.0,828.2857142857143,0,21877.178571428572,,0.0,0,0.0,0.0
2023-04-26,28292.0,28352.0,30026.0,27697.0,30540034741.28477,548638734338.36755,3.527150239334594e-05,28506.802717567436,27490.40254758569,2329.0,1675.0,654.0,2329.0,953.0714285714286,0,21877.178571428572,,0.0,0,0.0,0.0
2023-04-27,28454.0,29484.0,29869.0,28440.0,26238597379.49954,570258039118.5771,0.039150168904371827,28604.522445810693,27571.773872174028,1429.0,1517.0,88.0,1517.0,1016.0,0,21877.178571428572,,0.0,0,0.0,0.0
2023-04-28,29488.0,29340.0,29545.0,28969.0,18730801539.181553,568153896404.9741,-0.004895970612206698,28678.070201229624,27643.94636718733,576.0,61.0,515.0,576.0,993.3571428571429,0,21877.178571428572,,-0.0,0,0.0,-0.0
2023-04-29,29336.0,29218.0,29429.0,29136.0,9711415138.827158,565714356650.6621,-0.004166815004513384,28732.063181106663,27708.193454240907,293.0,89.0,204.0,293.0,992.7857142857143,0,21877.178571428572,,-0.0,0,0.0,-0.0
2023-04-30,29269.0,29362.0,29945.0,29134.0,14707008604.647,568513467268.4124,0.004916363606946335,28795.056862995996,27775.695762231073,811.0,727.0,84.0,811.0,1028.5714285714287,0,21877.178571428572,,0.0,0,0.0,0.0
2023-05-01,29272.0,28126.0,29333.0,27722.0,19980169281.008976,544421676291.20087,-0.043006905869212624,28728.151176696396,27789.993894384905,1611.0,29.0,1640.0,1640.0,1075.2142857142858,0,21877.178571428572,,-0.0,0,0.0,-0.0
2023-05-02,28107.0,28654.0,28882.0,27943.0,17699097406.188805,554886795897.9369,0.018598634023124585,28720.736059026756,27825.25944971613,939.0,756.0,183.0,939.0,1059.0,0,21877.178571428572,,0.0,0,0.0,0.0
2023-05-03,28701.0,28988.0,29222.0,28190.0,19944381490.560024,561312171794.5802,0.011588901775854367,28747.46245312408,27872.7182476869,1032.0,568.0,464.0,1032.0,1011.9285714285714,0,21877.178571428572,,0.0,0,0.0,0.0
2023-05-04,29005.0,28846.0,29434.0,28702.0,12676760580.080193,558634329303.2208,-0.004910616085716497,28757.316207811673,27912.444033495594,732.0,446.0,286.0,732.0,998.7142857142857,0,21877.178571428572,,-0.0,0,0.0,-0.0
2023-05-05,28856.0,29520.0,29693.0,28851.0,4971523630.54862,571520224182.8824,0.023096664570953367,28833.584587030506,27978.05856274067,842.0,847.0,5.0,847.0,979.4285714285714,0,21877.178571428572,,0.0,0,0.0,0.0
2023-05-06,29524.0,28888.0,29741.0,28485.0,6463808309.438925,559078681902.6073,-0.021641715757115116,28839.026128327456,28015.19902956758,1256.0,221.0,1035.0,1256.0,1018.1428571428571,0,21877.178571428572,,-0.0,0,0.0,-0.0
2023-05-07,28895.0,28611.0,29093.0,28611.0,10199066943.170338,554373015261.6681,-0.009635024710271573,28816.223515494712,28039.517436524002,482.0,205.0,277.0,482.0,1021.8571428571429,0,21877.178571428572,,-0.0,0,0.0,-0.0
2023-05-08,28616.0,27697.0,28646.0,27351.0,21535578788.860283,536032086472.038,-0.03246715518591003,28704.30116394524,28025.53713299241,1295.0,35.0,1260.0,1295.0,1064.642857142857,0,21877.178571428572,,-0.0,0,0.0,-0.0
2023-05-09,27691.0,27607.0,27820.0,27418.0,8876813250.933558,535037100026.6903,-0.0032547403243886578,28594.57104755072,28008.453984707005,402.0,123.0,279.0,402.0,1010.7857142857143,0,21877.178571428572,,-0.0,0,0.0,-0.0
2023-05-10,27652.0,27640.0,28281.0,27058.0,17159331951.189877,534937464538.75824,0.0011946351448829462,28499.113942795648,27993.415046555696,1223.0,674.0,549.0,1223.0,931.7857142857143,0,21877.178571428572,,0.0,0,0.0,0.0
2023-05-11,27621.0,27025.0,27623.0,26791.0,7754296234.077171,523414877659.3074,-0.02250163537419713,28351.702548516085,27953.88790179832,832.0,17.0,849.0,849.0,884.0714285714286,0,21877.178571428572,,-0.0,0,0.0,-0.0
2023-05-12,26992.0,26788.0,27052.0,25889.0,9157286238.193073,518816444750.7709,-0.008808337477468254,28195.332293664476,27906.300640500427,1163.0,27.0,1136.0,1163.0,926.0,0,21877.178571428572,,-0.0,0,0.0,-0.0
2023-05-13,26795.0,26798.0,26981.0,26732.0,8365379054.202115,520426027097.3362,0.00037323181861251395,28055.59906429803,27861.063879663674,249.0,193.0,56.0,249.0,922.8571428571429,0,21877.178571428572,,0.0,0,0.0,0.0
2023-05-14,26783.0,26912.0,27148.0,26704.0,6019488454.419681,521319019334.69617,0.0042450259241211775,27941.239157868225,27822.32657845291,444.0,350.0,94.0,444.0,896.6428571428571,0,21877.178571428572,,0.0,0,0.0,0.0
2023-05-15,26933.0,27228.0,27642.0,26771.0,14570026781.747086,527655229433.8867,0.01167357179516745,27869.915242081403,27798.068350760954,871.0,730.0,141.0,871.0,841.7142857142857,0,21877.178571428572,,0.0,0,0.0,0.0
2023-05-16,27170.0,27023.0,27300.0,26932.0,12927093920.902998,523965691858.8659,-0.007557500349395138,27785.223717873265,27766.43290787275,368.0,72.0,296.0,368.0,800.9285714285714,0,21877.178571428572,,-0.0,0,0.0,-0.0
2023-05-17,27037.0,27390.0,27448.0,26590.0,12580626234.913448,530762551513.4872,0.013489628038676883,27745.701346085938,27751.068299388146,858.0,425.0,433.0,858.0,788.5,-1,29361.25,29361.25,-0.001,1,0.001,0.0
2023-05-18,27394.0,26843.0,27425.0,26517.0,12599487111.93878,520544913836.41003,-0.020172903945265698,27655.431211477346,27714.00428716822,908.0,35.0,873.0,908.0,801.0714285714286,-1,28845.678571428572,28845.678571428572,0.020172903945265698,0,0.0,0.020172903945265698
2023-05-19,26847.0,26884.0,27049.0,26763.0,11559136131.368769,521153640362.9618,0.0015262347779983767,27578.28809032961,27680.126561161353,286.0,206.0,80.0,286.0,761.0,-1,28786.5,28786.5,-0.0015262347779983767,0,0.0,-0.0015262347779983767
2023-05-20,26876.0,27094.0,27139.0,26845.0,3882362454.219783,525040003344.1629,0.0077809870508251345,27529.85928129665,27656.203028052725,294.0,255.0,39.0,294.0,692.2857142857143,-1,28786.5,28824.714285714286,-0.0077809870508251345,0,0.0,-0.0077809870508251345
2023-05-21,27101.0,26774.0,27261.0,26667.0,8125825605.684245,519171380714.0945,-0.011881033794838656,27454.273353166984,27620.194741193427,594.0,167.0,427.0,594.0,700.2857142857143,-1,28524.714285714286,28524.714285714286,0.011881033794838656,0,0.0,0.011881033794838656
2023-05-22,26749.0,26870.0,27027.0,26543.0,8025716966.179398,520821915713.9187,0.0035791552636938837,27395.846017850286,27589.574547675325,484.0,253.0,231.0,484.0,642.3571428571429,-1,28475.89285714286,28475.89285714286,-0.0035791552636938837,0,0.0,-0.0035791552636938837
2023-05-23,26863.0,27223.0,27420.0,26794.0,11685763863.312372,527528695688.7587,0.013051781601523788,27378.56141606526,27574.612321239598,626.0,550.0,76.0,626.0,658.3571428571429,-1,28475.89285714286,28868.89285714286,-0.013051781601523788,0,0.0,-0.013051781601523788
2023-05-24,27222.0,26339.0,27223.0,26114.0,17477200137.10873,510987979871.2201,-0.03301147370661379,27274.605274458732,27524.179165270634,1109.0,0.0,1109.0,1109.0,650.2142857142857,-1,27964.535714285714,27964.535714285714,0.03301147370661379,0,0.0,0.03301147370661379
2023-05-25,26325.0,26476.0,26558.0,25887.0,11953749225.494001,513295724355.69904,0.005187931734366705,27194.74474701286,27481.39634219836,671.0,219.0,452.0,671.0,637.5,-1,27964.535714285714,28069.75,-0.005187931734366705,0,0.0,-0.005187931734366705
2023-05-26,26476.0,26718.0,26857.0,26355.0,10994037071.45216,517973731437.9403,0.009098833310943988,27147.070272311576,27450.237307822918,502.0,381.0,121.0,502.0,590.2857142857143,-1,27964.535714285714,28193.714285714286,-0.009098833310943988,0,0.0,-0.009098833310943988
2023-05-27,26719.0,26848.0,26852.0,26630.0,6029471707.897409,520461980942.25433,0.004853834717175385,27117.163245080417,27425.6561932179,222.0,134.0,88.0,222.0,588.3571428571429,-1,27964.535714285714,28318.89285714286,-0.004853834717175385,0,0.0,-0.004853834717175385
2023-05-28,26851.0,28110.0,28155.0,26806.0,13144599279.47902,544879177078.8053,0.04593405463364474,27216.446920572376,27453.58859349472,1349.0,1307.0,42.0,1349.0,653.0,0,27964.535714285714,29742.5,-0.046934054633644744,1,0.001,-0.04593405463364474
2023-05-29,28096.0,27760.0,28355.0,27567.0,13483205892.539595,538430950369.49817,-0.012529249279836735,27270.80222851514,27466.095181515342,788.0,245.0,543.0,788.0,647.0714285714286,0,27964.535714285714,,-0.0,0,0.0,-0.0
2023-05-30,27737.0,27714.0,28044.0,27650.0,12766436369.815956,537414074116.4985,-0.0016584349620803625,27315.122005663627,27476.213745535122,394.0,284.0,110.0,394.0,648.9285714285714,0,27964.535714285714,,-0.0,0,0.0,-0.0
2023-05-31,27708.0,27245.0,27806.0,26890.0,10001106221.647074,528464394082.93866,-0.01706768264146165,27308.109805097265,27466.776449798992,916.0,92.0,824.0,916.0,653.0714285714286,0,27964.535714285714,,-0.0,0,0.0,-0.0
2023-06-01,27236.0,26824.0,27308.0,26704.0,12156086970.872988,520271910707.11273,-0.015573008871134261,27259.69882458754,27440.54067633781,604.0,63.0,541.0,604.0,631.3571428571429,0,27964.535714285714,,-0.0,0,0.0,-0.0
2023-06-02,26812.0,27248.0,27304.0,26716.0,15428145241.775957,528508990069.2122,0.015683114756404958,27258.528942128785,27432.68187322198,588.0,480.0,108.0,588.0,652.9285714285714,0,27964.535714285714,,0.0,0,0.0,0.0
2023-06-03,27252.0,27084.0,27310.0,26996.0,6673279605.629511,525209390395.50604,-0.0060369762969334625,27241.076047915907,27418.449960029244,314.0,62.0,252.0,314.0,654.3571428571429,0,27964.535714285714,,-0.0,0,0.0,-0.0
2023-06-04,27079.0,27156.0,27368.0,26975.0,6098045626.047618,529630092281.38684,0.0026548688160017747,27232.568443124317,27407.737716762742,393.0,284.0,109.0,393.0,640.0,0,27964.535714285714,,0.0,0,0.0,0.0
2023-06-05,27126.0,25793.0,27126.0,25444.0,21208433571.87331,500593893699.2183,-0.05149487915462742,27088.611598811887,27341.830054854057,1682.0,30.0,1712.0,1712.0,727.7142857142857,0,27964.535714285714,,-0.0,0,0.0,-0.0
2023-06-06,25743.0,27217.0,27291.0,25460.0,22188018260.83246,527295592028.08093,0.053738640786020565,27101.4504389307,27336.7349505743,1831.0,1498.0,333.0,1831.0,813.7857142857143,0,27964.535714285714,,0.0,0,0.0,0.0
2023-06-07,27228.0,26346.0,27300.0,26227.0,14723854336.09437,510979921090.6337,-0.032525317263158354,27025.905395037633,27296.296789326367,1073.0,83.0,990.0,1073.0,811.2142857142857,0,27964.535714285714,,-0.0,0,0.0,-0.0
2023-06-08,26349.0,26508.0,26754.0,26252.0,10197924963.780262,514279355771.4992,0.006130113418345137,26974.11485553387,27264.121410170188,502.0,408.0,94.0,502.0,799.1428571428571,0,27964.535714285714,,0.0,0,0.0,0.0
2023-06-09,26500.0,26470.0,26756.0,26388.0,10464066236.48124,513226142603.1213,-0.0014345579869704966,26923.70336998048,27231.70829138773,368.0,248.0,120.0,368.0,789.5714285714286,0,27964.535714285714,,-0.0,0,0.0,-0.0
2023-06-10,26479.0,25858.0,26519.0,25510.0,9755626714.244692,501653860264.2029,-0.023391985406648393,26817.133032982434,27175.63856520864,1009.0,49.0,960.0,1009.0,845.7857142857143,0,27964.535714285714,,-0.0,0,0.0,-0.0
2023-06-11,25854.0,25917.0,26164.0,25696.0,10439993428.365507,502683000962.43024,0.0022790932124953007,26727.119729684193,27124.26556254706,468.0,306.0,162.0,468.0,782.8571428571429,0,27964.535714285714,,0.0,0,0.0,0.0
2023-06-12,25924.0,25910.0,26049.0,25681.0,9761691909.31603,502562686069.16986,-0.0002701294708382078,26645.407756715773,27074.70370285126,368.0,132.0,236.0,368.0,752.8571428571429,0,27964.535714285714,,-0.0,0,0.0,-0.0
2023-06-13,25912.0,25872.0,26354.0,25739.0,9921875985.888603,501752262681.7188,-0.001467691739267535,26568.066981044198,27025.613755796105,615.0,444.0,171.0,615.0,768.6428571428571,0,27964.535714285714,,-0.0,0,0.0,-0.0
2023-06-14,25940.0,25108.0,26047.0,24880.0,11982737579.702812,487262840554.6715,-0.029974782379465725,26422.06028293978,26947.343806579935,1167.0,175.0,992.0,1167.0,786.5714285714286,0,27964.535714285714,,-0.0,0,0.0,-0.0
2023-06-15,25113.0,25565.0,25694.0,24852.0,15184095954.029512,495788386559.10156,0.018037708076677376,26336.3542546458,26890.921610392998,842.0,586.0,256.0,842.0,803.5714285714286,0,27964.535714285714,,0.0,0,0.0,0.0
2023-06-16,25578.0,26327.0,26454.0,25292.0,13604025863.641972,510906153487.60516,0.029370800011550104,26335.41882918122,26867.90440180553,1162.0,889.0,273.0,1162.0,844.5714285714286,0,27964.535714285714,,0.0,0,0.0,0.0
2023-06-17,26328.0,26501.0,26723.0,26183.0,9533422254.890303,514331114457.8236,0.006587439585741206,26351.9769462631,26852.928711935914,540.0,396.0,144.0,540.0,860.7142857142857,0,27964.535714285714,,0.0,0,0.0,0.0
2023-06-18,26508.0,26333.0,26647.0,26333.0,8589379740.11672,511384956032.88007,-0.006359562638306207,26350.07925163679,26831.707131856896,314.0,146.0,168.0,314.0,855.0714285714286,0,27964.535714285714,,-0.0,0,0.0,-0.0
2023-06-19,26340.0,26779.0,26936.0,26340.0,6651894946.454161,519667661979.1768,0.016795092775397806,26392.97132647311,26829.555820352532,596.0,603.0,7.0,603.0,775.8571428571429,0,27964.535714285714,,0.0,0,0.0,0.0
2023-06-20,26787.0,28331.0,28331.0,26667.0,19958565664.552258,549330089183.52325,0.05633861322349515,26586.7741938258,26890.83925625651,1664.0,1552.0,112.0,1664.0,763.9285714285714,0,27964.535714285714,,0.0,0,0.0,0.0
2023-06-21,28334.0,30102.0,30664.0,28291.0,23757254196.777027,584070487996.789,0.0606350032403302,26938.29677444322,27021.907041715425,2373.0,2333.0,40.0,2373.0,856.7857142857143,0,27964.535714285714,,0.0,0,0.0,0.0
2023-06-22,30070.0,29936.0,30442.0,29755.0,19613389213.798763,581473706978.9268,-0.005529845198437141,27238.0670969989,27140.849611441325,687.0,340.0,347.0,687.0,870.0,1,27761.0,27761.0,-0.001,1,0.001,-0.0
2023-06-23,29939.0,30629.0,31257.0,29888.0,22630955878.97284,594588611688.3142,0.022885503049018693,27577.160387299013,27283.223096688616,1369.0,1321.0,48.0,1369.0,941.5,1,28275.25,28275.25,0.022885503049018693,0,0.0,0.022885503049018693
2023-06-24,30674.0,30538.0,30817.0,30352.0,11736119929.84371,592912110031.5245,-0.0029754628194324736,27873.24434856911,27416.071133558467,465.0,188.0,277.0,465.0,902.6428571428571,1,28281.39285714286,28281.39285714286,-0.0029754628194324736,0,0.0,-0.0029754628194324736
2023-06-25,30547.0,30455.0,30984.0,30357.0,12076819255.30491,591387700082.1104,-0.002721625472871986,28131.4199137122,27540.10904647445,627.0,446.0,181.0,627.0,914.0,1,28281.39285714286,28170.0,-0.002721625472871986,0,0.0,-0.002721625472871986
2023-06-26,30469.0,30286.0,30635.0,30011.0,16032184116.631308,587134340343.6245,-0.005564624753984153,28346.877922340984,27652.186228251,624.0,180.0,444.0,624.0,932.2857142857143,1,28281.39285714286,27955.285714285714,-0.005564624753984153,0,0.0,-0.005564624753984153
2023-06-27,30272.0,30694.0,30834.0,30254.0,14411853963.110468,595427193050.2291,0.013381636218439496,28581.590130106884,27776.34189240402,580.0,548.0,32.0,580.0,929.7857142857143,1,28369.535714285714,28369.535714285714,0.013381636218439496,0,0.0,0.013381636218439496
2023-06-28,30677.0,30083.0,30677.0,30017.0,8489428028.028098,584187696961.3756,-0.020106967601819882,28731.7311170962,27870.49120291814,660.0,17.0,677.0,677.0,894.7857142857143,1,28369.535714285714,27846.035714285714,-0.020106967601819882,0,0.0,-0.020106967601819882
2023-06-29,30086.0,30467.0,30734.0,30062.0,12545425127.446297,591688337868.8445,0.012683902500097141,28905.25800538658,27976.47115381944,672.0,651.0,21.0,672.0,882.6428571428571,1,28369.535714285714,28260.39285714286,0.012683902500097141,0,0.0,0.012683902500097141
2023-06-30,30466.0,30481.0,31240.0,29771.0,21422361050.823097,591722375245.7673,0.0004594080280314491,29062.83220484792,28078.696821010482,1469.0,773.0,696.0,1469.0,904.5714285714286,1,28369.535714285714,28219.571428571428,0.0004594080280314491,0,0.0,0.0004594080280314491
2023-07-01,30463.0,30584.0,30625.0,30334.0,4210431244.4326854,593625140902.5646,0.003373457714899704,29214.94898436313,28180.9540936223,291.0,144.0,147.0,291.0,886.7857142857143,1,28369.535714285714,28367.035714285714,0.003373457714899704,0,0.0,0.003373457714899704
2023-07-02,30588.0,30572.0,30743.0,30459.0,7236318143.905301,593627203721.8534,-0.00039243901347403836,29350.654085926817,28278.547804086695,284.0,159.0,125.0,284.0,884.6428571428571,1,28369.535714285714,28360.39285714286,-0.00039243901347403836,0,0.0,-0.00039243901347403836
2023-07-03,30623.0,31135.0,31384.0,30596.0,14755008156.77765,604507839820.0979,0.01824803094377766,29529.088677334137,28395.137689634175,788.0,812.0,24.0,812.0,899.5714285714286,1,28886.071428571428,28886.071428571428,0.01824803094377766,0,0.0,0.01824803094377766
2023-07-04,31159.0,30776.0,31319.0,30660.0,12403890725.264545,598449423994.1252,-0.011597422874421262,29653.779809600725,28492.31574311849,659.0,184.0,475.0,659.0,827.7857142857143,1,28886.071428571428,28706.535714285714,-0.011597422874421262,0,0.0,-0.011597422874421262
2023-07-05,30764.0,30485.0,30874.0,30236.0,10260132141.46154,592386606697.3153,-0.009500406090214563,29736.901828640654,28573.649794419776,638.0,98.0,540.0,638.0,703.8571428571429,1,28886.071428571428,28725.35714285714,-0.009500406090214563,0,0.0,-0.009500406090214563
2023-07-06,30506.0,29990.0,31480.0,29968.0,21776707863.503353,583429029204.2451,-0.016370766598861736,29762.211645776588,28631.460006892437,1512.0,995.0,517.0,1512.0,762.7857142857143,1,28886.071428571428,28083.035714285714,-0.016370766598861736,0,0.0,-0.016370766598861736
2023-07-07,29945.0,30315.0,30422.0,29904.0,13018507892.814608,588811434763.8912,0.01077864676277632,29817.49048119893,28700.17592497846,518.0,432.0,86.0,518.0,702.0,1,28886.071428571428,28560.0,0.01077864676277632,0,0.0,0.01077864676277632
2023-07-08,30351.0,30264.0,30351.0,30090.0,5608541981.756295,587678367157.9867,-0.0016837521929659242,29862.141433079036,28764.00547906097,261.0,36.0,225.0,261.0,687.4285714285714,1,28886.071428571428,28545.428571428572,-0.0016837521929659242,0,0.0,-0.0016837521929659242
2023-07-09,30298.0,30170.0,30445.0,30096.0,7559670230.189486,585883986681.1711,-0.00311083415975839,29892.927289771134,28821.393010527867,349.0,181.0,168.0,349.0,667.5714285714286,1,28886.071428571428,28501.071428571428,-0.00311083415975839,0,0.0,-0.00311083415975839
2023-07-10,30154.0,30394.0,30994.0,29988.0,12835219756.96589,590311894648.7518,0.007397167340443769,29943.03456079402,28885.581050914483,1006.0,824.0,182.0,1006.0,694.8571428571429,1,28886.071428571428,28656.85714285714,0.007397167340443769,0,0.0,0.007397167340443769
2023-07-11,30405.0,30621.0,30718.0,30372.0,11753418050.421658,594749192359.1351,0.007440827578057656,30010.83110471462,28956.41447740777,346.0,324.0,22.0,346.0,678.1428571428571,1,28925.64285714286,28925.64285714286,0.007440827578057656,0,0.0,0.007440827578057656
2023-07-12,30620.0,30407.0,30904.0,30250.0,13072555444.262321,590629381260.7114,-0.007013203025892321,30050.447994243157,29015.62204975847,654.0,283.0,371.0,654.0,676.5,1,28925.64285714286,28715.75,-0.007013203025892321,0,0.0,-0.007013203025892321
2023-07-13,30408.0,31446.0,31686.0,30262.0,21254274345.702217,610725509598.8464,0.033598943984505525,30190.00319481884,29114.821149768326,1424.0,1279.0,145.0,1424.0,730.2142857142857,1,29620.464285714286,29620.464285714286,0.033598943984505525,0,0.0,0.033598943984505525
2023-07-14,31460.0,30312.0,31520.0,30024.0,21977151420.853252,588107447250.1327,-0.03672811533178451,30202.202875336956,29163.685592634924,1496.0,74.0,1422.0,1496.0,732.1428571428571,1,29620.464285714286,28481.64285714286,-0.03672811533178451,0,0.0,-0.03672811533178451
2023-07-15,30316.0,30298.0,30388.0,30275.0,6233916918.782722,588642134563.5204,-0.00046196998016784756,30211.78258780326,29209.984139874312,113.0,76.0,37.0,113.0,719.4285714285714,1,29620.464285714286,28499.428571428572,-0.00046196998016784756,0,0.0,-0.00046196998016784756
2023-07-16,30306.0,30237.0,30442.0,30149.0,8356410453.563714,586391434733.7153,-0.002015363695281359,30214.304329022936,29251.90315457332,293.0,144.0,149.0,293.0,720.0714285714286,1,29620.464285714286,28436.821428571428,-0.002015363695281359,0,0.0,-0.002015363695281359
2023-07-17,30245.0,30148.0,30331.0,29793.0,10974383371.546566,585500720965.1113,-0.0029477540596271486,30207.673896120643,29288.478536019305,538.0,94.0,444.0,538.0,700.5,1,29620.464285714286,28396.75,-0.0029477540596271486,0,0.0,-0.0029477540596271486
2023-07-18,30152.0,29848.0,30236.0,29720.0,13152758553.030825,579708613537.5165,-0.010000750062366778,30171.70650650858,29311.316146794026,516.0,88.0,428.0,516.0,690.2857142857143,1,29620.464285714286,28122.285714285714,-0.010000750062366778,0,0.0,-0.010000750062366778
2023-07-19,29855.0,29920.0,30176.0,29816.0,8545620844.326587,581327322356.8716,0.0024093171874198724,30146.535855857725,29336.16038570039,360.0,328.0,32.0,360.0,670.4285714285714,1,29620.464285714286,28243.928571428572,0.0024093171874198724,0,0.0,0.0024093171874198724
2023-07-20,29926.0,29787.0,30391.0,29688.0,11117456853.464512,579308712612.258,-0.004455096386709704,30110.582270271952,29354.562002610575,703.0,471.0,232.0,703.0,612.6428571428571,1,29620.464285714286,28255.39285714286,-0.004455096386709704,0,0.0,-0.004455096386709704
2023-07-21,29794.0,29915.0,30012.0,29758.0,8492627980.9282,581397880391.4172,0.004287970122428343,30091.024043244757,29377.43702291218,254.0,225.0,29.0,254.0,593.7857142857143,1,29620.464285714286,28430.535714285714,0.004287970122428343,0,0.0,0.004287970122428343
2023-07-22,29904.0,29710.0,29981.0,29682.0,6745541064.873876,577068525402.119,-0.006876337367478857,30052.92163892028,29391.01102197699,299.0,66.0,233.0,299.0,596.5,1,29620.464285714286,28218.75,-0.006876337367478857,0,0.0,-0.006876337367478857
2023-07-23,29810.0,30058.0,30312.0,29776.0,7427606999.412798,584296796267.4817,0.011645159037386395,30053.429475028253,29418.235061896292,536.0,602.0,66.0,602.0,614.5714285714286,1,29620.464285714286,28521.571428571428,0.011645159037386395,0,0.0,0.011645159037386395
2023-07-24,30085.0,29185.0,30089.0,28983.0,15195244950.838041,567051778655.836,-0.02947396985614826,29966.58652752543,29408.715263451544,1106.0,31.0,1075.0,1106.0,621.7142857142857,0,29620.464285714286,27630.714285714286,-0.03047396985614826,1,0.001,-0.02947396985614826
2023-07-25,29177.0,29223.0,29304.0,29062.0,7929844775.363448,568019115128.7598,0.0013011918011740045,29892.22787477289,29401.135048616787,242.0,119.0,123.0,242.0,614.2857142857143,0,29620.464285714286,,0.0,0,0.0,0.0
2023-07-26,29228.0,29364.0,29655.0,29129.0,13088677750.42505,570531781624.6747,0.004813363791606695,29839.4050872956,29399.619332346712,526.0,432.0,94.0,526.0,605.1428571428571,0,29620.464285714286,,0.0,0,0.0,0.0
2023-07-27,29352.0,29200.0,29554.0,29095.0,9047649539.81237,567708714251.7643,-0.005600724974298824,29775.46457856604,29391.471604495826,459.0,190.0,269.0,459.0,536.2142857142857,0,29620.464285714286,,-0.0,0,0.0,-0.0
2023-07-28,29201.0,29314.0,29507.0,29119.0,7682754827.0541115,569952119667.3986,0.0038965083308728256,29729.318120709435,29388.309498189872,388.0,307.0,81.0,388.0,457.07142857142856,0,29620.464285714286,,0.0,0,0.0,0.0
2023-07-29,29313.0,29357.0,29395.0,29268.0,4882536540.911603,570804910032.5747,0.0014658010839785315,29692.086308638492,29387.031559488245,127.0,81.0,46.0,127.0,458.07142857142856,0,29620.464285714286,,0.0,0,0.0,0.0
2023-07-30,29357.0,29278.0,29437.0,29153.0,7872881636.625643,569135711632.8535,-0.0026946379398674228,29650.677677774645,29382.581291754028,284.0,80.0,204.0,284.0,457.42857142857144,0,29620.464285714286,,-0.0,0,0.0,-0.0
2023-07-31,29280.0,29233.0,29494.0,29159.0,6641808341.386258,568333703606.0996,-0.0015381726127533279,29608.909909997183,29376.475932906924,335.0,216.0,119.0,335.0,442.92857142857144,0,29620.464285714286,,-0.0,0,0.0,-0.0
2023-08-01,29226.0,29537.0,29537.0,28773.0,15289922840.873833,572408929757.971,0.010345506598922317,29601.718918997467,29383.027935645416,764.0,304.0,460.0,764.0,460.64285714285717,0,29620.464285714286,,0.0,0,0.0,0.0
2023-08-02,29694.0,29147.0,29975.0,29025.0,19266318894.086517,567074709353.651,-0.013291723187070262,29556.24702709772,29373.394142353765,950.0,438.0,512.0,950.0,502.7857142857143,0,29620.464285714286,,-0.0,0,0.0,-0.0
2023-08-03,29153.0,29176.0,29362.0,28993.0,12539132810.40034,567940644790.4882,0.0009944619580603135,29518.22232438795,29365.337238584223,369.0,215.0,154.0,369.0,478.92857142857144,0,29620.464285714286,,0.0,0,0.0,0.0
2023-08-04,29173.0,29088.0,29296.0,28939.0,12112869085.655884,565073127339.627,-0.003020735511310775,29475.200091949155,29354.01735129507,357.0,120.0,237.0,357.0,486.2857142857143,0,29620.464285714286,,-0.0,0,0.0,-0.0
2023-08-05,29080.0,29047.0,29096.0,28967.0,5335308729.48437,564970113457.8998,-0.0014105102536368958,29432.38008275424,29341.486030834047,129.0,8.0,121.0,129.0,474.14285714285717,0,29620.464285714286,,-0.0,0,0.0,-0.0
2023-08-06,29050.0,29044.0,29139.0,28973.0,5360283576.269965,564947914083.0184,-0.00010328622343110811,29393.542074478817,29329.343743861227,166.0,92.0,74.0,166.0,443.0,0,29620.464285714286,,-0.0,0,0.0,-0.0
2023-08-07,29043.0,29178.0,29188.0,28755.0,13252185122.112452,567529179865.8152,0.004603079131703505,29371.987867030937,29323.16644819342,433.0,144.0,289.0,433.0,394.92857142857144,0,29620.464285714286,,0.0,0,0.0,0.0
2023-08-08,29176.0,29780.0,30126.0,29113.0,14603570418.91888,579214283623.8071,0.020422026606159077,29412.789080327842,29341.812715614094,1013.0,948.0,65.0,1013.0,450.0,0,29620.464285714286,,0.0,0,0.0,0.0
2023-08-09,29764.0,29585.0,30062.0,29401.0,14633310097.491423,575535414817.4033,-0.0065695511272055,29430.01017229506,29351.73872722168,661.0,282.0,379.0,661.0,459.64285714285717,0,29620.464285714286,,-0.0,0,0.0,-0.0
2023-08-10,29562.0,29424.0,29665.0,29366.0,8106253519.025447,572414205818.4142,-0.005456808266692103,29429.409155065554,29354.688166926917,299.0,80.0,219.0,299.0,448.2142857142857,0,29620.464285714286,,-0.0,0,0.0,-0.0
2023-08-11,29429.0,29397.0,29509.0,29303.0,4651950357.636653,571976559045.8302,-0.0009180395401742106,29426.168239559,29356.415180521733,206.0,85.0,121.0,206.0,435.2142857142857,0,29620.464285714286,,-0.0,0,0.0,-0.0
2023-08-12,29401.0,29412.0,29459.0,29353.0,3994297895.288944,572257798803.9086,0.0005101260121847067,29424.7514156031,29358.683948663704,106.0,62.0,44.0,106.0,433.7142857142857,0,29620.464285714286,,0.0,0,0.0,0.0
2023-08-13,29414.0,29285.0,29445.0,29274.0,4755220448.634491,569687130446.7833,-0.004327314792230269,29410.77627404279,29355.67644055498,171.0,33.0,138.0,171.0,425.64285714285717,0,29620.464285714286,,-0.0,0,0.0,-0.0
2023-08-14,29279.0,29401.0,29653.0,29144.0,12408355477.111338,572242735188.2397,0.003953247829882986,29409.798646638512,29357.526381756816,509.0,368.0,141.0,509.0,438.07142857142856,0,29620.464285714286,,0.0,0,0.0,0.0
2023-08-15,29404.0,29170.0,29419.0,29119.0,11523395157.99864,567498309102.7323,-0.007887903491998496,29385.81878197466,29349.872243725924,300.0,18.0,282.0,300.0,404.92857142857144,0,29620.464285714286,,-0.0,0,0.0,-0.0
2023-08-16,29164.0,28754.0,29222.0,28710.0,14809979642.373245,559982624303.4923,-0.014363895879229314,29322.636903777195,29325.550927655477,512.0,52.0,460.0,512.0,373.64285714285717,-1,29688.10714285714,29688.10714285714,-0.001,1,0.001,-0.0
2023-08-17,28704.0,26502.0,28704.0,25649.0,29965585683.421356,516026928368.83746,-0.08155668615795632,29040.573213399475,29210.303951016474,3055.0,50.0,3105.0,3105.0,569.0714285714286,-1,27924.678571428572,27924.678571428572,0.08155668615795632,0,0.0,0.08155668615795632
2023-08-18,26646.0,26043.0,26753.0,25677.0,18062351745.50358,506815826635.9217,-0.017471183764663747,28740.815892059527,29081.026238730086,1076.0,251.0,825.0,1076.0,620.4285714285714,-1,27594.071428571428,27594.071428571428,0.017471183764663747,0,0.0,0.017471183764663747
2023-08-19,26048.0,26105.0,26248.0,25804.0,3355038748.9824667,508087686822.70435,0.0023778487847350436,28477.234302853576,28959.55578000641,444.0,205.0,239.0,444.0,642.9285714285714,-1,27594.071428571428,27712.321428571428,-0.0023778487847350436,0,0.0,-0.0023778487847350436
2023-08-20,26089.0,26161.0,26225.0,26024.0,8304370131.833873,509078930366.0949,0.0021428852955701467,28245.61087256822,28845.329013475533,201.0,120.0,81.0,201.0,645.4285714285714,-1,27594.071428571428,27774.571428571428,-0.0021428852955701467,0,0.0,-0.0021428852955701467
2023-08-21,26193.0,26119.0,26206.0,25874.0,9377753161.447634,508491920831.3545,-0.0016067333219422835,28032.9497853114,28734.050278231633,332.0,45.0,287.0,332.0,638.2142857142857,-1,27594.071428571428,27714.535714285714,0.0016067333219422835,0,0.0,0.0016067333219422835
2023-08-22,26128.0,26034.0,26133.0,25575.0,13702941053.015312,506356213378.17975,-0.0032596427918748614,27833.054806780263,28623.844144426257,558.0,14.0,544.0,558.0,605.7142857142857,-1,27548.285714285714,27548.285714285714,0.0032596427918748614,0,0.0,0.0032596427918748614
2023-08-23,26029.0,26450.0,26668.0,25816.0,14600566342.214415,514955818082.43463,0.015852782260039673,27694.749326102236,28535.115812000695,852.0,634.0,218.0,852.0,619.3571428571429,-1,27548.285714285714,27998.39285714286,-0.015852782260039673,0,0.0,-0.015852782260039673
2023-08-24,26426.0,26135.0,26536.0,25966.0,11961319630.81013,508906955118.32086,-0.011980746139423272,27538.77439349201,28437.15190130679,570.0,86.0,484.0,570.0,638.7142857142857,-1,27548.285714285714,27731.785714285714,0.011980746139423272,0,0.0,0.011980746139423272
2023-08-25,26138.0,26044.0,26200.0,25820.0,2582213805.5461373,507007928705.4434,-0.003487996790269538,27389.29695414281,28339.472231865693,380.0,65.0,315.0,380.0,651.1428571428571,-1,27548.285714285714,27671.85714285714,0.003487996790269538,0,0.0,0.003487996790269538
2023-08-26,26043.0,26002.0,26087.0,25991.0,3420999388.355067,506086069151.6848,-0.0016139572346387336,27250.56725872853,28244.065201993624,96.0,43.0,53.0,96.0,650.4285714285714,-1,27548.285714285714,27628.071428571428,0.0016139572346387336,0,0.0,0.0016139572346387336
2023-08-27,26002.0,26083.0,26152.0,25966.0,4743752357.401259,507835678906.77924,0.003110302977801014,27133.810532855678,28155.858459055107,186.0,150.0,36.0,186.0,651.5,-1,27548.285714285714,27711.75,-0.003110302977801014,0,0.0,-0.003110302977801014
2023-08-28,26086.0,26109.0,26203.0,25886.0,9995933796.2508,508350651765.9018,0.0009963213577082952,27031.32947957011,28072.313215828366,317.0,120.0,197.0,317.0,637.7857142857143,-1,27548.285714285714,27703.464285714286,-0.0009963213577082952,0,0.0,-0.0009963213577082952
2023-08-29,26110.0,27731.0,27999.0,25904.0,29462388818.839893,539045091002.16876,0.060270838528666965,27101.2965316131,28058.382064161902,2095.0,1890.0,205.0,2095.0,766.0,0,27548.285714285714,29646.0,-0.061270838528666965,1,0.001,-0.060270838528666965
2023-08-30,27717.0,27297.0,27740.0,27082.0,16029914124.395369,531729400483.3156,-0.015774114961489907,27120.86687845179,28027.305245216518,658.0,9.0,649.0,658.0,776.4285714285714,0,27548.285714285714,,-0.0,0,0.0,-0.0
2023-08-31,27303.0,25927.0,27403.0,25833.0,20360682650.055054,505403246528.0237,-0.05149190929029884,27001.480190606613,27941.578500513802,1570.0,106.0,1464.0,1570.0,666.7857142857143,0,27548.285714285714,,-0.0,0,0.0,-0.0
2023-09-01,25938.0,25812.0,26101.0,25438.0,15924588668.893366,502687549096.97003,-0.004445396678771353,26882.532171545954,27854.65692906426,663.0,174.0,489.0,663.0,637.2857142857143,0,27548.285714285714,,-0.0,0,0.0,-0.0
2023-09-02,25796.0,25854.0,25938.0,25756.0,8203515572.755595,503679892454.50775,0.001625827788162602,26779.67895439136,27772.99746257184,182.0,126.0,56.0,182.0,618.5714285714286,0,27548.285714285714,,0.0,0,0.0,0.0
2023-09-03,25868.0,25960.0,26055.0,25808.0,8301138495.084562,505513039060.68445,0.004091563974133189,26697.711058952224,27698.997566140333,247.0,201.0,46.0,247.0,621.8571428571429,0,27548.285714285714,,0.0,0,0.0,0.0
2023-09-04,25969.0,25829.0,26061.0,25660.0,6700578092.438599,502409490053.88367,-0.005059000150433445,26610.839953057002,27622.6711348693,401.0,101.0,300.0,401.0,626.7857142857143,0,27548.285714285714,,-0.0,0,0.0,-0.0
2023-09-05,25805.0,25784.0,25824.0,25603.0,7633735596.705433,501979376928.41833,-0.0017437471723190615,26528.155957751304,27547.62333344606,221.0,5.0,226.0,226.0,603.0714285714286,0,27548.285714285714,,-0.0,0,0.0,-0.0
2023-09-06,25770.0,25753.0,25918.0,25476.0,12225427270.62692,501615002105.18665,-0.001203019335186138,26450.640361976173,27474.373401468667,442.0,134.0,308.0,442.0,573.7857142857143,0,27548.285714285714,,-0.0,0,0.0,-0.0
2023-09-07,25749.0,26192.0,26401.0,25644.0,4521997781.160889,509837705629.17126,0.016902895450828386,26424.776325778555,27422.03162998015,757.0,648.0,109.0,757.0,587.1428571428571,0,27548.285714285714,,0.0,0,0.0,0.0
2023-09-08,26215.0,25907.0,26383.0,25696.0,8058794338.820984,504533063388.2184,-0.010940818169446847,26372.9986932007,27360.19360426667,687.0,191.0,496.0,687.0,609.0714285714286,0,27548.285714285714,,-0.0,0,0.0,-0.0
2023-09-09,25900.0,25889.0,25921.0,25808.0,404806432.52168876,504373920218.6837,-0.0006950343935673922,26324.59882388063,27300.144885725174,113.0,14.0,99.0,113.0,610.2857142857143,0,27548.285714285714,,-0.0,0,0.0,-0.0
2023-09-10,25890.0,25835.0,25919.0,25669.0,6603006234.083502,503489661583.33154,-0.00208800632661692,26275.63894149257,27240.343053654757,250.0,30.0,220.0,250.0,614.8571428571429,0,27548.285714285714,,-0.0,0,0.0,-0.0
2023-09-11,25835.0,25133.0,25882.0,25006.0,14859931201.000029,489502952545.6269,-0.027548438080765816,26161.375047343314,27154.329051464767,876.0,47.0,829.0,876.0,654.7857142857143,0,27548.285714285714,,-0.0,0,0.0,-0.0
2023-09-12,25163.0,25867.0,26380.0,25125.0,16825266473.048721,503997883573.3815,0.028786301377587937,26131.937542608983,27101.785008547835,1255.0,1247.0,8.0,1255.0,594.7857142857143,0,27548.285714285714,,0.0,0,0.0,0.0
2023-09-13,25850.0,26223.0,26363.0,25820.0,12975855576.243193,510909474484.6564,0.013668863230490548,26141.043788348084,27065.916232688738,543.0,496.0,47.0,543.0,586.5714285714286,0,27548.285714285714,,0.0,0,0.0,0.0
2023-09-14,26222.0,26531.0,26752.0,26178.0,11739428177.432598,516823786025.9003,0.011676972350352543,26180.039409513276,27044.082917068787,574.0,529.0,45.0,574.0,515.4285714285714,0,27548.285714285714,,0.0,0,0.0,0.0
2023-09-15,26531.0,26635.0,26834.0,26227.0,9768889419.723415,518872387637.1001,0.003912279752149323,26225.53546856195,27027.38565514761,607.0,303.0,304.0,607.0,511.42857142857144,0,27548.285714285714,,0.0,0,0.0,0.0
2023-09-16,26610.0,26558.0,26732.0,26471.0,1224363671.9175522,517396850180.9239,-0.002895119800826687,26258.781921705755,27008.227056978318,261.0,97.0,164.0,261.0,517.0714285714286,0,27548.285714285714,,-0.0,0,0.0,-0.0
2023-09-17,26554.0,26521.0,26612.0,26418.0,5791146184.464804,516614128895.5437,-0.001394148570731232,26285.00372953518,26988.340238326142,194.0,54.0,140.0,194.0,513.2857142857143,0,27548.285714285714,,-0.0,0,0.0,-0.0
2023-09-18,26538.0,26741.0,27405.0,26417.0,16477839825.058361,521346975856.46625,0.008261096134952385,26330.60335658166,26978.24471839446,988.0,884.0,104.0,988.0,555.2142857142857,0,27548.285714285714,,0.0,0,0.0,0.0
2023-09-19,26769.0,27219.0,27454.0,26681.0,12615959842.229395,530357673731.022,0.017717290723244614,26419.443020923496,26988.07146458244,773.0,713.0,60.0,773.0,594.2857142857143,0,27548.285714285714,,0.0,0,0.0,0.0
2023-09-20,27213.0,27116.0,27373.0,26889.0,13497179076.831764,529168513966.1614,-0.0037912992868823388,26489.09871883115,26993.293037456624,484.0,154.0,330.0,484.0,597.2857142857143,0,27548.285714285714,,-0.0,0,0.0,-0.0
2023-09-21,27125.0,26561.0,27133.0,26406.0,8169328790.751264,517743774814.63885,-0.020679985066842533,26496.288846948035,26975.648423682884,727.0,17.0,710.0,727.0,595.1428571428571,0,27548.285714285714,,-0.0,0,0.0,-0.0
2023-09-22,26565.0,26572.0,26725.0,26498.0,9968041758.936823,518383856096.9625,0.0004140553011180351,26503.85996225323,26959.172977818274,227.0,164.0,63.0,227.0,562.2857142857143,0,27548.285714285714,,0.0,0,0.0,0.0
2023-09-23,26588.0,26574.0,26635.0,26521.0,6583511185.708387,517968304453.25476,7.52643661214209e-05,26510.87396602791,26943.451631784876,114.0,63.0,51.0,114.0,562.3571428571429,0,27548.285714285714,,0.0,0,0.0,0.0
2023-09-24,26571.0,26250.0,26712.0,26250.0,7226298594.4955225,511787693512.02826,-0.012267305131483433,26484.78656942512,26915.147483548757,462.0,138.0,324.0,462.0,577.5,0,27548.285714285714,,-0.0,0,0.0,-0.0
2023-09-25,26258.0,26299.0,26403.0,26023.0,11974957450.276283,512103393581.80255,0.0018649266095124137,26466.20791248261,26889.998606669214,380.0,153.0,227.0,380.0,542.0714285714286,0,27548.285714285714,,0.0,0,0.0,0.0
2023-09-26,26297.0,26205.0,26387.0,26102.0,9786025048.05344,511054250889.6227,-0.003580683393015545,26440.087121234348,26862.039479866387,285.0,88.0,197.0,285.0,472.7857142857143,0,27548.285714285714,,-0.0,0,0.0,-0.0
2023-09-27,26214.0,26350.0,26819.0,26145.0,12889674588.31686,513713645983.85016,0.0055180427332417615,26431.078409110913,26841.139909259593,674.0,614.0,60.0,674.0,482.14285714285717,0,27548.285714285714,,0.0,0,0.0,0.0
2023-09-28,26354.0,27009.0,27225.0,26323.0,16683207554.844349,526917684460.40546,0.024701868807078017,26488.87056819982,26847.99134153471,902.0,875.0,27.0,902.0,505.57142857142856,0,27548.285714285714,,0.0,0,0.0,0.0
2023-09-29,27021.0,26917.0,27215.0,26744.0,9059145545.41355,524946724658.764,-0.0034120865355442773,26531.68351137984,26850.80802147207,471.0,206.0,265.0,471.0,495.85714285714283,0,27548.285714285714,,-0.0,0,0.0,-0.0
2023-09-30,26907.0,26970.0,27087.0,26882.0,6295435107.555985,525936342995.4552,0.0019670798927333643,26575.515160241855,26855.673000187493,205.0,170.0,35.0,205.0,491.85714285714283,0,27548.285714285714,,0.0,0,0.0,0.0
2023-10-01,26966.0,27968.0,28042.0,26958.0,9358226524.285364,545302108027.2094,0.036335862321486306,26714.76364421767,26901.074102220657,1084.0,1072.0,12.0,1084.0,555.4285714285714,0,27548.285714285714,,0.0,0,0.0,0.0
2023-10-02,27988.0,27615.0,28494.0,27383.0,18127133423.881855,538323470357.8827,-0.012701896119974116,26804.787279795903,26930.213934783078,1111.0,526.0,585.0,1111.0,564.2142857142857,0,27548.285714285714,,-0.0,0,0.0,-0.0
2023-10-03,27501.0,27439.0,27666.0,27266.0,12676657038.293432,535605771922.47974,-0.006393744308222127,26868.20855181631,26950.980712955195,400.0,51.0,349.0,400.0,537.5714285714286,0,27548.285714285714,,-0.0,0,0.0,-0.0
2023-10-04,27426.0,27792.0,27818.0,27265.0,10876597601.123325,541954661181.1118,0.012782850453820467,26960.58769663468,26985.308030793756,553.0,379.0,174.0,553.0,542.5,0,27548.285714285714,,0.0,0,0.0,0.0
2023-10-05,27782.0,27436.0,28081.0,27389.0,13376186563.311193,534851643044.50543,-0.012892189861674157,27008.128926971214,27003.703621373603,692.0,289.0,403.0,692.0,540.0,1,26086.0,26086.0,-0.001,1,0.001,-0.0
2023-10-06,27408.0,27958.0,28179.0,27243.0,13817979024.520027,545154869332.6545,0.018847364411861797,27103.116034274095,27042.654493970596,936.0,743.0,193.0,936.0,590.6428571428571,1,26481.39285714286,26481.39285714286,0.018847364411861797,0,0.0,0.018847364411861797
2023-10-07,27955.0,27978.0,28025.0,27872.0,7226218924.820883,545619681437.3984,0.0007151030053019355,27190.604430846688,27080.83186156363,153.0,67.0,86.0,153.0,593.4285714285714,1,26494.428571428572,26494.428571428572,0.0007151030053019355,0,0.0,0.0007151030053019355
2023-10-08,27970.0,27948.0,28103.0,27770.0,7141598446.869208,544989660641.62256,-0.0010728463640345557,27266.34398776202,27116.22647945899,333.0,125.0,208.0,333.0,584.2142857142857,1,26494.428571428572,26487.464285714286,-0.0010728463640345557,0,0.0,-0.0010728463640345557
2023-10-09,27939.0,27594.0,27992.0,27354.0,7640029989.224315,538282690587.88,-0.012747282904362535,27299.10958898582,27135.72743948107,638.0,44.0,594.0,638.0,602.6428571428571,1,26494.428571428572,26087.39285714286,-0.012747282904362535,0,0.0,-0.012747282904362535
2023-10-10,27585.0,27392.0,27726.0,27297.0,10151720983.669058,535200388379.76337,-0.0073473578265102245,27308.39863008724,27146.187543992044,429.0,132.0,297.0,429.0,612.9285714285714,1,26494.428571428572,25859.678571428572,-0.0073473578265102245,0,0.0,-0.0073473578265102245
2023-10-11,27390.0,26842.0,27470.0,26570.0,14608441295.942532,523656381533.04626,-0.02028317498371743,27261.758767078514,27133.77172586992,900.0,78.0,822.0,900.0,629.0714285714286,1,26494.428571428572,25269.321428571428,-0.02028317498371743,0,0.0,-0.02028317498371743
2023-10-12,26878.0,26729.0,26919.0,26571.0,10867640258.925844,521607675083.3507,-0.004218706673123226,27208.482890370662,27117.250430936452,348.0,77.0,271.0,348.0,589.5,1,26494.428571428572,25255.25,-0.004218706673123226,0,0.0,-0.004218706673123226
2023-10-13,26759.0,26841.0,27101.0,26695.0,14344414895.617512,523655619453.7407,0.004181450931077731,27171.734601333595,27105.974903143127,406.0,372.0,34.0,406.0,584.8571428571429,1,26494.428571428572,25378.85714285714,0.004181450931077731,0,0.0,0.004181450931077731
2023-10-14,26861.0,26863.0,26977.0,26816.0,5543160607.188677,523979202939.078,0.0008193058703503588,27140.861141200236,27096.057560157693,161.0,136.0,25.0,161.0,581.7142857142857,1,26494.428571428572,25408.714285714286,0.0008193058703503588,0,0.0,0.0008193058703503588
2023-10-15,26860.0,27150.0,27277.0,26816.0,6604845643.42894,529643463244.3381,0.010627171276025487,27141.775027080213,27098.259292396153,461.0,414.0,47.0,461.0,537.2142857142857,1,26494.428571428572,25806.964285714286,0.010627171276025487,0,0.0,0.010627171276025487
2023-10-16,27154.0,28513.0,29483.0,27131.0,22792799561.834,555338775502.1107,0.04898307724515241,27278.897524372194,27156.00381107386,2352.0,2333.0,19.0,2352.0,625.8571428571429,1,26948.35714285714,26948.35714285714,0.04898307724515241,0,0.0,0.04898307724515241
2023-10-17,28518.0,28418.0,28613.0,28112.0,10403248077.491972,555003134086.2079,-0.003337376409213261,27392.807771934975,27207.51385960146,501.0,100.0,401.0,501.0,633.0714285714286,1,26948.35714285714,26835.321428571428,-0.003337376409213261,0,0.0,-0.003337376409213261
2023-10-18,28414.0,28328.0,28817.0,28202.0,13461030457.558897,553311088369.7102,-0.003172032406280943,27486.326994741477,27253.24798778099,615.0,399.0,216.0,615.0,637.5,1,26948.35714285714,26734.25,-0.003172032406280943,0,0.0,-0.003172032406280943
2023-10-19,28327.0,28716.0,28854.0,28188.0,11193923144.463654,559364043794.7655,0.013603743904634065,27609.29429526733,27312.95215154503,666.0,526.0,140.0,666.0,635.6428571428571,1,27126.89285714286,27126.89285714286,0.013603743904634065,0,0.0,0.013603743904634065
2023-10-20,28723.0,29677.0,30074.0,28593.0,23561406297.715862,579536788709.3126,0.032917876309084944,27816.064865740598,27409.443900461556,1481.0,1358.0,123.0,1481.0,674.5714285714286,1,27990.571428571428,27990.571428571428,0.032917876309084944,0,0.0,0.032917876309084944
2023-10-21,29677.0,29920.0,30253.0,29484.0,7452489477.484937,583719549318.5221,0.00815481808295492,28026.45837916654,27511.915577993735,769.0,576.0,193.0,769.0,718.5714285714286,1,28123.571428571428,28123.571428571428,0.00815481808295492,0,0.0,0.00815481808295492
2023-10-22,29920.0,30019.0,30187.0,29741.0,11330304246.065748,583399133857.2509,0.003303361418295568,28225.712541249886,27614.245554402154,446.0,267.0,179.0,446.0,726.6428571428571,1,28202.39285714286,28202.39285714286,0.003303361418295568,0,0.0,0.003303361418295568
2023-10-23,29990.0,32953.0,34333.0,29916.0,35558857925.14893,641535355789.0791,0.09325178932038507,28698.441287124897,27832.153899120432,4417.0,4314.0,103.0,4417.0,996.5714285714286,1,30461.571428571428,30461.571428571428,0.09325178932038507,0,0.0,0.09325178932038507
2023-10-24,33071.0,33847.0,35066.0,32884.0,46464714676.18555,660676033939.1393,0.026768065293318204,29213.29715841241,28077.657821605313,2182.0,2113.0,69.0,2182.0,1121.7857142857142,1,31042.535714285714,31042.535714285714,0.026768065293318204,0,0.0,0.026768065293318204
2023-10-25,33908.0,34472.0,35012.0,33779.0,23840463172.498646,673948847498.8158,0.01829703117526162,29739.167442571168,28338.651379907136,1233.0,1165.0,68.0,1233.0,1145.5714285714287,1,31608.071428571428,31608.071428571428,0.01829703117526162,0,0.0,0.01829703117526162
2023-10-26,34498.0,34174.0,34819.0,33766.0,17712548549.578587,667401630872.5822,-0.008682279287455266,30182.650698314053,28576.828874604802,1053.0,347.0,706.0,1053.0,1195.9285714285713,1,31608.071428571428,31184.178571428572,-0.008682279287455266,0,0.0,-0.008682279287455266
2023-10-27,34150.0,33899.0,34215.0,33450.0,14148818689.499771,662119938018.2968,-0.008079605599840904,30554.28562848265,28794.06034911073,765.0,41.0,724.0,765.0,1221.5714285714287,1,31608.071428571428,30845.071428571428,-0.008079605599840904,0,0.0,-0.008079605599840904
2023-10-28,33908.0,34093.0,34373.0,33874.0,8431785274.868206,665892923223.9833,0.0057065691983208345,30908.157065634383,29010.34360016743,499.0,474.0,25.0,499.0,1245.7142857142858,1,31608.071428571428,30978.714285714286,0.0057065691983208345,0,0.0,0.0057065691983208345
2023-10-29,34082.0,34556.0,34763.0,33950.0,10359013389.425524,674293769229.6088,0.013489111872076095,31272.941359070945,29236.696922609575,813.0,670.0,143.0,813.0,1270.857142857143,1,31608.071428571428,31378.85714285714,0.013489111872076095,0,0.0,0.013489111872076095
2023-10-30,34525.0,34499.0,34839.0,34172.0,17075173423.648043,673508057017.6387,-0.001650858386657933,31595.547223163852,29451.48480331939,667.0,283.0,384.0,667.0,1150.5,1,31622.75,31622.75,-0.001650858386657933,0,0.0,-0.001650858386657933
2023-10-31,34494.0,34672.0,34703.0,34108.0,16419150928.652367,676319525450.0793,0.005002106684023471,31903.19250084747,29664.567056245127,595.0,204.0,391.0,595.0,1157.2142857142858,1,31778.964285714286,31778.964285714286,0.005002106684023471,0,0.0,0.005002106684023471
2023-11-01,34669.0,35457.0,35521.0,34186.0,18642295524.912045,692543794894.7606,0.022388249904210032,32258.57325076272,29900.9928906841,1335.0,849.0,486.0,1335.0,1208.642857142857,1,32435.39285714286,32435.39285714286,0.022388249904210032,0,0.0,0.022388249904210032
2023-11-02,35423.0,34924.0,35878.0,34465.0,20690186421.955303,681560028736.5514,-0.015146422749651984,32525.115925686452,30106.013589023525,1413.0,421.0,992.0,1413.0,1262.0,1,32435.39285714286,31769.0,-0.015146422749651984,0,0.0,-0.015146422749651984
2023-11-03,34937.0,34731.0,34937.0,34123.0,17254049537.002068,677974451476.0634,-0.005541612056860159,32745.704333117807,30294.788544573585,814.0,13.0,801.0,814.0,1214.357142857143,1,32435.39285714286,31695.10714285714,-0.005541612056860159,0,0.0,-0.005541612056860159
2023-11-04,34725.0,35048.0,35261.0,34608.0,10001404422.938835,685385094861.7168,0.009085890619896248,32975.93389980603,30488.797175407315,653.0,530.0,123.0,653.0,1206.0714285714287,1,32435.39285714286,32032.821428571428,0.009085890619896248,0,0.0,0.009085890619896248
2023-11-05,35078.0,35062.0,35366.0,34572.0,12796779677.519655,684647430279.3319,0.0003993724200850263,33184.54050982543,30675.45851518661,794.0,318.0,476.0,794.0,1230.9285714285713,1,32435.39285714286,31984.678571428572,0.0003993724200850263,0,0.0,0.0003993724200850263
2023-11-06,35039.0,35031.0,35276.0,34779.0,12717348149.539808,683644463783.0627,-0.000884539169994861,33369.18645884289,30853.23571864838,497.0,214.0,283.0,497.0,950.9285714285714,1,32653.678571428572,32653.678571428572,-0.000884539169994861,0,0.0,-0.000884539169994861
2023-11-07,35058.0,35437.0,35871.0,34546.0,18582602380.374496,691660755958.351,0.011523088279302747,33575.9678129586,31040.328138295383,1325.0,840.0,485.0,1325.0,889.7142857142857,1,33212.71428571428,33212.71428571428,0.011523088279302747,0,0.0,0.011523088279302747
2023-11-08,35440.0,35795.0,35896.0,35187.0,14717120833.223528,699187515031.6934,0.010051746807158004,33797.87103166274,31234.39637754863,709.0,459.0,250.0,709.0,852.2857142857143,1,33664.28571428572,33664.28571428572,0.010051746807158004,0,0.0,0.010051746807158004
2023-11-09,35648.0,36768.0,37936.0,35606.0,38190964507.15763,717022051490.4104,0.02681968281819692,34094.88392849647,31460.257749893583,2330.0,2141.0,189.0,2330.0,943.5,1,34409.25,34409.25,0.02681968281819692,0,0.0,0.02681968281819692
2023-11-10,36698.0,37344.0,37472.0,36366.0,23152060053.421646,730760729870.4996,0.015544354437800379,34419.79553564682,31700.410494795884,1106.0,704.0,402.0,1106.0,967.8571428571429,1,34924.357142857145,34924.357142857145,0.015544354437800379,0,0.0,0.015544354437800379
2023-11-11,37319.0,37123.0,37404.0,36822.0,12033297219.971031,720323851790.6948,-0.005935532486305057,34690.11598208214,31921.740678681766,582.0,60.0,522.0,582.0,973.7857142857143,1,34924.357142857145,34688.53571428572,-0.005935532486305057,0,0.0,-0.005935532486305057
2023-11-12,37152.0,37068.0,37231.0,36862.0,8831221164.408867,725016899532.0363,-0.0014826598933954614,34927.90438387393,32131.7920795519,369.0,108.0,261.0,369.0,942.0714285714286,1,34924.357142857145,34712.82142857143,-0.0014826598933954614,0,0.0,-0.0014826598933954614
2023-11-13,37068.0,36549.0,37292.0,36437.0,18041088204.36723,714263437353.6985,-0.01410023768406489,35090.01394548654,32312.086280386513,855.0,224.0,631.0,855.0,955.5,1,34924.357142857145,34160.25,-0.01410023768406489,0,0.0,-0.01410023768406489
2023-11-14,36499.0,35545.0,36748.0,35110.0,22330924588.059715,694845286838.959,-0.02785432665893369,35135.51255093789,32444.04194241155,1638.0,199.0,1439.0,1638.0,1030.0,1,34924.357142857145,32970.0,-0.02785432665893369,0,0.0,-0.02785432665893369
2023-11-15,35541.0,37904.0,37904.0,35389.0,28479730068.295124,739215831747.2646,0.0642571480349833,35412.3612958441,32666.897373333526,2515.0,2359.0,156.0,2515.0,1114.2857142857142,1,35118.28571428572,35118.28571428572,0.0642571480349833,0,0.0,0.0642571480349833
2023-11-16,37904.0,36202.0,37904.0,35579.0,12023334732.149555,707488742969.5619,-0.04594228149206851,35491.32516625969,32811.18727646277,2325.0,0.0,2325.0,2325.0,1179.4285714285713,1,35118.28571428572,33253.42857142857,-0.04594228149206851,0,0.0,-0.04594228149206851
2023-11-17,36163.0,36528.0,36673.0,35946.0,22683923623.963726,714651953916.8749,0.008964723863078493,35594.99264963372,32962.893918239795,727.0,471.0,256.0,727.0,1173.2142857142858,1,35118.28571428572,33594.96428571428,0.008964723863078493,0,0.0,0.008964723863078493
2023-11-18,36619.0,36582.0,36826.0,36264.0,8877846889.346693,715117663450.342,0.0014772263662943138,35693.69338467035,33110.61253382184,562.0,298.0,264.0,562.0,1166.7142857142858,1,35118.28571428572,33665.21428571428,0.0014772263662943138,0,0.0,0.0014772263662943138
2023-11-19,36588.0,37414.0,37516.0,36412.0,12599067947.734495,732521837352.2426,0.022488649772978816,35865.724046203315,33286.26100182911,1104.0,934.0,170.0,1104.0,1188.857142857143,1,35118.28571428572,34441.857142857145,0.022488649772978816,0,0.0,0.022488649772978816
2023-11-20,37388.0,37489.0,37726.0,36942.0,16005284775.311718,732673492672.5168,0.002002590685681773,36028.051641582984,33457.80136910139,784.0,312.0,472.0,784.0,1209.357142857143,1,35118.28571428572,34465.607142857145,0.002002590685681773,0,0.0,0.002002590685681773
2023-11-21,37479.0,35965.0,37647.0,35945.0,18891503534.641026,702705880301.6978,-0.04150131329307494,36021.746477424684,33560.13600709725,1702.0,158.0,1544.0,1702.0,1236.2857142857142,1,35118.28571428572,32874.28571428572,-0.04150131329307494,0,0.0,-0.04150131329307494
2023-11-22,35788.0,37465.0,37795.0,35788.0,25245202377.321384,732259726682.3702,0.04086092049695443,36166.071829682216,33719.5182108892,2007.0,1830.0,177.0,2007.0,1329.0,1,35118.28571428572,34142.5,0.04086092049695443,0,0.0,0.04086092049695443
2023-11-23,37427.0,37293.0,37643.0,36972.0,11956046626.60703,728816537112.472,-0.004601522338586015,36278.76464671399,33865.374610444735,671.0,178.0,493.0,671.0,1210.5,1,35118.28571428572,34266.75,-0.004601522338586015,0,0.0,-0.004601522338586015
2023-11-24,37302.0,37739.0,38349.0,37264.0,22996708651.54232,737614054534.8141,0.01188840102634161,36424.7881820426,34023.48176920209,1085.0,1056.0,29.0,1085.0,1209.0,1,35118.28571428572,34716.5,0.01188840102634161,0,0.0,0.01188840102634161
2023-11-25,37731.0,37810.0,37883.0,37617.0,7505379785.011788,739536714717.2401,0.001879575398811952,36563.309363838336,34178.03353372445,266.0,144.0,122.0,266.0,1186.4285714285713,1,35118.28571428572,34843.92857142857,0.001879575398811952,0,0.0,0.001879575398811952
2023-11-26,37800.0,37492.0,37825.0,37184.0,10229112671.374176,733376783676.3198,-0.008446041018602102,36656.178427454506,34313.29747112345,641.0,15.0,626.0,641.0,1205.857142857143,1,35118.28571428572,34477.357142857145,-0.008446041018602102,0,0.0,-0.008446041018602102
2023-11-27,37472.0,37250.0,37568.0,36770.0,17979133247.880783,728040168286.0479,-0.006475632058670811,36715.560584709056,34433.162880465345,798.0,76.0,722.0,798.0,1201.7857142857142,1,35118.28571428572,34245.53571428572,-0.006475632058670811,0,0.0,-0.006475632058670811
2023-11-28,37247.0,37802.0,38351.0,36911.0,19715537240.688644,738816928726.5587,0.014710066453196084,36824.20452623815,34570.666436364714,1440.0,1101.0,339.0,1440.0,1187.642857142857,1,35118.28571428572,34832.892857142855,0.014710066453196084,0,0.0,0.014710066453196084
2023-11-29,37843.0,37810.0,38329.0,37638.0,20964545194.804527,740494537382.5989,0.00021160662407695275,36922.78407361433,34702.88413283962,691.0,527.0,164.0,691.0,1057.357142857143,1,35166.607142857145,35166.607142857145,0.00021160662407695275,0,0.0,0.00021160662407695275
2023-11-30,37864.0,37712.0,38144.0,37547.0,16566770727.560837,737659515838.6104,-0.0025952717090662156,37001.7056662529,34825.70518864209,597.0,334.0,263.0,597.0,933.9285714285714,1,35377.17857142857,35377.17857142857,-0.0025952717090662156,0,0.0,-0.0025952717090662156
2023-12-01,37720.0,38688.0,38899.0,37632.0,24470176251.56647,756249390093.0282,0.02555112823860685,37170.33509962761,34983.34987481996,1267.0,1187.0,80.0,1267.0,972.5,1,36256.75,36256.75,0.02555112823860685,0,0.0,0.02555112823860685
2023-12-02,38696.0,39482.0,39680.0,38659.0,14892418344.328642,771834682369.2777,0.02031539741109396,37401.501589664855,35166.96824727629,1021.0,992.0,29.0,1021.0,1005.2857142857143,1,36968.78571428572,36968.78571428572,0.02031539741109396,0,0.0,0.02031539741109396
2023-12-03,39472.0,39960.0,40118.0,39309.0,14107800648.629307,782845232813.069,0.01203408193687661,37657.35143069837,35362.60219636705,809.0,636.0,173.0,809.0,984.2142857142857,1,37499.46428571428,37499.46428571428,0.01203408193687661,0,0.0,0.01203408193687661
2023-12-04,39999.0,41974.0,42403.0,39999.0,40273974905.38232,820527379429.3416,0.04917142519487672,38089.01628762853,35632.4551679439,2404.0,2443.0,39.0,2443.0,1102.7142857142858,1,39217.21428571428,39217.21428571428,0.04917142519487672,0,0.0,0.04917142519487672
2023-12-05,41985.0,44106.0,44368.0,41453.0,37740677039.99004,863171503830.3232,0.049545448644776106,38690.71465886568,35978.314140680886,2915.0,2394.0,521.0,2915.0,1189.357142857143,1,41132.607142857145,41132.607142857145,0.049545448644776106,0,0.0,0.049545448644776106
2023-12-06,44082.0,43788.0,44282.0,43496.0,30306637687.601166,857037901744.5414,-0.007236020377694704,39200.44319297912,36297.07682881636,786.0,176.0,610.0,786.0,1102.142857142857,1,41132.607142857145,41032.642857142855,-0.007236020377694704,0,0.0,-0.007236020377694704
2023-12-07,43757.0,43270.0,44030.0,42908.0,27712048105.023373,848245522795.3333,-0.01190025300551746,39607.39887368121,36581.68593784426,1122.0,242.0,880.0,1122.0,1134.357142857143,1,41132.607142857145,40434.107142857145,-0.01190025300551746,0,0.0,-0.01190025300551746
2023-12-08,43286.0,44202.0,44676.0,43134.0,24726661392.984177,863242780337.311,0.02131048269193817,40066.85898631309,36892.71916487102,1542.0,1406.0,136.0,1542.0,1167.0,1,41284.5,41284.5,0.02131048269193817,0,0.0,0.02131048269193817
2023-12-09,44158.0,43745.0,44346.0,43699.0,17074228506.041449,855611272269.695,-0.010392716370503631,40434.67308768178,37172.404096917104,647.0,144.0,503.0,647.0,1194.2142857142858,1,41284.5,40759.46428571428,-0.010392716370503631,0,0.0,-0.010392716370503631
2023-12-10,43715.0,43758.0,44036.0,43591.0,11865167562.179707,856192504674.1926,0.0002971326719231363,40767.005778913604,37441.20392969599,445.0,291.0,154.0,445.0,1180.2142857142858,1,41284.5,40807.46428571428,0.0002971326719231363,0,0.0,0.0002971326719231363
2023-12-11,43786.0,41201.0,43819.0,40322.0,39734542163.66172,806178244439.1412,-0.0602119253245666,40810.405201022244,37594.66499379003,3497.0,61.0,3436.0,3497.0,1373.0,0,41284.5,37768.5,-0.0612119253245666,1,0.001,-0.0602119253245666
2023-12-12,41262.0,41451.0,42042.0,40720.0,24919333990.627098,812055172695.532,0.00604947883705766,40874.46468092002,37752.066422614924,1322.0,841.0,481.0,1322.0,1364.5714285714287,0,41284.5,,0.0,0,0.0,0.0
2023-12-13,41459.0,42932.0,43304.0,40712.0,26301358636.124893,840112594142.6609,0.035105461876635866,41080.21821282802,37963.492282916355,2592.0,1853.0,739.0,2592.0,1500.357142857143,0,41284.5,,0.0,0,0.0,0.0
2023-12-14,42885.0,43010.0,43329.0,42068.0,22978695605.48269,841400560142.884,0.0018151781763669297,41273.196391545214,38169.472189736094,1261.0,397.0,864.0,1261.0,1547.7857142857142,0,41284.5,,0.0,0,0.0,0.0
2023-12-15,43032.0,41992.0,43100.0,41761.0,17134765249.072596,821883086852.3783,-0.023953522845646284,41345.07675239069,38325.49373301217,1339.0,90.0,1249.0,1339.0,1552.9285714285713,0,41284.5,,-0.0,0,0.0,-0.0
2023-12-16,41890.0,42247.0,42666.0,41760.0,13524832238.374014,825747211475.3832,0.006054221414984989,41435.26907715162,38485.55521329738,906.0,674.0,232.0,906.0,1544.7142857142858,0,41284.5,,0.0,0,0.0,0.0
2023-12-17,42248.0,41411.0,42319.0,41305.0,16536428696.461372,810534011290.7083,-0.019986799342745214,41432.84216943646,38604.96112295871,1014.0,72.0,942.0,1014.0,1559.357142857143,0,41284.5,,-0.0,0,0.0,-0.0
2023-12-18,41355.0,42684.0,42684.0,40571.0,26473040426.60815,834757901244.3383,0.03027759673208007,41557.95795249281,38771.45250569509,2113.0,1273.0,840.0,2113.0,1535.7857142857142,0,41284.5,,0.0,0,0.0,0.0
2023-12-19,42609.0,42250.0,43327.0,41837.0,23402523667.558952,827483345952.5029,-0.010219788951135613,41627.16215724353,38913.434036074876,1490.0,643.0,847.0,1490.0,1434.0,0,41284.5,,-0.0,0,0.0,-0.0
2023-12-20,42276.0,43634.0,44201.0,42246.0,28334648885.87903,854173854159.8182,0.032232309166649646,41827.84594151918,39106.11019786773,1955.0,1951.0,4.0,1955.0,1517.5,0,41284.5,,0.0,0,0.0,0.0
2023-12-21,43660.0,43850.0,44215.0,43366.0,21948638202.58336,858312140014.9476,0.004938055848359437,42030.061347367264,39299.738353056804,849.0,581.0,268.0,849.0,1498.0,0,41284.5,,0.0,0,0.0,0.0
2023-12-22,43875.0,44004.0,44243.0,43467.0,20833936534.62855,861822676200.4246,0.0035058200589971468,42227.45521263054,39491.74903252387,776.0,393.0,383.0,776.0,1443.2857142857142,0,41284.5,,0.0,0,0.0,0.0
2023-12-23,43989.0,43752.0,44018.0,43375.0,9872050975.657969,856850313226.057,-0.005743212832717632,42379.90969136749,39665.63682711473,643.0,14.0,629.0,643.0,1443.0,0,41284.5,,-0.0,0,0.0,-0.0
2023-12-24,43730.0,43035.0,43943.0,42895.0,18313974069.822754,845029028630.4425,-0.016523587943033803,42445.41872223074,39803.16185457943,1048.0,191.0,857.0,1048.0,1486.0714285714287,0,41284.5,,-0.0,0,0.0,-0.0
2023-12-25,42999.0,43638.0,43744.0,42770.0,18744716867.39297,854524607072.9797,0.013914592299020836,42564.676850007665,39959.68586051497,974.0,709.0,265.0,974.0,1305.857142857143,0,41284.5,,0.0,0,0.0,0.0
2023-12-26,43587.0,42516.0,43587.0,41820.0,20477744539.87234,832471600531.6842,-0.02604785472912336,42559.8091650069,40064.02521314701,1767.0,51.0,1818.0,1818.0,1341.2857142857142,0,41284.5,,-0.0,0,0.0,-0.0
2023-12-27,42503.0,43418.0,43662.0,42123.0,23244754807.443966,849194163327.4839,0.02099362599522838,42645.62824850621,40200.92214322264,1539.0,1146.0,393.0,1539.0,1266.0714285714287,0,41284.5,,0.0,0,0.0,0.0
2023-12-28,43456.0,42601.0,43789.0,42324.0,20336573643.81929,836073458797.803,-0.018996374488349392,42641.16542365559,40298.884504723756,1465.0,371.0,1094.0,1465.0,1280.642857142857,0,41284.5,,-0.0,0,0.0,-0.0
2023-12-29,42591.0,42075.0,43097.0,41614.0,24832397519.050613,822933961870.5416,-0.012423987101344607,42584.54888129004,40371.37901473503,1483.0,496.0,987.0,1483.0,1290.9285714285713,0,41284.5,,-0.0,0,0.0,-0.0
2023-12-30,42092.0,42221.0,42610.0,41574.0,14727224645.41767,826609156660.5117,0.003463987519938259,42548.19399316103,40446.87374882748,1036.0,535.0,501.0,1036.0,1300.2142857142858,0,41284.5,,0.0,0,0.0,0.0
2023-12-31,42197.0,42208.0,42838.0,42008.0,14183728910.169804,827596236151.1959,-0.0003079510619037299,42514.17459384493,40518.756452956964,830.0,617.0,213.0,830.0,1287.0714285714287,0,41284.5,,-0.0,0,0.0,-0.0
2024-01-01,42261.0,44169.0,44169.0,42242.0,16958999497.58364,863804922701.8125,0.04541340901647714,42679.65713446044,40667.74598548933,1927.0,1961.0,34.0,1961.0,1276.2142857142858,0,41284.5,,0.0,0,0.0,0.0
2024-01-02,44148.0,44995.0,45870.0,44148.0,39089952715.542786,878395004792.8407,0.01852818693453057,42911.191421014395,40844.3685983265,1722.0,1701.0,21.0,1722.0,1292.7857142857142,0,41284.5,,0.0,0,0.0,0.0
2024-01-03,44952.0,42822.0,45469.0,41805.0,43146162597.56747,838208392904.1771,-0.04949938326892658,42902.272278912955,40925.0882473744,3664.0,474.0,3190.0,3664.0,1414.857142857143,0,41284.5,,-0.0,0,0.0,-0.0
2024-01-04,42863.0,44196.0,44814.0,42675.0,26123887042.79777,866352960236.8643,0.03158229803394314,43031.64505102166,41058.59484952238,2139.0,1992.0,147.0,2139.0,1507.0,0,41284.5,,0.0,0,0.0,0.0
2024-01-05,44174.0,44114.0,44281.0,43116.0,29364675804.010384,863690851062.0247,-0.0018570948605323967,43139.8805459195,41183.305263827584,1165.0,85.0,1080.0,1165.0,1534.7857142857142,0,41284.5,,-0.0,0,0.0,-0.0
2024-01-06,44165.0,43956.0,44221.0,43479.0,11841102132.239353,861211168830.4689,-0.003588058805718564,43221.49249132755,41296.4764775489,742.0,107.0,635.0,742.0,1541.857142857143,0,41284.5,,-0.0,0,0.0,-0.0
2024-01-07,44002.0,43884.0,44489.0,43687.0,15144653805.362787,856926317087.4954,-0.0016393446294331684,43287.7432421948,41402.0896825469,802.0,533.0,269.0,802.0,1524.2857142857142,0,41284.5,,-0.0,0,0.0,-0.0
2024-01-08,43953.0,46936.0,47193.0,43248.0,40821502383.50064,919666641903.4098,0.06723518266831421,43652.568917975324,41627.96357305519,3945.0,3309.0,636.0,3945.0,1736.5,0,41284.5,,0.0,0,0.0,0.0
2024-01-09,46967.0,46106.0,47680.0,45416.0,39887918405.77868,902166917320.3264,-0.01784187824615453,43897.91202617779,41810.74057007334,2264.0,744.0,1520.0,2264.0,1768.357142857143,0,41284.5,,-0.0,0,0.0,-0.0
2024-01-10,46141.0,46632.0,47599.0,44591.0,52030057180.57072,915259343942.0361,0.011343907365844378,44171.32082356002,42007.526669254024,3008.0,1493.0,1515.0,3008.0,1873.2857142857142,0,41284.5,,0.0,0,0.0,0.0
2024-01-11,46566.0,46314.0,48888.0,45662.0,49198128806.306175,909846384596.2129,-0.006842709547476863,44385.58874120402,42183.30109091712,3226.0,2256.0,970.0,3226.0,1999.0714285714287,0,41284.5,,-0.0,0,0.0,-0.0
2024-01-12,46369.0,42894.0,46504.0,41730.0,45913301456.05085,838383512176.7352,-0.07671233518300202,44236.429867083614,42212.30920965519,4774.0,190.0,4584.0,4774.0,2234.1428571428573,0,41284.5,,-0.0,0,0.0,-0.0
2024-01-13,42871.0,42848.0,43213.0,42434.0,19424747840.478386,839198740717.084,-0.001072986504007795,44097.58688037525,42238.255772526405,779.0,319.0,460.0,779.0,2215.785714285714,0,41284.5,,-0.0,0,0.0,-0.0
2024-01-14,42823.0,41801.0,43088.0,41754.0,16968959097.076523,822907066751.3778,-0.024738706819236383,43867.92819233773,42220.40859813757,1334.0,240.0,1094.0,1334.0,2251.785714285714,0,41284.5,,-0.0,0,0.0,-0.0
2024-01-15,41747.0,42587.0,43313.0,41747.0,22634527323.56315,835225973285.8562,0.01862877969444427,43739.83537310395,42235.371512499296,1566.0,1512.0,54.0,1566.0,2223.5714285714284,0,41284.5,,0.0,0,0.0,0.0
2024-01-16,42506.0,43148.0,43539.0,42170.0,22023116042.275295,845770850849.578,0.013087024129212593,43680.65183579356,42272.62165484626,1369.0,952.0,417.0,1369.0,2198.3571428571427,0,41284.5,,0.0,0,0.0,0.0
2024-01-17,43136.0,42714.0,43198.0,42221.0,21299064875.187115,836987995502.6503,-0.010109331163391423,43583.986652214204,42290.6370975056,977.0,50.0,927.0,977.0,2006.4285714285713,0,41284.5,,-0.0,0,0.0,-0.0
2024-01-18,42753.0,41261.0,42883.0,40655.0,25160430945.289833,808845819110.2808,-0.034608991451670346,43351.68798699279,42248.611093525775,2228.0,169.0,2059.0,2228.0,2012.7857142857142,0,41284.5,,-0.0,0,0.0,-0.0
2024-01-19,41260.0,41601.0,42094.0,40300.0,24407872954.726807,815241536115.3193,0.00820646154171603,43176.61918829351,42222.17798766758,1794.0,833.0,961.0,1794.0,2057.714285714286,0,41284.5,,0.0,0,0.0,0.0
2024-01-20,41624.0,41626.0,41844.0,41423.0,9533488489.00503,817217622403.9753,0.0006007665962228821,43021.55726946416,42197.844192252574,421.0,243.0,178.0,421.0,2034.7857142857142,0,41284.5,,0.0,0,0.0,0.0
2024-01-21,41661.0,41542.0,41843.0,41513.0,8032696833.695371,814709364023.4832,-0.0020200083821430453,42873.60154251775,42171.075041548385,330.0,217.0,113.0,330.0,2001.0714285714287,0,41284.5,,-0.0,0,0.0,-0.0
2024-01-22,41546.0,39505.0,41645.0,39505.0,31202848830.101707,775020895102.2928,-0.050277717479220066,42536.741388265975,42062.25565209743,2140.0,103.0,2037.0,2140.0,1872.142857142857,0,41284.5,,-0.0,0,0.0,-0.0
2024-01-23,39519.0,39833.0,40125.0,38520.0,29683327703.0343,779133357029.7626,0.008268468292908586,42266.367249439376,41971.26562548121,1605.0,620.0,985.0,1605.0,1825.0714285714287,0,41284.5,,0.0,0,0.0,0.0
2024-01-24,39852.0,40124.0,40499.0,39544.0,22217129215.385582,786928905377.1826,0.007278944553633549,42052.13052449544,41895.86702852279,955.0,666.0,289.0,955.0,1678.4285714285713,0,41284.5,,0.0,0,0.0,0.0
2024-01-25,40062.0,39938.0,40262.0,39538.0,13376924612.77818,783180536824.566,-0.004646407400038829,41840.7174720459,41815.95408858309,724.0,138.0,586.0,724.0,1499.7142857142858,0,41284.5,,-0.0,0,0.0,-0.0
2024-01-26,39917.0,41863.0,42195.0,39827.0,22681602408.52447,820989861818.084,0.047074130291635645,41842.94572484131,41817.87432986541,2368.0,2257.0,111.0,2368.0,1327.857142857143,0,41284.5,,0.0,0,0.0,0.0
2024-01-27,41863.0,42120.0,42174.0,41439.0,10694258830.371908,826254540126.2368,0.0061203053529392745,41870.65115235718,41830.2059898709,735.0,311.0,424.0,735.0,1324.7142857142858,0,41284.5,,0.0,0,0.0,0.0
2024-01-28,42137.0,42027.0,42743.0,41735.0,13669905344.783924,824240091063.3245,-0.0022104183836881438,41886.28603712146,41838.2383984476,1008.0,623.0,385.0,1008.0,1301.4285714285713,0,41284.5,,-0.0,0,0.0,-0.0
2024-01-29,42037.0,43268.0,43287.0,41806.0,20680322267.003654,849198976216.4734,0.029101062885956645,42024.45743340932,41896.59601483749,1481.0,1260.0,221.0,1481.0,1295.357142857143,0,41284.5,,0.0,0,0.0,0.0
2024-01-30,43286.0,42892.0,43762.0,42792.0,24526664209.358597,839294111912.5715,-0.008728003410143955,42111.21169006839,41937.22474892575,970.0,494.0,476.0,970.0,1266.857142857143,0,41284.5,,-0.0,0,0.0,-0.0
2024-01-31,42950.0,42583.0,43655.0,42289.0,22197944957.07849,835421372330.6442,-0.007230215761482049,42158.390521061556,41963.58292243898,1366.0,763.0,603.0,1366.0,1294.642857142857,0,41284.5,,-0.0,0,0.0,-0.0
2024-02-01,42572.0,43069.0,43250.0,41883.0,22443682768.722225,844585195327.6586,0.011348368182878361,42249.451468955405,42008.70198682923,1367.0,667.0,700.0,1367.0,1233.142857142857,0,41284.5,,0.0,0,0.0,0.0
2024-02-02,43084.0,43171.0,43382.0,42586.0,18624791426.130833,846561992602.431,0.002365492754225867,42341.606322059866,42056.142722060686,796.0,313.0,483.0,796.0,1161.857142857143,0,41284.5,,0.0,0,0.0,0.0
2024-02-03,43173.0,42977.0,43361.0,42884.0,7779819312.310763,842668526994.8004,-0.004503884662217411,42405.14568985388,42093.72873340514,477.0,190.0,287.0,477.0,1165.857142857143,0,41284.5,,-0.0,0,0.0,-0.0
2024-02-04,42991.0,42599.0,43110.0,42429.0,11250814654.362,835416357159.2295,-0.00883431004990589,42424.531120868494,42114.35205040901,681.0,133.0,548.0,681.0,1190.9285714285713,0,41284.5,,-0.0,0,0.0,-0.0
2024-02-05,42575.0,42648.0,43520.0,42284.0,18682275991.626797,836630860392.2917,0.0011496006990618628,42446.87800878165,42136.133599371904,1236.0,921.0,315.0,1236.0,1126.357142857143,0,41284.5,,0.0,0,0.0,0.0
2024-02-06,42651.0,43088.0,43327.0,42524.0,17131113853.23615,845393687725.6221,0.010264156548783208,42510.99020790349,42174.98528919346,803.0,679.0,124.0,803.0,1069.0714285714287,0,41284.5,,0.0,0,0.0,0.0
2024-02-07,43078.0,44247.0,44322.0,42759.0,21200879624.73537,868672050077.7697,0.026543036476231876,42684.59118711314,42259.55731820597,1563.0,1234.0,329.0,1563.0,1112.5,0,41284.5,,0.0,0,0.0,0.0
2024-02-08,44318.0,45338.0,45559.0,44318.0,27709605138.49859,890468166608.419,0.024357960400858525,42949.932068401824,42385.20803991184,1241.0,1312.0,71.0,1312.0,1154.5,0,41284.5,,0.0,0,0.0,0.0
2024-02-09,45306.0,47143.0,48018.0,45258.0,41993952311.122856,925541926938.6151,0.03904000275731804,43369.238861561644,42579.40363011952,2760.0,2680.0,80.0,2760.0,1182.5,0,41284.5,,0.0,0,0.0,0.0
2024-02-10,47151.0,47769.0,48106.0,46890.0,16461159742.317774,938210772985.4427,0.01319135783874706,43809.214975405484,42791.22389011464,1216.0,963.0,253.0,1216.0,1216.857142857143,0,41284.5,,0.0,0,0.0,0.0
2024-02-11,47770.0,48190.0,48487.0,47624.0,13196875460.84672,945579645769.01,0.008774637109842694,44247.293477864936,43011.582098681385,863.0,718.0,145.0,863.0,1206.5,0,41284.5,,0.0,0,0.0,0.0
2024-02-12,48296.0,50050.0,50260.0,47729.0,37684440686.70893,981463410832.9637,0.03787097510898822,44827.56413007844,43298.86446200051,2531.0,2070.0,461.0,2531.0,1281.5,0,41284.5,,0.0,0,0.0,0.0
2024-02-13,49962.0,49732.0,50241.0,48385.0,37331081151.024765,974585308372.1277,-0.0063739166705384384,45318.0077170706,43561.44142273518,1856.0,191.0,1665.0,1856.0,1344.7857142857142,0,41284.5,,-0.0,0,0.0,-0.0
2024-02-14,49758.0,51790.0,51937.0,49320.0,41805076939.80903,1017596576729.7906,0.040548491345109024,45965.20694536354,43897.30095650109,2617.0,2205.0,412.0,2617.0,1434.142857142857,0,41284.5,,0.0,0,0.0,0.0
2024-02-15,51821.0,51958.0,52801.0,51384.0,31991869491.056656,1020725811639.5323,0.003238619478759235,46564.48625082719,44226.30908072553,1417.0,1011.0,406.0,1417.0,1437.7142857142858,0,41284.5,,0.0,0,0.0,0.0
2024-02-16,51941.0,52166.0,52443.0,51678.0,24850432117.896576,1024019280535.48,0.003995241763163956,47124.63762574447,44550.37809783877,765.0,485.0,280.0,765.0,1435.5,0,41284.5,,0.0,0,0.0,0.0
2024-02-17,52176.0,51685.0,52201.0,50675.0,19851884283.15723,1015778284418.9253,-0.009263337657275253,47580.67386317003,44841.58715506984,1526.0,35.0,1491.0,1526.0,1510.4285714285713,0,41284.5,,-0.0,0,0.0,-0.0
2024-02-18,51657.0,52138.0,52377.0,51215.0,17025880430.565874,1023586119011.2284,0.008726445483004169,48036.40647685303,45139.39992425066,1162.0,692.0,470.0,1162.0,1544.7857142857142,0,41284.5,,0.0,0,0.0,0.0
2024-02-19,52117.0,51764.0,52468.0,51723.0,22555121071.55909,1016146442771.5667,-0.007199122544028511,48409.16582916773,45409.79176407716,745.0,330.0,415.0,745.0,1509.7142857142858,0,41284.5,,-0.0,0,0.0,-0.0
2024-02-20,51784.0,52287.0,52902.0,50953.0,34499627551.319275,1026424315285.75,0.010052847248230645,48796.94924625096,45690.494141053605,1949.0,1138.0,811.0,1949.0,1591.5714285714287,0,41284.5,,0.0,0,0.0,0.0
2024-02-21,52230.0,51843.0,52376.0,50706.0,30624246621.0974,1018869881156.3213,-0.008527853467689944,49101.55432162587,45941.616829173865,1670.0,89.0,1581.0,1670.0,1599.2142857142858,0,41284.5,,-0.0,0,0.0,-0.0
2024-02-22,51863.0,51320.0,51992.0,50883.0,23733644208.80861,1007314397269.4122,-0.010139380992528705,49323.39888946328,46161.142672881055,1109.0,149.0,960.0,1109.0,1584.7142857142858,0,41284.5,,-0.0,0,0.0,-0.0
2024-02-23,51295.0,50841.0,51493.0,50660.0,22637679779.740997,999139504635.63,-0.009377424068091266,49475.15900051695,46352.15725766142,833.0,173.0,660.0,833.0,1447.0714285714287,0,41284.5,,-0.0,0,0.0,-0.0
2024-02-24,50732.0,51553.0,51697.0,50598.0,15528276123.53668,1012485917140.1924,0.013907289016592541,49682.94310046526,46564.43655326707,1099.0,856.0,243.0,1099.0,1438.7142857142858,0,41284.5,,0.0,0,0.0,0.0
2024-02-25,51558.0,51752.0,51918.0,51308.0,15455098216.48263,1016549456019.3263,0.00385267404574741,49889.848790418735,46776.17383680719,610.0,365.0,245.0,610.0,1420.642857142857,0,41284.5,,0.0,0,0.0,0.0
2024-02-26,51725.0,54478.0,54925.0,50927.0,35407941475.56789,1071049856128.8474,0.051333871706187605,50348.66391137686,47090.534088366076,3998.0,3173.0,825.0,3998.0,1525.4285714285713,0,41284.5,,0.0,0,0.0,0.0
2024-02-27,54528.0,57004.0,57469.0,54478.0,51983799587.1939,1118963733317.3013,0.04532449036309379,51014.19752023918,47495.165350065414,2991.0,2991.0,0.0,2991.0,1606.5,0,41284.5,,0.0,0,0.0,0.0
2024-02-28,57050.0,62559.0,63637.0,56741.0,87218855804.01622,1225273849241.6978,0.09298867064360246,52168.67776821526,48110.01574394029,6896.0,6633.0,263.0,6896.0,1912.142857142857,0,41284.5,,0.0,0,0.0,0.0
2024-02-29,62519.0,61298.0,63435.0,60562.0,67692687247.36391,1206725326872.1362,-0.020362895472062142,53081.609991393736,48648.300815616196,2873.0,876.0,1997.0,2873.0,2016.142857142857,0,41284.5,,-0.0,0,0.0,-0.0
2024-03-01,61201.0,62427.0,63136.0,60833.0,36699193361.155365,1227712629022.1812,0.0182506581162462,54016.14899225436,49210.696700693086,2303.0,1838.0,465.0,2303.0,2126.0,0,41284.5,,0.0,0,0.0,0.0
2024-03-02,62418.0,62068.0,62437.0,61721.0,25198213831.25236,1219383305483.4985,-0.005767315877514642,54821.33409302893,49735.484590460714,716.0,10.0,706.0,716.0,2068.1428571428573,0,41284.5,,-0.0,0,0.0,-0.0
2024-03-03,62025.0,63053.0,63234.0,61483.0,27108369390.44353,1236312176673.4497,0.015745084342432273,55644.50068372604,50279.056647992926,1751.0,1166.0,585.0,1751.0,2110.214285714286,0,41284.5,,0.0,0,0.0,0.0
2024-03-04,63169.0,68187.0,68551.0,62883.0,74551714626.1156,1333913436699.1726,0.07827828828046196,56898.750615353434,51009.99311134015,5668.0,5498.0,170.0,5668.0,2461.8571428571427,0,41284.5,,0.0,0,0.0,0.0
2024-03-05,68340.0,64292.0,68913.0,60861.0,96403762012.66058,1264870242318.5977,-0.05881872413723732,57638.07555381809,51552.115841489525,8052.0,726.0,7326.0,8052.0,2897.785714285714,0,41284.5,,-0.0,0,0.0,-0.0
2024-03-06,63789.0,66146.0,67510.0,62933.0,73151905042.04068,1297845751759.601,0.02842921339387151,58488.86799843628,52147.784582653214,4577.0,3218.0,1359.0,4577.0,3105.4285714285716,0,41284.5,,0.0,0,0.0,0.0
2024-03-07,66090.0,66945.0,68006.0,65722.0,48853892626.0196,1317508010581.0813,0.01200696664857696,59334.48119859266,52751.75255887145,2284.0,1860.0,424.0,2284.0,3189.3571428571427,0,41284.5,,0.0,0,0.0,0.0
2024-03-08,66949.0,68315.0,69428.0,66610.0,63346588227.32869,1340971395884.519,0.020257975041108364,60232.533078733395,53386.98714830526,2818.0,2483.0,335.0,2818.0,3331.1428571428573,0,41284.5,,0.0,0,0.0,0.0
2024-03-09,68315.0,68508.0,68670.0,68053.0,21359706190.81524,1346027264110.4956,0.002821164979671267,61060.07977086006,54004.17134633362,617.0,355.0,262.0,617.0,3296.714285714286,0,41284.5,,0.0,0,0.0,0.0
2024-03-10,68484.0,69076.0,70009.0,68351.0,36660543917.16198,1357390358031.5388,0.008256820952301172,61861.671793774054,54619.3480260751,1658.0,1501.0,157.0,1658.0,3371.5714285714284,0,41284.5,,0.0,0,0.0,0.0
2024-03-11,69046.0,72131.0,72711.0,67785.0,66653067165.93465,1417772589113.9521,0.043276562553980276,62888.60461439665,55334.10933113326,4926.0,3635.0,1291.0,4926.0,3437.8571428571427,0,41284.5,,0.0,0,0.0,0.0
2024-03-12,72109.0,71467.0,72734.0,69368.0,64599341551.27301,1403692914139.1924,-0.009248105579639428,63746.44415295699,55992.59466455639,3366.0,603.0,2763.0,3366.0,3464.6428571428573,0,41284.5,,-0.0,0,0.0,-0.0
2024-03-13,71444.0,73098.0,73604.0,71337.0,51906601043.53671,1436631290571.5388,0.02256520190356092,64681.599737661294,56690.77447416633,2267.0,2137.0,130.0,2267.0,3134.0,0,41284.5,,0.0,0,0.0,0.0
2024-03-14,73091.0,71420.0,73738.0,68862.0,63073551321.74747,1403843488135.24,-0.023223064434023003,65355.43976389516,57291.96735277178,4876.0,640.0,4236.0,4876.0,3277.0714285714284,0,41284.5,,-0.0,0,0.0,-0.0
2024-03-15,71385.0,69498.0,72288.0,65848.0,81204427005.22603,1367669237527.8738,-0.027279966988038345,65769.69578750565,57790.17276694436,6440.0,868.0,5572.0,6440.0,3572.5714285714284,0,41284.5,,-0.0,0,0.0,-0.0
2024-03-16,69441.0,65292.0,70034.0,65015.0,49265436012.59228,1282404282863.459,-0.062428457886475414,65721.92620875509,58096.369796864994,5019.0,536.0,4483.0,5019.0,3879.9285714285716,0,41284.5,,-0.0,0,0.0,-0.0
2024-03-17,65323.0,68425.0,68804.0,64866.0,47190980586.56393,1344508983079.8567,0.046868737634954104,65992.23358787959,58517.94653985009,3938.0,3512.0,426.0,3938.0,4036.1428571428573,0,41284.5,,0.0,0,0.0,0.0
2024-03-18,68425.0,67709.0,68834.0,66605.0,51101822566.75771,1331771923948.0378,-0.010519144405477394,66163.91022909163,58893.09157903988,2229.0,409.0,1820.0,2229.0,3790.5,0,41284.5,,-0.0,0,0.0,-0.0
2024-03-19,67600.0,62133.0,68182.0,61593.0,80179417876.47993,1223867418062.399,-0.08594186175914183,65760.81920618247,59025.332739079066,6589.0,473.0,6116.0,6589.0,3686.0,0,41284.5,,-0.0,0,0.0,-0.0
2024-03-20,61866.0,67819.0,68034.0,60914.0,70836803714.91411,1332594162507.5205,0.08756514291365673,65966.63728556423,59384.25793340237,7120.0,5901.0,1219.0,7120.0,3867.6428571428573,0,41284.5,,0.0,0,0.0,0.0
2024-03-21,67855.0,65536.0,68120.0,64760.0,48393664548.05336,1287348061971.4202,-0.034242781698792385,65923.57355700781,59635.34944632472,3360.0,301.0,3059.0,3360.0,3944.5,0,41284.5,,-0.0,0,0.0,-0.0
2024-03-22,65492.0,63509.0,66596.0,62450.0,42436600223.53738,1247366367469.2778,-0.031417981837948514,65682.11620130703,59793.45763218901,4146.0,1060.0,3086.0,4146.0,4039.3571428571427,0,41284.5,,-0.0,0,0.0,-0.0
2024-03-23,63659.0,64286.0,65937.0,63169.0,25489933245.687557,1264722355270.5166,0.012160250004580741,65542.50458117633,59976.82670842619,2768.0,2428.0,340.0,2768.0,4193.0,0,41284.5,,0.0,0,0.0,0.0
2024-03-24,64018.0,67311.0,67590.0,63873.0,28098318940.431744,1323456466317.511,0.04598179240212991,65719.3541230587,60276.18072032716,3717.0,3304.0,413.0,3717.0,4340.071428571428,0,41284.5,,0.0,0,0.0,0.0
2024-03-25,67232.0,69939.0,71007.0,66475.0,44820310272.647514,1371797489739.3416,0.03829976301757465,66141.31871075284,60670.58150725258,4532.0,3696.0,836.0,4532.0,4311.928571428572,0,41284.5,,0.0,0,0.0,0.0
2024-03-26,69946.0,70082.0,71419.0,69567.0,36257324508.56845,1375728580463.2524,0.002042551470372645,66535.38683967755,61054.7210375688,1852.0,1480.0,372.0,1852.0,4203.785714285715,0,41284.5,,0.0,0,0.0,0.0
2024-03-27,69979.0,69436.0,71528.0,68490.0,41441040887.822266,1360261687784.1018,-0.009260520027394484,66825.4481557098,61396.81405644354,3038.0,1446.0,1592.0,3038.0,4258.857142857143,0,41284.5,,-0.0,0,0.0,-0.0
2024-03-28,69402.0,70710.0,71552.0,68991.0,30455289338.47621,1390869723348.0437,0.01818154060984668,67213.90334013883,61776.944094956045,2561.0,2116.0,445.0,2561.0,4093.5,0,41284.5,,0.0,0,0.0,0.0
2024-03-29,70744.0,69919.0,70908.0,69197.0,25785951735.485695,1374646886107.8396,-0.011249576430641365,67484.41300612495,62109.27290740681,1711.0,198.0,1513.0,1711.0,3755.714285714286,0,41284.5,,-0.0,0,0.0,-0.0
2024-03-30,69906.0,69702.0,70343.0,69622.0,16408802301.837431,1370247487960.0945,-0.003108417426115292,67706.17170551245,62419.18013567592,721.0,424.0,297.0,721.0,3448.714285714286,0,41284.5,,-0.0,0,0.0,-0.0
2024-03-31,69622.0,71247.0,71315.0,69622.0,19723005998.21497,1401370211582.3662,0.021923701239757808,68060.2545349612,62779.49931381159,1693.0,1613.0,80.0,1693.0,3288.3571428571427,0,41284.5,,0.0,0,0.0,0.0
2024-04-01,71344.0,69786.0,71344.0,68257.0,36040088988.53872,1373784286061.3486,-0.020719296414193802,68232.82908146508,63065.47893365601,3087.0,97.0,2990.0,3087.0,3349.6428571428573,0,41284.5,,-0.0,0,0.0,-0.0
2024-04-02,69674.0,65440.0,69674.0,64693.0,45161133992.09071,1288360536576.547,-0.06429972429046517,67953.54617331858,63162.39816085372,4981.0,112.0,5093.0,5093.0,3242.785714285714,0,41284.5,,-0.0,0,0.0,-0.0
2024-04-03,65450.0,66124.0,66945.0,64673.0,35559952961.797325,1301670235623.7266,0.010398074896274158,67770.59155598673,63283.279868573976,2272.0,1505.0,767.0,2272.0,2896.5,0,41284.5,,0.0,0,0.0,0.0
2024-04-04,65978.0,68542.0,69199.0,65135.0,37516850709.63811,1348455954443.3696,0.03591492887081997,67847.73240038806,63497.92150659136,4064.0,3075.0,989.0,4064.0,2946.785714285714,0,41284.5,,0.0,0,0.0,0.0
2024-04-05,68456.0,67979.0,68679.0,66174.0,35132808695.80448,1337452583876.3916,-0.008247862110696915,67860.85916034925,63680.82266958763,2505.0,137.0,2368.0,2505.0,2829.5714285714284,0,41284.5,,-0.0,0,0.0,-0.0
2024-04-06,67862.0,69001.0,69577.0,67509.0,19119438138.850826,1358548956714.7139,0.014922163294974915,67974.87324431432,63897.9727647065,2068.0,1598.0,470.0,2068.0,2779.5714285714284,0,41284.5,,0.0,0,0.0,0.0
2024-04-07,68896.0,69402.0,70231.0,68863.0,17935478429.01022,1367272232852.0764,0.00579468829545578,68117.5859198829,64122.626937575624,1368.0,1230.0,138.0,1368.0,2611.785714285714,0,41284.5,,0.0,0,0.0,0.0
2024-04-08,69375.0,71624.0,72632.0,69118.0,33111949671.02105,1410324678268.6392,0.03151452779053547,68468.22732789461,64428.80542991947,3514.0,3230.0,284.0,3514.0,2539.0714285714284,0,41284.5,,0.0,0,0.0,0.0
2024-04-09,71629.0,69159.0,71743.0,68208.0,36488482038.859055,1361830648708.6648,-0.03502201184628626,68537.30459510515,64621.8745960452,3535.0,119.0,3416.0,3535.0,2659.285714285714,0,41284.5,,-0.0,0,0.0,-0.0
2024-04-10,69112.0,70528.0,70938.0,67569.0,38378062633.13138,1387722485989.3584,0.01960159260482598,68736.37413559464,64862.94093906376,3369.0,1779.0,1590.0,3369.0,2682.9285714285716,0,41284.5,,0.0,0,0.0,0.0
2024-04-11,70602.0,70107.0,71221.0,69581.0,30118549149.510498,1379324055321.196,-0.005987147688615482,68873.43672203519,65076.98416604075,1640.0,693.0,947.0,1640.0,2617.1428571428573,0,41284.5,,-0.0,0,0.0,-0.0
2024-04-12,70000.0,67252.0,71212.0,65771.0,43471949726.09197,1321648247460.1611,-0.041575888585097386,68711.29304983167,65165.76032252888,5441.0,1105.0,4336.0,5441.0,2883.5714285714284,0,41284.5,,-0.0,0,0.0,-0.0
2024-04-13,67197.0,64405.0,67936.0,61514.0,49214481480.20075,1270009515097.3306,-0.04325548796863056,68280.66374484851,65134.708880793,6422.0,684.0,5738.0,6422.0,3290.785714285714,0,41284.5,,-0.0,0,0.0,-0.0
2024-04-14,63957.0,65753.0,65753.0,62138.0,40292911692.95434,1293286386553.3967,0.02071402754535155,68027.89737036366,65159.94525300553,3615.0,1348.0,2267.0,3615.0,3428.0714285714284,0,41284.5,,0.0,0,0.0,0.0
2024-04-15,65680.0,63431.0,66798.0,62629.0,42796604938.03423,1247928896840.997,-0.03595259646118077,67568.2076333273,65089.3760590053,4169.0,1045.0,3124.0,4169.0,3505.3571428571427,0,41284.5,,-0.0,0,0.0,-0.0
2024-04-16,63409.0,63721.0,64329.0,61714.0,42157169474.39519,1253670904297.4917,0.004561477646243047,67183.48686999457,65033.523974964264,2615.0,898.0,1717.0,2615.0,3328.3571428571427,0,41284.5,,0.0,0,0.0,0.0
2024-04-17,63814.0,61329.0,64414.0,60062.0,41123362075.93534,1207185042484.4346,-0.038261364307484544,66598.03818299511,64882.318914761636,4352.0,693.0,3659.0,4352.0,3476.9285714285716,0,41284.5,,-0.0,0,0.0,-0.0
2024-04-18,61272.0,63462.0,63989.0,60862.0,35901618166.42319,1249565911947.3347,0.03418848730299043,66284.4343646956,64824.34671415912,3127.0,2660.0,467.0,3127.0,3410.0,0,41284.5,,0.0,0,0.0,0.0
2024-04-19,63517.0,63989.0,65416.0,60022.0,52227787323.81757,1263308149913.607,0.008269892013500485,66054.89092822604,64790.25092990772,5394.0,1954.0,3440.0,5394.0,3616.3571428571427,0,41284.5,,0.0,0,0.0,0.0
2024-04-20,63841.0,64894.0,65377.0,63230.0,16601830590.687477,1277940837359.7852,0.014043975925856917,65938.80183540344,64794.485585829854,2147.0,1388.0,759.0,2147.0,3622.0,0,41284.5,,0.0,0,0.0,0.0
2024-04-21,64976.0,64936.0,65674.0,64365.0,19592118541.18973,1279763566407.3762,0.0006469999455460945,65838.5216518631,64800.26168436741,1309.0,780.0,529.0,1309.0,3617.785714285714,0,41284.5,,0.0,0,0.0,0.0
2024-04-22,64919.0,66842.0,67208.0,64565.0,27748586313.20611,1317058642854.2856,0.028929456022932388,65938.86948667679,64883.59794214833,2643.0,2272.0,371.0,2643.0,3555.5714285714284,0,41284.5,,0.0,0,0.0,0.0
2024-04-23,66840.0,66407.0,67166.0,65889.0,23232230785.201836,1306843409278.049,-0.006529152869147214,65985.68253800912,64945.77761797901,1277.0,324.0,953.0,1277.0,3394.285714285714,0,41284.5,,-0.0,0,0.0,-0.0
2024-04-24,66429.0,64280.0,67058.0,63571.0,30939903322.025898,1265541377860.928,-0.03255393174334784,65815.1142842082,64918.6030213268,3487.0,651.0,2836.0,3487.0,3402.714285714286,0,41284.5,,-0.0,0,0.0,-0.0
2024-04-25,64247.0,64486.0,65069.0,62924.0,24705345525.57077,1269387456067.624,0.003199605109163108,65682.20285578739,64900.9457551502,2145.0,789.0,1356.0,2145.0,3438.785714285714,0,41284.5,,0.0,0,0.0,0.0
2024-04-26,64496.0,63802.0,64728.0,63353.0,23302057197.884678,1255539337969.4697,-0.010663608156685551,65494.18257020865,64856.090826368556,1375.0,242.0,1133.0,1375.0,3148.3571428571427,0,41284.5,,-0.0,0,0.0,-0.0
2024-04-27,63752.0,63517.0,63787.0,62528.0,19190483386.063873,1249495302303.4912,-0.004476951217387518,65296.46431318779,64801.43405794535,1259.0,15.0,1274.0,1274.0,2780.6428571428573,0,41284.5,,-0.0,0,0.0,-0.0
2024-04-28,63395.0,63030.0,64258.0,62837.0,16180294651.046635,1240724751365.882,-0.007696783079383259,65069.817881869014,64729.1306270088,1421.0,741.0,680.0,1421.0,2623.9285714285716,0,41284.5,,-0.0,0,0.0,-0.0
2024-04-29,63133.0,63798.0,64110.0,61890.0,27242983698.21234,1257159131219.0603,0.012111038371985319,64942.636093682115,64691.12529529416,2220.0,1080.0,1140.0,2220.0,2484.714285714286,0,41284.5,,0.0,0,0.0,0.0
2024-04-30,63827.0,60749.0,64555.0,59131.0,39533113322.04938,1197773959985.8767,-0.04897122071717829,64523.27248431391,64530.22222201684,5424.0,757.0,4667.0,5424.0,2685.3571428571427,-1,67462.39285714286,67462.39285714286,-0.001,1,0.001,-0.0
2024-05-01,60570.0,58298.0,60693.0,56637.0,51109380171.692604,1151677489315.1536,-0.041182833729144164,63900.74523588252,64275.84580479166,4056.0,56.0,4112.0,4112.0,2668.214285714286,-1,64968.53571428572,64968.53571428572,0.041182833729144164,0,0.0,0.041182833729144164
2024-05-02,58306.0,59135.0,59633.0,56990.0,28255509745.49032,1164721402399.166,0.014255178252398557,63424.17071229427,64066.01536377975,2643.0,1335.0,1308.0,2643.0,2633.6428571428573,-1,64968.53571428572,65719.10714285714,-0.014255178252398557,0,0.0,-0.014255178252398557
2024-05-03,59102.0,62839.0,63160.0,58842.0,33591665812.212433,1239817041554.716,0.06075293412678444,63365.65364106484,64015.93310403363,4318.0,4025.0,293.0,4318.0,2556.785714285714,-1,64968.53571428572,69230.96428571429,-0.06075293412678444,0,0.0,-0.06075293412678444
2024-05-04,62889.0,63820.0,64349.0,62660.0,20510614461.479218,1257549583083.3145,0.01549072102023268,63411.088276958355,64007.935834481235,1689.0,1510.0,179.0,1689.0,2524.0714285714284,-1,64968.53571428572,70130.17857142857,-0.01549072102023268,0,0.0,-0.01549072102023268
2024-05-05,63917.0,64010.0,64509.0,63005.0,18115695040.201984,1259667234461.2874,0.002972700303814642,63470.97944926252,64008.02008613506,1504.0,689.0,815.0,1504.0,2538.0,-1,64968.53571428572,70355.0,-0.002972700303814642,0,0.0,-0.002972700303814642
2024-05-06,64028.0,63172.0,65489.0,62861.0,17917770174.27797,1244417948315.7583,-0.013178156146103905,63441.081504336275,63973.896817313216,2628.0,1479.0,1149.0,2628.0,2536.9285714285716,-1,64968.53571428572,69514.32142857143,0.013178156146103905,0,0.0,0.013178156146103905
2024-05-07,63159.0,62363.0,64413.0,62303.0,19925137720.849453,1229336706399.346,-0.012889014213988168,63333.27335390265,63908.145926810634,2110.0,1241.0,869.0,2110.0,2596.4285714285716,-1,64968.53571428572,68854.07142857143,0.012889014213988168,0,0.0,0.012889014213988168
2024-05-08,62333.0,61216.0,62947.0,60842.0,20303831135.373127,1203918522476.5405,-0.01856355753597771,63121.54601851239,63798.26241959387,2105.0,584.0,1521.0,2105.0,2497.714285714286,-1,64968.53571428572,67460.28571428571,0.01856355753597771,0,0.0,0.01856355753597771
2024-05-09,61188.0,63149.0,63337.0,60687.0,25837724247.550426,1240910691253.6274,0.031088420100530468,63124.29141666115,63771.76191267167,2650.0,2121.0,529.0,2650.0,2533.785714285714,-1,64968.53571428572,69483.46428571429,-0.031088420100530468,0,0.0,-0.031088420100530468
2024-05-10,63065.0,60888.0,63458.0,60321.0,23987518755.480534,1199393711200.297,-0.03646090239328238,62900.66227499504,63654.057344807516,3137.0,309.0,2828.0,3137.0,2659.6428571428573,-1,64968.53571428572,67537.10714285714,0.03646090239328238,0,0.0,0.03646090239328238
2024-05-11,60790.0,60777.0,61427.0,60532.0,12120618802.065384,1197102943502.2341,-0.0018246830361661258,62688.29604749554,63536.62643277455,895.0,539.0,356.0,895.0,2632.5714285714284,-1,64968.53571428572,67358.42857142857,0.0018246830361661258,0,0.0,0.0018246830361661258
2024-05-12,60795.0,61507.0,61759.0,60698.0,13045696108.912676,1211277523448.5786,0.01193956154462499,62570.16644274599,63453.78453755926,1061.0,982.0,79.0,1061.0,2606.8571428571427,-1,64968.53571428572,68024.14285714286,-0.01193956154462499,0,0.0,-0.01193956154462499
2024-05-13,61484.0,62879.0,63340.0,60777.0,27740460083.601814,1238994152713.125,0.0220612552130548,62601.049798471395,63430.32394418949,2563.0,1833.0,730.0,2563.0,2631.3571428571427,-1,64968.53571428572,69457.39285714286,-0.0220612552130548,0,0.0,-0.0220612552130548
2024-05-14,62905.0,61569.0,63088.0,61109.0,21581895152.31416,1212998352772.157,-0.021053747571523763,62497.84481862426,63354.3515383042,1979.0,209.0,1770.0,1979.0,2385.285714285714,-1,64968.53571428572,67532.21428571429,0.021053747571523763,0,0.0,0.021053747571523763
2024-05-15,61540.0,66221.0,66413.0,61377.0,38101793065.15294,1307048849176.4167,0.07283913606789016,62870.16033676184,63471.35759796525,5036.0,4844.0,192.0,5036.0,2451.285714285714,0,64968.53571428572,72349.21428571429,-0.07383913606789017,1,0.001,-0.07283913606789016
2024-05-16,66229.0,65261.0,66568.0,64596.0,29114585833.349678,1286278919684.0837,-0.014603018813100575,63109.24430308565,63544.40422661973,1972.0,347.0,1625.0,1972.0,2403.3571428571427,0,64968.53571428572,,-0.0,0,0.0,-0.0
2024-05-17,65216.0,67053.0,67422.0,65157.0,25397793918.993534,1319238394090.13,0.02708873708619805,63503.61987277709,63687.61221736994,2265.0,2161.0,104.0,2265.0,2256.714285714286,0,64968.53571428572,,0.0,0,0.0,0.0
2024-05-18,67059.0,66913.0,67377.0,66693.0,13025487675.845129,1319928522881.6436,-0.0020900833191291155,63844.55788549938,63819.26069829361,684.0,324.0,360.0,684.0,2184.9285714285716,1,61450.67857142857,61450.67857142857,-0.001,1,0.001,-0.0
2024-05-19,66940.0,66253.0,67698.0,66000.0,9072734600.009218,1304727108597.6987,-0.009912521276984262,64085.402096949445,63918.59699632244,1698.0,785.0,913.0,1698.0,2198.785714285714,1,61450.67857142857,60756.03571428572,-0.009912521276984262,0,0.0,-0.009912521276984262
2024-05-20,66273.0,71430.0,71619.0,66118.0,35923476641.4359,1406288649446.611,0.07523720230692657,64819.861887254505,64225.184874023565,5501.0,5366.0,135.0,5501.0,2404.0,1,65420.0,65420.0,0.07523720230692657,0,0.0,0.07523720230692657
2024-05-21,71464.0,70190.0,71650.0,69212.0,41105056578.01701,1382275470797.567,-0.017512098424550978,65356.87569852905,64468.646715900155,2438.0,220.0,2218.0,2438.0,2427.4285714285716,1,65420.0,64121.42857142857,-0.017512098424550978,0,0.0,-0.017512098424550978
2024-05-22,70139.0,69181.0,70585.0,69030.0,31059440495.91766,1362228629448.754,-0.01447959229296992,65739.28812867615,64660.987666271576,1555.0,395.0,1160.0,1555.0,2388.1428571428573,1,65420.0,63210.642857142855,-0.01447959229296992,0,0.0,-0.01447959229296992
2024-05-23,69125.0,67906.0,70029.0,66725.0,39235702119.25446,1336347300306.381,-0.01860186254568336,65955.95931580855,64793.43714928089,3304.0,848.0,2456.0,3304.0,2434.8571428571427,1,65420.0,61818.857142857145,-0.01860186254568336,0,0.0,-0.01860186254568336
2024-05-24,67938.0,68540.0,69180.0,66666.0,28127411967.182774,1350764328536.3708,0.009293120542785931,66214.36338422769,64946.3580819633,2514.0,1274.0,1240.0,2514.0,2390.3571428571427,1,65420.0,62564.107142857145,0.009293120542785931,0,0.0,0.009293120542785931
2024-05-25,68517.0,69268.0,69572.0,68514.0,15929396750.116022,1363997851294.8164,0.010565522643441657,66519.72704580492,65122.75162963826,1058.0,1032.0,26.0,1058.0,2402.0,1,65420.0,63263.0,0.010565522643441657,0,0.0,0.010565522643441657
2024-05-26,69305.0,68509.0,69441.0,68309.0,11243743771.147913,1349351520129.172,-0.011017915590908704,66718.65434122442,65260.9658488367,1132.0,173.0,959.0,1132.0,2407.0714285714284,1,65420.0,62491.32142857143,-0.011017915590908704,0,0.0,-0.011017915590908704
2024-05-27,68506.0,69367.0,70602.0,68256.0,18983806932.464344,1366931305389.0393,0.012446126602965369,66983.48890710199,65428.55907949642,2346.0,2093.0,253.0,2346.0,2391.5714285714284,1,65420.0,63388.07142857143,0.012446126602965369,0,0.0,0.012446126602965369
2024-05-28,69401.0,68317.0,69466.0,67201.0,31278122196.184998,1347542673428.3018,-0.015252612592788917,67116.84001639178,65546.45462727208,2265.0,99.0,2166.0,2265.0,2412.0,1,65420.0,62287.0,-0.015252612592788917,0,0.0,-0.015252612592788917
2024-05-29,68302.0,67577.0,68831.0,67123.0,24320692137.62038,1331734029835.3335,-0.010890949040277735,67162.8560147526,65629.33403024056,1708.0,514.0,1194.0,1708.0,2174.285714285714,1,65420.0,62141.28571428572,-0.010890949040277735,0,0.0,-0.010890949040277735
2024-05-30,67567.0,68372.0,69467.0,67121.0,25344376897.716885,1346147846430.124,0.011695695625127171,67283.77041327734,65741.27958002665,2346.0,1890.0,456.0,2346.0,2201.0,1,65420.0,62869.5,0.011695695625127171,0,0.0,0.011695695625127171
2024-05-31,68363.0,67475.0,69009.0,66722.0,19685305476.459476,1331606411822.8157,-0.013206225189953243,67302.8933719496,65812.04367880107,2287.0,637.0,1650.0,2287.0,2202.5714285714284,1,65420.0,61968.57142857143,-0.013206225189953243,0,0.0,-0.013206225189953243
2024-06-01,67481.0,67704.0,67817.0,67409.0,10724053324.55672,1333649555935.3525,0.0033881034637365456,67343.00403475465,65889.26638578878,408.0,342.0,66.0,408.0,2182.8571428571427,1,65420.0,62246.857142857145,0.0033881034637365456,0,0.0,0.0033881034637365456
2024-06-02,67729.0,67740.0,68353.0,67374.0,16137350587.750422,1335930570689.7126,0.000531585021820729,67382.70363127919,65964.80653330761,979.0,649.0,330.0,979.0,2131.5,1,65420.0,62411.25,0.000531585021820729,0,0.0,0.000531585021820729
2024-06-03,67750.0,68808.0,70188.0,67566.0,29862293749.910686,1355484820107.0864,0.01564316985955274,67525.23326815128,66080.85524623383,2622.0,2448.0,174.0,2622.0,1925.857142857143,1,65420.0,63993.357142857145,0.01564316985955274,0,0.0,0.01564316985955274
2024-06-04,68810.0,70600.0,71018.0,68544.0,31561053725.144592,1390853496950.4385,0.025710127250018054,67832.70994133616,66265.31013414265,2474.0,2210.0,264.0,2474.0,1928.4285714285713,1,65778.92857142857,65778.92857142857,0.025710127250018054,0,0.0,0.025710127250018054
2024-06-05,70542.0,71185.0,71741.0,70409.0,32560403314.989147,1400297735227.1965,0.008251977566512705,68167.93894720255,66466.11380213682,1332.0,1141.0,191.0,1332.0,1912.5,1,66403.75,66403.75,0.008251977566512705,0,0.0,0.008251977566512705
2024-06-06,71054.0,70760.0,71595.0,70066.0,23612879689.560955,1394881646977.521,-0.005988252774124593,68427.1450524823,66641.3744632741,1529.0,410.0,1119.0,1529.0,1785.7142857142858,1,66403.75,66295.71428571429,-0.005988252774124593,0,0.0,-0.005988252774124593
2024-06-07,70774.0,69325.0,71931.0,68856.0,18597495569.911568,1366366925856.506,-0.02048827778974284,68516.93054723408,66750.91019946699,3075.0,1171.0,1904.0,3075.0,1825.7857142857142,1,66403.75,64760.53571428572,-0.02048827778974284,0,0.0,-0.02048827778974284
2024-06-08,69339.0,69315.0,69544.0,69206.0,10688301508.476225,1366065699664.3162,-0.00014425851150236686,68596.73749251067,66855.56692601935,338.0,219.0,119.0,338.0,1774.357142857143,1,66403.75,64879.107142857145,-0.00014425851150236686,0,0.0,-0.00014425851150236686
2024-06-09,69305.0,69654.0,69829.0,69158.0,10461044041.080194,1372556186704.501,0.004878795593614256,68702.4637432596,66969.788684141,671.0,514.0,157.0,671.0,1741.4285714285713,1,66403.75,65300.42857142857,0.004878795593614256,0,0.0,0.004878795593614256
2024-06-10,69649.0,69493.0,70127.0,69240.0,19335866773.67523,1369378888543.5317,-0.002314100510209583,68781.51736893365,67072.77690111483,887.0,473.0,414.0,887.0,1637.2142857142858,1,66403.75,65399.96428571428,-0.002314100510209583,0,0.0,-0.002314100510209583
2024-06-11,69520.0,67329.0,69543.0,66208.0,38513044382.60802,1327665028180.2761,-0.03163497784725697,68636.26563204029,67083.23498678362,3335.0,50.0,3285.0,3335.0,1713.642857142857,1,66403.75,63044.892857142855,-0.03163497784725697,0,0.0,-0.03163497784725697
2024-06-12,67289.0,68225.0,69945.0,66910.0,36027809551.45211,1345244310606.6865,0.013220016367914825,68595.13906883626,67129.83764038428,3035.0,2616.0,419.0,3035.0,1808.4285714285713,1,66403.75,63703.92857142857,0.013220016367914825,0,0.0,0.013220016367914825
2024-06-13,68250.0,66700.0,68507.0,66426.0,29654777884.381138,1317161415434.6978,-0.02260611367282414,68405.62516195263,67112.29324689921,2081.0,282.0,1799.0,2081.0,1789.5,1,66403.75,62226.25,-0.02260611367282414,0,0.0,-0.02260611367282414
2024-06-14,66746.0,66011.0,67265.0,65019.0,27966992832.749634,1301949410096.3496,-0.010383558115831696,68166.16264575737,67067.34250212781,2246.0,565.0,1681.0,2246.0,1786.5714285714287,0,66403.75,61544.57142857143,-0.011383558115831697,1,0.001,-0.010383558115831696
2024-06-15,66012.0,66190.0,66438.0,65931.0,13472726244.723091,1304370314917.9756,0.002707999325085059,67968.54638118164,67031.53260408177,507.0,427.0,80.0,507.0,1793.642857142857,0,66403.75,,0.0,0,0.0,0.0
2024-06-16,66188.0,66616.0,66993.0,65989.0,12650130203.722813,1313849391756.9756,0.006415394802686814,67833.29174306348,67014.57208962945,1004.0,803.0,201.0,1004.0,1795.4285714285713,0,66403.75,,0.0,0,0.0,0.0
2024-06-17,66642.0,66460.0,67179.0,65086.0,29409728999.276093,1309329377372.7744,-0.0023445260070699514,67695.96256875714,66991.93649413437,2093.0,563.0,1530.0,2093.0,1757.642857142857,0,66403.75,,-0.0,0,0.0,-0.0
2024-06-18,66469.0,65109.0,66529.0,64149.0,41386972050.31837,1282295865979.065,-0.02053747441948969,67437.26631188142,66915.08194335336,2380.0,69.0,2311.0,2380.0,1750.9285714285713,0,66403.75,,-0.0,0,0.0,-0.0
2024-06-19,65159.0,64907.0,65633.0,64705.0,21680698980.889107,1278699763341.0723,-0.0031073123697448386,67184.23968069328,66833.11941505322,928.0,524.0,404.0,928.0,1722.0714285714287,0,66403.75,,-0.0,0,0.0,-0.0
2024-06-20,64962.0,64845.0,66437.0,64545.0,26001551474.84426,1279317116821.3782,-0.0009556693495088348,66950.31571262395,66751.97168382656,1892.0,1530.0,362.0,1892.0,1748.0,0,66403.75,,-0.0,0,0.0,-0.0
2024-06-21,64809.0,64072.0,65000.0,63358.0,24694310198.90943,1263258746635.2896,-0.011992355766323664,66662.48414136156,66642.5850844867,1642.0,155.0,1487.0,1642.0,1645.642857142857,0,66403.75,,-0.0,0,0.0,-0.0
2024-06-22,64121.0,64240.0,64484.0,63912.0,6340606686.24879,1266336092890.8738,0.002618618617125161,66420.23572722542,66544.52038716071,572.0,412.0,160.0,572.0,1662.357142857143,-1,68395.89285714286,68395.89285714286,-0.001,1,0.001,0.0
2024-06-23,64260.0,63221.0,64496.0,63221.0,10748270931.518738,1248188877658.2324,-0.015989545196950457,66100.31215450287,66408.8664938072,1275.0,256.0,1019.0,1275.0,1705.5,-1,67484.75,67484.75,0.015989545196950457,0,0.0,0.015989545196950457
2024-06-24,63161.0,60363.0,63284.0,59086.0,42036553106.89028,1188964670369.4045,-0.046260189987736115,65526.58093905258,66162.09643283547,4198.0,63.0,4135.0,4198.0,1942.0,-1,65218.0,65218.0,0.046260189987736115,0,0.0,0.046260189987736115
2024-06-25,60256.0,61770.0,62245.0,60256.0,21105562261.648533,1217935012739.8113,0.023041475253988204,65150.922845147325,65982.82719067892,1989.0,1882.0,107.0,1989.0,1845.857142857143,-1,65218.0,66384.64285714286,-0.023041475253988204,0,0.0,-0.023041475253988204
2024-06-26,61817.0,60750.0,62378.0,60694.0,22908540918.971207,1198205485427.564,-0.016650727487149974,64710.830560632596,65769.2424073859,1684.0,608.0,1076.0,1684.0,1749.357142857143,-1,65123.392857142855,65123.392857142855,0.016650727487149974,0,0.0,0.016650727487149974
2024-06-27,60820.0,61563.0,62315.0,60606.0,18855138893.067604,1213931985719.8025,0.013293958506079078,64396.04750456934,65597.55904381913,1709.0,1565.0,144.0,1709.0,1722.7857142857142,-1,65123.392857142855,65869.96428571429,-0.013293958506079078,0,0.0,-0.013293958506079078
2024-06-28,61554.0,60317.0,62066.0,60041.0,24399416695.150173,1189569860170.9426,-0.020447053011860523,63988.14275411241,65382.02602162243,2025.0,503.0,1522.0,2025.0,1707.0,-1,64584.5,64584.5,0.020447053011860523,0,0.0,0.020447053011860523
2024-06-29,60324.0,60864.0,61149.0,60316.0,11435110883.886795,1199792912680.844,0.009027879208048713,63675.72847870117,65197.61679625008,833.0,832.0,1.0,833.0,1730.2857142857142,-1,64584.5,65189.71428571428,-0.009027879208048713,0,0.0,-0.009027879208048713
2024-06-30,60890.0,62734.0,62884.0,60645.0,17373592048.120487,1236676710888.4822,0.030261698496339483,63581.555630831055,65097.06100864803,2239.0,2020.0,219.0,2239.0,1818.5,-1,64584.5,67280.25,-0.030261698496339483,0,0.0,-0.030261698496339483
2024-07-01,62671.0,62820.0,63791.0,62503.0,25573074910.689686,1238799172479.871,0.0013699286912359347,63505.40006774795,65004.11974298892,1288.0,1057.0,231.0,1288.0,1761.0,-1,64584.5,67222.5,-0.0013699286912359347,0,0.0,-0.0013699286912359347
2024-07-02,62869.0,62043.0,63183.0,61778.0,18100530101.689426,1222901857941.0586,-0.01244580107185145,63359.160060973154,64883.25771266284,1405.0,363.0,1042.0,1405.0,1691.357142857143,-1,64584.5,66271.39285714286,0.01244580107185145,0,0.0,0.01244580107185145
2024-07-03,62059.0,60245.0,62203.0,59427.0,30348692427.02443,1186937170314.9272,-0.029408111663409283,63047.74405487584,64693.94107132966,2776.0,160.0,2616.0,2776.0,1823.357142857143,-1,64584.5,64803.392857142855,0.029408111663409283,0,0.0,0.029408111663409283
2024-07-04,60156.0,57189.0,60407.0,56811.0,43112005394.93119,1130121668991.0515,-0.05205800917529046,62461.86964938826,64387.61694596926,3596.0,162.0,3434.0,3596.0,1945.0714285714287,-1,62051.67857142857,62051.67857142857,0.05205800917529046,0,0.0,0.05205800917529046
2024-07-05,57084.0,56740.0,57488.0,53898.0,60081357583.2773,1118490666778.4585,-0.007882142819243924,61889.682684449435,64075.469315521535,3590.0,299.0,3291.0,3590.0,2084.214285714286,-1,61950.53571428572,61950.53571428572,0.007882142819243924,0,0.0,0.007882142819243924
2024-07-06,56629.0,58230.0,58430.0,56089.0,21293913670.919975,1147176330416.144,0.025921256468323297,61523.71441600449,63836.87873121453,2341.0,1690.0,651.0,2341.0,2210.5714285714284,-1,61950.53571428572,63756.42857142857,-0.025921256468323297,0,0.0,-0.025921256468323297
2024-07-07,58336.0,55880.0,58368.0,55810.0,20211914621.326435,1100452083927.7026,-0.04119415146026747,60959.34297440404,63512.10817075679,2558.0,138.0,2420.0,2558.0,2302.214285714286,-1,61635.53571428572,61635.53571428572,0.04119415146026747,0,0.0,0.04119415146026747
2024-07-08,55843.0,56665.0,57880.0,54321.0,41614266908.30467,1117615464651.686,0.013950201796150726,60529.908676963634,63232.63436786875,3559.0,2000.0,1559.0,3559.0,2256.5714285714284,-1,61635.53571428572,62306.42857142857,-0.013950201796150726,0,0.0,-0.013950201796150726
2024-07-09,56706.0,57988.0,58160.0,56306.0,28413854577.262756,1144794688186.9604,0.02307935640373925,60275.71780926727,63018.56765897614,1854.0,1495.0,359.0,1854.0,2246.9285714285716,-1,61635.53571428572,63605.32142857143,-0.02307935640373925,0,0.0,-0.02307935640373925
2024-07-10,58025.0,57704.0,59322.0,57146.0,25987656347.278587,1139350681822.5857,-0.004909597387279533,60018.54602834054,62801.646530038335,2176.0,1334.0,842.0,2176.0,2282.0714285714284,-1,61635.53571428572,63409.17857142857,0.004909597387279533,0,0.0,0.004909597387279533
2024-07-11,57635.0,57388.0,59314.0,57127.0,29196653598.752666,1130276546536.143,-0.005491272965227916,59755.49142550649,62580.681365546974,2187.0,1610.0,577.0,2187.0,2316.214285714286,-1,61635.53571428572,63178.53571428572,0.005491272965227916,0,0.0,0.005491272965227916
2024-07-12,57338.0,57899.0,58536.0,56608.0,25504482306.198975,1141567375406.1943,0.00886489103649031,59569.84228295584,62389.592330218526,1928.0,1148.0,780.0,1928.0,2309.285714285714,-1,61635.53571428572,63672.21428571428,-0.00886489103649031,0,0.0,-0.00886489103649031
2024-07-13,57902.0,59153.0,59796.0,57795.0,16765547593.243273,1168371787725.7102,0.021427194377878555,59528.158054660256,62257.48652082185,2001.0,1897.0,104.0,2001.0,2392.714285714286,-1,61635.53571428572,65134.78571428572,-0.021427194377878555,0,0.0,-0.021427194377878555
2024-07-14,59244.0,60942.0,61533.0,59238.0,21295520563.65442,1204059167828.704,0.02979528453490654,59669.54224919423,62203.79319344136,2295.0,2380.0,85.0,2380.0,2402.785714285714,-1,61635.53571428572,66948.96428571429,-0.02979528453490654,0,0.0,-0.02979528453490654
2024-07-15,60668.0,64835.0,64835.0,60668.0,37810068492.862465,1277806993830.5176,0.06192298881542849,60186.08802427481,62311.18938962742,4167.0,3893.0,274.0,4167.0,2608.4285714285716,0,61635.53571428572,71356.07142857143,-0.06292298881542849,1,0.001,-0.06192298881542849
2024-07-16,64834.0,65162.0,65306.0,62602.0,40914441633.09575,1284899538175.1812,0.005030895939057979,60683.67922184733,62427.54900637732,2704.0,471.0,2233.0,2704.0,2701.214285714286,0,61635.53571428572,,0.0,0,0.0,0.0
2024-07-17,65008.0,64136.0,66059.0,63952.0,33459451713.593426,1266016458007.3477,-0.015870648199255148,61028.9112996626,62497.281699994564,2107.0,897.0,1210.0,2107.0,2653.4285714285716,0,61635.53571428572,,-0.0,0,0.0,-0.0
2024-07-18,64101.0,63960.0,65099.0,63229.0,25976148878.632153,1261456293182.2588,-0.0027479407748970067,61322.02016969634,62556.98448774988,1870.0,963.0,907.0,1870.0,2530.1428571428573,0,61635.53571428572,,-0.0,0,0.0,-0.0
2024-07-19,63976.0,66690.0,67386.0,63285.0,36994610752.230415,1316147398343.7175,0.041797128678461457,61858.81815272671,62725.678998453965,4101.0,3426.0,675.0,4101.0,2566.6428571428573,0,61635.53571428572,,0.0,0,0.0,0.0
2024-07-20,66710.0,67206.0,67684.0,66299.0,17353396168.041622,1325658979467.9998,0.007707512613442513,62393.53633745404,62908.54924341502,1385.0,994.0,391.0,1385.0,2498.3571428571427,0,61635.53571428572,,0.0,0,0.0,0.0
2024-07-21,67138.0,68088.0,68300.0,65884.0,27078771827.95196,1343346742483.077,0.013038456917002566,62962.982703708636,63119.95539674502,2416.0,1094.0,1322.0,2416.0,2488.214285714286,0,61635.53571428572,,0.0,0,0.0,0.0
2024-07-22,68168.0,67608.0,68480.0,66674.0,43157593651.80313,1333201881091.7786,-0.007074666932478787,63427.48443333778,63303.14089075542,1806.0,392.0,1414.0,1806.0,2363.0,1,61700.5,61700.5,-0.001,1,0.001,-0.0
2024-07-23,67550.0,65942.0,67770.0,65495.0,36100536095.18872,1300963591115.5374,-0.024950751454980602,63678.935990004,63410.84942582662,2275.0,162.0,2113.0,2275.0,2393.0714285714284,1,61700.5,59959.32142857143,-0.024950751454980602,0,0.0,-0.024950751454980602
2024-07-24,65908.0,65404.0,67073.0,65234.0,28680123269.715443,1290447066028.3152,-0.008192149114860558,63851.4423910036,63492.20251048676,1839.0,1131.0,708.0,1839.0,2369.0,1,61700.5,59481.5,-0.008192149114860558,0,0.0,-0.008192149114860558
2024-07-25,65365.0,65750.0,66041.0,63515.0,35836896135.542854,1297125144853.139,0.0052762523855340426,64041.29815190324,63584.357510058726,2526.0,637.0,1889.0,2526.0,2393.214285714286,1,61700.5,59766.96428571428,0.0052762523855340426,0,0.0,0.0052762523855340426
2024-07-26,65806.0,67920.0,68223.0,65806.0,30821370069.206276,1339927966898.6016,0.03247087094521791,64429.168336712915,63761.32250964816,2417.0,2473.0,56.0,2473.0,2432.1428571428573,1,61839.642857142855,61839.642857142855,0.03247087094521791,0,0.0,0.03247087094521791
2024-07-27,67935.0,68055.0,69371.0,66608.0,30976752616.761925,1342889431798.832,0.001985659780945051,64791.751503041625,63936.5746521115,2763.0,1451.0,1312.0,2763.0,2486.5714285714284,1,61839.642857142855,61838.57142857143,0.001985659780945051,0,0.0,0.001985659780945051
2024-07-28,67777.0,68242.0,68294.0,67042.0,17175244020.36542,1346263382369.5552,0.0027440092934702294,65136.77635273746,64112.30629896409,1252.0,239.0,1013.0,1252.0,2406.0,1,62227.0,62227.0,0.0027440092934702294,0,0.0,0.0027440092934702294
2024-07-29,68261.0,66770.0,69908.0,66648.0,42529043667.45024,1317581413497.2551,-0.021806333207729556,65300.09871746372,64220.78359288392,3260.0,1666.0,1594.0,3260.0,2341.214285714286,1,62227.0,60916.96428571428,-0.021806333207729556,0,0.0,-0.021806333207729556
2024-07-30,66812.0,66219.0,66970.0,65563.0,28892376510.689587,1306758338817.987,-0.008286447042593001,65391.98884571735,64302.343446235594,1407.0,200.0,1207.0,1407.0,2248.5714285714284,1,62227.0,60597.57142857143,-0.008286447042593001,0,0.0,-0.008286447042593001
2024-07-31,66192.0,64680.0,66807.0,64543.0,31403681581.194077,1275401473742.0508,-0.023515396118278305,65320.789961145616,64317.75799945046,2264.0,588.0,1676.0,2264.0,2259.785714285714,1,62227.0,59030.53571428572,-0.023515396118278305,0,0.0,-0.023515396118278305
2024-08-01,64587.0,65358.0,65454.0,62304.0,38911302447.60912,1289157073527.528,0.010427815619457383,65324.510965031055,64360.21685661575,3150.0,774.0,2376.0,3150.0,2351.214285714286,1,62227.0,59479.96428571428,0.010427815619457383,0,0.0,0.010427815619457383
2024-08-02,65350.0,61407.0,65505.0,61252.0,39004321616.3716,1211854070245.47,-0.06235601515885747,64932.75986852795,64239.67739308041,4253.0,147.0,4106.0,4253.0,2362.0714285714284,0,62227.0,55501.82142857143,-0.06335601515885747,1,0.001,-0.06235601515885747
2024-08-03,61463.0,60739.0,62161.0,59910.0,32885545023.712658,1197962170718.7737,-0.010937839302839961,64513.38388167516,64096.792601526104,2251.0,754.0,1497.0,2251.0,2423.9285714285716,0,62227.0,,-0.0,0,0.0,-0.0
2024-08-04,60658.0,58006.0,61048.0,57399.0,33664501541.451115,1147854905921.6433,-0.046039542394788496,63862.64549350765,63848.188821871976,3649.0,309.0,3340.0,3649.0,2512.0,0,62227.0,,-0.0,0,0.0,-0.0
2024-08-05,58164.0,53956.0,58164.0,49221.0,120245972389.37173,1064889039013.8289,-0.07237755386444424,62871.98094415689,63444.42601281597,8943.0,158.0,8785.0,8943.0,3021.785714285714,-1,61510.46428571428,61510.46428571428,-0.001,1,0.001,-0.0
2024-08-06,54052.0,55960.0,57015.0,54052.0,52620100833.47091,1104019419316.6865,0.03646825018984722,62180.7828497412,63138.939236782666,2963.0,3059.0,96.0,3059.0,3077.785714285714,-1,61510.46428571428,63654.46428571428,-0.03646825018984722,0,0.0,-0.03646825018984722
2024-08-07,56131.0,55100.0,57607.0,54583.0,41605918903.41173,1088566703585.4303,-0.015487433638411664,61472.70456476708,62810.81926793439,3024.0,1647.0,1377.0,3024.0,3162.4285714285716,-1,61510.46428571428,63006.07142857143,0.015487433638411664,0,0.0,0.015487433638411664
2024-08-08,55083.0,61859.0,62491.0,54849.0,49201548320.290726,1218342891278.6091,0.1157078854323119,61511.33410829038,62771.96950189625,7642.0,7391.0,251.0,7642.0,3527.8571428571427,0,61510.46428571428,70678.64285714286,-0.1167078854323119,1,0.001,-0.1157078854323119
2024-08-09,61570.0,60913.0,61668.0,59604.0,33804208928.47938,1198300504959.2505,-0.015410984959452437,61451.50069746134,62696.093195696405,2064.0,191.0,2255.0,2255.0,3512.285714285714,0,61510.46428571428,,-0.0,0,0.0,-0.0
2024-08-10,60847.0,60888.0,61495.0,60261.0,13418919090.197285,1201818989571.278,-0.0004105056666377574,61395.15062771521,62622.29347342308,1234.0,582.0,652.0,1234.0,3403.0714285714284,0,61510.46428571428,,-0.0,0,0.0,-0.0
2024-08-11,60951.0,58804.0,61562.0,58372.0,21715994493.456894,1159146815397.6223,-0.03482623116337066,61136.03556494369,62466.44476022213,3190.0,674.0,2516.0,3190.0,3541.5,0,61510.46428571428,,-0.0,0,0.0,-0.0
2024-08-12,58698.0,59350.0,60499.0,57815.0,39403296385.84335,1171441797233.8909,0.009242241253957164,60957.43200844932,62339.24293327429,2684.0,1695.0,989.0,2684.0,3500.3571428571427,0,61510.46428571428,,0.0,0,0.0,0.0
2024-08-13,59347.0,60601.0,61540.0,58452.0,31955576195.246292,1195798013190.8457,0.02085927353360594,60921.78880760439,62268.29424212023,3088.0,2190.0,898.0,3088.0,3620.4285714285716,0,61510.46428571428,,0.0,0,0.0,0.0
2024-08-14,60611.0,58739.0,61538.0,58608.0,28079911397.67297,1159479277227.7532,-0.031207493138049436,60703.50992684395,62124.24141591124,2930.0,937.0,1993.0,2930.0,3668.0,0,61510.46428571428,,-0.0,0,0.0,-0.0
2024-08-15,58732.0,57624.0,59834.0,56647.0,33490251842.381626,1137141836825.8655,-0.0191647538641718,60395.558934159555,61940.55809281282,3187.0,1095.0,2092.0,3187.0,3670.6428571428573,0,61510.46428571428,,-0.0,0,0.0,-0.0
2024-08-16,57506.0,58882.0,59823.0,57097.0,30368238897.207172,1162716063850.1133,0.021596293647984655,60244.2030407436,61815.718986983724,2726.0,2199.0,527.0,2726.0,3561.5714285714284,0,61510.46428571428,,0.0,0,0.0,0.0
2024-08-17,58873.0,59431.0,59650.0,58850.0,12467437134.05582,1173270497431.1711,0.00928053452055195,60162.88273666924,61718.383518127244,800.0,768.0,32.0,800.0,3457.9285714285716,0,61510.46428571428,,0.0,0,0.0,0.0
2024-08-18,59510.0,58438.0,60334.0,58438.0,17656027563.72502,1156217205294.1643,-0.016849612593563584,59990.39446300232,61584.49031330572,1896.0,903.0,993.0,1896.0,3332.714285714286,0,61510.46428571428,,-0.0,0,0.0,-0.0
2024-08-19,58432.0,59575.0,59575.0,57918.0,24031330179.258953,1176063402361.815,0.01926965982277101,59948.85501670209,61502.47030051773,1657.0,1137.0,520.0,1657.0,2812.285714285714,0,61510.46428571428,,0.0,0,0.0,0.0
2024-08-20,59451.0,59060.0,61361.0,58710.0,31470716090.619144,1166088863323.0896,-0.008682146669029226,59859.96951503188,61402.77763519047,2651.0,1786.0,865.0,2651.0,2783.1428571428573,0,61510.46428571428,,-0.0,0,0.0,-0.0
2024-08-21,59029.0,61145.0,61830.0,58905.0,32960965010.60808,1207099049402.5117,0.03469421632555648,59988.472563528696,61392.25609906024,2925.0,2770.0,155.0,2925.0,2776.0714285714284,0,61510.46428571428,,0.0,0,0.0,0.0
2024-08-22,61176.0,60388.0,61386.0,59901.0,28170302505.847404,1192308382713.8381,-0.012457682935843551,60028.42530717583,61351.26605420064,1485.0,241.0,1244.0,1485.0,2336.285714285714,0,61510.46428571428,,-0.0,0,0.0,-0.0
2024-08-23,60379.0,64050.0,64828.0,60379.0,45038665759.42134,1261916434075.0183,0.05887361863725357,60430.58277645825,61461.41846015163,4449.0,4440.0,9.0,4449.0,2493.0,0,61510.46428571428,,0.0,0,0.0,0.0
2024-08-24,64099.0,64157.0,64438.0,63651.0,22029153446.354362,1264961887998.9824,0.0016691760175834077,60803.22449881243,61571.44219647197,787.0,388.0,399.0,787.0,2461.0714285714284,0,61510.46428571428,,0.0,0,0.0,0.0
2024-08-25,64187.0,64266.0,64894.0,63834.0,17875230147.044323,1269291077270.1143,0.0016975156502209042,61149.50204893119,61681.42414763638,1060.0,737.0,323.0,1060.0,2308.9285714285716,0,61510.46428571428,,0.0,0,0.0,0.0
2024-08-26,64286.0,62923.0,64422.0,62883.0,17894692681.091812,1242487823611.2612,-0.021118963363972062,61326.85184403807,61732.10071303898,1539.0,156.0,1383.0,1539.0,2227.1428571428573,0,61510.46428571428,,-0.0,0,0.0,-0.0
2024-08-27,62872.0,59527.0,63202.0,58060.0,38131727427.91789,1176762244308.0742,-0.05548176551008041,61146.86665963427,61642.09660230269,5142.0,279.0,4863.0,5142.0,2373.8571428571427,0,61510.46428571428,,-0.0,0,0.0,-0.0
2024-08-28,59404.0,59015.0,60230.0,57968.0,42018989572.42786,1166032395735.947,-0.008638342255462835,60933.67999367084,61534.86816955564,2262.0,703.0,1559.0,2262.0,2326.1428571428573,0,61510.46428571428,,-0.0,0,0.0,-0.0
2024-08-29,59042.0,59352.0,61150.0,58816.0,32563333956.986053,1171762256043.917,0.005694170006192358,60775.51199430376,61445.77150957377,2334.0,2135.0,199.0,2334.0,2265.214285714286,0,61510.46428571428,,0.0,0,0.0,0.0
2024-08-30,59374.0,59156.0,59820.0,57905.0,44038496614.947586,1168247205700.9673,-0.003307796582702162,60613.56079487338,61352.31144795851,1915.0,468.0,1447.0,1915.0,2207.285714285714,0,61510.46428571428,,-0.0,0,0.0,-0.0
2024-08-31,59110.0,58960.0,59404.0,58797.0,11399086336.303324,1164278309271.2642,-0.0033187744234414816,60448.20471538605,61254.66608273571,607.0,248.0,359.0,607.0,2193.5,0,61510.46428571428,,-0.0,0,0.0,-0.0
2024-09-01,58957.0,57358.0,59038.0,57258.0,25465621877.97047,1133133027660.6194,-0.027546919701088562,60139.18424384744,61095.618487522006,1780.0,78.0,1702.0,1780.0,2185.214285714286,0,61510.46428571428,,-0.0,0,0.0,-0.0
2024-09-02,57298.0,59109.0,59337.0,57276.0,28012782290.96625,1168410293915.9832,0.030070868901947684,60036.1658194627,61014.53201864356,2061.0,1979.0,82.0,2061.0,2214.0714285714284,0,61510.46428571428,,0.0,0,0.0,0.0
2024-09-03,59120.0,57505.0,59813.0,57505.0,26829983370.35861,1137361604370.578,-0.027511296537395757,59783.04923751643,60871.28581380096,2308.0,704.0,1604.0,2308.0,2189.5714285714284,0,61510.46428571428,,-0.0,0,0.0,-0.0
2024-09-04,57519.0,57988.0,58514.0,55747.0,37550380696.7459,1144983177152.221,0.008364192044106223,59603.54431376479,60753.60067854378,2767.0,1009.0,1758.0,2767.0,2178.285714285714,0,61510.46428571428,,0.0,0,0.0,0.0
2024-09-05,57978.0,56132.0,58272.0,55791.0,30005773445.693718,1109212553022.4158,-0.03253003269976173,59256.389882388314,60564.963916154236,2481.0,284.0,2197.0,2481.0,2249.4285714285716,0,61510.46428571428,,-0.0,0,0.0,-0.0
2024-09-06,56164.0,53923.0,56894.0,52690.0,50260816556.81667,1065462041080.5197,-0.04014895685037698,58723.050894149485,60293.86334814794,4204.0,762.0,3442.0,4204.0,2231.9285714285716,0,61510.46428571428,,-0.0,0,0.0,-0.0
2024-09-07,53955.0,54151.0,54815.0,53745.0,17048448412.007126,1068954727890.2039,0.004219337458653467,58265.84580473454,60043.134231897,1070.0,892.0,178.0,1070.0,2252.1428571428573,0,61510.46428571428,,0.0,0,0.0,0.0
2024-09-08,54150.0,54792.0,55231.0,53723.0,18644823662.23431,1085390277573.522,0.01176775739843821,57918.46122426109,59828.80222243181,1508.0,1080.0,428.0,1508.0,2284.1428571428573,0,61510.46428571428,,0.0,0,0.0,0.0
2024-09-09,54865.0,57049.0,57897.0,54599.0,35655419448.07046,1126840069631.8132,0.04036634977506867,57831.51510183498,59715.34090723051,3298.0,3105.0,193.0,3298.0,2409.785714285714,0,61510.46428571428,,0.0,0,0.0,0.0
2024-09-10,57023.0,57624.0,58043.0,56448.0,29676093302.30697,1137928777838.5286,0.01002859991638889,57810.763591651485,59629.980053874155,1595.0,994.0,601.0,1595.0,2156.4285714285716,0,61510.46428571428,,0.0,0,0.0,0.0
2024-09-11,57654.0,57382.0,57975.0,55573.0,37765652735.2964,1134292554478.847,-0.004208482290980426,57767.88723248634,59538.225765960924,2402.0,351.0,2051.0,2402.0,2166.4285714285716,0,61510.46428571428,,-0.0,0,0.0,-0.0
2024-09-12,57355.0,58107.0,58436.0,57293.0,34177859933.02337,1148469900814.253,0.012555473232130406,57801.798509237706,59479.808387758436,1143.0,1054.0,89.0,1143.0,2081.3571428571427,0,61510.46428571428,,0.0,0,0.0,0.0
2024-09-13,58147.0,60621.0,60655.0,57669.0,31919740723.76027,1197832322916.0117,0.04235522917125705,58083.718658313934,59526.38763723768,2986.0,2548.0,438.0,2986.0,2157.8571428571427,0,61510.46428571428,,0.0,0,0.0,0.0
2024-09-14,60545.0,60003.0,60644.0,59621.0,15800120841.166773,1185255944124.8464,-0.010246806727326507,58275.64679248254,59545.841203064716,1023.0,23.0,1000.0,1023.0,2187.5714285714284,0,61510.46428571428,,-0.0,0,0.0,-0.0
2024-09-15,60014.0,59215.0,60367.0,58669.0,17289597542.866756,1169677517083.0613,-0.01321967279868397,58369.58211323429,59532.33748049064,1698.0,364.0,1334.0,1698.0,2181.714285714286,0,61510.46428571428,,-0.0,0,0.0,-0.0
2024-09-16,59142.0,58211.0,59186.0,57559.0,32196570894.402115,1150499194409.9338,-0.01710054785853936,58353.72390191086,59478.405338429795,1627.0,29.0,1656.0,1656.0,2152.785714285714,0,61510.46428571428,,-0.0,0,0.0,-0.0
2024-09-17,58195.0,60317.0,61243.0,57634.0,34191170117.78261,1191818552363.6113,0.035539647399957346,58550.05151171978,59512.63369196327,3609.0,3032.0,577.0,3609.0,2245.714285714286,0,61510.46428571428,,0.0,0,0.0,0.0
2024-09-18,60320.0,61440.0,61440.0,59212.0,40445339415.1129,1211837853548.9263,0.018447101124540285,58839.0463605478,59591.30170453619,2228.0,1123.0,1105.0,2228.0,2207.214285714286,0,61510.46428571428,,0.0,0,0.0,0.0
2024-09-19,61827.0,62967.0,63858.0,61597.0,41959080716.28771,1243871590271.4927,0.024549690792172042,59251.841724493024,59729.08530843267,2261.0,2418.0,157.0,2418.0,2202.714285714286,0,61510.46428571428,,0.0,0,0.0,0.0
2024-09-20,62976.0,63128.0,64082.0,62340.0,35587830476.533394,1246475981189.1353,0.0025536315871451496,59639.45755204372,59867.81652033338,1742.0,1115.0,627.0,1742.0,2026.857142857143,0,61510.46428571428,,0.0,0,0.0,0.0
2024-09-21,63218.0,63403.0,63564.0,62814.0,12938083115.659332,1254104417392.48,0.0043467677169435545,60015.81179683935,60012.109723585076,750.0,436.0,314.0,750.0,2004.0,1,58393.0,58393.0,-0.001,1,0.001,0.0
2024-09-22,63406.0,63583.0,63938.0,62479.0,20349365412.816723,1255899286380.1958,0.0028349600830795663,60372.53061715542,60157.86034711221,1459.0,535.0,924.0,1459.0,2000.5,1,58581.75,58581.75,0.0028349600830795663,0,0.0,0.0028349600830795663
2024-09-23,63614.0,63327.0,64688.0,62921.0,23998847798.757656,1251095079247.0432,-0.004034360526713745,60667.97755543988,60287.21298600559,1767.0,1105.0,662.0,1767.0,1891.142857142857,1,58599.142857142855,58599.142857142855,-0.004034360526713745,0,0.0,-0.004034360526713745
2024-09-24,63340.0,64334.0,64612.0,62742.0,31490984593.70592,1271183646356.5713,0.01577648438534086,61034.579799895895,60452.38796616862,1870.0,1285.0,585.0,1870.0,1910.7857142857142,1,59557.03571428572,59557.03571428572,0.01577648438534086,0,0.0,0.01577648438534086
2024-09-25,64269.0,63152.0,64755.0,62938.0,26087643765.748165,1245721254991.302,-0.018543743956892764,61246.321819906305,60562.57621244745,1817.0,421.0,1396.0,1817.0,1869.0,1,59557.03571428572,58479.5,-0.018543743956892764,0,0.0,-0.018543743956892764
2024-09-26,63146.0,65131.0,65743.0,62812.0,37995568903.94455,1287151352432.846,0.03085610742751834,61634.789637915674,60749.042489490406,2931.0,2591.0,340.0,2931.0,1996.7142857142858,1,60139.21428571428,60139.21428571428,0.03085610742751834,0,0.0,0.03085610742751834
2024-09-27,65178.0,65791.0,66439.0,64853.0,32664917503.931107,1299708226182.0723,0.010082424512780824,62050.410674124105,60954.836673592836,1586.0,1308.0,278.0,1586.0,1896.7142857142858,1,61049.21428571428,61049.21428571428,0.010082424512780824,0,0.0,0.010082424512780824
2024-09-28,65797.0,65934.0,66223.0,65440.0,15342911002.84781,1303217687717.8518,0.0021711908320515123,62438.7696067117,61158.06782977271,783.0,432.0,351.0,783.0,1879.5714285714287,1,61235.07142857143,61235.07142857143,0.0021711908320515123,0,0.0,0.0021711908320515123
2024-09-29,65869.0,65664.0,66000.0,65444.0,12948707838.938381,1297825615076.3352,-0.004103411584592342,62761.29264604053,61341.9834285575,556.0,66.0,490.0,556.0,1798.0,1,61235.07142857143,61169.0,-0.004103411584592342,0,0.0,-0.004103411584592342
2024-09-30,65603.0,63243.0,65603.0,62970.0,35124446789.27111,1249577803402.1707,-0.037566380561969655,62809.46338143648,61419.5759416776,2633.0,61.0,2694.0,2694.0,1872.142857142857,1,61235.07142857143,58562.642857142855,-0.037566380561969655,0,0.0,-0.037566380561969655
2024-10-01,63357.0,60873.0,64131.0,60315.0,54251488433.95029,1202927109017.5488,-0.038194722892683136,62615.81704329283,61397.2667195683,3816.0,888.0,2928.0,3816.0,1886.9285714285713,0,61235.07142857143,56155.67857142857,-0.03919472289268314,1,0.001,-0.038194722892683136
2024-10-02,60800.0,60656.0,62311.0,60080.0,41870731291.86736,1198652098493.4897,-0.0035711678796178713,62419.83533896355,61367.01093509612,2231.0,1438.0,793.0,2231.0,1887.142857142857,0,61235.07142857143,,-0.0,0,0.0,-0.0
2024-10-03,60627.0,60728.0,61432.0,59954.0,37711138441.76231,1200491237695.5154,0.0011863179404880439,62250.6518050672,61340.9288561126,1478.0,776.0,702.0,1478.0,1820.0,0,61235.07142857143,,0.0,0,0.0,0.0
2024-10-04,60749.0,62103.0,62451.0,60470.0,30349059838.684578,1226663492771.043,0.022389420236859147,62235.88662456048,61372.03380076106,1981.0,1723.0,258.0,1981.0,1837.0714285714287,0,61235.07142857143,,0.0,0,0.0,0.0
2024-10-05,62094.0,62092.0,62372.0,61721.0,11095453162.990673,1226761949791.163,-0.00017714078712930136,62221.49796210443,61401.4201762402,651.0,269.0,382.0,651.0,1830.0,0,61235.07142857143,,-0.0,0,0.0,-0.0
2024-10-06,62069.0,62812.0,62911.0,61829.0,14592422860.685436,1241834324867.657,0.011528981858510463,62280.54816589399,61458.99486292427,1082.0,819.0,263.0,1082.0,1803.0714285714287,0,61235.07142857143,,0.0,0,0.0,0.0
2024-10-07,62816.0,62287.0,64500.0,62100.0,33878876147.30253,1231091696620.0955,-0.008393401740198805,62281.193349304594,61492.79099096818,2400.0,1688.0,712.0,2400.0,1848.2857142857142,0,61235.07142857143,,-0.0,0,0.0,-0.0
2024-10-08,62211.0,62185.0,63130.0,61854.0,28626429276.55382,1229717180592.4397,-0.0016389231768042423,62271.574014374135,61521.04441990825,1276.0,843.0,433.0,1276.0,1805.857142857143,0,61235.07142857143,,-0.0,0,0.0,-0.0
2024-10-09,62126.0,60597.0,62500.0,60401.0,28530748117.898792,1197736450280.4102,-0.025868426206341093,62104.11661293673,61483.32832113648,2099.0,315.0,1784.0,2099.0,1826.0,0,61235.07142857143,,-0.0,0,0.0,-0.0
2024-10-10,60583.0,60195.0,61247.0,58935.0,29481971885.649742,1189691671375.1472,-0.006656094512373476,61913.204951643056,61430.743491702335,2312.0,650.0,1662.0,2312.0,1781.7857142857142,0,61235.07142857143,,-0.0,0,0.0,-0.0
2024-10-11,60278.0,62392.0,63362.0,60042.0,32008659336.482643,1233357176570.333,0.035847769641207124,61961.084456478755,61469.978451224684,3320.0,3167.0,153.0,3320.0,1905.642857142857,0,61235.07142857143,,0.0,0,0.0,0.0
2024-10-12,62465.0,63208.0,63417.0,62465.0,17665963646.417107,1249002272717.2275,0.012993813392235293,62085.77601083088,61540.91810627674,952.0,1025.0,73.0,1025.0,1922.9285714285713,0,61235.07142857143,,0.0,0,0.0,0.0
2024-10-13,63192.0,62830.0,63279.0,62060.0,16784552979.060463,1241241970951.0295,-0.005998209005576454,62160.19840974779,61593.533693775644,1219.0,71.0,1148.0,1219.0,1970.2857142857142,0,61235.07142857143,,-0.0,0,0.0,-0.0
2024-10-14,62872.0,66050.0,66486.0,62465.0,46553796134.14602,1306085613997.8015,0.0499793645534787,62549.178568773015,61775.43027770316,4021.0,3656.0,365.0,4021.0,2065.0714285714284,0,61235.07142857143,,0.0,0,0.0,0.0
2024-10-15,66053.0,66962.0,67803.0,64886.0,51797932876.82809,1323774576161.621,0.013713263345084081,62990.460711895714,61987.12700106222,2917.0,1753.0,1164.0,2917.0,2000.857142857143,0,61235.07142857143,,0.0,0,0.0,0.0
2024-10-16,67103.0,67648.0,68257.0,66782.0,40640495380.19594,1337304399194.887,0.010192495934353887,63456.214640706145,62218.18304183518,1475.0,1295.0,180.0,1475.0,1946.857142857143,0,61235.07142857143,,0.0,0,0.0,0.0
2024-10-17,67620.0,67328.0,67928.0,66739.0,34512072357.92087,1330387728623.8188,-0.004741592572582441,63843.39317663553,62426.7469993113,1189.0,280.0,909.0,1189.0,1926.2142857142858,0,61235.07142857143,,-0.0,0,0.0,-0.0
2024-10-18,67344.0,68466.0,68970.0,67164.0,39984956633.228035,1353541799303.4875,0.016761074005407692,64305.65385897198,62673.24712178839,1806.0,1642.0,164.0,1806.0,1913.7142857142858,0,61235.07142857143,,0.0,0,0.0,0.0
2024-10-19,68412.0,68389.0,68660.0,68047.0,14110889435.452631,1351942347611.1997,-0.001125278698258999,64713.98847307478,62906.54315763376,613.0,194.0,419.0,613.0,1911.0,0,61235.07142857143,,-0.0,0,0.0,-0.0
2024-10-20,68362.0,68963.0,69317.0,68088.0,17253863432.786995,1362381684459.9053,0.008358135907128455,65138.889625767304,63153.745477730336,1229.0,928.0,301.0,1229.0,1921.5,0,61235.07142857143,,0.0,0,0.0,0.0
2024-10-21,68999.0,67395.0,69432.0,66839.0,40485496091.95008,1332326858574.4448,-0.022999297699234176,65364.50066319058,63326.857907210724,2593.0,469.0,2124.0,2593.0,1935.2857142857142,0,61235.07142857143,,-0.0,0,0.0,-0.0
2024-10-22,67333.0,67351.0,67740.0,66669.0,31398389967.38113,1331426858508.4004,-0.0006530806341395333,65563.15059687152,63491.10860487559,1071.0,345.0,726.0,1071.0,1920.642857142857,0,61235.07142857143,,-0.0,0,0.0,-0.0
2024-10-23,67395.0,66684.0,67395.0,65162.0,32676918488.059,1318285437546.2786,-0.009952706470308891,65675.23553718437,63621.430702635764,2233.0,44.0,2189.0,2233.0,1930.2142857142858,0,61235.07142857143,,-0.0,0,0.0,-0.0
2024-10-24,66634.0,68214.0,68821.0,66483.0,35892606570.03549,1347888109010.5889,0.02268477828924007,65929.11198346593,63808.882510691445,2338.0,2137.0,201.0,2338.0,1932.0714285714287,0,61235.07142857143,,0.0,0,0.0,0.0
2024-10-25,68164.0,66586.0,68655.0,65564.0,48426924850.053406,1313975091942.221,-0.024155477136154287,65994.80078511934,63922.23424494894,3091.0,441.0,2650.0,3091.0,1915.7142857142858,0,61235.07142857143,,-0.0,0,0.0,-0.0
2024-10-26,66649.0,67018.0,67276.0,66408.0,21169467789.89267,1325192118637.2595,0.006466894786760407,66097.12070660741,64048.59203086938,868.0,690.0,178.0,868.0,1904.5,0,61235.07142857143,,0.0,0,0.0,0.0
2024-10-27,67016.0,67939.0,68210.0,66851.0,16533385730.434193,1343350549900.1233,0.013649003728892845,66281.30863594667,64207.38419287471,1359.0,1192.0,167.0,1359.0,1914.5,0,61235.07142857143,,0.0,0,0.0,0.0
2024-10-28,67960.0,69845.0,70192.0,67558.0,41990540384.96554,1380874923096.4146,0.02766825742499084,66637.677772352,64437.49096051248,2634.0,2253.0,381.0,2634.0,1815.4285714285713,0,61235.07142857143,,0.0,0,0.0,0.0
2024-10-29,69936.0,72781.0,73562.0,69721.0,65487782004.97014,1439310420089.3665,0.04117643094857816,67252.00999511681,64778.04234987931,3841.0,3717.0,124.0,3841.0,1881.4285714285713,0,61235.07142857143,,0.0,0,0.0,0.0
2024-10-30,72708.0,72343.0,72860.0,71430.0,43498144313.67304,1431085552900.1965,-0.006036235631850341,67761.10899560513,65086.81613151688,1430.0,79.0,1351.0,1430.0,1878.2142857142858,0,61235.07142857143,,-0.0,0,0.0,-0.0
2024-10-31,72343.0,70265.0,72635.0,69706.0,45907074188.570145,1390195908292.9321,-0.02914488794353375,68011.49809604461,65298.17057512844,2929.0,292.0,2637.0,2929.0,2002.5,0,61235.07142857143,,-0.0,0,0.0,-0.0
2024-11-01,70180.0,69508.0,71500.0,68840.0,54863092261.31101,1374687306836.925,-0.010831954692700341,68161.14828644015,65470.000347572175,2660.0,1235.0,1425.0,2660.0,2063.5,0,61235.07142857143,,-0.0,0,0.0,-0.0
2024-11-02,69473.0,69299.0,69863.0,69105.0,14709379754.965973,1370516856365.7996,-0.003011377782694034,68274.93345779614,65626.28604767127,758.0,355.0,403.0,758.0,2073.8571428571427,0,61235.07142857143,,-0.0,0,0.0,-0.0
2024-11-03,69346.0,68804.0,69362.0,67570.0,37659435506.757034,1362302032218.0198,-0.0071685932931694245,68327.84011201654,65755.98865797039,1792.0,63.0,1729.0,1792.0,2114.0714285714284,0,61235.07142857143,,-0.0,0,0.0,-0.0
2024-11-04,68736.0,67793.0,69318.0,66854.0,46183110993.79166,1340192510479.9568,-0.01480293800566776,68274.35610081488,65839.13197805322,2464.0,514.0,1950.0,2464.0,2104.8571428571427,0,61235.07142857143,,-0.0,0,0.0,-0.0
2024-11-05,67800.0,69335.0,70555.0,67448.0,40025021601.49395,1370963795352.6948,0.02249088442735087,68380.42049073339,65981.82046874492,3107.0,2762.0,345.0,3107.0,2250.285714285714,0,61235.07142857143,,0.0,0,0.0,0.0
2024-11-06,69426.0,75621.0,76244.0,69426.0,128492534668.23851,1496392703840.9058,0.0867841931843337,69104.47844166006,66375.25636797982,6818.0,6909.0,91.0,6909.0,2584.285714285714,0,61235.07142857143,,0.0,0,0.0,0.0
2024-11-07,75640.0,75987.0,76873.0,74444.0,66590396087.4524,1502620808927.6982,0.004828250633421185,69792.73059749405,66767.57243459289,2429.0,1252.0,1177.0,2429.0,2590.785714285714,0,61235.07142857143,,0.0,0,0.0,0.0
2024-11-08,75895.0,76550.0,77240.0,75684.0,50687468387.720375,1514048743889.1255,0.007381849080110451,70468.45753774465,67166.8551923646,1556.0,1253.0,303.0,1556.0,2481.1428571428573,0,61235.07142857143,,0.0,0,0.0,0.0
2024-11-09,76513.0,76630.0,76948.0,75868.0,31430906055.796104,1519470275068.1016,0.001044522878620216,71084.61178397018,67553.10600083951,1080.0,398.0,682.0,1080.0,2496.285714285714,0,61235.07142857143,,0.0,0,0.0,0.0
2024-11-10,76753.0,80467.0,81359.0,76550.0,93473126207.67865,1590846468754.067,0.048858517506499666,72022.85060557316,68080.20371509096,4809.0,4729.0,80.0,4809.0,2742.714285714286,0,61235.07142857143,,0.0,0,0.0,0.0
2024-11-11,80457.0,88637.0,89561.0,80431.0,133959805308.72511,1756619702929.0437,0.09670221517207112,73684.26554501585,68919.25662467908,9130.0,9094.0,36.0,9130.0,3206.714285714286,0,61235.07142857143,,0.0,0,0.0,0.0
2024-11-12,88822.0,88265.0,89864.0,85315.0,152356811694.44943,1741113172482.1243,-0.0042057246196373355,75142.33899051427,69708.87880326361,4549.0,1227.0,3322.0,4549.0,3257.285714285714,0,61235.07142857143,,-0.0,0,0.0,-0.0
2024-11-13,87977.0,90488.0,93477.0,86353.0,136046309843.60645,1790737763695.3328,0.024873592187833485,76676.90509146285,70557.00619904876,7124.0,5212.0,1912.0,7124.0,3664.0,0,61235.07142857143,,0.0,0,0.0,0.0
2024-11-14,90540.0,87408.0,91711.0,86995.0,99649391847.08359,1726797438787.217,-0.03463043357571808,77750.01458231657,71244.80186439371,4716.0,1223.0,3493.0,4716.0,3791.6428571428573,0,61235.07142857143,,-0.0,0,0.0,-0.0
2024-11-15,87361.0,90948.0,91777.0,87162.0,84382485697.84985,1799276211921.9302,0.039701102964530534,79069.81312408492,72049.01403319396,4615.0,4369.0,246.0,4615.0,3931.285714285714,0,61235.07142857143,,0.0,0,0.0,0.0
2024-11-16,91059.0,90606.0,91715.0,90160.0,49255174407.368774,1790415769635.4927,-0.00376747859618528,80223.43181167643,72806.4420318391,1555.0,767.0,788.0,1555.0,3988.214285714286,0,61235.07142857143,,-0.0,0,0.0,-0.0
2024-11-17,90597.0,89841.0,91439.0,88774.0,48556083101.64749,1776887033229.9082,-0.008478994754090712,81185.1886305088,73501.7301121722,2665.0,833.0,1832.0,2665.0,4050.5714285714284,0,61235.07142857143,,-0.0,0,0.0,-0.0
2024-11-18,89877.0,90535.0,92653.0,89443.0,77391724184.19348,1790917617392.4407,0.007695075004989426,82120.16976745792,74196.96561779782,3210.0,2812.0,398.0,3210.0,4103.857142857143,0,61235.07142857143,,0.0,0,0.0,0.0
2024-11-19,90520.0,92252.0,94041.0,90457.0,80493234958.49161,1825195454018.501,0.018787446629820254,83133.35279071213,74933.90579666321,3584.0,3506.0,78.0,3584.0,4137.928571428572,0,61235.07142857143,,0.0,0,0.0,0.0
2024-11-20,92421.0,94217.0,94891.0,91663.0,80747272080.24826,1862618759426.145,0.021076669488959685,84241.71751164092,75720.97086618716,3228.0,2639.0,589.0,3228.0,3875.0,0,61235.07142857143,,0.0,0,0.0,0.0
2024-11-21,94366.0,98509.0,98831.0,94159.0,118163852022.3175,1948284556982.0486,0.0445472821709978,85668.44576047682,76651.09450430196,4672.0,4614.0,58.0,4672.0,4035.214285714286,0,61235.07142857143,,0.0,0,0.0,0.0
2024-11-22,98455.0,98927.0,99645.0,97394.0,85746174563.98602,1958091000957.8345,0.004234289841102659,86994.30118442915,77560.31513677943,2251.0,1136.0,1115.0,2251.0,4084.8571428571427,0,61235.07142857143,,0.0,0,0.0,0.0
2024-11-23,99021.0,97679.0,99021.0,97262.0,47414200206.70341,1931255637661.502,-0.012695612163678227,88062.77106598624,78381.48594752312,1759.0,94.0,1665.0,1759.0,4133.357142857143,0,61235.07142857143,,-0.0,0,0.0,-0.0
2024-11-24,97770.0,98016.0,98648.0,95803.0,50665680246.86775,1939446484727.4285,0.0034441384105566744,89058.09395938761,79182.89468435891,2845.0,969.0,1876.0,2845.0,3993.0714285714284,0,61235.07142857143,,0.0,0,0.0,0.0
2024-11-25,98026.0,93005.0,98882.0,92775.0,89476321216.0935,1838788677873.8657,-0.05247747550145058,89452.78456344885,79747.06224826262,6107.0,866.0,5241.0,6107.0,3777.1428571428573,0,61235.07142857143,,-0.0,0,0.0,-0.0
2024-11-26,92952.0,91932.0,94962.0,90752.0,97389239315.52954,1819990514406.0881,-0.01160408182622995,89700.70610710396,80244.40664629271,4210.0,1957.0,2253.0,4210.0,3752.9285714285716,0,61235.07142857143,,-0.0,0,0.0,-0.0
2024-11-27,91966.0,95981.0,97360.0,91796.0,81469353259.75,1899088665519.225,0.04310108189039736,90328.73549639356,80886.71657909709,5564.0,5428.0,136.0,5564.0,3641.5,0,61235.07142857143,,0.0,0,0.0,0.0
2024-11-28,95951.0,95662.0,96614.0,94716.0,49067932024.40325,1892297852304.72,-0.003329109799181653,90862.06194675421,81489.789371787,1898.0,633.0,1265.0,1898.0,3440.214285714286,0,61235.07142857143,,-0.0,0,0.0,-0.0
2024-11-29,95649.0,97453.0,98685.0,95318.0,74670031635.5065,1926826079390.2441,0.01854906508377892,91521.15575207879,82141.34898926508,3367.0,3023.0,344.0,3367.0,3351.0714285714284,0,61235.07142857143,,0.0,0,0.0,0.0
2024-11-30,97509.0,96513.0,97509.0,96157.0,43580019720.720634,1910022814269.8855,-0.009692496200086116,92020.34017687092,82727.94698970324,1352.0,56.0,1296.0,1352.0,3336.5714285714284,0,61235.07142857143,,-0.0,0,0.0,-0.0
2024-12-01,96450.0,97312.0,97838.0,95833.0,49147687432.565895,1925808416477.5068,0.008244597197361479,92549.50615918383,83323.21445951126,2005.0,1325.0,680.0,2005.0,3289.4285714285716,0,61235.07142857143,,0.0,0,0.0,0.0
2024-12-02,97236.0,95833.0,98146.0,94498.0,101019861361.49252,1896576914275.523,-0.015315218192577479,92877.85554326545,83833.81795095978,3648.0,834.0,2814.0,3648.0,3320.714285714286,0,61235.07142857143,,-0.0,0,0.0,-0.0
2024-12-03,95862.0,96032.0,96260.0,93697.0,87935752287.975,1900922167493.3643,0.0020743759555798837,93193.2699889389,84331.70293255326,2563.0,427.0,2136.0,2563.0,3247.785714285714,0,61235.07142857143,,0.0,0,0.0,0.0
2024-12-04,95955.0,98881.0,99330.0,94870.0,98230784298.0459,1957276192604.2603,0.02923563766889366,93762.04299004501,84925.55179244904,4460.0,3298.0,1162.0,4460.0,3335.785714285714,0,61235.07142857143,,0.0,0,0.0,0.0
2024-12-05,98762.0,97202.0,103679.0,92980.0,190460293531.53802,1920742551503.6094,-0.017125819540455396,94106.0386910405,85426.63131112458,10699.0,4798.0,5901.0,10699.0,3766.285714285714,0,61235.07142857143,,-0.0,0,0.0,-0.0
2024-12-06,97072.0,99974.0,102034.0,96589.0,115812632020.44765,1978389972043.7947,0.028118864795836702,94692.83482193646,86020.40146169093,5445.0,4832.0,613.0,5445.0,3994.4285714285716,0,61235.07142857143,,0.0,0,0.0,0.0
2024-12-07,99928.0,99782.0,100537.0,99183.0,61061136199.7846,1974739091620.7542,-0.0019223458532070365,95201.75133974281,86582.09936121374,1354.0,563.0,791.0,1354.0,3965.5,0,61235.07142857143,,-0.0,0,0.0,-0.0
2024-12-08,99893.0,101235.0,101235.0,98903.0,62677764785.05408,2003238967638.8286,0.014456740534455061,95805.07620576854,87180.17693830705,2332.0,1453.0,879.0,2332.0,3928.8571428571427,0,61235.07142857143,,0.0,0,0.0,0.0
2024-12-09,101200.0,97354.0,101200.0,94726.0,146846843211.51685,1926047690157.6282,-0.03909072703474646,95959.96858519169,87595.43502245778,6474.0,35.0,6509.0,6509.0,3957.5714285714284,0,61235.07142857143,,-0.0,0,0.0,-0.0
2024-12-10,97371.0,96650.0,98328.0,94387.0,125835977742.51114,1913115778728.2837,-0.007257614174393124,96028.97172667252,87965.00910317378,3941.0,974.0,2967.0,3941.0,3938.3571428571427,0,61235.07142857143,,-0.0,0,0.0,-0.0
2024-12-11,96643.0,101124.0,101960.0,95741.0,118484957960.76833,2001746436338.842,0.0452512809238768,96538.47455400527,88502.11077243199,6219.0,5310.0,909.0,6219.0,3985.1428571428573,0,61235.07142857143,,0.0,0,0.0,0.0
2024-12-12,101205.0,100001.0,102528.0,99410.0,100092043319.81221,1979166149963.3093,-0.01116730064012489,96884.72709860474,88971.45318988374,3118.0,1404.0,1714.0,3118.0,4072.285714285714,0,61235.07142857143,,-0.0,0,0.0,-0.0
2024-12-13,100006.0,101352.0,101845.0,99261.0,78802903278.85962,2005406021235.8357,0.01341942036166043,97331.45438874427,89476.78163111297,2584.0,1844.0,740.0,2584.0,4016.3571428571427,0,61235.07142857143,,0.0,0,0.0,0.0
2024-12-14,101366.0,101367.0,102658.0,100682.0,57321924844.41535,2007646386698.8667,0.000147988102026799,97735.00894986985,89962.09666657774,1976.0,1306.0,670.0,1976.0,4060.9285714285716,0,61235.07142857143,,0.0,0,0.0,0.0
2024-12-15,101393.0,104722.0,105004.0,101274.0,70645074624.52869,2075487816560.1924,0.032561625566001055,98433.70805488287,90564.54170059497,3730.0,3637.0,93.0,3730.0,4184.142857142857,0,61235.07142857143,,0.0,0,0.0,0.0
2024-12-16,104351.0,106074.0,107822.0,103433.0,115184737759.33566,2097460193710.789,0.012827743784161077,99197.73724939459,91197.5808148564,4389.0,3100.0,1289.0,4389.0,4237.071428571428,0,61235.07142857143,,0.0,0,0.0,0.0
2024-12-17,106090.0,106035.0,108135.0,105525.0,93417826250.1972,2100629850064.9119,-0.00036773546091395853,99881.46352445513,91803.18976118878,2610.0,2061.0,549.0,2610.0,4240.428571428572,0,61235.07142857143,,-0.0,0,0.0,-0.0
2024-12-18,106154.0,100356.0,106477.0,100237.0,113692025885.44745,1985284833093.572,-0.05504536410363802,99928.91717200962,92152.28405665046,6240.0,442.0,5798.0,6240.0,4367.571428571428,0,61235.07142857143,,-0.0,0,0.0,-0.0
2024-12-19,100139.0,97851.0,102759.0,95718.0,100611554887.24123,1937022229972.2085,-0.025277950673457325,99721.12545480866,92384.88470739941,7041.0,2403.0,4638.0,7041.0,4106.285714285715,0,61235.07142857143,,-0.0,0,0.0,-0.0
2024-12-20,97491.0,97691.0,98059.0,92245.0,112340864006.62827,1932373308116.0107,-0.0016364774391941256,99518.1129093278,92601.46084179127,5814.0,208.0,5606.0,5814.0,4132.642857142857,0,61235.07142857143,,-0.0,0,0.0,-0.0
2024-12-21,97466.0,97203.0,99496.0,96562.0,53058382639.48845,1922768195068.165,-0.0050078608871029105,99286.60161839503,92789.27876661612,2934.0,1805.0,1129.0,2934.0,4245.5,0,61235.07142857143,,-0.0,0,0.0,-0.0
2024-12-22,97244.0,95094.0,97377.0,94099.0,44619017105.36954,1884599149192.4587,-0.02193569910929125,98867.34145655553,92883.34902103995,3278.0,174.0,3104.0,3278.0,4313.071428571428,0,61235.07142857143,,-0.0,0,0.0,-0.0
2024-12-23,95110.0,94645.0,96386.0,92442.0,64937790292.61125,1874912975786.6604,-0.00473282602016061,98445.10731089998,92955.25314263014,3944.0,1292.0,2652.0,3944.0,4129.857142857143,0,61235.07142857143,,-0.0,0,0.0,-0.0
2024-12-24,94784.0,98696.0,99304.0,93580.0,49169088282.15742,1951173788529.116,0.04191136871098075,98470.19657980998,93189.56934089013,5724.0,4659.0,1065.0,5724.0,4257.214285714285,0,61235.07142857143,,0.0,0,0.0,0.0
2024-12-25,98637.0,99345.0,99345.0,97695.0,33963749856.44743,1966481159354.1177,0.006554221835888972,98557.67692182898,93440.81140860889,1650.0,649.0,1001.0,1650.0,3930.8571428571427,0,61235.07142857143,,0.0,0,0.0,0.0
2024-12-26,99365.0,95678.0,99887.0,95134.0,45049342388.18843,1894744251986.1084,-0.037610253631235206,98269.70922964609,93532.12522866567,4753.0,542.0,4211.0,4753.0,4047.6428571428573,0,61235.07142857143,,-0.0,0,0.0,-0.0
2024-12-27,95688.0,94332.0,97134.0,93369.0,41498540807.666954,1867708753554.924,-0.014167912374197494,97875.93830668148,93564.77317851604,3765.0,1456.0,2309.0,3765.0,4132.0,0,61235.07142857143,,-0.0,0,0.0,-0.0
2024-12-28,94188.0,95185.0,95276.0,94039.0,22429850903.940086,1885556552231.4314,0.009001891758132293,97606.84447601333,93630.90488551538,1237.0,944.0,293.0,1237.0,4079.214285714286,0,61235.07142857143,,0.0,0,0.0,0.0
2024-12-29,95069.0,93663.0,95113.0,92869.0,24065314499.502274,1854872605738.8086,-0.016119132365810366,97212.460028412,93632.21489018822,2244.0,72.0,2316.0,2316.0,3978.214285714286,0,61235.07142857143,,-0.0,0,0.0,-0.0
2024-12-30,93467.0,92627.0,94838.0,91375.0,57595164139.4709,1833188187477.531,-0.011122558166159108,96753.9140255708,93591.18571099686,3463.0,1175.0,2288.0,3463.0,3912.0714285714284,0,61235.07142857143,,-0.0,0,0.0,-0.0
2024-12-31,92666.0,93508.0,95988.0,91942.0,45327464907.74362,1851839954625.13,0.009466318306008806,96429.32262301372,93587.79037585412,4046.0,3361.0,685.0,4046.0,4014.6428571428573,0,61235.07142857143,,0.0,0,0.0,0.0
2025-01-01,93400.0,94384.0,94895.0,92852.0,23275007789.496334,1869193319140.2422,0.009324573128928041,96224.79036071236,93620.28872786007,2043.0,1387.0,656.0,2043.0,3714.8571428571427,0,61235.07142857143,,0.0,0,0.0,0.0
2025-01-02,94385.0,96852.0,97723.0,94253.0,45157338602.617516,1917905016063.62,0.025812472869516052,96287.51132464112,93752.19531039639,3470.0,3339.0,131.0,3470.0,3459.785714285714,0,61235.07142857143,,0.0,0,0.0,0.0
2025-01-03,96898.0,98084.0,98971.0,96010.0,35721645948.10051,1942834829349.9563,0.01264021426031806,96467.160192177,93929.00366507408,2961.0,2119.0,842.0,2961.0,3256.0,0,61235.07142857143,,0.0,0,0.0,0.0
2025-01-04,98116.0,98257.0,98695.0,97590.0,20979035420.980793,1946611205641.351,0.0017622406402212174,96646.1441729593,94105.65657670371,1105.0,611.0,494.0,1105.0,3125.3571428571427,0,61235.07142857143,,0.0,0,0.0,0.0
2025-01-05,98211.0,98365.0,98772.0,97292.0,20060293834.7155,1948339898718.8586,0.0010985546974540134,96818.02975566337,94279.50732867498,1480.0,515.0,965.0,1480.0,2996.9285714285716,0,61235.07142857143,,0.0,0,0.0,0.0
2025-01-06,98350.0,102229.0,102482.0,97951.0,46111387334.46171,2024825178619.8228,0.038530345128427713,97359.12678009704,94603.9764173005,4531.0,4117.0,414.0,4531.0,3038.8571428571427,0,61235.07142857143,,0.0,0,0.0,0.0
2025-01-07,102290.0,96952.0,102512.0,96164.0,60610257147.15405,1919133187081.3127,-0.052999384190470296,97318.41410208734,94699.81411455353,6348.0,283.0,6065.0,6348.0,3083.4285714285716,0,61235.07142857143,,-0.0,0,0.0,-0.0
2025-01-08,96807.0,95017.0,97205.0,92939.0,65790469838.34392,1885313354913.7239,-0.020160187706394855,97088.2726918786,94712.76047722482,4266.0,253.0,4013.0,4266.0,3270.285714285714,0,61235.07142857143,,-0.0,0,0.0,-0.0
2025-01-09,95032.0,92376.0,95344.0,91251.0,65850881574.76184,1832933628117.9436,-0.028188618310236738,96617.04542269075,94617.38249856257,4093.0,327.0,3766.0,4093.0,3223.1428571428573,0,61235.07142857143,,-0.0,0,0.0,-0.0
2025-01-10,92624.0,94737.0,95799.0,92276.0,63433655716.757095,1876836759923.398,0.02523742673353871,96429.04088042167,94622.26484556001,3523.0,3423.0,100.0,3523.0,3205.8571428571427,0,61235.07142857143,,0.0,0,0.0,0.0
2025-01-11,94688.0,94560.0,95006.0,93834.0,17836423168.41627,1874286243377.8525,-0.0018700777253053318,96242.1367923795,94619.72342329225,1172.0,269.0,903.0,1172.0,3201.214285714286,0,61235.07142857143,,-0.0,0,0.0,-0.0
2025-01-12,94572.0,94455.0,95244.0,93728.0,19608932595.53299,1870314882306.9236,-0.001111023048972402,96063.42311314156,94613.0000182599,1516.0,684.0,832.0,1516.0,3144.0714285714284,0,61235.07142857143,,-0.0,0,0.0,-0.0
2025-01-13,94484.0,94456.0,95904.0,89800.0,76328330233.31137,1870609367804.8223,1.0586995992831477e-05,95902.6808018274,94606.59185424929,6104.0,1449.0,4655.0,6104.0,3332.714285714286,0,61235.07142857143,,0.0,0,0.0,0.0
2025-01-14,94504.0,96574.0,97328.0,94376.0,51241728228.81719,1912603332624.1123,0.022175436247278937,95969.81272164466,94686.89422754523,2952.0,2872.0,80.0,2952.0,3254.5714285714284,0,61235.07142857143,,0.0,0,0.0,0.0
2025-01-15,96535.0,100313.0,100702.0,96502.0,57637319739.543396,1986831430651.8647,0.03798574388350126,96404.13144948019,94916.5311978495,4200.0,4128.0,72.0,4200.0,3408.6428571428573,0,61235.07142857143,,0.0,0,0.0,0.0
2025-01-16,100555.0,100045.0,100667.0,97532.0,50150102497.2729,1980935754458.284,-0.002675212967132699,96768.21830453217,95125.85645508012,3135.0,354.0,2781.0,3135.0,3384.714285714286,0,61235.07142857143,,-0.0,0,0.0,-0.0
2025-01-17,99978.0,104161.0,105850.0,99978.0,69135117732.00064,2063854663834.0774,0.04031769426015673,97507.49647407896,95494.63782426053,5872.0,5805.0,67.0,5872.0,3592.6428571428573,0,61235.07142857143,,0.0,0,0.0,0.0
2025-01-18,104125.0,104335.0,104839.0,102214.0,49416447749.13053,2067151195362.0425,0.0016690971567352674,98190.24682667106,95855.46893347437,2625.0,678.0,1947.0,2625.0,3701.214285714286,0,61235.07142857143,,0.0,0,0.0,0.0
2025-01-19,104452.0,101275.0,106307.0,99836.0,72970313683.92325,2014842808849.5005,-0.02976728709659379,98498.72214400396,96076.67428312848,6471.0,1972.0,4499.0,6471.0,4057.714285714286,0,61235.07142857143,,-0.0,0,0.0,-0.0
2025-01-20,101184.0,101765.0,108786.0,99702.0,120158523166.88387,2017837068202.1384,0.0048266445160881095,98825.34992960356,96308.85084300078,9084.0,7511.0,1573.0,9084.0,4382.928571428572,0,61235.07142857143,,0.0,0,0.0,0.0
2025-01-21,102095.0,106182.0,107245.0,100142.0,95344290057.8965,2098829000928.49,0.042488369312260396,99561.0149366432,96711.8365228783,7103.0,5480.0,1623.0,7103.0,4436.857142857143,0,61235.07142857143,,0.0,0,0.0,0.0
2025-01-22,106193.0,103674.0,106217.0,103300.0,55030669602.56557,2054288661793.9773,-0.02390324235806326,99972.31344297889,96996.00646071999,2917.0,35.0,2882.0,2917.0,4340.5,0,61235.07142857143,,-0.0,0,0.0,-0.0
2025-01-23,103610.0,104068.0,106732.0,101225.0,102455227371.20761,2062360759045.0,0.0037931710719132194,100381.882098681,97284.65925824162,5507.0,3058.0,2449.0,5507.0,4441.5,0,61235.07142857143,,0.0,0,0.0,0.0
2025-01-24,104021.0,104835.0,107006.0,102798.0,51418786362.7815,2076156720642.786,0.007343153966248941,100827.19388881291,97592.83643137461,4208.0,2938.0,1270.0,4208.0,4490.428571428572,0,61235.07142857143,,0.0,0,0.0,0.0
2025-01-25,104865.0,104796.0,105232.0,104133.0,22740744964.719296,2077647817531.3406,-0.00037208237760589114,101224.07449993162,97886.84310764504,1099.0,397.0,702.0,1099.0,4485.214285714285,0,61235.07142857143,,-0.0,0,0.0,-0.0
2025-01-26,104758.0,102552.0,105376.0,102552.0,20639818380.26942,2036324005947.406,-0.021645616209762655,101356.86704993846,98077.25767467993,2824.0,580.0,2244.0,2824.0,4578.642857142857,0,61235.07142857143,,-0.0,0,0.0,-0.0
2025-01-27,102625.0,101958.0,103210.0,97792.0,93191643783.24739,2019295541213.5288,-0.005809023229810028,101416.98034494462,98235.65532061136,5418.0,658.0,4760.0,5418.0,4529.642857142857,0,61235.07142857143,,-0.0,0,0.0,-0.0
2025-01-28,102101.0,101313.0,103541.0,100272.0,45780526813.56264,2007072201507.5273,-0.006346229071137126,101406.58231045016,98361.26122589252,3269.0,1583.0,1686.0,3269.0,4552.285714285715,0,61235.07142857143,,-0.0,0,0.0,-0.0
2025-01-29,101341.0,103719.0,104677.0,101330.0,47425401641.53094,2056581551171.7,0.023470584573024363,101637.82407940515,98579.94444116221,3347.0,3364.0,17.0,3364.0,4492.571428571428,0,61235.07142857143,,0.0,0,0.0,0.0
2025-01-30,103716.0,104782.0,106191.0,103388.0,42122570869.034325,2076760153260.6191,0.010196682128136507,101952.24167146464,98833.08956601273,2803.0,2472.0,331.0,2803.0,4468.857142857143,0,61235.07142857143,,0.0,0,0.0,0.0
2025-01-31,104720.0,102382.0,105942.0,101554.0,37187819228.35328,2028504133577.489,-0.02317108550597449,101995.21750431818,98977.94305311424,4388.0,1160.0,3228.0,4388.0,4362.857142857143,0,61235.07142857143,,-0.0,0,0.0,-0.0
2025-02-01,102405.0,100675.0,102749.0,100247.0,22827776122.48367,1996423711261.7268,-0.01681340916655486,101863.19575388636,99047.21068359938,2502.0,367.0,2135.0,2502.0,4354.071428571428,0,61235.07142857143,,-0.0,0,0.0,-0.0
2025-02-02,100552.0,97568.0,101378.0,96453.0,59784234332.21204,1933691439792.2544,-0.031347935931673544,101433.67617849773,98986.83473733,4925.0,703.0,4222.0,4925.0,4243.642857142857,0,61235.07142857143,,-0.0,0,0.0,-0.0
2025-02-03,97652.0,101467.0,102614.0,92460.0,122163969235.23686,2011121374511.8835,0.039184051659297586,101437.00856064796,99088.06597254102,10154.0,5046.0,5108.0,10154.0,4320.071428571428,0,61235.07142857143,,0.0,0,0.0,0.0
2025-02-04,101392.0,98118.0,101730.0,96026.0,73196693057.98114,1943535291172.1597,-0.03356278648683345,101105.10770458316,99048.47144304955,5704.0,263.0,5441.0,5704.0,4220.142857142857,0,61235.07142857143,,-0.0,0,0.0,-0.0
2025-02-05,97888.0,96583.0,98949.0,96212.0,48848958931.79228,1912584628590.309,-0.015768093683591174,100652.89693412484,98947.83995557814,2737.0,831.0,1906.0,2737.0,4207.285714285715,0,61235.07142857143,,-0.0,0,0.0,-0.0
2025-02-06,96613.0,96635.0,99132.0,95820.0,44462180396.172516,1915093756057.5637,0.0005382521427138604,100251.10724071236,98853.4383247382,3312.0,2549.0,763.0,3312.0,4050.5,0,61235.07142857143,,0.0,0,0.0,0.0
2025-02-07,96568.0,96558.0,100097.0,95676.0,57077722340.22422,1911296376425.356,-0.0007971303730182775,99881.79651664113,98759.7469645448,4421.0,3462.0,959.0,4421.0,4065.714285714286,0,61235.07142857143,,-0.0,0,0.0,-0.0
2025-02-08,96480.0,96558.0,96870.0,95687.0,20760850644.84597,1914211835440.1182,0.0,99549.41686497701,98669.87974150215,1183.0,312.0,871.0,1183.0,4071.714285714286,0,61235.07142857143,,0.0,0,0.0,0.0
2025-02-09,96454.0,96549.0,97317.0,94761.0,25457107581.051964,1913068773356.083,-9.321257133625855e-05,99249.37517847931,98583.31322144084,2556.0,759.0,1797.0,2556.0,4052.5714285714284,0,61235.07142857143,,-0.0,0,0.0,-0.0
2025-02-10,96520.0,97400.0,98334.0,95524.0,37054987393.57789,1930742951090.367,0.008775559155412794,99064.43766063139,98535.01472260652,2810.0,1785.0,1025.0,2810.0,3866.285714285714,0,61235.07142857143,,0.0,0,0.0,0.0
2025-02-11,97465.0,95740.0,98467.0,94899.0,36454577154.5622,1898788887978.3252,-0.017190026684126482,98731.99389456825,98420.93248903073,3568.0,1067.0,2501.0,3568.0,3887.6428571428573,0,61235.07142857143,,-0.0,0,0.0,-0.0
2025-02-12,95743.0,97836.0,98098.0,94120.0,47115618235.19051,1936842454813.9983,0.021656423504410997,98642.39450511143,98397.05769356008,3978.0,2358.0,1620.0,3978.0,3931.5,0,61235.07142857143,,0.0,0,0.0,0.0
2025-02-13,97887.0,96562.0,98089.0,95410.0,29084371910.690556,1914315097486.3862,-0.013107318383642824,98434.3550546003,98322.15737953722,2679.0,253.0,2426.0,2679.0,3922.6428571428573,0,61235.07142857143,,-0.0,0,0.0,-0.0
2025-02-14,96655.0,97488.0,98624.0,96353.0,32289906944.92862,1931656846871.4856,0.00954400442100723,98339.71954914027,98288.11013955611,2271.0,2062.0,209.0,2271.0,3771.4285714285716,0,61235.07142857143,,0.0,0,0.0,0.0
2025-02-15,97526.0,97570.0,97965.0,97270.0,14215311318.346336,1934308378710.2861,0.000840775613720068,98262.74759422624,98258.79952161504,695.0,477.0,218.0,695.0,3642.3571428571427,0,61235.07142857143,,0.0,0,0.0,0.0
2025-02-16,97629.0,96149.0,97716.0,96125.0,13634794998.739267,1905012222220.3691,-0.014670997555171218,98051.37283480362,98172.68525542667,1591.0,146.0,1445.0,1591.0,3404.214285714286,-1,104659.53571428571,104659.53571428571,-0.001,1,0.001,-0.0
2025-02-17,96123.0,95776.0,96915.0,95243.0,25324374113.08163,1898997753781.9536,-0.00388693989439895,97823.83555132327,98074.86136745007,1672.0,766.0,906.0,1672.0,2798.3571428571427,-1,102771.89285714286,102771.89285714286,0.00388693989439895,0,0.0,0.00388693989439895
2025-02-18,95785.0,95496.0,96663.0,93435.0,38311133144.729355,1892702154844.508,-0.002927769877551259,97591.05199619094,97969.60171979904,3228.0,887.0,2341.0,3228.0,2621.5,-1,102049.75,102049.75,0.002927769877551259,0,0.0,0.002927769877551259
2025-02-19,95614.0,96555.0,96806.0,95018.0,27703222487.389572,1914337919659.5537,0.011028432379951726,97487.44679657185,97911.86287409296,1788.0,1310.0,478.0,1788.0,2553.714285714286,-1,102049.75,102939.28571428571,-0.011028432379951726,0,0.0,-0.011028432379951726
2025-02-20,96636.0,98384.0,98758.0,96465.0,24175261969.81266,1950376106325.3228,0.018765395038424962,97577.10211691467,97931.1337771912,2293.0,2203.0,90.0,2293.0,2480.9285714285716,-1,102049.75,104586.32142857143,-0.018765395038424962,0,0.0,-0.018765395038424962
2025-02-21,98337.0,96135.0,99504.0,94909.0,42477472950.92155,1906058197506.3809,-0.023124735586814084,97432.89190522321,97857.82219444869,4595.0,1120.0,3475.0,4595.0,2493.3571428571427,-1,102049.75,102368.39285714286,0.023124735586814084,0,0.0,0.023124735586814084
2025-02-22,95957.0,96564.0,96881.0,95757.0,18464415570.762142,1915260330870.798,0.00445254732769617,97346.0027147009,97805.01312528751,1124.0,746.0,378.0,1124.0,2489.1428571428573,-1,102049.75,102786.85714285714,-0.00445254732769617,0,0.0,-0.00445254732769617
2025-02-23,96526.0,96327.0,96653.0,95247.0,16643044374.983364,1909625674815.4763,-0.002457347613538111,97244.1024432308,97744.68605894924,1406.0,89.0,1317.0,1406.0,2407.0,-1,102049.75,102344.5,0.002457347613538111,0,0.0,0.002457347613538111
2025-02-24,96265.0,91397.0,96481.0,91397.0,45539703844.38777,1814176779160.4363,-0.05253599817414373,96659.39219890772,97485.59683205336,5084.0,154.0,4930.0,5084.0,2569.4285714285716,-1,97820.57142857143,97820.57142857143,0.05253599817414373,0,0.0,0.05253599817414373
2025-02-25,91582.0,88756.0,92504.0,86142.0,96742453402.56294,1759750360550.3337,-0.02932162346014409,95869.05297901695,97129.28675727567,6362.0,1107.0,5255.0,6362.0,2769.0,-1,95678.5,95678.5,0.02932162346014409,0,0.0,0.02932162346014409
2025-02-26,88477.0,83900.0,89278.0,82455.0,69277430795.68657,1664314955447.7466,-0.05626541823100966,94672.14768111525,96589.31586922359,6823.0,522.0,6301.0,6823.0,2972.214285714286,-1,91330.53571428571,91330.53571428571,0.05626541823100966,0,0.0,0.05626541823100966
2025-02-27,84137.0,84709.0,86951.0,82831.0,81960688217.70384,1679555320077.2097,0.00959623991891751,93675.83291300373,96104.40501741854,4120.0,3051.0,1069.0,4120.0,3075.1428571428573,-1,91330.53571428571,92396.85714285714,-0.00959623991891751,0,0.0,-0.00959623991891751
2025-02-28,84690.0,84442.0,84851.0,78393.0,80695237175.07367,1674754437110.342,-0.003156945235324796,92752.44962170336,95628.38848609533,6458.0,142.0,6316.0,6458.0,3374.214285714286,-1,91330.53571428571,92877.53571428571,0.003156945235324796,0,0.0,0.003156945235324796
2025-03-01,84317.0,86005.0,86539.0,83804.0,30634474722.6359,1705564098300.8237,0.01834052594160103,92077.70465953303,95235.59711931592,2735.0,2097.0,638.0,2735.0,3519.9285714285716,-1,91330.53571428571,94804.82142857143,-0.01834052594160103,0,0.0,-0.01834052594160103
2025-03-02,85983.0,94262.0,94902.0,85075.0,61859112550.80991,1868321705444.4878,0.09167270508004817,92296.13419357972,95195.85846138465,9827.0,8897.0,930.0,9827.0,4108.214285714285,0,91330.53571428571,104532.53571428571,-0.09267270508004817,1,0.001,-0.09167270508004817
2025-03-03,94040.0,86125.0,94040.0,85205.0,68715362745.4567,1708198960874.3418,-0.09027840984457981,91679.02077422176,94825.6193405118,8835.0,222.0,9057.0,9057.0,4635.714285714285,0,91330.53571428571,,-0.0,0,0.0,-0.0
2025-03-04,86125.0,87311.0,88896.0,81688.0,65863356680.42408,1731441668069.6523,0.013676727865062648,91242.21869679958,94518.90018375621,7208.0,2771.0,4437.0,7208.0,4920.0,0,91330.53571428571,,0.0,0,0.0,0.0
2025-03-05,87039.0,90604.0,90829.0,86415.0,51606642859.81411,1797706868227.531,0.03702190498583621,91178.39682711962,94359.10833952126,4414.0,3518.0,896.0,4414.0,5107.571428571428,0,91330.53571428571,,0.0,0,0.0,0.0
2025-03-06,90655.0,90001.0,92756.0,88020.0,47555759124.64708,1782785866811.654,-0.006677580805073213,91060.65714440765,94181.22636647958,4736.0,2152.0,2584.0,4736.0,5282.071428571428,0,91330.53571428571,,-0.0,0,0.0,-0.0
2025-03-07,89924.0,86773.0,90940.0,84972.0,63216440874.73251,1720436931689.2776,-0.036525268010345883,90631.8914299669,93878.84978009266,5968.0,939.0,5029.0,5968.0,5380.142857142857,0,91330.53571428571,,-0.0,0,0.0,-0.0
2025-03-08,86720.0,86143.0,86839.0,85303.0,18809360803.37126,1708605516770.228,-0.007286807324012595,90183.00228697021,93563.10080947663,1536.0,66.0,1470.0,1536.0,5409.571428571428,0,91330.53571428571,,-0.0,0,0.0,-0.0
2025-03-09,86173.0,80751.0,86483.0,80183.0,32013406240.51754,1602073794580.0344,-0.06463836011827487,89239.80205827318,93040.15791929391,6300.0,340.0,5960.0,6300.0,5759.142857142857,0,91330.53571428571,,-0.0,0,0.0,-0.0
2025-03-10,80675.0,78784.0,83690.0,77495.0,49983692766.22745,1563547150147.7332,-0.024660415365026497,88194.22185244587,92458.27392258804,6195.0,2939.0,3256.0,6195.0,5838.5,0,91330.53571428571,,-0.0,0,0.0,-0.0
2025-03-11,78537.0,82799.0,83458.0,76784.0,56404462275.083046,1642997419531.6057,0.04970605346160859,87654.69966720129,92064.01784411505,6674.0,4674.0,2000.0,6674.0,5860.785714285715,0,91330.53571428571,,0.0,0,0.0,0.0
2025-03-12,82943.0,83884.0,84074.0,80833.0,41782186208.59073,1662502658717.542,0.013018908045276015,87277.62970048116,91730.1395647634,3241.0,1275.0,1966.0,3241.0,5604.928571428572,0,91330.53571428571,,0.0,0,0.0,0.0
2025-03-13,83678.0,81099.0,84252.0,79948.0,32583592654.882656,1608477373718.186,-0.03376426147975318,86659.76673043305,91296.2155008955,4304.0,368.0,3936.0,4304.0,5618.071428571428,0,91330.53571428571,,-0.0,0,0.0,-0.0
2025-03-14,81015.0,83972.0,85140.0,80857.0,28571483950.074646,1665725559905.8198,0.03481277935295623,86390.99005738975,90997.26792943038,4283.0,4041.0,242.0,4283.0,5462.714285714285,0,91330.53571428571,,0.0,0,0.0,0.0
2025-03-15,83955.0,84392.0,84663.0,83689.0,10761796127.312485,1674173293916.4658,0.0049892004374317905,86191.09105165077,90727.66515680056,974.0,691.0,283.0,974.0,5336.928571428572,0,91330.53571428571,,0.0,0,0.0,0.0
2025-03-16,84345.0,82611.0,84693.0,82061.0,21638031633.118767,1638672153483.722,-0.021329766806334298,85833.08194648569,90396.37270142094,2632.0,301.0,2331.0,2632.0,4823.0,0,91330.53571428571,,-0.0,0,0.0,-0.0
2025-03-17,82570.0,84075.0,84584.0,82570.0,19659366246.596867,1667799227887.438,0.017566414053160014,85657.27375183713,90138.35748911805,2014.0,1973.0,41.0,2014.0,4319.928571428572,0,91330.53571428571,,0.0,0,0.0,0.0
2025-03-18,83977.0,82780.0,83977.0,81208.0,24557570268.85276,1642578274105.806,-0.01552277130574696,85369.54637665342,89838.01636711322,2769.0,98.0,2867.0,2867.0,4009.8571428571427,0,91330.53571428571,,-0.0,0,0.0,-0.0
2025-03-19,82618.0,86815.0,86958.0,82618.0,33871216993.304657,1721565138141.278,0.04759293147551483,85514.09173898808,89714.62794396574,4340.0,4178.0,162.0,4340.0,4004.5714285714284,0,91330.53571428571,,0.0,0,0.0,0.0
2025-03-20,87394.0,84271.0,87431.0,83736.0,27579127651.06656,1672550706502.8184,-0.029741621463046725,85389.78256508928,89492.43904829366,3695.0,616.0,3079.0,3695.0,3930.214285714286,0,91330.53571428571,,-0.0,0,0.0,-0.0
2025-03-21,84326.0,84010.0,84770.0,83239.0,18091004975.919056,1666749159154.2927,-0.0031019569562986005,85251.80430858035,89268.66602591432,1531.0,499.0,1032.0,1531.0,3613.285714285714,0,91330.53571428571,,-0.0,0,0.0,-0.0
2025-03-22,84046.0,83793.0,84492.0,83709.0,7771134681.982918,1662574363663.653,-0.0025863675972989434,85105.92387772232,89045.16945342803,783.0,482.0,301.0,783.0,3559.5,0,91330.53571428571,,-0.0,0,0.0,-0.0
2025-03-23,83823.0,85788.0,85826.0,83823.0,12617587530.619724,1702009594329.4495,0.023529664793258184,85174.13148995009,88912.22376145137,2003.0,2033.0,30.0,2033.0,3254.714285714286,0,91330.53571428571,,0.0,0,0.0,0.0
2025-03-24,86114.0,87328.0,88714.0,85560.0,27270889835.1835,1732715331970.134,0.017792007953212924,85389.51834095508,88847.56156710642,3154.0,2926.0,228.0,3154.0,3037.5,0,91330.53571428571,,0.0,0,0.0,0.0
2025-03-25,87483.0,87521.0,88430.0,86358.0,30351832942.705593,1735368473904.4885,0.002207620042247927,85602.66650685958,88793.41619702043,2072.0,1102.0,970.0,2072.0,2708.785714285714,0,91330.53571428571,,0.0,0,0.0,0.0
2025-03-26,87424.0,86961.0,88268.0,85863.0,25522877558.700558,1724854479045.6724,-0.006419022281322684,85738.49985617361,88718.62369918286,2405.0,747.0,1658.0,2405.0,2649.0714285714284,0,91330.53571428571,,-0.0,0,0.0,-0.0
2025-03-27,86914.0,87227.0,87773.0,85867.0,24620445368.489468,1729729987159.4822,0.0030541737291905555,85887.34987055625,88657.7410992162,1906.0,812.0,1094.0,1906.0,2477.785714285714,0,91330.53571428571,,0.0,0,0.0,0.0
2025-03-28,87213.0,84359.0,87500.0,83609.0,31674486232.097313,1673182800974.1038,-0.033432414434951055,85734.51488350063,88482.28227884002,3891.0,273.0,3618.0,3891.0,2449.785714285714,0,91330.53571428571,,-0.0,0,0.0,-0.0
2025-03-29,84333.0,82679.0,84541.0,81770.0,16837439419.924389,1640665503855.1438,-0.020115861664083756,85428.96339515057,88245.41361439756,2771.0,182.0,2589.0,2771.0,2578.1428571428573,0,91330.53571428571,,-0.0,0,0.0,-0.0
2025-03-30,82604.0,82356.0,83496.0,81553.0,13428975108.070734,1633996304187.2593,-0.00391432620251109,85121.66705563551,88005.02938523848,1943.0,817.0,1126.0,1943.0,2528.9285714285716,0,91330.53571428571,,-0.0,0,0.0,-0.0
2025-03-31,82355.0,82514.0,83757.0,81362.0,30326148749.91535,1635076581047.3545,0.0019166621989323493,84860.90035007196,87780.90573686139,2395.0,1401.0,994.0,2395.0,2556.1428571428573,0,91330.53571428571,,0.0,0,0.0,0.0
2025-04-01,82553.0,85238.0,85438.0,82408.0,29172899851.734768,1690602036035.04,0.032479367878887576,84898.61031506477,87677.11366596908,3030.0,2924.0,106.0,3030.0,2567.785714285714,0,91330.53571428571,,0.0,0,0.0,0.0
2025-04-02,85151.0,82526.0,87791.0,82430.0,46332905657.77597,1637358764747.381,-0.03233394858633849,84661.34928355829,87466.86412858259,5361.0,2553.0,2808.0,5361.0,2640.714285714286,0,91330.53571428571,,-0.0,0,0.0,-0.0
2025-04-03,82489.0,83164.0,83817.0,81333.0,36594464539.14662,1652537223074.958,0.007701166675162703,84511.61435520246,87291.23702129349,2484.0,1291.0,1193.0,2484.0,2554.214285714286,0,91330.53571428571,,0.0,0,0.0,0.0
2025-04-04,83209.0,83852.0,84631.0,81714.0,35647289400.47406,1664234880198.049,0.008238778220493959,84445.65291968221,87150.8600000162,2917.0,1467.0,1450.0,2917.0,2653.214285714286,0,91330.53571428571,,0.0,0,0.0,0.0
2025-04-05,83828.0,83596.0,84173.0,82395.0,14910400035.531416,1656020067997.187,-0.003057668045631188,84360.687627714,87005.76367348492,1778.0,321.0,1457.0,1778.0,2724.285714285714,0,91330.53571428571,,-0.0,0,0.0,-0.0
2025-04-06,83514.0,78211.0,83668.0,77177.0,36140377231.68329,1555325260787.2627,-0.06658536943549061,83745.7188649426,86646.79372762839,6491.0,72.0,6419.0,6491.0,3042.714285714286,0,91330.53571428571,,-0.0,0,0.0,-0.0
2025-04-07,78367.0,79179.0,80818.0,74604.0,82909748172.59216,1581407565278.352,0.012300809525836474,83289.04697844834,86341.98582037825,6214.0,2607.0,3607.0,6214.0,3261.285714285714,0,91330.53571428571,,0.0,0,0.0,0.0
2025-04-08,79146.0,76329.0,80802.0,76329.0,47812787635.22632,1515042499757.3254,-0.036658167430568184,82593.0422806035,85933.2925215873,4473.0,1623.0,2850.0,4473.0,3432.785714285714,0,91330.53571428571,,-0.0,0,0.0,-0.0
2025-04-09,76301.0,82622.0,83425.0,74773.0,87408220482.11568,1640567909122.172,0.0792230441735959,82595.93805254316,85798.13772478781,8652.0,7096.0,1556.0,8652.0,3879.0,0,91330.53571428571,,0.0,0,0.0,0.0
2025-04-10,82595.0,79596.0,82595.0,78669.0,41213520154.25157,1580023209138.0547,-0.037312148557959036,82295.94424728885,85544.98924622504,3926.0,27.0,3953.0,3953.0,4025.214285714286,0,91330.53571428571,,-0.0,0,0.0,-0.0
2025-04-11,79556.0,83439.0,84056.0,79086.0,39813566443.76779,1655868880454.1702,0.04715198562964552,82410.24982255997,85459.03050148116,4970.0,4460.0,510.0,4970.0,4102.285714285715,0,91330.53571428571,,0.0,0,0.0,0.0
2025-04-12,83438.0,85305.0,85630.0,82862.0,22428929482.069122,1693600655371.0874,0.022117243465808012,82699.72484030397,85452.74354223703,2768.0,2191.0,577.0,2768.0,4102.071428571428,0,91330.53571428571,,0.0,0,0.0,0.0
2025-04-13,85297.0,83601.0,85732.0,83197.0,28731125717.934357,1658923208081.8682,-0.02017758768526949,82789.85235627358,85377.16217316613,2535.0,427.0,2108.0,2535.0,4144.357142857143,0,91330.53571428571,,-0.0,0,0.0,-0.0
2025-04-14,83637.0,84523.0,85668.0,83637.0,33155578229.343513,1677843510120.269,0.010968204933837086,82963.16712064622,85342.29841099608,2031.0,2067.0,36.0,2067.0,4120.928571428572,0,91330.53571428571,,0.0,0,0.0,0.0
2025-04-15,84590.0,83656.0,86186.0,83656.0,25084671427.622566,1660749023283.0562,-0.01031053437915257,83032.4504085816,85273.46990442481,2530.0,1663.0,867.0,2530.0,4085.214285714286,0,91330.53571428571,,-0.0,0,0.0,-0.0
2025-04-16,83642.0,84106.0,85312.0,83219.0,26948109141.803364,1670497569762.047,0.005364755776303888,83139.80536772344,85225.81807159114,2093.0,1656.0,437.0,2093.0,3851.785714285714,0,91330.53571428571,,0.0,0,0.0,0.0
2025-04-17,84059.0,84931.0,85377.0,83900.0,19323821375.14309,1686226810049.1836,0.009761254052457745,83318.9248309511,85213.78468091394,1477.0,1271.0,206.0,1477.0,3779.8571428571427,0,91330.53571428571,,0.0,0,0.0,0.0
2025-04-18,84940.0,84434.0,85026.0,84366.0,9550691272.782005,1676373197914.5117,-0.00586899804094098,83430.432347856,85181.95673475419,660.0,95.0,565.0,660.0,3618.6428571428573,0,91330.53571428571,,-0.0,0,0.0,-0.0
2025-04-19,84448.0,85127.0,85470.0,84378.0,12635983530.804455,1690090596771.3958,0.008174094970067452,83600.0891130704,85179.71360272341,1092.0,1036.0,56.0,1092.0,3569.6428571428573,0,91330.53571428571,,0.0,0,0.0,0.0
2025-04-20,85089.0,85073.0,85283.0,84038.0,12625843856.313684,1689008667806.3804,-0.0006345476123611144,83747.38020176336,85175.35794546938,1245.0,156.0,1089.0,1245.0,3194.9285714285716,0,91330.53571428571,,-0.0,0,0.0,-0.0
2025-04-21,85140.0,87452.0,88260.0,85140.0,40070025414.28289,1735703747771.06,0.02758035997282653,84117.84218158702,85268.28211096043,3120.0,3187.0,67.0,3187.0,2978.714285714286,0,91330.53571428571,,0.0,0,0.0,0.0
2025-04-22,87501.0,93576.0,93702.0,87366.0,53841992235.36636,1858587811717.8286,0.06768386893376456,85063.65796342833,85607.37263704366,6336.0,6250.0,86.0,6336.0,3111.785714285714,0,91330.53571428571,,0.0,0,0.0,0.0
2025-04-23,93518.0,93605.0,94320.0,92079.0,39901515879.65954,1858660302322.256,0.00030986051182570277,85917.7921670855,85933.80640696024,2241.0,744.0,1497.0,2241.0,2653.8571428571427,0,91330.53571428571,,0.0,0,0.0,0.0
2025-04-24,93693.0,93873.0,93916.0,91810.0,30031246761.093452,1864298110563.3408,0.0028590040703496138,86713.31295037696,86257.8551250435,2106.0,311.0,1795.0,2106.0,2521.9285714285716,1,87568.17857142857,87568.17857142857,-0.001,1,0.001,0.0
2025-04-25,93946.0,94773.0,95564.0,93056.0,39336184715.04292,1882121595175.8462,0.009541753637705748,87519.28165533926,86605.41205871518,2508.0,1691.0,817.0,2508.0,2346.0714285714284,1,88907.82142857143,88907.82142857143,0.009541753637705748,0,0.0,0.009541753637705748
2025-04-26,94739.0,94644.0,95195.0,94033.0,15445392739.787264,1879131951239.1846,-0.0013620743644329298,88231.75348980534,86933.5176889717,1162.0,422.0,740.0,1162.0,2231.3571428571427,1,89065.60714285714,89065.60714285714,-0.0013620743644329298,0,0.0,-0.0013620743644329298
2025-04-27,94666.0,93809.0,95115.0,93766.0,15926259371.057959,1862772247122.064,-0.008861683967177325,88789.47814082481,87214.14962003408,1349.0,471.0,878.0,1349.0,2146.6428571428573,1,89065.60714285714,88442.39285714286,-0.008861683967177325,0,0.0,-0.008861683967177325
2025-04-28,93802.0,95031.0,95491.0,92953.0,31913814736.53902,1887067388174.3481,0.012942353923919831,89413.63032674234,87533.2047375837,2538.0,1682.0,856.0,2538.0,2180.285714285714,1,89580.28571428571,89580.28571428571,0.012942353923919831,0,0.0,0.012942353923919831
2025-04-29,95023.0,94256.0,95444.0,93881.0,25882629766.278946,1870818389258.4038,-0.00818866938126522,89897.8672940681,87807.60454421293,1563.0,413.0,1150.0,1563.0,2111.214285714286,1,89580.28571428571,88977.96428571429,-0.00818866938126522,0,0.0,-0.00818866938126522
2025-04-30,94275.0,94236.0,95193.0,93334.0,26541700309.366146,1871350362569.0933,-0.00021221059859359882,90331.68056466129,88069.98803220423,1859.0,937.0,922.0,1859.0,2094.5,1,89580.28571428571,88999.75,-0.00021221059859359882,0,0.0,-0.00021221059859359882
2025-05-01,94191.0,96427.0,97341.0,94185.0,30207566405.468834,1914884389769.3945,0.02298397120739627,90941.21250819517,88411.09056150202,3156.0,3105.0,51.0,3156.0,2214.4285714285716,1,90890.92857142857,90890.92857142857,0.02298397120739627,0,0.0,0.02298397120739627
2025-05-02,96465.0,96856.0,97822.0,96414.0,23276376191.483967,1923251765866.1472,0.004439094017305016,91532.69125737566,88755.7807426652,1408.0,1395.0,13.0,1408.0,2267.8571428571427,1,91186.35714285714,91186.35714285714,0.004439094017305016,0,0.0,0.004439094017305016
2025-05-03,96901.0,95923.0,96933.0,95923.0,13797554863.642815,1904894886394.57,-0.009679553111880049,91971.72213163809,89048.32030418907,1010.0,77.0,933.0,1010.0,2262.0,1,91186.35714285714,90268.0,-0.009679553111880049,0,0.0,-0.009679553111880049
2025-05-04,95893.0,94327.0,96255.0,94264.0,14903122945.616686,1872812442453.0322,-0.01677831738146202,92207.24991847428,89263.77661830379,1991.0,332.0,1659.0,1991.0,2315.285714285714,1,91186.35714285714,88538.78571428571,-0.01677831738146202,0,0.0,-0.01677831738146202
2025-05-05,94302.0,94759.0,95111.0,93704.0,24086456278.203846,1882511286487.958,0.004569357346865378,92462.42492662685,89488.07145020975,1407.0,784.0,623.0,1407.0,2188.1428571428573,1,91186.35714285714,89288.64285714286,0.004569357346865378,0,0.0,0.004569357346865378
2025-05-06,94756.0,96855.0,96855.0,93592.0,23348052607.071873,1923643840814.599,0.02187818848757755,92901.68243396416,89788.76241142568,3263.0,2096.0,1167.0,3263.0,1968.642857142857,1,91933.39285714286,91933.39285714286,0.02187818848757755,0,0.0,0.02187818848757755
2025-05-07,96816.0,97026.0,97512.0,95967.0,64376174032.08048,1927134557858.269,0.0017639690773218345,93314.11419056775,90084.15986402055,1545.0,657.0,888.0,1545.0,1918.9285714285713,1,92228.67857142857,92228.67857142857,0.0017639690773218345,0,0.0,0.0017639690773218345
2025-05-08,97036.0,103076.0,103461.0,96965.0,50020047720.65604,2047883753852.6929,0.06048759639557976,94290.30277151098,90614.43905324419,6496.0,6435.0,61.0,6496.0,2232.5,1,97494.75,97494.75,0.06048759639557976,0,0.0,0.06048759639557976
2025-05-09,103156.0,102963.0,103890.0,102403.0,40800894903.23446,2045046445523.5242,-0.001096879826922304,95157.57249435989,91118.46194903014,1487.0,814.0,673.0,1487.0,2159.5714285714284,1,97564.07142857143,97564.07142857143,-0.001096879826922304,0,0.0,-0.001096879826922304
2025-05-10,102975.0,104631.0,104763.0,102888.0,21558992540.042442,2077132539531.3464,0.016070174443056393,96104.9152449239,91669.99411437585,1875.0,1800.0,75.0,1875.0,2210.5,1,99104.75,99104.75,0.016070174443056393,0,0.0,0.016070174443056393
2025-05-11,104710.0,103994.0,104841.0,103480.0,27389436049.454792,2065659960471.3655,-0.006106669666160364,96893.82372043152,92173.01476276867,1361.0,210.0,1151.0,1361.0,2211.3571428571427,1,99104.75,98465.60714285714,-0.006106669666160364,0,0.0,-0.006106669666160364
2025-05-12,104083.0,102877.0,105503.0,101109.0,43090605819.36596,2044347271866.1707,-0.010799105291897588,97492.14134838837,92609.91211939036,4394.0,1509.0,2885.0,4394.0,2343.9285714285716,1,99104.75,97017.17857142857,-0.010799105291897588,0,0.0,-0.010799105291897588
2025-05-13,102823.0,104184.0,104836.0,101698.0,33861432519.50822,2069356072124.024,0.012624466787884552,98161.32721354954,93082.32386961931,3138.0,1959.0,1179.0,3138.0,2456.4285714285716,1,99104.75,98042.92857142857,0.012624466787884552,0,0.0,0.012624466787884552
2025-05-14,104069.0,103594.0,104156.0,102964.0,28398245846.798244,2057798367292.5637,-0.005679153575076246,98704.59449219459,93511.37187494097,1192.0,28.0,1220.0,1220.0,2410.785714285714,1,99104.75,97567.03571428571,-0.005679153575076246,0,0.0,-0.005679153575076246
2025-05-15,103546.0,103709.0,104083.0,101769.0,31823340473.339912,2060142559914.034,0.001109487193110709,99205.03504297514,93927.60159433114,2314.0,489.0,1825.0,2314.0,2350.6428571428573,1,99104.75,97832.39285714286,0.001109487193110709,0,0.0,0.001109487193110709
2025-05-16,103749.0,103556.0,104291.0,103300.0,25887953182.14765,2057725640290.0767,-0.001476371097781236,99640.13153867763,94320.59744762373,991.0,582.0,409.0,991.0,2320.8571428571427,1,99104.75,97753.85714285714,-0.001476371097781236,0,0.0,-0.001476371097781236
2025-05-17,103548.0,103212.0,103650.0,102771.0,18950056010.479057,2050318521477.805,-0.00332740382831268,99997.31838480987,94683.51183751663,879.0,94.0,785.0,879.0,2311.5,1,99104.75,97433.25,-0.00332740382831268,0,0.0,-0.00332740382831268
2025-05-18,103195.0,106031.0,106031.0,103195.0,30744060179.802963,2104889720872.8306,0.02694637882891996,100600.68654632889,95146.6746196588,2836.0,2819.0,17.0,2836.0,2371.8571428571427,1,100101.35714285714,100101.35714285714,0.02694637882891996,0,0.0,0.02694637882891996
2025-05-19,106140.0,105629.0,106518.0,102381.0,43339734153.75087,2098485415895.0496,-0.003798549403483201,101103.517891696,95574.52463518293,4137.0,487.0,3650.0,4137.0,2566.8571428571427,1,100101.35714285714,99211.85714285714,-0.003798549403483201,0,0.0,-0.003798549403483201
2025-05-20,105614.0,106787.0,107000.0,104386.0,36393687094.25122,2121778617273.821,0.010903241488046132,101671.8661025264,96032.17669088974,2614.0,1371.0,1243.0,2614.0,2520.5,1,100485.75,100485.75,0.010903241488046132,0,0.0,0.010903241488046132
2025-05-21,106799.0,109666.0,109749.0,106185.0,60722883113.84,2178838967665.505,0.02660318678060354,102471.27949227377,96588.65927493505,3564.0,2962.0,602.0,3564.0,2664.714285714286,1,103004.21428571429,103004.21428571429,0.02660318678060354,0,0.0,0.02660318678060354
2025-05-22,109700.0,111560.0,111814.0,109579.0,52218408239.45193,2214712145787.249,0.01712317970785906,103380.15154304639,97199.73440657035,2235.0,2148.0,87.0,2235.0,2360.3571428571427,1,105659.10714285714,105659.10714285714,0.01712317970785906,0,0.0,0.01712317970785906
2025-05-23,111579.0,107217.0,111654.0,107217.0,49251745837.96465,2131595896624.4407,-0.03970774460584471,103763.83638874175,97608.60238997564,4437.0,94.0,4343.0,4437.0,2571.0714285714284,1,105659.10714285714,100789.32142857143,-0.03970774460584471,0,0.0,-0.03970774460584471
2025-05-24,107156.0,107831.0,109401.0,107156.0,27128230116.517162,2142540077685.2197,0.005710368554532679,104170.55274986758,98025.84310875215,2245.0,2184.0,61.0,2245.0,2597.5,1,105659.10714285714,101337.25,0.005710368554532679,0,0.0,0.005710368554532679
2025-05-25,107819.0,108862.0,108990.0,106802.0,29652659665.048733,2163072841533.6133,0.009515838350512222,104639.69747488083,98468.13522676226,2188.0,1159.0,1029.0,2188.0,2656.5714285714284,1,105659.10714285714,102220.57142857143,0.009515838350512222,0,0.0,0.009515838350512222
2025-05-26,108901.0,109378.0,110162.0,108901.0,27950577137.918888,2173059855839.4187,0.004728747814562293,105113.52772739275,98913.43582975154,1261.0,1300.0,39.0,1300.0,2435.5714285714284,1,105659.10714285714,103289.07142857143,0.004728747814562293,0,0.0,0.004728747814562293
2025-05-27,109394.0,109068.0,110407.0,108292.0,38978783508.88622,2167551887130.0073,-0.0028382319484169865,105508.97495465347,99327.90783670045,2115.0,1029.0,1086.0,2115.0,2362.5,1,105659.10714285714,103161.75,-0.0028382319484169865,0,0.0,-0.0028382319484169865
2025-05-28,109010.0,107838.0,109104.0,107107.0,29794278037.284946,2143342706888.307,-0.011341439926681103,105741.87745918812,99675.2585372433,1997.0,36.0,1961.0,1997.0,2418.0,1,105659.10714285714,101793.0,-0.011341439926681103,0,0.0,-0.011341439926681103
2025-05-29,107830.0,105745.0,108851.0,105745.0,38279231892.56757,2101348752694.3137,-0.01959956551323931,105742.18971326931,99923.00308674357,3106.0,1013.0,2093.0,3106.0,2474.5714285714284,1,105659.10714285714,99558.57142857143,-0.01959956551323931,0,0.0,-0.01959956551323931
2025-05-30,105720.0,104011.0,106224.0,103954.0,39680060337.610214,2066830946978.0637,-0.01653387270574202,105569.07074194239,100089.86010361118,2270.0,479.0,1791.0,2270.0,2565.9285714285716,0,105659.10714285714,97596.17857142857,-0.01753387270574202,1,0.001,-0.01653387270574202
2025-05-31,104021.0,104688.0,104896.0,103296.0,20432694555.09522,2080467809295.7695,0.006487835348411691,105480.96366774815,100277.53928305562,1600.0,885.0,715.0,1600.0,2617.4285714285716,0,105659.10714285714,,0.0,0,0.0,0.0
2025-06-01,104686.0,105710.0,105804.0,103939.0,17721500507.53389,2101178071590.9749,0.009714997653188805,105503.86730097333,100499.27237354315,1865.0,1116.0,749.0,1865.0,2548.0714285714284,0,105659.10714285714,,0.0,0,0.0,0.0
2025-06-02,105698.0,105885.0,105885.0,103977.0,26313843058.73954,2104229403094.936,0.0016541037349735474,105541.980570876,100719.09799094955,1908.0,175.0,1733.0,1908.0,2388.8571428571427,0,105659.10714285714,,0.0,0,0.0,0.0
2025-06-03,105884.0,105434.0,106807.0,104982.0,25925661121.080395,2095294001281.4797,-0.004268434781071912,105531.1825137884,100911.54297091078,1825.0,922.0,903.0,1825.0,2332.5,0,105659.10714285714,,-0.0,0,0.0,-0.0
2025-06-04,105431.0,104813.0,105910.0,104648.0,25812143562.797962,2083148839111.2068,-0.005907354739049002,105459.36426240957,101070.78611495523,1262.0,476.0,786.0,1262.0,2168.0714285714284,0,105659.10714285714,,-0.0,0,0.0,-0.0
2025-06-05,104803.0,101651.0,105888.0,100783.0,39711941132.0234,2020294099992.3677,-0.03063243229115039,105078.5278361686,101094.4683143448,5105.0,1075.0,4030.0,5105.0,2373.0714285714284,0,105659.10714285714,,-0.0,0,0.0,-0.0
2025-06-06,101598.0,104410.0,105201.0,101379.0,29897390978.090103,2075175500201.4253,0.026780078597745095,105011.67505255174,101229.79613824909,3822.0,3550.0,272.0,3822.0,2329.1428571428573,0,105659.10714285714,,0.0,0,0.0,0.0
2025-06-07,104365.0,105681.0,105891.0,104210.0,17749731308.73042,2100553336902.5076,0.01209966639566913,105078.60754729657,101411.47792852463,1681.0,1481.0,200.0,1681.0,2288.8571428571427,0,105659.10714285714,,0.0,0,0.0,0.0
2025-06-08,105665.0,105692.0,106365.0,105112.0,16044679696.270103,2100654769399.4705,0.00010408141068103083,105139.94679256692,101586.19311511546,1253.0,684.0,569.0,1253.0,2222.0714285714284,0,105659.10714285714,,0.0,0,0.0,0.0
2025-06-09,105724.0,110262.0,110277.0,105426.0,38222993297.50514,2191877481230.9468,0.0423301478329734,105652.15211331022,101940.30768184543,4851.0,4585.0,266.0,4851.0,2475.714285714286,0,105659.10714285714,,0.0,0,0.0,0.0
2025-06-10,110266.0,110213.0,110282.0,108633.0,36303839182.734825,2189350055406.3333,-0.00044449484800330384,106108.23690197921,102277.96859279051,1649.0,20.0,1629.0,1649.0,2442.4285714285716,0,105659.10714285714,,-0.0,0,0.0,-0.0
2025-06-11,110237.0,108680.0,110269.0,108244.0,30338936631.626648,2159529375273.4956,-0.014007072535191985,106365.41321178128,102539.2759971664,2025.0,56.0,1969.0,2025.0,2444.4285714285716,0,105659.10714285714,,-0.0,0,0.0,-0.0
2025-06-12,108687.0,105979.0,108748.0,105880.0,35865159511.38857,2107911943768.2988,-0.025166823280640835,106326.77189060317,102679.67289524124,2868.0,68.0,2800.0,2868.0,2427.4285714285716,0,105659.10714285714,,-0.0,0,0.0,-0.0
2025-06-13,105898.0,106046.0,106060.0,103081.0,49471015505.74361,2107973087547.7922,0.0006320009643213136,106298.69470154284,102817.07400155792,2979.0,81.0,2898.0,2979.0,2478.0714285714284,0,105659.10714285714,,0.0,0,0.0,0.0
2025-06-14,106069.0,105483.0,106069.0,104412.0,17916412455.866283,2097486541223.27,-0.005323159750496913,106217.12523138856,102925.88730761678,1657.0,23.0,1634.0,1657.0,2482.1428571428573,0,105659.10714285714,,-0.0,0,0.0,-0.0
2025-06-15,105459.0,105554.0,106032.0,104627.0,16568441852.649668,2098499110552.6216,0.0006728678163429704,106150.81270824971,103033.15721342833,1405.0,549.0,856.0,1405.0,2449.285714285714,0,105659.10714285714,,0.0,0,0.0,0.0
2025-06-16,105564.0,106951.0,108785.0,105110.0,32095957011.724205,2127895470544.7178,0.013148115340656533,106230.83143742474,103193.06916390064,3675.0,3231.0,444.0,3675.0,2575.5,0,105659.10714285714,,0.0,0,0.0,0.0
2025-06-17,106842.0,104683.0,107644.0,103630.0,38603212010.889435,2080968120976.949,-0.02143404962745606,106076.04829368227,103253.88266741489,4014.0,693.0,3321.0,4014.0,2731.8571428571427,0,105659.10714285714,,-0.0,0,0.0,-0.0
2025-06-18,104583.0,104723.0,105532.0,103832.0,30339326410.154945,2081677732261.6853,0.000382032993195027,105940.74346431404,103313.84664017346,1700.0,849.0,851.0,1700.0,2763.1428571428573,0,105659.10714285714,,0.0,0,0.0,0.0
2025-06-19,104820.0,104691.0,105183.0,104004.0,18063282658.152298,2081355279873.408,-0.0003056147177272014,105815.76911788264,103370.05698139087,1179.0,460.0,719.0,1179.0,2482.714285714286,0,105659.10714285714,,-0.0,0,0.0,-0.0
2025-06-20,104683.0,103290.0,106450.0,102624.0,30632751225.407444,2054120245608.2085,-0.013472588277799563,105563.19220609438,103366.78934949735,3826.0,1759.0,2067.0,3826.0,2483.0,0,105659.10714285714,,-0.0,0,0.0,-0.0
2025-06-21,103292.0,101533.0,103982.0,101269.0,21644463198.719532,2017415966695.5278,-0.017156697225070027,105160.17298548494,103291.94080461991,2713.0,692.0,2021.0,2713.0,2556.714285714286,0,105659.10714285714,,-0.0,0,0.0,-0.0
2025-06-22,102092.0,100853.0,103018.0,98467.0,51287142390.02526,2005179769771.7349,-0.0067198576864575055,104729.45568693645,103192.3922003497,4551.0,1485.0,3066.0,4551.0,2792.285714285714,0,105659.10714285714,,-0.0,0,0.0,-0.0
2025-06-23,100904.0,105512.0,105927.0,100177.0,50011797128.6837,2097741233586.5918,0.04516067941656903,104807.7101182428,103287.07006972318,5750.0,5074.0,676.0,5750.0,2856.5,0,105659.10714285714,,0.0,0,0.0,0.0
2025-06-24,105471.0,105976.0,106129.0,104848.0,31704641076.941063,2107110352429.8032,0.00438796285837685,104924.53910641852,103396.8223117753,1281.0,617.0,664.0,1281.0,2830.214285714286,0,105659.10714285714,,0.0,0,0.0,0.0
2025-06-25,106036.0,107239.0,108116.0,105985.0,30468274982.034847,2132141147369.0017,0.011847335063544623,105155.98519577668,103553.6458908865,2131.0,2140.0,9.0,2140.0,2838.4285714285716,0,105659.10714285714,,0.0,0,0.0,0.0
2025-06-26,107405.0,106984.0,108115.0,106929.0,24320699663.15122,2127292099754.93,-0.0023806978750096045,105338.78667619902,103693.6603443197,1186.0,876.0,310.0,1186.0,2718.285714285714,0,105659.10714285714,,-0.0,0,0.0,-0.0
2025-06-27,106977.0,107079.0,107579.0,106556.0,25194306261.888832,2129020567385.9595,0.0008875892259463552,105512.80800857912,103831.83747312297,1023.0,595.0,428.0,1023.0,2578.5714285714284,0,105659.10714285714,,0.0,0,0.0,0.0
2025-06-28,107085.0,107332.0,107530.0,106905.0,8960877693.57604,2134239999929.6584,0.002359954642450287,105694.72720772121,103974.70124973019,625.0,451.0,174.0,625.0,2504.8571428571427,0,105659.10714285714,,0.0,0,0.0,0.0
2025-06-29,107333.0,108397.0,108449.0,107228.0,14881078675.366829,2155183166489.813,0.009873578906933451,105964.9544869491,104155.20323953712,1221.0,1117.0,104.0,1221.0,2491.714285714286,0,105659.10714285714,,0.0,0,0.0,0.0
2025-06-30,108387.0,107133.0,108771.0,106831.0,22489515582.41552,2130471589191.581,-0.011729360103042305,106081.75903825418,104276.74596445396,1940.0,374.0,1566.0,1940.0,2367.785714285714,0,105659.10714285714,,-0.0,0,0.0,-0.0
