Data,BTC,ETH,SOL,MKR,LINK,RUNE,STX,IMX,UNI,PENDLE,AAVE,VISTA,MORPHO,ENA,VIRTUAL,ONDO,YNE,USDT,TAO,CRV,RENDER,SUI,FET,ETHFI,HYPE,SEI,LQTY,AERO,SYRUP,PAXG,ZEC
2024-07-30,50.00%,15.00%,15.00%,3.00%,3.00%,3.00%,3.00%,3.00%,2.00%,3.00%,0.00%,0.00%,0.00%,0.00%,0.00%,0.00%,0.00%,0.00%,0.00%,0.00%,0.00%,0.00%,0.00%,0.00%,0.00%,0.00%,0.00%,0.00%,0.00%,0.00%,0.00%
2024-07-31,50.00%,15.00%,15.00%,3.00%,3.00%,3.00%,3.00%,3.00%,2.00%,3.00%,0.00%,0.00%,0.00%,0.00%,0.00%,0.00%,0.00%,0.00%,0.00%,0.00%,0.00%,0.00%,0.00%,0.00%,0.00%,0.00%,0.00%,0.00%,0.00%,0.00%,0.00%
2024-08-01,50.00%,15.00%,15.00%,3.00%,3.00%,3.00%,3.00%,3.00%,2.00%,3.00%,0.00%,0.00%,0.00%,0.00%,0.00%,0.00%,0.00%,0.00%,0.00%,0.00%,0.00%,0.00%,0.00%,0.00%,0.00%,0.00%,0.00%,0.00%,0.00%,0.00%,0.00%
2024-08-02,50.00%,15.00%,15.00%,3.00%,3.00%,3.00%,3.00%,3.00%,2.00%,3.00%,0.00%,0.00%,0.00%,0.00%,0.00%,0.00%,0.00%,0.00%,0.00%,0.00%,0.00%,0.00%,0.00%,0.00%,0.00%,0.00%,0.00%,0.00%,0.00%,0.00%,0.00%
2024-08-03,50.00%,15.00%,15.00%,3.00%,3.00%,3.00%,3.00%,3.00%,2.00%,3.00%,0.00%,0.00%,0.00%,0.00%,0.00%,0.00%,0.00%,0.00%,0.00%,0.00%,0.00%,0.00%,0.00%,0.00%,0.00%,0.00%,0.00%,0.00%,0.00%,0.00%,0.00%
2024-08-04,50.00%,15.00%,15.00%,3.00%,3.00%,3.00%,3.00%,3.00%,2.00%,3.00%,0.00%,0.00%,0.00%,0.00%,0.00%,0.00%,0.00%,0.00%,0.00%,0.00%,0.00%,0.00%,0.00%,0.00%,0.00%,0.00%,0.00%,0.00%,0.00%,0.00%,0.00%
2024-08-05,50.00%,15.00%,15.00%,3.00%,3.00%,3.00%,3.00%,3.00%,2.00%,3.00%,0.00%,0.00%,0.00%,0.00%,0.00%,0.00%,0.00%,0.00%,0.00%,0.00%,0.00%,0.00%,0.00%,0.00%,0.00%,0.00%,0.00%,0.00%,0.00%,0.00%,0.00%
2024-08-06,50.00%,15.00%,15.00%,3.00%,3.00%,3.00%,3.00%,3.00%,2.00%,3.00%,0.00%,0.00%,0.00%,0.00%,0.00%,0.00%,0.00%,0.00%,0.00%,0.00%,0.00%,0.00%,0.00%,0.00%,0.00%,0.00%,0.00%,0.00%,0.00%,0.00%,0.00%
2024-08-07,50.00%,15.00%,15.00%,3.00%,3.00%,3.00%,3.00%,3.00%,2.00%,3.00%,0.00%,0.00%,0.00%,0.00%,0.00%,0.00%,0.00%,0.00%,0.00%,0.00%,0.00%,0.00%,0.00%,0.00%,0.00%,0.00%,0.00%,0.00%,0.00%,0.00%,0.00%
2024-08-08,50.00%,15.00%,15.00%,3.00%,3.00%,3.00%,3.00%,3.00%,2.00%,3.00%,0.00%,0.00%,0.00%,0.00%,0.00%,0.00%,0.00%,0.00%,0.00%,0.00%,0.00%,0.00%,0.00%,0.00%,0.00%,0.00%,0.00%,0.00%,0.00%,0.00%,0.00%
2024-08-09,50.00%,15.00%,15.00%,3.00%,3.00%,3.00%,3.00%,3.00%,2.00%,3.00%,0.00%,0.00%,0.00%,0.00%,0.00%,0.00%,0.00%,0.00%,0.00%,0.00%,0.00%,0.00%,0.00%,0.00%,0.00%,0.00%,0.00%,0.00%,0.00%,0.00%,0.00%
2024-08-10,50.00%,15.00%,15.00%,3.00%,3.00%,3.00%,3.00%,3.00%,2.00%,3.00%,0.00%,0.00%,0.00%,0.00%,0.00%,0.00%,0.00%,0.00%,0.00%,0.00%,0.00%,0.00%,0.00%,0.00%,0.00%,0.00%,0.00%,0.00%,0.00%,0.00%,0.00%
2024-08-11,50.00%,15.00%,15.00%,3.00%,3.00%,3.00%,3.00%,3.00%,2.00%,3.00%,0.00%,0.00%,0.00%,0.00%,0.00%,0.00%,0.00%,0.00%,0.00%,0.00%,0.00%,0.00%,0.00%,0.00%,0.00%,0.00%,0.00%,0.00%,0.00%,0.00%,0.00%
2024-08-12,50.00%,15.00%,15.00%,3.00%,3.00%,3.00%,3.00%,3.00%,2.00%,3.00%,0.00%,0.00%,0.00%,0.00%,0.00%,0.00%,0.00%,0.00%,0.00%,0.00%,0.00%,0.00%,0.00%,0.00%,0.00%,0.00%,0.00%,0.00%,0.00%,0.00%,0.00%
2024-08-13,50.00%,15.00%,15.00%,3.00%,3.00%,3.00%,3.00%,3.00%,2.00%,3.00%,0.00%,0.00%,0.00%,0.00%,0.00%,0.00%,0.00%,0.00%,0.00%,0.00%,0.00%,0.00%,0.00%,0.00%,0.00%,0.00%,0.00%,0.00%,0.00%,0.00%,0.00%
2024-08-14,50.00%,15.00%,15.00%,3.00%,3.00%,3.00%,3.00%,3.00%,2.00%,3.00%,0.00%,0.00%,0.00%,0.00%,0.00%,0.00%,0.00%,0.00%,0.00%,0.00%,0.00%,0.00%,0.00%,0.00%,0.00%,0.00%,0.00%,0.00%,0.00%,0.00%,0.00%
2024-08-15,50.00%,15.00%,15.00%,3.00%,3.00%,3.00%,3.00%,3.00%,2.00%,3.00%,0.00%,0.00%,0.00%,0.00%,0.00%,0.00%,0.00%,0.00%,0.00%,0.00%,0.00%,0.00%,0.00%,0.00%,0.00%,0.00%,0.00%,0.00%,0.00%,0.00%,0.00%
2024-08-16,50.00%,15.00%,15.00%,3.00%,3.00%,3.00%,3.00%,3.00%,2.00%,3.00%,0.00%,0.00%,0.00%,0.00%,0.00%,0.00%,0.00%,0.00%,0.00%,0.00%,0.00%,0.00%,0.00%,0.00%,0.00%,0.00%,0.00%,0.00%,0.00%,0.00%,0.00%
2024-08-17,50.00%,15.00%,15.00%,3.00%,3.00%,3.00%,3.00%,3.00%,2.00%,3.00%,0.00%,0.00%,0.00%,0.00%,0.00%,0.00%,0.00%,0.00%,0.00%,0.00%,0.00%,0.00%,0.00%,0.00%,0.00%,0.00%,0.00%,0.00%,0.00%,0.00%,0.00%
2024-08-18,50.00%,15.00%,15.00%,3.00%,3.00%,3.00%,3.00%,3.00%,2.00%,3.00%,0.00%,0.00%,0.00%,0.00%,0.00%,0.00%,0.00%,0.00%,0.00%,0.00%,0.00%,0.00%,0.00%,0.00%,0.00%,0.00%,0.00%,0.00%,0.00%,0.00%,0.00%
2024-08-19,50.00%,15.00%,15.00%,3.00%,3.00%,3.00%,3.00%,3.00%,2.00%,3.00%,0.00%,0.00%,0.00%,0.00%,0.00%,0.00%,0.00%,0.00%,0.00%,0.00%,0.00%,0.00%,0.00%,0.00%,0.00%,0.00%,0.00%,0.00%,0.00%,0.00%,0.00%
2024-08-20,50.00%,15.00%,15.00%,3.00%,3.00%,3.00%,3.00%,3.00%,2.00%,3.00%,0.00%,0.00%,0.00%,0.00%,0.00%,0.00%,0.00%,0.00%,0.00%,0.00%,0.00%,0.00%,0.00%,0.00%,0.00%,0.00%,0.00%,0.00%,0.00%,0.00%,0.00%
2024-08-21,50.00%,15.00%,15.00%,3.00%,3.00%,3.00%,3.00%,3.00%,2.00%,3.00%,0.00%,0.00%,0.00%,0.00%,0.00%,0.00%,0.00%,0.00%,0.00%,0.00%,0.00%,0.00%,0.00%,0.00%,0.00%,0.00%,0.00%,0.00%,0.00%,0.00%,0.00%
2024-08-22,50.00%,15.00%,15.00%,3.00%,3.00%,3.00%,3.00%,3.00%,2.00%,3.00%,0.00%,0.00%,0.00%,0.00%,0.00%,0.00%,0.00%,0.00%,0.00%,0.00%,0.00%,0.00%,0.00%,0.00%,0.00%,0.00%,0.00%,0.00%,0.00%,0.00%,0.00%
2024-08-23,50.00%,15.00%,15.00%,3.00%,3.00%,3.00%,3.00%,3.00%,2.00%,3.00%,0.00%,0.00%,0.00%,0.00%,0.00%,0.00%,0.00%,0.00%,0.00%,0.00%,0.00%,0.00%,0.00%,0.00%,0.00%,0.00%,0.00%,0.00%,0.00%,0.00%,0.00%
2024-08-24,50.00%,15.00%,15.00%,3.00%,3.00%,3.00%,3.00%,3.00%,2.00%,3.00%,0.00%,0.00%,0.00%,0.00%,0.00%,0.00%,0.00%,0.00%,0.00%,0.00%,0.00%,0.00%,0.00%,0.00%,0.00%,0.00%,0.00%,0.00%,0.00%,0.00%,0.00%
2024-08-25,50.00%,15.00%,15.00%,3.00%,3.00%,3.00%,3.00%,3.00%,2.00%,3.00%,0.00%,0.00%,0.00%,0.00%,0.00%,0.00%,0.00%,0.00%,0.00%,0.00%,0.00%,0.00%,0.00%,0.00%,0.00%,0.00%,0.00%,0.00%,0.00%,0.00%,0.00%
2024-08-26,50.00%,15.00%,15.00%,3.00%,3.00%,3.00%,3.00%,3.00%,2.00%,3.00%,0.00%,0.00%,0.00%,0.00%,0.00%,0.00%,0.00%,0.00%,0.00%,0.00%,0.00%,0.00%,0.00%,0.00%,0.00%,0.00%,0.00%,0.00%,0.00%,0.00%,0.00%
2024-08-27,50.00%,15.00%,15.00%,3.00%,3.00%,3.00%,3.00%,3.00%,2.00%,3.00%,0.00%,0.00%,0.00%,0.00%,0.00%,0.00%,0.00%,0.00%,0.00%,0.00%,0.00%,0.00%,0.00%,0.00%,0.00%,0.00%,0.00%,0.00%,0.00%,0.00%,0.00%
2024-08-28,50.00%,15.00%,15.00%,3.00%,3.00%,3.00%,3.00%,3.00%,2.00%,3.00%,0.00%,0.00%,0.00%,0.00%,0.00%,0.00%,0.00%,0.00%,0.00%,0.00%,0.00%,0.00%,0.00%,0.00%,0.00%,0.00%,0.00%,0.00%,0.00%,0.00%,0.00%
2024-08-29,50.00%,15.00%,15.00%,3.00%,3.00%,3.00%,3.00%,3.00%,2.00%,3.00%,0.00%,0.00%,0.00%,0.00%,0.00%,0.00%,0.00%,0.00%,0.00%,0.00%,0.00%,0.00%,0.00%,0.00%,0.00%,0.00%,0.00%,0.00%,0.00%,0.00%,0.00%
2024-08-30,50.00%,15.00%,15.00%,3.00%,3.00%,3.00%,3.00%,3.00%,2.00%,3.00%,0.00%,0.00%,0.00%,0.00%,0.00%,0.00%,0.00%,0.00%,0.00%,0.00%,0.00%,0.00%,0.00%,0.00%,0.00%,0.00%,0.00%,0.00%,0.00%,0.00%,0.00%
2024-08-31,50.00%,15.00%,15.00%,3.00%,3.00%,3.00%,3.00%,3.00%,2.00%,3.00%,0.00%,0.00%,0.00%,0.00%,0.00%,0.00%,0.00%,0.00%,0.00%,0.00%,0.00%,0.00%,0.00%,0.00%,0.00%,0.00%,0.00%,0.00%,0.00%,0.00%,0.00%
2024-09-01,50.00%,15.00%,15.00%,3.00%,3.00%,3.00%,3.00%,3.00%,2.00%,3.00%,0.00%,0.00%,0.00%,0.00%,0.00%,0.00%,0.00%,0.00%,0.00%,0.00%,0.00%,0.00%,0.00%,0.00%,0.00%,0.00%,0.00%,0.00%,0.00%,0.00%,0.00%
2024-09-02,50.00%,15.00%,15.00%,3.00%,3.00%,3.00%,3.00%,3.00%,2.00%,3.00%,0.00%,0.00%,0.00%,0.00%,0.00%,0.00%,0.00%,0.00%,0.00%,0.00%,0.00%,0.00%,0.00%,0.00%,0.00%,0.00%,0.00%,0.00%,0.00%,0.00%,0.00%
2024-09-03,50.00%,15.00%,15.00%,3.00%,3.00%,3.00%,3.00%,3.00%,2.00%,3.00%,0.00%,0.00%,0.00%,0.00%,0.00%,0.00%,0.00%,0.00%,0.00%,0.00%,0.00%,0.00%,0.00%,0.00%,0.00%,0.00%,0.00%,0.00%,0.00%,0.00%,0.00%
2024-09-04,50.00%,15.00%,15.00%,3.00%,3.00%,3.00%,3.00%,3.00%,2.00%,3.00%,0.00%,0.00%,0.00%,0.00%,0.00%,0.00%,0.00%,0.00%,0.00%,0.00%,0.00%,0.00%,0.00%,0.00%,0.00%,0.00%,0.00%,0.00%,0.00%,0.00%,0.00%
2024-09-05,50.00%,13.00%,15.00%,3.00%,3.00%,3.00%,3.00%,3.00%,2.00%,3.00%,2.00%,0.00%,0.00%,0.00%,0.00%,0.00%,0.00%,0.00%,0.00%,0.00%,0.00%,0.00%,0.00%,0.00%,0.00%,0.00%,0.00%,0.00%,0.00%,0.00%,0.00%
2024-09-06,50.00%,13.00%,15.00%,3.00%,3.00%,3.00%,3.00%,3.00%,2.00%,3.00%,2.00%,0.00%,0.00%,0.00%,0.00%,0.00%,0.00%,0.00%,0.00%,0.00%,0.00%,0.00%,0.00%,0.00%,0.00%,0.00%,0.00%,0.00%,0.00%,0.00%,0.00%
2024-09-07,50.00%,13.00%,15.00%,3.00%,3.00%,3.00%,3.00%,3.00%,2.00%,3.00%,2.00%,0.00%,0.00%,0.00%,0.00%,0.00%,0.00%,0.00%,0.00%,0.00%,0.00%,0.00%,0.00%,0.00%,0.00%,0.00%,0.00%,0.00%,0.00%,0.00%,0.00%
2024-09-08,50.00%,13.00%,15.00%,3.00%,3.00%,3.00%,3.00%,3.00%,2.00%,3.00%,2.00%,0.00%,0.00%,0.00%,0.00%,0.00%,0.00%,0.00%,0.00%,0.00%,0.00%,0.00%,0.00%,0.00%,0.00%,0.00%,0.00%,0.00%,0.00%,0.00%,0.00%
2024-09-09,50.00%,13.00%,15.00%,3.00%,3.00%,3.00%,3.00%,3.00%,2.00%,3.00%,2.00%,0.00%,0.00%,0.00%,0.00%,0.00%,0.00%,0.00%,0.00%,0.00%,0.00%,0.00%,0.00%,0.00%,0.00%,0.00%,0.00%,0.00%,0.00%,0.00%,0.00%
2024-09-10,50.00%,13.00%,15.00%,3.00%,3.00%,3.00%,3.00%,3.00%,2.00%,3.00%,2.00%,0.00%,0.00%,0.00%,0.00%,0.00%,0.00%,0.00%,0.00%,0.00%,0.00%,0.00%,0.00%,0.00%,0.00%,0.00%,0.00%,0.00%,0.00%,0.00%,0.00%
2024-09-11,50.00%,13.00%,15.00%,3.00%,3.00%,3.00%,3.00%,3.00%,2.00%,3.00%,2.00%,0.00%,0.00%,0.00%,0.00%,0.00%,0.00%,0.00%,0.00%,0.00%,0.00%,0.00%,0.00%,0.00%,0.00%,0.00%,0.00%,0.00%,0.00%,0.00%,0.00%
2024-09-12,50.00%,13.00%,15.00%,3.00%,3.00%,3.00%,3.00%,3.00%,2.00%,3.00%,2.00%,0.00%,0.00%,0.00%,0.00%,0.00%,0.00%,0.00%,0.00%,0.00%,0.00%,0.00%,0.00%,0.00%,0.00%,0.00%,0.00%,0.00%,0.00%,0.00%,0.00%
2024-09-13,50.00%,13.00%,15.00%,3.00%,3.00%,3.00%,3.00%,3.00%,2.00%,3.00%,2.00%,0.00%,0.00%,0.00%,0.00%,0.00%,0.00%,0.00%,0.00%,0.00%,0.00%,0.00%,0.00%,0.00%,0.00%,0.00%,0.00%,0.00%,0.00%,0.00%,0.00%
2024-09-14,50.00%,13.00%,15.00%,3.00%,3.00%,3.00%,3.00%,3.00%,2.00%,3.00%,2.00%,0.00%,0.00%,0.00%,0.00%,0.00%,0.00%,0.00%,0.00%,0.00%,0.00%,0.00%,0.00%,0.00%,0.00%,0.00%,0.00%,0.00%,0.00%,0.00%,0.00%
2024-09-15,50.00%,13.00%,15.00%,3.00%,3.00%,3.00%,3.00%,3.00%,2.00%,3.00%,2.00%,0.00%,0.00%,0.00%,0.00%,0.00%,0.00%,0.00%,0.00%,0.00%,0.00%,0.00%,0.00%,0.00%,0.00%,0.00%,0.00%,0.00%,0.00%,0.00%,0.00%
2024-09-16,50.00%,13.00%,15.00%,3.00%,3.00%,3.00%,3.00%,3.00%,2.00%,3.00%,2.00%,0.00%,0.00%,0.00%,0.00%,0.00%,0.00%,0.00%,0.00%,0.00%,0.00%,0.00%,0.00%,0.00%,0.00%,0.00%,0.00%,0.00%,0.00%,0.00%,0.00%
2024-09-17,50.00%,13.00%,15.00%,3.00%,3.00%,3.00%,3.00%,3.00%,2.00%,3.00%,2.00%,0.00%,0.00%,0.00%,0.00%,0.00%,0.00%,0.00%,0.00%,0.00%,0.00%,0.00%,0.00%,0.00%,0.00%,0.00%,0.00%,0.00%,0.00%,0.00%,0.00%
2024-09-18,50.00%,13.00%,15.00%,3.00%,3.00%,3.00%,3.00%,3.00%,2.00%,3.00%,2.00%,0.00%,0.00%,0.00%,0.00%,0.00%,0.00%,0.00%,0.00%,0.00%,0.00%,0.00%,0.00%,0.00%,0.00%,0.00%,0.00%,0.00%,0.00%,0.00%,0.00%
2024-09-19,50.00%,13.00%,15.00%,3.00%,3.00%,3.00%,3.00%,3.00%,2.00%,3.00%,2.00%,0.00%,0.00%,0.00%,0.00%,0.00%,0.00%,0.00%,0.00%,0.00%,0.00%,0.00%,0.00%,0.00%,0.00%,0.00%,0.00%,0.00%,0.00%,0.00%,0.00%
2024-09-20,50.00%,13.00%,15.00%,3.00%,3.00%,3.00%,3.00%,3.00%,2.00%,3.00%,2.00%,0.00%,0.00%,0.00%,0.00%,0.00%,0.00%,0.00%,0.00%,0.00%,0.00%,0.00%,0.00%,0.00%,0.00%,0.00%,0.00%,0.00%,0.00%,0.00%,0.00%
2024-09-21,50.00%,13.00%,15.00%,3.00%,3.00%,3.00%,3.00%,3.00%,2.00%,3.00%,2.00%,0.00%,0.00%,0.00%,0.00%,0.00%,0.00%,0.00%,0.00%,0.00%,0.00%,0.00%,0.00%,0.00%,0.00%,0.00%,0.00%,0.00%,0.00%,0.00%,0.00%
2024-09-22,50.00%,13.00%,15.00%,3.00%,3.00%,3.00%,3.00%,3.00%,2.00%,3.00%,2.00%,0.00%,0.00%,0.00%,0.00%,0.00%,0.00%,0.00%,0.00%,0.00%,0.00%,0.00%,0.00%,0.00%,0.00%,0.00%,0.00%,0.00%,0.00%,0.00%,0.00%
2024-09-23,45.00%,15.00%,16.00%,3.00%,3.00%,3.00%,3.00%,3.00%,2.00%,5.00%,2.00%,0.00%,0.00%,0.00%,0.00%,0.00%,0.00%,0.00%,0.00%,0.00%,0.00%,0.00%,0.00%,0.00%,0.00%,0.00%,0.00%,0.00%,0.00%,0.00%,0.00%
2024-09-24,45.00%,15.00%,16.00%,3.00%,3.00%,3.00%,3.00%,3.00%,2.00%,5.00%,2.00%,0.00%,0.00%,0.00%,0.00%,0.00%,0.00%,0.00%,0.00%,0.00%,0.00%,0.00%,0.00%,0.00%,0.00%,0.00%,0.00%,0.00%,0.00%,0.00%,0.00%
2024-09-25,45.00%,15.00%,16.00%,3.00%,3.00%,3.00%,3.00%,3.00%,2.00%,5.00%,2.00%,0.00%,0.00%,0.00%,0.00%,0.00%,0.00%,0.00%,0.00%,0.00%,0.00%,0.00%,0.00%,0.00%,0.00%,0.00%,0.00%,0.00%,0.00%,0.00%,0.00%
2024-09-26,45.00%,15.00%,16.00%,3.00%,3.00%,3.00%,3.00%,3.00%,2.00%,5.00%,2.00%,0.00%,0.00%,0.00%,0.00%,0.00%,0.00%,0.00%,0.00%,0.00%,0.00%,0.00%,0.00%,0.00%,0.00%,0.00%,0.00%,0.00%,0.00%,0.00%,0.00%
2024-09-27,45.00%,15.00%,16.00%,3.00%,3.00%,3.00%,3.00%,3.00%,2.00%,5.00%,2.00%,0.00%,0.00%,0.00%,0.00%,0.00%,0.00%,0.00%,0.00%,0.00%,0.00%,0.00%,0.00%,0.00%,0.00%,0.00%,0.00%,0.00%,0.00%,0.00%,0.00%
2024-09-28,40.00%,15.00%,20.00%,2.00%,3.00%,3.00%,3.00%,3.00%,2.00%,7.00%,2.00%,0.00%,0.00%,0.00%,0.00%,0.00%,0.00%,0.00%,0.00%,0.00%,0.00%,0.00%,0.00%,0.00%,0.00%,0.00%,0.00%,0.00%,0.00%,0.00%,0.00%
2024-09-29,40.00%,15.00%,20.00%,2.00%,3.00%,3.00%,3.00%,3.00%,2.00%,7.00%,2.00%,0.00%,0.00%,0.00%,0.00%,0.00%,0.00%,0.00%,0.00%,0.00%,0.00%,0.00%,0.00%,0.00%,0.00%,0.00%,0.00%,0.00%,0.00%,0.00%,0.00%
2024-09-30,40.00%,15.00%,20.00%,2.00%,3.00%,3.00%,3.00%,3.00%,2.00%,7.00%,2.00%,0.00%,0.00%,0.00%,0.00%,0.00%,0.00%,0.00%,0.00%,0.00%,0.00%,0.00%,0.00%,0.00%,0.00%,0.00%,0.00%,0.00%,0.00%,0.00%,0.00%
2024-10-01,40.00%,15.00%,20.00%,2.00%,3.00%,3.00%,3.00%,3.00%,2.00%,7.00%,2.00%,0.00%,0.00%,0.00%,0.00%,0.00%,0.00%,0.00%,0.00%,0.00%,0.00%,0.00%,0.00%,0.00%,0.00%,0.00%,0.00%,0.00%,0.00%,0.00%,0.00%
2024-10-02,40.00%,15.00%,20.00%,2.00%,3.00%,3.00%,3.00%,3.00%,2.00%,7.00%,2.00%,0.00%,0.00%,0.00%,0.00%,0.00%,0.00%,0.00%,0.00%,0.00%,0.00%,0.00%,0.00%,0.00%,0.00%,0.00%,0.00%,0.00%,0.00%,0.00%,0.00%
2024-10-03,40.00%,15.00%,20.00%,2.00%,3.00%,3.00%,3.00%,3.00%,2.00%,7.00%,2.00%,0.00%,0.00%,0.00%,0.00%,0.00%,0.00%,0.00%,0.00%,0.00%,0.00%,0.00%,0.00%,0.00%,0.00%,0.00%,0.00%,0.00%,0.00%,0.00%,0.00%
2024-10-04,40.00%,15.00%,20.00%,2.00%,3.00%,3.00%,3.00%,3.00%,2.00%,7.00%,2.00%,0.00%,0.00%,0.00%,0.00%,0.00%,0.00%,0.00%,0.00%,0.00%,0.00%,0.00%,0.00%,0.00%,0.00%,0.00%,0.00%,0.00%,0.00%,0.00%,0.00%
2024-10-05,40.00%,15.00%,20.00%,2.00%,3.00%,3.00%,3.00%,3.00%,2.00%,7.00%,2.00%,0.00%,0.00%,0.00%,0.00%,0.00%,0.00%,0.00%,0.00%,0.00%,0.00%,0.00%,0.00%,0.00%,0.00%,0.00%,0.00%,0.00%,0.00%,0.00%,0.00%
2024-10-06,40.00%,15.00%,20.00%,2.00%,3.00%,3.00%,3.00%,3.00%,2.00%,7.00%,2.00%,0.00%,0.00%,0.00%,0.00%,0.00%,0.00%,0.00%,0.00%,0.00%,0.00%,0.00%,0.00%,0.00%,0.00%,0.00%,0.00%,0.00%,0.00%,0.00%,0.00%
2024-10-07,40.00%,15.00%,20.00%,2.00%,3.00%,3.00%,3.00%,3.00%,2.00%,7.00%,2.00%,0.00%,0.00%,0.00%,0.00%,0.00%,0.00%,0.00%,0.00%,0.00%,0.00%,0.00%,0.00%,0.00%,0.00%,0.00%,0.00%,0.00%,0.00%,0.00%,0.00%
2024-10-08,40.00%,15.00%,20.00%,2.00%,3.00%,3.00%,3.00%,3.00%,2.00%,7.00%,2.00%,0.00%,0.00%,0.00%,0.00%,0.00%,0.00%,0.00%,0.00%,0.00%,0.00%,0.00%,0.00%,0.00%,0.00%,0.00%,0.00%,0.00%,0.00%,0.00%,0.00%
2024-10-09,40.00%,15.00%,20.00%,2.00%,3.00%,3.00%,3.00%,3.00%,2.00%,7.00%,2.00%,0.00%,0.00%,0.00%,0.00%,0.00%,0.00%,0.00%,0.00%,0.00%,0.00%,0.00%,0.00%,0.00%,0.00%,0.00%,0.00%,0.00%,0.00%,0.00%,0.00%
2024-10-10,39.00%,15.00%,20.00%,2.00%,3.00%,3.00%,3.00%,3.00%,2.00%,7.00%,2.00%,1.00%,0.00%,0.00%,0.00%,0.00%,0.00%,0.00%,0.00%,0.00%,0.00%,0.00%,0.00%,0.00%,0.00%,0.00%,0.00%,0.00%,0.00%,0.00%,0.00%
2024-10-11,39.00%,15.00%,20.00%,2.00%,3.00%,3.00%,3.00%,3.00%,2.00%,7.00%,2.00%,1.00%,0.00%,0.00%,0.00%,0.00%,0.00%,0.00%,0.00%,0.00%,0.00%,0.00%,0.00%,0.00%,0.00%,0.00%,0.00%,0.00%,0.00%,0.00%,0.00%
2024-10-12,39.00%,15.00%,20.00%,2.00%,3.00%,3.00%,3.00%,3.00%,2.00%,7.00%,2.00%,1.00%,0.00%,0.00%,0.00%,0.00%,0.00%,0.00%,0.00%,0.00%,0.00%,0.00%,0.00%,0.00%,0.00%,0.00%,0.00%,0.00%,0.00%,0.00%,0.00%
2024-10-13,39.00%,15.00%,20.00%,2.00%,3.00%,3.00%,3.00%,3.00%,2.00%,7.00%,2.00%,1.00%,0.00%,0.00%,0.00%,0.00%,0.00%,0.00%,0.00%,0.00%,0.00%,0.00%,0.00%,0.00%,0.00%,0.00%,0.00%,0.00%,0.00%,0.00%,0.00%
2024-10-14,39.00%,15.00%,20.00%,2.00%,3.00%,3.00%,3.00%,3.00%,2.00%,7.00%,2.00%,1.00%,0.00%,0.00%,0.00%,0.00%,0.00%,0.00%,0.00%,0.00%,0.00%,0.00%,0.00%,0.00%,0.00%,0.00%,0.00%,0.00%,0.00%,0.00%,0.00%
2024-10-15,39.00%,15.00%,20.00%,2.00%,3.00%,3.00%,3.00%,3.00%,2.00%,7.00%,2.00%,1.00%,0.00%,0.00%,0.00%,0.00%,0.00%,0.00%,0.00%,0.00%,0.00%,0.00%,0.00%,0.00%,0.00%,0.00%,0.00%,0.00%,0.00%,0.00%,0.00%
2024-10-16,39.00%,15.00%,20.00%,2.00%,3.00%,3.00%,3.00%,3.00%,2.00%,7.00%,2.00%,1.00%,0.00%,0.00%,0.00%,0.00%,0.00%,0.00%,0.00%,0.00%,0.00%,0.00%,0.00%,0.00%,0.00%,0.00%,0.00%,0.00%,0.00%,0.00%,0.00%
2024-10-17,39.00%,15.00%,20.00%,2.00%,3.00%,3.00%,3.00%,3.00%,2.00%,7.00%,2.00%,1.00%,0.00%,0.00%,0.00%,0.00%,0.00%,0.00%,0.00%,0.00%,0.00%,0.00%,0.00%,0.00%,0.00%,0.00%,0.00%,0.00%,0.00%,0.00%,0.00%
2024-10-18,39.00%,15.00%,20.00%,2.00%,3.00%,3.00%,3.00%,3.00%,2.00%,7.00%,2.00%,1.00%,0.00%,0.00%,0.00%,0.00%,0.00%,0.00%,0.00%,0.00%,0.00%,0.00%,0.00%,0.00%,0.00%,0.00%,0.00%,0.00%,0.00%,0.00%,0.00%
2024-10-19,39.00%,15.00%,20.00%,2.00%,3.00%,3.00%,3.00%,3.00%,2.00%,7.00%,2.00%,1.00%,0.00%,0.00%,0.00%,0.00%,0.00%,0.00%,0.00%,0.00%,0.00%,0.00%,0.00%,0.00%,0.00%,0.00%,0.00%,0.00%,0.00%,0.00%,0.00%
2024-10-20,39.00%,15.00%,20.00%,2.00%,3.00%,3.00%,3.00%,3.00%,2.00%,7.00%,2.00%,1.00%,0.00%,0.00%,0.00%,0.00%,0.00%,0.00%,0.00%,0.00%,0.00%,0.00%,0.00%,0.00%,0.00%,0.00%,0.00%,0.00%,0.00%,0.00%,0.00%
2024-10-21,39.00%,15.00%,20.00%,2.00%,3.00%,3.00%,3.00%,3.00%,2.00%,7.00%,2.00%,1.00%,0.00%,0.00%,0.00%,0.00%,0.00%,0.00%,0.00%,0.00%,0.00%,0.00%,0.00%,0.00%,0.00%,0.00%,0.00%,0.00%,0.00%,0.00%,0.00%
2024-10-22,39.00%,15.00%,20.00%,2.00%,3.00%,3.00%,3.00%,3.00%,2.00%,7.00%,2.00%,1.00%,0.00%,0.00%,0.00%,0.00%,0.00%,0.00%,0.00%,0.00%,0.00%,0.00%,0.00%,0.00%,0.00%,0.00%,0.00%,0.00%,0.00%,0.00%,0.00%
2024-10-23,39.00%,15.00%,20.00%,2.00%,3.00%,3.00%,3.00%,3.00%,2.00%,7.00%,2.00%,1.00%,0.00%,0.00%,0.00%,0.00%,0.00%,0.00%,0.00%,0.00%,0.00%,0.00%,0.00%,0.00%,0.00%,0.00%,0.00%,0.00%,0.00%,0.00%,0.00%
2024-10-24,39.00%,15.00%,20.00%,2.00%,3.00%,3.00%,3.00%,3.00%,2.00%,7.00%,2.00%,1.00%,0.00%,0.00%,0.00%,0.00%,0.00%,0.00%,0.00%,0.00%,0.00%,0.00%,0.00%,0.00%,0.00%,0.00%,0.00%,0.00%,0.00%,0.00%,0.00%
2024-10-25,39.00%,15.00%,20.00%,2.00%,3.00%,3.00%,3.00%,3.00%,2.00%,7.00%,2.00%,1.00%,0.00%,0.00%,0.00%,0.00%,0.00%,0.00%,0.00%,0.00%,0.00%,0.00%,0.00%,0.00%,0.00%,0.00%,0.00%,0.00%,0.00%,0.00%,0.00%
2024-10-26,39.00%,15.00%,20.00%,2.00%,3.00%,3.00%,3.00%,3.00%,2.00%,7.00%,2.00%,1.00%,0.00%,0.00%,0.00%,0.00%,0.00%,0.00%,0.00%,0.00%,0.00%,0.00%,0.00%,0.00%,0.00%,0.00%,0.00%,0.00%,0.00%,0.00%,0.00%
2024-10-27,39.00%,15.00%,20.00%,2.00%,3.00%,3.00%,3.00%,3.00%,2.00%,7.00%,2.00%,1.00%,0.00%,0.00%,0.00%,0.00%,0.00%,0.00%,0.00%,0.00%,0.00%,0.00%,0.00%,0.00%,0.00%,0.00%,0.00%,0.00%,0.00%,0.00%,0.00%
2024-10-28,39.00%,15.00%,20.00%,2.00%,3.00%,3.00%,3.00%,3.00%,2.00%,7.00%,2.00%,1.00%,0.00%,0.00%,0.00%,0.00%,0.00%,0.00%,0.00%,0.00%,0.00%,0.00%,0.00%,0.00%,0.00%,0.00%,0.00%,0.00%,0.00%,0.00%,0.00%
2024-10-29,39.00%,15.00%,20.00%,2.00%,3.00%,3.00%,3.00%,3.00%,2.00%,7.00%,2.00%,1.00%,0.00%,0.00%,0.00%,0.00%,0.00%,0.00%,0.00%,0.00%,0.00%,0.00%,0.00%,0.00%,0.00%,0.00%,0.00%,0.00%,0.00%,0.00%,0.00%
2024-10-30,39.00%,15.00%,20.00%,2.00%,3.00%,3.00%,3.00%,3.00%,2.00%,7.00%,2.00%,1.00%,0.00%,0.00%,0.00%,0.00%,0.00%,0.00%,0.00%,0.00%,0.00%,0.00%,0.00%,0.00%,0.00%,0.00%,0.00%,0.00%,0.00%,0.00%,0.00%
2024-10-31,39.00%,15.00%,20.00%,2.00%,3.00%,3.00%,3.00%,3.00%,2.00%,7.00%,2.00%,1.00%,0.00%,0.00%,0.00%,0.00%,0.00%,0.00%,0.00%,0.00%,0.00%,0.00%,0.00%,0.00%,0.00%,0.00%,0.00%,0.00%,0.00%,0.00%,0.00%
2024-11-01,39.00%,15.00%,20.00%,2.00%,3.00%,3.00%,3.00%,3.00%,2.00%,7.00%,2.00%,1.00%,0.00%,0.00%,0.00%,0.00%,0.00%,0.00%,0.00%,0.00%,0.00%,0.00%,0.00%,0.00%,0.00%,0.00%,0.00%,0.00%,0.00%,0.00%,0.00%
2024-11-02,39.00%,15.00%,20.00%,2.00%,3.00%,3.00%,3.00%,3.00%,2.00%,7.00%,2.00%,1.00%,0.00%,0.00%,0.00%,0.00%,0.00%,0.00%,0.00%,0.00%,0.00%,0.00%,0.00%,0.00%,0.00%,0.00%,0.00%,0.00%,0.00%,0.00%,0.00%
2024-11-03,39.00%,15.00%,20.00%,2.00%,3.00%,3.00%,3.00%,3.00%,2.00%,7.00%,2.00%,1.00%,0.00%,0.00%,0.00%,0.00%,0.00%,0.00%,0.00%,0.00%,0.00%,0.00%,0.00%,0.00%,0.00%,0.00%,0.00%,0.00%,0.00%,0.00%,0.00%
2024-11-04,39.00%,15.00%,20.00%,2.00%,3.00%,3.00%,3.00%,3.00%,2.00%,7.00%,2.00%,1.00%,0.00%,0.00%,0.00%,0.00%,0.00%,0.00%,0.00%,0.00%,0.00%,0.00%,0.00%,0.00%,0.00%,0.00%,0.00%,0.00%,0.00%,0.00%,0.00%
2024-11-05,39.00%,15.00%,20.00%,2.00%,3.00%,3.00%,3.00%,3.00%,2.00%,7.00%,2.00%,1.00%,0.00%,0.00%,0.00%,0.00%,0.00%,0.00%,0.00%,0.00%,0.00%,0.00%,0.00%,0.00%,0.00%,0.00%,0.00%,0.00%,0.00%,0.00%,0.00%
2024-11-06,39.00%,15.00%,20.00%,2.00%,3.00%,3.00%,3.00%,3.00%,2.00%,7.00%,2.00%,1.00%,0.00%,0.00%,0.00%,0.00%,0.00%,0.00%,0.00%,0.00%,0.00%,0.00%,0.00%,0.00%,0.00%,0.00%,0.00%,0.00%,0.00%,0.00%,0.00%
2024-11-07,39.00%,15.00%,20.00%,2.00%,3.00%,3.00%,3.00%,3.00%,2.00%,7.00%,2.00%,1.00%,0.00%,0.00%,0.00%,0.00%,0.00%,0.00%,0.00%,0.00%,0.00%,0.00%,0.00%,0.00%,0.00%,0.00%,0.00%,0.00%,0.00%,0.00%,0.00%
2024-11-08,39.00%,15.00%,20.00%,2.00%,3.00%,3.00%,3.00%,3.00%,2.00%,7.00%,2.00%,1.00%,0.00%,0.00%,0.00%,0.00%,0.00%,0.00%,0.00%,0.00%,0.00%,0.00%,0.00%,0.00%,0.00%,0.00%,0.00%,0.00%,0.00%,0.00%,0.00%
2024-11-09,39.00%,15.00%,20.00%,2.00%,3.00%,3.00%,3.00%,3.00%,2.00%,7.00%,2.00%,1.00%,0.00%,0.00%,0.00%,0.00%,0.00%,0.00%,0.00%,0.00%,0.00%,0.00%,0.00%,0.00%,0.00%,0.00%,0.00%,0.00%,0.00%,0.00%,0.00%
2024-11-10,39.00%,15.00%,20.00%,2.00%,3.00%,3.00%,3.00%,3.00%,2.00%,7.00%,2.00%,1.00%,0.00%,0.00%,0.00%,0.00%,0.00%,0.00%,0.00%,0.00%,0.00%,0.00%,0.00%,0.00%,0.00%,0.00%,0.00%,0.00%,0.00%,0.00%,0.00%
2024-11-11,39.00%,15.00%,20.00%,2.00%,3.00%,3.00%,3.00%,3.00%,2.00%,7.00%,2.00%,1.00%,0.00%,0.00%,0.00%,0.00%,0.00%,0.00%,0.00%,0.00%,0.00%,0.00%,0.00%,0.00%,0.00%,0.00%,0.00%,0.00%,0.00%,0.00%,0.00%
2024-11-12,39.00%,15.00%,20.00%,2.00%,3.00%,3.00%,3.00%,3.00%,2.00%,7.00%,2.00%,1.00%,0.00%,0.00%,0.00%,0.00%,0.00%,0.00%,0.00%,0.00%,0.00%,0.00%,0.00%,0.00%,0.00%,0.00%,0.00%,0.00%,0.00%,0.00%,0.00%
2024-11-13,39.00%,15.00%,20.00%,2.00%,3.00%,3.00%,3.00%,3.00%,2.00%,7.00%,2.00%,1.00%,0.00%,0.00%,0.00%,0.00%,0.00%,0.00%,0.00%,0.00%,0.00%,0.00%,0.00%,0.00%,0.00%,0.00%,0.00%,0.00%,0.00%,0.00%,0.00%
2024-11-14,39.00%,15.00%,20.00%,2.00%,3.00%,3.00%,3.00%,3.00%,2.00%,7.00%,2.00%,1.00%,0.00%,0.00%,0.00%,0.00%,0.00%,0.00%,0.00%,0.00%,0.00%,0.00%,0.00%,0.00%,0.00%,0.00%,0.00%,0.00%,0.00%,0.00%,0.00%
2024-11-15,39.00%,15.00%,20.00%,2.00%,3.00%,3.00%,3.00%,3.00%,2.00%,7.00%,2.00%,1.00%,0.00%,0.00%,0.00%,0.00%,0.00%,0.00%,0.00%,0.00%,0.00%,0.00%,0.00%,0.00%,0.00%,0.00%,0.00%,0.00%,0.00%,0.00%,0.00%
2024-11-16,39.00%,15.00%,20.00%,2.00%,3.00%,3.00%,3.00%,3.00%,2.00%,7.00%,2.00%,1.00%,0.00%,0.00%,0.00%,0.00%,0.00%,0.00%,0.00%,0.00%,0.00%,0.00%,0.00%,0.00%,0.00%,0.00%,0.00%,0.00%,0.00%,0.00%,0.00%
2024-11-17,39.00%,15.00%,20.00%,2.00%,3.00%,3.00%,3.00%,3.00%,2.00%,7.00%,2.00%,1.00%,0.00%,0.00%,0.00%,0.00%,0.00%,0.00%,0.00%,0.00%,0.00%,0.00%,0.00%,0.00%,0.00%,0.00%,0.00%,0.00%,0.00%,0.00%,0.00%
2024-11-18,39.00%,15.00%,20.00%,2.00%,3.00%,3.00%,3.00%,3.00%,2.00%,7.00%,2.00%,1.00%,0.00%,0.00%,0.00%,0.00%,0.00%,0.00%,0.00%,0.00%,0.00%,0.00%,0.00%,0.00%,0.00%,0.00%,0.00%,0.00%,0.00%,0.00%,0.00%
2024-11-19,39.00%,15.00%,20.00%,2.00%,3.00%,3.00%,3.00%,3.00%,2.00%,7.00%,2.00%,1.00%,0.00%,0.00%,0.00%,0.00%,0.00%,0.00%,0.00%,0.00%,0.00%,0.00%,0.00%,0.00%,0.00%,0.00%,0.00%,0.00%,0.00%,0.00%,0.00%
2024-11-20,39.00%,15.00%,20.00%,2.00%,3.00%,3.00%,3.00%,3.00%,2.00%,7.00%,2.00%,1.00%,0.00%,0.00%,0.00%,0.00%,0.00%,0.00%,0.00%,0.00%,0.00%,0.00%,0.00%,0.00%,0.00%,0.00%,0.00%,0.00%,0.00%,0.00%,0.00%
2024-11-21,39.00%,15.00%,20.00%,2.00%,3.00%,3.00%,3.00%,3.00%,2.00%,7.00%,2.00%,1.00%,0.00%,0.00%,0.00%,0.00%,0.00%,0.00%,0.00%,0.00%,0.00%,0.00%,0.00%,0.00%,0.00%,0.00%,0.00%,0.00%,0.00%,0.00%,0.00%
2024-11-22,39.00%,15.00%,20.00%,2.00%,3.00%,3.00%,3.00%,3.00%,2.00%,7.00%,2.00%,1.00%,0.00%,0.00%,0.00%,0.00%,0.00%,0.00%,0.00%,0.00%,0.00%,0.00%,0.00%,0.00%,0.00%,0.00%,0.00%,0.00%,0.00%,0.00%,0.00%
2024-11-23,39.00%,15.00%,20.00%,2.00%,3.00%,3.00%,3.00%,3.00%,2.00%,7.00%,2.00%,1.00%,0.00%,0.00%,0.00%,0.00%,0.00%,0.00%,0.00%,0.00%,0.00%,0.00%,0.00%,0.00%,0.00%,0.00%,0.00%,0.00%,0.00%,0.00%,0.00%
2024-11-24,39.00%,15.00%,20.00%,2.00%,3.00%,3.00%,3.00%,3.00%,2.00%,7.00%,2.00%,1.00%,0.00%,0.00%,0.00%,0.00%,0.00%,0.00%,0.00%,0.00%,0.00%,0.00%,0.00%,0.00%,0.00%,0.00%,0.00%,0.00%,0.00%,0.00%,0.00%
2024-11-25,39.00%,15.00%,20.00%,2.00%,3.00%,3.00%,3.00%,3.00%,2.00%,7.00%,2.00%,1.00%,0.00%,0.00%,0.00%,0.00%,0.00%,0.00%,0.00%,0.00%,0.00%,0.00%,0.00%,0.00%,0.00%,0.00%,0.00%,0.00%,0.00%,0.00%,0.00%
2024-11-26,39.00%,15.00%,20.00%,2.00%,3.00%,3.00%,3.00%,3.00%,2.00%,7.00%,2.00%,1.00%,0.00%,0.00%,0.00%,0.00%,0.00%,0.00%,0.00%,0.00%,0.00%,0.00%,0.00%,0.00%,0.00%,0.00%,0.00%,0.00%,0.00%,0.00%,0.00%
2024-11-27,39.00%,15.00%,20.00%,2.00%,3.00%,3.00%,3.00%,3.00%,2.00%,7.00%,2.00%,1.00%,0.00%,0.00%,0.00%,0.00%,0.00%,0.00%,0.00%,0.00%,0.00%,0.00%,0.00%,0.00%,0.00%,0.00%,0.00%,0.00%,0.00%,0.00%,0.00%
2024-11-28,39.00%,15.00%,20.00%,2.00%,3.00%,3.00%,3.00%,3.00%,2.00%,7.00%,2.00%,1.00%,0.00%,0.00%,0.00%,0.00%,0.00%,0.00%,0.00%,0.00%,0.00%,0.00%,0.00%,0.00%,0.00%,0.00%,0.00%,0.00%,0.00%,0.00%,0.00%
2024-11-29,39.00%,15.00%,20.00%,2.00%,3.00%,3.00%,3.00%,3.00%,2.00%,7.00%,2.00%,1.00%,0.00%,0.00%,0.00%,0.00%,0.00%,0.00%,0.00%,0.00%,0.00%,0.00%,0.00%,0.00%,0.00%,0.00%,0.00%,0.00%,0.00%,0.00%,0.00%
2024-11-30,39.00%,15.00%,20.00%,2.00%,3.00%,3.00%,3.00%,3.00%,2.00%,7.00%,2.00%,1.00%,0.00%,0.00%,0.00%,0.00%,0.00%,0.00%,0.00%,0.00%,0.00%,0.00%,0.00%,0.00%,0.00%,0.00%,0.00%,0.00%,0.00%,0.00%,0.00%
2024-12-01,39.00%,15.00%,20.00%,2.00%,3.00%,3.00%,3.00%,3.00%,2.00%,7.00%,2.00%,1.00%,0.00%,0.00%,0.00%,0.00%,0.00%,0.00%,0.00%,0.00%,0.00%,0.00%,0.00%,0.00%,0.00%,0.00%,0.00%,0.00%,0.00%,0.00%,0.00%
2024-12-02,39.00%,15.00%,20.00%,2.00%,3.00%,3.00%,3.00%,3.00%,2.00%,7.00%,2.00%,1.00%,0.00%,0.00%,0.00%,0.00%,0.00%,0.00%,0.00%,0.00%,0.00%,0.00%,0.00%,0.00%,0.00%,0.00%,0.00%,0.00%,0.00%,0.00%,0.00%
2024-12-03,39.00%,15.00%,20.00%,2.00%,3.00%,3.00%,3.00%,3.00%,2.00%,7.00%,2.00%,1.00%,0.00%,0.00%,0.00%,0.00%,0.00%,0.00%,0.00%,0.00%,0.00%,0.00%,0.00%,0.00%,0.00%,0.00%,0.00%,0.00%,0.00%,0.00%,0.00%
2024-12-04,39.00%,15.00%,20.00%,2.00%,3.00%,3.00%,3.00%,3.00%,2.00%,7.00%,2.00%,1.00%,0.00%,0.00%,0.00%,0.00%,0.00%,0.00%,0.00%,0.00%,0.00%,0.00%,0.00%,0.00%,0.00%,0.00%,0.00%,0.00%,0.00%,0.00%,0.00%
2024-12-05,39.00%,15.00%,20.00%,2.00%,3.00%,3.00%,3.00%,3.00%,2.00%,7.00%,2.00%,1.00%,0.00%,0.00%,0.00%,0.00%,0.00%,0.00%,0.00%,0.00%,0.00%,0.00%,0.00%,0.00%,0.00%,0.00%,0.00%,0.00%,0.00%,0.00%,0.00%
2024-12-06,39.00%,15.00%,20.00%,2.00%,3.00%,3.00%,3.00%,3.00%,2.00%,7.00%,2.00%,1.00%,0.00%,0.00%,0.00%,0.00%,0.00%,0.00%,0.00%,0.00%,0.00%,0.00%,0.00%,0.00%,0.00%,0.00%,0.00%,0.00%,0.00%,0.00%,0.00%
2024-12-07,30.00%,15.00%,12.00%,3.00%,5.00%,3.00%,5.00%,3.00%,5.00%,7.00%,5.00%,2.00%,5.00%,0.00%,0.00%,0.00%,0.00%,0.00%,0.00%,0.00%,0.00%,0.00%,0.00%,0.00%,0.00%,0.00%,0.00%,0.00%,0.00%,0.00%,0.00%
2024-12-08,30.00%,15.00%,12.00%,3.00%,5.00%,3.00%,5.00%,3.00%,5.00%,7.00%,5.00%,2.00%,5.00%,0.00%,0.00%,0.00%,0.00%,0.00%,0.00%,0.00%,0.00%,0.00%,0.00%,0.00%,0.00%,0.00%,0.00%,0.00%,0.00%,0.00%,0.00%
2024-12-09,30.00%,15.00%,12.00%,3.00%,5.00%,3.00%,5.00%,3.00%,5.00%,7.00%,5.00%,2.00%,5.00%,0.00%,0.00%,0.00%,0.00%,0.00%,0.00%,0.00%,0.00%,0.00%,0.00%,0.00%,0.00%,0.00%,0.00%,0.00%,0.00%,0.00%,0.00%
2024-12-10,30.00%,15.00%,12.00%,3.00%,5.00%,3.00%,5.00%,3.00%,5.00%,7.00%,5.00%,2.00%,5.00%,0.00%,0.00%,0.00%,0.00%,0.00%,0.00%,0.00%,0.00%,0.00%,0.00%,0.00%,0.00%,0.00%,0.00%,0.00%,0.00%,0.00%,0.00%
2024-12-11,30.00%,15.00%,12.00%,3.00%,5.00%,3.00%,5.00%,3.00%,5.00%,7.00%,5.00%,2.00%,5.00%,0.00%,0.00%,0.00%,0.00%,0.00%,0.00%,0.00%,0.00%,0.00%,0.00%,0.00%,0.00%,0.00%,0.00%,0.00%,0.00%,0.00%,0.00%
2024-12-12,30.00%,15.00%,12.00%,3.00%,5.00%,3.00%,5.00%,3.00%,5.00%,7.00%,5.00%,2.00%,5.00%,0.00%,0.00%,0.00%,0.00%,0.00%,0.00%,0.00%,0.00%,0.00%,0.00%,0.00%,0.00%,0.00%,0.00%,0.00%,0.00%,0.00%,0.00%
2024-12-13,30.00%,15.00%,12.00%,3.00%,5.00%,3.00%,5.00%,3.00%,5.00%,7.00%,5.00%,2.00%,5.00%,0.00%,0.00%,0.00%,0.00%,0.00%,0.00%,0.00%,0.00%,0.00%,0.00%,0.00%,0.00%,0.00%,0.00%,0.00%,0.00%,0.00%,0.00%
2024-12-14,30.00%,15.00%,12.00%,3.00%,5.00%,3.00%,5.00%,3.00%,5.00%,7.00%,5.00%,2.00%,5.00%,0.00%,0.00%,0.00%,0.00%,0.00%,0.00%,0.00%,0.00%,0.00%,0.00%,0.00%,0.00%,0.00%,0.00%,0.00%,0.00%,0.00%,0.00%
2024-12-15,30.00%,15.00%,12.00%,3.00%,5.00%,3.00%,5.00%,3.00%,5.00%,7.00%,5.00%,2.00%,5.00%,0.00%,0.00%,0.00%,0.00%,0.00%,0.00%,0.00%,0.00%,0.00%,0.00%,0.00%,0.00%,0.00%,0.00%,0.00%,0.00%,0.00%,0.00%
2024-12-16,30.00%,15.00%,12.00%,3.00%,5.00%,3.00%,5.00%,3.00%,5.00%,7.00%,5.00%,2.00%,5.00%,0.00%,0.00%,0.00%,0.00%,0.00%,0.00%,0.00%,0.00%,0.00%,0.00%,0.00%,0.00%,0.00%,0.00%,0.00%,0.00%,0.00%,0.00%
2024-12-17,30.00%,15.00%,12.00%,3.00%,5.00%,3.00%,5.00%,3.00%,5.00%,7.00%,5.00%,2.00%,5.00%,0.00%,0.00%,0.00%,0.00%,0.00%,0.00%,0.00%,0.00%,0.00%,0.00%,0.00%,0.00%,0.00%,0.00%,0.00%,0.00%,0.00%,0.00%
2024-12-18,30.00%,15.00%,12.00%,0.00%,5.00%,3.00%,5.00%,3.00%,5.00%,7.00%,5.00%,2.00%,5.00%,3.00%,0.00%,0.00%,0.00%,0.00%,0.00%,0.00%,0.00%,0.00%,0.00%,0.00%,0.00%,0.00%,0.00%,0.00%,0.00%,0.00%,0.00%
2024-12-19,30.00%,15.00%,12.00%,0.00%,5.00%,3.00%,5.00%,3.00%,5.00%,7.00%,5.00%,2.00%,5.00%,3.00%,0.00%,0.00%,0.00%,0.00%,0.00%,0.00%,0.00%,0.00%,0.00%,0.00%,0.00%,0.00%,0.00%,0.00%,0.00%,0.00%,0.00%
2024-12-20,30.00%,15.00%,12.00%,0.00%,5.00%,3.00%,5.00%,3.00%,5.00%,7.00%,5.00%,2.00%,5.00%,3.00%,0.00%,0.00%,0.00%,0.00%,0.00%,0.00%,0.00%,0.00%,0.00%,0.00%,0.00%,0.00%,0.00%,0.00%,0.00%,0.00%,0.00%
2024-12-21,30.00%,15.00%,12.00%,0.00%,5.00%,3.00%,5.00%,3.00%,5.00%,7.00%,5.00%,2.00%,5.00%,3.00%,0.00%,0.00%,0.00%,0.00%,0.00%,0.00%,0.00%,0.00%,0.00%,0.00%,0.00%,0.00%,0.00%,0.00%,0.00%,0.00%,0.00%
2024-12-22,30.00%,15.00%,12.00%,0.00%,5.00%,3.00%,5.00%,3.00%,5.00%,7.00%,5.00%,2.00%,5.00%,3.00%,0.00%,0.00%,0.00%,0.00%,0.00%,0.00%,0.00%,0.00%,0.00%,0.00%,0.00%,0.00%,0.00%,0.00%,0.00%,0.00%,0.00%
2024-12-23,30.00%,15.00%,12.00%,0.00%,5.00%,3.00%,5.00%,3.00%,5.00%,7.00%,5.00%,2.00%,5.00%,3.00%,0.00%,0.00%,0.00%,0.00%,0.00%,0.00%,0.00%,0.00%,0.00%,0.00%,0.00%,0.00%,0.00%,0.00%,0.00%,0.00%,0.00%
2024-12-24,30.00%,15.00%,12.00%,0.00%,5.00%,3.00%,5.00%,3.00%,5.00%,7.00%,5.00%,2.00%,5.00%,3.00%,0.00%,0.00%,0.00%,0.00%,0.00%,0.00%,0.00%,0.00%,0.00%,0.00%,0.00%,0.00%,0.00%,0.00%,0.00%,0.00%,0.00%
2024-12-25,30.00%,15.00%,12.00%,0.00%,5.00%,3.00%,5.00%,3.00%,5.00%,7.00%,5.00%,2.00%,5.00%,3.00%,0.00%,0.00%,0.00%,0.00%,0.00%,0.00%,0.00%,0.00%,0.00%,0.00%,0.00%,0.00%,0.00%,0.00%,0.00%,0.00%,0.00%
2024-12-26,30.00%,15.00%,12.00%,0.00%,5.00%,3.00%,5.00%,3.00%,5.00%,7.00%,5.00%,2.00%,5.00%,3.00%,0.00%,0.00%,0.00%,0.00%,0.00%,0.00%,0.00%,0.00%,0.00%,0.00%,0.00%,0.00%,0.00%,0.00%,0.00%,0.00%,0.00%
2024-12-27,30.00%,15.00%,12.00%,0.00%,5.00%,3.00%,5.00%,3.00%,5.00%,7.00%,5.00%,2.00%,5.00%,3.00%,0.00%,0.00%,0.00%,0.00%,0.00%,0.00%,0.00%,0.00%,0.00%,0.00%,0.00%,0.00%,0.00%,0.00%,0.00%,0.00%,0.00%
2024-12-28,30.00%,15.00%,12.00%,0.00%,5.00%,3.00%,5.00%,3.00%,5.00%,7.00%,5.00%,2.00%,5.00%,3.00%,0.00%,0.00%,0.00%,0.00%,0.00%,0.00%,0.00%,0.00%,0.00%,0.00%,0.00%,0.00%,0.00%,0.00%,0.00%,0.00%,0.00%
2024-12-29,30.00%,15.00%,12.00%,0.00%,5.00%,3.00%,5.00%,3.00%,5.00%,7.00%,5.00%,2.00%,5.00%,3.00%,0.00%,0.00%,0.00%,0.00%,0.00%,0.00%,0.00%,0.00%,0.00%,0.00%,0.00%,0.00%,0.00%,0.00%,0.00%,0.00%,0.00%
2024-12-30,30.00%,15.00%,12.00%,0.00%,5.00%,3.00%,5.00%,3.00%,5.00%,7.00%,5.00%,2.00%,5.00%,3.00%,0.00%,0.00%,0.00%,0.00%,0.00%,0.00%,0.00%,0.00%,0.00%,0.00%,0.00%,0.00%,0.00%,0.00%,0.00%,0.00%,0.00%
2024-12-31,30.00%,15.00%,12.00%,0.00%,5.00%,3.00%,5.00%,3.00%,5.00%,7.00%,5.00%,2.00%,5.00%,3.00%,0.00%,0.00%,0.00%,0.00%,0.00%,0.00%,0.00%,0.00%,0.00%,0.00%,0.00%,0.00%,0.00%,0.00%,0.00%,0.00%,0.00%
2025-01-01,30.00%,15.00%,12.00%,0.00%,5.00%,3.00%,5.00%,3.00%,5.00%,7.00%,5.00%,2.00%,5.00%,3.00%,0.00%,0.00%,0.00%,0.00%,0.00%,0.00%,0.00%,0.00%,0.00%,0.00%,0.00%,0.00%,0.00%,0.00%,0.00%,0.00%,0.00%
2025-01-02,30.00%,15.00%,12.00%,0.00%,5.00%,3.00%,5.00%,3.00%,5.00%,7.00%,5.00%,2.00%,5.00%,3.00%,0.00%,0.00%,0.00%,0.00%,0.00%,0.00%,0.00%,0.00%,0.00%,0.00%,0.00%,0.00%,0.00%,0.00%,0.00%,0.00%,0.00%
2025-01-03,30.00%,15.00%,12.00%,0.00%,5.00%,3.00%,5.00%,3.00%,5.00%,7.00%,5.00%,2.00%,5.00%,3.00%,0.00%,0.00%,0.00%,0.00%,0.00%,0.00%,0.00%,0.00%,0.00%,0.00%,0.00%,0.00%,0.00%,0.00%,0.00%,0.00%,0.00%
2025-01-04,30.00%,15.00%,12.00%,0.00%,5.00%,3.00%,5.00%,3.00%,5.00%,7.00%,5.00%,2.00%,5.00%,3.00%,0.00%,0.00%,0.00%,0.00%,0.00%,0.00%,0.00%,0.00%,0.00%,0.00%,0.00%,0.00%,0.00%,0.00%,0.00%,0.00%,0.00%
2025-01-05,30.00%,15.00%,12.00%,0.00%,5.00%,3.00%,5.00%,3.00%,5.00%,7.00%,5.00%,2.00%,5.00%,3.00%,0.00%,0.00%,0.00%,0.00%,0.00%,0.00%,0.00%,0.00%,0.00%,0.00%,0.00%,0.00%,0.00%,0.00%,0.00%,0.00%,0.00%
2025-01-06,30.00%,15.00%,12.00%,0.00%,5.00%,3.00%,5.00%,3.00%,5.00%,7.00%,5.00%,2.00%,5.00%,3.00%,0.00%,0.00%,0.00%,0.00%,0.00%,0.00%,0.00%,0.00%,0.00%,0.00%,0.00%,0.00%,0.00%,0.00%,0.00%,0.00%,0.00%
2025-01-07,30.00%,15.00%,12.00%,0.00%,5.00%,3.00%,5.00%,3.00%,5.00%,7.00%,5.00%,2.00%,5.00%,3.00%,0.00%,0.00%,0.00%,0.00%,0.00%,0.00%,0.00%,0.00%,0.00%,0.00%,0.00%,0.00%,0.00%,0.00%,0.00%,0.00%,0.00%
2025-01-08,30.00%,15.00%,12.00%,0.00%,5.00%,3.00%,5.00%,3.00%,5.00%,7.00%,5.00%,2.00%,5.00%,3.00%,0.00%,0.00%,0.00%,0.00%,0.00%,0.00%,0.00%,0.00%,0.00%,0.00%,0.00%,0.00%,0.00%,0.00%,0.00%,0.00%,0.00%
2025-01-09,30.00%,15.00%,12.00%,0.00%,5.00%,3.00%,5.00%,3.00%,5.00%,7.00%,5.00%,2.00%,5.00%,3.00%,0.00%,0.00%,0.00%,0.00%,0.00%,0.00%,0.00%,0.00%,0.00%,0.00%,0.00%,0.00%,0.00%,0.00%,0.00%,0.00%,0.00%
2025-01-10,30.00%,15.00%,12.00%,0.00%,5.00%,3.00%,5.00%,3.00%,5.00%,7.00%,5.00%,2.00%,5.00%,3.00%,0.00%,0.00%,0.00%,0.00%,0.00%,0.00%,0.00%,0.00%,0.00%,0.00%,0.00%,0.00%,0.00%,0.00%,0.00%,0.00%,0.00%
2025-01-11,30.00%,15.00%,12.00%,0.00%,5.00%,3.00%,5.00%,3.00%,5.00%,7.00%,5.00%,2.00%,5.00%,3.00%,0.00%,0.00%,0.00%,0.00%,0.00%,0.00%,0.00%,0.00%,0.00%,0.00%,0.00%,0.00%,0.00%,0.00%,0.00%,0.00%,0.00%
2025-01-12,30.00%,15.00%,12.00%,0.00%,5.00%,3.00%,5.00%,3.00%,5.00%,7.00%,5.00%,2.00%,5.00%,3.00%,0.00%,0.00%,0.00%,0.00%,0.00%,0.00%,0.00%,0.00%,0.00%,0.00%,0.00%,0.00%,0.00%,0.00%,0.00%,0.00%,0.00%
2025-01-13,30.00%,15.00%,15.00%,0.00%,5.00%,0.00%,5.00%,0.00%,5.00%,5.00%,5.00%,2.00%,5.00%,3.00%,5.00%,0.00%,0.00%,0.00%,0.00%,0.00%,0.00%,0.00%,0.00%,0.00%,0.00%,0.00%,0.00%,0.00%,0.00%,0.00%,0.00%
2025-01-14,30.00%,15.00%,15.00%,0.00%,5.00%,0.00%,5.00%,0.00%,5.00%,5.00%,5.00%,2.00%,5.00%,3.00%,5.00%,0.00%,0.00%,0.00%,0.00%,0.00%,0.00%,0.00%,0.00%,0.00%,0.00%,0.00%,0.00%,0.00%,0.00%,0.00%,0.00%
2025-01-15,30.00%,15.00%,15.00%,0.00%,5.00%,0.00%,5.00%,0.00%,5.00%,5.00%,5.00%,2.00%,5.00%,3.00%,5.00%,0.00%,0.00%,0.00%,0.00%,0.00%,0.00%,0.00%,0.00%,0.00%,0.00%,0.00%,0.00%,0.00%,0.00%,0.00%,0.00%
2025-01-16,30.00%,15.00%,15.00%,0.00%,5.00%,0.00%,5.00%,0.00%,5.00%,5.00%,5.00%,2.00%,5.00%,3.00%,5.00%,0.00%,0.00%,0.00%,0.00%,0.00%,0.00%,0.00%,0.00%,0.00%,0.00%,0.00%,0.00%,0.00%,0.00%,0.00%,0.00%
2025-01-17,30.00%,15.00%,15.00%,0.00%,5.00%,0.00%,5.00%,0.00%,5.00%,5.00%,5.00%,2.00%,5.00%,3.00%,5.00%,0.00%,0.00%,0.00%,0.00%,0.00%,0.00%,0.00%,0.00%,0.00%,0.00%,0.00%,0.00%,0.00%,0.00%,0.00%,0.00%
2025-01-18,30.00%,15.00%,15.00%,0.00%,5.00%,0.00%,5.00%,0.00%,5.00%,5.00%,5.00%,2.00%,5.00%,3.00%,5.00%,0.00%,0.00%,0.00%,0.00%,0.00%,0.00%,0.00%,0.00%,0.00%,0.00%,0.00%,0.00%,0.00%,0.00%,0.00%,0.00%
2025-01-19,30.00%,15.00%,15.00%,0.00%,5.00%,0.00%,5.00%,0.00%,5.00%,5.00%,5.00%,2.00%,5.00%,3.00%,5.00%,0.00%,0.00%,0.00%,0.00%,0.00%,0.00%,0.00%,0.00%,0.00%,0.00%,0.00%,0.00%,0.00%,0.00%,0.00%,0.00%
2025-01-20,30.00%,15.00%,15.00%,0.00%,5.00%,0.00%,5.00%,0.00%,5.00%,5.00%,5.00%,2.00%,5.00%,3.00%,5.00%,0.00%,0.00%,0.00%,0.00%,0.00%,0.00%,0.00%,0.00%,0.00%,0.00%,0.00%,0.00%,0.00%,0.00%,0.00%,0.00%
2025-01-21,30.00%,15.00%,15.00%,0.00%,5.00%,0.00%,5.00%,0.00%,5.00%,5.00%,5.00%,2.00%,5.00%,3.00%,5.00%,0.00%,0.00%,0.00%,0.00%,0.00%,0.00%,0.00%,0.00%,0.00%,0.00%,0.00%,0.00%,0.00%,0.00%,0.00%,0.00%
2025-01-22,30.00%,15.00%,15.00%,0.00%,5.00%,0.00%,5.00%,0.00%,5.00%,5.00%,5.00%,2.00%,5.00%,3.00%,5.00%,0.00%,0.00%,0.00%,0.00%,0.00%,0.00%,0.00%,0.00%,0.00%,0.00%,0.00%,0.00%,0.00%,0.00%,0.00%,0.00%
2025-01-23,30.00%,15.00%,15.00%,0.00%,5.00%,0.00%,5.00%,0.00%,5.00%,5.00%,5.00%,2.00%,5.00%,3.00%,5.00%,0.00%,0.00%,0.00%,0.00%,0.00%,0.00%,0.00%,0.00%,0.00%,0.00%,0.00%,0.00%,0.00%,0.00%,0.00%,0.00%
2025-01-24,30.00%,15.00%,15.00%,0.00%,5.00%,0.00%,5.00%,0.00%,5.00%,5.00%,5.00%,2.00%,5.00%,3.00%,5.00%,0.00%,0.00%,0.00%,0.00%,0.00%,0.00%,0.00%,0.00%,0.00%,0.00%,0.00%,0.00%,0.00%,0.00%,0.00%,0.00%
2025-01-25,30.00%,15.00%,15.00%,0.00%,5.00%,0.00%,5.00%,0.00%,5.00%,5.00%,5.00%,2.00%,5.00%,3.00%,5.00%,0.00%,0.00%,0.00%,0.00%,0.00%,0.00%,0.00%,0.00%,0.00%,0.00%,0.00%,0.00%,0.00%,0.00%,0.00%,0.00%
2025-01-26,30.00%,15.00%,15.00%,0.00%,5.00%,0.00%,5.00%,0.00%,5.00%,5.00%,5.00%,2.00%,5.00%,3.00%,5.00%,0.00%,0.00%,0.00%,0.00%,0.00%,0.00%,0.00%,0.00%,0.00%,0.00%,0.00%,0.00%,0.00%,0.00%,0.00%,0.00%
2025-01-27,30.00%,15.00%,15.00%,0.00%,5.00%,0.00%,5.00%,0.00%,5.00%,5.00%,5.00%,2.00%,5.00%,3.00%,5.00%,0.00%,0.00%,0.00%,0.00%,0.00%,0.00%,0.00%,0.00%,0.00%,0.00%,0.00%,0.00%,0.00%,0.00%,0.00%,0.00%
2025-01-28,30.00%,15.00%,15.00%,0.00%,5.00%,0.00%,5.00%,0.00%,5.00%,5.00%,5.00%,2.00%,5.00%,3.00%,5.00%,0.00%,0.00%,0.00%,0.00%,0.00%,0.00%,0.00%,0.00%,0.00%,0.00%,0.00%,0.00%,0.00%,0.00%,0.00%,0.00%
2025-01-29,30.00%,15.00%,15.00%,0.00%,5.00%,0.00%,5.00%,0.00%,5.00%,5.00%,5.00%,2.00%,5.00%,3.00%,5.00%,0.00%,0.00%,0.00%,0.00%,0.00%,0.00%,0.00%,0.00%,0.00%,0.00%,0.00%,0.00%,0.00%,0.00%,0.00%,0.00%
2025-01-30,30.00%,15.00%,15.00%,0.00%,5.00%,0.00%,0.00%,0.00%,3.00%,5.00%,5.00%,2.00%,5.00%,3.00%,5.00%,5.00%,2.00%,0.00%,0.00%,0.00%,0.00%,0.00%,0.00%,0.00%,0.00%,0.00%,0.00%,0.00%,0.00%,0.00%,0.00%
2025-01-31,30.00%,15.00%,15.00%,0.00%,5.00%,0.00%,0.00%,0.00%,3.00%,5.00%,5.00%,2.00%,5.00%,3.00%,5.00%,5.00%,2.00%,0.00%,0.00%,0.00%,0.00%,0.00%,0.00%,0.00%,0.00%,0.00%,0.00%,0.00%,0.00%,0.00%,0.00%
2025-02-01,30.00%,15.00%,15.00%,0.00%,5.00%,0.00%,0.00%,0.00%,3.00%,5.00%,5.00%,2.00%,5.00%,3.00%,5.00%,5.00%,2.00%,0.00%,0.00%,0.00%,0.00%,0.00%,0.00%,0.00%,0.00%,0.00%,0.00%,0.00%,0.00%,0.00%,0.00%
2025-02-02,30.00%,15.00%,15.00%,0.00%,5.00%,0.00%,0.00%,0.00%,3.00%,5.00%,5.00%,2.00%,5.00%,3.00%,5.00%,5.00%,2.00%,0.00%,0.00%,0.00%,0.00%,0.00%,0.00%,0.00%,0.00%,0.00%,0.00%,0.00%,0.00%,0.00%,0.00%
2025-02-03,30.00%,15.00%,15.00%,0.00%,5.00%,0.00%,0.00%,0.00%,3.00%,5.00%,5.00%,2.00%,5.00%,3.00%,5.00%,5.00%,2.00%,0.00%,0.00%,0.00%,0.00%,0.00%,0.00%,0.00%,0.00%,0.00%,0.00%,0.00%,0.00%,0.00%,0.00%
2025-02-04,30.00%,15.00%,15.00%,0.00%,5.00%,0.00%,0.00%,0.00%,3.00%,5.00%,5.00%,2.00%,5.00%,3.00%,5.00%,5.00%,2.00%,0.00%,0.00%,0.00%,0.00%,0.00%,0.00%,0.00%,0.00%,0.00%,0.00%,0.00%,0.00%,0.00%,0.00%
2025-02-05,30.00%,15.00%,15.00%,0.00%,5.00%,0.00%,0.00%,0.00%,3.00%,5.00%,5.00%,2.00%,5.00%,3.00%,5.00%,5.00%,2.00%,0.00%,0.00%,0.00%,0.00%,0.00%,0.00%,0.00%,0.00%,0.00%,0.00%,0.00%,0.00%,0.00%,0.00%
2025-02-06,30.00%,15.00%,15.00%,0.00%,5.00%,0.00%,0.00%,0.00%,3.00%,5.00%,5.00%,2.00%,5.00%,3.00%,5.00%,5.00%,2.00%,0.00%,0.00%,0.00%,0.00%,0.00%,0.00%,0.00%,0.00%,0.00%,0.00%,0.00%,0.00%,0.00%,0.00%
2025-02-07,30.00%,15.00%,15.00%,0.00%,5.00%,0.00%,0.00%,0.00%,3.00%,5.00%,5.00%,2.00%,5.00%,3.00%,5.00%,5.00%,2.00%,0.00%,0.00%,0.00%,0.00%,0.00%,0.00%,0.00%,0.00%,0.00%,0.00%,0.00%,0.00%,0.00%,0.00%
2025-02-08,30.00%,15.00%,15.00%,0.00%,5.00%,0.00%,0.00%,0.00%,3.00%,5.00%,5.00%,2.00%,5.00%,3.00%,5.00%,5.00%,2.00%,0.00%,0.00%,0.00%,0.00%,0.00%,0.00%,0.00%,0.00%,0.00%,0.00%,0.00%,0.00%,0.00%,0.00%
2025-02-09,30.00%,15.00%,15.00%,0.00%,5.00%,0.00%,0.00%,0.00%,3.00%,5.00%,5.00%,2.00%,5.00%,3.00%,5.00%,5.00%,2.00%,0.00%,0.00%,0.00%,0.00%,0.00%,0.00%,0.00%,0.00%,0.00%,0.00%,0.00%,0.00%,0.00%,0.00%
2025-02-10,30.00%,15.00%,15.00%,0.00%,5.00%,0.00%,0.00%,0.00%,3.00%,5.00%,5.00%,2.00%,5.00%,3.00%,5.00%,5.00%,2.00%,0.00%,0.00%,0.00%,0.00%,0.00%,0.00%,0.00%,0.00%,0.00%,0.00%,0.00%,0.00%,0.00%,0.00%
2025-02-11,30.00%,15.00%,15.00%,0.00%,5.00%,0.00%,0.00%,0.00%,3.00%,5.00%,5.00%,2.00%,5.00%,3.00%,5.00%,5.00%,2.00%,0.00%,0.00%,0.00%,0.00%,0.00%,0.00%,0.00%,0.00%,0.00%,0.00%,0.00%,0.00%,0.00%,0.00%
2025-02-12,30.00%,15.00%,15.00%,0.00%,5.00%,0.00%,0.00%,0.00%,3.00%,5.00%,5.00%,2.00%,5.00%,3.00%,5.00%,5.00%,2.00%,0.00%,0.00%,0.00%,0.00%,0.00%,0.00%,0.00%,0.00%,0.00%,0.00%,0.00%,0.00%,0.00%,0.00%
2025-02-13,30.00%,15.00%,15.00%,0.00%,5.00%,0.00%,0.00%,0.00%,3.00%,5.00%,5.00%,2.00%,5.00%,3.00%,5.00%,5.00%,2.00%,0.00%,0.00%,0.00%,0.00%,0.00%,0.00%,0.00%,0.00%,0.00%,0.00%,0.00%,0.00%,0.00%,0.00%
2025-02-14,30.00%,15.00%,15.00%,0.00%,5.00%,0.00%,0.00%,0.00%,3.00%,5.00%,5.00%,2.00%,5.00%,3.00%,5.00%,5.00%,2.00%,0.00%,0.00%,0.00%,0.00%,0.00%,0.00%,0.00%,0.00%,0.00%,0.00%,0.00%,0.00%,0.00%,0.00%
2025-02-15,30.00%,15.00%,15.00%,0.00%,5.00%,0.00%,0.00%,0.00%,3.00%,5.00%,5.00%,2.00%,5.00%,3.00%,5.00%,5.00%,2.00%,0.00%,0.00%,0.00%,0.00%,0.00%,0.00%,0.00%,0.00%,0.00%,0.00%,0.00%,0.00%,0.00%,0.00%
2025-02-16,30.00%,15.00%,15.00%,0.00%,5.00%,0.00%,0.00%,0.00%,3.00%,5.00%,5.00%,2.00%,5.00%,3.00%,5.00%,5.00%,2.00%,0.00%,0.00%,0.00%,0.00%,0.00%,0.00%,0.00%,0.00%,0.00%,0.00%,0.00%,0.00%,0.00%,0.00%
2025-02-17,30.00%,15.00%,15.00%,0.00%,5.00%,0.00%,0.00%,0.00%,3.00%,5.00%,5.00%,2.00%,5.00%,3.00%,5.00%,5.00%,2.00%,0.00%,0.00%,0.00%,0.00%,0.00%,0.00%,0.00%,0.00%,0.00%,0.00%,0.00%,0.00%,0.00%,0.00%
2025-02-18,30.00%,15.00%,15.00%,0.00%,5.00%,0.00%,0.00%,0.00%,3.00%,5.00%,5.00%,2.00%,5.00%,3.00%,5.00%,5.00%,2.00%,0.00%,0.00%,0.00%,0.00%,0.00%,0.00%,0.00%,0.00%,0.00%,0.00%,0.00%,0.00%,0.00%,0.00%
2025-02-19,30.00%,15.00%,15.00%,0.00%,5.00%,0.00%,0.00%,0.00%,3.00%,5.00%,5.00%,2.00%,5.00%,3.00%,5.00%,5.00%,2.00%,0.00%,0.00%,0.00%,0.00%,0.00%,0.00%,0.00%,0.00%,0.00%,0.00%,0.00%,0.00%,0.00%,0.00%
2025-02-20,30.00%,15.00%,15.00%,0.00%,5.00%,0.00%,0.00%,0.00%,3.00%,5.00%,5.00%,2.00%,5.00%,3.00%,5.00%,5.00%,2.00%,0.00%,0.00%,0.00%,0.00%,0.00%,0.00%,0.00%,0.00%,0.00%,0.00%,0.00%,0.00%,0.00%,0.00%
2025-02-21,30.00%,15.00%,15.00%,0.00%,5.00%,0.00%,0.00%,0.00%,3.00%,5.00%,5.00%,2.00%,5.00%,3.00%,5.00%,5.00%,2.00%,0.00%,0.00%,0.00%,0.00%,0.00%,0.00%,0.00%,0.00%,0.00%,0.00%,0.00%,0.00%,0.00%,0.00%
2025-02-22,30.00%,15.00%,15.00%,0.00%,5.00%,0.00%,0.00%,0.00%,3.00%,5.00%,5.00%,2.00%,5.00%,3.00%,5.00%,5.00%,2.00%,0.00%,0.00%,0.00%,0.00%,0.00%,0.00%,0.00%,0.00%,0.00%,0.00%,0.00%,0.00%,0.00%,0.00%
2025-02-23,30.00%,15.00%,15.00%,0.00%,5.00%,0.00%,0.00%,0.00%,3.00%,5.00%,5.00%,2.00%,5.00%,3.00%,5.00%,5.00%,2.00%,0.00%,0.00%,0.00%,0.00%,0.00%,0.00%,0.00%,0.00%,0.00%,0.00%,0.00%,0.00%,0.00%,0.00%
2025-02-24,30.00%,15.00%,15.00%,0.00%,5.00%,0.00%,0.00%,0.00%,3.00%,5.00%,5.00%,2.00%,5.00%,3.00%,5.00%,5.00%,2.00%,0.00%,0.00%,0.00%,0.00%,0.00%,0.00%,0.00%,0.00%,0.00%,0.00%,0.00%,0.00%,0.00%,0.00%
2025-02-25,30.00%,15.00%,15.00%,0.00%,5.00%,0.00%,0.00%,0.00%,3.00%,5.00%,5.00%,2.00%,5.00%,3.00%,5.00%,5.00%,2.00%,0.00%,0.00%,0.00%,0.00%,0.00%,0.00%,0.00%,0.00%,0.00%,0.00%,0.00%,0.00%,0.00%,0.00%
2025-02-26,30.00%,15.00%,15.00%,0.00%,5.00%,0.00%,0.00%,0.00%,3.00%,5.00%,5.00%,2.00%,5.00%,3.00%,5.00%,5.00%,2.00%,0.00%,0.00%,0.00%,0.00%,0.00%,0.00%,0.00%,0.00%,0.00%,0.00%,0.00%,0.00%,0.00%,0.00%
2025-02-27,30.00%,15.00%,15.00%,0.00%,5.00%,0.00%,0.00%,0.00%,3.00%,5.00%,5.00%,2.00%,5.00%,3.00%,5.00%,5.00%,2.00%,0.00%,0.00%,0.00%,0.00%,0.00%,0.00%,0.00%,0.00%,0.00%,0.00%,0.00%,0.00%,0.00%,0.00%
2025-02-28,30.00%,15.00%,15.00%,0.00%,5.00%,0.00%,0.00%,0.00%,3.00%,5.00%,5.00%,2.00%,5.00%,3.00%,5.00%,5.00%,2.00%,0.00%,0.00%,0.00%,0.00%,0.00%,0.00%,0.00%,0.00%,0.00%,0.00%,0.00%,0.00%,0.00%,0.00%
2025-03-01,30.00%,15.00%,15.00%,0.00%,5.00%,0.00%,0.00%,0.00%,3.00%,5.00%,5.00%,2.00%,5.00%,3.00%,5.00%,5.00%,2.00%,0.00%,0.00%,0.00%,0.00%,0.00%,0.00%,0.00%,0.00%,0.00%,0.00%,0.00%,0.00%,0.00%,0.00%
2025-03-02,30.00%,15.00%,15.00%,0.00%,5.00%,0.00%,0.00%,0.00%,3.00%,5.00%,5.00%,2.00%,5.00%,3.00%,5.00%,5.00%,2.00%,0.00%,0.00%,0.00%,0.00%,0.00%,0.00%,0.00%,0.00%,0.00%,0.00%,0.00%,0.00%,0.00%,0.00%
2025-03-03,30.00%,15.00%,15.00%,0.00%,5.00%,0.00%,0.00%,0.00%,3.00%,5.00%,5.00%,2.00%,5.00%,3.00%,5.00%,5.00%,2.00%,0.00%,0.00%,0.00%,0.00%,0.00%,0.00%,0.00%,0.00%,0.00%,0.00%,0.00%,0.00%,0.00%,0.00%
2025-03-04,30.00%,15.00%,15.00%,0.00%,5.00%,0.00%,0.00%,0.00%,3.00%,5.00%,5.00%,2.00%,5.00%,3.00%,5.00%,5.00%,2.00%,0.00%,0.00%,0.00%,0.00%,0.00%,0.00%,0.00%,0.00%,0.00%,0.00%,0.00%,0.00%,0.00%,0.00%
2025-03-05,30.00%,15.00%,15.00%,0.00%,5.00%,0.00%,0.00%,0.00%,3.00%,5.00%,5.00%,2.00%,5.00%,3.00%,5.00%,5.00%,2.00%,0.00%,0.00%,0.00%,0.00%,0.00%,0.00%,0.00%,0.00%,0.00%,0.00%,0.00%,0.00%,0.00%,0.00%
2025-03-06,30.00%,15.00%,15.00%,0.00%,5.00%,0.00%,0.00%,0.00%,3.00%,5.00%,5.00%,2.00%,5.00%,3.00%,5.00%,5.00%,2.00%,0.00%,0.00%,0.00%,0.00%,0.00%,0.00%,0.00%,0.00%,0.00%,0.00%,0.00%,0.00%,0.00%,0.00%
2025-03-07,30.00%,15.00%,15.00%,0.00%,5.00%,0.00%,0.00%,0.00%,3.00%,5.00%,5.00%,2.00%,5.00%,3.00%,5.00%,5.00%,2.00%,0.00%,0.00%,0.00%,0.00%,0.00%,0.00%,0.00%,0.00%,0.00%,0.00%,0.00%,0.00%,0.00%,0.00%
2025-03-08,30.00%,15.00%,15.00%,0.00%,5.00%,0.00%,0.00%,0.00%,3.00%,5.00%,5.00%,2.00%,5.00%,3.00%,5.00%,5.00%,2.00%,0.00%,0.00%,0.00%,0.00%,0.00%,0.00%,0.00%,0.00%,0.00%,0.00%,0.00%,0.00%,0.00%,0.00%
2025-03-09,30.00%,15.00%,15.00%,0.00%,5.00%,0.00%,0.00%,0.00%,3.00%,5.00%,5.00%,2.00%,5.00%,3.00%,5.00%,5.00%,2.00%,0.00%,0.00%,0.00%,0.00%,0.00%,0.00%,0.00%,0.00%,0.00%,0.00%,0.00%,0.00%,0.00%,0.00%
2025-03-10,30.00%,15.00%,15.00%,0.00%,5.00%,0.00%,0.00%,0.00%,3.00%,5.00%,5.00%,2.00%,5.00%,3.00%,5.00%,5.00%,2.00%,0.00%,0.00%,0.00%,0.00%,0.00%,0.00%,0.00%,0.00%,0.00%,0.00%,0.00%,0.00%,0.00%,0.00%
2025-03-11,30.00%,15.00%,15.00%,0.00%,5.00%,0.00%,0.00%,0.00%,3.00%,5.00%,5.00%,2.00%,5.00%,3.00%,5.00%,5.00%,2.00%,0.00%,0.00%,0.00%,0.00%,0.00%,0.00%,0.00%,0.00%,0.00%,0.00%,0.00%,0.00%,0.00%,0.00%
2025-03-12,30.00%,15.00%,15.00%,0.00%,5.00%,0.00%,0.00%,0.00%,3.00%,5.00%,5.00%,2.00%,5.00%,3.00%,5.00%,5.00%,2.00%,0.00%,0.00%,0.00%,0.00%,0.00%,0.00%,0.00%,0.00%,0.00%,0.00%,0.00%,0.00%,0.00%,0.00%
2025-03-13,50.00%,5.00%,5.00%,0.00%,5.00%,0.00%,0.00%,0.00%,2.00%,2.00%,5.00%,2.00%,2.00%,3.00%,2.00%,5.00%,2.00%,10.00%,0.00%,0.00%,0.00%,0.00%,0.00%,0.00%,0.00%,0.00%,0.00%,0.00%,0.00%,0.00%,0.00%
2025-03-14,50.00%,5.00%,5.00%,0.00%,5.00%,0.00%,0.00%,0.00%,2.00%,2.00%,5.00%,2.00%,2.00%,3.00%,2.00%,5.00%,2.00%,10.00%,0.00%,0.00%,0.00%,0.00%,0.00%,0.00%,0.00%,0.00%,0.00%,0.00%,0.00%,0.00%,0.00%
2025-03-15,50.00%,5.00%,5.00%,0.00%,5.00%,0.00%,0.00%,0.00%,2.00%,2.00%,5.00%,2.00%,2.00%,3.00%,2.00%,5.00%,2.00%,10.00%,0.00%,0.00%,0.00%,0.00%,0.00%,0.00%,0.00%,0.00%,0.00%,0.00%,0.00%,0.00%,0.00%
2025-03-16,50.00%,5.00%,5.00%,0.00%,5.00%,0.00%,0.00%,0.00%,2.00%,2.00%,5.00%,2.00%,2.00%,3.00%,2.00%,5.00%,2.00%,10.00%,0.00%,0.00%,0.00%,0.00%,0.00%,0.00%,0.00%,0.00%,0.00%,0.00%,0.00%,0.00%,0.00%
2025-03-17,50.00%,5.00%,5.00%,0.00%,5.00%,0.00%,0.00%,0.00%,2.00%,2.00%,5.00%,2.00%,2.00%,3.00%,2.00%,5.00%,2.00%,10.00%,0.00%,0.00%,0.00%,0.00%,0.00%,0.00%,0.00%,0.00%,0.00%,0.00%,0.00%,0.00%,0.00%
2025-03-18,50.00%,5.00%,5.00%,0.00%,5.00%,0.00%,0.00%,0.00%,2.00%,2.00%,5.00%,2.00%,2.00%,3.00%,2.00%,5.00%,2.00%,10.00%,0.00%,0.00%,0.00%,0.00%,0.00%,0.00%,0.00%,0.00%,0.00%,0.00%,0.00%,0.00%,0.00%
2025-03-19,50.00%,5.00%,5.00%,0.00%,5.00%,0.00%,0.00%,0.00%,2.00%,2.00%,5.00%,2.00%,2.00%,3.00%,2.00%,5.00%,2.00%,10.00%,0.00%,0.00%,0.00%,0.00%,0.00%,0.00%,0.00%,0.00%,0.00%,0.00%,0.00%,0.00%,0.00%
2025-03-20,50.00%,5.00%,5.00%,0.00%,5.00%,0.00%,0.00%,0.00%,2.00%,2.00%,5.00%,2.00%,2.00%,3.00%,2.00%,5.00%,2.00%,10.00%,0.00%,0.00%,0.00%,0.00%,0.00%,0.00%,0.00%,0.00%,0.00%,0.00%,0.00%,0.00%,0.00%
2025-03-21,50.00%,5.00%,5.00%,0.00%,5.00%,0.00%,0.00%,0.00%,2.00%,2.00%,5.00%,2.00%,2.00%,3.00%,2.00%,5.00%,2.00%,10.00%,0.00%,0.00%,0.00%,0.00%,0.00%,0.00%,0.00%,0.00%,0.00%,0.00%,0.00%,0.00%,0.00%
2025-03-22,50.00%,5.00%,5.00%,0.00%,5.00%,0.00%,0.00%,0.00%,2.00%,2.00%,5.00%,2.00%,2.00%,3.00%,2.00%,5.00%,2.00%,10.00%,0.00%,0.00%,0.00%,0.00%,0.00%,0.00%,0.00%,0.00%,0.00%,0.00%,0.00%,0.00%,0.00%
2025-03-23,50.00%,5.00%,5.00%,0.00%,5.00%,0.00%,0.00%,0.00%,2.00%,2.00%,5.00%,2.00%,2.00%,3.00%,2.00%,5.00%,2.00%,10.00%,0.00%,0.00%,0.00%,0.00%,0.00%,0.00%,0.00%,0.00%,0.00%,0.00%,0.00%,0.00%,0.00%
2025-03-24,50.00%,5.00%,5.00%,0.00%,5.00%,0.00%,0.00%,0.00%,2.00%,2.00%,5.00%,2.00%,2.00%,3.00%,2.00%,5.00%,2.00%,10.00%,0.00%,0.00%,0.00%,0.00%,0.00%,0.00%,0.00%,0.00%,0.00%,0.00%,0.00%,0.00%,0.00%
2025-03-25,50.00%,5.00%,5.00%,0.00%,5.00%,0.00%,0.00%,0.00%,2.00%,2.00%,5.00%,2.00%,2.00%,3.00%,2.00%,5.00%,2.00%,10.00%,0.00%,0.00%,0.00%,0.00%,0.00%,0.00%,0.00%,0.00%,0.00%,0.00%,0.00%,0.00%,0.00%
2025-03-26,50.00%,5.00%,5.00%,0.00%,5.00%,0.00%,0.00%,0.00%,2.00%,2.00%,5.00%,2.00%,2.00%,3.00%,2.00%,5.00%,2.00%,10.00%,0.00%,0.00%,0.00%,0.00%,0.00%,0.00%,0.00%,0.00%,0.00%,0.00%,0.00%,0.00%,0.00%
2025-03-27,50.00%,5.00%,5.00%,0.00%,5.00%,0.00%,0.00%,0.00%,2.00%,2.00%,5.00%,2.00%,2.00%,3.00%,2.00%,5.00%,2.00%,10.00%,0.00%,0.00%,0.00%,0.00%,0.00%,0.00%,0.00%,0.00%,0.00%,0.00%,0.00%,0.00%,0.00%
2025-03-28,50.00%,5.00%,5.00%,0.00%,5.00%,0.00%,0.00%,0.00%,2.00%,2.00%,5.00%,2.00%,2.00%,3.00%,2.00%,5.00%,2.00%,10.00%,0.00%,0.00%,0.00%,0.00%,0.00%,0.00%,0.00%,0.00%,0.00%,0.00%,0.00%,0.00%,0.00%
2025-03-29,50.00%,5.00%,5.00%,0.00%,5.00%,0.00%,0.00%,0.00%,2.00%,2.00%,5.00%,2.00%,2.00%,3.00%,2.00%,5.00%,2.00%,10.00%,0.00%,0.00%,0.00%,0.00%,0.00%,0.00%,0.00%,0.00%,0.00%,0.00%,0.00%,0.00%,0.00%
2025-03-30,50.00%,5.00%,5.00%,0.00%,5.00%,0.00%,0.00%,0.00%,2.00%,2.00%,5.00%,2.00%,2.00%,3.00%,2.00%,5.00%,2.00%,10.00%,0.00%,0.00%,0.00%,0.00%,0.00%,0.00%,0.00%,0.00%,0.00%,0.00%,0.00%,0.00%,0.00%
2025-03-31,50.00%,5.00%,5.00%,0.00%,5.00%,0.00%,0.00%,0.00%,2.00%,2.00%,5.00%,2.00%,2.00%,3.00%,2.00%,5.00%,2.00%,10.00%,0.00%,0.00%,0.00%,0.00%,0.00%,0.00%,0.00%,0.00%,0.00%,0.00%,0.00%,0.00%,0.00%
2025-04-01,50.00%,5.00%,5.00%,0.00%,5.00%,0.00%,0.00%,0.00%,2.00%,2.00%,5.00%,2.00%,2.00%,3.00%,2.00%,5.00%,2.00%,10.00%,0.00%,0.00%,0.00%,0.00%,0.00%,0.00%,0.00%,0.00%,0.00%,0.00%,0.00%,0.00%,0.00%
2025-04-02,50.00%,5.00%,5.00%,0.00%,5.00%,0.00%,0.00%,0.00%,2.00%,2.00%,5.00%,2.00%,2.00%,3.00%,2.00%,5.00%,2.00%,10.00%,0.00%,0.00%,0.00%,0.00%,0.00%,0.00%,0.00%,0.00%,0.00%,0.00%,0.00%,0.00%,0.00%
2025-04-03,50.00%,5.00%,5.00%,0.00%,5.00%,0.00%,0.00%,0.00%,2.00%,2.00%,5.00%,2.00%,2.00%,3.00%,2.00%,5.00%,2.00%,10.00%,0.00%,0.00%,0.00%,0.00%,0.00%,0.00%,0.00%,0.00%,0.00%,0.00%,0.00%,0.00%,0.00%
2025-04-04,50.00%,5.00%,5.00%,0.00%,5.00%,0.00%,0.00%,0.00%,2.00%,2.00%,5.00%,2.00%,2.00%,3.00%,2.00%,5.00%,2.00%,10.00%,0.00%,0.00%,0.00%,0.00%,0.00%,0.00%,0.00%,0.00%,0.00%,0.00%,0.00%,0.00%,0.00%
2025-04-05,50.00%,5.00%,5.00%,0.00%,5.00%,0.00%,0.00%,0.00%,2.00%,2.00%,5.00%,2.00%,2.00%,3.00%,2.00%,5.00%,2.00%,10.00%,0.00%,0.00%,0.00%,0.00%,0.00%,0.00%,0.00%,0.00%,0.00%,0.00%,0.00%,0.00%,0.00%
2025-04-06,50.00%,5.00%,5.00%,0.00%,5.00%,0.00%,0.00%,0.00%,2.00%,2.00%,5.00%,2.00%,2.00%,3.00%,2.00%,5.00%,2.00%,10.00%,0.00%,0.00%,0.00%,0.00%,0.00%,0.00%,0.00%,0.00%,0.00%,0.00%,0.00%,0.00%,0.00%
2025-04-07,50.00%,5.00%,5.00%,0.00%,5.00%,0.00%,0.00%,0.00%,2.00%,2.00%,5.00%,2.00%,2.00%,3.00%,2.00%,5.00%,2.00%,10.00%,0.00%,0.00%,0.00%,0.00%,0.00%,0.00%,0.00%,0.00%,0.00%,0.00%,0.00%,0.00%,0.00%
2025-04-08,50.00%,5.00%,5.00%,0.00%,5.00%,0.00%,0.00%,0.00%,2.00%,2.00%,5.00%,2.00%,2.00%,3.00%,2.00%,5.00%,2.00%,10.00%,0.00%,0.00%,0.00%,0.00%,0.00%,0.00%,0.00%,0.00%,0.00%,0.00%,0.00%,0.00%,0.00%
2025-04-09,50.00%,5.00%,5.00%,0.00%,5.00%,0.00%,0.00%,0.00%,2.00%,2.00%,5.00%,2.00%,2.00%,3.00%,2.00%,5.00%,2.00%,10.00%,0.00%,0.00%,0.00%,0.00%,0.00%,0.00%,0.00%,0.00%,0.00%,0.00%,0.00%,0.00%,0.00%
2025-04-10,50.00%,5.00%,5.00%,0.00%,5.00%,0.00%,0.00%,0.00%,2.00%,2.00%,5.00%,2.00%,2.00%,3.00%,2.00%,5.00%,2.00%,10.00%,0.00%,0.00%,0.00%,0.00%,0.00%,0.00%,0.00%,0.00%,0.00%,0.00%,0.00%,0.00%,0.00%
2025-04-11,50.00%,5.00%,5.00%,0.00%,5.00%,0.00%,0.00%,0.00%,2.00%,2.00%,5.00%,2.00%,2.00%,3.00%,2.00%,5.00%,2.00%,10.00%,0.00%,0.00%,0.00%,0.00%,0.00%,0.00%,0.00%,0.00%,0.00%,0.00%,0.00%,0.00%,0.00%
2025-04-12,50.00%,5.00%,5.00%,0.00%,5.00%,0.00%,0.00%,0.00%,2.00%,2.00%,5.00%,2.00%,2.00%,3.00%,2.00%,5.00%,2.00%,10.00%,0.00%,0.00%,0.00%,0.00%,0.00%,0.00%,0.00%,0.00%,0.00%,0.00%,0.00%,0.00%,0.00%
2025-04-13,50.00%,5.00%,5.00%,0.00%,5.00%,0.00%,0.00%,0.00%,2.00%,2.00%,5.00%,2.00%,2.00%,3.00%,2.00%,5.00%,2.00%,10.00%,0.00%,0.00%,0.00%,0.00%,0.00%,0.00%,0.00%,0.00%,0.00%,0.00%,0.00%,0.00%,0.00%
2025-04-14,50.00%,5.00%,5.00%,0.00%,5.00%,0.00%,0.00%,0.00%,2.00%,2.00%,5.00%,2.00%,2.00%,3.00%,2.00%,5.00%,2.00%,10.00%,0.00%,0.00%,0.00%,0.00%,0.00%,0.00%,0.00%,0.00%,0.00%,0.00%,0.00%,0.00%,0.00%
2025-04-15,50.00%,5.00%,5.00%,0.00%,5.00%,0.00%,0.00%,0.00%,2.00%,2.00%,5.00%,2.00%,2.00%,3.00%,2.00%,5.00%,2.00%,10.00%,0.00%,0.00%,0.00%,0.00%,0.00%,0.00%,0.00%,0.00%,0.00%,0.00%,0.00%,0.00%,0.00%
2025-04-16,50.00%,5.00%,5.00%,0.00%,5.00%,0.00%,0.00%,0.00%,2.00%,2.00%,5.00%,2.00%,2.00%,3.00%,2.00%,5.00%,2.00%,10.00%,0.00%,0.00%,0.00%,0.00%,0.00%,0.00%,0.00%,0.00%,0.00%,0.00%,0.00%,0.00%,0.00%
2025-04-17,50.00%,5.00%,5.00%,0.00%,5.00%,0.00%,0.00%,0.00%,2.00%,2.00%,5.00%,2.00%,2.00%,3.00%,2.00%,5.00%,2.00%,10.00%,0.00%,0.00%,0.00%,0.00%,0.00%,0.00%,0.00%,0.00%,0.00%,0.00%,0.00%,0.00%,0.00%
2025-04-18,50.00%,5.00%,5.00%,0.00%,5.00%,0.00%,0.00%,0.00%,2.00%,2.00%,5.00%,2.00%,2.00%,3.00%,2.00%,5.00%,2.00%,10.00%,0.00%,0.00%,0.00%,0.00%,0.00%,0.00%,0.00%,0.00%,0.00%,0.00%,0.00%,0.00%,0.00%
2025-04-19,50.00%,5.00%,5.00%,0.00%,5.00%,0.00%,0.00%,0.00%,2.00%,2.00%,5.00%,2.00%,2.00%,3.00%,2.00%,5.00%,2.00%,10.00%,0.00%,0.00%,0.00%,0.00%,0.00%,0.00%,0.00%,0.00%,0.00%,0.00%,0.00%,0.00%,0.00%
2025-04-20,50.00%,5.00%,5.00%,0.00%,5.00%,0.00%,0.00%,0.00%,2.00%,2.00%,5.00%,2.00%,2.00%,3.00%,2.00%,5.00%,2.00%,10.00%,0.00%,0.00%,0.00%,0.00%,0.00%,0.00%,0.00%,0.00%,0.00%,0.00%,0.00%,0.00%,0.00%
2025-04-21,50.00%,5.00%,5.00%,0.00%,5.00%,0.00%,0.00%,0.00%,2.00%,2.00%,5.00%,2.00%,2.00%,3.00%,2.00%,5.00%,2.00%,10.00%,0.00%,0.00%,0.00%,0.00%,0.00%,0.00%,0.00%,0.00%,0.00%,0.00%,0.00%,0.00%,0.00%
2025-04-22,50.00%,5.00%,5.00%,0.00%,5.00%,0.00%,0.00%,0.00%,2.00%,2.00%,5.00%,2.00%,2.00%,3.00%,2.00%,5.00%,2.00%,10.00%,0.00%,0.00%,0.00%,0.00%,0.00%,0.00%,0.00%,0.00%,0.00%,0.00%,0.00%,0.00%,0.00%
2025-04-23,65.00%,0.00%,5.00%,0.00%,0.00%,0.00%,0.00%,0.00%,0.00%,5.00%,0.00%,2.00%,2.00%,0.00%,2.00%,2.00%,2.00%,0.00%,5.00%,5.00%,5.00%,0.00%,0.00%,0.00%,0.00%,0.00%,0.00%,0.00%,0.00%,0.00%,0.00%
2025-04-24,65.00%,0.00%,5.00%,0.00%,0.00%,0.00%,0.00%,0.00%,0.00%,5.00%,0.00%,2.00%,2.00%,0.00%,2.00%,2.00%,2.00%,0.00%,5.00%,5.00%,5.00%,0.00%,0.00%,0.00%,0.00%,0.00%,0.00%,0.00%,0.00%,0.00%,0.00%
2025-04-25,60.00%,0.00%,5.00%,0.00%,0.00%,0.00%,0.00%,0.00%,0.00%,5.00%,0.00%,2.00%,2.00%,0.00%,2.00%,2.00%,2.00%,0.00%,5.00%,5.00%,5.00%,5.00%,0.00%,0.00%,0.00%,0.00%,0.00%,0.00%,0.00%,0.00%,0.00%
2025-04-26,60.00%,0.00%,5.00%,0.00%,0.00%,0.00%,0.00%,0.00%,0.00%,5.00%,0.00%,2.00%,2.00%,0.00%,2.00%,2.00%,2.00%,0.00%,5.00%,5.00%,5.00%,5.00%,0.00%,0.00%,0.00%,0.00%,0.00%,0.00%,0.00%,0.00%,0.00%
2025-04-27,60.00%,0.00%,5.00%,0.00%,0.00%,0.00%,0.00%,0.00%,0.00%,5.00%,0.00%,2.00%,2.00%,0.00%,2.00%,2.00%,2.00%,0.00%,5.00%,5.00%,5.00%,5.00%,0.00%,0.00%,0.00%,0.00%,0.00%,0.00%,0.00%,0.00%,0.00%
2025-04-28,60.00%,0.00%,5.00%,0.00%,0.00%,0.00%,0.00%,0.00%,0.00%,5.00%,0.00%,2.00%,2.00%,0.00%,2.00%,2.00%,2.00%,0.00%,5.00%,5.00%,5.00%,5.00%,0.00%,0.00%,0.00%,0.00%,0.00%,0.00%,0.00%,0.00%,0.00%
2025-04-29,60.00%,0.00%,5.00%,0.00%,0.00%,0.00%,0.00%,0.00%,0.00%,5.00%,0.00%,2.00%,2.00%,0.00%,2.00%,2.00%,2.00%,0.00%,5.00%,5.00%,5.00%,5.00%,0.00%,0.00%,0.00%,0.00%,0.00%,0.00%,0.00%,0.00%,0.00%
2025-04-30,60.00%,0.00%,5.00%,0.00%,0.00%,0.00%,0.00%,0.00%,0.00%,5.00%,0.00%,2.00%,2.00%,0.00%,2.00%,2.00%,2.00%,0.00%,5.00%,5.00%,5.00%,5.00%,0.00%,0.00%,0.00%,0.00%,0.00%,0.00%,0.00%,0.00%,0.00%
2025-05-01,60.00%,0.00%,5.00%,0.00%,0.00%,0.00%,0.00%,0.00%,0.00%,5.00%,0.00%,2.00%,2.00%,0.00%,2.00%,2.00%,2.00%,0.00%,5.00%,5.00%,5.00%,5.00%,0.00%,0.00%,0.00%,0.00%,0.00%,0.00%,0.00%,0.00%,0.00%
2025-05-02,60.00%,0.00%,5.00%,0.00%,0.00%,0.00%,0.00%,0.00%,0.00%,5.00%,0.00%,2.00%,2.00%,0.00%,2.00%,2.00%,2.00%,0.00%,5.00%,5.00%,5.00%,5.00%,0.00%,0.00%,0.00%,0.00%,0.00%,0.00%,0.00%,0.00%,0.00%
2025-05-03,60.00%,0.00%,5.00%,0.00%,0.00%,0.00%,0.00%,0.00%,0.00%,5.00%,0.00%,2.00%,2.00%,0.00%,4.00%,0.00%,2.00%,0.00%,5.00%,5.00%,5.00%,5.00%,0.00%,0.00%,0.00%,0.00%,0.00%,0.00%,0.00%,0.00%,0.00%
2025-05-04,60.00%,0.00%,5.00%,0.00%,0.00%,0.00%,0.00%,0.00%,0.00%,5.00%,0.00%,2.00%,2.00%,0.00%,4.00%,0.00%,2.00%,0.00%,5.00%,5.00%,5.00%,5.00%,0.00%,0.00%,0.00%,0.00%,0.00%,0.00%,0.00%,0.00%,0.00%
2025-05-05,60.00%,0.00%,5.00%,0.00%,0.00%,0.00%,0.00%,0.00%,0.00%,5.00%,0.00%,2.00%,2.00%,0.00%,4.00%,0.00%,2.00%,0.00%,5.00%,5.00%,5.00%,5.00%,0.00%,0.00%,0.00%,0.00%,0.00%,0.00%,0.00%,0.00%,0.00%
2025-05-06,60.00%,0.00%,5.00%,0.00%,0.00%,0.00%,0.00%,0.00%,0.00%,5.00%,0.00%,2.00%,2.00%,0.00%,4.00%,0.00%,2.00%,0.00%,5.00%,5.00%,5.00%,5.00%,0.00%,0.00%,0.00%,0.00%,0.00%,0.00%,0.00%,0.00%,0.00%
2025-05-07,60.00%,0.00%,5.00%,0.00%,0.00%,0.00%,0.00%,0.00%,0.00%,0.00%,0.00%,2.00%,2.00%,0.00%,4.00%,0.00%,2.00%,0.00%,5.00%,5.00%,5.00%,5.00%,5.00%,0.00%,0.00%,0.00%,0.00%,0.00%,0.00%,0.00%,0.00%
2025-05-08,60.00%,0.00%,5.00%,0.00%,0.00%,0.00%,0.00%,0.00%,0.00%,0.00%,0.00%,2.00%,2.00%,0.00%,4.00%,0.00%,2.00%,0.00%,5.00%,5.00%,5.00%,5.00%,5.00%,0.00%,0.00%,0.00%,0.00%,0.00%,0.00%,0.00%,0.00%
2025-05-09,60.00%,0.00%,5.00%,0.00%,0.00%,0.00%,0.00%,0.00%,0.00%,0.00%,0.00%,2.00%,2.00%,0.00%,4.00%,0.00%,2.00%,0.00%,5.00%,5.00%,5.00%,5.00%,5.00%,0.00%,0.00%,0.00%,0.00%,0.00%,0.00%,0.00%,0.00%
2025-05-10,60.00%,0.00%,5.00%,0.00%,0.00%,0.00%,0.00%,0.00%,0.00%,0.00%,0.00%,2.00%,2.00%,0.00%,4.00%,0.00%,2.00%,0.00%,5.00%,5.00%,5.00%,5.00%,5.00%,0.00%,0.00%,0.00%,0.00%,0.00%,0.00%,0.00%,0.00%
2025-05-11,60.00%,0.00%,5.00%,0.00%,0.00%,0.00%,0.00%,0.00%,0.00%,0.00%,0.00%,2.00%,2.00%,0.00%,4.00%,0.00%,2.00%,0.00%,5.00%,5.00%,5.00%,5.00%,5.00%,0.00%,0.00%,0.00%,0.00%,0.00%,0.00%,0.00%,0.00%
2025-05-12,60.00%,0.00%,5.00%,0.00%,0.00%,0.00%,0.00%,0.00%,0.00%,0.00%,0.00%,2.00%,2.00%,0.00%,4.00%,0.00%,2.00%,0.00%,5.00%,5.00%,5.00%,5.00%,5.00%,0.00%,0.00%,0.00%,0.00%,0.00%,0.00%,0.00%,0.00%
2025-05-13,60.00%,0.00%,5.00%,0.00%,0.00%,0.00%,0.00%,0.00%,0.00%,0.00%,0.00%,2.00%,2.00%,0.00%,4.00%,0.00%,2.00%,0.00%,5.00%,5.00%,5.00%,5.00%,5.00%,0.00%,0.00%,0.00%,0.00%,0.00%,0.00%,0.00%,0.00%
2025-05-14,60.00%,0.00%,5.00%,0.00%,0.00%,0.00%,0.00%,0.00%,0.00%,0.00%,0.00%,2.00%,2.00%,0.00%,4.00%,0.00%,2.00%,0.00%,5.00%,5.00%,5.00%,5.00%,5.00%,0.00%,0.00%,0.00%,0.00%,0.00%,0.00%,0.00%,0.00%
2025-05-15,60.00%,0.00%,5.00%,0.00%,0.00%,0.00%,0.00%,0.00%,0.00%,0.00%,0.00%,2.00%,2.00%,0.00%,4.00%,0.00%,2.00%,0.00%,5.00%,5.00%,5.00%,5.00%,5.00%,0.00%,0.00%,0.00%,0.00%,0.00%,0.00%,0.00%,0.00%
2025-05-16,60.00%,0.00%,5.00%,0.00%,0.00%,0.00%,0.00%,0.00%,0.00%,0.00%,0.00%,2.00%,2.00%,0.00%,4.00%,0.00%,2.00%,0.00%,5.00%,5.00%,5.00%,5.00%,5.00%,0.00%,0.00%,0.00%,0.00%,0.00%,0.00%,0.00%,0.00%
2025-05-17,60.00%,0.00%,5.00%,0.00%,0.00%,0.00%,0.00%,0.00%,0.00%,0.00%,0.00%,2.00%,2.00%,0.00%,4.00%,0.00%,2.00%,0.00%,5.00%,0.00%,5.00%,5.00%,5.00%,5.00%,0.00%,0.00%,0.00%,0.00%,0.00%,0.00%,0.00%
2025-05-18,60.00%,0.00%,5.00%,0.00%,0.00%,0.00%,0.00%,0.00%,0.00%,0.00%,0.00%,2.00%,2.00%,0.00%,4.00%,0.00%,2.00%,0.00%,5.00%,0.00%,5.00%,5.00%,5.00%,5.00%,0.00%,0.00%,0.00%,0.00%,0.00%,0.00%,0.00%
2025-05-19,60.00%,0.00%,5.00%,0.00%,0.00%,0.00%,0.00%,0.00%,0.00%,0.00%,0.00%,2.00%,2.00%,0.00%,4.00%,0.00%,2.00%,0.00%,5.00%,0.00%,5.00%,5.00%,5.00%,5.00%,0.00%,0.00%,0.00%,0.00%,0.00%,0.00%,0.00%
2025-05-20,60.00%,0.00%,5.00%,0.00%,0.00%,0.00%,0.00%,0.00%,0.00%,0.00%,0.00%,2.00%,2.00%,0.00%,4.00%,0.00%,2.00%,0.00%,5.00%,0.00%,0.00%,10.00%,5.00%,5.00%,0.00%,0.00%,0.00%,0.00%,0.00%,0.00%,0.00%
2025-05-21,60.00%,0.00%,5.00%,0.00%,0.00%,0.00%,0.00%,0.00%,0.00%,0.00%,0.00%,2.00%,2.00%,0.00%,4.00%,0.00%,2.00%,0.00%,5.00%,0.00%,0.00%,10.00%,5.00%,5.00%,0.00%,0.00%,0.00%,0.00%,0.00%,0.00%,0.00%
2025-05-22,60.00%,0.00%,5.00%,0.00%,0.00%,0.00%,0.00%,0.00%,0.00%,0.00%,0.00%,2.00%,2.00%,0.00%,4.00%,0.00%,2.00%,0.00%,5.00%,0.00%,0.00%,10.00%,5.00%,5.00%,0.00%,0.00%,0.00%,0.00%,0.00%,0.00%,0.00%
2025-05-23,60.00%,5.00%,5.00%,0.00%,0.00%,0.00%,0.00%,0.00%,0.00%,0.00%,0.00%,2.00%,2.00%,0.00%,4.00%,0.00%,2.00%,0.00%,5.00%,0.00%,0.00%,5.00%,5.00%,5.00%,0.00%,0.00%,0.00%,0.00%,0.00%,0.00%,0.00%
2025-05-24,60.00%,5.00%,5.00%,0.00%,0.00%,0.00%,0.00%,0.00%,0.00%,0.00%,0.00%,2.00%,2.00%,0.00%,4.00%,0.00%,2.00%,0.00%,5.00%,0.00%,0.00%,5.00%,5.00%,5.00%,0.00%,0.00%,0.00%,0.00%,0.00%,0.00%,0.00%
2025-05-25,60.00%,5.00%,5.00%,0.00%,0.00%,0.00%,0.00%,0.00%,0.00%,0.00%,0.00%,2.00%,2.00%,0.00%,4.00%,0.00%,2.00%,0.00%,5.00%,0.00%,0.00%,5.00%,5.00%,5.00%,0.00%,0.00%,0.00%,0.00%,0.00%,0.00%,0.00%
2025-05-26,60.00%,5.00%,5.00%,0.00%,0.00%,0.00%,0.00%,0.00%,0.00%,0.00%,0.00%,2.00%,2.00%,0.00%,4.00%,0.00%,2.00%,0.00%,5.00%,0.00%,0.00%,5.00%,5.00%,5.00%,0.00%,0.00%,0.00%,0.00%,0.00%,0.00%,0.00%
2025-05-27,60.00%,5.00%,5.00%,0.00%,0.00%,0.00%,0.00%,0.00%,0.00%,0.00%,0.00%,2.00%,2.00%,0.00%,4.00%,0.00%,2.00%,0.00%,5.00%,0.00%,0.00%,5.00%,5.00%,5.00%,0.00%,0.00%,0.00%,0.00%,0.00%,0.00%,0.00%
2025-05-28,60.00%,5.00%,5.00%,0.00%,0.00%,0.00%,0.00%,0.00%,0.00%,0.00%,0.00%,2.00%,2.00%,0.00%,4.00%,0.00%,2.00%,0.00%,5.00%,0.00%,0.00%,5.00%,5.00%,5.00%,0.00%,0.00%,0.00%,0.00%,0.00%,0.00%,0.00%
2025-05-29,60.00%,5.00%,5.00%,0.00%,0.00%,0.00%,0.00%,0.00%,0.00%,0.00%,0.00%,2.00%,2.00%,0.00%,4.00%,0.00%,2.00%,0.00%,5.00%,0.00%,0.00%,5.00%,5.00%,5.00%,0.00%,0.00%,0.00%,0.00%,0.00%,0.00%,0.00%
2025-05-30,60.00%,5.00%,5.00%,0.00%,0.00%,0.00%,0.00%,0.00%,0.00%,0.00%,0.00%,2.00%,2.00%,0.00%,4.00%,0.00%,2.00%,0.00%,5.00%,0.00%,0.00%,5.00%,5.00%,5.00%,0.00%,0.00%,0.00%,0.00%,0.00%,0.00%,0.00%
2025-05-31,65.00%,5.00%,5.00%,0.00%,0.00%,0.00%,0.00%,0.00%,0.00%,0.00%,0.00%,2.00%,0.00%,0.00%,6.00%,0.00%,2.00%,0.00%,0.00%,0.00%,0.00%,5.00%,5.00%,5.00%,0.00%,0.00%,0.00%,0.00%,0.00%,0.00%,0.00%
2025-06-01,65.00%,5.00%,5.00%,0.00%,0.00%,0.00%,0.00%,0.00%,0.00%,0.00%,0.00%,2.00%,0.00%,0.00%,6.00%,0.00%,2.00%,0.00%,0.00%,0.00%,0.00%,5.00%,5.00%,5.00%,0.00%,0.00%,0.00%,0.00%,0.00%,0.00%,0.00%
2025-06-02,65.00%,5.00%,5.00%,0.00%,0.00%,0.00%,0.00%,0.00%,0.00%,0.00%,0.00%,2.00%,0.00%,0.00%,6.00%,0.00%,2.00%,0.00%,0.00%,0.00%,0.00%,5.00%,5.00%,5.00%,0.00%,0.00%,0.00%,0.00%,0.00%,0.00%,0.00%
2025-06-03,75.00%,5.00%,5.00%,0.00%,0.00%,0.00%,0.00%,0.00%,0.00%,0.00%,0.00%,2.00%,0.00%,0.00%,6.00%,0.00%,2.00%,0.00%,0.00%,0.00%,0.00%,0.00%,0.00%,5.00%,0.00%,0.00%,0.00%,0.00%,0.00%,0.00%,0.00%
2025-06-04,75.00%,5.00%,5.00%,0.00%,0.00%,0.00%,0.00%,0.00%,0.00%,0.00%,0.00%,2.00%,0.00%,0.00%,6.00%,0.00%,2.00%,0.00%,0.00%,0.00%,0.00%,0.00%,0.00%,5.00%,0.00%,0.00%,0.00%,0.00%,0.00%,0.00%,0.00%
2025-06-05,75.00%,5.00%,5.00%,0.00%,0.00%,0.00%,0.00%,0.00%,0.00%,0.00%,0.00%,2.00%,0.00%,0.00%,6.00%,0.00%,2.00%,0.00%,0.00%,0.00%,0.00%,0.00%,0.00%,5.00%,0.00%,0.00%,0.00%,0.00%,0.00%,0.00%,0.00%
2025-06-06,75.00%,5.00%,5.00%,0.00%,0.00%,0.00%,0.00%,0.00%,0.00%,0.00%,0.00%,2.00%,0.00%,0.00%,6.00%,0.00%,2.00%,0.00%,0.00%,0.00%,0.00%,0.00%,0.00%,5.00%,0.00%,0.00%,0.00%,0.00%,0.00%,0.00%,0.00%
2025-06-07,65.00%,10.00%,5.00%,0.00%,0.00%,0.00%,0.00%,0.00%,0.00%,0.00%,0.00%,2.00%,0.00%,0.00%,6.00%,0.00%,2.00%,0.00%,0.00%,0.00%,0.00%,0.00%,0.00%,5.00%,5.00%,0.00%,0.00%,0.00%,0.00%,0.00%,0.00%
2025-06-08,65.00%,10.00%,5.00%,0.00%,0.00%,0.00%,0.00%,0.00%,0.00%,0.00%,0.00%,2.00%,0.00%,0.00%,6.00%,0.00%,2.00%,0.00%,0.00%,0.00%,0.00%,0.00%,0.00%,5.00%,5.00%,0.00%,0.00%,0.00%,0.00%,0.00%,0.00%
2025-06-09,65.00%,10.00%,5.00%,0.00%,0.00%,0.00%,0.00%,0.00%,0.00%,0.00%,0.00%,2.00%,0.00%,0.00%,6.00%,0.00%,2.00%,0.00%,0.00%,0.00%,0.00%,0.00%,0.00%,5.00%,5.00%,0.00%,0.00%,0.00%,0.00%,0.00%,0.00%
2025-06-10,65.00%,10.00%,5.00%,0.00%,0.00%,0.00%,0.00%,0.00%,0.00%,0.00%,0.00%,2.00%,0.00%,0.00%,6.00%,0.00%,2.00%,0.00%,0.00%,0.00%,0.00%,0.00%,0.00%,5.00%,5.00%,0.00%,0.00%,0.00%,0.00%,0.00%,0.00%
2025-06-11,65.00%,10.00%,5.00%,0.00%,0.00%,0.00%,0.00%,0.00%,0.00%,0.00%,0.00%,2.00%,0.00%,0.00%,6.00%,0.00%,2.00%,0.00%,0.00%,0.00%,0.00%,0.00%,0.00%,5.00%,5.00%,0.00%,0.00%,0.00%,0.00%,0.00%,0.00%
2025-06-12,65.00%,10.00%,5.00%,0.00%,0.00%,0.00%,0.00%,0.00%,0.00%,0.00%,0.00%,2.00%,0.00%,0.00%,6.00%,0.00%,2.00%,0.00%,0.00%,0.00%,0.00%,0.00%,0.00%,5.00%,5.00%,0.00%,0.00%,0.00%,0.00%,0.00%,0.00%
2025-06-13,65.00%,10.00%,5.00%,0.00%,0.00%,0.00%,0.00%,0.00%,0.00%,0.00%,0.00%,2.00%,0.00%,0.00%,6.00%,0.00%,2.00%,0.00%,0.00%,0.00%,0.00%,0.00%,0.00%,5.00%,5.00%,0.00%,0.00%,0.00%,0.00%,0.00%,0.00%
2025-06-14,65.00%,10.00%,5.00%,0.00%,0.00%,0.00%,0.00%,0.00%,0.00%,0.00%,0.00%,2.00%,0.00%,0.00%,6.00%,0.00%,2.00%,0.00%,0.00%,0.00%,0.00%,0.00%,0.00%,5.00%,5.00%,0.00%,0.00%,0.00%,0.00%,0.00%,0.00%
2025-06-15,65.00%,10.00%,5.00%,0.00%,0.00%,0.00%,0.00%,0.00%,0.00%,0.00%,0.00%,2.00%,0.00%,0.00%,6.00%,0.00%,2.00%,0.00%,0.00%,0.00%,0.00%,0.00%,0.00%,5.00%,5.00%,0.00%,0.00%,0.00%,0.00%,0.00%,0.00%
2025-06-16,65.00%,10.00%,5.00%,0.00%,0.00%,0.00%,0.00%,0.00%,0.00%,0.00%,0.00%,2.00%,0.00%,0.00%,6.00%,0.00%,2.00%,0.00%,0.00%,0.00%,0.00%,0.00%,0.00%,5.00%,5.00%,0.00%,0.00%,0.00%,0.00%,0.00%,0.00%
2025-06-17,65.00%,10.00%,5.00%,0.00%,0.00%,0.00%,0.00%,0.00%,0.00%,0.00%,0.00%,2.00%,0.00%,0.00%,6.00%,0.00%,2.00%,0.00%,0.00%,0.00%,0.00%,0.00%,0.00%,5.00%,5.00%,0.00%,0.00%,0.00%,0.00%,0.00%,0.00%
2025-06-18,65.00%,10.00%,5.00%,0.00%,0.00%,0.00%,0.00%,0.00%,0.00%,0.00%,0.00%,2.00%,0.00%,0.00%,6.00%,0.00%,2.00%,0.00%,0.00%,0.00%,0.00%,0.00%,0.00%,5.00%,5.00%,0.00%,0.00%,0.00%,0.00%,0.00%,0.00%
2025-06-19,65.00%,10.00%,5.00%,0.00%,0.00%,0.00%,0.00%,0.00%,0.00%,0.00%,0.00%,2.00%,0.00%,0.00%,6.00%,0.00%,2.00%,0.00%,0.00%,0.00%,0.00%,0.00%,0.00%,5.00%,5.00%,0.00%,0.00%,0.00%,0.00%,0.00%,0.00%
2025-06-20,65.00%,10.00%,5.00%,0.00%,0.00%,0.00%,0.00%,0.00%,0.00%,0.00%,0.00%,2.00%,0.00%,0.00%,6.00%,0.00%,2.00%,0.00%,0.00%,0.00%,0.00%,0.00%,0.00%,5.00%,5.00%,0.00%,0.00%,0.00%,0.00%,0.00%,0.00%
2025-06-21,70.00%,10.00%,0.00%,0.00%,0.00%,0.00%,0.00%,0.00%,0.00%,0.00%,0.00%,2.00%,0.00%,0.00%,6.00%,0.00%,2.00%,0.00%,0.00%,0.00%,0.00%,0.00%,0.00%,5.00%,5.00%,0.00%,0.00%,0.00%,0.00%,0.00%,0.00%
2025-06-22,70.00%,10.00%,0.00%,0.00%,0.00%,0.00%,0.00%,0.00%,0.00%,0.00%,0.00%,2.00%,0.00%,0.00%,6.00%,0.00%,2.00%,0.00%,0.00%,0.00%,0.00%,0.00%,0.00%,5.00%,5.00%,0.00%,0.00%,0.00%,0.00%,0.00%,0.00%
2025-06-23,70.00%,10.00%,0.00%,0.00%,0.00%,0.00%,0.00%,0.00%,0.00%,0.00%,0.00%,2.00%,0.00%,0.00%,6.00%,0.00%,2.00%,0.00%,0.00%,0.00%,0.00%,0.00%,0.00%,5.00%,5.00%,0.00%,0.00%,0.00%,0.00%,0.00%,0.00%
2025-06-24,70.00%,10.00%,0.00%,0.00%,0.00%,0.00%,0.00%,0.00%,0.00%,0.00%,0.00%,2.00%,0.00%,0.00%,6.00%,0.00%,2.00%,0.00%,0.00%,0.00%,0.00%,0.00%,0.00%,5.00%,5.00%,0.00%,0.00%,0.00%,0.00%,0.00%,0.00%
2025-06-25,70.00%,10.00%,0.00%,0.00%,0.00%,0.00%,0.00%,0.00%,0.00%,0.00%,0.00%,2.00%,0.00%,0.00%,6.00%,0.00%,2.00%,0.00%,0.00%,0.00%,0.00%,0.00%,0.00%,5.00%,5.00%,0.00%,0.00%,0.00%,0.00%,0.00%,0.00%
2025-06-26,70.00%,10.00%,0.00%,0.00%,0.00%,0.00%,0.00%,0.00%,0.00%,0.00%,0.00%,2.00%,0.00%,0.00%,6.00%,0.00%,2.00%,0.00%,0.00%,0.00%,0.00%,0.00%,0.00%,5.00%,5.00%,0.00%,0.00%,0.00%,0.00%,0.00%,0.00%
2025-06-27,70.00%,10.00%,0.00%,0.00%,0.00%,0.00%,0.00%,0.00%,0.00%,0.00%,0.00%,2.00%,0.00%,0.00%,6.00%,0.00%,2.00%,0.00%,0.00%,0.00%,0.00%,0.00%,0.00%,5.00%,5.00%,0.00%,0.00%,0.00%,0.00%,0.00%,0.00%
2025-06-28,70.00%,5.00%,0.00%,0.00%,0.00%,0.00%,0.00%,0.00%,0.00%,0.00%,0.00%,1.00%,0.00%,0.00%,6.00%,0.00%,1.00%,0.00%,0.00%,0.00%,0.00%,0.00%,0.00%,2.00%,5.00%,5.00%,5.00%,0.00%,0.00%,0.00%,0.00%
2025-06-29,70.00%,5.00%,0.00%,0.00%,0.00%,0.00%,0.00%,0.00%,0.00%,0.00%,0.00%,1.00%,0.00%,0.00%,6.00%,0.00%,1.00%,0.00%,0.00%,0.00%,0.00%,0.00%,0.00%,2.00%,5.00%,5.00%,5.00%,0.00%,0.00%,0.00%,0.00%
2025-06-30,70.00%,5.00%,0.00%,0.00%,0.00%,0.00%,0.00%,0.00%,0.00%,0.00%,0.00%,1.00%,0.00%,0.00%,6.00%,0.00%,1.00%,0.00%,0.00%,0.00%,0.00%,0.00%,0.00%,2.00%,5.00%,5.00%,5.00%,0.00%,0.00%,0.00%,0.00%
2025-07-01,65.00%,5.00%,0.00%,0.00%,0.00%,0.00%,0.00%,0.00%,0.00%,0.00%,0.00%,1.00%,0.00%,0.00%,6.00%,0.00%,1.00%,0.00%,0.00%,0.00%,0.00%,0.00%,0.00%,2.00%,5.00%,5.00%,5.00%,5.00%,0.00%,0.00%,0.00%
2025-07-02,65.00%,5.00%,0.00%,0.00%,0.00%,0.00%,0.00%,0.00%,0.00%,0.00%,0.00%,1.00%,0.00%,0.00%,6.00%,0.00%,1.00%,0.00%,0.00%,0.00%,0.00%,0.00%,0.00%,2.00%,5.00%,5.00%,5.00%,5.00%,0.00%,0.00%,0.00%
2025-07-03,65.00%,5.00%,0.00%,0.00%,0.00%,0.00%,0.00%,0.00%,0.00%,0.00%,0.00%,1.00%,0.00%,0.00%,6.00%,0.00%,1.00%,0.00%,0.00%,0.00%,0.00%,0.00%,0.00%,2.00%,5.00%,5.00%,5.00%,5.00%,0.00%,0.00%,0.00%
2025-07-04,65.00%,5.00%,0.00%,0.00%,0.00%,0.00%,0.00%,0.00%,0.00%,0.00%,0.00%,1.00%,0.00%,0.00%,6.00%,0.00%,1.00%,0.00%,0.00%,0.00%,0.00%,0.00%,0.00%,2.00%,5.00%,5.00%,5.00%,5.00%,0.00%,0.00%,0.00%
2025-07-05,65.00%,5.00%,0.00%,0.00%,0.00%,0.00%,0.00%,0.00%,0.00%,0.00%,0.00%,1.00%,0.00%,0.00%,6.00%,0.00%,1.00%,0.00%,0.00%,0.00%,0.00%,0.00%,0.00%,2.00%,5.00%,5.00%,5.00%,5.00%,0.00%,0.00%,0.00%
2025-07-06,65.00%,5.00%,0.00%,0.00%,0.00%,0.00%,0.00%,0.00%,0.00%,0.00%,0.00%,1.00%,0.00%,0.00%,6.00%,0.00%,1.00%,0.00%,0.00%,0.00%,0.00%,0.00%,0.00%,2.00%,5.00%,5.00%,5.00%,5.00%,0.00%,0.00%,0.00%
2025-07-07,65.00%,5.00%,0.00%,0.00%,0.00%,0.00%,0.00%,0.00%,0.00%,0.00%,0.00%,1.00%,0.00%,0.00%,6.00%,0.00%,1.00%,0.00%,0.00%,0.00%,0.00%,0.00%,0.00%,2.00%,5.00%,5.00%,5.00%,5.00%,0.00%,0.00%,0.00%
2025-07-08,65.00%,5.00%,0.00%,0.00%,0.00%,0.00%,0.00%,0.00%,0.00%,0.00%,0.00%,1.00%,0.00%,0.00%,6.00%,0.00%,1.00%,0.00%,0.00%,0.00%,0.00%,0.00%,0.00%,2.00%,5.00%,5.00%,5.00%,5.00%,0.00%,0.00%,0.00%
2025-07-09,65.00%,5.00%,0.00%,0.00%,0.00%,0.00%,0.00%,0.00%,0.00%,0.00%,0.00%,1.00%,0.00%,0.00%,3.00%,0.00%,1.00%,0.00%,0.00%,0.00%,0.00%,0.00%,0.00%,2.00%,5.00%,5.00%,5.00%,5.00%,3.00%,0.00%,0.00%
2025-07-10,65.00%,5.00%,0.00%,0.00%,0.00%,0.00%,0.00%,0.00%,0.00%,0.00%,0.00%,1.00%,0.00%,0.00%,3.00%,0.00%,1.00%,0.00%,0.00%,0.00%,0.00%,0.00%,0.00%,2.00%,5.00%,5.00%,5.00%,5.00%,3.00%,0.00%,0.00%
2025-07-11,65.00%,5.00%,0.00%,0.00%,0.00%,0.00%,0.00%,0.00%,0.00%,0.00%,0.00%,1.00%,0.00%,0.00%,3.00%,0.00%,1.00%,0.00%,0.00%,0.00%,0.00%,0.00%,0.00%,2.00%,5.00%,5.00%,5.00%,5.00%,3.00%,0.00%,0.00%
2025-07-12,65.00%,5.00%,0.00%,0.00%,0.00%,0.00%,0.00%,0.00%,0.00%,0.00%,0.00%,1.00%,0.00%,0.00%,3.00%,0.00%,1.00%,0.00%,0.00%,0.00%,0.00%,0.00%,0.00%,2.00%,5.00%,5.00%,5.00%,5.00%,3.00%,0.00%,0.00%
2025-07-13,65.00%,5.00%,0.00%,0.00%,0.00%,0.00%,0.00%,0.00%,0.00%,0.00%,0.00%,1.00%,0.00%,0.00%,3.00%,0.00%,1.00%,0.00%,0.00%,0.00%,0.00%,0.00%,0.00%,2.00%,5.00%,5.00%,5.00%,5.00%,3.00%,0.00%,0.00%
2025-07-14,65.00%,5.00%,0.00%,0.00%,0.00%,0.00%,0.00%,0.00%,0.00%,0.00%,0.00%,1.00%,0.00%,0.00%,3.00%,0.00%,1.00%,0.00%,0.00%,0.00%,0.00%,0.00%,0.00%,2.00%,5.00%,5.00%,5.00%,5.00%,3.00%,0.00%,0.00%
2025-07-15,65.00%,5.00%,0.00%,0.00%,0.00%,0.00%,0.00%,0.00%,0.00%,0.00%,0.00%,1.00%,0.00%,0.00%,3.00%,0.00%,1.00%,0.00%,0.00%,0.00%,0.00%,0.00%,0.00%,2.00%,5.00%,5.00%,5.00%,5.00%,3.00%,0.00%,0.00%
2025-07-16,60.00%,10.00%,0.00%,0.00%,0.00%,0.00%,0.00%,0.00%,0.00%,0.00%,0.00%,1.00%,0.00%,0.00%,3.00%,0.00%,1.00%,0.00%,0.00%,0.00%,0.00%,0.00%,0.00%,2.00%,5.00%,5.00%,5.00%,5.00%,3.00%,0.00%,0.00%
2025-07-17,60.00%,10.00%,0.00%,0.00%,0.00%,0.00%,0.00%,0.00%,0.00%,0.00%,0.00%,1.00%,0.00%,0.00%,3.00%,0.00%,1.00%,0.00%,0.00%,0.00%,0.00%,0.00%,0.00%,2.00%,5.00%,5.00%,5.00%,5.00%,3.00%,0.00%,0.00%
2025-07-18,60.00%,10.00%,0.00%,0.00%,0.00%,0.00%,0.00%,0.00%,0.00%,0.00%,0.00%,1.00%,0.00%,0.00%,3.00%,0.00%,1.00%,0.00%,0.00%,0.00%,0.00%,0.00%,0.00%,2.00%,5.00%,5.00%,5.00%,5.00%,3.00%,0.00%,0.00%
2025-07-19,60.00%,10.00%,0.00%,0.00%,0.00%,0.00%,0.00%,0.00%,0.00%,0.00%,0.00%,1.00%,0.00%,0.00%,3.00%,0.00%,1.00%,0.00%,0.00%,0.00%,0.00%,0.00%,0.00%,2.00%,5.00%,5.00%,5.00%,5.00%,3.00%,0.00%,0.00%
2025-07-20,60.00%,10.00%,0.00%,0.00%,0.00%,0.00%,0.00%,0.00%,0.00%,0.00%,0.00%,1.00%,0.00%,0.00%,3.00%,0.00%,1.00%,0.00%,0.00%,0.00%,0.00%,0.00%,0.00%,2.00%,5.00%,5.00%,5.00%,5.00%,3.00%,0.00%,0.00%
2025-07-21,60.00%,10.00%,0.00%,0.00%,0.00%,0.00%,0.00%,0.00%,0.00%,0.00%,0.00%,1.00%,0.00%,0.00%,3.00%,0.00%,1.00%,0.00%,0.00%,0.00%,0.00%,0.00%,0.00%,2.00%,5.00%,5.00%,5.00%,5.00%,3.00%,0.00%,0.00%
2025-07-22,60.00%,10.00%,0.00%,0.00%,0.00%,0.00%,0.00%,0.00%,0.00%,0.00%,0.00%,2.00%,0.00%,0.00%,3.00%,0.00%,2.00%,0.00%,0.00%,0.00%,0.00%,0.00%,0.00%,3.00%,5.00%,5.00%,5.00%,5.00%,0.00%,0.00%,0.00%
2025-07-23,60.00%,10.00%,0.00%,0.00%,0.00%,0.00%,0.00%,0.00%,0.00%,0.00%,0.00%,2.00%,0.00%,0.00%,3.00%,0.00%,2.00%,0.00%,0.00%,0.00%,0.00%,0.00%,0.00%,3.00%,5.00%,5.00%,5.00%,5.00%,0.00%,0.00%,0.00%
2025-07-24,60.00%,10.00%,0.00%,0.00%,0.00%,0.00%,0.00%,0.00%,0.00%,0.00%,0.00%,2.00%,0.00%,0.00%,3.00%,0.00%,2.00%,0.00%,0.00%,0.00%,0.00%,0.00%,0.00%,3.00%,5.00%,5.00%,5.00%,5.00%,0.00%,0.00%,0.00%
2025-07-25,60.00%,10.00%,0.00%,0.00%,0.00%,0.00%,0.00%,0.00%,0.00%,0.00%,0.00%,2.00%,0.00%,0.00%,3.00%,0.00%,2.00%,0.00%,0.00%,0.00%,0.00%,0.00%,0.00%,3.00%,5.00%,5.00%,5.00%,5.00%,0.00%,0.00%,0.00%
2025-07-26,60.00%,10.00%,0.00%,0.00%,0.00%,0.00%,0.00%,0.00%,0.00%,0.00%,0.00%,2.00%,0.00%,0.00%,3.00%,0.00%,2.00%,0.00%,0.00%,0.00%,0.00%,0.00%,0.00%,3.00%,5.00%,5.00%,5.00%,5.00%,0.00%,0.00%,0.00%
2025-07-27,60.00%,10.00%,0.00%,0.00%,0.00%,0.00%,0.00%,0.00%,0.00%,0.00%,0.00%,2.00%,0.00%,0.00%,3.00%,0.00%,2.00%,0.00%,0.00%,0.00%,0.00%,0.00%,0.00%,3.00%,5.00%,5.00%,5.00%,5.00%,0.00%,0.00%,0.00%
2025-07-28,60.00%,10.00%,0.00%,0.00%,0.00%,0.00%,0.00%,0.00%,0.00%,0.00%,0.00%,2.00%,0.00%,0.00%,3.00%,0.00%,2.00%,0.00%,0.00%,0.00%,0.00%,0.00%,0.00%,3.00%,5.00%,5.00%,5.00%,5.00%,0.00%,0.00%,0.00%
2025-07-29,60.00%,10.00%,0.00%,0.00%,0.00%,0.00%,0.00%,0.00%,0.00%,0.00%,0.00%,2.00%,0.00%,0.00%,3.00%,0.00%,2.00%,0.00%,0.00%,0.00%,0.00%,0.00%,0.00%,3.00%,5.00%,5.00%,5.00%,5.00%,0.00%,0.00%,0.00%
2025-07-30,60.00%,10.00%,0.00%,0.00%,0.00%,0.00%,0.00%,0.00%,0.00%,0.00%,0.00%,2.00%,0.00%,0.00%,3.00%,0.00%,2.00%,0.00%,0.00%,0.00%,0.00%,0.00%,0.00%,3.00%,5.00%,5.00%,5.00%,5.00%,0.00%,0.00%,0.00%
2025-07-31,60.00%,10.00%,0.00%,0.00%,0.00%,0.00%,0.00%,0.00%,0.00%,0.00%,0.00%,2.00%,0.00%,5.00%,3.00%,0.00%,2.00%,0.00%,0.00%,0.00%,0.00%,0.00%,0.00%,3.00%,5.00%,0.00%,5.00%,5.00%,0.00%,0.00%,0.00%
2025-08-01,60.00%,10.00%,0.00%,0.00%,0.00%,0.00%,0.00%,0.00%,0.00%,0.00%,0.00%,2.00%,0.00%,5.00%,3.00%,0.00%,2.00%,0.00%,0.00%,0.00%,0.00%,0.00%,0.00%,3.00%,5.00%,0.00%,5.00%,5.00%,0.00%,0.00%,0.00%
2025-08-02,60.00%,10.00%,0.00%,0.00%,0.00%,0.00%,0.00%,0.00%,0.00%,0.00%,0.00%,2.00%,0.00%,5.00%,3.00%,0.00%,2.00%,0.00%,0.00%,0.00%,0.00%,0.00%,0.00%,3.00%,5.00%,0.00%,5.00%,5.00%,0.00%,0.00%,0.00%
2025-08-03,60.00%,10.00%,0.00%,0.00%,0.00%,0.00%,0.00%,0.00%,0.00%,0.00%,0.00%,2.00%,0.00%,5.00%,3.00%,0.00%,2.00%,0.00%,0.00%,0.00%,0.00%,0.00%,0.00%,3.00%,5.00%,0.00%,5.00%,5.00%,0.00%,0.00%,0.00%
2025-08-04,60.00%,10.00%,0.00%,0.00%,0.00%,0.00%,0.00%,0.00%,0.00%,0.00%,0.00%,2.00%,0.00%,5.00%,3.00%,0.00%,2.00%,0.00%,0.00%,0.00%,0.00%,0.00%,0.00%,3.00%,5.00%,0.00%,5.00%,5.00%,0.00%,0.00%,0.00%
2025-08-05,60.00%,10.00%,0.00%,0.00%,0.00%,0.00%,0.00%,0.00%,0.00%,0.00%,0.00%,2.00%,0.00%,5.00%,3.00%,0.00%,2.00%,0.00%,0.00%,0.00%,0.00%,0.00%,0.00%,3.00%,5.00%,0.00%,5.00%,5.00%,0.00%,0.00%,0.00%
2025-08-06,60.00%,10.00%,0.00%,0.00%,0.00%,0.00%,0.00%,0.00%,0.00%,0.00%,0.00%,2.00%,0.00%,5.00%,3.00%,0.00%,2.00%,0.00%,0.00%,0.00%,0.00%,0.00%,0.00%,3.00%,5.00%,0.00%,5.00%,5.00%,0.00%,0.00%,0.00%
2025-08-07,60.00%,10.00%,0.00%,0.00%,0.00%,0.00%,0.00%,0.00%,0.00%,0.00%,0.00%,2.00%,0.00%,5.00%,3.00%,0.00%,2.00%,0.00%,0.00%,0.00%,0.00%,0.00%,0.00%,3.00%,5.00%,0.00%,5.00%,5.00%,0.00%,0.00%,0.00%
2025-08-08,60.00%,10.00%,0.00%,0.00%,0.00%,0.00%,0.00%,0.00%,0.00%,0.00%,0.00%,2.00%,0.00%,5.00%,3.00%,0.00%,2.00%,0.00%,0.00%,0.00%,0.00%,0.00%,0.00%,3.00%,5.00%,0.00%,5.00%,5.00%,0.00%,0.00%,0.00%
2025-08-09,60.00%,10.00%,0.00%,0.00%,0.00%,0.00%,0.00%,0.00%,0.00%,0.00%,0.00%,2.00%,0.00%,5.00%,3.00%,0.00%,2.00%,0.00%,0.00%,0.00%,0.00%,0.00%,0.00%,3.00%,5.00%,0.00%,5.00%,5.00%,0.00%,0.00%,0.00%
2025-08-10,60.00%,10.00%,0.00%,0.00%,0.00%,0.00%,0.00%,0.00%,0.00%,0.00%,0.00%,2.00%,0.00%,5.00%,3.00%,0.00%,2.00%,0.00%,0.00%,0.00%,0.00%,0.00%,0.00%,3.00%,5.00%,0.00%,5.00%,5.00%,0.00%,0.00%,0.00%
2025-08-11,60.00%,10.00%,0.00%,0.00%,0.00%,0.00%,0.00%,0.00%,0.00%,0.00%,0.00%,2.00%,0.00%,5.00%,3.00%,0.00%,2.00%,0.00%,0.00%,0.00%,0.00%,0.00%,0.00%,3.00%,5.00%,0.00%,5.00%,5.00%,0.00%,0.00%,0.00%
2025-08-12,60.00%,10.00%,0.00%,0.00%,0.00%,0.00%,0.00%,0.00%,0.00%,0.00%,0.00%,2.00%,0.00%,5.00%,3.00%,0.00%,2.00%,0.00%,0.00%,0.00%,0.00%,0.00%,0.00%,3.00%,5.00%,0.00%,5.00%,5.00%,0.00%,0.00%,0.00%
2025-08-13,60.00%,10.00%,0.00%,0.00%,0.00%,0.00%,0.00%,0.00%,0.00%,0.00%,0.00%,2.00%,0.00%,5.00%,3.00%,0.00%,2.00%,0.00%,0.00%,0.00%,0.00%,0.00%,0.00%,3.00%,5.00%,0.00%,5.00%,5.00%,0.00%,0.00%,0.00%
2025-08-14,60.00%,10.00%,0.00%,0.00%,0.00%,0.00%,0.00%,0.00%,0.00%,0.00%,0.00%,2.00%,0.00%,5.00%,3.00%,0.00%,2.00%,0.00%,0.00%,0.00%,0.00%,0.00%,0.00%,3.00%,5.00%,0.00%,5.00%,5.00%,0.00%,0.00%,0.00%
2025-08-15,60.00%,10.00%,0.00%,0.00%,0.00%,0.00%,0.00%,0.00%,0.00%,0.00%,0.00%,2.00%,0.00%,5.00%,3.00%,0.00%,2.00%,0.00%,0.00%,0.00%,0.00%,0.00%,0.00%,3.00%,5.00%,0.00%,5.00%,5.00%,0.00%,0.00%,0.00%
2025-08-16,60.00%,10.00%,0.00%,0.00%,0.00%,0.00%,0.00%,0.00%,0.00%,0.00%,0.00%,2.00%,0.00%,5.00%,3.00%,0.00%,2.00%,0.00%,0.00%,0.00%,0.00%,0.00%,0.00%,3.00%,5.00%,0.00%,5.00%,5.00%,0.00%,0.00%,0.00%
2025-08-17,60.00%,10.00%,0.00%,0.00%,0.00%,0.00%,0.00%,0.00%,0.00%,0.00%,0.00%,2.00%,0.00%,5.00%,3.00%,0.00%,2.00%,0.00%,0.00%,0.00%,0.00%,0.00%,0.00%,3.00%,5.00%,0.00%,5.00%,5.00%,0.00%,0.00%,0.00%
2025-08-18,60.00%,10.00%,0.00%,0.00%,0.00%,0.00%,0.00%,0.00%,0.00%,0.00%,0.00%,2.00%,0.00%,5.00%,3.00%,0.00%,2.00%,0.00%,0.00%,0.00%,0.00%,0.00%,0.00%,3.00%,5.00%,0.00%,5.00%,5.00%,0.00%,0.00%,0.00%
2025-08-19,60.00%,10.00%,0.00%,0.00%,0.00%,0.00%,0.00%,0.00%,0.00%,0.00%,0.00%,2.00%,0.00%,5.00%,3.00%,0.00%,2.00%,0.00%,0.00%,0.00%,0.00%,0.00%,0.00%,3.00%,5.00%,0.00%,5.00%,5.00%,0.00%,0.00%,0.00%
2025-08-20,60.00%,10.00%,0.00%,0.00%,0.00%,0.00%,0.00%,0.00%,0.00%,0.00%,0.00%,2.00%,0.00%,5.00%,3.00%,0.00%,2.00%,0.00%,0.00%,0.00%,0.00%,0.00%,0.00%,3.00%,5.00%,0.00%,5.00%,5.00%,0.00%,0.00%,0.00%
2025-08-21,60.00%,10.00%,0.00%,0.00%,0.00%,0.00%,0.00%,0.00%,0.00%,0.00%,0.00%,2.00%,0.00%,5.00%,3.00%,0.00%,2.00%,0.00%,0.00%,0.00%,0.00%,0.00%,0.00%,3.00%,5.00%,0.00%,5.00%,5.00%,0.00%,0.00%,0.00%
2025-08-22,60.00%,10.00%,0.00%,0.00%,0.00%,0.00%,0.00%,0.00%,0.00%,0.00%,0.00%,2.00%,0.00%,5.00%,3.00%,0.00%,2.00%,0.00%,0.00%,0.00%,0.00%,0.00%,0.00%,3.00%,5.00%,0.00%,5.00%,5.00%,0.00%,0.00%,0.00%
2025-08-23,50.00%,10.00%,0.00%,0.00%,5.00%,0.00%,0.00%,0.00%,0.00%,5.00%,0.00%,2.00%,0.00%,5.00%,3.00%,0.00%,2.00%,0.00%,0.00%,0.00%,0.00%,0.00%,0.00%,3.00%,5.00%,0.00%,5.00%,5.00%,0.00%,0.00%,0.00%
2025-08-24,50.00%,10.00%,0.00%,0.00%,5.00%,0.00%,0.00%,0.00%,0.00%,5.00%,0.00%,2.00%,0.00%,5.00%,3.00%,0.00%,2.00%,0.00%,0.00%,0.00%,0.00%,0.00%,0.00%,3.00%,5.00%,0.00%,5.00%,5.00%,0.00%,0.00%,0.00%
2025-08-25,50.00%,10.00%,0.00%,0.00%,5.00%,0.00%,0.00%,0.00%,0.00%,5.00%,0.00%,2.00%,0.00%,5.00%,3.00%,0.00%,2.00%,0.00%,0.00%,0.00%,0.00%,0.00%,0.00%,3.00%,5.00%,0.00%,5.00%,5.00%,0.00%,0.00%,0.00%
2025-08-26,50.00%,10.00%,0.00%,0.00%,5.00%,0.00%,0.00%,0.00%,0.00%,5.00%,0.00%,2.00%,0.00%,5.00%,3.00%,0.00%,2.00%,0.00%,0.00%,0.00%,0.00%,0.00%,0.00%,3.00%,5.00%,0.00%,5.00%,5.00%,0.00%,0.00%,0.00%
2025-08-27,50.00%,10.00%,0.00%,0.00%,5.00%,0.00%,0.00%,0.00%,0.00%,5.00%,0.00%,2.00%,0.00%,5.00%,3.00%,0.00%,2.00%,0.00%,0.00%,0.00%,0.00%,0.00%,0.00%,3.00%,5.00%,0.00%,5.00%,5.00%,0.00%,0.00%,0.00%
2025-08-28,50.00%,10.00%,0.00%,0.00%,5.00%,0.00%,0.00%,0.00%,0.00%,5.00%,0.00%,2.00%,0.00%,5.00%,3.00%,0.00%,2.00%,0.00%,0.00%,0.00%,0.00%,0.00%,0.00%,3.00%,5.00%,0.00%,5.00%,5.00%,0.00%,0.00%,0.00%
2025-08-29,50.00%,10.00%,0.00%,0.00%,5.00%,0.00%,0.00%,0.00%,0.00%,5.00%,0.00%,2.00%,0.00%,5.00%,3.00%,0.00%,2.00%,0.00%,0.00%,0.00%,0.00%,0.00%,0.00%,3.00%,5.00%,0.00%,5.00%,5.00%,0.00%,0.00%,0.00%
2025-08-30,50.00%,10.00%,0.00%,0.00%,5.00%,0.00%,0.00%,0.00%,0.00%,5.00%,0.00%,2.00%,0.00%,5.00%,3.00%,0.00%,2.00%,0.00%,0.00%,0.00%,0.00%,0.00%,0.00%,3.00%,5.00%,0.00%,5.00%,5.00%,0.00%,0.00%,0.00%
2025-08-31,50.00%,10.00%,0.00%,0.00%,5.00%,0.00%,0.00%,0.00%,0.00%,5.00%,0.00%,2.00%,0.00%,5.00%,3.00%,0.00%,2.00%,0.00%,0.00%,0.00%,0.00%,0.00%,0.00%,3.00%,5.00%,0.00%,5.00%,5.00%,0.00%,0.00%,0.00%
2025-09-01,50.00%,10.00%,0.00%,0.00%,5.00%,0.00%,0.00%,0.00%,0.00%,5.00%,0.00%,2.00%,0.00%,5.00%,3.00%,0.00%,2.00%,0.00%,0.00%,0.00%,0.00%,0.00%,0.00%,3.00%,5.00%,0.00%,5.00%,5.00%,0.00%,0.00%,0.00%
2025-09-02,50.00%,10.00%,0.00%,0.00%,5.00%,0.00%,0.00%,0.00%,0.00%,5.00%,0.00%,2.00%,0.00%,5.00%,3.00%,0.00%,2.00%,0.00%,0.00%,0.00%,0.00%,0.00%,0.00%,3.00%,5.00%,0.00%,5.00%,5.00%,0.00%,0.00%,0.00%
2025-09-03,50.00%,10.00%,0.00%,0.00%,5.00%,0.00%,0.00%,0.00%,0.00%,5.00%,0.00%,2.00%,0.00%,5.00%,3.00%,0.00%,2.00%,0.00%,0.00%,0.00%,0.00%,0.00%,0.00%,3.00%,5.00%,0.00%,5.00%,5.00%,0.00%,0.00%,0.00%
2025-09-04,50.00%,10.00%,0.00%,0.00%,5.00%,0.00%,0.00%,0.00%,0.00%,5.00%,0.00%,2.00%,0.00%,5.00%,3.00%,0.00%,2.00%,0.00%,0.00%,0.00%,0.00%,0.00%,0.00%,3.00%,5.00%,0.00%,5.00%,5.00%,0.00%,0.00%,0.00%
2025-09-05,50.00%,10.00%,0.00%,0.00%,5.00%,0.00%,0.00%,0.00%,0.00%,5.00%,0.00%,2.00%,0.00%,5.00%,3.00%,0.00%,2.00%,0.00%,0.00%,0.00%,0.00%,0.00%,0.00%,3.00%,5.00%,0.00%,5.00%,5.00%,0.00%,0.00%,0.00%
2025-09-06,50.00%,10.00%,0.00%,0.00%,5.00%,0.00%,0.00%,0.00%,0.00%,5.00%,0.00%,2.00%,0.00%,5.00%,3.00%,0.00%,2.00%,0.00%,0.00%,0.00%,0.00%,0.00%,0.00%,3.00%,5.00%,0.00%,5.00%,5.00%,0.00%,0.00%,0.00%
2025-09-07,50.00%,10.00%,0.00%,0.00%,5.00%,0.00%,0.00%,0.00%,0.00%,5.00%,0.00%,2.00%,0.00%,5.00%,3.00%,0.00%,2.00%,0.00%,0.00%,0.00%,0.00%,0.00%,0.00%,3.00%,5.00%,0.00%,5.00%,5.00%,0.00%,0.00%,0.00%
2025-09-08,50.00%,10.00%,0.00%,0.00%,5.00%,0.00%,0.00%,0.00%,0.00%,5.00%,0.00%,2.00%,0.00%,5.00%,3.00%,0.00%,2.00%,0.00%,0.00%,0.00%,0.00%,0.00%,0.00%,3.00%,5.00%,0.00%,5.00%,5.00%,0.00%,0.00%,0.00%
2025-09-09,50.00%,5.00%,5.00%,0.00%,5.00%,0.00%,0.00%,0.00%,0.00%,5.00%,0.00%,2.00%,0.00%,5.00%,3.00%,0.00%,2.00%,0.00%,0.00%,0.00%,0.00%,0.00%,0.00%,3.00%,5.00%,0.00%,5.00%,5.00%,0.00%,0.00%,0.00%
2025-09-10,50.00%,5.00%,5.00%,0.00%,5.00%,0.00%,0.00%,0.00%,0.00%,5.00%,0.00%,2.00%,0.00%,5.00%,3.00%,0.00%,2.00%,0.00%,0.00%,0.00%,0.00%,0.00%,0.00%,3.00%,5.00%,0.00%,5.00%,5.00%,0.00%,0.00%,0.00%
2025-09-11,50.00%,5.00%,5.00%,0.00%,5.00%,0.00%,0.00%,0.00%,0.00%,5.00%,0.00%,2.00%,0.00%,5.00%,3.00%,0.00%,2.00%,0.00%,0.00%,0.00%,0.00%,0.00%,0.00%,3.00%,5.00%,0.00%,5.00%,5.00%,0.00%,0.00%,0.00%
2025-09-12,50.00%,5.00%,5.00%,0.00%,5.00%,0.00%,0.00%,0.00%,0.00%,5.00%,0.00%,2.00%,0.00%,5.00%,3.00%,0.00%,2.00%,0.00%,0.00%,0.00%,0.00%,0.00%,0.00%,3.00%,5.00%,0.00%,5.00%,5.00%,0.00%,0.00%,0.00%
2025-09-13,50.00%,5.00%,5.00%,0.00%,5.00%,0.00%,0.00%,0.00%,0.00%,5.00%,0.00%,2.00%,0.00%,5.00%,3.00%,0.00%,2.00%,0.00%,0.00%,0.00%,0.00%,0.00%,0.00%,3.00%,5.00%,0.00%,5.00%,5.00%,0.00%,0.00%,0.00%
2025-09-14,50.00%,5.00%,5.00%,0.00%,5.00%,0.00%,0.00%,0.00%,0.00%,5.00%,0.00%,2.00%,0.00%,5.00%,3.00%,0.00%,2.00%,0.00%,0.00%,0.00%,0.00%,0.00%,0.00%,3.00%,5.00%,0.00%,5.00%,5.00%,0.00%,0.00%,0.00%
2025-09-15,50.00%,5.00%,5.00%,0.00%,5.00%,0.00%,0.00%,0.00%,0.00%,5.00%,0.00%,2.00%,0.00%,5.00%,3.00%,0.00%,2.00%,0.00%,0.00%,0.00%,0.00%,0.00%,0.00%,3.00%,5.00%,0.00%,5.00%,5.00%,0.00%,0.00%,0.00%
2025-09-16,50.00%,5.00%,5.00%,0.00%,5.00%,0.00%,0.00%,0.00%,0.00%,5.00%,0.00%,2.00%,0.00%,5.00%,3.00%,0.00%,2.00%,0.00%,0.00%,0.00%,0.00%,0.00%,0.00%,3.00%,5.00%,0.00%,5.00%,5.00%,0.00%,0.00%,0.00%
2025-09-17,50.00%,5.00%,5.00%,0.00%,5.00%,0.00%,0.00%,0.00%,0.00%,5.00%,0.00%,2.00%,0.00%,5.00%,3.00%,0.00%,2.00%,0.00%,0.00%,0.00%,0.00%,0.00%,0.00%,3.00%,5.00%,0.00%,5.00%,5.00%,0.00%,0.00%,0.00%
2025-09-18,50.00%,5.00%,5.00%,0.00%,5.00%,0.00%,0.00%,0.00%,0.00%,5.00%,0.00%,2.00%,0.00%,5.00%,3.00%,0.00%,2.00%,0.00%,0.00%,0.00%,0.00%,0.00%,0.00%,3.00%,5.00%,0.00%,5.00%,5.00%,0.00%,0.00%,0.00%
2025-09-19,50.00%,5.00%,5.00%,0.00%,5.00%,0.00%,0.00%,0.00%,0.00%,5.00%,0.00%,2.00%,0.00%,5.00%,3.00%,0.00%,2.00%,0.00%,0.00%,0.00%,0.00%,0.00%,0.00%,3.00%,5.00%,0.00%,5.00%,5.00%,0.00%,0.00%,0.00%
2025-09-20,50.00%,5.00%,5.00%,0.00%,5.00%,0.00%,0.00%,0.00%,0.00%,5.00%,0.00%,2.00%,0.00%,5.00%,3.00%,0.00%,2.00%,0.00%,0.00%,0.00%,0.00%,0.00%,0.00%,3.00%,5.00%,0.00%,5.00%,5.00%,0.00%,0.00%,0.00%
2025-09-21,50.00%,5.00%,5.00%,0.00%,5.00%,0.00%,0.00%,0.00%,0.00%,5.00%,0.00%,2.00%,0.00%,5.00%,3.00%,0.00%,2.00%,0.00%,0.00%,0.00%,0.00%,0.00%,0.00%,3.00%,5.00%,0.00%,5.00%,5.00%,0.00%,0.00%,0.00%
2025-09-22,50.00%,5.00%,5.00%,0.00%,5.00%,0.00%,0.00%,0.00%,0.00%,5.00%,0.00%,2.00%,0.00%,5.00%,3.00%,0.00%,2.00%,0.00%,0.00%,0.00%,0.00%,0.00%,0.00%,3.00%,5.00%,0.00%,5.00%,5.00%,0.00%,0.00%,0.00%
2025-09-23,50.00%,5.00%,5.00%,0.00%,5.00%,0.00%,0.00%,0.00%,0.00%,5.00%,0.00%,2.00%,0.00%,5.00%,3.00%,0.00%,2.00%,0.00%,0.00%,0.00%,0.00%,0.00%,0.00%,3.00%,10.00%,0.00%,0.00%,5.00%,0.00%,0.00%,0.00%
2025-09-24,50.00%,5.00%,5.00%,0.00%,5.00%,0.00%,0.00%,0.00%,0.00%,5.00%,0.00%,2.00%,0.00%,5.00%,3.00%,0.00%,2.00%,0.00%,0.00%,0.00%,0.00%,0.00%,0.00%,3.00%,10.00%,0.00%,0.00%,5.00%,0.00%,0.00%,0.00%
2025-09-25,50.00%,5.00%,5.00%,0.00%,5.00%,0.00%,0.00%,0.00%,0.00%,5.00%,0.00%,2.00%,0.00%,5.00%,3.00%,0.00%,2.00%,0.00%,0.00%,0.00%,0.00%,0.00%,0.00%,3.00%,10.00%,0.00%,0.00%,5.00%,0.00%,0.00%,0.00%
2025-09-26,50.00%,5.00%,5.00%,0.00%,5.00%,0.00%,0.00%,0.00%,0.00%,5.00%,0.00%,2.00%,0.00%,5.00%,3.00%,0.00%,2.00%,0.00%,0.00%,0.00%,0.00%,0.00%,0.00%,3.00%,10.00%,0.00%,0.00%,5.00%,0.00%,0.00%,0.00%
2025-09-27,50.00%,5.00%,5.00%,0.00%,5.00%,0.00%,0.00%,0.00%,0.00%,5.00%,0.00%,2.00%,0.00%,5.00%,3.00%,0.00%,2.00%,0.00%,0.00%,0.00%,0.00%,0.00%,0.00%,3.00%,10.00%,0.00%,0.00%,5.00%,0.00%,0.00%,0.00%
2025-09-28,50.00%,5.00%,5.00%,0.00%,5.00%,0.00%,0.00%,0.00%,0.00%,5.00%,0.00%,2.00%,0.00%,5.00%,3.00%,0.00%,2.00%,0.00%,0.00%,0.00%,0.00%,0.00%,0.00%,3.00%,10.00%,0.00%,0.00%,5.00%,0.00%,0.00%,0.00%
2025-09-29,50.00%,5.00%,5.00%,0.00%,5.00%,0.00%,0.00%,0.00%,0.00%,5.00%,0.00%,2.00%,0.00%,5.00%,3.00%,0.00%,2.00%,0.00%,0.00%,0.00%,0.00%,0.00%,0.00%,3.00%,10.00%,0.00%,0.00%,5.00%,0.00%,0.00%,0.00%
2025-09-30,50.00%,5.00%,5.00%,0.00%,5.00%,0.00%,0.00%,0.00%,0.00%,5.00%,0.00%,2.00%,0.00%,5.00%,3.00%,0.00%,2.00%,0.00%,0.00%,0.00%,0.00%,0.00%,0.00%,3.00%,10.00%,0.00%,0.00%,5.00%,0.00%,0.00%,0.00%
2025-10-01,50.00%,5.00%,5.00%,0.00%,5.00%,0.00%,0.00%,0.00%,0.00%,5.00%,0.00%,2.00%,0.00%,5.00%,3.00%,0.00%,2.00%,0.00%,0.00%,0.00%,0.00%,0.00%,0.00%,3.00%,10.00%,0.00%,0.00%,5.00%,0.00%,0.00%,0.00%
2025-10-02,50.00%,5.00%,5.00%,0.00%,5.00%,0.00%,0.00%,0.00%,0.00%,5.00%,0.00%,2.00%,0.00%,5.00%,3.00%,0.00%,2.00%,0.00%,0.00%,0.00%,0.00%,0.00%,0.00%,3.00%,10.00%,0.00%,0.00%,5.00%,0.00%,0.00%,0.00%
2025-10-03,50.00%,5.00%,5.00%,0.00%,5.00%,0.00%,0.00%,0.00%,0.00%,5.00%,0.00%,2.00%,0.00%,5.00%,3.00%,0.00%,2.00%,0.00%,0.00%,0.00%,0.00%,0.00%,0.00%,3.00%,10.00%,0.00%,0.00%,5.00%,0.00%,0.00%,0.00%
2025-10-04,50.00%,5.00%,5.00%,0.00%,5.00%,0.00%,0.00%,0.00%,0.00%,5.00%,0.00%,2.00%,0.00%,5.00%,3.00%,0.00%,2.00%,0.00%,0.00%,0.00%,0.00%,0.00%,0.00%,3.00%,10.00%,0.00%,0.00%,5.00%,0.00%,0.00%,0.00%
2025-10-05,50.00%,5.00%,5.00%,0.00%,5.00%,0.00%,0.00%,0.00%,0.00%,5.00%,0.00%,2.00%,0.00%,5.00%,3.00%,0.00%,2.00%,0.00%,0.00%,0.00%,0.00%,0.00%,0.00%,3.00%,10.00%,0.00%,0.00%,5.00%,0.00%,0.00%,0.00%
2025-10-06,50.00%,5.00%,5.00%,0.00%,5.00%,0.00%,0.00%,0.00%,0.00%,5.00%,0.00%,2.00%,0.00%,5.00%,3.00%,0.00%,2.00%,0.00%,0.00%,0.00%,0.00%,0.00%,0.00%,3.00%,10.00%,0.00%,0.00%,5.00%,0.00%,0.00%,0.00%
2025-10-07,50.00%,5.00%,5.00%,0.00%,5.00%,0.00%,0.00%,0.00%,0.00%,5.00%,0.00%,2.00%,0.00%,5.00%,3.00%,0.00%,2.00%,0.00%,0.00%,0.00%,0.00%,0.00%,0.00%,3.00%,10.00%,0.00%,0.00%,5.00%,0.00%,0.00%,0.00%
2025-10-08,50.00%,5.00%,5.00%,0.00%,5.00%,0.00%,0.00%,0.00%,0.00%,5.00%,0.00%,2.00%,0.00%,5.00%,3.00%,0.00%,2.00%,0.00%,0.00%,0.00%,0.00%,0.00%,0.00%,3.00%,10.00%,0.00%,0.00%,5.00%,0.00%,0.00%,0.00%
2025-10-09,50.00%,5.00%,5.00%,0.00%,5.00%,0.00%,0.00%,0.00%,0.00%,5.00%,0.00%,2.00%,0.00%,5.00%,3.00%,0.00%,2.00%,0.00%,0.00%,0.00%,0.00%,0.00%,0.00%,3.00%,10.00%,0.00%,0.00%,5.00%,0.00%,0.00%,0.00%
2025-10-10,50.00%,5.00%,5.00%,0.00%,5.00%,0.00%,0.00%,0.00%,0.00%,5.00%,0.00%,2.00%,0.00%,5.00%,3.00%,0.00%,2.00%,0.00%,0.00%,0.00%,0.00%,0.00%,0.00%,3.00%,10.00%,0.00%,0.00%,5.00%,0.00%,0.00%,0.00%
2025-10-11,50.00%,5.00%,5.00%,0.00%,5.00%,0.00%,0.00%,0.00%,0.00%,5.00%,0.00%,2.00%,0.00%,5.00%,3.00%,0.00%,2.00%,0.00%,0.00%,0.00%,0.00%,0.00%,0.00%,3.00%,10.00%,0.00%,0.00%,5.00%,0.00%,0.00%,0.00%
2025-10-12,50.00%,5.00%,5.00%,0.00%,5.00%,0.00%,0.00%,0.00%,0.00%,5.00%,0.00%,2.00%,0.00%,5.00%,3.00%,0.00%,2.00%,0.00%,0.00%,0.00%,0.00%,0.00%,0.00%,3.00%,10.00%,0.00%,0.00%,5.00%,0.00%,0.00%,0.00%
2025-10-13,50.00%,5.00%,5.00%,0.00%,5.00%,0.00%,0.00%,0.00%,0.00%,5.00%,0.00%,2.00%,0.00%,5.00%,3.00%,0.00%,2.00%,0.00%,0.00%,0.00%,0.00%,0.00%,0.00%,3.00%,10.00%,0.00%,0.00%,5.00%,0.00%,0.00%,0.00%
2025-10-14,50.00%,5.00%,5.00%,0.00%,5.00%,0.00%,0.00%,0.00%,0.00%,5.00%,0.00%,2.00%,0.00%,5.00%,3.00%,0.00%,2.00%,0.00%,0.00%,0.00%,0.00%,0.00%,0.00%,3.00%,10.00%,0.00%,0.00%,5.00%,0.00%,0.00%,0.00%
2025-10-15,50.00%,5.00%,5.00%,0.00%,5.00%,0.00%,0.00%,0.00%,0.00%,5.00%,0.00%,2.00%,0.00%,5.00%,3.00%,0.00%,2.00%,0.00%,0.00%,0.00%,0.00%,0.00%,0.00%,3.00%,10.00%,0.00%,0.00%,5.00%,0.00%,0.00%,0.00%
2025-10-16,50.00%,5.00%,5.00%,0.00%,5.00%,0.00%,0.00%,0.00%,0.00%,5.00%,0.00%,2.00%,0.00%,5.00%,3.00%,0.00%,2.00%,0.00%,0.00%,0.00%,0.00%,0.00%,0.00%,3.00%,10.00%,0.00%,0.00%,5.00%,0.00%,0.00%,0.00%
2025-10-17,50.00%,5.00%,5.00%,0.00%,5.00%,0.00%,0.00%,0.00%,0.00%,5.00%,0.00%,2.00%,0.00%,5.00%,3.00%,0.00%,2.00%,0.00%,0.00%,0.00%,0.00%,0.00%,0.00%,3.00%,10.00%,0.00%,0.00%,5.00%,0.00%,0.00%,0.00%
2025-10-18,50.00%,5.00%,5.00%,0.00%,5.00%,0.00%,0.00%,0.00%,0.00%,5.00%,0.00%,2.00%,0.00%,5.00%,3.00%,0.00%,2.00%,0.00%,0.00%,0.00%,0.00%,0.00%,0.00%,3.00%,10.00%,0.00%,0.00%,5.00%,0.00%,0.00%,0.00%
2025-10-19,50.00%,5.00%,5.00%,0.00%,5.00%,0.00%,0.00%,0.00%,0.00%,5.00%,0.00%,2.00%,0.00%,5.00%,3.00%,0.00%,2.00%,0.00%,0.00%,0.00%,0.00%,0.00%,0.00%,3.00%,10.00%,0.00%,0.00%,5.00%,0.00%,0.00%,0.00%
2025-10-20,50.00%,5.00%,5.00%,0.00%,5.00%,0.00%,0.00%,0.00%,0.00%,5.00%,0.00%,2.00%,0.00%,5.00%,3.00%,0.00%,2.00%,0.00%,0.00%,0.00%,0.00%,0.00%,0.00%,3.00%,10.00%,0.00%,0.00%,5.00%,0.00%,0.00%,0.00%
2025-10-21,50.00%,5.00%,5.00%,0.00%,5.00%,0.00%,0.00%,0.00%,0.00%,5.00%,0.00%,2.00%,0.00%,5.00%,3.00%,0.00%,2.00%,0.00%,0.00%,0.00%,0.00%,0.00%,0.00%,3.00%,10.00%,0.00%,0.00%,5.00%,0.00%,0.00%,0.00%
2025-10-22,50.00%,5.00%,5.00%,0.00%,5.00%,0.00%,0.00%,0.00%,0.00%,5.00%,0.00%,2.00%,0.00%,5.00%,3.00%,0.00%,2.00%,0.00%,0.00%,0.00%,0.00%,0.00%,0.00%,3.00%,10.00%,0.00%,0.00%,5.00%,0.00%,0.00%,0.00%
2025-10-23,50.00%,5.00%,5.00%,0.00%,5.00%,0.00%,0.00%,0.00%,0.00%,5.00%,0.00%,2.00%,0.00%,5.00%,3.00%,0.00%,2.00%,0.00%,0.00%,0.00%,0.00%,0.00%,0.00%,3.00%,10.00%,0.00%,0.00%,5.00%,0.00%,0.00%,0.00%
2025-10-24,50.00%,5.00%,5.00%,0.00%,5.00%,0.00%,0.00%,0.00%,0.00%,5.00%,0.00%,2.00%,0.00%,5.00%,3.00%,0.00%,2.00%,0.00%,0.00%,0.00%,0.00%,0.00%,0.00%,3.00%,10.00%,0.00%,0.00%,5.00%,0.00%,0.00%,0.00%
2025-10-25,50.00%,5.00%,5.00%,0.00%,5.00%,0.00%,0.00%,0.00%,0.00%,5.00%,0.00%,2.00%,0.00%,5.00%,3.00%,0.00%,2.00%,0.00%,0.00%,0.00%,0.00%,0.00%,0.00%,3.00%,10.00%,0.00%,0.00%,5.00%,0.00%,0.00%,0.00%
2025-10-26,50.00%,5.00%,5.00%,0.00%,5.00%,0.00%,0.00%,0.00%,0.00%,5.00%,0.00%,2.00%,0.00%,5.00%,3.00%,0.00%,2.00%,0.00%,0.00%,0.00%,0.00%,0.00%,0.00%,3.00%,10.00%,0.00%,0.00%,5.00%,0.00%,0.00%,0.00%
2025-10-27,50.00%,5.00%,5.00%,0.00%,5.00%,0.00%,0.00%,0.00%,0.00%,5.00%,0.00%,2.00%,0.00%,5.00%,3.00%,0.00%,2.00%,0.00%,0.00%,0.00%,0.00%,0.00%,0.00%,3.00%,10.00%,0.00%,0.00%,5.00%,0.00%,0.00%,0.00%
2025-10-28,50.00%,5.00%,5.00%,0.00%,5.00%,0.00%,0.00%,0.00%,0.00%,5.00%,0.00%,2.00%,0.00%,5.00%,3.00%,0.00%,2.00%,0.00%,0.00%,0.00%,0.00%,0.00%,0.00%,3.00%,10.00%,0.00%,0.00%,5.00%,0.00%,0.00%,0.00%
2025-10-29,50.00%,5.00%,5.00%,0.00%,5.00%,0.00%,0.00%,0.00%,0.00%,5.00%,0.00%,2.00%,0.00%,5.00%,3.00%,0.00%,2.00%,0.00%,0.00%,0.00%,0.00%,0.00%,0.00%,3.00%,10.00%,0.00%,0.00%,5.00%,0.00%,0.00%,0.00%
2025-10-30,50.00%,5.00%,5.00%,0.00%,5.00%,0.00%,0.00%,0.00%,0.00%,5.00%,0.00%,2.00%,0.00%,5.00%,3.00%,0.00%,2.00%,0.00%,0.00%,0.00%,0.00%,0.00%,0.00%,3.00%,10.00%,0.00%,0.00%,5.00%,0.00%,0.00%,0.00%
2025-10-31,50.00%,5.00%,5.00%,0.00%,5.00%,0.00%,0.00%,0.00%,0.00%,5.00%,0.00%,2.00%,0.00%,5.00%,3.00%,0.00%,2.00%,0.00%,0.00%,0.00%,0.00%,0.00%,0.00%,3.00%,10.00%,0.00%,0.00%,5.00%,0.00%,0.00%,0.00%
2025-11-01,50.00%,5.00%,5.00%,0.00%,5.00%,0.00%,0.00%,0.00%,0.00%,5.00%,0.00%,2.00%,0.00%,5.00%,3.00%,0.00%,2.00%,0.00%,0.00%,0.00%,0.00%,0.00%,0.00%,3.00%,10.00%,0.00%,0.00%,5.00%,0.00%,0.00%,0.00%
2025-11-02,50.00%,5.00%,5.00%,0.00%,5.00%,0.00%,0.00%,0.00%,0.00%,5.00%,0.00%,2.00%,0.00%,5.00%,3.00%,0.00%,2.00%,0.00%,0.00%,0.00%,0.00%,0.00%,0.00%,3.00%,10.00%,0.00%,0.00%,5.00%,0.00%,0.00%,0.00%
2025-11-03,60.00%,5.00%,5.00%,0.00%,0.00%,0.00%,0.00%,0.00%,0.00%,0.00%,0.00%,2.00%,0.00%,5.00%,3.00%,0.00%,2.00%,10.00%,0.00%,0.00%,0.00%,0.00%,0.00%,3.00%,5.00%,0.00%,0.00%,0.00%,0.00%,0.00%,0.00%
2025-11-04,60.00%,5.00%,5.00%,0.00%,0.00%,0.00%,0.00%,0.00%,0.00%,0.00%,0.00%,2.00%,0.00%,5.00%,3.00%,0.00%,2.00%,10.00%,0.00%,0.00%,0.00%,0.00%,0.00%,3.00%,5.00%,0.00%,0.00%,0.00%,0.00%,0.00%,0.00%
2025-11-05,60.00%,5.00%,5.00%,0.00%,0.00%,0.00%,0.00%,0.00%,0.00%,0.00%,0.00%,2.00%,0.00%,5.00%,3.00%,0.00%,2.00%,10.00%,0.00%,0.00%,0.00%,0.00%,0.00%,3.00%,5.00%,0.00%,0.00%,0.00%,0.00%,0.00%,0.00%
2025-11-06,60.00%,5.00%,5.00%,0.00%,0.00%,0.00%,0.00%,0.00%,0.00%,0.00%,0.00%,2.00%,0.00%,5.00%,3.00%,0.00%,2.00%,10.00%,0.00%,0.00%,0.00%,0.00%,0.00%,3.00%,5.00%,0.00%,0.00%,0.00%,0.00%,0.00%,0.00%
2025-11-07,60.00%,5.00%,5.00%,0.00%,0.00%,0.00%,0.00%,0.00%,0.00%,0.00%,0.00%,2.00%,0.00%,5.00%,3.00%,0.00%,2.00%,10.00%,0.00%,0.00%,0.00%,0.00%,0.00%,3.00%,5.00%,0.00%,0.00%,0.00%,0.00%,0.00%,0.00%
2025-11-08,60.00%,5.00%,5.00%,0.00%,0.00%,0.00%,0.00%,0.00%,0.00%,0.00%,0.00%,2.00%,0.00%,5.00%,3.00%,0.00%,2.00%,10.00%,0.00%,0.00%,0.00%,0.00%,0.00%,3.00%,5.00%,0.00%,0.00%,0.00%,0.00%,0.00%,0.00%
2025-11-09,60.00%,5.00%,5.00%,0.00%,0.00%,0.00%,0.00%,0.00%,0.00%,0.00%,0.00%,2.00%,0.00%,5.00%,3.00%,0.00%,2.00%,10.00%,0.00%,0.00%,0.00%,0.00%,0.00%,3.00%,5.00%,0.00%,0.00%,0.00%,0.00%,0.00%,0.00%
2025-11-10,60.00%,5.00%,5.00%,0.00%,0.00%,0.00%,0.00%,0.00%,0.00%,0.00%,0.00%,2.00%,0.00%,5.00%,3.00%,0.00%,2.00%,10.00%,0.00%,0.00%,0.00%,0.00%,0.00%,3.00%,5.00%,0.00%,0.00%,0.00%,0.00%,0.00%,0.00%
2025-11-11,60.00%,5.00%,5.00%,0.00%,0.00%,0.00%,0.00%,0.00%,0.00%,0.00%,0.00%,2.00%,0.00%,5.00%,3.00%,0.00%,2.00%,10.00%,0.00%,0.00%,0.00%,0.00%,0.00%,3.00%,5.00%,0.00%,0.00%,0.00%,0.00%,0.00%,0.00%
2025-11-12,60.00%,5.00%,5.00%,0.00%,0.00%,0.00%,0.00%,0.00%,0.00%,0.00%,0.00%,2.00%,0.00%,5.00%,3.00%,0.00%,2.00%,10.00%,0.00%,0.00%,0.00%,0.00%,0.00%,3.00%,5.00%,0.00%,0.00%,0.00%,0.00%,0.00%,0.00%
2025-11-13,60.00%,5.00%,5.00%,0.00%,0.00%,0.00%,0.00%,0.00%,0.00%,0.00%,0.00%,2.00%,0.00%,5.00%,3.00%,0.00%,2.00%,10.00%,0.00%,0.00%,0.00%,0.00%,0.00%,3.00%,5.00%,0.00%,0.00%,0.00%,0.00%,0.00%,0.00%
2025-11-14,60.00%,5.00%,5.00%,0.00%,0.00%,0.00%,0.00%,0.00%,0.00%,0.00%,0.00%,2.00%,0.00%,5.00%,3.00%,0.00%,2.00%,10.00%,0.00%,0.00%,0.00%,0.00%,0.00%,3.00%,5.00%,0.00%,0.00%,0.00%,0.00%,0.00%,0.00%
2025-11-15,60.00%,5.00%,5.00%,0.00%,0.00%,0.00%,0.00%,0.00%,0.00%,0.00%,0.00%,2.00%,0.00%,5.00%,3.00%,0.00%,2.00%,10.00%,0.00%,0.00%,0.00%,0.00%,0.00%,3.00%,5.00%,0.00%,0.00%,0.00%,0.00%,0.00%,0.00%
2025-11-16,60.00%,5.00%,5.00%,0.00%,0.00%,0.00%,0.00%,0.00%,0.00%,0.00%,0.00%,2.00%,0.00%,5.00%,3.00%,0.00%,2.00%,10.00%,0.00%,0.00%,0.00%,0.00%,0.00%,3.00%,5.00%,0.00%,0.00%,0.00%,0.00%,0.00%,0.00%
2025-11-17,60.00%,5.00%,5.00%,0.00%,0.00%,0.00%,0.00%,0.00%,0.00%,0.00%,0.00%,2.00%,0.00%,5.00%,3.00%,0.00%,2.00%,10.00%,0.00%,0.00%,0.00%,0.00%,0.00%,3.00%,5.00%,0.00%,0.00%,0.00%,0.00%,0.00%,0.00%
2025-11-18,60.00%,5.00%,5.00%,0.00%,0.00%,0.00%,0.00%,0.00%,0.00%,0.00%,0.00%,1.00%,0.00%,0.00%,3.00%,0.00%,1.00%,10.00%,0.00%,0.00%,0.00%,0.00%,0.00%,0.00%,5.00%,0.00%,0.00%,0.00%,0.00%,5.00%,5.00%
2025-11-19,60.00%,5.00%,5.00%,0.00%,0.00%,0.00%,0.00%,0.00%,0.00%,0.00%,0.00%,1.00%,0.00%,0.00%,3.00%,0.00%,1.00%,10.00%,0.00%,0.00%,0.00%,0.00%,0.00%,0.00%,5.00%,0.00%,0.00%,0.00%,0.00%,5.00%,5.00%
2025-11-20,60.00%,5.00%,5.00%,0.00%,0.00%,0.00%,0.00%,0.00%,0.00%,0.00%,0.00%,1.00%,0.00%,0.00%,3.00%,0.00%,1.00%,10.00%,0.00%,0.00%,0.00%,0.00%,0.00%,0.00%,5.00%,0.00%,0.00%,0.00%,0.00%,5.00%,5.00%
2025-11-21,60.00%,5.00%,5.00%,0.00%,0.00%,0.00%,0.00%,0.00%,0.00%,0.00%,0.00%,1.00%,0.00%,0.00%,3.00%,0.00%,1.00%,10.00%,0.00%,0.00%,0.00%,0.00%,0.00%,0.00%,5.00%,0.00%,0.00%,0.00%,0.00%,5.00%,5.00%
2025-11-22,60.00%,5.00%,5.00%,0.00%,0.00%,0.00%,0.00%,0.00%,0.00%,0.00%,0.00%,1.00%,0.00%,0.00%,3.00%,0.00%,1.00%,10.00%,0.00%,0.00%,0.00%,0.00%,0.00%,0.00%,5.00%,0.00%,0.00%,0.00%,0.00%,5.00%,5.00%
2025-11-23,60.00%,5.00%,5.00%,0.00%,0.00%,0.00%,0.00%,0.00%,0.00%,0.00%,0.00%,1.00%,0.00%,0.00%,3.00%,0.00%,1.00%,10.00%,0.00%,0.00%,0.00%,0.00%,0.00%,0.00%,5.00%,0.00%,0.00%,0.00%,0.00%,5.00%,5.00%
2025-11-24,60.00%,5.00%,5.00%,0.00%,0.00%,0.00%,0.00%,0.00%,0.00%,0.00%,0.00%,1.00%,0.00%,0.00%,3.00%,0.00%,1.00%,10.00%,0.00%,0.00%,0.00%,0.00%,0.00%,0.00%,5.00%,0.00%,0.00%,0.00%,0.00%,5.00%,5.00%
2025-11-25,60.00%,5.00%,5.00%,0.00%,0.00%,0.00%,0.00%,0.00%,0.00%,0.00%,0.00%,1.00%,0.00%,0.00%,3.00%,0.00%,1.00%,10.00%,0.00%,0.00%,0.00%,0.00%,0.00%,0.00%,5.00%,0.00%,0.00%,0.00%,0.00%,5.00%,5.00%
2025-11-26,60.00%,5.00%,5.00%,0.00%,0.00%,0.00%,0.00%,0.00%,0.00%,0.00%,0.00%,1.00%,0.00%,0.00%,3.00%,0.00%,1.00%,10.00%,0.00%,0.00%,0.00%,0.00%,0.00%,0.00%,5.00%,0.00%,0.00%,0.00%,0.00%,5.00%,5.00%
2025-11-27,60.00%,5.00%,5.00%,0.00%,0.00%,0.00%,0.00%,0.00%,0.00%,0.00%,0.00%,1.00%,0.00%,0.00%,3.00%,0.00%,1.00%,10.00%,0.00%,0.00%,0.00%,0.00%,0.00%,0.00%,5.00%,0.00%,0.00%,0.00%,0.00%,5.00%,5.00%
2025-11-28,60.00%,5.00%,5.00%,0.00%,0.00%,0.00%,0.00%,0.00%,0.00%,0.00%,0.00%,1.00%,0.00%,0.00%,3.00%,0.00%,1.00%,10.00%,0.00%,0.00%,0.00%,0.00%,0.00%,0.00%,5.00%,0.00%,0.00%,0.00%,0.00%,5.00%,5.00%
2025-11-29,60.00%,5.00%,5.00%,0.00%,0.00%,0.00%,0.00%,0.00%,0.00%,0.00%,0.00%,1.00%,0.00%,0.00%,3.00%,0.00%,1.00%,10.00%,0.00%,0.00%,0.00%,0.00%,0.00%,0.00%,5.00%,0.00%,0.00%,0.00%,0.00%,5.00%,5.00%
2025-11-30,60.00%,5.00%,5.00%,0.00%,0.00%,0.00%,0.00%,0.00%,0.00%,0.00%,0.00%,1.00%,0.00%,0.00%,3.00%,0.00%,1.00%,10.00%,0.00%,0.00%,0.00%,0.00%,0.00%,0.00%,5.00%,0.00%,0.00%,0.00%,0.00%,5.00%,5.00%
2025-12-01,60.00%,5.00%,5.00%,0.00%,0.00%,0.00%,0.00%,0.00%,0.00%,0.00%,0.00%,1.00%,0.00%,0.00%,3.00%,0.00%,1.00%,10.00%,0.00%,0.00%,0.00%,0.00%,0.00%,0.00%,5.00%,0.00%,0.00%,0.00%,0.00%,5.00%,5.00%
2025-12-02,60.00%,5.00%,5.00%,0.00%,0.00%,0.00%,0.00%,0.00%,0.00%,0.00%,0.00%,1.00%,0.00%,0.00%,3.00%,0.00%,1.00%,10.00%,0.00%,0.00%,0.00%,0.00%,0.00%,0.00%,5.00%,0.00%,0.00%,0.00%,0.00%,5.00%,5.00%
2025-12-03,60.00%,5.00%,5.00%,0.00%,0.00%,0.00%,0.00%,0.00%,0.00%,0.00%,0.00%,1.00%,0.00%,0.00%,3.00%,0.00%,1.00%,10.00%,0.00%,0.00%,0.00%,0.00%,0.00%,0.00%,5.00%,0.00%,0.00%,0.00%,0.00%,5.00%,5.00%
2025-12-04,60.00%,5.00%,5.00%,0.00%,0.00%,0.00%,0.00%,0.00%,0.00%,0.00%,0.00%,1.00%,0.00%,0.00%,3.00%,0.00%,1.00%,10.00%,0.00%,0.00%,0.00%,0.00%,0.00%,0.00%,5.00%,0.00%,0.00%,0.00%,0.00%,5.00%,5.00%
2025-12-05,60.00%,5.00%,5.00%,0.00%,0.00%,0.00%,0.00%,0.00%,0.00%,0.00%,0.00%,1.00%,0.00%,0.00%,3.00%,0.00%,1.00%,10.00%,0.00%,0.00%,0.00%,0.00%,0.00%,0.00%,5.00%,0.00%,0.00%,0.00%,0.00%,5.00%,5.00%
2025-12-06,60.00%,5.00%,5.00%,0.00%,0.00%,0.00%,0.00%,0.00%,0.00%,0.00%,0.00%,1.00%,0.00%,0.00%,3.00%,0.00%,1.00%,10.00%,0.00%,0.00%,0.00%,0.00%,0.00%,0.00%,5.00%,0.00%,0.00%,0.00%,0.00%,5.00%,5.00%
2025-12-07,60.00%,5.00%,5.00%,0.00%,0.00%,0.00%,0.00%,0.00%,0.00%,0.00%,0.00%,1.00%,0.00%,0.00%,3.00%,0.00%,1.00%,10.00%,0.00%,0.00%,0.00%,0.00%,0.00%,0.00%,5.00%,0.00%,0.00%,0.00%,0.00%,5.00%,5.00%
2025-12-08,65.00%,5.00%,5.00%,0.00%,0.00%,0.00%,0.00%,0.00%,0.00%,0.00%,0.00%,1.00%,0.00%,0.00%,3.00%,0.00%,1.00%,10.00%,0.00%,0.00%,0.00%,0.00%,0.00%,0.00%,5.00%,0.00%,0.00%,0.00%,0.00%,0.00%,5.00%
2025-12-09,65.00%,5.00%,5.00%,0.00%,0.00%,0.00%,0.00%,0.00%,0.00%,0.00%,0.00%,1.00%,0.00%,0.00%,3.00%,0.00%,1.00%,10.00%,0.00%,0.00%,0.00%,0.00%,0.00%,0.00%,5.00%,0.00%,0.00%,0.00%,0.00%,0.00%,5.00%
2025-12-10,65.00%,5.00%,5.00%,0.00%,0.00%,0.00%,0.00%,0.00%,0.00%,0.00%,0.00%,1.00%,0.00%,0.00%,3.00%,0.00%,1.00%,10.00%,0.00%,0.00%,0.00%,0.00%,0.00%,0.00%,5.00%,0.00%,0.00%,0.00%,0.00%,0.00%,5.00%
2025-12-11,65.00%,5.00%,5.00%,0.00%,0.00%,0.00%,0.00%,0.00%,0.00%,0.00%,0.00%,1.00%,0.00%,0.00%,3.00%,0.00%,1.00%,10.00%,0.00%,0.00%,0.00%,0.00%,0.00%,0.00%,5.00%,0.00%,0.00%,0.00%,0.00%,0.00%,5.00%
2025-12-12,65.00%,5.00%,5.00%,0.00%,0.00%,0.00%,0.00%,0.00%,0.00%,0.00%,0.00%,1.00%,0.00%,0.00%,3.00%,0.00%,1.00%,10.00%,0.00%,0.00%,0.00%,0.00%,0.00%,0.00%,5.00%,0.00%,0.00%,0.00%,0.00%,0.00%,5.00%
2025-12-13,65.00%,5.00%,5.00%,0.00%,0.00%,0.00%,0.00%,0.00%,0.00%,0.00%,0.00%,1.00%,0.00%,0.00%,3.00%,0.00%,1.00%,10.00%,0.00%,0.00%,0.00%,0.00%,0.00%,0.00%,5.00%,0.00%,0.00%,0.00%,0.00%,0.00%,5.00%
2025-12-14,65.00%,5.00%,5.00%,0.00%,0.00%,0.00%,0.00%,0.00%,0.00%,0.00%,0.00%,1.00%,0.00%,0.00%,3.00%,0.00%,1.00%,10.00%,0.00%,0.00%,0.00%,0.00%,0.00%,0.00%,5.00%,0.00%,0.00%,0.00%,0.00%,0.00%,5.00%
2025-12-15,65.00%,5.00%,5.00%,0.00%,0.00%,0.00%,0.00%,0.00%,0.00%,0.00%,0.00%,1.00%,0.00%,0.00%,3.00%,0.00%,1.00%,10.00%,0.00%,0.00%,0.00%,0.00%,0.00%,0.00%,5.00%,0.00%,0.00%,0.00%,0.00%,0.00%,5.00%
2025-12-16,65.00%,5.00%,5.00%,0.00%,0.00%,0.00%,0.00%,0.00%,0.00%,0.00%,0.00%,1.00%,0.00%,0.00%,3.00%,0.00%,1.00%,10.00%,0.00%,0.00%,0.00%,0.00%,0.00%,0.00%,5.00%,0.00%,0.00%,0.00%,0.00%,0.00%,5.00%
2025-12-17,65.00%,5.00%,5.00%,0.00%,0.00%,0.00%,0.00%,0.00%,0.00%,0.00%,0.00%,1.00%,0.00%,0.00%,3.00%,0.00%,1.00%,10.00%,0.00%,0.00%,0.00%,0.00%,0.00%,0.00%,5.00%,0.00%,0.00%,0.00%,0.00%,0.00%,5.00%
2025-12-18,65.00%,5.00%,5.00%,0.00%,0.00%,0.00%,0.00%,0.00%,0.00%,0.00%,0.00%,1.00%,0.00%,0.00%,3.00%,0.00%,1.00%,10.00%,0.00%,0.00%,0.00%,0.00%,0.00%,0.00%,5.00%,0.00%,0.00%,0.00%,0.00%,0.00%,5.00%
2025-12-19,65.00%,5.00%,5.00%,0.00%,0.00%,0.00%,0.00%,0.00%,0.00%,0.00%,0.00%,1.00%,0.00%,0.00%,3.00%,0.00%,1.00%,10.00%,0.00%,0.00%,0.00%,0.00%,0.00%,0.00%,5.00%,0.00%,0.00%,0.00%,0.00%,0.00%,5.00%
2025-12-20,65.00%,5.00%,5.00%,0.00%,0.00%,0.00%,0.00%,0.00%,0.00%,0.00%,0.00%,1.00%,0.00%,0.00%,3.00%,0.00%,1.00%,10.00%,0.00%,0.00%,0.00%,0.00%,0.00%,0.00%,5.00%,0.00%,0.00%,0.00%,0.00%,0.00%,5.00%
2025-12-21,65.00%,5.00%,5.00%,0.00%,0.00%,0.00%,0.00%,0.00%,0.00%,0.00%,0.00%,1.00%,0.00%,0.00%,3.00%,0.00%,1.00%,10.00%,0.00%,0.00%,0.00%,0.00%,0.00%,0.00%,5.00%,0.00%,0.00%,0.00%,0.00%,0.00%,5.00%
2025-12-22,65.00%,5.00%,5.00%,0.00%,0.00%,0.00%,0.00%,0.00%,0.00%,0.00%,0.00%,1.00%,0.00%,0.00%,3.00%,0.00%,1.00%,10.00%,0.00%,0.00%,0.00%,0.00%,0.00%,0.00%,5.00%,0.00%,0.00%,0.00%,0.00%,0.00%,5.00%
2025-12-23,65.00%,5.00%,5.00%,0.00%,0.00%,0.00%,0.00%,0.00%,0.00%,0.00%,0.00%,1.00%,0.00%,0.00%,3.00%,0.00%,1.00%,10.00%,0.00%,0.00%,0.00%,0.00%,0.00%,0.00%,5.00%,0.00%,0.00%,0.00%,0.00%,0.00%,5.00%
2025-12-24,65.00%,5.00%,5.00%,0.00%,0.00%,0.00%,0.00%,0.00%,0.00%,0.00%,0.00%,1.00%,0.00%,0.00%,3.00%,0.00%,1.00%,10.00%,0.00%,0.00%,0.00%,0.00%,0.00%,0.00%,5.00%,0.00%,0.00%,0.00%,0.00%,0.00%,5.00%
2025-12-25,65.00%,5.00%,5.00%,0.00%,0.00%,0.00%,0.00%,0.00%,0.00%,0.00%,0.00%,1.00%,0.00%,0.00%,3.00%,0.00%,1.00%,10.00%,0.00%,0.00%,0.00%,0.00%,0.00%,0.00%,5.00%,0.00%,0.00%,0.00%,0.00%,0.00%,5.00%
2025-12-26,65.00%,5.00%,5.00%,0.00%,0.00%,0.00%,0.00%,0.00%,0.00%,0.00%,0.00%,1.00%,0.00%,0.00%,3.00%,0.00%,1.00%,10.00%,0.00%,0.00%,0.00%,0.00%,0.00%,0.00%,5.00%,0.00%,0.00%,0.00%,0.00%,0.00%,5.00%
2025-12-27,65.00%,5.00%,5.00%,0.00%,0.00%,0.00%,0.00%,0.00%,0.00%,0.00%,0.00%,1.00%,0.00%,0.00%,3.00%,0.00%,1.00%,10.00%,0.00%,0.00%,0.00%,0.00%,0.00%,0.00%,5.00%,0.00%,0.00%,0.00%,0.00%,0.00%,5.00%
2025-12-28,65.00%,5.00%,5.00%,0.00%,0.00%,0.00%,0.00%,0.00%,0.00%,0.00%,0.00%,1.00%,0.00%,0.00%,3.00%,0.00%,1.00%,10.00%,0.00%,0.00%,0.00%,0.00%,0.00%,0.00%,5.00%,0.00%,0.00%,0.00%,0.00%,0.00%,5.00%
2025-12-29,65.00%,5.00%,5.00%,0.00%,0.00%,0.00%,0.00%,0.00%,0.00%,0.00%,0.00%,1.00%,0.00%,0.00%,3.00%,0.00%,1.00%,10.00%,0.00%,0.00%,0.00%,0.00%,0.00%,0.00%,5.00%,0.00%,0.00%,0.00%,0.00%,0.00%,5.00%
2025-12-30,65.00%,5.00%,5.00%,0.00%,0.00%,0.00%,0.00%,0.00%,0.00%,0.00%,0.00%,1.00%,0.00%,0.00%,3.00%,0.00%,1.00%,10.00%,0.00%,0.00%,0.00%,0.00%,0.00%,0.00%,5.00%,0.00%,0.00%,0.00%,0.00%,0.00%,5.00%
2025-12-31,65.00%,5.00%,5.00%,0.00%,0.00%,0.00%,0.00%,0.00%,0.00%,0.00%,0.00%,1.00%,0.00%,0.00%,3.00%,0.00%,1.00%,10.00%,0.00%,0.00%,0.00%,0.00%,0.00%,0.00%,5.00%,0.00%,0.00%,0.00%,0.00%,0.00%,5.00%
2026-01-01,65.00%,5.00%,5.00%,0.00%,0.00%,0.00%,0.00%,0.00%,0.00%,0.00%,0.00%,1.00%,0.00%,0.00%,3.00%,0.00%,1.00%,10.00%,0.00%,0.00%,0.00%,0.00%,0.00%,0.00%,5.00%,0.00%,0.00%,0.00%,0.00%,0.00%,5.00%
2026-01-02,65.00%,5.00%,5.00%,0.00%,0.00%,0.00%,0.00%,0.00%,0.00%,0.00%,0.00%,1.00%,0.00%,0.00%,3.00%,0.00%,1.00%,10.00%,0.00%,0.00%,0.00%,0.00%,0.00%,0.00%,5.00%,0.00%,0.00%,0.00%,0.00%,0.00%,5.00%
2026-01-03,65.00%,5.00%,5.00%,0.00%,0.00%,0.00%,0.00%,0.00%,0.00%,0.00%,0.00%,1.00%,0.00%,0.00%,3.00%,0.00%,1.00%,10.00%,0.00%,0.00%,0.00%,0.00%,0.00%,0.00%,5.00%,0.00%,0.00%,0.00%,0.00%,0.00%,5.00%
2026-01-04,65.00%,5.00%,5.00%,0.00%,0.00%,0.00%,0.00%,0.00%,0.00%,0.00%,0.00%,1.00%,0.00%,0.00%,3.00%,0.00%,1.00%,10.00%,0.00%,0.00%,0.00%,0.00%,0.00%,0.00%,5.00%,0.00%,0.00%,0.00%,0.00%,0.00%,5.00%
2026-01-05,65.00%,5.00%,5.00%,0.00%,0.00%,0.00%,0.00%,0.00%,0.00%,0.00%,0.00%,1.00%,0.00%,0.00%,3.00%,0.00%,1.00%,10.00%,0.00%,0.00%,0.00%,0.00%,0.00%,0.00%,5.00%,0.00%,0.00%,0.00%,0.00%,0.00%,5.00%
2026-01-06,65.00%,5.00%,5.00%,0.00%,0.00%,0.00%,0.00%,0.00%,0.00%,0.00%,0.00%,1.00%,0.00%,0.00%,3.00%,0.00%,1.00%,10.00%,0.00%,0.00%,0.00%,0.00%,0.00%,0.00%,5.00%,0.00%,0.00%,0.00%,0.00%,0.00%,5.00%
2026-01-07,65.00%,5.00%,5.00%,0.00%,0.00%,0.00%,0.00%,0.00%,0.00%,0.00%,0.00%,1.00%,0.00%,0.00%,3.00%,0.00%,1.00%,10.00%,0.00%,0.00%,0.00%,0.00%,0.00%,0.00%,5.00%,0.00%,0.00%,0.00%,0.00%,0.00%,5.00%
2026-01-08,65.00%,5.00%,5.00%,0.00%,0.00%,0.00%,0.00%,0.00%,0.00%,0.00%,0.00%,1.00%,0.00%,0.00%,3.00%,0.00%,1.00%,10.00%,0.00%,0.00%,0.00%,0.00%,0.00%,0.00%,5.00%,0.00%,0.00%,0.00%,0.00%,0.00%,5.00%
2026-01-09,65.00%,5.00%,5.00%,0.00%,0.00%,0.00%,0.00%,0.00%,0.00%,0.00%,0.00%,1.00%,0.00%,0.00%,3.00%,0.00%,1.00%,10.00%,0.00%,0.00%,0.00%,0.00%,0.00%,0.00%,5.00%,0.00%,0.00%,0.00%,0.00%,0.00%,5.00%
2026-01-10,65.00%,5.00%,5.00%,0.00%,0.00%,0.00%,0.00%,0.00%,0.00%,0.00%,0.00%,1.00%,0.00%,0.00%,3.00%,0.00%,1.00%,10.00%,0.00%,0.00%,0.00%,0.00%,0.00%,0.00%,5.00%,0.00%,0.00%,0.00%,0.00%,0.00%,5.00%
2026-01-11,65.00%,5.00%,5.00%,0.00%,0.00%,0.00%,0.00%,0.00%,0.00%,0.00%,0.00%,1.00%,0.00%,0.00%,3.00%,0.00%,1.00%,10.00%,0.00%,0.00%,0.00%,0.00%,0.00%,0.00%,5.00%,0.00%,0.00%,0.00%,0.00%,0.00%,5.00%
2026-01-12,65.00%,5.00%,5.00%,0.00%,0.00%,0.00%,0.00%,0.00%,0.00%,0.00%,0.00%,1.00%,0.00%,0.00%,3.00%,0.00%,1.00%,10.00%,0.00%,0.00%,0.00%,0.00%,0.00%,0.00%,5.00%,0.00%,0.00%,0.00%,0.00%,0.00%,5.00%
2026-01-13,65.00%,5.00%,5.00%,0.00%,0.00%,0.00%,0.00%,0.00%,0.00%,0.00%,0.00%,1.00%,0.00%,0.00%,3.00%,0.00%,1.00%,10.00%,0.00%,0.00%,0.00%,0.00%,0.00%,0.00%,5.00%,0.00%,0.00%,0.00%,0.00%,0.00%,5.00%
2026-01-14,65.00%,5.00%,5.00%,0.00%,0.00%,0.00%,0.00%,0.00%,0.00%,0.00%,0.00%,1.00%,0.00%,0.00%,3.00%,0.00%,1.00%,10.00%,0.00%,0.00%,0.00%,0.00%,0.00%,0.00%,5.00%,0.00%,0.00%,0.00%,0.00%,0.00%,5.00%
2026-01-15,65.00%,5.00%,5.00%,0.00%,0.00%,0.00%,0.00%,0.00%,0.00%,0.00%,0.00%,1.00%,0.00%,0.00%,3.00%,0.00%,1.00%,10.00%,0.00%,0.00%,0.00%,0.00%,0.00%,0.00%,5.00%,0.00%,0.00%,0.00%,0.00%,0.00%,5.00%
2026-01-16,65.00%,5.00%,5.00%,0.00%,0.00%,0.00%,0.00%,0.00%,0.00%,0.00%,0.00%,1.00%,0.00%,0.00%,3.00%,0.00%,1.00%,10.00%,0.00%,0.00%,0.00%,0.00%,0.00%,0.00%,5.00%,0.00%,0.00%,0.00%,0.00%,0.00%,5.00%
2026-01-17,65.00%,5.00%,5.00%,0.00%,0.00%,0.00%,0.00%,0.00%,0.00%,0.00%,0.00%,1.00%,0.00%,0.00%,3.00%,0.00%,1.00%,10.00%,0.00%,0.00%,0.00%,0.00%,0.00%,0.00%,5.00%,0.00%,0.00%,0.00%,0.00%,0.00%,5.00%
2026-01-18,65.00%,5.00%,5.00%,0.00%,0.00%,0.00%,0.00%,0.00%,0.00%,0.00%,0.00%,1.00%,0.00%,0.00%,3.00%,0.00%,1.00%,10.00%,0.00%,0.00%,0.00%,0.00%,0.00%,0.00%,5.00%,0.00%,0.00%,0.00%,0.00%,0.00%,5.00%
2026-01-19,65.00%,5.00%,5.00%,0.00%,0.00%,0.00%,0.00%,0.00%,0.00%,0.00%,0.00%,1.00%,0.00%,0.00%,3.00%,0.00%,1.00%,10.00%,0.00%,0.00%,0.00%,0.00%,0.00%,0.00%,5.00%,0.00%,0.00%,0.00%,0.00%,0.00%,5.00%
2026-01-20,65.00%,5.00%,5.00%,0.00%,0.00%,0.00%,0.00%,0.00%,0.00%,0.00%,0.00%,1.00%,0.00%,0.00%,3.00%,0.00%,1.00%,10.00%,0.00%,0.00%,0.00%,0.00%,0.00%,0.00%,5.00%,0.00%,0.00%,0.00%,0.00%,0.00%,5.00%
2026-01-21,65.00%,5.00%,5.00%,0.00%,0.00%,0.00%,0.00%,0.00%,0.00%,0.00%,0.00%,1.00%,0.00%,0.00%,3.00%,0.00%,1.00%,10.00%,0.00%,0.00%,0.00%,0.00%,0.00%,0.00%,5.00%,0.00%,0.00%,0.00%,0.00%,0.00%,5.00%
2026-01-22,65.00%,5.00%,5.00%,0.00%,0.00%,0.00%,0.00%,0.00%,0.00%,0.00%,0.00%,1.00%,0.00%,0.00%,3.00%,0.00%,1.00%,10.00%,0.00%,0.00%,0.00%,0.00%,0.00%,0.00%,5.00%,0.00%,0.00%,0.00%,0.00%,0.00%,5.00%
2026-01-23,65.00%,5.00%,5.00%,0.00%,0.00%,0.00%,0.00%,0.00%,0.00%,0.00%,0.00%,1.00%,0.00%,0.00%,3.00%,0.00%,1.00%,10.00%,0.00%,0.00%,0.00%,0.00%,0.00%,0.00%,5.00%,0.00%,0.00%,0.00%,0.00%,0.00%,5.00%
2026-01-24,65.00%,5.00%,5.00%,0.00%,0.00%,0.00%,0.00%,0.00%,0.00%,0.00%,0.00%,1.00%,0.00%,0.00%,3.00%,0.00%,1.00%,10.00%,0.00%,0.00%,0.00%,0.00%,0.00%,0.00%,5.00%,0.00%,0.00%,0.00%,0.00%,0.00%,5.00%
2026-01-25,65.00%,5.00%,5.00%,0.00%,0.00%,0.00%,0.00%,0.00%,0.00%,0.00%,0.00%,1.00%,0.00%,0.00%,3.00%,0.00%,1.00%,10.00%,0.00%,0.00%,0.00%,0.00%,0.00%,0.00%,5.00%,0.00%,0.00%,0.00%,0.00%,0.00%,5.00%
2026-01-26,65.00%,5.00%,5.00%,0.00%,0.00%,0.00%,0.00%,0.00%,0.00%,0.00%,0.00%,1.00%,0.00%,0.00%,3.00%,0.00%,1.00%,10.00%,0.00%,0.00%,0.00%,0.00%,0.00%,0.00%,5.00%,0.00%,0.00%,0.00%,0.00%,0.00%,5.00%
2026-01-27,65.00%,5.00%,5.00%,0.00%,0.00%,0.00%,0.00%,0.00%,0.00%,0.00%,0.00%,1.00%,0.00%,0.00%,3.00%,0.00%,1.00%,10.00%,0.00%,0.00%,0.00%,0.00%,0.00%,0.00%,5.00%,0.00%,0.00%,0.00%,0.00%,0.00%,5.00%
2026-01-28,65.00%,5.00%,5.00%,0.00%,0.00%,0.00%,0.00%,0.00%,0.00%,0.00%,0.00%,1.00%,0.00%,0.00%,3.00%,0.00%,1.00%,10.00%,0.00%,0.00%,0.00%,0.00%,0.00%,0.00%,5.00%,0.00%,0.00%,0.00%,0.00%,0.00%,5.00%
2026-01-29,65.00%,5.00%,5.00%,0.00%,0.00%,0.00%,0.00%,0.00%,0.00%,0.00%,0.00%,1.00%,0.00%,0.00%,3.00%,0.00%,1.00%,10.00%,0.00%,0.00%,0.00%,0.00%,0.00%,0.00%,5.00%,0.00%,0.00%,0.00%,0.00%,0.00%,5.00%
2026-01-30,65.00%,5.00%,5.00%,0.00%,0.00%,0.00%,0.00%,0.00%,0.00%,0.00%,0.00%,1.00%,0.00%,0.00%,3.00%,0.00%,1.00%,10.00%,0.00%,0.00%,0.00%,0.00%,0.00%,0.00%,5.00%,0.00%,0.00%,0.00%,0.00%,0.00%,5.00%
2026-01-31,50.00%,0.00%,0.00%,0.00%,0.00%,0.00%,0.00%,0.00%,0.00%,0.00%,0.00%,1.00%,0.00%,0.00%,0.00%,0.00%,1.00%,43.00%,0.00%,0.00%,0.00%,0.00%,0.00%,0.00%,5.00%,0.00%,0.00%,0.00%,0.00%,0.00%,0.00%
2026-02-01,50.00%,0.00%,0.00%,0.00%,0.00%,0.00%,0.00%,0.00%,0.00%,0.00%,0.00%,1.00%,0.00%,0.00%,0.00%,0.00%,1.00%,43.00%,0.00%,0.00%,0.00%,0.00%,0.00%,0.00%,5.00%,0.00%,0.00%,0.00%,0.00%,0.00%,0.00%
2026-02-02,50.00%,0.00%,0.00%,0.00%,0.00%,0.00%,0.00%,0.00%,0.00%,0.00%,0.00%,1.00%,0.00%,0.00%,0.00%,0.00%,1.00%,43.00%,0.00%,0.00%,0.00%,0.00%,0.00%,0.00%,5.00%,0.00%,0.00%,0.00%,0.00%,0.00%,0.00%
2026-02-03,50.00%,0.00%,0.00%,0.00%,0.00%,0.00%,0.00%,0.00%,0.00%,0.00%,0.00%,1.00%,0.00%,0.00%,0.00%,0.00%,1.00%,43.00%,0.00%,0.00%,0.00%,0.00%,0.00%,0.00%,5.00%,0.00%,0.00%,0.00%,0.00%,0.00%,0.00%
2026-02-04,30.00%,0.00%,0.00%,0.00%,0.00%,0.00%,0.00%,0.00%,0.00%,0.00%,0.00%,1.00%,0.00%,0.00%,0.00%,0.00%,1.00%,43.00%,0.00%,0.00%,0.00%,0.00%,0.00%,0.00%,10.00%,0.00%,0.00%,0.00%,0.00%,15.00%,0.00%
2026-02-05,30.00%,0.00%,0.00%,0.00%,0.00%,0.00%,0.00%,0.00%,0.00%,0.00%,0.00%,1.00%,0.00%,0.00%,0.00%,0.00%,1.00%,43.00%,0.00%,0.00%,0.00%,0.00%,0.00%,0.00%,10.00%,0.00%,0.00%,0.00%,0.00%,15.00%,0.00%
2026-02-06,30.00%,0.00%,0.00%,0.00%,0.00%,0.00%,0.00%,0.00%,0.00%,0.00%,0.00%,1.00%,0.00%,0.00%,0.00%,0.00%,1.00%,43.00%,0.00%,0.00%,0.00%,0.00%,0.00%,0.00%,10.00%,0.00%,0.00%,0.00%,0.00%,15.00%,0.00%
2026-02-07,30.00%,0.00%,0.00%,0.00%,0.00%,0.00%,0.00%,0.00%,0.00%,0.00%,0.00%,1.00%,0.00%,0.00%,0.00%,0.00%,1.00%,43.00%,0.00%,0.00%,0.00%,0.00%,0.00%,0.00%,10.00%,0.00%,0.00%,0.00%,0.00%,15.00%,0.00%
2026-02-08,30.00%,0.00%,0.00%,0.00%,0.00%,0.00%,0.00%,0.00%,0.00%,0.00%,0.00%,1.00%,0.00%,0.00%,0.00%,0.00%,1.00%,43.00%,0.00%,0.00%,0.00%,0.00%,0.00%,0.00%,10.00%,0.00%,0.00%,0.00%,0.00%,15.00%,0.00%
2026-02-09,30.00%,0.00%,0.00%,0.00%,0.00%,0.00%,0.00%,0.00%,0.00%,0.00%,0.00%,1.00%,0.00%,0.00%,0.00%,0.00%,1.00%,43.00%,0.00%,0.00%,0.00%,0.00%,0.00%,0.00%,10.00%,0.00%,0.00%,0.00%,0.00%,15.00%,0.00%
2026-02-10,30.00%,0.00%,0.00%,0.00%,0.00%,0.00%,0.00%,0.00%,0.00%,0.00%,0.00%,1.00%,0.00%,0.00%,0.00%,0.00%,1.00%,43.00%,0.00%,0.00%,0.00%,0.00%,0.00%,0.00%,10.00%,0.00%,0.00%,0.00%,0.00%,15.00%,0.00%
2026-02-11,30.00%,0.00%,0.00%,0.00%,0.00%,0.00%,0.00%,0.00%,0.00%,0.00%,0.00%,1.00%,0.00%,0.00%,0.00%,0.00%,1.00%,43.00%,0.00%,0.00%,0.00%,0.00%,0.00%,0.00%,10.00%,0.00%,0.00%,0.00%,0.00%,15.00%,0.00%
2026-02-12,30.00%,0.00%,0.00%,0.00%,0.00%,0.00%,0.00%,0.00%,0.00%,0.00%,0.00%,1.00%,0.00%,0.00%,0.00%,0.00%,1.00%,43.00%,0.00%,0.00%,0.00%,0.00%,0.00%,0.00%,10.00%,0.00%,0.00%,0.00%,0.00%,15.00%,0.00%
2026-02-13,30.00%,0.00%,0.00%,0.00%,0.00%,0.00%,0.00%,0.00%,0.00%,0.00%,0.00%,1.00%,0.00%,0.00%,0.00%,0.00%,1.00%,43.00%,0.00%,0.00%,0.00%,0.00%,0.00%,0.00%,10.00%,0.00%,0.00%,0.00%,0.00%,15.00%,0.00%
2026-02-14,30.00%,0.00%,0.00%,0.00%,0.00%,0.00%,0.00%,0.00%,0.00%,0.00%,0.00%,1.00%,0.00%,0.00%,0.00%,0.00%,1.00%,43.00%,0.00%,0.00%,0.00%,0.00%,0.00%,0.00%,10.00%,0.00%,0.00%,0.00%,0.00%,15.00%,0.00%
2026-02-15,30.00%,0.00%,0.00%,0.00%,0.00%,0.00%,0.00%,0.00%,0.00%,0.00%,0.00%,1.00%,0.00%,0.00%,0.00%,0.00%,1.00%,43.00%,0.00%,0.00%,0.00%,0.00%,0.00%,0.00%,10.00%,0.00%,0.00%,0.00%,0.00%,15.00%,0.00%
2026-02-16,30.00%,0.00%,0.00%,0.00%,0.00%,0.00%,0.00%,0.00%,0.00%,0.00%,0.00%,1.00%,0.00%,0.00%,0.00%,0.00%,1.00%,43.00%,0.00%,0.00%,0.00%,0.00%,0.00%,0.00%,10.00%,0.00%,0.00%,0.00%,0.00%,15.00%,0.00%
2026-02-17,30.00%,0.00%,0.00%,0.00%,0.00%,0.00%,0.00%,0.00%,0.00%,0.00%,0.00%,1.00%,0.00%,0.00%,0.00%,0.00%,1.00%,43.00%,0.00%,0.00%,0.00%,0.00%,0.00%,0.00%,10.00%,0.00%,0.00%,0.00%,0.00%,15.00%,0.00%
2026-02-18,30.00%,0.00%,0.00%,0.00%,0.00%,0.00%,0.00%,0.00%,0.00%,0.00%,0.00%,1.00%,0.00%,0.00%,0.00%,0.00%,1.00%,43.00%,0.00%,0.00%,0.00%,0.00%,0.00%,0.00%,10.00%,0.00%,0.00%,0.00%,0.00%,15.00%,0.00%
2026-02-19,30.00%,0.00%,0.00%,0.00%,0.00%,0.00%,0.00%,0.00%,0.00%,0.00%,0.00%,1.00%,0.00%,0.00%,0.00%,0.00%,1.00%,43.00%,0.00%,0.00%,0.00%,0.00%,0.00%,0.00%,10.00%,0.00%,0.00%,0.00%,0.00%,15.00%,0.00%
